# vtk DataFile Version 3.0
Cavity flow at t=90
ASCII
DATASET STRUCTURED_POINTS
DIMENSIONS 129 129 1
ORIGIN 0 0 0
SPACING 0.00775194 0.00775194 1
POINT_DATA 16641
VECTORS velocity double
-3.91845e-05 8.09798e-06 0.0
-8.11295e-05 2.76072e-06 0.0
-4.40262e-05 -3.98637e-05 0.0
8.70025e-05 -9.11647e-05 0.0
0.000314237 -0.000136069 0.0
0.000617106 -0.000166799 0.0
0.000963963 -0.000180058 0.0
0.00132014 -0.000176119 0.0
0.00165419 -0.000157932 0.0
0.0019421 -0.000129982 0.0
0.00216924 -9.71549e-05 0.0
0.00233028 -6.38836e-05 0.0
0.00242782 -3.36543e-05 0.0
0.00247029 -8.82043e-06 0.0
0.00246963 9.48851e-06 0.0
0.00243849 2.16508e-05 0.0
0.00238972 2.71196e-05 0.0
0.00233597 2.66278e-05 0.0
0.00228831 2.10341e-05 0.0
0.00225605 1.12302e-05 0.0
0.00224657 -1.75148e-06 0.0
0.00226452 -1.61991e-05 0.0
0.0023115 -3.07772e-05 0.0
0.00238627 -4.39965e-05 0.0
0.00248477 -5.45028e-05 0.0
0.00260058 -6.13092e-05 0.0
0.00272587 -6.39766e-05 0.0
0.00285246 -6.26108e-05 0.0
0.00297291 -5.78433e-05 0.0
0.00308136 -5.06072e-05 0.0
0.00317349 -4.15184e-05 0.0
0.00324643 -3.142e-05 0.0
0.00329778 -1.99348e-05 0.0
0.0033254 -7.68337e-06 0.0
0.0033283 4.7867e-06 0.0
0.00330159 2.19212e-05 0.0
0.00323935 4.03246e-05 0.0
0.00314149 5.75353e-05 0.0
0.00300154 8.2408e-05 0.0
0.00280966 0.000109478 0.0
0.00256496 0.000135218 0.0
0.00226638 0.000163367 0.0
0.00190827 0.000194743 0.0
0.00148674 0.000226782 0.0
0.000999919 0.000260041 0.0
0.000445385 0.000294493 0.0
-0.000178716 0.000329607 0.0
-0.000872896 0.000364572 0.0
-0.00163705 0.000399584 0.0
-0.00247088 0.000434249 0.0
-0.0033733 0.000468163 0.0
-0.00434243 0.00050097 0.0
-0.00537574 0.000532341 0.0
-0.00647006 0.000561982 0.0
-0.00762167 0.000589621 0.0
-0.00882631 0.000615019 0.0
-0.0100793 0.000637968 0.0
-0.0113755 0.000658289 0.0
-0.0127097 0.000675834 0.0
-0.014076 0.000690483 0.0
-0.0154686 0.000702139 0.0
-0.0168815 0.000710729 0.0
-0.0183084 0.000716193 0.0
-0.0197431 0.000718484 0.0
-0.0211791 0.00071756 0.0
-0.0226101 0.000713377 0.0
-0.0240293 0.000705882 0.0
-0.0254302 0.000695004 0.0
-0.0268059 0.000680648 0.0
-0.0281492 0.000662682 0.0
-0.0294528 0.000640935 0.0
-0.0307089 0.000615182 0.0
-0.0319092 0.000585145 0.0
-0.0330449 0.000550491 0.0
-0.0341062 0.000510832 0.0
-0.0350828 0.000465737 0.0
-0.0359632 0.000414723 0.0
-0.0367352 0.000357224 0.0
-0.037385 0.000292645 0.0
-0.0379001 0.000222391 0.0
-0.0382669 0.000144389 0.0
-0.0384834 7.21563e-05 0.0
-0.0385564 8.55274e-07 0.0
-0.0384752 -8.20463e-05 0.0
-0.0382087 -0.000184491 0.0
-0.0377237 -0.00030052 0.0
-0.0369962 -0.000426986 0.0
-0.0360069 -0.00056224 0.0
-0.0347397 -0.00070501 0.0
-0.0331808 -0.000853918 0.0
-0.0313196 -0.00100728 0.0
-0.0291493 -0.00116303 0.0
-0.0266676 -0.00131866 0.0
-0.0238776 -0.00147129 0.0
-0.0207886 -0.00161768 0.0
-0.0174165 -0.00175443 0.0
-0.013784 -0.00187807 0.0
-0.00992117 -0.00198478 0.0
-0.00586847 -0.00206793 0.0
-0.00169337 -0.00210717 0.0
0.00244573 -0.00203193 0.0
0.00638483 -0.00190717 0.0
0.0100436 -0.00175155 0.0
0.0133315 -0.00153634 0.0
0.0161397 -0.00127193 0.0
0.0183729 -0.000961255 0.0
0.0199506 -0.000616409 0.0
0.0208317 -0.000264762 0.0
0.0210393 5.71643e-05 0.0
0.0206267 0.000355498 0.0
0.0196517 0.000619429 0.0
0.0182115 0.000820861 0.0
0.0164367 0.000953926 0.0
0.0144616 0.00102111 0.0
0.0124109 0.00102959 0.0
0.0103913 0.000990008 0.0
0.00848632 0.000915009 0.0
0.00675388 0.00081743 0.0
0.00522767 0.000708781 0.0
0.00392051 0.000598379 0.0
0.00282899 0.000493142 0.0
0.0019381 0.000397748 0.0
0.00122573 0.000314626 0.0
0.000667767 0.000243336 0.0
0.000245185 0.000179247 0.0
-4.68804e-05 0.000112819 0.0
-0.000193622 3.39233e-05 0.0
-0.00017809 -4.94546e-05 0.0
-6.43175e-05 -6.43174e-05 0.0
-2.21301e-05 3.83262e-05 0.0
2.89549e-05 -6.76934e-05 0.0
0.000326269 -0.000303827 0.0
0.000934455 -0.000566416 0.0
0.00183916 -0.000792755 0.0
0.00297282 -0.000946641 0.0
0.00423839 -0.00101265 0.0
0.0055312 -0.000992514 0.0
0.00675605 -0.000900429 0.0
0.00783821 -0.00075756 0.0
0.00872858 -0.000587082 0.0
0.00940408 -0.0004105 0.0
0.00986493 -0.000245426 0.0
0.01013 -0.000104588 0.0
0.0102314 4.528e-06 0.0
0.0102087 8.04257e-05 0.0
0.0101034 0.000122441 0.0
0.00995557 0.00013288 0.0
0.00980265 0.000115368 0.0
0.0096772 7.46106e-05 0.0
0.00960506 1.64821e-05 0.0
0.00960385 -5.11737e-05 0.0
0.00968003 -0.000118959 0.0
0.00982813 -0.000178687 0.0
0.0100328 -0.000222976 0.0
0.0102705 -0.000246345 0.0
0.0105123 -0.000246066 0.0
0.0107273 -0.000222094 0.0
0.0108854 -0.000176907 0.0
0.0109601 -0.000114671 0.0
0.0109289 -3.83764e-05 0.0
0.0107732 4.8231e-05 0.0
0.0104746 0.000147629 0.0
0.0100151 0.000256641 0.0
0.00938227 0.000370377 0.0
0.00855616 0.000509155 0.0
0.00751316 0.000658331 0.0
0.00624574 0.00080481 0.0
0.00473872 0.000982099 0.0
0.00296981 0.00117059 0.0
0.000925943 0.00136267 0.0
-0.00139702 0.00155747 0.0
-0.00399384 0.00175557 0.0
-0.00686328 0.00195692 0.0
-0.0100066 0.00216003 0.0
-0.0134199 0.00236233 0.0
-0.0170948 0.0025608 0.0
-0.0210196 0.00275239 0.0
-0.0251793 0.00293559 0.0
-0.0295556 0.00310832 0.0
-0.0341277 0.00326867 0.0
-0.0388731 0.00341496 0.0
-0.0437672 0.00354582 0.0
-0.0487846 0.00366013 0.0
-0.0538985 0.00375704 0.0
-0.0590822 0.00383591 0.0
-0.0643085 0.00389636 0.0
-0.0695505 0.00393818 0.0
-0.0747818 0.00396134 0.0
-0.0799764 0.00396592 0.0
-0.0851092 0.00395212 0.0
-0.0901558 0.00392022 0.0
-0.0950927 0.00387052 0.0
-0.0998972 0.00380332 0.0
-0.104547 0.00371891 0.0
-0.109022 0.00361754 0.0
-0.1133 0.00349937 0.0
-0.117362 0.00336447 0.0
-0.121188 0.00321278 0.0
-0.124759 0.00304412 0.0
-0.128054 0.00285816 0.0
-0.131054 0.00265442 0.0
-0.13374 0.00243231 0.0
-0.136092 0.00219117 0.0
-0.138091 0.00193031 0.0
-0.139717 0.0016492 0.0
-0.140953 0.0013475 0.0
-0.141782 0.00102513 0.0
-0.142189 0.000681436 0.0
-0.142167 0.000327178 0.0
-0.141703 -5.76124e-05 0.0
-0.140727 -0.000485368 0.0
-0.139153 -0.00094275 0.0
-0.13694 -0.00143319 0.0
-0.134078 -0.00196145 0.0
-0.130566 -0.00252089 0.0
-0.126394 -0.00310605 0.0
-0.121554 -0.00371236 0.0
-0.116041 -0.00433516 0.0
-0.109854 -0.00496912 0.0
-0.103 -0.00560792 0.0
-0.0954883 -0.00624408 0.0
-0.0873387 -0.00686894 0.0
-0.078577 -0.00747266 0.0
-0.0692379 -0.00804443 0.0
-0.0593649 -0.00857277 0.0
-0.0490113 -0.00904582 0.0
-0.0382402 -0.00945096 0.0
-0.0271237 -0.00977097 0.0
-0.0157353 -0.00996765 0.0
-0.00412263 -0.0099232 0.0
0.00741511 -0.00949275 0.0
0.0184246 -0.00883417 0.0
0.0286649 -0.00798195 0.0
0.0379829 -0.00695263 0.0
0.0461978 -0.0057286 0.0
0.0530945 -0.00432348 0.0
0.0584556 -0.00279996 0.0
0.0620775 -0.00123712 0.0
0.0638541 0.000285916 0.0
0.0638504 0.00166757 0.0
0.0622297 0.00283372 0.0
0.0591989 0.00374662 0.0
0.0550103 0.00439206 0.0
0.0499471 0.00477258 0.0
0.0443069 0.00490677 0.0
0.0383835 0.00482667 0.0
0.0324482 0.00457352 0.0
0.0267341 0.00419301 0.0
0.0214244 0.00373104 0.0
0.0166462 0.00323024 0.0
0.0124707 0.00272695 0.0
0.00892087 0.00224768 0.0
0.00598474 0.00180437 0.0
0.00363692 0.00138862 0.0
0.00186207 0.000970354 0.0
0.000669043 0.00051616 0.0
6.65967e-05 5.52243e-05 0.0
-4.37683e-05 -0.000172403 0.0
1.99802e-05 4.04763e-05 0.0
0.000233243 -0.000334191 0.0
0.000838363 -0.000939763 0.0
0.00187899 -0.00157929 0.0
0.00331431 -0.00211991 0.0
0.00504256 -0.00248139 0.0
0.00693016 -0.00263107 0.0
0.00883885 -0.00257559 0.0
0.0106456 -0.00234893 0.0
0.0122542 -0.00199984 0.0
0.0136003 -0.00158123 0.0
0.014651 -0.0011426 0.0
0.0154022 -0.000725376 0.0
0.0158732 -0.000360688 0.0
0.0161011 -6.86367e-05 0.0
0.0161354 0.000141877 0.0
0.0160308 0.000270929 0.0
0.0158408 0.000322276 0.0
0.0156159 0.000303742 0.0
0.0154006 0.000227038 0.0
0.0152291 0.000107657 0.0
0.0151233 -3.53073e-05 0.0
0.0150907 -0.000178422 0.0
0.0151224 -0.000299054 0.0
0.0151933 -0.000378091 0.0
0.0152654 -0.000401086 0.0
0.0152926 -0.000360335 0.0
0.0152243 -0.00025454 0.0
0.0150098 -8.80216e-05 0.0
0.0146009 0.000130637 0.0
0.013952 0.000396393 0.0
0.0130267 0.000694556 0.0
0.0117923 0.00103426 0.0
0.0102131 0.00140871 0.0
0.00827116 0.00179306 0.0
0.0059419 0.00224185 0.0
0.00318674 0.00272379 0.0
-2.24223e-05 0.00321594 0.0
-0.00367229 0.00372786 0.0
-0.00773977 0.00426123 0.0
-0.0122292 0.00480536 0.0
-0.0171391 0.00534757 0.0
-0.02246 0.00588316 0.0
-0.0281732 0.00641198 0.0
-0.0342525 0.00692763 0.0
-0.0406674 0.00742289 0.0
-0.0473832 0.00789103 0.0
-0.0543624 0.00832618 0.0
-0.0615647 0.00872375 0.0
-0.0689481 0.00907973 0.0
-0.0764694 0.00939079 0.0
-0.0840856 0.00965439 0.0
-0.0917538 0.00986876 0.0
-0.0994321 0.0100328 0.0
-0.10708 0.0101461 0.0
-0.114658 0.0102087 0.0
-0.122129 0.0102213 0.0
-0.129459 0.0101847 0.0
-0.136613 0.0101004 0.0
-0.143561 0.0099696 0.0
-0.150274 0.00979404 0.0
-0.156725 0.00957531 0.0
-0.162887 0.009315 0.0
-0.168739 0.00901463 0.0
-0.174256 0.00867557 0.0
-0.17942 0.00829897 0.0
-0.184209 0.0078858 0.0
-0.188606 0.00743672 0.0
-0.192592 0.00695214 0.0
-0.196149 0.00643218 0.0
-0.19926 0.00587666 0.0
-0.201909 0.00528519 0.0
-0.204079 0.00465717 0.0
-0.205752 0.00399201 0.0
-0.206913 0.00328923 0.0
-0.207545 0.00254886 0.0
-0.207634 0.00177177 0.0
-0.207165 0.000960607 0.0
-0.206122 0.000109836 0.0
-0.20444 -0.000804613 0.0
-0.202047 -0.00178232 0.0
-0.198949 -0.00283482 0.0
-0.195173 -0.00394394 0.0
-0.190721 -0.00509749 0.0
-0.18559 -0.0062896 0.0
-0.179777 -0.00751742 0.0
-0.173283 -0.00877557 0.0
-0.166109 -0.0100571 0.0
-0.158258 -0.0113539 0.0
-0.149739 -0.0126559 0.0
-0.140563 -0.0139518 0.0
-0.130747 -0.015228 0.0
-0.120312 -0.0164692 0.0
-0.109288 -0.0176581 0.0
-0.0977111 -0.0187754 0.0
-0.0856256 -0.0198004 0.0
-0.0730863 -0.020711 0.0
-0.0601596 -0.0214835 0.0
-0.0469246 -0.0220899 0.0
-0.0334729 -0.0224889 0.0
-0.0198945 -0.0225929 0.0
-0.0061514 -0.0221039 0.0
0.00759933 -0.0209832 0.0
0.0208316 -0.0193055 0.0
0.0332069 -0.0173224 0.0
0.044591 -0.0149578 0.0
0.0547809 -0.0121809 0.0
0.0635503 -0.00907302 0.0
0.0706648 -0.0057004 0.0
0.0758578 -0.00222037 0.0
0.0788715 0.00116385 0.0
0.0796321 0.00419758 0.0
0.0783102 0.00673536 0.0
0.0751736 0.00872854 0.0
0.0705224 0.0101506 0.0
0.0646849 0.0110064 0.0
0.0580032 0.0113321 0.0
0.0508171 0.0111895 0.0
0.0434483 0.0106599 0.0
0.036186 0.00983611 0.0
0.0292749 0.0088145 0.0
0.0229062 0.00768684 0.0
0.0172136 0.00653027 0.0
0.0122769 0.0053946 0.0
0.00813504 0.00428809 0.0
0.00480909 0.00317169 0.0
0.00232878 0.00198816 0.0
0.000744252 0.000770198 0.0
9.1706e-05 -0.000124465 0.0
5.6763e-05 -3.62665e-05 0.0
0.000428572 -0.000842518 0.0
0.0013327 -0.00194068 0.0
0.00276186 -0.00304816 0.0
0.00463493 -0.00395943 0.0
0.00681559 -0.00455078 0.0
0.00914356 -0.00477725 0.0
0.0114627 -0.00465725 0.0
0.0136398 -0.00425105 0.0
0.0155736 -0.00364017 0.0
0.0171978 -0.00291113 0.0
0.0184788 -0.00214443 0.0
0.019412 -0.00140799 0.0
0.0200168 -0.000753838 0.0
0.0203306 -0.00021714 0.0
0.0204033 0.000183298 0.0
0.0202916 0.000445752 0.0
0.0200538 0.000575334 0.0
0.0197446 0.000584725 0.0
0.0194114 0.000494649 0.0
0.0190892 0.000333668 0.0
0.0187968 0.000136944 0.0
0.0185343 -5.56343e-05 0.0
0.0182837 -0.000202957 0.0
0.0180073 -0.000268611 0.0
0.01765 -0.000225358 0.0
0.0171439 -5.71691e-05 0.0
0.0164153 0.000239111 0.0
0.0153907 0.000657524 0.0
0.0140066 0.00117803 0.0
0.0122016 0.00180288 0.0
0.00992892 0.00248611 0.0
0.00715406 0.00325194 0.0
0.00382378 0.0041005 0.0
-0.000106413 0.0049734 0.0
-0.00460764 0.00589199 0.0
-0.00963812 0.0068593 0.0
-0.0151976 0.00784909 0.0
-0.0212843 0.00883125 0.0
-0.0278805 0.00982154 0.0
-0.0349518 0.0108058 0.0
-0.0424616 0.0117668 0.0
-0.0503691 0.0126924 0.0
-0.0586269 0.0135738 0.0
-0.0671826 0.0144008 0.0
-0.0759814 0.0151634 0.0
-0.0849682 0.015853 0.0
-0.0940873 0.0164625 0.0
-0.103284 0.0169867 0.0
-0.112506 0.0174215 0.0
-0.1217 0.0177647 0.0
-0.130819 0.0180151 0.0
-0.139815 0.0181725 0.0
-0.148645 0.018238 0.0
-0.15727 0.0182135 0.0
-0.165652 0.0181016 0.0
-0.173758 0.0179053 0.0
-0.181556 0.0176281 0.0
-0.189018 0.0172738 0.0
-0.19612 0.0168462 0.0
-0.202839 0.0163491 0.0
-0.209155 0.0157862 0.0
-0.215049 0.015161 0.0
-0.220506 0.0144767 0.0
-0.22551 0.013736 0.0
-0.23005 0.0129414 0.0
-0.234112 0.0120949 0.0
-0.237686 0.0111979 0.0
-0.24076 0.0102514 0.0
-0.243326 0.00925593 0.0
-0.245373 0.0082116 0.0
-0.246892 0.00711809 0.0
-0.247873 0.00597482 0.0
-0.248306 0.00478111 0.0
-0.248182 0.00353648 0.0
-0.247489 0.00224104 0.0
-0.246217 0.000895911 0.0
-0.244339 -0.000510708 0.0
-0.241809 -0.00199235 0.0
-0.23863 -0.00356316 0.0
-0.234841 -0.0052048 0.0
-0.230452 -0.00689941 0.0
-0.225462 -0.00864625 0.0
-0.219868 -0.0104404 0.0
-0.213669 -0.0122769 0.0
-0.206861 -0.0141506 0.0
-0.199443 -0.0160547 0.0
-0.191415 -0.0179804 0.0
-0.182779 -0.0199166 0.0
-0.173541 -0.0218503 0.0
-0.163709 -0.0237656 0.0
-0.153295 -0.0256441 0.0
-0.142319 -0.0274645 0.0
-0.130803 -0.0292027 0.0
-0.118779 -0.0308315 0.0
-0.106288 -0.0323209 0.0
-0.0933802 -0.0336376 0.0
-0.080119 -0.0347449 0.0
-0.0665822 -0.0356003 0.0
-0.0528631 -0.0361493 0.0
-0.0390639 -0.03631 0.0
-0.0252594 -0.0359345 0.0
-0.011396 -0.0347667 0.0
0.00261088 -0.0327612 0.0
0.0162851 -0.0299162 0.0
0.0291337 -0.0265968 0.0
0.0410232 -0.0226214 0.0
0.0517571 -0.0181358 0.0
0.0611419 -0.0131368 0.0
0.0689378 -0.00777284 0.0
0.074888 -0.00224757 0.0
0.0786356 0.00310085 0.0
0.0800136 0.00777591 0.0
0.0791991 0.011639 0.0
0.0764664 0.014624 0.0
0.0721255 0.0167115 0.0
0.0665065 0.0179278 0.0
0.0599464 0.01834 0.0
0.0527772 0.0180475 0.0
0.0453147 0.0171734 0.0
0.0378482 0.0158548 0.0
0.0306313 0.0142322 0.0
0.0238739 0.0124349 0.0
0.0177382 0.0105624 0.0
0.0123407 0.00865968 0.0
0.00776779 0.00669898 0.0
0.00410985 0.00459911 0.0
0.0015156 0.00233803 0.0
0.000254305 0.000221546 0.0
8.51489e-05 -0.000178178 0.0
0.000596551 -0.00158382 0.0
0.00177568 -0.00328263 0.0
0.00355736 -0.00491705 0.0
0.00580946 -0.00621569 0.0
0.00835574 -0.00702144 0.0
0.01101 -0.00728887 0.0
0.0136039 -0.00705859 0.0
0.0160016 -0.00642454 0.0
0.0181062 -0.00550505 0.0
0.0198575 -0.00442174 0.0
0.0212287 -0.00328601 0.0
0.0222204 -0.00219134 0.0
0.0228548 -0.00120968 0.0
0.02317 -0.00039028 0.0
0.0232138 0.000239929 0.0
0.0230397 0.000674862 0.0
0.0227033 0.000920448 0.0
0.0222571 0.000995006 0.0
0.0217444 0.000930294 0.0
0.0211935 0.000771055 0.0
0.0206128 0.000572712 0.0
0.019987 0.000396844 0.0
0.0192763 0.000305889 0.0
0.0184184 0.000356804 0.0
0.0173334 0.000591681 0.0
0.0159301 0.00103511 0.0
0.0141177 0.00168781 0.0
0.011805 0.00254612 0.0
0.00892659 0.00355196 0.0
0.00541543 0.00474513 0.0
0.00119821 0.00603377 0.0
-0.00371307 0.00739043 0.0
-0.00925684 0.00883606 0.0
-0.0154089 0.0103201 0.0
-0.0221685 0.0118061 0.0
-0.0295108 0.013318 0.0
-0.0373909 0.01483 0.0
-0.0457672 0.0163133 0.0
-0.0545906 0.0177591 0.0
-0.0638014 0.0191503 0.0
-0.0733373 0.020468 0.0
-0.0831351 0.0216964 0.0
-0.0931301 0.0228226 0.0
-0.103258 0.0238352 0.0
-0.113454 0.0247245 0.0
-0.123659 0.0254832 0.0
-0.133813 0.0261059 0.0
-0.143862 0.0265896 0.0
-0.153755 0.0269332 0.0
-0.163445 0.0271373 0.0
-0.172888 0.0272041 0.0
-0.182046 0.0271371 0.0
-0.190882 0.0269407 0.0
-0.199367 0.0266206 0.0
-0.207473 0.0261825 0.0
-0.215176 0.0256329 0.0
-0.222456 0.0249785 0.0
-0.229297 0.0242259 0.0
-0.235682 0.0233816 0.0
-0.241601 0.0224519 0.0
-0.247045 0.0214425 0.0
-0.252005 0.0203588 0.0
-0.256475 0.0192057 0.0
-0.26045 0.0179873 0.0
-0.263928 0.016707 0.0
-0.266904 0.0153678 0.0
-0.269377 0.0139717 0.0
-0.271345 0.01252 0.0
-0.272805 0.0110136 0.0
-0.273757 0.00945258 0.0
-0.274197 0.00783636 0.0
-0.274124 0.00616407 0.0
-0.273533 0.00443454 0.0
-0.272421 0.00264664 0.0
-0.270783 0.000800007 0.0
-0.268602 -0.00111612 0.0
-0.265864 -0.00311491 0.0
-0.262587 -0.00519505 0.0
-0.258791 -0.00733526 0.0
-0.254476 -0.00953625 0.0
-0.24964 -0.0117939 0.0
-0.244275 -0.0141068 0.0
-0.238377 -0.0164716 0.0
-0.231938 -0.0188834 0.0
-0.224954 -0.0213364 0.0
-0.217419 -0.0238222 0.0
-0.20933 -0.0263304 0.0
-0.200684 -0.0288477 0.0
-0.191483 -0.031358 0.0
-0.181732 -0.0338417 0.0
-0.171437 -0.0362759 0.0
-0.160613 -0.0386336 0.0
-0.149279 -0.040884 0.0
-0.13746 -0.042992 0.0
-0.125194 -0.044918 0.0
-0.112525 -0.0466175 0.0
-0.0995105 -0.0480406 0.0
-0.0862222 -0.0491298 0.0
-0.0727443 -0.0498168 0.0
-0.0591702 -0.0500159 0.0
-0.0455871 -0.0496162 0.0
-0.0320516 -0.0484839 0.0
-0.0185926 -0.0465098 0.0
-0.005063 -0.0433713 0.0
0.0083619 -0.0394152 0.0
0.0211083 -0.0344389 0.0
0.0329108 -0.0288547 0.0
0.0436178 -0.0225097 0.0
0.0530166 -0.0155947 0.0
0.060912 -0.00827127 0.0
0.067078 -0.000789017 0.0
0.0710884 0.00627735 0.0
0.0727498 0.0122907 0.0
0.0723062 0.0171487 0.0
0.0700298 0.020804 0.0
0.0662155 0.0232686 0.0
0.0611681 0.0246066 0.0
0.0551933 0.0249248 0.0
0.0485897 0.0243621 0.0
0.0416425 0.0230797 0.0
0.0346167 0.02125 0.0
0.0277495 0.0190416 0.0
0.0212443 0.0165966 0.0
0.0152694 0.0139979 0.0
0.00996965 0.0112334 0.0
0.00550648 0.00818579 0.0
0.00214406 0.00470803 0.0
0.000390525 0.000866376 0.0
0.000108816 -0.000372142 0.0
0.000747027 -0.00253947 0.0
0.00218361 -0.0049427 0.0
0.00429347 -0.00714853 0.0
0.00688563 -0.00882847 0.0
0.00973839 -0.00980769 0.0
0.0126386 -0.0100571 0.0
0.0154074 -0.00965305 0.0
0.0179114 -0.00873187 0.0
0.0200623 -0.00745314 0.0
0.021812 -0.00597466 0.0
0.0231453 -0.0044376 0.0
0.0240725 -0.00295855 0.0
0.0246218 -0.00162623 0.0
0.0248334 -0.000500537 0.0
0.0247524 0.000387352 0.0
0.0244268 0.00102713 0.0
0.0239063 0.00142507 0.0
0.0232359 0.00160704 0.0
0.0224476 0.00161922 0.0
0.0215537 0.00152691 0.0
0.0205409 0.00141035 0.0
0.0193671 0.00135884 0.0
0.0179616 0.00146005 0.0
0.0162298 0.00179234 0.0
0.014063 0.00240803 0.0
0.0113463 0.00333875 0.0
0.00798395 0.00455891 0.0
0.00387312 0.00609849 0.0
-0.00105526 0.00780642 0.0
-0.00673406 0.00968064 0.0
-0.0130862 0.0116676 0.0
-0.0201053 0.0136869 0.0
-0.0277685 0.0157467 0.0
-0.0360283 0.0178213 0.0
-0.0448388 0.019875 0.0
-0.0541458 0.0218984 0.0
-0.0638823 0.0238663 0.0
-0.0739806 0.0257516 0.0
-0.0843709 0.0275345 0.0
-0.0949807 0.0291955 0.0
-0.105738 0.0307163 0.0
-0.116574 0.0320814 0.0
-0.12742 0.0332788 0.0
-0.138213 0.0342993 0.0
-0.148892 0.0351363 0.0
-0.159402 0.0357861 0.0
-0.169693 0.0362474 0.0
-0.179717 0.0365214 0.0
-0.189434 0.0366113 0.0
-0.198807 0.0365223 0.0
-0.207806 0.0362608 0.0
-0.216403 0.0358347 0.0
-0.224575 0.0352526 0.0
-0.232306 0.034524 0.0
-0.239579 0.0336584 0.0
-0.246385 0.0326657 0.0
-0.252715 0.0315556 0.0
-0.258563 0.0303374 0.0
-0.263927 0.0290201 0.0
-0.268807 0.027612 0.0
-0.273202 0.0261208 0.0
-0.277115 0.0245531 0.0
-0.280548 0.0229149 0.0
-0.283506 0.0212113 0.0
-0.285992 0.0194465 0.0
-0.28801 0.0176234 0.0
-0.289566 0.0157445 0.0
-0.290662 0.013811 0.0
-0.291302 0.0118234 0.0
-0.291489 0.00978125 0.0
-0.291224 0.00768346 0.0
-0.290509 0.00552818 0.0
-0.289342 0.00331304 0.0
-0.287721 0.00103532 0.0
-0.285638 -0.00131052 0.0
-0.283087 -0.00373731 0.0
-0.280081 -0.00623791 0.0
-0.276627 -0.00880274 0.0
-0.27272 -0.0114304 0.0
-0.268353 -0.0141225 0.0
-0.26352 -0.0168784 0.0
-0.25821 -0.0196967 0.0
-0.252415 -0.0225745 0.0
-0.246127 -0.025507 0.0
-0.239337 -0.0284874 0.0
-0.232037 -0.0315065 0.0
-0.22422 -0.0345522 0.0
-0.215882 -0.0376093 0.0
-0.207021 -0.0406586 0.0
-0.197636 -0.0436772 0.0
-0.187733 -0.0466378 0.0
-0.177321 -0.0495081 0.0
-0.166414 -0.0522509 0.0
-0.155034 -0.0548233 0.0
-0.14321 -0.0571766 0.0
-0.130983 -0.0592557 0.0
-0.118401 -0.0609984 0.0
-0.105527 -0.0623345 0.0
-0.0924329 -0.0631838 0.0
-0.0792007 -0.0634552 0.0
-0.0659146 -0.0630462 0.0
-0.0526548 -0.0618492 0.0
-0.0394965 -0.0597618 0.0
-0.0264869 -0.0566586 0.0
-0.0136153 -0.0524245 0.0
-0.000780696 -0.0470106 0.0
0.0116444 -0.0405106 0.0
0.0231383 -0.0330547 0.0
0.0335501 -0.0248604 0.0
0.0427069 -0.0160577 0.0
0.0504097 -0.00687138 0.0
0.0563937 0.00236531 0.0
0.0602877 0.0106473 0.0
0.0620017 0.0175217 0.0
0.0617929 0.0229162 0.0
0.0599298 0.0268337 0.0
0.056681 0.0293377 0.0
0.0523111 0.0305385 0.0
0.0470811 0.0305821 0.0
0.0412462 0.0296418 0.0
0.0350524 0.0279075 0.0
0.0287318 0.0255719 0.0
0.0224973 0.022806 0.0
0.0165418 0.0197189 0.0
0.011051 0.016303 0.0
0.00624765 0.0123828 0.0
0.00249339 0.00762772 0.0
0.000468354 0.00172526 0.0
0.000131774 -0.000612732 0.0
0.000894332 -0.00369964 0.0
0.00258224 -0.006907 0.0
0.00500498 -0.00971682 0.0
0.00790602 -0.0117534 0.0
0.0110149 -0.0128444 0.0
0.0140919 -0.0129975 0.0
0.0169508 -0.0123404 0.0
0.0194635 -0.0110613 0.0
0.0215545 -0.00936556 0.0
0.0231907 -0.00744819 0.0
0.0243719 -0.00547854 0.0
0.0251202 -0.0035931 0.0
0.0254721 -0.00189285 0.0
0.0254695 -0.000442934 0.0
0.0251536 0.000726644 0.0
0.0245667 0.00160034 0.0
0.0237514 0.00218766 0.0
0.0227398 0.00252653 0.0
0.0215445 0.00268324 0.0
0.0201507 0.00275063 0.0
0.018511 0.0028391 0.0
0.0165435 0.00307144 0.0
0.0141378 0.00355864 0.0
0.0111606 0.00440275 0.0
0.00748347 0.00564155 0.0
0.00296603 0.00733942 0.0
-0.00245536 0.00934194 0.0
-0.00868279 0.0116537 0.0
-0.0156331 0.0141299 0.0
-0.0232867 0.0166896 0.0
-0.0315974 0.0193216 0.0
-0.0405097 0.0219643 0.0
-0.0499693 0.0245921 0.0
-0.0599094 0.0271757 0.0
-0.0702602 0.0296819 0.0
-0.0809479 0.0320863 0.0
-0.0918951 0.0343621 0.0
-0.103025 0.0364836 0.0
-0.114262 0.0384295 0.0
-0.125532 0.0401811 0.0
-0.136767 0.0417232 0.0
-0.147901 0.0430439 0.0
-0.158874 0.0441349 0.0
-0.169629 0.0449915 0.0
-0.180118 0.0456122 0.0
-0.190295 0.0459982 0.0
-0.200123 0.0461537 0.0
-0.209569 0.0460849 0.0
-0.218604 0.0458002 0.0
-0.227207 0.0453098 0.0
-0.23536 0.0446248 0.0
-0.24305 0.0437574 0.0
-0.250268 0.0427205 0.0
-0.257009 0.0415271 0.0
-0.26327 0.04019 0.0
-0.269052 0.0387222 0.0
-0.274359 0.0371356 0.0
-0.279195 0.0354419 0.0
-0.283567 0.0336516 0.0
-0.287481 0.0317744 0.0
-0.290947 0.0298189 0.0
-0.293972 0.0277926 0.0
-0.296565 0.0257017 0.0
-0.298734 0.0235515 0.0
-0.300487 0.0213458 0.0
-0.301832 0.0190875 0.0
-0.302774 0.0167784 0.0
-0.30332 0.0144189 0.0
-0.303473 0.0120086 0.0
-0.303236 0.00954619 0.0
-0.302612 0.00702909 0.0
-0.301598 0.00445402 0.0
-0.300195 0.00181682 0.0
-0.298397 -0.000887299 0.0
-0.2962 -0.00366891 0.0
-0.293606 -0.00652344 0.0
-0.290618 -0.00944548 0.0
-0.287231 -0.0124363 0.0
-0.283437 -0.0154979 0.0
-0.279227 -0.018632 0.0
-0.27459 -0.0218391 0.0
-0.269518 -0.0251181 0.0
-0.263999 -0.0284662 0.0
-0.258024 -0.0318786 0.0
-0.251582 -0.035348 0.0
-0.244664 -0.0388643 0.0
-0.237261 -0.042414 0.0
-0.229366 -0.04598 0.0
-0.220975 -0.0495408 0.0
-0.212084 -0.0530704 0.0
-0.202694 -0.0565373 0.0
-0.19281 -0.0599045 0.0
-0.182443 -0.0631289 0.0
-0.171608 -0.0661605 0.0
-0.160329 -0.0689423 0.0
-0.148637 -0.0714097 0.0
-0.136573 -0.07349 0.0
-0.124188 -0.0751019 0.0
-0.111543 -0.0761553 0.0
-0.0987077 -0.0765516 0.0
-0.0857572 -0.0761864 0.0
-0.0727722 -0.0749537 0.0
-0.059836 -0.072752 0.0
-0.0470288 -0.0694852 0.0
-0.0344219 -0.0650764 0.0
-0.0221078 -0.0595074 0.0
-0.0100411 -0.0525056 0.0
0.00181216 -0.044407 0.0
0.0129759 -0.0350836 0.0
0.0230358 -0.0250513 0.0
0.0318649 -0.0144097 0.0
0.0393169 -0.00353241 0.0
0.0449536 0.00701429 0.0
0.0484634 0.015931 0.0
0.0500698 0.0231095 0.0
0.0500171 0.0285561 0.0
0.0485371 0.0323442 0.0
0.045849 0.03459 0.0
0.0421667 0.0354429 0.0
0.0377034 0.0350793 0.0
0.0326716 0.0336955 0.0
0.0272813 0.0314948 0.0
0.0217368 0.0286622 0.0
0.0162384 0.0253166 0.0
0.0109986 0.021436 0.0
0.00628664 0.016765 0.0
0.00252859 0.0107578 0.0
0.000477587 0.0026712 0.0
0.000156736 -0.000901242 0.0
0.00104872 -0.00506568 0.0
0.00298917 -0.00916933 0.0
0.00571159 -0.0125997 0.0
0.00888805 -0.0149481 0.0
0.0121993 -0.0160698 0.0
0.0153824 -0.0160323 0.0
0.0182485 -0.0150306 0.0
0.0206787 -0.0133141 0.0
0.0226129 -0.011138 0.0
0.0240358 -0.00873489 0.0
0.0249631 -0.00630023 0.0
0.0254296 -0.00398632 0.0
0.0254786 -0.00190045 0.0
0.0251501 -0.000104295 0.0
0.0244814 0.0013726 0.0
0.0235113 0.00251139 0.0
0.0222715 0.00333176 0.0
0.0207738 0.0038917 0.0
0.0190013 0.00428585 0.0
0.0168978 0.00464531 0.0
0.0143693 0.00511256 0.0
0.0112818 0.00585306 0.0
0.00748522 0.00697931 0.0
0.00280096 0.00864352 0.0
-0.00286266 0.0107415 0.0
-0.00940648 0.0133007 0.0
-0.0167383 0.0161339 0.0
-0.0248135 0.0191645 0.0
-0.0335608 0.0223168 0.0
-0.042915 0.0255105 0.0
-0.0528093 0.0287056 0.0
-0.06317 0.0318531 0.0
-0.073923 0.0349158 0.0
-0.0849902 0.0378594 0.0
-0.0962924 0.0406512 0.0
-0.10775 0.0432628 0.0
-0.119286 0.0456684 0.0
-0.130824 0.0478452 0.0
-0.142294 0.0497746 0.0
-0.153629 0.0514422 0.0
-0.16477 0.0528373 0.0
-0.17566 0.0539537 0.0
-0.186251 0.0547885 0.0
-0.1965 0.055343 0.0
-0.206372 0.0556213 0.0
-0.215836 0.0556308 0.0
-0.224868 0.0553812 0.0
-0.23345 0.0548842 0.0
-0.241567 0.0541536 0.0
-0.249212 0.0532041 0.0
-0.25638 0.0520514 0.0
-0.263071 0.0507115 0.0
-0.269287 0.0492007 0.0
-0.275035 0.0475351 0.0
-0.280321 0.0457299 0.0
-0.285156 0.0437999 0.0
-0.28955 0.0417589 0.0
-0.293515 0.0396194 0.0
-0.297062 0.0373927 0.0
-0.300204 0.0350889 0.0
-0.30295 0.0327166 0.0
-0.305313 0.0302829 0.0
-0.307303 0.0277937 0.0
-0.308928 0.0252535 0.0
-0.310196 0.0226652 0.0
-0.311114 0.0200309 0.0
-0.311687 0.0173508 0.0
-0.311919 0.0146246 0.0
-0.311814 0.0118503 0.0
-0.311371 0.00902504 0.0
-0.31059 0.00614495 0.0
-0.30947 0.00320493 0.0
-0.308007 0.000198754 0.0
-0.306194 -0.0028802 0.0
-0.304032 -0.00603462 0.0
-0.301525 -0.00925931 0.0
-0.298665 -0.0125571 0.0
-0.295444 -0.0159317 0.0
-0.291855 -0.0193859 0.0
-0.287888 -0.0229222 0.0
-0.283531 -0.0265415 0.0
-0.278776 -0.0302432 0.0
-0.273611 -0.0340248 0.0
-0.268025 -0.0378814 0.0
-0.262007 -0.0418054 0.0
-0.255546 -0.0457862 0.0
-0.248631 -0.0498093 0.0
-0.241255 -0.053856 0.0
-0.233408 -0.057903 0.0
-0.225086 -0.0619214 0.0
-0.216285 -0.0658766 0.0
-0.207006 -0.0697274 0.0
-0.197254 -0.0734253 0.0
-0.187039 -0.0769144 0.0
-0.176376 -0.0801304 0.0
-0.165289 -0.0830006 0.0
-0.153809 -0.0854432 0.0
-0.141975 -0.0873673 0.0
-0.129836 -0.0886738 0.0
-0.117449 -0.0892559 0.0
-0.104879 -0.0890024 0.0
-0.0921996 -0.087802 0.0
-0.0794914 -0.0855481 0.0
-0.0668422 -0.0821455 0.0
-0.0543469 -0.0775183 0.0
-0.0421103 -0.0716162 0.0
-0.030206 -0.0643676 0.0
-0.0187322 -0.0558721 0.0
-0.00763078 -0.0458836 0.0
0.00306313 -0.0350051 0.0
0.0128057 -0.0230275 0.0
0.0212487 -0.0108096 0.0
0.0282951 0.00160833 0.0
0.0334901 0.0126322 0.0
0.0366956 0.0215965 0.0
0.0382456 0.0285717 0.0
0.0383781 0.033676 0.0
0.0372816 0.0370428 0.0
0.0351284 0.0388256 0.0
0.0320891 0.0391991 0.0
0.0283394 0.0383571 0.0
0.0240607 0.0365022 0.0
0.0194412 0.0338188 0.0
0.0146808 0.0304186 0.0
0.0100092 0.0262455 0.0
0.00572815 0.0209485 0.0
0.00229139 0.0137691 0.0
0.000426741 0.00357552 0.0
0.000185018 -0.001243 0.0
0.00121441 -0.00664529 0.0
0.00340876 -0.0117245 0.0
0.00641177 -0.0157699 0.0
0.00982006 -0.0183626 0.0
0.0132692 -0.0194155 0.0
0.0164798 -0.0190804 0.0
0.0192659 -0.0176346 0.0
0.0215226 -0.0153969 0.0
0.0232083 -0.012675 0.0
0.0243258 -0.0097383 0.0
0.0249069 -0.00680511 0.0
0.0249971 -0.00403821 0.0
0.0246429 -0.00154332 0.0
0.0238763 0.000633644 0.0
0.0227311 0.0024485 0.0
0.0212448 0.0038919 0.0
0.0194311 0.00500484 0.0
0.0172698 0.00587754 0.0
0.0147014 0.00664098 0.0
0.0116119 0.0074832 0.0
0.00785224 0.00856274 0.0
0.00322416 0.0101185 0.0
-0.00241895 0.0121535 0.0
-0.00901913 0.0147538 0.0
-0.0164849 0.0177606 0.0
-0.0247582 0.0210988 0.0
-0.0337476 0.0246569 0.0
-0.0433658 0.0283348 0.0
-0.0535273 0.0320554 0.0
-0.0641502 0.0357491 0.0
-0.0751544 0.0393654 0.0
-0.0864582 0.0428579 0.0
-0.0979808 0.0461867 0.0
-0.109642 0.0493166 0.0
-0.121362 0.0522164 0.0
-0.133066 0.0548593 0.0
-0.144681 0.057223 0.0
-0.156142 0.0592892 0.0
-0.167386 0.0610447 0.0
-0.178359 0.0624807 0.0
-0.189013 0.063593 0.0
-0.199306 0.0643813 0.0
-0.209204 0.0648497 0.0
-0.218678 0.0650055 0.0
-0.227707 0.0648592 0.0
-0.236274 0.0644241 0.0
-0.244369 0.0637154 0.0
-0.251988 0.0627501 0.0
-0.259129 0.0615465 0.0
-0.265797 0.0601235 0.0
-0.271997 0.0585002 0.0
-0.277739 0.0566957 0.0
-0.283035 0.0547287 0.0
-0.287897 0.0526169 0.0
-0.29234 0.0503771 0.0
-0.296377 0.0480249 0.0
-0.300023 0.0455744 0.0
-0.303292 0.0430381 0.0
-0.306198 0.0404271 0.0
-0.308753 0.0377507 0.0
-0.310968 0.0350168 0.0
-0.312854 0.0322316 0.0
-0.31442 0.0293998 0.0
-0.315672 0.0265245 0.0
-0.316617 0.0236075 0.0
-0.31726 0.0206494 0.0
-0.317604 0.0176493 0.0
-0.31765 0.0146052 0.0
-0.317401 0.0115142 0.0
-0.316854 0.00837185 0.0
-0.31601 0.00517296 0.0
-0.314864 0.00191105 0.0
-0.313413 -0.0014216 0.0
-0.311657 -0.0048294 0.0
-0.309594 -0.00830899 0.0
-0.307223 -0.0118642 0.0
-0.304535 -0.0154996 0.0
-0.301525 -0.01922 0.0
-0.298183 -0.023029 0.0
-0.2945 -0.0269298 0.0
-0.290466 -0.0309238 0.0
-0.286071 -0.0350111 0.0
-0.281304 -0.0391894 0.0
-0.276152 -0.0434543 0.0
-0.270605 -0.0477981 0.0
-0.26465 -0.0522099 0.0
-0.258275 -0.0566746 0.0
-0.25147 -0.0611726 0.0
-0.244224 -0.065679 0.0
-0.236528 -0.0701632 0.0
-0.228376 -0.0745876 0.0
-0.219763 -0.0789078 0.0
-0.210689 -0.0830711 0.0
-0.201157 -0.0870165 0.0
-0.191174 -0.0906737 0.0
-0.180756 -0.0939631 0.0
-0.169922 -0.0967951 0.0
-0.1587 -0.0990707 0.0
-0.147127 -0.100682 0.0
-0.135248 -0.101514 0.0
-0.123114 -0.101448 0.0
-0.110788 -0.100362 0.0
-0.0983445 -0.0981408 0.0
-0.0858657 -0.0946808 0.0
-0.0734482 -0.0898957 0.0
-0.0611994 -0.0837242 0.0
-0.04923 -0.0761333 0.0
-0.037658 -0.0671523 0.0
-0.0265656 -0.0567971 0.0
-0.016058 -0.0452932 0.0
-0.00605602 -0.032484 0.0
0.00338157 -0.0192336 0.0
0.0116987 -0.00533119 0.0
0.0182913 0.00778417 0.0
0.0229412 0.018589 0.0
0.0258955 0.0270748 0.0
0.027448 0.033488 0.0
0.0277779 0.0379975 0.0
0.0270317 0.0407703 0.0
0.0253463 0.0419791 0.0
0.0228639 0.0418093 0.0
0.019739 0.0404536 0.0
0.0161428 0.0380831 0.0
0.0122719 0.0347855 0.0
0.00836749 0.0304546 0.0
0.00474938 0.0246386 0.0
0.0018643 0.0164009 0.0
0.000335229 0.00433749 0.0
0.000216837 -0.00164485 0.0
0.00139009 -0.00844608 0.0
0.00383275 -0.0145607 0.0
0.00708441 -0.0191883 0.0
0.0106656 -0.0219336 0.0
0.0141738 -0.0228018 0.0
0.0173221 -0.022053 0.0
0.0199347 -0.0200606 0.0
0.0219252 -0.0172181 0.0
0.0232721 -0.0138865 0.0
0.0239971 -0.0103694 0.0
0.0241452 -0.00690312 0.0
0.0237673 -0.00365251 0.0
0.0229004 -0.000707878 0.0
0.021575 0.00189012 0.0
0.0198282 0.00408401 0.0
0.017682 0.00588891 0.0
0.0151206 0.00738295 0.0
0.0120748 0.00870652 0.0
0.00842973 0.0100255 0.0
0.00399684 0.0116212 0.0
-0.00141826 0.0135995 0.0
-0.00782584 0.0161174 0.0
-0.0151629 0.0191347 0.0
-0.0233848 0.0225947 0.0
-0.0323977 0.0263983 0.0
-0.0420947 0.0304315 0.0
-0.052369 0.0345879 0.0
-0.0631212 0.0387741 0.0
-0.0742588 0.0429152 0.0
-0.0856942 0.0469477 0.0
-0.0973433 0.05082 0.0
-0.109124 0.0544875 0.0
-0.120956 0.0579117 0.0
-0.132763 0.0610595 0.0
-0.144473 0.0639035 0.0
-0.156018 0.0664212 0.0
-0.167336 0.0685954 0.0
-0.178374 0.0704143 0.0
-0.189081 0.071871 0.0
-0.199416 0.0729634 0.0
-0.209346 0.0736942 0.0
-0.218843 0.0740701 0.0
-0.227886 0.0741016 0.0
-0.236461 0.0738026 0.0
-0.24456 0.0731894 0.0
-0.252179 0.0722807 0.0
-0.259322 0.0710967 0.0
-0.265993 0.0696587 0.0
-0.272202 0.0679885 0.0
-0.277961 0.0661082 0.0
-0.283285 0.0640391 0.0
-0.288188 0.0618022 0.0
-0.292687 0.0594171 0.0
-0.296799 0.0569024 0.0
-0.30054 0.0542749 0.0
-0.303925 0.0515499 0.0
-0.306971 0.048741 0.0
-0.30969 0.0458598 0.0
-0.312095 0.0429163 0.0
-0.314197 0.0399187 0.0
-0.316006 0.0368735 0.0
-0.317531 0.0337855 0.0
-0.318778 0.030658 0.0
-0.319752 0.0274929 0.0
-0.320458 0.0242907 0.0
-0.3209 0.0210505 0.0
-0.321079 0.0177705 0.0
-0.320995 0.0144475 0.0
-0.32065 0.0110773 0.0
-0.320043 0.00765479 0.0
-0.319171 0.00417365 0.0
-0.318033 0.000626516 0.0
-0.316627 -0.00299404 0.0
-0.314953 -0.006687 0.0
-0.313012 -0.0104549 0.0
-0.310798 -0.0143039 0.0
-0.308305 -0.0182399 0.0
-0.305527 -0.0222684 0.0
-0.302456 -0.0263942 0.0
-0.299082 -0.0306211 0.0
-0.295397 -0.0349513 0.0
-0.29139 -0.0393857 0.0
-0.287049 -0.0439226 0.0
-0.282364 -0.048558 0.0
-0.277321 -0.0532846 0.0
-0.271908 -0.0580916 0.0
-0.266112 -0.0629638 0.0
-0.259919 -0.0678812 0.0
-0.253317 -0.0728181 0.0
-0.246295 -0.0777423 0.0
-0.238841 -0.0826147 0.0
-0.230946 -0.0873882 0.0
-0.222604 -0.092007 0.0
-0.213811 -0.0964061 0.0
-0.204567 -0.100511 0.0
-0.194876 -0.104235 0.0
-0.18475 -0.107483 0.0
-0.174204 -0.11015 0.0
-0.163261 -0.112119 0.0
-0.151952 -0.113267 0.0
-0.140317 -0.113464 0.0
-0.128405 -0.112582 0.0
-0.116277 -0.110492 0.0
-0.104007 -0.107078 0.0
-0.0916838 -0.102239 0.0
-0.0794108 -0.0959023 0.0
-0.0673061 -0.0880293 0.0
-0.0555 -0.0786343 0.0
-0.0441247 -0.0677827 0.0
-0.0333117 -0.0556283 0.0
-0.0231375 -0.0423251 0.0
-0.0136971 -0.0282705 0.0
-0.00489418 -0.0134144 0.0
0.00321345 0.00116717 0.0
0.00955382 0.0142157 0.0
0.0138196 0.024228 0.0
0.0166383 0.0319636 0.0
0.0182129 0.0376175 0.0
0.0187056 0.0414037 0.0
0.0182363 0.0435004 0.0
0.0169245 0.0440822 0.0
0.0149045 0.0433257 0.0
0.0123335 0.0413782 0.0
0.009405 0.0382898 0.0
0.00636696 0.0338928 0.0
0.00354272 0.0276427 0.0
0.00134024 0.0184843 0.0
0.000225332 0.00489806 0.0
0.000251616 -0.0021133 0.0
0.00157013 -0.0104694 0.0
0.00424277 -0.0176527 0.0
0.00769342 -0.0227987 0.0
0.0113702 -0.0255812 0.0
0.0148433 -0.0261356 0.0
0.0178282 -0.0248526 0.0
0.0201668 -0.0222122 0.0
0.0217951 -0.0186854 0.0
0.0227136 -0.0146846 0.0
0.0229603 -0.010543 0.0
0.0225896 -0.00650682 0.0
0.0216498 -0.00273113 0.0
0.0201562 0.000731278 0.0
0.0181415 0.00379099 0.0
0.0156507 0.00642076 0.0
0.0126761 0.00867298 0.0
0.00915451 0.0106819 0.0
0.00494804 0.0126599 0.0
-0.000143275 0.0148085 0.0
-0.00618971 0.0173175 0.0
-0.01317 0.0202986 0.0
-0.0210899 0.0237457 0.0
-0.0298854 0.0276391 0.0
-0.039448 0.0318749 0.0
-0.0496578 0.0363408 0.0
-0.0603958 0.040924 0.0
-0.0715519 0.0455258 0.0
-0.0830255 0.050062 0.0
-0.0947239 0.0544633 0.0
-0.10656 0.0586713 0.0
-0.118452 0.0626373 0.0
-0.130321 0.06632 0.0
-0.142095 0.0696845 0.0
-0.153703 0.0727025 0.0
-0.165085 0.0753517 0.0
-0.176182 0.0776158 0.0
-0.186947 0.0794843 0.0
-0.197337 0.0809522 0.0
-0.207316 0.0820197 0.0
-0.216858 0.0826921 0.0
-0.225942 0.0829788 0.0
-0.234553 0.0828935 0.0
-0.242685 0.0824528 0.0
-0.250334 0.0816763 0.0
-0.257506 0.0805857 0.0
-0.264206 0.0792042 0.0
-0.270446 0.0775557 0.0
-0.27624 0.0756646 0.0
-0.281604 0.0735553 0.0
-0.286554 0.0712513 0.0
-0.29111 0.0687753 0.0
-0.29529 0.0661485 0.0
-0.29911 0.0633908 0.0
-0.30259 0.0605201 0.0
-0.305745 0.0575527 0.0
-0.30859 0.0545026 0.0
-0.311138 0.0513823 0.0
-0.313403 0.0482022 0.0
-0.315395 0.0449706 0.0
-0.317123 0.0416946 0.0
-0.318595 0.038379 0.0
-0.319817 0.0350274 0.0
-0.320796 0.031642 0.0
-0.321536 0.0282232 0.0
-0.32204 0.0247707 0.0
-0.32231 0.0212825 0.0
-0.322349 0.0177558 0.0
-0.322157 0.0141868 0.0
-0.321735 0.0105705 0.0
-0.321082 0.00690112 0.0
-0.320198 0.00317167 0.0
-0.319082 -0.00062571 0.0
-0.317735 -0.00449511 0.0
-0.316158 -0.00843607 0.0
-0.314349 -0.0124559 0.0
-0.312305 -0.0165617 0.0
-0.310019 -0.0207605 0.0
-0.307486 -0.0250588 0.0
-0.304699 -0.0294624 0.0
-0.30165 -0.0339758 0.0
-0.298329 -0.0386024 0.0
-0.294727 -0.0433438 0.0
-0.290833 -0.0481991 0.0
-0.286635 -0.0531652 0.0
-0.282119 -0.0582355 0.0
-0.277273 -0.0633996 0.0
-0.272083 -0.0686427 0.0
-0.266533 -0.0739449 0.0
-0.260609 -0.0792803 0.0
-0.254295 -0.0846161 0.0
-0.247578 -0.0899123 0.0
-0.240443 -0.0951202 0.0
-0.232879 -0.100182 0.0
-0.224873 -0.10503 0.0
-0.21642 -0.109585 0.0
-0.207513 -0.113758 0.0
-0.198153 -0.117447 0.0
-0.188343 -0.120542 0.0
-0.178094 -0.122919 0.0
-0.167422 -0.124447 0.0
-0.156354 -0.124988 0.0
-0.144923 -0.124401 0.0
-0.133175 -0.122548 0.0
-0.121172 -0.119296 0.0
-0.108987 -0.114529 0.0
-0.0967154 -0.108157 0.0
-0.0844693 -0.100125 0.0
-0.0723817 -0.0904319 0.0
-0.0606023 -0.0791398 0.0
-0.0492907 -0.0663958 0.0
-0.0385959 -0.0524265 0.0
-0.0286404 -0.037565 0.0
-0.0194377 -0.0221255 0.0
-0.0109777 -0.0066892 0.0
-0.00351251 0.00826651 0.0
0.00238639 0.0200125 0.0
0.00649595 0.0292507 0.0
0.00918058 0.0360711 0.0
0.0107487 0.0408893 0.0
0.0113322 0.0439007 0.0
0.0110514 0.0452745 0.0
0.0100323 0.0451724 0.0
0.00842456 0.0437102 0.0
0.00642012 0.0408907 0.0
0.00426886 0.0364812 0.0
0.00228223 0.0298652 0.0
0.000803012 0.0199435 0.0
0.000116689 0.00524008 0.0
0.000288164 -0.00265308 0.0
0.00174548 -0.0127055 0.0
0.00461296 -0.0209568 0.0
0.00819238 -0.0265247 0.0
0.0118684 -0.029208 0.0
0.0151969 -0.0293104 0.0
0.0179068 -0.0273727 0.0
0.0198643 -0.0239881 0.0
0.0210313 -0.0197048 0.0
0.0214294 -0.0149817 0.0
0.0211094 -0.0101728 0.0
0.0201236 -0.00552053 0.0
0.0184921 -0.00114612 0.0
0.0162369 0.00289502 0.0
0.0134094 0.00646944 0.0
0.0100203 0.00962219 0.0
0.00601544 0.012451 0.0
0.00124891 0.015192 0.0
-0.00437952 0.0179847 0.0
-0.0108819 0.0210773 0.0
-0.0183082 0.0245215 0.0
-0.0266589 0.0284256 0.0
-0.0358579 0.0327376 0.0
-0.0457969 0.0373817 0.0
-0.0563471 0.0422451 0.0
-0.0673823 0.0472155 0.0
-0.0787848 0.0521899 0.0
-0.0904482 0.0570795 0.0
-0.102276 0.0618094 0.0
-0.114179 0.066317 0.0
-0.126074 0.0705496 0.0
-0.137887 0.0744631 0.0
-0.149544 0.0780213 0.0
-0.160983 0.0811949 0.0
-0.172144 0.0839618 0.0
-0.182977 0.0863063 0.0
-0.193437 0.088219 0.0
-0.203488 0.0896968 0.0
-0.2131 0.090742 0.0
-0.222253 0.0913622 0.0
-0.230931 0.0915696 0.0
-0.239127 0.0913803 0.0
-0.246838 0.0908139 0.0
-0.254066 0.0898928 0.0
-0.260822 0.0886413 0.0
-0.267115 0.0870852 0.0
-0.272961 0.0852508 0.0
-0.278376 0.0831648 0.0
-0.28338 0.0808533 0.0
-0.287992 0.0783419 0.0
-0.292231 0.0756544 0.0
-0.296116 0.0728137 0.0
-0.299667 0.0698405 0.0
-0.302901 0.0667537 0.0
-0.305835 0.0635702 0.0
-0.308482 0.0603049 0.0
-0.310858 0.0569706 0.0
-0.312973 0.0535782 0.0
-0.314839 0.0501367 0.0
-0.316464 0.0466531 0.0
-0.317857 0.0431329 0.0
-0.319025 0.0395801 0.0
-0.319973 0.035997 0.0
-0.320706 0.0323847 0.0
-0.321228 0.0287429 0.0
-0.321544 0.0250702 0.0
-0.321655 0.0213642 0.0
-0.321563 0.0176213 0.0
-0.321271 0.0138371 0.0
-0.320779 0.0100062 0.0
-0.320089 0.00612232 0.0
-0.319201 0.00217819 0.0
-0.318114 -0.0018346 0.0
-0.316833 -0.00591448 0.0
-0.315359 -0.0100679 0.0
-0.313688 -0.0143031 0.0
-0.311819 -0.0186286 0.0
-0.309746 -0.0230522 0.0
-0.307464 -0.0275814 0.0
-0.304968 -0.032223 0.0
-0.30225 -0.0369827 0.0
-0.299301 -0.0418647 0.0
-0.296113 -0.0468717 0.0
-0.292674 -0.052004 0.0
-0.288974 -0.0572594 0.0
-0.284998 -0.0626322 0.0
-0.280734 -0.0681131 0.0
-0.276165 -0.0736881 0.0
-0.271277 -0.0793378 0.0
-0.266052 -0.0850369 0.0
-0.260472 -0.0907529 0.0
-0.254519 -0.0964454 0.0
-0.248176 -0.102065 0.0
-0.241423 -0.107554 0.0
-0.234245 -0.112841 0.0
-0.226626 -0.117847 0.0
-0.218551 -0.122478 0.0
-0.210009 -0.12663 0.0
-0.200993 -0.130185 0.0
-0.1915 -0.133017 0.0
-0.181534 -0.134987 0.0
-0.171103 -0.135948 0.0
-0.160226 -0.135749 0.0
-0.148934 -0.13424 0.0
-0.137269 -0.131273 0.0
-0.12529 -0.126716 0.0
-0.113075 -0.120457 0.0
-0.100724 -0.112422 0.0
-0.0883621 -0.102585 0.0
-0.0761399 -0.0909886 0.0
-0.064233 -0.0777655 0.0
-0.0528315 -0.063153 0.0
-0.0421206 -0.047505 0.0
-0.0322402 -0.0312686 0.0
-0.0232613 -0.0149849 0.0
-0.0150694 0.000905097 0.0
-0.00814195 0.0145476 0.0
-0.00287992 0.025344 0.0
0.000967338 0.0334459 0.0
0.00353287 0.0393809 0.0
0.0050234 0.043335 0.0
0.00562566 0.0455188 0.0
0.00547904 0.0460938 0.0
0.00473477 0.0451408 0.0
0.00358718 0.0426121 0.0
0.0022832 0.0382151 0.0
0.00110714 0.0312941 0.0
0.000317409 0.0207836 0.0
2.34893e-05 0.00538026 0.0
0.000324737 -0.00326598 0.0
0.00190437 -0.0151295 0.0
0.00491224 -0.0244081 0.0
0.0085288 -0.0302694 0.0
0.0120893 -0.0326998 0.0
0.0151499 -0.0322077 0.0
0.0174636 -0.029499 0.0
0.0189267 -0.0252824 0.0
0.0195285 -0.0201793 0.0
0.0193096 -0.0146863 0.0
0.0183262 -0.0091647 0.0
0.0166179 -0.00383454 0.0
0.0141621 0.00125524 0.0
0.010995 0.00591595 0.0
0.00719853 0.0100724 0.0
0.00271214 0.0138947 0.0
-0.00254134 0.0174369 0.0
-0.00856071 0.0209919 0.0
-0.015407 0.0246594 0.0
-0.0231517 0.0286496 0.0
-0.0317843 0.0330081 0.0
-0.0412387 0.037744 0.0
-0.0514014 0.042781 0.0
-0.0621436 0.0480194 0.0
-0.0733347 0.0533487 0.0
-0.0848528 0.0586652 0.0
-0.0965872 0.0638772 0.0
-0.108438 0.0689064 0.0
-0.120315 0.0736867 0.0
-0.132135 0.0781626 0.0
-0.143823 0.0822878 0.0
-0.15531 0.0860245 0.0
-0.166535 0.089343 0.0
-0.177445 0.0922209 0.0
-0.187991 0.094643 0.0
-0.198134 0.0966011 0.0
-0.207843 0.0980935 0.0
-0.217094 0.0991243 0.0
-0.22587 0.0997033 0.0
-0.234161 0.0998449 0.0
-0.241964 0.0995678 0.0
-0.24928 0.0988941 0.0
-0.256118 0.0978484 0.0
-0.262488 0.0964575 0.0
-0.268406 0.0947494 0.0
-0.273888 0.0927526 0.0
-0.278955 0.0904956 0.0
-0.283626 0.0880062 0.0
-0.287921 0.0853114 0.0
-0.291862 0.0824364 0.0
-0.295468 0.079405 0.0
-0.298759 0.0762391 0.0
-0.301751 0.0729582 0.0
-0.304461 0.0695801 0.0
-0.306904 0.0661203 0.0
-0.309093 0.0625921 0.0
-0.311041 0.0590069 0.0
-0.312759 0.0553744 0.0
-0.314255 0.0517021 0.0
-0.315538 0.047996 0.0
-0.316615 0.0442606 0.0
-0.317494 0.0404987 0.0
-0.318179 0.0367119 0.0
-0.318677 0.0329004 0.0
-0.31899 0.0290634 0.0
-0.319124 0.0251989 0.0
-0.319082 0.0213037 0.0
-0.318865 0.017374 0.0
-0.318478 0.0134048 0.0
-0.317921 0.00939044 0.0
-0.317198 0.00532444 0.0
-0.31631 0.00119952 0.0
-0.315259 -0.00299251 0.0
-0.314049 -0.00724824 0.0
-0.312679 -0.0115787 0.0
-0.311148 -0.0159934 0.0
-0.309455 -0.0205015 0.0
-0.307595 -0.025112 0.0
-0.305564 -0.0298334 0.0
-0.303358 -0.0346734 0.0
-0.30097 -0.0396387 0.0
-0.298392 -0.0447349 0.0
-0.295616 -0.0499656 0.0
-0.292633 -0.0553325 0.0
-0.28943 -0.0608345 0.0
-0.285995 -0.0664674 0.0
-0.282314 -0.072223 0.0
-0.278372 -0.0780886 0.0
-0.274152 -0.0840462 0.0
-0.269634 -0.0900714 0.0
-0.2648 -0.0961328 0.0
-0.259627 -0.102191 0.0
-0.254094 -0.108196 0.0
-0.248178 -0.114091 0.0
-0.241855 -0.119805 0.0
-0.235103 -0.125255 0.0
-0.227898 -0.130349 0.0
-0.22022 -0.134978 0.0
-0.21205 -0.139023 0.0
-0.203372 -0.142351 0.0
-0.194174 -0.144818 0.0
-0.184452 -0.14627 0.0
-0.174208 -0.146548 0.0
-0.163453 -0.145488 0.0
-0.152212 -0.14293 0.0
-0.140524 -0.138725 0.0
-0.128449 -0.132739 0.0
-0.116066 -0.124874 0.0
-0.103486 -0.115076 0.0
-0.0908485 -0.103358 0.0
-0.0783282 -0.0898234 0.0
-0.0661341 -0.0746907 0.0
-0.0544975 -0.0583149 0.0
-0.0436436 -0.0411931 0.0
-0.033741 -0.023942 0.0
-0.0248447 -0.00722614 0.0
-0.0171676 0.00807437 0.0
-0.0109835 0.0203711 0.0
-0.00626749 0.0298555 0.0
-0.00283397 0.0369722 0.0
-0.000501412 0.0419206 0.0
0.000883087 0.0449464 0.0
0.00148603 0.0462099 0.0
0.00149039 0.0457648 0.0
0.00110253 0.0435236 0.0
0.000562502 0.0391475 0.0
0.000115066 0.0319851 0.0
-7.65453e-05 0.0210739 0.0
-4.82165e-05 0.00535553 0.0
0.000359043 -0.00394976 0.0
0.00203294 -0.0176993 0.0
0.00510633 -0.0279196 0.0
0.00864789 -0.033916 0.0
0.0119616 -0.0359273 0.0
0.0146193 -0.0346984 0.0
0.0164072 -0.0311098 0.0
0.0172559 -0.0259835 0.0
0.0171816 -0.0200057 0.0
0.0162372 -0.0136966 0.0
0.0144652 -0.00739894 0.0
0.011845 -0.00127187 0.0
0.00840422 0.00458916 0.0
0.0042181 0.00993529 0.0
-0.000709067 0.0147767 0.0
-0.00631669 0.0192844 0.0
-0.0126084 0.0235924 0.0
-0.0196966 0.0279441 0.0
-0.0276377 0.0324948 0.0
-0.0364292 0.0373506 0.0
-0.0460061 0.0425167 0.0
-0.0562629 0.0479466 0.0
-0.0670714 0.0535496 0.0
-0.0783006 0.0592224 0.0
-0.0898264 0.0648627 0.0
-0.101535 0.0703781 0.0
-0.113325 0.0756882 0.0
-0.125103 0.0807247 0.0
-0.136788 0.0854298 0.0
-0.148304 0.0897556 0.0
-0.159585 0.0936635 0.0
-0.170571 0.0971227 0.0
-0.181212 0.100111 0.0
-0.191464 0.102614 0.0
-0.201291 0.104623 0.0
-0.210666 0.106139 0.0
-0.219568 0.107167 0.0
-0.227986 0.107719 0.0
-0.235913 0.107811 0.0
-0.243348 0.107464 0.0
-0.250298 0.106702 0.0
-0.256773 0.105552 0.0
-0.262787 0.104042 0.0
-0.268357 0.102204 0.0
-0.273502 0.100066 0.0
-0.278242 0.0976591 0.0
-0.282599 0.0950129 0.0
-0.286595 0.0921552 0.0
-0.290249 0.0891126 0.0
-0.293583 0.0859099 0.0
-0.296615 0.0825697 0.0
-0.299363 0.0791126 0.0
-0.301844 0.075557 0.0
-0.304071 0.071919 0.0
-0.306059 0.0682129 0.0
-0.307821 0.0644506 0.0
-0.309367 0.0606424 0.0
-0.310707 0.0567965 0.0
-0.311851 0.0529197 0.0
-0.312807 0.049017 0.0
-0.313582 0.0450919 0.0
-0.314182 0.0411467 0.0
-0.314615 0.0371821 0.0
-0.314885 0.0331978 0.0
-0.314998 0.0291924 0.0
-0.314957 0.0251634 0.0
-0.314768 0.0211072 0.0
-0.314434 0.0170196 0.0
-0.313957 0.0128952 0.0
-0.313342 0.00872813 0.0
-0.31259 0.00451176 0.0
-0.311705 0.000239021 0.0
-0.310691 -0.00409646 0.0
-0.309551 -0.0084951 0.0
-0.308284 -0.0129687 0.0
-0.30689 -0.0175279 0.0
-0.305368 -0.0221828 0.0
-0.303715 -0.0269433 0.0
-0.301929 -0.0318189 0.0
-0.300005 -0.0368184 0.0
-0.297937 -0.0419495 0.0
-0.29572 -0.0472188 0.0
-0.293346 -0.0526315 0.0
-0.290806 -0.0581903 0.0
-0.28809 -0.0638957 0.0
-0.285186 -0.0697452 0.0
-0.28208 -0.0757321 0.0
-0.278755 -0.0818455 0.0
-0.275196 -0.0880691 0.0
-0.271382 -0.0943802 0.0
-0.267292 -0.100749 0.0
-0.262901 -0.107138 0.0
-0.258184 -0.113499 0.0
-0.253114 -0.119774 0.0
-0.247663 -0.125895 0.0
-0.241799 -0.13178 0.0
-0.235493 -0.137334 0.0
-0.228714 -0.14245 0.0
-0.221432 -0.147004 0.0
-0.213619 -0.150861 0.0
-0.205251 -0.153873 0.0
-0.196306 -0.155881 0.0
-0.18677 -0.156717 0.0
-0.176637 -0.156207 0.0
-0.165913 -0.154177 0.0
-0.154617 -0.150462 0.0
-0.142785 -0.144909 0.0
-0.130476 -0.137394 0.0
-0.117779 -0.127833 0.0
-0.104813 -0.116204 0.0
-0.0917401 -0.10257 0.0
-0.0787676 -0.0871103 0.0
-0.0661505 -0.0701489 0.0
-0.05418 -0.0521835 0.0
-0.0431498 -0.0338844 0.0
-0.0332913 -0.0160386 0.0
-0.024667 0.000585402 0.0
-0.0175925 0.0146015 0.0
-0.0121799 0.0254966 0.0
-0.00808012 0.0337978 0.0
-0.00509632 0.0397786 0.0
-0.00306779 0.0436753 0.0
-0.00182302 0.0456332 0.0
-0.00117373 0.0456877 0.0
-0.000907626 0.0437224 0.0
-0.000798588 0.0393797 0.0
-0.000648589 0.0320503 0.0
-0.000370484 0.0209222 0.0
-9.94422e-05 0.00520787 0.0
0.000388247 -0.00469705 0.0
0.00211584 -0.0203535 0.0
0.00516004 -0.031383 0.0
0.00849624 -0.0373303 0.0
0.0114183 -0.0387487 0.0
0.013528 -0.0366445 0.0
0.0146531 -0.0320767 0.0
0.0147598 -0.0259721 0.0
0.0138871 -0.0190701 0.0
0.0120919 -0.0118926 0.0
0.00938113 -0.00472009 0.0
0.00570089 0.0023497 0.0
0.00111152 0.00899771 0.0
-0.00415744 0.0149818 0.0
-0.00998972 0.0204897 0.0
-0.0164686 0.025658 0.0
-0.0236989 0.0307409 0.0
-0.0317343 0.0359192 0.0
-0.0405751 0.0413016 0.0
-0.0501657 0.0469258 0.0
-0.0604072 0.0527597 0.0
-0.0711775 0.0587306 0.0
-0.0823474 0.064744 0.0
-0.0937925 0.0707022 0.0
-0.105398 0.0765137 0.0
-0.117059 0.0820973 0.0
-0.128684 0.0873833 0.0
-0.140188 0.0923126 0.0
-0.151498 0.0968364 0.0
-0.162548 0.100915 0.0
-0.17328 0.104517 0.0
-0.183646 0.107621 0.0
-0.193604 0.110212 0.0
-0.203123 0.112283 0.0
-0.212177 0.113835 0.0
-0.220749 0.114875 0.0
-0.22883 0.115415 0.0
-0.236416 0.115475 0.0
-0.24351 0.115076 0.0
-0.25012 0.114245 0.0
-0.256259 0.11301 0.0
-0.261942 0.111402 0.0
-0.267188 0.109452 0.0
-0.272017 0.107192 0.0
-0.27645 0.104655 0.0
-0.280509 0.10187 0.0
-0.284217 0.0988669 0.0
-0.287594 0.0956734 0.0
-0.29066 0.0923151 0.0
-0.293434 0.0888158 0.0
-0.295935 0.0851968 0.0
-0.298179 0.0814773 0.0
-0.300181 0.0776744 0.0
-0.301954 0.073803 0.0
-0.303513 0.0698761 0.0
-0.304869 0.0659045 0.0
-0.306032 0.0618974 0.0
-0.307012 0.0578623 0.0
-0.307819 0.0538049 0.0
-0.308462 0.0497296 0.0
-0.308947 0.0456391 0.0
-0.309282 0.0415351 0.0
-0.309473 0.0374178 0.0
-0.309527 0.0332864 0.0
-0.30945 0.0291389 0.0
-0.309245 0.0249723 0.0
-0.308919 0.0207828 0.0
-0.308475 0.0165654 0.0
-0.307917 0.0123148 0.0
-0.307249 0.00802469 0.0
-0.306473 0.00368824 0.0
-0.305594 -0.000701434 0.0
-0.304616 -0.00514789 0.0
-0.303543 -0.0096573 0.0
-0.302375 -0.0142416 0.0
-0.301112 -0.0189121 0.0
-0.299752 -0.0236797 0.0
-0.298296 -0.0285553 0.0
-0.29674 -0.033549 0.0
-0.295082 -0.0386706 0.0
-0.293318 -0.0439289 0.0
-0.291443 -0.0493316 0.0
-0.289451 -0.0548851 0.0
-0.287334 -0.0605938 0.0
-0.285082 -0.0664597 0.0
-0.282686 -0.0724819 0.0
-0.280132 -0.078656 0.0
-0.277404 -0.084973 0.0
-0.274486 -0.0914189 0.0
-0.271357 -0.0979733 0.0
-0.267995 -0.104609 0.0
-0.264374 -0.11129 0.0
-0.260465 -0.117972 0.0
-0.256238 -0.124598 0.0
-0.25166 -0.131102 0.0
-0.246693 -0.137404 0.0
-0.241301 -0.143409 0.0
-0.235444 -0.149011 0.0
-0.229082 -0.154086 0.0
-0.222177 -0.158497 0.0
-0.214688 -0.162094 0.0
-0.206582 -0.164712 0.0
-0.197828 -0.166176 0.0
-0.188402 -0.166305 0.0
-0.178291 -0.164914 0.0
-0.167492 -0.16182 0.0
-0.156021 -0.156854 0.0
-0.143913 -0.149865 0.0
-0.131232 -0.140741 0.0
-0.118073 -0.129421 0.0
-0.104575 -0.115924 0.0
-0.0909284 -0.100376 0.0
-0.0773851 -0.083044 0.0
-0.0642624 -0.0643815 0.0
-0.0519292 -0.0450499 0.0
-0.0407552 -0.0259055 0.0
-0.0310247 -0.00790245 0.0
-0.0230112 0.00800141 0.0
-0.0168015 0.0204745 0.0
-0.0121136 0.0300322 0.0
-0.00861896 0.0370658 0.0
-0.00609413 0.0418349 0.0
-0.00434696 0.0444818 0.0
-0.0031828 0.0450258 0.0
-0.00239402 0.0433295 0.0
-0.00177599 0.0390456 0.0
-0.0011734 0.0316319 0.0
-0.000558359 0.0204475 0.0
-0.000127621 0.00498081 0.0
0.000409048 -0.00549434 0.0
0.00213721 -0.0230119 0.0
0.00503974 -0.0346712 0.0
0.00802575 -0.0403643 0.0
0.010401 -0.0410121 0.0
0.0118105 -0.0379003 0.0
0.0121289 -0.0322643 0.0
0.0113557 -0.0251181 0.0
0.00954245 -0.0172382 0.0
0.00673063 -0.00911741 0.0
0.0028098 -0.000863689 0.0
-0.00207636 0.0070597 0.0
-0.00753275 0.0143335 0.0
-0.0135011 0.0208834 0.0
-0.0200895 0.0270088 0.0
-0.0273753 0.0329034 0.0
-0.0354167 0.0387672 0.0
-0.0442179 0.0447294 0.0
-0.0537318 0.0508461 0.0
-0.0638697 0.0571098 0.0
-0.0745168 0.0634643 0.0
-0.0855484 0.0698279 0.0
-0.0968413 0.0761096 0.0
-0.10828 0.0822206 0.0
-0.11976 0.0880805 0.0
-0.131187 0.093619 0.0
-0.142478 0.0987764 0.0
-0.153557 0.103503 0.0
-0.16436 0.107759 0.0
-0.17483 0.111513 0.0
-0.184921 0.114742 0.0
-0.194592 0.117433 0.0
-0.203813 0.119579 0.0
-0.212562 0.121183 0.0
-0.220823 0.12225 0.0
-0.228589 0.122797 0.0
-0.235859 0.122843 0.0
-0.242637 0.122411 0.0
-0.248933 0.12153 0.0
-0.25476 0.120229 0.0
-0.260136 0.11854 0.0
-0.26508 0.116498 0.0
-0.269612 0.114134 0.0
-0.273755 0.111482 0.0
-0.277531 0.108574 0.0
-0.280962 0.105441 0.0
-0.284068 0.10211 0.0
-0.286871 0.0986097 0.0
-0.28939 0.0949636 0.0
-0.291643 0.0911943 0.0
-0.293646 0.0873221 0.0
-0.295415 0.083365 0.0
-0.296965 0.0793388 0.0
-0.29831 0.0752573 0.0
-0.299462 0.0711324 0.0
-0.300432 0.0669741 0.0
-0.301232 0.0627908 0.0
-0.301872 0.058589 0.0
-0.30236 0.054374 0.0
-0.302707 0.0501492 0.0
-0.302919 0.045917 0.0
-0.303006 0.0416783 0.0
-0.302972 0.0374329 0.0
-0.302826 0.0331793 0.0
-0.302573 0.0289152 0.0
-0.302218 0.0246371 0.0
-0.301767 0.0203406 0.0
-0.301225 0.0160207 0.0
-0.300594 0.0116714 0.0
-0.299881 0.00728619 0.0
-0.299087 0.00285789 0.0
-0.298216 -0.00162143 0.0
-0.297273 -0.00614882 0.0
-0.296263 -0.0107392 0.0
-0.295187 -0.0154043 0.0
-0.294044 -0.0201557 0.0
-0.292834 -0.0250049 0.0
-0.291558 -0.029963 0.0
-0.290214 -0.0350412 0.0
-0.2888 -0.0402499 0.0
-0.287315 -0.0455989 0.0
-0.285754 -0.0510972 0.0
-0.284114 -0.0567522 0.0
-0.282388 -0.0625699 0.0
-0.280569 -0.0685541 0.0
-0.278647 -0.0747059 0.0
-0.27661 -0.0810229 0.0
-0.274445 -0.0874987 0.0
-0.272134 -0.0941218 0.0
-0.269659 -0.100875 0.0
-0.266995 -0.107734 0.0
-0.264116 -0.114665 0.0
-0.260992 -0.121629 0.0
-0.25759 -0.12857 0.0
-0.253871 -0.135427 0.0
-0.249796 -0.142121 0.0
-0.245319 -0.148561 0.0
-0.240394 -0.154641 0.0
-0.234972 -0.16024 0.0
-0.229002 -0.165219 0.0
-0.222435 -0.169428 0.0
-0.215221 -0.172698 0.0
-0.207314 -0.174851 0.0
-0.198674 -0.175697 0.0
-0.189267 -0.17504 0.0
-0.179074 -0.172686 0.0
-0.168086 -0.168447 0.0
-0.156317 -0.162149 0.0
-0.143803 -0.153651 0.0
-0.130616 -0.142857 0.0
-0.116866 -0.129737 0.0
-0.102718 -0.114358 0.0
-0.0884019 -0.0969208 0.0
-0.0742294 -0.0777999 0.0
-0.0606007 -0.0575934 0.0
-0.0479886 -0.0371481 0.0
-0.0368655 -0.0175136 0.0
-0.0275223 0.000255881 0.0
-0.0202771 0.0147652 0.0
-0.014984 0.0257606 0.0
-0.0110511 0.0339098 0.0
-0.00814884 0.0395638 0.0
-0.00603548 0.0428923 0.0
-0.00449895 0.0439145 0.0
-0.00333582 0.0424888 0.0
-0.00236331 0.0382957 0.0
-0.00146234 0.0308782 0.0
-0.000645969 0.0197698 0.0
-0.000135677 0.00471751 0.0
0.000417853 -0.00632124 0.0
0.00208188 -0.0255772 0.0
0.00471621 -0.0376428 0.0
0.00719761 -0.0428601 0.0
0.00886535 -0.0425593 0.0
0.00941746 -0.0383147 0.0
0.00877936 -0.0315302 0.0
0.00697591 -0.0232755 0.0
0.0040555 -0.0143471 0.0
-1.18796e-05 -0.00512932 0.0
-0.00505427 0.00411143 0.0
-0.0106809 0.0125973 0.0
-0.0167644 0.0203358 0.0
-0.0233991 0.0274841 0.0
-0.0306793 0.0342768 0.0
-0.0386593 0.0409011 0.0
-0.0473515 0.0475032 0.0
-0.0567191 0.0541621 0.0
-0.0666843 0.0608924 0.0
-0.0771417 0.0676587 0.0
-0.0879727 0.0743934 0.0
-0.0990571 0.0810149 0.0
-0.110281 0.0874391 0.0
-0.121538 0.0935874 0.0
-0.132735 0.0993902 0.0
-0.143786 0.104788 0.0
-0.154617 0.10973 0.0
-0.165164 0.114176 0.0
-0.17537 0.118095 0.0
-0.185188 0.121465 0.0
-0.19458 0.124273 0.0
-0.203518 0.126511 0.0
-0.211979 0.128183 0.0
-0.219949 0.129298 0.0
-0.227423 0.12987 0.0
-0.2344 0.129921 0.0
-0.240886 0.129475 0.0
-0.246891 0.128562 0.0
-0.252431 0.127214 0.0
-0.257522 0.125463 0.0
-0.262184 0.123344 0.0
-0.266438 0.120892 0.0
-0.270308 0.118141 0.0
-0.273814 0.115124 0.0
-0.276979 0.111873 0.0
-0.279825 0.108418 0.0
-0.282372 0.104786 0.0
-0.284639 0.101004 0.0
-0.286646 0.0970944 0.0
-0.288408 0.0930788 0.0
-0.289944 0.0889762 0.0
-0.291267 0.0848037 0.0
-0.292393 0.0805761 0.0
-0.293334 0.0763061 0.0
-0.294104 0.072005 0.0
-0.294714 0.0676818 0.0
-0.295175 0.0633441 0.0
-0.295498 0.058998 0.0
-0.295692 0.0546477 0.0
-0.295766 0.0502964 0.0
-0.295729 0.0459455 0.0
-0.295589 0.0415956 0.0
-0.295352 0.0372457 0.0
-0.295026 0.0328939 0.0
-0.294616 0.0285374 0.0
-0.294128 0.0241721 0.0
-0.293567 0.0197934 0.0
-0.292937 0.0153958 0.0
-0.292244 0.010973 0.0
-0.291492 0.00651843 0.0
-0.290684 0.00202458 0.0
-0.289827 -0.00251682 0.0
-0.288922 -0.00710082 0.0
-0.287972 -0.0117468 0.0
-0.286979 -0.0164667 0.0
-0.285943 -0.0212721 0.0
-0.284866 -0.0261749 0.0
-0.283749 -0.0311867 0.0
-0.282592 -0.036319 0.0
-0.281395 -0.041583 0.0
-0.280156 -0.0469893 0.0
-0.278876 -0.0525479 0.0
-0.27755 -0.0582675 0.0
-0.276175 -0.0641556 0.0
-0.274745 -0.0702177 0.0
-0.273253 -0.0764569 0.0
-0.271688 -0.0828732 0.0
-0.270039 -0.0894629 0.0
-0.268289 -0.0962176 0.0
-0.266421 -0.103123 0.0
-0.264411 -0.110159 0.0
-0.262232 -0.117297 0.0
-0.259855 -0.124498 0.0
-0.257243 -0.131715 0.0
-0.254357 -0.138888 0.0
-0.25115 -0.145942 0.0
-0.247575 -0.152792 0.0
-0.243577 -0.159333 0.0
-0.239099 -0.165447 0.0
-0.234082 -0.170998 0.0
-0.228463 -0.175835 0.0
-0.222182 -0.179787 0.0
-0.215177 -0.182674 0.0
-0.207392 -0.184299 0.0
-0.198777 -0.184459 0.0
-0.189291 -0.182947 0.0
-0.178906 -0.179559 0.0
-0.167613 -0.1741 0.0
-0.155424 -0.166402 0.0
-0.142385 -0.156332 0.0
-0.128579 -0.143817 0.0
-0.11414 -0.128866 0.0
-0.0992661 -0.111603 0.0
-0.0842415 -0.0923148 0.0
-0.0694505 -0.0714981 0.0
-0.0553893 -0.0499167 0.0
-0.042635 -0.0286224 0.0
-0.0317419 -0.00887162 0.0
-0.0231839 0.00808947 0.0
-0.0169595 0.0209189 0.0
-0.012508 0.030367 0.0
-0.0092761 0.0369724 0.0
-0.00690349 0.0409978 0.0
-0.00512961 0.0424986 0.0
-0.00374225 0.0413542 0.0
-0.00257311 0.0372887 0.0
-0.00152875 0.0299399 0.0
-0.000643051 0.019006 0.0
-0.000126959 0.00445488 0.0
0.00041105 -0.00715015 0.0
0.00193677 -0.027938 0.0
0.00416747 -0.040147 0.0
0.00598611 -0.044656 0.0
0.00678493 -0.04323 0.0
0.00632189 -0.037733 0.0
0.00457266 -0.0297245 0.0
0.00156961 -0.0202747 0.0
-0.00258159 -0.0102763 0.0
-0.00771637 2.05174e-06 0.0
-0.0134801 0.00978622 0.0
-0.0196427 0.0187117 0.0
-0.0263028 0.0269652 0.0
-0.033542 0.0347284 0.0
-0.0414209 0.0421916 0.0
-0.0499591 0.0495046 0.0
-0.0591324 0.0567653 0.0
-0.0688757 0.064011 0.0
-0.0790947 0.0712277 0.0
-0.0896789 0.0783649 0.0
-0.100513 0.085352 0.0
-0.111484 0.092112 0.0
-0.122488 0.0985694 0.0
-0.13343 0.104656 0.0
-0.144224 0.110313 0.0
-0.154797 0.115489 0.0
-0.165082 0.120145 0.0
-0.175024 0.124249 0.0
-0.184576 0.12778 0.0
-0.193701 0.130724 0.0
-0.202369 0.133075 0.0
-0.210559 0.134837 0.0
-0.218259 0.136019 0.0
-0.225462 0.136637 0.0
-0.23217 0.136713 0.0
-0.238387 0.136273 0.0
-0.244125 0.135348 0.0
-0.249399 0.133969 0.0
-0.254227 0.132173 0.0
-0.258628 0.129995 0.0
-0.262623 0.12747 0.0
-0.266236 0.124634 0.0
-0.269488 0.121521 0.0
-0.272401 0.118164 0.0
-0.274998 0.114595 0.0
-0.277298 0.110842 0.0
-0.279322 0.106933 0.0
-0.281089 0.102892 0.0
-0.282616 0.0987407 0.0
-0.283922 0.0945005 0.0
-0.285021 0.0901891 0.0
-0.285929 0.0858224 0.0
-0.28666 0.0814146 0.0
-0.287229 0.0769775 0.0
-0.287647 0.0725216 0.0
-0.287927 0.0680551 0.0
-0.28808 0.0635851 0.0
-0.288117 0.0591166 0.0
-0.288047 0.0546533 0.0
-0.28788 0.0501977 0.0
-0.287623 0.0457507 0.0
-0.287285 0.0413119 0.0
-0.286872 0.03688 0.0
-0.286391 0.0324525 0.0
-0.285849 0.0280258 0.0
-0.285249 0.0235957 0.0
-0.284597 0.019157 0.0
-0.283898 0.0147039 0.0
-0.283156 0.0102299 0.0
-0.282376 0.00572835 0.0
-0.281561 0.00119202 0.0
-0.280716 -0.00338618 0.0
-0.279844 -0.00800742 0.0
-0.278946 -0.0126882 0.0
-0.278024 -0.017441 0.0
-0.27708 -0.0222777 0.0
-0.276116 -0.0272102 0.0
-0.275134 -0.0322506 0.0
-0.274136 -0.0374107 0.0
-0.273122 -0.042702 0.0
-0.272095 -0.048136 0.0
-0.271053 -0.0537233 0.0
-0.269997 -0.0594738 0.0
-0.268925 -0.0653965 0.0
-0.267833 -0.0714985 0.0
-0.266717 -0.077785 0.0
-0.265568 -0.0842586 0.0
-0.264376 -0.0909183 0.0
-0.263129 -0.097759 0.0
-0.261809 -0.10477 0.0
-0.260395 -0.111936 0.0
-0.258861 -0.119232 0.0
-0.257177 -0.126625 0.0
-0.255307 -0.134071 0.0
-0.253207 -0.141517 0.0
-0.250832 -0.148894 0.0
-0.248128 -0.15612 0.0
-0.245036 -0.163096 0.0
-0.241492 -0.169707 0.0
-0.237428 -0.175821 0.0
-0.232772 -0.181287 0.0
-0.22745 -0.185937 0.0
-0.22139 -0.189588 0.0
-0.214519 -0.19204 0.0
-0.206769 -0.193082 0.0
-0.198083 -0.192497 0.0
-0.188412 -0.190065 0.0
-0.177725 -0.185574 0.0
-0.166014 -0.178828 0.0
-0.153298 -0.169662 0.0
-0.139633 -0.157959 0.0
-0.125123 -0.143673 0.0
-0.109935 -0.126858 0.0
-0.0943132 -0.107707 0.0
-0.0786047 -0.0866054 0.0
-0.0632828 -0.0641925 0.0
-0.048958 -0.0414256 0.0
-0.036331 -0.0195885 0.0
-0.0259758 -0.000106835 0.0
-0.018373 0.015288 0.0
-0.013217 0.0263904 0.0
-0.00961375 0.0341138 0.0
-0.00703474 0.0389047 0.0
-0.00513043 0.0409135 0.0
-0.00365461 0.0400762 0.0
-0.00243727 0.0361802 0.0
-0.00139522 0.0289619 0.0
-0.000561422 0.0182645 0.0
-0.0001045 0.00422342 0.0
0.000385341 -0.00794654 0.0
0.00169228 -0.0299743 0.0
0.00338122 -0.0420304 0.0
0.00438145 -0.0455914 0.0
0.00415543 -0.0428673 0.0
0.00252757 -0.0360048 0.0
-0.000489112 -0.0266868 0.0
-0.00467558 -0.0161229 0.0
-0.00980614 -0.00514639 0.0
-0.0156593 0.00586008 0.0
-0.0219605 0.0159931 0.0
-0.0286665 0.0253733 0.0
-0.0358685 0.0341658 0.0
-0.043637 0.0425354 0.0
-0.0520042 0.0506307 0.0
-0.0609595 0.0585591 0.0
-0.070453 0.0663775 0.0
-0.0804036 0.0740927 0.0
-0.0907107 0.0816723 0.0
-0.101266 0.0890594 0.0
-0.111959 0.0961853 0.0
-0.122689 0.10298 0.0
-0.13336 0.109377 0.0
-0.143887 0.115318 0.0
-0.154195 0.120753 0.0
-0.164218 0.125644 0.0
-0.1739 0.129957 0.0
-0.183194 0.133673 0.0
-0.192063 0.136777 0.0
-0.200477 0.139265 0.0
-0.208415 0.14114 0.0
-0.215864 0.142412 0.0
-0.222818 0.143098 0.0
-0.229278 0.143221 0.0
-0.23525 0.142807 0.0
-0.240744 0.141889 0.0
-0.245775 0.1405 0.0
-0.250361 0.138676 0.0
-0.254521 0.136454 0.0
-0.258277 0.133871 0.0
-0.261651 0.130963 0.0
-0.264666 0.127767 0.0
-0.267342 0.124316 0.0
-0.269704 0.120644 0.0
-0.27177 0.116779 0.0
-0.273563 0.112751 0.0
-0.275101 0.108586 0.0
-0.276403 0.104307 0.0
-0.277487 0.0999365 0.0
-0.27837 0.0954929 0.0
-0.279068 0.0909938 0.0
-0.279596 0.0864544 0.0
-0.27997 0.0818877 0.0
-0.280202 0.0773052 0.0
-0.280306 0.0727161 0.0
-0.280294 0.0681283 0.0
-0.280176 0.0635477 0.0
-0.279964 0.0589787 0.0
-0.279668 0.0544244 0.0
-0.279294 0.0498862 0.0
-0.278853 0.0453643 0.0
-0.278351 0.0408579 0.0
-0.277794 0.0363648 0.0
-0.277189 0.0318819 0.0
-0.276541 0.0274053 0.0
-0.275854 0.02293 0.0
-0.275134 0.0184506 0.0
-0.274384 0.013961 0.0
-0.273607 0.00945453 0.0
-0.272809 0.00492436 0.0
-0.271991 0.000363543 0.0
-0.271159 -0.00423394 0.0
-0.270316 -0.00887486 0.0
-0.269461 -0.0135732 0.0
-0.268598 -0.0183412 0.0
-0.267729 -0.0231907 0.0
-0.266857 -0.0281338 0.0
-0.265984 -0.0331823 0.0
-0.265113 -0.0383482 0.0
-0.264248 -0.0436433 0.0
-0.26339 -0.0490795 0.0
-0.262543 -0.0546682 0.0
-0.261708 -0.0604201 0.0
-0.260885 -0.0663453 0.0
-0.260074 -0.0724528 0.0
-0.259272 -0.0787495 0.0
-0.258474 -0.0852406 0.0
-0.257674 -0.0919281 0.0
-0.25686 -0.0988103 0.0
-0.256018 -0.105881 0.0
-0.25513 -0.113128 0.0
-0.254171 -0.120532 0.0
-0.253112 -0.128067 0.0
-0.251919 -0.135694 0.0
-0.250547 -0.143365 0.0
-0.24895 -0.151019 0.0
-0.247071 -0.158579 0.0
-0.244847 -0.165953 0.0
-0.242209 -0.173031 0.0
-0.239082 -0.179687 0.0
-0.235385 -0.185773 0.0
-0.231035 -0.191123 0.0
-0.225946 -0.195553 0.0
-0.220032 -0.198861 0.0
-0.21321 -0.200833 0.0
-0.205403 -0.20124 0.0
-0.196545 -0.199851 0.0
-0.186585 -0.196435 0.0
-0.175492 -0.190772 0.0
-0.163261 -0.182665 0.0
-0.149925 -0.171957 0.0
-0.135559 -0.15855 0.0
-0.120297 -0.142431 0.0
-0.104345 -0.123707 0.0
-0.0880049 -0.102654 0.0
-0.0716967 -0.079774 0.0
-0.0559889 -0.0558767 0.0
-0.0416016 -0.0321518 0.0
-0.029338 -0.0101623 0.0
-0.019982 0.00838464 0.0
-0.013608 0.0217638 0.0
-0.00941623 0.0309453 0.0
-0.00658956 0.0366675 0.0
-0.00460859 0.0392654 0.0
-0.00314747 0.0387873 0.0
-0.00200675 0.0351111 0.0
-0.00109248 0.0280748 0.0
-0.000414327 0.0176397 0.0
-7.09781e-05 0.00404794 0.0
0.000338049 -0.00866993 0.0
0.00134345 -0.0315632 0.0
0.00235639 -0.0431433 0.0
0.00239027 -0.0455126 0.0
0.000990812 -0.0413207 0.0
-0.00189704 -0.0330357 0.0
-0.00603177 -0.0225045 0.0
-0.0111436 -0.0110069 0.0
-0.0171139 0.000838429 0.0
-0.0235945 0.012209 0.0
-0.0303595 0.0227105 0.0
-0.0375457 0.0325481 0.0
-0.0452222 0.0418695 0.0
-0.0534284 0.0508063 0.0
-0.0621676 0.0594661 0.0
-0.0714059 0.0679173 0.0
-0.0810775 0.0761844 0.0
-0.0910941 0.084253 0.0
-0.101356 0.0920806 0.0
-0.111759 0.099609 0.0
-0.122203 0.106774 0.0
-0.132595 0.113513 0.0
-0.142851 0.119769 0.0
-0.152893 0.125495 0.0
-0.162658 0.130649 0.0
-0.172087 0.135201 0.0
-0.181134 0.139129 0.0
-0.18976 0.142421 0.0
-0.197935 0.145073 0.0
-0.205639 0.147087 0.0
-0.212858 0.148474 0.0
-0.219584 0.149253 0.0
-0.225819 0.149446 0.0
-0.231567 0.149081 0.0
-0.23684 0.148191 0.0
-0.24165 0.14681 0.0
-0.246016 0.144976 0.0
-0.249957 0.142727 0.0
-0.253494 0.140101 0.0
-0.256649 0.137135 0.0
-0.259444 0.133868 0.0
-0.261902 0.130334 0.0
-0.264044 0.126568 0.0
-0.265893 0.122602 0.0
-0.267469 0.118464 0.0
-0.268793 0.114183 0.0
-0.269883 0.109783 0.0
-0.27076 0.105289 0.0
-0.27144 0.100719 0.0
-0.271941 0.0960939 0.0
-0.272278 0.0914288 0.0
-0.272469 0.0867384 0.0
-0.272527 0.082035 0.0
-0.272465 0.077329 0.0
-0.272298 0.0726289 0.0
-0.272037 0.0679416 0.0
-0.271692 0.0632723 0.0
-0.271274 0.0586243 0.0
-0.270792 0.0539998 0.0
-0.270254 0.0493995 0.0
-0.269667 0.0448228 0.0
-0.269038 0.040268 0.0
-0.268372 0.0357322 0.0
-0.267674 0.0312119 0.0
-0.26695 0.0267025 0.0
-0.266202 0.0221986 0.0
-0.265435 0.0176944 0.0
-0.264652 0.0131836 0.0
-0.263855 0.00865921 0.0
-0.263049 0.00411437 0.0
-0.262235 -0.000457835 0.0
-0.261417 -0.00506185 0.0
-0.260599 -0.00970903 0.0
-0.25978 -0.0144118 0.0
-0.258964 -0.0191818 0.0
-0.258153 -0.0240305 0.0
-0.25735 -0.0289694 0.0
-0.25656 -0.0340103 0.0
-0.255786 -0.039165 0.0
-0.255032 -0.0444453 0.0
-0.254304 -0.0498633 0.0
-0.253604 -0.0554307 0.0
-0.252938 -0.061159 0.0
-0.252308 -0.0670594 0.0
-0.251716 -0.073142 0.0
-0.251163 -0.0794158 0.0
-0.250646 -0.0858882 0.0
-0.250163 -0.0925642 0.0
-0.249705 -0.0994455 0.0
-0.249263 -0.10653 0.0
-0.24882 -0.113811 0.0
-0.248355 -0.121274 0.0
-0.247842 -0.128898 0.0
-0.247246 -0.136652 0.0
-0.246529 -0.144496 0.0
-0.245639 -0.152374 0.0
-0.244522 -0.160219 0.0
-0.243112 -0.167946 0.0
-0.241336 -0.175452 0.0
-0.239113 -0.182616 0.0
-0.236357 -0.189297 0.0
-0.232973 -0.195332 0.0
-0.228865 -0.20054 0.0
-0.223935 -0.204718 0.0
-0.218085 -0.207648 0.0
-0.211222 -0.209094 0.0
-0.203262 -0.208814 0.0
-0.194133 -0.20656 0.0
-0.183784 -0.202089 0.0
-0.172188 -0.195174 0.0
-0.159351 -0.18562 0.0
-0.145325 -0.173279 0.0
-0.130213 -0.158076 0.0
-0.114185 -0.140041 0.0
-0.0975008 -0.119346 0.0
-0.0805255 -0.0963658 0.0
-0.0637664 -0.0717518 0.0
-0.0479036 -0.0465268 0.0
-0.0337888 -0.0221658 0.0
-0.0222617 -0.000494999 0.0
-0.0141126 0.0161204 0.0
-0.0090212 0.0273057 0.0
-0.00580284 0.0342622 0.0
-0.00372423 0.0376112 0.0
-0.00232946 0.0375856 0.0
-0.00135154 0.0341941 0.0
-0.000658992 0.0273849 0.0
-0.0002163 0.0172087 0.0
-2.88384e-05 0.00394812 0.0
0.00026734 -0.00927532 0.0
0.000890788 -0.0325867 0.0
0.00110429 -0.0433463 0.0
3.64524e-05 -0.0442757 0.0
-0.00258582 -0.0385359 0.0
-0.00659943 -0.0289191 0.0
-0.0117178 -0.0173681 0.0
-0.0177272 -0.00502201 0.0
-0.0243236 0.00742025 0.0
-0.0312321 0.0190162 0.0
-0.0384546 0.0298909 0.0
-0.0460789 0.0401782 0.0
-0.0541572 0.0499941 0.0
-0.0627054 0.0594361 0.0
-0.0717052 0.0685754 0.0
-0.0811069 0.077448 0.0
-0.0908366 0.0860548 0.0
-0.100805 0.0943675 0.0
-0.110916 0.102339 0.0
-0.121074 0.109912 0.0
-0.131188 0.117029 0.0
-0.141174 0.123636 0.0
-0.150957 0.129684 0.0
-0.16047 0.135135 0.0
-0.169656 0.139958 0.0
-0.178468 0.144132 0.0
-0.186866 0.147643 0.0
-0.194821 0.150488 0.0
-0.202309 0.15267 0.0
-0.209317 0.154201 0.0
-0.215837 0.155098 0.0
-0.221868 0.155387 0.0
-0.227416 0.155094 0.0
-0.232489 0.154254 0.0
-0.237101 0.152903 0.0
-0.24127 0.151078 0.0
-0.245013 0.148818 0.0
-0.248352 0.146165 0.0
-0.251308 0.143156 0.0
-0.253904 0.139831 0.0
-0.256163 0.136226 0.0
-0.258106 0.132377 0.0
-0.259755 0.128318 0.0
-0.261133 0.124079 0.0
-0.26226 0.11969 0.0
-0.263157 0.115177 0.0
-0.263842 0.110565 0.0
-0.264336 0.105877 0.0
-0.264656 0.101131 0.0
-0.26482 0.0963463 0.0
-0.264843 0.0915378 0.0
-0.264743 0.0867191 0.0
-0.264532 0.0819015 0.0
-0.264225 0.0770945 0.0
-0.263835 0.0723056 0.0
-0.263372 0.0675406 0.0
-0.262847 0.0628035 0.0
-0.262269 0.058097 0.0
-0.261646 0.0534221 0.0
-0.260985 0.0487785 0.0
-0.260293 0.0441648 0.0
-0.259575 0.0395785 0.0
-0.258835 0.0350161 0.0
-0.258078 0.0304733 0.0
-0.257306 0.0259451 0.0
-0.256524 0.0214257 0.0
-0.255732 0.016909 0.0
-0.254935 0.0123883 0.0
-0.254133 0.0078566 0.0
-0.25333 0.00330673 0.0
-0.252525 -0.00126852 0.0
-0.251724 -0.00587033 0.0
-0.250928 -0.010515 0.0
-0.250138 -0.0152136 0.0
-0.249358 -0.0199768 0.0
-0.248589 -0.0248154 0.0
-0.247836 -0.0297403 0.0
-0.247103 -0.0347628 0.0
-0.246395 -0.0398942 0.0
-0.245719 -0.0451461 0.0
-0.245079 -0.0505306 0.0
-0.244483 -0.0560594 0.0
-0.243935 -0.0617445 0.0
-0.243441 -0.0675977 0.0
-0.243006 -0.0736303 0.0
-0.242634 -0.079853 0.0
-0.242327 -0.086275 0.0
-0.242083 -0.0929041 0.0
-0.241901 -0.0997455 0.0
-0.241772 -0.106801 0.0
-0.241686 -0.114069 0.0
-0.241625 -0.121541 0.0
-0.241567 -0.129202 0.0
-0.241481 -0.137029 0.0
-0.241329 -0.144989 0.0
-0.241064 -0.153035 0.0
-0.240631 -0.161109 0.0
-0.239964 -0.169134 0.0
-0.238988 -0.177016 0.0
-0.237619 -0.184644 0.0
-0.235764 -0.191881 0.0
-0.233323 -0.198573 0.0
-0.230189 -0.204541 0.0
-0.226252 -0.209584 0.0
-0.221402 -0.213482 0.0
-0.215531 -0.215995 0.0
-0.208535 -0.216869 0.0
-0.200326 -0.215843 0.0
-0.19083 -0.212651 0.0
-0.179999 -0.207039 0.0
-0.167816 -0.198774 0.0
-0.154305 -0.187662 0.0
-0.139543 -0.173568 0.0
-0.123668 -0.15645 0.0
-0.106901 -0.136388 0.0
-0.0895582 -0.113641 0.0
-0.072082 -0.0887115 0.0
-0.0550713 -0.0624406 0.0
-0.0393116 -0.0361264 0.0
-0.0257647 -0.0116084 0.0
-0.0155392 0.00885914 0.0
-0.00892715 0.0228635 0.0
-0.00499603 0.0315548 0.0
-0.00269164 0.0359355 0.0
-0.00134319 0.0365181 0.0
-0.000560673 0.0335012 0.0
-0.000141662 0.0269662 0.0
1.54437e-05 0.0170276 0.0
1.89671e-05 0.00393825 0.0
0.000172647 -0.0097153 0.0
0.000340839 -0.0329384 0.0
-0.000351694 -0.0425156 0.0
-0.00256253 -0.0418277 0.0
-0.00632061 -0.0346035 0.0
-0.0113368 -0.0238217 0.0
-0.0173145 -0.0113694 0.0
-0.0240553 0.00172964 0.0
-0.0311822 0.0143919 0.0
-0.0384875 0.0262582 0.0
-0.0461101 0.037494 0.0
-0.0541087 0.0481981 0.0
-0.062509 0.0584527 0.0
-0.0713059 0.0683226 0.0
-0.0804654 0.0778481 0.0
-0.0899283 0.0870401 0.0
-0.0996183 0.0958824 0.0
-0.109449 0.104339 0.0
-0.11933 0.11236 0.0
-0.129174 0.119893 0.0
-0.1389 0.126888 0.0
-0.148432 0.133296 0.0
-0.157706 0.13908 0.0
-0.166663 0.14421 0.0
-0.175255 0.148663 0.0
-0.183443 0.152427 0.0
-0.191194 0.155498 0.0
-0.198487 0.15788 0.0
-0.205305 0.159584 0.0
-0.21164 0.16063 0.0
-0.21749 0.16104 0.0
-0.222859 0.160845 0.0
-0.227756 0.160079 0.0
-0.232193 0.158779 0.0
-0.236186 0.156983 0.0
-0.239755 0.154733 0.0
-0.242918 0.152069 0.0
-0.245698 0.149033 0.0
-0.248116 0.145663 0.0
-0.250196 0.142 0.0
-0.25196 0.13808 0.0
-0.253431 0.133938 0.0
-0.254631 0.129607 0.0
-0.255581 0.125118 0.0
-0.256304 0.1205 0.0
-0.256818 0.115778 0.0
-0.257145 0.110977 0.0
-0.257304 0.106117 0.0
-0.257312 0.101219 0.0
-0.257188 0.096298 0.0
-0.256948 0.0913695 0.0
-0.256607 0.0864456 0.0
-0.256179 0.0815367 0.0
-0.255677 0.076651 0.0
-0.255114 0.071795 0.0
-0.254499 0.0669732 0.0
-0.253842 0.0621886 0.0
-0.253151 0.0574425 0.0
-0.252432 0.052735 0.0
-0.251692 0.0480647 0.0
-0.250935 0.0434295 0.0
-0.250165 0.0388258 0.0
-0.249385 0.0342497 0.0
-0.248599 0.0296962 0.0
-0.247808 0.0251598 0.0
-0.247015 0.0206344 0.0
-0.24622 0.0161138 0.0
-0.245425 0.011591 0.0
-0.244631 0.00705898 0.0
-0.243841 0.00251019 0.0
-0.243054 -0.00206361 0.0
-0.242272 -0.00665867 0.0
-0.241498 -0.0112964 0.0
-0.240733 -0.0159866 0.0
-0.239978 -0.0207386 0.0
-0.239238 -0.0255623 0.0
-0.238517 -0.0304677 0.0
-0.23782 -0.0354654 0.0
-0.237153 -0.0405663 0.0
-0.236522 -0.0457813 0.0
-0.235935 -0.0511221 0.0
-0.235399 -0.0566005 0.0
-0.234922 -0.0622283 0.0
-0.234512 -0.0680178 0.0
-0.234176 -0.073981 0.0
-0.23392 -0.0801297 0.0
-0.233751 -0.0864752 0.0
-0.233671 -0.0930273 0.0
-0.233681 -0.0997945 0.0
-0.233779 -0.106783 0.0
-0.233958 -0.113995 0.0
-0.234207 -0.121428 0.0
-0.234506 -0.129074 0.0
-0.23483 -0.136918 0.0
-0.235146 -0.144935 0.0
-0.23541 -0.153089 0.0
-0.235569 -0.161329 0.0
-0.235559 -0.16959 0.0
-0.235305 -0.177789 0.0
-0.234722 -0.185823 0.0
-0.233713 -0.193566 0.0
-0.232172 -0.200871 0.0
-0.229985 -0.207564 0.0
-0.227033 -0.21345 0.0
-0.223192 -0.218307 0.0
-0.21834 -0.221894 0.0
-0.212358 -0.223948 0.0
-0.205138 -0.224193 0.0
-0.196587 -0.222347 0.0
-0.186633 -0.218128 0.0
-0.175237 -0.211265 0.0
-0.162396 -0.201522 0.0
-0.148161 -0.188707 0.0
-0.13264 -0.172707 0.0
-0.11602 -0.153519 0.0
-0.0985753 -0.131297 0.0
-0.0806966 -0.106411 0.0
-0.0629139 -0.0795351 0.0
-0.0459377 -0.0517678 0.0
-0.0306891 -0.0247627 0.0
-0.0181717 -0.000729426 0.0
-0.00951551 0.0171839 0.0
-0.00451142 0.0282992 0.0
-0.00176073 0.034136 0.0
-0.0003573 0.0355657 0.0
0.000261108 0.0330527 0.0
0.000399367 0.0268575 0.0
0.000253156 0.0171254 0.0
6.64228e-05 0.00402364 0.0
5.81297e-05 -0.00994608 0.0
-0.000287889 -0.0325298 0.0
-0.00194058 -0.040579 0.0
-0.00526274 -0.0382313 0.0
-0.0100623 -0.0296422 0.0
-0.0160021 -0.0178271 0.0
-0.0228055 -0.00458291 0.0
-0.0300821 0.00896059 0.0
-0.037544 0.0217497 0.0
-0.0452274 0.0338892 0.0
-0.0532044 0.0454627 0.0
-0.0615115 0.0565352 0.0
-0.0701551 0.0671595 0.0
-0.0791147 0.0773724 0.0
-0.0883459 0.087189 0.0
-0.0977856 0.0966017 0.0
-0.107358 0.105583 0.0
-0.116981 0.114092 0.0
-0.126573 0.12208 0.0
-0.136055 0.1295 0.0
-0.145353 0.136306 0.0
-0.154404 0.142461 0.0
-0.163149 0.147934 0.0
-0.171539 0.152703 0.0
-0.179535 0.156757 0.0
-0.187103 0.160089 0.0
-0.194221 0.162705 0.0
-0.20087 0.164615 0.0
-0.207042 0.165839 0.0
-0.212734 0.166402 0.0
-0.217948 0.166332 0.0
-0.222692 0.165666 0.0
-0.226977 0.164441 0.0
-0.230819 0.162697 0.0
-0.234235 0.160475 0.0
-0.237245 0.15782 0.0
-0.239871 0.154772 0.0
-0.242135 0.151374 0.0
-0.244059 0.147665 0.0
-0.245666 0.143686 0.0
-0.24698 0.139472 0.0
-0.248024 0.135059 0.0
-0.248819 0.13048 0.0
-0.249388 0.125764 0.0
-0.249753 0.12094 0.0
-0.249934 0.116033 0.0
-0.249952 0.111067 0.0
-0.249826 0.10606 0.0
-0.249575 0.101033 0.0
-0.249216 0.0960003 0.0
-0.248764 0.0909755 0.0
-0.248236 0.0859698 0.0
-0.247643 0.0809922 0.0
-0.246999 0.0760498 0.0
-0.246314 0.0711475 0.0
-0.245596 0.0662886 0.0
-0.244855 0.0614746 0.0
-0.244096 0.0567059 0.0
-0.243324 0.0519813 0.0
-0.242544 0.0472985 0.0
-0.24176 0.0426542 0.0
-0.240973 0.0380444 0.0
-0.240186 0.0334643 0.0
-0.239399 0.0289085 0.0
-0.238613 0.0243711 0.0
-0.23783 0.0198459 0.0
-0.237048 0.0153263 0.0
-0.23627 0.0108055 0.0
-0.235496 0.00627662 0.0
-0.234726 0.00173233 0.0
-0.233964 -0.00283499 0.0
-0.233208 -0.00742483 0.0
-0.232457 -0.012056 0.0
-0.231712 -0.0167372 0.0
-0.230977 -0.0214772 0.0
-0.230256 -0.0262847 0.0
-0.229553 -0.0311691 0.0
-0.228874 -0.03614 0.0
-0.228226 -0.0412074 0.0
-0.227615 -0.0463817 0.0
-0.22705 -0.0516738 0.0
-0.22654 -0.057095 0.0
-0.226093 -0.0626571 0.0
-0.22572 -0.0683722 0.0
-0.22543 -0.0742527 0.0
-0.225232 -0.0803112 0.0
-0.225136 -0.08656 0.0
-0.225147 -0.0930113 0.0
-0.225271 -0.099676 0.0
-0.225511 -0.106564 0.0
-0.225864 -0.113681 0.0
-0.226325 -0.121032 0.0
-0.226881 -0.128615 0.0
-0.227512 -0.136422 0.0
-0.22819 -0.144438 0.0
-0.228877 -0.152635 0.0
-0.229525 -0.160976 0.0
-0.230074 -0.169405 0.0
-0.230449 -0.177852 0.0
-0.230567 -0.186225 0.0
-0.23033 -0.19441 0.0
-0.229629 -0.202269 0.0
-0.228344 -0.209638 0.0
-0.226347 -0.216325 0.0
-0.223504 -0.222115 0.0
-0.219681 -0.226762 0.0
-0.214742 -0.23 0.0
-0.208562 -0.231542 0.0
-0.201027 -0.231086 0.0
-0.192043 -0.228326 0.0
-0.181548 -0.222959 0.0
-0.169512 -0.214703 0.0
-0.155959 -0.203314 0.0
-0.140968 -0.188611 0.0
-0.124693 -0.170511 0.0
-0.107374 -0.149069 0.0
-0.0893561 -0.124535 0.0
-0.0711115 -0.0974375 0.0
-0.0532676 -0.0686853 0.0
-0.0366416 -0.0397199 0.0
-0.0222643 -0.0126669 0.0
-0.0114729 0.00967379 0.0
-0.00477632 0.0241087 0.0
-0.00120813 0.0320077 0.0
0.000444031 0.0346385 0.0
0.000988047 0.0328175 0.0
0.000891376 0.0270511 0.0
0.000473186 0.0174962 0.0
0.000111335 0.0042014 0.0
-6.60593e-05 -0.00993815 0.0
-0.000971926 -0.0312858 0.0
-0.00358984 -0.0375524 0.0
-0.00794323 -0.0335824 0.0
-0.0136779 -0.0237568 0.0
-0.0204095 -0.0110411 0.0
-0.0278434 0.00286845 0.0
-0.035561 0.0165035 0.0
-0.043363 0.0294707 0.0
-0.0513777 0.0418663 0.0
-0.0596514 0.0537362 0.0
-0.0681991 0.0651165 0.0
-0.0770116 0.0760342 0.0
-0.0860574 0.086503 0.0
-0.0952863 0.0965185 0.0
-0.104634 0.10606 0.0
-0.114028 0.115091 0.0
-0.123393 0.123571 0.0
-0.132653 0.131453 0.0
-0.14174 0.138695 0.0
-0.150588 0.145258 0.0
-0.159142 0.151113 0.0
-0.167352 0.156237 0.0
-0.175177 0.160616 0.0
-0.182584 0.164247 0.0
-0.189548 0.167132 0.0
-0.196052 0.169283 0.0
-0.202084 0.170719 0.0
-0.207641 0.171464 0.0
-0.212723 0.17155 0.0
-0.217337 0.171012 0.0
-0.221494 0.169887 0.0
-0.225208 0.168219 0.0
-0.228496 0.166049 0.0
-0.231377 0.163421 0.0
-0.233873 0.16038 0.0
-0.236005 0.156969 0.0
-0.237796 0.153231 0.0
-0.23927 0.149206 0.0
-0.24045 0.144933 0.0
-0.241359 0.140449 0.0
-0.242021 0.135788 0.0
-0.24246 0.130984 0.0
-0.242696 0.126066 0.0
-0.242754 0.121061 0.0
-0.242653 0.115993 0.0
-0.242414 0.110886 0.0
-0.242057 0.105758 0.0
-0.2416 0.100627 0.0
-0.241059 0.0955063 0.0
-0.24045 0.090409 0.0
-0.239786 0.0853444 0.0
-0.239081 0.08032 0.0
-0.238345 0.0753414 0.0
-0.237586 0.0704119 0.0
-0.236813 0.0655336 0.0
-0.236031 0.0607065 0.0
-0.235246 0.0559297 0.0
-0.234461 0.0512008 0.0
-0.233678 0.0465166 0.0
-0.2329 0.041873 0.0
-0.232126 0.0372652 0.0
-0.231358 0.0326878 0.0
-0.230595 0.028135 0.0
-0.229837 0.0236008 0.0
-0.229083 0.0190787 0.0
-0.228333 0.0145623 0.0
-0.227586 0.0100447 0.0
-0.226843 0.00551935 0.0
-0.226103 0.000979613 0.0
-0.225366 -0.00358063 0.0
-0.224633 -0.00816835 0.0
-0.223902 -0.0127953 0.0
-0.223175 -0.0174698 0.0
-0.222454 -0.0221996 0.0
-0.221745 -0.0269928 0.0
-0.221051 -0.0318577 0.0
-0.220378 -0.036803 0.0
-0.219733 -0.0418378 0.0
-0.219124 -0.0469715 0.0
-0.218558 -0.0522144 0.0
-0.218046 -0.0575768 0.0
-0.217598 -0.0630701 0.0
-0.217225 -0.0687058 0.0
-0.216937 -0.0744965 0.0
-0.216748 -0.0804548 0.0
-0.216667 -0.086594 0.0
-0.216706 -0.0929274 0.0
-0.216873 -0.0994682 0.0
-0.217176 -0.106229 0.0
-0.217618 -0.11322 0.0
-0.218199 -0.120451 0.0
-0.218913 -0.127926 0.0
-0.219746 -0.135646 0.0
-0.220679 -0.143603 0.0
-0.221679 -0.151782 0.0
-0.222705 -0.160155 0.0
-0.223702 -0.168681 0.0
-0.224601 -0.177301 0.0
-0.225322 -0.185938 0.0
-0.225767 -0.19449 0.0
-0.225827 -0.202831 0.0
-0.225379 -0.210809 0.0
-0.224288 -0.218242 0.0
-0.222413 -0.224916 0.0
-0.219606 -0.230591 0.0
-0.215719 -0.234996 0.0
-0.210608 -0.237836 0.0
-0.20414 -0.238794 0.0
-0.1962 -0.237541 0.0
-0.1867 -0.233741 0.0
-0.175584 -0.227072 0.0
-0.162848 -0.217236 0.0
-0.14854 -0.203988 0.0
-0.132784 -0.187166 0.0
-0.115785 -0.166732 0.0
-0.0978505 -0.142824 0.0
-0.0794088 -0.115835 0.0
-0.061031 -0.0865095 0.0
-0.0434668 -0.0560859 0.0
-0.0276785 -0.0264664 0.0
-0.0147301 -0.000266454 0.0
-0.00595399 0.0185762 0.0
-0.00125208 0.0292701 0.0
0.000889733 0.0335821 0.0
0.00150821 0.0327113 0.0
0.00127403 0.0274881 0.0
0.000651093 0.0181003 0.0
0.000148751 0.00446149 0.0
-0.000206931 -0.00966516 0.0
-0.00168245 -0.0291774 0.0
-0.00522253 -0.0335028 0.0
-0.0105265 -0.0279746 0.0
-0.017118 -0.0170384 0.0
-0.0246116 -0.00353426 0.0
-0.0325047 0.0106885 0.0
-0.0404735 0.0243699 0.0
-0.0485814 0.0375142 0.0
-0.0568804 0.0501364 0.0
-0.0653919 0.0622514 0.0
-0.074115 0.0738721 0.0
-0.0830288 0.0850048 0.0
-0.0920947 0.0956441 0.0
-0.10126 0.105771 0.0
-0.110461 0.115356 0.0
-0.119631 0.124359 0.0
-0.1287 0.132737 0.0
-0.137602 0.140449 0.0
-0.146273 0.147457 0.0
-0.15466 0.153731 0.0
-0.162713 0.159247 0.0
-0.170391 0.163991 0.0
-0.177661 0.167957 0.0
-0.184496 0.171148 0.0
-0.190878 0.173576 0.0
-0.196794 0.175259 0.0
-0.20224 0.176221 0.0
-0.207214 0.176494 0.0
-0.211723 0.176112 0.0
-0.215776 0.175117 0.0
-0.219386 0.173549 0.0
-0.22257 0.171454 0.0
-0.225346 0.168877 0.0
-0.227736 0.165863 0.0
-0.22976 0.162458 0.0
-0.231442 0.158706 0.0
-0.232805 0.154649 0.0
-0.233874 0.15033 0.0
-0.234672 0.145787 0.0
-0.235224 0.141056 0.0
-0.235554 0.136173 0.0
-0.235685 0.131169 0.0
-0.23564 0.126073 0.0
-0.235441 0.120912 0.0
-0.235111 0.11571 0.0
-0.234669 0.110488 0.0
-0.234133 0.105264 0.0
-0.233523 0.100053 0.0
-0.232853 0.0948691 0.0
-0.232138 0.0897222 0.0
-0.23139 0.0846203 0.0
-0.230621 0.0795695 0.0
-0.229839 0.0745734 0.0
-0.229051 0.0696339 0.0
-0.228264 0.0647514 0.0
-0.227482 0.0599247 0.0
-0.226707 0.0551514 0.0
-0.225941 0.0504283 0.0
-0.225186 0.045751 0.0
-0.22444 0.0411148 0.0
-0.223705 0.0365142 0.0
-0.222977 0.0319434 0.0
-0.222257 0.0273964 0.0
-0.221543 0.0228668 0.0
-0.220832 0.0183484 0.0
-0.220124 0.0138346 0.0
-0.219417 0.00931898 0.0
-0.218711 0.00479513 0.0
-0.218004 0.000256751 0.0
-0.217297 -0.00430159 0.0
-0.216588 -0.00888941 0.0
-0.215878 -0.0135154 0.0
-0.215168 -0.0181866 0.0
-0.214461 -0.02291 0.0
-0.21376 -0.0276927 0.0
-0.21307 -0.0325419 0.0
-0.212396 -0.0374654 0.0
-0.211746 -0.0424713 0.0
-0.211125 -0.047568 0.0
-0.210544 -0.0527646 0.0
-0.210012 -0.0580708 0.0
-0.20954 -0.0634967 0.0
-0.209139 -0.0690535 0.0
-0.208822 -0.0747529 0.0
-0.208602 -0.0806076 0.0
-0.208493 -0.0866309 0.0
-0.208508 -0.092837 0.0
-0.208659 -0.0992402 0.0
-0.208958 -0.105855 0.0
-0.209413 -0.112697 0.0
-0.210029 -0.119777 0.0
-0.210809 -0.127107 0.0
-0.211745 -0.134695 0.0
-0.212826 -0.142542 0.0
-0.214027 -0.150642 0.0
-0.215317 -0.158981 0.0
-0.216646 -0.167529 0.0
-0.217955 -0.176244 0.0
-0.219168 -0.185062 0.0
-0.220192 -0.193897 0.0
-0.220918 -0.202638 0.0
-0.221223 -0.211145 0.0
-0.220971 -0.219249 0.0
-0.220012 -0.226744 0.0
-0.218188 -0.233394 0.0
-0.21534 -0.238929 0.0
-0.211307 -0.243048 0.0
-0.205937 -0.245421 0.0
-0.199093 -0.245698 0.0
-0.190661 -0.243516 0.0
-0.180561 -0.238512 0.0
-0.168756 -0.230337 0.0
-0.155266 -0.218684 0.0
-0.140179 -0.203313 0.0
-0.123669 -0.184094 0.0
-0.106007 -0.161058 0.0
-0.0875807 -0.134469 0.0
-0.0689146 -0.10492 0.0
-0.0506907 -0.073464 0.0
-0.0337737 -0.0417936 0.0
-0.0192334 -0.0124281 0.0
-0.00850704 0.0112354 0.0
-0.00215487 0.0255568 0.0
0.000827221 0.0321715 0.0
0.00173449 0.0325962 0.0
0.00150007 0.0280718 0.0
0.00076743 0.0188722 0.0
0.000174561 0.0047848 0.0
-0.000353571 -0.00910466 0.0
-0.00238287 -0.0262331 0.0
-0.006779 -0.0285109 0.0
-0.0129369 -0.0215046 0.0
-0.0202705 -0.00958329 0.0
-0.0282969 0.00453065 0.0
-0.0365317 0.0187514 0.0
-0.0447893 0.0325334 0.0
-0.0531684 0.0458376 0.0
-0.061701 0.0586445 0.0
-0.0703925 0.0709465 0.0
-0.0792302 0.0827379 0.0
-0.0881854 0.094008 0.0
-0.0972153 0.104737 0.0
-0.106267 0.114895 0.0
-0.11528 0.124447 0.0
-0.124191 0.133349 0.0
-0.132939 0.141563 0.0
-0.141464 0.149049 0.0
-0.149712 0.155777 0.0
-0.157635 0.161721 0.0
-0.165193 0.166867 0.0
-0.172351 0.171206 0.0
-0.179082 0.174742 0.0
-0.185367 0.177483 0.0
-0.191192 0.179449 0.0
-0.196551 0.180662 0.0
-0.201443 0.181155 0.0
-0.205872 0.180963 0.0
-0.209845 0.180126 0.0
-0.213377 0.178688 0.0
-0.216481 0.176693 0.0
-0.219177 0.17419 0.0
-0.221484 0.171225 0.0
-0.223424 0.167845 0.0
-0.22502 0.164097 0.0
-0.226297 0.160025 0.0
-0.227278 0.155674 0.0
-0.227988 0.151084 0.0
-0.228452 0.146295 0.0
-0.228695 0.141343 0.0
-0.228742 0.136262 0.0
-0.228616 0.131084 0.0
-0.228341 0.125838 0.0
-0.227938 0.120547 0.0
-0.22743 0.115237 0.0
-0.226836 0.109925 0.0
-0.226175 0.10463 0.0
-0.225462 0.0993638 0.0
-0.224713 0.0941391 0.0
-0.223939 0.0889641 0.0
-0.223153 0.0838449 0.0
-0.222364 0.0787857 0.0
-0.221577 0.0737883 0.0
-0.220798 0.0688531 0.0
-0.220032 0.0639789 0.0
-0.219281 0.059163 0.0
-0.218545 0.0544021 0.0
-0.217824 0.0496916 0.0
-0.217119 0.0450266 0.0
-0.216427 0.0404016 0.0
-0.215746 0.0358107 0.0
-0.215074 0.0312478 0.0
-0.214409 0.0267067 0.0
-0.213748 0.022181 0.0
-0.213089 0.0176646 0.0
-0.21243 0.0131512 0.0
-0.211768 0.00863441 0.0
-0.211103 0.00410829 0.0
-0.210433 -0.00043321 0.0
-0.209758 -0.00499455 0.0
-0.209076 -0.00958642 0.0
-0.208389 -0.0142156 0.0
-0.207698 -0.018888 0.0
-0.207004 -0.0236097 0.0
-0.206311 -0.0283867 0.0
-0.205623 -0.0332255 0.0
-0.204946 -0.0381327 0.0
-0.204286 -0.0431153 0.0
-0.20365 -0.0481807 0.0
-0.203046 -0.053337 0.0
-0.202484 -0.0585925 0.0
-0.201975 -0.0639565 0.0
-0.20153 -0.0694391 0.0
-0.201163 -0.0750511 0.0
-0.200888 -0.0808045 0.0
-0.200719 -0.0867122 0.0
-0.200671 -0.0927885 0.0
-0.200761 -0.0990483 0.0
-0.201002 -0.105508 0.0
-0.201407 -0.112184 0.0
-0.201988 -0.119092 0.0
-0.202753 -0.126249 0.0
-0.203702 -0.133668 0.0
-0.204832 -0.141359 0.0
-0.206128 -0.149327 0.0
-0.207568 -0.157568 0.0
-0.209113 -0.166067 0.0
-0.210712 -0.174797 0.0
-0.212298 -0.18371 0.0
-0.213785 -0.192738 0.0
-0.215069 -0.201786 0.0
-0.216029 -0.210731 0.0
-0.216529 -0.219416 0.0
-0.216414 -0.22765 0.0
-0.21552 -0.235204 0.0
-0.213676 -0.241811 0.0
-0.210708 -0.247167 0.0
-0.206444 -0.250935 0.0
-0.200727 -0.252746 0.0
-0.193417 -0.25221 0.0
-0.184407 -0.248928 0.0
-0.173629 -0.242503 0.0
-0.16107 -0.232566 0.0
-0.146786 -0.218802 0.0
-0.130913 -0.200989 0.0
-0.113687 -0.179052 0.0
-0.095459 -0.15313 0.0
-0.0767136 -0.12367 0.0
-0.0580913 -0.0915595 0.0
-0.0404136 -0.0582928 0.0
-0.0247066 -0.0261761 0.0
-0.0120973 0.00164773 0.0
-0.00384908 0.0205441 0.0
0.000213088 0.0301399 0.0
0.00162904 0.0323046 0.0
0.0015461 0.0286808 0.0
0.000812482 0.0197295 0.0
0.000186767 0.00514613 0.0
-0.000497449 -0.00825364 0.0
-0.0030472 -0.0225051 0.0
-0.00822217 -0.0226678 0.0
-0.0151395 -0.0142725 0.0
-0.0231568 -0.0014644 0.0
-0.0315795 0.0128609 0.0
-0.0400065 0.0270829 0.0
-0.0485078 0.0409608 0.0
-0.0571114 0.054393 0.0
-0.0658251 0.0673353 0.0
-0.0746413 0.0797632 0.0
-0.0835385 0.0916561 0.0
-0.0924829 0.102989 0.0
-0.10143 0.113733 0.0
-0.110328 0.123849 0.0
-0.11912 0.133298 0.0
-0.127749 0.142039 0.0
-0.13616 0.150032 0.0
-0.1443 0.157245 0.0
-0.152123 0.163652 0.0
-0.159588 0.169234 0.0
-0.166661 0.173984 0.0
-0.173315 0.177901 0.0
-0.179529 0.180993 0.0
-0.18529 0.183278 0.0
-0.190589 0.184779 0.0
-0.195424 0.185526 0.0
-0.199797 0.185556 0.0
-0.203717 0.18491 0.0
-0.207194 0.18363 0.0
-0.210244 0.181764 0.0
-0.212884 0.179361 0.0
-0.215133 0.176468 0.0
-0.217014 0.173135 0.0
-0.218549 0.16941 0.0
-0.219762 0.165341 0.0
-0.220678 0.160973 0.0
-0.221322 0.156351 0.0
-0.221721 0.151516 0.0
-0.221899 0.146506 0.0
-0.221882 0.141358 0.0
-0.221695 0.136107 0.0
-0.221363 0.130781 0.0
-0.220908 0.12541 0.0
-0.220352 0.120017 0.0
-0.219717 0.114624 0.0
-0.219021 0.109248 0.0
-0.218281 0.103905 0.0
-0.217512 0.0986068 0.0
-0.216728 0.0933624 0.0
-0.215939 0.0881786 0.0
-0.215154 0.0830595 0.0
-0.21438 0.0780072 0.0
-0.213622 0.0730219 0.0
-0.212883 0.0681023 0.0
-0.212165 0.0632455 0.0
-0.211468 0.0584479 0.0
-0.210792 0.0537049 0.0
-0.210134 0.0490111 0.0
-0.209493 0.0443609 0.0
-0.208867 0.0397483 0.0
-0.208251 0.0351672 0.0
-0.207643 0.0306113 0.0
-0.207039 0.0260744 0.0
-0.206437 0.0215503 0.0
-0.205833 0.0170329 0.0
-0.205226 0.0125162 0.0
-0.204612 0.0079944 0.0
-0.203991 0.00346159 0.0
-0.203359 -0.00108779 0.0
-0.202718 -0.00565714 0.0
-0.202066 -0.0102574 0.0
-0.201403 -0.0148942 0.0
-0.200732 -0.0195725 0.0
-0.200053 -0.0242975 0.0
-0.199371 -0.0290743 0.0
-0.198688 -0.0339084 0.0
-0.198009 -0.0388054 0.0
-0.19734 -0.0437715 0.0
-0.196688 -0.0488128 0.0
-0.196061 -0.0539362 0.0
-0.195467 -0.059149 0.0
-0.194917 -0.0644592 0.0
-0.194423 -0.0698756 0.0
-0.193996 -0.075408 0.0
-0.193652 -0.0810672 0.0
-0.193405 -0.0868654 0.0
-0.193272 -0.092816 0.0
-0.193269 -0.0989341 0.0
-0.193414 -0.105236 0.0
-0.193724 -0.11174 0.0
-0.194214 -0.118464 0.0
-0.194898 -0.125429 0.0
-0.195784 -0.132652 0.0
-0.196876 -0.140152 0.0
-0.198171 -0.147942 0.0
-0.199655 -0.156029 0.0
-0.201302 -0.164413 0.0
-0.203073 -0.173081 0.0
-0.204909 -0.182004 0.0
-0.206737 -0.19113 0.0
-0.20846 -0.200386 0.0
-0.209963 -0.209667 0.0
-0.211111 -0.218833 0.0
-0.211751 -0.227709 0.0
-0.211714 -0.236076 0.0
-0.210819 -0.243677 0.0
-0.20888 -0.250209 0.0
-0.205709 -0.255328 0.0
-0.201127 -0.258652 0.0
-0.194971 -0.25977 0.0
-0.187104 -0.258246 0.0
-0.177429 -0.253639 0.0
-0.165898 -0.24552 0.0
-0.152531 -0.2335 0.0
-0.137426 -0.217268 0.0
-0.120781 -0.196643 0.0
-0.102909 -0.171639 0.0
-0.0842557 -0.142559 0.0
-0.0654224 -0.110126 0.0
-0.0471809 -0.0756456 0.0
-0.0304846 -0.0412266 0.0
-0.0164355 -0.00996016 0.0
-0.00648785 0.0139562 0.0
-0.00101901 0.0271968 0.0
0.00116715 0.0316456 0.0
0.00140849 0.0291815 0.0
0.000787151 0.0205838 0.0
0.000185887 0.00551879 0.0
-0.000632723 -0.00712347 0.0
-0.00366037 -0.0180578 0.0
-0.009543 -0.0160575 0.0
-0.0171545 -0.0063541 0.0
-0.025603 0.007083 0.0
-0.0342478 0.0213811 0.0
-0.0429105 0.0356524 0.0
-0.0516279 0.0496099 0.0
-0.0604108 0.0631305 0.0
-0.069255 0.0761557 0.0
-0.0781445 0.0886484 0.0
-0.0870521 0.100576 0.0
-0.0959411 0.111903 0.0
-0.104767 0.122592 0.0
-0.11348 0.1326 0.0
-0.122027 0.141887 0.0
-0.130358 0.15041 0.0
-0.138422 0.158136 0.0
-0.146175 0.165035 0.0
-0.153578 0.171087 0.0
-0.160595 0.176281 0.0
-0.1672 0.180615 0.0
-0.173371 0.184095 0.0
-0.179094 0.186736 0.0
-0.184359 0.188561 0.0
-0.189163 0.189599 0.0
-0.193507 0.189886 0.0
-0.197399 0.189462 0.0
-0.200848 0.188373 0.0
-0.203869 0.186665 0.0
-0.206477 0.184388 0.0
-0.208694 0.181593 0.0
-0.210539 0.17833 0.0
-0.212036 0.17465 0.0
-0.213209 0.170602 0.0
-0.214083 0.166236 0.0
-0.214684 0.161596 0.0
-0.215038 0.156727 0.0
-0.215172 0.151672 0.0
-0.215112 0.146468 0.0
-0.214883 0.141151 0.0
-0.214511 0.135755 0.0
-0.214021 0.13031 0.0
-0.213434 0.12484 0.0
-0.212773 0.11937 0.0
-0.212057 0.113919 0.0
-0.211304 0.108503 0.0
-0.210529 0.103135 0.0
-0.209745 0.0978247 0.0
-0.208964 0.0925792 0.0
-0.208194 0.0874031 0.0
-0.207442 0.0822983 0.0
-0.206713 0.0772651 0.0
-0.206009 0.0723018 0.0
-0.205331 0.0674057 0.0
-0.20468 0.0625725 0.0
-0.204053 0.0577974 0.0
-0.203449 0.053075 0.0
-0.202864 0.0483992 0.0
-0.202296 0.0437639 0.0
-0.201741 0.0391629 0.0
-0.201194 0.0345898 0.0
-0.200652 0.0300385 0.0
-0.200111 0.0255029 0.0
-0.199568 0.020977 0.0
-0.199021 0.016455 0.0
-0.198465 0.0119313 0.0
-0.1979 0.00740022 0.0
-0.197322 0.00285632 0.0
-0.19673 -0.00170603 0.0
-0.196123 -0.00628762 0.0
-0.195501 -0.0109004 0.0
-0.194866 -0.0155491 0.0
-0.194217 -0.0202378 0.0
-0.193557 -0.0249708 0.0
-0.192888 -0.0297525 0.0
-0.192214 -0.0345876 0.0
-0.191538 -0.0394808 0.0
-0.190865 -0.0444371 0.0
-0.190202 -0.0494619 0.0
-0.189556 -0.0545607 0.0
-0.188934 -0.0597398 0.0
-0.188347 -0.0650059 0.0
-0.187804 -0.0703664 0.0
-0.187318 -0.0758298 0.0
-0.186902 -0.0814056 0.0
-0.186571 -0.0871045 0.0
-0.186342 -0.0929391 0.0
-0.186232 -0.0989234 0.0
-0.18626 -0.105074 0.0
-0.186445 -0.111408 0.0
-0.186806 -0.117946 0.0
-0.18736 -0.12471 0.0
-0.188124 -0.131722 0.0
-0.189109 -0.139005 0.0
-0.19032 -0.146582 0.0
-0.191755 -0.15447 0.0
-0.1934 -0.16268 0.0
-0.195228 -0.171216 0.0
-0.197195 -0.180065 0.0
-0.199239 -0.189198 0.0
-0.201276 -0.19856 0.0
-0.203199 -0.208067 0.0
-0.204881 -0.217603 0.0
-0.20617 -0.227009 0.0
-0.206897 -0.236085 0.0
-0.206876 -0.244584 0.0
-0.20591 -0.252208 0.0
-0.203797 -0.258613 0.0
-0.200337 -0.263408 0.0
-0.195344 -0.266162 0.0
-0.188654 -0.26641 0.0
-0.180137 -0.263667 0.0
-0.16971 -0.257448 0.0
-0.157356 -0.247293 0.0
-0.143133 -0.232803 0.0
-0.127198 -0.213689 0.0
-0.109823 -0.189841 0.0
-0.091415 -0.161419 0.0
-0.0725355 -0.128979 0.0
-0.0539223 -0.0936469 0.0
-0.0365038 -0.0573401 0.0
-0.0213994 -0.0230001 0.0
-0.0098392 0.00548823 0.0
-0.002745 0.0231018 0.0
0.000394077 0.0304154 0.0
0.00111905 0.0294453 0.0
0.000705946 0.0213544 0.0
0.000175367 0.00588004 0.0
-0.000752389 -0.00573836 0.0
-0.00420029 -0.0129674 0.0
-0.0106977 -0.00876784 0.0
-0.0188641 0.00213411 0.0
-0.0276179 0.0157971 0.0
-0.0364241 0.0301182 0.0
-0.0452776 0.0444315 0.0
-0.0541662 0.0584368 0.0
-0.0630808 0.0720011 0.0
-0.072007 0.0850557 0.0
-0.0809228 0.0975536 0.0
-0.0897975 0.109453 0.0
-0.098593 0.120711 0.0
-0.107266 0.131283 0.0
-0.115769 0.141125 0.0
-0.124055 0.150195 0.0
-0.132077 0.158454 0.0
-0.139792 0.165871 0.0
-0.147162 0.172422 0.0
-0.154153 0.178093 0.0
-0.160737 0.182878 0.0
-0.166893 0.18678 0.0
-0.172605 0.189813 0.0
-0.177864 0.191998 0.0
-0.182663 0.193363 0.0
-0.187005 0.193942 0.0
-0.190895 0.193776 0.0
-0.194341 0.19291 0.0
-0.197357 0.191391 0.0
-0.19996 0.18927 0.0
-0.202168 0.186599 0.0
-0.204002 0.183431 0.0
-0.205484 0.179819 0.0
-0.20664 0.175814 0.0
-0.207495 0.171466 0.0
-0.208074 0.166825 0.0
-0.208405 0.161938 0.0
-0.208514 0.156849 0.0
-0.20843 0.151599 0.0
-0.208177 0.146227 0.0
-0.207783 0.140769 0.0
-0.207273 0.135256 0.0
-0.206671 0.129716 0.0
-0.205997 0.124174 0.0
-0.205274 0.118652 0.0
-0.204519 0.113166 0.0
-0.203748 0.107732 0.0
-0.202975 0.102358 0.0
-0.20221 0.0970534 0.0
-0.201463 0.0918223 0.0
-0.20074 0.086667 0.0
-0.200045 0.0815874 0.0
-0.19938 0.076582 0.0
-0.198747 0.0716475 0.0
-0.198144 0.0667796 0.0
-0.19757 0.061973 0.0
-0.197022 0.0572219 0.0
-0.196496 0.0525202 0.0
-0.195988 0.0478615 0.0
-0.195493 0.0432393 0.0
-0.195009 0.0386473 0.0
-0.19453 0.0340794 0.0
-0.194052 0.0295293 0.0
-0.193572 0.0249914 0.0
-0.193086 0.0204599 0.0
-0.192591 0.0159294 0.0
-0.192085 0.0113948 0.0
-0.191564 0.00685078 0.0
-0.191029 0.0022922 0.0
-0.190476 -0.00228647 0.0
-0.189906 -0.0068844 0.0
-0.189318 -0.0115135 0.0
-0.188711 -0.0161778 0.0
-0.188088 -0.0208808 0.0
-0.18745 -0.025626 0.0
-0.186799 -0.0304173 0.0
-0.186138 -0.0352584 0.0
-0.18547 -0.0401535 0.0
-0.184801 -0.0451065 0.0
-0.184134 -0.050122 0.0
-0.183476 -0.0552046 0.0
-0.182835 -0.0603592 0.0
-0.182217 -0.0655914 0.0
-0.181634 -0.0709073 0.0
-0.181095 -0.0763138 0.0
-0.180614 -0.081819 0.0
-0.180203 -0.0874322 0.0
-0.179879 -0.0931642 0.0
-0.17966 -0.0990278 0.0
-0.179563 -0.105038 0.0
-0.17961 -0.111212 0.0
-0.17982 -0.11757 0.0
-0.180217 -0.124135 0.0
-0.180818 -0.130931 0.0
-0.181644 -0.137986 0.0
-0.182708 -0.145327 0.0
-0.184017 -0.152981 0.0
-0.18557 -0.160971 0.0
-0.187354 -0.169313 0.0
-0.189339 -0.178015 0.0
-0.191479 -0.187065 0.0
-0.193703 -0.196432 0.0
-0.195919 -0.206056 0.0
-0.198009 -0.215843 0.0
-0.199829 -0.22566 0.0
-0.201212 -0.235324 0.0
-0.201971 -0.244607 0.0
-0.201901 -0.253221 0.0
-0.200789 -0.260826 0.0
-0.198416 -0.267027 0.0
-0.194575 -0.271378 0.0
-0.189073 -0.273387 0.0
-0.181748 -0.272532 0.0
-0.172483 -0.268275 0.0
-0.16122 -0.260085 0.0
-0.147976 -0.247477 0.0
-0.132866 -0.230059 0.0
-0.116117 -0.207595 0.0
-0.0980918 -0.180098 0.0
-0.0793132 -0.147958 0.0
-0.0604817 -0.112113 0.0
-0.0424953 -0.0742793 0.0
-0.0264395 -0.0372211 0.0
-0.0134478 -0.00484266 0.0
-0.00484685 0.0177375 0.0
-0.000638529 0.0284323 0.0
0.0007059 0.0293591 0.0
0.000583963 0.0219757 0.0
0.000158947 0.00621436 0.0
-0.000855727 -0.00413024 0.0
-0.0046749 -0.00730844 0.0
-0.0117465 -0.000857753 0.0
-0.0202513 0.0108952 0.0
-0.0291274 0.0246659 0.0
-0.0381119 0.0390402 0.0
-0.0471277 0.0533787 0.0
-0.056145 0.0673955 0.0
-0.0651453 0.0809572 0.0
-0.0741083 0.0939889 0.0
-0.083008 0.106436 0.0
-0.0918119 0.118249 0.0
-0.100482 0.12938 0.0
-0.108976 0.13978 0.0
-0.117251 0.149405 0.0
-0.125263 0.158213 0.0
-0.132971 0.166167 0.0
-0.140339 0.173241 0.0
-0.147333 0.179416 0.0
-0.153925 0.184683 0.0
-0.160094 0.189041 0.0
-0.165823 0.192502 0.0
-0.171101 0.195082 0.0
-0.175923 0.19681 0.0
-0.180289 0.197717 0.0
-0.184202 0.197843 0.0
-0.187672 0.197234 0.0
-0.190709 0.195936 0.0
-0.193331 0.194002 0.0
-0.195555 0.191485 0.0
-0.197401 0.188439 0.0
-0.198893 0.184918 0.0
-0.200054 0.180977 0.0
-0.200911 0.176668 0.0
-0.20149 0.172044 0.0
-0.201818 0.167154 0.0
-0.201922 0.162045 0.0
-0.201831 0.156761 0.0
-0.201572 0.151344 0.0
-0.201172 0.145831 0.0
-0.200657 0.140257 0.0
-0.200051 0.134652 0.0
-0.199378 0.129044 0.0
-0.198659 0.123454 0.0
-0.197912 0.117902 0.0
-0.197153 0.112403 0.0
-0.196398 0.106968 0.0
-0.195656 0.101606 0.0
-0.194936 0.0963215 0.0
-0.194246 0.0911168 0.0
-0.193589 0.0859919 0.0
-0.192966 0.0809452 0.0
-0.19238 0.075973 0.0
-0.191827 0.0710706 0.0
-0.191306 0.0662327 0.0
-0.190813 0.061453 0.0
-0.190344 0.056725 0.0
-0.189896 0.0520423 0.0
-0.189462 0.047398 0.0
-0.18904 0.0427858 0.0
-0.188623 0.0381994 0.0
-0.188207 0.0336328 0.0
-0.187789 0.0290802 0.0
-0.187365 0.0245361 0.0
-0.186931 0.0199953 0.0
-0.186485 0.0154528 0.0
-0.186024 0.0109038 0.0
-0.185546 0.00634362 0.0
-0.18505 0.0017677 0.0
-0.184536 -0.00282855 0.0
-0.184001 -0.00744677 0.0
-0.183446 -0.0120955 0.0
-0.182869 -0.0167785 0.0
-0.182274 -0.0214987 0.0
-0.181661 -0.0262594 0.0
-0.181032 -0.0310638 0.0
-0.18039 -0.0359152 0.0
-0.179737 -0.0408169 0.0
-0.179078 -0.0457724 0.0
-0.178416 -0.0507851 0.0
-0.177756 -0.055859 0.0
-0.177104 -0.0609978 0.0
-0.176468 -0.0662061 0.0
-0.175856 -0.0714885 0.0
-0.175277 -0.0768508 0.0
-0.174741 -0.0822992 0.0
-0.174262 -0.0878416 0.0
-0.173854 -0.0934868 0.0
-0.173532 -0.0992461 0.0
-0.173316 -0.105133 0.0
-0.173225 -0.111162 0.0
-0.173281 -0.117354 0.0
-0.173506 -0.12373 0.0
-0.173925 -0.130316 0.0
-0.17456 -0.137141 0.0
-0.175432 -0.144236 0.0
-0.176558 -0.151636 0.0
-0.177948 -0.159372 0.0
-0.179602 -0.167474 0.0
-0.181506 -0.175965 0.0
-0.18363 -0.184852 0.0
-0.18592 -0.194129 0.0
-0.188301 -0.203761 0.0
-0.19067 -0.21368 0.0
-0.192893 -0.223779 0.0
-0.194812 -0.233902 0.0
-0.196241 -0.243841 0.0
-0.196973 -0.253325 0.0
-0.196784 -0.262024 0.0
-0.195443 -0.269543 0.0
-0.192719 -0.275427 0.0
-0.188395 -0.279165 0.0
-0.182276 -0.280198 0.0
-0.17421 -0.27794 0.0
-0.164098 -0.271795 0.0
-0.151915 -0.261193 0.0
-0.137729 -0.245639 0.0
-0.12172 -0.224772 0.0
-0.104207 -0.198459 0.0
-0.0856647 -0.166918 0.0
-0.0667538 -0.130895 0.0
-0.0483364 -0.0919008 0.0
-0.0314791 -0.0525127 0.0
-0.0174058 -0.016616 0.0
-0.00742045 0.0109245 0.0
-0.00191053 0.025527 0.0
0.000194751 0.0288146 0.0
0.000438357 0.0223985 0.0
0.000140819 0.00651412 0.0
-0.000949349 -0.00232517 0.0
-0.00511718 -0.00112651 0.0
-0.0125117 0.00742648 0.0
-0.021167 0.019771 0.0
-0.0302108 0.0337098 0.0
-0.0393519 0.0481219 0.0
-0.0484922 0.0624531 0.0
-0.0575947 0.076441 0.0
-0.0666366 0.0899539 0.0
-0.0755944 0.102913 0.0
-0.0844399 0.115257 0.0
-0.0931399 0.126932 0.0
-0.101657 0.137884 0.0
-0.109952 0.148065 0.0
-0.117984 0.157428 0.0
-0.125715 0.165933 0.0
-0.13311 0.173549 0.0
-0.140134 0.180252 0.0
-0.146762 0.186027 0.0
-0.152971 0.190872 0.0
-0.158744 0.194793 0.0
-0.164069 0.197804 0.0
-0.16894 0.199929 0.0
-0.173355 0.2012 0.0
-0.177317 0.201655 0.0
-0.180835 0.201337 0.0
-0.183919 0.200294 0.0
-0.186585 0.198579 0.0
-0.188849 0.196245 0.0
-0.190731 0.193349 0.0
-0.192256 0.189946 0.0
-0.193445 0.186092 0.0
-0.194326 0.181844 0.0
-0.194925 0.177256 0.0
-0.195269 0.172379 0.0
-0.195387 0.167265 0.0
-0.195307 0.161959 0.0
-0.195058 0.156506 0.0
-0.194667 0.150948 0.0
-0.19416 0.14532 0.0
-0.193564 0.139656 0.0
-0.192902 0.133985 0.0
-0.192196 0.128331 0.0
-0.191465 0.122716 0.0
-0.190726 0.117154 0.0
-0.189993 0.11166 0.0
-0.189278 0.106241 0.0
-0.18859 0.100903 0.0
-0.187935 0.0956498 0.0
-0.187317 0.09048 0.0
-0.186738 0.085392 0.0
-0.186197 0.0803821 0.0
-0.185693 0.0754454 0.0
-0.185224 0.070576 0.0
-0.184785 0.0657673 0.0
-0.184372 0.0610127 0.0
-0.18398 0.0563052 0.0
-0.183605 0.0516381 0.0
-0.183241 0.0470047 0.0
-0.182883 0.0423986 0.0
-0.182528 0.0378139 0.0
-0.182169 0.0332447 0.0
-0.181805 0.0286858 0.0
-0.181431 0.024132 0.0
-0.181044 0.0195786 0.0
-0.180641 0.015021 0.0
-0.180222 0.0104549 0.0
-0.179783 0.00587614 0.0
-0.179325 0.00128068 0.0
-0.178845 -0.00333524 0.0
-0.178344 -0.00797566 0.0
-0.17782 -0.0126459 0.0
-0.177275 -0.0173494 0.0
-0.17671 -0.0220889 0.0
-0.176124 -0.0268673 0.0
-0.175522 -0.0316875 0.0
-0.174903 -0.0365522 0.0
-0.174271 -0.0414644 0.0
-0.173629 -0.0464268 0.0
-0.172979 -0.0514423 0.0
-0.172327 -0.0565139 0.0
-0.171677 -0.0616447 0.0
-0.171034 -0.066838 0.0
-0.170406 -0.0720975 0.0
-0.169799 -0.0774274 0.0
-0.169225 -0.0828327 0.0
-0.168693 -0.0883194 0.0
-0.168215 -0.0938947 0.0
-0.167807 -0.0995676 0.0
-0.167485 -0.105349 0.0
-0.167268 -0.111254 0.0
-0.167176 -0.117298 0.0
-0.167233 -0.123502 0.0
-0.167465 -0.129892 0.0
-0.167896 -0.136497 0.0
-0.168554 -0.14335 0.0
-0.16946 -0.150489 0.0
-0.170636 -0.157953 0.0
-0.172094 -0.165782 0.0
-0.173835 -0.174012 0.0
-0.175845 -0.182671 0.0
-0.178092 -0.191774 0.0
-0.180517 -0.201311 0.0
-0.183035 -0.211244 0.0
-0.18553 -0.221496 0.0
-0.187855 -0.231941 0.0
-0.189832 -0.242396 0.0
-0.191255 -0.252615 0.0
-0.191895 -0.262282 0.0
-0.191509 -0.271011 0.0
-0.189849 -0.278343 0.0
-0.186671 -0.283751 0.0
-0.181752 -0.286649 0.0
-0.174903 -0.286405 0.0
-0.165983 -0.282361 0.0
-0.154925 -0.273869 0.0
-0.141747 -0.260328 0.0
-0.126582 -0.241257 0.0
-0.109697 -0.216373 0.0
-0.0915216 -0.185722 0.0
-0.0726706 -0.149853 0.0
-0.0539723 -0.110059 0.0
-0.0364815 -0.0687027 0.0
-0.0214484 -0.0295323 0.0
-0.0100763 0.00248342 0.0
-0.00323645 0.0216184 0.0
-0.000353038 0.0277346 0.0
0.00028776 0.0225941 0.0
0.000124414 0.00677936 0.0
-0.00103441 -0.000341411 0.0
-0.00538423 0.00540738 0.0
-0.0129454 0.0158483 0.0
-0.0217467 0.0288057 0.0
-0.0309325 0.0429047 0.0
-0.0401886 0.0573242 0.0
-0.0494086 0.071611 0.0
-0.0585517 0.0855288 0.0
-0.0675928 0.0989491 0.0
-0.0765065 0.111789 0.0
-0.0852636 0.123983 0.0
-0.093831 0.135473 0.0
-0.102173 0.146202 0.0
-0.110252 0.156121 0.0
-0.118032 0.165184 0.0
-0.125478 0.173355 0.0
-0.13256 0.180603 0.0
-0.139249 0.186911 0.0
-0.145523 0.19227 0.0
-0.151365 0.196681 0.0
-0.156762 0.200154 0.0
-0.161707 0.202712 0.0
-0.166197 0.204382 0.0
-0.170234 0.2052 0.0
-0.173825 0.205209 0.0
-0.17698 0.204456 0.0
-0.179714 0.202992 0.0
-0.182042 0.200874 0.0
-0.183985 0.198157 0.0
-0.185564 0.194899 0.0
-0.186804 0.191159 0.0
-0.18773 0.186995 0.0
-0.188369 0.182462 0.0
-0.188749 0.177617 0.0
-0.188898 0.172512 0.0
-0.188847 0.167198 0.0
-0.188622 0.161721 0.0
-0.188254 0.156126 0.0
-0.187769 0.150452 0.0
-0.187193 0.144734 0.0
-0.186552 0.139005 0.0
-0.185867 0.13329 0.0
-0.185159 0.127612 0.0
-0.184445 0.12199 0.0
-0.18374 0.116436 0.0
-0.183056 0.110961 0.0
-0.182401 0.10557 0.0
-0.181782 0.100267 0.0
-0.181204 0.0950521 0.0
-0.180666 0.0899224 0.0
-0.180171 0.0848743 0.0
-0.179714 0.0799026 0.0
-0.179294 0.075001 0.0
-0.178906 0.0701628 0.0
-0.178545 0.0653809 0.0
-0.178207 0.060648 0.0
-0.177886 0.0559572 0.0
-0.177576 0.0513016 0.0
-0.177274 0.0466747 0.0
-0.176974 0.0420706 0.0
-0.176671 0.0374835 0.0
-0.176362 0.0329081 0.0
-0.176044 0.0283395 0.0
-0.175713 0.023773 0.0
-0.175367 0.0192043 0.0
-0.175003 0.0146294 0.0
-0.17462 0.0100442 0.0
-0.174217 0.00544504 0.0
-0.173792 0.000828379 0.0
-0.173345 -0.00380932 0.0
-0.172876 -0.00847229 0.0
-0.172384 -0.0131647 0.0
-0.17187 -0.0178895 0.0
-0.171335 -0.0226493 0.0
-0.17078 -0.0274468 0.0
-0.170207 -0.0322844 0.0
-0.169616 -0.0371646 0.0
-0.16901 -0.0420899 0.0
-0.168391 -0.0470626 0.0
-0.167762 -0.052085 0.0
-0.167126 -0.0571596 0.0
-0.166487 -0.0622887 0.0
-0.165849 -0.0674747 0.0
-0.165218 -0.0727204 0.0
-0.164599 -0.0780289 0.0
-0.164002 -0.0834036 0.0
-0.163433 -0.0888491 0.0
-0.162905 -0.0943708 0.0
-0.162429 -0.0999756 0.0
-0.16202 -0.105673 0.0
-0.161695 -0.111473 0.0
-0.161473 -0.117392 0.0
-0.161377 -0.123447 0.0
-0.161431 -0.129662 0.0
-0.161662 -0.136065 0.0
-0.162098 -0.142689 0.0
-0.16277 -0.149573 0.0
-0.163702 -0.15676 0.0
-0.16492 -0.164299 0.0
-0.166436 -0.172237 0.0
-0.168255 -0.180617 0.0
-0.170363 -0.189474 0.0
-0.172721 -0.198826 0.0
-0.175267 -0.208664 0.0
-0.177904 -0.218943 0.0
-0.180503 -0.229571 0.0
-0.182897 -0.240396 0.0
-0.184887 -0.251202 0.0
-0.186246 -0.261697 0.0
-0.186721 -0.271507 0.0
-0.186051 -0.280178 0.0
-0.183969 -0.287176 0.0
-0.180222 -0.29189 0.0
-0.174587 -0.293649 0.0
-0.166882 -0.29174 0.0
-0.156994 -0.285436 0.0
-0.144894 -0.274039 0.0
-0.130662 -0.256943 0.0
-0.114514 -0.233719 0.0
-0.0968267 -0.204238 0.0
-0.0781677 -0.168846 0.0
-0.0593221 -0.128609 0.0
-0.0413126 -0.0856525 0.0
-0.0253775 -0.0435507 0.0
-0.0127964 -0.00745139 0.0
-0.00474354 0.0166604 0.0
-0.000982614 0.0260481 0.0
0.000118949 0.0225382 0.0
0.000106916 0.00701069 0.0
-0.00107501 0.00176801 0.0
-0.00551062 0.0120834 0.0
-0.0131691 0.024392 0.0
-0.022072 0.0379663 0.0
-0.0313463 0.0522042 0.0
-0.0406654 0.0666 0.0
-0.0499166 0.0808065 0.0
-0.0590559 0.0946158 0.0
-0.0680558 0.107903 0.0
-0.0768896 0.120583 0.0
-0.0855276 0.132585 0.0
-0.0939375 0.143848 0.0
-0.102085 0.154316 0.0
-0.109936 0.163937 0.0
-0.117457 0.172669 0.0
-0.124617 0.180477 0.0
-0.13139 0.187336 0.0
-0.137753 0.193231 0.0
-0.143687 0.198159 0.0
-0.14918 0.202126 0.0
-0.154222 0.205148 0.0
-0.15881 0.207251 0.0
-0.162946 0.208468 0.0
-0.166634 0.208839 0.0
-0.169884 0.20841 0.0
-0.172709 0.207234 0.0
-0.175125 0.205363 0.0
-0.17715 0.202857 0.0
-0.178807 0.199774 0.0
-0.180118 0.196174 0.0
-0.18111 0.192117 0.0
-0.18181 0.187662 0.0
-0.182244 0.182868 0.0
-0.182443 0.17779 0.0
-0.182436 0.172482 0.0
-0.182252 0.166993 0.0
-0.18192 0.16137 0.0
-0.181468 0.155657 0.0
-0.180924 0.149891 0.0
-0.180312 0.144107 0.0
-0.179656 0.138334 0.0
-0.178977 0.132596 0.0
-0.178293 0.126913 0.0
-0.177619 0.1213 0.0
-0.176967 0.115768 0.0
-0.176347 0.110324 0.0
-0.175765 0.104971 0.0
-0.175225 0.0997086 0.0
-0.174728 0.0945358 0.0
-0.174275 0.0894483 0.0
-0.173863 0.0844404 0.0
-0.173489 0.0795056 0.0
-0.173148 0.0746368 0.0
-0.172835 0.0698265 0.0
-0.172546 0.0650672 0.0
-0.172274 0.0603517 0.0
-0.172015 0.055673 0.0
-0.171763 0.0510244 0.0
-0.171513 0.0463999 0.0
-0.171262 0.0417936 0.0
-0.171004 0.0372005 0.0
-0.170737 0.0326155 0.0
-0.170458 0.0280343 0.0
-0.170163 0.0234527 0.0
-0.169852 0.0188667 0.0
-0.169521 0.0142727 0.0
-0.16917 0.00966711 0.0
-0.168798 0.00504662 0.0
-0.168404 0.000407943 0.0
-0.167988 -0.00425209 0.0
-0.167549 -0.00893757 0.0
-0.167088 -0.0136521 0.0
-0.166606 -0.0183983 0.0
-0.166103 -0.0231786 0.0
-0.165579 -0.0279955 0.0
-0.165037 -0.0328513 0.0
-0.164478 -0.0377481 0.0
-0.163902 -0.0426881 0.0
-0.163312 -0.0476734 0.0
-0.162709 -0.0527058 0.0
-0.162097 -0.0577873 0.0
-0.161477 -0.0629197 0.0
-0.160854 -0.0681047 0.0
-0.160232 -0.0733442 0.0
-0.159615 -0.0786403 0.0
-0.159009 -0.0839955 0.0
-0.158422 -0.0894127 0.0
-0.157861 -0.0948958 0.0
-0.157338 -0.10045 0.0
-0.156864 -0.106081 0.0
-0.156453 -0.1118 0.0
-0.156124 -0.117617 0.0
-0.155895 -0.123547 0.0
-0.155791 -0.129613 0.0
-0.155837 -0.135837 0.0
-0.156063 -0.142254 0.0
-0.1565 -0.1489 0.0
-0.15718 -0.155821 0.0
-0.158134 -0.163068 0.0
-0.159388 -0.170698 0.0
-0.160959 -0.178766 0.0
-0.162852 -0.187325 0.0
-0.165051 -0.196418 0.0
-0.167515 -0.206063 0.0
-0.170171 -0.216251 0.0
-0.172912 -0.226924 0.0
-0.175589 -0.237971 0.0
-0.178016 -0.249209 0.0
-0.17997 -0.260377 0.0
-0.181198 -0.271123 0.0
-0.181425 -0.281005 0.0
-0.180368 -0.289488 0.0
-0.177748 -0.295945 0.0
-0.173304 -0.299673 0.0
-0.166819 -0.299907 0.0
-0.15813 -0.295846 0.0
-0.14716 -0.286699 0.0
-0.133937 -0.271738 0.0
-0.118621 -0.250388 0.0
-0.101535 -0.222343 0.0
-0.0831953 -0.187741 0.0
-0.0643399 -0.147415 0.0
-0.0459566 -0.103239 0.0
-0.029282 -0.0585737 0.0
-0.0157067 -0.0185847 0.0
-0.00647372 0.0105079 0.0
-0.00169302 0.023659 0.0
-6.57026e-05 0.0221984 0.0
8.95788e-05 0.00720719 0.0
-0.00108678 0.0039298 0.0
-0.00555116 0.0188216 0.0
-0.0132473 0.0330084 0.0
-0.0221894 0.0471949 0.0
-0.0314928 0.0615532 0.0
-0.0408212 0.0758985 0.0
-0.0500556 0.0899936 0.0
-0.0591481 0.10366 0.0
-0.0680689 0.116779 0.0
-0.0767901 0.129262 0.0
-0.0852819 0.141036 0.0
-0.0935127 0.152038 0.0
-0.10145 0.162211 0.0
-0.109063 0.171505 0.0
-0.11632 0.17988 0.0
-0.123196 0.187303 0.0
-0.129666 0.193754 0.0
-0.135713 0.199223 0.0
-0.141322 0.20371 0.0
-0.146483 0.207228 0.0
-0.151192 0.209797 0.0
-0.155448 0.211447 0.0
-0.159255 0.212215 0.0
-0.162623 0.212147 0.0
-0.165561 0.211291 0.0
-0.168087 0.209703 0.0
-0.170217 0.20744 0.0
-0.171972 0.204562 0.0
-0.173377 0.20113 0.0
-0.174455 0.197207 0.0
-0.175234 0.192854 0.0
-0.175742 0.188132 0.0
-0.176008 0.183099 0.0
-0.176061 0.177812 0.0
-0.175932 0.172323 0.0
-0.175649 0.166684 0.0
-0.175243 0.16094 0.0
-0.17474 0.155133 0.0
-0.174166 0.149298 0.0
-0.173547 0.143469 0.0
-0.172902 0.137672 0.0
-0.172252 0.131929 0.0
-0.171612 0.126256 0.0
-0.170994 0.120666 0.0
-0.170409 0.115166 0.0
-0.169863 0.10976 0.0
-0.16936 0.104449 0.0
-0.168902 0.0992317 0.0
-0.168489 0.0941028 0.0
-0.168118 0.089057 0.0
-0.167786 0.0840873 0.0
-0.167488 0.0791864 0.0
-0.167219 0.0743464 0.0
-0.166975 0.0695595 0.0
-0.166748 0.0648182 0.0
-0.166534 0.0601152 0.0
-0.166327 0.0554438 0.0
-0.166123 0.0507977 0.0
-0.165918 0.0461712 0.0
-0.165706 0.0415592 0.0
-0.165485 0.0369567 0.0
-0.165253 0.0323595 0.0
-0.165005 0.0277635 0.0
-0.164741 0.0231649 0.0
-0.164458 0.0185603 0.0
-0.164156 0.0139463 0.0
-0.163833 0.00931977 0.0
-0.163489 0.00467766 0.0
-0.163123 1.69366e-05 0.0
-0.162735 -0.00466503 0.0
-0.162326 -0.00937247 0.0
-0.161896 -0.0141085 0.0
-0.161445 -0.0188755 0.0
-0.160973 -0.023676 0.0
-0.160483 -0.0285121 0.0
-0.159973 -0.0333859 0.0
-0.159447 -0.0382997 0.0
-0.158904 -0.0432552 0.0
-0.158346 -0.0482544 0.0
-0.157775 -0.0532987 0.0
-0.157192 -0.0583898 0.0
-0.1566 -0.0635291 0.0
-0.156 -0.0687178 0.0
-0.155396 -0.0739571 0.0
-0.154792 -0.0792485 0.0
-0.154192 -0.0845932 0.0
-0.153601 -0.0899932 0.0
-0.153026 -0.0954509 0.0
-0.152475 -0.100969 0.0
-0.151957 -0.106554 0.0
-0.151485 -0.11221 0.0
-0.151072 -0.117948 0.0
-0.150737 -0.12378 0.0
-0.1505 -0.129722 0.0
-0.150386 -0.135796 0.0
-0.150422 -0.142032 0.0
-0.15064 -0.148466 0.0
-0.151075 -0.15514 0.0
-0.151761 -0.162108 0.0
-0.152734 -0.169431 0.0
-0.154023 -0.177173 0.0
-0.155648 -0.185401 0.0
-0.157615 -0.194177 0.0
-0.159905 -0.20355 0.0
-0.162471 -0.213541 0.0
-0.16523 -0.224134 0.0
-0.168058 -0.235257 0.0
-0.170786 -0.246769 0.0
-0.173205 -0.258445 0.0
-0.175063 -0.269968 0.0
-0.176082 -0.280914 0.0
-0.175963 -0.290755 0.0
-0.174403 -0.298859 0.0
-0.171111 -0.304495 0.0
-0.165829 -0.306853 0.0
-0.158351 -0.305067 0.0
-0.148548 -0.298251 0.0
-0.136394 -0.285563 0.0
-0.121994 -0.266279 0.0
-0.105613 -0.239917 0.0
-0.0877131 -0.206406 0.0
-0.068983 -0.166336 0.0
-0.0503728 -0.121312 0.0
-0.0331081 -0.0744401 0.0
-0.0186214 -0.0307804 0.0
-0.00819271 0.00304199 0.0
-0.00238102 0.0205326 0.0
-0.000242635 0.0215592 0.0
7.58838e-05 0.00737265 0.0
-0.00108202 0.00609861 0.0
-0.00553054 0.0255657 0.0
-0.0132057 0.0416357 0.0
-0.0221272 0.0564312 0.0
-0.0314035 0.0708965 0.0
-0.0406904 0.0851705 0.0
-0.0498627 0.0991282 0.0
-0.0588684 0.112624 0.0
-0.0676753 0.125543 0.0
-0.0762545 0.137798 0.0
-0.0845762 0.149313 0.0
-0.0926095 0.160025 0.0
-0.100324 0.169876 0.0
-0.107691 0.178819 0.0
-0.114682 0.186815 0.0
-0.121276 0.193836 0.0
-0.127451 0.199866 0.0
-0.133193 0.204899 0.0
-0.138491 0.208941 0.0
-0.143339 0.212007 0.0
-0.147736 0.214123 0.0
-0.151683 0.215324 0.0
-0.155188 0.215651 0.0
-0.158261 0.215152 0.0
-0.160917 0.213881 0.0
-0.163173 0.211894 0.0
-0.165049 0.209254 0.0
-0.166566 0.206021 0.0
-0.167751 0.20226 0.0
-0.168628 0.198034 0.0
-0.169227 0.193406 0.0
-0.169577 0.188438 0.0
-0.169706 0.183188 0.0
-0.169646 0.177715 0.0
-0.169426 0.172071 0.0
-0.169076 0.166305 0.0
-0.168625 0.160462 0.0
-0.168098 0.154582 0.0
-0.167522 0.148699 0.0
-0.166918 0.142844 0.0
-0.166305 0.137041 0.0
-0.165701 0.131307 0.0
-0.165119 0.125656 0.0
-0.164569 0.120098 0.0
-0.164059 0.114638 0.0
-0.163592 0.109275 0.0
-0.16317 0.10401 0.0
-0.162794 0.0988372 0.0
-0.162461 0.0937509 0.0
-0.162168 0.0887442 0.0
-0.161909 0.0838092 0.0
-0.16168 0.0789377 0.0
-0.161475 0.0741216 0.0
-0.161289 0.069353 0.0
-0.161115 0.0646244 0.0
-0.160949 0.059929 0.0
-0.160786 0.0552602 0.0
-0.160621 0.0506125 0.0
-0.160451 0.0459804 0.0
-0.160271 0.0413593 0.0
-0.16008 0.0367449 0.0
-0.159875 0.0321333 0.0
-0.159654 0.0275208 0.0
-0.159415 0.0229042 0.0
-0.159157 0.0182803 0.0
-0.158879 0.0136461 0.0
-0.158581 0.00899878 0.0
-0.158262 0.00433544 0.0
-0.157922 -0.000346658 0.0
-0.157561 -0.00504971 0.0
-0.15718 -0.00977809 0.0
-0.156779 -0.0145345 0.0
-0.156358 -0.0193214 0.0
-0.155918 -0.024141 0.0
-0.155461 -0.0289955 0.0
-0.154985 -0.033887 0.0
-0.154493 -0.0388173 0.0
-0.153985 -0.0437884 0.0
-0.153462 -0.0488019 0.0
-0.152926 -0.0538591 0.0
-0.152376 -0.0589615 0.0
-0.151816 -0.0641102 0.0
-0.151246 -0.0693059 0.0
-0.150669 -0.0745496 0.0
-0.150088 -0.0798418 0.0
-0.149504 -0.0851834 0.0
-0.148923 -0.0905753 0.0
-0.148348 -0.0960185 0.0
-0.147786 -0.101515 0.0
-0.147245 -0.107068 0.0
-0.146733 -0.112681 0.0
-0.146262 -0.118361 0.0
-0.145847 -0.124117 0.0
-0.145506 -0.129963 0.0
-0.145259 -0.135916 0.0
-0.145133 -0.142002 0.0
-0.145158 -0.148253 0.0
-0.145367 -0.154709 0.0
-0.145798 -0.161421 0.0
-0.146492 -0.168451 0.0
-0.147486 -0.175869 0.0
-0.148813 -0.183752 0.0
-0.150496 -0.192177 0.0
-0.15254 -0.201217 0.0
-0.154923 -0.210925 0.0
-0.157591 -0.221323 0.0
-0.160445 -0.232385 0.0
-0.163342 -0.244015 0.0
-0.166089 -0.256034 0.0
-0.168448 -0.268162 0.0
-0.17014 -0.280009 0.0
-0.170856 -0.291063 0.0
-0.170274 -0.300692 0.0
-0.168076 -0.308151 0.0
-0.163965 -0.31259 0.0
-0.157691 -0.313082 0.0
-0.149074 -0.308655 0.0
-0.138035 -0.298353 0.0
-0.12462 -0.281306 0.0
-0.109036 -0.256855 0.0
-0.0916867 -0.224718 0.0
-0.073208 -0.185233 0.0
-0.0545044 -0.139728 0.0
-0.0367721 -0.0910209 0.0
-0.021455 -0.0440034 0.0
-0.00994939 -0.00566942 0.0
-0.00317101 0.0166539 0.0
-0.000464587 0.020593 0.0
5.35758e-05 0.00750211 0.0
-0.00106467 0.0082453 0.0
-0.00545845 0.0322613 0.0
-0.0130587 0.0502155 0.0
-0.0219056 0.0656197 0.0
-0.0311046 0.0801833 0.0
-0.040304 0.09437 0.0
-0.0493729 0.10817 0.0
-0.0582555 0.121471 0.0
-0.0669173 0.134165 0.0
-0.0753284 0.146166 0.0
-0.083459 0.157397 0.0
-0.0912793 0.167795 0.0
-0.0987607 0.177302 0.0
-0.105876 0.185875 0.0
-0.112602 0.193476 0.0
-0.118917 0.200083 0.0
-0.124805 0.205683 0.0
-0.130254 0.210274 0.0
-0.135257 0.213867 0.0
-0.13981 0.216482 0.0
-0.143914 0.218149 0.0
-0.147575 0.218907 0.0
-0.150803 0.218801 0.0
-0.153608 0.217882 0.0
-0.156009 0.216207 0.0
-0.158024 0.213838 0.0
-0.159674 0.210836 0.0
-0.160983 0.207266 0.0
-0.161978 0.203194 0.0
-0.162686 0.198685 0.0
-0.163135 0.193803 0.0
-0.163357 0.188611 0.0
-0.16338 0.183168 0.0
-0.163236 0.177531 0.0
-0.162954 0.171753 0.0
-0.162564 0.165882 0.0
-0.162093 0.159961 0.0
-0.161566 0.154029 0.0
-0.161008 0.148117 0.0
-0.160437 0.142252 0.0
-0.159872 0.136456 0.0
-0.159327 0.130743 0.0
-0.158813 0.125124 0.0
-0.158337 0.119605 0.0
-0.157905 0.114188 0.0
-0.157518 0.108871 0.0
-0.157176 0.103651 0.0
-0.156878 0.0985215 0.0
-0.156619 0.0934749 0.0
-0.156396 0.0885033 0.0
-0.156202 0.0835981 0.0
-0.156033 0.0787508 0.0
-0.155883 0.0739532 0.0
-0.155746 0.0691975 0.0
-0.155616 0.0644766 0.0
-0.155489 0.059784 0.0
-0.155361 0.0551137 0.0
-0.155227 0.0504605 0.0
-0.155085 0.0458197 0.0
-0.154931 0.041187 0.0
-0.154763 0.0365587 0.0
-0.15458 0.0319312 0.0
-0.15438 0.0273014 0.0
-0.154162 0.0226663 0.0
-0.153925 0.0180231 0.0
-0.153668 0.013369 0.0
-0.153392 0.00870141 0.0
-0.153096 0.00401773 0.0
-0.15278 -0.000684601 0.0
-0.152445 -0.00540763 0.0
-0.152091 -0.0101556 0.0
-0.151718 -0.0149311 0.0
-0.151327 -0.0197365 0.0
-0.150918 -0.024574 0.0
-0.150493 -0.0294457 0.0
-0.150052 -0.0343537 0.0
-0.149594 -0.0392999 0.0
-0.149122 -0.044286 0.0
-0.148636 -0.0493137 0.0
-0.148135 -0.0543841 0.0
-0.147623 -0.0594986 0.0
-0.147098 -0.064658 0.0
-0.146563 -0.069863 0.0
-0.146018 -0.0751141 0.0
-0.145466 -0.0804115 0.0
-0.144907 -0.0857555 0.0
-0.144346 -0.0911462 0.0
-0.143784 -0.0965838 0.0
-0.143227 -0.102069 0.0
-0.142679 -0.107603 0.0
-0.142147 -0.113189 0.0
-0.141641 -0.11883 0.0
-0.141171 -0.124533 0.0
-0.140753 -0.130307 0.0
-0.140404 -0.136168 0.0
-0.140147 -0.142134 0.0
-0.140008 -0.148235 0.0
-0.140021 -0.154505 0.0
-0.140222 -0.160993 0.0
-0.140652 -0.167756 0.0
-0.141356 -0.174867 0.0
-0.142375 -0.182407 0.0
-0.143747 -0.190466 0.0
-0.145496 -0.199134 0.0
-0.147626 -0.208494 0.0
-0.150108 -0.218604 0.0
-0.152877 -0.229481 0.0
-0.155817 -0.241081 0.0
-0.15876 -0.253276 0.0
-0.161485 -0.265836 0.0
-0.163721 -0.278408 0.0
-0.165157 -0.290511 0.0
-0.165458 -0.301525 0.0
-0.164278 -0.310696 0.0
-0.161288 -0.317146 0.0
-0.156194 -0.319893 0.0
-0.148768 -0.317886 0.0
-0.138873 -0.310056 0.0
-0.126498 -0.295393 0.0
-0.11179 -0.27306 0.0
-0.0950916 -0.24256 0.0
-0.0769821 -0.203979 0.0
-0.0583156 -0.158353 0.0
-0.0402523 -0.108192 0.0
-0.0242409 -0.0581606 0.0
-0.0118277 -0.015431 0.0
-0.00412686 0.0119363 0.0
-0.000752612 0.0192299 0.0
1.93693e-05 0.00757506 0.0
-0.00103636 0.0103463 0.0
-0.00534052 0.0388582 0.0
-0.0128171 0.0586954 0.0
-0.0215415 0.074711 0.0
-0.0306187 0.0893682 0.0
-0.03969 0.103456 0.0
-0.048619 0.117082 0.0
-0.0573462 0.130169 0.0
-0.0658353 0.142618 0.0
-0.0740555 0.154344 0.0
-0.0819771 0.165271 0.0
-0.0895714 0.175335 0.0
-0.0968113 0.184483 0.0
-0.103672 0.19267 0.0
-0.110132 0.199866 0.0
-0.116174 0.20605 0.0
-0.121784 0.211214 0.0
-0.126953 0.215361 0.0
-0.131675 0.218505 0.0
-0.13595 0.220672 0.0
-0.139783 0.221896 0.0
-0.14318 0.222218 0.0
-0.146153 0.221689 0.0
-0.148716 0.220363 0.0
-0.150887 0.218299 0.0
-0.152687 0.215561 0.0
-0.15414 0.212214 0.0
-0.155269 0.208326 0.0
-0.156102 0.203962 0.0
-0.156668 0.19919 0.0
-0.156997 0.194076 0.0
-0.157118 0.188681 0.0
-0.157063 0.183066 0.0
-0.156861 0.177287 0.0
-0.156542 0.171397 0.0
-0.156135 0.165441 0.0
-0.155666 0.159462 0.0
-0.155158 0.153494 0.0
-0.154634 0.147568 0.0
-0.154111 0.141707 0.0
-0.153605 0.135929 0.0
-0.153127 0.130246 0.0
-0.152685 0.124665 0.0
-0.152286 0.119189 0.0
-0.151931 0.113817 0.0
-0.151622 0.108546 0.0
-0.151355 0.103369 0.0
-0.151129 0.0982789 0.0
-0.150937 0.0932676 0.0
-0.150776 0.088326 0.0
-0.150639 0.0834452 0.0
-0.150521 0.0786165 0.0
-0.150416 0.0738319 0.0
-0.150319 0.069084 0.0
-0.150224 0.064366 0.0
-0.150128 0.059672 0.0
-0.150027 0.0549964 0.0
-0.149918 0.0503347 0.0
-0.149798 0.0456827 0.0
-0.149664 0.0410365 0.0
-0.149515 0.0363929 0.0
-0.14935 0.0317487 0.0
-0.149167 0.0271012 0.0
-0.148967 0.0224477 0.0
-0.148748 0.0177855 0.0
-0.14851 0.0131123 0.0
-0.148254 0.00842547 0.0
-0.147979 0.00372267 0.0
-0.147686 -0.000998518 0.0
-0.147374 -0.00574009 0.0
-0.147046 -0.0105061 0.0
-0.1467 -0.0152991 0.0
-0.146338 -0.0201214 0.0
-0.14596 -0.0249753 0.0
-0.145567 -0.0298629 0.0
-0.145159 -0.0347863 0.0
-0.144736 -0.0397472 0.0
-0.1443 -0.0447474 0.0
-0.14385 -0.0497886 0.0
-0.143387 -0.054872 0.0
-0.142912 -0.0599986 0.0
-0.142425 -0.0651694 0.0
-0.141927 -0.0703849 0.0
-0.141419 -0.0756454 0.0
-0.1409 -0.0809509 0.0
-0.140374 -0.0863012 0.0
-0.13984 -0.0916959 0.0
-0.139301 -0.0971347 0.0
-0.138759 -0.102617 0.0
-0.138219 -0.108144 0.0
-0.137684 -0.113715 0.0
-0.137162 -0.119332 0.0
-0.13666 -0.125001 0.0
-0.136191 -0.130727 0.0
-0.135768 -0.13652 0.0
-0.13541 -0.142397 0.0
-0.135142 -0.148379 0.0
-0.134991 -0.154499 0.0
-0.134993 -0.160796 0.0
-0.135188 -0.167327 0.0
-0.135621 -0.174159 0.0
-0.136341 -0.181376 0.0
-0.137395 -0.189072 0.0
-0.138822 -0.197352 0.0
-0.140649 -0.206321 0.0
-0.142874 -0.21607 0.0
-0.145463 -0.226659 0.0
-0.148332 -0.238095 0.0
-0.151344 -0.250307 0.0
-0.154302 -0.263122 0.0
-0.15695 -0.276238 0.0
-0.158983 -0.289212 0.0
-0.160056 -0.301451 0.0
-0.159806 -0.312201 0.0
-0.15787 -0.320567 0.0
-0.153917 -0.32552 0.0
-0.147668 -0.325935 0.0
-0.138931 -0.320638 0.0
-0.127637 -0.30848 0.0
-0.113871 -0.288448 0.0
-0.097912 -0.259829 0.0
-0.0802807 -0.222451 0.0
-0.0617781 -0.17705 0.0
-0.0435262 -0.12581 0.0
-0.0269716 -0.0731086 0.0
-0.0137421 -0.0261257 0.0
-0.00511053 0.00629868 0.0
-0.00103785 0.0174207 0.0
-9.96256e-06 0.00758446 0.0
-0.000998343 0.012381 0.0
-0.00518162 0.0453109 0.0
-0.012491 0.0670287 0.0
-0.0210505 0.0836616 0.0
-0.0299668 0.098411 0.0
-0.0388744 0.112392 0.0
-0.0476313 0.125831 0.0
-0.056175 0.13869 0.0
-0.0644674 0.150879 0.0
-0.072477 0.162314 0.0
-0.0801746 0.172921 0.0
-0.0875323 0.182638 0.0
-0.0945246 0.191413 0.0
-0.101129 0.199206 0.0
-0.107326 0.205988 0.0
-0.1131 0.211744 0.0
-0.118441 0.21647 0.0
-0.123341 0.220173 0.0
-0.127797 0.222872 0.0
-0.131813 0.224596 0.0
-0.135393 0.225384 0.0
-0.138546 0.225281 0.0
-0.141287 0.22434 0.0
-0.143631 0.222619 0.0
-0.145598 0.220181 0.0
-0.147209 0.217091 0.0
-0.148489 0.213417 0.0
-0.149464 0.209228 0.0
-0.150162 0.204592 0.0
-0.150613 0.199577 0.0
-0.150846 0.19425 0.0
-0.150892 0.188674 0.0
-0.150782 0.182908 0.0
-0.150545 0.177007 0.0
-0.150211 0.171024 0.0
-0.149806 0.165002 0.0
-0.149356 0.158981 0.0
-0.148882 0.152994 0.0
-0.148405 0.147067 0.0
-0.147939 0.141221 0.0
-0.147498 0.135469 0.0
-0.147091 0.129821 0.0
-0.146725 0.124281 0.0
-0.146401 0.118849 0.0
-0.146121 0.113522 0.0
-0.145884 0.108294 0.0
-0.145687 0.103157 0.0
-0.145525 0.0981021 0.0
-0.145392 0.0931209 0.0
-0.145285 0.0882037 0.0
-0.145195 0.0833415 0.0
-0.145119 0.0785259 0.0
-0.145051 0.0737492 0.0
-0.144986 0.0690042 0.0
-0.144919 0.0642849 0.0
-0.144848 0.0595857 0.0
-0.144768 0.0549019 0.0
-0.144677 0.0502292 0.0
-0.144574 0.0455641 0.0
-0.144456 0.0409032 0.0
-0.144322 0.0362435 0.0
-0.144171 0.0315824 0.0
-0.144004 0.0269173 0.0
-0.143818 0.0222458 0.0
-0.143616 0.0175655 0.0
-0.143395 0.0128741 0.0
-0.143157 0.00816931 0.0
-0.142902 0.00344878 0.0
-0.14263 -0.00128974 0.0
-0.142342 -0.00604825 0.0
-0.142038 -0.0108307 0.0
-0.141718 -0.0156395 0.0
-0.141384 -0.0204772 0.0
-0.141036 -0.0253459 0.0
-0.140674 -0.0302479 0.0
-0.140298 -0.0351851 0.0
-0.13991 -0.0401594 0.0
-0.139508 -0.0451727 0.0
-0.139095 -0.0502264 0.0
-0.13867 -0.055322 0.0
-0.138233 -0.0604605 0.0
-0.137785 -0.0656427 0.0
-0.137325 -0.0708692 0.0
-0.136855 -0.0761401 0.0
-0.136374 -0.0814554 0.0
-0.135883 -0.0868147 0.0
-0.135382 -0.0922171 0.0
-0.134872 -0.097662 0.0
-0.134356 -0.103148 0.0
-0.133833 -0.108675 0.0
-0.133309 -0.114242 0.0
-0.132787 -0.11985 0.0
-0.132272 -0.1255 0.0
-0.131774 -0.131196 0.0
-0.131303 -0.136945 0.0
-0.130875 -0.142758 0.0
-0.130508 -0.148653 0.0
-0.130228 -0.154655 0.0
-0.130066 -0.1608 0.0
-0.130059 -0.167136 0.0
-0.130252 -0.173725 0.0
-0.130695 -0.180647 0.0
-0.131441 -0.188001 0.0
-0.132541 -0.195896 0.0
-0.134038 -0.204454 0.0
-0.135956 -0.213793 0.0
-0.138291 -0.224012 0.0
-0.140992 -0.23517 0.0
-0.143958 -0.247255 0.0
-0.147021 -0.260154 0.0
-0.149949 -0.273629 0.0
-0.152449 -0.287288 0.0
-0.154177 -0.300574 0.0
-0.154754 -0.312751 0.0
-0.153794 -0.322913 0.0
-0.150925 -0.329996 0.0
-0.145824 -0.332809 0.0
-0.138245 -0.330079 0.0
-0.128058 -0.32052 0.0
-0.115284 -0.302948 0.0
-0.100141 -0.276431 0.0
-0.0830849 -0.240536 0.0
-0.0648615 -0.195691 0.0
-0.0465478 -0.143735 0.0
-0.0295746 -0.0887119 0.0
-0.0156219 -0.0377047 0.0
-0.00606819 -0.00030767 0.0
-0.00128942 0.0151756 0.0
-3.11199e-05 0.00754338 0.0
-0.000951902 0.0143313 0.0
-0.00498668 0.0515787 0.0
-0.01209 0.0751737 0.0
-0.020447 0.0924331 0.0
-0.0291682 0.107277 0.0
-0.0378812 0.121147 0.0
-0.0464384 0.134391 0.0
-0.0547743 0.14701 0.0
-0.0628493 0.158926 0.0
-0.0706318 0.170058 0.0
-0.0780927 0.180335 0.0
-0.0852054 0.189694 0.0
-0.0919458 0.198089 0.0
-0.0982929 0.205481 0.0
-0.10423 0.211847 0.0
-0.109743 0.217173 0.0
-0.114823 0.221462 0.0
-0.119467 0.224724 0.0
-0.123673 0.226983 0.0
-0.127444 0.228272 0.0
-0.13079 0.228633 0.0
-0.13372 0.228116 0.0
-0.13625 0.226776 0.0
-0.138397 0.224674 0.0
-0.140182 0.221877 0.0
-0.141627 0.218451 0.0
-0.142759 0.214468 0.0
-0.143604 0.209997 0.0
-0.144191 0.205108 0.0
-0.144549 0.19987 0.0
-0.14471 0.194351 0.0
-0.144703 0.188612 0.0
-0.144559 0.182715 0.0
-0.144307 0.176712 0.0
-0.143975 0.170653 0.0
-0.143589 0.164582 0.0
-0.143171 0.158534 0.0
-0.142743 0.152539 0.0
-0.142321 0.146622 0.0
-0.141918 0.140798 0.0
-0.141546 0.135079 0.0
-0.141211 0.12947 0.0
-0.140918 0.123972 0.0
-0.140667 0.118584 0.0
-0.140457 0.113299 0.0
-0.140287 0.10811 0.0
-0.140151 0.103008 0.0
-0.140045 0.097983 0.0
-0.139964 0.0930262 0.0
-0.139901 0.0881277 0.0
-0.139851 0.0832786 0.0
-0.139809 0.0784709 0.0
-0.13977 0.0736971 0.0
-0.13973 0.0689509 0.0
-0.139685 0.0642266 0.0
-0.139632 0.0595193 0.0
-0.139569 0.0548249 0.0
-0.139493 0.0501395 0.0
-0.139402 0.04546 0.0
-0.139297 0.0407837 0.0
-0.139175 0.0361077 0.0
-0.139037 0.0314298 0.0
-0.138883 0.0267476 0.0
-0.138711 0.0220589 0.0
-0.138523 0.0173615 0.0
-0.138318 0.0126531 0.0
-0.138098 0.00793168 0.0
-0.137861 0.00319492 0.0
-0.13761 -0.00155936 0.0
-0.137344 -0.00633316 0.0
-0.137063 -0.0111303 0.0
-0.136769 -0.0159534 0.0
-0.136462 -0.0208048 0.0
-0.136142 -0.0256867 0.0
-0.13581 -0.0306015 0.0
-0.135466 -0.0355511 0.0
-0.13511 -0.0405375 0.0
-0.134743 -0.0455624 0.0
-0.134366 -0.0506277 0.0
-0.133977 -0.0557345 0.0
-0.133578 -0.060884 0.0
-0.133168 -0.0660772 0.0
-0.132748 -0.0713146 0.0
-0.132317 -0.0765964 0.0
-0.131874 -0.0819224 0.0
-0.131421 -0.0872921 0.0
-0.130957 -0.0927048 0.0
-0.130481 -0.0981591 0.0
-0.129996 -0.103654 0.0
-0.1295 -0.109187 0.0
-0.128996 -0.114758 0.0
-0.128486 -0.120366 0.0
-0.127974 -0.12601 0.0
-0.127466 -0.131692 0.0
-0.12697 -0.137416 0.0
-0.126496 -0.143189 0.0
-0.126061 -0.149024 0.0
-0.125684 -0.154941 0.0
-0.125393 -0.160968 0.0
-0.125221 -0.167147 0.0
-0.125209 -0.173533 0.0
-0.125406 -0.1802 0.0
-0.125867 -0.187241 0.0
-0.126651 -0.194771 0.0
-0.127813 -0.202919 0.0
-0.129398 -0.211824 0.0
-0.131426 -0.221618 0.0
-0.133884 -0.232406 0.0
-0.136703 -0.244234 0.0
-0.139753 -0.25706 0.0
-0.142834 -0.270713 0.0
-0.145671 -0.284867 0.0
-0.147928 -0.299011 0.0
-0.149222 -0.312443 0.0
-0.149145 -0.324259 0.0
-0.147293 -0.333371 0.0
-0.143296 -0.338532 0.0
-0.136858 -0.338374 0.0
-0.127788 -0.331483 0.0
-0.116044 -0.316503 0.0
-0.101778 -0.292285 0.0
-0.0853831 -0.258133 0.0
-0.0675421 -0.214159 0.0
-0.0492801 -0.161843 0.0
-0.0319935 -0.104864 0.0
-0.0173838 -0.0501152 0.0
-0.00705082 -0.00778387 0.0
-0.00164369 0.0124659 0.0
-8.0591e-05 0.00743167 0.0
-0.000898377 0.0161816 0.0
-0.00476065 0.0576255 0.0
-0.0116236 0.0830932 0.0
-0.019745 0.100992 0.0
-0.0282413 0.115936 0.0
-0.0367329 0.129692 0.0
-0.0450665 0.142736 0.0
-0.0531738 0.155108 0.0
-0.0610142 0.166744 0.0
-0.0685557 0.177565 0.0
-0.0757699 0.187503 0.0
-0.0826311 0.1965 0.0
-0.0891166 0.204509 0.0
-0.0952072 0.211498 0.0
-0.100887 0.217446 0.0
-0.106146 0.222346 0.0
-0.110976 0.226201 0.0
-0.115375 0.229028 0.0
-0.119344 0.230854 0.0
-0.122888 0.231717 0.0
-0.126016 0.231662 0.0
-0.128742 0.230742 0.0
-0.131081 0.229017 0.0
-0.133051 0.22655 0.0
-0.134675 0.22341 0.0
-0.135977 0.219666 0.0
-0.136982 0.21539 0.0
-0.137719 0.210656 0.0
-0.138216 0.205533 0.0
-0.138503 0.200092 0.0
-0.138611 0.194399 0.0
-0.138571 0.188517 0.0
-0.138411 0.182506 0.0
-0.13816 0.176418 0.0
-0.137845 0.1703 0.0
-0.137489 0.164193 0.0
-0.137114 0.15813 0.0
-0.136739 0.152139 0.0
-0.136377 0.146239 0.0
-0.136041 0.140443 0.0
-0.135739 0.134759 0.0
-0.135475 0.12919 0.0
-0.135251 0.123734 0.0
-0.135067 0.118387 0.0
-0.134922 0.113141 0.0
-0.134811 0.107986 0.0
-0.134729 0.102914 0.0
-0.134672 0.0979135 0.0
-0.134633 0.0929754 0.0
-0.134607 0.08809 0.0
-0.13459 0.0832489 0.0
-0.134575 0.0784442 0.0
-0.134559 0.0736693 0.0
-0.134539 0.0689182 0.0
-0.13451 0.064186 0.0
-0.134472 0.0594682 0.0
-0.13442 0.0547613 0.0
-0.134356 0.0500621 0.0
-0.134276 0.0453676 0.0
-0.134181 0.0406755 0.0
-0.13407 0.0359834 0.0
-0.133943 0.0312891 0.0
-0.1338 0.0265906 0.0
-0.133641 0.0218857 0.0
-0.133467 0.0171723 0.0
-0.133278 0.0124484 0.0
-0.133074 0.00771171 0.0
-0.132855 0.00296022 0.0
-0.132623 -0.00180827 0.0
-0.132378 -0.00659572 0.0
-0.13212 -0.011406 0.0
-0.131851 -0.0162416 0.0
-0.131569 -0.0211051 0.0
-0.131277 -0.0259988 0.0
-0.130974 -0.0309248 0.0
-0.13066 -0.0358854 0.0
-0.130336 -0.0408824 0.0
-0.130003 -0.0459178 0.0
-0.12966 -0.0509932 0.0
-0.129307 -0.0561102 0.0
-0.128944 -0.0612699 0.0
-0.128572 -0.0664733 0.0
-0.12819 -0.0717211 0.0
-0.127798 -0.0770135 0.0
-0.127395 -0.0823505 0.0
-0.126981 -0.0877315 0.0
-0.126555 -0.0931557 0.0
-0.126116 -0.0986217 0.0
-0.125665 -0.104128 0.0
-0.125202 -0.109672 0.0
-0.124725 -0.115253 0.0
-0.124238 -0.120868 0.0
-0.12374 -0.126516 0.0
-0.123237 -0.132197 0.0
-0.122733 -0.137911 0.0
-0.122235 -0.143664 0.0
-0.121757 -0.149463 0.0
-0.121313 -0.155322 0.0
-0.120927 -0.161265 0.0
-0.120625 -0.167324 0.0
-0.120446 -0.173547 0.0
-0.120434 -0.18 0.0
-0.120644 -0.18677 0.0
-0.121137 -0.193967 0.0
-0.121975 -0.201724 0.0
-0.123218 -0.210192 0.0
-0.124911 -0.219529 0.0
-0.127069 -0.22988 0.0
-0.129662 -0.241348 0.0
-0.132597 -0.25396 0.0
-0.135711 -0.26762 0.0
-0.138758 -0.282076 0.0
-0.141419 -0.296884 0.0
-0.143312 -0.311383 0.0
-0.144016 -0.324692 0.0
-0.143098 -0.335709 0.0
-0.140149 -0.343139 0.0
-0.134821 -0.345533 0.0
-0.126864 -0.341351 0.0
-0.116174 -0.329069 0.0
-0.102835 -0.307323 0.0
-0.0871729 -0.275151 0.0
-0.0698081 -0.232346 0.0
-0.0517093 -0.180016 0.0
-0.0342354 -0.121451 0.0
-0.0191032 -0.0632703 0.0
-0.00806814 -0.0159969 0.0
-0.00202968 0.00923331 0.0
-0.000139817 0.00721127 0.0
-0.000839104 0.017919 0.0
-0.00450841 0.0634196 0.0
-0.011101 0.0907546 0.0
-0.0189576 0.109308 0.0
-0.0272031 0.124361 0.0
-0.0354502 0.138006 0.0
-0.04354 0.150846 0.0
-0.0514014 0.162967 0.0
-0.0589926 0.174316 0.0
-0.0662818 0.184823 0.0
-0.0732413 0.194419 0.0
-0.0798463 0.20305 0.0
-0.0860754 0.210674 0.0
-0.091911 0.21726 0.0
-0.0973392 0.222793 0.0
-0.102351 0.227269 0.0
-0.10694 0.230696 0.0
-0.111105 0.233096 0.0
-0.114851 0.2345 0.0
-0.118182 0.234947 0.0
-0.12111 0.234489 0.0
-0.123648 0.23318 0.0
-0.125814 0.231084 0.0
-0.127627 0.228267 0.0
-0.12911 0.2248 0.0
-0.130288 0.220755 0.0
-0.131186 0.216205 0.0
-0.131834 0.211225 0.0
-0.13226 0.205887 0.0
-0.132495 0.20026 0.0
-0.132569 0.194412 0.0
-0.132511 0.188405 0.0
-0.13235 0.182297 0.0
-0.132113 0.176139 0.0
-0.131826 0.169976 0.0
-0.13151 0.163846 0.0
-0.131185 0.157778 0.0
-0.130867 0.151798 0.0
-0.130569 0.14592 0.0
-0.1303 0.140156 0.0
-0.130065 0.134509 0.0
-0.129868 0.128979 0.0
-0.12971 0.123563 0.0
-0.129588 0.118253 0.0
-0.1295 0.113041 0.0
-0.12944 0.107916 0.0
-0.129405 0.102867 0.0
-0.129389 0.0978859 0.0
-0.129385 0.0929609 0.0
-0.12939 0.0880835 0.0
-0.129398 0.0832455 0.0
-0.129405 0.0784398 0.0
-0.129407 0.0736602 0.0
-0.129402 0.0689013 0.0
-0.129386 0.0641588 0.0
-0.129358 0.0594289 0.0
-0.129317 0.0547084 0.0
-0.129262 0.0499946 0.0
-0.129191 0.0452849 0.0
-0.129105 0.0405771 0.0
-0.129003 0.0358693 0.0
-0.128887 0.0311594 0.0
-0.128755 0.0264455 0.0
-0.128608 0.0217255 0.0
-0.128447 0.0169974 0.0
-0.128273 0.0122593 0.0
-0.128085 0.00750884 0.0
-0.127884 0.00274405 0.0
-0.127671 -0.00203724 0.0
-0.127446 -0.00683674 0.0
-0.12721 -0.0116585 0.0
-0.126964 -0.0165052 0.0
-0.126708 -0.0213794 0.0
-0.126441 -0.0262833 0.0
-0.126166 -0.0312191 0.0
-0.125881 -0.0361892 0.0
-0.125588 -0.0411955 0.0
-0.125287 -0.0462399 0.0
-0.124976 -0.0513243 0.0
-0.124658 -0.0564503 0.0
-0.124331 -0.0616191 0.0
-0.123995 -0.0668318 0.0
-0.123651 -0.0720893 0.0
-0.123296 -0.0773919 0.0
-0.122932 -0.0827396 0.0
-0.122557 -0.088132 0.0
-0.12217 -0.0935684 0.0
-0.12177 -0.0990473 0.0
-0.121356 -0.104567 0.0
-0.120928 -0.110125 0.0
-0.120484 -0.11572 0.0
-0.120025 -0.121348 0.0
-0.119551 -0.127008 0.0
-0.119064 -0.132697 0.0
-0.118566 -0.138414 0.0
-0.118063 -0.144162 0.0
-0.117563 -0.149944 0.0
-0.117078 -0.15577 0.0
-0.116625 -0.161657 0.0
-0.116228 -0.16763 0.0
-0.115919 -0.173729 0.0
-0.115737 -0.180011 0.0
-0.115733 -0.186552 0.0
-0.115967 -0.193457 0.0
-0.116506 -0.200856 0.0
-0.117419 -0.208904 0.0
-0.118767 -0.217776 0.0
-0.120592 -0.22765 0.0
-0.122898 -0.23868 0.0
-0.125634 -0.250957 0.0
-0.128675 -0.264467 0.0
-0.131813 -0.279043 0.0
-0.134753 -0.294316 0.0
-0.137124 -0.309687 0.0
-0.138499 -0.324309 0.0
-0.138424 -0.337084 0.0
-0.136453 -0.346683 0.0
-0.132191 -0.35158 0.0
-0.125331 -0.350121 0.0
-0.115704 -0.340616 0.0
-0.103327 -0.321491 0.0
-0.0884595 -0.291514 0.0
-0.0716542 -0.250153 0.0
-0.0538217 -0.19814 0.0
-0.0362784 -0.138344 0.0
-0.0207402 -0.077047 0.0
-0.00906737 -0.0249281 0.0
-0.00240573 0.00546441 0.0
-0.000193437 0.00687801 0.0
-0.000775369 0.0195335 0.0
-0.00423463 0.0689337 0.0
-0.0105307 0.0981291 0.0
-0.0180971 0.117357 0.0
-0.0260692 0.13253 0.0
-0.0340524 0.146067 0.0
-0.0418813 0.158704 0.0
-0.0494822 0.170571 0.0
-0.0568125 0.181633 0.0
-0.0638405 0.191823 0.0
-0.0705391 0.201077 0.0
-0.0768847 0.209343 0.0
-0.0828571 0.216582 0.0
-0.08844 0.22277 0.0
-0.0936212 0.227893 0.0
-0.0983925 0.231952 0.0
-0.10275 0.23496 0.0
-0.106694 0.236942 0.0
-0.110228 0.237933 0.0
-0.113361 0.237978 0.0
-0.116104 0.237129 0.0
-0.118471 0.235446 0.0
-0.120481 0.232994 0.0
-0.122155 0.229843 0.0
-0.123514 0.226066 0.0
-0.124585 0.221737 0.0
-0.125395 0.216931 0.0
-0.125972 0.211723 0.0
-0.126344 0.206187 0.0
-0.126542 0.200393 0.0
-0.126596 0.194407 0.0
-0.126534 0.188291 0.0
-0.126385 0.182101 0.0
-0.126172 0.175886 0.0
-0.125921 0.16969 0.0
-0.125652 0.163546 0.0
-0.125381 0.157482 0.0
-0.125123 0.151518 0.0
-0.124888 0.145667 0.0
-0.124684 0.139935 0.0
-0.124514 0.134325 0.0
-0.12438 0.128833 0.0
-0.124281 0.123452 0.0
-0.124214 0.118176 0.0
-0.124176 0.112992 0.0
-0.124162 0.107891 0.0
-0.124166 0.102861 0.0
-0.124184 0.097893 0.0
-0.124209 0.0929761 0.0
-0.124239 0.088102 0.0
-0.124267 0.0832631 0.0
-0.12429 0.0784528 0.0
-0.124307 0.0736655 0.0
-0.124313 0.0688966 0.0
-0.124307 0.0641422 0.0
-0.124288 0.0593989 0.0
-0.124255 0.0546641 0.0
-0.124207 0.0499354 0.0
-0.124144 0.0452106 0.0
-0.124066 0.0404876 0.0
-0.123974 0.0357648 0.0
-0.123867 0.0310401 0.0
-0.123746 0.0263118 0.0
-0.123611 0.0215779 0.0
-0.123463 0.0168365 0.0
-0.123303 0.0120855 0.0
-0.123131 0.00732275 0.0
-0.122948 0.00254608 0.0
-0.122754 -0.0022469 0.0
-0.122549 -0.00705683 0.0
-0.122334 -0.0118886 0.0
-0.122111 -0.016745 0.0
-0.121878 -0.0216285 0.0
-0.121637 -0.0265412 0.0
-0.121388 -0.0314856 0.0
-0.121132 -0.0364639 0.0
-0.120868 -0.0414781 0.0
-0.120596 -0.0465304 0.0
-0.120318 -0.0516225 0.0
-0.120032 -0.0567563 0.0
-0.119739 -0.0619331 0.0
-0.119438 -0.0671541 0.0
-0.11913 -0.0724204 0.0
-0.118812 -0.0777323 0.0
-0.118486 -0.0830902 0.0
-0.118149 -0.0884938 0.0
-0.1178 -0.0939423 0.0
-0.117439 -0.0994345 0.0
-0.117063 -0.104969 0.0
-0.116672 -0.110543 0.0
-0.116265 -0.116154 0.0
-0.115839 -0.121799 0.0
-0.115394 -0.127475 0.0
-0.114931 -0.133179 0.0
-0.114451 -0.138909 0.0
-0.113956 -0.144664 0.0
-0.113451 -0.150446 0.0
-0.112946 -0.156259 0.0
-0.112453 -0.162114 0.0
-0.11199 -0.168032 0.0
-0.111584 -0.174043 0.0
-0.111269 -0.180193 0.0
-0.111091 -0.186551 0.0
-0.111105 -0.19321 0.0
-0.111379 -0.200291 0.0
-0.111984 -0.20795 0.0
-0.112995 -0.21637 0.0
-0.114474 -0.225752 0.0
-0.116455 -0.23629 0.0
-0.118927 -0.248139 0.0
-0.121806 -0.261365 0.0
-0.124926 -0.275888 0.0
-0.128026 -0.291431 0.0
-0.130754 -0.307473 0.0
-0.132687 -0.323216 0.0
-0.133356 -0.337583 0.0
-0.132285 -0.349224 0.0
-0.129033 -0.356552 0.0
-0.123239 -0.357803 0.0
-0.114671 -0.351129 0.0
-0.103281 -0.334745 0.0
-0.0892547 -0.307153 0.0
-0.0730802 -0.267494 0.0
-0.0556053 -0.216107 0.0
-0.0380982 -0.155428 0.0
-0.0222606 -0.0913392 0.0
-0.0100322 -0.034537 0.0
-0.00276888 0.00114839 0.0
-0.000235855 0.00644872 0.0
-0.000708371 0.0210173 0.0
-0.00394371 0.0741445 0.0
-0.0099209 0.105191 0.0
-0.017175 0.125115 0.0
-0.0248544 0.140424 0.0
-0.032557 0.153859 0.0
-0.0401109 0.166294 0.0
-0.0474394 0.17791 0.0
-0.0544993 0.188685 0.0
-0.0612591 0.198559 0.0
-0.0676926 0.207473 0.0
-0.0737769 0.215377 0.0
-0.0794933 0.222237 0.0
-0.0848266 0.228031 0.0
-0.0897659 0.232752 0.0
-0.0943043 0.236403 0.0
-0.0984392 0.239002 0.0
-0.102172 0.240577 0.0
-0.105508 0.241168 0.0
-0.108455 0.240823 0.0
-0.111027 0.239598 0.0
-0.113239 0.237556 0.0
-0.115109 0.234764 0.0
-0.116658 0.231296 0.0
-0.117911 0.227226 0.0
-0.118892 0.22263 0.0
-0.119628 0.217585 0.0
-0.120149 0.212167 0.0
-0.120482 0.20645 0.0
-0.120658 0.200504 0.0
-0.120704 0.194396 0.0
-0.12065 0.188185 0.0
-0.12052 0.181927 0.0
-0.12034 0.175668 0.0
-0.120131 0.169448 0.0
-0.119912 0.163299 0.0
-0.119697 0.157244 0.0
-0.119499 0.1513 0.0
-0.119326 0.145477 0.0
-0.119184 0.139778 0.0
-0.119074 0.134202 0.0
-0.118997 0.128744 0.0
-0.118952 0.123396 0.0
-0.118934 0.118148 0.0
-0.11894 0.112988 0.0
-0.118964 0.107905 0.0
-0.119001 0.102889 0.0
-0.119046 0.0979287 0.0
-0.119096 0.0930153 0.0
-0.119144 0.0881404 0.0
-0.119188 0.0832971 0.0
-0.119225 0.0784793 0.0
-0.119252 0.0736821 0.0
-0.119267 0.0689014 0.0
-0.119269 0.0641339 0.0
-0.119258 0.0593766 0.0
-0.119232 0.0546272 0.0
-0.119191 0.0498837 0.0
-0.119135 0.045144 0.0
-0.119065 0.0404066 0.0
-0.118982 0.0356695 0.0
-0.118884 0.030931 0.0
-0.118774 0.0261894 0.0
-0.118651 0.0214428 0.0
-0.118516 0.0166892 0.0
-0.11837 0.0119267 0.0
-0.118214 0.00715298 0.0
-0.118047 0.00236591 0.0
-0.117871 -0.002437 0.0
-0.117687 -0.00725627 0.0
-0.117493 -0.012097 0.0
-0.117292 -0.0169619 0.0
-0.117082 -0.0218533 0.0
-0.116866 -0.0267737 0.0
-0.116642 -0.0317254 0.0
-0.116412 -0.0367107 0.0
-0.116176 -0.0417317 0.0
-0.115934 -0.0467906 0.0
-0.115685 -0.0518894 0.0
-0.115431 -0.0570298 0.0
-0.11517 -0.0622134 0.0
-0.114903 -0.0674417 0.0
-0.114628 -0.0727157 0.0
-0.114346 -0.0780362 0.0
-0.114056 -0.0834035 0.0
-0.113756 -0.0888176 0.0
-0.113445 -0.0942779 0.0
-0.113122 -0.0997834 0.0
-0.112785 -0.105332 0.0
-0.112432 -0.110923 0.0
-0.112062 -0.116552 0.0
-0.111672 -0.122217 0.0
-0.111261 -0.127913 0.0
-0.110828 -0.133638 0.0
-0.110373 -0.139387 0.0
-0.109896 -0.145159 0.0
-0.1094 -0.150951 0.0
-0.108892 -0.156767 0.0
-0.108379 -0.162612 0.0
-0.107876 -0.1685 0.0
-0.107404 -0.174453 0.0
-0.106991 -0.18051 0.0
-0.106676 -0.186727 0.0
-0.10651 -0.193185 0.0
-0.106556 -0.199997 0.0
-0.106887 -0.207309 0.0
-0.107582 -0.215306 0.0
-0.108719 -0.2242 0.0
-0.110358 -0.234221 0.0
-0.112521 -0.245574 0.0
-0.115167 -0.258403 0.0
-0.118176 -0.272721 0.0
-0.121326 -0.288349 0.0
-0.124294 -0.304858 0.0
-0.12667 -0.321522 0.0
-0.127979 -0.3373 0.0
-0.12772 -0.350837 0.0
-0.125413 -0.360498 0.0
-0.120643 -0.36442 0.0
-0.11312 -0.360603 0.0
-0.102725 -0.347057 0.0
-0.0895766 -0.322016 0.0
-0.0740921 -0.28429 0.0
-0.0570548 -0.233823 0.0
-0.0396781 -0.172596 0.0
-0.0236364 -0.106051 0.0
-0.0109209 -0.0447696 0.0
-0.00311789 -0.00368528 0.0
-0.000290691 0.00592218 0.0
-0.000639205 0.0223648 0.0
-0.00363968 0.0790328 0.0
-0.00927917 0.11192 0.0
-0.0162018 0.132563 0.0
-0.023572 0.148025 0.0
-0.03098 0.161368 0.0
-0.0382473 0.173606 0.0
-0.0452939 0.184973 0.0
-0.052076 0.195464 0.0
-0.0585625 0.205026 0.0
-0.0647278 0.213604 0.0
-0.0705503 0.221152 0.0
-0.0760122 0.22764 0.0
-0.0810995 0.233049 0.0
-0.0858025 0.237376 0.0
-0.0901154 0.24063 0.0
-0.0940366 0.242831 0.0
-0.0975684 0.244012 0.0
-0.100717 0.244217 0.0
-0.103492 0.243497 0.0
-0.105906 0.241911 0.0
-0.107976 0.239525 0.0
-0.10972 0.23641 0.0
-0.11116 0.23264 0.0
-0.11232 0.228294 0.0
-0.113225 0.223448 0.0
-0.113902 0.21818 0.0
-0.11438 0.212569 0.0
-0.114687 0.206687 0.0
-0.11485 0.200606 0.0
-0.1149 0.19439 0.0
-0.114861 0.188098 0.0
-0.114759 0.181783 0.0
-0.114617 0.17549 0.0
-0.114454 0.169255 0.0
-0.114287 0.163106 0.0
-0.114128 0.157064 0.0
-0.113989 0.151142 0.0
-0.113875 0.145348 0.0
-0.11379 0.13968 0.0
-0.113736 0.134136 0.0
-0.113711 0.128709 0.0
-0.113712 0.123388 0.0
-0.113737 0.118162 0.0
-0.113779 0.113021 0.0
-0.113835 0.107952 0.0
-0.1139 0.102944 0.0
-0.113968 0.0979875 0.0
-0.114036 0.0930735 0.0
-0.1141 0.0881945 0.0
-0.114157 0.0833439 0.0
-0.114204 0.0785164 0.0
-0.11424 0.0737076 0.0
-0.114262 0.0689139 0.0
-0.114271 0.0641325 0.0
-0.114266 0.0593609 0.0
-0.114246 0.054597 0.0
-0.114212 0.049839 0.0
-0.114164 0.0450851 0.0
-0.114102 0.0403338 0.0
-0.114027 0.0355834 0.0
-0.11394 0.0308322 0.0
-0.11384 0.0260784 0.0
-0.113729 0.0213202 0.0
-0.113608 0.0165556 0.0
-0.113476 0.0117827 0.0
-0.113335 0.00699933 0.0
-0.113186 0.00220325 0.0
-0.113028 -0.0026077 0.0
-0.112863 -0.0074355 0.0
-0.11269 -0.0122842 0.0
-0.112509 -0.0171565 0.0
-0.112322 -0.0220549 0.0
-0.112129 -0.0269818 0.0
-0.11193 -0.0319397 0.0
-0.111726 -0.0369309 0.0
-0.111516 -0.0419576 0.0
-0.111301 -0.047022 0.0
-0.111081 -0.0521263 0.0
-0.110856 -0.0572723 0.0
-0.110626 -0.0624617 0.0
-0.110391 -0.0676962 0.0
-0.110149 -0.072977 0.0
-0.109901 -0.078305 0.0
-0.109645 -0.0836808 0.0
-0.109381 -0.0891046 0.0
-0.109107 -0.0945761 0.0
-0.108821 -0.100094 0.0
-0.108521 -0.105658 0.0
-0.108206 -0.111265 0.0
-0.107873 -0.116913 0.0
-0.107521 -0.122598 0.0
-0.107146 -0.128317 0.0
-0.106747 -0.134066 0.0
-0.106322 -0.139839 0.0
-0.105872 -0.145634 0.0
-0.105396 -0.151447 0.0
-0.104897 -0.157278 0.0
-0.104382 -0.163129 0.0
-0.10386 -0.169008 0.0
-0.103346 -0.174931 0.0
-0.102865 -0.180927 0.0
-0.102449 -0.187042 0.0
-0.102141 -0.193345 0.0
-0.101999 -0.199934 0.0
-0.102093 -0.206947 0.0
-0.102505 -0.214561 0.0
-0.103319 -0.222993 0.0
-0.104615 -0.232493 0.0
-0.106444 -0.243311 0.0
-0.108807 -0.255657 0.0
-0.111627 -0.269638 0.0
-0.114729 -0.28518 0.0
-0.117828 -0.30196 0.0
-0.120534 -0.319339 0.0
-0.122376 -0.336333 0.0
-0.122836 -0.351603 0.0
-0.121399 -0.363477 0.0
-0.117603 -0.370006 0.0
-0.111096 -0.369047 0.0
-0.101696 -0.358409 0.0
-0.0894488 -0.336059 0.0
-0.0747023 -0.300478 0.0
-0.0581721 -0.251203 0.0
-0.0410134 -0.189751 0.0
-0.0248646 -0.121086 0.0
-0.0117493 -0.0555652 0.0
-0.00346116 -0.00898083 0.0
-0.000351059 0.00528043 0.0
-0.000568852 0.0235729 0.0
-0.00332625 0.0835826 0.0
-0.00861235 0.118296 0.0
-0.0151872 0.139685 0.0
-0.0222341 0.155321 0.0
-0.0293361 0.168583 0.0
-0.0363072 0.18063 0.0
-0.0430645 0.191753 0.0
-0.0495633 0.201965 0.0
-0.0557729 0.211221 0.0
-0.0616685 0.21947 0.0
-0.0672294 0.22667 0.0
-0.072439 0.232794 0.0
-0.0772843 0.237828 0.0
-0.0817567 0.241773 0.0
-0.0858513 0.244641 0.0
-0.0895674 0.246457 0.0
-0.0929081 0.247259 0.0
-0.0958802 0.247091 0.0
-0.098494 0.246011 0.0
-0.100763 0.24408 0.0
-0.102703 0.241366 0.0
-0.104335 0.237944 0.0
-0.105678 0.23389 0.0
-0.106758 0.229284 0.0
-0.1076 0.224204 0.0
-0.10823 0.218731 0.0
-0.108676 0.212942 0.0
-0.108966 0.206911 0.0
-0.109128 0.200708 0.0
-0.109188 0.194397 0.0
-0.109172 0.188036 0.0
-0.109103 0.181675 0.0
-0.109002 0.175355 0.0
-0.108886 0.169111 0.0
-0.108771 0.162967 0.0
-0.108667 0.156941 0.0
-0.108584 0.151042 0.0
-0.108525 0.145275 0.0
-0.108493 0.139636 0.0
-0.108488 0.134121 0.0
-0.108509 0.12872 0.0
-0.108552 0.123421 0.0
-0.108613 0.118214 0.0
-0.108687 0.113086 0.0
-0.10877 0.108026 0.0
-0.108857 0.103022 0.0
-0.108943 0.0980649 0.0
-0.109026 0.093147 0.0
-0.109102 0.0882609 0.0
-0.109169 0.0834008 0.0
-0.109225 0.0785619 0.0
-0.109267 0.0737403 0.0
-0.109296 0.068933 0.0
-0.109311 0.0641374 0.0
-0.109312 0.0593515 0.0
-0.109298 0.0545733 0.0
-0.109271 0.0498013 0.0
-0.109231 0.045034 0.0
-0.109177 0.0402697 0.0
-0.109111 0.0355069 0.0
-0.109034 0.0307439 0.0
-0.108946 0.025979 0.0
-0.108848 0.0212103 0.0
-0.10874 0.016436 0.0
-0.108623 0.0116539 0.0
-0.108498 0.00686196 0.0
-0.108365 0.00205802 0.0
-0.108225 -0.0027601 0.0
-0.108078 -0.00759529 0.0
-0.107924 -0.0124509 0.0
-0.107765 -0.0173296 0.0
-0.107599 -0.022234 0.0
-0.107429 -0.0271665 0.0
-0.107253 -0.0321296 0.0
-0.107073 -0.0371256 0.0
-0.106889 -0.042157 0.0
-0.1067 -0.047226 0.0
-0.106508 -0.0523348 0.0
-0.106311 -0.0574853 0.0
-0.10611 -0.0626796 0.0
-0.105905 -0.0679193 0.0
-0.105694 -0.0732058 0.0
-0.105478 -0.0785404 0.0
-0.105256 -0.0839237 0.0
-0.105025 -0.0893563 0.0
-0.104786 -0.0948381 0.0
-0.104536 -0.100368 0.0
-0.104273 -0.105946 0.0
-0.103995 -0.11157 0.0
-0.1037 -0.117236 0.0
-0.103385 -0.122943 0.0
-0.103048 -0.128685 0.0
-0.102685 -0.134459 0.0
-0.102295 -0.14026 0.0
-0.101875 -0.146083 0.0
-0.101426 -0.151924 0.0
-0.100947 -0.157779 0.0
-0.100442 -0.163648 0.0
-0.0999181 -0.169535 0.0
-0.0993855 -0.175449 0.0
-0.0988625 -0.181412 0.0
-0.0983754 -0.18746 0.0
-0.0979613 -0.193648 0.0
-0.0976706 -0.200063 0.0
-0.0975679 -0.206827 0.0
-0.0977322 -0.214105 0.0
-0.0982527 -0.222114 0.0
-0.0992199 -0.23111 0.0
-0.100709 -0.241376 0.0
-0.102756 -0.253182 0.0
-0.105329 -0.26672 0.0
-0.108301 -0.282024 0.0
-0.111431 -0.298887 0.0
-0.114359 -0.316777 0.0
-0.116627 -0.334786 0.0
-0.117709 -0.351608 0.0
-0.117061 -0.365556 0.0
-0.114179 -0.374606 0.0
-0.108652 -0.376481 0.0
-0.100233 -0.368794 0.0
-0.0889004 -0.349253 0.0
-0.0749288 -0.316002 0.0
-0.0589654 -0.268172 0.0
-0.0421045 -0.206801 0.0
-0.0259431 -0.136346 0.0
-0.0125206 -0.0668432 0.0
-0.00379522 -0.0147162 0.0
-0.000409431 0.00451994 0.0
-0.000498178 0.0246399 0.0
-0.00300673 0.0877815 0.0
-0.00792669 0.124303 0.0
-0.0141399 0.146466 0.0
-0.0208517 0.162299 0.0
-0.0276381 0.175493 0.0
-0.0343058 0.187359 0.0
-0.040768 0.198244 0.0
-0.0469796 0.208185 0.0
-0.05291 0.217142 0.0
-0.0585353 0.22507 0.0
-0.0638359 0.231931 0.0
-0.068796 0.237702 0.0
-0.0734037 0.242373 0.0
-0.0776513 0.245948 0.0
-0.0815347 0.248444 0.0
-0.0850539 0.24989 0.0
-0.0882128 0.250326 0.0
-0.0910185 0.249802 0.0
-0.0934817 0.248377 0.0
-0.0956163 0.246117 0.0
-0.0974389 0.243092 0.0
-0.0989688 0.239379 0.0
-0.100228 0.235057 0.0
-0.101239 0.230208 0.0
-0.102028 0.224911 0.0
-0.102621 0.219248 0.0
-0.103046 0.213296 0.0
-0.103328 0.207129 0.0
-0.103494 0.200818 0.0
-0.103571 0.194424 0.0
-0.103583 0.188004 0.0
-0.103549 0.181605 0.0
-0.103491 0.175265 0.0
-0.103423 0.169017 0.0
-0.103359 0.162881 0.0
-0.103308 0.156872 0.0
-0.103276 0.150996 0.0
-0.103268 0.145254 0.0
-0.103284 0.139642 0.0
-0.103324 0.134151 0.0
-0.103385 0.128771 0.0
-0.103463 0.123491 0.0
-0.103555 0.118297 0.0
-0.103655 0.113178 0.0
-0.10376 0.108121 0.0
-0.103865 0.103118 0.0
-0.103967 0.0981573 0.0
-0.104062 0.0932327 0.0
-0.104148 0.0883373 0.0
-0.104222 0.0834659 0.0
-0.104285 0.0786144 0.0
-0.104333 0.0737793 0.0
-0.104368 0.0689579 0.0
-0.104389 0.0641481 0.0
-0.104395 0.0593481 0.0
-0.104388 0.0545562 0.0
-0.104368 0.049771 0.0
-0.104336 0.0449909 0.0
-0.104291 0.0402146 0.0
-0.104235 0.0354404 0.0
-0.104168 0.0306667 0.0
-0.104092 0.0258917 0.0
-0.104006 0.0211136 0.0
-0.103912 0.0163305 0.0
-0.10381 0.0115403 0.0
-0.1037 0.00674081 0.0
-0.103584 0.00192989 0.0
-0.103461 -0.00289471 0.0
-0.103333 -0.00773621 0.0
-0.103198 -0.0125977 0.0
-0.103059 -0.0174819 0.0
-0.102914 -0.0223913 0.0
-0.102766 -0.0273285 0.0
-0.102613 -0.0322959 0.0
-0.102456 -0.037296 0.0
-0.102296 -0.0423312 0.0
-0.102133 -0.0474038 0.0
-0.101966 -0.0525162 0.0
-0.101796 -0.0576704 0.0
-0.101623 -0.0628686 0.0
-0.101446 -0.0681125 0.0
-0.101266 -0.0734038 0.0
-0.10108 -0.0787439 0.0
-0.100889 -0.0841338 0.0
-0.100691 -0.0895742 0.0
-0.100486 -0.0950654 0.0
-0.10027 -0.100607 0.0
-0.100043 -0.106198 0.0
-0.0998012 -0.111837 0.0
-0.0995432 -0.117522 0.0
-0.0992657 -0.123249 0.0
-0.0989659 -0.129016 0.0
-0.0986406 -0.134817 0.0
-0.0982869 -0.140647 0.0
-0.0979023 -0.146501 0.0
-0.0974846 -0.152373 0.0
-0.0970332 -0.15826 0.0
-0.0965489 -0.164157 0.0
-0.0960355 -0.170064 0.0
-0.0955004 -0.175988 0.0
-0.0949569 -0.181941 0.0
-0.0944255 -0.18795 0.0
-0.0939365 -0.194061 0.0
-0.0935331 -0.200345 0.0
-0.0932728 -0.206908 0.0
-0.0932295 -0.213903 0.0
-0.0934913 -0.221534 0.0
-0.0941551 -0.230059 0.0
-0.0953126 -0.239781 0.0
-0.0970293 -0.251014 0.0
-0.0993148 -0.264029 0.0
-0.102091 -0.278967 0.0
-0.105164 -0.295741 0.0
-0.108215 -0.313943 0.0
-0.110806 -0.332761 0.0
-0.112412 -0.350945 0.0
-0.112469 -0.36681 0.0
-0.110432 -0.378272 0.0
-0.105839 -0.382934 0.0
-0.0983804 -0.378219 0.0
-0.0879641 -0.361577 0.0
-0.0747939 -0.330819 0.0
-0.0594468 -0.284665 0.0
-0.042954 -0.223662 0.0
-0.0268662 -0.151734 0.0
-0.0132234 -0.0785202 0.0
-0.00411502 -0.020873 0.0
-0.000467311 0.0036432 0.0
-0.000427934 0.025566 0.0
-0.00268409 0.0916201 0.0
-0.00722783 0.129928 0.0
-0.0130677 0.152894 0.0
-0.0194345 0.16895 0.0
-0.0258978 0.182092 0.0
-0.0322562 0.193786 0.0
-0.0384195 0.204442 0.0
-0.0443411 0.214119 0.0
-0.0499913 0.222788 0.0
-0.0553467 0.230405 0.0
-0.0603888 0.236939 0.0
-0.0651027 0.242369 0.0
-0.0694775 0.246689 0.0
-0.073506 0.249908 0.0
-0.0771851 0.252046 0.0
-0.0805154 0.253137 0.0
-0.083501 0.253223 0.0
-0.0861496 0.252359 0.0
-0.0884721 0.250606 0.0
-0.0904826 0.248033 0.0
-0.0921977 0.244714 0.0
-0.0936366 0.240727 0.0
-0.0948208 0.236153 0.0
-0.0957735 0.231076 0.0
-0.0965195 0.225578 0.0
-0.0970843 0.219739 0.0
-0.0974942 0.213638 0.0
-0.0977752 0.20735 0.0
-0.0979527 0.200942 0.0
-0.098051 0.194476 0.0
-0.0980923 0.188005 0.0
-0.0980965 0.181575 0.0
-0.0980811 0.175221 0.0
-0.0980601 0.168972 0.0
-0.0980446 0.162846 0.0
-0.0980427 0.156854 0.0
-0.0980594 0.150999 0.0
-0.0980972 0.14528 0.0
-0.0981561 0.13969 0.0
-0.0982347 0.13422 0.0
-0.0983301 0.128858 0.0
-0.0984386 0.123591 0.0
-0.0985561 0.118406 0.0
-0.0986782 0.113291 0.0
-0.0988011 0.108236 0.0
-0.0989208 0.103228 0.0
-0.0990344 0.0982617 0.0
-0.0991392 0.0933281 0.0
-0.099233 0.0884217 0.0
-0.0993145 0.0835379 0.0
-0.0993827 0.0786729 0.0
-0.099437 0.0738238 0.0
-0.0994773 0.0689884 0.0
-0.0995036 0.0641647 0.0
-0.0995164 0.059351 0.0
-0.0995162 0.054546 0.0
-0.0995035 0.0497483 0.0
-0.0994791 0.0449564 0.0
-0.0994436 0.0401689 0.0
-0.0993978 0.0353843 0.0
-0.0993424 0.0306008 0.0
-0.0992781 0.0258168 0.0
-0.0992054 0.0210303 0.0
-0.0991251 0.0162394 0.0
-0.0990377 0.0114419 0.0
-0.0989437 0.00663571 0.0
-0.0988437 0.00181861 0.0
-0.0987381 -0.00301171 0.0
-0.0986274 -0.00785862 0.0
-0.0985119 -0.0127252 0.0
-0.0983919 -0.017614 0.0
-0.0982679 -0.0225276 0.0
-0.0981403 -0.0274687 0.0
-0.0980093 -0.0324396 0.0
-0.0978753 -0.0374429 0.0
-0.0977386 -0.0424811 0.0
-0.0975994 -0.0475566 0.0
-0.0974577 -0.0526717 0.0
-0.0973137 -0.0578287 0.0
-0.0971671 -0.0630299 0.0
-0.0970178 -0.0682771 0.0
-0.0968653 -0.0735723 0.0
-0.0967091 -0.078917 0.0
-0.0965482 -0.0843126 0.0
-0.0963815 -0.0897598 0.0
-0.0962078 -0.0952593 0.0
-0.0960253 -0.100811 0.0
-0.095832 -0.106415 0.0
-0.0956257 -0.112068 0.0
-0.0954038 -0.117771 0.0
-0.0951632 -0.123519 0.0
-0.0949009 -0.129309 0.0
-0.0946135 -0.135136 0.0
-0.0942976 -0.140997 0.0
-0.0939499 -0.146883 0.0
-0.0935676 -0.152791 0.0
-0.0931487 -0.158713 0.0
-0.0926923 -0.164644 0.0
-0.0921998 -0.170582 0.0
-0.0916758 -0.176528 0.0
-0.0911291 -0.18249 0.0
-0.0905753 -0.188486 0.0
-0.0900386 -0.194551 0.0
-0.0895547 -0.200742 0.0
-0.0891735 -0.207152 0.0
-0.0889618 -0.213914 0.0
-0.0890036 -0.221219 0.0
-0.0893966 -0.229317 0.0
-0.0902432 -0.238519 0.0
-0.0916312 -0.249172 0.0
-0.0936062 -0.261611 0.0
-0.0961369 -0.276078 0.0
-0.0990812 -0.292612 0.0
-0.102165 -0.310937 0.0
-0.10498 -0.33036 0.0
-0.107013 -0.349708 0.0
-0.107687 -0.367318 0.0
-0.106423 -0.381065 0.0
-0.102712 -0.388444 0.0
-0.0961827 -0.386698 0.0
-0.0866756 -0.373022 0.0
-0.0743232 -0.344897 0.0
-0.0596319 -0.300626 0.0
-0.0435677 -0.240258 0.0
-0.0276304 -0.167163 0.0
-0.0138487 -0.0905157 0.0
-0.00441521 -0.0274194 0.0
-0.000524603 0.00265129 0.0
-0.00035877 0.0263527 0.0
-0.00236096 0.0950917 0.0
-0.00652084 0.13516 0.0
-0.0119777 0.158958 0.0
-0.0179914 0.175265 0.0
-0.0241254 0.188374 0.0
-0.0301705 0.199908 0.0
-0.0360319 0.210345 0.0
-0.0416623 0.219769 0.0
-0.0470321 0.228158 0.0
-0.0521189 0.235477 0.0
-0.0569049 0.241695 0.0
-0.0613763 0.246797 0.0
-0.0655228 0.250781 0.0
-0.0693381 0.253659 0.0
-0.0728195 0.255455 0.0
-0.0759682 0.256206 0.0
-0.0787887 0.255959 0.0
-0.0812888 0.254771 0.0
-0.0834796 0.252707 0.0
-0.0853751 0.249838 0.0
-0.0869919 0.24624 0.0
-0.088349 0.241996 0.0
-0.0894673 0.237187 0.0
-0.0903698 0.231898 0.0
-0.0910804 0.226212 0.0
-0.0916241 0.220213 0.0
-0.092026 0.213977 0.0
-0.0923111 0.207578 0.0
-0.0925036 0.201084 0.0
-0.092626 0.194554 0.0
-0.0926991 0.188041 0.0
-0.0927412 0.181585 0.0
-0.0927679 0.175222 0.0
-0.0927917 0.168975 0.0
-0.0928221 0.162859 0.0
-0.0928655 0.156883 0.0
-0.092926 0.151048 0.0
-0.0930047 0.145349 0.0
-0.0931013 0.139778 0.0
-0.0932136 0.134324 0.0
-0.0933386 0.128975 0.0
-0.0934726 0.123717 0.0
-0.0936116 0.118537 0.0
-0.0937516 0.113423 0.0
-0.0938891 0.108364 0.0
-0.0940207 0.103351 0.0
-0.0941439 0.0983758 0.0
-0.0942566 0.0934314 0.0
-0.0943571 0.0885127 0.0
-0.0944444 0.0836156 0.0
-0.0945179 0.0787368 0.0
-0.0945775 0.0738738 0.0
-0.0946232 0.0690244 0.0
-0.0946554 0.0641872 0.0
-0.0946746 0.0593605 0.0
-0.0946815 0.0545432 0.0
-0.0946767 0.0497337 0.0
-0.0946611 0.0449309 0.0
-0.0946353 0.0401332 0.0
-0.0946001 0.035339 0.0
-0.0945561 0.0305467 0.0
-0.0945041 0.0257545 0.0
-0.0944447 0.0209605 0.0
-0.0943783 0.0161625 0.0
-0.0943057 0.0113586 0.0
-0.0942273 0.00654655 0.0
-0.0941435 0.00172403 0.0
-0.094055 -0.00311127 0.0
-0.0939619 -0.00796281 0.0
-0.0938649 -0.0128336 0.0
-0.0937641 -0.0177263 0.0
-0.09366 -0.0226434 0.0
-0.0935529 -0.0275876 0.0
-0.0934432 -0.0325613 0.0
-0.0933311 -0.0375672 0.0
-0.093217 -0.0426076 0.0
-0.0931011 -0.0476852 0.0
-0.0929835 -0.0528024 0.0
-0.0928641 -0.0579615 0.0
-0.0927431 -0.0631648 0.0
-0.09262 -0.0684146 0.0
-0.0924946 -0.0737128 0.0
-0.0923663 -0.0790612 0.0
-0.0922342 -0.0844614 0.0
-0.0920973 -0.0899145 0.0
-0.0919544 -0.0954214 0.0
-0.0918037 -0.100982 0.0
-0.0916433 -0.106597 0.0
-0.091471 -0.112265 0.0
-0.0912841 -0.117983 0.0
-0.0910796 -0.123751 0.0
-0.0908543 -0.129564 0.0
-0.0906046 -0.135418 0.0
-0.0903269 -0.141308 0.0
-0.0900175 -0.147229 0.0
-0.0896729 -0.153172 0.0
-0.0892901 -0.159133 0.0
-0.0888669 -0.165104 0.0
-0.0884029 -0.171079 0.0
-0.0879001 -0.177058 0.0
-0.0873641 -0.183043 0.0
-0.0868059 -0.189045 0.0
-0.0862442 -0.19509 0.0
-0.0857077 -0.201223 0.0
-0.0852387 -0.207521 0.0
-0.0848959 -0.2141 0.0
-0.0847565 -0.221131 0.0
-0.0849158 -0.228852 0.0
-0.0854803 -0.237572 0.0
-0.0865537 -0.247657 0.0
-0.0882111 -0.259494 0.0
-0.090464 -0.273412 0.0
-0.0932215 -0.289576 0.0
-0.0962595 -0.307852 0.0
-0.0992096 -0.327679 0.0
-0.101576 -0.347989 0.0
-0.102778 -0.367161 0.0
-0.102213 -0.38305 0.0
-0.0993251 -0.393057 0.0
-0.0936865 -0.394253 0.0
-0.0850725 -0.383588 0.0
-0.073545 -0.358211 0.0
-0.0595392 -0.316009 0.0
-0.0439544 -0.256524 0.0
-0.0282357 -0.182553 0.0
-0.014391 -0.102752 0.0
-0.00469177 -0.0343156 0.0
-0.0005808 0.00154588 0.0
-0.000291249 0.0270027 0.0
-0.00203968 0.0981923 0.0
-0.00581027 0.13999 0.0
-0.0108763 0.164652 0.0
-0.01653 0.18124 0.0
-0.0223302 0.194334 0.0
-0.0280589 0.205722 0.0
-0.0336169 0.215951 0.0
-0.0389557 0.225132 0.0
-0.0440458 0.233255 0.0
-0.0488658 0.240287 0.0
-0.0533986 0.246204 0.0
-0.0576313 0.250993 0.0
-0.0615544 0.254656 0.0
-0.065162 0.257208 0.0
-0.0684523 0.258678 0.0
-0.0714264 0.259106 0.0
-0.0740892 0.258543 0.0
-0.0764488 0.257048 0.0
-0.0785161 0.254689 0.0
-0.0803049 0.25154 0.0
-0.0818315 0.247681 0.0
-0.0831147 0.243195 0.0
-0.0841749 0.238166 0.0
-0.0850343 0.23268 0.0
-0.0857162 0.226822 0.0
-0.0862445 0.220675 0.0
-0.0866434 0.214315 0.0
-0.0869365 0.207817 0.0
-0.0871465 0.201247 0.0
-0.0872947 0.194662 0.0
-0.0874002 0.188111 0.0
-0.0874795 0.181636 0.0
-0.0875467 0.175265 0.0
-0.0876126 0.169021 0.0
-0.0876852 0.162916 0.0
-0.08777 0.156954 0.0
-0.0878695 0.151136 0.0
-0.0879844 0.145454 0.0
-0.0881137 0.139898 0.0
-0.088255 0.134457 0.0
-0.088405 0.129117 0.0
-0.0885602 0.123864 0.0
-0.0887169 0.118685 0.0
-0.0888715 0.113569 0.0
-0.0890207 0.108505 0.0
-0.089162 0.103484 0.0
-0.089293 0.0984977 0.0
-0.0894121 0.0935413 0.0
-0.0895183 0.0886095 0.0
-0.0896107 0.0836987 0.0
-0.0896893 0.0788059 0.0
-0.0897541 0.073929 0.0
-0.0898053 0.0690662 0.0
-0.0898436 0.0642159 0.0
-0.0898696 0.059377 0.0
-0.089884 0.054548 0.0
-0.0898876 0.0497277 0.0
-0.0898811 0.0449148 0.0
-0.0898654 0.0401077 0.0
-0.0898411 0.0353049 0.0
-0.0898089 0.0305047 0.0
-0.0897694 0.0257051 0.0
-0.0897233 0.0209043 0.0
-0.089671 0.0161001 0.0
-0.0896132 0.0112906 0.0
-0.0895503 0.00647328 0.0
-0.0894827 0.00164602 0.0
-0.089411 -0.00319356 0.0
-0.0893355 -0.00804902 0.0
-0.0892566 -0.0129234 0.0
-0.0891746 -0.0178193 0.0
-0.08909 -0.0227392 0.0
-0.089003 -0.0276859 0.0
-0.088914 -0.0326618 0.0
-0.0888233 -0.0376695 0.0
-0.0887312 -0.0427115 0.0
-0.0886379 -0.0477906 0.0
-0.0885435 -0.0529091 0.0
-0.0884481 -0.0580695 0.0
-0.0883516 -0.0632743 0.0
-0.0882538 -0.0685259 0.0
-0.0881545 -0.0738263 0.0
-0.088053 -0.0791776 0.0
-0.0879486 -0.0845815 0.0
-0.0878404 -0.0900395 0.0
-0.087727 -0.0955527 0.0
-0.087607 -0.101122 0.0
-0.0874783 -0.106747 0.0
-0.0873388 -0.112427 0.0
-0.0871859 -0.118161 0.0
-0.0870167 -0.123947 0.0
-0.0868277 -0.129782 0.0
-0.0866154 -0.135662 0.0
-0.086376 -0.141582 0.0
-0.0861055 -0.147535 0.0
-0.0857999 -0.153516 0.0
-0.0854555 -0.159517 0.0
-0.0850692 -0.165529 0.0
-0.0846392 -0.171548 0.0
-0.0841654 -0.177567 0.0
-0.0836508 -0.183585 0.0
-0.0831025 -0.189609 0.0
-0.0825344 -0.195656 0.0
-0.081969 -0.20176 0.0
-0.0814411 -0.207982 0.0
-0.0810012 -0.214421 0.0
-0.0807184 -0.221231 0.0
-0.0806821 -0.228629 0.0
-0.0809988 -0.236914 0.0
-0.0817813 -0.246459 0.0
-0.0831272 -0.257688 0.0
-0.0850853 -0.271007 0.0
-0.0876138 -0.286696 0.0
-0.0905414 -0.304767 0.0
-0.0935452 -0.324811 0.0
-0.0961573 -0.345879 0.0
-0.0978018 -0.366424 0.0
-0.0978569 -0.384298 0.0
-0.0957297 -0.396824 0.0
-0.090938 -0.400916 0.0
-0.0831938 -0.393283 0.0
-0.0724896 -0.370748 0.0
-0.0591899 -0.330778 0.0
-0.044126 -0.272404 0.0
-0.0286857 -0.197832 0.0
-0.0148475 -0.115156 0.0
-0.00494152 -0.0415169 0.0
-0.000635152 0.000329933 0.0
-0.000225881 0.0275199 0.0
-0.00172239 0.10092 0.0
-0.00510022 0.14441 0.0
-0.00976902 0.169966 0.0
-0.0150573 0.186867 0.0
-0.0205201 0.199969 0.0
-0.0259305 0.211225 0.0
-0.0311846 0.221259 0.0
-0.0362322 0.23021 0.0
-0.0410441 0.238079 0.0
-0.0455995 0.244839 0.0
-0.0498824 0.250468 0.0
-0.0538804 0.254959 0.0
-0.0575848 0.258317 0.0
-0.0609904 0.26056 0.0
-0.0640955 0.261721 0.0
-0.0669017 0.261843 0.0
-0.0694138 0.260981 0.0
-0.07164 0.259196 0.0
-0.0735911 0.256559 0.0
-0.0752805 0.253148 0.0
-0.0767243 0.249044 0.0
-0.0779405 0.244332 0.0
-0.0789492 0.239098 0.0
-0.0797716 0.23343 0.0
-0.08043 0.227413 0.0
-0.0809476 0.22113 0.0
-0.081347 0.214658 0.0
-0.0816508 0.208071 0.0
-0.0818802 0.201433 0.0
-0.0820548 0.194799 0.0
-0.0821921 0.188217 0.0
-0.0823072 0.181725 0.0
-0.0824124 0.175349 0.0
-0.0825172 0.169108 0.0
-0.0826284 0.163012 0.0
-0.0827501 0.157064 0.0
-0.0828842 0.15126 0.0
-0.0830306 0.145591 0.0
-0.083188 0.140047 0.0
-0.0833537 0.134615 0.0
-0.0835246 0.12928 0.0
-0.0836973 0.124029 0.0
-0.0838684 0.118848 0.0
-0.0840347 0.113727 0.0
-0.0841934 0.108655 0.0
-0.0843424 0.103624 0.0
-0.0844798 0.098626 0.0
-0.0846044 0.0936567 0.0
-0.0847155 0.0887113 0.0
-0.0848128 0.0837866 0.0
-0.0848962 0.07888 0.0
-0.0849661 0.0739896 0.0
-0.0850231 0.0691138 0.0
-0.0850677 0.0642512 0.0
-0.0851008 0.0594007 0.0
-0.0851231 0.054561 0.0
-0.0851354 0.0497307 0.0
-0.0851385 0.0449085 0.0
-0.0851331 0.0400929 0.0
-0.0851199 0.0352823 0.0
-0.0850997 0.0304748 0.0
-0.0850729 0.0256687 0.0
-0.0850402 0.0208619 0.0
-0.0850021 0.0160522 0.0
-0.0849591 0.0112376 0.0
-0.0849116 0.00641582 0.0
-0.0848602 0.00158448 0.0
-0.0848051 -0.00325875 0.0
-0.084747 -0.0081175 0.0
-0.084686 -0.0129948 0.0
-0.0846226 -0.0178932 0.0
-0.0845571 -0.0228154 0.0
-0.0844898 -0.0277639 0.0
-0.0844211 -0.0327414 0.0
-0.0843513 -0.0377504 0.0
-0.0842806 -0.0427935 0.0
-0.0842093 -0.0478733 0.0
-0.0841375 -0.0529925 0.0
-0.0840653 -0.0581537 0.0
-0.0839927 -0.0633593 0.0
-0.0839195 -0.0686119 0.0
-0.0838454 -0.0739137 0.0
-0.0837699 -0.0792671 0.0
-0.0836923 -0.0846739 0.0
-0.0836117 -0.0901359 0.0
-0.083527 -0.0956544 0.0
-0.0834366 -0.10123 0.0
-0.0833386 -0.106864 0.0
-0.083231 -0.112556 0.0
-0.0831112 -0.118304 0.0
-0.0829762 -0.124108 0.0
-0.0828228 -0.129964 0.0
-0.0826474 -0.135868 0.0
-0.0824461 -0.141816 0.0
-0.0822146 -0.147803 0.0
-0.0819487 -0.15382 0.0
-0.0816443 -0.159861 0.0
-0.0812975 -0.165918 0.0
-0.0809054 -0.171981 0.0
-0.0804665 -0.178046 0.0
-0.0799813 -0.184106 0.0
-0.0794542 -0.190164 0.0
-0.0788947 -0.196229 0.0
-0.07832 -0.202327 0.0
-0.077758 -0.208505 0.0
-0.077251 -0.214845 0.0
-0.0768597 -0.221481 0.0
-0.0766655 -0.22861 0.0
-0.0767711 -0.236512 0.0
-0.0772927 -0.245558 0.0
-0.0783439 -0.256193 0.0
-0.0800039 -0.268884 0.0
-0.0822761 -0.284018 0.0
-0.0850421 -0.301751 0.0
-0.0880294 -0.321835 0.0
-0.0908061 -0.343466 0.0
-0.0928101 -0.365189 0.0
-0.0934087 -0.38488 0.0
-0.0919767 -0.399802 0.0
-0.0879829 -0.406724 0.0
-0.0810784 -0.402124 0.0
-0.0711885 -0.382501 0.0
-0.0586071 -0.344906 0.0
-0.044097 -0.28785 0.0
-0.0289863 -0.212937 0.0
-0.0152174 -0.127658 0.0
-0.00516004 -0.0489781 0.0
-0.000685043 -0.000990261 0.0
-0.000163207 0.027909 0.0
-0.00141114 0.103276 0.0
-0.00439446 0.148416 0.0
-0.00866092 0.174895 0.0
-0.0135793 0.192144 0.0
-0.0187021 0.205277 0.0
-0.0237932 0.216418 0.0
-0.0287435 0.22627 0.0
-0.033501 0.235004 0.0
-0.0380366 0.242632 0.0
-0.0423302 0.249134 0.0
-0.0463666 0.254492 0.0
-0.0501341 0.258701 0.0
-0.0536247 0.26177 0.0
-0.0568335 0.263721 0.0
-0.0597592 0.264591 0.0
-0.0624036 0.264424 0.0
-0.0647715 0.26328 0.0
-0.0668709 0.261222 0.0
-0.0687123 0.258325 0.0
-0.0703089 0.254668 0.0
-0.0716761 0.250335 0.0
-0.0728314 0.245412 0.0
-0.073794 0.239989 0.0
-0.0745843 0.234152 0.0
-0.0752237 0.227989 0.0
-0.0757339 0.221582 0.0
-0.0761366 0.215009 0.0
-0.0764528 0.208341 0.0
-0.0767022 0.201642 0.0
-0.0769029 0.194965 0.0
-0.0770709 0.188356 0.0
-0.0772196 0.181849 0.0
-0.0773601 0.17547 0.0
-0.0775004 0.169232 0.0
-0.0776461 0.163145 0.0
-0.0778004 0.157208 0.0
-0.0779646 0.151415 0.0
-0.0781381 0.145757 0.0
-0.0783193 0.140221 0.0
-0.0785054 0.134793 0.0
-0.0786935 0.12946 0.0
-0.0788804 0.124208 0.0
-0.0790631 0.119023 0.0
-0.0792387 0.113894 0.0
-0.079405 0.108813 0.0
-0.0795601 0.10377 0.0
-0.0797028 0.0987597 0.0
-0.0798321 0.0937769 0.0
-0.0799477 0.0888177 0.0
-0.0800494 0.0838792 0.0
-0.0801377 0.0789591 0.0
-0.0802129 0.0740557 0.0
-0.0802757 0.0691675 0.0
-0.080327 0.0642934 0.0
-0.0803674 0.0594321 0.0
-0.0803978 0.0545823 0.0
-0.0804191 0.0497429 0.0
-0.080432 0.0449123 0.0
-0.0804372 0.040089 0.0
-0.0804354 0.0352713 0.0
-0.0804273 0.0304574 0.0
-0.0804133 0.0256454 0.0
-0.0803941 0.0208332 0.0
-0.0803702 0.0160188 0.0
-0.0803419 0.0111998 0.0
-0.0803098 0.00637409 0.0
-0.0802744 0.00153928 0.0
-0.0802359 -0.00330701 0.0
-0.0801949 -0.00816844 0.0
-0.0801516 -0.013048 0.0
-0.0801065 -0.0179485 0.0
-0.0800598 -0.0228723 0.0
-0.080012 -0.0278222 0.0
-0.0799633 -0.0328006 0.0
-0.0799139 -0.0378103 0.0
-0.0798643 -0.0428538 0.0
-0.0798146 -0.047934 0.0
-0.079765 -0.0530533 0.0
-0.0797155 -0.0582146 0.0
-0.0796662 -0.0634204 0.0
-0.0796169 -0.0686733 0.0
-0.0795673 -0.0739759 0.0
-0.0795171 -0.0793306 0.0
-0.0794657 -0.0847394 0.0
-0.079412 -0.0902045 0.0
-0.0793551 -0.0957275 0.0
-0.0792934 -0.101309 0.0
-0.0792253 -0.106951 0.0
-0.0791487 -0.112653 0.0
-0.0790611 -0.118415 0.0
-0.0789597 -0.124234 0.0
-0.0788413 -0.130109 0.0
-0.0787022 -0.136037 0.0
-0.0785385 -0.142012 0.0
-0.0783459 -0.14803 0.0
-0.0781201 -0.154084 0.0
-0.0778566 -0.160165 0.0
-0.0775511 -0.166266 0.0
-0.0771997 -0.172377 0.0
-0.0767998 -0.178489 0.0
-0.0763503 -0.184597 0.0
-0.075853 -0.190697 0.0
-0.0753141 -0.196794 0.0
-0.074746 -0.202904 0.0
-0.0741706 -0.209064 0.0
-0.0736227 -0.215341 0.0
-0.073154 -0.221846 0.0
-0.0728375 -0.228755 0.0
-0.072769 -0.236329 0.0
-0.0730639 -0.244924 0.0
-0.0738447 -0.254994 0.0
-0.0752147 -0.267052 0.0
-0.0772166 -0.281576 0.0
-0.0797834 -0.298861 0.0
-0.0826959 -0.318826 0.0
-0.0855647 -0.34083 0.0
-0.08785 -0.363536 0.0
-0.0889166 -0.384868 0.0
-0.0881134 -0.402049 0.0
-0.0848649 -0.411719 0.0
-0.0787651 -0.410133 0.0
-0.0696736 -0.393473 0.0
-0.057815 -0.358373 0.0
-0.0438838 -0.302824 0.0
-0.029146 -0.227812 0.0
-0.0155031 -0.140195 0.0
-0.00534822 -0.0566535 0.0
-0.000731379 -0.00240668 0.0
-0.000104003 0.0281762 0.0
-0.00110815 0.10526 0.0
-0.00369648 0.152003 0.0
-0.00755653 0.179435 0.0
-0.0121013 0.197068 0.0
-0.0168822 0.210258 0.0
-0.0216538 0.221301 0.0
-0.026301 0.230985 0.0
-0.0307702 0.239516 0.0
-0.0350319 0.246918 0.0
-0.0390667 0.253177 0.0
-0.0428602 0.258279 0.0
-0.0464014 0.262223 0.0
-0.0496828 0.26502 0.0
-0.0527 0.266697 0.0
-0.0554517 0.267292 0.0
-0.0579399 0.266855 0.0
-0.0601695 0.265446 0.0
-0.0621479 0.263133 0.0
-0.0638856 0.259993 0.0
-0.065395 0.256107 0.0
-0.0666912 0.25156 0.0
-0.0677907 0.246442 0.0
-0.0687118 0.240843 0.0
-0.0694741 0.234851 0.0
-0.0700977 0.228553 0.0
-0.0706032 0.222033 0.0
-0.0710109 0.215368 0.0
-0.0713402 0.208627 0.0
-0.0716096 0.201874 0.0
-0.0718355 0.19516 0.0
-0.0720324 0.188527 0.0
-0.0722123 0.182008 0.0
-0.0723848 0.175624 0.0
-0.0725569 0.16939 0.0
-0.0727331 0.163309 0.0
-0.072916 0.15738 0.0
-0.073106 0.151596 0.0
-0.0733024 0.145945 0.0
-0.0735034 0.140414 0.0
-0.0737063 0.134989 0.0
-0.0739083 0.129655 0.0
-0.0741065 0.124398 0.0
-0.0742983 0.119207 0.0
-0.0744813 0.114069 0.0
-0.0746535 0.108976 0.0
-0.0748137 0.103921 0.0
-0.0749607 0.0988979 0.0
-0.075094 0.0939014 0.0
-0.0752137 0.0889284 0.0
-0.0753198 0.0839764 0.0
-0.0754128 0.0790432 0.0
-0.0754934 0.0741274 0.0
-0.0755622 0.0692276 0.0
-0.0756202 0.0643426 0.0
-0.0756682 0.0594713 0.0
-0.0757071 0.0546124 0.0
-0.0757375 0.0497646 0.0
-0.0757603 0.0449263 0.0
-0.0757763 0.0400961 0.0
-0.075786 0.0352721 0.0
-0.07579 0.0304525 0.0
-0.0757889 0.0256353 0.0
-0.0757832 0.0208184 0.0
-0.0757734 0.0159998 0.0
-0.0757599 0.011177 0.0
-0.0757431 0.006348 0.0
-0.0757235 0.00151029 0.0
-0.0757015 -0.00333848 0.0
-0.0756774 -0.00820204 0.0
-0.0756517 -0.0130834 0.0
-0.0756246 -0.0179853 0.0
-0.0755966 -0.0229102 0.0
-0.0755679 -0.0278608 0.0
-0.0755389 -0.0328397 0.0
-0.0755098 -0.0378496 0.0
-0.0754809 -0.042893 0.0
-0.0754525 -0.0479729 0.0
-0.0754246 -0.0530918 0.0
-0.0753975 -0.0582526 0.0
-0.0753711 -0.063458 0.0
-0.0753453 -0.0687107 0.0
-0.0753199 -0.0740134 0.0
-0.0752946 -0.0793686 0.0
-0.0752686 -0.0847788 0.0
-0.0752413 -0.0902461 0.0
-0.0752116 -0.0957725 0.0
-0.0751781 -0.10136 0.0
-0.0751392 -0.107008 0.0
-0.0750929 -0.112719 0.0
-0.0750369 -0.118492 0.0
-0.0749684 -0.124326 0.0
-0.0748842 -0.13022 0.0
-0.0747809 -0.136169 0.0
-0.0746545 -0.14217 0.0
-0.0745007 -0.148219 0.0
-0.0743151 -0.154307 0.0
-0.074093 -0.160428 0.0
-0.0738298 -0.166572 0.0
-0.0735211 -0.17273 0.0
-0.0731633 -0.178893 0.0
-0.0727541 -0.185052 0.0
-0.0722934 -0.1912 0.0
-0.0717843 -0.197339 0.0
-0.0712357 -0.203476 0.0
-0.070664 -0.209639 0.0
-0.0700972 -0.21588 0.0
-0.0695787 -0.222293 0.0
-0.0691723 -0.229031 0.0
-0.0689654 -0.236329 0.0
-0.069069 -0.244526 0.0
-0.0696092 -0.254072 0.0
-0.0707062 -0.265508 0.0
-0.0724358 -0.279389 0.0
-0.0747787 -0.296138 0.0
-0.0775696 -0.315845 0.0
-0.0804674 -0.338044 0.0
-0.0829621 -0.361541 0.0
-0.0844241 -0.384333 0.0
-0.0841836 -0.403627 0.0
-0.0816258 -0.415947 0.0
-0.0762913 -0.417339 0.0
-0.0679768 -0.403673 0.0
-0.056839 -0.371169 0.0
-0.0435039 -0.317294 0.0
-0.029175 -0.242408 0.0
-0.0157083 -0.152708 0.0
-0.00550667 -0.0644969 0.0
-0.000774362 -0.00391242 0.0
-4.97998e-05 0.02833 0.0
-0.000816291 0.106877 0.0
-0.00300944 0.155168 0.0
-0.00645987 0.183581 0.0
-0.010628 0.201635 0.0
-0.0150656 0.214909 0.0
-0.0195179 0.225874 0.0
-0.0238635 0.235405 0.0
-0.0280463 0.243747 0.0
-0.0320369 0.250939 0.0
-0.0358162 0.256971 0.0
-0.0393705 0.261833 0.0
-0.0426895 0.265529 0.0
-0.0457662 0.268072 0.0
-0.0485966 0.269493 0.0
-0.0511795 0.269832 0.0
-0.0535168 0.269142 0.0
-0.0556133 0.267486 0.0
-0.0574761 0.264935 0.0
-0.0591152 0.261568 0.0
-0.0605426 0.257468 0.0
-0.0617723 0.252724 0.0
-0.0628203 0.247426 0.0
-0.0637038 0.241664 0.0
-0.0644412 0.235529 0.0
-0.0650516 0.229109 0.0
-0.0655541 0.222486 0.0
-0.0659677 0.215736 0.0
-0.0663104 0.208931 0.0
-0.066599 0.202129 0.0
-0.0668487 0.19538 0.0
-0.0670723 0.188726 0.0
-0.0672805 0.182196 0.0
-0.0674818 0.17581 0.0
-0.067682 0.169577 0.0
-0.0678848 0.163501 0.0
-0.068092 0.157579 0.0
-0.068304 0.1518 0.0
-0.0685194 0.146153 0.0
-0.0687366 0.140624 0.0
-0.068953 0.135198 0.0
-0.069166 0.129861 0.0
-0.0693731 0.124598 0.0
-0.0695719 0.119398 0.0
-0.0697605 0.11425 0.0
-0.0699374 0.109145 0.0
-0.0701014 0.104077 0.0
-0.070252 0.09904 0.0
-0.070389 0.0940297 0.0
-0.0705124 0.0890432 0.0
-0.0706227 0.084078 0.0
-0.0707205 0.0791323 0.0
-0.0708064 0.0742047 0.0
-0.0708814 0.069294 0.0
-0.0709463 0.064399 0.0
-0.071002 0.0595185 0.0
-0.0710493 0.0546513 0.0
-0.071089 0.0497959 0.0
-0.0711219 0.0449508 0.0
-0.0711486 0.0401143 0.0
-0.0711698 0.0352848 0.0
-0.0711861 0.0304601 0.0
-0.0711978 0.0256384 0.0
-0.0712056 0.0208175 0.0
-0.0712098 0.0159952 0.0
-0.0712109 0.0111693 0.0
-0.0712093 0.00633744 0.0
-0.0712055 0.00149738 0.0
-0.0711997 -0.00335334 0.0
-0.0711925 -0.00821848 0.0
-0.0711841 -0.0131011 0.0
-0.0711749 -0.0180038 0.0
-0.0711653 -0.0229293 0.0
-0.0711556 -0.0278802 0.0
-0.0711461 -0.032859 0.0
-0.071137 -0.0378684 0.0
-0.0711287 -0.0429113 0.0
-0.0711213 -0.0479904 0.0
-0.0711151 -0.0531084 0.0
-0.0711101 -0.0582682 0.0
-0.0711064 -0.0634726 0.0
-0.0711039 -0.0687245 0.0
-0.0711023 -0.0740266 0.0
-0.0711014 -0.0793817 0.0
-0.0711007 -0.0847924 0.0
-0.0710993 -0.0902612 0.0
-0.0710964 -0.0957901 0.0
-0.0710906 -0.101381 0.0
-0.0710805 -0.107036 0.0
-0.071064 -0.112755 0.0
-0.0710391 -0.118538 0.0
-0.071003 -0.124385 0.0
-0.0709526 -0.130295 0.0
-0.0708847 -0.136265 0.0
-0.0707952 -0.142291 0.0
-0.07068 -0.148368 0.0
-0.0705346 -0.154489 0.0
-0.0703543 -0.160648 0.0
-0.0701341 -0.166835 0.0
-0.0698694 -0.173041 0.0
-0.069556 -0.179254 0.0
-0.0691905 -0.185466 0.0
-0.0687713 -0.191667 0.0
-0.0682995 -0.197853 0.0
-0.0677806 -0.204029 0.0
-0.0672265 -0.210212 0.0
-0.0666592 -0.216442 0.0
-0.0661145 -0.222795 0.0
-0.0656471 -0.229403 0.0
-0.0653351 -0.236476 0.0
-0.0652826 -0.244328 0.0
-0.0656148 -0.253397 0.0
-0.0664624 -0.264238 0.0
-0.0679274 -0.277464 0.0
-0.0700332 -0.293614 0.0
-0.0726677 -0.312943 0.0
-0.0755412 -0.335174 0.0
-0.0781806 -0.359277 0.0
-0.0799697 -0.383347 0.0
-0.080227 -0.404597 0.0
-0.0783043 -0.419458 0.0
-0.0736929 -0.423774 0.0
-0.0661292 -0.413116 0.0
-0.0557041 -0.38329 0.0
-0.0429757 -0.331237 0.0
-0.0290844 -0.256685 0.0
-0.0158372 -0.165145 0.0
-0.00563541 -0.0724635 0.0
-0.000813387 -0.00550017 0.0
-3.52758e-06 0.0283833 0.0
-0.000539403 0.108126 0.0
-0.00233588 0.157908 0.0
-0.00537451 0.187329 0.0
-0.0091636 0.205844 0.0
-0.0132569 0.219231 0.0
-0.0173905 0.230137 0.0
-0.0214362 0.239533 0.0
-0.0253351 0.247702 0.0
-0.0290573 0.254697 0.0
-0.0325845 0.260518 0.0
-0.0359033 0.265159 0.0
-0.0390043 0.268623 0.0
-0.0418807 0.270931 0.0
-0.0445288 0.272113 0.0
-0.0469475 0.272213 0.0
-0.0491388 0.271289 0.0
-0.051107 0.269404 0.0
-0.052859 0.266632 0.0
-0.0544041 0.263055 0.0
-0.0557537 0.258758 0.0
-0.056921 0.253831 0.0
-0.057921 0.248366 0.0
-0.0587699 0.242456 0.0
-0.059485 0.23619 0.0
-0.0600839 0.229657 0.0
-0.0605845 0.22294 0.0
-0.0610044 0.216115 0.0
-0.06136 0.20925 0.0
-0.0616668 0.202404 0.0
-0.0619383 0.195626 0.0
-0.0621861 0.188952 0.0
-0.0624198 0.182412 0.0
-0.0626464 0.176022 0.0
-0.062871 0.16979 0.0
-0.0630966 0.163717 0.0
-0.0633244 0.157798 0.0
-0.0635545 0.152022 0.0
-0.0637855 0.146377 0.0
-0.0640156 0.140847 0.0
-0.0642426 0.135418 0.0
-0.064464 0.130075 0.0
-0.0646778 0.124804 0.0
-0.0648818 0.119594 0.0
-0.0650746 0.114435 0.0
-0.0652549 0.109317 0.0
-0.065422 0.104236 0.0
-0.0655756 0.0991853 0.0
-0.0657157 0.0941615 0.0
-0.0658426 0.0891618 0.0
-0.0659569 0.084184 0.0
-0.0660593 0.0792265 0.0
-0.0661506 0.0742879 0.0
-0.0662318 0.069367 0.0
-0.0663036 0.0644628 0.0
-0.066367 0.0595739 0.0
-0.0664228 0.0546991 0.0
-0.0664718 0.0498368 0.0
-0.0665148 0.0449857 0.0
-0.0665523 0.0401437 0.0
-0.066585 0.0353093 0.0
-0.0666133 0.0304802 0.0
-0.0666378 0.0256546 0.0
-0.066659 0.0208302 0.0
-0.0666772 0.0160048 0.0
-0.0666928 0.0111763 0.0
-0.0667063 0.00634228 0.0
-0.066718 0.00150039 0.0
-0.0667283 -0.00335174 0.0
-0.0667378 -0.00821791 0.0
-0.0667466 -0.0131012 0.0
-0.0667552 -0.0180043 0.0
-0.0667638 -0.0229298 0.0
-0.0667729 -0.0278803 0.0
-0.0667828 -0.0328585 0.0
-0.0667936 -0.0378671 0.0
-0.0668058 -0.0429089 0.0
-0.0668194 -0.0479866 0.0
-0.0668347 -0.0531031 0.0
-0.0668517 -0.0582614 0.0
-0.0668706 -0.0634643 0.0
-0.0668912 -0.0687147 0.0
-0.0669133 -0.0740157 0.0
-0.0669368 -0.07937 0.0
-0.0669611 -0.0847806 0.0
-0.0669855 -0.09025 0.0
-0.0670091 -0.0957806 0.0
-0.0670308 -0.101375 0.0
-0.0670491 -0.107034 0.0
-0.0670622 -0.11276 0.0
-0.067068 -0.118552 0.0
-0.0670639 -0.124411 0.0
-0.0670471 -0.130336 0.0
-0.0670141 -0.136325 0.0
-0.0669614 -0.142373 0.0
-0.0668846 -0.148477 0.0
-0.0667794 -0.15463 0.0
-0.0666409 -0.160826 0.0
-0.0664644 -0.167054 0.0
-0.0662447 -0.173306 0.0
-0.0659773 -0.17957 0.0
-0.0656581 -0.185835 0.0
-0.0652843 -0.19209 0.0
-0.0648554 -0.19833 0.0
-0.0643741 -0.204553 0.0
-0.0638489 -0.210768 0.0
-0.0632963 -0.217006 0.0
-0.0627454 -0.223327 0.0
-0.0622422 -0.229842 0.0
-0.0618555 -0.236735 0.0
-0.0616805 -0.244295 0.0
-0.0618383 -0.252939 0.0
-0.0624642 -0.263222 0.0
-0.0636801 -0.275799 0.0
-0.0655459 -0.291307 0.0
-0.068 -0.310161 0.0
-0.070806 -0.332277 0.0
-0.0735332 -0.356808 0.0
-0.0755863 -0.381974 0.0
-0.0762791 -0.40502 0.0
-0.0749361 -0.422301 0.0
-0.0710034 -0.429476 0.0
-0.0641608 -0.421821 0.0
-0.0544351 -0.394736 0.0
-0.042318 -0.344637 0.0
-0.0288861 -0.270609 0.0
-0.0158951 -0.177459 0.0
-0.0057351 -0.0805111 0.0
-0.000848068 -0.00716162 0.0
3.70944e-05 0.0283497 0.0
-0.000277429 0.10901 0.0
-0.00168007 0.160223 0.0
-0.00430443 0.190677 0.0
-0.00771176 0.209692 0.0
-0.01146 0.223224 0.0
-0.0152756 0.234093 0.0
-0.0190233 0.24337 0.0
-0.022641 0.251381 0.0
-0.026098 0.258197 0.0
-0.0293764 0.263824 0.0
-0.0324635 0.268259 0.0
-0.0353504 0.271511 0.0
-0.0380306 0.2736 0.0
-0.0405007 0.274561 0.0
-0.0427597 0.274442 0.0
-0.0448093 0.273301 0.0
-0.0466535 0.271204 0.0
-0.0482989 0.268229 0.0
-0.049754 0.264458 0.0
-0.0510295 0.25998 0.0
-0.0521378 0.254885 0.0
-0.0530927 0.249267 0.0
-0.0539094 0.24322 0.0
-0.0546039 0.236835 0.0
-0.0551926 0.2302 0.0
-0.0556918 0.223398 0.0
-0.0561178 0.216504 0.0
-0.0564855 0.209585 0.0
-0.0568089 0.2027 0.0
-0.0571001 0.195893 0.0
-0.0573696 0.189202 0.0
-0.0576255 0.182652 0.0
-0.0578741 0.176257 0.0
-0.0581195 0.170024 0.0
-0.0583643 0.163953 0.0
-0.0586092 0.158035 0.0
-0.0588539 0.15226 0.0
-0.0590972 0.146614 0.0
-0.0593374 0.141081 0.0
-0.0595723 0.135647 0.0
-0.0598 0.130296 0.0
-0.0600184 0.125016 0.0
-0.0602261 0.119794 0.0
-0.0604217 0.114623 0.0
-0.0606045 0.109492 0.0
-0.0607739 0.104397 0.0
-0.0609299 0.0993333 0.0
-0.0610728 0.0942964 0.0
-0.0612029 0.089284 0.0
-0.061321 0.0842942 0.0
-0.0614279 0.0793255 0.0
-0.0615245 0.0743767 0.0
-0.0616117 0.0694465 0.0
-0.0616904 0.0645338 0.0
-0.0617615 0.0596373 0.0
-0.0618257 0.0547557 0.0
-0.061884 0.0498875 0.0
-0.0619369 0.0450309 0.0
-0.0619851 0.0401842 0.0
-0.0620291 0.0353455 0.0
-0.0620695 0.0305127 0.0
-0.0621067 0.0256838 0.0
-0.0621411 0.0208565 0.0
-0.0621731 0.0160287 0.0
-0.062203 0.0111981 0.0
-0.0622314 0.00636235 0.0
-0.0622586 0.00151918 0.0
-0.0622849 -0.00333384 0.0
-0.0623108 -0.00820049 0.0
-0.0623367 -0.0130839 0.0
-0.0623628 -0.0179868 0.0
-0.0623897 -0.0229118 0.0
-0.0624175 -0.0278614 0.0
-0.0624466 -0.0328384 0.0
-0.0624773 -0.0378456 0.0
-0.0625099 -0.0428857 0.0
-0.0625445 -0.0479615 0.0
-0.0625813 -0.0530761 0.0
-0.0626204 -0.0582323 0.0
-0.0626618 -0.0634331 0.0
-0.0627055 -0.0686816 0.0
-0.0627514 -0.0739808 0.0
-0.0627992 -0.0793337 0.0
-0.0628485 -0.0847433 0.0
-0.0628987 -0.0902126 0.0
-0.0629488 -0.0957442 0.0
-0.0629979 -0.10134 0.0
-0.0630446 -0.107003 0.0
-0.0630871 -0.112735 0.0
-0.0631234 -0.118535 0.0
-0.0631513 -0.124405 0.0
-0.0631677 -0.130343 0.0
-0.0631697 -0.136349 0.0
-0.0631535 -0.142418 0.0
-0.063115 -0.148547 0.0
-0.06305 -0.15473 0.0
-0.0629537 -0.160961 0.0
-0.0628211 -0.167229 0.0
-0.0626471 -0.173525 0.0
-0.062427 -0.179838 0.0
-0.062156 -0.186156 0.0
-0.0618307 -0.192468 0.0
-0.061449 -0.198763 0.0
-0.0610117 -0.205038 0.0
-0.0605243 -0.211295 0.0
-0.0599988 -0.217556 0.0
-0.0594584 -0.223868 0.0
-0.0589412 -0.230321 0.0
-0.0585067 -0.237077 0.0
-0.0582405 -0.244395 0.0
-0.0582568 -0.252666 0.0
-0.0586914 -0.262435 0.0
-0.0596792 -0.274382 0.0
-0.0613107 -0.289227 0.0
-0.0635704 -0.307529 0.0
-0.0662752 -0.329399 0.0
-0.0690415 -0.354192 0.0
-0.0713012 -0.380277 0.0
-0.0723707 -0.404955 0.0
-0.0715529 -0.424527 0.0
-0.0682537 -0.434482 0.0
-0.0620996 -0.429812 0.0
-0.0530559 -0.405514 0.0
-0.0415492 -0.357482 0.0
-0.0285923 -0.284153 0.0
-0.015888 -0.189611 0.0
-0.005807 -0.0886006 0.0
-0.000878216 -0.0088879 0.0
7.90586e-05 0.0282336 0.0
-2.95316e-05 0.109549 0.0
-0.00105074 0.162108 0.0
-0.00325392 0.19362 0.0
-0.00627586 0.213179 0.0
-0.00967796 0.226888 0.0
-0.0131766 0.237744 0.0
-0.0166284 0.246919 0.0
-0.0199675 0.254789 0.0
-0.0231626 0.261442 0.0
-0.0261956 0.266891 0.0
-0.0290547 0.271138 0.0
-0.0317313 0.274195 0.0
-0.0342193 0.276084 0.0
-0.0365153 0.276843 0.0
-0.0386186 0.276522 0.0
-0.0405304 0.275182 0.0
-0.0422546 0.272891 0.0
-0.043797 0.26973 0.0
-0.0451656 0.265782 0.0
-0.0463702 0.261137 0.0
-0.0474221 0.255888 0.0
-0.0483343 0.250131 0.0
-0.0491207 0.243959 0.0
-0.0497959 0.237465 0.0
-0.0503749 0.230737 0.0
-0.0508729 0.223857 0.0
-0.0513043 0.216901 0.0
-0.0516829 0.209934 0.0
-0.0520212 0.203012 0.0
-0.0523299 0.19618 0.0
-0.0526182 0.189473 0.0
-0.0528934 0.182912 0.0
-0.0531607 0.176512 0.0
-0.0534236 0.170278 0.0
-0.0536841 0.164205 0.0
-0.0539427 0.158286 0.0
-0.0541989 0.15251 0.0
-0.0544516 0.14686 0.0
-0.0546992 0.141322 0.0
-0.0549398 0.135881 0.0
-0.0551716 0.130521 0.0
-0.0553931 0.12523 0.0
-0.055603 0.119997 0.0
-0.0558004 0.114813 0.0
-0.0559847 0.109669 0.0
-0.0561557 0.104561 0.0
-0.0563136 0.0994837 0.0
-0.0564587 0.094434 0.0
-0.0565918 0.0894096 0.0
-0.0567135 0.0844085 0.0
-0.0568247 0.0794294 0.0
-0.0569264 0.0744711 0.0
-0.0570195 0.0695324 0.0
-0.0571049 0.064612 0.0
-0.0571835 0.0597088 0.0
-0.057256 0.0548211 0.0
-0.0573233 0.0499476 0.0
-0.057386 0.0450864 0.0
-0.0574447 0.0402356 0.0
-0.0574999 0.0353933 0.0
-0.0575522 0.0305575 0.0
-0.0576018 0.0257259 0.0
-0.0576493 0.0208963 0.0
-0.0576949 0.0160666 0.0
-0.0577391 0.0112344 0.0
-0.0577822 0.00639751 0.0
-0.0578246 0.00155357 0.0
-0.0578667 -0.00329979 0.0
-0.057909 -0.00816638 0.0
-0.0579517 -0.0130494 0.0
-0.0579954 -0.0179515 0.0
-0.0580403 -0.0228753 0.0
-0.0580868 -0.0278235 0.0
-0.0581352 -0.0327988 0.0
-0.0581858 -0.037804 0.0
-0.0582387 -0.0428418 0.0
-0.0582943 -0.0479152 0.0
-0.0583527 -0.0530272 0.0
-0.058414 -0.0581808 0.0
-0.0584782 -0.063379 0.0
-0.0585452 -0.068625 0.0
-0.0586149 -0.0739218 0.0
-0.0586872 -0.0792726 0.0
-0.0587616 -0.0846807 0.0
-0.0588376 -0.0901491 0.0
-0.0589144 -0.0956807 0.0
-0.0589909 -0.101278 0.0
-0.059066 -0.106944 0.0
-0.059138 -0.11268 0.0
-0.0592049 -0.118487 0.0
-0.0592647 -0.124365 0.0
-0.0593145 -0.130316 0.0
-0.0593513 -0.136337 0.0
-0.0593716 -0.142426 0.0
-0.0593715 -0.148578 0.0
-0.0593468 -0.154789 0.0
-0.0592927 -0.161052 0.0
-0.0592045 -0.167358 0.0
-0.0590769 -0.173697 0.0
-0.0589049 -0.180058 0.0
-0.0586837 -0.186428 0.0
-0.0584091 -0.192796 0.0
-0.0580781 -0.199148 0.0
-0.0576898 -0.205478 0.0
-0.0572473 -0.211785 0.0
-0.0567591 -0.21808 0.0
-0.056243 -0.2244 0.0
-0.0557302 -0.230819 0.0
-0.0552713 -0.237473 0.0
-0.0549423 -0.244594 0.0
-0.0548487 -0.252544 0.0
-0.0551229 -0.261848 0.0
-0.0559077 -0.273197 0.0
-0.0573172 -0.287371 0.0
-0.0593772 -0.305064 0.0
-0.0619566 -0.326579 0.0
-0.0647213 -0.351481 0.0
-0.0671367 -0.378312 0.0
-0.0685282 -0.404458 0.0
-0.068183 -0.426186 0.0
-0.0654719 -0.438833 0.0
-0.0599718 -0.437115 0.0
-0.0515893 -0.415637 0.0
-0.0406872 -0.369768 0.0
-0.0282154 -0.297296 0.0
-0.0158223 -0.201566 0.0
-0.00585276 -0.0966964 0.0
-0.00090376 -0.0106699 0.0
0.000124765 0.0280298 0.0
0.000195885 0.109791 0.0
-0.000459735 0.163543 0.0
-0.00222521 0.196153 0.0
-0.00485836 0.216301 0.0
-0.00791342 0.230223 0.0
-0.011096 0.24109 0.0
-0.0142541 0.250183 0.0
-0.0173176 0.257928 0.0
-0.0202539 0.264434 0.0
-0.0230451 0.269723 0.0
-0.0256797 0.2738 0.0
-0.0281495 0.276679 0.0
-0.0304489 0.278387 0.0
-0.0325747 0.278962 0.0
-0.0345258 0.278458 0.0
-0.0363034 0.276936 0.0
-0.0379109 0.274469 0.0
-0.0393536 0.271137 0.0
-0.0406386 0.267028 0.0
-0.0417749 0.262232 0.0
-0.0427728 0.256844 0.0
-0.0436441 0.25096 0.0
-0.0444014 0.244675 0.0
-0.0450582 0.238082 0.0
-0.0456279 0.231269 0.0
-0.0461242 0.22432 0.0
-0.0465603 0.217307 0.0
-0.0469484 0.210295 0.0
-0.0472995 0.20334 0.0
-0.0476233 0.196485 0.0
-0.0479278 0.189761 0.0
-0.0482193 0.183191 0.0
-0.0485021 0.176784 0.0
-0.0487793 0.170546 0.0
-0.0490523 0.16447 0.0
-0.0493215 0.158549 0.0
-0.0495864 0.152768 0.0
-0.0498459 0.147114 0.0
-0.0500985 0.141569 0.0
-0.0503426 0.136119 0.0
-0.0505768 0.130749 0.0
-0.0507998 0.125447 0.0
-0.0510107 0.120202 0.0
-0.0512088 0.115004 0.0
-0.0513938 0.109847 0.0
-0.0515657 0.104726 0.0
-0.051725 0.0996359 0.0
-0.051872 0.094574 0.0
-0.0520076 0.0895382 0.0
-0.0521326 0.0845266 0.0
-0.0522478 0.0795379 0.0
-0.0523544 0.0745709 0.0
-0.0524531 0.0696244 0.0
-0.052545 0.0646972 0.0
-0.0526308 0.059788 0.0
-0.0527114 0.0548951 0.0
-0.0527876 0.050017 0.0
-0.0528598 0.0451519 0.0
-0.0529288 0.0402978 0.0
-0.0529949 0.0354526 0.0
-0.0530588 0.0306143 0.0
-0.0531207 0.0257806 0.0
-0.053181 0.0209494 0.0
-0.0532401 0.0161183 0.0
-0.0532983 0.0112851 0.0
-0.0533559 0.00644758 0.0
-0.0534134 0.00160341 0.0
-0.0534712 -0.00324976 0.0
-0.0535296 -0.00811572 0.0
-0.0535891 -0.0129977 0.0
-0.0536502 -0.0178984 0.0
-0.0537131 -0.0228205 0.0
-0.0537782 -0.0277667 0.0
-0.0538459 -0.0327396 0.0
-0.0539163 -0.0377421 0.0
-0.0539898 -0.0427771 0.0
-0.0540665 -0.0478475 0.0
-0.0541467 -0.0529564 0.0
-0.0542303 -0.0581067 0.0
-0.0543174 -0.0633018 0.0
-0.0544079 -0.0685446 0.0
-0.0545018 -0.0738385 0.0
-0.0545987 -0.0791867 0.0
-0.0546985 -0.0845925 0.0
-0.0548006 -0.0900592 0.0
-0.0549043 -0.0955901 0.0
-0.0550086 -0.101188 0.0
-0.0551123 -0.106855 0.0
-0.0552139 -0.112595 0.0
-0.0553117 -0.118407 0.0
-0.0554034 -0.124294 0.0
-0.0554867 -0.130255 0.0
-0.0555585 -0.13629 0.0
-0.0556155 -0.142396 0.0
-0.0556539 -0.14857 0.0
-0.0556697 -0.154807 0.0
-0.0556582 -0.1611 0.0
-0.0556146 -0.167442 0.0
-0.055534 -0.173822 0.0
-0.0554111 -0.180229 0.0
-0.0552409 -0.186649 0.0
-0.0550188 -0.193071 0.0
-0.0547411 -0.199481 0.0
-0.0544058 -0.205869 0.0
-0.054014 -0.212229 0.0
-0.0535711 -0.218567 0.0
-0.0530907 -0.22491 0.0
-0.0525978 -0.231315 0.0
-0.0521349 -0.237899 0.0
-0.0517683 -0.244864 0.0
-0.0515941 -0.252542 0.0
-0.0517386 -0.261431 0.0
-0.0523474 -0.27222 0.0
-0.0535524 -0.285734 0.0
-0.0554147 -0.30278 0.0
-0.0578528 -0.323846 0.0
-0.0605833 -0.348718 0.0
-0.06311 -0.376133 0.0
-0.0647732 -0.403583 0.0
-0.0648508 -0.427329 0.0
-0.0626831 -0.442569 0.0
-0.0578014 -0.443761 0.0
-0.0500563 -0.425119 0.0
-0.0397492 -0.381495 0.0
-0.0277676 -0.310022 0.0
-0.0157047 -0.213295 0.0
-0.00587435 -0.104767 0.0
-0.000924731 -0.0124984 0.0
0.000166076 0.0277389 0.0
0.000408866 0.109768 0.0
0.000100582 0.16453 0.0
-0.00123177 0.198264 0.0
-0.00346349 0.219055 0.0
-0.0061687 0.233229 0.0
-0.00903599 0.244134 0.0
-0.0119026 0.253164 0.0
-0.0146934 0.260801 0.0
-0.017374 0.267177 0.0
-0.0199267 0.272323 0.0
-0.0223402 0.276248 0.0
-0.0246068 0.278968 0.0
-0.0267211 0.280512 0.0
-0.0286799 0.280922 0.0
-0.0304822 0.280252 0.0
-0.0321288 0.278566 0.0
-0.0336225 0.27594 0.0
-0.0349682 0.272455 0.0
-0.0361721 0.268199 0.0
-0.0372422 0.263266 0.0
-0.0381879 0.257752 0.0
-0.0390197 0.251754 0.0
-0.0397489 0.245367 0.0
-0.0403876 0.238685 0.0
-0.0409479 0.231796 0.0
-0.041442 0.224783 0.0
-0.0418816 0.217719 0.0
-0.0422776 0.210667 0.0
-0.0426396 0.203682 0.0
-0.0429762 0.196804 0.0
-0.0432942 0.190065 0.0
-0.043599 0.183483 0.0
-0.0438944 0.17707 0.0
-0.0441829 0.170826 0.0
-0.0444655 0.164746 0.0
-0.0447426 0.15882 0.0
-0.0450135 0.153034 0.0
-0.0452773 0.147372 0.0
-0.0455328 0.141819 0.0
-0.0457786 0.136359 0.0
-0.0460135 0.130978 0.0
-0.0462367 0.125664 0.0
-0.0464474 0.120406 0.0
-0.0466452 0.115195 0.0
-0.0468302 0.110026 0.0
-0.0470024 0.104892 0.0
-0.0471624 0.0997894 0.0
-0.0473109 0.094716 0.0
-0.0474486 0.0896695 0.0
-0.0475765 0.0846481 0.0
-0.0476954 0.0796506 0.0
-0.0478065 0.0746758 0.0
-0.0479106 0.0697224 0.0
-0.0480086 0.0647892 0.0
-0.0481013 0.0598747 0.0
-0.0481897 0.0549774 0.0
-0.0482742 0.0500955 0.0
-0.0483557 0.0452272 0.0
-0.0484346 0.0403704 0.0
-0.0485114 0.035523 0.0
-0.0485866 0.0306829 0.0
-0.0486605 0.0258478 0.0
-0.0487334 0.0210154 0.0
-0.0488058 0.0161836 0.0
-0.0488778 0.01135 0.0
-0.0489498 0.00651238 0.0
-0.0490222 0.00166851 0.0
-0.0490954 -0.0031839 0.0
-0.0491699 -0.00804865 0.0
-0.0492461 -0.012929 0.0
-0.0493244 -0.0178277 0.0
-0.0494053 -0.0227475 0.0
-0.049489 -0.0276909 0.0
-0.0495759 -0.0326609 0.0
-0.0496663 -0.0376601 0.0
-0.0497604 -0.0426916 0.0
-0.0498585 -0.0477583 0.0
-0.0499606 -0.0528634 0.0
-0.0500668 -0.0580099 0.0
-0.0501772 -0.0632012 0.0
-0.0502915 -0.0684403 0.0
-0.0504098 -0.0737307 0.0
-0.0505319 -0.0790755 0.0
-0.0506574 -0.0844784 0.0
-0.0507859 -0.0899427 0.0
-0.0509168 -0.095472 0.0
-0.0510492 -0.101069 0.0
-0.0511819 -0.106738 0.0
-0.0513136 -0.112479 0.0
-0.0514425 -0.118296 0.0
-0.0515666 -0.124189 0.0
-0.0516836 -0.130159 0.0
-0.0517907 -0.136206 0.0
-0.0518847 -0.142328 0.0
-0.0519619 -0.148522 0.0
-0.0520184 -0.154783 0.0
-0.0520498 -0.161104 0.0
-0.0520514 -0.167479 0.0
-0.0520182 -0.173898 0.0
-0.0519451 -0.180348 0.0
-0.051827 -0.186818 0.0
-0.0516589 -0.193293 0.0
-0.0514368 -0.19976 0.0
-0.0511577 -0.206205 0.0
-0.0508211 -0.212621 0.0
-0.0504302 -0.219009 0.0
-0.0499948 -0.225384 0.0
-0.0495347 -0.231793 0.0
-0.0490851 -0.238333 0.0
-0.0487031 -0.245179 0.0
-0.048475 -0.25263 0.0
-0.0485191 -0.261155 0.0
-0.0489799 -0.271427 0.0
-0.0500013 -0.2843 0.0
-0.0516742 -0.300678 0.0
-0.0539623 -0.321222 0.0
-0.0566337 -0.345941 0.0
-0.0592336 -0.373784 0.0
-0.0611233 -0.402379 0.0
-0.061577 -0.428001 0.0
-0.0599092 -0.445732 0.0
-0.0556098 -0.449779 0.0
-0.0484766 -0.433979 0.0
-0.0387514 -0.392667 0.0
-0.0272606 -0.322322 0.0
-0.0155417 -0.224777 0.0
-0.00587392 -0.112783 0.0
-0.000941241 -0.0143643 0.0
0.000205252 0.0273676 0.0
0.000620546 0.109481 0.0
0.000630283 0.165116 0.0
-0.000284542 0.199926 0.0
-0.00209422 0.221434 0.0
-0.00444535 0.235906 0.0
-0.00699787 0.246877 0.0
-0.0095752 0.255865 0.0
-0.0120962 0.263412 0.0
-0.0145246 0.269676 0.0
-0.016842 0.274695 0.0
-0.0190377 0.278485 0.0
-0.0211043 0.281064 0.0
-0.0230366 0.282463 0.0
-0.0248315 0.282725 0.0
-0.0264878 0.281907 0.0
-0.0280061 0.280076 0.0
-0.0293887 0.277307 0.0
-0.0306397 0.273684 0.0
-0.0317645 0.269298 0.0
-0.0327702 0.264243 0.0
-0.0336651 0.258616 0.0
-0.0344583 0.252515 0.0
-0.03516 0.246037 0.0
-0.0357807 0.239275 0.0
-0.0363313 0.232318 0.0
-0.0368224 0.225247 0.0
-0.0372642 0.218136 0.0
-0.0376664 0.211048 0.0
-0.0380373 0.204034 0.0
-0.0383843 0.197135 0.0
-0.0387132 0.19038 0.0
-0.0390287 0.183788 0.0
-0.0393339 0.177366 0.0
-0.0396309 0.171115 0.0
-0.0399204 0.165029 0.0
-0.0402027 0.159096 0.0
-0.0404773 0.153303 0.0
-0.0407434 0.147633 0.0
-0.0409998 0.14207 0.0
-0.0412456 0.136599 0.0
-0.0414798 0.131207 0.0
-0.0417019 0.12588 0.0
-0.0419114 0.12061 0.0
-0.0421081 0.115386 0.0
-0.0422921 0.110204 0.0
-0.042464 0.105058 0.0
-0.0426242 0.0999438 0.0
-0.0427736 0.0948596 0.0
-0.042913 0.0898031 0.0
-0.0430433 0.0847727 0.0
-0.0431655 0.0797672 0.0
-0.0432806 0.0747853 0.0
-0.0433896 0.0698259 0.0
-0.0434933 0.0648874 0.0
-0.0435926 0.0599685 0.0
-0.0436882 0.0550675 0.0
-0.0437809 0.0501826 0.0
-0.0438712 0.0453118 0.0
-0.0439597 0.0404531 0.0
-0.0440468 0.0356042 0.0
-0.0441329 0.030763 0.0
-0.0442185 0.0259272 0.0
-0.0443038 0.0210944 0.0
-0.0443891 0.0162623 0.0
-0.0444747 0.0114289 0.0
-0.0445609 0.00659173 0.0
-0.0446481 0.00174871 0.0
-0.0447366 -0.00310239 0.0
-0.0448269 -0.0079653 0.0
-0.0449197 -0.0128434 0.0
-0.0450152 -0.0177394 0.0
-0.045114 -0.0226561 0.0
-0.0452164 -0.0275962 0.0
-0.0453226 -0.0325624 0.0
-0.0454331 -0.0375577 0.0
-0.045548 -0.0425849 0.0
-0.0456676 -0.0476473 0.0
-0.0457919 -0.0527479 0.0
-0.0459211 -0.05789 0.0
-0.046055 -0.0630768 0.0
-0.0461936 -0.0683117 0.0
-0.0463368 -0.0735978 0.0
-0.0464843 -0.0789388 0.0
-0.046636 -0.084338 0.0
-0.0467914 -0.0897992 0.0
-0.0469501 -0.095326 0.0
-0.0471111 -0.100922 0.0
-0.0472733 -0.10659 0.0
-0.0474354 -0.112333 0.0
-0.0475959 -0.118153 0.0
-0.0477528 -0.124051 0.0
-0.047904 -0.130029 0.0
-0.0480468 -0.136087 0.0
-0.0481782 -0.142222 0.0
-0.0482946 -0.148434 0.0
-0.0483923 -0.154716 0.0
-0.048467 -0.161064 0.0
-0.0485143 -0.167471 0.0
-0.0485291 -0.173925 0.0
-0.0485066 -0.180417 0.0
-0.0484415 -0.186933 0.0
-0.0483288 -0.193459 0.0
-0.0481641 -0.199981 0.0
-0.0479437 -0.206484 0.0
-0.0476661 -0.212957 0.0
-0.0473325 -0.219397 0.0
-0.0469498 -0.225813 0.0
-0.0465332 -0.232241 0.0
-0.0461116 -0.238757 0.0
-0.0457335 -0.245514 0.0
-0.0454754 -0.25278 0.0
-0.0454465 -0.260989 0.0
-0.0457871 -0.270791 0.0
-0.0466482 -0.283053 0.0
-0.0481444 -0.298756 0.0
-0.0502804 -0.31872 0.0
-0.0528743 -0.343178 0.0
-0.0555159 -0.371305 0.0
-0.0575921 -0.400891 0.0
-0.0583784 -0.428249 0.0
-0.057169 -0.448361 0.0
-0.053416 -0.455202 0.0
-0.0468678 -0.442238 0.0
-0.0377088 -0.403293 0.0
-0.0267056 -0.33419 0.0
-0.0153401 -0.235993 0.0
-0.00585374 -0.120721 0.0
-0.000953478 -0.0162591 0.0
0.000241366 0.026921 0.0
0.000823628 0.10893 0.0
0.00114515 0.165335 0.0
0.000624469 0.201142 0.0
-0.000767131 0.22342 0.0
-0.00274661 0.238251 0.0
-0.0049831 0.24932 0.0
-0.00727316 0.258289 0.0
-0.00952731 0.265763 0.0
-0.0117064 0.271931 0.0
-0.0137918 0.276842 0.0
-0.0157728 0.280515 0.0
-0.0176423 0.28297 0.0
-0.0193955 0.284242 0.0
-0.0210292 0.284375 0.0
-0.0225422 0.283427 0.0
-0.0239346 0.281467 0.0
-0.0252082 0.278572 0.0
-0.0263664 0.274828 0.0
-0.0274138 0.270327 0.0
-0.0283564 0.265163 0.0
-0.0292014 0.259436 0.0
-0.0299567 0.253244 0.0
-0.0306311 0.246684 0.0
-0.0312337 0.239851 0.0
-0.031774 0.232832 0.0
-0.0322611 0.22571 0.0
-0.0327039 0.218557 0.0
-0.0331106 0.211435 0.0
-0.0334884 0.204395 0.0
-0.0338435 0.197476 0.0
-0.034181 0.190706 0.0
-0.0345046 0.184101 0.0
-0.034817 0.17767 0.0
-0.0351199 0.171411 0.0
-0.035414 0.165317 0.0
-0.0356992 0.159376 0.0
-0.0359754 0.153574 0.0
-0.0362417 0.147894 0.0
-0.0364973 0.142321 0.0
-0.0367416 0.136839 0.0
-0.0369738 0.131434 0.0
-0.0371936 0.126095 0.0
-0.0374008 0.120812 0.0
-0.0375954 0.115576 0.0
-0.0377779 0.110381 0.0
-0.0379487 0.105223 0.0
-0.0381085 0.100098 0.0
-0.0382582 0.0950041 0.0
-0.0383987 0.0899384 0.0
-0.038531 0.0848999 0.0
-0.038656 0.0798873 0.0
-0.0387747 0.0748992 0.0
-0.038888 0.0699344 0.0
-0.038997 0.0649915 0.0
-0.0391023 0.060069 0.0
-0.0392047 0.0551651 0.0
-0.0393049 0.0502779 0.0
-0.0394036 0.0454055 0.0
-0.0395012 0.0405455 0.0
-0.0395981 0.0356959 0.0
-0.0396949 0.0308543 0.0
-0.0397918 0.0260184 0.0
-0.0398892 0.0211858 0.0
-0.0399872 0.0163543 0.0
-0.0400862 0.0115216 0.0
-0.0401864 0.00668546 0.0
-0.0402882 0.00184385 0.0
-0.0403918 -0.00300538 0.0
-0.0404979 -0.00786583 0.0
-0.0406071 -0.0127409 0.0
-0.0407198 -0.0176336 0.0
-0.0408365 -0.0225465 0.0
-0.0409575 -0.0274824 0.0
-0.0410832 -0.0324442 0.0
-0.0412139 -0.0374347 0.0
-0.0413498 -0.042457 0.0
-0.0414911 -0.0475143 0.0
-0.041638 -0.0526097 0.0
-0.0417904 -0.0577466 0.0
-0.0419483 -0.0629284 0.0
-0.0421116 -0.0681582 0.0
-0.0422801 -0.0734396 0.0
-0.0424537 -0.0787759 0.0
-0.0426321 -0.0841708 0.0
-0.042815 -0.089628 0.0
-0.0430019 -0.0951516 0.0
-0.0431921 -0.100745 0.0
-0.0433844 -0.106412 0.0
-0.0435777 -0.112155 0.0
-0.0437703 -0.117977 0.0
-0.0439606 -0.123879 0.0
-0.0441465 -0.129863 0.0
-0.0443256 -0.13593 0.0
-0.0444949 -0.142078 0.0
-0.044651 -0.148305 0.0
-0.0447904 -0.154608 0.0
-0.044909 -0.16098 0.0
-0.0450025 -0.167414 0.0
-0.0450661 -0.173903 0.0
-0.0450948 -0.180433 0.0
-0.0450837 -0.186993 0.0
-0.0450276 -0.193568 0.0
-0.0449218 -0.200142 0.0
-0.0447624 -0.206702 0.0
-0.0445468 -0.213232 0.0
-0.044275 -0.219727 0.0
-0.0439512 -0.22619 0.0
-0.0435871 -0.232645 0.0
-0.0432057 -0.239156 0.0
-0.0428482 -0.245851 0.0
-0.0425813 -0.252968 0.0
-0.0425046 -0.260906 0.0
-0.0427519 -0.270286 0.0
-0.0434769 -0.281972 0.0
-0.0448125 -0.297005 0.0
-0.0467996 -0.316347 0.0
-0.0493041 -0.340451 0.0
-0.0519618 -0.368732 0.0
-0.0541893 -0.399161 0.0
-0.0552688 -0.428114 0.0
-0.0544784 -0.450496 0.0
-0.0512367 -0.460061 0.0
-0.0452456 -0.449917 0.0
-0.0366351 -0.413383 0.0
-0.0261129 -0.345626 0.0
-0.0151062 -0.24693 0.0
-0.00581617 -0.128561 0.0
-0.000961693 -0.0181742 0.0
0.000274597 0.026405 0.0
0.00101793 0.10812 0.0
0.00164693 0.165194 0.0
0.00150497 0.201945 0.0
0.00051661 0.224996 0.0
-0.00108306 0.240254 0.0
-0.00299409 0.251465 0.0
-0.00499745 0.260437 0.0
-0.00698732 0.267859 0.0
-0.00892025 0.273948 0.0
-0.0107766 0.278767 0.0
-0.0125457 0.28234 0.0
-0.014221 0.28469 0.0
-0.0157976 0.285852 0.0
-0.0172726 0.285873 0.0
-0.0186443 0.284813 0.0
-0.0199128 0.282741 0.0
-0.0210792 0.279737 0.0
-0.0221461 0.275888 0.0
-0.0231174 0.271286 0.0
-0.0239979 0.266027 0.0
-0.0247937 0.260213 0.0
-0.0255114 0.25394 0.0
-0.0261585 0.247309 0.0
-0.0267427 0.240413 0.0
-0.027272 0.23334 0.0
-0.027754 0.226172 0.0
-0.0281964 0.218981 0.0
-0.0286059 0.211828 0.0
-0.0289886 0.204763 0.0
-0.0293498 0.197825 0.0
-0.0296935 0.191039 0.0
-0.0300229 0.184422 0.0
-0.0303403 0.17798 0.0
-0.0306468 0.171711 0.0
-0.0309431 0.165607 0.0
-0.0312293 0.159657 0.0
-0.031505 0.153845 0.0
-0.0317698 0.148154 0.0
-0.0320231 0.14257 0.0
-0.0322644 0.137076 0.0
-0.0324934 0.131659 0.0
-0.0327098 0.126307 0.0
-0.0329138 0.121011 0.0
-0.0331056 0.115763 0.0
-0.0332857 0.110557 0.0
-0.0334547 0.105388 0.0
-0.0336135 0.100253 0.0
-0.0337629 0.095149 0.0
-0.0339038 0.090075 0.0
-0.0340374 0.0850292 0.0
-0.0341646 0.0800102 0.0
-0.0342863 0.0750167 0.0
-0.0344035 0.0700475 0.0
-0.0345171 0.065101 0.0
-0.0346278 0.0601756 0.0
-0.0347365 0.0552696 0.0
-0.0348438 0.0503809 0.0
-0.0349502 0.0455075 0.0
-0.0350564 0.0406472 0.0
-0.0351627 0.0357976 0.0
-0.0352696 0.0309564 0.0
-0.0353775 0.0261211 0.0
-0.0354865 0.0212895 0.0
-0.035597 0.0164592 0.0
-0.0357092 0.0116279 0.0
-0.0358232 0.00679342 0.0
-0.0359394 0.00195377 0.0
-0.036058 -0.00289303 0.0
-0.0361797 -0.00775034 0.0
-0.0363052 -0.0126217 0.0
-0.0364351 -0.0175102 0.0
-0.0365698 -0.0224185 0.0
-0.0367095 -0.0273496 0.0
-0.0368548 -0.0323061 0.0
-0.0370058 -0.0372911 0.0
-0.037163 -0.0423076 0.0
-0.0373263 -0.0473589 0.0
-0.037496 -0.0524484 0.0
-0.0376721 -0.0575794 0.0
-0.0378545 -0.0627553 0.0
-0.038043 -0.0679795 0.0
-0.0382374 -0.0732554 0.0
-0.0384375 -0.0785864 0.0
-0.0386432 -0.0839762 0.0
-0.0388542 -0.0894287 0.0
-0.0390701 -0.0949481 0.0
-0.0392901 -0.100538 0.0
-0.0395132 -0.106203 0.0
-0.0397382 -0.111946 0.0
-0.0399637 -0.117768 0.0
-0.0401881 -0.123673 0.0
-0.0404094 -0.129662 0.0
-0.0406254 -0.135736 0.0
-0.0408333 -0.141895 0.0
-0.0410298 -0.148136 0.0
-0.0412115 -0.154456 0.0
-0.0413747 -0.16085 0.0
-0.0415151 -0.167311 0.0
-0.0416282 -0.17383 0.0
-0.041709 -0.180396 0.0
-0.0417527 -0.186997 0.0
-0.0417543 -0.193618 0.0
-0.041709 -0.200243 0.0
-0.0416124 -0.206857 0.0
-0.0414615 -0.213444 0.0
-0.041255 -0.219994 0.0
-0.0409953 -0.226506 0.0
-0.0406909 -0.232997 0.0
-0.0403602 -0.239516 0.0
-0.0400374 -0.246172 0.0
-0.0397803 -0.253172 0.0
-0.0396786 -0.260881 0.0
-0.039858 -0.269884 0.0
-0.0404715 -0.281035 0.0
-0.041665 -0.295413 0.0
-0.0435106 -0.314107 0.0
-0.0459191 -0.337779 0.0
-0.0485728 -0.366093 0.0
-0.0509216 -0.397223 0.0
-0.0522586 -0.427634 0.0
-0.0518503 -0.452174 0.0
-0.0490858 -0.46439 0.0
-0.043624 -0.457042 0.0
-0.0355425 -0.422951 0.0
-0.0254923 -0.35663 0.0
-0.014846 -0.257578 0.0
-0.00576355 -0.136285 0.0
-0.000966184 -0.0201021 0.0
0.000305084 0.0258253 0.0
0.00120287 0.107059 0.0
0.00213279 0.164697 0.0
0.00236485 0.202353 0.0
0.00176507 0.226177 0.0
0.000537367 0.241901 0.0
-0.00103812 0.253305 0.0
-0.00274964 0.262312 0.0
-0.00447687 0.269701 0.0
-0.00616646 0.275728 0.0
-0.00779643 0.280473 0.0
-0.00935645 0.283963 0.0
-0.0108398 0.286225 0.0
-0.0122422 0.287296 0.0
-0.0135604 0.287223 0.0
-0.0147929 0.286068 0.0
-0.015939 0.283901 0.0
-0.0169996 0.280804 0.0
-0.0179765 0.276865 0.0
-0.0188725 0.272176 0.0
-0.0196916 0.266837 0.0
-0.0204385 0.260946 0.0
-0.0211188 0.254605 0.0
-0.0217383 0.247911 0.0
-0.0223035 0.24096 0.0
-0.0228209 0.233839 0.0
-0.0232968 0.226631 0.0
-0.0237373 0.219405 0.0
-0.0241481 0.212224 0.0
-0.0245339 0.205136 0.0
-0.0248991 0.198178 0.0
-0.025247 0.191377 0.0
-0.0255802 0.184746 0.0
-0.0259003 0.178292 0.0
-0.0262084 0.172013 0.0
-0.026505 0.165898 0.0
-0.0267902 0.159937 0.0
-0.0270639 0.154114 0.0
-0.0273256 0.148412 0.0
-0.0275751 0.142815 0.0
-0.0278122 0.137309 0.0
-0.0280367 0.131879 0.0
-0.0282488 0.126515 0.0
-0.0284486 0.121207 0.0
-0.0286366 0.115947 0.0
-0.0288135 0.110729 0.0
-0.02898 0.10555 0.0
-0.029137 0.100406 0.0
-0.0292854 0.0952936 0.0
-0.0294263 0.0902122 0.0
-0.0295605 0.0851599 0.0
-0.0296892 0.0801354 0.0
-0.0298133 0.0751373 0.0
-0.0299337 0.0701644 0.0
-0.0300513 0.0652151 0.0
-0.0301668 0.0602877 0.0
-0.0302811 0.0553804 0.0
-0.0303947 0.0504911 0.0
-0.0305084 0.0456175 0.0
-0.0306225 0.0407576 0.0
-0.0307377 0.0359088 0.0
-0.0308542 0.0310687 0.0
-0.0309725 0.0262349 0.0
-0.0310928 0.021405 0.0
-0.0312153 0.0165767 0.0
-0.0313404 0.0117476 0.0
-0.0314681 0.0069155 0.0
-0.0315986 0.00207838 0.0
-0.0317321 -0.00276553 0.0
-0.0318693 -0.00761895 0.0
-0.0320111 -0.0124857 0.0
-0.0321582 -0.0173692 0.0
-0.0323109 -0.0222722 0.0
-0.0324696 -0.0271975 0.0
-0.0326346 -0.0321479 0.0
-0.0328062 -0.0371265 0.0
-0.0329848 -0.0421365 0.0
-0.0331705 -0.047181 0.0
-0.0333634 -0.0522636 0.0
-0.0335635 -0.0573878 0.0
-0.0337708 -0.0625571 0.0
-0.0339851 -0.067775 0.0
-0.0342059 -0.0730447 0.0
-0.0344332 -0.0783697 0.0
-0.0346669 -0.0837536 0.0
-0.0349066 -0.0892005 0.0
-0.0351521 -0.0947149 0.0
-0.0354027 -0.100301 0.0
-0.0356574 -0.105963 0.0
-0.035915 -0.111704 0.0
-0.0361741 -0.117526 0.0
-0.0364333 -0.123432 0.0
-0.0366908 -0.129424 0.0
-0.0369445 -0.135504 0.0
-0.0371917 -0.141672 0.0
-0.0374294 -0.147925 0.0
-0.0376542 -0.15426 0.0
-0.0378627 -0.160674 0.0
-0.0380508 -0.167158 0.0
-0.0382141 -0.173706 0.0
-0.0383479 -0.180306 0.0
-0.0384474 -0.186944 0.0
-0.0385079 -0.193608 0.0
-0.0385243 -0.200281 0.0
-0.0384923 -0.206947 0.0
-0.0384082 -0.213589 0.0
-0.0382701 -0.220194 0.0
-0.0380789 -0.226757 0.0
-0.0378404 -0.233289 0.0
-0.037569 -0.239826 0.0
-0.037293 -0.24646 0.0
-0.0370619 -0.253372 0.0
-0.0369556 -0.260889 0.0
-0.0370907 -0.269562 0.0
-0.0376166 -0.280219 0.0
-0.038688 -0.293964 0.0
-0.0404027 -0.311995 0.0
-0.0427133 -0.335172 0.0
-0.0453481 -0.363412 0.0
-0.0477928 -0.395111 0.0
-0.0493554 -0.426847 0.0
-0.0492951 -0.45343 0.0
-0.0469752 -0.468218 0.0
-0.042015 -0.463635 0.0
-0.0344421 -0.432012 0.0
-0.0248525 -0.367209 0.0
-0.0145652 -0.267933 0.0
-0.00569816 -0.143879 0.0
-0.000967287 -0.0220356 0.0
0.000332913 0.0251873 0.0
0.00137797 0.105754 0.0
0.00260089 0.163849 0.0
0.00320137 0.202368 0.0
0.002987 0.226975 0.0
0.00212239 0.243194 0.0
0.000876388 0.254833 0.0
-0.000536555 0.263909 0.0
-0.00199735 0.271292 0.0
-0.00344551 0.277275 0.0
-0.00485136 0.281963 0.0
-0.0062047 0.285387 0.0
-0.00749839 0.287578 0.0
-0.00872834 0.288575 0.0
-0.00989158 0.288425 0.0
-0.0109862 0.287192 0.0
-0.0120113 0.284948 0.0
-0.0129671 0.281774 0.0
-0.0138547 0.277759 0.0
-0.0146761 0.272999 0.0
-0.0154341 0.267591 0.0
-0.0161322 0.261637 0.0
-0.0167747 0.255237 0.0
-0.0173663 0.24849 0.0
-0.0179119 0.241492 0.0
-0.0184166 0.23433 0.0
-0.0188852 0.227085 0.0
-0.0193226 0.219829 0.0
-0.019733 0.212622 0.0
-0.0201203 0.205511 0.0
-0.0204877 0.198535 0.0
-0.0208379 0.191718 0.0
-0.0211728 0.185073 0.0
-0.0214938 0.178606 0.0
-0.0218017 0.172314 0.0
-0.0220969 0.166188 0.0
-0.0223795 0.160215 0.0
-0.0226495 0.154379 0.0
-0.0229067 0.148665 0.0
-0.0231512 0.143056 0.0
-0.0233828 0.137537 0.0
-0.0236018 0.132095 0.0
-0.0238085 0.126718 0.0
-0.0240032 0.121398 0.0
-0.0241866 0.116127 0.0
-0.0243595 0.110899 0.0
-0.0245227 0.10571 0.0
-0.0246772 0.100557 0.0
-0.0248239 0.0954374 0.0
-0.0249638 0.0903493 0.0
-0.0250981 0.0852913 0.0
-0.0252276 0.0802621 0.0
-0.0253533 0.0752604 0.0
-0.0254762 0.0702847 0.0
-0.025597 0.0653334 0.0
-0.0257167 0.0604047 0.0
-0.0258358 0.0554969 0.0
-0.0259552 0.0506076 0.0
-0.0260754 0.0457348 0.0
-0.0261969 0.040876 0.0
-0.0263202 0.0360288 0.0
-0.0264457 0.0311907 0.0
-0.0265738 0.0263593 0.0
-0.0267048 0.021532 0.0
-0.0268389 0.0167065 0.0
-0.0269765 0.0118804 0.0
-0.0271177 0.00705157 0.0
-0.0272625 0.00221772 0.0
-0.0274108 -0.00262306 0.0
-0.0275634 -0.00747166 0.0
-0.0277216 -0.0123329 0.0
-0.0278861 -0.0172105 0.0
-0.028057 -0.0221072 0.0
-0.0282347 -0.027026 0.0
-0.0284197 -0.0319695 0.0
-0.0286121 -0.0369409 0.0
-0.0288124 -0.0419433 0.0
-0.0290208 -0.0469802 0.0
-0.0292373 -0.0520551 0.0
-0.0294619 -0.0571716 0.0
-0.0296946 -0.0623334 0.0
-0.0299351 -0.067544 0.0
-0.030183 -0.0728068 0.0
-0.0304382 -0.0781251 0.0
-0.0307004 -0.0835023 0.0
-0.0309696 -0.0889428 0.0
-0.0312455 -0.0944512 0.0
-0.0315274 -0.100032 0.0
-0.0318145 -0.10569 0.0
-0.0321056 -0.111428 0.0
-0.0323992 -0.117249 0.0
-0.032694 -0.123155 0.0
-0.0329886 -0.129149 0.0
-0.0332809 -0.135233 0.0
-0.0335683 -0.141408 0.0
-0.0338479 -0.147671 0.0
-0.0341167 -0.15402 0.0
-0.0343713 -0.160451 0.0
-0.034608 -0.166956 0.0
-0.0348224 -0.17353 0.0
-0.0350101 -0.18016 0.0
-0.0351665 -0.186834 0.0
-0.0352868 -0.193538 0.0
-0.0353663 -0.200256 0.0
-0.0354004 -0.20697 0.0
-0.0353853 -0.213664 0.0
-0.0353183 -0.220323 0.0
-0.0351991 -0.226939 0.0
-0.0350317 -0.233514 0.0
-0.0348269 -0.240077 0.0
-0.0346079 -0.246704 0.0
-0.0344167 -0.25355 0.0
-0.0343239 -0.26091 0.0
-0.0344364 -0.269293 0.0
-0.0348978 -0.2795 0.0
-0.0358675 -0.292642 0.0
-0.0374644 -0.310005 0.0
-0.0396789 -0.332636 0.0
-0.0422844 -0.360707 0.0
-0.044804 -0.392852 0.0
-0.0465642 -0.425784 0.0
-0.0468207 -0.454297 0.0
-0.0449147 -0.471577 0.0
-0.0404287 -0.469722 0.0
-0.0333434 -0.440583 0.0
-0.0242013 -0.37737 0.0
-0.0142691 -0.277992 0.0
-0.00562221 -0.151334 0.0
-0.00096536 -0.0239682 0.0
0.000358159 0.0244963 0.0
0.00154294 0.104215 0.0
0.00304997 0.162658 0.0
0.00401257 0.201996 0.0
0.00418036 0.227394 0.0
0.00367792 0.244143 0.0
0.00275812 0.25605 0.0
0.00163638 0.265226 0.0
0.000442636 0.272629 0.0
-0.000758701 0.278587 0.0
-0.00194124 0.283239 0.0
-0.00309022 0.286613 0.0
-0.00419582 0.288751 0.0
-0.00525494 0.289691 0.0
-0.00626455 0.289482 0.0
-0.00722236 0.288188 0.0
-0.00812728 0.285882 0.0
-0.00897905 0.282647 0.0
-0.00977799 0.278573 0.0
-0.010525 0.273754 0.0
-0.0112218 0.268291 0.0
-0.0118709 0.262284 0.0
-0.0124753 0.255836 0.0
-0.0130384 0.249046 0.0
-0.0135636 0.242007 0.0
-0.0140546 0.23481 0.0
-0.0145149 0.227534 0.0
-0.0149478 0.22025 0.0
-0.0153565 0.213019 0.0
-0.0157436 0.205888 0.0
-0.0161116 0.198894 0.0
-0.0164625 0.19206 0.0
-0.0167975 0.185401 0.0
-0.0171178 0.17892 0.0
-0.0174238 0.172615 0.0
-0.017716 0.166475 0.0
-0.0179945 0.160489 0.0
-0.0182595 0.15464 0.0
-0.018511 0.148913 0.0
-0.0187491 0.14329 0.0
-0.0189743 0.137759 0.0
-0.0191867 0.132304 0.0
-0.019387 0.126916 0.0
-0.0195757 0.121584 0.0
-0.0197537 0.116302 0.0
-0.0199218 0.111065 0.0
-0.0200808 0.105867 0.0
-0.0202319 0.100706 0.0
-0.0203761 0.0955794 0.0
-0.0205144 0.0904855 0.0
-0.0206478 0.0854228 0.0
-0.0207774 0.0803898 0.0
-0.020904 0.0753851 0.0
-0.0210285 0.0704074 0.0
-0.0211519 0.0654549 0.0
-0.0212749 0.0605259 0.0
-0.0213983 0.0556183 0.0
-0.0215226 0.0507299 0.0
-0.0216485 0.0458586 0.0
-0.0217767 0.0410018 0.0
-0.0219074 0.0361571 0.0
-0.0220413 0.0313218 0.0
-0.0221785 0.0264936 0.0
-0.0223196 0.0216698 0.0
-0.0224647 0.016848 0.0
-0.0226141 0.0120259 0.0
-0.0227681 0.00720126 0.0
-0.0229269 0.0023717 0.0
-0.0230901 -0.00246548 0.0
-0.0232585 -0.00730821 0.0
-0.0234336 -0.012163 0.0
-0.0236157 -0.0170338 0.0
-0.0238051 -0.0219235 0.0
-0.0240021 -0.0268348 0.0
-0.0242072 -0.0317705 0.0
-0.0244208 -0.0367337 0.0
-0.0246432 -0.0417277 0.0
-0.0248745 -0.046756 0.0
-0.0251149 -0.0518223 0.0
-0.0253645 -0.0569302 0.0
-0.0256231 -0.0620835 0.0
-0.0258904 -0.067286 0.0
-0.026166 -0.0725412 0.0
-0.0264496 -0.0778519 0.0
-0.0267412 -0.0832217 0.0
-0.0270406 -0.0886548 0.0
-0.0273476 -0.0941563 0.0
-0.0276618 -0.099731 0.0
-0.0279821 -0.105384 0.0
-0.0283075 -0.111118 0.0
-0.0286365 -0.116936 0.0
-0.0289679 -0.122841 0.0
-0.0293005 -0.128836 0.0
-0.0296322 -0.134923 0.0
-0.0299608 -0.141103 0.0
-0.0302834 -0.147374 0.0
-0.0305971 -0.153735 0.0
-0.0308987 -0.16018 0.0
-0.0311849 -0.166704 0.0
-0.0314514 -0.173301 0.0
-0.031694 -0.179959 0.0
-0.0319083 -0.186665 0.0
-0.0320897 -0.193406 0.0
-0.0322335 -0.200165 0.0
-0.0323352 -0.206925 0.0
-0.0323908 -0.213669 0.0
-0.0323972 -0.220379 0.0
-0.0323533 -0.227046 0.0
-0.0322613 -0.233666 0.0
-0.0321293 -0.240261 0.0
-0.031976 -0.246892 0.0
-0.0318368 -0.253692 0.0
-0.0317733 -0.260924 0.0
-0.0318828 -0.269057 0.0
-0.0323016 -0.278856 0.0
-0.0331901 -0.291428 0.0
-0.034684 -0.308128 0.0
-0.0368073 -0.330175 0.0
-0.0393769 -0.357993 0.0
-0.0419545 -0.390469 0.0
-0.0438879 -0.424473 0.0
-0.0444329 -0.454806 0.0
-0.0429117 -0.474496 0.0
-0.0388736 -0.475328 0.0
-0.0322546 -0.448681 0.0
-0.0235457 -0.387122 0.0
-0.0139622 -0.287755 0.0
-0.0055378 -0.158642 0.0
-0.000960773 -0.0258943 0.0
0.000380892 0.0237572 0.0
0.0016976 0.102453 0.0
0.00347913 0.161132 0.0
0.00479691 0.201242 0.0
0.00534335 0.227434 0.0
0.00520211 0.244747 0.0
0.0046078 0.256961 0.0
0.00377649 0.266269 0.0
0.00284644 0.273711 0.0
0.00188699 0.279667 0.0
0.000928871 0.2843 0.0
-1.31669e-05 0.287643 0.0
-0.000931397 0.289745 0.0
-0.00182081 0.290645 0.0
-0.00267781 0.290394 0.0
-0.00349947 0.289055 0.0
-0.00428461 0.286705 0.0
-0.00503268 0.283425 0.0
-0.00574327 0.279305 0.0
-0.00641584 0.274441 0.0
-0.00705105 0.268935 0.0
-0.00765067 0.262888 0.0
-0.00821643 0.256402 0.0
-0.00875024 0.249576 0.0
-0.00925424 0.242506 0.0
-0.00973063 0.235279 0.0
-0.0101815 0.227976 0.0
-0.0106089 0.220668 0.0
-0.0110145 0.213415 0.0
-0.0114 0.206265 0.0
-0.0117672 0.199253 0.0
-0.0121172 0.192402 0.0
-0.0124509 0.185727 0.0
-0.012769 0.179232 0.0
-0.0130718 0.172912 0.0
-0.0133597 0.166758 0.0
-0.0136329 0.160758 0.0
-0.0138916 0.154895 0.0
-0.0141362 0.149154 0.0
-0.014367 0.143518 0.0
-0.0145845 0.137973 0.0
-0.0147894 0.132507 0.0
-0.0149824 0.127106 0.0
-0.0151643 0.121764 0.0
-0.0153359 0.116472 0.0
-0.0154982 0.111225 0.0
-0.0156523 0.106019 0.0
-0.0157992 0.100851 0.0
-0.01594 0.0957189 0.0
-0.0160758 0.0906201 0.0
-0.0162076 0.0855534 0.0
-0.0163363 0.0805174 0.0
-0.016463 0.0755107 0.0
-0.0165884 0.0705318 0.0
-0.0167136 0.065579 0.0
-0.0168391 0.0606503 0.0
-0.0169658 0.0557438 0.0
-0.0170943 0.0508573 0.0
-0.0172253 0.0459883 0.0
-0.0173593 0.0411343 0.0
-0.0174968 0.0362929 0.0
-0.0176383 0.0314613 0.0
-0.0177841 0.0266371 0.0
-0.0179345 0.0218177 0.0
-0.0180899 0.0170006 0.0
-0.0182505 0.0121833 0.0
-0.0184164 0.00736376 0.0
-0.0185879 0.00253955 0.0
-0.0187662 -0.00229176 0.0
-0.0189518 -0.00712792 0.0
-0.0191443 -0.0119756 0.0
-0.0193444 -0.016839 0.0
-0.0195524 -0.0217209 0.0
-0.0197689 -0.0266239 0.0
-0.0199944 -0.0315508 0.0
-0.0202294 -0.0365049 0.0
-0.0204742 -0.0414895 0.0
-0.0207289 -0.0465083 0.0
-0.0209936 -0.0515649 0.0
-0.0212685 -0.0566631 0.0
-0.0215534 -0.061807 0.0
-0.0218481 -0.0670005 0.0
-0.022152 -0.0722471 0.0
-0.0224648 -0.0775496 0.0
-0.0227864 -0.082911 0.0
-0.0231167 -0.0883358 0.0
-0.0234558 -0.0938292 0.0
-0.023803 -0.0993966 0.0
-0.0241575 -0.105043 0.0
-0.0245182 -0.110772 0.0
-0.0248835 -0.116587 0.0
-0.0252525 -0.12249 0.0
-0.025624 -0.128483 0.0
-0.0259962 -0.134571 0.0
-0.026367 -0.140755 0.0
-0.0267336 -0.147033 0.0
-0.0270931 -0.153403 0.0
-0.0274428 -0.15986 0.0
-0.0277795 -0.166401 0.0
-0.0280992 -0.173018 0.0
-0.0283977 -0.1797 0.0
-0.028671 -0.186435 0.0
-0.0289147 -0.19321 0.0
-0.0291241 -0.200008 0.0
-0.0292949 -0.20681 0.0
-0.0294229 -0.2136 0.0
-0.0295049 -0.22036 0.0
-0.029539 -0.227075 0.0
-0.0295261 -0.233741 0.0
-0.0294721 -0.240372 0.0
-0.0293919 -0.247015 0.0
-0.029315 -0.253785 0.0
-0.0292949 -0.260915 0.0
-0.0294191 -0.268833 0.0
-0.0298154 -0.278265 0.0
-0.0306428 -0.290303 0.0
-0.0320494 -0.306353 0.0
-0.034089 -0.327788 0.0
-0.0366196 -0.35528 0.0
-0.0392419 -0.387982 0.0
-0.0413275 -0.422941 0.0
-0.0421354 -0.454985 0.0
-0.0409722 -0.477001 0.0
-0.0373567 -0.480476 0.0
-0.0311827 -0.456326 0.0
-0.0228917 -0.396477 0.0
-0.013649 -0.297227 0.0
-0.00544686 -0.165798 0.0
-0.000953894 -0.027809 0.0
0.000401181 0.0229751 0.0
0.00184185 0.100478 0.0
0.00388769 0.15928 0.0
0.00555316 0.200111 0.0
0.00647448 0.227097 0.0
0.00669366 0.245005 0.0
0.00642503 0.257565 0.0
0.00588364 0.267037 0.0
0.00521502 0.274541 0.0
0.00449523 0.280516 0.0
0.00375903 0.285145 0.0
0.00302223 0.288477 0.0
0.00229205 0.29056 0.0
0.00157366 0.291438 0.0
0.000870486 0.291161 0.0
0.000185029 0.289795 0.0
-0.000480644 0.287416 0.0
-0.00112511 0.284106 0.0
-0.00174753 0.279956 0.0
-0.00234533 0.27506 0.0
-0.00291805 0.269524 0.0
-0.00346745 0.263449 0.0
-0.00399374 0.256934 0.0
-0.00449745 0.250082 0.0
-0.00497934 0.242986 0.0
-0.00544023 0.235735 0.0
-0.00588089 0.228411 0.0
-0.00630182 0.221082 0.0
-0.0067031 0.213809 0.0
-0.0070856 0.20664 0.0
-0.00745057 0.19961 0.0
-0.00779852 0.192743 0.0
-0.00812975 0.186052 0.0
-0.00844447 0.17954 0.0
-0.00874291 0.173205 0.0
-0.00902535 0.167036 0.0
-0.00929208 0.16102 0.0
-0.00954351 0.155143 0.0
-0.00978013 0.149387 0.0
-0.0100026 0.143738 0.0
-0.0102116 0.13818 0.0
-0.010408 0.132701 0.0
-0.0105927 0.12729 0.0
-0.0107668 0.121937 0.0
-0.0109312 0.116635 0.0
-0.0110869 0.11138 0.0
-0.011235 0.106167 0.0
-0.0113768 0.100993 0.0
-0.0115133 0.0958551 0.0
-0.0116457 0.0907522 0.0
-0.011775 0.0856824 0.0
-0.0119021 0.0806443 0.0
-0.0120279 0.0756364 0.0
-0.0121535 0.0706572 0.0
-0.0122795 0.0657048 0.0
-0.0124067 0.0607774 0.0
-0.012536 0.0558728 0.0
-0.0126679 0.0509888 0.0
-0.0128032 0.046123 0.0
-0.0129423 0.0412727 0.0
-0.0130858 0.0364355 0.0
-0.0132342 0.0316086 0.0
-0.0133879 0.0267894 0.0
-0.0135472 0.0219753 0.0
-0.0137125 0.0171637 0.0
-0.013884 0.0123523 0.0
-0.0140622 0.00753885 0.0
-0.0142474 0.00272125 0.0
-0.0144405 -0.00210203 0.0
-0.0146418 -0.00693077 0.0
-0.0148514 -0.0117706 0.0
-0.0150694 -0.0166259 0.0
-0.0152962 -0.0214992 0.0
-0.0155323 -0.026393 0.0
-0.0157785 -0.0313101 0.0
-0.0160352 -0.0362539 0.0
-0.0163027 -0.0412282 0.0
-0.0165811 -0.0462364 0.0
-0.0168706 -0.0512824 0.0
-0.0171712 -0.0563701 0.0
-0.0174829 -0.0615035 0.0
-0.0178055 -0.0666869 0.0
-0.0181383 -0.071924 0.0
-0.0184809 -0.0772173 0.0
-0.0188331 -0.0825694 0.0
-0.0191953 -0.0879848 0.0
-0.0195671 -0.0934693 0.0
-0.0199483 -0.0990282 0.0
-0.0203379 -0.104667 0.0
-0.0207348 -0.110391 0.0
-0.0211375 -0.116201 0.0
-0.021545 -0.1221 0.0
-0.0219565 -0.128091 0.0
-0.0223703 -0.134178 0.0
-0.0227844 -0.140363 0.0
-0.023196 -0.146647 0.0
-0.0236024 -0.153024 0.0
-0.0240013 -0.159491 0.0
-0.0243896 -0.166045 0.0
-0.0247636 -0.17268 0.0
-0.0251192 -0.179384 0.0
-0.0254526 -0.186145 0.0
-0.0257598 -0.192949 0.0
-0.0260362 -0.199782 0.0
-0.0262774 -0.206624 0.0
-0.0264796 -0.213456 0.0
-0.0266392 -0.220262 0.0
-0.0267537 -0.227024 0.0
-0.0268232 -0.233736 0.0
-0.0268518 -0.240403 0.0
-0.0268509 -0.247065 0.0
-0.0268452 -0.253818 0.0
-0.0268807 -0.260867 0.0
-0.0270353 -0.268602 0.0
-0.0274279 -0.277707 0.0
-0.0282136 -0.289248 0.0
-0.0295492 -0.304666 0.0
-0.0315141 -0.325471 0.0
-0.0340052 -0.352576 0.0
-0.0366623 -0.385407 0.0
-0.0388824 -0.42121 0.0
-0.0399304 -0.45486 0.0
-0.0391003 -0.47912 0.0
-0.0358834 -0.48519 0.0
-0.0301335 -0.463536 0.0
-0.0222445 -0.405447 0.0
-0.0133331 -0.306411 0.0
-0.00535118 -0.172798 0.0
-0.000945086 -0.029708 0.0
0.000419092 0.0221549 0.0
0.00197564 0.0983007 0.0
0.00427508 0.157111 0.0
0.00628024 0.198609 0.0
0.00757244 0.226386 0.0
0.00815136 0.244918 0.0
0.00820917 0.257863 0.0
0.00795789 0.267532 0.0
0.00754953 0.275123 0.0
0.0070675 0.281136 0.0
0.00655099 0.285778 0.0
0.00601732 0.289114 0.0
0.00547398 0.291196 0.0
0.00492596 0.292069 0.0
0.00437656 0.291783 0.0
0.00382839 0.290407 0.0
0.00328387 0.288015 0.0
0.00274513 0.284691 0.0
0.00221418 0.280525 0.0
0.00169272 0.275611 0.0
0.00118215 0.270057 0.0
0.000683484 0.263964 0.0
0.000197323 0.257432 0.0
-0.000275574 0.250561 0.0
-0.000734469 0.243447 0.0
-0.00117885 0.236179 0.0
-0.0016084 0.228837 0.0
-0.00202226 0.22149 0.0
-0.00241813 0.214197 0.0
-0.00279621 0.207011 0.0
-0.003158 0.199965 0.0
-0.00350296 0.193081 0.0
-0.00383074 0.186373 0.0
-0.00414119 0.179844 0.0
-0.00443433 0.173492 0.0
-0.00471039 0.167307 0.0
-0.00496976 0.161275 0.0
-0.00521297 0.155382 0.0
-0.00544071 0.149612 0.0
-0.00565385 0.143949 0.0
-0.00585337 0.138378 0.0
-0.00604034 0.132887 0.0
-0.00621594 0.127464 0.0
-0.00638133 0.122102 0.0
-0.00653761 0.116791 0.0
-0.00668571 0.111528 0.0
-0.00682686 0.106308 0.0
-0.00696252 0.101129 0.0
-0.00709387 0.0959869 0.0
-0.00722195 0.0908808 0.0
-0.00734778 0.0858089 0.0
-0.00747233 0.0807695 0.0
-0.00759651 0.0757613 0.0
-0.00772119 0.0707825 0.0
-0.00784721 0.0658315 0.0
-0.00797535 0.0609061 0.0
-0.00810633 0.0560043 0.0
-0.00824085 0.0511238 0.0
-0.00837955 0.046262 0.0
-0.00852303 0.0414164 0.0
-0.00867184 0.0365842 0.0
-0.00882649 0.0317629 0.0
-0.00898744 0.0269497 0.0
-0.00915512 0.022142 0.0
-0.00932995 0.0173372 0.0
-0.00951229 0.0125328 0.0
-0.00970256 0.00772681 0.0
-0.00990123 0.00291722 0.0
-0.0101088 -0.00189735 0.0
-0.0103256 -0.00671728 0.0
-0.010552 -0.0115481 0.0
-0.010788 -0.0163944 0.0
-0.0110335 -0.0212584 0.0
-0.0112894 -0.0261418 0.0
-0.0115566 -0.0310479 0.0
-0.0118354 -0.0359805 0.0
-0.0121261 -0.0409434 0.0
-0.0124286 -0.0459402 0.0
-0.0127432 -0.0509746 0.0
-0.0130699 -0.0560506 0.0
-0.0134087 -0.0611724 0.0
-0.0137596 -0.0663445 0.0
-0.0141219 -0.0715712 0.0
-0.0144949 -0.0768545 0.0
-0.0148786 -0.0821961 0.0
-0.0152734 -0.0876012 0.0
-0.0156789 -0.0930755 0.0
-0.0160949 -0.0986249 0.0
-0.0165205 -0.104255 0.0
-0.0169546 -0.109972 0.0
-0.0173957 -0.115776 0.0
-0.0178428 -0.12167 0.0
-0.0182953 -0.127657 0.0
-0.0187518 -0.133741 0.0
-0.0192103 -0.139927 0.0
-0.019668 -0.146214 0.0
-0.0201225 -0.152596 0.0
-0.0205717 -0.159071 0.0
-0.0210128 -0.165636 0.0
-0.0214422 -0.172286 0.0
-0.0218561 -0.179009 0.0
-0.0222509 -0.185792 0.0
-0.0226229 -0.192623 0.0
-0.0229676 -0.199487 0.0
-0.0232808 -0.206364 0.0
-0.0235588 -0.213236 0.0
-0.0237977 -0.220084 0.0
-0.023995 -0.22689 0.0
-0.0241498 -0.233645 0.0
-0.0242648 -0.24035 0.0
-0.0243488 -0.247035 0.0
-0.024422 -0.253781 0.0
-0.0245235 -0.260767 0.0
-0.0247226 -0.268348 0.0
-0.0251285 -0.277162 0.0
-0.0258909 -0.288245 0.0
-0.0271719 -0.303053 0.0
-0.0290727 -0.323218 0.0
-0.0315263 -0.349884 0.0
-0.034211 -0.382757 0.0
-0.0365507 -0.4193 0.0
-0.0378186 -0.454454 0.0
-0.037299 -0.480875 0.0
-0.0344578 -0.489493 0.0
-0.0291117 -0.47033 0.0
-0.0216086 -0.414045 0.0
-0.0130179 -0.315314 0.0
-0.00525239 -0.179642 0.0
-0.000934694 -0.0315878 0.0
0.000434683 0.0213011 0.0
0.00209891 0.0959337 0.0
0.00464082 0.154637 0.0
0.00697715 0.196741 0.0
0.0086359 0.225302 0.0
0.0095739 0.244485 0.0
0.0099593 0.257852 0.0
0.00999901 0.267754 0.0
0.00985054 0.275458 0.0
0.00960488 0.281528 0.0
0.0093062 0.286201 0.0
0.00897394 0.289558 0.0
0.00861624 0.291654 0.0
0.00823794 0.292537 0.0
0.00784224 0.29226 0.0
0.0074318 0.290889 0.0
0.00700929 0.2885 0.0
0.00657731 0.285176 0.0
0.00613848 0.281009 0.0
0.00569485 0.276092 0.0
0.00524875 0.270533 0.0
0.00480272 0.264433 0.0
0.00435867 0.257893 0.0
0.00391861 0.251013 0.0
0.00348459 0.243889 0.0
0.00305856 0.236609 0.0
0.00264254 0.229253 0.0
0.00223859 0.221892 0.0
0.00184841 0.214582 0.0
0.00147351 0.20738 0.0
0.00111501 0.200317 0.0
0.000773546 0.193416 0.0
0.000449804 0.18669 0.0
0.00014422 0.180144 0.0
-0.00014304 0.173773 0.0
-0.000412082 0.167571 0.0
-0.00066334 0.161522 0.0
-0.000897533 0.155613 0.0
-0.00111558 0.149827 0.0
-0.00131856 0.14415 0.0
-0.00150771 0.138566 0.0
-0.00168434 0.133063 0.0
-0.00184984 0.12763 0.0
-0.00200564 0.122258 0.0
-0.00215298 0.116939 0.0
-0.0022925 0.111668 0.0
-0.00242562 0.106443 0.0
-0.00255422 0.101259 0.0
-0.00267941 0.0961135 0.0
-0.00280223 0.0910051 0.0
-0.00292369 0.0859319 0.0
-0.00304475 0.0808922 0.0
-0.00316632 0.0758844 0.0
-0.00328927 0.070907 0.0
-0.00341442 0.0659581 0.0
-0.00354255 0.0610357 0.0
-0.00367441 0.0561376 0.0
-0.0038107 0.0512614 0.0
-0.00395207 0.0464045 0.0
-0.00409917 0.0415644 0.0
-0.00425257 0.0367384 0.0
-0.00441283 0.0319237 0.0
-0.00458047 0.0271176 0.0
-0.00475602 0.0223174 0.0
-0.00493994 0.0175205 0.0
-0.00513267 0.0127246 0.0
-0.00533467 0.00792737 0.0
-0.00554634 0.00312703 0.0
-0.00576804 -0.00167789 0.0
-0.00600022 -0.00648768 0.0
-0.00624341 -0.0113081 0.0
-0.00649729 -0.0161446 0.0
-0.00676165 -0.0209983 0.0
-0.00703758 -0.02587 0.0
-0.0073261 -0.030764 0.0
-0.00762743 -0.0356842 0.0
-0.00794161 -0.0406348 0.0
-0.00826865 -0.0456192 0.0
-0.00860864 -0.0506411 0.0
-0.00896173 -0.0557043 0.0
-0.0093281 -0.0608133 0.0
-0.00970776 -0.0659729 0.0
-0.0101 -0.0711882 0.0
-0.010504 -0.0764605 0.0
-0.0109199 -0.0817905 0.0
-0.0113481 -0.0871839 0.0
-0.0117882 -0.092647 0.0
-0.0122398 -0.0981857 0.0
-0.0127024 -0.103806 0.0
-0.0131747 -0.109514 0.0
-0.0136552 -0.115312 0.0
-0.0141429 -0.121199 0.0
-0.0146375 -0.12718 0.0
-0.0151378 -0.133261 0.0
-0.0156419 -0.139445 0.0
-0.016147 -0.145733 0.0
-0.0166507 -0.152118 0.0
-0.0171514 -0.158598 0.0
-0.0176465 -0.165172 0.0
-0.0181326 -0.171834 0.0
-0.018606 -0.178573 0.0
-0.0190635 -0.185375 0.0
-0.0195016 -0.19223 0.0
-0.0199161 -0.199122 0.0
-0.0203027 -0.20603 0.0
-0.020658 -0.212937 0.0
-0.0209782 -0.219824 0.0
-0.0212603 -0.226671 0.0
-0.0215032 -0.233467 0.0
-0.0217081 -0.240209 0.0
-0.0218816 -0.246919 0.0
-0.0220402 -0.253665 0.0
-0.0222171 -0.260604 0.0
-0.0224731 -0.268056 0.0
-0.0229079 -0.276614 0.0
-0.0236642 -0.287274 0.0
-0.0249067 -0.3015 0.0
-0.0267547 -0.321022 0.0
-0.0291746 -0.347206 0.0
-0.0318821 -0.380042 0.0
-0.0343293 -0.417228 0.0
-0.0357996 -0.453788 0.0
-0.0355696 -0.482291 0.0
-0.033083 -0.493405 0.0
-0.0281211 -0.476725 0.0
-0.0209877 -0.422286 0.0
-0.0127063 -0.323945 0.0
-0.00515194 -0.18633 0.0
-0.000923046 -0.0334455 0.0
0.000448005 0.0204184 0.0
0.00221163 0.0933885 0.0
0.00498442 0.151867 0.0
0.00764285 0.194516 0.0
0.00966346 0.223848 0.0
0.0109598 0.243705 0.0
0.0116742 0.257533 0.0
0.0120064 0.267702 0.0
0.0121182 0.275547 0.0
0.012108 0.281695 0.0
0.0120257 0.286415 0.0
0.0118934 0.289808 0.0
0.0117202 0.291935 0.0
0.0115111 0.292844 0.0
0.011269 0.292591 0.0
0.0109967 0.291241 0.0
0.010697 0.28887 0.0
0.0103729 0.285562 0.0
0.0100274 0.281408 0.0
0.00966319 0.276501 0.0
0.00928358 0.270949 0.0
0.00889217 0.264854 0.0
0.00849216 0.258316 0.0
0.00808682 0.251435 0.0
0.00767949 0.244308 0.0
0.00727354 0.237022 0.0
0.00687232 0.229658 0.0
0.00647899 0.222285 0.0
0.00609606 0.214962 0.0
0.00572626 0.207744 0.0
0.00537207 0.200665 0.0
0.0050349 0.193746 0.0
0.0047159 0.187002 0.0
0.00441588 0.180437 0.0
0.0041352 0.174048 0.0
0.00387378 0.167827 0.0
0.00363117 0.16176 0.0
0.00340653 0.155834 0.0
0.00319876 0.150032 0.0
0.00300657 0.14434 0.0
0.0028285 0.138743 0.0
0.00266301 0.133228 0.0
0.00250854 0.127784 0.0
0.00236359 0.122404 0.0
0.00222674 0.117077 0.0
0.00209647 0.1118 0.0
0.0019715 0.106569 0.0
0.00185063 0.101382 0.0
0.00173246 0.096234 0.0
0.00161583 0.0911242 0.0
0.00149969 0.0860505 0.0
0.00138307 0.0810113 0.0
0.00126504 0.076005 0.0
0.00114474 0.0710298 0.0
0.00102135 0.066084 0.0
0.000894073 0.0611653 0.0
0.000762173 0.0562717 0.0
0.000624929 0.0514007 0.0
0.00048165 0.0465498 0.0
0.000331672 0.0417162 0.0
0.000174344 0.0368973 0.0
9.02485e-06 0.0320903 0.0
-0.000164848 0.0272925 0.0
-0.000347794 0.022501 0.0
-0.000540364 0.0177134 0.0
-0.000743081 0.0129272 0.0
-0.000956401 0.00814012 0.0
-0.00118068 0.00335027 0.0
-0.00141614 -0.00144394 0.0
-0.00166321 -0.00624234 0.0
-0.00192269 -0.0110507 0.0
-0.00219424 -0.0158764 0.0
-0.00247761 -0.0207186 0.0
-0.00277413 -0.0255772 0.0
-0.00308455 -0.0304578 0.0
-0.00340876 -0.0353648 0.0
-0.00374676 -0.040302 0.0
-0.00409859 -0.045273 0.0
-0.00446433 -0.0502814 0.0
-0.00484411 -0.0553311 0.0
-0.00523818 -0.0604261 0.0
-0.00564683 -0.0655718 0.0
-0.00606947 -0.0707745 0.0
-0.00650507 -0.0760347 0.0
-0.00695399 -0.0813515 0.0
-0.00741653 -0.0867322 0.0
-0.00789211 -0.0921831 0.0
-0.00838026 -0.0977099 0.0
-0.00888058 -0.103319 0.0
-0.00939202 -0.109018 0.0
-0.0099128 -0.114808 0.0
-0.0104423 -0.120686 0.0
-0.0109802 -0.12666 0.0
-0.0115255 -0.132735 0.0
-0.0120764 -0.138916 0.0
-0.0126299 -0.145204 0.0
-0.0131841 -0.15159 0.0
-0.0137375 -0.158073 0.0
-0.014288 -0.164652 0.0
-0.0148321 -0.171324 0.0
-0.0153663 -0.178076 0.0
-0.0158878 -0.184894 0.0
-0.0163935 -0.191767 0.0
-0.0168791 -0.198684 0.0
-0.0173407 -0.20562 0.0
-0.017775 -0.212558 0.0
-0.0181782 -0.21948 0.0
-0.0185473 -0.226364 0.0
-0.0188805 -0.233197 0.0
-0.0191784 -0.239975 0.0
-0.0194457 -0.246711 0.0
-0.0196955 -0.253464 0.0
-0.0199558 -0.260368 0.0
-0.0202797 -0.267712 0.0
-0.0207574 -0.276045 0.0
-0.0215237 -0.28632 0.0
-0.0227434 -0.299992 0.0
-0.0245506 -0.318875 0.0
-0.026942 -0.344542 0.0
-0.0296698 -0.377271 0.0
-0.0322145 -0.415007 0.0
-0.0338718 -0.452881 0.0
-0.0339129 -0.483386 0.0
-0.031761 -0.496948 0.0
-0.0271646 -0.482741 0.0
-0.0203847 -0.430184 0.0
-0.0124006 -0.332313 0.0
-0.00505111 -0.192867 0.0
-0.000910442 -0.035279 0.0
0.000459105 0.0195113 0.0
0.00231372 0.0906774 0.0
0.00530536 0.148814 0.0
0.00827625 0.19194 0.0
0.0106536 0.222026 0.0
0.0123074 0.242577 0.0
0.0133524 0.256902 0.0
0.0139791 0.267374 0.0
0.014352 0.27539 0.0
0.0145771 0.281637 0.0
0.0147101 0.286422 0.0
0.0147766 0.289867 0.0
0.014787 0.292039 0.0
0.0147465 0.29299 0.0
0.014658 0.292776 0.0
0.0145243 0.291462 0.0
0.0143483 0.289124 0.0
0.0141332 0.285847 0.0
0.0138825 0.281719 0.0
0.0135995 0.276836 0.0
0.0132884 0.271304 0.0
0.0129537 0.265225 0.0
0.0125998 0.258699 0.0
0.0122312 0.251826 0.0
0.0118526 0.244703 0.0
0.0114685 0.237417 0.0
0.0110836 0.230049 0.0
0.0107023 0.222669 0.0
0.0103281 0.215335 0.0
0.00996484 0.208104 0.0
0.00961607 0.201008 0.0
0.00928405 0.194072 0.0
0.00897051 0.187309 0.0
0.00867664 0.180724 0.0
0.00840303 0.174315 0.0
0.00814972 0.168074 0.0
0.00791623 0.161989 0.0
0.00770164 0.156045 0.0
0.00750469 0.150226 0.0
0.00732387 0.144519 0.0
0.00715751 0.138908 0.0
0.00700387 0.133381 0.0
0.00686118 0.127928 0.0
0.00672776 0.122538 0.0
0.00660194 0.117205 0.0
0.00648194 0.111922 0.0
0.00636642 0.106687 0.0
0.00625422 0.101497 0.0
0.00614398 0.0963473 0.0
0.00603446 0.091237 0.0
0.00592456 0.0861637 0.0
0.00581327 0.0811259 0.0
0.00569967 0.0761219 0.0
0.00558287 0.07115 0.0
0.00546204 0.0662081 0.0
0.00533641 0.0612942 0.0
0.00520519 0.0564061 0.0
0.00506767 0.0515412 0.0
0.00492311 0.0466972 0.0
0.00477082 0.0418712 0.0
0.00461012 0.0370605 0.0
0.00444033 0.0322623 0.0
0.00426083 0.0274739 0.0
0.00407096 0.0226925 0.0
0.00387015 0.0179154 0.0
0.00365782 0.0131403 0.0
0.00343353 0.00836469 0.0
0.00319698 0.00358657 0.0
0.00294811 -0.00119588 0.0
0.00268695 -0.00598215 0.0
0.00241331 -0.0107778 0.0
0.00212539 -0.0155899 0.0
0.00182162 -0.020418 0.0
0.00150295 -0.0252626 0.0
0.00117015 -0.0301292 0.0
0.000822947 -0.035022 0.0
0.000461051 -0.0399449 0.0
8.41809e-05 -0.0449014 0.0
-0.00030766 -0.0498954 0.0
-0.000714376 -0.0549305 0.0
-0.00113621 -0.0600107 0.0
-0.00157376 -0.0651409 0.0
-0.00202688 -0.0703295 0.0
-0.00249487 -0.075576 0.0
-0.00297793 -0.0808781 0.0
-0.00347584 -0.086245 0.0
-0.00398775 -0.0916827 0.0
-0.00451317 -0.0971966 0.0
-0.00505193 -0.102793 0.0
-0.00560329 -0.108481 0.0
-0.00616544 -0.114262 0.0
-0.00673789 -0.12013 0.0
-0.00732045 -0.126096 0.0
-0.00791181 -0.132163 0.0
-0.0085106 -0.138338 0.0
-0.00911389 -0.144624 0.0
-0.00971966 -0.151009 0.0
-0.0103272 -0.157492 0.0
-0.0109344 -0.164075 0.0
-0.0115379 -0.170754 0.0
-0.0121342 -0.177516 0.0
-0.0127211 -0.184345 0.0
-0.0132958 -0.191235 0.0
-0.013854 -0.198172 0.0
-0.0143921 -0.205132 0.0
-0.014907 -0.212096 0.0
-0.0153951 -0.219049 0.0
-0.0158531 -0.225967 0.0
-0.0162791 -0.232835 0.0
-0.0166728 -0.239646 0.0
-0.0170375 -0.246408 0.0
-0.0173836 -0.253171 0.0
-0.0177344 -0.26005 0.0
-0.018136 -0.267305 0.0
-0.0186692 -0.275442 0.0
-0.0194605 -0.285366 0.0
-0.0206725 -0.298514 0.0
-0.022451 -0.316767 0.0
-0.0248202 -0.34189 0.0
-0.0275674 -0.374448 0.0
-0.030202 -0.412651 0.0
-0.032033 -0.45175 0.0
-0.0323283 -0.484181 0.0
-0.030493 -0.50014 0.0
-0.0262442 -0.488394 0.0
-0.0198021 -0.437753 0.0
-0.012103 -0.340427 0.0
-0.00495103 -0.199253 0.0
-0.000897158 -0.0370866 0.0
0.00046802 0.0185842 0.0
0.00240511 0.0878128 0.0
0.00560308 0.145489 0.0
0.00887617 0.189021 0.0
0.0116045 0.21984 0.0
0.0136145 0.2411 0.0
0.014992 0.255956 0.0
0.0159155 0.266769 0.0
0.0165512 0.274986 0.0
0.0170118 0.281355 0.0
0.0173596 0.286223 0.0
0.0176239 0.289735 0.0
0.0178171 0.291967 0.0
0.0179448 0.292974 0.0
0.0180101 0.292814 0.0
0.0180156 0.291552 0.0
0.0179642 0.289262 0.0
0.0178594 0.286029 0.0
0.0177051 0.281942 0.0
0.0175053 0.277096 0.0
0.0172648 0.271596 0.0
0.016989 0.265543 0.0
0.0166835 0.25904 0.0
0.0163539 0.252184 0.0
0.0160061 0.245072 0.0
0.0156459 0.237792 0.0
0.0152791 0.230425 0.0
0.0149114 0.223041 0.0
0.0145474 0.215701 0.0
0.0141921 0.208457 0.0
0.0138499 0.201346 0.0
0.0135239 0.194392 0.0
0.0132166 0.18761 0.0
0.0129294 0.181004 0.0
0.0126633 0.174575 0.0
0.0124185 0.168313 0.0
0.0121946 0.162208 0.0
0.0119904 0.156245 0.0
0.0118047 0.150409 0.0
0.0116358 0.144686 0.0
0.0114817 0.139062 0.0
0.0113405 0.133523 0.0
0.0112103 0.128059 0.0
0.0110891 0.122662 0.0
0.010975 0.117322 0.0
0.0108662 0.112034 0.0
0.0107612 0.106796 0.0
0.0106587 0.101603 0.0
0.0105573 0.0964527 0.0
0.0104559 0.0913426 0.0
0.0103532 0.0862707 0.0
0.0102481 0.0812353 0.0
0.0101399 0.0762345 0.0
0.0100275 0.0712666 0.0
0.00991007 0.0663296 0.0
0.00978687 0.0614215 0.0
0.0096571 0.0565398 0.0
0.00952 0.0516822 0.0
0.00937481 0.046846 0.0
0.00922081 0.0420287 0.0
0.00905727 0.0372273 0.0
0.00888348 0.0324391 0.0
0.00869873 0.0276614 0.0
0.00850231 0.0228913 0.0
0.00829358 0.0181262 0.0
0.00807193 0.0133635 0.0
0.00783688 0.00860082 0.0
0.00758811 0.0038358 0.0
0.00732555 -0.000933651 0.0
0.00704924 -0.00570687 0.0
0.00675881 -0.0104889 0.0
0.00645297 -0.0152849 0.0
0.00613059 -0.0200968 0.0
0.00579204 -0.0249265 0.0
0.00543787 -0.0297782 0.0
0.00506809 -0.0346559 0.0
0.00468254 -0.0395635 0.0
0.00428109 -0.0445045 0.0
0.00386359 -0.049483 0.0
0.00342994 -0.0545026 0.0
0.00298025 -0.0595672 0.0
0.00251476 -0.0646814 0.0
0.00203195 -0.069853 0.0
0.00153003 -0.0750826 0.0
0.00101092 -0.0803694 0.0
0.000476753 -0.0857216 0.0
-7.23039e-05 -0.0911451 0.0
-0.000635723 -0.0966454 0.0
-0.00121328 -0.102228 0.0
-0.00180497 -0.107903 0.0
-0.00240964 -0.113673 0.0
-0.00302664 -0.11953 0.0
-0.00365517 -0.125485 0.0
-0.00429369 -0.131544 0.0
-0.00494139 -0.137711 0.0
-0.00559555 -0.143994 0.0
-0.00625436 -0.150375 0.0
-0.00691743 -0.156856 0.0
-0.00758264 -0.163439 0.0
-0.00824686 -0.170122 0.0
-0.00890677 -0.176891 0.0
-0.00956047 -0.183729 0.0
-0.0102057 -0.190631 0.0
-0.0108382 -0.197585 0.0
-0.0114542 -0.204564 0.0
-0.0120516 -0.211551 0.0
-0.0126263 -0.218532 0.0
-0.0131751 -0.225478 0.0
-0.0136962 -0.232377 0.0
-0.0141883 -0.239219 0.0
-0.0146538 -0.246006 0.0
-0.0151007 -0.25278 0.0
-0.0155483 -0.259642 0.0
-0.016036 -0.266823 0.0
-0.0166362 -0.27479 0.0
-0.0174662 -0.284397 0.0
-0.0186849 -0.297053 0.0
-0.0204469 -0.314687 0.0
-0.0228011 -0.339246 0.0
-0.0255683 -0.371578 0.0
-0.0282869 -0.410168 0.0
-0.0302804 -0.450408 0.0
-0.030815 -0.484693 0.0
-0.0292794 -0.502999 0.0
-0.0253613 -0.493702 0.0
-0.0192418 -0.445007 0.0
-0.011815 -0.348299 0.0
-0.00485268 -0.205496 0.0
-0.000883441 -0.0388672 0.0
0.000474786 0.0176414 0.0
0.00248571 0.0848076 0.0
0.005877 0.141905 0.0
0.00944128 0.185768 0.0
0.0125143 0.217292 0.0
0.0148791 0.239273 0.0
0.0165906 0.254694 0.0
0.0178138 0.265885 0.0
0.0187144 0.274334 0.0
0.0194114 0.280849 0.0
0.0199738 0.285819 0.0
0.0204354 0.289413 0.0
0.0208108 0.29172 0.0
0.0211065 0.292798 0.0
0.0213257 0.292706 0.0
0.0214709 0.291509 0.0
0.0215452 0.289282 0.0
0.0215523 0.286107 0.0
0.0214962 0.282075 0.0
0.0213816 0.277279 0.0
0.021214 0.271822 0.0
0.0209996 0.265808 0.0
0.020745 0.259336 0.0
0.0204568 0.252506 0.0
0.0201421 0.245412 0.0
0.0198079 0.238145 0.0
0.0194613 0.230785 0.0
0.019109 0.223402 0.0
0.0187569 0.216057 0.0
0.0184109 0.208803 0.0
0.0180764 0.201677 0.0
0.0177574 0.194706 0.0
0.0174569 0.187904 0.0
0.017177 0.181277 0.0
0.016919 0.174826 0.0
0.016683 0.168542 0.0
0.0164689 0.162416 0.0
0.0162755 0.156434 0.0
0.0161014 0.15058 0.0
0.0159448 0.144841 0.0
0.0158034 0.139202 0.0
0.0156753 0.133652 0.0
0.0155581 0.128178 0.0
0.0154498 0.122772 0.0
0.0153483 0.117427 0.0
0.0152516 0.112135 0.0
0.015158 0.106894 0.0
0.0150662 0.101699 0.0
0.0149747 0.0965491 0.0
0.0148823 0.0914401 0.0
0.0147878 0.0863705 0.0
0.01469 0.0813383 0.0
0.014588 0.0763418 0.0
0.0144809 0.0713789 0.0
0.0143678 0.0664479 0.0
0.0142479 0.0615464 0.0
0.0141204 0.0566722 0.0
0.0139844 0.0518228 0.0
0.0138393 0.0469957 0.0
0.0136843 0.0421881 0.0
0.0135185 0.0373972 0.0
0.0133412 0.0326203 0.0
0.0131517 0.0278545 0.0
0.0129492 0.0230971 0.0
0.012733 0.0183453 0.0
0.0125025 0.0135966 0.0
0.0122571 0.00884825 0.0
0.0119964 0.00409785 0.0
0.0117204 -0.00065703 0.0
0.0114289 -0.00541567 0.0
0.0111217 -0.0101825 0.0
0.0107982 -0.0149618 0.0
0.0104574 -0.0197567 0.0
0.0100995 -0.0245701 0.0
0.00972446 -0.0294055 0.0
0.00933242 -0.0342668 0.0
0.00892322 -0.0391578 0.0
0.00849671 -0.0440822 0.0
0.00805273 -0.0490438 0.0
0.00759114 -0.0540465 0.0
0.00711192 -0.0590943 0.0
0.00661497 -0.0641918 0.0
0.00609943 -0.0693443 0.0
0.0055646 -0.0745546 0.0
0.00501151 -0.0798252 0.0
0.00444165 -0.0851618 0.0
0.00385583 -0.09057 0.0
0.00325458 -0.0960557 0.0
0.00263858 -0.101624 0.0
0.00200731 -0.107284 0.0
0.00135849 -0.113038 0.0
0.000694315 -0.118883 0.0
1.84216e-05 -0.124828 0.0
-0.000668207 -0.130876 0.0
-0.00136524 -0.137034 0.0
-0.00207131 -0.143311 0.0
-0.00278497 -0.149685 0.0
-0.00350517 -0.156162 0.0
-0.00422971 -0.162743 0.0
-0.0049559 -0.169428 0.0
-0.00568082 -0.176201 0.0
-0.00640292 -0.183044 0.0
-0.00712027 -0.189954 0.0
-0.00782849 -0.196922 0.0
-0.00852424 -0.203916 0.0
-0.00920571 -0.210921 0.0
-0.00986892 -0.217924 0.0
-0.0105105 -0.224896 0.0
-0.0111288 -0.23182 0.0
-0.011722 -0.23869 0.0
-0.0122914 -0.2455 0.0
-0.0128431 -0.252288 0.0
-0.0133929 -0.259137 0.0
-0.0139745 -0.266259 0.0
-0.014652 -0.274077 0.0
-0.0155333 -0.283398 0.0
-0.0167723 -0.295594 0.0
-0.0185299 -0.312627 0.0
-0.0208768 -0.336605 0.0
-0.0236659 -0.368662 0.0
-0.0264643 -0.407567 0.0
-0.0286107 -0.448869 0.0
-0.0293712 -0.484937 0.0
-0.0281199 -0.505542 0.0
-0.024517 -0.49868 0.0
-0.0187052 -0.451961 0.0
-0.0115383 -0.355939 0.0
-0.0047569 -0.2116 0.0
-0.000869512 -0.0406201 0.0
0.000479435 0.0166871 0.0
0.0025554 0.081675 0.0
0.00612644 0.138075 0.0
0.00997018 0.18219 0.0
0.0133808 0.214386 0.0
0.0160982 0.237096 0.0
0.0181455 0.253112 0.0
0.0196715 0.264718 0.0
0.0208397 0.273433 0.0
0.0217746 0.280119 0.0
0.0225519 0.285209 0.0
0.0232105 0.288902 0.0
0.0237678 0.291298 0.0
0.0242314 0.292461 0.0
0.0246047 0.292451 0.0
0.0248905 0.291333 0.0
0.0250918 0.289182 0.0
0.0252122 0.28608 0.0
0.0252564 0.282114 0.0
0.0252293 0.277381 0.0
0.0251371 0.27198 0.0
0.0249867 0.266014 0.0
0.0247855 0.259584 0.0
0.0245414 0.252789 0.0
0.0242624 0.245723 0.0
0.0239567 0.238475 0.0
0.0236325 0.231126 0.0
0.0232975 0.223748 0.0
0.0229591 0.216401 0.0
0.022624 0.209139 0.0
0.0222984 0.202001 0.0
0.0219874 0.195012 0.0
0.0216945 0.18819 0.0
0.0214225 0.181542 0.0
0.0211728 0.175068 0.0
0.020946 0.168762 0.0
0.020742 0.162614 0.0
0.0205597 0.156611 0.0
0.0203974 0.150739 0.0
0.0202534 0.144983 0.0
0.0201252 0.13933 0.0
0.0200105 0.133767 0.0
0.019907 0.128283 0.0
0.0198123 0.12287 0.0
0.0197241 0.117519 0.0
0.0196403 0.112223 0.0
0.0195591 0.10698 0.0
0.019479 0.101785 0.0
0.0193984 0.0966355 0.0
0.019316 0.0915285 0.0
0.0192307 0.0864621 0.0
0.0191412 0.0814341 0.0
0.0190464 0.0764427 0.0
0.0189456 0.071486 0.0
0.0188378 0.0665618 0.0
0.018722 0.0616681 0.0
0.0185976 0.0568025 0.0
0.0184636 0.0519625 0.0
0.0183193 0.0471455 0.0
0.0181638 0.0423488 0.0
0.0179964 0.0375697 0.0
0.0178163 0.0328053 0.0
0.0176226 0.0280528 0.0
0.0174146 0.0233094 0.0
0.0171915 0.0185723 0.0
0.0169527 0.0138389 0.0
0.0166975 0.00910647 0.0
0.0164256 0.00437228 0.0
0.0161365 -0.000366283 0.0
0.0158304 -0.00510876 0.0
0.0155071 -0.009859 0.0
0.0151663 -0.0146209 0.0
0.0148073 -0.019398 0.0
0.0144301 -0.0241936 0.0
0.0140344 -0.0290113 0.0
0.0136203 -0.0338548 0.0
0.0131874 -0.0387277 0.0
0.0127356 -0.0436339 0.0
0.0122649 -0.0485772 0.0
0.0117748 -0.0535614 0.0
0.0112655 -0.0585908 0.0
0.0107367 -0.0636695 0.0
0.010188 -0.0688023 0.0
0.00961943 -0.073993 0.0
0.00903142 -0.0792456 0.0
0.00842489 -0.084565 0.0
0.00780057 -0.0899567 0.0
0.00715898 -0.0954262 0.0
0.00650055 -0.100979 0.0
0.00582515 -0.106622 0.0
0.00513229 -0.112358 0.0
0.00442346 -0.11819 0.0
0.00370123 -0.124123 0.0
0.00296701 -0.130161 0.0
0.00222211 -0.136307 0.0
0.00146332 -0.142572 0.0
0.000691476 -0.148938 0.0
-8.7647e-05 -0.15541 0.0
-0.000872458 -0.161986 0.0
-0.00166151 -0.168669 0.0
-0.00245309 -0.175442 0.0
-0.00324545 -0.182288 0.0
-0.00403646 -0.189202 0.0
-0.00482197 -0.19618 0.0
-0.00559911 -0.203185 0.0
-0.00636653 -0.210203 0.0
-0.00712008 -0.217225 0.0
-0.00785642 -0.224217 0.0
-0.00857406 -0.231163 0.0
-0.00927073 -0.238057 0.0
-0.00994693 -0.244887 0.0
-0.0106073 -0.251688 0.0
-0.0112642 -0.25853 0.0
-0.0119466 -0.265602 0.0
-0.0127106 -0.273292 0.0
-0.0136549 -0.282357 0.0
-0.0149271 -0.294124 0.0
-0.016692 -0.310574 0.0
-0.0190398 -0.333963 0.0
-0.0218536 -0.365701 0.0
-0.0247288 -0.404854 0.0
-0.0270203 -0.447144 0.0
-0.027995 -0.484927 0.0
-0.0270141 -0.507785 0.0
-0.0237115 -0.503343 0.0
-0.0181933 -0.458627 0.0
-0.0112738 -0.363359 0.0
-0.00466439 -0.217571 0.0
-0.000855561 -0.0423452 0.0
0.000482 0.0157257 0.0
0.00261406 0.0784284 0.0
0.00635074 0.134014 0.0
0.0104613 0.178296 0.0
0.0142017 0.211129 0.0
0.0172691 0.234569 0.0
0.0196535 0.251208 0.0
0.0214855 0.263264 0.0
0.0229246 0.272279 0.0
0.0240995 0.279163 0.0
0.0250926 0.284395 0.0
0.0259483 0.288203 0.0
0.0266874 0.290701 0.0
0.0273188 0.291962 0.0
0.0278468 0.292048 0.0
0.0282741 0.291023 0.0
0.0286036 0.288961 0.0
0.0288393 0.285944 0.0
0.0289859 0.282059 0.0
0.0290487 0.2774 0.0
0.0290345 0.272067 0.0
0.028951 0.266161 0.0
0.0288062 0.259783 0.0
0.028609 0.253031 0.0
0.0283685 0.246 0.0
0.0280939 0.238778 0.0
0.0277945 0.231447 0.0
0.0274792 0.224077 0.0
0.0271563 0.216733 0.0
0.0268337 0.209465 0.0
0.0265185 0.202315 0.0
0.0262165 0.195311 0.0
0.0259321 0.188469 0.0
0.0256684 0.181799 0.0
0.0254276 0.175302 0.0
0.0252103 0.168973 0.0
0.0250166 0.162802 0.0
0.0248455 0.156777 0.0
0.0246954 0.150885 0.0
0.0245642 0.145112 0.0
0.0244495 0.139444 0.0
0.0243487 0.133868 0.0
0.0242594 0.128375 0.0
0.0241789 0.122954 0.0
0.0241048 0.117597 0.0
0.0240347 0.112299 0.0
0.0239668 0.107054 0.0
0.0238993 0.101859 0.0
0.0238306 0.0967109 0.0
0.0237594 0.0916068 0.0
0.0236842 0.0865444 0.0
0.023604 0.0815216 0.0
0.0235176 0.0765364 0.0
0.023424 0.0715867 0.0
0.0233223 0.0666706 0.0
0.0232117 0.0617858 0.0
0.0230912 0.0569298 0.0
0.02296 0.0521004 0.0
0.0228173 0.0472947 0.0
0.0226622 0.0425102 0.0
0.0224939 0.037744 0.0
0.0223116 0.0329934 0.0
0.0221144 0.0282555 0.0
0.0219015 0.0235275 0.0
0.0216722 0.0188066 0.0
0.0214257 0.01409 0.0
0.0211614 0.00937489 0.0
0.0208788 0.00465848 0.0
0.0205774 -6.194e-05 0.0
0.0202572 -0.00478681 0.0
0.0199186 -0.00951905 0.0
0.0195611 -0.0142624 0.0
0.0191843 -0.0190206 0.0
0.0187878 -0.0237972 0.0
0.0183716 -0.0285957 0.0
0.0179353 -0.0334198 0.0
0.0174787 -0.0382732 0.0
0.0170016 -0.0431596 0.0
0.0165038 -0.0480829 0.0
0.0159852 -0.053047 0.0
0.0154455 -0.0580561 0.0
0.0148846 -0.0631145 0.0
0.0143026 -0.0682266 0.0
0.0136994 -0.0733969 0.0
0.0130754 -0.0786297 0.0
0.0124313 -0.0839301 0.0
0.0117675 -0.0893034 0.0
0.0110845 -0.094755 0.0
0.0103828 -0.10029 0.0
0.00966265 -0.105915 0.0
0.00892424 -0.111634 0.0
0.00816867 -0.11745 0.0
0.00739745 -0.123369 0.0
0.00661174 -0.129394 0.0
0.00581232 -0.135529 0.0
0.00499861 -0.141778 0.0
0.00417188 -0.148134 0.0
0.00333569 -0.154598 0.0
0.0024923 -0.161169 0.0
0.00164067 -0.167846 0.0
0.000779956 -0.174614 0.0
-8.53462e-05 -0.181459 0.0
-0.00095111 -0.188374 0.0
-0.00181521 -0.195358 0.0
-0.00267579 -0.202369 0.0
-0.00353105 -0.209396 0.0
-0.00437673 -0.216433 0.0
-0.00520984 -0.22344 0.0
-0.00602905 -0.230404 0.0
-0.00683159 -0.237317 0.0
-0.00761739 -0.244165 0.0
-0.00838974 -0.250978 0.0
-0.00915842 -0.257815 0.0
-0.0099478 -0.264845 0.0
-0.0108066 -0.272426 0.0
-0.0118246 -0.281261 0.0
-0.0131421 -0.29263 0.0
-0.0149257 -0.308519 0.0
-0.0172827 -0.331313 0.0
-0.0201249 -0.362695 0.0
-0.0230753 -0.402034 0.0
-0.0255053 -0.445242 0.0
-0.0266838 -0.484675 0.0
-0.0259607 -0.50974 0.0
-0.0229449 -0.507706 0.0
-0.0177069 -0.465021 0.0
-0.0110224 -0.370569 0.0
-0.00457575 -0.223416 0.0
-0.000841756 -0.0440425 0.0
0.000482514 0.0147612 0.0
0.00266159 0.0750817 0.0
0.00654915 0.129737 0.0
0.0109131 0.174099 0.0
0.0149743 0.207524 0.0
0.0183884 0.231692 0.0
0.0211109 0.248978 0.0
0.0232524 0.261521 0.0
0.024966 0.27087 0.0
0.0263835 0.27798 0.0
0.0275938 0.283375 0.0
0.0286472 0.287314 0.0
0.0295683 0.28993 0.0
0.030368 0.291303 0.0
0.0310512 0.291496 0.0
0.0316209 0.290577 0.0
0.0320803 0.288618 0.0
0.0324331 0.285699 0.0
0.0326843 0.281907 0.0
0.0328398 0.277334 0.0
0.0329066 0.27208 0.0
0.0328929 0.266245 0.0
0.0328077 0.259929 0.0
0.0326606 0.25323 0.0
0.0324616 0.246241 0.0
0.032221 0.239052 0.0
0.0319492 0.231744 0.0
0.031656 0.224389 0.0
0.0313508 0.217049 0.0
0.0310426 0.209779 0.0
0.0307392 0.20262 0.0
0.0304474 0.1956 0.0
0.0301723 0.188739 0.0
0.0299178 0.182047 0.0
0.0296862 0.175527 0.0
0.0294788 0.169173 0.0
0.0292956 0.162978 0.0
0.0291359 0.156931 0.0
0.0289981 0.151019 0.0
0.0288799 0.145227 0.0
0.028779 0.139544 0.0
0.0286925 0.133956 0.0
0.0286178 0.128452 0.0
0.0285521 0.123023 0.0
0.0284927 0.117661 0.0
0.0284372 0.11236 0.0
0.0283834 0.107114 0.0
0.0283295 0.10192 0.0
0.0282737 0.0967742 0.0
0.0282146 0.0916738 0.0
0.0281507 0.0866164 0.0
0.0280808 0.0815997 0.0
0.0280038 0.0766217 0.0
0.0279185 0.0716803 0.0
0.027824 0.0667732 0.0
0.0277195 0.0618984 0.0
0.0276039 0.0570533 0.0
0.0274764 0.0522356 0.0
0.0273361 0.0474425 0.0
0.0271822 0.0426714 0.0
0.0270138 0.0379195 0.0
0.0268301 0.0331841 0.0
0.0266301 0.0284622 0.0
0.026413 0.0237509 0.0
0.0261781 0.0190476 0.0
0.0259245 0.0143492 0.0
0.0256517 0.00965288 0.0
0.0253591 0.00495579 0.0
0.0250461 0.000255182 0.0
0.0247129 -0.00445053 0.0
0.0243595 -0.00916331 0.0
0.0239858 -0.0138869 0.0
0.0235914 -0.0186249 0.0
0.023176 -0.023381 0.0
0.0227393 -0.0281589 0.0
0.0222809 -0.032962 0.0
0.0218006 -0.0377941 0.0
0.0212981 -0.0426591 0.0
0.0207732 -0.0475607 0.0
0.0202256 -0.052503 0.0
0.0196554 -0.0574902 0.0
0.0190623 -0.0625266 0.0
0.0184465 -0.0676167 0.0
0.0178082 -0.0727652 0.0
0.0171474 -0.0779767 0.0
0.0164648 -0.0832563 0.0
0.0157608 -0.0886093 0.0
0.0150358 -0.094041 0.0
0.0142902 -0.099557 0.0
0.0135245 -0.105163 0.0
0.0127393 -0.110863 0.0
0.0119352 -0.116662 0.0
0.0111134 -0.122564 0.0
0.0102748 -0.128574 0.0
0.00942001 -0.134695 0.0
0.00854964 -0.140928 0.0
0.00766482 -0.147272 0.0
0.0067675 -0.153727 0.0
0.0058592 -0.160289 0.0
0.00494031 -0.166955 0.0
0.00401173 -0.173715 0.0
0.00307687 -0.180557 0.0
0.00213921 -0.187472 0.0
0.00119602 -0.194453 0.0
0.000248587 -0.201466 0.0
-0.000696323 -0.208499 0.0
-0.00163565 -0.215545 0.0
-0.00256772 -0.222562 0.0
-0.00349074 -0.229539 0.0
-0.00440145 -0.236469 0.0
-0.0052996 -0.243329 0.0
-0.00618724 -0.250153 0.0
-0.0070718 -0.256986 0.0
-0.00797375 -0.263983 0.0
-0.00893501 -0.271469 0.0
-0.0100366 -0.280099 0.0
-0.0114106 -0.291101 0.0
-0.0132241 -0.306451 0.0
-0.0155988 -0.32865 0.0
-0.0184735 -0.359642 0.0
-0.0214986 -0.399112 0.0
-0.0240617 -0.443172 0.0
-0.0254353 -0.484194 0.0
-0.0249585 -0.511422 0.0
-0.0222169 -0.511781 0.0
-0.0172464 -0.471154 0.0
-0.010785 -0.377582 0.0
-0.00449148 -0.229143 0.0
-0.000828238 -0.0457125 0.0
0.000481016 0.0137977 0.0
0.00269787 0.0716493 0.0
0.00672095 0.125258 0.0
0.0113237 0.169611 0.0
0.015696 0.203579 0.0
0.0194525 0.228466 0.0
0.0225137 0.24642 0.0
0.0249679 0.259483 0.0
0.0269601 0.269201 0.0
0.0286236 0.276567 0.0
0.0300532 0.282147 0.0
0.0313053 0.286235 0.0
0.0324088 0.288984 0.0
0.0333772 0.290481 0.0
0.0342163 0.290796 0.0
0.0349297 0.289995 0.0
0.0355205 0.28815 0.0
0.0359926 0.285342 0.0
0.0363511 0.281654 0.0
0.036602 0.27718 0.0
0.0367528 0.272017 0.0
0.0368123 0.266263 0.0
0.0367901 0.260019 0.0
0.0366965 0.253381 0.0
0.0365424 0.246443 0.0
0.0363391 0.239294 0.0
0.0360977 0.232015 0.0
0.0358293 0.224679 0.0
0.0355443 0.217349 0.0
0.0352525 0.21008 0.0
0.0349627 0.202913 0.0
0.0346825 0.195879 0.0
0.0344179 0.189 0.0
0.0341732 0.182286 0.0
0.0339514 0.175741 0.0
0.0337541 0.169363 0.0
0.0335818 0.163144 0.0
0.0334337 0.157074 0.0
0.0333082 0.15114 0.0
0.0332033 0.14533 0.0
0.0331164 0.13963 0.0
0.0330445 0.134028 0.0
0.0329848 0.128514 0.0
0.0329344 0.123077 0.0
0.0328904 0.11771 0.0
0.0328502 0.112407 0.0
0.0328114 0.10716 0.0
0.032772 0.101967 0.0
0.0327302 0.0968246 0.0
0.0326842 0.0917286 0.0
0.0326327 0.0866771 0.0
0.0325742 0.0816675 0.0
0.0325075 0.0766977 0.0
0.0324316 0.0717655 0.0
0.0323454 0.0668687 0.0
0.0322479 0.062005 0.0
0.0321382 0.057172 0.0
0.0320153 0.0523672 0.0
0.0318784 0.047588 0.0
0.0317266 0.0428317 0.0
0.0315589 0.0380954 0.0
0.0313745 0.0333764 0.0
0.0311725 0.0286719 0.0
0.030952 0.0239788 0.0
0.0307122 0.0192944 0.0
0.0304523 0.0146158 0.0
0.0301717 0.0099398 0.0
0.0298696 0.00526359 0.0
0.0295458 0.000584227 0.0
0.0292001 -0.00410062 0.0
0.0288327 -0.0087924 0.0
0.0284434 -0.0134947 0.0
0.0280319 -0.0182111 0.0
0.0275978 -0.0229453 0.0
0.0271408 -0.0277008 0.0
0.0266604 -0.0324813 0.0
0.0261564 -0.0372905 0.0
0.0256284 -0.0421322 0.0
0.0250761 -0.0470104 0.0
0.0244996 -0.0519291 0.0
0.0238986 -0.0568927 0.0
0.0232731 -0.0619055 0.0
0.0226232 -0.0669721 0.0
0.0219491 -0.0720972 0.0
0.021251 -0.0772858 0.0
0.0205292 -0.0825429 0.0
0.0197843 -0.0878737 0.0
0.0190165 -0.0932838 0.0
0.0182265 -0.0987786 0.0
0.0174145 -0.104363 0.0
0.0165813 -0.110043 0.0
0.0157274 -0.115823 0.0
0.0148537 -0.121707 0.0
0.013961 -0.1277 0.0
0.01305 -0.133804 0.0
0.0121213 -0.14002 0.0
0.0111761 -0.14635 0.0
0.0102156 -0.152791 0.0
0.00924087 -0.159341 0.0
0.00825294 -0.165996 0.0
0.00725304 -0.172746 0.0
0.00624326 -0.179582 0.0
0.00522562 -0.186492 0.0
0.00420054 -0.193465 0.0
0.00317043 -0.200477 0.0
0.00213988 -0.207513 0.0
0.00110714 -0.214559 0.0
7.2935e-05 -0.221581 0.0
-0.000956111 -0.228567 0.0
-0.00197711 -0.235508 0.0
-0.0029904 -0.242378 0.0
-0.00399645 -0.249211 0.0
-0.00500083 -0.25604 0.0
-0.00602051 -0.263008 0.0
-0.00709121 -0.270412 0.0
-0.00828535 -0.27886 0.0
-0.00972668 -0.289525 0.0
-0.0115806 -0.30436 0.0
-0.0139816 -0.325965 0.0
-0.0168936 -0.35654 0.0
-0.0199935 -0.396089 0.0
-0.0226858 -0.440939 0.0
-0.0242465 -0.483492 0.0
-0.0240059 -0.512841 0.0
-0.021527 -0.515582 0.0
-0.0168119 -0.477038 0.0
-0.010562 -0.384409 0.0
-0.00441199 -0.23476 0.0
-0.000815125 -0.0473559 0.0
0.000477549 0.0128391 0.0
0.00272281 0.0681458 0.0
0.00686541 0.120596 0.0
0.0116915 0.164844 0.0
0.0163638 0.199301 0.0
0.0204575 0.224894 0.0
0.0238573 0.243531 0.0
0.0266275 0.257147 0.0
0.0289026 0.26727 0.0
0.0308158 0.274922 0.0
0.0324674 0.280711 0.0
0.0339197 0.284967 0.0
0.0352066 0.287862 0.0
0.0363444 0.289497 0.0
0.0373404 0.289945 0.0
0.0381988 0.289274 0.0
0.0389228 0.287556 0.0
0.0395164 0.28487 0.0
0.0399847 0.281299 0.0
0.0403342 0.276935 0.0
0.0405724 0.271873 0.0
0.0407087 0.266211 0.0
0.0407531 0.260049 0.0
0.0407167 0.253481 0.0
0.0406112 0.246602 0.0
0.0404486 0.239501 0.0
0.0402411 0.232257 0.0
0.0400006 0.224946 0.0
0.0397384 0.21763 0.0
0.0394653 0.210364 0.0
0.0391911 0.203192 0.0
0.0389242 0.196147 0.0
0.0386712 0.18925 0.0
0.0384372 0.182515 0.0
0.0382259 0.175946 0.0
0.0380393 0.169542 0.0
0.037878 0.163298 0.0
0.0377417 0.157204 0.0
0.0376288 0.151248 0.0
0.0375373 0.145418 0.0
0.0374645 0.139701 0.0
0.0374076 0.134086 0.0
0.0373633 0.12856 0.0
0.0373286 0.123116 0.0
0.0373005 0.117744 0.0
0.0372763 0.112438 0.0
0.0372533 0.107191 0.0
0.0372294 0.102 0.0
0.0372024 0.0968608 0.0
0.0371706 0.0917701 0.0
0.0371325 0.0867253 0.0
0.0370865 0.0817238 0.0
0.0370313 0.0767632 0.0
0.0369659 0.0718414 0.0
0.036889 0.066956 0.0
0.0367996 0.0621046 0.0
0.0366968 0.057285 0.0
0.0365796 0.0524944 0.0
0.036447 0.0477304 0.0
0.0362982 0.0429901 0.0
0.0361321 0.0382708 0.0
0.0359479 0.0335697 0.0
0.0357447 0.0288839 0.0
0.0355215 0.0242105 0.0
0.0352776 0.0195465 0.0
0.0350122 0.014889 0.0
0.0347244 0.010235 0.0
0.0344136 0.00558123 0.0
0.0340795 0.000924602 0.0
0.033722 -0.00373776 0.0
0.0333411 -0.00840699 0.0
0.0329369 -0.0130865 0.0
0.0325088 -0.0177797 0.0
0.0320564 -0.0224902 0.0
0.0315793 -0.0272217 0.0
0.031077 -0.0319777 0.0
0.0305492 -0.0367622 0.0
0.0299957 -0.0415789 0.0
0.0294161 -0.0464319 0.0
0.0288104 -0.0513253 0.0
0.0281784 -0.0562635 0.0
0.0275202 -0.061251 0.0
0.0268359 -0.0662924 0.0
0.0261256 -0.0713925 0.0
0.0253896 -0.0765564 0.0
0.0246282 -0.0817891 0.0
0.0238418 -0.087096 0.0
0.0230307 -0.0924826 0.0
0.0221954 -0.0979543 0.0
0.0213363 -0.103517 0.0
0.0204541 -0.109175 0.0
0.0195493 -0.114933 0.0
0.0186226 -0.120797 0.0
0.0176746 -0.12677 0.0
0.0167061 -0.132854 0.0
0.0157177 -0.139053 0.0
0.0147103 -0.145365 0.0
0.0136848 -0.15179 0.0
0.0126422 -0.158325 0.0
0.0115834 -0.164965 0.0
0.0105096 -0.171703 0.0
0.00942227 -0.178528 0.0
0.00832295 -0.185429 0.0
0.00721294 -0.192393 0.0
0.00609431 -0.1994 0.0
0.00496963 -0.206434 0.0
0.00384004 -0.213475 0.0
0.00270834 -0.220499 0.0
0.00157756 -0.22749 0.0
0.00044511 -0.234433 0.0
-0.000686787 -0.241309 0.0
-0.00181406 -0.248147 0.0
-0.00294207 -0.254971 0.0
-0.00408428 -0.261914 0.0
-0.00527084 -0.269248 0.0
-0.00656597 -0.277534 0.0
-0.00808462 -0.28789 0.0
-0.00998926 -0.302236 0.0
-0.0124249 -0.323252 0.0
-0.0153793 -0.353386 0.0
-0.0185551 -0.392967 0.0
-0.0213734 -0.438551 0.0
-0.0231148 -0.482578 0.0
-0.0231012 -0.514009 0.0
-0.0208745 -0.51912 0.0
-0.0164036 -0.482686 0.0
-0.0103537 -0.391061 0.0
-0.00433763 -0.240275 0.0
-0.000802514 -0.0489735 0.0
0.000472164 0.0118894 0.0
0.00273635 0.0645861 0.0
0.00698184 0.115768 0.0
0.0120146 0.159814 0.0
0.0169747 0.194699 0.0
0.0213991 0.220977 0.0
0.0251367 0.24031 0.0
0.0282258 0.254509 0.0
0.0307884 0.265071 0.0
0.0329558 0.273041 0.0
0.0348325 0.279065 0.0
0.0364872 0.283507 0.0
0.0379588 0.286563 0.0
0.039267 0.288349 0.0
0.040421 0.288942 0.0
0.0414258 0.288413 0.0
0.0422849 0.286834 0.0
0.0430024 0.284281 0.0
0.0435835 0.280838 0.0
0.0440347 0.276595 0.0
0.0443639 0.271645 0.0
0.0445808 0.266086 0.0
0.0446958 0.260014 0.0
0.0447207 0.253527 0.0
0.0446677 0.246715 0.0
0.0445497 0.239668 0.0
0.0443796 0.232467 0.0
0.0441703 0.225186 0.0
0.0439341 0.217888 0.0
0.0436825 0.21063 0.0
0.0434262 0.203457 0.0
0.0431743 0.196402 0.0
0.0429344 0.189489 0.0
0.0427124 0.182732 0.0
0.0425125 0.17614 0.0
0.042337 0.169711 0.0
0.0421873 0.163441 0.0
0.0420629 0.157322 0.0
0.0419628 0.151343 0.0
0.0418849 0.145492 0.0
0.0418264 0.139758 0.0
0.0417845 0.134128 0.0
0.041756 0.128591 0.0
0.0417375 0.123138 0.0
0.0417259 0.117761 0.0
0.0417183 0.112452 0.0
0.0417119 0.107206 0.0
0.0417041 0.102017 0.0
0.041693 0.096882 0.0
0.0416764 0.0917973 0.0
0.0416527 0.08676 0.0
0.0416203 0.0817675 0.0
0.0415778 0.0768172 0.0
0.0415239 0.0719068 0.0
0.0414575 0.0670339 0.0
0.0413773 0.0621962 0.0
0.0412825 0.0573911 0.0
0.041172 0.0526161 0.0
0.0410447 0.0478685 0.0
0.0408998 0.0431457 0.0
0.0407362 0.0384448 0.0
0.0405532 0.033763 0.0
0.0403496 0.0290974 0.0
0.0401247 0.0244451 0.0
0.0398775 0.0198031 0.0
0.0396072 0.0151683 0.0
0.039313 0.0105378 0.0
0.0389942 0.0059081 0.0
0.0386503 0.00127581 0.0
0.0382815 -0.00336262 0.0
0.0378881 -0.00800779 0.0
0.0374695 -0.0126628 0.0
0.0370253 -0.0173311 0.0
0.036555 -0.0220161 0.0
0.036058 -0.0267217 0.0
0.0355339 -0.0314514 0.0
0.0349825 -0.0362092 0.0
0.0344033 -0.0409991 0.0
0.0337963 -0.045825 0.0
0.0331613 -0.0506913 0.0
0.0324982 -0.0556024 0.0
0.0318072 -0.0605628 0.0
0.0310882 -0.0655772 0.0
0.0303414 -0.0706506 0.0
0.0295671 -0.0757879 0.0
0.0287655 -0.0809945 0.0
0.027937 -0.0862756 0.0
0.0270819 -0.0916368 0.0
0.0262007 -0.0970836 0.0
0.0252938 -0.102621 0.0
0.0243617 -0.108255 0.0
0.023405 -0.113991 0.0
0.0224241 -0.119832 0.0
0.0214198 -0.125782 0.0
0.0203925 -0.131846 0.0
0.0193429 -0.138023 0.0
0.0182717 -0.144316 0.0
0.0171796 -0.150722 0.0
0.0160673 -0.157239 0.0
0.0149357 -0.163861 0.0
0.0137858 -0.170583 0.0
0.0126188 -0.177393 0.0
0.0114358 -0.184281 0.0
0.0102383 -0.191233 0.0
0.009028 -0.198231 0.0
0.00780685 -0.205257 0.0
0.00657673 -0.212292 0.0
0.00534004 -0.219314 0.0
0.00409926 -0.226303 0.0
0.00285593 -0.233243 0.0
0.00161226 -0.240123 0.0
0.000363684 -0.246957 0.0
-0.000892368 -0.253777 0.0
-0.00216135 -0.260697 0.0
-0.00346979 -0.26797 0.0
-0.00487381 -0.276113 0.0
-0.00647926 -0.286187 0.0
-0.00844445 -0.30007 0.0
-0.0109232 -0.320504 0.0
-0.0139255 -0.350177 0.0
-0.0171788 -0.389747 0.0
-0.0201208 -0.43601 0.0
-0.0220372 -0.481461 0.0
-0.0222426 -0.514934 0.0
-0.0202585 -0.522406 0.0
-0.0160214 -0.488109 0.0
-0.0101607 -0.397549 0.0
-0.00426866 -0.245695 0.0
-0.000790484 -0.0505665 0.0
0.00046492 0.0109523 0.0
0.00273847 0.0609854 0.0
0.0070696 0.110792 0.0
0.0122913 0.154535 0.0
0.0175254 0.189784 0.0
0.0222731 0.216721 0.0
0.0263466 0.236756 0.0
0.0297571 0.251564 0.0
0.0326117 0.262599 0.0
0.035038 0.270919 0.0
0.0371438 0.277204 0.0
0.0390035 0.281853 0.0
0.0406616 0.285088 0.0
0.0421416 0.287037 0.0
0.043455 0.287787 0.0
0.0446078 0.287411 0.0
0.045604 0.285981 0.0
0.046448 0.283573 0.0
0.0471448 0.280269 0.0
0.0477012 0.276157 0.0
0.0481253 0.27133 0.0
0.0484268 0.265883 0.0
0.0486167 0.259913 0.0
0.0487071 0.253513 0.0
0.048711 0.246778 0.0
0.0486418 0.239793 0.0
0.0485133 0.232641 0.0
0.048339 0.225396 0.0
0.0481321 0.218122 0.0
0.047905 0.210876 0.0
0.0476691 0.203704 0.0
0.0474346 0.196641 0.0
0.0472097 0.189714 0.0
0.0470011 0.182938 0.0
0.0468135 0.176322 0.0
0.0466501 0.169867 0.0
0.0465123 0.163572 0.0
0.0464004 0.157427 0.0
0.0463132 0.151425 0.0
0.046249 0.145553 0.0
0.0462051 0.1398 0.0
0.0461786 0.134154 0.0
0.046166 0.128606 0.0
0.046164 0.123144 0.0
0.0461694 0.117761 0.0
0.046179 0.11245 0.0
0.0461898 0.107204 0.0
0.0461992 0.102017 0.0
0.0462047 0.0968872 0.0
0.0462043 0.0918091 0.0
0.0461961 0.0867802 0.0
0.0461783 0.0817975 0.0
0.0461496 0.0768585 0.0
0.0461084 0.0719606 0.0
0.0460535 0.0671015 0.0
0.0459837 0.0622786 0.0
0.0458979 0.0574893 0.0
0.0457951 0.0527312 0.0
0.0456742 0.0480016 0.0
0.0455343 0.0432976 0.0
0.0453743 0.0386165 0.0
0.0451933 0.0339555 0.0
0.0449903 0.0293115 0.0
0.0447645 0.0246818 0.0
0.0445149 0.0200632 0.0
0.0442407 0.0154527 0.0
0.0439409 0.0108473 0.0
0.0436148 0.00624354 0.0
0.0432617 0.00163738 0.0
0.0428823 -0.00297604 0.0
0.0424771 -0.00759558 0.0
0.0420449 -0.0122243 0.0
0.0415851 -0.0168656 0.0
0.041097 -0.0215232 0.0
0.0405803 -0.0262008 0.0
0.0400345 -0.0309023 0.0
0.0394593 -0.0356316 0.0
0.0388546 -0.0403927 0.0
0.0382201 -0.0451898 0.0
0.0375558 -0.0500272 0.0
0.0368616 -0.0549093 0.0
0.0361375 -0.0598408 0.0
0.0353836 -0.0648264 0.0
0.0346001 -0.0698711 0.0
0.0337872 -0.0749801 0.0
0.032945 -0.0801586 0.0
0.032074 -0.085412 0.0
0.0311744 -0.0907458 0.0
0.0302466 -0.0961656 0.0
0.0292911 -0.101677 0.0
0.0283083 -0.107285 0.0
0.0272986 -0.112995 0.0
0.0262626 -0.118811 0.0
0.0252007 -0.124737 0.0
0.0241134 -0.130776 0.0
0.0230012 -0.136931 0.0
0.0218646 -0.1432 0.0
0.0207041 -0.149584 0.0
0.0195204 -0.15608 0.0
0.0183141 -0.162682 0.0
0.017086 -0.169384 0.0
0.015837 -0.176176 0.0
0.0145681 -0.183047 0.0
0.0132807 -0.189983 0.0
0.011976 -0.196967 0.0
0.010656 -0.203981 0.0
0.00932239 -0.211005 0.0
0.00797741 -0.218019 0.0
0.00662338 -0.225003 0.0
0.0052625 -0.231939 0.0
0.00389694 -0.238817 0.0
0.00252716 -0.245644 0.0
0.00114948 -0.252456 0.0
-0.000247828 -0.259352 0.0
-0.00168418 -0.266571 0.0
-0.00320459 -0.274588 0.0
-0.00490582 -0.284405 0.0
-0.00694102 -0.297851 0.0
-0.00947115 -0.317715 0.0
-0.0125269 -0.346909 0.0
-0.01586 -0.386429 0.0
-0.0189244 -0.433322 0.0
-0.021011 -0.480146 0.0
-0.0214284 -0.515626 0.0
-0.0196782 -0.525448 0.0
-0.015665 -0.493317 0.0
-0.00998297 -0.403884 0.0
-0.00420533 -0.25103 0.0
-0.000779095 -0.0521361 0.0
0.000455888 0.0100315 0.0
0.0027292 0.0573594 0.0
0.00712813 0.105688 0.0
0.0125198 0.149026 0.0
0.0180129 0.184566 0.0
0.0230748 0.212129 0.0
0.0274813 0.232867 0.0
0.0312151 0.248308 0.0
0.0343662 0.259849 0.0
0.0370566 0.268552 0.0
0.0393959 0.275126 0.0
0.041464 0.280003 0.0
0.0433108 0.283432 0.0
0.0449642 0.285559 0.0
0.0464386 0.286478 0.0
0.0477412 0.286265 0.0
0.0488768 0.284995 0.0
0.0498499 0.282742 0.0
0.0506657 0.279587 0.0
0.0513309 0.275617 0.0
0.0518538 0.270923 0.0
0.0522442 0.265598 0.0
0.0525135 0.259738 0.0
0.0526742 0.253437 0.0
0.0527396 0.246785 0.0
0.0527239 0.239871 0.0
0.0526413 0.232775 0.0
0.0525062 0.225571 0.0
0.0523324 0.218326 0.0
0.0521333 0.211097 0.0
0.0519211 0.20393 0.0
0.0517065 0.196864 0.0
0.0514988 0.189924 0.0
0.0513053 0.18313 0.0
0.0511315 0.176491 0.0
0.0509811 0.170012 0.0
0.050856 0.16369 0.0
0.050757 0.15752 0.0
0.0506833 0.151493 0.0
0.0506331 0.145599 0.0
0.0506039 0.139827 0.0
0.0505929 0.134165 0.0
0.0505965 0.128604 0.0
0.0506115 0.123133 0.0
0.0506343 0.117744 0.0
0.0506615 0.11243 0.0
0.0506902 0.107184 0.0
0.0507174 0.102001 0.0
0.0507404 0.0968754 0.0
0.0507571 0.0918046 0.0
0.0507654 0.0867847 0.0
0.0507634 0.0818128 0.0
0.0507494 0.076886 0.0
0.050722 0.0720018 0.0
0.0506798 0.0671575 0.0
0.0506215 0.0623507 0.0
0.050546 0.0575786 0.0
0.050452 0.0528388 0.0
0.0503386 0.0481284 0.0
0.0502046 0.0434447 0.0
0.0500492 0.0387849 0.0
0.0498712 0.0341461 0.0
0.0496698 0.0295253 0.0
0.049444 0.0249196 0.0
0.0491929 0.020326 0.0
0.0489156 0.0157414 0.0
0.0486113 0.0111628 0.0
0.048279 0.00658665 0.0
0.0479176 0.00200879 0.0
0.0475287 -0.00257913 0.0
0.0471125 -0.00717102 0.0
0.046667 -0.0117711 0.0
0.0461916 -0.0163834 0.0
0.0456858 -0.0210115 0.0
0.0451493 -0.0256592 0.0
0.0445818 -0.0303306 0.0
0.0439831 -0.0350294 0.0
0.0433528 -0.0397599 0.0
0.042691 -0.0445262 0.0
0.0419974 -0.0493328 0.0
0.041272 -0.054184 0.0
0.0405149 -0.0590847 0.0
0.039726 -0.0640397 0.0
0.0389056 -0.0690539 0.0
0.0380537 -0.0741325 0.0
0.0371706 -0.0792809 0.0
0.0362566 -0.0845045 0.0
0.035312 -0.089809 0.0
0.0343371 -0.0951997 0.0
0.0333323 -0.100682 0.0
0.032298 -0.106262 0.0
0.0312345 -0.111944 0.0
0.0301423 -0.117733 0.0
0.0290217 -0.123632 0.0
0.0278731 -0.129645 0.0
0.0266968 -0.135773 0.0
0.0254932 -0.142018 0.0
0.0242627 -0.148376 0.0
0.0230058 -0.154847 0.0
0.0217228 -0.161425 0.0
0.0204143 -0.168104 0.0
0.0190811 -0.174874 0.0
0.017724 -0.181723 0.0
0.016344 -0.188639 0.0
0.0149424 -0.195604 0.0
0.0135208 -0.202601 0.0
0.0120809 -0.209611 0.0
0.0106246 -0.216612 0.0
0.0091544 -0.223586 0.0
0.00767245 -0.230514 0.0
0.00618099 -0.237386 0.0
0.0046814 -0.244206 0.0
0.00317307 -0.251008 0.0
0.00165103 -0.25788 0.0
8.94579e-05 -0.265044 0.0
-0.00155447 -0.27295 0.0
-0.0033599 -0.282536 0.0
-0.00547424 -0.29557 0.0
-0.00806389 -0.314875 0.0
-0.011179 -0.343578 0.0
-0.0145945 -0.383012 0.0
-0.0177805 -0.430489 0.0
-0.0200336 -0.47864 0.0
-0.0206568 -0.516092 0.0
-0.0191326 -0.528256 0.0
-0.0153343 -0.49832 0.0
-0.00982085 -0.410076 0.0
-0.00414781 -0.256288 0.0
-0.000768388 -0.0536835 0.0
0.00044515 0.00913047 0.0
0.00270863 0.0537236 0.0
0.007157 0.100476 0.0
0.0126984 0.143304 0.0
0.0184341 0.179058 0.0
0.0237995 0.207209 0.0
0.0285348 0.228645 0.0
0.032593 0.244738 0.0
0.0360449 0.256816 0.0
0.0390047 0.265934 0.0
0.0415825 0.272826 0.0
0.0438628 0.277955 0.0
0.0459012 0.281596 0.0
0.0477303 0.283913 0.0
0.0493675 0.285012 0.0
0.0508219 0.284974 0.0
0.0520992 0.283873 0.0
0.0532042 0.281785 0.0
0.0541422 0.27879 0.0
0.0549201 0.274971 0.0
0.055546 0.27042 0.0
0.0560299 0.265227 0.0
0.0563835 0.259487 0.0
0.0566194 0.253292 0.0
0.0567514 0.246733 0.0
0.056794 0.239896 0.0
0.0567622 0.232864 0.0
0.056671 0.225709 0.0
0.0565348 0.218499 0.0
0.0563676 0.211291 0.0
0.0561825 0.204134 0.0
0.055991 0.197066 0.0
0.055803 0.190117 0.0
0.0556268 0.183306 0.0
0.0554685 0.176647 0.0
0.0553324 0.170143 0.0
0.0552212 0.163795 0.0
0.0551358 0.157599 0.0
0.055076 0.151547 0.0
0.0550402 0.145631 0.0
0.0550261 0.139838 0.0
0.0550308 0.13416 0.0
0.055051 0.128585 0.0
0.0550832 0.123105 0.0
0.0551238 0.11771 0.0
0.0551692 0.112392 0.0
0.0552163 0.107146 0.0
0.0552619 0.101966 0.0
0.0553033 0.0968459 0.0
0.055338 0.0917828 0.0
0.0553637 0.0867726 0.0
0.0553785 0.0818122 0.0
0.0553804 0.0768986 0.0
0.0553679 0.0720291 0.0
0.0553395 0.0672009 0.0
0.0552938 0.0624113 0.0
0.0552295 0.0576578 0.0
0.0551455 0.0529376 0.0
0.0550407 0.0482479 0.0
0.0549138 0.043586 0.0
0.0547639 0.038949 0.0
0.05459 0.0343339 0.0
0.0543911 0.0297379 0.0
0.0541663 0.0251578 0.0
0.0539146 0.0205907 0.0
0.0536353 0.0160334 0.0
0.0533276 0.0114828 0.0
0.052991 0.00693562 0.0
0.052625 0.00238726 0.0
0.0522281 -0.00217168 0.0
0.0517994 -0.00673358 0.0
0.0513394 -0.0113031 0.0
0.0508478 -0.0158843 0.0
0.0503242 -0.020481 0.0
0.049768 -0.025097 0.0
0.049179 -0.0297363 0.0
0.0485569 -0.0344028 0.0
0.0479014 -0.0391008 0.0
0.0472123 -0.0438345 0.0
0.0464897 -0.0486082 0.0
0.0457332 -0.0534267 0.0
0.0449431 -0.0582947 0.0
0.0441192 -0.063217 0.0
0.0432617 -0.0681986 0.0
0.0423708 -0.0732449 0.0
0.0414465 -0.0783612 0.0
0.0404893 -0.083553 0.0
0.0394992 -0.0888258 0.0
0.0384766 -0.0941854 0.0
0.0374219 -0.0996372 0.0
0.0363353 -0.105186 0.0
0.0352171 -0.110838 0.0
0.0340677 -0.116597 0.0
0.0328872 -0.122467 0.0
0.031676 -0.128451 0.0
0.0304343 -0.13455 0.0
0.0291622 -0.140765 0.0
0.02786 -0.147096 0.0
0.0265278 -0.153539 0.0
0.0251661 -0.160089 0.0
0.023775 -0.166741 0.0
0.0223553 -0.173484 0.0
0.0209074 -0.180308 0.0
0.0194323 -0.187199 0.0
0.0179311 -0.194141 0.0
0.016405 -0.201117 0.0
0.0148558 -0.208107 0.0
0.0132853 -0.21509 0.0
0.0116958 -0.222048 0.0
0.0100896 -0.228963 0.0
0.00846899 -0.235824 0.0
0.00683585 -0.242635 0.0
0.00519061 -0.249426 0.0
0.00353031 -0.25628 0.0
0.00184203 -0.263394 0.0
7.9663e-05 -0.271194 0.0
-0.00183731 -0.28057 0.0
-0.00403975 -0.293219 0.0
-0.00669693 -0.311979 0.0
-0.00987731 -0.340178 0.0
-0.0133785 -0.379494 0.0
-0.0166859 -0.427513 0.0
-0.0191023 -0.476946 0.0
-0.019926 -0.516338 0.0
-0.0186209 -0.530839 0.0
-0.0150291 -0.503127 0.0
-0.00967446 -0.416137 0.0
-0.00409628 -0.261478 0.0
-0.00075839 -0.0552103 0.0
0.000432799 0.00825252 0.0
0.00267692 0.050094 0.0
0.0071559 0.0951785 0.0
0.0128258 0.137391 0.0
0.0187857 0.173276 0.0
0.0244425 0.201969 0.0
0.029501 0.224092 0.0
0.0338835 0.240851 0.0
0.03764 0.253495 0.0
0.0408748 0.263061 0.0
0.0436965 0.2703 0.0
0.0461936 0.275704 0.0
0.048427 0.279575 0.0
0.0504343 0.282097 0.0
0.0522365 0.283388 0.0
0.053845 0.283535 0.0
0.0552665 0.282614 0.0
0.0565063 0.2807 0.0
0.05757 0.277873 0.0
0.0584644 0.274216 0.0
0.0591977 0.269816 0.0
0.05978 0.264764 0.0
0.0602229 0.259153 0.0
0.0605393 0.253073 0.0
0.0607433 0.246615 0.0
0.0608498 0.239865 0.0
0.0608742 0.232903 0.0
0.0608318 0.225804 0.0
0.060738 0.218634 0.0
0.0606072 0.211453 0.0
0.0604532 0.20431 0.0
0.0602884 0.197246 0.0
0.0601234 0.19029 0.0
0.0599671 0.183466 0.0
0.0598265 0.176786 0.0
0.0597065 0.170259 0.0
0.0596104 0.163886 0.0
0.0595398 0.157664 0.0
0.0594946 0.151587 0.0
0.0594737 0.145647 0.0
0.0594752 0.139834 0.0
0.059496 0.134138 0.0
0.0595331 0.12855 0.0
0.0595828 0.123059 0.0
0.0596415 0.117657 0.0
0.0597056 0.112336 0.0
0.0597716 0.10709 0.0
0.0598364 0.101912 0.0
0.0598968 0.0967978 0.0
0.0599502 0.0917428 0.0
0.0599943 0.0867429 0.0
0.0600267 0.0817948 0.0
0.0600455 0.0768953 0.0
0.060049 0.0720415 0.0
0.0600355 0.0672304 0.0
0.0600035 0.0624595 0.0
0.0599517 0.0577258 0.0
0.0598788 0.0530266 0.0
0.0597836 0.0483591 0.0
0.0596649 0.0437204 0.0
0.0595217 0.0391077 0.0
0.0593529 0.034518 0.0
0.0591575 0.0299482 0.0
0.0589346 0.0253953 0.0
0.0586832 0.0208562 0.0
0.0584026 0.0163278 0.0
0.0580921 0.0118067 0.0
0.0577511 0.00728945 0.0
0.057379 0.00277153 0.0
0.056974 -0.00175391 0.0
0.0565347 -0.00628339 0.0
0.0560618 -0.0108204 0.0
0.0555552 -0.0153687 0.0
0.0550144 -0.0199321 0.0
0.0544392 -0.0245145 0.0
0.0538292 -0.0291198 0.0
0.0531842 -0.0337521 0.0
0.0525038 -0.0384156 0.0
0.051788 -0.0431147 0.0
0.0510364 -0.0478538 0.0
0.0502492 -0.0526375 0.0
0.0494261 -0.0574707 0.0
0.0485673 -0.0623582 0.0
0.0476728 -0.0673053 0.0
0.0467426 -0.0723171 0.0
0.045777 -0.0773991 0.0
0.0447762 -0.0825568 0.0
0.0437402 -0.0877959 0.0
0.0426695 -0.093122 0.0
0.0415643 -0.0985405 0.0
0.0404247 -0.104057 0.0
0.039251 -0.109676 0.0
0.0380434 -0.115403 0.0
0.036802 -0.12124 0.0
0.0355269 -0.127192 0.0
0.0342183 -0.133259 0.0
0.0328761 -0.139442 0.0
0.0315003 -0.145741 0.0
0.0300911 -0.152152 0.0
0.0286484 -0.158671 0.0
0.0271726 -0.165292 0.0
0.0256639 -0.172004 0.0
0.0241227 -0.178798 0.0
0.0225497 -0.18566 0.0
0.0209459 -0.192575 0.0
0.0193124 -0.199524 0.0
0.0176508 -0.206489 0.0
0.0159629 -0.21345 0.0
0.0142508 -0.220387 0.0
0.0125171 -0.227284 0.0
0.010764 -0.23413 0.0
0.00899391 -0.240926 0.0
0.00720776 -0.247703 0.0
0.00540386 -0.254539 0.0
0.00357344 -0.261617 0.0
0.00168864 -0.269324 0.0
-0.000335343 -0.278499 0.0
-0.00263375 -0.290789 0.0
-0.00536616 -0.309019 0.0
-0.00861788 -0.336706 0.0
-0.0122082 -0.375875 0.0
-0.0156375 -0.424395 0.0
-0.0182148 -0.47507 0.0
-0.0192344 -0.516371 0.0
-0.0181422 -0.533203 0.0
-0.0147491 -0.507748 0.0
-0.00954397 -0.422076 0.0
-0.00405087 -0.266611 0.0
-0.000749111 -0.0567178 0.0
0.000418941 0.00740078 0.0
0.00263433 0.0464862 0.0
0.00712472 0.0898169 0.0
0.0129007 0.131306 0.0
0.019065 0.167237 0.0
0.0249991 0.196418 0.0
0.0303735 0.21921 0.0
0.0350791 0.236644 0.0
0.0391434 0.24988 0.0
0.0426584 0.259926 0.0
0.04573 0.267542 0.0
0.0484489 0.273246 0.0
0.0508814 0.277367 0.0
0.05307 0.280109 0.0
0.0550398 0.281604 0.0
0.0568047 0.281946 0.0
0.058373 0.281213 0.0
0.0597507 0.279483 0.0
0.0609437 0.276833 0.0
0.0619587 0.273346 0.0
0.0628041 0.269107 0.0
0.0634898 0.264205 0.0
0.0640274 0.258731 0.0
0.06443 0.252776 0.0
0.0647118 0.246427 0.0
0.0648879 0.23977 0.0
0.0649742 0.232886 0.0
0.0649864 0.22585 0.0
0.0649402 0.218728 0.0
0.0648509 0.21158 0.0
0.0647327 0.204456 0.0
0.0645987 0.197399 0.0
0.0644603 0.19044 0.0
0.0643271 0.183605 0.0
0.0642069 0.176908 0.0
0.0641053 0.170359 0.0
0.0640261 0.163962 0.0
0.0639715 0.157714 0.0
0.0639421 0.151612 0.0
0.0639371 0.145648 0.0
0.0639546 0.139814 0.0
0.0639921 0.1341 0.0
0.0640465 0.128496 0.0
0.0641141 0.122994 0.0
0.0641913 0.117585 0.0
0.0642745 0.11226 0.0
0.0643599 0.107014 0.0
0.0644443 0.101839 0.0
0.0645244 0.0967304 0.0
0.0645974 0.0916838 0.0
0.0646606 0.0866947 0.0
0.0647116 0.0817596 0.0
0.0647483 0.076875 0.0
0.0647687 0.0720379 0.0
0.0647712 0.0672451 0.0
0.064754 0.0624939 0.0
0.0647158 0.0577814 0.0
0.0646551 0.0531046 0.0
0.0645706 0.0484608 0.0
0.0644612 0.0438469 0.0
0.0643257 0.03926 0.0
0.064163 0.0346972 0.0
0.0639721 0.0301553 0.0
0.063752 0.0256313 0.0
0.0635018 0.0211219 0.0
0.0632207 0.0166239 0.0
0.0629078 0.012134 0.0
0.0625625 0.00764851 0.0
0.0621838 0.00316318 0.0
0.0617706 -0.00132721 0.0
0.0613218 -0.00582197 0.0
0.0608371 -0.0103242 0.0
0.0603165 -0.0148375 0.0
0.0597597 -0.0193656 0.0
0.0591663 -0.0239123 0.0
0.058536 -0.0284817 0.0
0.0578687 -0.0330778 0.0
0.057164 -0.0377048 0.0
0.0564217 -0.0423673 0.0
0.0556418 -0.0470696 0.0
0.0548239 -0.0518165 0.0
0.0539682 -0.0566128 0.0
0.0530746 -0.0614636 0.0
0.052143 -0.0663738 0.0
0.0511737 -0.071349 0.0
0.0501666 -0.0763945 0.0
0.0491219 -0.0815159 0.0
0.0480398 -0.0867189 0.0
0.0469205 -0.092009 0.0
0.0457642 -0.0973918 0.0
0.044571 -0.102873 0.0
0.0433409 -0.108457 0.0
0.0420742 -0.114148 0.0
0.0407708 -0.11995 0.0
0.0394306 -0.125866 0.0
0.0380535 -0.131898 0.0
0.0366396 -0.138046 0.0
0.0351885 -0.14431 0.0
0.0337001 -0.150686 0.0
0.0321744 -0.15717 0.0
0.0306114 -0.163755 0.0
0.0290111 -0.170432 0.0
0.0273739 -0.177192 0.0
0.0257002 -0.18402 0.0
0.0239908 -0.190902 0.0
0.0222468 -0.197819 0.0
0.0204695 -0.204754 0.0
0.0186608 -0.211687 0.0
0.0168229 -0.218599 0.0
0.0149581 -0.225473 0.0
0.0130691 -0.232298 0.0
0.0111583 -0.239077 0.0
0.00922759 -0.245835 0.0
0.00727614 -0.252651 0.0
0.00529775 -0.259696 0.0
0.00327242 -0.267335 0.0
0.00113679 -0.276329 0.0
-0.00125215 -0.288272 0.0
-0.00406767 -0.305989 0.0
-0.00739702 -0.333156 0.0
-0.0110803 -0.372152 0.0
-0.0146324 -0.421137 0.0
-0.0173689 -0.473014 0.0
-0.0185805 -0.516196 0.0
-0.0176957 -0.535356 0.0
-0.0144942 -0.51219 0.0
-0.00942954 -0.427904 0.0
-0.0040117 -0.271694 0.0
-0.000740542 -0.0582075 0.0
0.000403697 0.00657815 0.0
0.00258118 0.042916 0.0
0.00706354 0.0844144 0.0
0.012922 0.125075 0.0
0.0192692 0.160957 0.0
0.0254646 0.190568 0.0
0.0311459 0.214004 0.0
0.036172 0.232118 0.0
0.0405463 0.245968 0.0
0.0443468 0.256523 0.0
0.047674 0.264546 0.0
0.0506204 0.270576 0.0
0.0532566 0.274968 0.0
0.0556302 0.277946 0.0
0.0577706 0.279657 0.0
0.0596947 0.280203 0.0
0.0614127 0.279669 0.0
0.0629315 0.278131 0.0
0.0642574 0.275667 0.0
0.0653973 0.272358 0.0
0.0663594 0.268288 0.0
0.0671537 0.263544 0.0
0.0677917 0.258217 0.0
0.0682864 0.252393 0.0
0.0686521 0.246162 0.0
0.0689042 0.239607 0.0
0.0690586 0.232809 0.0
0.0691315 0.225842 0.0
0.069139 0.218774 0.0
0.0690967 0.211665 0.0
0.0690196 0.204566 0.0
0.0689212 0.197521 0.0
0.0688137 0.190564 0.0
0.0687075 0.183721 0.0
0.0686108 0.177009 0.0
0.0685303 0.17044 0.0
0.0684704 0.16402 0.0
0.0684338 0.157747 0.0
0.0684216 0.151621 0.0
0.0684335 0.145633 0.0
0.068468 0.139777 0.0
0.0685229 0.134044 0.0
0.0685951 0.128426 0.0
0.0686811 0.122912 0.0
0.0687773 0.117494 0.0
0.0688799 0.112165 0.0
0.0689853 0.106918 0.0
0.0690899 0.101746 0.0
0.0691903 0.0966431 0.0
0.0692834 0.091605 0.0
0.0693665 0.0866272 0.0
0.0694369 0.0817057 0.0
0.0694924 0.0768368 0.0
0.0695308 0.0720173 0.0
0.0695502 0.0672439 0.0
0.0695489 0.0625137 0.0
0.0695253 0.0578236 0.0
0.0694778 0.0531706 0.0
0.0694052 0.0485518 0.0
0.0693062 0.0439643 0.0
0.0691795 0.0394049 0.0
0.0690239 0.0348706 0.0
0.0688385 0.0303583 0.0
0.0686222 0.0258648 0.0
0.068374 0.0213868 0.0
0.0680931 0.0169212 0.0
0.0677785 0.0124643 0.0
0.0674294 0.00801264 0.0
0.067045 0.00356215 0.0
0.0666241 -0.000891995 0.0
0.0661659 -0.00535013 0.0
0.0656701 -0.00981555 0.0
0.0651363 -0.0142917 0.0
0.0645641 -0.0187824 0.0
0.0639533 -0.0232913 0.0
0.0633035 -0.0278226 0.0
0.0626146 -0.0323804 0.0
0.0618861 -0.036969 0.0
0.061118 -0.0415927 0.0
0.06031 -0.0462562 0.0
0.059462 -0.0509641 0.0
0.0585739 -0.0557214 0.0
0.0576456 -0.0605331 0.0
0.0566771 -0.0654043 0.0
0.0556685 -0.0703405 0.0
0.0546199 -0.0753472 0.0
0.0535312 -0.0804299 0.0
0.0524027 -0.0855943 0.0
0.0512345 -0.090846 0.0
0.0500266 -0.0961905 0.0
0.048779 -0.101633 0.0
0.0474919 -0.107179 0.0
0.0461651 -0.112832 0.0
0.0447985 -0.118596 0.0
0.0433918 -0.124474 0.0
0.041945 -0.130467 0.0
0.0404575 -0.136576 0.0
0.0389292 -0.142801 0.0
0.0373597 -0.149137 0.0
0.0357487 -0.155581 0.0
0.034096 -0.162127 0.0
0.0324015 -0.168765 0.0
0.0306654 -0.175486 0.0
0.028888 -0.182275 0.0
0.0270698 -0.189119 0.0
0.0252119 -0.196 0.0
0.0233156 -0.2029 0.0
0.0213826 -0.2098 0.0
0.0194151 -0.216681 0.0
0.0174156 -0.223527 0.0
0.0153869 -0.230327 0.0
0.0133318 -0.237082 0.0
0.0112526 -0.24382 0.0
0.00914961 -0.250612 0.0
0.00701836 -0.257625 0.0
0.00484335 -0.265205 0.0
0.00258076 -0.27406 0.0
9.84363e-05 -0.28567 0.0
-0.00279794 -0.302879 0.0
-0.00621144 -0.329522 0.0
-0.00999183 -0.368322 0.0
-0.0136681 -0.417739 0.0
-0.0165626 -0.470781 0.0
-0.017963 -0.515817 0.0
-0.0172807 -0.537302 0.0
-0.0142643 -0.516462 0.0
-0.0093314 -0.43363 0.0
-0.00397888 -0.276738 0.0
-0.000732658 -0.0596807 0.0
0.000387198 0.00578725 0.0
0.0025179 0.0393987 0.0
0.00697269 0.0789946 0.0
0.0128892 0.118719 0.0
0.019396 0.154458 0.0
0.0258349 0.184432 0.0
0.0318119 0.208482 0.0
0.0371542 0.227273 0.0
0.0418397 0.241754 0.0
0.0459301 0.252846 0.0
0.0495192 0.261306 0.0
0.0526991 0.267689 0.0
0.0555441 0.272373 0.0
0.0581069 0.275604 0.0
0.0604213 0.277544 0.0
0.0625077 0.278306 0.0
0.0643784 0.277978 0.0
0.0660417 0.27664 0.0
0.0675043 0.274369 0.0
0.0687734 0.271246 0.0
0.0698572 0.267353 0.0
0.0707655 0.262776 0.0
0.0715097 0.257603 0.0
0.0721028 0.251919 0.0
0.072559 0.245814 0.0
0.0728937 0.239369 0.0
0.0731229 0.232664 0.0
0.0732632 0.225774 0.0
0.0733308 0.218767 0.0
0.0733419 0.211703 0.0
0.0733117 0.204635 0.0
0.0732544 0.197608 0.0
0.0731828 0.190657 0.0
0.073108 0.183809 0.0
0.0730389 0.177086 0.0
0.0729829 0.1705 0.0
0.072945 0.164058 0.0
0.0729287 0.157762 0.0
0.0729357 0.151611 0.0
0.0729661 0.1456 0.0
0.0730189 0.139723 0.0
0.0730921 0.133971 0.0
0.0731829 0.128336 0.0
0.0732879 0.12281 0.0
0.0734037 0.117384 0.0
0.0735263 0.11205 0.0
0.0736521 0.106802 0.0
0.0737774 0.101632 0.0
0.0738986 0.0965351 0.0
0.0740126 0.0915059 0.0
0.0741162 0.0865396 0.0
0.0742069 0.0816322 0.0
0.0742819 0.0767798 0.0
0.0743392 0.0719787 0.0
0.0743765 0.0672258 0.0
0.074392 0.0625177 0.0
0.074384 0.0578513 0.0
0.0743509 0.0532235 0.0
0.0742912 0.0486313 0.0
0.0742036 0.0440716 0.0
0.0740867 0.0395412 0.0
0.0739393 0.0350371 0.0
0.0737604 0.0305561 0.0
0.0735488 0.0260949 0.0
0.0733035 0.0216502 0.0
0.0730236 0.0172187 0.0
0.0727082 0.0127969 0.0
0.0723562 0.00838111 0.0
0.0719669 0.00396753 0.0
0.071539 -0.000448593 0.0
0.071072 -0.00486833 0.0
0.0705655 -0.00929495 0.0
0.0700191 -0.013732 0.0
0.0694323 -0.0181831 0.0
0.0688048 -0.0226522 0.0
0.0681362 -0.0271434 0.0
0.0674263 -0.0316607 0.0
0.0666747 -0.0362086 0.0
0.0658813 -0.0407914 0.0
0.0650457 -0.0454138 0.0
0.0641679 -0.0500806 0.0
0.0632477 -0.0547966 0.0
0.062285 -0.0595669 0.0
0.0612798 -0.0643968 0.0
0.0602321 -0.0692917 0.0
0.0591418 -0.0742571 0.0
0.0580091 -0.0792986 0.0
0.0568339 -0.0844219 0.0
0.0556164 -0.0896325 0.0
0.0543564 -0.0949361 0.0
0.053054 -0.100338 0.0
0.0517089 -0.105842 0.0
0.0503211 -0.111454 0.0
0.0488902 -0.117176 0.0
0.0474158 -0.123012 0.0
0.0458975 -0.128963 0.0
0.0443349 -0.13503 0.0
0.0427274 -0.141211 0.0
0.0410746 -0.147504 0.0
0.0393759 -0.153905 0.0
0.0376309 -0.160406 0.0
0.0358395 -0.167 0.0
0.0340015 -0.173677 0.0
0.0321171 -0.180422 0.0
0.0301869 -0.187223 0.0
0.0282117 -0.194062 0.0
0.0261927 -0.200922 0.0
0.0241317 -0.207784 0.0
0.0220308 -0.214629 0.0
0.0198926 -0.221442 0.0
0.0177203 -0.228211 0.0
0.0155169 -0.23494 0.0
0.0132852 -0.241652 0.0
0.0110266 -0.248419 0.0
0.0087381 -0.255399 0.0
0.0064076 -0.262926 0.0
0.00400047 -0.27167 0.0
0.0014174 -0.282995 0.0
-0.00155575 -0.299685 0.0
-0.00505853 -0.3258 0.0
-0.00894015 -0.364382 0.0
-0.0127423 -0.414201 0.0
-0.015794 -0.468374 0.0
-0.0173807 -0.515238 0.0
-0.0168966 -0.539048 0.0
-0.0140593 -0.520569 0.0
-0.00924978 -0.439264 0.0
-0.00395252 -0.281753 0.0
-0.000725412 -0.0611387 0.0
0.000369587 0.00503047 0.0
0.00244502 0.0359494 0.0
0.00685273 0.0735814 0.0
0.0128018 0.112267 0.0
0.0194434 0.147762 0.0
0.0261057 0.178027 0.0
0.0323654 0.20265 0.0
0.0380177 0.22211 0.0
0.0430141 0.237235 0.0
0.0473983 0.24889 0.0
0.0512551 0.257817 0.0
0.0546748 0.26458 0.0
0.0577344 0.269578 0.0
0.0604911 0.27308 0.0
0.0629835 0.275262 0.0
0.0652356 0.276249 0.0
0.0672623 0.276137 0.0
0.0690735 0.275007 0.0
0.0706768 0.272937 0.0
0.0720795 0.270007 0.0
0.07329 0.266298 0.0
0.0743179 0.261895 0.0
0.0751744 0.256883 0.0
0.0758724 0.251348 0.0
0.0764259 0.245375 0.0
0.0768503 0.239048 0.0
0.0771617 0.232444 0.0
0.0773765 0.225639 0.0
0.0775113 0.2187 0.0
0.0775826 0.211688 0.0
0.0776059 0.204657 0.0
0.077596 0.197653 0.0
0.0775661 0.190713 0.0
0.0775278 0.183866 0.0
0.077491 0.177135 0.0
0.0774635 0.170534 0.0
0.0774513 0.164073 0.0
0.0774583 0.157756 0.0
0.077487 0.151582 0.0
0.077538 0.145548 0.0
0.0776107 0.139649 0.0
0.0777035 0.133878 0.0
0.077814 0.128227 0.0
0.077939 0.122689 0.0
0.078075 0.117254 0.0
0.0782182 0.111915 0.0
0.078365 0.106665 0.0
0.0785115 0.101497 0.0
0.0786541 0.096406 0.0
0.0787895 0.0913857 0.0
0.0789144 0.0864313 0.0
0.0790259 0.0815385 0.0
0.0791214 0.0767031 0.0
0.0791982 0.0719214 0.0
0.0792543 0.0671898 0.0
0.0792876 0.0625049 0.0
0.0792962 0.0578635 0.0
0.0792784 0.0532622 0.0
0.0792326 0.0486981 0.0
0.0791574 0.0441677 0.0
0.0790514 0.0396681 0.0
0.0789132 0.0351959 0.0
0.0787417 0.0307478 0.0
0.0785358 0.0263207 0.0
0.0782944 0.0219111 0.0
0.0780165 0.0175157 0.0
0.077701 0.0131309 0.0
0.0773471 0.00875303 0.0
0.0769537 0.00437836 0.0
0.0765197 2.46737e-06 0.0
0.0760445 -0.00437717 0.0
0.0755281 -0.00876311 0.0
0.0749697 -0.013159 0.0
0.074369 -0.0175685 0.0
0.0737255 -0.0219957 0.0
0.0730389 -0.0264446 0.0
0.0723087 -0.0309194 0.0
0.0715346 -0.0354243 0.0
0.0707164 -0.039964 0.0
0.0698538 -0.0445431 0.0
0.0689467 -0.0491663 0.0
0.0679947 -0.0538387 0.0
0.0669979 -0.0585652 0.0
0.0659562 -0.0633514 0.0
0.0648694 -0.0682025 0.0
0.0637375 -0.0731241 0.0
0.0625607 -0.0781219 0.0
0.0613387 -0.0832014 0.0
0.0600715 -0.0883683 0.0
0.058759 -0.0936279 0.0
0.057401 -0.0989854 0.0
0.0559973 -0.104446 0.0
0.0545475 -0.110013 0.0
0.0530511 -0.11569 0.0
0.0515076 -0.12148 0.0
0.0499164 -0.127386 0.0
0.0482768 -0.133406 0.0
0.0465881 -0.139539 0.0
0.0448497 -0.145785 0.0
0.0430608 -0.152137 0.0
0.0412208 -0.158589 0.0
0.0393295 -0.165134 0.0
0.0373865 -0.171762 0.0
0.0353919 -0.178459 0.0
0.0333461 -0.185211 0.0
0.0312499 -0.192003 0.0
0.0291044 -0.198817 0.0
0.0269113 -0.205635 0.0
0.024673 -0.212439 0.0
0.0223921 -0.219213 0.0
0.020072 -0.225947 0.0
0.017716 -0.232644 0.0
0.0153277 -0.239327 0.0
0.0129091 -0.246066 0.0
0.0104591 -0.253013 0.0
0.00796814 -0.26049 0.0
0.00540822 -0.269139 0.0
0.00270546 -0.28024 0.0
-0.000348284 -0.296412 0.0
-0.00393432 -0.321984 0.0
-0.00792266 -0.360328 0.0
-0.011853 -0.410522 0.0
-0.0150616 -0.465792 0.0
-0.0168326 -0.514461 0.0
-0.0165432 -0.540598 0.0
-0.0138793 -0.524521 0.0
-0.009185 -0.444817 0.0
-0.00393271 -0.28675 0.0
-0.000718736 -0.0625829 0.0
0.000351018 0.00430986 0.0
0.00236317 0.0325824 0.0
0.00670453 0.0681993 0.0
0.0126601 0.105744 0.0
0.0194101 0.140893 0.0
0.0262737 0.17137 0.0
0.0328005 0.196521 0.0
0.0387546 0.216633 0.0
0.04406 0.23241 0.0
0.0487409 0.24465 0.0
0.0528708 0.25407 0.0
0.0565366 0.261241 0.0
0.0598168 0.266577 0.0
0.0627728 0.270368 0.0
0.0654475 0.272807 0.0
0.0678692 0.274031 0.0
0.0700556 0.274142 0.0
0.0720184 0.273227 0.0
0.0737663 0.271365 0.0
0.0753073 0.268635 0.0
0.0766496 0.265118 0.0
0.0778028 0.260895 0.0
0.078778 0.256052 0.0
0.0795876 0.250672 0.0
0.0802457 0.24484 0.0
0.0807673 0.238637 0.0
0.0811684 0.232142 0.0
0.0814655 0.225429 0.0
0.0816753 0.218565 0.0
0.0818143 0.211613 0.0
0.0818984 0.204625 0.0
0.0819428 0.197651 0.0
0.081961 0.190727 0.0
0.0819653 0.183886 0.0
0.0819662 0.177151 0.0
0.0819722 0.17054 0.0
0.0819899 0.164062 0.0
0.082024 0.157725 0.0
0.0820775 0.15153 0.0
0.0821517 0.145475 0.0
0.0822465 0.139555 0.0
0.0823608 0.133765 0.0
0.0824924 0.128098 0.0
0.0826385 0.122547 0.0
0.0827957 0.117102 0.0
0.0829604 0.111758 0.0
0.0831288 0.106506 0.0
0.0832972 0.101341 0.0
0.0834619 0.0962552 0.0
0.0836193 0.0912438 0.0
0.083766 0.0863015 0.0
0.0838991 0.0814237 0.0
0.0840156 0.076606 0.0
0.0841129 0.0718443 0.0
0.0841886 0.067135 0.0
0.0842404 0.0624745 0.0
0.0842665 0.0578592 0.0
0.084265 0.0532859 0.0
0.084234 0.0487512 0.0
0.0841722 0.0442518 0.0
0.084078 0.0397844 0.0
0.08395 0.0353457 0.0
0.083787 0.0309325 0.0
0.0835877 0.0265413 0.0
0.0833511 0.0221687 0.0
0.083076 0.0178112 0.0
0.0827615 0.0134654 0.0
0.0824063 0.00912758 0.0
0.0820097 0.00479387 0.0
0.0815705 0.000460212 0.0
0.0810882 -0.00387741 0.0
0.0805626 -0.00822076 0.0
0.0799931 -0.0125735 0.0
0.0793793 -0.0169395 0.0
0.0787207 -0.0213226 0.0
0.0780167 -0.025727 0.0
0.0772669 -0.0301569 0.0
0.076471 -0.0346168 0.0
0.0756286 -0.039111 0.0
0.0747395 -0.0436444 0.0
0.0738034 -0.0482217 0.0
0.0728201 -0.052848 0.0
0.0717895 -0.0575284 0.0
0.0707114 -0.0622683 0.0
0.0695857 -0.0670731 0.0
0.0684124 -0.0719483 0.0
0.0671913 -0.0768996 0.0
0.0659223 -0.0819326 0.0
0.0646052 -0.0870528 0.0
0.0632398 -0.0922655 0.0
0.0618257 -0.0975758 0.0
0.0603625 -0.102988 0.0
0.0588497 -0.108507 0.0
0.0572866 -0.114136 0.0
0.0556726 -0.119877 0.0
0.0540067 -0.125732 0.0
0.0522883 -0.131701 0.0
0.0505163 -0.137783 0.0
0.0486898 -0.143976 0.0
0.0468081 -0.150275 0.0
0.0448704 -0.156674 0.0
0.0428761 -0.163164 0.0
0.0408248 -0.169737 0.0
0.0387165 -0.17638 0.0
0.0365514 -0.183079 0.0
0.0343303 -0.189818 0.0
0.0320542 -0.196581 0.0
0.029725 -0.203349 0.0
0.027345 -0.210106 0.0
0.024917 -0.216837 0.0
0.0224446 -0.223531 0.0
0.0199317 -0.230192 0.0
0.0173822 -0.236842 0.0
0.0147993 -0.24355 0.0
0.0121832 -0.250463 0.0
0.00952697 -0.257893 0.0
0.00680783 -0.266457 0.0
0.00396552 -0.277377 0.0
0.000826015 -0.293082 0.0
-0.00283673 -0.318065 0.0
-0.0069378 -0.356157 0.0
-0.0109986 -0.406701 0.0
-0.0143642 -0.463039 0.0
-0.0163179 -0.51349 0.0
-0.0162201 -0.541956 0.0
-0.0137246 -0.528322 0.0
-0.00913748 -0.450297 0.0
-0.00391957 -0.29174 0.0
-0.000712537 -0.0640142 0.0
0.000331655 0.00362719 0.0
0.00227308 0.0293115 0.0
0.00652924 0.0628727 0.0
0.0124647 0.09918 0.0
0.019295 0.133878 0.0
0.0263357 0.164482 0.0
0.0331118 0.190106 0.0
0.0393572 0.210848 0.0
0.0449679 0.227279 0.0
0.0499468 0.240121 0.0
0.0543546 0.250061 0.0
0.0582728 0.257666 0.0
0.0617801 0.263365 0.0
0.064941 0.267463 0.0
0.0678031 0.270174 0.0
0.0703986 0.271646 0.0
0.0727485 0.271991 0.0
0.0748669 0.271298 0.0
0.0767637 0.26965 0.0
0.0784474 0.267126 0.0
0.0799268 0.263805 0.0
0.0812112 0.25977 0.0
0.0823115 0.255101 0.0
0.0832398 0.249884 0.0
0.0840099 0.2442 0.0
0.0846365 0.238129 0.0
0.0851355 0.23175 0.0
0.0855232 0.225136 0.0
0.0858163 0.218355 0.0
0.0860313 0.211469 0.0
0.0861842 0.204532 0.0
0.0862905 0.197593 0.0
0.0863642 0.190692 0.0
0.086418 0.183862 0.0
0.0864629 0.177129 0.0
0.0865081 0.170511 0.0
0.0865608 0.164021 0.0
0.0866265 0.157667 0.0
0.0867087 0.151453 0.0
0.0868095 0.145377 0.0
0.0869293 0.139438 0.0
0.0870674 0.13363 0.0
0.0872221 0.127947 0.0
0.0873908 0.122383 0.0
0.0875705 0.116929 0.0
0.0877578 0.111579 0.0
0.0879488 0.106326 0.0
0.0881398 0.101162 0.0
0.0883272 0.096082 0.0
0.0885072 0.0910796 0.0
0.0886765 0.0861497 0.0
0.0888317 0.0812873 0.0
0.08897 0.0764877 0.0
0.0890884 0.0717469 0.0
0.0891844 0.0670608 0.0
0.0892557 0.0624256 0.0
0.0893001 0.0578377 0.0
0.0893156 0.0532935 0.0
0.0893004 0.0487897 0.0
0.0892529 0.0443227 0.0
0.0891714 0.0398892 0.0
0.0890545 0.0354858 0.0
0.0889009 0.0311091 0.0
0.0887093 0.0267556 0.0
0.0884784 0.0224219 0.0
0.0882072 0.0181044 0.0
0.0878944 0.0137996 0.0
0.0875391 0.00950389 0.0
0.08714 0.00521331 0.0
0.0866964 0.000923685 0.0
0.0862078 -0.00336994 0.0
0.085674 -0.00766881 0.0
0.0850945 -0.0119765 0.0
0.0844686 -0.0162967 0.0
0.0837956 -0.0206336 0.0
0.0830751 -0.0249914 0.0
0.0823064 -0.0293741 0.0
0.0814893 -0.0337865 0.0
0.0806233 -0.0382329 0.0
0.0797082 -0.0427182 0.0
0.0787435 -0.0472472 0.0
0.0777293 -0.0518249 0.0
0.0766651 -0.0564567 0.0
0.075551 -0.0611477 0.0
0.0743866 -0.0659036 0.0
0.0731719 -0.0707297 0.0
0.0719066 -0.0756318 0.0
0.0705905 -0.0806153 0.0
0.0692233 -0.0856857 0.0
0.0678045 -0.0908483 0.0
0.0663336 -0.096108 0.0
0.0648101 -0.101469 0.0
0.0632332 -0.106936 0.0
0.0616022 -0.112513 0.0
0.0599161 -0.1182 0.0
0.0581739 -0.124001 0.0
0.0563745 -0.129914 0.0
0.054517 -0.13594 0.0
0.0526001 -0.142076 0.0
0.0506228 -0.148316 0.0
0.0485843 -0.154656 0.0
0.0464838 -0.161087 0.0
0.0443207 -0.1676 0.0
0.042095 -0.174183 0.0
0.0398067 -0.180822 0.0
0.0374566 -0.187503 0.0
0.0350458 -0.194209 0.0
0.032576 -0.200922 0.0
0.0300498 -0.207627 0.0
0.0274701 -0.214308 0.0
0.0248408 -0.220958 0.0
0.0221662 -0.227577 0.0
0.0194509 -0.234191 0.0
0.0166989 -0.240865 0.0
0.0139119 -0.247744 0.0
0.0110854 -0.255129 0.0
0.00820061 -0.263617 0.0
0.00520649 -0.274381 0.0
0.00197141 -0.289704 0.0
-0.0017696 -0.31404 0.0
-0.00598471 -0.351867 0.0
-0.0101776 -0.402738 0.0
-0.0137006 -0.460113 0.0
-0.0158362 -0.512326 0.0
-0.0159274 -0.543127 0.0
-0.0135956 -0.531978 0.0
-0.00910774 -0.455715 0.0
-0.00391321 -0.296734 0.0
-0.000706695 -0.0654334 0.0
0.000311668 0.00298387 0.0
0.00217558 0.0261494 0.0
0.00632833 0.0576259 0.0
0.0122167 0.092603 0.0
0.0190981 0.126743 0.0
0.0262894 0.157384 0.0
0.0332946 0.183422 0.0
0.0398183 0.204763 0.0
0.0457283 0.221843 0.0
0.051005 0.235301 0.0
0.0556945 0.245784 0.0
0.059871 0.253849 0.0
0.0636118 0.259934 0.0
0.0669839 0.264361 0.0
0.0700386 0.26736 0.0
0.0728126 0.269092 0.0
0.0753304 0.269678 0.0
0.0776084 0.269214 0.0
0.0796584 0.267786 0.0
0.0814898 0.265474 0.0
0.0831116 0.262356 0.0
0.0845332 0.258513 0.0
0.0857651 0.254026 0.0
0.0868194 0.248977 0.0
0.0877093 0.243447 0.0
0.0884492 0.237515 0.0
0.0890546 0.23126 0.0
0.0895417 0.224752 0.0
0.0899269 0.218061 0.0
0.0902267 0.211248 0.0
0.0904573 0.204369 0.0
0.090634 0.197473 0.0
0.0907714 0.190602 0.0
0.0908824 0.183789 0.0
0.0909785 0.177062 0.0
0.0910695 0.170442 0.0
0.0911632 0.163944 0.0
0.0912658 0.157576 0.0
0.0913815 0.151346 0.0
0.091513 0.145252 0.0
0.0916613 0.139295 0.0
0.0918262 0.13347 0.0
0.0920065 0.127772 0.0
0.0922 0.122196 0.0
0.092404 0.116733 0.0
0.0926152 0.111377 0.0
0.09283 0.106122 0.0
0.0930447 0.10096 0.0
0.0932556 0.0958857 0.0
0.0934591 0.0908925 0.0
0.0936516 0.0859751 0.0
0.0938297 0.0811285 0.0
0.0939903 0.0763477 0.0
0.0941305 0.0716284 0.0
0.0942476 0.0669663 0.0
0.094339 0.0623574 0.0
0.0944025 0.057798 0.0
0.0944359 0.0532843 0.0
0.0944373 0.0488127 0.0
0.0944049 0.0443796 0.0
0.0943371 0.0399816 0.0
0.0942322 0.0356151 0.0
0.0940889 0.0312767 0.0
0.0939058 0.0269627 0.0
0.0936816 0.0226698 0.0
0.0934152 0.0183942 0.0
0.0931053 0.0141325 0.0
0.0927508 0.00988096 0.0
0.0923504 0.00563576 0.0
0.0919029 0.00139236 0.0
0.0914089 -0.00285587 0.0
0.0908682 -0.00710845 0.0
0.0902799 -0.0113689 0.0
0.0896428 -0.0156413 0.0
0.0889564 -0.0199297 0.0
0.08822 -0.0242383 0.0
0.087433 -0.0285716 0.0
0.0865952 -0.032934 0.0
0.0857061 -0.0373302 0.0
0.0847653 -0.0417649 0.0
0.0837727 -0.0462431 0.0
0.0827278 -0.0507698 0.0
0.0816306 -0.0553503 0.0
0.0804807 -0.05999 0.0
0.0792779 -0.0646942 0.0
0.078022 -0.0694684 0.0
0.0767125 -0.0743183 0.0
0.0753492 -0.0792493 0.0
0.0739314 -0.0842667 0.0
0.0724587 -0.0893757 0.0
0.0709304 -0.0945813 0.0
0.0693457 -0.0998878 0.0
0.0677037 -0.105299 0.0
0.0660034 -0.110819 0.0
0.0642436 -0.116448 0.0
0.0624232 -0.12219 0.0
0.0605409 -0.128043 0.0
0.0585953 -0.134008 0.0
0.0565853 -0.140081 0.0
0.0545097 -0.146258 0.0
0.0523672 -0.152533 0.0
0.050157 -0.158899 0.0
0.0478786 -0.165347 0.0
0.0455315 -0.171864 0.0
0.043116 -0.178438 0.0
0.0406326 -0.185054 0.0
0.0380825 -0.191697 0.0
0.0354676 -0.198349 0.0
0.0327904 -0.204996 0.0
0.0300542 -0.211623 0.0
0.027263 -0.218222 0.0
0.0244218 -0.224797 0.0
0.0215357 -0.231371 0.0
0.0186097 -0.238008 0.0
0.015647 -0.244852 0.0
0.0126453 -0.252193 0.0
0.0095899 -0.260612 0.0
0.00643809 -0.27124 0.0
0.00308394 -0.286256 0.0
-0.000739942 -0.309923 0.0
-0.00505768 -0.347451 0.0
-0.00938804 -0.398631 0.0
-0.0130701 -0.457016 0.0
-0.0153872 -0.510971 0.0
-0.0156655 -0.544112 0.0
-0.013493 -0.535497 0.0
-0.00909647 -0.461081 0.0
-0.00391378 -0.301746 0.0
-0.00070107 -0.0668411 0.0
0.000291234 0.00238097 0.0
0.00207158 0.0231081 0.0
0.00610356 0.0524825 0.0
0.0119179 0.0860436 0.0
0.0188198 0.119519 0.0
0.0261334 0.150103 0.0
0.0333448 0.176486 0.0
0.0401312 0.198389 0.0
0.046332 0.216107 0.0
0.0519046 0.230189 0.0
0.0568783 0.241233 0.0
0.0613182 0.249783 0.0
0.0652988 0.256278 0.0
0.0688883 0.261055 0.0
0.0721416 0.264358 0.0
0.0750992 0.266362 0.0
0.0777894 0.267199 0.0
0.0802316 0.266973 0.0
0.0824394 0.26577 0.0
0.0844233 0.263674 0.0
0.0861929 0.260764 0.0
0.0877578 0.257118 0.0
0.0891282 0.252818 0.0
0.0903158 0.247943 0.0
0.0913335 0.242573 0.0
0.0921952 0.236787 0.0
0.092916 0.230661 0.0
0.0935118 0.224268 0.0
0.0939986 0.217674 0.0
0.0943927 0.210941 0.0
0.0947103 0.204128 0.0
0.0949669 0.197282 0.0
0.0951768 0.190446 0.0
0.0953536 0.183657 0.0
0.0955091 0.176942 0.0
0.0956535 0.170326 0.0
0.0957952 0.163824 0.0
0.0959411 0.157448 0.0
0.096096 0.151204 0.0
0.0962631 0.145095 0.0
0.0964443 0.139122 0.0
0.0966398 0.133282 0.0
0.0968489 0.127571 0.0
0.09707 0.121983 0.0
0.0973005 0.116511 0.0
0.0975375 0.111151 0.0
0.0977776 0.105894 0.0
0.0980174 0.100734 0.0
0.098253 0.0956653 0.0
0.0984808 0.0906816 0.0
0.0986974 0.0857771 0.0
0.0988991 0.0809466 0.0
0.0990829 0.0761852 0.0
0.0992456 0.071488 0.0
0.0993844 0.0668508 0.0
0.0994966 0.0622693 0.0
0.0995799 0.0577394 0.0
0.099632 0.0532574 0.0
0.0996507 0.0488194 0.0
0.0996343 0.0444218 0.0
0.0995809 0.0400608 0.0
0.0994889 0.0357329 0.0
0.0993568 0.0314344 0.0
0.0991831 0.0271618 0.0
0.0989666 0.0229114 0.0
0.0987059 0.0186797 0.0
0.0983999 0.014463 0.0
0.0980474 0.0102576 0.0
0.097647 0.00605998 0.0
0.0971971 0.00186551 0.0
0.0966989 -0.00233677 0.0
0.096153 -0.00654088 0.0
0.0955566 -0.0107517 0.0
0.0949089 -0.0149737 0.0
0.0942093 -0.0192111 0.0
0.0934573 -0.0234683 0.0
0.0926525 -0.0277497 0.0
0.0917944 -0.0320599 0.0
0.0908826 -0.0364034 0.0
0.0899168 -0.0407851 0.0
0.0888966 -0.04521 0.0
0.0878217 -0.0496832 0.0
0.0866918 -0.0542099 0.0
0.0855066 -0.0587953 0.0
0.0842657 -0.0634451 0.0
0.0829686 -0.0681645 0.0
0.081615 -0.0729591 0.0
0.0802042 -0.0778343 0.0
0.0787356 -0.0827953 0.0
0.0772085 -0.0878473 0.0
0.0756221 -0.0929949 0.0
0.0739752 -0.0982425 0.0
0.0722668 -0.103594 0.0
0.0704957 -0.109052 0.0
0.0686606 -0.11462 0.0
0.06676 -0.120298 0.0
0.0647924 -0.126086 0.0
0.0627565 -0.131984 0.0
0.0606506 -0.137989 0.0
0.0584734 -0.144097 0.0
0.0562237 -0.150302 0.0
0.0539003 -0.156597 0.0
0.0515026 -0.162973 0.0
0.0490302 -0.169418 0.0
0.0464831 -0.175921 0.0
0.0438619 -0.182467 0.0
0.0411679 -0.18904 0.0
0.0384029 -0.195626 0.0
0.0355697 -0.202209 0.0
0.0326718 -0.208776 0.0
0.0297137 -0.21532 0.0
0.0267006 -0.221845 0.0
0.0236384 -0.228374 0.0
0.0205332 -0.234973 0.0
0.0173896 -0.241781 0.0
0.0142076 -0.249081 0.0
0.0109763 -0.257438 0.0
0.00765995 -0.267946 0.0
0.0041682 -0.282704 0.0
0.000257409 -0.30574 0.0
-0.00415681 -0.342901 0.0
-0.00862995 -0.394377 0.0
-0.0124724 -0.453745 0.0
-0.0149712 -0.509425 0.0
-0.0154349 -0.544916 0.0
-0.0134177 -0.538883 0.0
-0.00910457 -0.466405 0.0
-0.00392152 -0.306788 0.0
-0.000695501 -0.0682377 0.0
0.000270531 0.00181921 0.0
0.00196208 0.0201979 0.0
0.005857 0.0474658 0.0
0.0115706 0.0795324 0.0
0.0184616 0.112237 0.0
0.025867 0.142666 0.0
0.0332593 0.16932 0.0
0.0402899 0.191738 0.0
0.0467707 0.210075 0.0
0.0526346 0.224783 0.0
0.0578933 0.236406 0.0
0.0626009 0.245462 0.0
0.0668273 0.252392 0.0
0.0706406 0.257539 0.0
0.0740985 0.261163 0.0
0.0772452 0.263453 0.0
0.0801129 0.264551 0.0
0.0827239 0.264568 0.0
0.0850942 0.263597 0.0
0.0872358 0.261722 0.0
0.0891588 0.259024 0.0
0.090873 0.25558 0.0
0.0923888 0.25147 0.0
0.0937174 0.246774 0.0
0.0948711 0.24157 0.0
0.0958635 0.235936 0.0
0.0967091 0.229946 0.0
0.0974232 0.223673 0.0
0.0980216 0.217183 0.0
0.0985202 0.210539 0.0
0.0989351 0.203798 0.0
0.0992814 0.197009 0.0
0.0995739 0.190216 0.0
0.0998259 0.183457 0.0
0.10005 0.176762 0.0
0.100256 0.170155 0.0
0.100454 0.163655 0.0
0.10065 0.157274 0.0
0.100851 0.151022 0.0
0.10106 0.144902 0.0
0.101279 0.138916 0.0
0.10151 0.133063 0.0
0.101752 0.127339 0.0
0.102004 0.121741 0.0
0.102264 0.116262 0.0
0.102529 0.110897 0.0
0.102797 0.105639 0.0
0.103063 0.100482 0.0
0.103325 0.0954197 0.0
0.103578 0.0904458 0.0
0.10382 0.0855547 0.0
0.104046 0.080741 0.0
0.104254 0.0759994 0.0
0.10444 0.0713252 0.0
0.104601 0.0667136 0.0
0.104735 0.0621604 0.0
0.104839 0.0576613 0.0
0.10491 0.0532121 0.0
0.104947 0.0488091 0.0
0.104948 0.0444483 0.0
0.104909 0.0401259 0.0
0.104831 0.0358382 0.0
0.104711 0.0315814 0.0
0.104548 0.0273519 0.0
0.10434 0.023146 0.0
0.104086 0.0189599 0.0
0.103785 0.0147899 0.0
0.103435 0.0106325 0.0
0.103037 0.00648368 0.0
0.10259 0.00233896 0.0
0.102091 -0.00181283 0.0
0.101538 -0.0059657 0.0
0.100932 -0.0101246 0.0
0.100273 -0.014294 0.0
0.0995599 -0.0184783 0.0
0.0987926 -0.0226818 0.0
0.0979703 -0.026909 0.0
0.0970925 -0.0311645 0.0
0.0961587 -0.035453 0.0
0.0951685 -0.0397794 0.0
0.0941214 -0.0441485 0.0
0.0930171 -0.0485655 0.0
0.0918551 -0.0530356 0.0
0.0906349 -0.0575642 0.0
0.0893561 -0.0621565 0.0
0.0880181 -0.066818 0.0
0.0866203 -0.0715541 0.0
0.0851619 -0.0763701 0.0
0.0836421 -0.0812711 0.0
0.08206 -0.0862622 0.0
0.0804144 -0.0913479 0.0
0.0787043 -0.0965325 0.0
0.0769282 -0.10182 0.0
0.0750848 -0.107212 0.0
0.0731725 -0.112712 0.0
0.0711896 -0.118321 0.0
0.0691345 -0.124039 0.0
0.0670054 -0.129865 0.0
0.0648007 -0.135797 0.0
0.0625188 -0.14183 0.0
0.0601583 -0.147959 0.0
0.057718 -0.154177 0.0
0.0551971 -0.160474 0.0
0.052595 -0.166842 0.0
0.0499118 -0.173267 0.0
0.0471482 -0.179736 0.0
0.0443053 -0.186234 0.0
0.0413851 -0.192747 0.0
0.0383907 -0.19926 0.0
0.0353257 -0.205762 0.0
0.0321951 -0.212246 0.0
0.0290046 -0.218716 0.0
0.0257609 -0.225198 0.0
0.022471 -0.231755 0.0
0.019141 -0.238525 0.0
0.0157732 -0.245787 0.0
0.01236 -0.254087 0.0
0.00887149 -0.264491 0.0
0.0052295 -0.279025 0.0
0.0012279 -0.301507 0.0
-0.00328317 -0.338209 0.0
-0.00790409 -0.389975 0.0
-0.0119078 -0.450301 0.0
-0.0145888 -0.50769 0.0
-0.0152368 -0.54554 0.0
-0.013371 -0.542142 0.0
-0.00913323 -0.471697 0.0
-0.00393675 -0.311875 0.0
-0.000689822 -0.069623 0.0
0.000249741 0.00129893 0.0
0.00184813 0.0174283 0.0
0.00559102 0.0425976 0.0
0.0111777 0.0731002 0.0
0.0180255 0.104931 0.0
0.0254905 0.135102 0.0
0.0330358 0.161946 0.0
0.0402894 0.184828 0.0
0.0470363 0.203758 0.0
0.0531847 0.219088 0.0
0.0587271 0.2313 0.0
0.0637053 0.240883 0.0
0.0681826 0.248268 0.0
0.0722259 0.253806 0.0
0.0758946 0.257769 0.0
0.0792363 0.260358 0.0
0.0822868 0.261727 0.0
0.0850718 0.261995 0.0
0.0876096 0.261261 0.0
0.089914 0.259612 0.0
0.0919961 0.257129 0.0
0.0938661 0.25389 0.0
0.0955342 0.249976 0.0
0.0970115 0.245463 0.0
0.0983097 0.24043 0.0
0.0994419 0.234952 0.0
0.100422 0.229105 0.0
0.101264 0.222958 0.0
0.101985 0.216579 0.0
0.102599 0.21003 0.0
0.103122 0.203369 0.0
0.103569 0.196644 0.0
0.103954 0.189903 0.0
0.104292 0.183181 0.0
0.104595 0.176512 0.0
0.104872 0.169921 0.0
0.105135 0.163429 0.0
0.10539 0.157049 0.0
0.105645 0.150792 0.0
0.105902 0.144665 0.0
0.106166 0.13867 0.0
0.106437 0.132807 0.0
0.106717 0.127074 0.0
0.107004 0.121467 0.0
0.107297 0.115983 0.0
0.107594 0.110615 0.0
0.107892 0.105357 0.0
0.108187 0.100203 0.0
0.108477 0.0951474 0.0
0.108758 0.090184 0.0
0.109026 0.0853068 0.0
0.109278 0.0805104 0.0
0.109511 0.0757895 0.0
0.109721 0.071139 0.0
0.109906 0.066554 0.0
0.110062 0.0620301 0.0
0.110187 0.0575627 0.0
0.110279 0.0531477 0.0
0.110334 0.048781 0.0
0.110352 0.0444584 0.0
0.11033 0.0401761 0.0
0.110266 0.0359302 0.0
0.110159 0.0317168 0.0
0.110006 0.0275322 0.0
0.109808 0.0233725 0.0
0.109561 0.0192339 0.0
0.109266 0.0151125 0.0
0.10892 0.0110046 0.0
0.108524 0.00690601 0.0
0.108076 0.00281196 0.0
0.107574 -0.00128476 0.0
0.107017 -0.0053836 0.0
0.106404 -0.00948829 0.0
0.105736 -0.013603 0.0
0.105012 -0.0177319 0.0
0.104231 -0.0218796 0.0
0.103392 -0.0260504 0.0
0.102495 -0.0302489 0.0
0.101541 -0.03448 0.0
0.100527 -0.0387484 0.0
0.0994537 -0.0430592 0.0
0.0983206 -0.0474173 0.0
0.0971269 -0.0518281 0.0
0.0958723 -0.0562968 0.0
0.0945558 -0.0608286 0.0
0.0931769 -0.0654289 0.0
0.0917348 -0.0701031 0.0
0.0902284 -0.0748563 0.0
0.0886569 -0.0796935 0.0
0.087019 -0.0846197 0.0
0.0853134 -0.0896393 0.0
0.0835389 -0.0947564 0.0
0.0816937 -0.0999744 0.0
0.0797762 -0.105296 0.0
0.0777847 -0.110724 0.0
0.0757173 -0.116259 0.0
0.073572 -0.121901 0.0
0.071347 -0.12765 0.0
0.0690404 -0.133501 0.0
0.0666504 -0.139453 0.0
0.0641755 -0.1455 0.0
0.0616144 -0.151634 0.0
0.058966 -0.157848 0.0
0.0562298 -0.16413 0.0
0.0534059 -0.170471 0.0
0.0504948 -0.176857 0.0
0.0474979 -0.183273 0.0
0.0444173 -0.189707 0.0
0.0412561 -0.196145 0.0
0.0380184 -0.202575 0.0
0.0347096 -0.208993 0.0
0.0313359 -0.215404 0.0
0.0279048 -0.221834 0.0
0.0244244 -0.228348 0.0
0.0209024 -0.23508 0.0
0.0173431 -0.242304 0.0
0.0137422 -0.250555 0.0
0.0100749 -0.260867 0.0
0.00627308 -0.275205 0.0
0.00217253 -0.297225 0.0
-0.00243983 -0.333368 0.0
-0.00721078 -0.385424 0.0
-0.0113767 -0.446682 0.0
-0.0142408 -0.505764 0.0
-0.0150726 -0.545986 0.0
-0.0133548 -0.545279 0.0
-0.00918406 -0.476968 0.0
-0.00395997 -0.317025 0.0
-0.000683885 -0.0709967 0.0
0.000229049 0.000820145 0.0
0.00173086 0.0148069 0.0
0.00530823 0.0378987 0.0
0.0107428 0.0667778 0.0
0.0175147 0.0976335 0.0
0.0250056 0.127444 0.0
0.0326735 0.154392 0.0
0.0401258 0.177676 0.0
0.0471219 0.197167 0.0
0.0535451 0.213108 0.0
0.0593677 0.225915 0.0
0.0646175 0.23604 0.0
0.0693499 0.243901 0.0
0.0736289 0.249851 0.0
0.0775145 0.25417 0.0
0.0810572 0.257072 0.0
0.0842962 0.258723 0.0
0.0872604 0.25925 0.0
0.089971 0.258758 0.0
0.0924437 0.257338 0.0
0.0946907 0.255073 0.0
0.0967229 0.252044 0.0
0.0985506 0.248327 0.0
0.100184 0.244001 0.0
0.101636 0.239142 0.0
0.102917 0.233826 0.0
0.104042 0.228126 0.0
0.105023 0.222112 0.0
0.105877 0.215851 0.0
0.106617 0.209404 0.0
0.10726 0.202829 0.0
0.107819 0.196177 0.0
0.108309 0.189494 0.0
0.108744 0.182817 0.0
0.109136 0.176182 0.0
0.109495 0.169614 0.0
0.109833 0.163135 0.0
0.110157 0.156763 0.0
0.110473 0.150508 0.0
0.110788 0.144378 0.0
0.111103 0.138378 0.0
0.111422 0.132508 0.0
0.111745 0.126769 0.0
0.112073 0.121157 0.0
0.112404 0.115669 0.0
0.112736 0.110299 0.0
0.113067 0.105043 0.0
0.113394 0.0998939 0.0
0.113715 0.0948463 0.0
0.114025 0.0898943 0.0
0.114321 0.085032 0.0
0.114601 0.0802538 0.0
0.11486 0.0755543 0.0
0.115095 0.0709284 0.0
0.115304 0.066371 0.0
0.115484 0.0618775 0.0
0.115631 0.057443 0.0
0.115744 0.0530634 0.0
0.115819 0.0487342 0.0
0.115855 0.0444514 0.0
0.115849 0.0402107 0.0
0.115801 0.0360082 0.0
0.115707 0.0318399 0.0
0.115567 0.0277019 0.0
0.115378 0.0235902 0.0
0.11514 0.0195009 0.0
0.114851 0.0154301 0.0
0.11451 0.0113737 0.0
0.114115 0.00732754 0.0
0.113667 0.00328703 0.0
0.113163 -0.000753852 0.0
0.112602 -0.00479647 0.0
0.111983 -0.00884455 0.0
0.111307 -0.0129021 0.0
0.110572 -0.0169734 0.0
0.109778 -0.0210628 0.0
0.108924 -0.0251748 0.0
0.10801 -0.029314 0.0
0.107035 -0.0334851 0.0
0.105999 -0.037693 0.0
0.1049 -0.0419427 0.0
0.103739 -0.0462393 0.0
0.102514 -0.0505878 0.0
0.101225 -0.0549934 0.0
0.0998715 -0.0594615 0.0
0.0984516 -0.0639972 0.0
0.0969649 -0.0686059 0.0
0.0954101 -0.0732924 0.0
0.0937862 -0.0780619 0.0
0.0920916 -0.0829189 0.0
0.0903249 -0.0878679 0.0
0.0884845 -0.0929127 0.0
0.0865686 -0.0980569 0.0
0.0845752 -0.103303 0.0
0.0825024 -0.108653 0.0
0.080348 -0.114108 0.0
0.07811 -0.119669 0.0
0.0757861 -0.125333 0.0
0.0733743 -0.131099 0.0
0.0708727 -0.136964 0.0
0.0682796 -0.142921 0.0
0.0655935 -0.148965 0.0
0.0628133 -0.155088 0.0
0.0599384 -0.161279 0.0
0.0569688 -0.167529 0.0
0.0539052 -0.173824 0.0
0.0507489 -0.180153 0.0
0.0475022 -0.186501 0.0
0.0441686 -0.192856 0.0
0.0407523 -0.19921 0.0
0.0372593 -0.205557 0.0
0.0336963 -0.211904 0.0
0.0300718 -0.218279 0.0
0.0263949 -0.224746 0.0
0.0226749 -0.23144 0.0
0.0189183 -0.238629 0.0
0.0151243 -0.246836 0.0
0.011273 -0.257068 0.0
0.00730522 -0.271234 0.0
0.00308598 -0.292875 0.0
-0.00163343 -0.328386 0.0
-0.0065463 -0.380723 0.0
-0.0108785 -0.442885 0.0
-0.0139286 -0.503646 0.0
-0.0149446 -0.546256 0.0
-0.0133716 -0.5483 0.0
-0.0092592 -0.48223 0.0
-0.00399202 -0.322254 0.0
-0.000677601 -0.0723582 0.0
0.000208644 0.000382452 0.0
0.00161142 0.01234 0.0
0.00501147 0.0333882 0.0
0.0102699 0.0605953 0.0
0.0169334 0.0903805 0.0
0.0244149 0.119724 0.0
0.0321726 0.146685 0.0
0.0397966 0.170306 0.0
0.0470216 0.190316 0.0
0.0537068 0.206851 0.0
0.0598034 0.220253 0.0
0.0653238 0.230932 0.0
0.0703139 0.239286 0.0
0.0748334 0.245667 0.0
0.0789418 0.25036 0.0
0.0826914 0.25359 0.0
0.0861247 0.255533 0.0
0.0892739 0.256327 0.0
0.0921629 0.256082 0.0
0.0948096 0.254895 0.0
0.0972276 0.252851 0.0
0.0994286 0.250032 0.0
0.101423 0.246516 0.0
0.103221 0.24238 0.0
0.104835 0.237699 0.0
0.106275 0.232548 0.0
0.107554 0.227 0.0
0.108686 0.221125 0.0
0.109684 0.214987 0.0
0.110562 0.208649 0.0
0.111336 0.202168 0.0
0.11202 0.195596 0.0
0.112627 0.188978 0.0
0.113171 0.182355 0.0
0.113664 0.17576 0.0
0.114117 0.169222 0.0
0.114541 0.162765 0.0
0.114944 0.156406 0.0
0.115332 0.150159 0.0
0.115712 0.144032 0.0
0.116088 0.138032 0.0
0.116462 0.132161 0.0
0.116836 0.126419 0.0
0.11721 0.120805 0.0
0.117584 0.115316 0.0
0.117957 0.109948 0.0
0.118326 0.104695 0.0
0.118688 0.099552 0.0
0.119042 0.0945138 0.0
0.119385 0.0895745 0.0
0.119712 0.0847282 0.0
0.12002 0.0799694 0.0
0.120308 0.0752925 0.0
0.12057 0.0706923 0.0
0.120804 0.0661636 0.0
0.121008 0.0617015 0.0
0.121179 0.0573013 0.0
0.121313 0.0529583 0.0
0.121409 0.0486682 0.0
0.121464 0.0444264 0.0
0.121476 0.0402289 0.0
0.121444 0.0360714 0.0
0.121364 0.0319499 0.0
0.121236 0.0278602 0.0
0.121059 0.0237984 0.0
0.120829 0.0197603 0.0
0.120547 0.0157419 0.0
0.120211 0.0117391 0.0
0.11982 0.00774771 0.0
0.119372 0.00376312 0.0
0.118866 -0.000220078 0.0
0.118302 -0.00420472 0.0
0.117678 -0.00819415 0.0
0.116994 -0.0121924 0.0
0.11625 -0.0162037 0.0
0.115444 -0.0202325 0.0
0.114576 -0.0242833 0.0
0.113645 -0.0283606 0.0
0.112651 -0.0324692 0.0
0.111593 -0.036614 0.0
0.110469 -0.0407998 0.0
0.10928 -0.0450317 0.0
0.108024 -0.0493148 0.0
0.106701 -0.0536543 0.0
0.10531 -0.0580552 0.0
0.103849 -0.0625227 0.0
0.102317 -0.0670619 0.0
0.100713 -0.0716778 0.0
0.0990359 -0.0763752 0.0
0.0972836 -0.0811587 0.0
0.0954545 -0.0860324 0.0
0.0935468 -0.0910001 0.0
0.0915583 -0.0960651 0.0
0.089487 -0.10123 0.0
0.0873306 -0.106497 0.0
0.0850867 -0.111866 0.0
0.082753 -0.117339 0.0
0.0803271 -0.122913 0.0
0.0778067 -0.128587 0.0
0.0751899 -0.134357 0.0
0.0724745 -0.140219 0.0
0.0696592 -0.146166 0.0
0.0667426 -0.15219 0.0
0.0637243 -0.158283 0.0
0.060604 -0.164435 0.0
0.0573825 -0.170633 0.0
0.0540613 -0.176866 0.0
0.0506429 -0.183122 0.0
0.0471308 -0.189389 0.0
0.0435299 -0.195659 0.0
0.0398463 -0.20193 0.0
0.0360878 -0.208209 0.0
0.0322635 -0.214525 0.0
0.0283838 -0.220943 0.0
0.0244595 -0.227598 0.0
0.0204998 -0.234754 0.0
0.0165068 -0.242924 0.0
0.0124663 -0.253089 0.0
0.00832742 -0.267107 0.0
0.00396836 -0.288424 0.0
-0.000864211 -0.323285 0.0
-0.0059102 -0.375864 0.0
-0.0104147 -0.438907 0.0
-0.0136546 -0.501335 0.0
-0.0148559 -0.54635 0.0
-0.0134248 -0.55121 0.0
-0.00936161 -0.487496 0.0
-0.00403415 -0.327583 0.0
-0.000671001 -0.0737068 0.0
0.000188684 -1.48756e-05 0.0
0.00149094 0.0100323 0.0
0.00470376 0.029083 0.0
0.0097637 0.0545821 0.0
0.0162865 0.0832075 0.0
0.0237223 0.11198 0.0
0.0315349 0.138859 0.0
0.0393004 0.162743 0.0
0.046731 0.183223 0.0
0.0536619 0.200327 0.0
0.0600232 0.214319 0.0
0.0658107 0.225558 0.0
0.0710593 0.234421 0.0
0.0758229 0.241249 0.0
0.0801592 0.246333 0.0
0.0841217 0.249905 0.0
0.0877552 0.252152 0.0
0.0910952 0.253219 0.0
0.0941685 0.253227 0.0
0.096995 0.252277 0.0
0.0995904 0.250456 0.0
0.101967 0.24785 0.0
0.104136 0.244535 0.0
0.106107 0.240591 0.0
0.107891 0.23609 0.0
0.1095 0.231109 0.0
0.110944 0.225717 0.0
0.112237 0.219984 0.0
0.113391 0.213975 0.0
0.114421 0.207753 0.0
0.115339 0.201373 0.0
0.116159 0.194887 0.0
0.116896 0.188343 0.0
0.117562 0.18178 0.0
0.118169 0.175234 0.0
0.118729 0.168735 0.0
0.11925 0.162307 0.0
0.119743 0.155969 0.0
0.120215 0.149736 0.0
0.120671 0.143619 0.0
0.121117 0.137624 0.0
0.121555 0.131757 0.0
0.121987 0.126017 0.0
0.122415 0.120405 0.0
0.122839 0.114919 0.0
0.123257 0.109554 0.0
0.123669 0.104307 0.0
0.124072 0.0991734 0.0
0.124464 0.0941467 0.0
0.124841 0.0892219 0.0
0.125202 0.0843932 0.0
0.125543 0.0796552 0.0
0.12586 0.0750023 0.0
0.126151 0.0704291 0.0
0.126413 0.0659304 0.0
0.126643 0.0615011 0.0
0.126838 0.0571364 0.0
0.126995 0.0528315 0.0
0.127112 0.0485817 0.0
0.127187 0.0443827 0.0
0.127218 0.0402299 0.0
0.127202 0.036119 0.0
0.127138 0.0320459 0.0
0.127024 0.0280064 0.0
0.126858 0.0239962 0.0
0.126638 0.0200112 0.0
0.126364 0.0160473 0.0
0.126034 0.0121002 0.0
0.125646 0.00816575 0.0
0.125199 0.00423933 0.0
0.124693 0.000315967 0.0
0.124126 -0.00360891 0.0
0.123497 -0.00753775 0.0
0.122807 -0.0114746 0.0
0.122054 -0.0154238 0.0
0.121237 -0.0193896 0.0
0.120355 -0.0233766 0.0
0.119408 -0.0273895 0.0
0.118395 -0.0314329 0.0
0.117315 -0.0355117 0.0
0.116167 -0.0396307 0.0
0.11495 -0.0437949 0.0
0.113664 -0.0480094 0.0
0.112306 -0.0522791 0.0
0.110877 -0.0566092 0.0
0.109374 -0.0610048 0.0
0.107797 -0.0654706 0.0
0.106143 -0.0700117 0.0
0.104412 -0.0746326 0.0
0.1026 -0.0793378 0.0
0.100707 -0.0841312 0.0
0.0987307 -0.0890167 0.0
0.0966678 -0.0939972 0.0
0.0945164 -0.0990752 0.0
0.0922738 -0.104253 0.0
0.0899377 -0.10953 0.0
0.0875053 -0.114909 0.0
0.0849741 -0.120386 0.0
0.0823417 -0.125961 0.0
0.0796057 -0.13163 0.0
0.0767641 -0.137389 0.0
0.0738151 -0.143232 0.0
0.0707576 -0.149151 0.0
0.0675908 -0.155138 0.0
0.0643147 -0.161184 0.0
0.0609299 -0.167278 0.0
0.0574381 -0.173408 0.0
0.0538419 -0.179565 0.0
0.0501453 -0.185737 0.0
0.0463534 -0.191918 0.0
0.0424729 -0.198107 0.0
0.0385122 -0.204313 0.0
0.0344815 -0.210566 0.0
0.0303924 -0.216933 0.0
0.0262574 -0.223549 0.0
0.0220879 -0.230674 0.0
0.0178898 -0.238813 0.0
0.0136536 -0.248923 0.0
0.00933599 -0.262816 0.0
0.00482544 -0.283845 0.0
-0.000125436 -0.31808 0.0
-0.00530552 -0.370843 0.0
-0.00998809 -0.434741 0.0
-0.0134222 -0.498826 0.0
-0.0148107 -0.546269 0.0
-0.0135189 -0.554014 0.0
-0.00949528 -0.492778 0.0
-0.00408834 -0.333035 0.0
-0.000664332 -0.0750422 0.0
0.000169082 -0.000372641 0.0
0.00137025 0.00788662 0.0
0.00438814 0.024998 0.0
0.0092293 0.048766 0.0
0.0155799 0.0761502 0.0
0.022933 0.104248 0.0
0.0307636 0.130948 0.0
0.0386375 0.155015 0.0
0.046247 0.175911 0.0
0.0534039 0.193552 0.0
0.0600172 0.208119 0.0
0.0660653 0.219922 0.0
0.0715709 0.229303 0.0
0.0765805 0.236594 0.0
0.0811489 0.242083 0.0
0.0853296 0.246011 0.0
0.0891693 0.248572 0.0
0.0927061 0.249922 0.0
0.0959696 0.250188 0.0
0.0989824 0.249477 0.0
0.101762 0.247882 0.0
0.104321 0.245489 0.0
0.106671 0.242377 0.0
0.108824 0.238625 0.0
0.110788 0.234307 0.0
0.112575 0.229496 0.0
0.114196 0.224264 0.0
0.115661 0.218678 0.0
0.116984 0.212804 0.0
0.118176 0.206702 0.0
0.119252 0.200429 0.0
0.120223 0.194038 0.0
0.121103 0.187575 0.0
0.121905 0.181081 0.0
0.122639 0.174592 0.0
0.123318 0.168139 0.0
0.123951 0.161748 0.0
0.124547 0.155439 0.0
0.125113 0.149228 0.0
0.125657 0.143127 0.0
0.126183 0.137145 0.0
0.126695 0.131286 0.0
0.127195 0.125554 0.0
0.127685 0.119949 0.0
0.128166 0.11447 0.0
0.128638 0.109113 0.0
0.129099 0.103876 0.0
0.129547 0.0987535 0.0
0.129981 0.0937409 0.0
0.130398 0.0888328 0.0
0.130796 0.0840239 0.0
0.131172 0.0793085 0.0
0.131522 0.0746813 0.0
0.131844 0.0701367 0.0
0.132136 0.0656696 0.0
0.132393 0.0612747 0.0
0.132614 0.056947 0.0
0.132796 0.0526817 0.0
0.132936 0.0484739 0.0
0.133033 0.0443191 0.0
0.133083 0.0402126 0.0
0.133085 0.0361501 0.0
0.133037 0.0321272 0.0
0.132937 0.0281395 0.0
0.132783 0.0241829 0.0
0.132574 0.0202529 0.0
0.132309 0.0163454 0.0
0.131985 0.0124562 0.0
0.131602 0.00858085 0.0
0.131157 0.00471497 0.0
0.130651 0.000853554 0.0
0.130081 -0.00300983 0.0
0.129449 -0.00687619 0.0
0.128753 -0.0107495 0.0
0.127992 -0.0146342 0.0
0.127164 -0.0185347 0.0
0.12627 -0.0224554 0.0
0.125307 -0.0264012 0.0
0.124275 -0.0303766 0.0
0.123174 -0.0343864 0.0
0.122001 -0.0384355 0.0
0.120757 -0.0425288 0.0
0.119439 -0.0466712 0.0
0.118047 -0.0508678 0.0
0.116579 -0.0551233 0.0
0.115034 -0.0594428 0.0
0.11341 -0.0638312 0.0
0.111706 -0.068293 0.0
0.109919 -0.0728327 0.0
0.108047 -0.0774547 0.0
0.106089 -0.0821628 0.0
0.104041 -0.0869605 0.0
0.101901 -0.0918508 0.0
0.0996675 -0.0968361 0.0
0.0973363 -0.101918 0.0
0.094905 -0.107098 0.0
0.0923709 -0.112375 0.0
0.089731 -0.117749 0.0
0.0869828 -0.123218 0.0
0.0841237 -0.128779 0.0
0.0811516 -0.134427 0.0
0.0780646 -0.140158 0.0
0.0748614 -0.145964 0.0
0.0715411 -0.151838 0.0
0.0681038 -0.15777 0.0
0.0645502 -0.163753 0.0
0.060882 -0.169774 0.0
0.0571021 -0.175824 0.0
0.0532146 -0.181894 0.0
0.0492251 -0.18798 0.0
0.045141 -0.194081 0.0
0.0409714 -0.200209 0.0
0.0367274 -0.206396 0.0
0.032422 -0.212709 0.0
0.0280694 -0.219285 0.0
0.0236834 -0.226383 0.0
0.0192733 -0.234496 0.0
0.0148345 -0.244564 0.0
0.0103302 -0.258353 0.0
0.00565867 -0.279127 0.0
0.000585532 -0.312775 0.0
-0.00473259 -0.36565 0.0
-0.00960174 -0.430382 0.0
-0.013236 -0.496116 0.0
-0.0148147 -0.546012 0.0
-0.0136601 -0.556718 0.0
-0.00966559 -0.498093 0.0
-0.00415752 -0.338635 0.0
-0.000658179 -0.0763647 0.0
0.000150279 -0.000692002 0.0
0.00125089 0.0059042 0.0
0.00406809 0.0211453 0.0
0.00867234 0.0431733 0.0
0.0148204 0.0692443 0.0
0.0220536 0.0965681 0.0
0.0298634 0.122987 0.0
0.0378101 0.147155 0.0
0.045568 0.168404 0.0
0.0529276 0.186542 0.0
0.0597766 0.201667 0.0
0.0660755 0.214027 0.0
0.0718339 0.223934 0.0
0.0770895 0.231699 0.0
0.0818927 0.237607 0.0
0.0862961 0.241903 0.0
0.0903475 0.244789 0.0
0.0940871 0.246429 0.0
0.0975472 0.246958 0.0
0.100753 0.246489 0.0
0.103722 0.245121 0.0
0.106472 0.242942 0.0
0.109012 0.240033 0.0
0.111354 0.236474 0.0
0.113508 0.232339 0.0
0.115484 0.227702 0.0
0.117291 0.222631 0.0
0.118941 0.217196 0.0
0.120445 0.21146 0.0
0.121814 0.205484 0.0
0.12306 0.199325 0.0
0.124196 0.193035 0.0
0.125233 0.18666 0.0
0.126185 0.180243 0.0
0.127061 0.173819 0.0
0.127873 0.167421 0.0
0.128631 0.161076 0.0
0.129343 0.154803 0.0
0.130017 0.148622 0.0
0.130661 0.142546 0.0
0.131279 0.136583 0.0
0.131876 0.13074 0.0
0.132454 0.125022 0.0
0.133016 0.119429 0.0
0.133563 0.113962 0.0
0.134096 0.108618 0.0
0.134612 0.103394 0.0
0.135113 0.0982867 0.0
0.135595 0.0932914 0.0
0.136057 0.088403 0.0
0.136497 0.0836163 0.0
0.136911 0.078926 0.0
0.137298 0.0743266 0.0
0.137655 0.0698127 0.0
0.137978 0.065379 0.0
0.138266 0.0610203 0.0
0.138515 0.0567314 0.0
0.138723 0.0525074 0.0
0.138888 0.0483433 0.0
0.139007 0.0442344 0.0
0.139078 0.0401761 0.0
0.139099 0.0361637 0.0
0.139068 0.0321927 0.0
0.138983 0.0282588 0.0
0.138843 0.0243575 0.0
0.138645 0.0204845 0.0
0.138389 0.0166355 0.0
0.138073 0.0128061 0.0
0.137695 0.00899211 0.0
0.137254 0.00518915 0.0
0.136748 0.00139229 0.0
0.136177 -0.00240867 0.0
0.135543 -0.00621047 0.0
0.134842 -0.0100179 0.0
0.134073 -0.0138356 0.0
0.133235 -0.0176681 0.0
0.132328 -0.0215199 0.0
0.131349 -0.0253957 0.0
0.130299 -0.0293002 0.0
0.129176 -0.033238 0.0
0.127978 -0.0372141 0.0
0.126706 -0.0412331 0.0
0.125356 -0.0453 0.0
0.123929 -0.0494195 0.0
0.122422 -0.0535967 0.0
0.120834 -0.0578361 0.0
0.119162 -0.0621425 0.0
0.117406 -0.0665205 0.0
0.115562 -0.0709742 0.0
0.113628 -0.075508 0.0
0.111602 -0.0801253 0.0
0.109482 -0.0848297 0.0
0.107263 -0.0896238 0.0
0.104944 -0.0945101 0.0
0.102521 -0.0994902 0.0
0.0999921 -0.104565 0.0
0.0973528 -0.109734 0.0
0.0946008 -0.114998 0.0
0.091733 -0.120353 0.0
0.0887469 -0.125798 0.0
0.08564 -0.131329 0.0
0.0824105 -0.13694 0.0
0.0790567 -0.142625 0.0
0.075578 -0.148378 0.0
0.0719742 -0.154189 0.0
0.0682461 -0.160052 0.0
0.0643957 -0.165956 0.0
0.0604258 -0.171892 0.0
0.0563411 -0.177854 0.0
0.0521475 -0.183837 0.0
0.047853 -0.189845 0.0
0.0434675 -0.19589 0.0
0.0390031 -0.202006 0.0
0.0344742 -0.208264 0.0
0.0298968 -0.2148 0.0
0.0252873 -0.221872 0.0
0.0206582 -0.229967 0.0
0.0160095 -0.240006 0.0
0.0113111 -0.253709 0.0
0.00647077 -0.274259 0.0
0.00126987 -0.307369 0.0
-0.0041938 -0.360274 0.0
-0.00925946 -0.425823 0.0
-0.0131012 -0.493199 0.0
-0.014875 -0.545576 0.0
-0.0138562 -0.559327 0.0
-0.00987971 -0.503454 0.0
-0.00424601 -0.344415 0.0
-0.000653644 -0.0776765 0.0
0.00013239 -0.00097467 0.0
0.00113405 0.0040846 0.0
0.00374706 0.0175347 0.0
0.00809884 0.0378279 0.0
0.0140158 0.0625246 0.0
0.0210917 0.0889788 0.0
0.0288407 0.115018 0.0
0.0368217 0.139197 0.0
0.0446945 0.160731 0.0
0.0522295 0.17932 0.0
0.059294 0.194975 0.0
0.0658304 0.207884 0.0
0.071834 0.218315 0.0
0.0773329 0.226562 0.0
0.082372 0.232901 0.0
0.0870015 0.237577 0.0
0.0912694 0.240796 0.0
0.0952177 0.242733 0.0
0.0988806 0.24353 0.0
0.102286 0.243306 0.0
0.105453 0.242166 0.0
0.1084 0.240201 0.0
0.111138 0.237495 0.0
0.113679 0.234129 0.0
0.116033 0.230177 0.0
0.118208 0.225713 0.0
0.120213 0.220806 0.0
0.12206 0.215524 0.0
0.123757 0.209931 0.0
0.125315 0.204086 0.0
0.126746 0.198046 0.0
0.128061 0.191864 0.0
0.12927 0.185585 0.0
0.130386 0.179251 0.0
0.131419 0.172902 0.0
0.132379 0.166567 0.0
0.133276 0.160275 0.0
0.134119 0.154049 0.0
0.134915 0.147906 0.0
0.135672 0.141862 0.0
0.136395 0.135926 0.0
0.137088 0.130107 0.0
0.137756 0.124409 0.0
0.138401 0.118835 0.0
0.139024 0.113386 0.0
0.139626 0.108059 0.0
0.140207 0.102854 0.0
0.140767 0.0977664 0.0
0.141304 0.0927923 0.0
0.141817 0.0879271 0.0
0.142304 0.0831659 0.0
0.142763 0.0785034 0.0
0.14319 0.0739345 0.0
0.143585 0.0694538 0.0
0.143944 0.0650558 0.0
0.144264 0.0607354 0.0
0.144544 0.0564874 0.0
0.144781 0.0523067 0.0
0.144972 0.0481882 0.0
0.145115 0.0441272 0.0
0.145209 0.0401189 0.0
0.14525 0.0361585 0.0
0.145238 0.0322414 0.0
0.145169 0.0283631 0.0
0.145044 0.0245192 0.0
0.144859 0.0207051 0.0
0.144613 0.0169165 0.0
0.144305 0.013149 0.0
0.143934 0.00939832 0.0
0.143498 0.0056601 0.0
0.142996 0.00192942 0.0
0.142427 -0.00180603 0.0
0.141789 -0.00554058 0.0
0.141082 -0.00927954 0.0
0.140305 -0.0130277 0.0
0.139456 -0.0167895 0.0
0.138535 -0.0205697 0.0
0.13754 -0.0243728 0.0
0.136471 -0.0282034 0.0
0.135326 -0.0320662 0.0
0.134103 -0.0359659 0.0
0.132802 -0.0399072 0.0
0.13142 -0.0438949 0.0
0.129957 -0.0479337 0.0
0.12841 -0.0520284 0.0
0.126777 -0.0561834 0.0
0.125057 -0.0604034 0.0
0.123247 -0.0646927 0.0
0.121344 -0.0690555 0.0
0.119347 -0.0734956 0.0
0.117252 -0.0780166 0.0
0.115056 -0.0826217 0.0
0.112756 -0.0873136 0.0
0.110349 -0.0920945 0.0
0.107832 -0.096966 0.0
0.105201 -0.101929 0.0
0.102454 -0.106983 0.0
0.0995859 -0.112129 0.0
0.0965948 -0.117363 0.0
0.0934776 -0.122685 0.0
0.0902317 -0.128089 0.0
0.0868551 -0.133573 0.0
0.0833461 -0.139129 0.0
0.0797038 -0.144752 0.0
0.0759282 -0.150435 0.0
0.0720201 -0.15617 0.0
0.0679815 -0.161948 0.0
0.0638156 -0.167763 0.0
0.0595272 -0.173609 0.0
0.0551228 -0.179484 0.0
0.050611 -0.185392 0.0
0.0460024 -0.191349 0.0
0.0413105 -0.197391 0.0
0.0365508 -0.203591 0.0
0.0317415 -0.210087 0.0
0.0269011 -0.217136 0.0
0.0220457 -0.225219 0.0
0.0171799 -0.235239 0.0
0.0122797 -0.248877 0.0
0.0072622 -0.269233 0.0
0.00192787 -0.301859 0.0
-0.00369033 -0.354702 0.0
-0.00896529 -0.421055 0.0
-0.0130244 -0.490067 0.0
-0.0150003 -0.544959 0.0
-0.0141171 -0.561847 0.0
-0.0101471 -0.508882 0.0
-0.00435999 -0.350409 0.0
-0.000652585 -0.0789827 0.0
0.000115428 -0.00122249 0.0
0.00102073 0.00242546 0.0
0.00342843 0.0141731 0.0
0.00751493 0.0327512 0.0
0.0131743 0.056025 0.0
0.0200562 0.0815206 0.0
0.0277032 0.10708 0.0
0.0356778 0.131179 0.0
0.0436286 0.152925 0.0
0.0513079 0.171912 0.0
0.0585634 0.188064 0.0
0.0653198 0.201502 0.0
0.0715577 0.212455 0.0
0.0772944 0.221187 0.0
0.0825681 0.227964 0.0
0.0874256 0.233027 0.0
0.091914 0.23659 0.0
0.0960763 0.23883 0.0
0.0999485 0.239898 0.0
0.10356 0.239922 0.0
0.106933 0.23901 0.0
0.110085 0.237258 0.0
0.11303 0.234754 0.0
0.115779 0.23158 0.0
0.118342 0.227811 0.0
0.120727 0.22352 0.0
0.122942 0.218778 0.0
0.124997 0.213651 0.0
0.126901 0.208203 0.0
0.128663 0.202493 0.0
0.130292 0.196578 0.0
0.1318 0.190509 0.0
0.133197 0.184333 0.0
0.134492 0.178092 0.0
0.135697 0.171824 0.0
0.136821 0.165561 0.0
0.137872 0.159332 0.0
0.138861 0.153161 0.0
0.139793 0.147065 0.0
0.140678 0.141062 0.0
0.141519 0.135162 0.0
0.142323 0.129374 0.0
0.143092 0.123704 0.0
0.143831 0.118157 0.0
0.144541 0.112732 0.0
0.145223 0.107429 0.0
0.145878 0.102248 0.0
0.146506 0.0971849 0.0
0.147106 0.0922366 0.0
0.147677 0.0873988 0.0
0.148217 0.082667 0.0
0.148725 0.078036 0.0
0.149199 0.0735007 0.0
0.149636 0.069056 0.0
0.150034 0.0646966 0.0
0.150391 0.0604171 0.0
0.150705 0.0562123 0.0
0.150973 0.0520772 0.0
0.151193 0.0480066 0.0
0.151363 0.0439956 0.0
0.151481 0.0400393 0.0
0.151544 0.036133 0.0
0.151552 0.0322718 0.0
0.151501 0.0284513 0.0
0.151391 0.0246668 0.0
0.15122 0.0209137 0.0
0.150986 0.0171876 0.0
0.150688 0.013484 0.0
0.150324 0.00979849 0.0
0.149893 0.00612651 0.0
0.149395 0.00246289 0.0
0.148827 -0.00120211 0.0
0.148187 -0.00486629 0.0
0.147474 -0.00853416 0.0
0.146689 -0.0122102 0.0
0.14583 -0.0158989 0.0
0.144895 -0.0196047 0.0
0.143884 -0.0233322 0.0
0.142795 -0.0270859 0.0
0.141628 -0.0308705 0.0
0.140379 -0.0346905 0.0
0.139049 -0.0385506 0.0
0.137634 -0.0424554 0.0
0.136134 -0.0464095 0.0
0.134546 -0.0504174 0.0
0.132868 -0.0544836 0.0
0.131097 -0.0586125 0.0
0.129232 -0.0628082 0.0
0.127269 -0.0670746 0.0
0.125206 -0.0714156 0.0
0.123039 -0.0758345 0.0
0.120765 -0.0803343 0.0
0.118381 -0.0849176 0.0
0.115884 -0.0895865 0.0
0.11327 -0.0943425 0.0
0.110535 -0.0991865 0.0
0.107675 -0.104119 0.0
0.104688 -0.109138 0.0
0.10157 -0.114244 0.0
0.0983176 -0.119434 0.0
0.0949285 -0.124705 0.0
0.0914003 -0.130052 0.0
0.0877313 -0.135472 0.0
0.0839206 -0.140957 0.0
0.079968 -0.146502 0.0
0.0758744 -0.152101 0.0
0.0716418 -0.157746 0.0
0.0672737 -0.163432 0.0
0.0627753 -0.169154 0.0
0.0581534 -0.174913 0.0
0.0534174 -0.180715 0.0
0.0485788 -0.186578 0.0
0.0436519 -0.192542 0.0
0.0386542 -0.198682 0.0
0.0336054 -0.205138 0.0
0.0285268 -0.212166 0.0
0.0234378 -0.220245 0.0
0.0183475 -0.230258 0.0
0.0132378 -0.243849 0.0
0.00803356 -0.26404 0.0
0.00255922 -0.296244 0.0
-0.00322383 -0.348916 0.0
-0.0087236 -0.416066 0.0
-0.0130129 -0.486708 0.0
-0.0152011 -0.544154 0.0
-0.0144556 -0.56428 0.0
-0.0104801 -0.514394 0.0
-0.00450813 -0.356656 0.0
-0.000657923 -0.0802932 0.0
9.92019e-05 -0.00143712 0.0
0.000911523 0.000922471 0.0
0.00311508 0.0110649 0.0
0.00692649 0.0279615 0.0
0.0123044 0.0497774 0.0
0.018957 0.0742338 0.0
0.0264604 0.0992161 0.0
0.0343857 0.123143 0.0
0.0423743 0.145022 0.0
0.0501627 0.164347 0.0
0.0575808 0.180955 0.0
0.0645355 0.1949 0.0
0.0709926 0.206362 0.0
0.0769581 0.215578 0.0
0.0824624 0.222795 0.0
0.0875477 0.228253 0.0
0.0922595 0.232164 0.0
0.0966404 0.234712 0.0
0.100728 0.236056 0.0
0.104553 0.236328 0.0
0.108139 0.235644 0.0
0.111505 0.234105 0.0
0.114666 0.231801 0.0
0.117633 0.228817 0.0
0.120415 0.225229 0.0
0.123021 0.221111 0.0
0.125458 0.216534 0.0
0.127734 0.211564 0.0
0.129858 0.206263 0.0
0.131837 0.200693 0.0
0.13368 0.194907 0.0
0.135396 0.188957 0.0
0.136995 0.18289 0.0
0.138486 0.176749 0.0
0.139878 0.17057 0.0
0.14118 0.164389 0.0
0.142402 0.158231 0.0
0.143552 0.152124 0.0
0.144636 0.146085 0.0
0.145663 0.140131 0.0
0.146637 0.134276 0.0
0.147565 0.128529 0.0
0.14845 0.122896 0.0
0.149295 0.117381 0.0
0.150103 0.111988 0.0
0.150877 0.106717 0.0
0.151616 0.101566 0.0
0.152321 0.0965335 0.0
0.152993 0.0916165 0.0
0.15363 0.0868111 0.0
0.154231 0.0821131 0.0
0.154795 0.0775177 0.0
0.155321 0.07302 0.0
0.155806 0.0686148 0.0
0.156248 0.0642971 0.0
0.156646 0.0600615 0.0
0.156998 0.0559028 0.0
0.1573 0.0518159 0.0
0.157552 0.0477957 0.0
0.157752 0.0438372 0.0
0.157896 0.0399354 0.0
0.157984 0.0360854 0.0
0.158014 0.0322825 0.0
0.157983 0.0285219 0.0
0.15789 0.024799 0.0
0.157734 0.0211091 0.0
0.157512 0.0174477 0.0
0.157224 0.0138103 0.0
0.156868 0.0101921 0.0
0.156443 0.0065886 0.0
0.155948 0.00299449 0.0
0.155379 -0.000597365 0.0
0.154737 -0.00418842 0.0
0.15402 -0.00778248 0.0
0.153227 -0.0113837 0.0
0.152358 -0.0149964 0.0
0.15141 -0.018625 0.0
0.150383 -0.0222739 0.0
0.149275 -0.0259476 0.0
0.148085 -0.0296506 0.0
0.14681 -0.0333874 0.0
0.145449 -0.0371625 0.0
0.144001 -0.0409805 0.0
0.142463 -0.0448457 0.0
0.140832 -0.0487625 0.0
0.139107 -0.0527353 0.0
0.137285 -0.0567681 0.0
0.135362 -0.060865 0.0
0.133337 -0.0650297 0.0
0.131206 -0.0692658 0.0
0.128965 -0.0735766 0.0
0.126611 -0.0779648 0.0
0.124141 -0.082433 0.0
0.12155 -0.0869831 0.0
0.118835 -0.0916167 0.0
0.115993 -0.0963345 0.0
0.113018 -0.101137 0.0
0.109908 -0.106023 0.0
0.106659 -0.110992 0.0
0.103268 -0.116043 0.0
0.0997313 -0.121171 0.0
0.0960473 -0.126374 0.0
0.0922138 -0.131647 0.0
0.0882299 -0.136986 0.0
0.0840952 -0.142386 0.0
0.0798107 -0.14784 0.0
0.0753786 -0.153343 0.0
0.0708025 -0.158891 0.0
0.0660878 -0.164482 0.0
0.061242 -0.170118 0.0
0.056275 -0.175807 0.0
0.0511992 -0.181572 0.0
0.0460302 -0.187453 0.0
0.040787 -0.19353 0.0
0.0354913 -0.199945 0.0
0.0301671 -0.206956 0.0
0.0248373 -0.215036 0.0
0.0195154 -0.225054 0.0
0.0141887 -0.238616 0.0
0.00878773 -0.258668 0.0
0.00316242 -0.290516 0.0
-0.002798 -0.3429 0.0
-0.0085382 -0.410842 0.0
-0.0130746 -0.483106 0.0
-0.0154902 -0.543152 0.0
-0.0148873 -0.566631 0.0
-0.0108947 -0.520011 0.0
-0.00470242 -0.363203 0.0
-0.000674028 -0.0816252 0.0
8.43488e-05 -0.00162067 0.0
0.000806534 -0.000428484 0.0
0.0028079 0.00821089 0.0
0.00633856 0.0234734 0.0
0.011415 0.0438111 0.0
0.0178047 0.0671579 0.0
0.0251228 0.0914706 0.0
0.0329544 0.115131 0.0
0.0409374 0.137062 0.0
0.048796 0.15666 0.0
0.0563434 0.173676 0.0
0.0634701 0.188097 0.0
0.0701272 0.200051 0.0
0.0763088 0.209742 0.0
0.0820365 0.217399 0.0
0.0873472 0.223253 0.0
0.0922834 0.227516 0.0
0.0968869 0.230376 0.0
0.101195 0.231996 0.0
0.10524 0.232518 0.0
0.109048 0.232061 0.0
0.112637 0.230733 0.0
0.116023 0.228627 0.0
0.119217 0.22583 0.0
0.12223 0.222421 0.0
0.125069 0.218475 0.0
0.12774 0.214062 0.0
0.13025 0.209249 0.0
0.132607 0.204098 0.0
0.134817 0.198669 0.0
0.136888 0.193016 0.0
0.138828 0.187191 0.0
0.140644 0.18124 0.0
0.142346 0.175206 0.0
0.143942 0.169126 0.0
0.14544 0.163033 0.0
0.146848 0.156957 0.0
0.148175 0.150922 0.0
0.149427 0.144949 0.0
0.150611 0.139056 0.0
0.151734 0.133255 0.0
0.1528 0.127557 0.0
0.153814 0.121969 0.0
0.154779 0.116497 0.0
0.155699 0.111144 0.0
0.156575 0.105911 0.0
0.15741 0.100798 0.0
0.158204 0.0958026 0.0
0.158956 0.090923 0.0
0.159668 0.0861557 0.0
0.160339 0.0814968 0.0
0.160967 0.0769418 0.0
0.161551 0.072486 0.0
0.16209 0.0681246 0.0
0.162583 0.0638523 0.0
0.163027 0.0596642 0.0
0.163421 0.0555549 0.0
0.163762 0.0515194 0.0
0.16405 0.0475525 0.0
0.164282 0.0436493 0.0
0.164456 0.0398046 0.0
0.164571 0.0360135 0.0
0.164624 0.0322713 0.0
0.164615 0.0285732 0.0
0.164541 0.0249143 0.0
0.164401 0.0212901 0.0
0.164194 0.0176958 0.0
0.163917 0.0141269 0.0
0.16357 0.0105787 0.0
0.163151 0.00704642 0.0
0.162658 0.00352502 0.0
0.16209 8.4599e-06 0.0
0.161445 -0.00350727 0.0
0.160724 -0.00702494 0.0
0.159924 -0.0105486 0.0
0.159044 -0.0140823 0.0
0.158083 -0.0176306 0.0
0.15704 -0.0211977 0.0
0.155912 -0.024788 0.0
0.154699 -0.0284059 0.0
0.153397 -0.0320558 0.0
0.152006 -0.0357421 0.0
0.150522 -0.0394691 0.0
0.148944 -0.043241 0.0
0.14727 -0.0470622 0.0
0.145496 -0.0509366 0.0
0.14362 -0.0548683 0.0
0.141639 -0.058861 0.0
0.139549 -0.0629184 0.0
0.137347 -0.0670438 0.0
0.135029 -0.0712403 0.0
0.132593 -0.0755106 0.0
0.130033 -0.079857 0.0
0.127346 -0.0842815 0.0
0.124528 -0.0887853 0.0
0.121574 -0.0933695 0.0
0.118481 -0.0980343 0.0
0.115245 -0.102779 0.0
0.111862 -0.107604 0.0
0.108328 -0.112506 0.0
0.10464 -0.117483 0.0
0.100796 -0.122533 0.0
0.0967943 -0.127652 0.0
0.0926326 -0.132836 0.0
0.0883112 -0.13808 0.0
0.0838309 -0.14338 0.0
0.0791939 -0.148733 0.0
0.0744041 -0.154135 0.0
0.0694673 -0.159586 0.0
0.0643913 -0.165091 0.0
0.0591867 -0.170662 0.0
0.0538669 -0.176322 0.0
0.0484488 -0.182116 0.0
0.0429528 -0.188128 0.0
0.0374028 -0.194502 0.0
0.0318257 -0.201498 0.0
0.0262477 -0.209586 0.0
0.0206873 -0.219622 0.0
0.0151379 -0.233172 0.0
0.00953573 -0.253108 0.0
0.00373134 -0.284646 0.0
-0.00242324 -0.336656 0.0
-0.00840787 -0.405362 0.0
-0.0132176 -0.47924 0.0
-0.0158821 -0.541938 0.0
-0.0154313 -0.568898 0.0
-0.0114111 -0.525757 0.0
-0.00495901 -0.370102 0.0
-0.000707182 -0.0830064 0.0
7.11009e-05 -0.00177612 0.0
0.000705772 -0.00162989 0.0
0.00250837 0.00560833 0.0
0.00575671 0.019297 0.0
0.0105155 0.0381523 0.0
0.0166112 0.0603313 0.0
0.0237025 0.083888 0.0
0.0313942 0.107191 0.0
0.0393256 0.129088 0.0
0.0472113 0.14889 0.0
0.0548503 0.166261 0.0
0.062118 0.181118 0.0
0.0689512 0.19354 0.0
0.0753318 0.203691 0.0
0.0812724 0.211781 0.0
0.0868033 0.218029 0.0
0.0919631 0.222644 0.0
0.0967916 0.225816 0.0
0.101326 0.227714 0.0
0.105599 0.228483 0.0
0.109635 0.228252 0.0
0.113456 0.227132 0.0
0.117078 0.22522 0.0
0.120511 0.222608 0.0
0.123766 0.219375 0.0
0.126849 0.215599 0.0
0.129766 0.211349 0.0
0.132524 0.206693 0.0
0.135128 0.201693 0.0
0.137584 0.196408 0.0
0.139897 0.190893 0.0
0.142076 0.185197 0.0
0.144126 0.179368 0.0
0.146054 0.173447 0.0
0.14787 0.167473 0.0
0.149579 0.161478 0.0
0.15119 0.155492 0.0
0.15271 0.14954 0.0
0.154146 0.143643 0.0
0.155504 0.137819 0.0
0.15679 0.132082 0.0
0.15801 0.126443 0.0
0.159168 0.120911 0.0
0.160267 0.115491 0.0
0.161312 0.110186 0.0
0.162304 0.105 0.0
0.163247 0.0999322 0.0
0.16414 0.0949816 0.0
0.164985 0.0901464 0.0
0.165781 0.0854236 0.0
0.16653 0.0808097 0.0
0.167231 0.0763007 0.0
0.167881 0.071892 0.0
0.168482 0.067579 0.0
0.169031 0.0633567 0.0
0.169527 0.05922 0.0
0.169968 0.055164 0.0
0.170353 0.0511835 0.0
0.170681 0.0472733 0.0
0.170949 0.0434285 0.0
0.171156 0.0396439 0.0
0.171301 0.0359148 0.0
0.171381 0.0322361 0.0
0.171396 0.0286031 0.0
0.171343 0.0250109 0.0
0.171222 0.021455 0.0
0.17103 0.0179305 0.0
0.170766 0.0144328 0.0
0.170428 0.0109573 0.0
0.170016 0.00749928 0.0
0.169527 0.00405379 0.0
0.168959 0.000615384 0.0
0.168313 -0.00282287 0.0
0.167587 -0.00626164 0.0
0.16678 -0.00970482 0.0
0.16589 -0.0131566 0.0
0.164916 -0.0166213 0.0
0.163855 -0.0201032 0.0
0.162707 -0.0236066 0.0
0.161469 -0.0271357 0.0
0.16014 -0.0306947 0.0
0.158716 -0.034288 0.0
0.157196 -0.0379197 0.0
0.155577 -0.0415939 0.0
0.153857 -0.0453146 0.0
0.152032 -0.0490857 0.0
0.1501 -0.052911 0.0
0.148058 -0.0567941 0.0
0.145901 -0.0607385 0.0
0.143626 -0.0647472 0.0
0.141229 -0.0688232 0.0
0.138707 -0.072969 0.0
0.136055 -0.0771869 0.0
0.133269 -0.0814786 0.0
0.130345 -0.0858455 0.0
0.127278 -0.0902886 0.0
0.124063 -0.0948081 0.0
0.120698 -0.0994038 0.0
0.117177 -0.104075 0.0
0.113497 -0.108821 0.0
0.109655 -0.113639 0.0
0.105647 -0.118527 0.0
0.101473 -0.123482 0.0
0.0971292 -0.128501 0.0
0.0926168 -0.133581 0.0
0.0879361 -0.138718 0.0
0.0830895 -0.143911 0.0
0.0780809 -0.149158 0.0
0.0729164 -0.154462 0.0
0.0676044 -0.159828 0.0
0.0621561 -0.165272 0.0
0.0565859 -0.170821 0.0
0.0509118 -0.176525 0.0
0.045156 -0.182468 0.0
0.0393446 -0.1888 0.0
0.0335071 -0.195785 0.0
0.0276736 -0.203888 0.0
0.0218674 -0.213953 0.0
0.0160878 -0.227511 0.0
0.010276 -0.247355 0.0
0.00427658 -0.278595 0.0
-0.00208994 -0.330185 0.0
-0.00833963 -0.399598 0.0
-0.0134526 -0.475081 0.0
-0.0163941 -0.540491 0.0
-0.0161108 -0.571079 0.0
-0.0120545 -0.531652 0.0
-0.00529914 -0.377413 0.0
-0.000766077 -0.0844797 0.0
5.80468e-05 -0.00190526 0.0
0.000610167 -0.00268753 0.0
0.00222201 0.00325153 0.0
0.00518853 0.0154389 0.0
0.009616 0.0328241 0.0
0.0153889 0.0537908 0.0
0.0222127 0.0765135 0.0
0.0297173 0.0993687 0.0
0.037548 0.121148 0.0
0.0454137 0.141078 0.0
0.0531021 0.158744 0.0
0.0604748 0.173994 0.0
0.0674552 0.18685 0.0
0.0740134 0.197441 0.0
0.0801524 0.205951 0.0
0.0858953 0.212585 0.0
0.0912756 0.217547 0.0
0.0963303 0.221029 0.0
0.101095 0.223201 0.0
0.105602 0.224217 0.0
0.109876 0.224208 0.0
0.113939 0.223292 0.0
0.117806 0.221572 0.0
0.121489 0.21914 0.0
0.124998 0.21608 0.0
0.128338 0.212471 0.0
0.131515 0.208383 0.0
0.134534 0.203883 0.0
0.137399 0.199035 0.0
0.140115 0.193896 0.0
0.142686 0.18852 0.0
0.145118 0.182959 0.0
0.147417 0.177257 0.0
0.149589 0.171457 0.0
0.151641 0.165596 0.0
0.153578 0.159708 0.0
0.155408 0.153821 0.0
0.157138 0.147962 0.0
0.158774 0.142151 0.0
0.160321 0.136406 0.0
0.161787 0.130744 0.0
0.163176 0.125174 0.0
0.164492 0.119706 0.0
0.165741 0.114347 0.0
0.166924 0.109101 0.0
0.168046 0.103971 0.0
0.169109 0.0989569 0.0
0.170113 0.094059 0.0
0.171062 0.0892758 0.0
0.171954 0.0846047 0.0
0.172791 0.0800426 0.0
0.173573 0.0755858 0.0
0.174299 0.07123 0.0
0.174969 0.0669708 0.0
0.175581 0.0628035 0.0
0.176136 0.0587231 0.0
0.176631 0.0547247 0.0
0.177065 0.0508032 0.0
0.177437 0.0469536 0.0
0.177746 0.0431709 0.0
0.177991 0.03945 0.0
0.178169 0.035786 0.0
0.178279 0.032174 0.0
0.178321 0.0286092 0.0
0.178291 0.0250868 0.0
0.17819 0.021602 0.0
0.178015 0.0181502 0.0
0.177766 0.0147267 0.0
0.17744 0.0113269 0.0
0.177036 0.00794615 0.0
0.176551 0.00457995 0.0
0.175985 0.00122321 0.0
0.175337 -0.00213607 0.0
0.174608 -0.00549301 0.0
0.173794 -0.00885248 0.0
0.172894 -0.0122189 0.0
0.171905 -0.0155965 0.0
0.170827 -0.0189896 0.0
0.169657 -0.0224022 0.0
0.168394 -0.0258385 0.0
0.167034 -0.0293027 0.0
0.165577 -0.0327987 0.0
0.164018 -0.0363306 0.0
0.162357 -0.0399024 0.0
0.160589 -0.0435177 0.0
0.158711 -0.0471804 0.0
0.156721 -0.050894 0.0
0.154615 -0.054662 0.0
0.152388 -0.0584875 0.0
0.150038 -0.0623734 0.0
0.147561 -0.0663226 0.0
0.14495 -0.0703374 0.0
0.142204 -0.0744199 0.0
0.139316 -0.0785718 0.0
0.136283 -0.0827945 0.0
0.133099 -0.0870887 0.0
0.129761 -0.0914551 0.0
0.126263 -0.0958934 0.0
0.122602 -0.100403 0.0
0.118773 -0.104984 0.0
0.114773 -0.109634 0.0
0.110599 -0.114351 0.0
0.106248 -0.119133 0.0
0.101719 -0.123978 0.0
0.0970123 -0.128884 0.0
0.0921273 -0.13385 0.0
0.0870669 -0.138873 0.0
0.0818351 -0.143956 0.0
0.0764382 -0.149103 0.0
0.070885 -0.154322 0.0
0.0651875 -0.159632 0.0
0.0593609 -0.165064 0.0
0.0534246 -0.170671 0.0
0.0474025 -0.176543 0.0
0.0413228 -0.182834 0.0
0.0352178 -0.189809 0.0
0.0291214 -0.197934 0.0
0.0230617 -0.208041 0.0
0.0170437 -0.221626 0.0
0.0110131 -0.241398 0.0
0.00480687 -0.272347 0.0
-0.00179055 -0.32347 0.0
-0.00833488 -0.393519 0.0
-0.0137888 -0.470593 0.0
-0.0170444 -0.538782 0.0
-0.0169523 -0.573163 0.0
-0.0128556 -0.537721 0.0
-0.00575001 -0.385206 0.0
-0.000862321 -0.0861081 0.0
4.5915e-05 -0.00200923 0.0
0.000521082 -0.00361086 0.0
0.00195215 0.00113195 0.0
0.00464084 0.0119033 0.0
0.00872663 0.0278464 0.0
0.0141506 0.0475715 0.0
0.0206673 0.0693923 0.0
0.0279366 0.0917159 0.0
0.0356149 0.113292 0.0
0.0434098 0.133274 0.0
0.0511003 0.15117 0.0
0.0585369 0.166759 0.0
0.0656306 0.180011 0.0
0.0723404 0.191013 0.0
0.0786593 0.199922 0.0
0.0846026 0.206928 0.0
0.0901979 0.212229 0.0
0.0954783 0.216012 0.0
0.100477 0.218454 0.0
0.105224 0.21971 0.0
0.109744 0.219919 0.0
0.114059 0.219203 0.0
0.118183 0.217669 0.0
0.122128 0.215413 0.0
0.125903 0.212523 0.0
0.129514 0.209077 0.0
0.132964 0.205148 0.0
0.136258 0.200804 0.0
0.139399 0.196108 0.0
0.142389 0.191116 0.0
0.145233 0.185884 0.0
0.147935 0.180461 0.0
0.150498 0.174892 0.0
0.152929 0.169219 0.0
0.155232 0.163479 0.0
0.157414 0.157706 0.0
0.15948 0.151927 0.0
0.161436 0.14617 0.0
0.163287 0.140455 0.0
0.165041 0.134801 0.0
0.166702 0.129223 0.0
0.168276 0.123733 0.0
0.169766 0.11834 0.0
0.171178 0.113053 0.0
0.172515 0.107875 0.0
0.17378 0.10281 0.0
0.174976 0.0978592 0.0
0.176106 0.0930229 0.0
0.177169 0.0883 0.0
0.178169 0.0836884 0.0
0.179105 0.0791855 0.0
0.179978 0.0747878 0.0
0.180789 0.0704915 0.0
0.181536 0.0662922 0.0
0.18222 0.0621855 0.0
0.18284 0.0581667 0.0
0.183395 0.0542309 0.0
0.183885 0.0503732 0.0
0.184308 0.0465885 0.0
0.184663 0.042872 0.0
0.184948 0.0392187 0.0
0.185164 0.0356236 0.0
0.185308 0.0320819 0.0
0.185379 0.0285888 0.0
0.185376 0.0251395 0.0
0.185298 0.0217291 0.0
0.185143 0.0183532 0.0
0.184909 0.015007 0.0
0.184596 0.0116859 0.0
0.184202 0.00838543 0.0
0.183725 0.00510118 0.0
0.183166 0.00182814 0.0
0.18252 -0.00144708 0.0
0.181785 -0.00471828 0.0
0.180963 -0.00799045 0.0
0.18005 -0.0112679 0.0
0.179046 -0.0145549 0.0
0.177948 -0.0178553 0.0
0.176755 -0.0211734 0.0
0.175464 -0.0245129 0.0
0.174073 -0.027878 0.0
0.17258 -0.0312724 0.0
0.170981 -0.0347 0.0
0.169275 -0.0381646 0.0
0.167457 -0.0416696 0.0
0.165525 -0.0452187 0.0
0.163474 -0.0488153 0.0
0.161302 -0.0524624 0.0
0.159005 -0.0561631 0.0
0.156577 -0.0599202 0.0
0.154015 -0.0637362 0.0
0.151315 -0.0676134 0.0
0.148471 -0.0715537 0.0
0.14548 -0.0755587 0.0
0.142335 -0.0796297 0.0
0.139033 -0.0837675 0.0
0.135568 -0.0879728 0.0
0.131936 -0.0922456 0.0
0.128131 -0.0965857 0.0
0.124151 -0.100992 0.0
0.119991 -0.105465 0.0
0.115648 -0.110002 0.0
0.111119 -0.114602 0.0
0.106402 -0.119264 0.0
0.101498 -0.123987 0.0
0.0964053 -0.12877 0.0
0.0911278 -0.133615 0.0
0.0856691 -0.138524 0.0
0.0800358 -0.143504 0.0
0.0742372 -0.148568 0.0
0.0682858 -0.153737 0.0
0.0621978 -0.159045 0.0
0.0559939 -0.16455 0.0
0.0496996 -0.170348 0.0
0.0433453 -0.176596 0.0
0.0369662 -0.183563 0.0
0.0305998 -0.191717 0.0
0.0242788 -0.201878 0.0
0.0180141 -0.215506 0.0
0.0117556 -0.235228 0.0
0.00533222 -0.265887 0.0
-0.00151602 -0.316484 0.0
-0.00839059 -0.387086 0.0
-0.0142325 -0.46573 0.0
-0.0178511 -0.536771 0.0
-0.0179849 -0.575133 0.0
-0.0138503 -0.543983 0.0
-0.00634533 -0.393555 0.0
-0.00101086 -0.0879812 0.0
3.61274e-05 -0.00209127 0.0
0.000443365 -0.00441122 0.0
0.0017022 -0.000757599 0.0
0.0041166 0.00868978 0.0
0.00785606 0.0232347 0.0
0.0129094 0.0417059 0.0
0.019081 0.0625697 0.0
0.0260658 0.0842844 0.0
0.0335373 0.105574 0.0
0.0412062 0.125528 0.0
0.0488469 0.143584 0.0
0.056301 0.159455 0.0
0.0634693 0.173054 0.0
0.0702999 0.184429 0.0
0.0767761 0.19371 0.0
0.0829047 0.201068 0.0
0.088707 0.206691 0.0
0.0942106 0.210766 0.0
0.099445 0.213468 0.0
0.104438 0.214957 0.0
0.109213 0.215377 0.0
0.11379 0.214854 0.0
0.118183 0.2135 0.0
0.122403 0.211416 0.0
0.126458 0.20869 0.0
0.130353 0.205405 0.0
0.13409 0.201633 0.0
0.137673 0.197443 0.0
0.141104 0.192898 0.0
0.144384 0.188055 0.0
0.147516 0.182969 0.0
0.150503 0.177688 0.0
0.153347 0.172258 0.0
0.156052 0.166718 0.0
0.158623 0.161106 0.0
0.161065 0.155456 0.0
0.163382 0.149795 0.0
0.16558 0.144149 0.0
0.167665 0.13854 0.0
0.16964 0.132986 0.0
0.171513 0.127504 0.0
0.173286 0.122104 0.0
0.174967 0.116798 0.0
0.176557 0.111593 0.0
0.178062 0.106493 0.0
0.179484 0.101504 0.0
0.180827 0.0966262 0.0
0.182094 0.0918608 0.0
0.183285 0.0872071 0.0
0.184403 0.0826636 0.0
0.18545 0.0782279 0.0
0.186425 0.073897 0.0
0.187329 0.0696672 0.0
0.188164 0.0655346 0.0
0.188928 0.0614949 0.0
0.189622 0.0575436 0.0
0.190245 0.053676 0.0
0.190796 0.0498872 0.0
0.191275 0.0461725 0.0
0.191681 0.0425269 0.0
0.192014 0.0389456 0.0
0.192271 0.0354236 0.0
0.192453 0.0319562 0.0
0.192558 0.0285386 0.0
0.192584 0.025166 0.0
0.192532 0.0218338 0.0
0.192398 0.0185372 0.0
0.192183 0.0152717 0.0
0.191885 0.0120327 0.0
0.191502 0.00881571 0.0
0.191033 0.0056161 0.0
0.190477 0.00242867 0.0
0.189832 -0.000755979 0.0
0.189094 -0.0039371 0.0
0.188263 -0.0071182 0.0
0.187339 -0.0103031 0.0
0.186319 -0.0134956 0.0
0.185202 -0.0166996 0.0
0.183985 -0.019919 0.0
0.182666 -0.0231577 0.0
0.181243 -0.0264193 0.0
0.179713 -0.0297076 0.0
0.178073 -0.0330263 0.0
0.17632 -0.0363788 0.0
0.174451 -0.0397685 0.0
0.172462 -0.0431987 0.0
0.17035 -0.0466727 0.0
0.16811 -0.0501933 0.0
0.165739 -0.0537634 0.0
0.163232 -0.0573855 0.0
0.160584 -0.0610619 0.0
0.157792 -0.0647948 0.0
0.154849 -0.068586 0.0
0.151752 -0.072437 0.0
0.148494 -0.076349 0.0
0.145071 -0.0803229 0.0
0.141478 -0.0843593 0.0
0.137709 -0.0884584 0.0
0.133761 -0.0926203 0.0
0.129628 -0.0968446 0.0
0.125306 -0.101131 0.0
0.120792 -0.105479 0.0
0.116083 -0.109887 0.0
0.111176 -0.114356 0.0
0.106072 -0.118886 0.0
0.100771 -0.123477 0.0
0.0952736 -0.128133 0.0
0.0895857 -0.132859 0.0
0.0837133 -0.137664 0.0
0.0776662 -0.142563 0.0
0.0714575 -0.147582 0.0
0.0651043 -0.152759 0.0
0.0586284 -0.158157 0.0
0.0520569 -0.163875 0.0
0.0454227 -0.170079 0.0
0.0387635 -0.177041 0.0
0.0321205 -0.185229 0.0
0.0255309 -0.195455 0.0
0.0190112 -0.209145 0.0
0.0125162 -0.228836 0.0
0.00586607 -0.259205 0.0
-0.00125306 -0.309198 0.0
-0.00849818 -0.380252 0.0
-0.0147853 -0.460435 0.0
-0.0188297 -0.534403 0.0
-0.0192389 -0.576958 0.0
-0.015079 -0.550452 0.0
-0.00712551 -0.402543 0.0
-0.00123024 -0.0902224 0.0
2.84837e-05 -0.00215588 0.0
0.000376746 -0.00510211 0.0
0.00147409 -0.00242289 0.0
0.00362233 0.00579244 0.0
0.00701535 0.0189996 0.0
0.0116792 0.0362239 0.0
0.0174686 0.0560907 0.0
0.0241187 0.0771283 0.0
0.0313258 0.0980515 0.0
0.0388094 0.117898 0.0
0.0463435 0.136039 0.0
0.0537637 0.152125 0.0
0.0609625 0.166016 0.0
0.0678785 0.17772 0.0
0.0744855 0.187336 0.0
0.0807814 0.195018 0.0
0.0867799 0.200941 0.0
0.0925025 0.20529 0.0
0.097974 0.208238 0.0
0.103218 0.20995 0.0
0.108256 0.210571 0.0
0.113106 0.210234 0.0
0.11778 0.209054 0.0
0.122288 0.207134 0.0
0.126637 0.204568 0.0
0.13083 0.201439 0.0
0.13487 0.197821 0.0
0.138758 0.193784 0.0
0.142494 0.18939 0.0
0.146079 0.184698 0.0
0.149514 0.17976 0.0
0.1528 0.174625 0.0
0.15594 0.169337 0.0
0.158936 0.163937 0.0
0.161791 0.158461 0.0
0.164508 0.152941 0.0
0.167093 0.147407 0.0
0.169549 0.141882 0.0
0.171881 0.13639 0.0
0.174094 0.130947 0.0
0.176193 0.125571 0.0
0.178183 0.120273 0.0
0.180068 0.115064 0.0
0.181851 0.109952 0.0
0.183538 0.104942 0.0
0.185132 0.100039 0.0
0.186636 0.0952443 0.0
0.188053 0.0905598 0.0
0.189384 0.0859849 0.0
0.190633 0.0815186 0.0
0.191801 0.0771589 0.0
0.192889 0.0729029 0.0
0.193898 0.0687475 0.0
0.194829 0.064689 0.0
0.195682 0.0607232 0.0
0.196458 0.056846 0.0
0.197156 0.0530527 0.0
0.197776 0.0493388 0.0
0.198319 0.0456995 0.0
0.198782 0.04213 0.0
0.199167 0.0386256 0.0
0.199472 0.0351815 0.0
0.199695 0.0317928 0.0
0.199838 0.028455 0.0
0.199897 0.0251634 0.0
0.199873 0.0219132 0.0
0.199765 0.0186998 0.0
0.19957 0.0155189 0.0
0.199288 0.0123658 0.0
0.198918 0.00923594 0.0
0.198458 0.00612485 0.0
0.197906 0.00302745 0.0
0.19726 -6.29337e-05 0.0
0.196518 -0.00315044 0.0
0.195681 -0.00623659 0.0
0.194745 -0.0093248 0.0
0.19371 -0.0124188 0.0
0.192573 -0.0155222 0.0
0.191332 -0.0186387 0.0
0.189985 -0.021772 0.0
0.188529 -0.0249257 0.0
0.186961 -0.0281032 0.0
0.185278 -0.031308 0.0
0.183478 -0.0345435 0.0
0.181556 -0.0378126 0.0
0.179509 -0.0411187 0.0
0.177333 -0.0444645 0.0
0.175024 -0.0478529 0.0
0.172578 -0.0512863 0.0
0.169989 -0.0547673 0.0
0.167255 -0.0582978 0.0
0.164368 -0.0618799 0.0
0.161325 -0.0655152 0.0
0.15812 -0.0692052 0.0
0.154748 -0.0729509 0.0
0.151203 -0.0767533 0.0
0.147481 -0.0806131 0.0
0.143575 -0.0845305 0.0
0.139481 -0.0885059 0.0
0.135195 -0.0925392 0.0
0.130711 -0.0966304 0.0
0.126025 -0.10078 0.0
0.121135 -0.104987 0.0
0.116039 -0.109253 0.0
0.110735 -0.11358 0.0
0.105223 -0.117969 0.0
0.0995062 -0.122427 0.0
0.093588 -0.126959 0.0
0.0874754 -0.131579 0.0
0.0811783 -0.136304 0.0
0.0747104 -0.141164 0.0
0.0680897 -0.146202 0.0
0.061339 -0.151486 0.0
0.0544871 -0.157122 0.0
0.0475688 -0.16328 0.0
0.0406248 -0.170237 0.0
0.0336994 -0.178464 0.0
0.0268345 -0.188765 0.0
0.0200521 -0.202533 0.0
0.0133121 -0.222213 0.0
0.0064268 -0.252293 0.0
-0.000982 -0.301583 0.0
-0.00864112 -0.372964 0.0
-0.0154412 -0.454636 0.0
-0.0199905 -0.531608 0.0
-0.0207431 -0.578591 0.0
-0.016585 -0.557137 0.0
-0.00813691 -0.41226 0.0
-0.00154249 -0.0929951 0.0
2.21462e-05 -0.00220651 0.0
0.0003191 -0.0056967 0.0
0.00127258 -0.00387913 0.0
0.00317158 0.00320144 0.0
0.00621977 0.0151494 0.0
0.0104757 0.0311543 0.0
0.015845 0.0500015 0.0
0.0221078 0.0703047 0.0
0.0289893 0.0907866 0.0
0.0362238 0.110445 0.0
0.0435894 0.128593 0.0
0.0509196 0.144821 0.0
0.0581005 0.158941 0.0
0.0650624 0.170918 0.0
0.0717699 0.180824 0.0
0.0782119 0.188792 0.0
0.0843937 0.194987 0.0
0.0903296 0.199585 0.0
0.0960382 0.202762 0.0
0.101539 0.204681 0.0
0.106848 0.205492 0.0
0.111982 0.20533 0.0
0.11695 0.204315 0.0
0.12176 0.202554 0.0
0.126417 0.200142 0.0
0.130924 0.197165 0.0
0.135281 0.193698 0.0
0.139488 0.189812 0.0
0.143545 0.185569 0.0
0.147451 0.181028 0.0
0.151204 0.176241 0.0
0.154806 0.171255 0.0
0.158257 0.166116 0.0
0.161558 0.160862 0.0
0.164712 0.155528 0.0
0.167721 0.150148 0.0
0.170588 0.144749 0.0
0.173317 0.139355 0.0
0.175912 0.133989 0.0
0.178378 0.128669 0.0
0.180719 0.12341 0.0
0.182939 0.118225 0.0
0.185043 0.113124 0.0
0.187034 0.108116 0.0
0.188918 0.103207 0.0
0.190697 0.098401 0.0
0.192375 0.0937005 0.0
0.193954 0.0891072 0.0
0.195439 0.0846212 0.0
0.196831 0.0802417 0.0
0.198131 0.0759671 0.0
0.199343 0.071795 0.0
0.200467 0.0677224 0.0
0.201504 0.0637459 0.0
0.202456 0.0598617 0.0
0.203322 0.0560656 0.0
0.204104 0.0523535 0.0
0.2048 0.0487208 0.0
0.205413 0.0451629 0.0
0.20594 0.0416753 0.0
0.206383 0.0382533 0.0
0.20674 0.0348922 0.0
0.207011 0.0315873 0.0
0.207195 0.0283341 0.0
0.207291 0.0251279 0.0
0.2073 0.0219642 0.0
0.207219 0.0188384 0.0
0.207048 0.0157462 0.0
0.206785 0.0126831 0.0
0.206429 0.00964466 0.0
0.205979 0.00662652 0.0
0.205432 0.0036241 0.0
0.204787 0.000632112 0.0
0.204042 -0.00235889 0.0
0.203198 -0.0053462 0.0
0.202252 -0.00833353 0.0
0.201201 -0.0113245 0.0
0.200045 -0.0143228 0.0
0.198779 -0.0173319 0.0
0.197403 -0.0203552 0.0
0.195913 -0.0233962 0.0
0.194306 -0.0264581 0.0
0.19258 -0.0295441 0.0
0.19073 -0.0326573 0.0
0.188754 -0.0358007 0.0
0.186648 -0.0389771 0.0
0.184407 -0.0421893 0.0
0.182027 -0.0454396 0.0
0.179505 -0.0487306 0.0
0.176834 -0.0520643 0.0
0.174011 -0.0554426 0.0
0.171029 -0.0588675 0.0
0.167885 -0.0623402 0.0
0.164572 -0.0658623 0.0
0.161085 -0.0694346 0.0
0.157418 -0.0730582 0.0
0.153566 -0.0767337 0.0
0.149523 -0.0804615 0.0
0.145284 -0.0842422 0.0
0.140844 -0.088076 0.0
0.136198 -0.0919635 0.0
0.131342 -0.0959052 0.0
0.126273 -0.0999022 0.0
0.120987 -0.103956 0.0
0.115484 -0.10807 0.0
0.109763 -0.112247 0.0
0.103827 -0.116496 0.0
0.0976799 -0.120824 0.0
0.0913279 -0.125249 0.0
0.0847815 -0.129791 0.0
0.0780547 -0.134483 0.0
0.0711661 -0.139374 0.0
0.0641399 -0.144538 0.0
0.0570061 -0.150085 0.0
0.0498016 -0.156194 0.0
0.0425694 -0.163147 0.0
0.0353573 -0.171417 0.0
0.0282114 -0.181802 0.0
0.0211591 -0.195662 0.0
0.0141662 -0.215351 0.0
0.0070389 -0.245142 0.0
-0.000674737 -0.293611 0.0
-0.00879201 -0.365159 0.0
-0.0161828 -0.44825 0.0
-0.021334 -0.528294 0.0
-0.0225206 -0.579966 0.0
-0.0184115 -0.56403 0.0
-0.0094301 -0.422797 0.0
-0.00197252 -0.0965101 0.0
1.86423e-05 -0.0022473 0.0
0.000277273 -0.00621149 0.0
0.00110977 -0.0051503 0.0
0.00277891 0.000904473 0.0
0.00548422 0.0116928 0.0
0.00931235 0.0265268 0.0
0.0142221 0.0443498 0.0
0.0200419 0.0638738 0.0
0.0265326 0.0838452 0.0
0.0334496 0.103235 0.0
0.0405804 0.121306 0.0
0.0477599 0.137598 0.0
0.0548705 0.151873 0.0
0.0618355 0.164059 0.0
0.0686105 0.1742 0.0
0.0751753 0.182409 0.0
0.0815257 0.188838 0.0
0.0876677 0.193657 0.0
0.0936127 0.197037 0.0
0.0993737 0.199144 0.0
0.104963 0.20013 0.0
0.110391 0.200131 0.0
0.115666 0.199271 0.0
0.120793 0.197661 0.0
0.125774 0.195397 0.0
0.130611 0.192567 0.0
0.135301 0.189248 0.0
0.139844 0.185512 0.0
0.144237 0.18142 0.0
0.148478 0.177031 0.0
0.152566 0.172397 0.0
0.156498 0.167565 0.0
0.160275 0.162578 0.0
0.163897 0.157476 0.0
0.167364 0.152293 0.0
0.170678 0.14706 0.0
0.173843 0.141805 0.0
0.17686 0.136553 0.0
0.179733 0.131323 0.0
0.182466 0.126136 0.0
0.185062 0.121005 0.0
0.187527 0.115945 0.0
0.189864 0.110964 0.0
0.192077 0.106072 0.0
0.19417 0.101275 0.0
0.196148 0.096577 0.0
0.198013 0.0919816 0.0
0.199768 0.0874904 0.0
0.201418 0.0831038 0.0
0.202964 0.0788213 0.0
0.20441 0.0746416 0.0
0.205756 0.0705627 0.0
0.207005 0.0665818 0.0
0.208158 0.0626958 0.0
0.209217 0.0589012 0.0
0.210183 0.0551941 0.0
0.211056 0.0515704 0.0
0.211837 0.0480259 0.0
0.212527 0.0445561 0.0
0.213125 0.0411567 0.0
0.213631 0.037823 0.0
0.214046 0.0345506 0.0
0.214369 0.031335 0.0
0.2146 0.0281716 0.0
0.214738 0.0250559 0.0
0.214782 0.0219835 0.0
0.214732 0.01895 0.0
0.214587 0.0159511 0.0
0.214346 0.0129825 0.0
0.214007 0.0100399 0.0
0.213569 0.00711922 0.0
0.213031 0.00421638 0.0
0.21239 0.0013268 0.0
0.211644 -0.00156341 0.0
0.210794 -0.00444726 0.0
0.209837 -0.00732908 0.0
0.208771 -0.0102125 0.0
0.207594 -0.013101 0.0
0.206303 -0.015998 0.0
0.204897 -0.0189065 0.0
0.203372 -0.0218299 0.0
0.201725 -0.0247712 0.0
0.199954 -0.0277333 0.0
0.198055 -0.0307192 0.0
0.196024 -0.0337315 0.0
0.193857 -0.0367729 0.0
0.19155 -0.0398458 0.0
0.189099 -0.0429525 0.0
0.186499 -0.0460951 0.0
0.183746 -0.0492756 0.0
0.180833 -0.0524957 0.0
0.177757 -0.0557569 0.0
0.174511 -0.0590606 0.0
0.17109 -0.062408 0.0
0.167489 -0.0658001 0.0
0.1637 -0.0692377 0.0
0.15972 -0.0727214 0.0
0.155541 -0.0762521 0.0
0.151158 -0.0798301 0.0
0.146566 -0.0834563 0.0
0.141761 -0.0871314 0.0
0.136736 -0.0908568 0.0
0.131489 -0.0946342 0.0
0.126017 -0.0984663 0.0
0.120318 -0.102357 0.0
0.114392 -0.106313 0.0
0.10824 -0.110342 0.0
0.101867 -0.114457 0.0
0.0952784 -0.118676 0.0
0.0884858 -0.123025 0.0
0.081503 -0.12754 0.0
0.0743492 -0.132275 0.0
0.0670494 -0.137311 0.0
0.0596349 -0.142764 0.0
0.0521442 -0.14882 0.0
0.0446228 -0.155768 0.0
0.0371214 -0.164083 0.0
0.0296901 -0.174558 0.0
0.0223617 -0.188524 0.0
0.0151084 -0.208243 0.0
0.00773415 -0.23775 0.0
-0.000292731 -0.285263 0.0
-0.00890898 -0.356774 0.0
-0.016977 -0.441177 0.0
-0.0228459 -0.524347 0.0
-0.0245835 -0.580988 0.0
-0.0205964 -0.571103 0.0
-0.0110563 -0.434245 0.0
-0.00254686 -0.101029 0.0
1.97617e-05 -0.0022857 0.0
0.000258377 -0.00667034 0.0
0.000998394 -0.00626397 0.0
0.00245293 -0.00110554 0.0
0.00481284 0.00863762 0.0
0.00819526 0.0223715 0.0
0.0126043 0.0391863 0.0
0.0179219 0.0578998 0.0
0.0239523 0.0772979 0.0
0.0304791 0.0963387 0.0
0.0373049 0.114246 0.0
0.0442701 0.130513 0.0
0.0512556 0.144861 0.0
0.0581788 0.157183 0.0
0.0649869 0.167494 0.0
0.0716497 0.175888 0.0
0.0781531 0.182505 0.0
0.0844936 0.187507 0.0
0.0906738 0.191062 0.0
0.0966996 0.193333 0.0
0.102577 0.194474 0.0
0.108312 0.194624 0.0
0.113907 0.193908 0.0
0.119366 0.192439 0.0
0.124687 0.190317 0.0
0.129868 0.187629 0.0
0.134908 0.184456 0.0
0.139803 0.180867 0.0
0.144548 0.176926 0.0
0.149141 0.172691 0.0
0.153577 0.168213 0.0
0.157855 0.163538 0.0
0.161973 0.15871 0.0
0.165929 0.153766 0.0
0.169724 0.148741 0.0
0.173358 0.143663 0.0
0.176834 0.138562 0.0
0.180152 0.13346 0.0
0.183316 0.128378 0.0
0.18633 0.123335 0.0
0.189196 0.118344 0.0
0.191919 0.113419 0.0
0.194502 0.10857 0.0
0.19695 0.103806 0.0
0.199266 0.099132 0.0
0.201454 0.0945542 0.0
0.203518 0.0900753 0.0
0.205462 0.0856972 0.0
0.207289 0.0814208 0.0
0.209001 0.0772459 0.0
0.210601 0.0731713 0.0
0.212093 0.0691954 0.0
0.213477 0.0653156 0.0
0.214756 0.0615292 0.0
0.215932 0.0578328 0.0
0.217006 0.0542229 0.0
0.217979 0.0506955 0.0
0.218852 0.0472466 0.0
0.219626 0.0438721 0.0
0.220301 0.0405676 0.0
0.220878 0.0373288 0.0
0.221357 0.0341513 0.0
0.221737 0.0310308 0.0
0.222019 0.0279628 0.0
0.222203 0.0249431 0.0
0.222287 0.0219673 0.0
0.222272 0.0190312 0.0
0.222157 0.0161306 0.0
0.22194 0.0132613 0.0
0.22162 0.0104193 0.0
0.221197 0.00760059 0.0
0.22067 0.00480126 0.0
0.220036 0.00201684 0.0
0.219293 -0.000764677 0.0
0.218436 -0.00353963 0.0
0.217468 -0.00631112 0.0
0.216386 -0.0090823 0.0
0.215188 -0.0118563 0.0
0.213872 -0.0146363 0.0
0.212436 -0.0174253 0.0
0.210876 -0.0202262 0.0
0.209189 -0.0230419 0.0
0.207373 -0.0258751 0.0
0.205424 -0.0287285 0.0
0.203337 -0.0316045 0.0
0.201109 -0.0345055 0.0
0.198737 -0.0374337 0.0
0.196214 -0.0403912 0.0
0.193537 -0.0433797 0.0
0.190701 -0.0464011 0.0
0.1877 -0.0494569 0.0
0.184529 -0.0525484 0.0
0.181183 -0.0556768 0.0
0.177655 -0.0588431 0.0
0.17394 -0.0620483 0.0
0.170032 -0.065293 0.0
0.165925 -0.0685781 0.0
0.161612 -0.0719041 0.0
0.157089 -0.075272 0.0
0.152349 -0.0786826 0.0
0.147387 -0.0821372 0.0
0.142198 -0.0856378 0.0
0.136778 -0.0891867 0.0
0.131125 -0.092788 0.0
0.125235 -0.0964468 0.0
0.119109 -0.100171 0.0
0.112747 -0.103971 0.0
0.106154 -0.107862 0.0
0.0993366 -0.111865 0.0
0.0923043 -0.11601 0.0
0.0850719 -0.120339 0.0
0.077659 -0.12491 0.0
0.0700909 -0.129808 0.0
0.0624002 -0.135161 0.0
0.0546267 -0.141159 0.0
0.0468178 -0.148098 0.0
0.039027 -0.15646 0.0
0.0313077 -0.167031 0.0
0.0236979 -0.181114 0.0
0.0161772 -0.200879 0.0
0.00855225 -0.230114 0.0
0.000214871 -0.276534 0.0
-0.00893174 -0.347739 0.0
-0.0177694 -0.433305 0.0
-0.0244902 -0.519628 0.0
-0.0269256 -0.581534 0.0
-0.0231659 -0.578305 0.0
-0.0130624 -0.446687 0.0
-0.00329148 -0.106868 0.0
2.60568e-05 -0.00233152 0.0
0.000263497 -0.00710057 0.0
0.000937364 -0.00724761 0.0
0.0021945 -0.00283356 0.0
0.00420825 0.00599199 0.0
0.007122 0.018721 0.0
0.0109841 0.0345657 0.0
0.0157352 0.0524518 0.0
0.0212313 0.0712194 0.0
0.027292 0.0898298 0.0
0.0337408 0.10748 0.0
0.0404271 0.123628 0.0
0.0472325 0.137956 0.0
0.0540693 0.150328 0.0
0.0608762 0.160734 0.0
0.0676126 0.169249 0.0
0.0742535 0.176 0.0
0.0807848 0.18114 0.0
0.0871994 0.184834 0.0
0.0934943 0.187241 0.0
0.0996686 0.188515 0.0
0.105721 0.188795 0.0
0.111652 0.188211 0.0
0.117457 0.186873 0.0
0.123133 0.184885 0.0
0.128677 0.182335 0.0
0.134083 0.179304 0.0
0.139345 0.175862 0.0
0.144459 0.172072 0.0
0.149418 0.167993 0.0
0.154219 0.163674 0.0
0.158857 0.159161 0.0
0.163329 0.154497 0.0
0.167634 0.149718 0.0
0.17177 0.144858 0.0
0.175738 0.139945 0.0
0.179537 0.135006 0.0
0.183169 0.130065 0.0
0.186638 0.125141 0.0
0.189944 0.120252 0.0
0.193092 0.115412 0.0
0.196085 0.110635 0.0
0.198927 0.105929 0.0
0.201621 0.101304 0.0
0.204172 0.0967664 0.0
0.206583 0.0923204 0.0
0.208858 0.0879696 0.0
0.211001 0.0837162 0.0
0.213015 0.0795612 0.0
0.214904 0.0755046 0.0
0.21667 0.0715457 0.0
0.218317 0.067683 0.0
0.219846 0.0639142 0.0
0.221261 0.0602368 0.0
0.222562 0.0566477 0.0
0.223753 0.0531436 0.0
0.224834 0.0497209 0.0
0.225806 0.0463756 0.0
0.226672 0.0431039 0.0
0.227431 0.0399016 0.0
0.228084 0.0367646 0.0
0.228632 0.0336887 0.0
0.229076 0.0306696 0.0
0.229414 0.0277032 0.0
0.229648 0.0247854 0.0
0.229777 0.0219118 0.0
0.2298 0.0190786 0.0
0.229717 0.0162815 0.0
0.229528 0.0135168 0.0
0.22923 0.0107804 0.0
0.228824 0.00806852 0.0
0.228308 0.00537728 0.0
0.22768 0.00270231 0.0
0.226937 3.66485e-05 0.0
0.226077 -0.00262462 0.0
0.2251 -0.00528097 0.0
0.224005 -0.007935 0.0
0.222788 -0.0105896 0.0
0.221449 -0.0132477 0.0
0.219984 -0.0159121 0.0
0.21839 -0.0185855 0.0
0.216664 -0.0212705 0.0
0.214804 -0.0239696 0.0
0.212805 -0.0266853 0.0
0.210663 -0.0294198 0.0
0.208376 -0.0321751 0.0
0.205938 -0.0349532 0.0
0.203345 -0.037756 0.0
0.200592 -0.040585 0.0
0.197674 -0.0434417 0.0
0.194586 -0.0463274 0.0
0.191322 -0.0492433 0.0
0.187877 -0.0521904 0.0
0.184244 -0.0551695 0.0
0.180419 -0.0581814 0.0
0.176394 -0.0612269 0.0
0.172164 -0.0643065 0.0
0.167722 -0.0674212 0.0
0.163062 -0.0705717 0.0
0.158178 -0.0737594 0.0
0.153066 -0.0769859 0.0
0.147719 -0.0802536 0.0
0.142134 -0.0835659 0.0
0.136306 -0.0869276 0.0
0.130234 -0.0903454 0.0
0.123917 -0.0938286 0.0
0.117355 -0.0973901 0.0
0.110553 -0.101047 0.0
0.103516 -0.104825 0.0
0.0962545 -0.108757 0.0
0.0887831 -0.112888 0.0
0.0811214 -0.117285 0.0
0.073295 -0.122039 0.0
0.0653369 -0.127282 0.0
0.0572881 -0.133215 0.0
0.0491973 -0.140142 0.0
0.04112 -0.148548 0.0
0.0331126 -0.159216 0.0
0.0252176 -0.173424 0.0
0.0174225 -0.193254 0.0
0.00954371 -0.222236 0.0
0.000913182 -0.267445 0.0
-0.00877931 -0.33799 0.0
-0.0184798 -0.424517 0.0
-0.0262017 -0.513975 0.0
-0.0295132 -0.581441 0.0
-0.0261256 -0.585545 0.0
-0.0154835 -0.460192 0.0
-0.00422884 -0.114388 0.0
3.77596e-05 -0.00239534 0.0
0.000291557 -0.00752799 0.0
0.00092039 -0.00812289 0.0
0.00199404 -0.00428907 0.0
0.00365679 0.00377099 0.0
0.00606965 0.0156154 0.0
0.00933007 0.0305488 0.0
0.0134448 0.0476029 0.0
0.0183301 0.0656869 0.0
0.0238488 0.0837829 0.0
0.0298503 0.101077 0.0
0.036196 0.116999 0.0
0.0427693 0.131206 0.0
0.0494781 0.143532 0.0
0.0562523 0.153948 0.0
0.0630403 0.16251 0.0
0.0698051 0.169333 0.0
0.0765208 0.17456 0.0
0.0831696 0.17835 0.0
0.0897386 0.18086 0.0
0.0962185 0.182241 0.0
0.102601 0.182633 0.0
0.10888 0.182164 0.0
0.115048 0.180947 0.0
0.121097 0.179086 0.0
0.127019 0.176669 0.0
0.132807 0.173777 0.0
0.138454 0.17048 0.0
0.143951 0.166843 0.0
0.149293 0.162921 0.0
0.154472 0.158765 0.0
0.159484 0.15442 0.0
0.164325 0.149926 0.0
0.168991 0.145319 0.0
0.173481 0.140631 0.0
0.177793 0.135892 0.0
0.181928 0.131125 0.0
0.185887 0.126355 0.0
0.18967 0.1216 0.0
0.193281 0.116876 0.0
0.196722 0.112199 0.0
0.199996 0.107581 0.0
0.203107 0.103031 0.0
0.206059 0.0985572 0.0
0.208855 0.0941669 0.0
0.211499 0.0898645 0.0
0.213996 0.0856537 0.0
0.216348 0.0815366 0.0
0.21856 0.0775144 0.0
0.220636 0.0735874 0.0
0.222577 0.0697551 0.0
0.224388 0.066016 0.0
0.226072 0.0623684 0.0
0.22763 0.0588098 0.0
0.229066 0.0553375 0.0
0.230381 0.0519483 0.0
0.231577 0.0486389 0.0
0.232657 0.0454056 0.0
0.233621 0.0422447 0.0
0.23447 0.0391523 0.0
0.235206 0.0361244 0.0
0.23583 0.0331571 0.0
0.236341 0.0302463 0.0
0.236741 0.0273881 0.0
0.23703 0.0245783 0.0
0.237207 0.0218131 0.0
0.237272 0.0190885 0.0
0.237226 0.0164008 0.0
0.237067 0.013746 0.0
0.236795 0.0111206 0.0
0.236408 0.00852089 0.0
0.235906 0.00594329 0.0
0.235286 0.00338425 0.0
0.234545 0.000839467 0.0
0.233683 -0.00170491 0.0
0.2327 -0.00424112 0.0
0.231593 -0.00677271 0.0
0.23036 -0.00930261 0.0
0.228998 -0.0118335 0.0
0.227505 -0.0143681 0.0
0.225879 -0.0169087 0.0
0.224115 -0.0194579 0.0
0.222211 -0.0220178 0.0
0.220164 -0.0245906 0.0
0.217969 -0.0271783 0.0
0.215622 -0.0297827 0.0
0.21312 -0.0324055 0.0
0.210458 -0.0350482 0.0
0.207631 -0.0377123 0.0
0.204633 -0.0403989 0.0
0.20146 -0.0431091 0.0
0.198106 -0.0458439 0.0
0.194566 -0.048604 0.0
0.190832 -0.0513902 0.0
0.1869 -0.0542031 0.0
0.182763 -0.0570433 0.0
0.178415 -0.0599115 0.0
0.173849 -0.0628084 0.0
0.16906 -0.0657352 0.0
0.16404 -0.0686932 0.0
0.158785 -0.0716846 0.0
0.15329 -0.0747124 0.0
0.147548 -0.0777805 0.0
0.141558 -0.0808949 0.0
0.135315 -0.0840636 0.0
0.12882 -0.0872975 0.0
0.122072 -0.0906115 0.0
0.115074 -0.0940262 0.0
0.107834 -0.0975689 0.0
0.100359 -0.101277 0.0
0.092665 -0.105202 0.0
0.0847705 -0.109415 0.0
0.0767012 -0.114013 0.0
0.0684902 -0.119139 0.0
0.0601787 -0.124998 0.0
0.0518163 -0.131906 0.0
0.0434597 -0.140351 0.0
0.0351674 -0.151114 0.0
0.0269853 -0.165449 0.0
0.0189092 -0.185357 0.0
0.0107733 -0.214117 0.0
0.00188296 -0.258042 0.0
-0.00834879 -0.327468 0.0
-0.0189972 -0.41469 0.0
-0.0278778 -0.507199 0.0
-0.0322752 -0.580507 0.0
-0.02945 -0.592691 0.0
-0.0183342 -0.474804 0.0
-0.0053742 -0.123991 0.0
5.52032e-05 -0.0024883 0.0
0.000340345 -0.00797397 0.0
0.000936632 -0.00890204 0.0
0.00182551 -0.00547245 0.0
0.00311408 0.00200305 0.0
0.0049779 0.0131066 0.0
0.00757112 0.0272039 0.0
0.0109756 0.0434286 0.0
0.0151759 0.0607755 0.0
0.020083 0.0782685 0.0
0.025575 0.0950977 0.0
0.0315268 0.110681 0.0
0.0378243 0.124653 0.0
0.0443707 0.13683 0.0
0.0510866 0.14716 0.0
0.0579085 0.155687 0.0
0.0647869 0.162512 0.0
0.0716832 0.167769 0.0
0.0785676 0.171608 0.0
0.0854167 0.174184 0.0
0.0922118 0.175643 0.0
0.0989371 0.176124 0.0
0.105579 0.175753 0.0
0.112124 0.174645 0.0
0.118561 0.172902 0.0
0.124879 0.170612 0.0
0.131066 0.167857 0.0
0.137112 0.164706 0.0
0.143009 0.161223 0.0
0.148747 0.157462 0.0
0.154319 0.153473 0.0
0.159718 0.1493 0.0
0.16494 0.144983 0.0
0.16998 0.140555 0.0
0.174835 0.136049 0.0
0.179503 0.131492 0.0
0.183985 0.126908 0.0
0.18828 0.122319 0.0
0.192389 0.117743 0.0
0.196314 0.113197 0.0
0.200058 0.108694 0.0
0.203623 0.104246 0.0
0.207013 0.0998638 0.0
0.210231 0.095554 0.0
0.213282 0.0913234 0.0
0.216169 0.0871768 0.0
0.218896 0.0831179 0.0
0.221467 0.0791489 0.0
0.223886 0.0752711 0.0
0.226157 0.071485 0.0
0.228282 0.0677902 0.0
0.230266 0.0641857 0.0
0.232112 0.0606696 0.0
0.233822 0.05724 0.0
0.2354 0.0538942 0.0
0.236847 0.0506293 0.0
0.238166 0.0474423 0.0
0.239359 0.0443297 0.0
0.240428 0.041288 0.0
0.241374 0.0383135 0.0
0.242198 0.0354025 0.0
0.242903 0.0325512 0.0
0.243488 0.0297559 0.0
0.243954 0.0270125 0.0
0.244301 0.0243175 0.0
0.244531 0.021667 0.0
0.244643 0.0190573 0.0
0.244637 0.0164848 0.0
0.244512 0.0139459 0.0
0.244267 0.0114371 0.0
0.243903 0.008955 0.0
0.243418 0.0064964 0.0
0.242811 0.00405817 0.0
0.242082 0.00163679 0.0
0.241223 -0.000781797 0.0
0.240234 -0.00319202 0.0
0.239115 -0.00559588 0.0
0.237864 -0.0079959 0.0
0.236481 -0.0103945 0.0
0.234961 -0.0127942 0.0
0.233302 -0.015197 0.0
0.231501 -0.0176053 0.0
0.229555 -0.0200209 0.0
0.227461 -0.0224458 0.0
0.225214 -0.0248816 0.0
0.222811 -0.02733 0.0
0.220248 -0.0297924 0.0
0.217519 -0.0322701 0.0
0.21462 -0.0347642 0.0
0.211546 -0.0372756 0.0
0.208292 -0.0398052 0.0
0.204852 -0.0423538 0.0
0.20122 -0.0449218 0.0
0.197391 -0.0475099 0.0
0.193358 -0.0501185 0.0
0.189115 -0.0527481 0.0
0.184657 -0.0553994 0.0
0.179975 -0.0580731 0.0
0.175065 -0.0607705 0.0
0.169919 -0.0634932 0.0
0.164533 -0.0662436 0.0
0.158901 -0.0690253 0.0
0.153017 -0.0718429 0.0
0.146879 -0.0747034 0.0
0.140482 -0.077616 0.0
0.133826 -0.0805933 0.0
0.12691 -0.0836523 0.0
0.119738 -0.086816 0.0
0.112315 -0.0901152 0.0
0.10465 -0.0935912 0.0
0.0967556 -0.0973001 0.0
0.0886512 -0.101318 0.0
0.0803616 -0.105751 0.0
0.071919 -0.110747 0.0
0.0633643 -0.116523 0.0
0.0547469 -0.123401 0.0
0.0461238 -0.131876 0.0
0.0375541 -0.142727 0.0
0.0290859 -0.157185 0.0
0.0207217 -0.17718 0.0
0.0123196 -0.205756 0.0
0.00321955 -0.248413 0.0
-0.00751233 -0.316134 0.0
-0.0191741 -0.403714 0.0
-0.0293702 -0.499098 0.0
-0.0350921 -0.578489 0.0
-0.0330708 -0.599556 0.0
-0.0215994 -0.490526 0.0
-0.0067316 -0.136097 0.0
7.77692e-05 -0.00262127 0.0
0.00040099 -0.00844936 0.0
0.000956413 -0.00957836 0.0
0.00162937 -0.00635796 0.0
0.00248974 0.000739622 0.0
0.00373197 0.011264 0.0
0.0055788 0.0246065 0.0
0.00819931 0.040001 0.0
0.0116517 0.0565504 0.0
0.0158939 0.0733443 0.0
0.0208317 0.0895921 0.0
0.0263531 0.104713 0.0
0.0323454 0.118331 0.0
0.0387068 0.130244 0.0
0.0453479 0.140389 0.0
0.0521934 0.148792 0.0
0.0591802 0.155543 0.0
0.0662568 0.160766 0.0
0.0733807 0.164603 0.0
0.0805173 0.167203 0.0
0.0876379 0.168708 0.0
0.094718 0.169253 0.0
0.101736 0.168964 0.0
0.108675 0.167952 0.0
0.115516 0.166318 0.0
0.122244 0.164151 0.0
0.128846 0.16153 0.0
0.135307 0.158525 0.0
0.141618 0.155197 0.0
0.147766 0.151601 0.0
0.153744 0.147785 0.0
0.159543 0.143791 0.0
0.165157 0.139657 0.0
0.170581 0.135417 0.0
0.175812 0.131102 0.0
0.180847 0.126736 0.0
0.185684 0.122345 0.0
0.190324 0.117947 0.0
0.194768 0.113562 0.0
0.199016 0.109205 0.0
0.20307 0.104888 0.0
0.206935 0.100623 0.0
0.210612 0.0964199 0.0
0.214105 0.0922859 0.0
0.217419 0.0882272 0.0
0.220556 0.0842486 0.0
0.223522 0.0803537 0.0
0.226319 0.0765446 0.0
0.228952 0.072823 0.0
0.231426 0.0691893 0.0
0.233743 0.0656434 0.0
0.235907 0.0621842 0.0
0.237922 0.0588103 0.0
0.239791 0.05552 0.0
0.241517 0.0523107 0.0
0.243103 0.0491798 0.0
0.244551 0.0461245 0.0
0.245864 0.0431416 0.0
0.247044 0.0402277 0.0
0.248092 0.0373795 0.0
0.249011 0.0345934 0.0
0.249801 0.0318659 0.0
0.250464 0.0291933 0.0
0.251001 0.0265721 0.0
0.251412 0.0239987 0.0
0.251699 0.0214696 0.0
0.25186 0.0189812 0.0
0.251898 0.0165302 0.0
0.25181 0.0141131 0.0
0.251597 0.0117268 0.0
0.251259 0.00936797 0.0
0.250793 0.0070337 0.0
0.2502 0.00472096 0.0
0.249478 0.00242635 0.0
0.248621 0.000143285 0.0
0.24763 -0.00213598 0.0
0.246504 -0.00440685 0.0
0.245241 -0.00667175 0.0
0.243839 -0.00893293 0.0
0.242296 -0.0111925 0.0
0.240609 -0.0134525 0.0
0.238774 -0.0157148 0.0
0.23679 -0.0179811 0.0
0.234652 -0.0202532 0.0
0.232357 -0.0225323 0.0
0.2299 -0.0248199 0.0
0.227279 -0.0271171 0.0
0.224487 -0.029425 0.0
0.221521 -0.0317444 0.0
0.218376 -0.034076 0.0
0.215045 -0.0364204 0.0
0.211525 -0.0387781 0.0
0.207809 -0.0411496 0.0
0.203891 -0.043535 0.0
0.199765 -0.0459348 0.0
0.195425 -0.0483494 0.0
0.190865 -0.0507793 0.0
0.186079 -0.0532254 0.0
0.18106 -0.0556888 0.0
0.175802 -0.0581716 0.0
0.170299 -0.0606765 0.0
0.164546 -0.0632073 0.0
0.158539 -0.0657697 0.0
0.152272 -0.0683712 0.0
0.145743 -0.0710224 0.0
0.138949 -0.0737374 0.0
0.131892 -0.0765353 0.0
0.124573 -0.0794414 0.0
0.116996 -0.0824896 0.0
0.109169 -0.0857252 0.0
0.101106 -0.0892088 0.0
0.0928235 -0.0930224 0.0
0.0843447 -0.0972783 0.0
0.0757007 -0.102134 0.0
0.0669307 -0.107813 0.0
0.058083 -0.114647 0.0
0.0492133 -0.123137 0.0
0.04038 -0.134062 0.0
0.0316314 -0.148633 0.0
0.022974 -0.168711 0.0
0.0142882 -0.197137 0.0
0.00502901 -0.238673 0.0
-0.00612629 -0.303987 0.0
-0.0188218 -0.391503 0.0
-0.0304763 -0.489458 0.0
-0.037786 -0.575097 0.0
-0.0368663 -0.605889 0.0
-0.0252244 -0.507306 0.0
-0.00829003 -0.151119 0.0
0.000102936 -0.00280198 0.0
0.000453782 -0.00894272 0.0
0.000924052 -0.0101107 0.0
0.00130603 -0.00688057 0.0
0.00164067 6.7224e-05 0.0
0.00215428 0.0101806 0.0
0.00315878 0.0228386 0.0
0.00492627 0.0373809 0.0
0.00759012 0.0530543 0.0
0.0111431 0.0690453 0.0
0.0155114 0.0845849 0.0
0.0205927 0.0991178 0.0
0.0262717 0.112255 0.0
0.0324421 0.123789 0.0
0.0390051 0.133641 0.0
0.0458732 0.141827 0.0
0.0529703 0.148424 0.0
0.0602314 0.153547 0.0
0.0676017 0.157328 0.0
0.0750349 0.159908 0.0
0.0824919 0.161425 0.0
0.0899394 0.162008 0.0
0.0973486 0.16178 0.0
0.104694 0.160851 0.0
0.111954 0.159317 0.0
0.119108 0.157268 0.0
0.126139 0.15478 0.0
0.13303 0.151922 0.0
0.139767 0.148753 0.0
0.146339 0.145326 0.0
0.152734 0.141687 0.0
0.158944 0.137879 0.0
0.16496 0.133937 0.0
0.170778 0.129894 0.0
0.176394 0.125779 0.0
0.181803 0.121615 0.0
0.187004 0.117427 0.0
0.191997 0.113232 0.0
0.196782 0.109049 0.0
0.201359 0.104892 0.0
0.205732 0.100773 0.0
0.209902 0.0967034 0.0
0.213873 0.0926919 0.0
0.217647 0.0887459 0.0
0.22123 0.0848714 0.0
0.224624 0.0810729 0.0
0.227834 0.077354 0.0
0.230864 0.0737169 0.0
0.233718 0.0701632 0.0
0.236401 0.0666935 0.0
0.238915 0.0633076 0.0
0.241266 0.0600049 0.0
0.243457 0.056784 0.0
0.245491 0.0536434 0.0
0.247371 0.0505807 0.0
0.249101 0.0475937 0.0
0.250684 0.0446796 0.0
0.252122 0.0418355 0.0
0.253418 0.0390583 0.0
0.254574 0.0363449 0.0
0.255591 0.033692 0.0
0.256472 0.0310962 0.0
0.257218 0.0285541 0.0
0.25783 0.0260625 0.0
0.258309 0.0236179 0.0
0.258656 0.021217 0.0
0.258871 0.0188566 0.0
0.258955 0.0165335 0.0
0.258908 0.0142445 0.0
0.25873 0.0119866 0.0
0.25842 0.00975689 0.0
0.257977 0.00755263 0.0
0.257401 0.00537111 0.0
0.25669 0.0032097 0.0
0.255842 0.00106504 0.0
0.254853 -0.00107677 0.0
0.253721 -0.00320904 0.0
0.252448 -0.00533344 0.0
0.251031 -0.0074519 0.0
0.249467 -0.00956628 0.0
0.247753 -0.0116784 0.0
0.245889 -0.0137898 0.0
0.243869 -0.015902 0.0
0.241691 -0.0180164 0.0
0.239351 -0.0201342 0.0
0.236846 -0.0222564 0.0
0.234171 -0.024384 0.0
0.231322 -0.0265177 0.0
0.228294 -0.0286581 0.0
0.225083 -0.0308057 0.0
0.221684 -0.0329609 0.0
0.218091 -0.0351239 0.0
0.214298 -0.0372949 0.0
0.2103 -0.039474 0.0
0.206092 -0.0416615 0.0
0.201667 -0.0438577 0.0
0.197019 -0.0460629 0.0
0.192142 -0.0482782 0.0
0.187029 -0.0505048 0.0
0.181676 -0.0527448 0.0
0.176077 -0.0550012 0.0
0.170225 -0.0572784 0.0
0.164117 -0.0595826 0.0
0.157748 -0.0619223 0.0
0.151115 -0.064309 0.0
0.144216 -0.0667583 0.0
0.13705 -0.0692911 0.0
0.129618 -0.0719349 0.0
0.121926 -0.0747266 0.0
0.113979 -0.077715 0.0
0.105788 -0.080965 0.0
0.0973686 -0.0845643 0.0
0.0887425 -0.0886315 0.0
0.0799379 -0.0933316 0.0
0.0709912 -0.0988979 0.0
0.0619478 -0.10567 0.0
0.0528606 -0.114157 0.0
0.0437858 -0.125135 0.0
0.03477 -0.139796 0.0
0.0258231 -0.159944 0.0
0.0168482 -0.188244 0.0
0.00741139 -0.22887 0.0
-0.00406074 -0.291163 0.0
-0.0176918 -0.378001 0.0
-0.0309327 -0.478065 0.0
-0.0401114 -0.570002 0.0
-0.0406512 -0.611364 0.0
-0.0291071 -0.525018 0.0
-0.0100202 -0.169429 0.0
0.000124868 -0.00302978 0.0
0.000462375 -0.00940327 0.0
0.000746489 -0.0104045 0.0
0.000701665 -0.00692389 0.0
0.00036322 0.000114356 0.0
1.27851e-05 0.00997025 0.0
7.27158e-05 0.0219845 0.0
0.000926456 0.0356138 0.0
0.00278352 0.0503005 0.0
0.00565618 0.0653735 0.0
0.00948186 0.0800626 0.0
0.0141517 0.093889 0.0
0.0195368 0.10642 0.0
0.0255324 0.117458 0.0
0.0320295 0.126911 0.0
0.0389307 0.134786 0.0
0.0461478 0.14115 0.0
0.0536033 0.146104 0.0
0.06123 0.149774 0.0
0.0689706 0.152289 0.0
0.0767757 0.153782 0.0
0.0846031 0.154376 0.0
0.0924162 0.15419 0.0
0.100183 0.153328 0.0
0.107876 0.151887 0.0
0.115469 0.149951 0.0
0.122942 0.147595 0.0
0.130274 0.144884 0.0
0.137451 0.141877 0.0
0.144456 0.138624 0.0
0.151279 0.135171 0.0
0.157908 0.131557 0.0
0.164336 0.127815 0.0
0.170556 0.123978 0.0
0.176562 0.120073 0.0
0.182352 0.116122 0.0
0.187923 0.112148 0.0
0.193275 0.108168 0.0
0.198406 0.104198 0.0
0.203319 0.100253 0.0
0.208014 0.096344 0.0
0.212495 0.0924816 0.0
0.216764 0.088674 0.0
0.220824 0.0849283 0.0
0.224681 0.0812502 0.0
0.228336 0.0776441 0.0
0.231796 0.0741133 0.0
0.235063 0.0706602 0.0
0.238143 0.0672861 0.0
0.241039 0.0639919 0.0
0.243756 0.0607775 0.0
0.246298 0.0576423 0.0
0.248669 0.0545853 0.0
0.250872 0.0516049 0.0
0.252912 0.0486991 0.0
0.254791 0.0458658 0.0
0.256513 0.0431026 0.0
0.258081 0.0404066 0.0
0.259497 0.0377752 0.0
0.260764 0.0352053 0.0
0.261885 0.0326939 0.0
0.26286 0.0302379 0.0
0.263693 0.0278342 0.0
0.264384 0.0254797 0.0
0.264934 0.0231711 0.0
0.265345 0.0209056 0.0
0.265618 0.0186799 0.0
0.265753 0.0164912 0.0
0.26575 0.0143366 0.0
0.265609 0.0122134 0.0
0.265331 0.0101187 0.0
0.264914 0.00805019 0.0
0.264358 0.0060054 0.0
0.263662 0.00398216 0.0
0.262825 0.00197802 0.0
0.261841 -1.62971e-05 0.0
0.260708 -0.00200513 0.0
0.259428 -0.00398395 0.0
0.257999 -0.00595464 0.0
0.256418 -0.00791888 0.0
0.254684 -0.00987821 0.0
0.252793 -0.011834 0.0
0.250742 -0.0137875 0.0
0.248529 -0.0157399 0.0
0.24615 -0.017692 0.0
0.243602 -0.0196447 0.0
0.24088 -0.0215987 0.0
0.23798 -0.0235544 0.0
0.234899 -0.0255122 0.0
0.23163 -0.0274724 0.0
0.228171 -0.0294351 0.0
0.224515 -0.0314003 0.0
0.220657 -0.0333681 0.0
0.216592 -0.0353384 0.0
0.212315 -0.0373113 0.0
0.207819 -0.039287 0.0
0.2031 -0.041266 0.0
0.198151 -0.043249 0.0
0.192967 -0.0452376 0.0
0.187542 -0.047234 0.0
0.181871 -0.0492414 0.0
0.175949 -0.0512647 0.0
0.169771 -0.0533105 0.0
0.163333 -0.055388 0.0
0.156633 -0.0575099 0.0
0.149668 -0.0596928 0.0
0.142437 -0.0619592 0.0
0.13494 -0.0643388 0.0
0.12718 -0.0668707 0.0
0.119164 -0.0696071 0.0
0.110899 -0.0726168 0.0
0.102398 -0.0759924 0.0
0.0936793 -0.0798589 0.0
0.084768 -0.0843883 0.0
0.0756961 -0.0898226 0.0
0.0665042 -0.0965102 0.0
0.0572404 -0.104966 0.0
0.0479559 -0.115966 0.0
0.0386936 -0.130686 0.0
0.0294639 -0.150877 0.0
0.0201898 -0.179062 0.0
0.010519 -0.218944 0.0
-0.00112979 -0.277967 0.0
-0.0155063 -0.363189 0.0
-0.0304213 -0.464721 0.0
-0.0417514 -0.562837 0.0
-0.0441692 -0.615572 0.0
-0.0330921 -0.543431 0.0
-0.0118726 -0.191322 0.0
0.000132245 -0.00328689 0.0
0.000365098 -0.00971652 0.0
0.000271601 -0.0102819 0.0
-0.000435108 -0.00629498 0.0
-0.0016378 0.00102658 0.0
-0.00294163 0.0107123 0.0
-0.00385243 0.0220934 0.0
-0.00395735 0.0347561 0.0
-0.00298103 0.0483247 0.0
-0.000786891 0.0622825 0.0
0.00258417 0.075957 0.0
0.00691969 0.0889894 0.0
0.0120679 0.100786 0.0
0.017936 0.111228 0.0
0.0243982 0.120182 0.0
0.0313563 0.127656 0.0
0.0387119 0.133707 0.0
0.0463768 0.138427 0.0
0.0542732 0.141928 0.0
0.0623335 0.144334 0.0
0.0704988 0.145767 0.0
0.0787182 0.146345 0.0
0.0869474 0.146179 0.0
0.0951475 0.145372 0.0
0.103285 0.144014 0.0
0.111329 0.142186 0.0
0.119255 0.139961 0.0
0.12704 0.1374 0.0
0.134665 0.13456 0.0
0.142113 0.131488 0.0
0.149371 0.128227 0.0
0.156427 0.124815 0.0
0.163273 0.121284 0.0
0.1699 0.117663 0.0
0.176303 0.113978 0.0
0.182478 0.110251 0.0
0.188423 0.106502 0.0
0.194136 0.102748 0.0
0.199618 0.0990044 0.0
0.204868 0.0952835 0.0
0.209889 0.0915969 0.0
0.214683 0.0879539 0.0
0.219253 0.0843626 0.0
0.223603 0.0808295 0.0
0.227736 0.0773601 0.0
0.231656 0.0739585 0.0
0.235367 0.0706279 0.0
0.238875 0.0673705 0.0
0.242183 0.0641879 0.0
0.245297 0.0610807 0.0
0.248219 0.0580491 0.0
0.250956 0.0550925 0.0
0.25351 0.05221 0.0
0.255886 0.0494004 0.0
0.258089 0.0466617 0.0
0.26012 0.0439921 0.0
0.261985 0.0413894 0.0
0.263686 0.0388509 0.0
0.265227 0.0363743 0.0
0.266609 0.0339566 0.0
0.267836 0.0315953 0.0
0.26891 0.0292873 0.0
0.269832 0.0270298 0.0
0.270605 0.02482 0.0
0.271231 0.022655 0.0
0.271709 0.0205318 0.0
0.272043 0.0184478 0.0
0.272231 0.0164003 0.0
0.272275 0.0143865 0.0
0.272175 0.012404 0.0
0.271932 0.0104503 0.0
0.271544 0.00852321 0.0
0.271011 0.00662056 0.0
0.270334 0.0047404 0.0
0.26951 0.00288078 0.0
0.268536 0.00103838 0.0
0.267409 -0.000799205 0.0
0.266127 -0.00262733 0.0
0.26469 -0.00444534 0.0
0.263097 -0.00625473 0.0
0.261346 -0.00805678 0.0
0.259434 -0.00985264 0.0
0.257359 -0.0116433 0.0
0.255118 -0.0134296 0.0
0.252706 -0.0152123 0.0
0.250122 -0.0169919 0.0
0.247362 -0.0187689 0.0
0.244421 -0.0205435 0.0
0.241295 -0.0223159 0.0
0.237981 -0.0240862 0.0
0.234473 -0.0258542 0.0
0.230768 -0.0276198 0.0
0.22686 -0.0293829 0.0
0.222745 -0.0311434 0.0
0.218417 -0.0329011 0.0
0.213871 -0.0346562 0.0
0.209103 -0.0364092 0.0
0.204107 -0.0381609 0.0
0.198879 -0.0399129 0.0
0.193412 -0.0416674 0.0
0.187704 -0.0434281 0.0
0.181748 -0.0452001 0.0
0.175541 -0.0469905 0.0
0.169079 -0.048809 0.0
0.16236 -0.0506691 0.0
0.15538 -0.0525884 0.0
0.148138 -0.0545907 0.0
0.140635 -0.0567072 0.0
0.132871 -0.0589792 0.0
0.124851 -0.0614613 0.0
0.116579 -0.0642259 0.0
0.108066 -0.0673696 0.0
0.0993259 -0.071023 0.0
0.0903777 -0.0753647 0.0
0.0812478 -0.0806445 0.0
0.0719701 -0.0872187 0.0
0.0625849 -0.0956086 0.0
0.0531354 -0.10659 0.0
0.0436561 -0.121321 0.0
0.0341507 -0.141507 0.0
0.0245481 -0.169556 0.0
0.0145676 -0.208799 0.0
0.00290811 -0.264804 0.0
-0.0119587 -0.347109 0.0
-0.0285688 -0.449276 0.0
-0.0423124 -0.553209 0.0
-0.0470869 -0.618008 0.0
-0.036967 -0.562192 0.0
-0.0137765 -0.216971 0.0
0.000106756 -0.00352589 0.0
6.92755e-05 -0.00967289 0.0
-0.000708604 -0.00945414 0.0
-0.00238649 -0.00473814 0.0
-0.00467439 0.00296033 0.0
-0.00703324 0.0124412 0.0
-0.00889959 0.0231416 0.0
-0.00987172 0.034785 0.0
-0.00967665 0.0471245 0.0
-0.00817103 0.0597829 0.0
-0.00536224 0.0722766 0.0
-0.00132599 0.0842979 0.0
0.00375198 0.0952512 0.0
0.0096016 0.105045 0.0
0.0160906 0.113414 0.0
0.0231482 0.120409 0.0
0.0306711 0.126076 0.0
0.0385661 0.130498 0.0
0.0467482 0.133778 0.0
0.0551416 0.13603 0.0
0.063679 0.137368 0.0
0.0723017 0.137902 0.0
0.0809577 0.137737 0.0
0.0896016 0.13697 0.0
0.0981934 0.135687 0.0
0.106698 0.133964 0.0
0.115086 0.131869 0.0
0.123331 0.129462 0.0
0.131411 0.126793 0.0
0.139309 0.123909 0.0
0.147007 0.120849 0.0
0.154495 0.117649 0.0
0.161761 0.114338 0.0
0.168799 0.110945 0.0
0.175601 0.107492 0.0
0.182163 0.104 0.0
0.188484 0.100488 0.0
0.194561 0.0969725 0.0
0.200393 0.0934663 0.0
0.205983 0.0899819 0.0
0.21133 0.0865297 0.0
0.216439 0.0831185 0.0
0.221311 0.0797558 0.0
0.22595 0.0764476 0.0
0.23036 0.0731991 0.0
0.234545 0.070014 0.0
0.23851 0.0668956 0.0
0.24226 0.0638458 0.0
0.245798 0.0608662 0.0
0.24913 0.0579575 0.0
0.25226 0.0551198 0.0
0.255192 0.0523527 0.0
0.257932 0.0496556 0.0
0.260484 0.0470271 0.0
0.262851 0.0444657 0.0
0.265037 0.0419697 0.0
0.267047 0.039537 0.0
0.268884 0.0371654 0.0
0.270551 0.0348525 0.0
0.272051 0.0325959 0.0
0.273387 0.030393 0.0
0.274562 0.0282412 0.0
0.275577 0.0261379 0.0
0.276436 0.0240805 0.0
0.277139 0.0220662 0.0
0.277688 0.0200927 0.0
0.278085 0.0181572 0.0
0.27833 0.0162573 0.0
0.278424 0.0143908 0.0
0.278369 0.0125552 0.0
0.278163 0.0107484 0.0
0.277808 0.00896835 0.0
0.277302 0.00721321 0.0
0.276646 0.00548126 0.0
0.275839 0.00377098 0.0
0.27488 0.00208067 0.0
0.273763 0.000403353 0.0
0.272484 -0.00126869 0.0
0.271046 -0.00292944 0.0
0.269448 -0.00457967 0.0
0.267688 -0.00622036 0.0
0.265763 -0.0078524 0.0
0.263671 -0.00947656 0.0
0.26141 -0.0110935 0.0
0.258976 -0.0127036 0.0
0.256367 -0.0143074 0.0
0.253579 -0.015905 0.0
0.250609 -0.0174965 0.0
0.247454 -0.0190819 0.0
0.244109 -0.020661 0.0
0.240571 -0.0222336 0.0
0.236835 -0.0237994 0.0
0.232898 -0.0253582 0.0
0.228755 -0.0269098 0.0
0.224402 -0.0284539 0.0
0.219835 -0.0299908 0.0
0.215049 -0.0315208 0.0
0.21004 -0.0330448 0.0
0.204805 -0.0345645 0.0
0.199338 -0.0360824 0.0
0.193635 -0.0376022 0.0
0.187694 -0.0391292 0.0
0.181511 -0.0406709 0.0
0.175081 -0.0422376 0.0
0.168404 -0.0438431 0.0
0.161475 -0.0455058 0.0
0.154293 -0.0472502 0.0
0.146858 -0.0491088 0.0
0.139168 -0.0511242 0.0
0.131225 -0.053353 0.0
0.123032 -0.05587 0.0
0.114595 -0.0587752 0.0
0.105921 -0.0622035 0.0
0.0970247 -0.0663392 0.0
0.0879229 -0.0714385 0.0
0.0786407 -0.0778648 0.0
0.0692079 -0.0861446 0.0
0.0596554 -0.0970519 0.0
0.0500043 -0.111729 0.0
0.040244 -0.131834 0.0
0.0302922 -0.159675 0.0
0.0199065 -0.198314 0.0
0.00831052 -0.252033 0.0
-0.00676077 -0.329942 0.0
-0.0249395 -0.431655 0.0
-0.0413157 -0.54071 0.0
-0.0489872 -0.61806 0.0
-0.0404599 -0.580787 0.0
-0.0156397 -0.246387 0.0
2.53578e-05 -0.00365801 0.0
-0.000534001 -0.00894394 0.0
-0.0024056 -0.00753362 0.0
-0.00546107 -0.00192532 0.0
-0.00907159 0.00604593 0.0
-0.0125208 0.0151637 0.0
-0.0152898 0.0250545 0.0
-0.0170235 0.0355779 0.0
-0.0174847 0.0465977 0.0
-0.0165453 0.0578647 0.0
-0.0141945 0.0690353 0.0
-0.0104964 0.0798049 0.0
-0.00559028 0.08976 0.0
0.000353455 0.0987425 0.0
0.00705643 0.106524 0.0
0.0143015 0.112996 0.0
0.0220405 0.118227 0.0
0.0301944 0.122298 0.0
0.0386814 0.125309 0.0
0.0474219 0.127366 0.0
0.0563428 0.128574 0.0
0.0653786 0.129037 0.0
0.0744707 0.128854 0.0
0.0835669 0.128114 0.0
0.0926211 0.126897 0.0
0.101593 0.125277 0.0
0.110449 0.123313 0.0
0.119159 0.121063 0.0
0.127698 0.118572 0.0
0.136047 0.115884 0.0
0.144188 0.113034 0.0
0.152109 0.110056 0.0
0.159797 0.106977 0.0
0.167245 0.103821 0.0
0.174446 0.100612 0.0
0.181395 0.0973677 0.0
0.18809 0.0941055 0.0
0.194529 0.0908399 0.0
0.200711 0.0875838 0.0
0.206638 0.0843483 0.0
0.212311 0.0811429 0.0
0.217732 0.0779759 0.0
0.222904 0.0748539 0.0
0.227832 0.0717828 0.0
0.232518 0.0687672 0.0
0.236968 0.0658107 0.0
0.241186 0.0629161 0.0
0.245176 0.0600856 0.0
0.248944 0.0573204 0.0
0.252494 0.0546214 0.0
0.255831 0.0519886 0.0
0.25896 0.0494219 0.0
0.261886 0.0469206 0.0
0.264613 0.0444836 0.0
0.267146 0.0421095 0.0
0.269489 0.0397968 0.0
0.271645 0.0375436 0.0
0.273619 0.0353479 0.0
0.275414 0.0332078 0.0
0.277034 0.0311208 0.0
0.278482 0.0290847 0.0
0.279759 0.0270972 0.0
0.28087 0.0251558 0.0
0.281816 0.0232582 0.0
0.282599 0.0214021 0.0
0.283222 0.0195851 0.0
0.283685 0.0178049 0.0
0.28399 0.0160593 0.0
0.284139 0.0143462 0.0
0.284131 0.0126635 0.0
0.283967 0.0110093 0.0
0.283648 0.00938176 0.0
0.283174 0.0077793 0.0
0.282545 0.00620039 0.0
0.28176 0.00464374 0.0
0.280819 0.00310815 0.0
0.279721 0.00159171 0.0
0.278457 8.53684e-05 0.0
0.277025 -0.00141405 0.0
0.27543 -0.00290147 0.0
0.273669 -0.00437746 0.0
0.271741 -0.00584261 0.0
0.269644 -0.00729754 0.0
0.267376 -0.00874269 0.0
0.264933 -0.0101784 0.0
0.262315 -0.0116048 0.0
0.259517 -0.0130219 0.0
0.256537 -0.0144298 0.0
0.253372 -0.0158282 0.0
0.250019 -0.0172168 0.0
0.246474 -0.0185953 0.0
0.242736 -0.0199634 0.0
0.238799 -0.0213207 0.0
0.234662 -0.0226669 0.0
0.23032 -0.0240019 0.0
0.22577 -0.0253258 0.0
0.221009 -0.0266391 0.0
0.216034 -0.0279427 0.0
0.210842 -0.0292384 0.0
0.205429 -0.0305287 0.0
0.199792 -0.0318174 0.0
0.19393 -0.0331101 0.0
0.187838 -0.0344145 0.0
0.181514 -0.035741 0.0
0.174956 -0.0371037 0.0
0.168161 -0.0385214 0.0
0.161127 -0.0400189 0.0
0.153851 -0.0416291 0.0
0.146332 -0.0433954 0.0
0.138569 -0.0453755 0.0
0.130559 -0.0476455 0.0
0.122305 -0.0503077 0.0
0.113807 -0.0534998 0.0
0.105071 -0.0574102 0.0
0.0961056 -0.0623 0.0
0.0869225 -0.068538 0.0
0.077538 -0.076654 0.0
0.0679668 -0.0874187 0.0
0.0582118 -0.101956 0.0
0.0482429 -0.121877 0.0
0.0379635 -0.1494 0.0
0.0271569 -0.187397 0.0
0.0153103 -0.239508 0.0
0.000263883 -0.312349 0.0
-0.0189631 -0.411841 0.0
-0.0381836 -0.524927 0.0
-0.0493615 -0.614994 0.0
-0.0432364 -0.598505 0.0
-0.0173493 -0.279376 0.0
-0.00014655 -0.00353682 0.0
-0.00158065 -0.00707167 0.0
-0.00506526 -0.00404968 0.0
-0.0098755 0.00245646 0.0
-0.0149685 0.0103677 0.0
-0.0195342 0.0188568 0.0
-0.0231472 0.0277434 0.0
-0.0255337 0.0370091 0.0
-0.0265157 0.0466096 0.0
-0.0259988 0.0563964 0.0
-0.0239752 0.0661292 0.0
-0.0205066 0.0755443 0.0
-0.0157221 0.08433 0.0
-0.00979525 0.092302 0.0
-0.00289545 0.0993618 0.0
0.00472801 0.10529 0.0
0.0128178 0.110104 0.0
0.0212864 0.113798 0.0
0.0301059 0.116503 0.0
0.0392096 0.118328 0.0
0.0485248 0.119375 0.0
0.0579823 0.119742 0.0
0.0675179 0.119521 0.0
0.0770728 0.118795 0.0
0.0865947 0.11764 0.0
0.0960379 0.116119 0.0
0.105364 0.11429 0.0
0.11454 0.112201 0.0
0.123538 0.109896 0.0
0.132338 0.107412 0.0
0.14092 0.104783 0.0
0.149271 0.102037 0.0
0.157378 0.0992001 0.0
0.165233 0.096295 0.0
0.172829 0.0933414 0.0
0.180161 0.0903568 0.0
0.187227 0.0873563 0.0
0.194023 0.0843534 0.0
0.200552 0.0813597 0.0
0.206812 0.0783854 0.0
0.212806 0.0754392 0.0
0.218536 0.0725285 0.0
0.224005 0.0696595 0.0
0.229217 0.0668374 0.0
0.234177 0.0640666 0.0
0.238888 0.0613503 0.0
0.243355 0.0586913 0.0
0.247584 0.0560913 0.0
0.251579 0.0535518 0.0
0.255346 0.0510734 0.0
0.258889 0.0486563 0.0
0.262214 0.0463005 0.0
0.265325 0.0440052 0.0
0.268227 0.0417696 0.0
0.270925 0.0395925 0.0
0.273424 0.0374725 0.0
0.275727 0.0354081 0.0
0.277839 0.0333974 0.0
0.279764 0.0314385 0.0
0.281505 0.0295295 0.0
0.283065 0.0276683 0.0
0.284448 0.0258528 0.0
0.285656 0.024081 0.0
0.286693 0.0223506 0.0
0.28756 0.0206595 0.0
0.288259 0.0190058 0.0
0.288793 0.0173873 0.0
0.289162 0.0158022 0.0
0.289369 0.0142484 0.0
0.289414 0.0127242 0.0
0.289298 0.011228 0.0
0.289022 0.00975807 0.0
0.288586 0.00831304 0.0
0.28799 0.00689159 0.0
0.287235 0.00549256 0.0
0.28632 0.00411494 0.0
0.285246 0.00275768 0.0
0.28401 0.00141877 0.0
0.282605 8.94021e-05 0.0
0.281027 -0.00123132 0.0
0.27928 -0.00254055 0.0
0.277366 -0.00383704 0.0
0.275281 -0.0051215 0.0
0.273025 -0.00639409 0.0
0.270596 -0.00765509 0.0
0.267991 -0.00890448 0.0
0.265209 -0.0101422 0.0
0.262247 -0.0113681 0.0
0.259104 -0.0125819 0.0
0.255778 -0.0137833 0.0
0.252265 -0.0149718 0.0
0.248564 -0.0161471 0.0
0.244672 -0.0173088 0.0
0.240588 -0.0184567 0.0
0.236309 -0.0195907 0.0
0.231832 -0.0207108 0.0
0.227156 -0.0218177 0.0
0.22228 -0.0229123 0.0
0.2172 -0.0239964 0.0
0.211914 -0.0250726 0.0
0.206422 -0.0261449 0.0
0.200721 -0.0272188 0.0
0.194809 -0.028302 0.0
0.188685 -0.029405 0.0
0.182345 -0.0305417 0.0
0.175787 -0.0317308 0.0
0.169008 -0.032997 0.0
0.162006 -0.0343731 0.0
0.154776 -0.0359023 0.0
0.147313 -0.0376423 0.0
0.139613 -0.0396695 0.0
0.131671 -0.0420867 0.0
0.123481 -0.045033 0.0
0.115038 -0.0486987 0.0
0.10634 -0.0533478 0.0
0.0973847 -0.0593518 0.0
0.08817 -0.0672411 0.0
0.07869 -0.0777805 0.0
0.0689232 -0.0920725 0.0
0.0588116 -0.11168 0.0
0.0482284 -0.138734 0.0
0.0369347 -0.175962 0.0
0.0244869 -0.226648 0.0
0.00959213 -0.295268 0.0
-0.0101438 -0.38996 0.0
-0.0322622 -0.505469 0.0
-0.0476007 -0.607935 0.0
-0.0448935 -0.614396 0.0
-0.01877 -0.315495 0.0
-0.000470124 -0.00292014 0.0
-0.00329511 -0.00342926 0.0
-0.00904282 0.00154023 0.0
-0.0159051 0.00853911 0.0
-0.0224905 0.0159634 0.0
-0.0281452 0.0234815 0.0
-0.0325281 0.0311147 0.0
-0.0354541 0.0389501 0.0
-0.0368174 0.047014 0.0
-0.0365722 0.05523 0.0
-0.034733 0.0634329 0.0
-0.0313716 0.0714106 0.0
-0.026616 0.0789236 0.0
-0.0206337 0.0857992 0.0
-0.0135965 0.0919276 0.0
-0.0056833 0.0971872 0.0
0.00288954 0.101544 0.0
0.0118418 0.104937 0.0
0.0210532 0.107332 0.0
0.0305446 0.108903 0.0
0.0402661 0.109763 0.0
0.0501533 0.11001 0.0
0.0601387 0.109733 0.0
0.0701573 0.10901 0.0
0.0801497 0.10791 0.0
0.0900648 0.10649 0.0
0.0998596 0.104798 0.0
0.109499 0.102878 0.0
0.118952 0.100766 0.0
0.128198 0.0984966 0.0
0.137215 0.0960981 0.0
0.145989 0.0935963 0.0
0.154509 0.091014 0.0
0.162764 0.0883712 0.0
0.170747 0.0856856 0.0
0.178455 0.0829727 0.0
0.185884 0.0802464 0.0
0.193032 0.0775185 0.0
0.199899 0.0747996 0.0
0.206485 0.0720987 0.0
0.212794 0.0694238 0.0
0.218826 0.0667813 0.0
0.224586 0.0641771 0.0
0.230078 0.0616159 0.0
0.235305 0.0591014 0.0
0.240273 0.0566368 0.0
0.244986 0.0542244 0.0
0.249449 0.051866 0.0
0.253668 0.0495629 0.0
0.257648 0.0473157 0.0
0.261395 0.0451246 0.0
0.264913 0.0429897 0.0
0.268207 0.0409103 0.0
0.271284 0.0388857 0.0
0.274147 0.0369149 0.0
0.276802 0.0349968 0.0
0.279252 0.0331298 0.0
0.281504 0.0313124 0.0
0.283559 0.0295431 0.0
0.285424 0.02782 0.0
0.2871 0.0261413 0.0
0.288591 0.0245052 0.0
0.289902 0.0229099 0.0
0.291033 0.0213534 0.0
0.291989 0.0198339 0.0
0.292772 0.0183496 0.0
0.293383 0.0168987 0.0
0.293825 0.0154795 0.0
0.294099 0.0140904 0.0
0.294206 0.0127297 0.0
0.294149 0.011396 0.0
0.293927 0.0100879 0.0
0.293542 0.00880425 0.0
0.292994 0.00754378 0.0
0.292284 0.00630552 0.0
0.291412 0.00508858 0.0
0.290379 0.00389211 0.0
0.289183 0.0027152 0.0
0.287825 0.00155608 0.0
0.286298 0.000407695 0.0
0.284595 -0.000730556 0.0
0.282722 -0.00185876 0.0
0.28068 -0.00297376 0.0
0.27847 -0.0040753 0.0
0.276089 -0.00516402 0.0
0.273538 -0.00623947 0.0
0.270815 -0.00730161 0.0
0.267918 -0.00835039 0.0
0.264847 -0.00938541 0.0
0.2616 -0.0104061 0.0
0.258176 -0.0114123 0.0
0.254574 -0.0124036 0.0
0.250793 -0.0133798 0.0
0.246832 -0.0143405 0.0
0.24269 -0.0152857 0.0
0.238367 -0.0162156 0.0
0.23386 -0.0171308 0.0
0.22917 -0.0180324 0.0
0.224296 -0.0189222 0.0
0.219237 -0.0198028 0.0
0.213993 -0.020678 0.0
0.208561 -0.0215534 0.0
0.202942 -0.0224364 0.0
0.197134 -0.0233372 0.0
0.191134 -0.0242694 0.0
0.18494 -0.0252512 0.0
0.178548 -0.0263065 0.0
0.171954 -0.0274673 0.0
0.165152 -0.0287758 0.0
0.158134 -0.0302883 0.0
0.150891 -0.0320805 0.0
0.143411 -0.0342539 0.0
0.135683 -0.0369469 0.0
0.12769 -0.0403494 0.0
0.119416 -0.0447252 0.0
0.110842 -0.0504452 0.0
0.101946 -0.0580367 0.0
0.0926946 -0.0682539 0.0
0.0830355 -0.0821732 0.0
0.0728722 -0.101305 0.0
0.0620337 -0.127688 0.0
0.0502368 -0.163917 0.0
0.0370474 -0.213056 0.0
0.0217362 -0.278654 0.0
0.00176987 -0.366871 0.0
-0.0227014 -0.481969 0.0
-0.0429537 -0.595845 0.0
-0.0449391 -0.627208 0.0
-0.0197402 -0.354006 0.0
-0.00105919 -0.00139083 0.0
-0.00596474 0.00277196 0.0
-0.0144502 0.00957222 0.0
-0.0234941 0.0164133 0.0
-0.0316571 0.0228375 0.0
-0.0383745 0.0289795 0.0
-0.04344 0.0350652 0.0
-0.0467813 0.041267 0.0
-0.0483801 0.0476592 0.0
-0.0482522 0.0542117 0.0
-0.0464499 0.0608098 0.0
-0.0430649 0.0672873 0.0
-0.0382305 0.0734568 0.0
-0.0321102 0.0791634 0.0
-0.0248761 0.084292 0.0
-0.0167062 0.0887397 0.0
-0.00777501 0.0924876 0.0
0.0017369 0.0955297 0.0
0.0115274 0.0977379 0.0
0.0214642 0.0990694 0.0
0.0316126 0.099727 0.0
0.0419399 0.0998314 0.0
0.0523831 0.0994821 0.0
0.0628703 0.098755 0.0
0.0733347 0.0977089 0.0
0.0837196 0.0963914 0.0
0.0939782 0.094843 0.0
0.104073 0.093099 0.0
0.113973 0.0911907 0.0
0.123654 0.0891459 0.0
0.133096 0.0869894 0.0
0.142283 0.0847433 0.0
0.151204 0.0824273 0.0
0.159848 0.0800588 0.0
0.168209 0.0776533 0.0
0.176282 0.0752244 0.0
0.184063 0.0727844 0.0
0.191552 0.0703436 0.0
0.198749 0.0679114 0.0
0.205653 0.0654959 0.0
0.212267 0.0631038 0.0
0.218595 0.0607413 0.0
0.224638 0.0584133 0.0
0.230402 0.0561241 0.0
0.235891 0.0538769 0.0
0.24111 0.0516748 0.0
0.246064 0.0495197 0.0
0.250758 0.0474133 0.0
0.255198 0.0453568 0.0
0.259389 0.0433506 0.0
0.263337 0.0413953 0.0
0.267047 0.0394906 0.0
0.270526 0.0376362 0.0
0.273777 0.0358315 0.0
0.276808 0.0340756 0.0
0.279622 0.0323675 0.0
0.282224 0.030706 0.0
0.284619 0.0290897 0.0
0.286812 0.0275172 0.0
0.288807 0.025987 0.0
0.290607 0.0244976 0.0
0.292217 0.0230473 0.0
0.29364 0.0216346 0.0
0.294879 0.0202577 0.0
0.295938 0.0189152 0.0
0.296818 0.0176054 0.0
0.297523 0.0163268 0.0
0.298055 0.0150779 0.0
0.298416 0.0138573 0.0
0.298608 0.0126636 0.0
0.298632 0.0114956 0.0
0.29849 0.0103521 0.0
0.298183 0.00923204 0.0
0.297713 0.00813439 0.0
0.297079 0.00705829 0.0
0.296284 0.00600294 0.0
0.295328 0.00496761 0.0
0.294211 0.00395159 0.0
0.292935 0.00295411 0.0
0.291498 0.00197378 0.0
0.289898 0.00100628 0.0
0.288126 4.93151e-05 0.0
0.286183 -0.000896893 0.0
0.284074 -0.00183258 0.0
0.281803 -0.00275536 0.0
0.27937 -0.00366352 0.0
0.276773 -0.00455773 0.0
0.274014 -0.00543833 0.0
0.271092 -0.00630457 0.0
0.268008 -0.00715543 0.0
0.26476 -0.00799122 0.0
0.261349 -0.00881188 0.0
0.257775 -0.00961707 0.0
0.254039 -0.0104063 0.0
0.250141 -0.0111796 0.0
0.246081 -0.0119374 0.0
0.241858 -0.0126804 0.0
0.237475 -0.0134098 0.0
0.232931 -0.014127 0.0
0.228227 -0.0148347 0.0
0.223362 -0.0155367 0.0
0.218337 -0.0162381 0.0
0.21315 -0.016946 0.0
0.207801 -0.0176701 0.0
0.202288 -0.0184234 0.0
0.196608 -0.0192229 0.0
0.190756 -0.0200915 0.0
0.184727 -0.0210594 0.0
0.178513 -0.0221672 0.0
0.172103 -0.0234688 0.0
0.165483 -0.0250371 0.0
0.158636 -0.0269712 0.0
0.151542 -0.0294062 0.0
0.144174 -0.0325288 0.0
0.136501 -0.036599 0.0
0.128486 -0.0419827 0.0
0.120081 -0.0491982 0.0
0.111222 -0.0589828 0.0
0.101816 -0.0723788 0.0
0.0917146 -0.0908346 0.0
0.0806855 -0.116291 0.0
0.0683738 -0.151206 0.0
0.0542785 -0.198482 0.0
0.037724 -0.261362 0.0
0.0174869 -0.34396 0.0
-0.00869012 -0.454232 0.0
-0.0345044 -0.577516 0.0
-0.0427554 -0.635301 0.0
-0.0200605 -0.393806 0.0
-0.00202815 0.00169651 0.0
-0.00966378 0.0122258 0.0
-0.0213331 0.0202732 0.0
-0.0327695 0.0261927 0.0
-0.0425174 0.030969 0.0
-0.0502134 0.0352613 0.0
-0.055832 0.0394674 0.0
-0.0594376 0.0438117 0.0
-0.0611125 0.0483881 0.0
-0.0609439 0.0531863 0.0
-0.0590303 0.0581192 0.0
-0.0554901 0.0630527 0.0
-0.0504668 0.0678337 0.0
-0.0441236 0.0723231 0.0
-0.0366319 0.0764065 0.0
-0.0281665 0.07999 0.0
-0.0188976 0.0830372 0.0
-0.00897969 0.0855504 0.0
0.00142059 0.0875264 0.0
0.0119927 0.0887719 0.0
0.0226215 0.0892474 0.0
0.033412 0.0891932 0.0
0.0443292 0.0887599 0.0
0.0552938 0.0880253 0.0
0.0662315 0.0870365 0.0
0.0770815 0.0858291 0.0
0.0877952 0.084433 0.0
0.0983342 0.0828754 0.0
0.108667 0.0811809 0.0
0.11877 0.079372 0.0
0.128623 0.0774689 0.0
0.138209 0.07549 0.0
0.147517 0.073452 0.0
0.156537 0.0713696 0.0
0.165263 0.0692559 0.0
0.173689 0.0671228 0.0
0.181813 0.0649806 0.0
0.189633 0.0628384 0.0
0.197149 0.0607042 0.0
0.204363 0.058585 0.0
0.211276 0.0564869 0.0
0.217892 0.0544151 0.0
0.224214 0.0523738 0.0
0.230247 0.0503668 0.0
0.235995 0.0483972 0.0
0.241463 0.0464673 0.0
0.246658 0.0445791 0.0
0.251584 0.042734 0.0
0.256247 0.040933 0.0
0.260654 0.0391768 0.0
0.264809 0.0374656 0.0
0.26872 0.0357994 0.0
0.272391 0.0341778 0.0
0.275828 0.0326005 0.0
0.279038 0.0310667 0.0
0.282025 0.0295755 0.0
0.284795 0.0281259 0.0
0.287353 0.0267168 0.0
0.289703 0.025347 0.0
0.291851 0.0240151 0.0
0.2938 0.02272 0.0
0.295555 0.0214601 0.0
0.297119 0.0202342 0.0
0.298497 0.0190408 0.0
0.299692 0.0178786 0.0
0.300708 0.0167463 0.0
0.301546 0.0156425 0.0
0.30221 0.0145659 0.0
0.302703 0.0135155 0.0
0.303027 0.01249 0.0
0.303184 0.0114883 0.0
0.303176 0.0105094 0.0
0.303005 0.00955252 0.0
0.302672 0.00861667 0.0
0.302181 0.00770113 0.0
0.301531 0.00680518 0.0
0.300724 0.00592818 0.0
0.299762 0.00506953 0.0
0.298646 0.00422862 0.0
0.297378 0.00340473 0.0
0.295956 0.00259681 0.0
0.294383 0.00180376 0.0
0.292653 0.00102178 0.0
0.290761 0.000250135 0.0
0.288704 -0.000510318 0.0
0.28649 -0.00126079 0.0
0.284126 -0.00200034 0.0
0.281616 -0.00272696 0.0
0.278961 -0.00343923 0.0
0.27616 -0.00413514 0.0
0.273214 -0.00481716 0.0
0.270124 -0.00548529 0.0
0.266893 -0.00613884 0.0
0.263521 -0.00677683 0.0
0.26001 -0.00739923 0.0
0.256359 -0.00800711 0.0
0.252572 -0.00860137 0.0
0.248649 -0.00918292 0.0
0.244592 -0.009753 0.0
0.240402 -0.010314 0.0
0.236079 -0.0108694 0.0
0.231623 -0.0114241 0.0
0.227034 -0.0119847 0.0
0.222312 -0.01256 0.0
0.217453 -0.013162 0.0
0.212455 -0.0138065 0.0
0.207314 -0.0145146 0.0
0.202021 -0.0153145 0.0
0.196567 -0.0162439 0.0
0.190939 -0.0173534 0.0
0.185118 -0.0187122 0.0
0.179083 -0.0204144 0.0
0.172805 -0.0225899 0.0
0.166247 -0.0254186 0.0
0.159363 -0.0291525 0.0
0.152095 -0.0341466 0.0
0.144368 -0.0409028 0.0
0.13608 -0.0501312 0.0
0.127085 -0.0628287 0.0
0.117169 -0.0803678 0.0
0.106016 -0.104576 0.0
0.0931739 -0.137767 0.0
0.07804 -0.182692 0.0
0.059899 -0.242457 0.0
0.0379452 -0.320674 0.0
0.0100749 -0.42347 0.0
-0.0209071 -0.551481 0.0
-0.0374947 -0.636497 0.0
-0.0194668 -0.433334 0.0
-0.00349809 0.00722275 0.0
-0.0147148 0.0255519 0.0
-0.0299917 0.0338931 0.0
-0.0438457 0.0378632 0.0
-0.0550364 0.0402371 0.0
-0.0635107 0.0421634 0.0
-0.0694723 0.0441456 0.0
-0.0731433 0.0464102 0.0
-0.0747135 0.0490348 0.0
-0.074343 0.0520005 0.0
-0.0721769 0.0552252 0.0
-0.0683603 0.0585899 0.0
-0.0630482 0.0619611 0.0
-0.0564064 0.0652107 0.0
-0.0486051 0.0682258 0.0
-0.0398134 0.0709136 0.0
-0.0301928 0.073224 0.0
-0.0198938 0.0751467 0.0
-0.00905604 0.0766921 0.0
0.00214621 0.0778319 0.0
0.013431 0.078274 0.0
0.0247473 0.0780598 0.0
0.0361776 0.0775458 0.0
0.0476384 0.076814 0.0
0.0590532 0.0758953 0.0
0.070363 0.0748106 0.0
0.0815217 0.0735791 0.0
0.0924924 0.0722196 0.0
0.103245 0.0707504 0.0
0.113757 0.0691884 0.0
0.124007 0.0675497 0.0
0.133981 0.0658491 0.0
0.143666 0.0640999 0.0
0.153053 0.0623142 0.0
0.162136 0.060503 0.0
0.17091 0.0586759 0.0
0.179371 0.0568418 0.0
0.187521 0.0550081 0.0
0.195357 0.0531818 0.0
0.202882 0.0513686 0.0
0.210098 0.0495737 0.0
0.217009 0.0478015 0.0
0.223619 0.0460558 0.0
0.229931 0.0443396 0.0
0.235952 0.0426556 0.0
0.241686 0.0410059 0.0
0.24714 0.0393922 0.0
0.25232 0.0378156 0.0
0.25723 0.0362772 0.0
0.261879 0.0347774 0.0
0.266272 0.0333165 0.0
0.270416 0.0318946 0.0
0.274316 0.0305114 0.0
0.277978 0.0291665 0.0
0.28141 0.0278595 0.0
0.284616 0.0265894 0.0
0.287602 0.0253556 0.0
0.290375 0.0241571 0.0
0.292938 0.0229929 0.0
0.295298 0.0218619 0.0
0.297459 0.0207631 0.0
0.299426 0.0196953 0.0
0.301203 0.0186573 0.0
0.302794 0.017648 0.0
0.304204 0.0166663 0.0
0.305436 0.0157111 0.0
0.306495 0.0147812 0.0
0.307382 0.0138756 0.0
0.308102 0.0129933 0.0
0.308657 0.0121333 0.0
0.30905 0.0112948 0.0
0.309284 0.0104768 0.0
0.309362 0.00967859 0.0
0.309285 0.00889948 0.0
0.309057 0.00813877 0.0
0.308678 0.00739585 0.0
0.308152 0.00667017 0.0
0.30748 0.00596117 0.0
0.306665 0.00526833 0.0
0.305708 0.00459111 0.0
0.30461 0.00392893 0.0
0.303374 0.00328124 0.0
0.302001 0.00264734 0.0
0.300491 0.00202682 0.0
0.298844 0.00141718 0.0
0.297053 0.000816291 0.0
0.295115 0.000225166 0.0
0.293027 -0.000355077 0.0
0.290796 -0.000925112 0.0
0.288435 -0.00148731 0.0
0.285955 -0.00203839 0.0
0.283357 -0.00257682 0.0
0.280643 -0.00310163 0.0
0.277812 -0.00361101 0.0
0.274864 -0.00410568 0.0
0.271802 -0.00458838 0.0
0.268629 -0.00505981 0.0
0.265347 -0.00552027 0.0
0.261959 -0.00596997 0.0
0.258463 -0.00641116 0.0
0.254862 -0.00684753 0.0
0.251155 -0.00728334 0.0
0.247342 -0.00772416 0.0
0.243423 -0.00817813 0.0
0.239393 -0.00865614 0.0
0.235251 -0.00917251 0.0
0.23099 -0.00974624 0.0
0.226603 -0.0104028 0.0
0.222078 -0.0111764 0.0
0.217399 -0.0121137 0.0
0.212546 -0.0132785 0.0
0.207491 -0.0147584 0.0
0.202199 -0.0166752 0.0
0.196623 -0.0191988 0.0
0.190702 -0.0225679 0.0
0.184358 -0.027119 0.0
0.177482 -0.0333277 0.0
0.169928 -0.0418635 0.0
0.161486 -0.0536598 0.0
0.151858 -0.0699933 0.0
0.140617 -0.0925563 0.0
0.127171 -0.123499 0.0
0.110763 -0.165419 0.0
0.0905155 -0.221342 0.0
0.0655545 -0.294874 0.0
0.0351096 -0.390955 0.0
-0.00117095 -0.516734 0.0
-0.0279742 -0.627854 0.0
-0.0175892 -0.47039 0.0
-0.00571634 0.0164372 0.0
-0.0215348 0.0433728 0.0
-0.0406016 0.0504159 0.0
-0.0565731 0.051166 0.0
-0.0687693 0.0503212 0.0
-0.0775938 0.0493781 0.0
-0.083534 0.0488326 0.0
-0.0869798 0.0488399 0.0
-0.0882215 0.049417 0.0
-0.0874788 0.0505052 0.0
-0.0849303 0.0520059 0.0
-0.0807381 0.0538004 0.0
-0.0750636 0.055764 0.0
-0.0680731 0.0577755 0.0
-0.0599349 0.0597215 0.0
-0.0508097 0.0615011 0.0
-0.0408426 0.0630488 0.0
-0.0301741 0.0643543 0.0
-0.018945 0.0654175 0.0
-0.00727776 0.066237 0.0
0.00464546 0.0666609 0.0
0.0166528 0.0663492 0.0
0.0286764 0.0658025 0.0
0.0406642 0.0651087 0.0
0.052565 0.064285 0.0
0.0643346 0.0633414 0.0
0.0759353 0.0622888 0.0
0.0873351 0.0611394 0.0
0.0985067 0.0599058 0.0
0.109428 0.0586005 0.0
0.12008 0.0572353 0.0
0.130448 0.0558215 0.0
0.140521 0.0543695 0.0
0.15029 0.0528886 0.0
0.159748 0.0513876 0.0
0.168891 0.0498742 0.0
0.177717 0.0483553 0.0
0.186226 0.0468373 0.0
0.194417 0.0453254 0.0
0.202292 0.0438246 0.0
0.209854 0.0423389 0.0
0.217108 0.0408721 0.0
0.224056 0.0394273 0.0
0.230705 0.0380069 0.0
0.237059 0.0366133 0.0
0.243125 0.035248 0.0
0.248908 0.0339127 0.0
0.254416 0.0326082 0.0
0.259654 0.0313354 0.0
0.26463 0.0300948 0.0
0.26935 0.0288866 0.0
0.27382 0.0277109 0.0
0.278048 0.0265675 0.0
0.282039 0.0254561 0.0
0.285801 0.0243764 0.0
0.28934 0.0233277 0.0
0.292661 0.0223094 0.0
0.295772 0.0213207 0.0
0.298677 0.020361 0.0
0.301382 0.0194292 0.0
0.303892 0.0185245 0.0
0.306213 0.0176461 0.0
0.30835 0.0167929 0.0
0.310306 0.0159641 0.0
0.312088 0.0151588 0.0
0.313698 0.0143759 0.0
0.315142 0.0136147 0.0
0.316422 0.0128743 0.0
0.317543 0.0121539 0.0
0.318508 0.0114526 0.0
0.319321 0.0107698 0.0
0.319984 0.0101046 0.0
0.3205 0.00945662 0.0
0.320873 0.00882507 0.0
0.321106 0.00820944 0.0
0.3212 0.00760921 0.0
0.321159 0.00702388 0.0
0.320985 0.00645299 0.0
0.320681 0.0058961 0.0
0.320249 0.00535276 0.0
0.319691 0.00482254 0.0
0.31901 0.00430505 0.0
0.318207 0.00379991 0.0
0.317284 0.00330681 0.0
0.316244 0.00282512 0.0
0.315087 0.00235535 0.0
0.313815 0.00189666 0.0
0.312429 0.00144743 0.0
0.310926 0.00100605 0.0
0.309298 0.000570014 0.0
0.30754 0.000142996 0.0
0.305653 -0.000274096 0.0
0.303645 -0.000681854 0.0
0.301528 -0.00108284 0.0
0.29932 -0.00147712 0.0
0.297027 -0.00186227 0.0
0.294652 -0.00223753 0.0
0.292193 -0.00260273 0.0
0.289651 -0.00295643 0.0
0.287024 -0.0033022 0.0
0.284313 -0.00364461 0.0
0.28152 -0.00398663 0.0
0.278644 -0.00433209 0.0
0.275683 -0.00468881 0.0
0.272633 -0.00506672 0.0
0.269492 -0.00547844 0.0
0.266253 -0.00594063 0.0
0.262908 -0.00647565 0.0
0.259443 -0.0071139 0.0
0.255843 -0.00789696 0.0
0.252083 -0.00888215 0.0
0.248132 -0.010149 0.0
0.243948 -0.0118085 0.0
0.239475 -0.0140164 0.0
0.234637 -0.016992 0.0
0.229331 -0.0210448 0.0
0.223416 -0.0266107 0.0
0.216691 -0.0343009 0.0
0.208872 -0.0449622 0.0
0.199555 -0.0597463 0.0
0.188172 -0.0801789 0.0
0.173956 -0.108214 0.0
0.155934 -0.146272 0.0
0.132996 -0.197302 0.0
0.104068 -0.265025 0.0
0.0684274 -0.354718 0.0
0.025974 -0.474236 0.0
-0.0122818 -0.605292 0.0
-0.0138196 -0.501798 0.0
-0.00902185 0.0311754 0.0
-0.0305303 0.0659616 0.0
-0.0528839 0.0692475 0.0
-0.0698823 0.0653042 0.0
-0.0819743 0.0604712 0.0
-0.0902088 0.0562873 0.0
-0.0953991 0.053054 0.0
-0.0980843 0.0507496 0.0
-0.098619 0.0492836 0.0
-0.0972476 0.0485245 0.0
-0.094149 0.0483395 0.0
-0.0894756 0.0486012 0.0
-0.083376 0.0491892 0.0
-0.0760064 0.0499902 0.0
-0.0675293 0.0508915 0.0
-0.0580937 0.0517704 0.0
-0.0478116 0.0525304 0.0
-0.0368 0.0531926 0.0
-0.0252014 0.0537516 0.0
-0.013151 0.0541853 0.0
-0.000637477 0.0542757 0.0
0.012109 0.0539805 0.0
0.0247598 0.0534968 0.0
0.0372917 0.0528947 0.0
0.0496941 0.052196 0.0
0.0619437 0.0514112 0.0
0.074013 0.0505489 0.0
0.0858752 0.0496174 0.0
0.0975061 0.0486253 0.0
0.108885 0.0475811 0.0
0.119995 0.0464931 0.0
0.130821 0.0453692 0.0
0.141353 0.044217 0.0
0.151582 0.0430433 0.0
0.161502 0.0418545 0.0
0.17111 0.0406564 0.0
0.180402 0.0394544 0.0
0.189379 0.038253 0.0
0.198042 0.0370565 0.0
0.206391 0.0358686 0.0
0.214431 0.0346925 0.0
0.222165 0.0335311 0.0
0.229598 0.0323868 0.0
0.236736 0.0312616 0.0
0.243583 0.0301573 0.0
0.250145 0.0290753 0.0
0.256431 0.0280167 0.0
0.262445 0.0269824 0.0
0.268195 0.0259731 0.0
0.273687 0.0249891 0.0
0.278929 0.0240307 0.0
0.283928 0.023098 0.0
0.288689 0.0221909 0.0
0.293221 0.0213092 0.0
0.29753 0.0204527 0.0
0.301622 0.0196208 0.0
0.305503 0.0188132 0.0
0.309181 0.0180293 0.0
0.31266 0.0172685 0.0
0.315946 0.0165301 0.0
0.319046 0.0158135 0.0
0.321964 0.015118 0.0
0.324706 0.0144428 0.0
0.327276 0.0137873 0.0
0.329679 0.0131508 0.0
0.33192 0.0125325 0.0
0.334003 0.0119318 0.0
0.335932 0.011348 0.0
0.33771 0.0107805 0.0
0.339343 0.0102286 0.0
0.340832 0.00969184 0.0
0.342182 0.00916956 0.0
0.343396 0.00866128 0.0
0.344477 0.00816651 0.0
0.345428 0.00768481 0.0
0.346251 0.00721575 0.0
0.346951 0.00675894 0.0
0.347528 0.00631397 0.0
0.347987 0.00588051 0.0
0.34833 0.00545818 0.0
0.348558 0.00504666 0.0
0.348675 0.00464564 0.0
0.348682 0.00425483 0.0
0.348583 0.00387401 0.0
0.348378 0.00350293 0.0
0.348071 0.00314167 0.0
0.347663 0.00278989 0.0
0.347157 0.00244704 0.0
0.346553 0.00211323 0.0
0.345853 0.00178995 0.0
0.34506 0.001475 0.0
0.344173 0.00116737 0.0
0.343192 0.000865748 0.0
0.342111 0.000567204 0.0
0.34092 0.00027206 0.0
0.339618 -1.65741e-05 0.0
0.338209 -0.000298363 0.0
0.3367 -0.000574708 0.0
0.335107 -0.000849573 0.0
0.333448 -0.00112309 0.0
0.33173 -0.00139436 0.0
0.329949 -0.00166351 0.0
0.328102 -0.00193165 0.0
0.326183 -0.0022091 0.0
0.324191 -0.00250483 0.0
0.322121 -0.00282951 0.0
0.319968 -0.00319717 0.0
0.317721 -0.00362678 0.0
0.315367 -0.00414436 0.0
0.312887 -0.00478578 0.0
0.310254 -0.00560085 0.0
0.307434 -0.00665907 0.0
0.304377 -0.00805786 0.0
0.301017 -0.00993422 0.0
0.297262 -0.0124812 0.0
0.292982 -0.0159705 0.0
0.287996 -0.0207835 0.0
0.282045 -0.0274516 0.0
0.274759 -0.0367063 0.0
0.265613 -0.0495393 0.0
0.253876 -0.0672672 0.0
0.238569 -0.091602 0.0
0.218444 -0.124738 0.0
0.192059 -0.169512 0.0
0.157967 -0.229795 0.0
0.115121 -0.311463 0.0
0.0637864 -0.423703 0.0
0.0111304 -0.564914 0.0
-0.00694527 -0.522563 0.0
-0.0139417 0.054139 0.0
-0.0418269 0.0923916 0.0
-0.0649509 0.088295 0.0
-0.0799188 0.0782229 0.0
-0.0892184 0.0689441 0.0
-0.0946812 0.0615116 0.0
-0.097421 0.0557598 0.0
-0.0980416 0.0513495 0.0
-0.0968851 0.0480619 0.0
-0.0941635 0.0456531 0.0
-0.0899977 0.0439466 0.0
-0.0844816 0.0428045 0.0
-0.0777089 0.0421137 0.0
-0.0697894 0.0417766 0.0
-0.0608581 0.0416967 0.0
-0.0510488 0.0417203 0.0
-0.04042 0.0416696 0.0
-0.0290447 0.0416664 0.0
-0.017034 0.0416685 0.0
-0.00441099 0.041595 0.0
0.00862387 0.0413176 0.0
0.0217673 0.0410486 0.0
0.0348896 0.0406556 0.0
0.0479297 0.040164 0.0
0.0608544 0.0395996 0.0
0.073636 0.0389764 0.0
0.0862476 0.0383028 0.0
0.0986636 0.0375852 0.0
0.110861 0.036829 0.0
0.12282 0.0360394 0.0
0.134524 0.0352216 0.0
0.145958 0.0343804 0.0
0.157111 0.0335205 0.0
0.167975 0.0326465 0.0
0.178544 0.0317624 0.0
0.188812 0.0308723 0.0
0.198779 0.0299796 0.0
0.208442 0.0290876 0.0
0.217803 0.0281991 0.0
0.226862 0.027317 0.0
0.235623 0.0264433 0.0
0.244089 0.0255802 0.0
0.252264 0.0247295 0.0
0.260153 0.0238926 0.0
0.267761 0.0230708 0.0
0.275095 0.0222653 0.0
0.28216 0.0214768 0.0
0.288962 0.0207061 0.0
0.295508 0.0199536 0.0
0.301804 0.0192197 0.0
0.307857 0.0185047 0.0
0.313674 0.0178087 0.0
0.319261 0.0171316 0.0
0.324624 0.0164733 0.0
0.32977 0.0158337 0.0
0.334706 0.0152126 0.0
0.339436 0.0146095 0.0
0.343968 0.0140242 0.0
0.348306 0.0134562 0.0
0.352457 0.0129051 0.0
0.356425 0.0123704 0.0
0.360216 0.0118517 0.0
0.363836 0.0113483 0.0
0.367287 0.01086 0.0
0.370576 0.010386 0.0
0.373707 0.00992598 0.0
0.376683 0.00947939 0.0
0.379509 0.00904576 0.0
0.382188 0.00862461 0.0
0.384725 0.00821551 0.0
0.387123 0.00781802 0.0
0.389384 0.00743173 0.0
0.391513 0.00705626 0.0
0.393513 0.00669124 0.0
0.395386 0.00633633 0.0
0.397135 0.0059912 0.0
0.398763 0.00565555 0.0
0.400274 0.00532909 0.0
0.401669 0.00501153 0.0
0.402951 0.00470261 0.0
0.404123 0.00440207 0.0
0.405187 0.00410968 0.0
0.406145 0.00382523 0.0
0.407 0.00354854 0.0
0.407753 0.00327945 0.0
0.408407 0.00301789 0.0
0.408965 0.0027637 0.0
0.409428 0.00251674 0.0
0.409799 0.00227717 0.0
0.410079 0.00204548 0.0
0.410271 0.00182101 0.0
0.410376 0.00160302 0.0
0.410396 0.00139119 0.0
0.410332 0.00118645 0.0
0.410187 0.000988314 0.0
0.409962 0.000794948 0.0
0.409656 0.000605222 0.0
0.409269 0.000417291 0.0
0.408793 0.000226766 0.0
0.408218 3.46818e-05 0.0
0.407542 -0.000157311 0.0
0.406773 -0.00035085 0.0
0.405926 -0.000549951 0.0
0.405012 -0.000758551 0.0
0.404031 -0.000982339 0.0
0.402978 -0.00122933 0.0
0.401845 -0.00151065 0.0
0.40062 -0.00184163 0.0
0.399288 -0.00224347 0.0
0.397827 -0.00274561 0.0
0.396208 -0.00338907 0.0
0.394389 -0.00423124 0.0
0.392312 -0.00535261 0.0
0.389899 -0.00686634 0.0
0.387036 -0.00893128 0.0
0.383566 -0.01177 0.0
0.379261 -0.0156927 0.0
0.373798 -0.0211282 0.0
0.366717 -0.028663 0.0
0.357371 -0.0390901 0.0
0.34486 -0.0534689 0.0
0.327974 -0.0732072 0.0
0.305159 -0.100193 0.0
0.27454 -0.137054 0.0
0.234097 -0.187718 0.0
0.182083 -0.258681 0.0
0.11801 -0.361077 0.0
0.0466671 -0.503541 0.0
0.00515743 -0.524351 0.0
-0.0209713 0.0890521 0.0
-0.0532797 0.117672 0.0
-0.0688055 0.101664 0.0
-0.0739856 0.0850015 0.0
-0.0742542 0.0717339 0.0
-0.0718956 0.0618259 0.0
-0.0680716 0.0543613 0.0
-0.0632245 0.0485214 0.0
-0.0575461 0.0440552 0.0
-0.0511483 0.0405404 0.0
-0.0440224 0.0377677 0.0
-0.0361497 0.0355945 0.0
-0.0275132 0.0339145 0.0
-0.0180983 0.0326414 0.0
-0.00787778 0.0316802 0.0
0.00314611 0.0309036 0.0
0.01479 0.0302136 0.0
0.0268799 0.0296572 0.0
0.0393762 0.0291707 0.0
0.0521879 0.028658 0.0
0.0652219 0.0281857 0.0
0.0784507 0.0278082 0.0
0.0918157 0.0274086 0.0
0.105212 0.0269747 0.0
0.118564 0.0265117 0.0
0.131822 0.0260249 0.0
0.144947 0.0255177 0.0
0.157909 0.0249923 0.0
0.170683 0.0244508 0.0
0.183247 0.0238949 0.0
0.195583 0.0233268 0.0
0.207675 0.0227484 0.0
0.219513 0.0221618 0.0
0.231085 0.0215691 0.0
0.242383 0.0209724 0.0
0.253403 0.0203737 0.0
0.26414 0.0197748 0.0
0.274591 0.0191776 0.0
0.284756 0.0185837 0.0
0.294635 0.0179946 0.0
0.304228 0.0174117 0.0
0.313538 0.0168361 0.0
0.322567 0.016269 0.0
0.33132 0.0157114 0.0
0.339799 0.015164 0.0
0.34801 0.0146275 0.0
0.355958 0.0141025 0.0
0.363647 0.0135894 0.0
0.371082 0.0130887 0.0
0.37827 0.0126005 0.0
0.385216 0.012125 0.0
0.391925 0.0116624 0.0
0.398403 0.0112125 0.0
0.404657 0.0107755 0.0
0.410691 0.0103512 0.0
0.416511 0.00993946 0.0
0.422124 0.00954007 0.0
0.427533 0.00915282 0.0
0.432745 0.00877745 0.0
0.437764 0.0084137 0.0
0.442596 0.00806124 0.0
0.447246 0.00771979 0.0
0.451718 0.007389 0.0
0.456017 0.00706856 0.0
0.460147 0.00675813 0.0
0.464113 0.00645737 0.0
0.467919 0.00616597 0.0
0.471569 0.00588359 0.0
0.475066 0.00560992 0.0
0.478415 0.00534466 0.0
0.481619 0.00508751 0.0
0.484682 0.0048382 0.0
0.487606 0.00459645 0.0
0.490396 0.004362 0.0
0.493054 0.00413463 0.0
0.495583 0.00391409 0.0
0.497987 0.00370018 0.0
0.500268 0.00349267 0.0
0.50243 0.00329137 0.0
0.504474 0.0030961 0.0
0.506404 0.00290666 0.0
0.508223 0.00272289 0.0
0.509932 0.00254463 0.0
0.511535 0.00237177 0.0
0.513033 0.00220417 0.0
0.51443 0.00204175 0.0
0.515728 0.00188442 0.0
0.516929 0.00173214 0.0
0.518035 0.00158499 0.0
0.519049 0.00144332 0.0
0.519974 0.00130697 0.0
0.52081 0.00117517 0.0
0.521562 0.00104776 0.0
0.52223 0.000924966 0.0
0.522819 0.000806574 0.0
0.523329 0.000691807 0.0
0.523763 0.000579959 0.0
0.524122 0.000470565 0.0
0.524407 0.000364424 0.0
0.524619 0.000259667 0.0
0.52476 0.000153184 0.0
0.524827 4.04375e-05 0.0
0.524818 -8.48634e-05 0.0
0.524727 -0.000219604 0.0
0.524553 -0.000366108 0.0
0.52429 -0.000529648 0.0
0.523932 -0.000718188 0.0
0.523465 -0.000942974 0.0
0.522875 -0.00121967 0.0
0.522136 -0.00157008 0.0
0.521216 -0.00202464 0.0
0.520065 -0.00262588 0.0
0.518617 -0.00343338 0.0
0.516775 -0.00453049 0.0
0.514404 -0.00603361 0.0
0.511312 -0.00810451 0.0
0.507225 -0.0109666 0.0
0.50176 -0.0149259 0.0
0.494373 -0.020398 0.0
0.484308 -0.0279438 0.0
0.470524 -0.0383203 0.0
0.451617 -0.0525633 0.0
0.42574 -0.0721443 0.0
0.390552 -0.0992964 0.0
0.343252 -0.137732 0.0
0.280799 -0.194199 0.0
0.200622 -0.281309 0.0
0.104069 -0.415413 0.0
0.0261466 -0.493047 0.0
-0.0244404 0.134464 0.0
-0.0430241 0.123152 0.0
-0.025892 0.0945779 0.0
-0.00296355 0.0743396 0.0
0.0193732 0.0603276 0.0
0.0397912 0.0504556 0.0
0.0584997 0.0431991 0.0
0.0757816 0.0375545 0.0
0.0919308 0.0331945 0.0
0.10724 0.0296939 0.0
0.121883 0.0268451 0.0
0.136015 0.0245124 0.0
0.149776 0.0225993 0.0
0.163289 0.0210286 0.0
0.176645 0.0197161 0.0
0.189891 0.0185977 0.0
0.20308 0.0176868 0.0
0.216259 0.0169151 0.0
0.229432 0.0162431 0.0
0.242577 0.0156295 0.0
0.25567 0.0150872 0.0
0.268722 0.0146256 0.0
0.281739 0.0142094 0.0
0.294698 0.0138183 0.0
0.307571 0.0134431 0.0
0.320328 0.013079 0.0
0.332943 0.0127232 0.0
0.345394 0.0123735 0.0
0.357662 0.0120285 0.0
0.369728 0.0116871 0.0
0.381578 0.0113486 0.0
0.393199 0.0110126 0.0
0.404581 0.0106789 0.0
0.415713 0.0103477 0.0
0.426589 0.0100191 0.0
0.437203 0.00969338 0.0
0.44755 0.00937103 0.0
0.457628 0.00905243 0.0
0.467434 0.00873804 0.0
0.476967 0.00842831 0.0
0.486229 0.00812366 0.0
0.495218 0.0078245 0.0
0.503938 0.00753122 0.0
0.512391 0.00724413 0.0
0.520579 0.00696355 0.0
0.528506 0.00668971 0.0
0.536176 0.00642283 0.0
0.543593 0.00616306 0.0
0.550762 0.00591052 0.0
0.557688 0.00566529 0.0
0.564375 0.00542741 0.0
0.570829 0.00519688 0.0
0.577054 0.00497368 0.0
0.583058 0.00475773 0.0
0.588844 0.00454895 0.0
0.594418 0.00434724 0.0
0.599785 0.00415246 0.0
0.604952 0.00396446 0.0
0.609923 0.00378307 0.0
0.614703 0.00360813 0.0
0.619299 0.00343945 0.0
0.623714 0.00327684 0.0
0.627953 0.0031201 0.0
0.632023 0.00296902 0.0
0.635927 0.00282342 0.0
0.63967 0.0026831 0.0
0.643256 0.00254785 0.0
0.646691 0.00241749 0.0
0.649978 0.00229183 0.0
0.653121 0.00217068 0.0
0.656125 0.00205388 0.0
0.658993 0.00194126 0.0
0.661729 0.00183265 0.0
0.664337 0.00172792 0.0
0.666821 0.0016269 0.0
0.669184 0.00152947 0.0
0.67143 0.0014355 0.0
0.673561 0.00134485 0.0
0.675581 0.00125742 0.0
0.677494 0.00117309 0.0
0.679301 0.00109175 0.0
0.681007 0.0010133 0.0
0.682615 0.00093766 0.0
0.684126 0.00086474 0.0
0.685544 0.000794474 0.0
0.686872 0.000726801 0.0
0.688112 0.000661665 0.0
0.689267 0.000599017 0.0
0.69034 0.000538783 0.0
0.691335 0.000480672 0.0
0.692255 0.000424501 0.0
0.693106 0.000370591 0.0
0.693888 0.000319036 0.0
0.694603 0.000269865 0.0
0.695253 0.000222916 0.0
0.69584 0.000177843 0.0
0.696366 0.000134307 0.0
0.696831 9.20978e-05 0.0
0.697238 5.1174e-05 0.0
0.697588 1.06192e-05 0.0
0.697881 -3.11969e-05 0.0
0.698115 -7.63767e-05 0.0
0.698283 -0.000126695 0.0
0.698378 -0.000183055 0.0
0.698397 -0.000247137 0.0
0.698333 -0.000321917 0.0
0.698178 -0.00041192 0.0
0.697919 -0.000523617 0.0
0.697536 -0.000666092 0.0
0.697003 -0.000852029 0.0
0.69628 -0.00109915 0.0
0.695311 -0.00143221 0.0
0.694018 -0.00188577 0.0
0.69229 -0.00250799 0.0
0.689971 -0.00336568 0.0
0.686842 -0.00455098 0.0
0.682598 -0.00618999 0.0
0.676815 -0.008454 0.0
0.668907 -0.0115744 0.0
0.658069 -0.0158643 0.0
0.643206 -0.0217537 0.0
0.62284 -0.0298567 0.0
0.594981 -0.0411146 0.0
0.556956 -0.0571134 0.0
0.505143 -0.0808018 0.0
0.434531 -0.118064 0.0
0.338051 -0.180789 0.0
0.20766 -0.288988 0.0
0.0665055 -0.400395 0.0
0.0794521 0.0794521 0.0
0.217552 0.0586478 0.0
0.317851 0.0416513 0.0
0.390846 0.0313433 0.0
0.447011 0.024822 0.0
0.492193 0.0203607 0.0
0.529667 0.0171125 0.0
0.561402 0.0146234 0.0
0.588702 0.0126766 0.0
0.612492 0.011113 0.0
0.63344 0.00983485 0.0
0.652053 0.00877795 0.0
0.668728 0.00789763 0.0
0.683786 0.0071598 0.0
0.69748 0.00653438 0.0
0.710014 0.00599953 0.0
0.721562 0.00554838 0.0
0.732273 0.00516315 0.0
0.742265 0.00482922 0.0
0.75163 0.00453481 0.0
0.760441 0.00427696 0.0
0.768772 0.00405327 0.0
0.776681 0.00385587 0.0
0.784215 0.0036783 0.0
0.791409 0.00351618 0.0
0.798292 0.00336649 0.0
0.804885 0.00322694 0.0
0.811208 0.00309578 0.0
0.817275 0.00297156 0.0
0.8231 0.00285315 0.0
0.828693 0.00273965 0.0
0.834063 0.00263036 0.0
0.839218 0.00252474 0.0
0.844165 0.00242237 0.0
0.848911 0.00232297 0.0
0.85346 0.0022263 0.0
0.857818 0.00213224 0.0
0.861991 0.00204068 0.0
0.865983 0.00195156 0.0
0.8698 0.00186486 0.0
0.873445 0.00178057 0.0
0.876925 0.00169868 0.0
0.880242 0.00161922 0.0
0.883404 0.00154219 0.0
0.886414 0.0014676 0.0
0.889277 0.00139546 0.0
0.891998 0.00132578 0.0
0.894582 0.00125854 0.0
0.897035 0.00119375 0.0
0.89936 0.00113139 0.0
0.901563 0.00107142 0.0
0.903648 0.00101382 0.0
0.90562 0.000958551 0.0
0.907484 0.000905563 0.0
0.909245 0.000854809 0.0
0.910906 0.00080623 0.0
0.912472 0.000759768 0.0
0.913947 0.000715359 0.0
0.915335 0.000672935 0.0
0.91664 0.000632427 0.0
0.917867 0.000593765 0.0
0.919017 0.000556877 0.0
0.920096 0.000521692 0.0
0.921106 0.000488138 0.0
0.92205 0.000456144 0.0
0.922932 0.000425642 0.0
0.923754 0.000396563 0.0
0.924519 0.000368842 0.0
0.925231 0.000342415 0.0
0.92589 0.000317222 0.0
0.926501 0.000293203 0.0
0.927064 0.000270305 0.0
0.927583 0.000248474 0.0
0.928059 0.000227662 0.0
0.928495 0.00020782 0.0
0.928891 0.000188905 0.0
0.929251 0.000170874 0.0
0.929576 0.000153688 0.0
0.929867 0.00013731 0.0
0.930126 0.000121703 0.0
0.930354 0.000106835 0.0
0.930554 9.26743e-05 0.0
0.930726 7.91931e-05 0.0
0.930871 6.63668e-05 0.0
0.930992 5.41735e-05 0.0
0.931089 4.25941e-05 0.0
0.931163 3.16091e-05 0.0
0.931216 2.11885e-05 0.0
0.931248 1.12224e-05 0.0
0.93126 1.21015e-06 0.0
0.931253 -9.00694e-06 0.0
0.931225 -1.86379e-05 0.0
0.931179 -2.75222e-05 0.0
0.931116 -3.56621e-05 0.0
0.931037 -4.31412e-05 0.0
0.930944 -5.00901e-05 0.0
0.930837 -5.66333e-05 0.0
0.930717 -6.28652e-05 0.0
0.930586 -6.88967e-05 0.0
0.930442 -7.50415e-05 0.0
0.930285 -8.17121e-05 0.0
0.930114 -8.8993e-05 0.0
0.929929 -9.65901e-05 0.0
0.929726 -0.000106111 0.0
0.929501 -0.000118345 0.0
0.929249 -0.000134229 0.0
0.928959 -0.000155128 0.0
0.928621 -0.000183002 0.0
0.928218 -0.000220622 0.0
0.927725 -0.000271871 0.0
0.927111 -0.000342179 0.0
0.92633 -0.000439134 0.0
0.925317 -0.000573316 0.0
0.923985 -0.000759417 0.0
0.922208 -0.00101774 0.0
0.919814 -0.00137613 0.0
0.916565 -0.00187249 0.0
0.912134 -0.00255806 0.0
0.906074 -0.00350196 0.0
0.897774 -0.00479833 0.0
0.886396 -0.00657937 0.0
0.870774 -0.00904274 0.0
0.849218 -0.0125135 0.0
0.819117 -0.017588 0.0
0.776066 -0.025463 0.0
0.711939 -0.0386638 0.0
0.610752 -0.0625228 0.0
0.441059 -0.10717 0.0
0.166945 -0.166945 0.0
SCALARS pressure double 1
LOOKUP_TABLE default
0
1.07996e-05
2.64475e-05
4.38959e-05
5.74872e-05
6.23555e-05
5.5194e-05
3.45813e-05
9.41421e-07
-4.38136e-05
-9.68317e-05
-0.000154907
-0.000214988
-0.000274537
-0.000331739
-0.00038534
-0.000434866
-0.000480581
-0.000523275
-0.000564135
-0.00060467
-0.000646537
-0.000691461
-0.000741293
-0.00079782
-0.000862636
-0.000937059
-0.00102211
-0.00111854
-0.00122694
-0.00134791
-0.00148205
-0.00163023
-0.00179338
-0.00197266
-0.00216949
-0.00238463
-0.002619
-0.00287441
-0.0031507
-0.00344767
-0.00376616
-0.00410613
-0.00446637
-0.00484581
-0.00524299
-0.00565612
-0.00608309
-0.00652109
-0.00696705
-0.00741752
-0.00786869
-0.00831642
-0.0087563
-0.00918366
-0.00959367
-0.00998135
-0.0103416
-0.0106694
-0.0109596
-0.0112071
-0.0114071
-0.0115547
-0.0116454
-0.0116746
-0.0116382
-0.0115324
-0.0113533
-0.0110979
-0.0107629
-0.010346
-0.00984482
-0.00925777
-0.00858367
-0.007822
-0.00697298
-0.00603767
-0.00501819
-0.00391783
-0.00274162
-0.00149576
-0.000189567
0.00117317
0.00258375
0.00402961
0.00549943
0.0069797
0.00845509
0.00990864
0.0113218
0.0126746
0.0139461
0.0151144
0.0161572
0.0170525
0.0177789
0.0183161
0.018646
0.0187526
0.0186238
0.018266
0.017706
0.0169594
0.0160438
0.01499
0.0138363
0.0126276
0.0114127
0.0102385
0.00915532
0.0081998
0.00739487
0.00674929
0.00625981
0.00591372
0.00569176
0.00557104
0.00552789
0.00554008
0.00558838
0.00565731
0.00573527
0.0058143
0.00588962
0.00595891
0.00602116
0.00607464
0.00611401
0.00612913
-1.27099e-06
4.91619e-06
1.63461e-05
2.87e-05
3.76169e-05
3.91567e-05
3.04392e-05
1.00723e-05
-2.17603e-05
-6.35399e-05
-0.000112865
-0.000166968
-0.000223174
-0.000279234
-0.000333525
-0.000385044
-0.000433125
-0.000478106
-0.000520729
-0.000562072
-0.00060347
-0.000646509
-0.000692605
-0.000743436
-0.000800619
-0.000865617
-0.000939668
-0.00102376
-0.00111867
-0.00122503
-0.00134353
-0.00147477
-0.00161965
-0.00177911
-0.00195421
-0.00214676
-0.00235718
-0.00258616
-0.0028366
-0.00310753
-0.00339833
-0.00371102
-0.00404561
-0.0044003
-0.0047743
-0.0051663
-0.00557454
-0.00599692
-0.00643079
-0.00687312
-0.0073205
-0.00776916
-0.00821497
-0.00865355
-0.00908024
-0.0094902
-0.00987843
-0.0102399
-0.0105694
-0.0108618
-0.0111121
-0.0113154
-0.0114668
-0.0115617
-0.0115955
-0.0115642
-0.0114638
-0.0112906
-0.0110413
-0.0107129
-0.0103029
-0.00980898
-0.00922957
-0.00856346
-0.0078101
-0.00696969
-0.00604325
-0.00503278
-0.00394108
-0.00277372
-0.00153385
-0.000239095
0.00110736
0.00250002
0.00393023
0.00538465
0.00684934
0.00830892
0.00974648
0.0111436
0.0124806
0.0137364
0.0148895
0.0159179
0.0167996
0.0175133
0.0180393
0.0183598
0.0184597
0.0183276
0.0179548
0.0174044
0.0166802
0.0157862
0.0147564
0.0136291
0.0124496
0.0112679
0.0101349
0.00908783
0.00816365
0.00739253
0.00677929
0.00631836
0.00599545
0.00579023
0.00567942
0.00563963
0.00564948
0.00569097
0.00575001
0.00581632
0.005883
0.0059459
0.00600295
0.00605327
0.00609586
0.00612805
0.00614421
-1.4901e-05
-6.22711e-06
5.0512e-06
1.59999e-05
2.31432e-05
2.30889e-05
1.32522e-05
-7.61915e-06
-3.92922e-05
-8.02582e-05
-0.000128174
-0.000180372
-0.000234311
-0.000287887
-0.000339602
-0.0003888
-0.000434805
-0.000478039
-0.000519273
-0.000559552
-0.000600124
-0.000642437
-0.000688092
-0.000738495
-0.000795157
-0.000859431
-0.000932432
-0.00101507
-0.00110804
-0.00121177
-0.00132693
-0.00145418
-0.00159488
-0.00174971
-0.00191918
-0.00210735
-0.00231272
-0.00253396
-0.00278071
-0.00304692
-0.0033339
-0.00364257
-0.00397309
-0.00432471
-0.00469649
-0.00508713
-0.0054949
-0.00591768
-0.00635288
-0.00679745
-0.00724796
-0.00770057
-0.00815111
-0.0085951
-0.00902782
-0.00944434
-0.00983959
-0.0102084
-0.0105456
-0.0108459
-0.0111043
-0.0113158
-0.0114754
-0.0115785
-0.0116207
-0.0115977
-0.0115056
-0.0113407
-0.0110998
-0.0107799
-0.0103783
-0.00989294
-0.00932211
-0.00866459
-0.00791978
-0.00708775
-0.00616939
-0.00516693
-0.00407965
-0.00292871
-0.00171613
-0.000436916
0.0008976
0.00227858
0.00369608
0.00513784
0.00659008
0.00803751
0.00946332
0.0108492
0.0121755
0.0134215
0.0145656
0.0155858
0.0164603
0.0171679
0.0176889
0.0180058
0.0181047
0.0179762
0.0176188
0.0170434
0.0163173
0.0154432
0.0144309
0.0133165
0.0121467
0.0109739
0.00984861
0.00881983
0.00792513
0.00718543
0.00661001
0.00619056
0.00590998
0.00574498
0.00566969
0.00565885
0.0056902
0.00574568
0.00581183
0.00587946
0.00594298
0.00599959
0.00604854
0.00609047
0.00612665
0.00615809
0.00618453
-3.30633e-05
-2.01444e-05
-6.74956e-06
4.88909e-06
1.17107e-05
1.06179e-05
-6.99397e-07
-2.31945e-05
-5.63204e-05
-9.82799e-05
-0.000146509
-0.000198216
-0.000250835
-0.000302334
-0.000351363
-0.000397358
-0.000440186
-0.000480278
-0.000518513
-0.000556011
-0.000594068
-0.000634078
-0.000677686
-0.000726453
-0.000781671
-0.000844573
-0.000916044
-0.000996703
-0.00108704
-0.00118755
-0.00129919
-0.00142164
-0.00155804
-0.00170848
-0.0018694
-0.00205505
-0.00225652
-0.00247664
-0.00271895
-0.00298313
-0.00326958
-0.00357883
-0.00391106
-0.00426584
-0.00464227
-0.005039
-0.00545427
-0.00588583
-0.00633098
-0.00678654
-0.00724891
-0.00771409
-0.00817772
-0.00863515
-0.0090815
-0.00951166
-0.00992044
-0.0103025
-0.0106527
-0.0109656
-0.0112361
-0.0114592
-0.0116299
-0.0117437
-0.0117961
-0.011783
-0.0117004
-0.0115448
-0.011313
-0.0110021
-0.0106096
-0.0101333
-0.00957153
-0.00892312
-0.00818729
-0.00736385
-0.00645307
-0.00546311
-0.00440889
-0.00327633
-0.00207525
-0.000810422
0.000509967
0.00187691
0.00328018
0.00470783
0.00614637
0.00758071
0.00899424
0.0103689
0.0116851
0.0129224
0.0140594
0.015074
0.0159446
0.0166501
0.0171708
0.0174898
0.0175937
0.0174748
0.0171338
0.0165827
0.0158472
0.0149482
0.0139665
0.0128685
0.011708
0.0105402
0.00941367
0.00838068
0.00748541
0.00676842
0.00623168
0.00585966
0.00563372
0.00552674
0.00550865
0.00555053
0.00562738
0.00571956
0.00581311
0.00589926
0.0059735
0.00603454
0.00608343
0.00612297
0.00615731
0.00619164
0.00623196
-5.24275e-05
-3.50324e-05
-1.85884e-05
-5.38332e-06
1.48173e-06
-9.77429e-07
-1.47494e-05
-4.02959e-05
-7.65032e-05
-0.000121037
-0.000170907
-0.000223048
-0.000274782
-0.000324117
-0.00036986
-0.000411616
-0.00044979
-0.000485055
-0.000518466
-0.000551326
-0.000585104
-0.000621358
-0.000661708
-0.000707669
-0.000760573
-0.000821363
-0.000890756
-0.000969174
-0.00105699
-0.00115374
-0.00126287
-0.00137854
-0.00151164
-0.00165897
-0.00182079
-0.00200244
-0.00220367
-0.00242576
-0.00267073
-0.0029396
-0.00323295
-0.00355117
-0.00389433
-0.00426199
-0.00465315
-0.00506631
-0.00549946
-0.0059501
-0.00641525
-0.00689142
-0.00737473
-0.00786088
-0.00834525
-0.00882295
-0.00928887
-0.00973775
-0.0101642
-0.010563
-0.0109286
-0.0112559
-0.0115396
-0.0117748
-0.0119567
-0.0120809
-0.0121429
-0.0121387
-0.0120648
-0.0119175
-0.011694
-0.0113915
-0.0110076
-0.0105402
-0.00998789
-0.00934924
-0.00862342
-0.00781006
-0.00692088
-0.00595826
-0.00491739
-0.00380149
-0.00261667
-0.00136902
-6.6122e-05
0.00128323
0.00266892
0.00407932
0.00550123
0.00691992
0.0083191
0.00968099
0.0109865
0.0122152
0.013346
0.0143572
0.0152273
0.0159353
0.0164618
0.0167903
0.0169078
0.0168074
0.0164899
0.0159654
0.0152536
0.0143794
0.0133773
0.0123022
0.0111619
0.0100106
0.00888802
0.00785256
0.00694993
0.00621857
0.00570675
0.00537636
0.00520434
0.00515964
0.00520762
0.00531485
0.00545249
0.00559808
0.00573595
0.00585669
0.00595608
0.00603386
0.00609265
0.00613723
0.00617437
0.00621315
0.00626564
-7.16235e-05
-4.99013e-05
-3.02226e-05
-1.54104e-05
-8.92251e-06
-1.37195e-05
-3.13616e-05
-6.15994e-05
-0.000102506
-0.000150998
-0.000203505
-0.000256601
-0.000307469
-0.000354167
-0.000395706
-0.000431997
-0.000463974
-0.000492657
-0.000519383
-0.00054576
-0.000573537
-0.000604488
-0.00064034
-0.000682611
-0.000732536
-0.000790896
-0.000858087
-0.000934126
-0.00102032
-0.00111085
-0.00121971
-0.00133638
-0.00146784
-0.0016155
-0.00178076
-0.00196658
-0.00217464
-0.00240643
-0.00266354
-0.00294716
-0.00325795
-0.00359614
-0.00396154
-0.00435343
-0.00477051
-0.0052109
-0.00567221
-0.0061515
-0.00664538
-0.00714995
-0.00766097
-0.00817379
-0.00868353
-0.00918506
-0.0096731
-0.0101423
-0.0105872
-0.0110025
-0.0113829
-0.0117232
-0.0120184
-0.0122638
-0.0124547
-0.0125868
-0.0126561
-0.0126589
-0.0125916
-0.0124511
-0.0122346
-0.0119397
-0.0115641
-0.011106
-0.010564
-0.00993677
-0.00922322
-0.00843279
-0.00756684
-0.00662077
-0.00559766
-0.00450127
-0.0033368
-0.0021103
-0.000829028
0.000498537
0.00186259
0.00325187
0.00465364
0.00605359
0.0074359
0.00878325
0.010077
0.0112972
0.0124231
0.0134335
0.014307
0.0150232
0.0155629
0.0159098
0.0160514
0.0159807
0.0156978
0.0152109
0.0145367
0.0136992
0.0127311
0.011673
0.0105382
0.00943024
0.00832298
0.00729815
0.00639534
0.00565668
0.00512282
0.00482478
0.00469674
0.00470668
0.00481628
0.0049879
0.00518882
0.00539338
0.0055835
0.00574826
0.0058828
0.00598699
0.00606419
0.00612045
0.00616434
0.00620779
0.0062676
-9.01047e-05
-6.41612e-05
-4.14434e-05
-2.55493e-05
-2.04467e-05
-2.90485e-05
-5.2308e-05
-8.90136e-05
-0.000136185
-0.000189807
-0.000245627
-0.00029983
-0.000349485
-0.00039276
-0.000428943
-0.000458465
-0.000482789
-0.000503232
-0.000521565
-0.000539821
-0.000560132
-0.00058454
-0.000614969
-0.0006529
-0.000699515
-0.000755326
-0.000820544
-0.000893372
-0.000979711
-0.0010737
-0.00118124
-0.00130193
-0.0014387
-0.0015941
-0.00177037
-0.00196998
-0.00219503
-0.00244715
-0.00272775
-0.0030378
-0.00337771
-0.00374739
-0.0041462
-0.00457292
-0.00502574
-0.00550227
-0.00599959
-0.00651426
-0.0070424
-0.00757973
-0.00812163
-0.00866319
-0.00919929
-0.00972469
-0.0102341
-0.010722
-0.0111833
-0.0116126
-0.0120049
-0.0123552
-0.0126587
-0.0129111
-0.0131079
-0.0132453
-0.0133195
-0.013327
-0.0132647
-0.0131299
-0.0129198
-0.0126324
-0.0122658
-0.0118183
-0.0112887
-0.0106759
-0.00998262
-0.00921605
-0.0083687
-0.00744289
-0.00644161
-0.00536863
-0.00422874
-0.00302773
-0.00177248
-0.000471081
0.000867085
0.00223126
0.00360922
0.00498725
0.00635012
0.00768113
0.00896222
0.0101741
0.0112966
0.012309
0.0131906
0.0139211
0.014482
0.0148571
0.0150341
0.0150055
0.0147706
0.0143357
0.013715
0.0129304
0.0120112
0.0109924
0.00991014
0.00882687
0.00775146
0.0067642
0.00587473
0.0051403
0.00459091
0.00428924
0.00419022
0.00424048
0.00439841
0.004623
0.00487849
0.00513649
0.00537659
0.00558598
0.00575848
0.00589324
0.00599342
0.00606535
0.00611832
0.00616576
0.00622706
-0.00010736
-7.7194e-05
-5.18598e-05
-3.58314e-05
-3.35987e-05
-4.78803e-05
-7.87623e-05
-0.000123787
-0.000178685
-0.000238369
-0.000297854
-0.000352961
-0.000400725
-0.000439537
-0.000469076
-0.000490693
-0.000505973
-0.000516727
-0.00052527
-0.000534146
-0.000545995
-0.000563061
-0.000587666
-0.000620979
-0.000664462
-0.00071758
-0.000783982
-0.000859419
-0.000946931
-0.00104649
-0.00116085
-0.00129205
-0.00144269
-0.00161549
-0.00181299
-0.00203752
-0.00229108
-0.00257516
-0.00289082
-0.00323858
-0.00361838
-0.00402956
-0.00447086
-0.00494045
-0.00543589
-0.00595421
-0.00649193
-0.00704512
-0.0076095
-0.00818042
-0.00875302
-0.00932222
-0.00988285
-0.0104296
-0.0109574
-0.0114608
-0.0119349
-0.0123746
-0.0127751
-0.013132
-0.0134406
-0.0136971
-0.0138973
-0.0140378
-0.014115
-0.0141261
-0.0140681
-0.0139386
-0.0137353
-0.0134564
-0.0131002
-0.0126654
-0.012151
-0.0115561
-0.010889
-0.0101421
-0.00931666
-0.00841478
-0.00743925
-0.00639367
-0.00528253
-0.00411125
-0.00288632
-0.00161536
-0.000307213
0.00102794
0.00237853
0.00373153
0.00507244
0.00638534
0.00765293
0.00885674
0.00997732
0.0109947
0.0118887
0.0126398
0.0132298
0.0136429
0.0138665
0.0138928
0.01372
0.0133525
0.0128025
0.0120891
0.011239
0.0102849
0.00926508
0.00822591
0.00720633
0.00626927
0.00542061
0.00471008
0.00417286
0.00383532
0.00374994
0.00382427
0.00401328
0.00427354
0.00456761
0.00486546
0.00514501
0.00539175
0.00559792
0.00576136
0.0058843
0.00597241
0.0060347
0.00608468
0.00614214
-0.000122465
-8.80458e-05
-6.07232e-05
-4.5877e-05
-4.84131e-05
-7.05897e-05
-0.000111284
-0.000166482
-0.000230414
-0.000296821
-0.000359993
-0.000415473
-0.000460383
-0.000493488
-0.000515149
-0.000527882
-0.000532948
-0.000532907
-0.000530738
-0.000529485
-0.000532643
-0.000542039
-0.000561481
-0.000590205
-0.000634697
-0.000689724
-0.000757738
-0.000838544
-0.000933816
-0.00104513
-0.00117492
-0.00132579
-0.00150041
-0.00170146
-0.00193133
-0.00219209
-0.00248536
-0.00281218
-0.00317306
-0.00356789
-0.00399592
-0.00445582
-0.00494564
-0.00546285
-0.00600439
-0.00656673
-0.00714591
-0.0077376
-0.00833721
-0.00893989
-0.00954066
-0.0101344
-0.0107161
-0.0112806
-0.0118228
-0.0123379
-0.012821
-0.0132676
-0.0136732
-0.0140336
-0.0143448
-0.0146031
-0.014805
-0.0149473
-0.0150268
-0.015041
-0.0149874
-0.0148637
-0.0146681
-0.014399
-0.0140551
-0.0136354
-0.0131393
-0.0125681
-0.0119223
-0.0111984
-0.0103981
-0.00952359
-0.00857741
-0.00756297
-0.00648444
-0.00534686
-0.00415626
-0.00291972
-0.00164549
-0.000343062
0.00097673
0.00230167
0.00361813
0.00491109
0.00616419
0.00735989
0.00847969
0.00950447
0.0104149
0.0111922
0.0118186
0.0122785
0.0125593
0.0126529
0.0125559
0.0122714
0.0118091
0.0111858
0.0104255
0.00955845
0.00862132
0.00765574
0.0067045
0.00581447
0.00502093
0.00437695
0.00387104
0.00352625
0.00342068
0.00350405
0.00370631
0.00398278
0.00429609
0.00461586
0.00491926
0.00519066
0.00542087
0.00560623
0.0057475
0.00584909
0.00591891
0.00596939
0.00601895
-0.000133839
-9.52275e-05
-6.67904e-05
-5.47986e-05
-6.43638e-05
-9.69082e-05
-0.000149696
-0.000216837
-0.000290889
-0.000364382
-0.000430953
-0.000485993
-0.000526861
-0.000552729
-0.000566366
-0.00056898
-0.0005629
-0.000551437
-0.000538372
-0.000526617
-0.000522489
-0.000523598
-0.000543153
-0.000573011
-0.000617811
-0.000677218
-0.000752425
-0.000844509
-0.00095525
-0.00108678
-0.00124158
-0.00142228
-0.00163145
-0.00187143
-0.00214423
-0.0024514
-0.00279392
-0.0031722
-0.003586
-0.00403445
-0.00451607
-0.00502878
-0.00556992
-0.00613634
-0.00672443
-0.0073302
-0.00794931
-0.0085772
-0.00920909
-0.00984012
-0.0104653
-0.0110797
-0.0116785
-0.0122567
-0.0128096
-0.0133327
-0.0138216
-0.0142721
-0.0146801
-0.0150419
-0.0153539
-0.0156127
-0.0158152
-0.0159586
-0.0160402
-0.0160576
-0.0160087
-0.0158916
-0.0157048
-0.015447
-0.0151171
-0.0147145
-0.014239
-0.0136917
-0.0130685
-0.0123699
-0.0115976
-0.0107533
-0.00983956
-0.00885955
-0.00781706
-0.00671673
-0.00556406
-0.00436556
-0.00312883
-0.00186259
-0.000576861
0.000717064
0.00200653
0.00327756
0.00451486
0.005702
0.00682155
0.00785544
0.00878533
0.00959318
0.0102619
0.0107763
0.0111237
0.0112952
0.0112867
0.0110996
0.0107413
0.0102261
0.00957529
0.00881647
0.00798346
0.00711496
0.00625234
0.00543817
0.00471128
0.00410876
0.00365082
0.00337252
0.00324537
0.00330846
0.00350638
0.00377941
0.00409233
0.00441501
0.00472477
0.00500559
0.00524725
0.00544466
0.00559701
0.00570704
0.00578102
0.00582961
0.00586878
-0.000139121
-9.65819e-05
-6.82011e-05
-6.10765e-05
-8.02165e-05
-0.000125741
-0.000192863
-0.000273528
-0.000358501
-0.000439138
-0.000508547
-0.000562148
-0.000597775
-0.000615754
-0.000620514
-0.000612356
-0.000594752
-0.000571854
-0.000549342
-0.000525395
-0.000519672
-0.000521204
-0.000538595
-0.000571687
-0.000622267
-0.000691481
-0.000780808
-0.00089194
-0.00102692
-0.00118802
-0.00137765
-0.00159818
-0.00185174
-0.00214017
-0.00246482
-0.0028265
-0.00322543
-0.00366121
-0.00413278
-0.00463849
-0.00517608
-0.00574278
-0.00633531
-0.00695
-0.00758281
-0.00822941
-0.00888527
-0.00954571
-0.010206
-0.0108612
-0.0115067
-0.0121377
-0.0127495
-0.0133378
-0.0138981
-0.0144262
-0.0149182
-0.0153702
-0.0157787
-0.0161403
-0.0164518
-0.0167102
-0.0169127
-0.0170569
-0.0171405
-0.0171614
-0.0171177
-0.017008
-0.0168308
-0.0165853
-0.0162708
-0.0158869
-0.0154337
-0.0149087
-0.01431
-0.0136388
-0.0128965
-0.0120849
-0.0112062
-0.0102634
-0.00925987
-0.00819981
-0.00708821
-0.00593097
-0.00473495
-0.0035081
-0.00225952
-0.00099951
0.000260344
0.0015072
0.00272699
0.00390448
0.0050235
0.00606716
0.00701823
0.00785962
0.008575
0.00914953
0.0095707
0.0098292
0.00991984
0.00984243
0.00960246
0.00921165
0.00868824
0.00805689
0.00734822
0.00659771
0.00584406
0.00512693
0.00448392
0.00394809
0.00354331
0.00328643
0.003171
0.00324071
0.00342746
0.0036767
0.00397169
0.00427968
0.00457888
0.00485377
0.00509352
0.00529194
0.0054467
0.00555885
0.00563276
0.00567703
0.00570477
-0.000135093
-8.91871e-05
-6.23593e-05
-6.2406e-05
-9.38295e-05
-0.000154925
-0.000238425
-0.000333881
-0.000430237
-0.000517773
-0.000589241
-0.000640234
-0.000668863
-0.000680412
-0.000675111
-0.000656017
-0.000627312
-0.000592728
-0.000563244
-0.00053919
-0.000528742
-0.000532561
-0.000554063
-0.000595244
-0.000658028
-0.000744235
-0.000855772
-0.000994654
-0.00116301
-0.00136299
-0.00159667
-0.00186592
-0.00217225
-0.00251674
-0.00289993
-0.00332179
-0.00378166
-0.00427827
-0.00480976
-0.00537369
-0.00596713
-0.0065867
-0.00722863
-0.00788885
-0.00856303
-0.00924669
-0.00993522
-0.010624
-0.0113083
-0.0119836
-0.0126453
-0.013289
-0.0139104
-0.0145055
-0.0150702
-0.0156007
-0.0160936
-0.0165453
-0.0169527
-0.0173128
-0.0176227
-0.01788
-0.0180821
-0.0182268
-0.0183123
-0.0183367
-0.0182986
-0.0181966
-0.0180297
-0.0177973
-0.0174989
-0.0171345
-0.0167033
-0.0162007
-0.0156277
-0.0149852
-0.0142746
-0.0134975
-0.0126559
-0.0117524
-0.0107902
-0.00977284
-0.00870492
-0.00759166
-0.00643918
-0.00525458
-0.00404602
-0.00282276
-0.00159522
-0.000375024
0.000825053
0.00199114
0.00310841
0.00416129
0.00513379
0.00600994
0.00677427
0.00741253
0.00791237
0.0082642
0.00846198
0.0085041
0.00839405
0.00814103
0.00776027
0.0072731
0.00670655
0.0060925
0.00546615
0.004864
0.00432106
0.00386793
0.00352751
0.00331324
0.00322702
0.0032689
0.0034327
0.00367171
0.00393809
0.0042163
0.00449007
0.00474542
0.0049708
0.00515946
0.00530788
0.00541553
0.00548491
0.00552264
0.00553908
-0.000117638
-6.92881e-05
-4.58222e-05
-5.55317e-05
-0.000101933
-0.000180962
-0.000282504
-0.000393588
-0.000501392
-0.000595302
-0.00066794
-0.000715425
-0.000737489
-0.000742142
-0.00072633
-0.000697382
-0.000658011
-0.000618609
-0.000585218
-0.000562053
-0.000554026
-0.000564399
-0.000596258
-0.000652279
-0.000734868
-0.00084628
-0.00098868
-0.00116415
-0.00137467
-0.00162203
-0.00190775
-0.00223302
-0.00259854
-0.00300453
-0.00345063
-0.00393588
-0.00445874
-0.0050171
-0.00560834
-0.00622935
-0.0068766
-0.00754626
-0.00823419
-0.00893606
-0.00964744
-0.0103638
-0.0110805
-0.0117932
-0.0124973
-0.0131885
-0.0138626
-0.0145156
-0.0151434
-0.0157423
-0.0163088
-0.0168396
-0.0173313
-0.017781
-0.0181859
-0.0185433
-0.0188508
-0.0191062
-0.0193072
-0.0194522
-0.0195393
-0.0195672
-0.0195346
-0.0194404
-0.0192839
-0.0190648
-0.0187827
-0.0184383
-0.0180271
-0.0175478
-0.0170012
-0.0163884
-0.0157105
-0.0149691
-0.0141659
-0.0133034
-0.0123841
-0.0114114
-0.0103892
-0.00932206
-0.00821546
-0.00707561
-0.00590968
-0.00472586
-0.00353337
-0.00234256
-0.00116482
-1.25969e-05
0.00110073
0.00216104
0.00315371
0.00406399
0.00487745
0.00558056
0.0061613
0.00660996
0.00691985
0.00708807
0.00711624
0.00701109
0.00678481
0.0064552
0.00604544
0.00558331
0.00509996
0.00462804
0.00419924
0.00384141
0.00357555
0.00341333
0.00335541
0.00339109
0.00352453
0.00373251
0.00396883
0.00421729
0.00445852
0.00468388
0.00488429
0.00505377
0.00518791
0.00528507
0.00534576
0.00537476
0.00538123
-8.17489e-05
-3.22729e-05
-1.42224e-05
-3.61076e-05
-9.9937e-05
-0.000198795
-0.000319467
-0.00044646
-0.000565341
-0.000664803
-0.000737441
-0.000779367
-0.000799825
-0.000796554
-0.000768594
-0.000731267
-0.000687718
-0.000647358
-0.000615747
-0.000598003
-0.00059882
-0.000622234
-0.000671754
-0.000750502
-0.000861244
-0.00100645
-0.00118831
-0.00140873
-0.0016693
-0.00197127
-0.00231545
-0.00270218
-0.0031313
-0.00360207
-0.00411321
-0.00466287
-0.00524866
-0.00586773
-0.00651677
-0.00719212
-0.00788982
-0.00860568
-0.00933536
-0.0100744
-0.0108184
-0.0115628
-0.0123033
-0.0130356
-0.0137553
-0.0144586
-0.0151416
-0.0158004
-0.0164316
-0.0170318
-0.0175978
-0.0181265
-0.0186153
-0.0190614
-0.0194624
-0.019816
-0.02012
-0.0203726
-0.0205719
-0.0207165
-0.0208049
-0.0208358
-0.0208084
-0.0207219
-0.0205756
-0.0203694
-0.0201033
-0.0197778
-0.0193863
-0.0189302
-0.0184103
-0.0178274
-0.0171828
-0.0164777
-0.0157137
-0.0148929
-0.0140177
-0.0130908
-0.0121157
-0.0110964
-0.0100375
-0.00894444
-0.00782341
-0.0066815
-0.00552675
-0.00436817
-0.00321575
-0.00208045
-0.000974109
9.06654e-05
0.00110073
0.0020427
0.00290331
0.00366991
0.00433101
0.00487697
0.00530062
0.005598
0.00576902
0.00581801
0.00575418
0.00559173
0.00534974
0.0050516
0.00472389
0.00439484
0.0040921
0.00384022
0.0036579
0.00355553
0.00353401
0.00358594
0.00370154
0.00386574
0.0040618
0.00426886
0.00447243
0.00466304
0.00483302
0.00497658
0.00508988
0.00517045
0.00521916
0.00523984
0.00523868
-2.16167e-05
2.72775e-05
3.77395e-05
1.36651e-06
-8.18246e-05
-0.000201684
-0.000341809
-0.000484331
-0.000613442
-0.000717391
-0.000789157
-0.000828348
-0.000844188
-0.000830575
-0.000796818
-0.000756401
-0.000714825
-0.000679146
-0.000655558
-0.000649701
-0.000666625
-0.000710818
-0.00078619
-0.000896148
-0.00104361
-0.00123102
-0.00146037
-0.00173318
-0.00205048
-0.00241279
-0.00282012
-0.00327192
-0.00376709
-0.00430397
-0.00488039
-0.00549367
-0.00614067
-0.00681789
-0.00752149
-0.00824738
-0.00899129
-0.00974884
-0.0105156
-0.0112871
-0.0120589
-0.0128268
-0.0135866
-0.0143342
-0.0150657
-0.0157774
-0.0164657
-0.0171274
-0.0177591
-0.0183579
-0.0189211
-0.0194459
-0.0199298
-0.0203707
-0.0207663
-0.0211148
-0.0214142
-0.0216631
-0.02186
-0.0220034
-0.0220924
-0.022126
-0.0221033
-0.0220238
-0.0218873
-0.0216934
-0.0214425
-0.0211349
-0.0207623
-0.020329
-0.0198354
-0.0192825
-0.018671
-0.0180023
-0.0172777
-0.0164989
-0.0156681
-0.0147876
-0.0138604
-0.0128898
-0.0118798
-0.0108351
-0.00976074
-0.0086629
-0.00754839
-0.00642489
-0.00530098
-0.0041861
-0.00309053
-0.00202527
-0.0010019
-3.23626e-05
0.000871397
0.00169777
0.00243599
0.00307668
0.00361241
0.00403839
0.00435302
0.00455844
0.00466093
0.00467115
0.00460402
0.00447827
0.00431562
0.00413938
0.00397265
0.00383614
0.00374577
0.00371061
0.00373154
0.00380137
0.00390607
0.00404175
0.00420138
0.00436515
0.00452562
0.00467587
0.00480996
0.00492304
0.00501158
0.00507359
0.00510946
0.00512189
0.00511463
6.9163e-05
0.00011543
0.000116184
6.34694e-05
-4.0223e-05
-0.00018129
-0.000340249
-0.000497186
-0.000635132
-0.000741762
-0.000813255
-0.000852039
-0.000855452
-0.000838606
-0.000807846
-0.000771896
-0.000738205
-0.000713908
-0.000705608
-0.000719348
-0.000760553
-0.000834021
-0.000943889
-0.00109365
-0.00128614
-0.00152359
-0.00180757
-0.00213903
-0.00251831
-0.00294515
-0.00341866
-0.0039374
-0.00449937
-0.00510204
-0.00574243
-0.00641712
-0.00712237
-0.00785414
-0.00860819
-0.00938014
-0.0101655
-0.0109599
-0.0117588
-0.0125579
-0.0133529
-0.0141397
-0.0149144
-0.0156733
-0.0164126
-0.0171292
-0.0178197
-0.0184811
-0.0191106
-0.0197056
-0.0202636
-0.0207823
-0.0212597
-0.0216937
-0.0220825
-0.0224246
-0.0227184
-0.0229626
-0.023156
-0.0232976
-0.0233865
-0.0234219
-0.0234033
-0.0233303
-0.0232026
-0.0230204
-0.0227836
-0.022492
-0.0221378
-0.0217267
-0.0212591
-0.0207354
-0.0201566
-0.0195237
-0.018838
-0.0181009
-0.0173142
-0.01648
-0.0156007
-0.0146792
-0.0137187
-0.0127232
-0.0116968
-0.0106448
-0.0095727
-0.00848697
-0.00739477
-0.00630405
-0.0052235
-0.00416251
-0.00313103
-0.00213945
-0.0011983
-0.000317992
0.0004916
0.00122158
0.00186452
0.00241503
0.00287027
0.0032304
0.00349901
0.00368331
0.00379409
0.00384543
0.00385395
0.0038378
0.00381511
0.00380229
0.00381207
0.00385186
0.00392268
0.00401944
0.00413334
0.00425832
0.00437193
0.00449156
0.00460729
0.00471453
0.00480958
0.00488916
0.00495069
0.00499274
0.00501546
0.00502037
0.00500914
0.000197247
0.0002386
0.000227782
0.000157583
3.32766e-05
-0.000128056
-0.000304138
-0.000473704
-0.000618835
-0.000722237
-0.000788064
-0.000825173
-0.00083306
-0.000821625
-0.000799548
-0.000775294
-0.000756865
-0.000751777
-0.000767004
-0.000808912
-0.000883178
-0.000994741
-0.00114776
-0.0013456
-0.00159084
-0.00188525
-0.00222986
-0.00262494
-0.00307004
-0.00356407
-0.00410528
-0.00469135
-0.00531943
-0.00598624
-0.00668808
-0.00742095
-0.0081806
-0.0089626
-0.00976245
-0.0105756
-0.0113975
-0.0122236
-0.0130497
-0.0138715
-0.014685
-0.0154863
-0.0162717
-0.0170379
-0.0177814
-0.0184993
-0.0191888
-0.0198471
-0.0204717
-0.0210605
-0.0216112
-0.0221219
-0.0225908
-0.0230164
-0.0233971
-0.0237315
-0.0240185
-0.0242571
-0.0244462
-0.0245851
-0.0246731
-0.0247096
-0.0246943
-0.0246269
-0.0245074
-0.024336
-0.024113
-0.0238335
-0.0234979
-0.0231085
-0.0226658
-0.0221706
-0.0216234
-0.0210254
-0.0203775
-0.0196811
-0.0189377
-0.018149
-0.017317
-0.0164441
-0.0155331
-0.014587
-0.0136094
-0.0126043
-0.0115763
-0.0105307
-0.00947322
-0.00841039
-0.00734934
-0.00629782
-0.00526417
-0.00425715
-0.00328579
-0.00235917
-0.0014861
-0.000674787
6.76019e-05
0.000735351
0.00132465
0.00183401
0.00226459
0.00262038
0.00290826
0.0031377
0.00332027
0.0034688
0.00359627
0.00371439
0.00383232
0.00395532
0.00408414
0.00421503
0.0043408
0.00445209
0.00454607
0.00463075
0.00470428
0.00476884
0.00482415
0.00486919
0.00490288
0.00492465
0.0049346
0.00493319
0.00492019
0.000369049
0.000403096
0.000379294
0.000291367
0.000147457
-3.20473e-05
-0.000222162
-0.000402087
-0.000544044
-0.000641868
-0.00071531
-0.000757398
-0.000774799
-0.000776068
-0.000770068
-0.000765485
-0.000770666
-0.000793467
-0.000841146
-0.00092026
-0.00103656
-0.00119495
-0.0013994
-0.00165296
-0.00195775
-0.00231499
-0.00272501
-0.00318734
-0.00370074
-0.00426325
-0.00487232
-0.00552483
-0.0062172
-0.00694546
-0.00770537
-0.00849244
-0.00930206
-0.0101295
-0.0109702
-0.0118194
-0.0126727
-0.0135256
-0.014374
-0.0152137
-0.0160411
-0.0168525
-0.0176446
-0.0184142
-0.0191584
-0.0198744
-0.0205597
-0.0212121
-0.0218293
-0.0224095
-0.0229508
-0.0234517
-0.0239106
-0.0243263
-0.0246976
-0.0250233
-0.0253025
-0.0255345
-0.0257185
-0.0258539
-0.0259403
-0.0259772
-0.0259644
-0.0259018
-0.0257894
-0.0256275
-0.0254167
-0.0251494
-0.024831
-0.0244621
-0.0240433
-0.0235752
-0.0230584
-0.0224938
-0.0218823
-0.0212251
-0.0205234
-0.0197788
-0.0189929
-0.0181676
-0.0173052
-0.0164081
-0.0154791
-0.0145215
-0.0135388
-0.0125351
-0.0115149
-0.0104835
-0.00944632
-0.00840964
-0.00738014
-0.00636496
-0.00537156
-0.00440759
-0.00348064
-0.00259801
-0.00176639
-0.000991509
-0.000277817
0.000371879
0.000956657
0.00147766
0.00193811
0.00234316
0.00269947
0.00301463
0.00329633
0.00355144
0.00378507
0.00399984
0.00419555
0.00436949
0.00451748
0.00463625
0.00472871
0.00477
0.00480354
0.00482786
0.00484499
0.00485643
0.004863
0.00486527
0.00486351
0.0048572
0.00484449
0.000590121
0.00061452
0.000576933
0.000471998
0.000310457
0.000115379
-8.32386e-05
-0.000254905
-0.000392285
-0.000502871
-0.000589358
-0.000645063
-0.000679292
-0.000701011
-0.000719262
-0.000742959
-0.000780694
-0.000840534
-0.000929866
-0.00105526
-0.00122237
-0.00143584
-0.0016993
-0.00201531
-0.00238541
-0.00281013
-0.0032891
-0.00382103
-0.00440391
-0.00503498
-0.00571095
-0.00642799
-0.0071819
-0.00796818
-0.00878213
-0.00961894
-0.0104737
-0.0113417
-0.0122181
-0.0130982
-0.0139778
-0.0148524
-0.0157182
-0.0165713
-0.0174082
-0.0182255
-0.0190203
-0.0197897
-0.020531
-0.021242
-0.0219204
-0.0225642
-0.0231717
-0.0237413
-0.0242714
-0.0247608
-0.0252084
-0.0256129
-0.0259736
-0.0262897
-0.0265604
-0.0267851
-0.0269633
-0.0270946
-0.0271787
-0.0272153
-0.0272043
-0.0271457
-0.0270395
-0.026886
-0.0266855
-0.0264306
-0.0261282
-0.0257786
-0.0253823
-0.0249398
-0.0244516
-0.0239187
-0.0233417
-0.0227217
-0.0220598
-0.0213574
-0.0206156
-0.0198362
-0.0190209
-0.0181717
-0.0172906
-0.0163802
-0.0154431
-0.0144825
-0.0135017
-0.0125046
-0.0114954
-0.0104787
-0.00945965
-0.00844383
-0.00743708
-0.00644554
-0.00547548
-0.0045331
-0.00362438
-0.00275476
-0.00192898
-0.00115078
-0.000422741
0.000253844
0.000878984
0.00145386
0.00198055
0.00246161
0.00289954
0.00329621
0.0036524
0.0039675
0.00423963
0.00446617
0.00464462
0.00477353
0.00485227
0.0048851
0.00489087
0.00488065
0.00486342
0.00484408
0.00482575
0.00481029
0.0047983
0.00478855
0.00477787
0.000864437
0.000877071
0.00082559
0.000705273
0.000528809
0.000327654
0.000133554
-4.17439e-05
-0.000189971
-0.000316827
-0.000415347
-0.000489987
-0.000548101
-0.00059817
-0.00064915
-0.000710014
-0.000789426
-0.000895481
-0.0010355
-0.00121588
-0.00144196
-0.001718
-0.00204709
-0.00243119
-0.00287117
-0.00336683
-0.00391702
-0.00451971
-0.00517211
-0.00587078
-0.00661173
-0.00739057
-0.00820259
-0.00904289
-0.00990643
-0.0107882
-0.0116832
-0.0125865
-0.0134934
-0.0143994
-0.0153002
-0.0161917
-0.0170702
-0.0179321
-0.0187742
-0.0195936
-0.0203873
-0.021153
-0.0218885
-0.0225915
-0.0232604
-0.0238934
-0.0244892
-0.0250463
-0.0255637
-0.0260403
-0.0264753
-0.0268678
-0.0272172
-0.027523
-0.0277845
-0.0280014
-0.0281734
-0.0283001
-0.0283815
-0.0284173
-0.0284075
-0.0283522
-0.0282514
-0.0281052
-0.027914
-0.0276709
-0.0273834
-0.0270519
-0.0266766
-0.0262579
-0.0257966
-0.0252932
-0.0247485
-0.0241634
-0.0235389
-0.0228761
-0.0221762
-0.0214404
-0.02067
-0.0198668
-0.0190321
-0.018168
-0.0172762
-0.0163591
-0.0154189
-0.0144584
-0.0134804
-0.0124883
-0.0114858
-0.0104767
-0.0094653
-0.00845631
-0.00745452
-0.00646492
-0.00549252
-0.00454223
-0.0036187
-0.0027262
-0.0018685
-0.00104884
-0.000269905
0.000466011
0.00115684
0.00180046
0.00239438
0.00293552
0.00342007
0.00384369
0.00420199
0.00449146
0.00471057
0.00486099
0.00494903
0.00498901
0.00495848
0.00491795
0.00487146
0.00482574
0.00478598
0.00475541
0.00473494
0.00472296
0.00471565
0.00119365
0.00119282
0.001128
0.000994559
0.00081194
0.000611603
0.00041429
0.000234728
6.95626e-05
-7.55916e-05
-0.000195157
-0.000295928
-0.00038536
-0.000471758
-0.000563925
-0.000670721
-0.000800685
-0.000961726
-0.00116089
-0.0014042
-0.00169653
-0.00204157
-0.00244178
-0.00289843
-0.00341163
-0.00398044
-0.00460297
-0.00527645
-0.00599741
-0.00676179
-0.00756504
-0.00840231
-0.00926851
-0.0101584
-0.0110668
-0.0119886
-0.0129186
-0.0138522
-0.0147845
-0.0157113
-0.0166285
-0.0175322
-0.0184189
-0.0192854
-0.0201288
-0.0209464
-0.0217357
-0.0224947
-0.0232213
-0.023914
-0.0245711
-0.0251914
-0.0257736
-0.026317
-0.0268204
-0.0272833
-0.027705
-0.0280848
-0.0284225
-0.0287175
-0.0289696
-0.0291785
-0.029344
-0.029466
-0.0295443
-0.029579
-0.02957
-0.0295174
-0.0294214
-0.0292818
-0.0290988
-0.0288668
-0.0285933
-0.0282786
-0.0279227
-0.0275262
-0.0270896
-0.0266135
-0.0260986
-0.0255459
-0.0249561
-0.0243302
-0.0236692
-0.0229741
-0.0222462
-0.0214864
-0.0206961
-0.0198764
-0.0190288
-0.0181547
-0.0172555
-0.016333
-0.0153889
-0.0144253
-0.0134444
-0.0124487
-0.0114411
-0.0104246
-0.00940254
-0.00837859
-0.00735665
-0.00634078
-0.00533524
-0.00434439
-0.00337271
-0.00242482
-0.00150555
-0.000620066
0.000225982
0.00102626
0.00177367
0.00246028
0.00307762
0.00361721
0.00407142
0.00443482
0.00470556
0.00488663
0.00498602
0.00501442
0.00498634
0.00492987
0.0048618
0.00479551
0.0047389
0.00469648
0.00466938
0.0046558
0.00465263
0.00157631
0.00156118
0.00148393
0.00134097
0.00115641
0.000953251
0.000749303
0.000555178
0.000372516
0.000209293
6.35474e-05
-6.98616e-05
-0.000197811
-0.000328256
-0.000469698
-0.000630694
-0.000819443
-0.00104345
-0.0013093
-0.00162245
-0.00198716
-0.00240643
-0.00288198
-0.00341434
-0.00400287
-0.00464588
-0.00534075
-0.00608407
-0.00687175
-0.0076992
-0.00856146
-0.00945329
-0.0103693
-0.0113042
-0.0122526
-0.0132093
-0.0141694
-0.0151281
-0.0160808
-0.0170236
-0.0179525
-0.0188639
-0.0197546
-0.0206218
-0.0214628
-0.0222753
-0.0230571
-0.0238066
-0.024522
-0.0252021
-0.0258457
-0.0264517
-0.0270193
-0.0275478
-0.0280366
-0.0284852
-0.0288931
-0.0292601
-0.0295858
-0.0298701
-0.0301128
-0.0303136
-0.0304727
-0.0305899
-0.0306651
-0.0306985
-0.0306901
-0.03064
-0.0305482
-0.030415
-0.0302384
-0.0300172
-0.029757
-0.0294578
-0.0291198
-0.0287436
-0.0283297
-0.0278786
-0.027391
-0.0268678
-0.0263098
-0.0257177
-0.0250925
-0.0244351
-0.0237463
-0.0230271
-0.0222783
-0.0215008
-0.0206955
-0.019863
-0.0190044
-0.0181203
-0.0172116
-0.0162794
-0.0153245
-0.0143482
-0.0133518
-0.012337
-0.0113056
-0.01026
-0.00920271
-0.00813675
-0.00706568
-0.00599354
-0.00492502
-0.00386557
-0.00282151
-0.00180021
-0.000810292
0.000138329
0.00103437
0.00186541
0.00261833
0.00328022
0.0038396
0.00428813
0.00462243
0.00484574
0.00496889
0.00501051
0.00499803
0.00491418
0.00482912
0.0047482
0.00467999
0.00462925
0.00459654
0.00458256
0.00458428
0.00200696
0.00197714
0.00188636
0.00173897
0.00155188
0.00134454
0.00113284
0.00092086
0.000718114
0.000529426
0.000351379
0.00017897
5.69816e-06
-0.000175972
-0.000374089
-0.00059672
-0.000851521
-0.0011454
-0.00148428
-0.00187292
-0.00231482
-0.0028122
-0.00336602
-0.003976
-0.00464075
-0.00535787
-0.00612409
-0.00693539
-0.00778719
-0.00867447
-0.00959192
-0.0105341
-0.0114954
-0.0124704
-0.0134539
-0.0144405
-0.0154256
-0.0164045
-0.0173729
-0.018327
-0.0192632
-0.0201782
-0.0210691
-0.0219333
-0.0227687
-0.0235731
-0.0243448
-0.0250825
-0.0257848
-0.0264507
-0.0270794
-0.02767
-0.0282222
-0.0287353
-0.0292091
-0.0296432
-0.0300374
-0.0303916
-0.0307056
-0.0309794
-0.0312129
-0.031406
-0.0315589
-0.0316714
-0.0317437
-0.0317758
-0.0317679
-0.03172
-0.0316324
-0.0315054
-0.0313336
-0.0311232
-0.0308755
-0.0305906
-0.0302691
-0.0299113
-0.029518
-0.0290895
-0.0286267
-0.0281303
-0.027601
-0.0270396
-0.0264469
-0.0258237
-0.0251707
-0.0244887
-0.0237782
-0.0230399
-0.0222742
-0.0214815
-0.020662
-0.0198158
-0.0189431
-0.0180439
-0.0171182
-0.0161659
-0.0151872
-0.0141823
-0.0131517
-0.0120963
-0.0110173
-0.00991656
-0.00879653
-0.00766061
-0.00651323
-0.00536007
-0.00420832
-0.00306687
-0.00194653
-0.000860167
0.000177391
0.00114962
0.00203899
0.00282804
0.00350098
0.00404576
0.00445628
0.00473454
0.00489187
0.00494806
0.00492653
0.0048542
0.00476741
0.00467895
0.00460424
0.00454837
0.00451312
0.00449963
0.0045057
0.00247626
0.00242816
0.00232876
0.00217709
0.00198575
0.0017702
0.00154377
0.00131507
0.00109105
0.000872405
0.000656722
0.000439516
0.000214776
-2.44932e-05
-0.000285732
-0.000576338
-0.000903243
-0.00127259
-0.00168948
-0.00215785
-0.00268036
-0.00325839
-0.00389205
-0.00458031
-0.00532103
-0.00611115
-0.0069468
-0.00782346
-0.00873614
-0.00967948
-0.0106479
-0.0116359
-0.0126378
-0.0136481
-0.0146616
-0.0156733
-0.0166785
-0.0176729
-0.0186525
-0.0196136
-0.020553
-0.0214678
-0.0223554
-0.0232135
-0.0240404
-0.0248343
-0.0255938
-0.0263179
-0.0270056
-0.0276561
-0.028269
-0.0288438
-0.0293801
-0.0298777
-0.0303365
-0.0307564
-0.0311372
-0.031479
-0.0317818
-0.0320456
-0.0322705
-0.0324564
-0.0326035
-0.0327118
-0.0327814
-0.0328124
-0.032805
-0.0327592
-0.0326753
-0.0325534
-0.0323884
-0.0321876
-0.0319511
-0.0316794
-0.0313728
-0.0310318
-0.0306571
-0.030249
-0.0298085
-0.029336
-0.0288325
-0.0282986
-0.027735
-0.0271425
-0.0265218
-0.0258734
-0.0251977
-0.0244953
-0.0237661
-0.0230104
-0.0222279
-0.0214183
-0.0205811
-0.0197155
-0.0188208
-0.0178959
-0.01694
-0.0159519
-0.0149309
-0.0138764
-0.0127884
-0.0116672
-0.0105143
-0.00933192
-0.00812386
-0.00689548
-0.00565416
-0.0044096
-0.00317408
-0.00196259
-0.00079285
0.000315107
0.00133967
0.00225893
0.00305252
0.00370401
0.00420354
0.00455049
0.00475537
0.00484028
0.00483757
0.00478845
0.00468037
0.00458586
0.00450807
0.00445049
0.00441464
0.00440209
0.0044117
0.00296996
0.00290514
0.00279774
0.00264143
0.00244419
0.00221737
0.00197652
0.00172881
0.00147823
0.00122492
0.000966738
0.000699626
0.000418124
0.000115895
-0.000213752
-0.000577392
-0.000981082
-0.00143005
-0.00192848
-0.00247938
-0.00308448
-0.0037443
-0.00445812
-0.00522413
-0.00603951
-0.00690057
-0.00780294
-0.00874168
-0.00971145
-0.0107067
-0.0117217
-0.0127508
-0.0137883
-0.0148291
-0.0158678
-0.0168998
-0.0179206
-0.018926
-0.0199125
-0.0208766
-0.0218156
-0.0227268
-0.023608
-0.0244574
-0.0252735
-0.0260548
-0.0268005
-0.0275097
-0.0281818
-0.0288164
-0.0294131
-0.0299718
-0.0304924
-0.0309748
-0.0314191
-0.0318252
-0.0321934
-0.0325236
-0.0328159
-0.0330705
-0.0332874
-0.0334668
-0.0336087
-0.0337133
-0.0337806
-0.0338108
-0.033804
-0.0337604
-0.03368
-0.033563
-0.0334052
-0.0332131
-0.0329871
-0.0327274
-0.0324344
-0.0321086
-0.0317505
-0.0313608
-0.03094
-0.030489
-0.0300083
-0.0294988
-0.0289612
-0.028396
-0.0278039
-0.0271854
-0.0265409
-0.0258706
-0.0251746
-0.0244527
-0.0237045
-0.0229293
-0.0221261
-0.0212937
-0.0204307
-0.0195353
-0.0186056
-0.0176396
-0.0166354
-0.0155911
-0.0145052
-0.0133769
-0.012206
-0.0109938
-0.00974285
-0.00845774
-0.00714545
-0.00581576
-0.00448162
-0.00315939
-0.00186884
-0.000632863
0.000523379
0.00157379
0.00249338
0.00326088
0.00386186
0.0042918
0.00455873
0.00468405
0.00470036
0.00464337
0.00455283
0.00446587
0.00438902
0.00433232
0.00429721
0.00428563
0.00429755
0.00347375
0.00339289
0.00327763
0.00311537
0.00290997
0.00267135
0.00241569
0.00214587
0.00186482
0.00157282
0.00126797
0.000946698
0.000604155
0.000234769
-0.000167282
-0.000607627
-0.00109133
-0.00162259
-0.0022046
-0.00283935
-0.00352764
-0.00426909
-0.00506217
-0.00590431
-0.00679206
-0.0077212
-0.00868688
-0.00968384
-0.0107065
-0.0117491
-0.012806
-0.0138714
-0.0149399
-0.0160062
-0.0170655
-0.0181132
-0.0191451
-0.0201575
-0.021147
-0.0221106
-0.0230459
-0.0239506
-0.024823
-0.0256614
-0.0264648
-0.0272322
-0.027963
-0.0286565
-0.0293125
-0.0299309
-0.0305116
-0.0310545
-0.0315598
-0.0320276
-0.0324581
-0.0328514
-0.0332077
-0.0335272
-0.0338099
-0.0340562
-0.0342661
-0.0344397
-0.0345771
-0.0346786
-0.0347442
-0.0347739
-0.0347681
-0.0347267
-0.0346498
-0.0345377
-0.0343868
-0.0342031
-0.0339867
-0.033738
-0.0334574
-0.0331452
-0.0328022
-0.0324288
-0.0320257
-0.0315937
-0.0311333
-0.0306453
-0.0301304
-0.0295892
-0.0290223
-0.0284302
-0.0278131
-0.0271714
-0.0265049
-0.0258133
-0.0250962
-0.0243526
-0.0235813
-0.0227807
-0.021949
-0.0210837
-0.0201824
-0.0192423
-0.0182602
-0.0172335
-0.0161592
-0.0150352
-0.01386
-0.0126332
-0.0113562
-0.0100323
-0.00866757
-0.00727113
-0.00585587
-0.00443865
-0.0030405
-0.00168636
-0.000404277
0.000775899
0.00182469
0.0027158
0.00342955
0.00395648
0.00430057
0.00448103
0.00453164
0.00449695
0.00442718
0.00432628
0.00424806
0.00419204
0.00415791
0.00414685
0.00415961
0.00397129
0.00387519
0.0037517
0.00358097
0.00335988
0.00311777
0.00284562
0.00255061
0.00223585
0.00190183
0.001547
0.00116828
0.000761546
0.000322059
-0.000155036
-0.000674325
-0.00123979
-0.00185455
-0.00252072
-0.00323926
-0.00401003
-0.00483173
-0.00570205
-0.00661773
-0.00757473
-0.00856833
-0.00959334
-0.0106442
-0.0117152
-0.0128005
-0.0138945
-0.0149914
-0.016086
-0.0171733
-0.0182487
-0.0193078
-0.0203468
-0.0213623
-0.0223513
-0.0233114
-0.0242402
-0.025136
-0.0259974
-0.0268233
-0.0276127
-0.0283652
-0.0290803
-0.0297579
-0.0303978
-0.0310002
-0.0315652
-0.032093
-0.0325838
-0.033038
-0.0334556
-0.0338371
-0.0341826
-0.0344924
-0.0347667
-0.0350056
-0.0352094
-0.0353781
-0.0355118
-0.0356108
-0.0356752
-0.0357049
-0.0357003
-0.0356613
-0.0355881
-0.0354808
-0.0353367
-0.0351608
-0.0349534
-0.0347148
-0.0344454
-0.0341457
-0.0338161
-0.0334573
-0.03307
-0.0326547
-0.0322121
-0.0317431
-0.0312481
-0.0307279
-0.0301829
-0.0296138
-0.0290207
-0.0284039
-0.0277632
-0.0270985
-0.026409
-0.0256938
-0.0249516
-0.0241807
-0.0233788
-0.0225432
-0.021671
-0.0207588
-0.0198027
-0.0187991
-0.0177439
-0.0166338
-0.0154659
-0.0142382
-0.0129506
-0.0116049
-0.0102055
-0.00876063
-0.00728217
-0.00578674
-0.00429572
-0.00283524
-0.00143548
-0.000129426
0.00104932
0.00206944
0.00290562
0.00354261
0.00397906
0.00423028
0.0043284
0.00431838
0.00424745
0.00415709
0.0040842
0.00402823
0.00399494
0.00398353
0.00399556
0.00444586
0.00433555
0.00420373
0.00402418
0.00380258
0.00354431
0.00325129
0.00292797
0.00257679
0.00219821
0.00179098
0.00135261
0.000879708
0.000368462
-0.000184953
-0.000784018
-0.00143158
-0.00212963
-0.00287918
-0.00368017
-0.00453147
-0.00543094
-0.00637551
-0.00736128
-0.00838366
-0.00943753
-0.0105174
-0.0116175
-0.0127321
-0.0138553
-0.0149815
-0.0161052
-0.0172213
-0.0183251
-0.0194122
-0.0204787
-0.0215211
-0.0225364
-0.023522
-0.0244757
-0.0253958
-0.0262808
-0.0271298
-0.0279418
-0.0287165
-0.0294535
-0.0301529
-0.0308145
-0.0314387
-0.0320257
-0.0325758
-0.0330893
-0.0335667
-0.0340082
-0.0344142
-0.034785
-0.035121
-0.0354223
-0.0356891
-0.0359217
-0.0361203
-0.0362849
-0.0364157
-0.0365129
-0.0365765
-0.0366067
-0.0366036
-0.0365673
-0.0364979
-0.0363951
-0.0362575
-0.0360891
-0.0358901
-0.0356608
-0.0354017
-0.0351132
-0.0347958
-0.0344501
-0.0340768
-0.0336764
-0.0332496
-0.0327971
-0.0323195
-0.0318175
-0.0312916
-0.0307423
-0.0301699
-0.0295746
-0.0289564
-0.0283149
-0.0276496
-0.0269596
-0.0262434
-0.0254993
-0.0247251
-0.0239178
-0.0230743
-0.0221906
-0.0212626
-0.0202857
-0.0192552
-0.0181665
-0.0170154
-0.0157986
-0.014514
-0.0131618
-0.0117447
-0.010269
-0.0087452
-0.00718888
-0.0056209
-0.00406765
-0.00256059
-0.00113507
0.000171704
0.00132364
0.00228963
0.00304798
0.00359093
0.00392817
0.0040881
0.00411524
0.00406259
0.0039807
0.00390195
0.00384337
0.00380804
0.00379459
0.00380435
0.00488122
0.00475758
0.00461603
0.00442532
0.00420428
0.00393214
0.00361696
0.00326344
0.00287398
0.00244917
0.00198814
0.001489
0.000949155
0.000365761
-0.000263932
-0.000942267
-0.00167093
-0.00245076
-0.00328167
-0.00416257
-0.00509141
-0.00606521
-0.0070802
-0.00813187
-0.00921517
-0.0103246
-0.0114546
-0.012599
-0.0137522
-0.0149084
-0.016062
-0.0172078
-0.018341
-0.0194571
-0.020552
-0.0216223
-0.0226648
-0.0236769
-0.0246565
-0.0256017
-0.0265112
-0.0273839
-0.0282193
-0.0290168
-0.0297763
-0.0304979
-0.0311816
-0.0318279
-0.032437
-0.0330094
-0.0335455
-0.0340459
-0.0345109
-0.034941
-0.0353366
-0.035698
-0.0360255
-0.0363194
-0.0365799
-0.0368072
-0.0370015
-0.0371628
-0.0372914
-0.0373874
-0.0374508
-0.0374819
-0.0374806
-0.0374472
-0.0373818
-0.0372829
-0.0371518
-0.0369905
-0.0367994
-0.0365788
-0.0363292
-0.0360509
-0.0357445
-0.0354106
-0.0350498
-0.0346626
-0.0342497
-0.0338118
-0.0333494
-0.0328633
-0.0323539
-0.0318217
-0.0312671
-0.0306902
-0.0300912
-0.0294697
-0.0288252
-0.0281569
-0.0274635
-0.0267433
-0.0259941
-0.0252129
-0.0243965
-0.0235409
-0.0226416
-0.0216935
-0.0206912
-0.0196293
-0.0185024
-0.0173058
-0.0160359
-0.0146907
-0.0132711
-0.0117812
-0.0102295
-0.00862978
-0.0070015
-0.00537047
-0.00376848
-0.0022324
-0.000802305
0.000481366
0.00158179
0.0024705
0.0031324
0.00357025
0.00380713
0.00388547
0.00386097
0.00379094
0.00370039
0.00363674
0.0035965
0.00357941
0.00358562
0.00526334
0.00512666
0.00497189
0.00479347
0.00455811
0.00426836
0.00392904
0.00354391
0.00311512
0.00264334
0.00212812
0.00156819
0.000961783
0.000307059
-0.000397642
-0.00115351
-0.00196105
-0.00281999
-0.00372914
-0.00468642
-0.00568887
-0.00673276
-0.00781361
-0.00892642
-0.0100657
-0.0112257
-0.0124006
-0.0135844
-0.0147712
-0.0159555
-0.0171318
-0.0182953
-0.0194413
-0.0205657
-0.0216649
-0.0227356
-0.0237753
-0.0247817
-0.0257531
-0.026688
-0.0275855
-0.0284451
-0.0292662
-0.0300489
-0.0307932
-0.0314996
-0.0321682
-0.0327997
-0.0333946
-0.0339535
-0.0344769
-0.0349653
-0.0354192
-0.0358392
-0.0362255
-0.0365787
-0.0368989
-0.0371865
-0.0374417
-0.0376646
-0.0378554
-0.0380142
-0.0381413
-0.0382366
-0.0383002
-0.0383324
-0.0383332
-0.0383028
-0.0382415
-0.0381466
-0.0380217
-0.0378671
-0.0376834
-0.0374709
-0.0372299
-0.0369611
-0.0366647
-0.0363415
-0.0359919
-0.0356166
-0.035216
-0.034791
-0.034342
-0.0338697
-0.0333746
-0.0328571
-0.0323177
-0.0317566
-0.0311739
-0.0305694
-0.0299427
-0.029293
-0.0286192
-0.0279198
-0.0271925
-0.0264349
-0.0256435
-0.0248144
-0.0239431
-0.0230242
-0.022052
-0.0210203
-0.0199229
-0.0187538
-0.0175078
-0.0161811
-0.0147725
-0.0132835
-0.0117203
-0.0100942
-0.00842258
-0.00672978
-0.00504694
-0.00341148
-0.00186555
-0.000453261
0.000783174
0.00180837
0.00259931
0.00315061
0.00347817
0.0036195
0.00362838
0.0035625
0.00347327
0.00340746
0.00336025
0.00333756
0.00333913
0.005581
0.00543142
0.00528613
0.00509714
0.00484802
0.00453958
0.00417521
0.00375792
0.0032896
0.00277106
0.00220225
0.00158254
0.000911053
0.000186923
-0.000590401
-0.00142096
-0.00230412
-0.00323848
-0.00422182
-0.00525108
-0.00632247
-0.00743151
-0.00857314
-0.00974186
-0.0109319
-0.0121372
-0.0133518
-0.0145697
-0.0157852
-0.0169927
-0.0181873
-0.0193641
-0.020519
-0.0216481
-0.0227482
-0.0238166
-0.024851
-0.0258496
-0.026811
-0.0277344
-0.028619
-0.0294646
-0.0302713
-0.0310392
-0.0317687
-0.0324604
-0.0331147
-0.0337324
-0.0343142
-0.0348606
-0.0353724
-0.03585
-0.0362941
-0.0367052
-0.0370835
-0.0374296
-0.0377436
-0.0380259
-0.0382766
-0.038496
-0.0386841
-0.0388411
-0.038967
-0.0390621
-0.0391264
-0.03916
-0.039163
-0.0391357
-0.0390781
-0.038988
-0.0388686
-0.0387204
-0.0385436
-0.0383386
-0.0381057
-0.0378456
-0.0375584
-0.0372449
-0.0369056
-0.0365409
-0.0361514
-0.0357378
-0.0353006
-0.0348405
-0.0343578
-0.0338531
-0.0333269
-0.0327792
-0.0322104
-0.0316202
-0.0310085
-0.0303745
-0.0297174
-0.0290357
-0.0283276
-0.0275905
-0.0268216
-0.0260168
-0.0251719
-0.0242814
-0.0233395
-0.0223396
-0.0212749
-0.0201383
-0.0189233
-0.0176243
-0.0162379
-0.0147633
-0.0132036
-0.0115673
-0.00986926
-0.00813127
-0.00638298
-0.00466138
-0.00300969
-0.00147491
-0.000104111
0.00106057
0.00198783
0.00266322
0.00309407
0.00331145
0.00336729
0.00332535
0.00324812
0.00315907
0.00309918
0.00306805
0.00306409
0.00582446
0.00567342
0.00552297
0.0053238
0.00506131
0.00473427
0.00434499
0.00389591
0.00338879
0.00282459
0.00220372
0.00152623
0.000792091
1.4613e-06
-0.000845133
-0.00174661
-0.00270122
-0.00370648
-0.00475917
-0.00585533
-0.00699037
-0.00815914
-0.00935602
-0.0105751
-0.0118103
-0.0130555
-0.0143045
-0.0155514
-0.0167907
-0.018017
-0.0192254
-0.0204116
-0.0215716
-0.0227022
-0.0238004
-0.0248639
-0.0258909
-0.0268799
-0.0278301
-0.0287409
-0.0296121
-0.0304437
-0.0312359
-0.0319893
-0.0327046
-0.0333823
-0.0340232
-0.0346282
-0.0351979
-0.0357331
-0.0362345
-0.0367026
-0.0371381
-0.0375413
-0.0379128
-0.0382528
-0.0385616
-0.0388394
-0.0390865
-0.039303
-0.0394891
-0.0396447
-0.0397701
-0.0398654
-0.0399305
-0.0399657
-0.0399711
-0.0399468
-0.039893
-0.0398076
-0.0396936
-0.0395513
-0.039381
-0.039183
-0.0389578
-0.0387056
-0.038427
-0.0381225
-0.0377924
-0.0374374
-0.037058
-0.0366547
-0.0362281
-0.0357787
-0.035307
-0.0348135
-0.0342986
-0.0337625
-0.0332055
-0.0326275
-0.0320284
-0.0314076
-0.0307645
-0.0300978
-0.0294059
-0.0286867
-0.0279373
-0.0271543
-0.0263335
-0.0254697
-0.0245572
-0.0235892
-0.0225585
-0.0214574
-0.0202782
-0.0190139
-0.0176588
-0.0162097
-0.0146669
-0.0130356
-0.0113272
-0.00956073
-0.00776325
-0.00597035
-0.00422531
-0.00257704
-0.00107672
0.000227178
0.00129499
0.00210264
0.0026477
0.00295315
0.00306646
0.00305163
0.00297364
0.00287806
0.00280874
0.00276838
0.00275847
0.00597917
0.00582608
0.00566995
0.00546279
0.00518815
0.00484344
0.00443022
0.00395056
0.00340615
0.00279822
0.00212766
0.00139521
0.000601717
-0.000251673
-0.00116337
-0.00213122
-0.00315238
-0.00422335
-0.00533996
-0.00649741
-0.00769036
-0.00891306
-0.0101594
-0.0114231
-0.0126979
-0.0139774
-0.0152556
-0.0165266
-0.0177848
-0.0190254
-0.0202436
-0.0214354
-0.0225974
-0.0237264
-0.0248202
-0.0258767
-0.0268945
-0.0278728
-0.0288108
-0.0297085
-0.0305659
-0.0313834
-0.0321616
-0.0329011
-0.0336028
-0.0342675
-0.034896
-0.0354893
-0.0360481
-0.0365733
-0.0370655
-0.0375252
-0.0379531
-0.0383497
-0.0387152
-0.03905
-0.0393545
-0.0396287
-0.0398728
-0.0400871
-0.0402716
-0.0404264
-0.0405515
-0.0406472
-0.0407135
-0.0407504
-0.0407582
-0.0407369
-0.0406868
-0.040606
-0.0404972
-0.0403605
-0.0401963
-0.040005
-0.0397868
-0.0395422
-0.0392715
-0.0389752
-0.0386538
-0.0383077
-0.0379374
-0.0375435
-0.0371264
-0.0366867
-0.0362248
-0.0357411
-0.0352361
-0.0347101
-0.0341633
-0.0335957
-0.0330073
-0.0323976
-0.0317662
-0.0311121
-0.0304339
-0.0297297
-0.0289972
-0.0282332
-0.0274339
-0.0265946
-0.0257095
-0.0247723
-0.0237755
-0.022711
-0.0215703
-0.0203453
-0.0190284
-0.0176139
-0.0160993
-0.0144864
-0.012783
-0.0110043
-0.00917433
-0.00732616
-0.00550209
-0.00375191
-0.00212995
-0.000690372
0.00051907
0.00146433
0.00213231
0.00253624
0.00271691
0.00273673
0.00266567
0.00256425
0.00248701
0.00243649
0.00241994
0.00603495
0.00588032
0.00572094
0.00550746
0.00522202
0.00486101
0.00442538
0.00391693
0.00333743
0.00268837
0.00197116
0.00118727
0.000338408
-0.000573329
-0.00154532
-0.00257437
-0.00365662
-0.0047876
-0.00596226
-0.00717502
-0.00841986
-0.00969047
-0.0109803
-0.0122829
-0.0135916
-0.0149
-0.0162022
-0.0174923
-0.0187651
-0.0200157
-0.0212399
-0.022434
-0.0235949
-0.0247198
-0.025807
-0.0268547
-0.0278621
-0.0288285
-0.0297538
-0.0306381
-0.0314818
-0.0322856
-0.0330502
-0.0337765
-0.0344654
-0.0351181
-0.0357353
-0.036318
-0.0368671
-0.0373833
-0.0378673
-0.0383198
-0.0387411
-0.0391319
-0.0394924
-0.0398228
-0.0401236
-0.0403948
-0.0406366
-0.0408491
-0.0410324
-0.0411866
-0.0413119
-0.0414082
-0.0414757
-0.0415145
-0.0415247
-0.0415064
-0.0414599
-0.0413835
-0.0412795
-0.0411482
-0.0409898
-0.0408047
-0.0405932
-0.0403556
-0.0400924
-0.0398038
-0.0394904
-0.0391526
-0.0387908
-0.0384055
-0.0379971
-0.0375662
-0.0371131
-0.0366383
-0.0361422
-0.0356251
-0.0350871
-0.0345285
-0.0339492
-0.033349
-0.0327275
-0.0320838
-0.0314171
-0.0307256
-0.0300074
-0.0292597
-0.0284792
-0.0276616
-0.0268016
-0.0258931
-0.0249288
-0.0239006
-0.0227995
-0.0216164
-0.0203422
-0.0189692
-0.0174921
-0.0159092
-0.0142244
-0.0124491
-0.0106031
-0.00871634
-0.00682904
-0.0049907
-0.00325774
-0.00168911
-0.000340116
0.000745264
0.00154266
0.00205443
0.00231327
0.00237925
0.00232824
0.00223346
0.00213389
0.00206978
0.00204547
0.00598904
0.00583445
0.00567312
0.00545448
0.00515949
0.0047837
0.00432748
0.00379249
0.00318053
0.00249345
0.0017332
0.000901933
2.20739e-06
-0.000962949
-0.00198995
-0.00307458
-0.00421207
-0.00539703
-0.00662358
-0.00788543
-0.00917596
-0.0104884
-0.0118158
-0.0131513
-0.0144884
-0.0158205
-0.0171417
-0.0184463
-0.0197293
-0.0209861
-0.0222129
-0.0234061
-0.0245632
-0.0256819
-0.0267606
-0.0277982
-0.0287941
-0.029748
-0.0306602
-0.0315311
-0.0323613
-0.0331518
-0.0339035
-0.0346173
-0.0352945
-0.0359361
-0.036543
-0.0371162
-0.0376566
-0.0381649
-0.0386418
-0.0390878
-0.0395035
-0.0398893
-0.0402454
-0.0405722
-0.0408699
-0.0411386
-0.0413784
-0.0415895
-0.041772
-0.041926
-0.0420515
-0.0421486
-0.0422174
-0.042258
-0.0422706
-0.0422553
-0.0422123
-0.0421401
-0.0420407
-0.0419144
-0.0417616
-0.0415824
-0.0413771
-0.0411462
-0.0408899
-0.0406087
-0.0403028
-0.0399727
-0.0396187
-0.0392414
-0.0388412
-0.0384184
-0.0379734
-0.0375067
-0.0370187
-0.0365095
-0.0359795
-0.0354288
-0.0348575
-0.0342654
-0.0336522
-0.0330175
-0.0323603
-0.0316795
-0.0309733
-0.0302395
-0.0294751
-0.0286765
-0.0278388
-0.0269565
-0.0260226
-0.0250291
-0.023967
-0.0228266
-0.0215977
-0.0202709
-0.0188382
-0.0172948
-0.0156408
-0.013883
-0.012037
-0.0101285
-0.00819468
-0.00628366
-0.00445271
-0.00276449
-0.00128105
-5.59423e-05
0.000874966
0.00150223
0.00184882
0.00196993
0.0019431
0.00184855
0.00173733
0.00166239
0.00163015
0.0058418
0.00568856
0.00552612
0.00530318
0.00499979
0.00461073
0.00413594
0.00357687
0.00293544
0.00221382
0.00141449
0.000540294
-0.000405408
-0.0014187
-0.00249508
-0.00362942
-0.00481604
-0.00604873
-0.00732088
-0.00862552
-0.00995551
-0.0113036
-0.0126626
-0.0140255
-0.0153855
-0.0167361
-0.0180716
-0.0193863
-0.0206756
-0.021935
-0.0231612
-0.0243509
-0.0255019
-0.0266124
-0.0276812
-0.0287075
-0.0296912
-0.0306323
-0.0315313
-0.0323889
-0.0332061
-0.0339838
-0.0347233
-0.0354256
-0.036092
-0.0367234
-0.037321
-0.0378857
-0.0384183
-0.0389196
-0.0393902
-0.0398307
-0.0402415
-0.0406229
-0.0409753
-0.041299
-0.041594
-0.0418606
-0.0420988
-0.0423089
-0.0424908
-0.0426446
-0.0427704
-0.0428684
-0.0429386
-0.0429811
-0.042996
-0.0429836
-0.0429439
-0.0428756
-0.0427806
-0.0426592
-0.0425115
-0.0423379
-0.0421386
-0.041914
-0.0416643
-0.0413899
-0.0410911
-0.0407682
-0.0404218
-0.040052
-0.0396593
-0.0392441
-0.0388067
-0.0383476
-0.0378669
-0.0373651
-0.0368423
-0.0362987
-0.0357345
-0.0351496
-0.0345437
-0.0339166
-0.0332676
-0.0325957
-0.0318996
-0.0311775
-0.0304269
-0.0296446
-0.0288265
-0.0279675
-0.0270612
-0.0261002
-0.0250754
-0.023977
-0.0227942
-0.0215161
-0.0201328
-0.0186364
-0.0170232
-0.0152956
-0.0134643
-0.0115506
-0.00958738
-0.00762034
-0.00570634
-0.00391049
-0.00230054
-0.000938959
0.000126931
0.000875163
0.00131738
0.00150135
0.00150352
0.0014096
0.00129358
0.00121098
0.00117034
0.00559524
0.00544444
0.00528155
0.00505503
0.0047443
0.00434352
0.00385222
0.0032717
0.00260396
0.00185151
0.00101731
0.000104869
-0.000881692
-0.00193764
-0.0030576
-0.0042356
-0.00546515
-0.00673928
-0.00805069
-0.00939185
-0.0107551
-0.0121329
-0.0135178
-0.0149024
-0.0162802
-0.0176446
-0.0189898
-0.0203106
-0.0216024
-0.0228613
-0.024084
-0.0252678
-0.0264108
-0.0275115
-0.0285692
-0.0295835
-0.0305545
-0.0314825
-0.0323684
-0.0332131
-0.0340177
-0.0347834
-0.0355114
-0.036203
-0.0368594
-0.0374817
-0.0380709
-0.0386279
-0.0391537
-0.0396488
-0.0401138
-0.0405494
-0.0409559
-0.0413335
-0.0416827
-0.0420036
-0.0422964
-0.0425612
-0.0427981
-0.0430072
-0.0431886
-0.0433425
-0.0434688
-0.0435676
-0.0436391
-0.0436834
-0.0437006
-0.0436909
-0.0436544
-0.0435898
-0.043499
-0.0433821
-0.0432394
-0.0430711
-0.0428775
-0.0426588
-0.0424154
-0.0421475
-0.0418554
-0.0415395
-0.0412
-0.0408374
-0.0404519
-0.0400439
-0.0396137
-0.0391616
-0.0386879
-0.038193
-0.0376769
-0.03714
-0.0365822
-0.0360038
-0.0354044
-0.034784
-0.0341421
-0.0334779
-0.0327904
-0.0320782
-0.0313393
-0.0305709
-0.0297698
-0.0289312
-0.0280496
-0.0271181
-0.0261281
-0.0250699
-0.0239325
-0.022704
-0.0213729
-0.0199287
-0.0183643
-0.0166776
-0.0148746
-0.0129712
-0.0109956
-0.00898987
-0.00700917
-0.00511972
-0.00339375
-0.0019017
-0.000701958
0.00017064
0.000715285
0.000970759
0.00101136
0.000929643
0.00081004
0.000715475
0.000664649
0.00525287
0.00510544
0.00494268
0.00471324
0.00439621
0.00398526
0.00347956
0.00288027
0.00218949
0.00141001
0.000545267
-0.000400612
-0.00142282
-0.00251584
-0.00367354
-0.00488915
-0.00615543
-0.00746475
-0.0088092
-0.0101807
-0.0115713
-0.012973
-0.0143781
-0.0157794
-0.0171699
-0.0185435
-0.0198943
-0.0212175
-0.0225085
-0.0237639
-0.0249807
-0.0261565
-0.0272898
-0.0283795
-0.0294253
-0.0304269
-0.0313849
-0.0322999
-0.033173
-0.0340052
-0.0347977
-0.0355521
-0.0362695
-0.0369512
-0.0375984
-0.0382124
-0.038794
-0.0393442
-0.0398637
-0.0403533
-0.0408135
-0.0412447
-0.0416473
-0.0420217
-0.042368
-0.0426865
-0.0429772
-0.0432404
-0.0434762
-0.0436846
-0.0438656
-0.0440195
-0.0441463
-0.044246
-0.0443189
-0.0443649
-0.0443843
-0.0443771
-0.0443436
-0.0442826
-0.0441957
-0.0440832
-0.0439451
-0.0437819
-0.0435936
-0.0433806
-0.0431432
-0.0428814
-0.0425958
-0.0422864
-0.0419537
-0.0415978
-0.0412192
-0.0408181
-0.0403947
-0.0399494
-0.0394824
-0.038994
-0.0384843
-0.0379536
-0.037402
-0.0368295
-0.0362362
-0.0356219
-0.0349862
-0.0343288
-0.0336487
-0.032945
-0.0322161
-0.0314597
-0.030673
-0.0298523
-0.0289925
-0.0280874
-0.0271292
-0.0261086
-0.0250146
-0.0238351
-0.0225571
-0.0211684
-0.0196586
-0.0180217
-0.0162586
-0.0143798
-0.0124082
-0.0103812
-0.00835105
-0.00638368
-0.00455438
-0.00294039
-0.00161048
-0.000612288
4.01801e-05
0.00037528
0.000463262
0.000401585
0.000288534
0.000172441
0.000109771
0.00481948
0.00467627
0.00451417
0.00428249
0.00396019
0.0035406
0.00302261
0.00240726
0.00169671
0.000894038
3.10524e-06
-0.000971413
-0.00202406
-0.00314864
-0.00433828
-0.00558553
-0.00688249
-0.00822091
-0.00959235
-0.0109883
-0.0124004
-0.0138205
-0.0152406
-0.0166535
-0.0180523
-0.0194308
-0.0207835
-0.0221056
-0.0233929
-0.0246422
-0.0258509
-0.027017
-0.0281392
-0.029217
-0.03025
-0.0312387
-0.0321836
-0.0330858
-0.0339463
-0.0347665
-0.0355477
-0.0362913
-0.0369988
-0.0376714
-0.0383103
-0.0389167
-0.0394914
-0.0400355
-0.0405495
-0.0410341
-0.0414899
-0.0419172
-0.0423164
-0.0426877
-0.0430315
-0.0433477
-0.0436367
-0.0438985
-0.0441332
-0.0443409
-0.0445217
-0.0446756
-0.0448029
-0.0449035
-0.0449776
-0.0450252
-0.0450466
-0.0450419
-0.0450112
-0.0449536
-0.0448704
-0.044762
-0.0446284
-0.04447
-0.0442868
-0.0440792
-0.0438474
-0.0435916
-0.043312
-0.0430089
-0.0426826
-0.0423333
-0.0419613
-0.0415668
-0.04115
-0.0407112
-0.0402507
-0.0397685
-0.0392651
-0.0387404
-0.0381947
-0.037628
-0.0370404
-0.0364318
-0.0358019
-0.0351506
-0.0344772
-0.0337809
-0.0330606
-0.0323145
-0.0315403
-0.0307349
-0.0298941
-0.0290124
-0.0280828
-0.0270967
-0.0260435
-0.024911
-0.0236857
-0.0223538
-0.0209025
-0.0193221
-0.0176086
-0.0157671
-0.0138148
-0.0117835
-0.00972147
-0.00769298
-0.00577484
-0.00404975
-0.00259585
-0.0014733
-0.000709837
-0.000289237
-0.000148365
-0.000189722
-0.000310334
-0.000429776
-0.000501545
0.00430102
0.00416277
0.00400186
0.00376862
0.00344209
0.0030154
0.00248721
0.00185845
0.00113138
0.000309291
-0.000603559
-0.001602
-0.00267999
-0.00383072
-0.00504668
-0.0063198
-0.00764158
-0.00900324
-0.0103959
-0.0118107
-0.0132388
-0.014672
-0.0161023
-0.0175223
-0.0189251
-0.0203047
-0.0216558
-0.0229737
-0.0242546
-0.0254956
-0.0266944
-0.0278493
-0.0289594
-0.0300244
-0.0310444
-0.0320199
-0.0329518
-0.0338413
-0.0346897
-0.0354984
-0.0362688
-0.0370025
-0.0377007
-0.0383649
-0.0389962
-0.0395956
-0.0401641
-0.0407026
-0.0412116
-0.0416917
-0.0421435
-0.0425672
-0.0429633
-0.0433319
-0.0436732
-0.0439875
-0.0442748
-0.0445353
-0.044769
-0.0449761
-0.0451566
-0.0453106
-0.0454383
-0.0455397
-0.045615
-0.0456642
-0.0456875
-0.0456851
-0.0456571
-0.0456026
-0.045523
-0.0454184
-0.0452891
-0.0451351
-0.0449569
-0.0447544
-0.044528
-0.0442778
-0.0440041
-0.043707
-0.0433869
-0.0430439
-0.0426782
-0.04229
-0.0418797
-0.0414472
-0.040993
-0.0405171
-0.0400197
-0.0395009
-0.038961
-0.0384
-0.0378179
-0.0372148
-0.0365905
-0.0359449
-0.0352776
-0.034588
-0.0338753
-0.0331382
-0.0323749
-0.0315828
-0.0307585
-0.0298974
-0.0289932
-0.0280382
-0.0270225
-0.0259343
-0.02476
-0.0234847
-0.0220938
-0.0205744
-0.0189182
-0.017125
-0.0152057
-0.0131862
-0.0111098
-0.00903764
-0.00704654
-0.00522317
-0.00365383
-0.00241058
-0.00153522
-0.00102492
-0.000825628
-0.00084081
-0.000958879
-0.00108667
-0.00116834
0.00370435
0.00357172
0.00341252
0.0031784
0.00284868
0.0024164
0.00188005
0.00124049
0.000500034
-0.000337804
-0.00126843
-0.00228623
-0.00338466
-0.00455635
-0.00579324
-0.0070867
-0.00842773
-0.00980709
-0.0112155
-0.0126437
-0.0140829
-0.0155244
-0.0169603
-0.0183831
-0.019786
-0.0211633
-0.0225096
-0.0238207
-0.025093
-0.0263238
-0.0275111
-0.0286536
-0.0297508
-0.0308025
-0.0318091
-0.0327714
-0.0336904
-0.0345676
-0.0354043
-0.0362021
-0.0369623
-0.0376867
-0.0383764
-0.0390328
-0.039657
-0.04025
-0.0408128
-0.0413461
-0.0418505
-0.0423265
-0.0427746
-0.0431951
-0.0435883
-0.0439543
-0.0442935
-0.0446058
-0.0448916
-0.0451508
-0.0453835
-0.04559
-0.0457702
-0.0459243
-0.0460524
-0.0461545
-0.0462309
-0.0462816
-0.0463067
-0.0463064
-0.0462809
-0.0462294
-0.0461531
-0.0460522
-0.0459269
-0.0457773
-0.0456036
-0.0454061
-0.0451848
-0.04494
-0.0446719
-0.0443806
-0.0440664
-0.0437294
-0.0433699
-0.042988
-0.0425838
-0.0421576
-0.0417095
-0.0412397
-0.0407483
-0.0402355
-0.0397013
-0.0391459
-0.0385693
-0.0379717
-0.0373528
-0.0367128
-0.0360513
-0.035368
-0.0346622
-0.0339332
-0.0331794
-0.032399
-0.0315891
-0.0307459
-0.0298642
-0.028937
-0.0279554
-0.0269082
-0.0257822
-0.024562
-0.0232318
-0.021776
-0.0201828
-0.0184466
-0.0165723
-0.0145796
-0.0125057
-0.0104074
-0.00836013
-0.00645288
-0.00477872
-0.00342071
-0.00243453
-0.00183155
-0.00156829
-0.001551
-0.00166152
-0.0017955
-0.00188826
0.00303708
0.00291063
0.00275362
0.0025193
0.00218743
0.00175103
0.00120849
0.000560622
-0.000190199
-0.00104028
-0.00198473
-0.00301755
-0.00413176
-0.00531949
-0.00657221
-0.00788081
-0.00923586
-0.0106277
-0.0120468
-0.0134836
-0.014929
-0.0163744
-0.0178117
-0.0192335
-0.0206332
-0.022005
-0.0233439
-0.0246458
-0.0259074
-0.0271264
-0.028301
-0.0294303
-0.0305138
-0.0315518
-0.0325449
-0.0334941
-0.0344006
-0.0352658
-0.0360913
-0.0368786
-0.0376293
-0.0383448
-0.0390266
-0.0396757
-0.0402934
-0.0408806
-0.0414381
-0.0419667
-0.0424668
-0.042939
-0.0433836
-0.043801
-0.0441914
-0.0445551
-0.0448921
-0.0452026
-0.0454869
-0.0457448
-0.0459767
-0.0461825
-0.0463624
-0.0465166
-0.046645
-0.0467478
-0.0468251
-0.0468772
-0.046904
-0.0469058
-0.0468825
-0.0468338
-0.0467607
-0.0466633
-0.0465418
-0.0463963
-0.046227
-0.0460341
-0.0458177
-0.0455781
-0.0453153
-0.0450296
-0.0447211
-0.04439
-0.0440364
-0.0436605
-0.0432624
-0.0428423
-0.0424003
-0.0419365
-0.0414511
-0.0409441
-0.0404158
-0.039866
-0.039295
-0.0387029
-0.0380895
-0.037455
-0.0367992
-0.0361219
-0.0354227
-0.034701
-0.0339559
-0.0331858
-0.0323887
-0.0315613
-0.0306993
-0.0297968
-0.0288458
-0.0278361
-0.0267551
-0.0255876
-0.0243168
-0.0229257
-0.0213989
-0.0197265
-0.0179075
-0.0159548
-0.0138991
-0.0117919
-0.00970573
-0.00773018
-0.00596359
-0.00449879
-0.00340489
-0.00270782
-0.00237606
-0.00232078
-0.00241917
-0.00255477
-0.00266123
0.00230732
0.00218751
0.00203317
0.00179932
0.00146628
0.00102717
0.000480329
-0.000173478
-0.000931817
-0.00179084
-0.00274539
-0.00378916
-0.00491476
-0.00611394
-0.00737773
-0.00869664
-0.0100609
-0.0114604
-0.0128855
-0.0143263
-0.0157738
-0.017219
-0.018654
-0.0200714
-0.0214647
-0.0228283
-0.0241573
-0.0254481
-0.0266975
-0.0279033
-0.0290642
-0.0301795
-0.031249
-0.0322731
-0.0332527
-0.0341889
-0.0350831
-0.0359367
-0.0367515
-0.0375289
-0.0382705
-0.0389778
-0.0396521
-0.0402945
-0.0409061
-0.0414878
-0.0420404
-0.0425645
-0.0430606
-0.0435292
-0.0439706
-0.044385
-0.0447728
-0.0451341
-0.0454691
-0.0457779
-0.0460606
-0.0463174
-0.0465484
-0.0467536
-0.0469331
-0.0470872
-0.0472159
-0.0473193
-0.0473976
-0.0474509
-0.0474793
-0.0474831
-0.0474617
-0.0474157
-0.0473456
-0.0472515
-0.0471336
-0.046992
-0.0468269
-0.0466384
-0.0464268
-0.0461921
-0.0459344
-0.0456541
-0.0453511
-0.0450256
-0.0446778
-0.0443077
-0.0439156
-0.0435015
-0.0430654
-0.0426076
-0.0421282
-0.0416271
-0.0411045
-0.0405605
-0.0399952
-0.0394087
-0.0388009
-0.038172
-0.0375219
-0.0368505
-0.0361577
-0.035443
-0.0347059
-0.0339452
-0.0331594
-0.032346
-0.0315015
-0.0306209
-0.0296972
-0.0287215
-0.0276818
-0.0265637
-0.0253503
-0.0240231
-0.0225646
-0.0209607
-0.019205
-0.0173037
-0.0152807
-0.0131812
-0.0110733
-0.00904575
-0.00720049
-0.00563876
-0.00444227
-0.00365169
-0.0032487
-0.0031517
-0.00323599
-0.00337638
-0.00349214
0.0015235
0.00141072
0.00125949
0.00102675
0.000693486
0.000253004
-0.000296383
-0.000953913
-0.00171711
-0.00258199
-0.00354319
-0.00459411
-0.00572706
-0.00693344
-0.00820392
-0.0095287
-0.0108976
-0.0123006
-0.0137273
-0.0151682
-0.0166137
-0.0180552
-0.0194845
-0.0208945
-0.0222787
-0.0236318
-0.0249491
-0.0262269
-0.0274627
-0.0286543
-0.0298008
-0.0309015
-0.0319567
-0.0329669
-0.0339331
-0.0348565
-0.0357387
-0.0365813
-0.0373857
-0.0381537
-0.0388868
-0.0395863
-0.0402535
-0.0408896
-0.0414955
-0.0420721
-0.04262
-0.0431399
-0.0436322
-0.0440973
-0.0445356
-0.0449472
-0.0453325
-0.0456916
-0.0460245
-0.0463316
-0.0466129
-0.0468684
-0.0470984
-0.047303
-0.0474822
-0.0476362
-0.0477651
-0.047869
-0.0479482
-0.0480026
-0.0480325
-0.048038
-0.0480186
-0.0479752
-0.0479079
-0.0478169
-0.0477024
-0.0475645
-0.0474033
-0.0472191
-0.0470119
-0.0467819
-0.0465292
-0.0462539
-0.0459562
-0.0456362
-0.0452939
-0.0449296
-0.0445433
-0.044135
-0.0437049
-0.043253
-0.0427795
-0.0422843
-0.0417676
-0.0412295
-0.04067
-0.0400892
-0.0394871
-0.038864
-0.0382197
-0.0375543
-0.0368678
-0.03616
-0.0354304
-0.0346785
-0.033903
-0.0331022
-0.0322732
-0.031412
-0.0305128
-0.0295676
-0.0285656
-0.0274933
-0.0263341
-0.0250692
-0.0236791
-0.0221465
-0.02046
-0.0186197
-0.0166422
-0.0145656
-0.0124527
-0.0103898
-0.00848072
-0.0068335
-0.0055415
-0.00465995
-0.0041847
-0.00404326
-0.00411097
-0.00425452
-0.00437882
0.000694228
0.000588768
0.000441038
0.000210002
-0.000122588
-0.000563206
-0.0011135
-0.0017727
-0.0025383
-0.00340621
-0.00437089
-0.0054255
-0.0065621
-0.00777179
-0.00904499
-0.0103716
-0.0117413
-0.0131436
-0.0145683
-0.0160054
-0.0174456
-0.0188801
-0.020301
-0.0217009
-0.0230738
-0.0244143
-0.0257181
-0.0269817
-0.0282027
-0.0293794
-0.0305108
-0.0315967
-0.0326375
-0.0336337
-0.0345867
-0.0354977
-0.0363683
-0.0372001
-0.0379947
-0.0387537
-0.0394787
-0.0401708
-0.0408314
-0.0414614
-0.0420619
-0.0426336
-0.0431771
-0.043693
-0.0441817
-0.0446435
-0.0450787
-0.0454877
-0.0458705
-0.0462273
-0.0465583
-0.0468637
-0.0471434
-0.0473978
-0.0476269
-0.0478307
-0.0480095
-0.0481634
-0.0482925
-0.0483969
-0.0484768
-0.0485322
-0.0485635
-0.0485707
-0.0485532
-0.0485121
-0.0484475
-0.0483594
-0.0482481
-0.0481137
-0.0479563
-0.047776
-0.0475731
-0.0473475
-0.0470995
-0.0468292
-0.0465365
-0.0462218
-0.045885
-0.0455262
-0.0451455
-0.0447429
-0.0443187
-0.0438727
-0.0434051
-0.0429158
-0.0424051
-0.0418729
-0.0413193
-0.0407444
-0.0401482
-0.039531
-0.0388927
-0.0382334
-0.0375533
-0.0368523
-0.0361301
-0.0353865
-0.0346207
-0.0338314
-0.0330164
-0.0321726
-0.0312952
-0.0303773
-0.0294094
-0.0283792
-0.0272707
-0.0260652
-0.0247423
-0.0232821
-0.021669
-0.0198971
-0.0179759
-0.0159361
-0.0138342
-0.0117525
-0.00979498
-0.00807498
-0.00669618
-0.0057279
-0.00518068
-0.00499259
-0.00504063
-0.00518405
-0.00531694
-0.000171909
-0.000269814
-0.000413691
-0.000642476
-0.000973583
-0.0014132
-0.00196291
-0.00262193
-0.0033877
-0.00425607
-0.00522134
-0.00627652
-0.00741342
-0.00862295
-0.00989528
-0.0112201
-0.0125869
-0.0139851
-0.0154043
-0.0168346
-0.0182665
-0.0196913
-0.0211011
-0.0224888
-0.0238483
-0.0251746
-0.0264635
-0.0277119
-0.0289173
-0.0300784
-0.0311944
-0.0322654
-0.0332916
-0.0342741
-0.035214
-0.0361129
-0.0369723
-0.0377938
-0.038579
-0.0393294
-0.0400466
-0.0407317
-0.041386
-0.0420104
-0.0426057
-0.0431727
-0.043712
-0.044224
-0.0447091
-0.0451678
-0.0456001
-0.0460063
-0.0463867
-0.0467413
-0.0470704
-0.047374
-0.0476524
-0.0479055
-0.0481336
-0.0483368
-0.0485151
-0.0486688
-0.048798
-0.0489028
-0.0489834
-0.0490398
-0.0490723
-0.049081
-0.0490655
-0.0490265
-0.0489644
-0.0488791
-0.0487708
-0.0486396
-0.0484858
-0.0483094
-0.0481104
-0.0478892
-0.0476456
-0.0473799
-0.0470922
-0.0467825
-0.0464509
-0.0460975
-0.0457223
-0.0453254
-0.0449068
-0.0444667
-0.0440049
-0.0435216
-0.0430168
-0.0424906
-0.041943
-0.0413742
-0.0407841
-0.0401729
-0.0395408
-0.0388879
-0.0382143
-0.0375202
-0.0368054
-0.0360699
-0.0353132
-0.0345346
-0.0337325
-0.0329044
-0.0320466
-0.0311532
-0.0302161
-0.0292241
-0.0281626
-0.0270132
-0.0257552
-0.024367
-0.0228295
-0.0211314
-0.0192754
-0.0172847
-0.0152084
-0.0131239
-0.0111337
-0.00935443
-0.00789887
-0.00684957
-0.00623188
-0.00599559
-0.00602127
-0.00616225
-0.00630298
-0.00106644
-0.00115663
-0.00129635
-0.00152238
-0.00185128
-0.00228888
-0.00283666
-0.00349382
-0.00425777
-0.0051243
-0.0060876
-0.00714054
-0.00827478
-0.00948104
-0.0107493
-0.0120692
-0.01343
-0.014821
-0.0162318
-0.0176524
-0.0190734
-0.0204862
-0.0218828
-0.0232564
-0.024601
-0.0259118
-0.0271847
-0.0284169
-0.0296061
-0.0307513
-0.0318517
-0.0329076
-0.0339195
-0.0348884
-0.0358156
-0.0367027
-0.0375512
-0.0383627
-0.0391389
-0.0398812
-0.0405909
-0.0412694
-0.0419176
-0.0425365
-0.0431269
-0.0436895
-0.0442246
-0.0447329
-0.0452147
-0.0456701
-0.0460996
-0.0465032
-0.0468812
-0.0472337
-0.0475608
-0.0478627
-0.0481396
-0.0483915
-0.0486186
-0.0488211
-0.048999
-0.0491525
-0.0492817
-0.0493869
-0.049468
-0.0495254
-0.049559
-0.0495691
-0.0495553
-0.0495185
-0.0494586
-0.0493759
-0.0492705
-0.0491424
-0.0489919
-0.0488191
-0.048624
-0.0484068
-0.0481675
-0.0479063
-0.0476232
-0.0473184
-0.0469918
-0.0466436
-0.0462737
-0.0458823
-0.0454694
-0.0450349
-0.044579
-0.0441016
-0.0436028
-0.0430827
-0.0425412
-0.0419785
-0.0413947
-0.0407898
-0.0401641
-0.0395177
-0.0388508
-0.0381636
-0.0374563
-0.0367288
-0.0359811
-0.0352126
-0.0344225
-0.0336088
-0.0327687
-0.0318974
-0.0309881
-0.0300308
-0.0290123
-0.0279153
-0.0267192
-0.0254013
-0.0239399
-0.0223192
-0.0205354
-0.0186041
-0.0165668
-0.0144946
-0.012487
-0.0106626
-0.0091413
-0.00801795
-0.00733253
-0.00704744
-0.00704862
-0.00718521
-0.00733283
-0.00198112
-0.00206351
-0.0021988
-0.00242166
-0.00274769
-0.00318237
-0.00372704
-0.00438086
-0.00514124
-0.00600389
-0.00696297
-0.00801121
-0.00914017
-0.0103405
-0.0116019
-0.0129141
-0.0142661
-0.0156473
-0.0170472
-0.0184558
-0.0198637
-0.0212624
-0.0226441
-0.0240021
-0.0253305
-0.0266247
-0.0278809
-0.0290963
-0.030269
-0.0313979
-0.0324827
-0.0335236
-0.0345213
-0.0354769
-0.0363917
-0.0372674
-0.0381054
-0.0389074
-0.0396749
-0.0404093
-0.041112
-0.041784
-0.0424265
-0.0430401
-0.0436258
-0.044184
-0.0447152
-0.0452198
-0.0456982
-0.0461506
-0.0465772
-0.0469783
-0.0473539
-0.0477042
-0.0480295
-0.0483297
-0.0486052
-0.0488559
-0.049082
-0.0492837
-0.0494611
-0.0496144
-0.0497437
-0.0498491
-0.0499308
-0.0499889
-0.0500236
-0.050035
-0.0500229
-0.049988
-0.0499303
-0.04985
-0.0497473
-0.0496222
-0.0494748
-0.0493054
-0.0491139
-0.0489005
-0.0486653
-0.0484083
-0.0481297
-0.0478295
-0.0475078
-0.0471646
-0.0467999
-0.0464139
-0.0460064
-0.0455776
-0.0451274
-0.0446559
-0.0441631
-0.043649
-0.0431137
-0.0425572
-0.0419797
-0.0413813
-0.0407622
-0.0401225
-0.0394625
-0.0387825
-0.0380827
-0.0373633
-0.0366243
-0.0358658
-0.0350869
-0.0342867
-0.0334628
-0.0326116
-0.0317273
-0.0308016
-0.0298223
-0.0287737
-0.0276358
-0.0263856
-0.0249996
-0.0234581
-0.0217515
-0.0198881
-0.0179014
-0.0158555
-0.0138454
-0.01199
-0.0104147
-0.00922535
-0.00847608
-0.00814257
-0.00811773
-0.00824816
-0.00840158
-0.00290807
-0.00298262
-0.00311325
-0.00333254
-0.00365515
-0.00408613
-0.00462666
-0.00527588
-0.00603115
-0.00688817
-0.00784105
-0.00888248
-0.0100039
-0.0111959
-0.0124482
-0.0137502
-0.0150912
-0.0164603
-0.0178471
-0.0192418
-0.0206348
-0.0220179
-0.0233833
-0.0247244
-0.0260357
-0.0273125
-0.0285514
-0.0297496
-0.0309056
-0.0320182
-0.0330874
-0.0341135
-0.0350973
-0.0360399
-0.0369427
-0.0378073
-0.0386352
-0.039428
-0.0401871
-0.040914
-0.0416099
-0.0422758
-0.0429126
-0.0435213
-0.0441023
-0.0446563
-0.0451836
-0.0456847
-0.0461598
-0.0466092
-0.047033
-0.0474315
-0.0478048
-0.0481531
-0.0484764
-0.048775
-0.049049
-0.0492985
-0.0495237
-0.0497246
-0.0499016
-0.0500546
-0.0501838
-0.0502895
-0.0503717
-0.0504305
-0.0504662
-0.0504788
-0.0504683
-0.0504351
-0.0503795
-0.0503015
-0.0502012
-0.0500789
-0.0499345
-0.0497683
-0.0495802
-0.0493704
-0.0491391
-0.0488862
-0.0486118
-0.0483161
-0.047999
-0.0476606
-0.0473009
-0.04692
-0.0465179
-0.0460946
-0.04565
-0.0451843
-0.0446975
-0.0441894
-0.0436603
-0.0431102
-0.0425392
-0.0419474
-0.0413349
-0.0407021
-0.0400493
-0.0393766
-0.0386844
-0.0379732
-0.037243
-0.0364941
-0.0357262
-0.0349386
-0.0341297
-0.0332969
-0.0324354
-0.0315382
-0.0305948
-0.0295907
-0.0285071
-0.0273213
-0.0260087
-0.0245466
-0.0229204
-0.0211315
-0.0192052
-0.017198
-0.0151996
-0.0133271
-0.01171
-0.0104635
-0.00965535
-0.00927476
-0.00922294
-0.00934565
-0.00950354
-0.00383978
-0.0039065
-0.00403227
-0.00424767
-0.00456638
-0.00499299
-0.00552852
-0.00617204
-0.0069209
-0.00777081
-0.00871583
-0.00974863
-0.0108606
-0.0120423
-0.0132835
-0.0145734
-0.0159014
-0.0172566
-0.0186287
-0.0200077
-0.0213845
-0.0227506
-0.0240986
-0.025422
-0.0267154
-0.0279744
-0.0291956
-0.0303765
-0.0315156
-0.0326121
-0.0336659
-0.0346774
-0.0356475
-0.0365775
-0.0374686
-0.0383225
-0.0391407
-0.0399246
-0.0406758
-0.0413954
-0.0420848
-0.0427447
-0.0433762
-0.04398
-0.0445565
-0.0451064
-0.04563
-0.0461276
-0.0465995
-0.0470459
-0.047467
-0.047863
-0.048234
-0.0485802
-0.0489017
-0.0491987
-0.0494712
-0.0497195
-0.0499437
-0.0501439
-0.0503203
-0.0504731
-0.0506023
-0.0507081
-0.0507907
-0.0508502
-0.0508868
-0.0509006
-0.0508915
-0.05086
-0.0508063
-0.0507304
-0.0506325
-0.0505127
-0.0503712
-0.0502079
-0.0500231
-0.0498167
-0.049589
-0.0493399
-0.0490696
-0.0487781
-0.0484654
-0.0481317
-0.0477768
-0.0474009
-0.047004
-0.046586
-0.046147
-0.045687
-0.045206
-0.044704
-0.0441811
-0.0436373
-0.0430728
-0.0424876
-0.0418821
-0.0412563
-0.0406107
-0.0399455
-0.0392612
-0.0385582
-0.0378368
-0.0370975
-0.0363402
-0.0355647
-0.03477
-0.0339542
-0.0331136
-0.0322423
-0.0313315
-0.0303681
-0.0293348
-0.0282096
-0.0269675
-0.0255838
-0.0240396
-0.0223298
-0.020472
-0.0185146
-0.0165407
-0.0146646
-0.0130179
-0.0117239
-0.0108627
-0.0104372
-0.0103581
-0.010472
-0.0106336
-0.00476922
-0.00482815
-0.00494889
-0.00516011
-0.0054745
-0.00589621
-0.00642602
-0.00706293
-0.00780432
-0.00864587
-0.00958166
-0.0106043
-0.0117053
-0.0128751
-0.0141035
-0.0153797
-0.0166931
-0.0180329
-0.0193889
-0.0207511
-0.0221105
-0.0234587
-0.0247886
-0.0260937
-0.0273688
-0.0286096
-0.029813
-0.0309765
-0.0320989
-0.0331794
-0.034218
-0.0352153
-0.0361722
-0.0370898
-0.0379697
-0.0388133
-0.0396221
-0.0403975
-0.041141
-0.0418537
-0.0425367
-0.0431909
-0.0438172
-0.0444162
-0.0449884
-0.0455343
-0.0460542
-0.0465484
-0.0470172
-0.0474607
-0.0478792
-0.0482727
-0.0486415
-0.0489856
-0.0493053
-0.0496006
-0.0498718
-0.0501189
-0.0503422
-0.0505416
-0.0507175
-0.05087
-0.0509991
-0.0511051
-0.0511881
-0.0512482
-0.0512856
-0.0513004
-0.0512926
-0.0512627
-0.0512107
-0.0511369
-0.0510412
-0.0509238
-0.0507848
-0.0506244
-0.0504426
-0.0502395
-0.0500152
-0.0497697
-0.0495032
-0.0492158
-0.0489073
-0.048578
-0.0482277
-0.0478566
-0.0474647
-0.0470519
-0.0466183
-0.0461638
-0.0456886
-0.0451926
-0.0446758
-0.0441384
-0.0435804
-0.0430019
-0.0424033
-0.0417847
-0.0411464
-0.0404889
-0.0398126
-0.0391179
-0.0384054
-0.0376756
-0.0369288
-0.0361651
-0.0353839
-0.0345839
-0.0337626
-0.032915
-0.0320338
-0.0311076
-0.0301206
-0.029052
-0.0278771
-0.0265697
-0.0251075
-0.0234798
-0.0216967
-0.0197984
-0.0178606
-0.0159936
-0.0143294
-0.0129977
-0.01209
-0.0116226
-0.0115166
-0.0116206
-0.0117848
-0.00568987
-0.00574105
-0.00585658
-0.00606337
-0.00637312
-0.00678948
-0.007313
-0.0079426
-0.00867564
-0.00950783
-0.0104333
-0.0114447
-0.0125334
-0.01369
-0.0149042
-0.0161655
-0.0174631
-0.0187864
-0.0201252
-0.0214697
-0.0228109
-0.0241406
-0.0254518
-0.0267383
-0.0279948
-0.0292174
-0.0304029
-0.0315493
-0.0326551
-0.0337199
-0.0347437
-0.0357272
-0.0366712
-0.037577
-0.038446
-0.0392797
-0.0400794
-0.0408467
-0.0415827
-0.0422887
-0.0429657
-0.0436144
-0.0442357
-0.04483
-0.045398
-0.04594
-0.0464563
-0.0469472
-0.0474129
-0.0478536
-0.0482694
-0.0486606
-0.0490271
-0.0493693
-0.0496872
-0.049981
-0.0502508
-0.0504968
-0.0507191
-0.0509178
-0.0510932
-0.0512453
-0.0513744
-0.0514805
-0.0515638
-0.0516245
-0.0516626
-0.0516784
-0.0516719
-0.0516434
-0.0515931
-0.051521
-0.0514274
-0.0513123
-0.0511757
-0.0510179
-0.0508389
-0.0506388
-0.0504177
-0.0501757
-0.0499128
-0.0496291
-0.0493247
-0.0489995
-0.0486537
-0.0482872
-0.0479001
-0.0474923
-0.0470639
-0.0466149
-0.0461453
-0.0456551
-0.0451444
-0.0446132
-0.0440618
-0.0434901
-0.0428984
-0.042287
-0.0416562
-0.0410064
-0.0403381
-0.0396519
-0.0389484
-0.0382282
-0.0374917
-0.0367394
-0.0359712
-0.0351863
-0.0343828
-0.0335571
-0.032703
-0.0318108
-0.0308663
-0.0298501
-0.0287384
-0.0275043
-0.026123
-0.0245788
-0.0228749
-0.0210432
-0.0191519
-0.0173056
-0.0156356
-0.0142761
-0.013329
-0.0128233
-0.0126911
-0.0127845
-0.0129502
-0.00659582
-0.00663909
-0.00674929
-0.00695145
-0.00725631
-0.00766698
-0.00818377
-0.0088055
-0.00952954
-0.0103516
-0.0112659
-0.012265
-0.0133405
-0.0144829
-0.0156821
-0.0169275
-0.0182084
-0.0195144
-0.0208352
-0.0221613
-0.0234838
-0.0247948
-0.026087
-0.0273546
-0.0285926
-0.0297971
-0.030965
-0.0320943
-0.033184
-0.0342335
-0.0352429
-0.036213
-0.0371446
-0.0380389
-0.0388975
-0.0397216
-0.0405127
-0.0412721
-0.0420011
-0.0427006
-0.0433717
-0.0440151
-0.0446314
-0.0452214
-0.0457852
-0.0463235
-0.0468363
-0.0473239
-0.0477866
-0.0482245
-0.0486378
-0.0490266
-0.0493911
-0.0497313
-0.0500475
-0.0503397
-0.0506082
-0.0508531
-0.0510745
-0.0512725
-0.0514474
-0.0515992
-0.0517282
-0.0518344
-0.051918
-0.0519791
-0.0520179
-0.0520346
-0.0520292
-0.0520021
-0.0519533
-0.051883
-0.0517912
-0.0516782
-0.0515439
-0.0513886
-0.0512122
-0.0510149
-0.0507968
-0.050558
-0.0502985
-0.0500184
-0.0497177
-0.0493965
-0.0490549
-0.0486927
-0.0483102
-0.0479072
-0.0474839
-0.0470401
-0.046576
-0.0460915
-0.0455868
-0.0450618
-0.0445168
-0.0439518
-0.043367
-0.0427628
-0.0421395
-0.0414976
-0.0408374
-0.0401598
-0.0394653
-0.0387546
-0.0380284
-0.0372873
-0.0365317
-0.0357611
-0.0349744
-0.034169
-0.0333398
-0.0324786
-0.031573
-0.0306053
-0.0295526
-0.0283883
-0.0270856
-0.0256249
-0.0240031
-0.0222441
-0.0204079
-0.0185928
-0.016928
-0.0155506
-0.0145713
-0.0140314
-0.0138742
-0.0139566
-0.0141228
-0.00748194
-0.00751638
-0.00762145
-0.00781885
-0.00811861
-0.00852335
-0.0090331
-0.00964658
-0.0103611
-0.0111725
-0.012075
-0.0130612
-0.0141228
-0.0152503
-0.0164337
-0.0176625
-0.0189262
-0.0202143
-0.0215168
-0.0228242
-0.0241278
-0.0254197
-0.026693
-0.0279419
-0.0291614
-0.030348
-0.0314986
-0.0326114
-0.0336853
-0.0347199
-0.0357154
-0.0366725
-0.0375922
-0.0384756
-0.0393241
-0.0401391
-0.0409219
-0.0416738
-0.0423959
-0.0430892
-0.0437546
-0.0443929
-0.0450045
-0.0455901
-0.04615
-0.0466846
-0.047194
-0.0476785
-0.0481383
-0.0485735
-0.0489843
-0.0493709
-0.0497333
-0.0500716
-0.0503861
-0.0506769
-0.0509442
-0.0511879
-0.0514084
-0.0516058
-0.0517802
-0.0519317
-0.0520605
-0.0521668
-0.0522506
-0.0523122
-0.0523517
-0.0523692
-0.0523649
-0.052339
-0.0522916
-0.0522228
-0.0521328
-0.0520217
-0.0518895
-0.0517364
-0.0515625
-0.0513679
-0.0511526
-0.0509167
-0.0506603
-0.0503836
-0.0500865
-0.049769
-0.0494313
-0.0490733
-0.0486952
-0.0482968
-0.0478783
-0.0474396
-0.0469807
-0.0465018
-0.0460029
-0.045484
-0.0449452
-0.0443868
-0.043809
-0.0432119
-0.0425961
-0.041962
-0.04131
-0.0406409
-0.0399554
-0.0392543
-0.0385384
-0.0378084
-0.0370649
-0.0363081
-0.0355374
-0.0347508
-0.0339446
-0.0331118
-0.0322418
-0.0313187
-0.0303209
-0.0292224
-0.0279954
-0.0266171
-0.0250787
-0.0233966
-0.0216226
-0.0198481
-0.0181985
-0.0168128
-0.0158087
-0.0152391
-0.0150584
-0.0151295
-0.0152953
-0.00834281
-0.00836856
-0.00846825
-0.0086606
-0.00895506
-0.0093537
-0.00985622
-0.0104612
-0.011166
-0.0119664
-0.0128566
-0.0138295
-0.0148767
-0.0159889
-0.0171561
-0.0183679
-0.019614
-0.020884
-0.0221679
-0.0234565
-0.0247412
-0.0260141
-0.0272687
-0.028499
-0.0297005
-0.0308695
-0.0320033
-0.0331
-0.0341586
-0.0351789
-0.0361611
-0.0371058
-0.0380139
-0.0388868
-0.0397258
-0.040532
-0.0413069
-0.0420515
-0.0427671
-0.0434544
-0.0441144
-0.0447477
-0.0453549
-0.0459363
-0.0464923
-0.0470233
-0.0475295
-0.0480109
-0.0484679
-0.0489005
-0.049309
-0.0496933
-0.0500537
-0.0503903
-0.0507032
-0.0509926
-0.0512586
-0.0515014
-0.051721
-0.0519177
-0.0520916
-0.0522428
-0.0523715
-0.0524779
-0.052562
-0.0526239
-0.052664
-0.0526822
-0.0526788
-0.0526541
-0.052608
-0.0525407
-0.0524523
-0.0523429
-0.0522127
-0.0520617
-0.05189
-0.0516977
-0.051485
-0.0512519
-0.0509985
-0.0507249
-0.0504311
-0.0501171
-0.0497831
-0.0494291
-0.049055
-0.048661
-0.0482471
-0.0478132
-0.0473595
-0.0468859
-0.0463926
-0.0458795
-0.045347
-0.044795
-0.0442239
-0.043634
-0.0430256
-0.0423992
-0.0417554
-0.0410949
-0.0404183
-0.0397267
-0.039021
-0.0383019
-0.0375704
-0.0368269
-0.0360713
-0.0353025
-0.0345176
-0.033711
-0.0328736
-0.0319913
-0.0310442
-0.0300073
-0.0288525
-0.0275544
-0.0260995
-0.0244972
-0.0227911
-0.0210651
-0.0194399
-0.0180548
-0.0170332
-0.0164385
-0.0162363
-0.0162961
-0.0164606
-0.00917373
-0.0091931
-0.00928526
-0.00947211
-0.00976112
-0.0101536
-0.0106488
-0.0112452
-0.0119401
-0.0127293
-0.0136071
-0.0145665
-0.0155991
-0.0166957
-0.0178465
-0.0190413
-0.0202696
-0.0215215
-0.0227869
-0.0240568
-0.0253227
-0.026577
-0.027813
-0.0290253
-0.0302092
-0.0313612
-0.0324786
-0.0335598
-0.0346038
-0.0356103
-0.0365797
-0.0375125
-0.0384097
-0.0392726
-0.0401024
-0.0409003
-0.0416675
-0.0424053
-0.0431146
-0.0437962
-0.044451
-0.0450796
-0.0456823
-0.0462597
-0.0468121
-0.0473396
-0.0478426
-0.0483211
-0.0487754
-0.0492055
-0.0496117
-0.0499939
-0.0503524
-0.0506873
-0.0509987
-0.0512868
-0.0515516
-0.0517934
-0.0520123
-0.0522083
-0.0523818
-0.0525327
-0.0526613
-0.0527677
-0.0528519
-0.0529143
-0.0529548
-0.0529737
-0.0529713
-0.0529475
-0.0529026
-0.0528366
-0.0527497
-0.0526419
-0.0525134
-0.0523643
-0.0521947
-0.0520047
-0.0517944
-0.0515638
-0.0513131
-0.0510424
-0.0507516
-0.0504409
-0.0501104
-0.04976
-0.0493898
-0.0489999
-0.0485903
-0.0481611
-0.0477122
-0.0472437
-0.0467558
-0.0462484
-0.0457218
-0.0451762
-0.0446117
-0.0440287
-0.0434276
-0.0428089
-0.0421731
-0.0415211
-0.0408535
-0.0401713
-0.0394756
-0.0387673
-0.0380475
-0.0373169
-0.0365759
-0.0358238
-0.0350587
-0.0342762
-0.0334687
-0.0326238
-0.0317235
-0.030744
-0.0296574
-0.0284367
-0.0270642
-0.0255431
-0.023909
-0.022238
-0.0206454
-0.0192691
-0.0182371
-0.0176221
-0.0174005
-0.0174493
-0.0176119
-0.00997241
-0.00998817
-0.0100664
-0.0102489
-0.0105327
-0.010919
-0.011407
-0.0119949
-0.0126799
-0.0134579
-0.0143233
-0.015269
-0.016287
-0.0173681
-0.0185026
-0.0196803
-0.0208911
-0.0221249
-0.0233721
-0.0246236
-0.0258711
-0.0271071
-0.0283252
-0.02952
-0.0306868
-0.0318224
-0.0329241
-0.0339905
-0.0350204
-0.0360138
-0.036971
-0.0378925
-0.0387793
-0.0396327
-0.0404537
-0.0412437
-0.0420038
-0.042735
-0.0434383
-0.0441145
-0.0447643
-0.0453882
-0.0459868
-0.0465603
-0.0471091
-0.0476334
-0.0481333
-0.0486091
-0.0490607
-0.0494885
-0.0498925
-0.0502727
-0.0506294
-0.0509627
-0.0512727
-0.0515595
-0.0518232
-0.0520641
-0.0522822
-0.0524777
-0.0526507
-0.0528014
-0.0529298
-0.0530362
-0.0531207
-0.0531834
-0.0532244
-0.0532439
-0.0532422
-0.0532194
-0.0531755
-0.0531108
-0.0530252
-0.0529189
-0.052792
-0.0526446
-0.0524769
-0.0522889
-0.0520807
-0.0518525
-0.0516042
-0.0513361
-0.0510482
-0.0507405
-0.0504131
-0.0500662
-0.0496996
-0.0493136
-0.048908
-0.0484831
-0.0480388
-0.0475752
-0.0470924
-0.0465905
-0.0460697
-0.0455301
-0.044972
-0.0443958
-0.0438018
-0.0431906
-0.0425627
-0.041919
-0.0412602
-0.0405874
-0.0399016
-0.0392039
-0.0384955
-0.0377775
-0.0370503
-0.0363142
-0.0355677
-0.0348076
-0.0340276
-0.033217
-0.0323596
-0.0314332
-0.0304105
-0.0292637
-0.0279718
-0.0265321
-0.0249728
-0.0233621
-0.021809
-0.0204492
-0.0194135
-0.0187827
-0.0185441
-0.0185822
-0.0187422
-0.0107334
-0.0107438
-0.0108147
-0.0109881
-0.0112661
-0.0116464
-0.0121273
-0.0127069
-0.0133821
-0.0141491
-0.0150022
-0.0159345
-0.0169381
-0.0180038
-0.0191221
-0.020283
-0.0214766
-0.0226927
-0.0239221
-0.0251557
-0.0263853
-0.0276037
-0.0288045
-0.0299823
-0.0311328
-0.0322527
-0.0333395
-0.0343916
-0.0354082
-0.0363892
-0.0373347
-0.0382455
-0.0391226
-0.0399669
-0.0407797
-0.0415622
-0.0423154
-0.0430403
-0.0437379
-0.044409
-0.045054
-0.0456736
-0.0462682
-0.046838
-0.0473834
-0.0479046
-0.0484016
-0.0488747
-0.0493239
-0.0497494
-0.0501513
-0.0505297
-0.0508847
-0.0512165
-0.0515251
-0.0518107
-0.0520735
-0.0523135
-0.0525309
-0.0527258
-0.0528985
-0.0530489
-0.0531773
-0.0532837
-0.0533683
-0.0534313
-0.0534727
-0.0534927
-0.0534918
-0.0534698
-0.0534269
-0.0533632
-0.0532788
-0.0531738
-0.0530483
-0.0529025
-0.0527365
-0.0525503
-0.0523441
-0.0521179
-0.051872
-0.0516062
-0.0513209
-0.0510159
-0.0506915
-0.0503477
-0.0499845
-0.049602
-0.0492002
-0.0487793
-0.0483393
-0.0478803
-0.0474024
-0.0469057
-0.0463903
-0.0458566
-0.0453046
-0.0447349
-0.0441479
-0.0435439
-0.0429238
-0.0422882
-0.0416381
-0.0409744
-0.0402982
-0.039611
-0.0389138
-0.0382078
-0.0374942
-0.0367731
-0.0360441
-0.0353048
-0.0345501
-0.0337709
-0.0329529
-0.0320755
-0.0311126
-0.0300358
-0.0288216
-0.0274625
-0.0259796
-0.0244332
-0.0229255
-0.0215887
-0.0205555
-0.0199138
-0.0196604
-0.0196884
-0.0198454
-0.0114531
-0.0114585
-0.0115276
-0.0116848
-0.011958
-0.0123327
-0.0128068
-0.0133783
-0.0140441
-0.0148003
-0.0156414
-0.0165606
-0.01755
-0.0186006
-0.0197032
-0.0208478
-0.0220245
-0.0232236
-0.0244356
-0.0256519
-0.0268643
-0.0280658
-0.02925
-0.0304116
-0.0315466
-0.0326516
-0.0337242
-0.0347629
-0.0357669
-0.0367361
-0.0376708
-0.0385715
-0.0394392
-0.0402751
-0.0410801
-0.0418555
-0.0426022
-0.0433213
-0.0440135
-0.0446796
-0.0453201
-0.0459356
-0.0465264
-0.0470927
-0.0476349
-0.048153
-0.0486473
-0.0491179
-0.0495648
-0.0499882
-0.0503881
-0.0507648
-0.0511182
-0.0514486
-0.051756
-0.0520405
-0.0523023
-0.0525416
-0.0527584
-0.0529528
-0.0531251
-0.0532753
-0.0534036
-0.05351
-0.0535948
-0.053658
-0.0536998
-0.0537203
-0.05372
-0.0536988
-0.0536567
-0.053594
-0.0535106
-0.0534068
-0.0532826
-0.0531382
-0.0529736
-0.0527891
-0.0525846
-0.0523603
-0.0521164
-0.0518528
-0.0515698
-0.0512673
-0.0509455
-0.0506045
-0.0502444
-0.0498652
-0.0494669
-0.0490498
-0.0486137
-0.048159
-0.0476856
-0.0471938
-0.0466836
-0.0461554
-0.0456093
-0.0450459
-0.0444654
-0.0438685
-0.0432559
-0.0426282
-0.0419864
-0.0413316
-0.040665
-0.0399878
-0.0393015
-0.0386074
-0.0379066
-0.0372
-0.0364875
-0.0357676
-0.0350362
-0.0342859
-0.0335039
-0.0326716
-0.031764
-0.0307531
-0.0296135
-0.0283333
-0.0269273
-0.0254479
-0.0239902
-0.0226824
-0.0216574
-0.021009
-0.0207433
-0.0207618
-0.0209154
-0.0121286
-0.0121286
-0.0121939
-0.0123464
-0.0126058
-0.0129752
-0.013443
-0.0140067
-0.0146635
-0.0154093
-0.0162387
-0.0171452
-0.0181208
-0.0191569
-0.0202442
-0.021373
-0.0225335
-0.0237161
-0.0249116
-0.0261113
-0.0273074
-0.0284926
-0.0296611
-0.0308075
-0.0319277
-0.0330186
-0.0340779
-0.035104
-0.0360962
-0.0370544
-0.0379788
-0.0388701
-0.0397291
-0.040557
-0.0413547
-0.0421234
-0.0428641
-0.0435776
-0.0442648
-0.0449262
-0.0455625
-0.0461741
-0.0467612
-0.0473243
-0.0478634
-0.0483788
-0.0488705
-0.0493387
-0.0497834
-0.0502048
-0.050603
-0.050978
-0.05133
-0.051659
-0.0519653
-0.0522489
-0.0525099
-0.0527484
-0.0529646
-0.0531587
-0.0533306
-0.0534806
-0.0536088
-0.0537153
-0.0538002
-0.0538636
-0.0539058
-0.0539267
-0.053927
-0.0539064
-0.0538651
-0.0538032
-0.0537208
-0.0536179
-0.0534949
-0.0533517
-0.0531884
-0.0530053
-0.0528023
-0.0525797
-0.0523375
-0.0520759
-0.0517949
-0.0514947
-0.0511753
-0.0508368
-0.0504794
-0.0501031
-0.0497081
-0.0492943
-0.048862
-0.0484112
-0.0479421
-0.0474547
-0.0469494
-0.0464264
-0.0458859
-0.0453283
-0.0447542
-0.044164
-0.0435585
-0.0429385
-0.0423048
-0.0416586
-0.0410012
-0.0403338
-0.039658
-0.0389753
-0.0382869
-0.0375941
-0.0368972
-0.0361953
-0.0354856
-0.0347617
-0.0340128
-0.0332218
-0.0323654
-0.0314161
-0.0303474
-0.0291437
-0.027814
-0.0264033
-0.0249994
-0.0237253
-0.0227137
-0.0220627
-0.0217872
-0.021797
-0.0219469
-0.0127574
-0.0127522
-0.0128135
-0.0129634
-0.0132128
-0.013572
-0.0140336
-0.0145901
-0.0152382
-0.0159741
-0.0167924
-0.0176866
-0.018649
-0.0196711
-0.0207438
-0.0218574
-0.0230025
-0.0241694
-0.0253491
-0.0265331
-0.0277136
-0.0288836
-0.0300372
-0.0311693
-0.0322757
-0.0333535
-0.0344002
-0.0354146
-0.0363958
-0.0373437
-0.0382585
-0.039141
-0.039992
-0.0408124
-0.0416034
-0.0423659
-0.0431008
-0.0438091
-0.0444915
-0.0451486
-0.0457809
-0.0463888
-0.0469726
-0.0475326
-0.0480689
-0.0485816
-0.0490709
-0.0495369
-0.0499796
-0.0503992
-0.0507958
-0.0511693
-0.05152
-0.0518479
-0.0521531
-0.0524358
-0.052696
-0.052934
-0.0531497
-0.0533434
-0.0535151
-0.0536649
-0.0537931
-0.0538996
-0.0539846
-0.0540483
-0.0540907
-0.0541119
-0.0541128
-0.0540928
-0.0540521
-0.0539909
-0.0539093
-0.0538073
-0.0536852
-0.053543
-0.0533809
-0.053199
-0.0529974
-0.0527762
-0.0525356
-0.0522756
-0.0519964
-0.0516981
-0.0513808
-0.0510446
-0.0506896
-0.050316
-0.0499237
-0.0495131
-0.0490841
-0.0486368
-0.0481716
-0.0476884
-0.0471876
-0.0466694
-0.0461341
-0.0455821
-0.0450139
-0.0444301
-0.0438314
-0.0432186
-0.0425927
-0.0419548
-0.0413062
-0.0406483
-0.0399826
-0.0393108
-0.0386344
-0.0379547
-0.0372725
-0.0365876
-0.0358979
-0.0351983
-0.0344795
-0.0337264
-0.0329172
-0.0320253
-0.0310234
-0.0298933
-0.0286385
-0.0272972
-0.0259497
-0.0247136
-0.0237198
-0.02307
-0.022787
-0.0227888
-0.0229347
-0.013338
-0.0133275
-0.0133846
-0.0135312
-0.0137775
-0.0141249
-0.0145771
-0.0151266
-0.0157667
-0.016493
-0.0173007
-0.0181833
-0.0191331
-0.0201419
-0.0212007
-0.0222999
-0.0234303
-0.0245823
-0.0257472
-0.0269164
-0.0280823
-0.0292381
-0.0303778
-0.0314965
-0.0325902
-0.0336557
-0.0346909
-0.0356943
-0.0366654
-0.0376037
-0.0385098
-0.0393841
-0.0402276
-0.0410412
-0.0418258
-0.0425825
-0.0433122
-0.0440157
-0.0446936
-0.0453467
-0.0459753
-0.0465797
-0.0471604
-0.0477175
-0.0482511
-0.0487615
-0.0492486
-0.0497125
-0.0501535
-0.0505714
-0.0509664
-0.0513387
-0.0516882
-0.052015
-0.0523194
-0.0526013
-0.0528609
-0.0530983
-0.0533136
-0.053507
-0.0536785
-0.0538282
-0.0539563
-0.0540629
-0.0541481
-0.0542119
-0.0542546
-0.0542761
-0.0542774
-0.0542579
-0.0542177
-0.0541571
-0.0540762
-0.053975
-0.0538536
-0.0537123
-0.0535512
-0.0533703
-0.0531698
-0.0529498
-0.0527105
-0.0524519
-0.0521742
-0.0518775
-0.051562
-0.0512278
-0.0508749
-0.0505036
-0.0501139
-0.0497059
-0.0492799
-0.0488359
-0.0483741
-0.0478947
-0.047398
-0.0468842
-0.0463537
-0.0458068
-0.0452442
-0.0446664
-0.044074
-0.0434681
-0.0428495
-0.0422195
-0.0415793
-0.0409305
-0.0402745
-0.0396132
-0.0389481
-0.0382809
-0.0376127
-0.0369436
-0.0362725
-0.0355953
-0.0349042
-0.0341856
-0.0334197
-0.0325809
-0.0316418
-0.0305819
-0.0294001
-0.028128
-0.0268387
-0.0256437
-0.0246715
-0.0240264
-0.023738
-0.0237327
-0.0238746
-0.013869
-0.0138535
-0.0139061
-0.0140488
-0.0142916
-0.0146352
-0.0150766
-0.015615
-0.0162477
-0.0169649
-0.0177626
-0.0186341
-0.019572
-0.0205683
-0.0216138
-0.0226996
-0.0238161
-0.0249543
-0.0261052
-0.0272606
-0.028413
-0.0295556
-0.0306825
-0.0317888
-0.0328707
-0.033925
-0.0349495
-0.035943
-0.0369047
-0.0378343
-0.0387323
-0.0395992
-0.0404358
-0.041243
-0.0420219
-0.0427732
-0.043498
-0.0441971
-0.0448709
-0.0455202
-0.0461454
-0.0467467
-0.0473245
-0.0478789
-0.0484101
-0.0489183
-0.0494034
-0.0498655
-0.0503048
-0.0507213
-0.051115
-0.051486
-0.0518345
-0.0521605
-0.052464
-0.0527453
-0.0530044
-0.0532414
-0.0534564
-0.0536495
-0.0538209
-0.0539705
-0.0540986
-0.0542053
-0.0542906
-0.0543546
-0.0543975
-0.0544193
-0.0544209
-0.0544018
-0.0543621
-0.054302
-0.0542216
-0.054121
-0.0540003
-0.0538597
-0.0536993
-0.0535192
-0.0533196
-0.0531006
-0.0528623
-0.0526049
-0.0523284
-0.0520331
-0.0517191
-0.0513865
-0.0510354
-0.0506661
-0.0502785
-0.0498729
-0.0494494
-0.0490082
-0.0485495
-0.0480735
-0.0475805
-0.0470707
-0.0465445
-0.0460024
-0.0454448
-0.0448725
-0.0442861
-0.0436866
-0.043075
-0.0424524
-0.0418202
-0.0411799
-0.0405332
-0.0398818
-0.0392275
-0.0385722
-0.037917
-0.0372629
-0.036609
-0.0359524
-0.0352865
-0.0345995
-0.0338733
-0.0330834
-0.0322029
-0.0312096
-0.0300983
-0.0288945
-0.0276642
-0.0265127
-0.0255654
-0.0249281
-0.0246364
-0.0246248
-0.0247627
-0.0143497
-0.0143292
-0.0143772
-0.0145157
-0.0147547
-0.0150944
-0.0155311
-0.0160613
-0.0166809
-0.0173885
-0.0181772
-0.0190381
-0.0199648
-0.0209492
-0.0219825
-0.0230556
-0.0241593
-0.0252845
-0.0264225
-0.0275652
-0.0287051
-0.0298355
-0.0309507
-0.0320458
-0.0331169
-0.034161
-0.0351759
-0.0361603
-0.0371134
-0.0380352
-0.0389258
-0.0397859
-0.0406163
-0.0414177
-0.0421913
-0.0429378
-0.0436581
-0.0443531
-0.0450232
-0.045669
-0.046291
-0.0468895
-0.0474647
-0.0480167
-0.0485457
-0.0490519
-0.0495352
-0.0499957
-0.0504335
-0.0508487
-0.0512413
-0.0516113
-0.0519589
-0.0522842
-0.0525871
-0.0528679
-0.0531265
-0.0533632
-0.053578
-0.0537709
-0.0539422
-0.0540918
-0.05422
-0.0543267
-0.0544121
-0.0544763
-0.0545194
-0.0545415
-0.0545432
-0.0545245
-0.0544852
-0.0544255
-0.0543455
-0.0542453
-0.0541252
-0.0539851
-0.0538253
-0.0536458
-0.0534469
-0.0532286
-0.0529911
-0.0527346
-0.0524591
-0.0521649
-0.051852
-0.0515207
-0.0511711
-0.0508033
-0.0504176
-0.0500139
-0.0495926
-0.0491539
-0.0486978
-0.0482248
-0.0477349
-0.0472287
-0.0467064
-0.0461685
-0.0456156
-0.0450483
-0.0444674
-0.0438737
-0.0432685
-0.0426528
-0.0420281
-0.0413958
-0.0407578
-0.0401158
-0.0394718
-0.0388276
-0.0381848
-0.0375445
-0.0369066
-0.036269
-0.0356262
-0.034968
-0.034278
-0.0335332
-0.0327072
-0.0317765
-0.0307328
-0.0295958
-0.0284247
-0.0273185
-0.0263987
-0.0257717
-0.0254787
-0.0254617
-0.0255954
-0.0147798
-0.0147545
-0.0147978
-0.0149317
-0.0151666
-0.0155022
-0.0159343
-0.0164585
-0.017071
-0.0177683
-0.0185443
-0.0193944
-0.0203107
-0.0212842
-0.022306
-0.0233672
-0.0244591
-0.0255725
-0.0266987
-0.0278297
-0.0289581
-0.0300775
-0.0311821
-0.0322671
-0.0333285
-0.0343634
-0.0353697
-0.0363459
-0.0372914
-0.0382061
-0.0390901
-0.0399441
-0.0407688
-0.0415651
-0.0423339
-0.043076
-0.0437923
-0.0444835
-0.0451502
-0.045793
-0.0464121
-0.047008
-0.0475808
-0.0481307
-0.0486578
-0.0491622
-0.0496439
-0.0501031
-0.0505396
-0.0509537
-0.0513453
-0.0517146
-0.0520615
-0.0523861
-0.0526886
-0.0529689
-0.0532273
-0.0534638
-0.0536784
-0.0538712
-0.0540425
-0.0541921
-0.0543204
-0.0544272
-0.0545128
-0.0545771
-0.0546205
-0.0546428
-0.0546445
-0.0546261
-0.0545871
-0.0545277
-0.054448
-0.0543482
-0.0542283
-0.0540886
-0.0539292
-0.0537502
-0.0535517
-0.0533339
-0.053097
-0.0528411
-0.0525663
-0.0522729
-0.0519609
-0.0516305
-0.051282
-0.0509155
-0.0505311
-0.050129
-0.0497095
-0.0492727
-0.0488189
-0.0483483
-0.0478612
-0.047358
-0.0468391
-0.0463049
-0.0457561
-0.0451933
-0.0446173
-0.0440291
-0.0434297
-0.0428204
-0.0422025
-0.0415778
-0.0409479
-0.0403147
-0.0396803
-0.0390465
-0.0384153
-0.037788
-0.0371649
-0.0365447
-0.035923
-0.0352911
-0.034634
-0.0339305
-0.0331549
-0.032283
-0.0313036
-0.0302314
-0.0291192
-0.0280593
-0.027169
-0.0265547
-0.026262
-0.0262404
-0.0263701
-0.0151592
-0.0151293
-0.0151677
-0.0152969
-0.0155274
-0.0158589
-0.0162866
-0.0168054
-0.0174113
-0.0181002
-0.0188671
-0.0197065
-0.0206111
-0.021573
-0.0225837
-0.0236341
-0.0247151
-0.0258178
-0.0269334
-0.0280535
-0.0291717
-0.0302813
-0.0313765
-0.0324524
-0.0335053
-0.0345321
-0.0355308
-0.0364998
-0.0374384
-0.0383468
-0.039225
-0.0400736
-0.0408933
-0.0416849
-0.0424494
-0.0431876
-0.0439003
-0.0445882
-0.0452519
-0.0458919
-0.0465085
-0.0471021
-0.0476728
-0.0482208
-0.0487462
-0.0492491
-0.0497295
-0.0501874
-0.050623
-0.0510362
-0.0514271
-0.0517957
-0.052142
-0.0524662
-0.0527684
-0.0530485
-0.0533067
-0.053543
-0.0537576
-0.0539504
-0.0541217
-0.0542715
-0.0543998
-0.0545068
-0.0545925
-0.054657
-0.0547005
-0.0547231
-0.0547248
-0.0547066
-0.0546678
-0.0546086
-0.0545291
-0.0544295
-0.0543098
-0.0541703
-0.0540111
-0.0538323
-0.0536341
-0.0534166
-0.05318
-0.0529245
-0.0526501
-0.052357
-0.0520456
-0.0517159
-0.0513681
-0.0510024
-0.050619
-0.0502181
-0.0497999
-0.0493647
-0.0489126
-0.048444
-0.0479592
-0.0474585
-0.0469424
-0.0464115
-0.0458662
-0.0453074
-0.0447357
-0.0441523
-0.0435581
-0.0429546
-0.0423431
-0.0417252
-0.0411028
-0.0404778
-0.0398522
-0.0392282
-0.0386078
-0.0379924
-0.0373831
-0.0367789
-0.0361765
-0.0355684
-0.0349414
-0.0342756
-0.0335464
-0.0327294
-0.0318109
-0.0308012
-0.0297467
-0.0287336
-0.0278745
-0.0272747
-0.026984
-0.0269585
-0.0270843
-0.0154883
-0.0154539
-0.0154874
-0.0156117
-0.0158376
-0.016165
-0.0165883
-0.0171023
-0.0177022
-0.0183839
-0.0191425
-0.0199724
-0.0208667
-0.0218178
-0.0228174
-0.0238566
-0.0249267
-0.0260187
-0.0271244
-0.0282361
-0.0293455
-0.0304465
-0.0315334
-0.0326015
-0.033647
-0.0346669
-0.0356589
-0.0366216
-0.0375541
-0.038457
-0.0393302
-0.0401741
-0.0409894
-0.041777
-0.0425378
-0.0432725
-0.043982
-0.044667
-0.045328
-0.0459656
-0.04658
-0.0471715
-0.0477405
-0.0482869
-0.0488108
-0.0493124
-0.0497917
-0.0502488
-0.0506835
-0.051096
-0.0514864
-0.0518545
-0.0522005
-0.0525245
-0.0528265
-0.0531065
-0.0533646
-0.0536009
-0.0538156
-0.0540085
-0.0541799
-0.0543298
-0.0544583
-0.0545654
-0.0546513
-0.054716
-0.0547597
-0.0547823
-0.0547841
-0.0547661
-0.0547275
-0.0546684
-0.0545889
-0.0544893
-0.0543697
-0.0542303
-0.0540711
-0.0538923
-0.0536941
-0.0534767
-0.0532402
-0.0529847
-0.0527104
-0.0524175
-0.0521062
-0.0517768
-0.0514294
-0.0510642
-0.0506814
-0.0502812
-0.0498639
-0.0494297
-0.0489789
-0.0485118
-0.0480287
-0.0475301
-0.0470163
-0.0464879
-0.0459457
-0.0453901
-0.0448223
-0.044243
-0.0436535
-0.0430551
-0.0424492
-0.0418376
-0.041222
-0.0406044
-0.0399871
-0.0393721
-0.0387616
-0.0381573
-0.0375606
-0.036971
-0.0363862
-0.0357998
-0.0352
-0.0345687
-0.0338822
-0.0331162
-0.032255
-0.0313051
-0.0303071
-0.0293407
-0.0285137
-0.0279301
-0.0276427
-0.027614
-0.027736
-0.0157677
-0.0157291
-0.0157577
-0.0158767
-0.0160979
-0.016421
-0.0168402
-0.0173497
-0.0179443
-0.0186196
-0.0193707
-0.0201922
-0.0210773
-0.0220187
-0.0230082
-0.0240373
-0.0250972
-0.0261794
-0.0272755
-0.0283777
-0.0294784
-0.0305712
-0.0316505
-0.0327116
-0.0337505
-0.0347644
-0.035751
-0.0367091
-0.037638
-0.0385366
-0.0394056
-0.0402455
-0.0410571
-0.0418412
-0.0425987
-0.0433305
-0.0440372
-0.0447197
-0.0453784
-0.0460138
-0.0466263
-0.0472162
-0.0477837
-0.0483288
-0.0488516
-0.0493521
-0.0498306
-0.0502869
-0.0507211
-0.0511332
-0.0515232
-0.0518911
-0.052237
-0.0525608
-0.0528628
-0.0531428
-0.0534011
-0.0536375
-0.0538523
-0.0540455
-0.0542171
-0.0543672
-0.0544959
-0.0546032
-0.0546892
-0.0547541
-0.0547979
-0.0548207
-0.0548225
-0.0548046
-0.0547661
-0.0547069
-0.0546274
-0.0545278
-0.0544081
-0.0542685
-0.0541091
-0.0539302
-0.0537319
-0.0535142
-0.0532775
-0.0530218
-0.0527473
-0.0524542
-0.0521428
-0.0518133
-0.0514659
-0.0511008
-0.0507182
-0.0503183
-0.0499014
-0.0494677
-0.0490177
-0.0485516
-0.0480697
-0.0475725
-0.0470605
-0.0465342
-0.0459942
-0.0454414
-0.0448767
-0.0443009
-0.0437154
-0.0431214
-0.0425205
-0.0419144
-0.0413049
-0.0406941
-0.0400842
-0.0394774
-0.038876
-0.038282
-0.0376967
-0.0371206
-0.0365518
-0.035985
-0.0354099
-0.0348099
-0.0341626
-0.0334437
-0.0326363
-0.0317433
-0.0307999
-0.0298799
-0.0290857
-0.0285195
-0.0282365
-0.0282054
-0.0283238
-0.0159984
-0.0159557
-0.0159793
-0.016093
-0.0163092
-0.0166278
-0.0170431
-0.0175483
-0.0181381
-0.0188077
-0.0195522
-0.0203661
-0.021243
-0.0221756
-0.023156
-0.0241759
-0.0252266
-0.0262997
-0.0273871
-0.0284808
-0.0295735
-0.030659
-0.0317314
-0.0327861
-0.0338193
-0.0348278
-0.0358095
-0.0367631
-0.0376875
-0.0385824
-0.039448
-0.0402848
-0.0410935
-0.041875
-0.04263
-0.0433594
-0.0440641
-0.0447445
-0.0454015
-0.0460353
-0.0466464
-0.047235
-0.0478014
-0.0483456
-0.0488677
-0.0493679
-0.0498458
-0.0503018
-0.0507357
-0.0511475
-0.0515374
-0.0519053
-0.0522512
-0.0525752
-0.0528773
-0.0531576
-0.0534161
-0.0536528
-0.0538678
-0.0540613
-0.0542332
-0.0543835
-0.0545125
-0.05462
-0.0547063
-0.0547714
-0.0548153
-0.0548381
-0.0548401
-0.0548222
-0.0547837
-0.0547244
-0.0546447
-0.0545448
-0.0544249
-0.054285
-0.0541254
-0.0539461
-0.0537473
-0.0535293
-0.0532921
-0.0530359
-0.0527609
-0.0524672
-0.0521553
-0.0518254
-0.0514776
-0.0511122
-0.0507294
-0.0503293
-0.0499123
-0.0494787
-0.049029
-0.0485633
-0.0480821
-0.0475857
-0.0470748
-0.0465499
-0.0460117
-0.045461
-0.0448987
-0.0443258
-0.0437435
-0.0431533
-0.0425566
-0.0419553
-0.0413511
-0.0407463
-0.0401431
-0.0395437
-0.0389506
-0.0383658
-0.037791
-0.0372271
-0.0366727
-0.0361237
-0.035571
-0.0349994
-0.0343877
-0.0337124
-0.0329552
-0.0321162
-0.0312255
-0.0303509
-0.0295898
-0.029042
-0.0287645
-0.0287315
-0.0288464
-0.0161814
-0.0161349
-0.0161535
-0.0162617
-0.0164726
-0.0167866
-0.0171978
-0.0176991
-0.0182845
-0.0189489
-0.0196874
-0.0204946
-0.021364
-0.0222887
-0.0232609
-0.0242723
-0.0253147
-0.0263796
-0.0274589
-0.028545
-0.0296307
-0.0307094
-0.0317758
-0.0328249
-0.033853
-0.0348569
-0.0358345
-0.0367842
-0.0377051
-0.0385969
-0.0394597
-0.040294
-0.0411004
-0.0418797
-0.0426328
-0.0433604
-0.0440634
-0.0447424
-0.045398
-0.0460307
-0.0466407
-0.0472284
-0.047794
-0.0483376
-0.0488592
-0.0493589
-0.0498367
-0.0502925
-0.0507263
-0.0511383
-0.0515283
-0.0518964
-0.0522426
-0.0525669
-0.0528693
-0.0531499
-0.0534088
-0.0536459
-0.0538613
-0.0540551
-0.0542274
-0.0543781
-0.0545073
-0.0546151
-0.0547016
-0.0547668
-0.0548108
-0.0548337
-0.0548356
-0.0548177
-0.0547791
-0.0547201
-0.0546406
-0.0545405
-0.0544203
-0.05428
-0.0541199
-0.05394
-0.0537406
-0.053522
-0.0532841
-0.0530272
-0.0527512
-0.0524565
-0.0521438
-0.0518131
-0.0514646
-0.0510985
-0.050715
-0.0503143
-0.0498966
-0.0494626
-0.0490126
-0.0485469
-0.0480657
-0.0475696
-0.0470592
-0.0465351
-0.045998
-0.0454486
-0.044888
-0.0443172
-0.0437375
-0.0431503
-0.0425571
-0.0419597
-0.0413602
-0.0407606
-0.0401631
-0.0395703
-0.0389846
-0.0384081
-0.0378429
-0.0372899
-0.0367486
-0.0362156
-0.035683
-0.0351371
-0.0345581
-0.0339227
-0.0332124
-0.0324241
-0.0315839
-0.0307537
-0.0300257
-0.0294969
-0.0292257
-0.0291915
-0.0293032
-0.0163183
-0.0162681
-0.0162817
-0.0163842
-0.0165895
-0.0168987
-0.0173058
-0.0178032
-0.0183844
-0.0190442
-0.0197773
-0.0205783
-0.021441
-0.0223584
-0.023323
-0.0243268
-0.0253616
-0.026419
-0.0274912
-0.0285704
-0.0296497
-0.0307225
-0.0317835
-0.0328278
-0.0338514
-0.0348515
-0.0358255
-0.0367722
-0.0376903
-0.0385797
-0.0394404
-0.0402727
-0.0410774
-0.0418552
-0.0426069
-0.0433333
-0.0440351
-0.0447131
-0.0453678
-0.0459997
-0.0466091
-0.0471963
-0.0477615
-0.0483048
-0.0488262
-0.0493258
-0.0498036
-0.0502595
-0.0506937
-0.0511059
-0.0514963
-0.0518648
-0.0522115
-0.0525363
-0.0528393
-0.0531205
-0.0533799
-0.0536175
-0.0538335
-0.0540278
-0.0542004
-0.0543515
-0.0544811
-0.0545893
-0.054676
-0.0547413
-0.0547854
-0.0548084
-0.0548102
-0.0547923
-0.0547535
-0.0546941
-0.0546141
-0.0545136
-0.0543927
-0.0542518
-0.0540909
-0.0539102
-0.0537099
-0.0534902
-0.0532513
-0.0529934
-0.052717
-0.052422
-0.0521083
-0.0517765
-0.0514268
-0.0510597
-0.0506751
-0.0502732
-0.0498542
-0.0494194
-0.0489686
-0.0485023
-0.0480206
-0.047524
-0.0470134
-0.0464895
-0.0459528
-0.0454041
-0.0448445
-0.044275
-0.0436971
-0.0431121
-0.0425216
-0.0419274
-0.0413316
-0.0407364
-0.0401439
-0.0395568
-0.0389775
-0.0384085
-0.0378517
-0.0373086
-0.0367791
-0.0362604
-0.035746
-0.0352233
-0.0346738
-0.0340752
-0.0334082
-0.0326677
-0.0318757
-0.0310885
-0.0303933
-0.0298839
-0.0296197
-0.0295848
-0.0296934
-0.0164106
-0.0163571
-0.0163657
-0.0164622
-0.0166616
-0.0169656
-0.0173683
-0.0178618
-0.0184391
-0.0190945
-0.0198226
-0.020618
-0.0214745
-0.0223853
-0.023343
-0.0243398
-0.0253676
-0.0264182
-0.0274838
-0.0285569
-0.0296305
-0.0306982
-0.0317544
-0.0327945
-0.0338145
-0.0348113
-0.0357827
-0.0367269
-0.037643
-0.0385306
-0.0393898
-0.0402209
-0.0410244
-0.0418012
-0.0425521
-0.0432777
-0.0439789
-0.0446564
-0.0453107
-0.0459422
-0.0465513
-0.0471384
-0.0477035
-0.0482469
-0.0487685
-0.0492683
-0.0497465
-0.0502029
-0.0506375
-0.0510503
-0.0514413
-0.0518106
-0.0521579
-0.0524835
-0.0527872
-0.0530691
-0.0533293
-0.0535676
-0.0537842
-0.0539792
-0.0541524
-0.054304
-0.0544341
-0.0545425
-0.0546295
-0.0546951
-0.0547394
-0.0547623
-0.0547641
-0.054746
-0.054707
-0.0546471
-0.0545666
-0.0544655
-0.054344
-0.0542022
-0.0540403
-0.0538586
-0.0536571
-0.0534361
-0.0531959
-0.0529365
-0.0526584
-0.0523616
-0.0520464
-0.0517129
-0.0513616
-0.0509927
-0.0506067
-0.0502039
-0.0497848
-0.0493488
-0.0488968
-0.0484295
-0.0479468
-0.0474488
-0.0469374
-0.0464129
-0.045876
-0.0453272
-0.0447678
-0.044199
-0.0436221
-0.0430385
-0.0424498
-0.041858
-0.0412651
-0.0406733
-0.040085
-0.0395027
-0.038929
-0.0383664
-0.037817
-0.0372827
-0.0367636
-0.0362578
-0.0357596
-0.0352578
-0.0347351
-0.0341701
-0.0335432
-0.0328476
-0.0321012
-0.0313556
-0.0306926
-0.0302029
-0.0299463
-0.0299111
-0.0300168
-0.0164602
-0.0164036
-0.0164073
-0.0164975
-0.0166906
-0.0169891
-0.0173871
-0.0178766
-0.01845
-0.0191011
-0.0198246
-0.0206147
-0.0214654
-0.0223701
-0.0233214
-0.0243117
-0.0253331
-0.0263775
-0.0274372
-0.0285047
-0.0295732
-0.0306363
-0.0316885
-0.0327251
-0.0337421
-0.0347364
-0.0357056
-0.0366481
-0.0375629
-0.0384494
-0.0393077
-0.0401381
-0.0409411
-0.0417176
-0.0424681
-0.0431935
-0.0438946
-0.044572
-0.0452263
-0.0458579
-0.0464672
-0.0470545
-0.04762
-0.0481638
-0.0486859
-0.0491863
-0.0496651
-0.0501223
-0.0505577
-0.0509714
-0.0513634
-0.0517335
-0.0520818
-0.0524084
-0.052713
-0.0529959
-0.0532569
-0.0534962
-0.0537136
-0.0539093
-0.0540833
-0.0542355
-0.0543661
-0.054475
-0.0545624
-0.0546282
-0.0546726
-0.0546956
-0.0546972
-0.054679
-0.0546397
-0.0545794
-0.0544983
-0.0543964
-0.054274
-0.0541313
-0.0539683
-0.0537853
-0.0535824
-0.0533599
-0.053118
-0.0528569
-0.0525768
-0.052278
-0.0519607
-0.0516251
-0.0512717
-0.0509007
-0.0505124
-0.0501073
-0.0496856
-0.0492475
-0.0487936
-0.0483243
-0.0478404
-0.0473428
-0.0468308
-0.0463054
-0.0457677
-0.045218
-0.0446577
-0.0440889
-0.0435123
-0.0429291
-0.0423414
-0.0417512
-0.0411603
-0.040571
-0.039986
-0.0394075
-0.0388385
-0.0382813
-0.0377384
-0.0372117
-0.0367019
-0.0362075
-0.0357237
-0.0352407
-0.0347422
-0.0342079
-0.033618
-0.0329642
-0.032261
-0.0315554
-0.030924
-0.030454
-0.0302055
-0.0301704
-0.0302735
-0.0164692
-0.0164097
-0.0164084
-0.0164923
-0.0166786
-0.016971
-0.017364
-0.0178491
-0.0184185
-0.0190655
-0.0197844
-0.0205695
-0.0214148
-0.0223137
-0.023259
-0.0242432
-0.0252586
-0.0262972
-0.0273515
-0.028414
-0.029478
-0.0305371
-0.0315858
-0.0326195
-0.0336341
-0.0346265
-0.0355942
-0.0365356
-0.0374497
-0.0383357
-0.0391938
-0.0400242
-0.0408273
-0.0416039
-0.0423547
-0.0430805
-0.0437819
-0.0444598
-0.0451145
-0.0457467
-0.0463566
-0.0469445
-0.0475107
-0.0480553
-0.0485783
-0.0490797
-0.0495595
-0.0500177
-0.0504542
-0.0508691
-0.0512622
-0.0516336
-0.0519831
-0.0523108
-0.0526167
-0.0529008
-0.0531629
-0.0534032
-0.0536217
-0.0538183
-0.0539931
-0.054146
-0.0542773
-0.0543867
-0.0544745
-0.0545406
-0.0545852
-0.0546082
-0.0546098
-0.0545914
-0.0545517
-0.0544909
-0.0544091
-0.0543064
-0.054183
-0.0540391
-0.0538748
-0.0536903
-0.0534858
-0.0532615
-0.0530177
-0.0527545
-0.0524722
-0.0521711
-0.0518513
-0.0515133
-0.0511573
-0.0507836
-0.0503926
-0.0499846
-0.0495601
-0.0491192
-0.0486626
-0.0481907
-0.0477042
-0.0472036
-0.0466893
-0.0461621
-0.045623
-0.0450734
-0.0445137
-0.0439444
-0.0433676
-0.0427837
-0.0421961
-0.0416067
-0.0410168
-0.0404292
-0.0398464
-0.039271
-0.0387056
-0.0381529
-0.0376155
-0.0370954
-0.0365935
-0.0361092
-0.0356383
-0.0351719
-0.0346953
-0.0341889
-0.0336331
-0.0330182
-0.0323559
-0.0316885
-0.0310878
-0.0306376
-0.0303974
-0.0303628
-0.0304635
-0.0164396
-0.0163776
-0.0163714
-0.0164486
-0.0166279
-0.0169136
-0.0173009
-0.0177813
-0.0183464
-0.0189892
-0.0197036
-0.0204838
-0.0213238
-0.0222171
-0.0231567
-0.0241351
-0.0251448
-0.026178
-0.0272272
-0.0282851
-0.029345
-0.0304006
-0.0314464
-0.0324776
-0.0334904
-0.0344815
-0.0354483
-0.0363893
-0.0373032
-0.0381894
-0.0390479
-0.0398788
-0.0406826
-0.0414599
-0.0422116
-0.0429382
-0.0436406
-0.0443193
-0.0449751
-0.0456082
-0.0462192
-0.0468082
-0.0473755
-0.0479212
-0.0484455
-0.0489481
-0.0494293
-0.0498889
-0.0503269
-0.0507432
-0.0511378
-0.0515107
-0.0518617
-0.0521909
-0.0524982
-0.0527836
-0.0530471
-0.0532887
-0.0535083
-0.053706
-0.0538818
-0.0540356
-0.0541676
-0.0542777
-0.054366
-0.0544324
-0.0544772
-0.0545003
-0.0545017
-0.0544831
-0.0544431
-0.0543817
-0.0542991
-0.0541955
-0.0540711
-0.0539258
-0.05376
-0.0535739
-0.0533675
-0.0531412
-0.0528951
-0.0526296
-0.0523447
-0.0520409
-0.0517184
-0.0513774
-0.0510183
-0.0506415
-0.0502473
-0.049836
-0.0494081
-0.0489639
-0.0485039
-0.0480287
-0.0475388
-0.0470349
-0.0465175
-0.0459874
-0.0454456
-0.0448932
-0.0443311
-0.0437603
-0.0431827
-0.0426005
-0.0420136
-0.0414244
-0.0408344
-0.0402475
-0.0396662
-0.0390926
-0.0385299
-0.0379807
-0.0374478
-0.0369331
-0.0364382
-0.0359626
-0.035503
-0.0350515
-0.0345946
-0.0341135
-0.033589
-0.0330104
-0.0323865
-0.0317556
-0.0311847
-0.0307541
-0.0305224
-0.0304886
-0.0305872
-0.016374
-0.0163096
-0.0162986
-0.016369
-0.0165406
-0.0168191
-0.0172001
-0.0176752
-0.0182357
-0.018874
-0.0195838
-0.020359
-0.0211938
-0.0220815
-0.0230155
-0.0239883
-0.0249925
-0.0260205
-0.0270649
-0.0281185
-0.0291746
-0.030227
-0.0312702
-0.0322996
-0.033311
-0.0343012
-0.0352678
-0.0362088
-0.0371232
-0.0380102
-0.0388696
-0.0397016
-0.0405067
-0.0412854
-0.0420384
-0.0427665
-0.0434703
-0.0441505
-0.0448076
-0.0454422
-0.0460547
-0.0466452
-0.0472141
-0.0477614
-0.0482873
-0.0487916
-0.0492745
-0.0497359
-0.0501756
-0.0505937
-0.0509901
-0.0513648
-0.0517176
-0.0520485
-0.0523575
-0.0526445
-0.0529096
-0.0531526
-0.0533736
-0.0535725
-0.0537494
-0.0539043
-0.0540372
-0.054148
-0.0542368
-0.0543037
-0.0543487
-0.0543719
-0.0543732
-0.0543544
-0.0543139
-0.0542519
-0.0541685
-0.0540639
-0.0539382
-0.0537915
-0.053624
-0.053436
-0.0532275
-0.0529989
-0.0527504
-0.0524821
-0.0521944
-0.0518876
-0.0515619
-0.0512176
-0.050855
-0.0504746
-0.0500766
-0.0496614
-0.0492296
-0.0487814
-0.0483174
-0.0478382
-0.0473443
-0.0468364
-0.0463151
-0.0457813
-0.0452359
-0.04468
-0.0441147
-0.0435412
-0.0429612
-0.0423764
-0.0417881
-0.0411986
-0.040611
-0.0400255
-0.0394451
-0.0388721
-0.0383112
-0.0377645
-0.0372349
-0.0367248
-0.0362356
-0.0357675
-0.0353178
-0.0348795
-0.0344402
-0.0339821
-0.0334863
-0.0329412
-0.0323535
-0.0317573
-0.0312153
-0.0308039
-0.030581
-0.0305483
-0.0306449
-0.0162746
-0.0162083
-0.0161926
-0.0162559
-0.0164194
-0.0166899
-0.0170639
-0.017533
-0.0180883
-0.0187217
-0.0194266
-0.0201967
-0.0210261
-0.0219083
-0.0228365
-0.0238037
-0.0248025
-0.0258254
-0.0268651
-0.0279145
-0.0289671
-0.0300166
-0.0310576
-0.0320854
-0.0330959
-0.0340857
-0.0350524
-0.0359941
-0.0369094
-0.0377977
-0.0386587
-0.0394924
-0.0402993
-0.0410799
-0.0418349
-0.0425649
-0.0432707
-0.0439528
-0.044612
-0.0452485
-0.0458629
-0.0464555
-0.0470263
-0.0475756
-0.0481035
-0.0486099
-0.0490949
-0.0495583
-0.0500002
-0.0504205
-0.050819
-0.0511957
-0.0515506
-0.0518835
-0.0521945
-0.0524834
-0.0527502
-0.0529949
-0.0532175
-0.0534179
-0.0535961
-0.0537521
-0.053886
-0.0539977
-0.0540872
-0.0541546
-0.0541999
-0.0542231
-0.0542244
-0.0542053
-0.0541644
-0.0541017
-0.0540174
-0.0539116
-0.0537845
-0.0536362
-0.0534668
-0.0532767
-0.053066
-0.0528348
-0.0525835
-0.0523123
-0.0520214
-0.0517112
-0.0513819
-0.0510338
-0.0506673
-0.0502828
-0.0498805
-0.049461
-0.0490246
-0.0485719
-0.0481032
-0.0476193
-0.0471206
-0.046608
-0.046082
-0.0455437
-0.0449938
-0.0444336
-0.0438642
-0.043287
-0.0427035
-0.0421155
-0.0415246
-0.0409331
-0.0403434
-0.0397574
-0.0391782
-0.0386086
-0.0380495
-0.0375038
-0.0369767
-0.03647
-0.0359855
-0.0355237
-0.0350825
-0.0346558
-0.0342322
-0.0337949
-0.0333254
-0.0328114
-0.0322575
-0.0316944
-0.0311803
-0.0307878
-0.0305738
-0.0305425
-0.0306373
-0.0161442
-0.0160762
-0.0160559
-0.016112
-0.0162668
-0.0165286
-0.0168948
-0.0173571
-0.0179065
-0.0185345
-0.019234
-0.0199986
-0.0208223
-0.0216987
-0.0226211
-0.0235825
-0.0245758
-0.0255935
-0.0266285
-0.0276739
-0.028723
-0.0297698
-0.0308088
-0.0318352
-0.032845
-0.0338349
-0.0348021
-0.0357448
-0.0366617
-0.0375518
-0.0384148
-0.0392508
-0.0400601
-0.0408432
-0.0416006
-0.0423332
-0.0430415
-0.0437261
-0.0443877
-0.0450268
-0.0456436
-0.0462386
-0.0468119
-0.0473636
-0.047894
-0.0484029
-0.0488903
-0.0493562
-0.0498006
-0.0502233
-0.0506243
-0.0510034
-0.0513607
-0.0516959
-0.0520091
-0.0523001
-0.052569
-0.0528157
-0.05304
-0.0532421
-0.0534218
-0.0535791
-0.0537141
-0.0538268
-0.0539171
-0.053985
-0.0540307
-0.0540541
-0.0540552
-0.0540359
-0.0539945
-0.053931
-0.0538457
-0.0537387
-0.0536101
-0.05346
-0.0532887
-0.0530963
-0.052883
-0.0526491
-0.0523948
-0.0521203
-0.0518259
-0.0515119
-0.0511786
-0.0508263
-0.0504554
-0.0500663
-0.0496592
-0.0492348
-0.0487933
-0.0483353
-0.0478613
-0.047372
-0.0468679
-0.0463497
-0.0458183
-0.0452745
-0.0447193
-0.044154
-0.0435796
-0.0429976
-0.0424097
-0.0418175
-0.041223
-0.0406283
-0.0400358
-0.0394478
-0.0388672
-0.0382967
-0.0377391
-0.0371978
-0.0366731
-0.0361685
-0.0356876
-0.0352309
-0.0347969
-0.0343804
-0.0339708
-0.0335522
-0.0331067
-0.0326216
-0.0320995
-0.0315678
-0.0310805
-0.0307066
-0.0305015
-0.0304718
-0.030565
-0.0159854
-0.015916
-0.0158912
-0.0159401
-0.0160857
-0.016338
-0.0166953
-0.01715
-0.0176925
-0.0183143
-0.0190079
-0.0197666
-0.0205842
-0.0214544
-0.0223706
-0.023326
-0.0243134
-0.0253258
-0.026356
-0.0273971
-0.0284427
-0.0294868
-0.0305238
-0.0315491
-0.0325585
-0.0335486
-0.0345168
-0.0354609
-0.0363796
-0.037272
-0.0381376
-0.0389764
-0.0397886
-0.0405747
-0.0413353
-0.0420709
-0.0427823
-0.04347
-0.0441346
-0.0447766
-0.0453964
-0.0459943
-0.0465705
-0.0471252
-0.0476584
-0.0481702
-0.0486606
-0.0491294
-0.0495766
-0.0500022
-0.0504059
-0.0507878
-0.0511478
-0.0514856
-0.0518014
-0.0520948
-0.052366
-0.0526148
-0.0528412
-0.0530451
-0.0532265
-0.0533853
-0.0535216
-0.0536354
-0.0537266
-0.0537952
-0.0538413
-0.0538648
-0.0538659
-0.0538463
-0.0538043
-0.0537401
-0.0536538
-0.0535454
-0.0534152
-0.0532632
-0.0530897
-0.0528948
-0.0526788
-0.0524418
-0.0521842
-0.0519061
-0.0516078
-0.0512897
-0.0509521
-0.0505952
-0.0502194
-0.0498251
-0.0494128
-0.0489828
-0.0485356
-0.0480717
-0.0475918
-0.0470963
-0.0465859
-0.0460615
-0.0455238
-0.0449737
-0.0444124
-0.0438409
-0.0432606
-0.0426729
-0.0420795
-0.0414822
-0.040883
-0.0402841
-0.0396879
-0.0390968
-0.0385138
-0.0379415
-0.0373831
-0.0368416
-0.0363199
-0.0358199
-0.0353415
-0.034889
-0.0344611
-0.0340533
-0.033656
-0.0332544
-0.0328309
-0.0323724
-0.03188
-0.0313781
-0.0309166
-0.0305609
-0.0303649
-0.0303369
-0.0304288
-0.0158008
-0.0157305
-0.0157014
-0.0157428
-0.0158789
-0.0161209
-0.0164684
-0.0169142
-0.017449
-0.0180637
-0.0187505
-0.0195026
-0.0203135
-0.021177
-0.0220865
-0.0230354
-0.0240166
-0.0250232
-0.0260483
-0.027085
-0.0281269
-0.0291681
-0.0302032
-0.0312273
-0.0322363
-0.0332269
-0.0341962
-0.0351421
-0.036063
-0.0369581
-0.0378268
-0.0386688
-0.0394845
-0.0402742
-0.0410384
-0.0417777
-0.0424926
-0.043184
-0.0438521
-0.0444977
-0.045121
-0.0457223
-0.046302
-0.04686
-0.0473966
-0.0479118
-0.0484054
-0.0488776
-0.0493281
-0.0497569
-0.0501638
-0.0505489
-0.0509118
-0.0512526
-0.0515712
-0.0518674
-0.0521411
-0.0523924
-0.052621
-0.052827
-0.0530103
-0.0531708
-0.0533086
-0.0534236
-0.0535158
-0.0535852
-0.0536318
-0.0536556
-0.0536567
-0.0536366
-0.0535941
-0.0535291
-0.0534416
-0.0533318
-0.0531999
-0.0530459
-0.05287
-0.0526725
-0.0524535
-0.0522132
-0.051952
-0.05167
-0.0513675
-0.0510449
-0.0507025
-0.0503405
-0.0499594
-0.0495595
-0.0491413
-0.0487052
-0.0482517
-0.0477813
-0.0472946
-0.0467923
-0.0462749
-0.0457434
-0.0451986
-0.0446414
-0.0440729
-0.0434944
-0.0429072
-0.0423128
-0.041713
-0.0411096
-0.0405046
-0.0399004
-0.0392994
-0.0387042
-0.0381176
-0.0375426
-0.0369822
-0.0364395
-0.0359176
-0.0354191
-0.0349469
-0.0344978
-0.0340748
-0.0336745
-0.0332881
-0.0329017
-0.0324982
-0.0320644
-0.0315999
-0.0311262
-0.0306896
-0.0303517
-0.0301647
-0.0301386
-0.0302294
-0.0155934
-0.0155224
-0.0154893
-0.0155232
-0.0156492
-0.0158801
-0.0162167
-0.0166525
-0.0171784
-0.017785
-0.0184641
-0.0192087
-0.0200122
-0.0208682
-0.0217704
-0.0227121
-0.0236866
-0.0246869
-0.0257064
-0.0267382
-0.0277761
-0.0288142
-0.0298471
-0.03087
-0.0318787
-0.0328697
-0.0338403
-0.0347881
-0.0357117
-0.0366098
-0.0374819
-0.0383277
-0.0391474
-0.0399411
-0.0407095
-0.041453
-0.0421722
-0.0428677
-0.04354
-0.0441896
-0.044817
-0.0454223
-0.0460059
-0.0465679
-0.0471083
-0.0476273
-0.0481248
-0.0486007
-0.0490549
-0.0494873
-0.0498978
-0.0502864
-0.0506527
-0.0509969
-0.0513186
-0.0516178
-0.0518944
-0.0521484
-0.0523795
-0.0525878
-0.0527732
-0.0529356
-0.0530751
-0.0531915
-0.0532848
-0.0533551
-0.0534023
-0.0534265
-0.0534278
-0.0534067
-0.0533638
-0.053298
-0.0532094
-0.0530981
-0.0529643
-0.0528082
-0.0526298
-0.0524294
-0.0522072
-0.0519635
-0.0516983
-0.0514121
-0.0511052
-0.0507777
-0.05043
-0.0500625
-0.0496756
-0.0492695
-0.0488449
-0.0484021
-0.0479416
-0.0474641
-0.04697
-0.04646
-0.0459349
-0.0453955
-0.0448427
-0.0442774
-0.0437009
-0.0431144
-0.0425194
-0.0419173
-0.04131
-0.0406994
-0.0400877
-0.0394771
-0.0388703
-0.0382699
-0.0376787
-0.0370999
-0.0365365
-0.0359917
-0.0354686
-0.03497
-0.0344988
-0.0340566
-0.0336378
-0.0332439
-0.0328672
-0.0324943
-0.0321092
-0.0316982
-0.0312598
-0.030813
-0.0304003
-0.0300798
-0.0299019
-0.029878
-0.0299678
-0.0153659
-0.0152945
-0.0152576
-0.015284
-0.0153996
-0.0156186
-0.0159432
-0.0163678
-0.0168834
-0.0174806
-0.018151
-0.0188871
-0.0196822
-0.0205299
-0.0214239
-0.0223577
-0.0233247
-0.0243181
-0.0253312
-0.0263576
-0.0273911
-0.0284256
-0.029456
-0.0304774
-0.0314856
-0.0324771
-0.033449
-0.0343989
-0.0353252
-0.0362267
-0.0371026
-0.0379526
-0.0387766
-0.039575
-0.0403481
-0.0410964
-0.0418204
-0.0425206
-0.0431977
-0.043852
-0.044484
-0.0450939
-0.045682
-0.0462484
-0.0467933
-0.0473166
-0.0478183
-0.0482984
-0.0487568
-0.0491933
-0.0496078
-0.0500003
-0.0503704
-0.0507182
-0.0510435
-0.051346
-0.0516259
-0.0518828
-0.0521167
-0.0523276
-0.0525154
-0.0526799
-0.0528211
-0.0529391
-0.0530337
-0.053105
-0.0531529
-0.0531776
-0.0531789
-0.0531571
-0.0531138
-0.0530472
-0.0529574
-0.0528445
-0.0527088
-0.0525503
-0.0523693
-0.0521659
-0.0519403
-0.0516927
-0.0514235
-0.0511328
-0.0508209
-0.0504881
-0.0501348
-0.0497614
-0.0493681
-0.0489554
-0.0485238
-0.0480737
-0.0476057
-0.0471202
-0.046618
-0.0460996
-0.045566
-0.0450178
-0.0444561
-0.043882
-0.0432965
-0.042701
-0.0420971
-0.0414863
-0.0408705
-0.0402517
-0.0396321
-0.0390141
-0.0384004
-0.0377937
-0.037197
-0.0366133
-0.0360459
-0.0354979
-0.0349727
-0.0344731
-0.0340018
-0.0335608
-0.0331505
-0.0327618
-0.0323933
-0.0320327
-0.0316642
-0.0312744
-0.0308605
-0.0304392
-0.0300497
-0.0297463
-0.0295774
-0.0295558
-0.0296449
-0.0151211
-0.0150497
-0.0150093
-0.0150282
-0.0151331
-0.0153394
-0.0156509
-0.0160629
-0.0165669
-0.0171534
-0.0178137
-0.01854
-0.0193256
-0.020164
-0.0210489
-0.0219738
-0.0229323
-0.0239179
-0.024924
-0.0259442
-0.0269725
-0.0280029
-0.0290303
-0.0300498
-0.0310573
-0.0320491
-0.0330222
-0.0339743
-0.0349034
-0.0358085
-0.0366884
-0.037543
-0.0383719
-0.0391754
-0.0399537
-0.0407073
-0.0414367
-0.0421424
-0.0428248
-0.0434844
-0.0441216
-0.0447366
-0.0453298
-0.0459013
-0.0464511
-0.0469793
-0.0474858
-0.0479706
-0.0484337
-0.0488747
-0.0492937
-0.0496905
-0.0500648
-0.0504167
-0.0507458
-0.0510521
-0.0513354
-0.0515957
-0.0518327
-0.0520464
-0.0522368
-0.0524036
-0.0525469
-0.0526666
-0.0527627
-0.0528351
-0.0528838
-0.0529089
-0.0529103
-0.0528882
-0.0528443
-0.0527768
-0.0526857
-0.0525713
-0.0524335
-0.0522726
-0.0520888
-0.0518821
-0.0516529
-0.0514013
-0.0511276
-0.0508321
-0.0505149
-0.0501766
-0.0498172
-0.0494373
-0.0490373
-0.0486174
-0.0481782
-0.0477202
-0.0472439
-0.0467498
-0.0462387
-0.0457113
-0.0451682
-0.0446105
-0.0440391
-0.043455
-0.0428596
-0.0422543
-0.0416404
-0.0410199
-0.0403945
-0.0397664
-0.0391379
-0.0385114
-0.0378897
-0.0372757
-0.0366722
-0.0360827
-0.0355102
-0.0349582
-0.0344299
-0.0339284
-0.0334564
-0.033016
-0.0326083
-0.0322281
-0.0318666
-0.031517
-0.0311638
-0.0307936
-0.0304028
-0.0300059
-0.0296387
-0.0293521
-0.0291923
-0.0291731
-0.0292618
-0.0148618
-0.0147907
-0.0147471
-0.0147587
-0.0148525
-0.0150455
-0.0153427
-0.0157408
-0.0162316
-0.0168059
-0.0174546
-0.0181699
-0.0189448
-0.0197726
-0.0206471
-0.021562
-0.022511
-0.0234877
-0.0244857
-0.0254989
-0.0265211
-0.0275467
-0.0285705
-0.0295876
-0.0305939
-0.0315856
-0.0325598
-0.0335139
-0.034446
-0.0353547
-0.036239
-0.0370984
-0.0379326
-0.0387417
-0.0395258
-0.0402853
-0.0410206
-0.0417323
-0.0424207
-0.0430862
-0.0437293
-0.0443501
-0.044949
-0.0455261
-0.0460815
-0.0466151
-0.047127
-0.0476171
-0.0480853
-0.0485314
-0.0489553
-0.0493568
-0.0497358
-0.0500921
-0.0504256
-0.050736
-0.0510232
-0.051287
-0.0515275
-0.0517443
-0.0519375
-0.0521069
-0.0522525
-0.0523741
-0.0524718
-0.0525455
-0.0525951
-0.0526207
-0.0526223
-0.0525999
-0.0525555
-0.0524871
-0.0523947
-0.0522786
-0.0521387
-0.0519752
-0.0517884
-0.0515784
-0.0513453
-0.0510894
-0.050811
-0.0505103
-0.0501876
-0.0498432
-0.0494774
-0.0490906
-0.0486832
-0.0482556
-0.0478083
-0.0473418
-0.0468565
-0.0463532
-0.0458325
-0.0452951
-0.0447419
-0.0441737
-0.0435916
-0.0429968
-0.0423905
-0.0417742
-0.0411495
-0.0405181
-0.0398821
-0.0392436
-0.0386051
-0.037969
-0.0373383
-0.0367158
-0.0361046
-0.0355081
-0.0349297
-0.0343726
-0.0338403
-0.0333359
-0.0328623
-0.0324215
-0.0320148
-0.0316414
-0.0312872
-0.0309475
-0.0306084
-0.0302564
-0.0298874
-0.0295138
-0.0291682
-0.0288982
-0.0287476
-0.028731
-0.0288194
-0.0145907
-0.0145203
-0.0144739
-0.0144783
-0.0145609
-0.0147398
-0.0150217
-0.0154044
-0.0158805
-0.0164409
-0.0170765
-0.0177792
-0.0185418
-0.0193576
-0.0202204
-0.021124
-0.0220623
-0.0230289
-0.0240177
-0.0250227
-0.0260379
-0.0270577
-0.0280771
-0.0290911
-0.0300956
-0.0310868
-0.0320617
-0.0330177
-0.0339527
-0.0348651
-0.035754
-0.0366185
-0.0374583
-0.0382733
-0.0390637
-0.0398297
-0.0405716
-0.0412898
-0.0419849
-0.042657
-0.0433066
-0.0439339
-0.0445392
-0.0451225
-0.0456841
-0.0462238
-0.0467416
-0.0472376
-0.0477114
-0.0481631
-0.0485925
-0.0489993
-0.0493834
-0.0497446
-0.0500827
-0.0503976
-0.0506891
-0.0509569
-0.0512011
-0.0514214
-0.0516177
-0.0517899
-0.051938
-0.0520618
-0.0521612
-0.0522363
-0.052287
-0.0523133
-0.0523151
-0.0522925
-0.0522476
-0.0521783
-0.0520846
-0.0519667
-0.0518246
-0.0516585
-0.0514685
-0.0512549
-0.0510178
-0.0507574
-0.050474
-0.0501678
-0.0498392
-0.0494883
-0.0491157
-0.0487215
-0.0483063
-0.0478704
-0.0474144
-0.0469387
-0.0464439
-0.0459306
-0.0453995
-0.0448514
-0.0442871
-0.0437076
-0.043114
-0.0425074
-0.0418892
-0.041261
-0.0406243
-0.0399811
-0.0393334
-0.0386835
-0.0380338
-0.0373871
-0.0367461
-0.0361141
-0.0354941
-0.0348897
-0.0343042
-0.0337411
-0.0332039
-0.0326958
-0.0322196
-0.0317778
-0.0313714
-0.0310002
-0.0306563
-0.0303249
-0.0299985
-0.0296636
-0.0293152
-0.0289639
-0.0286395
-0.0283858
-0.0282445
-0.0282306
-0.0283189
-0.0143104
-0.014241
-0.0141921
-0.0141897
-0.014261
-0.0144254
-0.0146909
-0.0150568
-0.0155165
-0.0160613
-0.016682
-0.0173704
-0.0181191
-0.0189214
-0.0197709
-0.0206617
-0.0215877
-0.0225429
-0.0235212
-0.0245167
-0.0255236
-0.0265367
-0.0275505
-0.0285606
-0.0295626
-0.0305528
-0.031528
-0.0324855
-0.0334232
-0.0343393
-0.0352327
-0.0361025
-0.0369482
-0.0377697
-0.0385668
-0.0393398
-0.0400889
-0.0408144
-0.0415167
-0.0421961
-0.0428529
-0.0434874
-0.0440998
-0.0446901
-0.0452585
-0.0458049
-0.0463293
-0.0468317
-0.0473119
-0.0477697
-0.0482051
-0.0486177
-0.0490073
-0.0493739
-0.0497172
-0.050037
-0.0503331
-0.0506054
-0.0508536
-0.0510777
-0.0512774
-0.0514528
-0.0516036
-0.0517297
-0.0518312
-0.0519079
-0.0519597
-0.0519868
-0.051989
-0.0519663
-0.0519209
-0.0518507
-0.0517556
-0.0516359
-0.0514915
-0.0513226
-0.0511294
-0.050912
-0.0506706
-0.0504055
-0.0501168
-0.0498049
-0.0494699
-0.0491123
-0.0487323
-0.0483303
-0.0479068
-0.0474621
-0.0469967
-0.0465112
-0.0460062
-0.0454822
-0.0449399
-0.0443803
-0.0438041
-0.0432125
-0.0426063
-0.0419871
-0.041356
-0.0407148
-0.0400651
-0.039409
-0.0387485
-0.038086
-0.0374241
-0.0367656
-0.0361134
-0.0354707
-0.0348409
-0.0342275
-0.0336339
-0.0330639
-0.0325208
-0.0320081
-0.0315287
-0.031085
-0.0306782
-0.0303081
-0.0299724
-0.0296489
-0.0293345
-0.0290157
-0.0286869
-0.0283572
-0.0280534
-0.0278161
-0.0276842
-0.0276732
-0.0277617
-0.0140235
-0.0139555
-0.0139045
-0.0138955
-0.0139556
-0.0141049
-0.0143532
-0.0147009
-0.0151426
-0.0156699
-0.0162738
-0.0169461
-0.0176791
-0.018466
-0.0193007
-0.020177
-0.0210891
-0.0220312
-0.0229974
-0.023982
-0.0249794
-0.0259842
-0.0269915
-0.0279966
-0.0289952
-0.0299836
-0.0309585
-0.0319171
-0.0328571
-0.0337769
-0.0346748
-0.0355501
-0.036402
-0.0372302
-0.0380345
-0.038815
-0.0395718
-0.0403052
-0.0410155
-0.0417029
-0.0423677
-0.0430101
-0.0436303
-0.0442283
-0.0448042
-0.0453581
-0.0458898
-0.0463993
-0.0468864
-0.047351
-0.0477929
-0.0482118
-0.0486076
-0.0489801
-0.049329
-0.0496542
-0.0499554
-0.0502324
-0.0504851
-0.0507133
-0.0509168
-0.0510955
-0.0512494
-0.0513781
-0.0514818
-0.0515603
-0.0516135
-0.0516414
-0.0516441
-0.0516213
-0.0515756
-0.0515045
-0.0514081
-0.0512864
-0.0511397
-0.0509679
-0.0507713
-0.05055
-0.0503042
-0.050034
-0.0497398
-0.0494218
-0.0490802
-0.0487154
-0.0483277
-0.0479174
-0.047485
-0.047031
-0.0465557
-0.0460597
-0.0455437
-0.0450083
-0.0444542
-0.0438822
-0.0432933
-0.0426885
-0.042069
-0.0414361
-0.0407912
-0.040136
-0.0394723
-0.0388021
-0.0381277
-0.0374516
-0.0367763
-0.0361049
-0.0354403
-0.0347859
-0.0341452
-0.0335217
-0.0329191
-0.0323411
-0.0317913
-0.0312731
-0.0307897
-0.0303434
-0.0299357
-0.0295667
-0.029235
-0.02892
-0.0286172
-0.0283136
-0.0280036
-0.0276947
-0.0274113
-0.0271903
-0.027068
-0.0270602
-0.0271491
-0.0137324
-0.013666
-0.0136134
-0.0135983
-0.0136473
-0.0137813
-0.0140114
-0.0143397
-0.0147616
-0.0152696
-0.0158548
-0.0165089
-0.0172242
-0.0179939
-0.0188117
-0.0196717
-0.0205682
-0.0214954
-0.0224478
-0.0234198
-0.024406
-0.0254013
-0.0264007
-0.0273996
-0.0283937
-0.0293794
-0.0303532
-0.0313124
-0.0322544
-0.0331774
-0.0340799
-0.0349606
-0.0358189
-0.0366541
-0.037466
-0.0382546
-0.0390198
-0.0397617
-0.0404807
-0.0411768
-0.0418503
-0.0425014
-0.0431301
-0.0437366
-0.0443209
-0.0448829
-0.0454226
-0.0459399
-0.0464346
-0.0469066
-0.0473557
-0.0477816
-0.0481841
-0.048563
-0.0489181
-0.0492491
-0.0495559
-0.0498381
-0.0500956
-0.0503283
-0.050536
-0.0507184
-0.0508755
-0.0510072
-0.0511133
-0.0511938
-0.0512486
-0.0512776
-0.0512807
-0.051258
-0.0512119
-0.05114
-0.0510422
-0.0509187
-0.0507695
-0.0505948
-0.0503947
-0.0501693
-0.0499188
-0.0496434
-0.0493434
-0.0490189
-0.0486704
-0.048298
-0.0479021
-0.0474831
-0.0470414
-0.0465774
-0.0460916
-0.0455846
-0.0450569
-0.0445093
-0.0439426
-0.0433575
-0.042755
-0.0421362
-0.0415023
-0.0408547
-0.040195
-0.0395247
-0.0388459
-0.0381607
-0.0374713
-0.0367804
-0.0360907
-0.0354052
-0.0347271
-0.03406
-0.0334072
-0.0327726
-0.03216
-0.0315731
-0.0310157
-0.0304912
-0.0300029
-0.0295533
-0.0291439
-0.0287747
-0.0284432
-0.0281423
-0.027848
-0.0275582
-0.027266
-0.0269776
-0.0267144
-0.0265099
-0.0263976
-0.0263931
-0.0264826
-0.0134394
-0.013375
-0.0133212
-0.0133003
-0.0133384
-0.013457
-0.0136684
-0.013976
-0.0143766
-0.0148632
-0.0154276
-0.0160615
-0.016757
-0.0175073
-0.0183063
-0.0191479
-0.0200267
-0.0209371
-0.0218738
-0.0228314
-0.0238047
-0.0247888
-0.0257787
-0.02677
-0.0277585
-0.0287403
-0.0297122
-0.0306712
-0.0316147
-0.0325407
-0.0334474
-0.0343336
-0.0351983
-0.0360409
-0.0368608
-0.0376578
-0.0384319
-0.0391831
-0.0399115
-0.0406171
-0.0413001
-0.0419606
-0.0425987
-0.0432145
-0.0438079
-0.0443789
-0.0449274
-0.0454532
-0.0459563
-0.0464364
-0.0468934
-0.0473269
-0.0477367
-0.0481226
-0.0484844
-0.0488218
-0.0491345
-0.0494225
-0.0496853
-0.0499229
-0.050135
-0.0503215
-0.0504823
-0.0506171
-0.0507259
-0.0508087
-0.0508652
-0.0508954
-0.0508993
-0.0508767
-0.0508303
-0.0507575
-0.0506584
-0.050533
-0.0503813
-0.0502035
-0.0499998
-0.0497701
-0.0495148
-0.049234
-0.0489279
-0.0485967
-0.0482409
-0.0478605
-0.0474561
-0.0470278
-0.0465763
-0.0461018
-0.0456049
-0.0450862
-0.0445462
-0.0439857
-0.0434055
-0.0428064
-0.0421895
-0.0415558
-0.0409067
-0.0402435
-0.0395679
-0.0388816
-0.0381866
-0.0374852
-0.0367797
-0.0360729
-0.0353676
-0.0346669
-0.0339743
-0.0332932
-0.0326274
-0.0319806
-0.0313569
-0.0307602
-0.0301942
-0.0296627
-0.0291689
-0.0287152
-0.0283035
-0.0279338
-0.0276038
-0.0273109
-0.027026
-0.0267498
-0.0264752
-0.0262069
-0.0259641
-0.0257765
-0.0256745
-0.0256737
-0.025764
-0.0131466
-0.0130844
-0.0130298
-0.0130038
-0.0130315
-0.0131345
-0.0133266
-0.0136124
-0.0139901
-0.0144537
-0.0149952
-0.0156065
-0.01628
-0.0170087
-0.0177865
-0.0186076
-0.0194665
-0.0203579
-0.0212768
-0.022218
-0.0231765
-0.0241474
-0.0251262
-0.0261083
-0.0270897
-0.0280666
-0.0290355
-0.0299934
-0.0309377
-0.0318662
-0.0327769
-0.0336685
-0.0345397
-0.0353898
-0.036218
-0.037024
-0.0378076
-0.0385686
-0.0393071
-0.0400229
-0.0407163
-0.0413871
-0.0420355
-0.0426614
-0.0432648
-0.0438456
-0.0444037
-0.0449389
-0.0454511
-0.0459401
-0.0464056
-0.0468474
-0.0472652
-0.0476588
-0.0480278
-0.0483722
-0.0486915
-0.0489856
-0.0492542
-0.0494971
-0.0497141
-0.049905
-0.0500698
-0.0502081
-0.0503199
-0.0504051
-0.0504635
-0.0504952
-0.0505
-0.0504778
-0.0504308
-0.0503573
-0.0502569
-0.0501296
-0.0499754
-0.0497945
-0.049587
-0.049353
-0.0490926
-0.0488061
-0.0484937
-0.0481556
-0.0477921
-0.0474034
-0.0469899
-0.046552
-0.0460901
-0.0456046
-0.045096
-0.0445649
-0.044012
-0.0434379
-0.0428435
-0.0422297
-0.0415974
-0.040948
-0.0402826
-0.0396029
-0.0389104
-0.038207
-0.0374948
-0.0367761
-0.0360534
-0.0353295
-0.0346075
-0.0338906
-0.0331822
-0.0324861
-0.0318061
-0.0311462
-0.0305104
-0.0299029
-0.0293275
-0.0287881
-0.0282879
-0.0278297
-0.0274151
-0.0270447
-0.0267167
-0.0264276
-0.0261518
-0.0258895
-0.0256322
-0.0253841
-0.0251618
-0.0249917
-0.0249007
-0.0249038
-0.0249954
-0.0128559
-0.0127962
-0.0127413
-0.0127107
-0.0127284
-0.0128162
-0.0129885
-0.0132517
-0.0136051
-0.0140437
-0.0145601
-0.0151467
-0.0157957
-0.0165005
-0.0172547
-0.0180528
-0.0188894
-0.0197596
-0.0206583
-0.0215809
-0.0225224
-0.0234782
-0.024444
-0.0254152
-0.026388
-0.0273585
-0.0283232
-0.0292791
-0.0302234
-0.0311537
-0.032068
-0.0329647
-0.0338425
-0.0347001
-0.035537
-0.0363524
-0.037146
-0.0379175
-0.0386668
-0.0393937
-0.0400982
-0.0407802
-0.0414397
-0.0420767
-0.0426909
-0.0432824
-0.043851
-0.0443965
-0.0449187
-0.0454173
-0.0458922
-0.046343
-0.0467695
-0.0471714
-0.0475484
-0.0479002
-0.0482267
-0.0485275
-0.0488023
-0.049051
-0.0492734
-0.0494691
-0.0496382
-0.0497803
-0.0498954
-0.0499834
-0.050044
-0.0500773
-0.0500833
-0.0500619
-0.0500135
-0.0499396
-0.0498381
-0.0497089
-0.0495522
-0.0493681
-0.0491568
-0.0489182
-0.0486527
-0.0483603
-0.0480413
-0.047696
-0.0473244
-0.0469271
-0.0465042
-0.0460562
-0.0455834
-0.0450863
-0.0445655
-0.0440215
-0.0434549
-0.0428665
-0.0422571
-0.0416277
-0.0409793
-0.0403132
-0.0396307
-0.0389334
-0.038223
-0.0375015
-0.036771
-0.036034
-0.035293
-0.034551
-0.0338111
-0.0330768
-0.0323516
-0.0316394
-0.0309441
-0.0302699
-0.0296211
-0.0290018
-0.0284161
-0.0278679
-0.0273607
-0.0268972
-0.0264792
-0.0261073
-0.0257802
-0.0254949
-0.0252274
-0.0249786
-0.0247384
-0.0245104
-0.0243093
-0.0241575
-0.0240784
-0.0240859
-0.024179
-0.0125692
-0.0125122
-0.0124575
-0.0124228
-0.0124312
-0.012504
-0.0126565
-0.0128963
-0.0132241
-0.0136359
-0.0141252
-0.0146846
-0.0153068
-0.0159849
-0.016713
-0.0174856
-0.0182974
-0.0191438
-0.0200199
-0.0209214
-0.0218436
-0.0227822
-0.0237328
-0.0246912
-0.0256536
-0.0266161
-0.0275753
-0.028528
-0.0294714
-0.0304029
-0.0313203
-0.0322219
-0.033106
-0.0339714
-0.0348171
-0.0356423
-0.0364464
-0.0372291
-0.0379899
-0.0387286
-0.0394451
-0.0401392
-0.0408108
-0.0414597
-0.0420858
-0.042689
-0.043269
-0.0438256
-0.0443586
-0.0448678
-0.0453528
-0.0458134
-0.0462494
-0.0466603
-0.0470459
-0.047406
-0.0477401
-0.0480482
-0.0483298
-0.0485848
-0.0488129
-0.049014
-0.0491877
-0.0493341
-0.0494528
-0.0495437
-0.0496068
-0.049642
-0.0496492
-0.0496284
-0.0495796
-0.0495052
-0.0494024
-0.0492714
-0.0491122
-0.0489249
-0.0487095
-0.0484664
-0.0481955
-0.0478971
-0.0475713
-0.0472183
-0.0468385
-0.0464321
-0.0459994
-0.0455409
-0.0450567
-0.0445476
-0.0440139
-0.0434563
-0.0428754
-0.0422719
-0.0416468
-0.0410011
-0.0403357
-0.0396521
-0.0389516
-0.0382358
-0.0375066
-0.0367659
-0.0360161
-0.0352596
-0.0344993
-0.033738
-0.0329792
-0.0322263
-0.0314831
-0.0307537
-0.030042
-0.0293526
-0.0286897
-0.0280576
-0.0274607
-0.026903
-0.0263879
-0.0259184
-0.0254963
-0.0251222
-0.0247947
-0.0245101
-0.024257
-0.0240191
-0.0237951
-0.0235875
-0.0234083
-0.0232761
-0.02321
-0.0232226
-0.0233177
-0.012288
-0.0122338
-0.0121797
-0.0121417
-0.0121414
-0.0121997
-0.0123325
-0.0125484
-0.0128495
-0.013233
-0.0136931
-0.014223
-0.0148157
-0.0154646
-0.0161639
-0.0169081
-0.0176924
-0.0185122
-0.0193631
-0.0202409
-0.0211413
-0.0220602
-0.0229934
-0.023937
-0.024887
-0.0258399
-0.026792
-0.0277403
-0.0286817
-0.0296135
-0.0305334
-0.0314394
-0.0323297
-0.0332028
-0.0340576
-0.0348929
-0.0357081
-0.0365024
-0.0372755
-0.0380269
-0.0387562
-0.0394633
-0.040148
-0.0408098
-0.0414488
-0.0420646
-0.042657
-0.0432257
-0.0437705
-0.0442911
-0.0447872
-0.0452585
-0.0457047
-0.0461254
-0.0465204
-0.0468893
-0.0472319
-0.0475478
-0.0478368
-0.0480986
-0.048333
-0.0485397
-0.0487187
-0.0488695
-0.0489922
-0.0490865
-0.0491523
-0.0491896
-0.0491982
-0.0491781
-0.0491292
-0.0490543
-0.0489503
-0.0488175
-0.0486557
-0.0484651
-0.0482458
-0.0479979
-0.0477215
-0.0474168
-0.047084
-0.0467232
-0.0463348
-0.045919
-0.0454762
-0.0450066
-0.0445107
-0.0439889
-0.0434418
-0.04287
-0.0422742
-0.041655
-0.0410135
-0.0403507
-0.0396675
-0.0389655
-0.0382461
-0.0375109
-0.0367619
-0.0360011
-0.0352309
-0.0344539
-0.0336731
-0.0328915
-0.0321126
-0.0313401
-0.0305778
-0.02983
-0.0291009
-0.028395
-0.027717
-0.0270712
-0.0264622
-0.025894
-0.0253703
-0.0248941
-0.0244674
-0.0240906
-0.0237624
-0.0234783
-0.0232379
-0.0230109
-0.0228033
-0.0226167
-0.0224608
-0.0223499
-0.0222984
-0.022317
-0.0224145
-0.0120136
-0.0119625
-0.0119094
-0.0118687
-0.0118605
-0.011905
-0.0120183
-0.0122101
-0.0124837
-0.0128373
-0.0132662
-0.0137643
-0.014325
-0.0149419
-0.0156094
-0.0163224
-0.0170763
-0.0178666
-0.0186894
-0.0195408
-0.0204166
-0.0213132
-0.0222266
-0.0231531
-0.0240887
-0.0250301
-0.0259736
-0.0269159
-0.0278541
-0.0287853
-0.0297071
-0.030617
-0.0315132
-0.032394
-0.0332579
-0.0341036
-0.0349303
-0.035737
-0.036523
-0.0372878
-0.0380309
-0.038752
-0.0394506
-0.0401265
-0.0407793
-0.0414088
-0.0420146
-0.0425965
-0.0431541
-0.0436871
-0.0441952
-0.044678
-0.0451353
-0.0455666
-0.0459717
-0.0463502
-0.0467018
-0.0470263
-0.0473233
-0.0475925
-0.0478337
-0.0480466
-0.0482311
-0.0483869
-0.0485139
-0.0486119
-0.0486807
-0.0487203
-0.0487305
-0.0487114
-0.0486627
-0.0485873
-0.0484823
-0.0483476
-0.0481833
-0.0479894
-0.047766
-0.0475133
-0.0472312
-0.0469201
-0.0465801
-0.0462113
-0.045814
-0.0453885
-0.044935
-0.044454
-0.0439459
-0.0434111
-0.04285
-0.0422635
-0.0416521
-0.0410166
-0.040358
-0.0396772
-0.0389756
-0.0382544
-0.0375151
-0.0367596
-0.0359899
-0.035208
-0.0344164
-0.033618
-0.0328156
-0.0320126
-0.0312125
-0.0304192
-0.0296367
-0.0288693
-0.0281217
-0.0273984
-0.0267041
-0.0260436
-0.0254215
-0.024842
-0.0243089
-0.0238254
-0.0233935
-0.0230138
-0.022685
-0.0224037
-0.0221682
-0.021954
-0.0217638
-0.0215995
-0.0214688
-0.0213816
-0.0213469
-0.0213728
-0.0214735
-0.0117472
-0.0116993
-0.0116476
-0.0116049
-0.0115897
-0.0116212
-0.0117156
-0.0118832
-0.0121285
-0.012451
-0.012847
-0.013311
-0.013837
-0.0144192
-0.015052
-0.0157307
-0.0164509
-0.0172088
-0.0180004
-0.0188223
-0.0196708
-0.0205423
-0.0214333
-0.0223402
-0.0232592
-0.024187
-0.02512
-0.026055
-0.0269887
-0.0279183
-0.0288409
-0.0297543
-0.0306561
-0.0315444
-0.0324175
-0.0332739
-0.0341124
-0.034932
-0.0357317
-0.0365107
-0.0372685
-0.0380045
-0.0387182
-0.0394091
-0.0400768
-0.040721
-0.0413414
-0.0419374
-0.0425088
-0.0430553
-0.0435763
-0.0440717
-0.0445409
-0.0449837
-0.0453998
-0.0457887
-0.0461501
-0.0464838
-0.0467894
-0.0470666
-0.0473152
-0.0475348
-0.0477254
-0.0478866
-0.0480183
-0.0481203
-0.0481925
-0.0482347
-0.0482468
-0.0482287
-0.0481803
-0.0481047
-0.0479987
-0.0478622
-0.0476954
-0.0474982
-0.0472707
-0.047013
-0.0467253
-0.0464075
-0.0460601
-0.045683
-0.0452765
-0.044841
-0.0443767
-0.0438839
-0.0433631
-0.0428147
-0.0422393
-0.0416374
-0.0410099
-0.0403574
-0.039681
-0.0389817
-0.0382608
-0.0375196
-0.0367598
-0.0359832
-0.0351917
-0.0343878
-0.0335739
-0.032753
-0.031928
-0.0311025
-0.0302801
-0.0294649
-0.0286611
-0.0278731
-0.0271058
-0.0263639
-0.0256524
-0.0249761
-0.0243399
-0.0237481
-0.0232048
-0.0227133
-0.0222755
-0.0218925
-0.0215631
-0.0212843
-0.0210522
-0.0208501
-0.020678
-0.0205375
-0.0204345
-0.0203741
-0.0203593
-0.0203943
-0.020499
-0.01149
-0.0114453
-0.0113953
-0.0113512
-0.0113299
-0.0113494
-0.0114255
-0.0115692
-0.011786
-0.0120764
-0.0124378
-0.0128655
-0.0133543
-0.0138987
-0.0144937
-0.0151349
-0.0158183
-0.0165403
-0.0172976
-0.0180868
-0.0189049
-0.0197485
-0.0206143
-0.0214989
-0.022399
-0.0233111
-0.0242318
-0.0251576
-0.0260854
-0.0270122
-0.0279349
-0.028851
-0.0297579
-0.0306535
-0.0315359
-0.0324032
-0.033254
-0.034087
-0.034901
-0.0356951
-0.0364684
-0.0372203
-0.03795
-0.038657
-0.0393408
-0.0400009
-0.0406368
-0.0412481
-0.0418345
-0.0423954
-0.0429304
-0.0434393
-0.0439215
-0.0443767
-0.0448046
-0.0452047
-0.0455767
-0.0459203
-0.0462352
-0.0465211
-0.0467776
-0.0470046
-0.0472017
-0.0473688
-0.0475057
-0.0476121
-0.0476879
-0.047733
-0.0477473
-0.0477305
-0.0476827
-0.0476069
-0.0475
-0.0473618
-0.0471925
-0.046992
-0.0467604
-0.0464978
-0.0462041
-0.0458797
-0.0455246
-0.0451391
-0.0447232
-0.0442774
-0.0438019
-0.043297
-0.0427631
-0.0422008
-0.0416105
-0.0409928
-0.0403486
-0.0396786
-0.0389838
-0.0382653
-0.0375244
-0.0367625
-0.0359813
-0.0351827
-0.0343688
-0.033542
-0.0327048
-0.0318604
-0.0310118
-0.0301628
-0.0293171
-0.0284788
-0.0276525
-0.0268429
-0.0260547
-0.0252931
-0.0245632
-0.0238701
-0.0232187
-0.0226137
-0.0220593
-0.0215589
-0.0211146
-0.0207276
-0.020397
-0.02012
-0.0198924
-0.0197002
-0.0195471
-0.0194325
-0.0193602
-0.0193308
-0.0193398
-0.0193865
-0.0194964
-0.0112425
-0.0112011
-0.0111531
-0.0111084
-0.0110819
-0.0110904
-0.0111492
-0.0112695
-0.0114576
-0.0117151
-0.0120405
-0.0124299
-0.0128789
-0.0133826
-0.0139367
-0.0145371
-0.0151802
-0.0158629
-0.0165824
-0.0173357
-0.01812
-0.0189326
-0.0197703
-0.0206301
-0.0215087
-0.0224028
-0.023309
-0.024224
-0.0251445
-0.0260671
-0.0269889
-0.027907
-0.0288186
-0.0297213
-0.0306128
-0.0314912
-0.0323546
-0.0332015
-0.0340305
-0.0348404
-0.0356301
-0.0363988
-0.0371456
-0.0378698
-0.0385708
-0.0392479
-0.0399005
-0.0405283
-0.0411307
-0.0417071
-0.0422573
-0.0427807
-0.0432768
-0.0437454
-0.044186
-0.0445982
-0.0449816
-0.045336
-0.0456609
-0.0459561
-0.0462212
-0.0464561
-0.0466603
-0.0468338
-0.0469763
-0.0470875
-0.0471674
-0.0472158
-0.0472325
-0.0472174
-0.0471703
-0.0470943
-0.0469866
-0.0468469
-0.0466752
-0.0464715
-0.0462357
-0.0459681
-0.0456685
-0.0453373
-0.0449745
-0.0445803
-0.0441548
-0.0436985
-0.0432115
-0.0426941
-0.0421469
-0.0415702
-0.0409646
-0.0403307
-0.0396693
-0.0389813
-0.0382675
-0.0375292
-0.0367677
-0.0359845
-0.0351812
-0.0343599
-0.0335226
-0.032672
-0.0318108
-0.0309419
-0.0300688
-0.0291953
-0.0283251
-0.0274628
-0.026613
-0.0257804
-0.0249702
-0.0241878
-0.0234383
-0.0227272
-0.0220596
-0.0214404
-0.0208738
-0.0203636
-0.019912
-0.0195202
-0.0191876
-0.0189118
-0.0186891
-0.0185059
-0.0183727
-0.018286
-0.0182484
-0.0182551
-0.0182931
-0.0183549
-0.0184717
-0.0110053
-0.0109672
-0.0109215
-0.0108768
-0.0108461
-0.0108448
-0.0108874
-0.0109851
-0.0111447
-0.0113688
-0.0116569
-0.0120062
-0.012413
-0.0128732
-0.013383
-0.0139391
-0.0145384
-0.0151782
-0.0158562
-0.01657
-0.0173173
-0.0180956
-0.0189021
-0.0197342
-0.0205887
-0.0214625
-0.0223522
-0.0232545
-0.0241659
-0.0250832
-0.026003
-0.0269222
-0.0278379
-0.0287474
-0.029648
-0.0305375
-0.0314139
-0.0322752
-0.0331198
-0.0339463
-0.0347533
-0.0355398
-0.0363048
-0.0370472
-0.0377665
-0.0384617
-0.0391323
-0.0397777
-0.0403972
-0.0409904
-0.0415568
-0.0420958
-0.0426069
-0.0430899
-0.0435441
-0.0439693
-0.044365
-0.0447309
-0.0450666
-0.0453718
-0.0456463
-0.0458896
-0.0461016
-0.0462819
-0.0464305
-0.046547
-0.0466314
-0.0466834
-0.0467029
-0.0466898
-0.0466441
-0.046567
-0.0464591
-0.0463181
-0.0461441
-0.0459372
-0.0456973
-0.0454246
-0.0451191
-0.044781
-0.0444104
-0.0440073
-0.0435722
-0.0431051
-0.0426063
-0.0420763
-0.0415154
-0.040924
-0.0403028
-0.0396523
-0.0389733
-0.0382667
-0.0375335
-0.0367749
-0.0359922
-0.035187
-0.034361
-0.0335162
-0.032655
-0.0317799
-0.0308937
-0.0299996
-0.029101
-0.0282019
-0.0273064
-0.026419
-0.0255445
-0.0246879
-0.0238546
-0.02305
-0.0222798
-0.0215495
-0.0208645
-0.0202298
-0.01965
-0.0191289
-0.018669
-0.0182715
-0.017936
-0.0176606
-0.0174424
-0.0172683
-0.0171559
-0.0170996
-0.0171011
-0.0171504
-0.0172243
-0.017306
-0.0174317
-0.010779
-0.0107441
-0.010701
-0.0106568
-0.0106228
-0.0106129
-0.0106406
-0.0107166
-0.0108483
-0.0110389
-0.0112888
-0.0115962
-0.0119584
-0.0123722
-0.0128346
-0.0133428
-0.0138945
-0.0144877
-0.0151205
-0.0157911
-0.0164978
-0.0172383
-0.0180106
-0.0188119
-0.0196396
-0.0204906
-0.0213616
-0.0222493
-0.0231501
-0.0240606
-0.0249773
-0.0258969
-0.0268161
-0.027732
-0.0286416
-0.0295423
-0.0304319
-0.031308
-0.0321688
-0.0330126
-0.0338378
-0.0346431
-0.0354272
-0.036189
-0.0369277
-0.0376423
-0.038332
-0.0389961
-0.0396341
-0.0402451
-0.0408288
-0.0413845
-0.0419118
-0.0424101
-0.042879
-0.0433181
-0.043727
-0.0441053
-0.0444526
-0.0447686
-0.045053
-0.0453055
-0.0455258
-0.0457136
-0.0458688
-0.0459911
-0.0460803
-0.0461363
-0.046159
-0.0461482
-0.0461039
-0.0460263
-0.0459181
-0.0457759
-0.0455998
-0.0453897
-0.0451459
-0.0448682
-0.0445567
-0.0442117
-0.0438331
-0.0434212
-0.0429762
-0.0424982
-0.0419876
-0.0414446
-0.0408698
-0.0402634
-0.0396262
-0.0389588
-0.0382619
-0.0375364
-0.0367833
-0.0360039
-0.0351996
-0.0343719
-0.0335226
-0.0326539
-0.031768
-0.0308676
-0.0299557
-0.0290356
-0.0281107
-0.0271852
-0.0262634
-0.0253498
-0.0244495
-0.0235678
-0.0227101
-0.0218823
-0.0210901
-0.0203393
-0.0196356
-0.0189842
-0.0183899
-0.0178567
-0.0173872
-0.0169829
-0.0166434
-0.016367
-0.0161519
-0.0159891
-0.015898
-0.0158743
-0.0159203
-0.0160199
-0.0161383
-0.0162463
-0.0163839
-0.0105636
-0.0105319
-0.0104916
-0.0104484
-0.0104122
-0.010395
-0.010409
-0.0104647
-0.0105691
-0.0107263
-0.0109373
-0.0112015
-0.0115169
-0.0118815
-0.0122931
-0.0127498
-0.01325
-0.0137926
-0.0143763
-0.015
-0.0156623
-0.0163617
-0.0170964
-0.017864
-0.0186621
-0.0194878
-0.0203378
-0.0212089
-0.0220974
-0.0229997
-0.0239122
-0.0248313
-0.0257534
-0.0266752
-0.0275936
-0.0285057
-0.0294086
-0.0303001
-0.0311777
-0.0320395
-0.0328837
-0.0337086
-0.0345129
-0.0352952
-0.0360544
-0.0367895
-0.0374995
-0.0381837
-0.0388412
-0.0394713
-0.0400735
-0.040647
-0.0411915
-0.0417062
-0.0421908
-0.0426449
-0.0430678
-0.0434594
-0.0438191
-0.0441467
-0.0444418
-0.0447041
-0.0449333
-0.0451292
-0.0452916
-0.0454201
-0.0455147
-0.0455752
-0.0456013
-0.0455931
-0.0455503
-0.0454729
-0.0453646
-0.0452212
-0.0450431
-0.04483
-0.0445822
-0.0442996
-0.0439822
-0.0436302
-0.0432438
-0.0428229
-0.0423679
-0.0418789
-0.0413563
-0.0408003
-0.0402113
-0.0395899
-0.0389365
-0.0382519
-0.0375367
-0.036792
-0.0360188
-0.0352183
-0.0343919
-0.0335412
-0.0326682
-0.031775
-0.0308639
-0.0299377
-0.0289995
-0.0280525
-0.0271006
-0.0261479
-0.0251987
-0.024258
-0.0233309
-0.0224229
-0.0215398
-0.0206874
-0.0198719
-0.0190992
-0.0183754
-0.0177059
-0.0170957
-0.0165489
-0.0160686
-0.015656
-0.015311
-0.0150317
-0.0148148
-0.0146724
-0.0145997
-0.0146106
-0.0147067
-0.0148661
-0.0150399
-0.0151828
-0.015336
-0.0103595
-0.0103309
-0.0102935
-0.0102518
-0.0102141
-0.0101908
-0.0101928
-0.0102294
-0.0103077
-0.0104318
-0.0106036
-0.0108232
-0.0110899
-0.0114025
-0.0117599
-0.0121614
-0.0126064
-0.0130943
-0.0136249
-0.0141976
-0.0148118
-0.0154665
-0.0161601
-0.016891
-0.0176567
-0.0184545
-0.0192813
-0.0201338
-0.0210084
-0.0219011
-0.0228082
-0.0237258
-0.0246502
-0.0255776
-0.0265047
-0.027428
-0.0283447
-0.0292517
-0.0301467
-0.0310272
-0.0318912
-0.0327367
-0.0335622
-0.034366
-0.0351469
-0.0359037
-0.0366352
-0.0373405
-0.0380188
-0.0386692
-0.039291
-0.0398836
-0.0404463
-0.0409786
-0.0414799
-0.0419498
-0.0423879
-0.0427936
-0.0431666
-0.0435066
-0.0438131
-0.044086
-0.0443248
-0.0445294
-0.0446995
-0.0448348
-0.0449352
-0.0450005
-0.0450305
-0.0450251
-0.0449842
-0.0449076
-0.0447991
-0.0446549
-0.0444748
-0.0442589
-0.0440072
-0.0437198
-0.0433966
-0.0430377
-0.0426433
-0.0422136
-0.0417486
-0.0412486
-0.0407138
-0.0401447
-0.0395415
-0.0389048
-0.0382351
-0.0375331
-0.0367996
-0.0360355
-0.0352418
-0.0344199
-0.0335712
-0.0326973
-0.0318002
-0.0308821
-0.0299454
-0.0289929
-0.0280277
-0.0270534
-0.0260738
-0.025093
-0.0241157
-0.023147
-0.0221921
-0.0212567
-0.0203468
-0.0194685
-0.0186283
-0.0178324
-0.0170869
-0.0163977
-0.01577
-0.0152081
-0.0147153
-0.014293
-0.0139412
-0.0136584
-0.0134423
-0.0133085
-0.0132582
-0.0133071
-0.0134602
-0.0136904
-0.0139331
-0.0141218
-0.0142955
-0.0101666
-0.0101413
-0.0101065
-0.0100665
-0.0100282
-0.0100001
-0.00999157
-0.0100108
-0.0100642
-0.010156
-0.0102884
-0.0104624
-0.0106784
-0.0109363
-0.0112364
-0.011579
-0.0119646
-0.0123938
-0.012867
-0.0133848
-0.013947
-0.0145532
-0.0152025
-0.0158934
-0.0166239
-0.0173913
-0.0181928
-0.0190248
-0.0198836
-0.0207654
-0.021666
-0.0225813
-0.0235073
-0.02444
-0.0253754
-0.0263101
-0.0272406
-0.0281637
-0.0290765
-0.0299764
-0.030861
-0.031728
-0.0325756
-0.033402
-0.0342057
-0.0349853
-0.0357394
-0.0364671
-0.0371674
-0.0378392
-0.0384819
-0.0390946
-0.0396767
-0.0402276
-0.0407468
-0.0412336
-0.0416876
-0.0421084
-0.0424956
-0.0428487
-0.0431675
-0.0434516
-0.0437008
-0.0439147
-0.0440931
-0.0442357
-0.0443425
-0.0444131
-0.0444474
-0.0444453
-0.0444065
-0.0443309
-0.0442226
-0.0440776
-0.0438959
-0.0436774
-0.043422
-0.0431298
-0.0428009
-0.0424353
-0.0420331
-0.0415944
-0.0411195
-0.0406085
-0.0400616
-0.0394793
-0.038862
-0.03821
-0.0375239
-0.0368045
-0.0360525
-0.0352689
-0.0344547
-0.0336113
-0.0327401
-0.0318428
-0.0309213
-0.029978
-0.0290154
-0.0280362
-0.0270438
-0.0260415
-0.0250336
-0.0240241
-0.023018
-0.0220203
-0.0210366
-0.0200727
-0.0191349
-0.0182295
-0.0173631
-0.0165423
-0.0157735
-0.0150628
-0.0144158
-0.0138369
-0.0133296
-0.0128958
-0.0125356
-0.0122477
-0.0120309
-0.0119017
-0.0118731
-0.0119623
-0.0121791
-0.0124924
-0.0128199
-0.0130684
-0.0132689
-0.00998447
-0.00996199
-0.00993002
-0.00989229
-0.00985413
-0.00982253
-0.00980504
-0.00980854
-0.00983851
-0.00989879
-0.00999193
-0.0101196
-0.0102832
-0.0104839
-0.0107234
-0.0110034
-0.0113255
-0.0116916
-0.0121034
-0.012562
-0.0130683
-0.0136224
-0.014224
-0.0148719
-0.0155643
-0.016299
-0.0170728
-0.0178824
-0.018724
-0.0195935
-0.0204865
-0.0213988
-0.0223258
-0.0232633
-0.024207
-0.025153
-0.0260976
-0.027037
-0.0279682
-0.0288881
-0.029794
-0.0306834
-0.0315541
-0.0324041
-0.0332316
-0.0340351
-0.0348131
-0.0355643
-0.0362877
-0.0369821
-0.0376468
-0.0382808
-0.0388834
-0.039454
-0.039992
-0.0404967
-0.0409677
-0.0414045
-0.0418067
-0.0421739
-0.0425058
-0.0428019
-0.043062
-0.0432859
-0.0434732
-0.0436238
-0.0437374
-0.0438138
-0.0438529
-0.0438544
-0.0438183
-0.0437442
-0.043636
-0.0434905
-0.0433074
-0.0430864
-0.0428276
-0.0425309
-0.0421964
-0.0418242
-0.0414143
-0.0409669
-0.0404821
-0.0399602
-0.0394014
-0.0388061
-0.0381745
-0.0375073
-0.036805
-0.0360682
-0.0352977
-0.0344946
-0.0336599
-0.032795
-0.0319012
-0.0309805
-0.0300346
-0.0290661
-0.0280773
-0.0270712
-0.0260511
-0.0250207
-0.0239839
-0.0229452
-0.0219095
-0.0208821
-0.0198687
-0.0188753
-0.0179083
-0.0169743
-0.0160803
-0.0152329
-0.014439
-0.0137049
-0.0130364
-0.0124383
-0.0119144
-0.0114666
-0.0110955
-0.0108002
-0.0105803
-0.0104523
-0.0104432
-0.0105734
-0.0108598
-0.011269
-0.0116995
-0.0120248
-0.0122599
-0.00981284
-0.009793
-0.0097637
-0.00972866
-0.00969138
-0.00965742
-0.0096326
-0.00962216
-0.0096303
-0.00966022
-0.00971439
-0.00979507
-0.00990462
-0.0100457
-0.0102214
-0.0104349
-0.0106895
-0.0109884
-0.0113344
-0.0117298
-0.0121762
-0.0126746
-0.0132251
-0.0138269
-0.0144787
-0.0151781
-0.0159223
-0.0167078
-0.0175306
-0.0183866
-0.0192711
-0.0201794
-0.0211069
-0.0220489
-0.0230008
-0.0239582
-0.024917
-0.0258732
-0.0268232
-0.0277637
-0.0286917
-0.0296042
-0.0304989
-0.0313734
-0.0322259
-0.0330543
-0.0338572
-0.0346331
-0.0353807
-0.0360989
-0.0367867
-0.0374431
-0.0380674
-0.0386588
-0.0392166
-0.0397402
-0.0402292
-0.0406829
-0.041101
-0.0414831
-0.0418287
-0.0421376
-0.0424095
-0.042644
-0.0428408
-0.0429999
-0.0431209
-0.0432037
-0.043248
-0.0432537
-0.0432208
-0.043149
-0.0430397
-0.0428946
-0.0427105
-0.0424874
-0.0422254
-0.0419244
-0.0415846
-0.041206
-0.0407886
-0.0403326
-0.0398382
-0.0393056
-0.038735
-0.0381268
-0.0374813
-0.036799
-0.0360805
-0.0353265
-0.0345378
-0.0337154
-0.0328603
-0.031974
-0.0310578
-0.0301137
-0.0291435
-0.0281497
-0.0271348
-0.0261017
-0.0250539
-0.0239949
-0.0229291
-0.0218607
-0.020795
-0.0197372
-0.0186932
-0.0176692
-0.0166718
-0.015708
-0.0147846
-0.0139089
-0.0130878
-0.0123281
-0.0116357
-0.0110158
-0.0104724
-0.0100079
-0.00962287
-0.00931694
-0.00909031
-0.00895963
-0.00896619
-0.00913598
-0.00949608
-0.0100135
-0.0105669
-0.010989
-0.0112683
-0.0096516
-0.00963426
-0.00960784
-0.00957534
-0.00953942
-0.00950417
-0.00947358
-0.009451
-0.00943902
-0.00943977
-0.00945541
-0.00948856
-0.00954259
-0.00962159
-0.00973026
-0.0098736
-0.0100566
-0.010284
-0.0105601
-0.0108881
-0.0112709
-0.01171
-0.0122062
-0.0127591
-0.0133676
-0.0140296
-0.0147422
-0.0155019
-0.0163047
-0.017146
-0.0180211
-0.018925
-0.0198525
-0.0207987
-0.0217587
-0.0227275
-0.0237007
-0.024674
-0.0256434
-0.0266051
-0.0275558
-0.0284923
-0.0294118
-0.0303118
-0.0311901
-0.0320446
-0.0328734
-0.033675
-0.034448
-0.0351911
-0.035903
-0.0365829
-0.0372299
-0.037843
-0.0384217
-0.0389653
-0.0394731
-0.0399447
-0.0403796
-0.0407773
-0.0411376
-0.04146
-0.0417443
-0.0419901
-0.0421972
-0.0423653
-0.0424943
-0.0425839
-0.042634
-0.0426444
-0.042615
-0.0425456
-0.0424365
-0.0422917
-0.0421068
-0.0418819
-0.0416169
-0.041312
-0.0409671
-0.0405823
-0.0401577
-0.0396935
-0.0391897
-0.0386466
-0.0380645
-0.0374437
-0.0367845
-0.0360874
-0.0353531
-0.0345822
-0.0337755
-0.032934
-0.0320589
-0.0311515
-0.0302132
-0.0292459
-0.0282517
-0.0272328
-0.0261919
-0.025132
-0.0240564
-0.022969
-0.0218739
-0.0207756
-0.0196794
-0.0185906
-0.0175153
-0.0164598
-0.0154309
-0.0144357
-0.0134814
-0.0125754
-0.0117249
-0.010937
-0.0102179
-0.00957325
-0.00900714
-0.00852225
-0.00811955
-0.0077989
-0.00756105
-0.00742244
-0.00743865
-0.00764355
-0.00807824
-0.00871417
-0.00941054
-0.00995207
-0.0102868
-0.00950027
-0.00948522
-0.00946188
-0.00943165
-0.00939752
-0.00936202
-0.00932721
-0.00929428
-0.00926388
-0.00923669
-0.00921425
-0.00919938
-0.0091964
-0.00921091
-0.00924945
-0.00931896
-0.00942638
-0.00957819
-0.00978012
-0.0100369
-0.0103523
-0.0107288
-0.0111676
-0.0116689
-0.0122318
-0.0128544
-0.0135337
-0.0142663
-0.0150478
-0.0158736
-0.0167386
-0.0176374
-0.0185647
-0.019515
-0.0204829
-0.0214633
-0.0224513
-0.023442
-0.0244312
-0.0254146
-0.0263887
-0.0273499
-0.028295
-0.0292214
-0.0301264
-0.0310079
-0.0318637
-0.032692
-0.0334914
-0.0342603
-0.0349975
-0.0357019
-0.0363725
-0.0370085
-0.037609
-0.0381734
-0.038701
-0.0391913
-0.0396438
-0.0400581
-0.0404338
-0.0407705
-0.0410678
-0.0413256
-0.0415435
-0.0417214
-0.0418589
-0.0419559
-0.0420123
-0.0420278
-0.0420023
-0.0419357
-0.0418278
-0.0416833
-0.0414979
-0.0412714
-0.0410039
-0.0406953
-0.0403457
-0.0399551
-0.0395237
-0.0390515
-0.0385387
-0.0379856
-0.0373923
-0.0367592
-0.0360867
-0.0353753
-0.0346256
-0.0338382
-0.033014
-0.0321539
-0.0312592
-0.0303311
-0.0293712
-0.0283812
-0.0273633
-0.0263197
-0.0252532
-0.0241668
-0.0230637
-0.0219479
-0.0208236
-0.0196953
-0.0185683
-0.0174482
-0.0163409
-0.0152531
-0.0141915
-0.0131635
-0.0121765
-0.0112381
-0.0103558
-0.00953695
-0.00878809
-0.00811503
-0.00752229
-0.00701279
-0.00658775
-0.0062473
-0.00599252
-0.00583908
-0.00585609
-0.00608755
-0.00659282
-0.00735321
-0.00821083
-0.00889571
-0.00929824
-0.00935814
-0.00934498
-0.00932405
-0.00929663
-0.00926491
-0.00923023
-0.00919268
-0.00915113
-0.0091039
-0.0090499
-0.00898973
-0.00892627
-0.00886474
-0.00881237
-0.00877767
-0.00876976
-0.0087977
-0.00886991
-0.00899385
-0.0091757
-0.00942027
-0.00973092
-0.0101096
-0.0105569
-0.0110722
-0.0116536
-0.0122982
-0.0130024
-0.0137618
-0.0145714
-0.0154257
-0.0163192
-0.017246
-0.0182003
-0.0191763
-0.0201685
-0.0211714
-0.02218
-0.0231894
-0.0241952
-0.0251933
-0.0261798
-0.0271514
-0.0281049
-0.0290375
-0.0299468
-0.0308304
-0.0316865
-0.0325131
-0.0333089
-0.0340723
-0.0348022
-0.0354974
-0.0361571
-0.0367804
-0.0373665
-0.0379147
-0.0384246
-0.0388956
-0.0393272
-0.039719
-0.0400706
-0.0403818
-0.0406522
-0.0408816
-0.0410698
-0.0412164
-0.0413214
-0.0413846
-0.0414057
-0.0413846
-0.0413212
-0.041215
-0.0410712
-0.0408856
-0.040658
-0.0403883
-0.0400765
-0.0397226
-0.0393266
-0.0388888
-0.0384091
-0.0378877
-0.0373249
-0.0367209
-0.0360761
-0.0353908
-0.0346656
-0.033901
-0.0330977
-0.0322565
-0.0313785
-0.0304648
-0.0295166
-0.0285357
-0.0275237
-0.0264828
-0.0254152
-0.0243236
-0.0232111
-0.022081
-0.0209372
-0.0197839
-0.0186258
-0.017468
-0.0163162
-0.0151765
-0.0140555
-0.0129603
-0.0118981
-0.0108766
-0.0099036
-0.00898688
-0.0081339
-0.00735162
-0.00664609
-0.00602212
-0.0054829
-0.0050299
-0.0046634
-0.00438468
-0.00420757
-0.00421303
-0.00445719
-0.00502204
-0.00590557
-0.00693769
-0.00778889
-0.00827236
-0.0092246
-0.00921293
-0.00919417
-0.00916933
-0.00914099
-0.00910817
-0.00906925
-0.0090206
-0.00895791
-0.00887796
-0.00878016
-0.0086673
-0.00854557
-0.00842386
-0.00831287
-0.00822408
-0.00816886
-0.00815777
-0.00820011
-0.0083036
-0.00847426
-0.00871637
-0.00903255
-0.00942381
-0.00988971
-0.0104285
-0.0110374
-0.0117124
-0.012449
-0.0132419
-0.0140853
-0.0149733
-0.0158995
-0.0168579
-0.0178422
-0.0188464
-0.0198647
-0.0208915
-0.0219216
-0.0229503
-0.0239729
-0.0249855
-0.0259841
-0.0269655
-0.0279265
-0.0288644
-0.0297767
-0.0306613
-0.0315162
-0.0323396
-0.0331301
-0.0338863
-0.034607
-0.0352913
-0.0359381
-0.0365468
-0.0371165
-0.0376468
-0.0381369
-0.0385866
-0.0389952
-0.0393626
-0.0396882
-0.0399719
-0.0402134
-0.0404124
-0.0405688
-0.0406823
-0.0407528
-0.0407801
-0.040764
-0.0407043
-0.0406009
-0.040457
-0.040272
-0.0400438
-0.0397724
-0.0394578
-0.0391
-0.0386992
-0.0382554
-0.0377687
-0.0372393
-0.0366674
-0.0360533
-0.0353973
-0.0346999
-0.0339615
-0.0331827
-0.0323642
-0.0315068
-0.0306116
-0.0296797
-0.0287124
-0.0277112
-0.0266781
-0.0256149
-0.0245241
-0.0234082
-0.0222704
-0.021114
-0.0199428
-0.018761
-0.0175733
-0.0163849
-0.0152015
-0.0140291
-0.0128743
-0.0117444
-0.0106466
-0.00958886
-0.00857898
-0.00762493
-0.00673442
-0.00591464
-0.00517192
-0.00451133
-0.00393632
-0.00344855
-0.00304845
-0.00273726
-0.00252571
-0.002503
-0.00273955
-0.00334371
-0.00433821
-0.00554877
-0.00658494
-0.00716192
-0.00909889
-0.00908829
-0.00907185
-0.00905052
-0.00902547
-0.00899528
-0.00895614
-0.00890161
-0.00882442
-0.00871893
-0.00858317
-0.00841979
-0.00823595
-0.00804238
-0.00785213
-0.0076792
-0.00753746
-0.00743975
-0.00739734
-0.00741955
-0.00751369
-0.007685
-0.00793674
-0.00827037
-0.00868566
-0.00918094
-0.00975325
-0.0103986
-0.0111121
-0.0118881
-0.0127206
-0.0136031
-0.014529
-0.0154917
-0.0164846
-0.0175011
-0.0185351
-0.0195806
-0.0206319
-0.0216839
-0.0227317
-0.0237709
-0.0247972
-0.0258071
-0.0267972
-0.0277644
-0.0287062
-0.02962
-0.0305038
-0.0313557
-0.032174
-0.0329573
-0.0337043
-0.0344139
-0.0350851
-0.0357171
-0.036309
-0.0368603
-0.0373704
-0.0378387
-0.0382649
-0.0386486
-0.0389893
-0.0392869
-0.0395411
-0.0397516
-0.0399182
-0.0400408
-0.0401192
-0.0401532
-0.0401426
-0.0400874
-0.0399876
-0.0398434
-0.0396596
-0.0394313
-0.0391586
-0.0388417
-0.0384807
-0.0380755
-0.0376263
-0.0371332
-0.0365963
-0.036016
-0.0353925
-0.0347261
-0.0340173
-0.0332665
-0.0324743
-0.0316415
-0.0307689
-0.0298574
-0.0289083
-0.0279228
-0.0269025
-0.0258491
-0.0247648
-0.0236518
-0.0225127
-0.0213506
-0.0201688
-0.0189711
-0.0177616
-0.0165449
-0.0153263
-0.0141113
-0.0129061
-0.0117172
-0.0105518
-0.00941718
-0.00832128
-0.00727208
-0.00627763
-0.00534578
-0.00448391
-0.00369859
-0.0029951
-0.0023771
-0.00184641
-0.00140346
-0.00104934
-0.000791598
-0.000718294
-0.000919768
-0.0015315
-0.00260993
-0.00398828
-0.00521893
-0.00589976
-0.00897967
-0.00896971
-0.00895572
-0.00893846
-0.0089174
-0.00889079
-0.00885246
-0.00879288
-0.00870157
-0.00857028
-0.00839559
-0.00818006
-0.00793193
-0.00766392
-0.00739157
-0.00713157
-0.0069004
-0.0067133
-0.00658357
-0.00652222
-0.00653787
-0.00663671
-0.00682269
-0.00709765
-0.00746157
-0.00791282
-0.00844832
-0.00906386
-0.00975425
-0.0105136
-0.0113354
-0.0122128
-0.0131387
-0.0141061
-0.015108
-0.0161373
-0.0171874
-0.018252
-0.0193251
-0.0204009
-0.0214744
-0.0225406
-0.0235953
-0.0246342
-0.0256539
-0.0266511
-0.0276229
-0.0285666
-0.02948
-0.0303609
-0.0312078
-0.0320188
-0.0327928
-0.0335284
-0.0342246
-0.0348805
-0.0354953
-0.0360683
-0.0365989
-0.0370865
-0.0375309
-0.0379314
-0.0382879
-0.0385999
-0.0388673
-0.0390898
-0.0392673
-0.0393995
-0.0394863
-0.0395275
-0.039523
-0.0394727
-0.0393765
-0.0392341
-0.0390513
-0.0388231
-0.0385498
-0.0382312
-0.0378674
-0.0374584
-0.0370045
-0.0365056
-0.0359621
-0.0353741
-0.034742
-0.034066
-0.0333466
-0.0325844
-0.0317798
-0.0309337
-0.0300469
-0.0291202
-0.028155
-0.0271526
-0.0261143
-0.0250421
-0.0239379
-0.022804
-0.021643
-0.0204579
-0.0192519
-0.0180287
-0.0167925
-0.0155478
-0.0142997
-0.0130536
-0.0118157
-0.0105925
-0.00939081
-0.0082182
-0.0070824
-0.00599139
-0.00495325
-0.0039759
-0.00306683
-0.00223273
-0.00147904
-0.000809544
-0.000226114
0.000270903
0.000680841
0.000997641
0.00114983
0.00101841
0.000444335
-0.000671976
-0.0021868
-0.00360635
-0.00439664
-0.00886497
-0.0088553
-0.00884399
-0.00883122
-0.00881571
-0.00879382
-0.00875711
-0.00869273
-0.00858682
-0.00842856
-0.00821318
-0.00794328
-0.00762839
-0.00728335
-0.00692633
-0.0065768
-0.00625393
-0.00597539
-0.00575655
-0.00561015
-0.00554609
-0.00557155
-0.00569111
-0.00590702
-0.00621943
-0.00662669
-0.00712559
-0.00771167
-0.00837943
-0.00912255
-0.00993417
-0.010807
-0.0117335
-0.0127062
-0.0137176
-0.0147602
-0.015827
-0.0169112
-0.0180065
-0.0191067
-0.0202062
-0.0213001
-0.0223834
-0.0234519
-0.0245017
-0.0255293
-0.0265316
-0.0275057
-0.0284491
-0.0293597
-0.0302356
-0.0310749
-0.0318763
-0.0326385
-0.0333602
-0.0340406
-0.0346788
-0.035274
-0.0358257
-0.0363332
-0.0367962
-0.0372141
-0.0375868
-0.0379138
-0.038195
-0.03843
-0.0386188
-0.0387611
-0.0388569
-0.0389058
-0.038908
-0.0388631
-0.0387711
-0.0386315
-0.0384497
-0.0382223
-0.0379488
-0.0376291
-0.0372632
-0.0368512
-0.0363932
-0.0358894
-0.03534
-0.0347452
-0.0341053
-0.0334206
-0.0326917
-0.0319191
-0.0311033
-0.030245
-0.0293452
-0.0284047
-0.0274248
-0.0264067
-0.025352
-0.0242623
-0.0231398
-0.0219865
-0.0208052
-0.0195985
-0.0183698
-0.0171227
-0.0158611
-0.0145895
-0.0133129
-0.0120365
-0.0107663
-0.0095087
-0.00827042
-0.00705875
-0.0058813
-0.00474595
-0.00366067
-0.00263333
-0.00167138
-0.00078151
3.08146e-05
0.000761833
0.00140979
0.00197459
0.002456
0.00284877
0.00311025
0.00309193
0.00261591
0.00153063
-6.24572e-05
-0.00164328
-0.00254099
-0.00875207
-0.00874255
-0.00873467
-0.00872775
-0.00871922
-0.00870325
-0.00866855
-0.00859872
-0.00847663
-0.00828911
-0.00803034
-0.00770329
-0.00731895
-0.00689446
-0.00645064
-0.0060098
-0.00559378
-0.00522266
-0.00491389
-0.00468187
-0.00453781
-0.00448982
-0.00454313
-0.00470034
-0.00496174
-0.00532566
-0.0057887
-0.00634614
-0.0069921
-0.00771989
-0.00852219
-0.00939127
-0.0103192
-0.0112979
-0.0123194
-0.0133759
-0.01446
-0.0155643
-0.0166822
-0.0178071
-0.0189333
-0.020055
-0.0211674
-0.0222658
-0.0233461
-0.0244045
-0.0254376
-0.0264424
-0.0274163
-0.0283569
-0.0292622
-0.0301302
-0.0309595
-0.0317485
-0.0324963
-0.0332015
-0.0338635
-0.0344814
-0.0350546
-0.0355824
-0.0360644
-0.0365003
-0.0368896
-0.037232
-0.0375274
-0.0377754
-0.037976
-0.0381289
-0.0382341
-0.0382914
-0.0383006
-0.0382618
-0.0381749
-0.0380398
-0.0378572
-0.0376319
-0.037359
-0.0370389
-0.0366716
-0.0362572
-0.035796
-0.035288
-0.0347336
-0.0341329
-0.0334862
-0.032794
-0.0320567
-0.0312748
-0.0304489
-0.0295799
-0.0286684
-0.0277155
-0.0267224
-0.0256903
-0.0246207
-0.0235154
-0.0223762
-0.0212054
-0.0200055
-0.0187791
-0.0175295
-0.0162601
-0.0149747
-0.0136778
-0.0123739
-0.0110683
-0.00976662
-0.00847492
-0.00719979
-0.00594821
-0.0047275
-0.00354529
-0.00240928
-0.00132711
-0.000306025
0.000647468
0.00152811
0.00233242
0.00305905
0.00370864
0.00428179
0.00477312
0.00517173
0.00531816
0.00501701
0.00405733
0.00247662
0.000791165
-0.000200789
-0.00863719
-0.00862813
-0.00862503
-0.00862606
-0.00862646
-0.00861748
-0.00858444
-0.00850723
-0.00836591
-0.00814562
-0.00783985
-0.00745241
-0.00699596
-0.00648998
-0.00595796
-0.00542495
-0.00491538
-0.00445168
-0.00405328
-0.00373618
-0.00351285
-0.00339232
-0.0033804
-0.00348005
-0.00369168
-0.00401352
-0.00444202
-0.00497211
-0.00559756
-0.00631124
-0.00710538
-0.00797177
-0.008902
-0.00988756
-0.01092
-0.0119912
-0.0130931
-0.0142181
-0.015359
-0.0165091
-0.0176621
-0.0188121
-0.0199538
-0.0210824
-0.0221933
-0.0232827
-0.0243468
-0.0253826
-0.0263872
-0.027358
-0.0282928
-0.0291898
-0.0300471
-0.0308634
-0.0316373
-0.0323678
-0.0330539
-0.0336947
-0.0342897
-0.0348381
-0.0353396
-0.0357936
-0.0361999
-0.0365581
-0.0368681
-0.0371295
-0.0373423
-0.0375063
-0.0376213
-0.0376874
-0.0377043
-0.0376721
-0.0375907
-0.03746
-0.0372798
-0.0370558
-0.036784
-0.0364641
-0.0360961
-0.0356802
-0.0352165
-0.0347053
-0.0341467
-0.0335411
-0.0328888
-0.0321901
-0.0314456
-0.0306558
-0.0298213
-0.0289428
-0.0280213
-0.0270576
-0.026053
-0.0250086
-0.0239261
-0.0228069
-0.0216531
-0.0204667
-0.0192502
-0.0180062
-0.0167377
-0.0154481
-0.0141409
-0.0128204
-0.011491
-0.0101575
-0.00882528
-0.00750014
-0.00618823
-0.00489611
-0.0036307
-0.00239915
-0.00120873
-6.66144e-05
0.0010204
0.00204629
0.0030063
0.00389759
0.00471977
0.005475
0.00616688
0.00679712
0.00733498
0.00771602
0.00768364
0.00697061
0.00552911
0.00383091
0.0027727
-0.0085152
-0.00850765
-0.00851158
-0.00852349
-0.00853543
-0.00853429
-0.00850128
-0.0084128
-0.00824743
-0.00798979
-0.00763263
-0.00718155
-0.00665069
-0.00606194
-0.00544134
-0.00481649
-0.00421428
-0.0036593
-0.00317283
-0.0027724
-0.00247167
-0.00228051
-0.00220534
-0.0022494
-0.00241321
-0.00269493
-0.00309075
-0.0035953
-0.00420194
-0.00490309
-0.0056905
-0.00655552
-0.00748923
-0.00848268
-0.00952699
-0.0106135
-0.0117338
-0.01288
-0.0140444
-0.01522
-0.0164
-0.0175785
-0.0187497
-0.0199084
-0.0210501
-0.0221705
-0.0232657
-0.0243325
-0.0253677
-0.0263688
-0.0273333
-0.0282592
-0.0291448
-0.0299883
-0.0307886
-0.0315443
-0.0322546
-0.0329186
-0.0335355
-0.0341048
-0.0346258
-0.0350983
-0.0355219
-0.0358962
-0.036221
-0.0364962
-0.0367215
-0.0368969
-0.0370223
-0.0370976
-0.0371227
-0.0370976
-0.0370222
-0.0368966
-0.0367205
-0.0364971
-0.0362273
-0.0359083
-0.0355404
-0.0351238
-0.0346586
-0.0341451
-0.0335834
-0.032974
-0.0323172
-0.0316133
-0.0308629
-0.0300665
-0.0292248
-0.0283386
-0.0274086
-0.0264359
-0.0254216
-0.0243669
-0.0232733
-0.0221424
-0.0209761
-0.0197764
-0.0185456
-0.0172862
-0.0160012
-0.0146936
-0.0133669
-0.0120249
-0.0106718
-0.00931212
-0.00795082
-0.00659317
-0.00524485
-0.00391186
-0.0026005
-0.00131726
-6.87213e-05
0.0011387
0.00229898
0.00340695
0.00445883
0.00545293
0.0063904
0.00727555
0.00811523
0.00891711
0.00963877
0.0103186
0.0106577
0.0103358
0.00919755
0.00761828
0.00654022
-0.00837947
-0.00837563
-0.00838995
-0.00841681
-0.00844396
-0.00845137
-0.0084148
-0.00830795
-0.0081112
-0.00781142
-0.00739767
-0.00688057
-0.00627379
-0.00560221
-0.00489398
-0.00417907
-0.00348659
-0.00284307
-0.00227147
-0.00179073
-0.00141561
-0.00115681
-0.00102127
-0.00101257
-0.00113128
-0.00137546
-0.00174106
-0.00222235
-0.00281228
-0.00350281
-0.00428522
-0.00515037
-0.00608887
-0.00709132
-0.0081484
-0.00925102
-0.0103904
-0.0115582
-0.0127464
-0.0139477
-0.015155
-0.0163619
-0.0175625
-0.0187515
-0.0199238
-0.0210751
-0.0222013
-0.0232989
-0.0243646
-0.0253958
-0.0263898
-0.0273446
-0.0282582
-0.0291289
-0.0299554
-0.0307365
-0.031471
-0.0321581
-0.032797
-0.0333871
-0.0339279
-0.034419
-0.0348599
-0.0352504
-0.0355904
-0.0358795
-0.0361177
-0.0363048
-0.0364409
-0.0365258
-0.0365595
-0.036542
-0.0364733
-0.0363534
-0.0361824
-0.0359607
-0.0356929
-0.0353755
-0.0350085
-0.034592
-0.0341262
-0.0336114
-0.0330477
-0.0324356
-0.0317755
-0.0310677
-0.0303128
-0.0295114
-0.0286641
-0.0277717
-0.026835
-0.0258551
-0.0248331
-0.0237701
-0.0226677
-0.0215273
-0.0203508
-0.0191402
-0.0178975
-0.0166253
-0.0153262
-0.0140031
-0.0126593
-0.0112982
-0.00992373
-0.00853989
-0.00715115
-0.00576225
-0.0043782
-0.00300429
-0.001646
-0.0003089
0.00100143
0.00227967
0.00352103
0.00472172
0.00587955
0.00699478
0.00807092
0.00911521
0.0101376
0.0111461
0.0121245
0.0131667
0.0139868
0.0142218
0.0135873
0.0123009
0.0112712
-0.00822184
-0.00822555
-0.00825478
-0.0083004
-0.00834143
-0.00835722
-0.00831813
-0.00819444
-0.00795914
-0.00759959
-0.00712135
-0.00653943
-0.00585595
-0.00510336
-0.00431002
-0.00350844
-0.00272964
-0.0020018
-0.0013494
-0.000792628
-0.000347263
-2.47988e-05
0.000167284
0.000225137
0.000148104
-6.17502e-05
-0.000400115
-0.000860886
-0.00143658
-0.0021187
-0.00289806
-0.00376502
-0.00470975
-0.00572238
-0.00679318
-0.00791267
-0.00907167
-0.0102615
-0.0114738
-0.0127008
-0.0139354
-0.0151707
-0.0164006
-0.0176195
-0.0188222
-0.020004
-0.0211609
-0.0222889
-0.0233849
-0.0244458
-0.025469
-0.0264523
-0.0273936
-0.0282913
-0.0291438
-0.0299499
-0.0307084
-0.0314185
-0.0320793
-0.0326902
-0.0332506
-0.0337602
-0.0342186
-0.0346255
-0.0349806
-0.0352838
-0.035535
-0.0357342
-0.0358812
-0.035976
-0.0360187
-0.0360092
-0.0359477
-0.0358341
-0.0356686
-0.0354512
-0.0351843
-0.0348696
-0.0345043
-0.0340888
-0.0336234
-0.0331082
-0.0325437
-0.0319301
-0.0312679
-0.0305576
-0.0297997
-0.0289947
-0.0281435
-0.0272466
-0.0263052
-0.02532
-0.0242923
-0.0232232
-0.0221141
-0.0209666
-0.0197824
-0.0185633
-0.0173114
-0.0160289
-0.0147184
-0.0133826
-0.0120243
-0.0106467
-0.00925319
-0.00784741
-0.00643318
-0.00501457
-0.0035958
-0.00218123
-0.000775293
0.000617609
0.00199328
0.00334795
0.00467862
0.00598358
0.00726315
0.00852064
0.00976342
0.0110036
0.0122568
0.0135355
0.0148309
0.0163071
0.0177271
0.0187056
0.0188103
0.0180335
0.0171452
-0.00803347
-0.00805041
-0.00809912
-0.00816405
-0.00821999
-0.00824195
-0.00819494
-0.00804887
-0.00777855
-0.0073702
-0.00682377
-0.00615094
-0.0053876
-0.00455992
-0.00368539
-0.00280224
-0.00194265
-0.00113618
-0.000408582
0.000218806
0.000729241
0.00111047
0.00135449
0.00145714
0.00141771
0.0012384
0.000923806
0.000480416
-8.38465e-05
-0.000760019
-0.00153843
-0.002409
-0.00336145
-0.00438547
-0.00547094
-0.00660799
-0.00778709
-0.00899919
-0.0102357
-0.0114885
-0.0127501
-0.0140136
-0.0152724
-0.0165208
-0.0177534
-0.0189653
-0.0201522
-0.0213102
-0.0224358
-0.0235259
-0.0245777
-0.025589
-0.0265576
-0.0274817
-0.0283598
-0.0291905
-0.0299727
-0.0307054
-0.0313878
-0.0320192
-0.0325991
-0.0331271
-0.0336028
-0.0340259
-0.0343963
-0.0347136
-0.034978
-0.0351892
-0.0353474
-0.0354524
-0.0355044
-0.0355033
-0.0354494
-0.0353426
-0.0351832
-0.0349713
-0.0347071
-0.0343946
-0.0340318
-0.0336182
-0.033154
-0.0326396
-0.0320753
-0.0314614
-0.0307985
-0.030087
-0.0293275
-0.0285207
-0.0276671
-0.0267677
-0.0258232
-0.0248348
-0.0238035
-0.0227304
-0.021617
-0.0204647
-0.0192752
-0.0180502
-0.0167916
-0.0155016
-0.0141825
-0.0128366
-0.0114665
-0.0100751
-0.00866514
-0.00723982
-0.00580226
-0.00435572
-0.00290348
-0.00144881
5.15306e-06
0.00145554
0.00289992
0.00433663
0.00576518
0.00718686
0.0086057
0.0100296
0.0114721
0.012953
0.0144986
0.0161374
0.0178933
0.0197559
0.0219516
0.0238848
0.0249962
0.0249873
0.0243612
-0.00780665
-0.00784551
-0.00791894
-0.00800605
-0.00808001
-0.00810356
-0.00804319
-0.00786866
-0.00755645
-0.00709411
-0.00648306
-0.00573792
-0.00488686
-0.00397103
-0.00301824
-0.00206082
-0.00112751
-0.000249313
0.0005468
0.00123843
0.00180794
0.00224232
0.00253298
0.00267548
0.00266903
0.002516
0.0022213
0.00179182
0.00123594
0.000563085
-0.000216624
-0.00109266
-0.00205431
-0.00309089
-0.0041919
-0.00534711
-0.00654667
-0.00778121
-0.00904184
-0.0103202
-0.0116086
-0.0128997
-0.0141869
-0.0154642
-0.016726
-0.0179672
-0.0191835
-0.0203706
-0.021525
-0.0226435
-0.0237232
-0.0247617
-0.0257569
-0.0267067
-0.0276097
-0.0284644
-0.0292697
-0.0300245
-0.030728
-0.0313796
-0.0319787
-0.0325248
-0.0330175
-0.0334567
-0.0338421
-0.0341736
-0.034451
-0.0346744
-0.0348438
-0.0349592
-0.0350207
-0.0350284
-0.0349824
-0.0348828
-0.03473
-0.0345241
-0.0342655
-0.0339545
-0.0335949
-0.033184
-0.032722
-0.0322093
-0.0316464
-0.0310334
-0.0303711
-0.0296598
-0.0289002
-0.028093
-0.0272388
-0.0263385
-0.0253929
-0.0244032
-0.0233703
-0.0222954
-0.0211799
-0.0200251
-0.0188327
-0.0176042
-0.0163416
-0.0150467
-0.0137215
-0.0123682
-0.010989
-0.00958639
-0.00816264
-0.00672023
-0.00526157
-0.00378902
-0.00230479
-0.000810838
0.000691262
0.00220051
0.00371675
0.00524106
0.00677633
0.00832804
0.00990548
0.0115233
0.0132038
0.0149781
0.016887
0.0189751
0.0212737
0.0237656
0.0268076
0.0299027
0.0323138
0.0333718
0.0331593
-0.00753779
-0.00761154
-0.007718
-0.0078325
-0.00792154
-0.00794404
-0.00786545
-0.00765652
-0.00729622
-0.00677491
-0.00609654
-0.00527851
-0.00435081
-0.00335142
-0.00231777
-0.00128835
-0.000289492
0.000652713
0.00150992
0.00225879
0.00288083
0.00336225
0.00369383
0.00387075
0.00389222
0.00376082
0.00348182
0.00306255
0.00251184
0.00183958
0.00105631
0.000172988
-0.000799306
-0.00184952
-0.00296681
-0.00414064
-0.00536085
-0.00661779
-0.00790233
-0.00920586
-0.0105204
-0.0118385
-0.0131533
-0.0144586
-0.0157487
-0.0170183
-0.0182628
-0.019478
-0.0206602
-0.0218061
-0.0229127
-0.0239775
-0.0249983
-0.025973
-0.0269
-0.0277779
-0.0286055
-0.0293818
-0.0301058
-0.0307769
-0.0313946
-0.0319583
-0.0324677
-0.0329226
-0.0333228
-0.0336682
-0.0339586
-0.0341941
-0.0343748
-0.0345006
-0.0345718
-0.0345884
-0.0345506
-0.0344586
-0.0343128
-0.0341133
-0.0338605
-0.033555
-0.0331971
-0.0327897
-0.0323308
-0.0318209
-0.0312603
-0.0306495
-0.0299889
-0.0292792
-0.0285209
-0.0277148
-0.0268616
-0.025962
-0.0250172
-0.0240279
-0.0229953
-0.0219206
-0.020805
-0.0196499
-0.0184568
-0.0172272
-0.0159628
-0.0146653
-0.0133366
-0.0119784
-0.0105927
-0.00918131
-0.00774618
-0.00628904
-0.00481149
-0.0033149
-0.00180024
-0.000267994
0.00128211
0.00285134
0.00444236
0.00605976
0.00771086
0.00940679
0.0111641
0.0130071
0.0149702
0.0171011
0.0194613
0.0221208
0.0251396
0.0285345
0.0324052
0.0369507
0.0409968
0.0434687
0.0438582
-0.00723166
-0.00736021
-0.00751075
-0.00765495
-0.00775745
-0.00777532
-0.0076728
-0.00742265
-0.00700751
-0.0064217
-0.00567262
-0.00478053
-0.00377694
-0.00270043
-0.00159175
-0.000493193
0.000561851
0.00156035
0.00247101
0.00326984
0.00393767
0.00445989
0.00482643
0.0050321
0.00507614
0.00496144
0.00469374
0.00428084
0.00373204
0.00305766
0.00226864
0.00137629
0.000392063
-0.000672692
-0.00180682
-0.0029995
-0.00424034
-0.00551943
-0.0068274
-0.00815544
-0.00949534
-0.0108395
-0.0121809
-0.0135131
-0.0148302
-0.016127
-0.0173985
-0.0186406
-0.0198494
-0.0210214
-0.0221536
-0.0232435
-0.0242886
-0.0252871
-0.0262371
-0.0271372
-0.0279861
-0.0287829
-0.0295266
-0.0302165
-0.030852
-0.0314328
-0.0319583
-0.0324285
-0.0328431
-0.033202
-0.0335052
-0.0337526
-0.0339445
-0.0340807
-0.0341616
-0.0341872
-0.0341578
-0.0340737
-0.033935
-0.0337423
-0.0334958
-0.033196
-0.0328435
-0.0324388
-0.0319834
-0.0314773
-0.03092
-0.0303123
-0.0296546
-0.0289476
-0.0281919
-0.0273882
-0.0265374
-0.0256401
-0.0246974
-0.0237102
-0.0226797
-0.0216068
-0.020493
-0.0193395
-0.0181476
-0.0169188
-0.0156546
-0.0143566
-0.0130264
-0.0116654
-0.0102753
-0.00885742
-0.00741308
-0.00594334
-0.00444894
-0.00293016
-0.00138664
0.000182859
0.00178071
0.00341088
0.00507946
0.00679544
0.00857183
0.0104272
0.0123881
0.0144915
0.0167894
0.0193522
0.0222704
0.0256494
0.0295876
0.0341284
0.0391836
0.0453484
0.051388
0.0556834
0.0569109
-0.00690782
-0.00711713
-0.0073176
-0.00749872
-0.00761516
-0.00762284
-0.00748774
-0.00718679
-0.00670788
-0.00605042
-0.00522602
-0.00425793
-0.00317931
-0.00202962
-0.000850835
0.000314695
0.00142788
0.00245982
0.00341695
0.00425874
0.00496594
0.00552301
0.00591867
0.00614728
0.00620833
0.00610528
0.00584441
0.00543407
0.00488399
0.0042049
0.0034081
0.00250522
0.00150798
0.000428014
-0.000723265
-0.00193481
-0.00319599
-0.00449669
-0.00582735
-0.00717898
-0.00854319
-0.00991221
-0.0112789
-0.0126366
-0.0139794
-0.0153018
-0.0165989
-0.0178663
-0.0191
-0.0202966
-0.0214531
-0.0225665
-0.0236347
-0.0246555
-0.0256272
-0.0265482
-0.0274174
-0.0282336
-0.0289959
-0.0297036
-0.0303562
-0.0309531
-0.0314941
-0.0319789
-0.0324073
-0.0327793
-0.0330948
-0.0333539
-0.0335566
-0.0337032
-0.0337936
-0.0338283
-0.0338074
-0.0337311
-0.0335999
-0.0334142
-0.0331742
-0.0328806
-0.0325338
-0.0321343
-0.031683
-0.0311802
-0.0306269
-0.0300234
-0.0293694
-0.0286661
-0.0279141
-0.0271139
-0.0262665
-0.0253727
-0.0244335
-0.0234496
-0.0224223
-0.0213528
-0.0202421
-0.0190915
-0.0179022
-0.0166757
-0.0154134
-0.0141165
-0.0127864
-0.0114243
-0.0100315
-0.00860883
-0.00715703
-0.00567646
-0.00416694
-0.00262759
-0.00105657
0.000549214
0.00219458
0.00388665
0.0056356
0.00745588
0.00936769
0.0113993
0.01359
0.0159945
0.0186881
0.0217721
0.0253772
0.0296573
0.0347653
0.0407998
0.0477304
0.0553583
0.0639529
0.0706092
0.0729848
-0.00662277
-0.0069356
-0.0072047
-0.00742369
-0.00754619
-0.00753006
-0.0073466
-0.00697956
-0.00642372
-0.00568448
-0.00477798
-0.00373046
-0.00257657
-0.00135635
-0.000111997
0.00111458
0.0022845
0.00336352
0.00433025
0.00520943
0.00595062
0.00653764
0.00695695
0.00720272
0.0072752
0.00717873
0.00692034
0.00650892
0.00595462
0.00526852
0.0044622
0.00354755
0.00253653
0.001441
0.000272567
-0.000957521
-0.00223846
-0.00355995
-0.00491227
-0.00628627
-0.00767343
-0.00906583
-0.0104562
-0.0118377
-0.0132044
-0.0145507
-0.0158716
-0.0171625
-0.0184195
-0.019639
-0.0208178
-0.0219532
-0.0230427
-0.0240843
-0.0250761
-0.0260166
-0.0269046
-0.0277389
-0.0285186
-0.029243
-0.0299115
-0.0305236
-0.0310791
-0.0315777
-0.0320193
-0.0324037
-0.032731
-0.0330012
-0.0332145
-0.0333709
-0.0334708
-0.0335143
-0.0335017
-0.0334334
-0.0333096
-0.0331309
-0.0328976
-0.0326103
-0.0322694
-0.0318756
-0.0314293
-0.0309313
-0.030382
-0.0297819
-0.0291321
-0.0284336
-0.0276859
-0.0268898
-0.0260465
-0.0251573
-0.0242223
-0.0232425
-0.0222194
-0.021154
-0.0200474
-0.0189006
-0.0177149
-0.0164917
-0.0152321
-0.0139374
-0.0126085
-0.0112465
-0.00985213
-0.00842589
-0.00696792
-0.00547782
-0.00395447
-0.00239578
-0.000798321
0.000843085
0.002536
0.00429119
0.00612373
0.00805466
0.0101131
0.0123396
0.0147903
0.0175425
0.0207029
0.024414
0.0288597
0.0342589
0.0408358
0.0487502
0.0579754
0.0681229
0.0794228
0.0891286
0.0930741
-0.00649616
-0.00694801
-0.00728754
-0.00752847
-0.00763063
-0.00756077
-0.00730037
-0.00684266
-0.00619029
-0.00535472
-0.00435627
-0.00322365
-0.00199255
-0.00070303
0.000603332
0.00188582
0.00310651
0.0042314
0.00523191
0.00610118
0.00687375
0.00748833
0.00792649
0.00818366
0.00826205
0.00816736
0.00790745
0.00749172
0.0069307
0.00623571
0.00541856
0.00449134
0.00346617
0.00235509
0.00116987
-7.80932e-05
-0.00137785
-0.00271897
-0.00409158
-0.00548642
-0.00689484
-0.00830881
-0.00972093
-0.0111244
-0.012513
-0.0138811
-0.0152237
-0.016536
-0.0178142
-0.0190545
-0.0202537
-0.021409
-0.022518
-0.0235785
-0.0245887
-0.025547
-0.0264521
-0.0273029
-0.0280986
-0.0288382
-0.0295214
-0.0301476
-0.0307165
-0.0312278
-0.0316815
-0.0320775
-0.0324158
-0.0326965
-0.0329197
-0.0330856
-0.0331944
-0.0332464
-0.0332418
-0.0331811
-0.0330647
-0.0328929
-0.0326662
-0.0323851
-0.0320501
-0.0316619
-0.031221
-0.030728
-0.0301835
-0.029588
-0.0289426
-0.0282468
-0.0275026
-0.0267107
-0.0258718
-0.0249883
-0.0240576
-0.0230821
-0.0220633
-0.0210026
-0.0199006
-0.0187581
-0.0175763
-0.0163566
-0.0151004
-0.0138083
-0.0124812
-0.0111199
-0.00972463
-0.00829556
-0.00683217
-0.00533332
-0.00379694
-0.00221965
-0.000596312
0.00108055
0.0028216
0.0046418
0.00656201
0.00861118
0.0108295
0.0132726
0.0160178
0.0191718
0.0228811
0.027342
0.0328081
0.0395844
0.047993
0.0582886
0.0705103
0.0842898
0.0986908
0.112475
0.11865
-0.006749
-0.0073689
-0.00775041
-0.00795786
-0.00797761
-0.00779691
-0.0074122
-0.00682682
-0.00605038
-0.00509879
-0.00399494
-0.00276882
-0.00145631
-9.68938e-05
0.00126922
0.00260362
0.00387046
0.00503591
0.0060716
0.00695585
0.00771241
0.00835889
0.00881147
0.00907428
0.00915346
0.00905639
0.00879169
0.00836917
0.00779961
0.00709449
0.00626578
0.0053257
0.00428653
0.0031604
0.0019592
0.000694458
-0.000622772
-0.00198195
-0.00337311
-0.00478688
-0.00621453
-0.00764794
-0.00907961
-0.0105027
-0.0119108
-0.0132984
-0.0146603
-0.0159917
-0.0172887
-0.0185474
-0.0197647
-0.0209378
-0.022064
-0.0231413
-0.0241678
-0.0251419
-0.0260623
-0.0269278
-0.0277377
-0.028491
-0.0291872
-0.029826
-0.0304069
-0.0309298
-0.0313944
-0.0318009
-0.0321492
-0.0324394
-0.0326717
-0.0328462
-0.0329632
-0.033023
-0.033026
-0.0329724
-0.0328628
-0.0326975
-0.032477
-0.0322019
-0.0318726
-0.0314898
-0.031054
-0.0305659
-0.0300261
-0.0294352
-0.028794
-0.0281028
-0.0273629
-0.0265751
-0.0257397
-0.0248563
-0.023929
-0.0229574
-0.0219427
-0.0208872
-0.0197904
-0.0186517
-0.0174735
-0.0162573
-0.0150046
-0.0137155
-0.0123903
-0.0110298
-0.00963403
-0.00820244
-0.00673392
-0.00522662
-0.00367747
-0.00208175
-0.000432456
0.00128042
0.00307105
0.00495925
0.00697261
0.00914954
0.0115434
0.0142285
0.0173081
0.0209252
0.0252758
0.0306234
0.0373097
0.0457507
0.0564006
0.0696537
0.0856613
0.104056
0.123604
0.142264
0.151912
-0.00778286
-0.00855738
-0.00885902
-0.00889301
-0.0087082
-0.00832227
-0.00774463
-0.00698273
-0.00604838
-0.00495747
-0.00373228
-0.002402
-0.00100165
0.000430242
0.00185509
0.00323843
0.00454914
0.00575184
0.00681771
0.00772604
0.00847306
0.00913652
0.00959563
0.00985835
0.00993434
0.00983207
0.00956059
0.00912992
0.00855097
0.00783536
0.00699515
0.00604267
0.00499027
0.00385018
0.00263439
0.00135449
2.16243e-05
-0.00135359
-0.0027611
-0.00419148
-0.00563591
-0.00708621
-0.00853483
-0.00997483
-0.0113999
-0.0128042
-0.0141826
-0.0155305
-0.0168436
-0.0181182
-0.019351
-0.0205392
-0.0216802
-0.0227719
-0.0238124
-0.0248001
-0.0257336
-0.0266118
-0.0274338
-0.0281989
-0.0289065
-0.0295561
-0.0301474
-0.0306802
-0.0311545
-0.0315701
-0.0319271
-0.0322256
-0.0324659
-0.032648
-0.0327723
-0.0328391
-0.0328487
-0.0328015
-0.0326979
-0.0325384
-0.0323236
-0.0320538
-0.0317296
-0.0313518
-0.0309207
-0.0304371
-0.0299017
-0.029315
-0.0286777
-0.0279906
-0.0272546
-0.0264703
-0.0256385
-0.0247598
-0.0238361
-0.022868
-0.0218563
-0.0208005
-0.0197031
-0.0185667
-0.0173913
-0.0161782
-0.0149301
-0.0136443
-0.0123206
-0.0109607
-0.00956494
-0.00813091
-0.00665718
-0.00514127
-0.00357911
-0.00196453
-0.000288516
0.00146179
0.00330451
0.005265
0.00737868
0.00969496
0.0122828
0.0152384
0.0186959
0.0228409
0.0279286
0.0343019
0.0424082
0.0528011
0.0661077
0.0829302
0.103641
0.128038
0.154837
0.180787
0.196302
-0.0103746
-0.0110662
-0.0109075
-0.010472
-0.00988093
-0.0091624
-0.00831414
-0.00732656
-0.00620475
-0.00495607
-0.00359738
-0.00215448
-0.000660392
0.000847028
0.00232907
0.00375721
0.00511341
0.00635283
0.00744542
0.00836035
0.00915577
0.00980954
0.0102632
0.0105221
0.0105933
0.0104852
0.0102068
0.00976809
0.00918026
0.00845497
0.00760437
0.00664085
0.00557685
0.00442467
0.00319634
0.00190353
0.000557444
-0.000831248
-0.00225245
-0.00369666
-0.00515504
-0.00661933
-0.00808195
-0.00953592
-0.0109749
-0.012393
-0.013785
-0.0151463
-0.0164727
-0.0177603
-0.0190059
-0.0202065
-0.0213597
-0.0224633
-0.0235153
-0.0245141
-0.0254585
-0.0263472
-0.0271793
-0.0279541
-0.0286711
-0.0293297
-0.0299298
-0.0304709
-0.0309532
-0.0313764
-0.0317408
-0.0320464
-0.0322933
-0.0324819
-0.0326124
-0.0326851
-0.0327004
-0.0326586
-0.0325603
-0.0324058
-0.0321958
-0.0319306
-0.0316109
-0.0312373
-0.0308104
-0.0303308
-0.0297991
-0.0292161
-0.0285825
-0.0278989
-0.0271663
-0.0263853
-0.0255568
-0.0246818
-0.0237612
-0.0227961
-0.021787
-0.0207348
-0.019641
-0.0185072
-0.017334
-0.016122
-0.0148698
-0.0135811
-0.0122573
-0.0108985
-0.00950476
-0.00806816
-0.00658875
-0.00506372
-0.00348798
-0.00185376
-0.000149814
0.00163984
0.00353774
0.00557546
0.00779721
0.0102648
0.0130649
0.0163181
0.0201929
0.0249225
0.0308267
0.0383362
0.0480163
0.0605792
0.0768672
0.0977769
0.124077
0.156051
0.192805
0.230548
0.256713
-0.0162249
-0.015526
-0.0138956
-0.0125037
-0.0112654
-0.0101105
-0.00895641
-0.00773038
-0.00642739
-0.00503167
-0.00355051
-0.00200456
-0.000424175
0.00115291
0.00268209
0.00414227
0.00555259
0.00682663
0.00794776
0.00890549
0.00971235
0.0103551
0.0108058
0.0110628
0.0111312
0.011019
0.0107353
0.0102905
0.0096957
0.00896278
0.00810398
0.00713176
0.00605862
0.00489691
0.00365872
0.00235577
0.000999305
-0.000399967
-0.00183191
-0.00328698
-0.0047563
-0.00623159
-0.00770522
-0.00917018
-0.0106201
-0.0120491
-0.0134519
-0.0148239
-0.0161607
-0.0174587
-0.0187144
-0.019925
-0.021088
-0.022201
-0.0232623
-0.0242701
-0.0252232
-0.0261204
-0.0269608
-0.0277436
-0.0284682
-0.0291343
-0.0297415
-0.0302895
-0.0307784
-0.031208
-0.0315785
-0.03189
-0.0321426
-0.0323366
-0.0324724
-0.0325501
-0.0325702
-0.0325331
-0.0324392
-0.0322891
-0.0320832
-0.031822
-0.0315062
-0.0311363
-0.030713
-0.0302369
-0.0297086
-0.0291289
-0.0284984
-0.027818
-0.0270884
-0.0263105
-0.025485
-0.0246131
-0.0236956
-0.0227332
-0.0217268
-0.0206774
-0.0195864
-0.0184547
-0.0172834
-0.0160728
-0.0148233
-0.0135362
-0.0122123
-0.0108508
-0.00944955
-0.0080077
-0.00652179
-0.00498737
-0.00339788
-0.0017438
-1.15125e-05
0.00181829
0.0037728
0.00589017
0.00822384
0.0108487
0.0138693
0.0174317
0.021739
0.0270716
0.0338128
0.0424794
0.0537536
0.0685121
0.08784
0.113014
0.145429
0.186399
0.236572
0.293511
0.340129
-0.0297834
-0.021347
-0.0163303
-0.0136953
-0.0118036
-0.0103368
-0.00902469
-0.00772045
-0.00632884
-0.00486215
-0.00332398
-0.00173112
-0.000111586
0.00149872
0.00306338
0.00456091
0.00597583
0.00726068
0.00839289
0.00936325
0.0101741
0.0108135
0.0112629
0.0115186
0.011585
0.0114696
0.011182
0.0107324
0.0101323
0.00939354
0.00852842
0.00754947
0.00646925
0.00530015
0.00405429
0.00274341
0.00137879
-2.88305e-05
-0.00146928
-0.002933
-0.00441106
-0.00589518
-0.0073777
-0.00885158
-0.0103104
-0.0117483
-0.01316
-0.0145407
-0.0158863
-0.0171928
-0.018457
-0.019676
-0.0208471
-0.0219682
-0.0230373
-0.0240528
-0.0250134
-0.0259179
-0.0267653
-0.027555
-0.0282863
-0.0289588
-0.0295722
-0.0301263
-0.030621
-0.0310563
-0.0314322
-0.0317489
-0.0320066
-0.0322055
-0.0323459
-0.0324281
-0.0324526
-0.0324198
-0.03233
-0.0321838
-0.0319817
-0.0317243
-0.0314121
-0.0310457
-0.0306257
-0.0301528
-0.0296278
-0.0290511
-0.0284237
-0.0277462
-0.0270195
-0.0262444
-0.0254218
-0.0245531
-0.0236388
-0.022679
-0.0216751
-0.0206283
-0.0195396
-0.0184101
-0.0172405
-0.0160316
-0.0147839
-0.0134979
-0.0121736
-0.0108092
-0.00940222
-0.00795556
-0.00646379
-0.00492103
-0.00331938
-0.00164767
0.000109919
0.00197572
0.00398114
0.00617027
0.00860481
0.0113711
0.0145896
0.0184278
0.0231177
0.0289782
0.0364439
0.0461001
0.0587243
0.075335
0.09725
0.126167
0.164294
0.214573
0.280862
0.366298
0.455885
-0.0591894
-0.020143
-0.011357
-0.00922827
-0.00832797
-0.00760112
-0.00680436
-0.00586546
-0.00475283
-0.00349573
-0.00212085
-0.000658663
0.00085449
0.00237819
0.00387446
0.00531617
0.00667777
0.00792068
0.00902009
0.00996413
0.0107486
0.0113625
0.0117917
0.0120314
0.0120839
0.0119559
0.0116564
0.0111955
0.0105845
0.00983517
0.00895972
0.00797063
0.00688037
0.0057013
0.00444551
0.00312472
0.0017502
0.000332683
-0.00111766
-0.00259126
-0.00407919
-0.00557314
-0.00706544
-0.00854904
-0.0100175
-0.0114649
-0.0128861
-0.0142761
-0.0156308
-0.0169464
-0.0182194
-0.019447
-0.0206266
-0.021756
-0.0228331
-0.0238565
-0.0248247
-0.0257365
-0.0265912
-0.0273878
-0.0281258
-0.0288048
-0.0294245
-0.0299847
-0.0304853
-0.0309262
-0.0313076
-0.0316296
-0.0318923
-0.0320961
-0.0322412
-0.032328
-0.0323569
-0.0323283
-0.0322426
-0.0321004
-0.0319021
-0.0316483
-0.0313397
-0.0309767
-0.03056
-0.0300904
-0.0295684
-0.0289948
-0.0283702
-0.0276956
-0.0269716
-0.0261992
-0.0253791
-0.0245118
-0.0235985
-0.022641
-0.0216397
-0.0205954
-0.0195091
-0.0183817
-0.0172141
-0.0160069
-0.0147607
-0.0134758
-0.0121517
-0.0107875
-0.00938151
-0.00793319
-0.00643846
-0.00489123
-0.00328292
-0.00160145
0.000170272
0.0020563
0.00409045
0.00632013
0.00881169
0.0116578
0.0149874
0.0189796
0.0238813
0.0300311
0.0378894
0.0480766
0.061423
0.0790363
0.102408
0.1336
0.175613
0.233088
0.313417
0.427247
0.582259
SCALARS velocity_magnitude double 1
LOOKUP_TABLE default
4.00125e-05
8.11765e-05
5.93921e-05
0.000126018
0.000342432
0.000639251
0.000980635
0.00133184
0.00166171
0.00194645
0.00217142
0.00233116
0.00242805
0.00247031
0.00246965
0.00243858
0.00238987
0.00233612
0.00228841
0.00225607
0.00224657
0.00226458
0.0023117
0.00238668
0.00248537
0.00260131
0.00272662
0.00285314
0.00297347
0.00308178
0.00317376
0.00324658
0.00329784
0.00332541
0.0033283
0.00330166
0.0032396
0.00314201
0.00300267
0.00281179
0.00256852
0.00227226
0.00191818
0.00150394
0.00103318
0.000533942
0.000374941
0.00094597
0.00168511
0.00250875
0.00340563
0.00437123
0.00540203
0.00649442
0.00764444
0.00884771
0.0100995
0.0113946
0.0127276
0.0140929
0.0154845
0.0168964
0.0183224
0.0197561
0.0211913
0.0226213
0.0240397
0.0254397
0.0268145
0.028157
0.0294598
0.0307151
0.0319146
0.0330495
0.03411
0.0350859
0.0359656
0.0367369
0.0373862
0.0379007
0.0382671
0.0384835
0.0385564
0.0384753
0.0382091
0.0377249
0.0369986
0.0360113
0.0347468
0.0331918
0.0313358
0.0291724
0.0267001
0.0239229
0.0208515
0.0175047
0.0139114
0.0101178
0.00622216
0.00270327
0.00317967
0.00666358
0.0101951
0.0134197
0.0161898
0.018398
0.0199601
0.0208334
0.0210394
0.0206297
0.0196615
0.01823
0.0164643
0.0144976
0.0124536
0.0104384
0.00853551
0.00680317
0.0052755
0.00396591
0.00287165
0.00197849
0.00126546
0.000710722
0.000303719
0.000122171
0.000196571
0.000184829
9.09586e-05
4.42565e-05
7.3626e-05
0.000445828
0.00109272
0.00200274
0.0031199
0.00435769
0.00561955
0.00681579
0.00787473
0.0087483
0.00941304
0.00986799
0.0101305
0.0102314
0.010209
0.0101041
0.00995646
0.00980332
0.00967748
0.00960508
0.00960399
0.00968076
0.00982976
0.0100353
0.0102734
0.0105152
0.0107296
0.0108869
0.0109607
0.010929
0.0107733
0.0104756
0.0100184
0.00938958
0.00857129
0.00754195
0.00629738
0.00483942
0.00319218
0.00164749
0.00209222
0.00436265
0.00713681
0.0102371
0.0136262
0.0172856
0.0211991
0.0253499
0.0297186
0.0342839
0.0390228
0.0439106
0.0489217
0.0540293
0.0592066
0.0644264
0.0696619
0.0748867
0.0800747
0.0852009
0.090241
0.0951715
0.0999696
0.104613
0.109082
0.113354
0.117411
0.121231
0.124796
0.128086
0.131081
0.133762
0.13611
0.138105
0.139727
0.14096
0.141786
0.14219
0.142168
0.141703
0.140728
0.139156
0.136947
0.134092
0.13059
0.126432
0.12161
0.116122
0.109967
0.103152
0.0956923
0.0876084
0.0789315
0.0697036
0.0599807
0.0498391
0.0393908
0.02883
0.0186267
0.0107455
0.0120456
0.020433
0.0297555
0.038614
0.0465516
0.0532703
0.0585227
0.0620899
0.0638547
0.0638722
0.0622942
0.0593174
0.0551854
0.0501746
0.0445778
0.0386858
0.032769
0.0270609
0.0217468
0.0169567
0.0127654
0.00919967
0.00625083
0.003893
0.00209974
0.000845008
8.6515e-05
0.000177872
4.51391e-05
0.000407536
0.00125937
0.00245453
0.00393429
0.00562002
0.0074128
0.00920646
0.0109016
0.0124163
0.0136919
0.0146955
0.0154193
0.0158773
0.0161012
0.0161361
0.0160331
0.0158441
0.0156189
0.0154023
0.0152295
0.0151233
0.0150918
0.0151254
0.015198
0.0152707
0.0152968
0.0152264
0.01501
0.0146015
0.0139577
0.0130452
0.0118376
0.0103098
0.00846328
0.00635075
0.00419217
0.00321602
0.00523284
0.00883528
0.0131395
0.017954
0.0232177
0.0288936
0.0349461
0.0413393
0.0480358
0.0549964
0.0621797
0.0695433
0.0770439
0.084638
0.092283
0.099937
0.107559
0.115112
0.122556
0.129859
0.136986
0.143907
0.150593
0.157017
0.163153
0.168979
0.174472
0.179612
0.184378
0.188752
0.192717
0.196254
0.199347
0.201978
0.204132
0.205791
0.206939
0.207561
0.207641
0.207167
0.206122
0.204441
0.202055
0.198969
0.195212
0.190789
0.185696
0.179935
0.173505
0.166413
0.158665
0.150273
0.141254
0.131631
0.121434
0.110706
0.0994987
0.0878851
0.0759642
0.0638806
0.0518641
0.040326
0.0301037
0.0229439
0.0223169
0.0284017
0.0374534
0.0470329
0.0561188
0.0641947
0.0708943
0.0758903
0.0788801
0.0797426
0.0785994
0.0756787
0.0712492
0.0656146
0.0590998
0.0520344
0.0447369
0.037499
0.0305732
0.0241616
0.0184107
0.0134098
0.00919601
0.00576081
0.00306203
0.00107104
0.000154601
6.73595e-05
0.000945257
0.00235421
0.00411329
0.00609587
0.00819523
0.0103163
0.0123727
0.0142869
0.0159934
0.0174424
0.0186028
0.019463
0.020031
0.0203317
0.0204041
0.0202965
0.0200621
0.0197533
0.0194177
0.0190921
0.0187973
0.0185344
0.0182848
0.0180093
0.0176514
0.017144
0.0164171
0.0154047
0.0140561
0.0123341
0.0102354
0.00785848
0.00560672
0.00497454
0.0074797
0.0118298
0.0171049
0.0230437
0.0295599
0.0365841
0.0440618
0.0519437
0.0601778
0.0687087
0.0774797
0.0864344
0.0955167
0.104672
0.113847
0.12299
0.132053
0.140991
0.14976
0.158321
0.166638
0.174678
0.182409
0.189806
0.196842
0.203497
0.209749
0.215583
0.22098
0.225928
0.230413
0.234424
0.237949
0.240978
0.243502
0.245511
0.246995
0.247945
0.248352
0.248207
0.247499
0.246219
0.24434
0.241817
0.238656
0.234899
0.230555
0.225627
0.220116
0.214021
0.207344
0.200088
0.192257
0.183861
0.174911
0.165425
0.155426
0.144945
0.134023
0.122715
0.111094
0.099254
0.0873285
0.0755021
0.0640413
0.053333
0.0439241
0.0365868
0.032865
0.0340614
0.0394483
0.0468469
0.0548426
0.0625373
0.0693746
0.0749217
0.0786967
0.0803905
0.0800498
0.0778523
0.0740362
0.0688804
0.0626891
0.0557776
0.0484597
0.0410349
0.0337762
0.0269182
0.0206448
0.0150759
0.0102574
0.00616788
0.00278629
0.000337273
0.000197478
0.00169244
0.00373212
0.00606896
0.00850792
0.0109142
0.0132041
0.0153261
0.0172432
0.0189245
0.0203438
0.0214815
0.0223282
0.0228868
0.0231733
0.023215
0.0230496
0.0227219
0.0222793
0.0217643
0.0212076
0.0206208
0.019991
0.0192787
0.0184219
0.0173435
0.0159637
0.0142182
0.0120765
0.00960731
0.00720021
0.00615159
0.00827075
0.0127971
0.0185456
0.0251162
0.0323768
0.0402245
0.0485877
0.0574066
0.0666134
0.07614
0.0859196
0.0958858
0.105973
0.116117
0.126257
0.136336
0.146299
0.156097
0.165683
0.175015
0.184057
0.192774
0.201137
0.209119
0.216698
0.223854
0.230573
0.236839
0.242642
0.247974
0.252826
0.257193
0.261071
0.264456
0.267346
0.269739
0.271633
0.273027
0.27392
0.274309
0.274193
0.273569
0.272434
0.270784
0.268604
0.265882
0.262639
0.258895
0.254655
0.249918
0.244682
0.238945
0.232706
0.225964
0.21872
0.210979
0.202747
0.194034
0.184856
0.175233
0.165194
0.154776
0.144027
0.133008
0.121799
0.1105
0.0992371
0.0881671
0.0774771
0.0673792
0.0581205
0.0500884
0.0436658
0.0402924
0.0403931
0.0437689
0.0490836
0.0552626
0.061471
0.0670826
0.071365
0.0737807
0.0743119
0.0730546
0.0701849
0.065932
0.0605603
0.054355
0.0476106
0.0406187
0.0336544
0.0269586
0.0207146
0.0150194
0.00986552
0.00517325
0.000950325
0.000387725
0.00264706
0.00540355
0.00833879
0.0111962
0.0138213
0.0161517
0.0181816
0.0199265
0.021402
0.0226155
0.0235669
0.0242536
0.0246754
0.0248384
0.0247554
0.0244484
0.0239488
0.0232914
0.0225059
0.0216077
0.0205893
0.0194147
0.0180209
0.0163285
0.0142677
0.0118273
0.00919387
0.00722444
0.00787742
0.0117925
0.0175323
0.0243218
0.0319226
0.0401949
0.0490463
0.0584064
0.068195
0.0783344
0.0887502
0.0993666
0.110109
0.120908
0.131694
0.142405
0.152982
0.16337
0.173521
0.18339
0.192939
0.202134
0.210946
0.219349
0.227325
0.234857
0.241932
0.248541
0.254677
0.260337
0.265518
0.270221
0.274448
0.2782
0.281482
0.284298
0.286652
0.288549
0.289994
0.29099
0.291542
0.291653
0.291326
0.290562
0.289361
0.287723
0.285641
0.283112
0.28015
0.276767
0.272959
0.268725
0.26406
0.25896
0.253423
0.247445
0.241026
0.234166
0.226867
0.219134
0.210976
0.202405
0.19344
0.184103
0.174424
0.164442
0.154202
0.143763
0.13319
0.122562
0.111964
0.101486
0.0912116
0.0812272
0.0716341
0.062544
0.0541637
0.0470171
0.0421509
0.0403484
0.041757
0.045626
0.0508758
0.0564432
0.0612207
0.06443
0.0659053
0.065663
0.0638234
0.0605727
0.0561418
0.0507925
0.0448051
0.0384635
0.032035
0.0257385
0.0196955
0.0138696
0.0080249
0.0017877
0.000626741
0.00380621
0.00737392
0.0109301
0.014165
0.0169206
0.0191707
0.020967
0.0223871
0.0235012
0.0243574
0.02498
0.0253759
0.0255423
0.0254734
0.0251641
0.0246188
0.0238519
0.0228797
0.021711
0.0203376
0.0187275
0.0168262
0.0145788
0.0119976
0.00937174
0.00791609
0.00965922
0.0145327
0.0210724
0.0286499
0.0370367
0.0460811
0.0556929
0.0657849
0.0762726
0.0870753
0.0981095
0.109294
0.120551
0.131806
0.14299
0.154038
0.16489
0.175494
0.185803
0.195776
0.205377
0.214576
0.223351
0.231681
0.239554
0.246958
0.253888
0.260342
0.26632
0.271825
0.276861
0.281436
0.285557
0.289232
0.292471
0.295283
0.297676
0.299661
0.301244
0.302435
0.303239
0.303663
0.303711
0.303387
0.302693
0.301631
0.3002
0.298398
0.296222
0.293678
0.290772
0.2875
0.283861
0.279848
0.275457
0.270686
0.265529
0.259986
0.254053
0.247731
0.241022
0.23393
0.22646
0.218623
0.210431
0.201902
0.193056
0.18392
0.174523
0.164901
0.15509
0.145131
0.135061
0.124913
0.114711
0.104469
0.0941976
0.0839041
0.0736193
0.0634813
0.0534571
0.0444439
0.0374063
0.0340325
0.0349715
0.0394753
0.0454976
0.0510147
0.0551455
0.0575948
0.0583266
0.0574334
0.0550838
0.0514985
0.0469342
0.0416677
0.0359723
0.0300768
0.024093
0.0179049
0.011051
0.00271355
0.000914769
0.00517309
0.00964426
0.0138338
0.0173909
0.0201757
0.0222183
0.0236416
0.0245941
0.0252071
0.0255738
0.0257458
0.0257401
0.0255493
0.0251503
0.0245199
0.0236451
0.0225193
0.0211352
0.0194786
0.0175247
0.0152518
0.0127097
0.0102342
0.00908602
0.0111164
0.0162908
0.023248
0.0313526
0.0403035
0.0499248
0.0601068
0.0707465
0.081754
0.0930412
0.104522
0.116111
0.127729
0.139299
0.150749
0.162013
0.173034
0.183759
0.194142
0.204145
0.213736
0.22289
0.231588
0.239815
0.247563
0.254828
0.26161
0.267914
0.273745
0.279112
0.284027
0.2885
0.292546
0.296177
0.299407
0.302247
0.304712
0.306812
0.308557
0.309958
0.311023
0.311758
0.312169
0.312262
0.312039
0.311502
0.310651
0.309487
0.308007
0.306207
0.304092
0.301667
0.298929
0.295874
0.292498
0.288799
0.284771
0.280412
0.275719
0.270689
0.265321
0.259615
0.253571
0.247193
0.240483
0.233448
0.226095
0.218434
0.210477
0.202236
0.193725
0.184958
0.175948
0.166703
0.157227
0.147515
0.137554
0.127318
0.116779
0.105904
0.0946714
0.0830792
0.0711027
0.0589286
0.0465138
0.0351389
0.0263487
0.0238402
0.0283408
0.0357932
0.042579
0.0477396
0.0510583
0.0525556
0.0523587
0.0506585
0.0476905
0.0437187
0.0390086
0.033776
0.0280894
0.0217175
0.0139585
0.0036009
0.00125669
0.00675535
0.01221
0.0170235
0.0208235
0.0235167
0.025212
0.0261181
0.026463
0.0264439
0.0262027
0.0258198
0.0253212
0.0246912
0.0238847
0.0228626
0.0215984
0.0200653
0.0182426
0.0161318
0.0138143
0.011618
0.0106198
0.0123919
0.0172922
0.024232
0.0325289
0.0417955
0.051802
0.0623917
0.0734387
0.0848399
0.0964978
0.108321
0.120222
0.132118
0.143931
0.155586
0.167019
0.17817
0.188986
0.199424
0.209447
0.219025
0.228136
0.236764
0.244899
0.252539
0.259683
0.266338
0.272512
0.278217
0.283467
0.288278
0.292666
0.296648
0.300242
0.303465
0.306331
0.308855
0.311052
0.312934
0.31451
0.315791
0.316784
0.317496
0.317931
0.318094
0.317986
0.317609
0.316965
0.316052
0.314869
0.313416
0.311694
0.309706
0.307452
0.30493
0.302137
0.299071
0.295728
0.292108
0.288206
0.28402
0.27955
0.274794
0.269751
0.26442
0.258803
0.252901
0.246715
0.240248
0.2335
0.226475
0.219171
0.211588
0.20372
0.195557
0.187085
0.178279
0.169107
0.159526
0.149488
0.138936
0.127818
0.116086
0.103707
0.0906635
0.0769906
0.0627028
0.0480555
0.0330437
0.0195286
0.0128562
0.0198787
0.0295271
0.0374649
0.0432994
0.0470682
0.0489176
0.0490376
0.0476527
0.0450124
0.0413632
0.0368867
0.0315832
0.0250922
0.0165065
0.00435043
0.00165908
0.00855971
0.0150567
0.0204544
0.0243893
0.0268481
0.0280427
0.0282811
0.0278779
0.0271003
0.0261417
0.0251126
0.0240463
0.0229113
0.0216577
0.0202444
0.0186368
0.0168268
0.0148864
0.0130985
0.0122893
0.0136732
0.0179169
0.0244141
0.0325172
0.0417909
0.0519426
0.0627602
0.0740791
0.0857676
0.0977118
0.109811
0.121971
0.134105
0.146131
0.157975
0.169568
0.18085
0.191769
0.202279
0.212345
0.221938
0.231038
0.239631
0.247711
0.255277
0.262334
0.268891
0.274963
0.280564
0.285714
0.290433
0.29474
0.298657
0.302204
0.305401
0.308266
0.310816
0.313067
0.315031
0.316723
0.31815
0.319323
0.320248
0.320932
0.321378
0.32159
0.32157
0.32132
0.320842
0.320134
0.319199
0.318034
0.316641
0.315024
0.313187
0.311127
0.308844
0.306338
0.303605
0.300646
0.297457
0.294039
0.29039
0.286509
0.282394
0.278044
0.273459
0.268637
0.263576
0.258273
0.252725
0.246926
0.240869
0.23454
0.227925
0.221002
0.213741
0.206107
0.198052
0.189522
0.180452
0.17077
0.160402
0.149275
0.137327
0.124512
0.110812
0.0962476
0.0808795
0.0648396
0.0482365
0.0314139
0.0142793
0.00341886
0.0171278
0.0278922
0.0360348
0.0417946
0.0454331
0.0471683
0.0472195
0.0458176
0.0431772
0.0394279
0.0344857
0.0278688
0.0185328
0.00490324
0.00212823
0.0105865
0.0181554
0.0240618
0.0279942
0.0300565
0.0305859
0.0300013
0.0287084
0.0270471
0.0252652
0.023508
0.0218214
0.0201694
0.0185333
0.0169166
0.0153592
0.014068
0.0135925
0.0148092
0.0183904
0.0241968
0.0317591
0.040707
0.0507164
0.061535
0.072955
0.0848073
0.0969507
0.109265
0.121645
0.133994
0.146226
0.158262
0.17003
0.181469
0.192521
0.203143
0.213296
0.222951
0.232089
0.240697
0.24877
0.256309
0.263322
0.269821
0.275823
0.281347
0.286415
0.291052
0.29528
0.299124
0.302608
0.305754
0.308583
0.311114
0.313366
0.315352
0.317088
0.318585
0.319852
0.320898
0.32173
0.322353
0.322773
0.322991
0.323012
0.322838
0.322469
0.321908
0.321156
0.320213
0.319082
0.317766
0.31627
0.314596
0.312743
0.310713
0.308506
0.30612
0.303557
0.300816
0.297897
0.2948
0.291524
0.288067
0.284429
0.280608
0.2766
0.272401
0.268004
0.263399
0.258575
0.253513
0.248192
0.242583
0.236648
0.230344
0.223615
0.216394
0.208608
0.200171
0.190993
0.18098
0.170041
0.158099
0.145092
0.130997
0.115832
0.0996782
0.082692
0.0651014
0.0472377
0.029451
0.0128552
0.00898181
0.0201543
0.0299633
0.0372211
0.0422785
0.0453397
0.0466038
0.046273
0.0445147
0.0413916
0.0367302
0.0299522
0.0199597
0.00524138
0.00266869
0.0128248
0.0214585
0.027761
0.0315272
0.0330158
0.0327096
0.0311451
0.02882
0.0261471
0.0234327
0.0208671
0.0185275
0.016493
0.0148885
0.0138922
0.013828
0.0152432
0.0185103
0.0237206
0.0306022
0.0389706
0.0485546
0.0591164
0.0704248
0.082278
0.0945031
0.106953
0.119502
0.132041
0.144472
0.156708
0.168674
0.1803
0.191528
0.20231
0.212604
0.22238
0.231616
0.240299
0.248424
0.255992
0.263013
0.2695
0.275473
0.280952
0.285964
0.290533
0.294689
0.298457
0.301865
0.304937
0.307698
0.31017
0.312372
0.314322
0.316035
0.317526
0.318806
0.319884
0.32077
0.321471
0.321991
0.322337
0.322512
0.32252
0.322363
0.322045
0.321569
0.320935
0.320147
0.319208
0.31812
0.316888
0.315519
0.314014
0.312375
0.310602
0.308699
0.306666
0.304504
0.302215
0.2998
0.297259
0.294592
0.291799
0.288879
0.285827
0.282641
0.279311
0.275829
0.27218
0.268344
0.264297
0.260008
0.255435
0.25053
0.245232
0.239471
0.233165
0.226221
0.218536
0.210001
0.200503
0.189935
0.178198
0.165215
0.150944
0.135394
0.118643
0.100863
0.0823376
0.0634891
0.0449127
0.0276701
0.0150965
0.0166711
0.0255071
0.0334599
0.039539
0.0436252
0.0458651
0.0464183
0.0453885
0.0427628
0.0382832
0.0313136
0.020786
0.00538031
0.00328209
0.0152489
0.0248975
0.031448
0.034863
0.0355929
0.0342807
0.031582
0.0280814
0.0242601
0.02049
0.0170546
0.0142176
0.0124855
0.0123803
0.0141569
0.0176212
0.0226704
0.0290768
0.0368348
0.0458233
0.0559038
0.0668754
0.0785346
0.0906866
0.103158
0.115799
0.128479
0.141086
0.153522
0.165699
0.177543
0.188987
0.199978
0.21047
0.220429
0.229828
0.238653
0.246897
0.254559
0.261649
0.26818
0.274173
0.27965
0.284639
0.289168
0.293267
0.296966
0.300294
0.303281
0.305952
0.308333
0.310445
0.31231
0.313946
0.315367
0.316589
0.317623
0.318479
0.319167
0.319694
0.320066
0.32029
0.320371
0.320312
0.320118
0.319792
0.319338
0.31876
0.31806
0.317243
0.316312
0.315274
0.314133
0.312893
0.311559
0.310133
0.308618
0.307017
0.305333
0.303569
0.301727
0.299809
0.297818
0.295754
0.293617
0.291406
0.289118
0.286746
0.284281
0.28171
0.279015
0.276171
0.273147
0.269902
0.266387
0.262542
0.258294
0.25356
0.248241
0.242231
0.235409
0.22765
0.218823
0.2088
0.197463
0.184712
0.170484
0.154764
0.137609
0.119179
0.0997618
0.0798161
0.0600136
0.0413724
0.0258742
0.0189716
0.0231435
0.0305063
0.0370807
0.0419236
0.0449551
0.0462337
0.045789
0.0435376
0.0391516
0.0319853
0.0210741
0.00535575
0.00396605
0.0178156
0.0283827
0.0350011
0.0378663
0.0376524
0.0351712
0.0311915
0.0263712
0.0212425
0.0162476
0.0119131
0.00957555
0.0107936
0.0147937
0.0202926
0.0267502
0.0341881
0.0426586
0.0521743
0.0626437
0.0739215
0.0858261
0.0981747
0.110797
0.123541
0.136276
0.148887
0.161274
0.17335
0.185041
0.196284
0.207027
0.217228
0.226857
0.235893
0.244326
0.252153
0.25938
0.26602
0.272093
0.277621
0.282634
0.28716
0.291232
0.294883
0.298144
0.301047
0.303621
0.305895
0.307893
0.30964
0.311156
0.31246
0.313569
0.314496
0.315255
0.315856
0.316309
0.316624
0.316807
0.316865
0.316804
0.31663
0.316347
0.315961
0.315475
0.314894
0.314222
0.313463
0.312623
0.311705
0.310718
0.309667
0.308556
0.30739
0.306173
0.304908
0.303601
0.302255
0.300876
0.299466
0.29803
0.296571
0.295091
0.29359
0.292069
0.290522
0.288945
0.287325
0.285649
0.283893
0.28203
0.280023
0.277825
0.275378
0.272613
0.269448
0.265786
0.261519
0.256525
0.250669
0.24381
0.235799
0.22649
0.215743
0.203436
0.189476
0.173819
0.15649
0.137612
0.117442
0.0964197
0.0752236
0.054864
0.0369533
0.0246739
0.0228626
0.0282565
0.0347503
0.0401038
0.0437829
0.0456696
0.0457028
0.0437318
0.0393878
0.0320569
0.0209255
0.00520882
0.00471307
0.0204631
0.0318044
0.038285
0.040396
0.0390618
0.0352651
0.0298731
0.0235907
0.0169602
0.0105017
0.00616614
0.00906611
0.015548
0.0227952
0.0304885
0.0388155
0.0479297
0.0578979
0.0686923
0.0802035
0.0922795
0.104752
0.117456
0.130242
0.142978
0.155548
0.167852
0.179802
0.191326
0.202361
0.212857
0.222776
0.232091
0.240785
0.24885
0.256288
0.26311
0.269332
0.274976
0.280071
0.284647
0.288737
0.292375
0.295596
0.298434
0.300922
0.30309
0.304967
0.306581
0.307955
0.30911
0.310067
0.310843
0.311453
0.311911
0.312229
0.312417
0.312486
0.312445
0.312299
0.312058
0.311727
0.311312
0.310819
0.310252
0.309617
0.308919
0.308163
0.307353
0.306495
0.305595
0.30466
0.303697
0.30271
0.301705
0.300686
0.29966
0.298631
0.297605
0.29659
0.295589
0.294608
0.293653
0.292726
0.29183
0.290965
0.290127
0.28931
0.288502
0.287688
0.286843
0.285936
0.284926
0.283761
0.282378
0.2807
0.278636
0.276082
0.272917
0.269008
0.264209
0.258361
0.251302
0.242867
0.232894
0.221237
0.207775
0.192431
0.175189
0.156123
0.135437
0.113511
0.090965
0.0687469
0.0482917
0.0320153
0.0243626
0.0264858
0.0323832
0.0380547
0.0422764
0.0446937
0.0451381
0.0433956
0.039086
0.0316536
0.0204551
0.00498244
0.00550955
0.023111
0.0350356
0.0411544
0.0423104
0.0396979
0.0344687
0.0275657
0.0197032
0.0113326
0.00293955
0.00735872
0.0161923
0.0248675
0.033661
0.0428023
0.0525094
0.0628962
0.0739759
0.0856788
0.0978798
0.110429
0.12317
0.135959
0.148663
0.161166
0.173369
0.185183
0.196535
0.207366
0.217627
0.227281
0.236303
0.244679
0.252405
0.259485
0.265932
0.271767
0.277015
0.281705
0.285872
0.289549
0.292775
0.295584
0.298013
0.300095
0.301863
0.303346
0.304573
0.305568
0.306354
0.306952
0.307381
0.307657
0.307794
0.307807
0.307707
0.307505
0.307211
0.306833
0.30638
0.305859
0.305276
0.304638
0.303952
0.303221
0.302452
0.30165
0.300821
0.299969
0.299101
0.29822
0.297337
0.296458
0.295589
0.294734
0.2939
0.293093
0.292321
0.291591
0.290911
0.290287
0.289727
0.289237
0.288823
0.288487
0.288232
0.288056
0.287951
0.287909
0.287911
0.287933
0.287942
0.287894
0.287734
0.287396
0.286796
0.285837
0.284409
0.282382
0.279612
0.275943
0.271204
0.265218
0.257801
0.248773
0.237965
0.225227
0.210447
0.193568
0.174612
0.153717
0.131181
0.107531
0.0836029
0.0606868
0.0408141
0.0275235
0.0250833
0.0298015
0.0356651
0.0403942
0.0433149
0.0441443
0.0426196
0.0383686
0.0309128
0.0197803
0.00471946
0.00633504
0.0256618
0.0379371
0.0434603
0.0434728
0.0394551
0.0327297
0.0242984
0.0149093
0.00512933
0.00651533
0.0165159
0.0263551
0.0360956
0.0460013
0.05628
0.0670725
0.0784257
0.0903033
0.102609
0.115211
0.127968
0.140739
0.153395
0.165822
0.177918
0.189597
0.200786
0.211426
0.221469
0.230879
0.239634
0.247721
0.255138
0.261892
0.267998
0.273477
0.278359
0.282674
0.286458
0.289748
0.292582
0.294998
0.297032
0.298719
0.300094
0.301188
0.302029
0.302643
0.303056
0.303289
0.303362
0.303292
0.303097
0.30279
0.302386
0.301895
0.30133
0.300699
0.300012
0.299277
0.298501
0.297692
0.296854
0.295995
0.295119
0.294233
0.293342
0.29245
0.291565
0.290691
0.289838
0.28901
0.288212
0.287451
0.286733
0.286066
0.285458
0.284916
0.28445
0.28407
0.283783
0.2836
0.283529
0.283576
0.283748
0.284046
0.284472
0.285021
0.285682
0.28644
0.287271
0.28814
0.289003
0.289805
0.290475
0.290927
0.291061
0.290759
0.289887
0.288294
0.285811
0.28226
0.277448
0.271178
0.263251
0.253473
0.241671
0.227698
0.211455
0.192914
0.172146
0.149362
0.124975
0.0996762
0.0745631
0.0513516
0.0329584
0.0245547
0.02693
0.0328421
0.0381183
0.0415749
0.0428071
0.0415232
0.0373774
0.0299789
0.0190169
0.00445668
0.00716195
0.0280051
0.0403627
0.0450554
0.0437592
0.038259
0.0300742
0.0203354
0.0105956
0.00771637
0.0166579
0.0271286
0.0376691
0.0482818
0.0591254
0.0703322
0.0819691
0.0940281
0.10644
0.119094
0.131863
0.144614
0.157223
0.169577
0.181575
0.193131
0.204173
0.214642
0.22449
0.233685
0.242202
0.250032
0.257173
0.263634
0.269431
0.274588
0.279135
0.283104
0.286533
0.28946
0.291924
0.293965
0.29562
0.296926
0.297919
0.298631
0.299091
0.299329
0.299369
0.299235
0.29895
0.298531
0.297997
0.297365
0.296648
0.295861
0.295014
0.294119
0.293186
0.292223
0.291239
0.29024
0.289233
0.288224
0.287219
0.286223
0.285241
0.284279
0.283341
0.282434
0.281563
0.280737
0.279959
0.279235
0.278571
0.277974
0.277454
0.277018
0.276677
0.27644
0.27632
0.276326
0.27647
0.276762
0.277212
0.277828
0.278614
0.279573
0.280702
0.281994
0.283435
0.285001
0.28666
0.288369
0.290071
0.291696
0.293157
0.294351
0.295159
0.29544
0.295038
0.293779
0.291474
0.287919
0.282903
0.27621
0.267626
0.256951
0.244008
0.22866
0.210828
0.190519
0.167865
0.143163
0.116958
0.0901409
0.0641325
0.0412753
0.025976
0.0239016
0.0295152
0.0354426
0.0395356
0.0412339
0.0402425
0.0362622
0.0289955
0.0182731
0.00422471
0.00795588
0.030022
0.0421662
0.0458015
0.0430682
0.0360934
0.0266913
0.0167872
0.0110746
0.0167199
0.027167
0.0382828
0.0495364
0.0609381
0.0725803
0.0845295
0.0967967
0.109336
0.122061
0.134857
0.147603
0.160179
0.172476
0.184395
0.195851
0.20677
0.217095
0.226779
0.235788
0.244102
0.251708
0.258609
0.264811
0.270335
0.275203
0.279446
0.2831
0.286202
0.288792
0.29091
0.292597
0.293892
0.294833
0.295457
0.295798
0.295887
0.295755
0.295429
0.294934
0.294293
0.293528
0.292658
0.2917
0.290671
0.289584
0.288455
0.287293
0.286109
0.284914
0.283715
0.282519
0.281334
0.280164
0.279017
0.277896
0.276806
0.275752
0.274739
0.273771
0.272853
0.271991
0.271192
0.270462
0.269803
0.269224
0.268732
0.268336
0.268045
0.267872
0.267828
0.267924
0.268175
0.268592
0.269189
0.269977
0.270967
0.272167
0.273581
0.27521
0.277049
0.279086
0.281302
0.283667
0.286139
0.288665
0.291175
0.293583
0.295787
0.297666
0.299078
0.299863
0.299842
0.298819
0.29658
0.292903
0.287555
0.280304
0.270925
0.259212
0.244991
0.228138
0.208601
0.186435
0.161838
0.135214
0.107258
0.0791009
0.0525778
0.0310482
0.0216699
0.0256679
0.0323462
0.0372549
0.0395349
0.0389148
0.0351684
0.028096
0.0176445
0.00404856
0.00867652
0.0315918
0.0432077
0.0455753
0.0413325
0.0330902
0.0232988
0.0156631
0.0171344
0.0265661
0.0379139
0.0496897
0.0616288
0.0737284
0.0860293
0.0985473
0.111255
0.124083
0.136937
0.149706
0.162278
0.174547
0.186416
0.197801
0.20863
0.218845
0.2284
0.237261
0.245407
0.252828
0.259525
0.265507
0.270792
0.275406
0.279381
0.282751
0.285556
0.287836
0.289633
0.290989
0.291945
0.29254
0.292812
0.292797
0.292529
0.29204
0.291358
0.290511
0.289524
0.288419
0.287219
0.285942
0.284606
0.283226
0.281818
0.280393
0.278962
0.277536
0.276124
0.274732
0.273367
0.272034
0.27074
0.269488
0.268282
0.267126
0.266024
0.26498
0.263997
0.263081
0.262235
0.261466
0.26078
0.26018
0.259674
0.259269
0.258976
0.258804
0.258767
0.258876
0.259146
0.259591
0.260227
0.261068
0.262127
0.263419
0.264953
0.266739
0.268779
0.271073
0.273613
0.276383
0.279356
0.282497
0.285754
0.289062
0.292338
0.295482
0.298373
0.300872
0.302816
0.304025
0.304295
0.303408
0.301129
0.297212
0.291408
0.283469
0.27316
0.260272
0.244638
0.226153
0.204801
0.180692
0.15411
0.125582
0.095992
0.0667795
0.0404104
0.0222672
0.021425
0.0287573
0.0347501
0.0377951
0.0376578
0.0342208
0.0273929
0.01721
0.00394823
0.00927917
0.0325989
0.0433604
0.0442757
0.0386225
0.0296625
0.0209513
0.0184248
0.0254303
0.0365658
0.0487055
0.0611356
0.0737048
0.086398
0.099218
0.112145
0.125127
0.138083
0.150916
0.163523
0.175802
0.187659
0.199012
0.20979
0.219935
0.229401
0.238154
0.246174
0.253451
0.259984
0.265784
0.27087
0.275268
0.279008
0.282128
0.284667
0.286668
0.288172
0.289222
0.289862
0.290133
0.290073
0.289721
0.289113
0.288281
0.287258
0.286073
0.284752
0.28332
0.281802
0.280216
0.278584
0.276921
0.275243
0.273563
0.271894
0.270245
0.268626
0.267044
0.265504
0.264013
0.262575
0.261193
0.259871
0.258611
0.257417
0.256291
0.255236
0.254255
0.253351
0.252528
0.251792
0.251148
0.250601
0.250157
0.249825
0.249614
0.249536
0.249604
0.249832
0.250234
0.250827
0.251628
0.252652
0.253916
0.255437
0.257227
0.259298
0.261659
0.264311
0.267252
0.270472
0.273948
0.277651
0.281534
0.285538
0.289585
0.29358
0.297406
0.300926
0.303979
0.306383
0.307935
0.308408
0.307561
0.305135
0.300864
0.29448
0.285721
0.274345
0.260141
0.242955
0.222707
0.199425
0.17329
0.144689
0.114305
0.0832567
0.0533903
0.028259
0.0178871
0.0245445
0.0319479
0.0360362
0.0365428
0.0335059
0.0269666
0.0170276
0.0039383
0.00971684
0.0329401
0.0425171
0.0419061
0.035176
0.0263817
0.0207136
0.0241174
0.0343433
0.0465917
0.0594302
0.0724625
0.0855809
0.0987549
0.11196
0.125152
0.138265
0.151213
0.163903
0.176239
0.188132
0.199499
0.210272
0.220393
0.229815
0.238506
0.246444
0.25362
0.260033
0.265694
0.270621
0.274841
0.278385
0.281291
0.283598
0.28535
0.286591
0.287364
0.287714
0.287684
0.287315
0.286647
0.285718
0.284563
0.283217
0.281709
0.280071
0.278327
0.276505
0.274625
0.27271
0.270776
0.268842
0.26692
0.265024
0.263164
0.261349
0.259586
0.257881
0.25624
0.254665
0.25316
0.251726
0.250367
0.249082
0.247875
0.246746
0.245698
0.244733
0.243854
0.243062
0.242363
0.241762
0.241263
0.240873
0.2406
0.240455
0.24045
0.240597
0.240912
0.24141
0.242108
0.243024
0.244177
0.245584
0.247264
0.249234
0.251508
0.254098
0.257012
0.260252
0.263813
0.267681
0.27183
0.276224
0.280809
0.285517
0.290257
0.29492
0.299374
0.303462
0.307006
0.3098
0.311616
0.312206
0.311302
0.308624
0.303882
0.296791
0.287074
0.274483
0.258812
0.239921
0.217764
0.192429
0.164183
0.133548
0.10141
0.0692111
0.0394336
0.0181863
0.0196426
0.0286566
0.0341814
0.0355675
0.0330537
0.0268605
0.0171273
0.00402419
0.00994625
0.032531
0.0406254
0.0385918
0.0313035
0.0239556
0.0232615
0.0313883
0.0433889
0.0565154
0.0699826
0.0835457
0.0971192
0.11066
0.124125
0.137455
0.150577
0.163406
0.175853
0.187832
0.199266
0.210085
0.220232
0.229661
0.238339
0.246244
0.253366
0.259706
0.265272
0.270084
0.274167
0.277555
0.280284
0.282396
0.283934
0.284943
0.285469
0.285558
0.285254
0.284601
0.28364
0.282412
0.280955
0.279305
0.277494
0.275555
0.273518
0.271408
0.26925
0.267067
0.264878
0.262701
0.260551
0.258442
0.256383
0.254385
0.252454
0.250596
0.248815
0.247113
0.245494
0.243958
0.242506
0.241138
0.239854
0.238656
0.237543
0.236517
0.235579
0.234733
0.233981
0.233327
0.232769
0.232316
0.231973
0.231751
0.231659
0.23171
0.231916
0.232293
0.232856
0.233624
0.234615
0.235848
0.237344
0.239122
0.241203
0.243602
0.246338
0.249421
0.25286
0.256655
0.2608
0.265278
0.270061
0.275104
0.280348
0.285713
0.291098
0.29638
0.301409
0.30601
0.309982
0.313097
0.315102
0.315722
0.314665
0.311624
0.306288
0.298351
0.287525
0.273554
0.256242
0.23547
0.21124
0.183713
0.153276
0.120627
0.0869201
0.0540396
0.0256154
0.015007
0.0245772
0.0320305
0.0346413
0.0328324
0.0270658
0.0175026
0.00420288
0.00993837
0.0313009
0.0377236
0.034509
0.027413
0.0232046
0.0279908
0.039204
0.0524297
0.0662756
0.0802862
0.0942936
0.108222
0.122019
0.135629
0.148986
0.162014
0.17463
0.186753
0.198309
0.209229
0.219457
0.228946
0.237665
0.245589
0.252709
0.259023
0.264543
0.269286
0.273278
0.276551
0.279144
0.281098
0.282458
0.28327
0.283581
0.283439
0.28289
0.281979
0.280752
0.279249
0.277512
0.275578
0.273485
0.271266
0.268951
0.266571
0.264152
0.261718
0.259289
0.256885
0.254521
0.252212
0.249969
0.2478
0.245713
0.243713
0.241803
0.239986
0.238263
0.236634
0.235098
0.233656
0.232305
0.231046
0.229876
0.228797
0.227808
0.22691
0.226105
0.225395
0.224781
0.224267
0.223857
0.223559
0.223382
0.223335
0.22343
0.223681
0.224102
0.224709
0.22552
0.226554
0.227831
0.229372
0.231198
0.23333
0.23579
0.238596
0.241764
0.245309
0.249237
0.253551
0.258241
0.263289
0.268662
0.274312
0.280171
0.286149
0.292135
0.297988
0.303543
0.308604
0.312945
0.316314
0.318432
0.318995
0.317682
0.314159
0.308091
0.299152
0.287039
0.271497
0.25234
0.229484
0.202992
0.173128
0.14044
0.105871
0.0709577
0.0382958
0.0147325
0.0195071
0.0292968
0.0335939
0.0327461
0.0275176
0.018112
0.00446397
0.00966738
0.0292259
0.0339074
0.0298896
0.0241523
0.0248641
0.034217
0.047244
0.0613797
0.0758224
0.0902848
0.104643
0.118826
0.132775
0.146428
0.159714
0.172559
0.184886
0.196622
0.207701
0.218066
0.227673
0.236487
0.244485
0.251656
0.257998
0.263522
0.268244
0.272191
0.275395
0.277894
0.279732
0.280952
0.281603
0.281734
0.281393
0.280629
0.27949
0.278022
0.276269
0.274276
0.272082
0.269727
0.267246
0.264674
0.262042
0.259378
0.256708
0.254054
0.251437
0.248873
0.246378
0.243962
0.241634
0.239402
0.237271
0.235242
0.233319
0.2315
0.229786
0.228175
0.226665
0.225254
0.223939
0.22272
0.221593
0.220558
0.219615
0.218764
0.218004
0.217339
0.216771
0.216301
0.215936
0.215681
0.215547
0.215541
0.215675
0.215963
0.216418
0.217055
0.217893
0.218949
0.220244
0.221799
0.223635
0.225775
0.228242
0.231057
0.23424
0.237811
0.241783
0.246164
0.250956
0.25615
0.261727
0.267649
0.273864
0.280297
0.286849
0.293394
0.299778
0.305814
0.311285
0.31594
0.319498
0.321649
0.32206
0.320377
0.316236
0.309276
0.299149
0.285541
0.268198
0.246954
0.221776
0.192814
0.160475
0.125528
0.0892553
0.0537342
0.0228993
0.0140927
0.0256475
0.0321821
0.0326424
0.0281119
0.0188878
0.00478799
0.00911152
0.0263411
0.0293057
0.025096
0.0224217
0.0286573
0.0410631
0.055358
0.0701995
0.0851245
0.0999425
0.114556
0.128896
0.142901
0.156504
0.169636
0.182224
0.194198
0.205494
0.216056
0.225838
0.234804
0.242933
0.25021
0.256634
0.262214
0.266967
0.270918
0.2741
0.276551
0.278314
0.279436
0.279965
0.279952
0.279446
0.278499
0.277161
0.275481
0.273505
0.27128
0.268848
0.266252
0.263531
0.260719
0.257852
0.254959
0.252068
0.249204
0.246386
0.243635
0.240964
0.238385
0.235908
0.23354
0.231285
0.229145
0.227122
0.225214
0.223421
0.221739
0.220165
0.218698
0.217332
0.216066
0.214896
0.21382
0.212836
0.211944
0.211143
0.210434
0.209817
0.209296
0.208874
0.208555
0.208346
0.208255
0.208291
0.208464
0.208786
0.209272
0.209934
0.210791
0.211859
0.213158
0.214708
0.21653
0.218648
0.221085
0.223865
0.22701
0.230543
0.234483
0.238846
0.243642
0.248874
0.254534
0.260599
0.267033
0.273777
0.280749
0.28784
0.294911
0.301788
0.308266
0.314101
0.319014
0.322692
0.324791
0.324942
0.322756
0.317837
0.309792
0.298253
0.282897
0.263478
0.239864
0.212095
0.180447
0.145531
0.108433
0.0709317
0.0359945
0.012209
0.0209016
0.0301407
0.0323456
0.0287225
0.0197462
0.00514952
0.00826862
0.0227104
0.024113
0.0208064
0.0232031
0.0340979
0.0483116
0.0634885
0.078869
0.0941647
0.109241
0.124014
0.138419
0.152392
0.165864
0.178768
0.191036
0.202606
0.213421
0.223435
0.232612
0.240928
0.248368
0.25493
0.26062
0.265457
0.269463
0.272672
0.275122
0.276857
0.277923
0.27837
0.27825
0.277616
0.27652
0.275014
0.27315
0.270978
0.268546
0.265901
0.263085
0.260142
0.257109
0.254023
0.250917
0.247819
0.244755
0.241749
0.23882
0.235982
0.233249
0.23063
0.228131
0.225758
0.223511
0.221391
0.219397
0.217525
0.215774
0.214139
0.212615
0.211199
0.209887
0.208674
0.207559
0.206537
0.205607
0.204768
0.20402
0.203362
0.202797
0.202326
0.201953
0.201684
0.201523
0.201479
0.20156
0.201776
0.202136
0.202655
0.203345
0.204221
0.205299
0.206598
0.208137
0.209936
0.212017
0.214403
0.21712
0.22019
0.22364
0.227493
0.23177
0.236491
0.241667
0.247302
0.253391
0.259912
0.266825
0.274068
0.281551
0.289154
0.296723
0.304065
0.31095
0.317104
0.322216
0.325938
0.327885
0.327648
0.324799
0.318903
0.309538
0.296314
0.278905
0.257083
0.230774
0.200125
0.165597
0.128093
0.0891532
0.0512732
0.019218
0.0153905
0.0272159
0.0316671
0.0292154
0.0205988
0.00552192
0.00715151
0.0184251
0.0186792
0.0182935
0.0265646
0.0403741
0.055789
0.0716001
0.0873781
0.102937
0.118174
0.133017
0.147401
0.16126
0.174529
0.187143
0.199038
0.210161
0.220463
0.229906
0.238466
0.246125
0.25288
0.258737
0.263711
0.267825
0.271112
0.27361
0.275362
0.276417
0.276825
0.276639
0.275913
0.274703
0.273062
0.271046
0.268705
0.266092
0.263255
0.260242
0.257096
0.253859
0.25057
0.247263
0.24397
0.240719
0.237533
0.234434
0.231436
0.228554
0.225797
0.223171
0.220681
0.218328
0.216112
0.21403
0.21208
0.210258
0.208558
0.206976
0.205507
0.204145
0.202888
0.20173
0.200668
0.1997
0.198823
0.198038
0.197342
0.196737
0.196223
0.195805
0.195485
0.195269
0.195161
0.195169
0.195301
0.195564
0.19597
0.196528
0.197252
0.198154
0.199249
0.200554
0.202084
0.203861
0.205903
0.208233
0.210875
0.213853
0.217194
0.220924
0.225069
0.229655
0.234701
0.240225
0.246233
0.252722
0.259671
0.267038
0.274758
0.282733
0.29083
0.298876
0.306658
0.313915
0.320342
0.325588
0.329262
0.330936
0.330154
0.326443
0.319327
0.308352
0.293112
0.273284
0.248681
0.219319
0.185507
0.147977
0.108062
0.0679736
0.0314156
0.0112663
0.0232643
0.030418
0.0294666
0.0213661
0.00588266
0.00578747
0.0136307
0.0138317
0.0189844
0.0318166
0.0472633
0.0634367
0.0796796
0.0957253
0.111443
0.126749
0.141575
0.155858
0.169532
0.182534
0.194803
0.206281
0.216922
0.226685
0.235542
0.243476
0.25048
0.256558
0.261723
0.265998
0.269415
0.272011
0.27383
0.274919
0.275331
0.27512
0.274342
0.273054
0.271313
0.269174
0.266694
0.263925
0.260921
0.257731
0.254402
0.250978
0.2475
0.244006
0.240529
0.237099
0.233741
0.230476
0.227323
0.224295
0.221402
0.218649
0.216043
0.213582
0.211267
0.209095
0.207062
0.205163
0.203393
0.201747
0.200218
0.198802
0.197493
0.196286
0.195179
0.194167
0.193249
0.192422
0.191687
0.191042
0.19049
0.190031
0.189667
0.189403
0.189243
0.189193
0.189259
0.189448
0.189767
0.190226
0.190834
0.191601
0.19254
0.193663
0.194984
0.196518
0.198282
0.200294
0.202574
0.205144
0.208029
0.211253
0.214844
0.218832
0.223245
0.228111
0.233457
0.239302
0.245658
0.252524
0.259882
0.267689
0.275874
0.284329
0.292909
0.30142
0.309619
0.317214
0.323859
0.32916
0.332675
0.333924
0.332399
0.327576
0.318938
0.306
0.288344
0.26567
0.237863
0.205079
0.167876
0.127386
0.0855761
0.0456558
0.0142931
0.0183878
0.0284394
0.0293675
0.0219834
0.00621639
0.00421796
0.00867571
0.0117778
0.0229961
0.0381682
0.0545587
0.0712061
0.0877179
0.103913
0.119691
0.134978
0.149707
0.163816
0.177241
0.18992
0.201797
0.212821
0.222952
0.232157
0.240418
0.247723
0.254075
0.259486
0.263975
0.267574
0.270319
0.272253
0.273425
0.273886
0.273693
0.272903
0.271575
0.269767
0.267539
0.264948
0.262051
0.258904
0.255558
0.252064
0.248469
0.244817
0.241147
0.237495
0.233894
0.230369
0.226945
0.223639
0.220465
0.217435
0.214555
0.211828
0.209256
0.206838
0.204569
0.202447
0.200464
0.198617
0.196898
0.195301
0.193821
0.192452
0.191189
0.190027
0.188965
0.187997
0.187124
0.186343
0.185654
0.185058
0.184557
0.184152
0.183844
0.183638
0.183538
0.183549
0.183678
0.183931
0.184314
0.184835
0.185503
0.186326
0.187314
0.188479
0.189831
0.191384
0.193152
0.19515
0.197395
0.199908
0.20271
0.205825
0.20928
0.213104
0.217329
0.221988
0.227113
0.232736
0.238883
0.24557
0.2528
0.260558
0.268798
0.277445
0.286381
0.29544
0.304404
0.313
0.320892
0.327689
0.332943
0.336156
0.336787
0.334269
0.328024
0.317491
0.302159
0.281617
0.255614
0.224154
0.187617
0.146934
0.103837
0.0612251
0.0240635
0.0132064
0.0255984
0.0288153
0.0224027
0.00651565
0.00251151
0.00523971
0.0145498
0.0289644
0.0452664
0.0621634
0.0790689
0.0957098
0.111947
0.127693
0.142879
0.157438
0.171307
0.184425
0.196733
0.208178
0.218718
0.228316
0.23695
0.244607
0.251284
0.256992
0.261748
0.265581
0.268526
0.270625
0.271927
0.272484
0.272353
0.271592
0.270262
0.268424
0.266139
0.263468
0.26047
0.257203
0.253724
0.250084
0.246334
0.24252
0.238686
0.234868
0.231102
0.227415
0.223833
0.220375
0.217056
0.213887
0.210876
0.208025
0.205336
0.202807
0.200435
0.198214
0.19614
0.194205
0.192403
0.190728
0.189174
0.187734
0.186403
0.185178
0.184054
0.183028
0.182099
0.181265
0.180525
0.179879
0.179329
0.178876
0.178522
0.17827
0.178122
0.178085
0.178162
0.178359
0.178682
0.179136
0.179729
0.180467
0.181357
0.182409
0.18363
0.18503
0.18662
0.18841
0.190414
0.192646
0.195123
0.197863
0.200888
0.204222
0.207894
0.211935
0.216381
0.221268
0.226636
0.232521
0.238956
0.245965
0.253556
0.261713
0.270393
0.27951
0.288933
0.298473
0.307883
0.316848
0.324985
0.331848
0.336923
0.339648
0.339414
0.335587
0.327534
0.314652
0.296417
0.272448
0.242591
0.207048
0.166544
0.12258
0.0777879
0.0364992
0.0103778
0.0218593
0.0277368
0.0225959
0.0067805
0.00108929
0.00763084
0.0204635
0.0360928
0.0528926
0.0700085
0.087002
0.103651
0.119832
0.135462
0.150472
0.164794
0.178366
0.191126
0.203021
0.214002
0.224031
0.23308
0.241132
0.248183
0.254237
0.259309
0.263426
0.266621
0.268934
0.270415
0.271114
0.27109
0.270401
0.269109
0.267278
0.264971
0.26225
0.259179
0.255819
0.252227
0.24846
0.244571
0.240609
0.236621
0.232645
0.22872
0.224875
0.221137
0.217526
0.21406
0.210749
0.207601
0.204621
0.201808
0.199161
0.196676
0.194349
0.192172
0.190139
0.188244
0.186479
0.184838
0.183315
0.181905
0.180604
0.179406
0.178311
0.177314
0.176415
0.175614
0.174909
0.174302
0.173794
0.173387
0.173083
0.172886
0.172799
0.172826
0.172972
0.173242
0.17364
0.174172
0.174844
0.175662
0.176631
0.177758
0.179049
0.180513
0.182158
0.183991
0.186023
0.188265
0.190731
0.193435
0.196396
0.199636
0.203179
0.207056
0.211301
0.215954
0.221056
0.226655
0.232793
0.239513
0.246845
0.254802
0.263372
0.272506
0.28211
0.292034
0.302062
0.311907
0.321205
0.329516
0.336325
0.341049
0.343045
0.341629
0.336098
0.325762
0.309987
0.288257
0.260265
0.226028
0.186063
0.141631
0.0950951
0.0504051
0.0148078
0.0173226
0.0260667
0.0225385
0.00701151
0.00206918
0.0132806
0.0277199
0.0439159
0.0608922
0.0780335
0.0949808
0.111534
0.127572
0.143011
0.157778
0.171804
0.185026
0.197386
0.208832
0.21932
0.228819
0.237306
0.244771
0.251216
0.256652
0.261101
0.264595
0.267172
0.268878
0.269767
0.269894
0.26932
0.268107
0.266321
0.264026
0.261289
0.258174
0.254745
0.251063
0.247189
0.243177
0.239081
0.234949
0.230823
0.226744
0.222744
0.21885
0.215087
0.21147
0.208014
0.204725
0.201607
0.198663
0.19589
0.193283
0.190839
0.188549
0.186407
0.184407
0.18254
0.1808
0.179181
0.177679
0.176288
0.175004
0.173825
0.172748
0.171772
0.170896
0.170121
0.169446
0.168873
0.168404
0.168041
0.167787
0.167645
0.167619
0.167712
0.167929
0.168275
0.168754
0.16937
0.170128
0.171033
0.172089
0.173303
0.174678
0.17622
0.177936
0.179831
0.181912
0.184189
0.186669
0.189366
0.192294
0.19547
0.198915
0.202658
0.206729
0.211168
0.216017
0.221327
0.227151
0.233542
0.240551
0.248217
0.256557
0.265562
0.275177
0.285295
0.295739
0.30626
0.31652
0.326098
0.334483
0.34108
0.345221
0.346177
0.34318
0.335455
0.322261
0.302953
0.277065
0.244429
0.205349
0.160844
0.113006
0.0654853
0.0243329
0.012342
0.0237195
0.0221985
0.00720774
0.00407731
0.0196231
0.0355675
0.052151
0.0691418
0.0861798
0.102978
0.119348
0.135169
0.150351
0.164815
0.178494
0.191323
0.203245
0.214212
0.224186
0.233139
0.241055
0.247931
0.253773
0.2586
0.262438
0.265326
0.267306
0.26843
0.268753
0.268337
0.267245
0.265543
0.263297
0.260576
0.257447
0.253976
0.250229
0.246267
0.242149
0.237932
0.233666
0.229399
0.225171
0.221018
0.21697
0.213052
0.209283
0.205675
0.202239
0.198979
0.195895
0.192987
0.190249
0.187677
0.185264
0.183002
0.180884
0.178903
0.177052
0.175325
0.173716
0.172222
0.170838
0.169562
0.168391
0.167324
0.166362
0.165502
0.164747
0.164098
0.163556
0.163123
0.162802
0.162597
0.162509
0.162544
0.162705
0.162996
0.16342
0.163982
0.164686
0.165536
0.166534
0.167686
0.168995
0.170465
0.172098
0.173899
0.175873
0.178023
0.180355
0.182876
0.185593
0.188517
0.191663
0.195047
0.198691
0.202624
0.206882
0.211505
0.216546
0.22206
0.228111
0.234762
0.242074
0.250094
0.258847
0.268322
0.278455
0.289118
0.300105
0.311117
0.32176
0.331538
0.339855
0.346024
0.349279
0.348795
0.343716
0.333197
0.316464
0.292894
0.262134
0.22427
0.180073
0.131355
0.0814707
0.0359749
0.00873924
0.0206702
0.0215605
0.00737304
0.00619385
0.026157
0.0436798
0.0606143
0.0775403
0.0943913
0.110963
0.127081
0.142622
0.15749
0.171603
0.184891
0.197289
0.208743
0.219207
0.228649
0.237045
0.244385
0.250671
0.255916
0.260144
0.263386
0.265685
0.26709
0.267655
0.267441
0.266511
0.264932
0.262772
0.260102
0.25699
0.253505
0.249716
0.245688
0.241482
0.237158
0.232771
0.228369
0.223998
0.219695
0.215494
0.21142
0.207494
0.203732
0.200143
0.196732
0.193501
0.190449
0.187571
0.184862
0.182314
0.179921
0.177674
0.175567
0.173592
0.171744
0.170017
0.168406
0.166909
0.165522
0.164244
0.163072
0.162008
0.161052
0.160203
0.159464
0.158836
0.158321
0.157922
0.157642
0.157484
0.157451
0.157547
0.157776
0.158142
0.158647
0.159295
0.16009
0.161035
0.162133
0.163386
0.164798
0.166369
0.168104
0.170003
0.172069
0.174304
0.176711
0.179293
0.182056
0.185007
0.188154
0.191511
0.195096
0.198931
0.203048
0.207484
0.212288
0.217518
0.223239
0.229526
0.236453
0.244092
0.2525
0.261707
0.271696
0.282392
0.293639
0.305187
0.316679
0.327647
0.337504
0.345556
0.351008
0.352983
0.350552
0.34277
0.328737
0.307673
0.27904
0.242702
0.199175
0.149982
0.0981682
0.0489552
0.0114513
0.0169531
0.0205983
0.0075023
0.00831376
0.0327198
0.0518857
0.0691795
0.086005
0.102616
0.118905
0.134718
0.149928
0.164435
0.178155
0.191016
0.202953
0.213914
0.223858
0.232754
0.240586
0.247348
0.253048
0.257704
0.261343
0.264005
0.265735
0.266586
0.266617
0.265891
0.264476
0.26244
0.259855
0.256792
0.253323
0.249518
0.245446
0.241171
0.236756
0.232258
0.227732
0.223223
0.218774
0.21442
0.210189
0.206104
0.202182
0.198434
0.194866
0.19148
0.188276
0.185249
0.182393
0.179701
0.177166
0.17478
0.172536
0.170426
0.168444
0.166586
0.164847
0.163223
0.161712
0.160312
0.159023
0.157844
0.156776
0.155819
0.154976
0.154249
0.153639
0.153149
0.152782
0.152541
0.152429
0.152451
0.152608
0.152906
0.153347
0.153934
0.15467
0.155559
0.156603
0.157803
0.159162
0.160681
0.162362
0.164205
0.166212
0.168381
0.170714
0.173212
0.175875
0.178705
0.181707
0.184885
0.188249
0.191811
0.195589
0.199608
0.203901
0.208513
0.213497
0.218918
0.224855
0.231394
0.238622
0.246625
0.255467
0.26518
0.275741
0.287052
0.298921
0.31104
0.322979
0.334176
0.343939
0.351453
0.355803
0.355989
0.350975
0.339736
0.321339
0.295057
0.260534
0.218022
0.168749
0.115437
0.0630102
0.0194425
0.0126296
0.0192446
0.00757508
0.0103981
0.0392234
0.0600786
0.0777546
0.0944678
0.110808
0.126775
0.142241
0.157081
0.171191
0.184485
0.19689
0.208342
0.218792
0.228201
0.236544
0.243808
0.249994
0.255113
0.259189
0.262254
0.264351
0.265531
0.26585
0.26537
0.264159
0.262286
0.259823
0.256843
0.25342
0.249627
0.245533
0.241209
0.23672
0.232126
0.227484
0.222845
0.218253
0.213748
0.209359
0.205113
0.201027
0.197114
0.193383
0.189835
0.186471
0.183285
0.180274
0.177429
0.174742
0.172207
0.169815
0.167559
0.165434
0.163433
0.161553
0.15979
0.158142
0.156608
0.155188
0.15388
0.152687
0.151609
0.150649
0.149807
0.149088
0.148493
0.148026
0.147689
0.147486
0.147421
0.147496
0.147715
0.148081
0.148598
0.149269
0.150095
0.151079
0.152223
0.153528
0.154996
0.156627
0.158422
0.160379
0.162499
0.164781
0.167222
0.169823
0.172582
0.175498
0.178572
0.181806
0.185206
0.188778
0.192537
0.196502
0.200698
0.205164
0.209949
0.215114
0.220736
0.226905
0.233721
0.241287
0.249701
0.259035
0.269321
0.28052
0.292504
0.305028
0.317711
0.330029
0.341307
0.350724
0.357332
0.360075
0.357826
0.349443
0.333843
0.310111
0.277665
0.236494
0.187518
0.133127
0.0779252
0.0295195
0.00811115
0.0174515
0.00758447
0.0124212
0.0456062
0.0681827
0.0862692
0.102872
0.118925
0.134545
0.149635
0.164075
0.17776
0.190603
0.20253
0.21348
0.223405
0.232271
0.240057
0.246754
0.252367
0.256913
0.260419
0.262924
0.264474
0.265123
0.264932
0.263966
0.262295
0.259992
0.25713
0.253784
0.250031
0.245942
0.241591
0.237045
0.232369
0.227624
0.222862
0.218133
0.213479
0.208932
0.204522
0.200269
0.196187
0.192286
0.188569
0.185037
0.181686
0.178511
0.175503
0.172657
0.169963
0.167414
0.165003
0.162723
0.160569
0.158538
0.156625
0.154829
0.153149
0.151584
0.150135
0.148803
0.14759
0.146498
0.145529
0.144686
0.143972
0.14339
0.142944
0.142636
0.14247
0.14245
0.142579
0.142859
0.143295
0.143889
0.144643
0.145559
0.14664
0.147886
0.149298
0.150877
0.152622
0.154534
0.15661
0.158848
0.161248
0.163806
0.166519
0.169384
0.1724
0.175564
0.178875
0.182335
0.185948
0.189722
0.19367
0.197814
0.202182
0.206818
0.211777
0.217131
0.222968
0.229392
0.236521
0.244474
0.25336
0.26326
0.274197
0.28611
0.298823
0.312022
0.325231
0.337809
0.348944
0.357666
0.362872
0.363355
0.35786
0.345155
0.324142
0.29401
0.254481
0.20616
0.151084
0.0935118
0.0408129
0.00607598
0.0152302
0.00754345
0.0143629
0.0518192
0.0761397
0.0946676
0.111172
0.126931
0.142188
0.156883
0.170902
0.184143
0.196517
0.207952
0.218388
0.227781
0.236099
0.243326
0.249459
0.254506
0.258489
0.261439
0.263399
0.26442
0.264558
0.263879
0.26245
0.260345
0.257637
0.254403
0.250719
0.246663
0.242308
0.237726
0.232985
0.228148
0.223274
0.218414
0.213614
0.208911
0.204336
0.199912
0.195657
0.19158
0.187688
0.183982
0.180457
0.17711
0.173934
0.170919
0.168059
0.165344
0.162769
0.160326
0.15801
0.155816
0.153743
0.151788
0.149951
0.14823
0.146627
0.145144
0.143783
0.142545
0.141435
0.140454
0.139607
0.138896
0.138325
0.137898
0.137619
0.137489
0.137514
0.137696
0.138039
0.138544
0.139215
0.140053
0.14106
0.142238
0.143587
0.145108
0.146799
0.148661
0.150691
0.152888
0.155249
0.15777
0.160449
0.163281
0.166262
0.169387
0.172654
0.176059
0.179599
0.183277
0.187094
0.191061
0.195191
0.199507
0.204044
0.20885
0.213988
0.219542
0.225614
0.232328
0.239817
0.24822
0.257658
0.268211
0.279889
0.292593
0.306084
0.319952
0.333602
0.346248
0.356915
0.364461
0.36761
0.365002
0.355262
0.337106
0.309499
0.271887
0.224557
0.169179
0.109636
0.0530446
0.0105025
0.0125738
0.00743211
0.0162065
0.0578218
0.0839023
0.102904
0.119326
0.134794
0.149682
0.163969
0.177556
0.19034
0.202234
0.213167
0.223083
0.23194
0.239711
0.246383
0.251957
0.256447
0.259878
0.262287
0.263719
0.264228
0.263877
0.262731
0.260863
0.258346
0.255259
0.251679
0.247684
0.243351
0.238755
0.233967
0.229054
0.224079
0.219096
0.214155
0.209298
0.204557
0.199961
0.195529
0.191272
0.187199
0.183311
0.179607
0.176082
0.172728
0.169538
0.166504
0.163617
0.160869
0.158255
0.155769
0.153406
0.151163
0.14904
0.147034
0.145147
0.143379
0.141733
0.140211
0.138815
0.137549
0.136417
0.135422
0.134567
0.133858
0.133297
0.132888
0.132636
0.132542
0.132612
0.132847
0.133251
0.133827
0.134575
0.135498
0.136598
0.137874
0.139327
0.140956
0.142761
0.14474
0.14689
0.149209
0.151694
0.15434
0.157143
0.160099
0.163201
0.166444
0.169823
0.173332
0.176969
0.18073
0.184615
0.188629
0.192779
0.197084
0.201568
0.206271
0.211248
0.216574
0.222347
0.228686
0.235734
0.243646
0.252578
0.262662
0.273973
0.286492
0.300063
0.314358
0.328845
0.34278
0.355198
0.364935
0.370656
0.370903
0.364164
0.348974
0.324072
0.28863
0.242606
0.187296
0.126184
0.0660913
0.0179163
0.00945376
0.00721262
0.0179387
0.0635796
0.091431
0.11094
0.127302
0.142486
0.157004
0.170881
0.184028
0.196348
0.207757
0.218185
0.227579
0.235902
0.243129
0.249253
0.254277
0.258221
0.261114
0.262997
0.263918
0.263935
0.263114
0.261524
0.259238
0.256335
0.252892
0.24899
0.244708
0.240123
0.235309
0.230338
0.225275
0.220179
0.215104
0.210096
0.205192
0.200422
0.195809
0.191368
0.187108
0.183034
0.179144
0.175433
0.171896
0.168525
0.16531
0.162244
0.159318
0.156526
0.153863
0.151322
0.148903
0.146602
0.14442
0.142357
0.140413
0.138593
0.136898
0.135331
0.133897
0.1326
0.131443
0.13043
0.129567
0.128857
0.128305
0.127914
0.127687
0.127629
0.127744
0.128032
0.128499
0.129144
0.129971
0.13098
0.132172
0.133547
0.135105
0.136844
0.138763
0.140859
0.143131
0.145573
0.148183
0.150955
0.153885
0.156966
0.160192
0.163558
0.167056
0.170679
0.174423
0.178282
0.182254
0.186337
0.190537
0.194863
0.199335
0.203982
0.208851
0.214007
0.219536
0.225553
0.2322
0.239641
0.248056
0.257618
0.268462
0.280648
0.294109
0.308609
0.323698
0.338687
0.352645
0.364399
0.37257
0.37561
0.371877
0.359732
0.337688
0.30464
0.260214
0.20532
0.143022
0.0797897
0.026526
0.00597054
0.00688073
0.0195489
0.0690636
0.0986925
0.118744
0.13507
0.149984
0.164137
0.177604
0.190311
0.202167
0.213091
0.223015
0.231891
0.239683
0.246374
0.251958
0.256444
0.259856
0.262226
0.263598
0.264027
0.263572
0.262301
0.260288
0.257608
0.25434
0.250565
0.246365
0.241818
0.237003
0.231993
0.226858
0.221661
0.216461
0.211308
0.206242
0.201298
0.196503
0.191875
0.187424
0.183158
0.179076
0.175175
0.171449
0.16789
0.164489
0.161238
0.158129
0.155153
0.152306
0.149583
0.146979
0.144495
0.142128
0.13988
0.137752
0.135748
0.133869
0.13212
0.130506
0.12903
0.127697
0.126512
0.12548
0.124606
0.123894
0.123349
0.122974
0.122774
0.122752
0.122911
0.123253
0.123782
0.124499
0.125405
0.126501
0.127787
0.129261
0.130925
0.132774
0.134808
0.137023
0.139415
0.141981
0.144716
0.147615
0.150672
0.15388
0.157233
0.160724
0.164345
0.168088
0.171947
0.175915
0.179986
0.184157
0.188428
0.192804
0.197298
0.201932
0.206741
0.211779
0.217124
0.222878
0.229176
0.236186
0.244098
0.253117
0.263429
0.275166
0.288354
0.302854
0.318312
0.33412
0.349392
0.362969
0.373439
0.379182
0.378432
0.369379
0.350316
0.319859
0.277297
0.223146
0.160029
0.0940127
0.0359646
0.00299758
0.00645303
0.0210292
0.0742493
0.105658
0.126288
0.142606
0.157266
0.171063
0.184126
0.196398
0.207794
0.218236
0.227663
0.236027
0.243298
0.249462
0.254518
0.25848
0.261374
0.263237
0.264118
0.264072
0.263165
0.261466
0.25905
0.255997
0.252387
0.248302
0.243825
0.239034
0.234009
0.228821
0.22354
0.218226
0.212935
0.207712
0.202597
0.197619
0.1928
0.188155
0.183692
0.179413
0.175315
0.171395
0.167643
0.164051
0.160611
0.157313
0.154149
0.151114
0.148203
0.14541
0.142736
0.140179
0.137739
0.135419
0.133222
0.13115
0.129208
0.127402
0.125735
0.124213
0.122842
0.121627
0.120573
0.119686
0.11897
0.11843
0.118071
0.117896
0.11791
0.118114
0.118512
0.119104
0.119894
0.12088
0.122064
0.123444
0.12502
0.12679
0.12875
0.130899
0.133233
0.135747
0.138437
0.141297
0.144323
0.147506
0.150842
0.154322
0.157939
0.161685
0.165552
0.169531
0.173614
0.177794
0.182066
0.186426
0.190875
0.195419
0.200074
0.204865
0.209836
0.215051
0.220602
0.226612
0.233242
0.240687
0.24917
0.258918
0.270125
0.282906
0.297224
0.312834
0.329223
0.345575
0.360763
0.373362
0.38169
0.383871
0.37793
0.36194
0.334243
0.293787
0.240683
0.177098
0.108653
0.0460824
0.00482727
0.00592931
0.022374
0.0791165
0.112304
0.13355
0.14989
0.164315
0.17777
0.190438
0.202282
0.213226
0.223196
0.232133
0.239995
0.246757
0.252407
0.25695
0.260403
0.262796
0.26417
0.264577
0.264077
0.262737
0.26063
0.257834
0.254428
0.250497
0.246123
0.241388
0.236374
0.231157
0.225808
0.220395
0.214976
0.209604
0.204321
0.199161
0.19415
0.189308
0.184644
0.180163
0.175864
0.171744
0.167795
0.164007
0.160373
0.156882
0.153527
0.150301
0.147197
0.144212
0.141344
0.138591
0.135954
0.133435
0.131038
0.128765
0.126622
0.124613
0.122744
0.121021
0.11945
0.118038
0.116789
0.11571
0.114808
0.114086
0.113551
0.113207
0.113058
0.113107
0.113357
0.11381
0.114467
0.11533
0.116398
0.117671
0.119148
0.120826
0.122704
0.124777
0.127042
0.129495
0.132131
0.134944
0.13793
0.141081
0.144391
0.147854
0.151461
0.155205
0.159076
0.163068
0.167169
0.171372
0.175669
0.18005
0.184512
0.18905
0.193666
0.198369
0.203178
0.208125
0.213262
0.218666
0.224449
0.23076
0.237789
0.245766
0.254946
0.265576
0.277848
0.291831
0.307393
0.324134
0.341329
0.357905
0.372442
0.383215
0.388246
0.385407
0.372557
0.34776
0.309624
0.25785
0.194133
0.123612
0.0567938
0.00962471
0.00529208
0.0235797
0.0836487
0.118609
0.140508
0.156904
0.171116
0.184243
0.196529
0.207958
0.218461
0.227969
0.23643
0.243804
0.25007
0.255222
0.259267
0.262228
0.264138
0.265042
0.264995
0.264061
0.262308
0.259813
0.256656
0.25292
0.248687
0.244043
0.239071
0.23385
0.228457
0.222962
0.217431
0.211918
0.206472
0.201133
0.195932
0.19089
0.186022
0.181335
0.176831
0.172506
0.168354
0.164367
0.160534
0.156848
0.153298
0.149877
0.146579
0.143398
0.140333
0.137381
0.134544
0.131822
0.129219
0.126738
0.124385
0.122165
0.120085
0.11815
0.116367
0.114743
0.113286
0.112001
0.110895
0.109975
0.109246
0.108714
0.108384
0.10826
0.108344
0.10864
0.109149
0.109873
0.11081
0.111962
0.113327
0.114902
0.116684
0.118671
0.120858
0.12324
0.125813
0.12857
0.131508
0.134618
0.137894
0.141331
0.144919
0.148652
0.152522
0.156519
0.160634
0.16486
0.169185
0.173601
0.178098
0.182669
0.187309
0.192014
0.196788
0.201643
0.206602
0.211705
0.217016
0.222632
0.228685
0.235356
0.242875
0.251508
0.261543
0.27324
0.286764
0.302104
0.318983
0.336787
0.354518
0.370788
0.383842
0.39162
0.391846
0.382173
0.36039
0.324764
0.274578
0.211044
0.138792
0.0680057
0.0151977
0.00453845
0.0246449
0.087833
0.124555
0.147147
0.163633
0.177656
0.190474
0.202392
0.213419
0.223495
0.232557
0.240556
0.247457
0.253244
0.257915
0.261481
0.263968
0.265414
0.265867
0.265387
0.264038
0.261893
0.259031
0.255534
0.251485
0.246971
0.242076
0.236883
0.231472
0.225918
0.22029
0.21465
0.209052
0.20354
0.198149
0.192908
0.187833
0.182937
0.178222
0.173688
0.169329
0.165138
0.161104
0.157219
0.153472
0.149854
0.14636
0.142982
0.139718
0.136566
0.133525
0.130597
0.127784
0.125092
0.122524
0.120086
0.117785
0.115628
0.113623
0.111776
0.110095
0.108589
0.107264
0.106128
0.105187
0.104449
0.103919
0.103602
0.103502
0.103622
0.103964
0.104531
0.105322
0.106337
0.107575
0.109033
0.110709
0.112597
0.114695
0.116997
0.119498
0.122191
0.125071
0.128132
0.131366
0.134768
0.138329
0.142042
0.145899
0.149893
0.154014
0.158253
0.162602
0.167049
0.171586
0.176203
0.180889
0.185638
0.190444
0.195306
0.20023
0.20523
0.210336
0.215601
0.221103
0.22696
0.233337
0.240453
0.24858
0.25803
0.269115
0.28209
0.29706
0.313883
0.33207
0.350724
0.368509
0.383665
0.394062
0.397291
0.390805
0.372123
0.339169
0.290806
0.227749
0.154094
0.0796259
0.0212748
0.00367305
0.0255696
0.0916594
0.130129
0.153451
0.170064
0.183924
0.196452
0.208021
0.218662
0.228328
0.23696
0.244513
0.25096
0.256286
0.260494
0.2636
0.265633
0.266635
0.266659
0.265764
0.264022
0.261506
0.258297
0.254479
0.250137
0.245359
0.24023
0.234833
0.229247
0.223545
0.217795
0.212056
0.206379
0.200804
0.195365
0.190083
0.184975
0.180046
0.175298
0.170728
0.166328
0.16209
0.158003
0.154056
0.150241
0.146549
0.142974
0.139511
0.136157
0.132912
0.129777
0.126753
0.123845
0.121058
0.118398
0.115871
0.113485
0.111247
0.109166
0.10725
0.105508
0.103949
0.10258
0.10141
0.100447
0.0996964
0.099166
0.0988604
0.0987841
0.09894
0.0993304
0.0999561
0.100817
0.101912
0.103238
0.104793
0.106571
0.108569
0.11078
0.113199
0.11582
0.118635
0.121638
0.124822
0.12818
0.131705
0.135389
0.139225
0.143206
0.147321
0.151565
0.155926
0.160396
0.164965
0.169623
0.17436
0.179164
0.184028
0.188943
0.193905
0.198914
0.203978
0.209119
0.214376
0.219812
0.22553
0.231675
0.238452
0.246126
0.25502
0.265486
0.277853
0.292338
0.308932
0.327291
0.346639
0.365715
0.382777
0.395647
0.401794
0.39848
0.38296
0.352814
0.306483
0.244176
0.169431
0.091569
0.0277726
0.00270269
0.0263552
0.095121
0.135317
0.159409
0.176186
0.189912
0.202172
0.213409
0.223683
0.232956
0.241176
0.248304
0.254315
0.2592
0.262965
0.265631
0.267232
0.267811
0.267425
0.266139
0.264022
0.261155
0.257619
0.253499
0.248884
0.24386
0.238513
0.232927
0.227178
0.221341
0.215478
0.209648
0.203897
0.198264
0.192776
0.187454
0.182308
0.177343
0.172557
0.167945
0.163498
0.159206
0.155058
0.151043
0.147153
0.14338
0.139719
0.136165
0.132717
0.129374
0.12614
0.123017
0.120009
0.117124
0.114366
0.111745
0.109268
0.106945
0.104783
0.102794
0.100985
0.0993678
0.0979506
0.0967426
0.0957523
0.0949873
0.0944544
0.0941593
0.0941064
0.0942987
0.0947381
0.095425
0.0963583
0.0975357
0.0989539
0.100608
0.102493
0.104603
0.10693
0.109468
0.11221
0.115148
0.118274
0.121582
0.125063
0.128711
0.132517
0.136475
0.140575
0.144811
0.149174
0.153655
0.158244
0.162933
0.167711
0.172567
0.177491
0.182472
0.187501
0.19257
0.197677
0.202823
0.208022
0.213303
0.218716
0.224345
0.230317
0.236817
0.244099
0.252483
0.262346
0.274077
0.287989
0.304212
0.32255
0.342369
0.36251
0.381275
0.396453
0.405412
0.405231
0.392909
0.365683
0.321569
0.260263
0.184723
0.103755
0.0346348
0.00165139
0.0270043
0.0982135
0.14011
0.16501
0.181992
0.195612
0.207626
0.218552
0.228478
0.237377
0.245206
0.251928
0.257524
0.261989
0.265334
0.267582
0.268771
0.268949
0.268175
0.266517
0.264048
0.26085
0.257006
0.252603
0.247732
0.242478
0.236929
0.231167
0.225269
0.219305
0.213339
0.207424
0.201604
0.195914
0.190379
0.185014
0.179828
0.174823
0.169994
0.165335
0.160834
0.156482
0.152267
0.148178
0.144208
0.14035
0.136597
0.132947
0.129401
0.125957
0.12262
0.119392
0.116281
0.113292
0.110434
0.107713
0.105141
0.102726
0.100479
0.0984094
0.0965291
0.0948481
0.0933772
0.0921263
0.0911049
0.0903217
0.0897839
0.0894979
0.089468
0.0896974
0.0901873
0.0909376
0.0919462
0.0932097
0.0947233
0.096481
0.0984759
0.100701
0.103147
0.105807
0.108672
0.111734
0.114985
0.118416
0.12202
0.12579
0.129716
0.133793
0.138012
0.142365
0.146845
0.151442
0.156149
0.160955
0.16585
0.170824
0.175866
0.180965
0.186109
0.191291
0.196504
0.201745
0.207021
0.212351
0.217775
0.223359
0.229211
0.235496
0.242448
0.250378
0.259674
0.270764
0.284049
0.299784
0.317932
0.338013
0.358997
0.379251
0.396562
0.408208
0.4111
0.401986
0.377768
0.336032
0.275955
0.199901
0.116109
0.04181
0.000715733
0.0275208
0.100935
0.1445
0.170246
0.187473
0.201019
0.212811
0.223446
0.233044
0.241591
0.249049
0.255387
0.26059
0.264657
0.267603
0.269455
0.270255
0.270054
0.268914
0.266905
0.264104
0.260595
0.256462
0.251795
0.246684
0.241217
0.23548
0.229555
0.223518
0.217438
0.211375
0.205381
0.199495
0.19375
0.188167
0.182758
0.17753
0.17248
0.167603
0.162891
0.158332
0.153914
0.149627
0.145461
0.141406
0.137457
0.133609
0.129861
0.126212
0.122664
0.11922
0.115885
0.112666
0.10957
0.106606
0.103781
0.101108
0.098596
0.0962566
0.0941015
0.0921425
0.0903918
0.088861
0.0875617
0.0865045
0.0856991
0.0851537
0.084875
0.0848677
0.0851349
0.0856772
0.0864936
0.0875811
0.0889346
0.0905479
0.0924134
0.0945225
0.0968662
0.0994351
0.10222
0.10521
0.108398
0.111773
0.115328
0.119055
0.122945
0.12699
0.131184
0.135519
0.139987
0.14458
0.149291
0.154111
0.159031
0.16404
0.16913
0.174288
0.179503
0.184765
0.190061
0.195384
0.200729
0.206095
0.211495
0.216956
0.222532
0.228312
0.234438
0.241122
0.24866
0.257435
0.267904
0.280534
0.295695
0.313506
0.333657
0.355267
0.376798
0.396053
0.410245
0.416131
0.410216
0.389069
0.349849
0.291209
0.214901
0.128562
0.0492492
0.00120412
0.0279094
0.103285
0.148481
0.17511
0.192624
0.206128
0.217722
0.228089
0.23738
0.245596
0.252705
0.258681
0.263514
0.267206
0.269776
0.271255
0.271688
0.27113
0.269646
0.267308
0.264195
0.260394
0.255992
0.251078
0.245744
0.240078
0.234167
0.228091
0.221926
0.215737
0.209584
0.203514
0.197565
0.191766
0.186134
0.18068
0.175406
0.170308
0.16538
0.160611
0.155988
0.151501
0.147138
0.142889
0.138747
0.134705
0.130759
0.126909
0.123155
0.1195
0.115947
0.112501
0.109171
0.105964
0.102889
0.0999554
0.0971753
0.09456
0.0921218
0.0898736
0.0878289
0.0860012
0.0844037
0.0830496
0.081951
0.0811188
0.0805624
0.0802891
0.080304
0.0806098
0.0812067
0.0820926
0.083263
0.0847112
0.0864292
0.0884073
0.0906353
0.0931023
0.0957972
0.0987091
0.101828
0.105142
0.108643
0.112322
0.11617
0.12018
0.124342
0.128651
0.133099
0.137678
0.142382
0.147203
0.152133
0.157163
0.162283
0.167485
0.172756
0.178086
0.183463
0.188874
0.194311
0.199763
0.205229
0.210713
0.216234
0.221831
0.227578
0.233596
0.240072
0.247278
0.25559
0.265472
0.277442
0.291971
0.309327
0.329376
0.351406
0.374
0.395005
0.411591
0.420374
0.417628
0.399594
0.363007
0.305987
0.229668
0.14105
0.0569054
0.00251536
0.0281764
0.105266
0.152048
0.179594
0.197439
0.210934
0.222358
0.232478
0.241484
0.249391
0.256173
0.261811
0.266296
0.269637
0.271854
0.272984
0.273073
0.27218
0.270373
0.267727
0.264324
0.26025
0.255596
0.250453
0.244911
0.239061
0.232988
0.226773
0.220488
0.214198
0.207961
0.201819
0.19581
0.189957
0.184276
0.178774
0.173451
0.168303
0.163319
0.158489
0.153801
0.149241
0.144799
0.140465
0.136232
0.132095
0.12805
0.124096
0.120236
0.11647
0.112806
0.109247
0.105802
0.10248
0.0992894
0.096242
0.0933492
0.0906238
0.0880795
0.0857306
0.0835921
0.0816791
0.0800071
0.0785907
0.0774442
0.0765799
0.0760086
0.0757386
0.075775
0.0761206
0.0767747
0.0777339
0.0789919
0.0805403
0.0823685
0.0844649
0.0868169
0.0894118
0.0922368
0.0952793
0.0985278
0.101971
0.105599
0.109401
0.11337
0.117497
0.121775
0.126196
0.130754
0.135442
0.140253
0.14518
0.150216
0.155352
0.160579
0.165889
0.17127
0.176711
0.182201
0.187726
0.193276
0.19884
0.204411
0.209989
0.215586
0.221228
0.226976
0.232928
0.239249
0.246186
0.254093
0.263435
0.274761
0.288626
0.305433
0.325231
0.347489
0.370938
0.393497
0.412312
0.423881
0.424255
0.409357
0.375496
0.320263
0.244157
0.153514
0.0647316
0.00398832
0.02833
0.10688
0.155197
0.183694
0.201915
0.215436
0.226715
0.236612
0.245356
0.252975
0.259454
0.264777
0.268938
0.271951
0.273839
0.274642
0.274411
0.273206
0.271098
0.268165
0.264491
0.260164
0.255276
0.249919
0.244186
0.238165
0.231942
0.225597
0.219201
0.212818
0.2065
0.200291
0.194222
0.188316
0.182585
0.177034
0.171661
0.166459
0.161418
0.156524
0.151767
0.147132
0.142609
0.138188
0.133864
0.12963
0.125484
0.121426
0.117457
0.113581
0.109803
0.106129
0.102567
0.0991253
0.0958155
0.0926484
0.0896368
0.0867944
0.0841362
0.081678
0.0794365
0.0774292
0.0756733
0.0741863
0.0729841
0.0720815
0.0714908
0.0712212
0.0712786
0.0716653
0.0723797
0.0734167
0.074768
0.0764227
0.0783676
0.0805884
0.0830703
0.0857981
0.0887573
0.0919338
0.0953147
0.0988879
0.102642
0.106569
0.110657
0.114901
0.119291
0.123823
0.128488
0.13328
0.138195
0.143224
0.148361
0.153599
0.158929
0.164343
0.16983
0.175378
0.180977
0.186614
0.192276
0.197951
0.203631
0.20931
0.214993
0.2207
0.226474
0.232398
0.238611
0.245335
0.252899
0.261754
0.272468
0.285658
0.301851
0.32127
0.343581
0.367685
0.391599
0.412474
0.426704
0.430134
0.418375
0.387316
0.334014
0.258328
0.165903
0.0726823
0.00555999
0.0283833
0.108128
0.157925
0.187406
0.206048
0.219631
0.230793
0.24049
0.248994
0.256349
0.262548
0.267578
0.27144
0.274148
0.275732
0.276232
0.275703
0.274208
0.271821
0.268622
0.264697
0.260135
0.255031
0.249477
0.243565
0.237387
0.231026
0.22456
0.218061
0.21159
0.205197
0.198922
0.192796
0.186837
0.181056
0.175455
0.17003
0.164773
0.159671
0.154713
0.149884
0.145173
0.140568
0.13606
0.131643
0.127313
0.123066
0.118903
0.114826
0.110838
0.106945
0.103154
0.0994716
0.0959084
0.0924749
0.0891831
0.0860464
0.0830796
0.080299
0.0777221
0.0753678
0.0732556
0.0714056
0.0698378
0.0685711
0.0676228
0.0670071
0.0667349
0.0668125
0.0672418
0.0680202
0.0691405
0.0705917
0.0723598
0.0744286
0.0767809
0.0793989
0.0822651
0.0853628
0.0886766
0.0921921
0.0958965
0.0997783
0.103827
0.108035
0.112393
0.116894
0.121532
0.126301
0.131195
0.136208
0.141336
0.14657
0.151905
0.157334
0.162846
0.168434
0.174086
0.179791
0.185535
0.191307
0.197093
0.202881
0.208665
0.214443
0.220227
0.226048
0.231974
0.23812
0.244683
0.251962
0.260389
0.270532
0.283055
0.298591
0.317528
0.339737
0.364306
0.389381
0.41214
0.428898
0.435306
0.426673
0.398471
0.347225
0.272147
0.17817
0.0807151
0.00721166
0.0283498
0.109011
0.160232
0.190726
0.209834
0.223518
0.234591
0.244113
0.252398
0.259513
0.265454
0.270216
0.273802
0.27623
0.277532
0.277753
0.27695
0.275188
0.272543
0.269098
0.264941
0.260163
0.254859
0.249123
0.243048
0.236724
0.230235
0.223658
0.217064
0.21051
0.204046
0.197709
0.191526
0.185515
0.179684
0.174031
0.168553
0.163239
0.158076
0.153052
0.148152
0.143363
0.138676
0.134082
0.129573
0.125146
0.120799
0.116531
0.112346
0.108247
0.104239
0.100329
0.0965254
0.0928376
0.0892766
0.085855
0.082587
0.0794883
0.0765765
0.073871
0.0713927
0.0691639
0.0672079
0.0655477
0.064206
0.063203
0.0625558
0.0622771
0.062374
0.0628481
0.063695
0.0649049
0.0664637
0.0683535
0.0705546
0.0730459
0.0758068
0.078817
0.0820578
0.085512
0.0891642
0.0930008
0.0970098
0.101181
0.105505
0.109975
0.114584
0.119326
0.124195
0.129186
0.134295
0.139516
0.144843
0.150271
0.155792
0.161399
0.167083
0.172834
0.178639
0.184487
0.190365
0.196259
0.202156
0.208045
0.213923
0.219793
0.225678
0.231629
0.237743
0.24419
0.251238
0.259295
0.268918
0.280797
0.295654
0.31403
0.336
0.360858
0.386903
0.411371
0.430514
0.43981
0.434275
0.40897
0.359888
0.285588
0.190275
0.0887907
0.00893119
0.0282337
0.10955
0.162111
0.193647
0.213271
0.227094
0.238109
0.247479
0.25557
0.262466
0.268173
0.272691
0.276025
0.278197
0.279241
0.279206
0.27815
0.276143
0.273262
0.269592
0.265222
0.260246
0.254758
0.248855
0.24263
0.236172
0.229565
0.222886
0.216202
0.209571
0.20304
0.196643
0.190407
0.184344
0.178462
0.172758
0.167226
0.161854
0.15663
0.151539
0.146567
0.141703
0.136934
0.132254
0.127654
0.123133
0.118686
0.114316
0.110024
0.105814
0.101692
0.0976631
0.0937367
0.089922
0.0862304
0.0826746
0.0792692
0.0760311
0.072979
0.0701342
0.0675199
0.0651614
0.0630856
0.0613196
0.0598902
0.0588219
0.0581353
0.0578455
0.0579607
0.058482
0.0594028
0.0607102
0.0623856
0.0644067
0.0667493
0.0693882
0.0722992
0.0754593
0.0788475
0.0824451
0.0862357
0.0902049
0.0943405
0.0986323
0.103072
0.107651
0.112364
0.117206
0.122171
0.127256
0.132455
0.137765
0.14318
0.148695
0.154305
0.160001
0.165776
0.17162
0.177522
0.183469
0.189448
0.195447
0.201449
0.207444
0.213423
0.219386
0.225346
0.231341
0.237451
0.24382
0.250689
0.258431
0.267587
0.278858
0.293032
0.310789
0.332404
0.35739
0.384223
0.410222
0.431606
0.44369
0.44121
0.418827
0.372
0.298631
0.202186
0.0968734
0.0107081
0.02803
0.109791
0.163544
0.196166
0.216355
0.230359
0.241345
0.250589
0.258508
0.265208
0.270706
0.275002
0.278108
0.280047
0.280858
0.28059
0.279305
0.277075
0.273978
0.270102
0.265538
0.260381
0.254726
0.248671
0.242308
0.235727
0.229012
0.222239
0.215472
0.208769
0.202174
0.19572
0.18943
0.183317
0.177384
0.171629
0.166043
0.160614
0.155329
0.150172
0.14513
0.14019
0.135342
0.130578
0.12589
0.121275
0.116733
0.112262
0.107865
0.103546
0.0993104
0.0951636
0.0911142
0.0871716
0.0833469
0.079653
0.076105
0.0727202
0.0695187
0.0665234
0.0637601
0.0612574
0.0590461
0.0571585
0.0556265
0.0544799
0.0537441
0.0534375
0.0535698
0.0541413
0.0551429
0.056557
0.0583599
0.0605234
0.0630179
0.0658137
0.0688824
0.0721982
0.075738
0.0794816
0.0834116
0.0875134
0.0917745
0.096185
0.100736
0.105422
0.110236
0.115174
0.120231
0.125404
0.130689
0.136083
0.141581
0.147179
0.152871
0.158652
0.164512
0.170444
0.176436
0.182477
0.188554
0.194652
0.200758
0.206856
0.212937
0.218995
0.225037
0.231091
0.23722
0.243544
0.250277
0.257758
0.266502
0.277207
0.290709
0.307809
0.328973
0.353942
0.38139
0.408748
0.432221
0.446986
0.447509
0.428056
0.38356
0.311263
0.213873
0.104931
0.0125325
0.0277394
0.109768
0.16453
0.198268
0.219082
0.233311
0.244301
0.253444
0.261214
0.267742
0.273051
0.27715
0.280051
0.281782
0.282382
0.281905
0.280413
0.277981
0.274689
0.270627
0.265888
0.260566
0.25476
0.248566
0.242078
0.235385
0.228571
0.22171
0.214868
0.208097
0.201442
0.194933
0.188592
0.182429
0.176447
0.170641
0.165002
0.159516
0.15417
0.148949
0.143838
0.138826
0.1339
0.129054
0.124281
0.119577
0.114941
0.110373
0.105875
0.101449
0.0971021
0.092839
0.0886675
0.0845969
0.0806378
0.0768031
0.0731078
0.0695698
0.0662101
0.063053
0.0601269
0.0574639
0.0550995
0.0530716
0.051419
0.0501783
0.0493811
0.0490506
0.0491985
0.0498243
0.050915
0.0524474
0.0543905
0.0567093
0.0593675
0.06233
0.0655642
0.0690415
0.0727365
0.0766279
0.0806978
0.0849312
0.0893161
0.0938425
0.0985026
0.10329
0.108201
0.11323
0.118374
0.123631
0.128997
0.134469
0.140045
0.14572
0.15149
0.157349
0.16329
0.169304
0.175382
0.181511
0.18768
0.193874
0.200077
0.206276
0.212456
0.218611
0.22474
0.230862
0.237027
0.243335
0.249969
0.257238
0.265624
0.275811
0.288664
0.305086
0.325723
0.350546
0.378448
0.406995
0.432408
0.44974
0.453203
0.436678
0.394575
0.323473
0.225314
0.112936
0.0143951
0.0273684
0.109483
0.165117
0.199926
0.221444
0.235948
0.246976
0.256044
0.263689
0.270066
0.275211
0.279135
0.281855
0.2834
0.283813
0.283149
0.281472
0.27886
0.275394
0.271165
0.266268
0.260798
0.254855
0.248536
0.241935
0.235141
0.228237
0.221296
0.214383
0.207549
0.200837
0.194277
0.187886
0.181675
0.175644
0.169789
0.164097
0.158556
0.153152
0.147868
0.142691
0.137608
0.132608
0.127684
0.12283
0.11804
0.113315
0.108653
0.104057
0.0995295
0.0950744
0.0906977
0.0864064
0.0822089
0.0781156
0.0741386
0.0702929
0.0665963
0.0630701
0.0597403
0.0566373
0.0537967
0.0512591
0.0490693
0.0472743
0.0459197
0.0450459
0.0446823
0.044844
0.0455291
0.0467197
0.0483845
0.0504834
0.0529724
0.0558073
0.058947
0.0623546
0.0659984
0.0698516
0.0738918
0.0781009
0.0824641
0.0869698
0.0916085
0.0963733
0.101259
0.106261
0.111376
0.116603
0.121938
0.127379
0.132925
0.138572
0.144319
0.150161
0.156093
0.162108
0.168199
0.174356
0.180569
0.186824
0.193107
0.199404
0.205699
0.211977
0.218226
0.224445
0.230643
0.236857
0.243169
0.249738
0.256838
0.264916
0.274635
0.286871
0.30261
0.322661
0.347227
0.375433
0.405007
0.432209
0.451991
0.458325
0.444714
0.405052
0.335256
0.236491
0.120863
0.016287
0.0269221
0.108933
0.165339
0.201143
0.223421
0.238267
0.24937
0.258391
0.265934
0.272183
0.277186
0.280958
0.28352
0.284903
0.285151
0.284322
0.282482
0.27971
0.27609
0.271713
0.266675
0.261074
0.255009
0.248579
0.241876
0.23499
0.228004
0.220991
0.214012
0.20712
0.200355
0.193745
0.187307
0.181049
0.174972
0.169067
0.163325
0.157731
0.15227
0.146926
0.141686
0.136536
0.131466
0.126468
0.121537
0.116667
0.111857
0.107107
0.102418
0.0977926
0.0932343
0.0887483
0.0843407
0.0800194
0.0757935
0.0716748
0.0676771
0.0638181
0.060119
0.0566064
0.0533124
0.050276
0.0475431
0.0451662
0.0432023
0.0417092
0.0407387
0.0403303
0.0405034
0.0412547
0.042559
0.0443739
0.0466472
0.0493234
0.0523494
0.0556771
0.0592655
0.0630802
0.0670932
0.0712819
0.0756283
0.0801183
0.0847407
0.0894872
0.0943515
0.0993293
0.104417
0.109614
0.114916
0.120324
0.125835
0.131448
0.137162
0.142975
0.148883
0.154881
0.160965
0.167127
0.173358
0.179647
0.185983
0.192351
0.198736
0.205122
0.211493
0.217836
0.224144
0.23042
0.236693
0.243027
0.249557
0.256527
0.264346
0.273646
0.285305
0.300366
0.31979
0.344003
0.372376
0.402822
0.431666
0.453778
0.462906
0.452187
0.415003
0.346611
0.247391
0.128692
0.0181996
0.0264064
0.108125
0.165203
0.201951
0.224997
0.240257
0.251483
0.260485
0.26795
0.274093
0.278975
0.282618
0.285045
0.286288
0.286394
0.285423
0.283442
0.28053
0.276775
0.272269
0.267108
0.261391
0.255219
0.248689
0.241895
0.234928
0.227869
0.220789
0.213751
0.206805
0.19999
0.193333
0.186849
0.180547
0.174424
0.168473
0.162682
0.157037
0.151522
0.146122
0.140822
0.135609
0.130474
0.125407
0.120404
0.115459
0.11057
0.105738
0.100962
0.0962444
0.0915888
0.0869991
0.0824807
0.0780401
0.0736856
0.0694276
0.065279
0.0612562
0.0573799
0.0536763
0.0501785
0.0469281
0.0439759
0.0413828
0.039218
0.0375547
0.0364617
0.0359925
0.0361739
0.0370005
0.0384367
0.0404243
0.0428945
0.0457776
0.0490098
0.0525363
0.0563118
0.0603003
0.0644731
0.0688082
0.0732884
0.0779005
0.0826345
0.087483
0.0924408
0.0975046
0.102672
0.107943
0.113316
0.11879
0.124364
0.130039
0.135813
0.141685
0.147653
0.153713
0.159859
0.166086
0.172384
0.178745
0.185155
0.191602
0.198069
0.204541
0.211001
0.217434
0.223829
0.230186
0.236523
0.242892
0.249406
0.256278
0.263881
0.272812
0.283934
0.298337
0.317106
0.340886
0.369302
0.400474
0.430816
0.455137
0.466977
0.459119
0.424441
0.35754
0.258006
0.136406
0.0201253
0.0258271
0.107066
0.164711
0.202366
0.226184
0.241901
0.253307
0.262327
0.269738
0.275797
0.280581
0.284117
0.28643
0.287556
0.287543
0.28645
0.284348
0.281318
0.277448
0.27283
0.267562
0.261745
0.255479
0.248862
0.24199
0.23495
0.227825
0.220686
0.213593
0.206598
0.199736
0.193035
0.186509
0.180164
0.173998
0.168002
0.162165
0.156472
0.150906
0.145453
0.140097
0.134826
0.12963
0.124501
0.119431
0.114417
0.109456
0.104548
0.0996921
0.0948902
0.0901445
0.0854583
0.080836
0.0762829
0.0718059
0.067414
0.0631184
0.0589337
0.0548791
0.0509796
0.0472678
0.0437863
0.0405902
0.0377483
0.0353438
0.0334698
0.0322191
0.0316669
0.0318524
0.0327674
0.0343599
0.0365491
0.0392434
0.0423553
0.0458094
0.0495442
0.0535115
0.0576743
0.0620049
0.0664821
0.0710905
0.0758184
0.0806571
0.0856006
0.0906447
0.0957873
0.101028
0.106366
0.111802
0.117335
0.122967
0.128697
0.134525
0.14045
0.146472
0.152587
0.15879
0.165074
0.171434
0.17786
0.184338
0.190857
0.197401
0.203953
0.210496
0.217014
0.223495
0.229933
0.236338
0.242751
0.249266
0.256068
0.263494
0.272101
0.282732
0.296499
0.3146
0.337883
0.366231
0.397991
0.429691
0.456102
0.470569
0.465535
0.433382
0.368049
0.268329
0.143992
0.0220568
0.0251895
0.105763
0.16387
0.202393
0.226995
0.243204
0.254834
0.263909
0.2713
0.277296
0.282004
0.285455
0.287676
0.288707
0.288595
0.287402
0.285201
0.282072
0.278105
0.273393
0.268036
0.262134
0.255788
0.249096
0.242155
0.235052
0.227869
0.220676
0.213535
0.206494
0.19959
0.192847
0.18628
0.179895
0.173688
0.167651
0.161771
0.156032
0.150419
0.144917
0.13951
0.134187
0.128935
0.123748
0.118619
0.113543
0.108517
0.103541
0.098613
0.0937347
0.0889074
0.0841335
0.0794161
0.0747594
0.0701688
0.0656512
0.0612159
0.0568753
0.0526459
0.0485502
0.0446187
0.040893
0.0374296
0.0343041
0.0316138
0.0294767
0.0280195
0.0273526
0.027536
0.0285581
0.0303412
0.0327694
0.0357201
0.0390846
0.0427753
0.0467256
0.0508861
0.0552209
0.0597038
0.0643164
0.0690451
0.0738803
0.0788153
0.0838452
0.0889672
0.0941804
0.0994852
0.104883
0.110374
0.115961
0.121643
0.127421
0.133296
0.139268
0.145338
0.151501
0.157754
0.164091
0.170506
0.176989
0.18353
0.190115
0.196729
0.203355
0.209976
0.216575
0.223136
0.229652
0.236127
0.24259
0.249119
0.255875
0.263158
0.271486
0.28167
0.294832
0.312261
0.334995
0.363177
0.395398
0.428322
0.456703
0.473711
0.471459
0.441843
0.378145
0.278358
0.151439
0.0239876
0.0244989
0.104227
0.162686
0.202036
0.227432
0.244171
0.256065
0.265231
0.27263
0.278588
0.283245
0.28663
0.288782
0.289738
0.28955
0.288278
0.285998
0.28279
0.278744
0.273956
0.268525
0.262553
0.25614
0.249387
0.242387
0.23523
0.227996
0.220757
0.213572
0.206489
0.199545
0.192764
0.18616
0.179737
0.173492
0.167415
0.161495
0.155715
0.150059
0.144512
0.139059
0.133688
0.128388
0.12315
0.117968
0.112837
0.107755
0.102718
0.0977272
0.0927818
0.0878828
0.0830314
0.0782297
0.0734806
0.0687877
0.0641561
0.0595926
0.0551067
0.0507116
0.046426
0.0422761
0.0382998
0.0345514
0.0311086
0.0280805
0.0256129
0.0238798
0.0230492
0.0232214
0.0243797
0.0264022
0.0291179
0.0323624
0.0360029
0.0399419
0.0441106
0.0484612
0.052961
0.0575874
0.062325
0.0671633
0.0720952
0.077116
0.0822223
0.0874125
0.092687
0.0980474
0.103496
0.109035
0.114667
0.120392
0.126211
0.132126
0.138138
0.144248
0.150454
0.15675
0.163133
0.169596
0.176132
0.182728
0.189372
0.19605
0.202744
0.209437
0.21611
0.222748
0.229339
0.235883
0.2424
0.248954
0.255682
0.262852
0.27094
0.28072
0.293312
0.310074
0.332221
0.360152
0.392716
0.426736
0.456971
0.476432
0.476915
0.449839
0.387837
0.288094
0.158739
0.0259122
0.0237603
0.102467
0.161169
0.201299
0.227497
0.244802
0.257002
0.266296
0.273725
0.279673
0.284301
0.287643
0.289747
0.290651
0.290406
0.289077
0.286737
0.283469
0.279364
0.274516
0.269028
0.263
0.256534
0.24973
0.242682
0.23548
0.228203
0.220923
0.213699
0.20658
0.1996
0.192784
0.186144
0.179686
0.173405
0.167293
0.161335
0.155517
0.149822
0.144236
0.138742
0.133329
0.127986
0.122705
0.117477
0.1123
0.107169
0.102081
0.0970371
0.0920349
0.0870751
0.082158
0.0772846
0.0724563
0.0676753
0.0629446
0.0582685
0.0536533
0.0491084
0.0446473
0.0402903
0.0360683
0.0320283
0.0282429
0.0248247
0.0219434
0.019834
0.0187606
0.0189056
0.0202479
0.0225814
0.0256468
0.0292249
0.0331609
0.0373528
0.0417353
0.0462663
0.0509186
0.0556746
0.0605232
0.0654573
0.0704728
0.0755669
0.0807379
0.0859852
0.0913104
0.0967166
0.102207
0.107785
0.113453
0.119213
0.125066
0.131014
0.137059
0.143203
0.149444
0.155777
0.162199
0.168704
0.175285
0.18193
0.188627
0.195361
0.202117
0.208875
0.215617
0.222326
0.228988
0.235599
0.242172
0.248758
0.255473
0.262554
0.270438
0.279857
0.291916
0.308025
0.329556
0.357162
0.389961
0.424956
0.456932
0.478758
0.481926
0.457391
0.397137
0.29754
0.165887
0.0278254
0.0229786
0.100495
0.159327
0.200188
0.22719
0.245097
0.257645
0.267102
0.27459
0.280552
0.28517
0.288493
0.290569
0.291443
0.291162
0.289795
0.287416
0.284108
0.279962
0.27507
0.26954
0.263471
0.256965
0.250122
0.243037
0.235798
0.228486
0.221172
0.213914
0.206761
0.199749
0.192901
0.186229
0.179739
0.173425
0.167279
0.161288
0.155436
0.149707
0.144086
0.138557
0.133109
0.12773
0.122411
0.117147
0.111931
0.10676
0.101631
0.096544
0.0914963
0.0864877
0.0815179
0.0765868
0.0716948
0.0668424
0.0620308
0.0572619
0.0525389
0.047867
0.0432544
0.0387141
0.0342673
0.0299484
0.0258155
0.0219687
0.0185835
0.0159556
0.014505
0.0145927
0.0161993
0.0189502
0.0224389
0.0263854
0.0306242
0.0350611
0.0396418
0.0443344
0.0491197
0.0539862
0.0589274
0.06394
0.069023
0.0741758
0.0793981
0.08469
0.0900544
0.0954954
0.101017
0.106625
0.112321
0.118108
0.123986
0.129959
0.13603
0.142201
0.14847
0.154833
0.161287
0.167827
0.174447
0.181134
0.187877
0.194661
0.201472
0.208288
0.215092
0.221867
0.228595
0.23527
0.241898
0.24852
0.255234
0.262248
0.269959
0.279058
0.290621
0.306095
0.326993
0.354212
0.387146
0.423001
0.456609
0.480712
0.486515
0.464515
0.406057
0.306701
0.17288
0.029723
0.0221588
0.0983205
0.157169
0.198708
0.226513
0.245054
0.257993
0.267651
0.275226
0.281224
0.285853
0.289177
0.291248
0.29211
0.291816
0.290432
0.288033
0.284704
0.280534
0.275616
0.27006
0.263965
0.257432
0.250561
0.243449
0.236182
0.228843
0.2215
0.214211
0.20703
0.19999
0.193113
0.186412
0.179892
0.173549
0.167373
0.161352
0.15547
0.149711
0.14406
0.138502
0.133024
0.127616
0.122268
0.116974
0.111728
0.106527
0.101368
0.0962487
0.0911673
0.0861229
0.0811144
0.0761412
0.0712024
0.0662975
0.0614261
0.056588
0.0517837
0.0470148
0.0422842
0.037598
0.0329665
0.0284088
0.02396
0.0196882
0.0157339
0.0124034
0.010322
0.0102853
0.0123183
0.015643
0.0196254
0.0239511
0.0284753
0.0331289
0.0378771
0.0427013
0.0475917
0.0525433
0.0575542
0.0626247
0.0677563
0.0729511
0.0782095
0.0835319
0.0889227
0.0943868
0.0999296
0.105556
0.111271
0.117076
0.122971
0.128961
0.13505
0.14124
0.14753
0.153917
0.160395
0.166964
0.173615
0.180338
0.18712
0.193947
0.200805
0.207673
0.214533
0.221367
0.228156
0.23489
0.241572
0.248232
0.254953
0.261918
0.269485
0.278299
0.289405
0.304268
0.324523
0.351301
0.384283
0.42089
0.456025
0.48232
0.490704
0.47123
0.414609
0.315583
0.179718
0.0316016
0.0213055
0.0959566
0.154707
0.196865
0.225468
0.244673
0.258045
0.267941
0.275634
0.281692
0.286352
0.289697
0.291781
0.292653
0.292365
0.290984
0.288585
0.285252
0.281076
0.27615
0.270584
0.264476
0.25793
0.251044
0.243913
0.236628
0.229269
0.221903
0.21459
0.207385
0.20032
0.193417
0.18669
0.180144
0.173774
0.167571
0.161524
0.155616
0.149832
0.144156
0.138574
0.133073
0.127643
0.122274
0.116959
0.111692
0.10647
0.101291
0.0961509
0.0910483
0.0859816
0.0809494
0.0759505
0.0709833
0.0660465
0.0611384
0.0562577
0.0514028
0.0465725
0.0417661
0.0369837
0.0322272
0.0275017
0.0228185
0.0182036
0.0137208
0.0095552
0.00636712
0.00600713
0.00883701
0.0129172
0.0174029
0.0220601
0.0268102
0.0316242
0.0364903
0.0414035
0.0463625
0.0513675
0.0564206
0.0615246
0.0666833
0.0719011
0.0771787
0.0825162
0.0879194
0.093394
0.0989457
0.10458
0.110304
0.116118
0.122022
0.12802
0.134118
0.140319
0.146625
0.153027
0.159523
0.166112
0.172788
0.17954
0.186353
0.193216
0.200115
0.207028
0.213937
0.220823
0.227666
0.234455
0.241188
0.247886
0.254621
0.261549
0.268996
0.277561
0.288247
0.302527
0.322135
0.34843
0.381377
0.418638
0.455198
0.4836
0.494513
0.477554
0.422808
0.324194
0.186402
0.0334582
0.0204233
0.0934147
0.151949
0.194666
0.224057
0.243951
0.257797
0.267971
0.275813
0.281955
0.286667
0.290052
0.29217
0.29307
0.292808
0.291448
0.289068
0.285751
0.281587
0.27667
0.271108
0.265003
0.258455
0.251565
0.244428
0.237133
0.229761
0.222379
0.215048
0.207823
0.200737
0.193812
0.187061
0.180491
0.174097
0.167871
0.161801
0.155871
0.150066
0.144371
0.138772
0.133254
0.127809
0.122426
0.117098
0.111819
0.106587
0.101399
0.0962496
0.0911385
0.0860635
0.0810231
0.0760155
0.071039
0.0660919
0.0611719
0.0562769
0.0514045
0.0465523
0.0417176
0.0368978
0.0320903
0.027293
0.0225037
0.0177217
0.0129485
0.00819611
0.00355223
0.00202248
0.00646012
0.0112167
0.0160274
0.0208662
0.0257272
0.0306136
0.0355287
0.0404758
0.0454582
0.0504792
0.0555427
0.0606528
0.0658145
0.0710342
0.0763125
0.0816481
0.0870487
0.0925203
0.0980686
0.1037
0.109421
0.115235
0.121137
0.127135
0.133235
0.13944
0.145752
0.152162
0.158669
0.165271
0.171965
0.178738
0.185575
0.192467
0.199399
0.20635
0.213299
0.220231
0.227123
0.23396
0.24074
0.247477
0.254228
0.261132
0.268479
0.276825
0.287128
0.300853
0.319819
0.345594
0.378436
0.416256
0.454146
0.484575
0.497962
0.483505
0.430667
0.332544
0.192933
0.0352907
0.0195167
0.0907069
0.148909
0.192119
0.222282
0.242889
0.257248
0.267739
0.275764
0.282014
0.286799
0.290243
0.292413
0.293361
0.293142
0.291823
0.28948
0.286196
0.282061
0.27717
0.27163
0.265541
0.259005
0.252123
0.244989
0.237693
0.230316
0.222926
0.215583
0.208342
0.201238
0.194294
0.187523
0.180932
0.174518
0.168272
0.162182
0.156235
0.150414
0.144704
0.139092
0.133565
0.128112
0.122723
0.117391
0.11211
0.106877
0.101689
0.096543
0.0914363
0.0863672
0.081334
0.076335
0.0713687
0.066433
0.061526
0.0566457
0.0517898
0.046956
0.0421421
0.0373461
0.0325665
0.0278023
0.0230547
0.0183287
0.0136399
0.00904196
0.0048046
0.00318143
0.00655788
0.0110447
0.0157341
0.0204991
0.0253073
0.0301519
0.0350317
0.0399475
0.0449015
0.0498964
0.0549352
0.0600215
0.0651599
0.0703587
0.0756172
0.0809329
0.086315
0.0917694
0.0973014
0.102917
0.108625
0.114428
0.120319
0.126308
0.1324
0.1386
0.144911
0.151321
0.157831
0.164439
0.171143
0.17793
0.184784
0.191697
0.198656
0.205636
0.21262
0.21959
0.226523
0.233403
0.240225
0.246997
0.253767
0.260654
0.267919
0.276074
0.286029
0.299229
0.317561
0.342789
0.375462
0.413754
0.452884
0.48526
0.501069
0.489099
0.438201
0.340642
0.199315
0.0370974
0.0185901
0.0878457
0.145597
0.18923
0.220146
0.241484
0.256395
0.267244
0.275484
0.281869
0.286749
0.29027
0.29251
0.293524
0.293367
0.292108
0.289819
0.286586
0.282498
0.277649
0.272144
0.266086
0.259576
0.252714
0.245594
0.238306
0.230931
0.223539
0.216191
0.20894
0.201822
0.194862
0.188075
0.181466
0.175033
0.16877
0.162665
0.156704
0.150872
0.145153
0.139535
0.134004
0.128549
0.123162
0.117834
0.11256
0.107337
0.102161
0.0970288
0.0919391
0.0868897
0.0818791
0.0769059
0.0719686
0.0670659
0.0621963
0.0573586
0.0525517
0.0477749
0.0430283
0.0383133
0.0336335
0.0289969
0.0244193
0.0199334
0.0156122
0.0116358
0.00850251
0.00738481
0.00906974
0.012478
0.0165912
0.0210111
0.0255906
0.0302707
0.0350246
0.0398396
0.0447099
0.0496336
0.0546104
0.0596417
0.0647303
0.0698826
0.0750982
0.0803757
0.085723
0.0911451
0.0966475
0.102235
0.107918
0.113698
0.119568
0.125539
0.131614
0.137799
0.144103
0.150505
0.157008
0.163615
0.170322
0.177115
0.183978
0.190904
0.197883
0.204885
0.211894
0.218896
0.225863
0.23278
0.239639
0.246442
0.253231
0.260107
0.267305
0.275293
0.284933
0.29764
0.315351
0.340011
0.372457
0.411142
0.451425
0.485672
0.503851
0.494353
0.445423
0.3485
0.205553
0.0388772
0.0176478
0.084844
0.142027
0.186008
0.217652
0.239735
0.255234
0.266481
0.274972
0.281519
0.286516
0.290134
0.292461
0.293558
0.293482
0.292299
0.290083
0.286918
0.282892
0.278102
0.272649
0.266636
0.260164
0.253333
0.246238
0.238968
0.231604
0.224217
0.216869
0.209613
0.202486
0.195514
0.188713
0.182089
0.175643
0.169366
0.163249
0.157278
0.151438
0.145716
0.140096
0.134568
0.129119
0.123741
0.118425
0.113167
0.107963
0.102809
0.0977035
0.0926433
0.0876273
0.0826542
0.0777231
0.072833
0.0679835
0.0631741
0.0584048
0.0536765
0.048991
0.0443519
0.0397656
0.035243
0.0308033
0.0264794
0.0223311
0.018471
0.0151171
0.012677
0.0117388
0.0126471
0.015079
0.0184515
0.0223536
0.0265648
0.0309717
0.0355149
0.0401616
0.0448936
0.0497005
0.054577
0.0595207
0.0645317
0.069612
0.0747619
0.0799823
0.0852775
0.0906521
0.0961109
0.101658
0.107302
0.113046
0.118885
0.124828
0.130878
0.13704
0.143326
0.149711
0.156202
0.162798
0.1695
0.176292
0.183156
0.190087
0.197078
0.204094
0.211122
0.218147
0.225141
0.232087
0.238977
0.245807
0.252614
0.259483
0.266625
0.274468
0.283823
0.296069
0.313175
0.337252
0.369421
0.408425
0.44978
0.485825
0.506324
0.499282
0.452347
0.356126
0.211653
0.0406294
0.016694
0.0817149
0.138211
0.182462
0.214804
0.237642
0.253762
0.265448
0.274226
0.280964
0.2861
0.289833
0.292266
0.293463
0.293484
0.292394
0.290269
0.287188
0.283243
0.278526
0.273139
0.267185
0.260765
0.253977
0.246918
0.239675
0.232331
0.224957
0.217616
0.210359
0.203228
0.196248
0.189437
0.182802
0.176344
0.170057
0.163932
0.157955
0.152113
0.146391
0.140776
0.135255
0.129819
0.124457
0.119162
0.113929
0.108753
0.103632
0.0985632
0.0935445
0.0885749
0.0836534
0.0787798
0.0739539
0.0691761
0.0644474
0.0597695
0.0551453
0.0505796
0.0460798
0.0416576
0.037331
0.0331288
0.0290963
0.0253077
0.021884
0.0190193
0.0169975
0.0161406
0.0166343
0.0183758
0.0210662
0.0244037
0.0281701
0.0322276
0.0364919
0.0409114
0.0454546
0.0501016
0.0548405
0.059664
0.0645685
0.0695525
0.0746157
0.0797586
0.0849836
0.0902942
0.0956944
0.101188
0.106781
0.112475
0.118273
0.124178
0.130194
0.136326
0.14258
0.14894
0.15541
0.161988
0.168677
0.17546
0.182317
0.189245
0.196239
0.203262
0.2103
0.217342
0.224354
0.231322
0.238237
0.245089
0.251912
0.258775
0.26587
0.273588
0.282687
0.294502
0.311022
0.334505
0.366354
0.405608
0.44796
0.485734
0.508503
0.503901
0.458988
0.363534
0.217621
0.0423538
0.0157331
0.0784719
0.134165
0.178603
0.211606
0.235203
0.251975
0.264139
0.273242
0.280201
0.2855
0.289368
0.291924
0.293238
0.293372
0.292393
0.290374
0.287395
0.283545
0.278917
0.273612
0.267731
0.261376
0.254644
0.24763
0.240425
0.23311
0.225756
0.218427
0.211177
0.204046
0.197063
0.190245
0.183602
0.177137
0.170843
0.164713
0.158734
0.152893
0.147176
0.141571
0.136065
0.130647
0.125309
0.120042
0.114842
0.109704
0.104625
0.0996037
0.0946378
0.0897266
0.08487
0.080068
0.0753216
0.0706322
0.066002
0.0614346
0.0569351
0.0525111
0.0481736
0.0439385
0.0398293
0.0358807
0.0321438
0.0286945
0.0256435
0.023145
0.0213922
0.0205775
0.0208151
0.0220763
0.0242085
0.0270152
0.0303198
0.0339887
0.0379283
0.0420755
0.0463876
0.0508364
0.0554032
0.0600756
0.0648459
0.0697097
0.0746644
0.0797095
0.0848458
0.0900753
0.0954011
0.100826
0.106355
0.11199
0.117734
0.123591
0.129563
0.135654
0.141866
0.148193
0.154634
0.161188
0.167854
0.174616
0.181459
0.188377
0.195367
0.202387
0.209426
0.216477
0.2235
0.230482
0.237415
0.244284
0.251118
0.257977
0.265032
0.27264
0.281509
0.292925
0.30888
0.331764
0.363253
0.402696
0.445972
0.485409
0.510401
0.508224
0.465358
0.370733
0.223463
0.0440506
0.0147691
0.0751289
0.129902
0.174441
0.208064
0.23242
0.249871
0.262552
0.272018
0.279229
0.284715
0.288738
0.291434
0.292881
0.293146
0.292293
0.290395
0.287534
0.283795
0.279272
0.274063
0.26827
0.261992
0.255327
0.248372
0.241214
0.233936
0.226611
0.219302
0.212064
0.204938
0.197956
0.191136
0.184489
0.178019
0.171722
0.16559
0.159613
0.153778
0.148071
0.142481
0.136994
0.131601
0.126293
0.121062
0.115903
0.110811
0.105784
0.10082
0.0959174
0.0910761
0.0862963
0.0815788
0.0769253
0.0723384
0.0678217
0.0633802
0.0590212
0.0547545
0.0505937
0.0465579
0.0426736
0.0389776
0.0355212
0.0323744
0.0296307
0.0274078
0.0258388
0.0250474
0.0251104
0.026026
0.0277158
0.0300573
0.0329211
0.0361939
0.0397861
0.043631
0.0476802
0.0518993
0.056264
0.0607573
0.0653678
0.0700878
0.0749126
0.0798398
0.0848688
0.0900001
0.0952355
0.100577
0.106029
0.111592
0.117271
0.123067
0.128984
0.135024
0.141187
0.147472
0.153876
0.160396
0.167028
0.173761
0.180583
0.187484
0.194457
0.201466
0.2085
0.215551
0.222577
0.229565
0.23651
0.243387
0.25023
0.257083
0.264103
0.271616
0.280278
0.291325
0.306737
0.329019
0.360116
0.399691
0.443825
0.484861
0.51203
0.512263
0.471469
0.377736
0.229187
0.04572
0.0138061
0.0717001
0.125439
0.169989
0.204183
0.229293
0.247446
0.260682
0.270548
0.278045
0.283743
0.287942
0.290795
0.292392
0.292802
0.292091
0.290331
0.287603
0.28399
0.279586
0.274488
0.268796
0.262609
0.256024
0.249138
0.242038
0.234807
0.227518
0.220236
0.213017
0.205903
0.198926
0.192108
0.185462
0.178991
0.172694
0.166564
0.160592
0.154767
0.149074
0.143503
0.138042
0.132679
0.127408
0.122219
0.117108
0.112071
0.107104
0.102207
0.0973776
0.0926164
0.0879241
0.0833023
0.0787534
0.0742809
0.0698896
0.0655859
0.0613784
0.0572787
0.0533022
0.0494695
0.0458077
0.0423533
0.0391537
0.03627
0.0337781
0.0317668
0.0303299
0.0295516
0.0294866
0.0301435
0.0314823
0.033428
0.0358905
0.0387809
0.0420216
0.0455493
0.0493146
0.0532803
0.0574183
0.0617083
0.0661357
0.07069
0.0753643
0.0801542
0.0850575
0.0900734
0.0952024
0.100446
0.105806
0.111285
0.116886
0.12261
0.128461
0.134439
0.140544
0.146776
0.153132
0.159609
0.166201
0.172898
0.17969
0.186566
0.19351
0.200502
0.207524
0.214562
0.221581
0.228569
0.235517
0.242397
0.249243
0.256088
0.263077
0.270505
0.278983
0.289688
0.304581
0.326264
0.35694
0.396593
0.441523
0.484099
0.513402
0.516032
0.477334
0.384554
0.234802
0.0473629
0.012848
0.0682002
0.120791
0.165258
0.199972
0.225822
0.244697
0.258522
0.268828
0.276644
0.282583
0.286978
0.290007
0.291769
0.292339
0.291785
0.290179
0.287598
0.284127
0.279857
0.274884
0.269306
0.263222
0.25673
0.249924
0.242892
0.235718
0.228475
0.221228
0.214034
0.206937
0.199972
0.193161
0.186518
0.18005
0.173757
0.167634
0.161671
0.155858
0.150185
0.144637
0.139206
0.13388
0.128651
0.123511
0.118456
0.11348
0.108582
0.103759
0.0990122
0.0943403
0.0897451
0.0852286
0.0807939
0.0764454
0.0721886
0.0680311
0.0639823
0.0600548
0.0562646
0.0526325
0.0491851
0.0459561
0.0429875
0.0403309
0.0380465
0.0362013
0.0348633
0.034092
0.0339285
0.0343847
0.0354414
0.0370532
0.0391589
0.0416926
0.044591
0.0477987
0.0512693
0.0549657
0.0588585
0.0629254
0.0671494
0.0715182
0.0760226
0.0806567
0.0854167
0.0903003
0.0953071
0.100437
0.105693
0.111074
0.116584
0.122224
0.127996
0.133901
0.139938
0.146107
0.152406
0.158829
0.165371
0.172024
0.178776
0.185616
0.192528
0.199493
0.206494
0.21351
0.220516
0.227495
0.234433
0.24131
0.248154
0.254988
0.261946
0.269299
0.277612
0.288003
0.302401
0.323491
0.353721
0.393405
0.439071
0.483132
0.514527
0.51954
0.482965
0.391198
0.240314
0.0489801
0.0118988
0.064644
0.115978
0.160265
0.195438
0.222011
0.241621
0.256069
0.266853
0.275022
0.28123
0.285845
0.289067
0.29101
0.291756
0.291373
0.289934
0.287515
0.2842
0.280078
0.275244
0.269795
0.263828
0.257441
0.250726
0.243774
0.236666
0.229477
0.222273
0.215112
0.20804
0.201091
0.194292
0.187658
0.181197
0.174912
0.168798
0.162848
0.157053
0.151401
0.145882
0.140486
0.135201
0.13002
0.124935
0.119941
0.115035
0.110212
0.105472
0.100815
0.0962406
0.0917506
0.0873475
0.0830351
0.0788179
0.0747024
0.0706964
0.0668101
0.063056
0.0594504
0.0560129
0.0527684
0.0497469
0.0469846
0.0445239
0.0424124
0.0407008
0.0394392
0.0386714
0.0384289
0.0387251
0.0395514
0.0408808
0.0426729
0.0448801
0.0474537
0.0503476
0.0535211
0.0569396
0.0605746
0.0644031
0.0684072
0.0725731
0.0768902
0.0813513
0.0859509
0.0906861
0.0955549
0.100557
0.105693
0.110963
0.116369
0.121912
0.127593
0.133413
0.139372
0.145468
0.151698
0.158057
0.164541
0.171139
0.177842
0.184636
0.191507
0.198437
0.205406
0.212394
0.219379
0.22634
0.233261
0.240128
0.246958
0.253778
0.260706
0.267992
0.276156
0.28626
0.300188
0.320691
0.350454
0.390125
0.436474
0.481965
0.515414
0.522798
0.488372
0.397679
0.245732
0.0505727
0.0109622
0.0610469
0.111017
0.155023
0.190591
0.217862
0.238217
0.253318
0.264616
0.273175
0.279681
0.284539
0.287973
0.290114
0.291049
0.290852
0.289594
0.287352
0.284206
0.280246
0.275565
0.270257
0.26442
0.25815
0.251539
0.244677
0.237646
0.230521
0.223369
0.216248
0.209207
0.202281
0.195499
0.188879
0.18243
0.176157
0.170056
0.164123
0.158349
0.152724
0.147237
0.14188
0.136641
0.131513
0.126489
0.121563
0.116731
0.111991
0.107341
0.10278
0.0983101
0.0939323
0.0896494
0.0854653
0.0813851
0.0774152
0.0735639
0.0698411
0.0662592
0.0628335
0.0595824
0.0565279
0.0536963
0.051118
0.0488273
0.0468617
0.04526
0.0440594
0.0432927
0.0429855
0.0431508
0.0437859
0.044875
0.0463919
0.0483036
0.0505738
0.0531663
0.0560469
0.0591853
0.0625552
0.0661348
0.0699059
0.0738543
0.0779689
0.082241
0.0866647
0.0912356
0.0959512
0.10081
0.105812
0.110957
0.116246
0.121679
0.127257
0.132981
0.138849
0.14486
0.151011
0.157296
0.16371
0.170243
0.176886
0.183626
0.190446
0.19733
0.204259
0.211211
0.218165
0.225101
0.231999
0.238849
0.245657
0.252459
0.259352
0.266576
0.274607
0.284448
0.297931
0.317856
0.347135
0.386754
0.433735
0.480606
0.516071
0.525816
0.493565
0.404007
0.251065
0.0521419
0.0100419
0.0574243
0.105928
0.149551
0.185442
0.213381
0.234483
0.250262
0.262112
0.271096
0.277932
0.283057
0.286722
0.289077
0.290217
0.290219
0.289156
0.287103
0.284141
0.280356
0.275841
0.270688
0.264994
0.258853
0.252358
0.245597
0.238653
0.231602
0.224511
0.217439
0.210436
0.203541
0.196782
0.190181
0.183749
0.177491
0.171408
0.165496
0.159746
0.154152
0.148702
0.143387
0.138199
0.133129
0.12817
0.123317
0.118566
0.113914
0.109359
0.104902
0.100542
0.0962821
0.0921247
0.0880737
0.0841343
0.0803128
0.0766172
0.0730571
0.0696442
0.0663924
0.0633182
0.0604408
0.0577826
0.0553687
0.0532268
0.0513861
0.0498765
0.0487262
0.0479597
0.0475986
0.0476551
0.0481287
0.049011
0.0502859
0.0519313
0.0539211
0.0562278
0.0588245
0.0616855
0.0647881
0.0681123
0.0716412
0.0753607
0.0792596
0.0833289
0.0875621
0.0919541
0.0965018
0.101203
0.106057
0.111062
0.11622
0.12153
0.126993
0.132608
0.138373
0.144288
0.150347
0.156547
0.162881
0.169339
0.175912
0.182586
0.189345
0.196174
0.203052
0.209959
0.216873
0.223773
0.230641
0.237466
0.244251
0.251028
0.257886
0.265044
0.272955
0.282556
0.295621
0.314979
0.343759
0.38329
0.430856
0.479059
0.516505
0.528603
0.498556
0.410194
0.256321
0.053689
0.00914131
0.0537919
0.100731
0.143866
0.180005
0.208572
0.230419
0.246898
0.259333
0.26878
0.275977
0.281394
0.285312
0.287897
0.289256
0.28947
0.288615
0.286764
0.283998
0.280402
0.276066
0.271081
0.265542
0.259543
0.253175
0.246527
0.239682
0.232715
0.225694
0.21868
0.211724
0.204866
0.198137
0.191561
0.185151
0.178914
0.172853
0.166965
0.161245
0.155685
0.150275
0.145008
0.139874
0.134866
0.129978
0.125203
0.120537
0.115978
0.111524
0.107174
0.10293
0.0987928
0.0947649
0.0908504
0.0870541
0.0833821
0.0798419
0.0764422
0.0731938
0.070109
0.067202
0.0644895
0.0619898
0.0597235
0.0577128
0.0559805
0.0545499
0.0534429
0.0526791
0.0522732
0.0522352
0.052569
0.0532711
0.0543322
0.0557379
0.0574702
0.059509
0.0618338
0.0644241
0.0672611
0.0703274
0.0736081
0.0770901
0.0807628
0.0846174
0.088647
0.0928465
0.0972122
0.101742
0.106433
0.111285
0.116299
0.121472
0.126806
0.132299
0.137949
0.143754
0.149711
0.155814
0.162055
0.168427
0.174918
0.181516
0.188205
0.194967
0.201785
0.208636
0.2155
0.222356
0.229185
0.235976
0.242731
0.24948
0.256305
0.2634
0.271194
0.280576
0.293247
0.312051
0.340321
0.37973
0.427838
0.477329
0.516723
0.531166
0.503352
0.416249
0.26151
0.0552155
0.00826386
0.0501655
0.0954472
0.137988
0.174292
0.203443
0.226025
0.243222
0.256274
0.266218
0.273809
0.279547
0.283738
0.28657
0.288162
0.288602
0.287967
0.286331
0.283774
0.280379
0.276234
0.271429
0.266058
0.260213
0.253986
0.247463
0.240727
0.233854
0.226914
0.219968
0.213067
0.206254
0.199562
0.193017
0.186635
0.180425
0.174391
0.168532
0.162845
0.157322
0.151957
0.146741
0.141666
0.136724
0.13191
0.127217
0.122641
0.11818
0.113831
0.109594
0.105469
0.101457
0.097562
0.0937862
0.0901343
0.0866118
0.0832254
0.079983
0.0768939
0.0739688
0.0712197
0.0686604
0.0663061
0.0641732
0.0622792
0.0606421
0.0592797
0.0582093
0.0574459
0.057001
0.0568828
0.0570965
0.0576418
0.0585139
0.0597042
0.0612009
0.0629902
0.065057
0.067386
0.0699621
0.0727715
0.0758012
0.0790401
0.0824784
0.0861083
0.0899231
0.0939177
0.0980884
0.102432
0.106948
0.111633
0.116488
0.121511
0.126703
0.13206
0.137582
0.143265
0.149106
0.155099
0.161237
0.16751
0.173909
0.180418
0.187025
0.19371
0.200456
0.207242
0.214046
0.220847
0.227628
0.234377
0.241094
0.247808
0.254596
0.261641
0.269329
0.2785
0.290801
0.309066
0.336816
0.376074
0.424683
0.475419
0.51673
0.533512
0.507962
0.422184
0.266641
0.0567228
0.00741263
0.0465608
0.0900991
0.131939
0.16832
0.198002
0.221304
0.23923
0.252927
0.263403
0.271422
0.277508
0.281995
0.285092
0.286932
0.287611
0.287208
0.285799
0.283462
0.28028
0.276338
0.271727
0.266536
0.260858
0.254782
0.248395
0.24178
0.235014
0.228165
0.221295
0.214459
0.2077
0.201054
0.194547
0.188199
0.182021
0.176019
0.170194
0.164544
0.159064
0.153747
0.148586
0.143573
0.138702
0.133965
0.129358
0.124876
0.120516
0.116276
0.112155
0.108153
0.10427
0.100509
0.0968733
0.093366
0.0899921
0.0867572
0.0836683
0.080733
0.0779602
0.0753601
0.0729438
0.0707232
0.0687116
0.0669225
0.0653698
0.0640673
0.0630283
0.0622642
0.0617849
0.0615975
0.0617069
0.0621147
0.0628191
0.0638157
0.0650974
0.0666553
0.068479
0.0705578
0.0728804
0.0754362
0.078215
0.0812076
0.0844061
0.0878033
0.0913937
0.0951725
0.0991362
0.103282
0.107608
0.112113
0.116796
0.121655
0.12669
0.131898
0.137278
0.142826
0.148538
0.154408
0.160429
0.166591
0.172884
0.179294
0.185806
0.192403
0.199066
0.205775
0.212508
0.219246
0.225969
0.232666
0.239337
0.246009
0.252756
0.25975
0.267355
0.276331
0.288275
0.306016
0.333238
0.372317
0.421391
0.473333
0.51653
0.535648
0.512395
0.428007
0.271723
0.0582122
0.00659052
0.0429935
0.0847094
0.12574
0.162106
0.192262
0.216259
0.23492
0.249287
0.260328
0.268807
0.27527
0.280078
0.283459
0.285562
0.286492
0.286332
0.285162
0.283057
0.280099
0.276373
0.271966
0.266967
0.261468
0.255556
0.249318
0.242836
0.236186
0.229439
0.222658
0.215896
0.2092
0.202608
0.196148
0.189841
0.183702
0.177737
0.171952
0.166344
0.16091
0.155646
0.150543
0.145597
0.140799
0.136144
0.131626
0.127242
0.122986
0.118858
0.114855
0.110977
0.107225
0.103601
0.100105
0.0967418
0.0935148
0.0904286
0.0874888
0.0847017
0.0820744
0.079615
0.0773322
0.0752354
0.0733348
0.0716408
0.070164
0.068915
0.0679038
0.0671396
0.0666301
0.0663819
0.0663996
0.0666857
0.0672406
0.0680625
0.0691479
0.0704917
0.0720874
0.0739281
0.0760061
0.0783139
0.0808441
0.0835899
0.0865449
0.0897038
0.0930619
0.0966155
0.100361
0.104297
0.108422
0.112733
0.11723
0.121911
0.126775
0.13182
0.137044
0.142443
0.148012
0.153745
0.159636
0.165674
0.171848
0.178145
0.18455
0.191046
0.197615
0.204235
0.210887
0.217549
0.224204
0.23084
0.237457
0.244079
0.250779
0.257721
0.265249
0.274073
0.28567
0.302892
0.329581
0.368457
0.417962
0.471073
0.51613
0.53758
0.516658
0.43373
0.276767
0.0596852
0.00580019
0.0394791
0.0793017
0.119417
0.155671
0.186233
0.210895
0.23029
0.245347
0.256984
0.265957
0.272827
0.277979
0.281663
0.284045
0.285239
0.285335
0.284414
0.282552
0.279829
0.276329
0.272138
0.267344
0.262035
0.256299
0.250221
0.243884
0.237364
0.23073
0.224048
0.217371
0.210749
0.20422
0.197815
0.191557
0.185463
0.179544
0.173803
0.168243
0.16286
0.157652
0.152613
0.147736
0.143015
0.138445
0.13402
0.129735
0.125587
0.121573
0.117691
0.11394
0.11032
0.106831
0.103476
0.100256
0.0971732
0.0942324
0.0914374
0.0887929
0.0863045
0.0839782
0.0818207
0.079839
0.0780408
0.0764339
0.0750262
0.0738257
0.07284
0.0720761
0.0715404
0.0712386
0.0711751
0.0713529
0.0717737
0.0724377
0.0733437
0.0744896
0.0758721
0.0774873
0.0793307
0.0813977
0.0836836
0.0861838
0.0888941
0.0918109
0.0949308
0.0982513
0.10177
0.105485
0.109396
0.113501
0.117798
0.122287
0.126967
0.131834
0.136887
0.142122
0.147534
0.153116
0.158862
0.164761
0.170803
0.176974
0.183259
0.189641
0.196102
0.202622
0.20918
0.215757
0.222333
0.228898
0.235452
0.242017
0.248663
0.255548
0.263004
0.2717
0.282998
0.299689
0.32584
0.364491
0.414397
0.46864
0.515531
0.539313
0.520759
0.439362
0.281781
0.061143
0.00504403
0.0360324
0.0738998
0.112995
0.149036
0.179931
0.205218
0.22534
0.241103
0.253363
0.262862
0.27017
0.275691
0.279699
0.282376
0.283848
0.284211
0.283548
0.281939
0.279462
0.2762
0.272236
0.267657
0.26255
0.257002
0.251097
0.244917
0.238537
0.232029
0.225457
0.218877
0.212339
0.205883
0.199543
0.193343
0.187303
0.181435
0.175746
0.170239
0.164913
0.159767
0.154794
0.149991
0.145351
0.140869
0.136539
0.132357
0.128319
0.124421
0.120661
0.117038
0.11355
0.110198
0.106982
0.103902
0.100962
0.0981635
0.0955088
0.0930017
0.0906459
0.0884459
0.0864063
0.0845322
0.0828291
0.0813026
0.0799585
0.0788027
0.0778407
0.0770782
0.0765197
0.0761704
0.0760347
0.0761158
0.076416
0.0769368
0.0776788
0.0786419
0.0798253
0.0812277
0.0828471
0.0846816
0.0867288
0.0889866
0.0914528
0.0941255
0.0970031
0.100084
0.103368
0.106853
0.110539
0.114425
0.11851
0.122793
0.127274
0.131949
0.136816
0.141872
0.147111
0.152527
0.158113
0.163859
0.169753
0.175783
0.181934
0.188189
0.19453
0.200936
0.207388
0.213867
0.220354
0.226837
0.233318
0.239818
0.246404
0.253229
0.260612
0.269193
0.280253
0.296413
0.322008
0.360415
0.410693
0.466036
0.514736
0.540851
0.524704
0.444912
0.286777
0.062587
0.00432413
0.032668
0.0685281
0.1065
0.142224
0.173372
0.199239
0.220072
0.23655
0.249458
0.259513
0.267288
0.273206
0.277559
0.280548
0.28231
0.282952
0.282559
0.281213
0.278991
0.275975
0.272249
0.267896
0.263003
0.257655
0.251935
0.245924
0.239697
0.233327
0.226878
0.220406
0.213963
0.207592
0.201327
0.195195
0.189217
0.183409
0.177779
0.172331
0.167068
0.161988
0.157088
0.152362
0.147807
0.143416
0.139184
0.135107
0.131181
0.127401
0.123764
0.120269
0.116914
0.113697
0.110619
0.107679
0.104879
0.102218
0.0996994
0.0973245
0.0950956
0.0930156
0.0910874
0.0893145
0.0877003
0.0862488
0.0849639
0.0838497
0.0829103
0.0821497
0.0815718
0.0811808
0.0809809
0.0809753
0.0811667
0.0815573
0.0821491
0.0829434
0.0839413
0.0851432
0.0865496
0.0881605
0.089976
0.0919959
0.0942202
0.0966487
0.0992815
0.102119
0.10516
0.108407
0.111858
0.115514
0.119374
0.123439
0.127706
0.132174
0.13684
0.141701
0.146752
0.151986
0.157396
0.162972
0.168704
0.174578
0.180579
0.186692
0.192897
0.199177
0.20551
0.211878
0.218264
0.224655
0.231053
0.237479
0.243999
0.250759
0.258069
0.266544
0.277405
0.293083
0.318078
0.356225
0.40685
0.463262
0.513749
0.542199
0.5285
0.45039
0.291766
0.0640181
0.00364232
0.0293995
0.0632109
0.0999602
0.135261
0.166577
0.192968
0.214489
0.231685
0.245261
0.2559
0.264173
0.270514
0.275235
0.278552
0.28062
0.281551
0.281438
0.280363
0.278406
0.275647
0.272168
0.268052
0.263383
0.258246
0.252723
0.246893
0.240833
0.234613
0.228299
0.221948
0.215613
0.209338
0.203159
0.197105
0.1912
0.185461
0.179897
0.174517
0.169323
0.164316
0.159492
0.154849
0.150382
0.146086
0.141955
0.137986
0.134173
0.130512
0.127
0.123634
0.120411
0.117329
0.114387
0.111584
0.10892
0.106394
0.104007
0.10176
0.0996523
0.0976867
0.0958642
0.0941868
0.0926563
0.0912752
0.090046
0.0889711
0.0880535
0.0872958
0.0867013
0.0862736
0.0860165
0.0859332
0.0860263
0.0862986
0.0867527
0.087391
0.0882158
0.0892293
0.0904336
0.0918305
0.093422
0.0952098
0.0971957
0.0993814
0.101768
0.104359
0.107153
0.110154
0.113362
0.116777
0.120401
0.124233
0.128273
0.132519
0.136969
0.141619
0.146464
0.1515
0.156717
0.162108
0.16766
0.173361
0.179197
0.185152
0.191208
0.197345
0.203546
0.20979
0.216062
0.22235
0.228654
0.234998
0.241443
0.248135
0.25537
0.263744
0.27443
0.289711
0.314045
0.351918
0.402867
0.460317
0.512571
0.54336
0.532152
0.455806
0.29676
0.0654372
0.0030001
0.0262398
0.0579723
0.0934054
0.128174
0.159565
0.186419
0.208598
0.226507
0.240766
0.252015
0.260813
0.267604
0.272715
0.276381
0.278769
0.280001
0.280177
0.279383
0.277699
0.275206
0.271983
0.268113
0.26368
0.258765
0.25345
0.247814
0.241932
0.235876
0.22971
0.223493
0.217279
0.211112
0.205031
0.199068
0.193246
0.187585
0.182098
0.176794
0.171677
0.166748
0.162007
0.157452
0.153077
0.148879
0.144853
0.140994
0.137296
0.133756
0.130369
0.127131
0.12404
0.121092
0.118284
0.115616
0.113085
0.110691
0.108431
0.106307
0.104316
0.10246
0.100738
0.0991512
0.0977
0.0963855
0.095209
0.0941718
0.0932756
0.0925222
0.0919135
0.0914535
0.0911458
0.0909929
0.0909972
0.0911616
0.0914891
0.091983
0.0926465
0.093483
0.0944958
0.0956885
0.0970643
0.0986267
0.100379
0.102325
0.104467
0.106808
0.109352
0.112101
0.115058
0.118223
0.121599
0.125187
0.128985
0.132994
0.137212
0.141635
0.146259
0.151078
0.156085
0.161272
0.166627
0.172139
0.177793
0.183573
0.189462
0.195443
0.201495
0.207602
0.213747
0.219919
0.22612
0.232371
0.238735
0.245351
0.25251
0.260788
0.271316
0.286273
0.309924
0.347488
0.398741
0.457202
0.511203
0.544338
0.535667
0.461171
0.301771
0.0668448
0.00239871
0.0232007
0.0528362
0.0868651
0.120992
0.152361
0.179609
0.202407
0.221017
0.235968
0.247848
0.257199
0.264467
0.269992
0.274024
0.276746
0.278292
0.278768
0.278263
0.27686
0.27464
0.271682
0.268069
0.26388
0.259198
0.254103
0.248673
0.242982
0.237102
0.231098
0.225029
0.218949
0.212904
0.206935
0.201074
0.195347
0.189776
0.184376
0.179156
0.174124
0.169282
0.164631
0.160169
0.155892
0.151797
0.147878
0.144132
0.140552
0.137133
0.133872
0.130763
0.127802
0.124986
0.122312
0.119776
0.117376
0.115109
0.112973
0.110967
0.109088
0.107337
0.105711
0.104211
0.102835
0.101584
0.100458
0.0994571
0.0985825
0.0978348
0.097215
0.0967272
0.0963752
0.0961596
0.0960829
0.0961481
0.0963589
0.0967188
0.0972319
0.0979022
0.0987342
0.0997324
0.100901
0.102246
0.10377
0.10548
0.107379
0.109472
0.111763
0.114256
0.116954
0.119861
0.122979
0.12631
0.129854
0.133611
0.13758
0.141759
0.146144
0.15073
0.155509
0.160474
0.165614
0.170917
0.17637
0.181958
0.187664
0.193471
0.19936
0.205314
0.211317
0.217361
0.223446
0.229594
0.235869
0.242405
0.249486
0.257671
0.268055
0.282735
0.30574
0.342926
0.394471
0.453916
0.509645
0.545135
0.53905
0.466494
0.306813
0.0682413
0.00183921
0.020293
0.0478257
0.0803696
0.113745
0.144992
0.172555
0.195925
0.215219
0.230864
0.243392
0.253319
0.261089
0.267051
0.271471
0.274543
0.276415
0.277199
0.276992
0.275878
0.273939
0.271254
0.267905
0.263971
0.259532
0.254668
0.249455
0.243969
0.238279
0.23245
0.226543
0.220611
0.214703
0.208858
0.203113
0.197495
0.192026
0.186724
0.1816
0.176662
0.171916
0.167362
0.162999
0.158826
0.154838
0.151031
0.1474
0.14394
0.140645
0.13751
0.13453
0.1317
0.129015
0.126471
0.124065
0.121792
0.11965
0.117634
0.115742
0.113972
0.112321
0.110788
0.10937
0.108066
0.106876
0.105798
0.104833
0.10398
0.103241
0.102617
0.102107
0.101713
0.101438
0.101286
0.10126
0.101363
0.101599
0.101971
0.102486
0.103148
0.103961
0.104932
0.106067
0.10737
0.108848
0.110507
0.112352
0.114389
0.116623
0.119059
0.1217
0.124551
0.127613
0.13089
0.134381
0.138087
0.142005
0.146133
0.150466
0.154998
0.159721
0.164626
0.169702
0.174936
0.180312
0.185817
0.191432
0.19714
0.202925
0.208772
0.214673
0.220631
0.226666
0.232842
0.239292
0.246292
0.254388
0.26464
0.279074
0.301509
0.338225
0.390055
0.450458
0.507899
0.545753
0.542307
0.471785
0.3119
0.0696265
0.00132272
0.017526
0.0429629
0.0739499
0.106468
0.137486
0.165281
0.189168
0.209117
0.225451
0.238639
0.249164
0.25746
0.263883
0.268709
0.272148
0.274358
0.275461
0.275559
0.274742
0.273091
0.270687
0.267609
0.263938
0.259752
0.25513
0.250147
0.244877
0.23939
0.233751
0.228019
0.222251
0.216494
0.210789
0.205174
0.199678
0.194325
0.189133
0.184117
0.179285
0.174644
0.170196
0.165941
0.161877
0.158002
0.154312
0.1508
0.147462
0.144292
0.141285
0.138434
0.135734
0.133179
0.130765
0.128486
0.126338
0.124317
0.122417
0.120637
0.118971
0.117417
0.115972
0.114634
0.113399
0.112267
0.111237
0.110306
0.109475
0.108743
0.108112
0.107582
0.107152
0.106827
0.106608
0.106498
0.106502
0.106623
0.106866
0.107235
0.107736
0.108375
0.109157
0.11009
0.111179
0.112432
0.113855
0.115454
0.117238
0.11921
0.121379
0.123748
0.126323
0.129107
0.132104
0.135316
0.138742
0.142382
0.146235
0.150297
0.154562
0.159024
0.163674
0.168502
0.173495
0.178641
0.183924
0.189328
0.194838
0.200436
0.206112
0.211856
0.217671
0.223583
0.22965
0.236008
0.242924
0.250932
0.261062
0.275276
0.297233
0.333377
0.385491
0.446827
0.505964
0.546194
0.545443
0.477056
0.317049
0.071
0.000851528
0.0149077
0.0382687
0.0676364
0.0991921
0.129874
0.157811
0.182151
0.202719
0.219732
0.233585
0.244725
0.253569
0.260474
0.265727
0.269549
0.272109
0.273542
0.273954
0.273439
0.272082
0.269965
0.267168
0.263768
0.259844
0.255473
0.250731
0.24569
0.240419
0.234984
0.229444
0.223854
0.218263
0.212714
0.207245
0.201886
0.196663
0.191596
0.1867
0.181986
0.17746
0.173128
0.168989
0.165044
0.161288
0.157719
0.154331
0.151119
0.148077
0.145199
0.142477
0.139907
0.137482
0.135195
0.133042
0.131017
0.129113
0.127327
0.125654
0.12409
0.12263
0.12127
0.120008
0.11884
0.117765
0.116779
0.115883
0.115073
0.11435
0.113714
0.113165
0.112704
0.112332
0.112052
0.111867
0.111781
0.111796
0.111918
0.112151
0.112501
0.112975
0.113578
0.114317
0.115199
0.116232
0.117424
0.118781
0.120312
0.122023
0.123921
0.126013
0.128305
0.130802
0.133508
0.136426
0.139558
0.142905
0.146465
0.150236
0.154214
0.158394
0.162767
0.167325
0.172057
0.17695
0.181991
0.187164
0.192455
0.197849
0.203335
0.208906
0.214566
0.220341
0.226291
0.232548
0.239378
0.247299
0.257315
0.271333
0.292892
0.32839
0.380779
0.443019
0.503839
0.546461
0.548463
0.482319
0.322278
0.0723614
0.000435663
0.0124448
0.0337622
0.0614594
0.0919532
0.122188
0.150172
0.174894
0.196038
0.213709
0.228228
0.239993
0.249403
0.256812
0.262511
0.266732
0.269657
0.271428
0.272162
0.271956
0.2709
0.269077
0.266565
0.263444
0.259791
0.255682
0.251191
0.246391
0.24135
0.236132
0.230798
0.225402
0.219994
0.214618
0.209311
0.204105
0.199028
0.194101
0.189339
0.184756
0.180359
0.176153
0.172141
0.168322
0.164693
0.161252
0.157993
0.154911
0.152
0.149252
0.146662
0.144222
0.141926
0.139766
0.137737
0.135831
0.134044
0.132369
0.1308
0.129334
0.127964
0.126687
0.125499
0.124396
0.123376
0.122434
0.121571
0.120783
0.12007
0.119431
0.118867
0.118377
0.117963
0.117628
0.117374
0.117204
0.117121
0.117131
0.117237
0.117446
0.117763
0.118195
0.118749
0.119432
0.120252
0.121217
0.122336
0.123616
0.125065
0.126692
0.128503
0.130507
0.132708
0.135113
0.137725
0.140548
0.143584
0.146834
0.150295
0.153966
0.157842
0.161916
0.166182
0.170629
0.175247
0.180023
0.184944
0.189996
0.195165
0.200443
0.205824
0.211313
0.216938
0.222759
0.228909
0.235648
0.243484
0.253395
0.267237
0.288451
0.323286
0.375911
0.43903
0.50152
0.546552
0.551374
0.487586
0.327608
0.0737099
0.000189269
0.0101425
0.029461
0.0554485
0.0847864
0.114465
0.142395
0.167421
0.189089
0.20739
0.222565
0.234963
0.244954
0.252884
0.259047
0.263683
0.266986
0.269107
0.27017
0.27028
0.26953
0.268005
0.265785
0.26295
0.259575
0.255737
0.251509
0.246961
0.242163
0.237178
0.232065
0.226879
0.22167
0.216483
0.211355
0.20632
0.201406
0.196634
0.192022
0.187584
0.183329
0.179263
0.175389
0.171706
0.168213
0.164908
0.161784
0.158837
0.15606
0.153447
0.150989
0.14868
0.146513
0.14448
0.142573
0.140786
0.139113
0.137546
0.13608
0.134709
0.133428
0.132231
0.131115
0.130075
0.129107
0.128209
0.127379
0.126613
0.125911
0.125271
0.124693
0.124178
0.123727
0.123342
0.123024
0.122777
0.122604
0.122509
0.122497
0.122572
0.122741
0.12301
0.123387
0.123878
0.124492
0.125237
0.126121
0.127153
0.128343
0.129697
0.131225
0.132935
0.134834
0.136928
0.139223
0.141724
0.144434
0.147355
0.150487
0.15383
0.15738
0.161133
0.165083
0.169223
0.173541
0.178029
0.182674
0.187463
0.192387
0.197437
0.202609
0.207911
0.213371
0.219052
0.225086
0.231729
0.239482
0.249297
0.262982
0.283886
0.31808
0.370881
0.434856
0.499007
0.54647
0.554179
0.49287
0.33306
0.0750451
0.000409207
0.00800477
0.0253802
0.0496317
0.0777276
0.106741
0.134513
0.159758
0.181888
0.200784
0.2166
0.22963
0.240213
0.248679
0.255322
0.260389
0.264082
0.266562
0.267963
0.268395
0.267957
0.266735
0.264812
0.262268
0.259179
0.25562
0.251664
0.247382
0.242839
0.238099
0.233223
0.228264
0.223272
0.218291
0.213361
0.208514
0.20378
0.199181
0.194737
0.19046
0.186362
0.182449
0.178725
0.17519
0.171843
0.168681
0.165701
0.162895
0.160257
0.157782
0.15546
0.153284
0.151246
0.149339
0.147555
0.145885
0.144324
0.142864
0.141498
0.140221
0.139026
0.137907
0.136861
0.135882
0.134967
0.134112
0.133314
0.132571
0.131881
0.131242
0.130653
0.130116
0.129632
0.129201
0.128825
0.128508
0.128251
0.128058
0.127934
0.127884
0.127913
0.128027
0.128234
0.12854
0.128955
0.129485
0.13014
0.130928
0.131859
0.132941
0.134185
0.135597
0.137188
0.138963
0.140931
0.143097
0.145466
0.148042
0.150827
0.153821
0.157023
0.160431
0.164042
0.167848
0.171842
0.176016
0.18036
0.184864
0.189519
0.194318
0.199261
0.204358
0.209638
0.215166
0.221074
0.227618
0.235287
0.245014
0.25856
0.279184
0.312776
0.365681
0.43049
0.496293
0.546213
0.556886
0.498186
0.338661
0.0763675
0.000708131
0.00603526
0.0215331
0.0440357
0.0708125
0.0990543
0.126561
0.151935
0.17446
0.193905
0.21034
0.223995
0.235173
0.244186
0.251324
0.256835
0.26093
0.263779
0.265525
0.266285
0.266163
0.265249
0.263628
0.261381
0.258584
0.255313
0.251638
0.247631
0.243356
0.238877
0.234253
0.229537
0.224779
0.220023
0.215308
0.210669
0.206134
0.201727
0.197467
0.193369
0.189444
0.185699
0.182139
0.178764
0.175575
0.172567
0.169737
0.16708
0.164588
0.162255
0.160072
0.158032
0.156126
0.154346
0.152684
0.151132
0.149682
0.148328
0.147061
0.145875
0.144764
0.143723
0.142745
0.141827
0.140963
0.14015
0.139386
0.138666
0.137989
0.137352
0.136755
0.136199
0.135685
0.135213
0.134785
0.134401
0.134066
0.133782
0.133553
0.133383
0.133279
0.133246
0.13329
0.133419
0.13364
0.133962
0.134392
0.134941
0.135617
0.136429
0.137387
0.1385
0.139778
0.141228
0.14286
0.14468
0.146694
0.148909
0.151327
0.153952
0.156785
0.159825
0.16307
0.166517
0.170161
0.173995
0.178011
0.182204
0.186565
0.19109
0.195783
0.200654
0.205737
0.211098
0.216871
0.223308
0.230893
0.240539
0.253961
0.274335
0.307372
0.360299
0.425924
0.493373
0.545779
0.559499
0.503551
0.344441
0.0776792
0.000983621
0.00423911
0.0179306
0.0386851
0.0640763
0.0914444
0.118579
0.143985
0.16683
0.186772
0.203792
0.218058
0.22983
0.239397
0.247039
0.253006
0.257513
0.260741
0.262839
0.263932
0.26413
0.263528
0.262213
0.260268
0.25777
0.254793
0.251409
0.247688
0.243694
0.239489
0.235132
0.230676
0.226169
0.221657
0.217177
0.212765
0.208448
0.204252
0.200196
0.196295
0.19256
0.189
0.185619
0.182419
0.179399
0.176557
0.173888
0.171388
0.169048
0.166863
0.164824
0.162923
0.161151
0.159501
0.157962
0.156528
0.15519
0.15394
0.152771
0.151676
0.150649
0.149683
0.148773
0.147914
0.147101
0.146331
0.145599
0.144903
0.144241
0.14361
0.143009
0.142439
0.141898
0.141387
0.140908
0.140463
0.140054
0.139683
0.139355
0.139073
0.138842
0.138668
0.138557
0.138515
0.13855
0.138669
0.13888
0.139194
0.139618
0.140161
0.140835
0.141648
0.14261
0.14373
0.145018
0.146481
0.148129
0.149967
0.152002
0.154239
0.15668
0.159328
0.162184
0.165245
0.168511
0.171977
0.175638
0.179491
0.183531
0.187758
0.192176
0.196801
0.201667
0.206846
0.212471
0.218796
0.226296
0.235866
0.24918
0.269331
0.301866
0.354721
0.421151
0.49024
0.545165
0.562024
0.508983
0.350436
0.0789854
0.00122793
0.00263149
0.0145819
0.0336023
0.0575531
0.0839516
0.110605
0.135944
0.159027
0.179405
0.196971
0.211825
0.224182
0.234304
0.242456
0.248887
0.253816
0.25743
0.259886
0.261318
0.26184
0.261553
0.260548
0.258909
0.256715
0.25404
0.250955
0.24753
0.243829
0.239912
0.235837
0.231657
0.22742
0.22317
0.218945
0.21478
0.210702
0.206738
0.202905
0.19922
0.195694
0.192337
0.189151
0.186141
0.183304
0.18064
0.178143
0.175809
0.173631
0.171601
0.169712
0.167955
0.166321
0.164802
0.163389
0.162073
0.160847
0.159702
0.158631
0.157627
0.156683
0.155792
0.15495
0.15415
0.153388
0.15266
0.151961
0.15129
0.150643
0.150019
0.149416
0.148832
0.148267
0.147721
0.147196
0.146694
0.146215
0.145764
0.145342
0.144953
0.144602
0.144294
0.144033
0.143827
0.143682
0.143605
0.143603
0.143686
0.143862
0.144141
0.144532
0.145044
0.145689
0.146475
0.147413
0.148512
0.149782
0.151231
0.152867
0.154696
0.156725
0.158958
0.161398
0.164047
0.166907
0.169975
0.173252
0.176736
0.180427
0.184327
0.188444
0.192799
0.197429
0.202407
0.207872
0.214075
0.221488
0.230988
0.244208
0.264162
0.296255
0.348931
0.416157
0.486882
0.544366
0.564465
0.5145
0.356684
0.0802959
0.00144054
0.00129685
0.011495
0.0288066
0.0512756
0.0766161
0.102684
0.127854
0.151086
0.171832
0.189895
0.205307
0.218232
0.228902
0.237566
0.244467
0.249824
0.253829
0.256649
0.258423
0.259272
0.259304
0.258612
0.257283
0.255397
0.25303
0.250253
0.247134
0.243737
0.240122
0.236345
0.232458
0.228509
0.22454
0.22059
0.216692
0.212875
0.209162
0.205573
0.202125
0.198828
0.195691
0.192719
0.189914
0.187276
0.184803
0.182491
0.180334
0.178327
0.17646
0.174728
0.17312
0.171629
0.170245
0.16896
0.167766
0.166653
0.165615
0.164643
0.163729
0.162868
0.162053
0.161278
0.160537
0.159826
0.15914
0.158476
0.15783
0.157199
0.156582
0.155976
0.15538
0.154794
0.154217
0.15365
0.153094
0.152551
0.152024
0.151513
0.151024
0.150559
0.150122
0.149719
0.149355
0.149035
0.148768
0.148559
0.148417
0.14835
0.148367
0.148477
0.148691
0.149017
0.149467
0.150051
0.15078
0.151663
0.152711
0.153933
0.155339
0.156935
0.158731
0.160731
0.162941
0.165365
0.168007
0.170868
0.173952
0.177262
0.180805
0.184594
0.188652
0.193022
0.197782
0.20307
0.209143
0.216465
0.225899
0.239037
0.258817
0.290533
0.342912
0.410931
0.483283
0.543373
0.566826
0.520125
0.363233
0.081628
0.00162286
0.000913289
0.00867774
0.0243142
0.0452737
0.069478
0.0948579
0.119755
0.143045
0.164084
0.182587
0.198517
0.211987
0.223192
0.232362
0.239732
0.245519
0.24992
0.253106
0.255226
0.256406
0.256758
0.256382
0.255366
0.253794
0.251741
0.249279
0.246476
0.243394
0.240094
0.23663
0.233053
0.22941
0.225742
0.222087
0.218478
0.214941
0.211502
0.20818
0.204988
0.20194
0.199044
0.196304
0.193722
0.191299
0.189032
0.186917
0.18495
0.183123
0.18143
0.179862
0.178411
0.177068
0.175824
0.174672
0.173602
0.172605
0.171675
0.170803
0.169982
0.169204
0.168465
0.167758
0.167076
0.166417
0.165774
0.165145
0.164525
0.163912
0.163303
0.162696
0.16209
0.161483
0.160877
0.160271
0.159666
0.159063
0.158464
0.15787
0.157285
0.156711
0.156151
0.155611
0.155094
0.154607
0.154155
0.153744
0.153382
0.153077
0.152837
0.15267
0.152587
0.152597
0.15271
0.152938
0.153291
0.153781
0.154418
0.155215
0.156181
0.157328
0.158664
0.160201
0.161945
0.163905
0.166089
0.168503
0.171154
0.17405
0.177204
0.180634
0.184366
0.188451
0.192969
0.198065
0.203996
0.211223
0.220594
0.233663
0.253288
0.28467
0.336664
0.405449
0.479422
0.542171
0.569107
0.52588
0.370135
0.0830094
0.00177754
0.00177614
0.00614372
0.0201374
0.0395749
0.0625763
0.0871723
0.111693
0.134946
0.156195
0.175075
0.191475
0.205455
0.217175
0.22684
0.234673
0.240889
0.245686
0.24924
0.251705
0.253217
0.253892
0.253833
0.253135
0.25188
0.250147
0.248008
0.24553
0.242775
0.239803
0.236667
0.233417
0.230098
0.226751
0.223411
0.220112
0.216879
0.213735
0.2107
0.207788
0.20501
0.202374
0.199884
0.197544
0.195352
0.193307
0.191405
0.18964
0.188006
0.186496
0.185101
0.183815
0.182627
0.18153
0.180514
0.179573
0.178696
0.177876
0.177106
0.176379
0.175688
0.175025
0.174387
0.173766
0.173159
0.172561
0.171967
0.171374
0.17078
0.170181
0.169575
0.168961
0.168337
0.167704
0.167062
0.166411
0.165751
0.165084
0.164411
0.163734
0.163055
0.162377
0.161705
0.161041
0.160391
0.15976
0.159153
0.158577
0.158038
0.157546
0.157106
0.15673
0.156425
0.156203
0.156075
0.15605
0.156142
0.156362
0.156723
0.157237
0.157918
0.158777
0.159826
0.16108
0.162548
0.164242
0.166175
0.168359
0.170808
0.173538
0.176574
0.17995
0.18372
0.187972
0.192856
0.198631
0.205757
0.215068
0.228079
0.247568
0.278628
0.330192
0.399685
0.475271
0.54074
0.571306
0.531789
0.37745
0.0844831
0.00190615
0.00275593
0.00393825
0.0162875
0.0342036
0.0559488
0.0796725
0.103717
0.126834
0.148208
0.167391
0.184204
0.198654
0.210858
0.220999
0.229283
0.23592
0.241108
0.245029
0.24784
0.249684
0.250682
0.250943
0.250563
0.24963
0.248223
0.246413
0.24427
0.241854
0.239223
0.23643
0.233524
0.230547
0.22754
0.224537
0.221569
0.218661
0.215835
0.21311
0.210499
0.208012
0.205657
0.203439
0.201358
0.199416
0.197609
0.195934
0.194385
0.192957
0.191641
0.19043
0.189317
0.188292
0.187348
0.186475
0.185667
0.184914
0.184209
0.183545
0.182914
0.18231
0.181727
0.181159
0.180601
0.180048
0.179495
0.178938
0.178375
0.177801
0.177214
0.176611
0.175989
0.17535
0.174694
0.174019
0.173325
0.172611
0.171879
0.17113
0.170365
0.169585
0.168794
0.167994
0.167188
0.16638
0.165575
0.164778
0.163993
0.163227
0.162487
0.16178
0.161115
0.1605
0.159945
0.159461
0.159059
0.158751
0.158549
0.158468
0.15852
0.158721
0.159085
0.159629
0.160367
0.161315
0.16249
0.16391
0.165591
0.167554
0.169823
0.172429
0.175414
0.178837
0.182796
0.187445
0.193048
0.200065
0.209316
0.22228
0.241649
0.272389
0.323475
0.393607
0.470795
0.539052
0.573414
0.537875
0.385248
0.0861124
0.00200975
0.00364826
0.00225659
0.012776
0.0291818
0.0496315
0.0724046
0.0958763
0.118758
0.140165
0.159573
0.176735
0.191602
0.204252
0.21484
0.223555
0.230601
0.236173
0.240453
0.243608
0.245781
0.247102
0.247683
0.247625
0.247018
0.245941
0.24447
0.24267
0.240604
0.238328
0.235893
0.233347
0.230732
0.228084
0.225439
0.222823
0.220263
0.217777
0.215384
0.213096
0.210922
0.20887
0.206942
0.205141
0.203466
0.201915
0.200482
0.199164
0.197954
0.196845
0.195829
0.194898
0.194045
0.193261
0.192539
0.191869
0.191246
0.19066
0.190105
0.189574
0.189061
0.18856
0.188065
0.187571
0.187073
0.186568
0.18605
0.185517
0.184965
0.184393
0.183796
0.183175
0.182525
0.181847
0.181139
0.180402
0.179636
0.178841
0.178018
0.177168
0.176291
0.17539
0.174467
0.173524
0.172563
0.17159
0.170607
0.169619
0.168632
0.167651
0.166682
0.165734
0.164814
0.163931
0.163096
0.162318
0.16161
0.160985
0.160457
0.160041
0.159752
0.159608
0.159628
0.159829
0.160233
0.160859
0.161732
0.162874
0.164315
0.166084
0.16822
0.170774
0.173816
0.17745
0.181837
0.187248
0.194143
0.203333
0.216258
0.235522
0.26594
0.316488
0.387177
0.465947
0.537068
0.575414
0.544159
0.393606
0.0879871
0.00209158
0.00443345
0.00186318
0.00961554
0.0245269
0.0436582
0.0654144
0.0882229
0.110773
0.132119
0.151665
0.169102
0.184326
0.197373
0.20837
0.217489
0.224923
0.230863
0.235495
0.238985
0.241485
0.243126
0.244028
0.244293
0.244015
0.243275
0.242149
0.240703
0.238998
0.23709
0.235029
0.232861
0.230625
0.228358
0.22609
0.223849
0.221658
0.219535
0.217496
0.215553
0.213714
0.211985
0.210369
0.208867
0.207477
0.206198
0.205025
0.203952
0.202974
0.202084
0.201274
0.200537
0.199865
0.19925
0.198684
0.198161
0.197672
0.19721
0.196769
0.196342
0.195924
0.195507
0.195088
0.194661
0.194222
0.193766
0.193289
0.192789
0.192262
0.191705
0.191116
0.190493
0.189833
0.189135
0.188398
0.187622
0.186807
0.185953
0.18506
0.184128
0.183158
0.182152
0.181109
0.180034
0.178926
0.17779
0.176628
0.175443
0.174241
0.173025
0.171802
0.170577
0.169358
0.168154
0.166972
0.165823
0.164719
0.163673
0.162697
0.161809
0.161025
0.160363
0.159845
0.159491
0.159327
0.159378
0.159672
0.160241
0.161119
0.162346
0.163971
0.166054
0.168674
0.171945
0.17604
0.181235
0.187993
0.197115
0.210007
0.229178
0.259272
0.309201
0.380347
0.460672
0.534735
0.577278
0.550659
0.402606
0.0902307
0.00215607
0.005116
0.00283608
0.00683181
0.0202534
0.0380601
0.058748
0.0808114
0.102934
0.124122
0.143716
0.161346
0.176856
0.190242
0.201601
0.211086
0.218879
0.225168
0.230135
0.233951
0.236769
0.238728
0.239949
0.240539
0.240593
0.240196
0.239422
0.23834
0.237009
0.235483
0.233812
0.232038
0.230201
0.228333
0.226465
0.22462
0.22282
0.221082
0.21942
0.217844
0.216361
0.214976
0.213692
0.212507
0.211422
0.210432
0.209534
0.208722
0.20799
0.207332
0.206739
0.206206
0.205725
0.205288
0.204887
0.204517
0.204169
0.203838
0.203516
0.203198
0.202878
0.20255
0.20221
0.201853
0.201475
0.201071
0.200638
0.200173
0.199672
0.199132
0.198552
0.197929
0.19726
0.196543
0.19578
0.194968
0.194108
0.193198
0.192238
0.191228
0.190169
0.189061
0.187905
0.186701
0.185452
0.184158
0.182822
0.181448
0.180037
0.178594
0.177124
0.17563
0.174121
0.172602
0.171081
0.169569
0.168075
0.166611
0.165192
0.163833
0.162551
0.161366
0.1603
0.159378
0.158627
0.158078
0.157765
0.157725
0.158003
0.158647
0.159715
0.16128
0.163434
0.166302
0.170068
0.175017
0.181618
0.190663
0.203523
0.222612
0.252375
0.301584
0.373064
0.454898
0.531983
0.578963
0.557384
0.41234
0.0930079
0.00220662
0.00570563
0.00408253
0.00450645
0.0163765
0.0328684
0.052452
0.0736987
0.0953026
0.116234
0.13578
0.153512
0.169227
0.182883
0.194546
0.204351
0.212467
0.219075
0.224357
0.228483
0.231611
0.233881
0.235419
0.236334
0.236724
0.236675
0.236262
0.235554
0.234609
0.23348
0.232214
0.230854
0.229434
0.227986
0.226537
0.22511
0.223724
0.222393
0.22113
0.219942
0.218836
0.217816
0.216882
0.216035
0.215271
0.214588
0.213981
0.213444
0.212972
0.212558
0.212196
0.211878
0.211597
0.211347
0.21112
0.21091
0.210711
0.210516
0.210319
0.210115
0.209898
0.209663
0.209407
0.209123
0.208809
0.20846
0.208073
0.207645
0.207173
0.206654
0.206085
0.205464
0.204788
0.204056
0.203268
0.202423
0.20152
0.200557
0.199534
0.19845
0.197305
0.196099
0.194833
0.193506
0.192119
0.190674
0.189171
0.187613
0.186002
0.184339
0.18263
0.180877
0.179086
0.177262
0.175412
0.173545
0.17167
0.169798
0.167941
0.166116
0.164339
0.16263
0.161013
0.159514
0.158163
0.156995
0.156049
0.15537
0.15501
0.155028
0.155493
0.156492
0.15813
0.160547
0.163941
0.168609
0.175026
0.183977
0.196803
0.215817
0.245243
0.293612
0.365265
0.448542
0.528724
0.580403
0.56433
0.422902
0.0965302
0.00224737
0.00621768
0.00526851
0.0029224
0.0129151
0.0281139
0.0465744
0.0669443
0.0879432
0.108519
0.127914
0.145651
0.161481
0.175326
0.187225
0.197292
0.205684
0.212576
0.218145
0.222562
0.225985
0.228558
0.230408
0.231648
0.232377
0.232683
0.23264
0.232316
0.23177
0.231053
0.230211
0.229281
0.228298
0.22729
0.226283
0.225295
0.224343
0.223441
0.222598
0.22182
0.221112
0.220476
0.219912
0.219419
0.218995
0.218635
0.218334
0.218087
0.217889
0.217732
0.217611
0.217519
0.217449
0.217395
0.217351
0.217309
0.217265
0.217213
0.217147
0.217062
0.216954
0.216817
0.216647
0.216441
0.216195
0.215904
0.215567
0.215179
0.214739
0.214243
0.213688
0.213073
0.212394
0.21165
0.210841
0.209965
0.20902
0.208007
0.206923
0.205767
0.20454
0.203241
0.201868
0.200423
0.198905
0.197314
0.19565
0.193916
0.192111
0.190238
0.188299
0.186296
0.184234
0.182117
0.17995
0.17774
0.175496
0.173226
0.170943
0.168661
0.166397
0.16417
0.162003
0.159925
0.157967
0.156166
0.154568
0.153223
0.152191
0.151541
0.151358
0.151738
0.152806
0.154719
0.157691
0.162033
0.16823
0.177065
0.189846
0.20879
0.237876
0.285263
0.356885
0.441503
0.524844
0.581508
0.571475
0.434386
0.101062
0.00228579
0.00667534
0.00634303
0.00269055
0.00988797
0.0238253
0.0411636
0.0606101
0.0809239
0.101045
0.120182
0.137817
0.153661
0.167604
0.179659
0.189922
0.198534
0.205665
0.211486
0.216168
0.219869
0.222733
0.224889
0.226453
0.227524
0.22819
0.228526
0.228599
0.228467
0.228178
0.227775
0.227295
0.226769
0.226222
0.225677
0.22515
0.224654
0.224202
0.223799
0.223451
0.22316
0.222927
0.222752
0.222631
0.222562
0.22254
0.222561
0.222618
0.222706
0.222819
0.22295
0.223095
0.223246
0.223397
0.223543
0.223678
0.223797
0.223894
0.223965
0.224005
0.22401
0.223976
0.223898
0.223773
0.223598
0.22337
0.223085
0.222741
0.222336
0.221865
0.221328
0.220722
0.220045
0.219294
0.218465
0.21756
0.216577
0.215515
0.214373
0.213149
0.211844
0.210454
0.208981
0.207423
0.205778
0.204048
0.202231
0.200328
0.198339
0.196265
0.194107
0.191866
0.189545
0.187147
0.184676
0.182138
0.179538
0.176886
0.174192
0.171468
0.168729
0.165994
0.163287
0.160634
0.158069
0.155631
0.153369
0.151337
0.149605
0.148251
0.147372
0.147083
0.147523
0.14887
0.15136
0.155322
0.161254
0.16994
0.182658
0.20153
0.230273
0.276535
0.347854
0.43367
0.520205
0.582157
0.578769
0.446878
0.106919
0.00233166
0.00710546
0.00730798
0.00358398
0.00732211
0.0200299
0.036269
0.0547612
0.0743167
0.0938842
0.112652
0.13007
0.145817
0.159756
0.171876
0.182254
0.191022
0.198338
0.20437
0.209285
0.213241
0.216381
0.218836
0.220721
0.222136
0.223168
0.223893
0.224376
0.224672
0.224827
0.224883
0.224873
0.224824
0.224759
0.224697
0.224651
0.224633
0.224651
0.224709
0.224809
0.224955
0.225143
0.225373
0.22564
0.225942
0.226273
0.226628
0.227002
0.227388
0.227782
0.228177
0.228568
0.228948
0.229314
0.229658
0.229977
0.230266
0.230519
0.230733
0.230904
0.231028
0.231101
0.231119
0.231081
0.230982
0.230819
0.23059
0.230293
0.229925
0.229484
0.228966
0.228371
0.227696
0.226937
0.226092
0.225162
0.224145
0.22304
0.221845
0.220558
0.219179
0.217706
0.216137
0.214471
0.212708
0.210845
0.208883
0.20682
0.204656
0.202391
0.200024
0.197557
0.194991
0.192327
0.189568
0.186718
0.183781
0.180765
0.177678
0.17453
0.171336
0.168112
0.164879
0.161666
0.158503
0.155432
0.152503
0.149775
0.147322
0.145234
0.143618
0.142606
0.142357
0.143072
0.145011
0.148527
0.154134
0.162623
0.175247
0.194037
0.222441
0.267446
0.338104
0.424919
0.514642
0.582189
0.586128
0.460453
0.114466
0.00239563
0.00753364
0.00817487
0.00472994
0.00525286
0.0167535
0.0319418
0.0494651
0.0681965
0.0871111
0.105392
0.12247
0.138
0.151821
0.163903
0.174309
0.183157
0.190596
0.196789
0.2019
0.206082
0.20948
0.212223
0.214425
0.216185
0.217591
0.218715
0.21962
0.22036
0.220979
0.221513
0.221992
0.222442
0.22288
0.223322
0.223779
0.224258
0.224765
0.225303
0.225871
0.226469
0.227095
0.227745
0.228416
0.229102
0.229799
0.230501
0.231203
0.231899
0.232584
0.233252
0.233898
0.234517
0.235104
0.235655
0.236165
0.23663
0.237046
0.237409
0.237717
0.237964
0.238149
0.238269
0.23832
0.238301
0.238208
0.238039
0.237792
0.237465
0.237056
0.236562
0.235981
0.235311
0.234546
0.233689
0.232738
0.231692
0.230548
0.229304
0.227959
0.226511
0.224958
0.223299
0.221533
0.219657
0.21767
0.21557
0.213356
0.211028
0.208583
0.206021
0.203341
0.200545
0.197631
0.194601
0.191458
0.188205
0.184847
0.18139
0.177842
0.174217
0.170528
0.166794
0.163042
0.159301
0.155613
0.152026
0.148604
0.145423
0.14258
0.140194
0.138411
0.137412
0.137422
0.13873
0.141718
0.146925
0.155152
0.167635
0.186319
0.214388
0.258049
0.327574
0.415125
0.507965
0.581404
0.593423
0.475158
0.124108
0.00248891
0.00798123
0.00895118
0.0057689
0.00370267
0.0140201
0.0282378
0.044794
0.0626416
0.080804
0.0984767
0.115083
0.130265
0.143844
0.155776
0.166108
0.17495
0.182442
0.188739
0.194
0.198377
0.20201
0.205027
0.20754
0.209647
0.211431
0.212965
0.214308
0.21551
0.21661
0.217643
0.218633
0.219602
0.220565
0.221532
0.222512
0.223509
0.224524
0.225559
0.226611
0.227678
0.228757
0.229842
0.230928
0.232011
0.233086
0.234145
0.235186
0.236201
0.237185
0.238135
0.239045
0.23991
0.240726
0.24149
0.242198
0.242845
0.243429
0.243947
0.244396
0.244772
0.245074
0.245299
0.245445
0.245509
0.245489
0.245384
0.245191
0.244909
0.244535
0.244068
0.243505
0.242845
0.242087
0.241225
0.240255
0.23918
0.237999
0.236709
0.235309
0.233796
0.232169
0.230427
0.228566
0.226585
0.224481
0.222253
0.219899
0.217417
0.214805
0.212061
0.209184
0.206174
0.203028
0.199748
0.196334
0.192788
0.189112
0.185312
0.181395
0.177368
0.173245
0.169044
0.164785
0.160498
0.15622
0.152
0.1479
0.143998
0.140396
0.137219
0.134627
0.13282
0.132051
0.132638
0.135
0.139709
0.147585
0.159854
0.178388
0.206125
0.248434
0.316223
0.404169
0.499962
0.579552
0.600468
0.491001
0.136263
0.00262242
0.00845887
0.00962599
0.00656343
0.00259727
0.0118662
0.025231
0.0408327
0.0577383
0.0750467
0.0919821
0.107979
0.122672
0.135874
0.147531
0.157681
0.16642
0.173884
0.180219
0.18558
0.190112
0.193954
0.197228
0.200045
0.202498
0.204668
0.206623
0.208419
0.2101
0.211702
0.213254
0.214778
0.216289
0.217798
0.219311
0.220834
0.222367
0.223908
0.225457
0.227008
0.228559
0.230102
0.231634
0.233148
0.234638
0.236099
0.237526
0.238913
0.240255
0.241547
0.242785
0.243965
0.245083
0.246135
0.247117
0.248028
0.248863
0.24962
0.250298
0.250892
0.251402
0.251825
0.25216
0.252404
0.252555
0.252613
0.252575
0.252439
0.252205
0.25187
0.251433
0.250892
0.250245
0.24949
0.248621
0.247639
0.246543
0.245332
0.244003
0.242554
0.240984
0.239291
0.237472
0.235524
0.233447
0.231236
0.228891
0.226407
0.223784
0.221018
0.218108
0.21505
0.211844
0.208487
0.204978
0.201317
0.197504
0.193541
0.18943
0.185176
0.180786
0.176269
0.17164
0.166917
0.162127
0.157303
0.15249
0.147747
0.143152
0.138805
0.134836
0.131413
0.128752
0.127129
0.126899
0.12852
0.132608
0.140012
0.151961
0.170268
0.197655
0.238726
0.304049
0.391955
0.490406
0.576337
0.60701
0.507933
0.151346
0.00280387
0.00895423
0.0101528
0.00700342
0.00164204
0.010406
0.0230561
0.0377041
0.0535945
0.0699387
0.0859954
0.101234
0.115288
0.127969
0.139216
0.149061
0.157593
0.164938
0.171237
0.176638
0.181281
0.185299
0.188811
0.191921
0.19472
0.197282
0.19967
0.201934
0.204114
0.206239
0.208334
0.210413
0.212488
0.214564
0.216645
0.218729
0.220816
0.2229
0.224977
0.227042
0.229087
0.231107
0.233095
0.235045
0.236951
0.238807
0.240608
0.242348
0.244023
0.245628
0.247161
0.248616
0.249991
0.251283
0.252489
0.253607
0.254635
0.25557
0.25641
0.257155
0.257802
0.25835
0.258798
0.259143
0.259386
0.259524
0.259557
0.259483
0.2593
0.259008
0.258604
0.258088
0.257457
0.25671
0.255844
0.254855
0.253742
0.252504
0.251141
0.24965
0.248029
0.246275
0.244387
0.242361
0.240197
0.237889
0.235437
0.232837
0.230086
0.227182
0.224121
0.220901
0.217519
0.213973
0.210261
0.206381
0.202332
0.198114
0.193729
0.189178
0.184467
0.179604
0.174598
0.169466
0.16423
0.158918
0.15357
0.148242
0.143003
0.137952
0.133216
0.128964
0.125422
0.122886
0.12174
0.12249
0.125802
0.132574
0.144055
0.162015
0.188997
0.22899
0.291191
0.378415
0.479065
0.571412
0.612714
0.525824
0.169725
0.00303235
0.00941463
0.0104313
0.00695935
0.000380796
0.00997026
0.0219847
0.0356258
0.0503774
0.0656178
0.0806222
0.0949496
0.108198
0.120201
0.130891
0.140296
0.148502
0.155627
0.161806
0.167179
0.171882
0.176039
0.179765
0.183156
0.186298
0.189257
0.192091
0.19484
0.197539
0.200211
0.202871
0.205529
0.20819
0.210855
0.213522
0.216187
0.218843
0.221484
0.224103
0.226692
0.229242
0.231747
0.2342
0.236593
0.23892
0.241176
0.243356
0.245454
0.247466
0.249389
0.251219
0.252953
0.254589
0.256125
0.257558
0.258886
0.260109
0.261225
0.262232
0.26313
0.263918
0.264594
0.265158
0.265609
0.265945
0.266168
0.266274
0.266264
0.266136
0.26589
0.265523
0.265036
0.264426
0.263692
0.262833
0.261841
0.260716
0.259459
0.258067
0.25654
0.254875
0.253069
0.251121
0.249027
0.246785
0.244393
0.241846
0.239143
0.23628
0.233254
0.230062
0.2267
0.223166
0.219456
0.215568
0.2115
0.20725
0.202816
0.198198
0.193398
0.188419
0.183265
0.177944
0.172469
0.166857
0.161133
0.155329
0.149493
0.143689
0.138004
0.132558
0.127515
0.123099
0.119612
0.117465
0.117205
0.119559
0.125491
0.136294
0.153727
0.180197
0.219196
0.27797
0.36352
0.465716
0.564383
0.617154
0.544438
0.19169
0.00328955
0.00972338
0.0102855
0.00631
0.00193294
0.0111088
0.0224267
0.0349807
0.0484166
0.0622874
0.0760009
0.089258
0.101506
0.112664
0.122634
0.131451
0.139198
0.145989
0.151951
0.157219
0.16192
0.166173
0.170083
0.173741
0.177222
0.180585
0.183877
0.187131
0.19037
0.193611
0.19686
0.200121
0.203391
0.206665
0.209937
0.213198
0.216439
0.21965
0.222821
0.225942
0.229005
0.232002
0.234924
0.237764
0.240516
0.243175
0.245736
0.248194
0.250545
0.252787
0.254917
0.256932
0.25883
0.260611
0.262273
0.263814
0.265235
0.266533
0.267709
0.268763
0.269693
0.2705
0.271183
0.271741
0.272175
0.272484
0.272667
0.272724
0.272655
0.272458
0.272132
0.271678
0.271092
0.270375
0.269525
0.268538
0.26741
0.26614
0.264727
0.263171
0.26147
0.259621
0.257622
0.255471
0.253164
0.250699
0.248073
0.245282
0.242325
0.239197
0.235894
0.232415
0.228755
0.224911
0.220881
0.216661
0.212249
0.207644
0.202844
0.19785
0.192662
0.187284
0.181722
0.175983
0.170082
0.164038
0.157877
0.151637
0.145373
0.139159
0.1331
0.127346
0.122106
0.117677
0.114476
0.113079
0.114271
0.1191
0.128937
0.145569
0.171324
0.209307
0.26482
0.347315
0.450183
0.554824
0.619799
0.563406
0.217408
0.00352751
0.00967314
0.00948066
0.00530521
0.00553294
0.0142916
0.0247939
0.0361586
0.0481077
0.0603388
0.0724753
0.0843083
0.095325
0.105483
0.11455
0.122614
0.129753
0.136077
0.141711
0.146781
0.15141
0.155706
0.159768
0.163674
0.16749
0.171263
0.175027
0.178804
0.182607
0.186441
0.190304
0.19419
0.198091
0.201994
0.205889
0.209761
0.213598
0.217388
0.221118
0.224779
0.228359
0.23185
0.235243
0.238532
0.24171
0.244772
0.247714
0.250532
0.253222
0.255782
0.258211
0.260507
0.262668
0.264695
0.266585
0.26834
0.269958
0.27144
0.272787
0.273997
0.275072
0.276011
0.276814
0.277483
0.278016
0.278414
0.278677
0.278804
0.278796
0.278652
0.278371
0.277952
0.277396
0.276701
0.275865
0.274888
0.273763
0.272487
0.271062
0.269487
0.26776
0.265879
0.263841
0.261645
0.259287
0.256766
0.254078
0.251219
0.248189
0.244982
0.241596
0.238028
0.234274
0.230332
0.226199
0.221871
0.217347
0.212624
0.207701
0.202577
0.197253
0.19173
0.186011
0.180104
0.174017
0.167764
0.161366
0.154851
0.148261
0.141657
0.135124
0.128789
0.122836
0.117536
0.113287
0.110667
0.110502
0.11392
0.122408
0.137839
0.162523
0.199311
0.25217
0.330011
0.432374
0.542286
0.619999
0.582194
0.246883
0.0036581
0.00895987
0.00790837
0.00579052
0.0109017
0.0196649
0.0293514
0.0394409
0.04977
0.0601836
0.0704795
0.0804923
0.0899339
0.0987431
0.106757
0.113897
0.120264
0.12597
0.131143
0.135907
0.140377
0.144655
0.148826
0.152959
0.157104
0.161293
0.165545
0.169867
0.174259
0.178712
0.183213
0.187748
0.192299
0.196849
0.20138
0.205875
0.210318
0.214693
0.218988
0.22319
0.227288
0.231273
0.235137
0.238873
0.242474
0.245937
0.249257
0.252431
0.255458
0.258334
0.26106
0.263634
0.266056
0.268326
0.270445
0.272411
0.274227
0.275893
0.277409
0.278777
0.279996
0.281069
0.281994
0.282774
0.283409
0.283898
0.284243
0.284444
0.284501
0.284413
0.28418
0.283803
0.283281
0.282613
0.281798
0.280836
0.279725
0.278457
0.277029
0.275445
0.273704
0.271804
0.269743
0.267519
0.265129
0.262571
0.259843
0.256942
0.253866
0.250611
0.247175
0.243555
0.239749
0.235754
0.231567
0.227186
0.222609
0.217834
0.212859
0.207685
0.20231
0.196736
0.190964
0.184999
0.178847
0.172517
0.166022
0.159384
0.152631
0.145809
0.138982
0.132247
0.125755
0.119733
0.114532
0.110693
0.109032
0.110732
0.117404
0.131078
0.154148
0.189354
0.239997
0.312349
0.412278
0.526314
0.616972
0.600065
0.279914
0.00353985
0.00724617
0.00648512
0.0101764
0.0182084
0.0271508
0.0361316
0.0449626
0.0536241
0.0621007
0.0703412
0.0782781
0.085783
0.0928203
0.099404
0.105396
0.110848
0.115772
0.12033
0.124655
0.128861
0.133042
0.137273
0.141607
0.146074
0.150688
0.155446
0.160338
0.165344
0.170443
0.175607
0.180813
0.186034
0.191245
0.196424
0.20155
0.206603
0.211567
0.216426
0.221168
0.225781
0.230257
0.234586
0.238763
0.242782
0.24664
0.250333
0.253859
0.257216
0.260404
0.263422
0.26627
0.268949
0.27146
0.273803
0.27598
0.277991
0.279839
0.281525
0.283049
0.284414
0.28562
0.286669
0.287563
0.288301
0.288885
0.289315
0.289594
0.289719
0.289693
0.289516
0.289186
0.288705
0.288073
0.287287
0.28635
0.285259
0.284014
0.282605
0.28103
0.279292
0.277392
0.275329
0.2731
0.270704
0.268139
0.265403
0.262494
0.25941
0.256149
0.252709
0.249088
0.245284
0.241295
0.237119
0.232755
0.228202
0.223457
0.218521
0.213393
0.208071
0.202558
0.196855
0.190962
0.184885
0.178628
0.172199
0.165612
0.158885
0.152046
0.14514
0.138233
0.131436
0.124921
0.118971
0.114046
0.110884
0.110643
0.115012
0.126219
0.146878
0.179796
0.227967
0.295423
0.390092
0.506498
0.609796
0.616034
0.316053
0.00295774
0.00475579
0.00917305
0.0180524
0.0275799
0.0366542
0.0450134
0.0526698
0.0597146
0.066241
0.0723196
0.0779977
0.0832907
0.0882454
0.0929276
0.0973532
0.101585
0.105603
0.109378
0.113106
0.116916
0.120903
0.125131
0.129635
0.13442
0.13947
0.144757
0.150246
0.155896
0.161667
0.16752
0.173416
0.179322
0.185207
0.191041
0.196801
0.202465
0.208015
0.213435
0.218711
0.223832
0.22879
0.233576
0.238186
0.242614
0.246858
0.250915
0.254784
0.258465
0.261957
0.265261
0.268378
0.271309
0.274056
0.276621
0.279005
0.281211
0.28324
0.285094
0.286776
0.288287
0.28963
0.290806
0.291816
0.292662
0.293346
0.293869
0.294232
0.294436
0.294482
0.294369
0.2941
0.293674
0.293091
0.292352
0.291457
0.290405
0.289196
0.28783
0.286298
0.284596
0.282728
0.280696
0.2785
0.276138
0.273609
0.270913
0.268048
0.265013
0.261807
0.258428
0.254876
0.25115
0.247248
0.243171
0.238917
0.234487
0.229879
0.225093
0.22013
0.214989
0.209672
0.204179
0.19851
0.192668
0.186655
0.180475
0.174134
0.16764
0.161008
0.154263
0.147445
0.140623
0.133913
0.127516
0.121781
0.117308
0.115112
0.116822
0.124792
0.141959
0.171443
0.216253
0.279501
0.366875
0.482503
0.597391
0.628816
0.354556
0.00174822
0.00657738
0.0173331
0.0286596
0.0390348
0.0480875
0.0558265
0.0623816
0.0679119
0.0725754
0.0765207
0.0798884
0.0828099
0.0854278
0.0878861
0.0902986
0.0928139
0.0955455
0.0984154
0.101368
0.104618
0.108283
0.112431
0.117069
0.122168
0.127673
0.133518
0.139637
0.145964
0.152438
0.159002
0.165608
0.172211
0.178776
0.185268
0.191661
0.197931
0.20406
0.210031
0.21583
0.221449
0.226877
0.232109
0.23714
0.241966
0.246585
0.250997
0.255201
0.259197
0.262986
0.266571
0.269951
0.273131
0.276112
0.278897
0.281489
0.283889
0.286102
0.288129
0.289974
0.291638
0.293125
0.294436
0.295574
0.296542
0.29734
0.297971
0.298437
0.298738
0.298876
0.298853
0.298669
0.298326
0.297824
0.297163
0.296345
0.29537
0.294238
0.29295
0.291505
0.289899
0.288126
0.286184
0.28408
0.281816
0.279394
0.276811
0.274068
0.271166
0.268103
0.264881
0.261498
0.257955
0.254252
0.250391
0.24637
0.242191
0.237854
0.233359
0.228709
0.223902
0.21894
0.213823
0.208551
0.203126
0.197546
0.191812
0.185924
0.179884
0.173696
0.167366
0.160913
0.154369
0.147798
0.141322
0.135171
0.129769
0.125894
0.124921
0.129083
0.14154
0.165947
0.20577
0.264071
0.344404
0.454315
0.578545
0.636738
0.394317
0.00264415
0.0155839
0.0294296
0.0419511
0.0526005
0.0613575
0.0683731
0.0738397
0.0779497
0.0808885
0.0828398
0.0839928
0.0845476
0.0847203
0.084734
0.0848042
0.0851604
0.0860203
0.087538
0.0895784
0.0920697
0.0952459
0.0992139
0.103951
0.109371
0.115361
0.121807
0.1286
0.135643
0.142851
0.150151
0.157482
0.164792
0.17204
0.179188
0.186208
0.193076
0.199773
0.206283
0.212594
0.218697
0.224584
0.23025
0.235691
0.240906
0.245894
0.250654
0.255187
0.259496
0.263581
0.267446
0.271094
0.274527
0.277748
0.280762
0.283572
0.286181
0.288592
0.29081
0.292837
0.294677
0.296333
0.297807
0.299104
0.300225
0.301173
0.301951
0.302561
0.303004
0.303284
0.303401
0.303358
0.303155
0.302795
0.302279
0.301608
0.300783
0.299805
0.298676
0.297397
0.295968
0.294388
0.292655
0.290761
0.288705
0.286493
0.284133
0.281629
0.278982
0.276191
0.273256
0.27018
0.266963
0.263608
0.260115
0.256484
0.252718
0.248819
0.244787
0.240623
0.236329
0.231904
0.22735
0.222666
0.217851
0.212904
0.207821
0.202601
0.197237
0.191726
0.186062
0.180243
0.174275
0.168179
0.162007
0.155881
0.150051
0.14502
0.141767
0.142083
0.148915
0.166316
0.198662
0.249746
0.322912
0.423589
0.551878
0.6376
0.433771
0.00802526
0.0294861
0.0452575
0.0579316
0.0681765
0.0762323
0.0823118
0.0866247
0.0893673
0.0907245
0.0908808
0.0900328
0.0883983
0.0862214
0.0837688
0.0813256
0.0792045
0.0777354
0.0772249
0.0778615
0.0794179
0.0818887
0.0855697
0.090387
0.0961633
0.102701
0.109816
0.117348
0.125161
0.133145
0.141212
0.149288
0.157317
0.165252
0.173057
0.180701
0.188162
0.195422
0.202466
0.209284
0.215868
0.222212
0.228312
0.234167
0.239777
0.24514
0.25026
0.255138
0.259776
0.264178
0.268348
0.27229
0.276007
0.279504
0.282785
0.285855
0.288718
0.291378
0.293839
0.296106
0.298183
0.300073
0.30178
0.303308
0.30466
0.30584
0.306851
0.307695
0.308376
0.308895
0.309256
0.309462
0.309513
0.309413
0.309164
0.308767
0.308224
0.307538
0.30671
0.305742
0.304636
0.303392
0.302013
0.300498
0.298847
0.297055
0.295115
0.293027
0.290798
0.288439
0.285962
0.283369
0.28066
0.277835
0.274895
0.271841
0.268676
0.265405
0.262027
0.258543
0.254954
0.251261
0.247463
0.24356
0.23955
0.23543
0.231196
0.226842
0.222359
0.217736
0.21296
0.208015
0.202885
0.197558
0.192033
0.186342
0.180584
0.175008
0.170168
0.167213
0.168344
0.177269
0.199077
0.239135
0.302073
0.392528
0.516735
0.628477
0.470718
0.0174028
0.0484246
0.0647322
0.0762789
0.0852141
0.0919728
0.0967603
0.0997538
0.101119
0.101011
0.099588
0.0970213
0.0935103
0.0892858
0.08461
0.0797747
0.0751217
0.0710771
0.0681055
0.0666356
0.0668225
0.0684071
0.0717795
0.0767641
0.08304
0.0902833
0.0982144
0.106609
0.115292
0.124131
0.133023
0.14189
0.150672
0.159324
0.167809
0.176101
0.184178
0.192025
0.19963
0.206985
0.214083
0.220921
0.227499
0.233815
0.23987
0.245667
0.251208
0.256497
0.261538
0.266336
0.270894
0.275219
0.279314
0.283186
0.286839
0.290279
0.293511
0.296539
0.29937
0.302007
0.304456
0.306721
0.308807
0.310717
0.312456
0.314028
0.315436
0.316684
0.317776
0.318714
0.319502
0.320143
0.32064
0.320995
0.321211
0.32129
0.321236
0.32105
0.320735
0.320294
0.319727
0.319039
0.318229
0.317301
0.316256
0.315095
0.313821
0.312432
0.310927
0.309299
0.30754
0.305653
0.303646
0.30153
0.299323
0.297033
0.29466
0.292205
0.289666
0.287043
0.284337
0.281549
0.278678
0.275723
0.27268
0.269548
0.266319
0.262987
0.259541
0.255965
0.252239
0.248339
0.244233
0.239884
0.235251
0.230295
0.224995
0.219389
0.213656
0.208307
0.204542
0.204869
0.213802
0.237941
0.284725
0.361258
0.474947
0.605417
0.501989
0.0324546
0.0726844
0.0871316
0.0956461
0.101865
0.106329
0.109159
0.110436
0.110248
0.108682
0.105834
0.101823
0.0968046
0.0909725
0.0845585
0.0778142
0.0710309
0.0646815
0.0593662
0.0557584
0.0542795
0.055322
0.0589488
0.0647188
0.0720689
0.0804993
0.0896276
0.0991788
0.108958
0.118827
0.128687
0.138465
0.148107
0.157575
0.166838
0.175874
0.184666
0.193204
0.201479
0.209485
0.217219
0.224681
0.231871
0.238791
0.245442
0.25183
0.257957
0.263828
0.269449
0.274825
0.279962
0.284866
0.289541
0.293994
0.298232
0.302259
0.306082
0.309706
0.313136
0.316378
0.319437
0.322319
0.325027
0.327566
0.329941
0.332156
0.334216
0.336123
0.337882
0.339497
0.34097
0.342305
0.343505
0.344574
0.345513
0.346326
0.347016
0.347586
0.348037
0.348372
0.348594
0.348706
0.348708
0.348604
0.348396
0.348085
0.347674
0.347165
0.346559
0.345858
0.345063
0.344175
0.343193
0.342111
0.34092
0.339618
0.338209
0.3367
0.335108
0.33345
0.331733
0.329953
0.328107
0.32619
0.324201
0.322134
0.319984
0.317742
0.315394
0.312923
0.310305
0.307506
0.304484
0.301181
0.297524
0.293417
0.288745
0.283378
0.2772
0.270193
0.262637
0.25555
0.25155
0.256166
0.278853
0.332058
0.428477
0.565023
0.52261
0.0559053
0.101418
0.109611
0.111829
0.112753
0.112908
0.11225
0.110675
0.108151
0.104647
0.100154
0.0947067
0.0883868
0.0813378
0.0737721
0.0659285
0.0580529
0.0507906
0.0450158
0.0418282
0.042208
0.046463
0.0535739
0.0625332
0.0726043
0.0833152
0.0943703
0.10558
0.116818
0.127998
0.139058
0.149952
0.160647
0.171118
0.181347
0.19132
0.201027
0.210462
0.219621
0.228501
0.237102
0.245425
0.253473
0.261248
0.268753
0.275994
0.282976
0.289703
0.296181
0.302415
0.308413
0.314179
0.31972
0.325042
0.33015
0.335051
0.33975
0.344253
0.348566
0.352693
0.35664
0.360411
0.364013
0.367448
0.370722
0.373839
0.376802
0.379617
0.382286
0.384813
0.387201
0.389455
0.391577
0.393569
0.395436
0.39718
0.398804
0.400309
0.4017
0.402979
0.404147
0.405208
0.406163
0.407015
0.407766
0.408419
0.408975
0.409436
0.409805
0.410084
0.410275
0.410379
0.410398
0.410334
0.410188
0.409962
0.409656
0.409269
0.408793
0.408218
0.407542
0.406773
0.405926
0.405013
0.404033
0.40298
0.401848
0.400624
0.399295
0.397837
0.396222
0.394411
0.392349
0.389959
0.387139
0.383746
0.379585
0.374394
0.367836
0.359502
0.34898
0.336045
0.321186
0.306849
0.300066
0.316338
0.379872
0.505698
0.524377
0.0914881
0.129172
0.122759
0.11269
0.103245
0.0948231
0.0871142
0.0796973
0.0724735
0.0652661
0.0580032
0.0507323
0.0436711
0.037323
0.0326449
0.0310633
0.0336393
0.040026
0.0490042
0.0595387
0.0710516
0.0832334
0.0958194
0.108615
0.121492
0.134367
0.147176
0.159875
0.172425
0.184798
0.196969
0.208918
0.220629
0.232089
0.243289
0.254221
0.264879
0.27526
0.285362
0.295184
0.304726
0.313989
0.322977
0.331692
0.340138
0.348318
0.356237
0.3639
0.371313
0.37848
0.385406
0.392098
0.398561
0.4048
0.410821
0.41663
0.422231
0.427631
0.432834
0.437845
0.44267
0.447313
0.451779
0.456072
0.460197
0.464158
0.46796
0.471606
0.4751
0.478445
0.481646
0.484706
0.487628
0.490415
0.493071
0.495598
0.498001
0.50028
0.50244
0.504484
0.506413
0.50823
0.509938
0.51154
0.513038
0.514434
0.515731
0.516932
0.518038
0.519051
0.519975
0.520812
0.521563
0.522231
0.522819
0.52333
0.523763
0.524122
0.524407
0.524619
0.52476
0.524827
0.524818
0.524727
0.524553
0.524291
0.523932
0.523466
0.522876
0.522139
0.52122
0.520072
0.518628
0.516795
0.51444
0.511376
0.507344
0.501982
0.494793
0.485113
0.472082
0.454666
0.431809
0.402977
0.369854
0.341411
0.34552
0.42825
0.49374
0.136667
0.130451
0.098058
0.0743987
0.063362
0.0642581
0.0727212
0.0845766
0.0977402
0.111275
0.124805
0.138206
0.151471
0.164637
0.177742
0.1908
0.203849
0.216919
0.230007
0.24308
0.256115
0.26912
0.282097
0.295022
0.307865
0.320595
0.333186
0.345616
0.357864
0.369913
0.381747
0.393353
0.404722
0.415842
0.426707
0.43731
0.447648
0.457717
0.467516
0.477042
0.486296
0.49528
0.503994
0.512442
0.520625
0.528548
0.536214
0.543628
0.550794
0.557716
0.564401
0.570852
0.577076
0.583077
0.588861
0.594434
0.5998
0.604965
0.609935
0.614714
0.619308
0.623722
0.627961
0.63203
0.635933
0.639675
0.643261
0.646695
0.649982
0.653125
0.656128
0.658996
0.661732
0.66434
0.666823
0.669186
0.671431
0.673562
0.675582
0.677495
0.679302
0.681008
0.682615
0.684126
0.685545
0.686872
0.688112
0.689267
0.69034
0.691335
0.692255
0.693106
0.693888
0.694603
0.695253
0.695841
0.696366
0.696831
0.697238
0.697588
0.697881
0.698115
0.698283
0.698378
0.698397
0.698333
0.698178
0.697919
0.697537
0.697004
0.696281
0.695313
0.694021
0.692295
0.689979
0.686857
0.682626
0.676868
0.669007
0.65826
0.643574
0.623555
0.5964
0.559877
0.511564
0.450284
0.383358
0.355861
0.405881
0.112362
0.225319
0.320568
0.3921
0.447699
0.492614
0.529943
0.561593
0.588839
0.612593
0.633516
0.652112
0.668775
0.683823
0.69751
0.710039
0.721583
0.732291
0.742281
0.751643
0.760453
0.768782
0.77669
0.784223
0.791417
0.798299
0.804892
0.811214
0.817281
0.823105
0.828697
0.834067
0.839222
0.844169
0.848914
0.853463
0.857821
0.861994
0.865986
0.869802
0.873447
0.876926
0.880244
0.883405
0.886415
0.889278
0.891999
0.894583
0.897035
0.89936
0.901563
0.903648
0.905621
0.907485
0.909245
0.910906
0.912472
0.913947
0.915335
0.916641
0.917867
0.919017
0.920096
0.921106
0.92205
0.922932
0.923754
0.924519
0.925231
0.92589
0.926501
0.927064
0.927583
0.928059
0.928495
0.928891
0.929251
0.929576
0.929867
0.930126
0.930354
0.930554
0.930726
0.930871
0.930992
0.931089
0.931163
0.931216
0.931248
0.93126
0.931253
0.931225
0.931179
0.931116
0.931037
0.930944
0.930837
0.930717
0.930586
0.930442
0.930285
0.930114
0.929929
0.929726
0.929501
0.929249
0.928959
0.928621
0.928218
0.927725
0.927111
0.92633
0.925318
0.923985
0.922208
0.919815
0.916567
0.912138
0.906081
0.897787
0.886421
0.870821
0.84931
0.819305
0.776483
0.712988
0.613944
0.453893
0.236096
