# vtk DataFile Version 3.0
Cavity flow at t=130
ASCII
DATASET STRUCTURED_POINTS
DIMENSIONS 129 129 1
ORIGIN 0 0 0
SPACING 0.00775194 0.00775194 1
POINT_DATA 16641
VECTORS velocity double
-4.20424e-05 2.62637e-05 0.0
-0.000119459 3.53738e-05 0.0
-0.000132355 -2.24771e-05 0.0
-3.64158e-06 -0.000106236 0.0
0.000290033 -0.000187438 0.0
0.000723699 -0.000246228 0.0
0.00124178 -0.00027185 0.0
0.00177689 -0.000263261 0.0
0.00226707 -0.000226918 0.0
0.00266709 -0.000173106 0.0
0.00295282 -0.000112625 0.0
0.00312009 -5.46427e-05 0.0
0.0031803 -5.56185e-06 0.0
0.00315296 3.28983e-05 0.0
0.00306011 5.99557e-05 0.0
0.00292512 7.50303e-05 0.0
0.00277054 7.95538e-05 0.0
0.00261582 7.51591e-05 0.0
0.00247731 6.33563e-05 0.0
0.00236847 4.54783e-05 0.0
0.00230029 2.27091e-05 0.0
0.00228117 -3.59267e-06 0.0
0.0023153 -3.05334e-05 0.0
0.0024029 -5.70677e-05 0.0
0.00254061 -8.064e-05 0.0
0.00271998 -9.87306e-05 0.0
0.00292835 -0.000109639 0.0
0.00315095 -0.00011296 0.0
0.00337347 -0.000109565 0.0
0.00358464 -0.000101602 0.0
0.00377743 -9.11897e-05 0.0
0.00394889 -8.02638e-05 0.0
0.00409941 -7.02571e-05 0.0
0.00422939 -5.97228e-05 0.0
0.00433803 -4.89202e-05 0.0
0.00442623 -3.92804e-05 0.0
0.00448811 -2.26026e-05 0.0
0.0045107 1.22547e-08 0.0
0.00449203 1.86657e-05 0.0
0.00443194 4.14213e-05 0.0
0.00431166 7.88588e-05 0.0
0.00411473 0.000118068 0.0
0.00384545 0.000151217 0.0
0.00350544 0.000188787 0.0
0.0030829 0.000233762 0.0
0.00257055 0.000278582 0.0
0.0019675 0.00032447 0.0
0.00127153 0.000371503 0.0
0.000480776 0.000419248 0.0
-0.00040473 0.000466259 0.0
-0.00138271 0.000511719 0.0
-0.00245076 0.000556339 0.0
-0.00360663 0.000599529 0.0
-0.00484692 0.000640763 0.0
-0.00616732 0.000679634 0.0
-0.00756276 0.000715808 0.0
-0.00902757 0.000748997 0.0
-0.0105555 0.00077897 0.0
-0.01214 0.000805544 0.0
-0.0137742 0.000828592 0.0
-0.0154508 0.000848037 0.0
-0.0171627 0.000863844 0.0
-0.0189026 0.000876021 0.0
-0.0206632 0.000884597 0.0
-0.0224374 0.000889623 0.0
-0.0242182 0.00089115 0.0
-0.0259985 0.000889222 0.0
-0.0277716 0.000883859 0.0
-0.0295305 0.000875048 0.0
-0.0312683 0.00086272 0.0
-0.0329778 0.000846744 0.0
-0.0346514 0.000826912 0.0
-0.0362813 0.000802928 0.0
-0.0378586 0.000774404 0.0
-0.0393738 0.000740862 0.0
-0.0408165 0.000701751 0.0
-0.0421747 0.000656463 0.0
-0.0434355 0.000604366 0.0
-0.0445847 0.000544844 0.0
-0.045607 0.000477409 0.0
-0.0464867 0.000402283 0.0
-0.0472063 0.000317325 0.0
-0.0477512 0.000227572 0.0
-0.0481228 0.000144013 0.0
-0.0483283 6.15441e-05 0.0
-0.0483665 -2.33724e-05 0.0
-0.0482053 -0.000137815 0.0
-0.0477872 -0.000280292 0.0
-0.0470635 -0.000443353 0.0
-0.0459969 -0.000623246 0.0
-0.044556 -0.000817685 0.0
-0.0427137 -0.0010246 0.0
-0.0404475 -0.00124161 0.0
-0.0377401 -0.00146582 0.0
-0.0345806 -0.00169371 0.0
-0.0309656 -0.00192126 0.0
-0.0269002 -0.00214407 0.0
-0.0223985 -0.00235769 0.0
-0.0174827 -0.00255813 0.0
-0.0121827 -0.00274181 0.0
-0.00653948 -0.00290143 0.0
-0.000638285 -0.00299977 0.0
0.00518964 -0.00282815 0.0
0.0106889 -0.00267113 0.0
0.0158093 -0.00244924 0.0
0.020382 -0.0021235 0.0
0.0242108 -0.00170522 0.0
0.0271292 -0.00121324 0.0
0.0290129 -0.000670439 0.0
0.029818 -0.00013465 0.0
0.0296132 0.000339421 0.0
0.0284793 0.000794518 0.0
0.0265037 0.00118105 0.0
0.0238607 0.00146191 0.0
0.0207732 0.00162566 0.0
0.0174744 0.00167309 0.0
0.0141848 0.00161653 0.0
0.0110898 0.00147844 0.0
0.00832377 0.0012876 0.0
0.00596264 0.00107353 0.0
0.00402832 0.000860794 0.0
0.00250187 0.000665657 0.0
0.00134029 0.000495924 0.0
0.000491754 0.000352614 0.0
-9.08269e-05 0.000229968 0.0
-0.00043471 0.000113916 0.0
-0.000535766 -1.28594e-05 0.0
-0.00038647 -0.000136436 0.0
-0.000125016 -0.000125016 0.0
-4.59485e-05 9.84759e-05 0.0
-6.47566e-05 4.36072e-05 0.0
0.000188616 -0.000271186 0.0
0.000887948 -0.000685573 0.0
0.00205999 -0.00107382 0.0
0.00361356 -0.00134708 0.0
0.00538635 -0.00146187 0.0
0.00719583 -0.00141783 0.0
0.00887795 -0.00124465 0.0
0.0103091 -0.000986551 0.0
0.011414 -0.000689779 0.0
0.012164 -0.000394816 0.0
0.0125707 -0.000132294 0.0
0.0126776 8.01034e-05 0.0
0.0125442 0.000238973 0.0
0.012234 0.000341195 0.0
0.0118125 0.000389518 0.0
0.0113435 0.000388868 0.0
0.0108864 0.000345253 0.0
0.0104935 0.00026532 0.0
0.0102084 0.000156214 0.0
0.0100642 2.61701e-05 0.0
0.010082 -0.000112179 0.0
0.0102645 -0.000245507 0.0
0.0105954 -0.000360871 0.0
0.0110436 -0.000446031 0.0
0.0115656 -0.000492677 0.0
0.0121115 -0.000498453 0.0
0.0126313 -0.000466446 0.0
0.0130811 -0.00040564 0.0
0.013426 -0.000324889 0.0
0.0136398 -0.000231829 0.0
0.0137054 -0.000134824 0.0
0.0136075 -2.7143e-05 0.0
0.0133236 9.36934e-05 0.0
0.0128387 0.000214864 0.0
0.0121257 0.000374351 0.0
0.011134 0.000572156 0.0
0.00983798 0.000761214 0.0
0.00823119 0.000965755 0.0
0.00627976 0.00122623 0.0
0.00394841 0.00149899 0.0
0.00121904 0.00176895 0.0
-0.00190463 0.00203474 0.0
-0.00539621 0.00230194 0.0
-0.00924309 0.00256962 0.0
-0.013441 0.00283437 0.0
-0.017975 0.00309162 0.0
-0.0228224 0.00333722 0.0
-0.0279552 0.00356662 0.0
-0.0333427 0.00377687 0.0
-0.038951 0.00396752 0.0
-0.0447437 0.00413691 0.0
-0.0506839 0.00428387 0.0
-0.0567347 0.00440772 0.0
-0.0628598 0.00450825 0.0
-0.069024 0.00458554 0.0
-0.0751935 0.00463996 0.0
-0.0813365 0.00467208 0.0
-0.087423 0.00468262 0.0
-0.0934248 0.00467244 0.0
-0.0993158 0.00464242 0.0
-0.105072 0.00459348 0.0
-0.110671 0.00452651 0.0
-0.116091 0.00444236 0.0
-0.121314 0.00434173 0.0
-0.12632 0.00422523 0.0
-0.131092 0.00409329 0.0
-0.135614 0.00394614 0.0
-0.139868 0.00378379 0.0
-0.143839 0.003606 0.0
-0.14751 0.00341228 0.0
-0.150865 0.00320188 0.0
-0.153886 0.0029738 0.0
-0.156556 0.00272684 0.0
-0.158857 0.00245969 0.0
-0.160771 0.00217103 0.0
-0.16228 0.00185965 0.0
-0.163366 0.00152464 0.0
-0.164012 0.00116545 0.0
-0.164204 0.000786317 0.0
-0.163932 0.000380572 0.0
-0.163157 -6.52261e-05 0.0
-0.161794 -0.000554652 0.0
-0.159755 -0.0010736 0.0
-0.156985 -0.00161965 0.0
-0.153471 -0.00221681 0.0
-0.149225 -0.00286581 0.0
-0.144247 -0.00355908 0.0
-0.138531 -0.00429031 0.0
-0.132069 -0.00505369 0.0
-0.124857 -0.00584284 0.0
-0.116896 -0.00665019 0.0
-0.108194 -0.00746668 0.0
-0.0987652 -0.00828163 0.0
-0.0886306 -0.00908287 0.0
-0.0778213 -0.00985713 0.0
-0.0663769 -0.0105907 0.0
-0.0543473 -0.0112705 0.0
-0.0417926 -0.011884 0.0
-0.0287815 -0.0124135 0.0
-0.0153693 -0.0128011 0.0
-0.00146012 -0.0127639 0.0
0.0124086 -0.0121035 0.0
0.0255626 -0.0112912 0.0
0.0378908 -0.0101824 0.0
0.0491912 -0.00877536 0.0
0.0592278 -0.00709821 0.0
0.0677179 -0.00515922 0.0
0.0743163 -0.00304937 0.0
0.0786543 -0.000879115 0.0
0.0805401 0.00126119 0.0
0.0800551 0.00317496 0.0
0.077416 0.00475008 0.0
0.0729025 0.0059386 0.0
0.0668467 0.0067147 0.0
0.0596286 0.00708264 0.0
0.0516593 0.00707662 0.0
0.0433602 0.00675459 0.0
0.0351392 0.00618861 0.0
0.0273644 0.00545485 0.0
0.0203362 0.00462625 0.0
0.0142652 0.00376791 0.0
0.00926306 0.00293131 0.0
0.00535525 0.00214167 0.0
0.00251749 0.00138386 0.0
0.00071908 0.000616668 0.0
-8.31282e-05 -0.00011305 0.0
-0.000121475 -0.000371507 0.0
-5.98532e-06 0.00015041 0.0
0.000155353 -0.000150857 0.0
0.000785497 -0.000960239 0.0
0.00203916 -0.00194952 0.0
0.0038986 -0.00284136 0.0
0.00621171 -0.00344622 0.0
0.00875917 -0.00368299 0.0
0.0113158 -0.00356281 0.0
0.0136889 -0.00315492 0.0
0.0157357 -0.00255417 0.0
0.0173665 -0.00185788 0.0
0.0185419 -0.00115218 0.0
0.0192654 -0.000505064 0.0
0.0195747 3.66459e-05 0.0
0.0195356 0.00045495 0.0
0.0192277 0.000743307 0.0
0.0187337 0.00090289 0.0
0.0181376 0.000940611 0.0
0.0175202 0.000868005 0.0
0.0169552 0.000700474 0.0
0.0165045 0.000456934 0.0
0.0162139 0.000160153 0.0
0.0161114 -0.000161372 0.0
0.0162008 -0.000468244 0.0
0.0164584 -0.000726667 0.0
0.0168364 -0.000906407 0.0
0.0172691 -0.000986993 0.0
0.0176811 -0.000962034 0.0
0.0179938 -0.000835436 0.0
0.0181329 -0.000625477 0.0
0.0180337 -0.000350791 0.0
0.0176325 -1.85604e-05 0.0
0.0168788 0.00034002 0.0
0.0157271 0.000747729 0.0
0.0141149 0.00121486 0.0
0.012014 0.0016795 0.0
0.00939927 0.00223744 0.0
0.00619837 0.00290165 0.0
0.00235282 0.00357329 0.0
-0.00213897 0.00425226 0.0
-0.00721361 0.00496578 0.0
-0.0128207 0.00569789 0.0
-0.0189467 0.00642537 0.0
-0.0255667 0.007122 0.0
-0.0326463 0.00778585 0.0
-0.0401358 0.00842211 0.0
-0.0479771 0.00902113 0.0
-0.0561116 0.00957334 0.0
-0.0644801 0.0100713 0.0
-0.0730242 0.0105095 0.0
-0.0816872 0.0108844 0.0
-0.0904136 0.0111947 0.0
-0.0991508 0.0114396 0.0
-0.107849 0.0116195 0.0
-0.116461 0.0117356 0.0
-0.124946 0.0117899 0.0
-0.133263 0.011785 0.0
-0.141377 0.0117239 0.0
-0.149255 0.0116096 0.0
-0.156869 0.0114455 0.0
-0.164193 0.0112349 0.0
-0.171203 0.010981 0.0
-0.177878 0.0106868 0.0
-0.184201 0.0103549 0.0
-0.190155 0.00998781 0.0
-0.195723 0.0095876 0.0
-0.200894 0.00915589 0.0
-0.205653 0.0086939 0.0
-0.209988 0.00820238 0.0
-0.213887 0.0076816 0.0
-0.21734 0.00713138 0.0
-0.220333 0.00655103 0.0
-0.222855 0.00593946 0.0
-0.224893 0.00529518 0.0
-0.226434 0.00461645 0.0
-0.227464 0.00390144 0.0
-0.227969 0.00314849 0.0
-0.227934 0.00235638 0.0
-0.227345 0.0015246 0.0
-0.226184 0.000650682 0.0
-0.224409 -0.000281664 0.0
-0.221954 -0.00127877 0.0
-0.218789 -0.00234587 0.0
-0.214937 -0.00348877 0.0
-0.210425 -0.00469077 0.0
-0.205252 -0.00594511 0.0
-0.19941 -0.00724739 0.0
-0.192892 -0.00859982 0.0
-0.185693 -0.0100011 0.0
-0.177812 -0.0114458 0.0
-0.169246 -0.012926 0.0
-0.159997 -0.0144315 0.0
-0.150069 -0.01595 0.0
-0.139472 -0.0174667 0.0
-0.128218 -0.0189641 0.0
-0.116331 -0.0204223 0.0
-0.103839 -0.0218191 0.0
-0.0907814 -0.0231306 0.0
-0.07721 -0.0243317 0.0
-0.0631916 -0.025396 0.0
-0.0488119 -0.0262923 0.0
-0.0341773 -0.0269693 0.0
-0.0193885 -0.0272936 0.0
-0.004195 -0.026636 0.0
0.0111689 -0.0252766 0.0
0.0259598 -0.0233163 0.0
0.0398797 -0.0208618 0.0
0.052777 -0.0179458 0.0
0.064441 -0.0144657 0.0
0.0745968 -0.0104972 0.0
0.0829536 -0.00612614 0.0
0.0891293 -0.00155326 0.0
0.0926586 0.00294514 0.0
0.0933736 0.00690402 0.0
0.0914865 0.0101852 0.0
0.0873053 0.0127051 0.0
0.0811935 0.0144221 0.0
0.073559 0.0153409 0.0
0.064839 0.0155093 0.0
0.0554828 0.0150111 0.0
0.0459323 0.0139576 0.0
0.0366036 0.0124804 0.0
0.0278672 0.0107213 0.0
0.0200302 0.00881706 0.0
0.0133224 0.00687151 0.0
0.00789289 0.00492132 0.0
0.00383262 0.00293789 0.0
0.00122354 0.000977015 0.0
0.00014665 -0.000346332 0.0
3.62973e-05 0.000120098 0.0
0.000397372 -0.000642958 0.0
0.0014267 -0.00212761 0.0
0.00321087 -0.00381997 0.0
0.00565594 -0.00527541 0.0
0.0085426 -0.00621194 0.0
0.0116096 -0.00653173 0.0
0.0146156 -0.00627666 0.0
0.0173688 -0.00556737 0.0
0.0197347 -0.00455441 0.0
0.0216333 -0.00338709 0.0
0.0230313 -0.00219641 0.0
0.0239341 -0.00108705 0.0
0.0243774 -0.000134035 0.0
0.0244224 0.000619826 0.0
0.0241472 0.00116152 0.0
0.0236381 0.00148772 0.0
0.0229851 0.00160494 0.0
0.0222768 0.00152933 0.0
0.0215948 0.0012862 0.0
0.0210069 0.000909831 0.0
0.0205609 0.000443793 0.0
0.0202779 -5.9451e-05 0.0
0.0201524 -0.000534107 0.0
0.0201488 -0.00091486 0.0
0.0201993 -0.00114669 0.0
0.0202115 -0.00119164 0.0
0.0200797 -0.00103752 0.0
0.0196899 -0.000682919 0.0
0.0189172 -0.000144299 0.0
0.0176553 0.000529059 0.0
0.0158073 0.00135083 0.0
0.0133074 0.00222419 0.0
0.0101184 0.00320434 0.0
0.00614396 0.00434486 0.0
0.00129575 0.00549855 0.0
-0.00437279 0.00670169 0.0
-0.010736 0.00800147 0.0
-0.0177369 0.00931993 0.0
-0.0253533 0.0106139 0.0
-0.0335435 0.011869 0.0
-0.0422408 0.0130992 0.0
-0.0513678 0.0142771 0.0
-0.0608548 0.0153772 0.0
-0.070633 0.0163885 0.0
-0.0806296 0.0173056 0.0
-0.0907705 0.0181199 0.0
-0.100985 0.0188239 0.0
-0.111208 0.0194123 0.0
-0.121378 0.0198826 0.0
-0.131438 0.0202345 0.0
-0.141337 0.0204696 0.0
-0.151026 0.0205912 0.0
-0.160464 0.0206036 0.0
-0.169612 0.0205122 0.0
-0.178437 0.0203229 0.0
-0.18691 0.0200421 0.0
-0.195006 0.0196765 0.0
-0.202703 0.0192326 0.0
-0.209984 0.018717 0.0
-0.216833 0.0181358 0.0
-0.223237 0.0174947 0.0
-0.229187 0.0167989 0.0
-0.234675 0.0160531 0.0
-0.239693 0.0152611 0.0
-0.244236 0.0144264 0.0
-0.248301 0.0135515 0.0
-0.251882 0.0126382 0.0
-0.254976 0.0116877 0.0
-0.257581 0.0107004 0.0
-0.259692 0.009676 0.0
-0.261306 0.00861355 0.0
-0.262418 0.00751147 0.0
-0.263025 0.00636768 0.0
-0.26312 0.00517975 0.0
-0.262697 0.00394513 0.0
-0.261748 0.00266155 0.0
-0.260267 0.00132746 0.0
-0.258238 -6.52318e-05 0.0
-0.255627 -0.00153069 0.0
-0.252426 -0.00307677 0.0
-0.248662 -0.00470208 0.0
-0.244356 -0.00639459 0.0
-0.239503 -0.00814454 0.0
-0.234094 -0.00995567 0.0
-0.22812 -0.0118273 0.0
-0.22157 -0.0137576 0.0
-0.214432 -0.0157454 0.0
-0.206699 -0.0177876 0.0
-0.198362 -0.0198775 0.0
-0.189416 -0.0220053 0.0
-0.179859 -0.0241582 0.0
-0.169691 -0.0263198 0.0
-0.158915 -0.0284705 0.0
-0.147542 -0.0305866 0.0
-0.135589 -0.0326406 0.0
-0.12308 -0.0346013 0.0
-0.110053 -0.0364333 0.0
-0.0965561 -0.0380972 0.0
-0.0826565 -0.0395485 0.0
-0.0684419 -0.040734 0.0
-0.0540222 -0.0415818 0.0
-0.039517 -0.0419751 0.0
-0.0249798 -0.0416852 0.0
-0.0102256 -0.0403455 0.0
0.00483604 -0.0381 0.0
0.0195742 -0.034736 0.0
0.0334632 -0.0308579 0.0
0.0463739 -0.0261282 0.0
0.0580784 -0.0206949 0.0
0.0683802 -0.0145871 0.0
0.0770365 -0.00792423 0.0
0.0837628 -0.000939484 0.0
0.0879848 0.00585166 0.0
0.0893829 0.0117265 0.0
0.0881896 0.0165383 0.0
0.0846998 0.0201906 0.0
0.0792603 0.0226465 0.0
0.0722558 0.0239283 0.0
0.0640932 0.024111 0.0
0.0551875 0.0233138 0.0
0.0459488 0.0216916 0.0
0.0367689 0.0194263 0.0
0.0280078 0.0167101 0.0
0.0199779 0.0137162 0.0
0.0129336 0.0105505 0.0
0.00709266 0.00720997 0.0
0.00274615 0.00366052 0.0
0.00049644 0.000296759 0.0
7.28724e-05 1.09283e-05 0.0
0.000629498 -0.00145149 0.0
0.00206174 -0.00378065 0.0
0.00436672 -0.00625608 0.0
0.00735041 -0.00826806 0.0
0.0107163 -0.00947183 0.0
0.0141641 -0.00978669 0.0
0.0174456 -0.00930917 0.0
0.0203812 -0.00822362 0.0
0.0228571 -0.00674003 0.0
0.0248151 -0.00505805 0.0
0.0262408 -0.00334912 0.0
0.0271527 -0.00174909 0.0
0.0275938 -0.000356341 0.0
0.0276233 0.000767642 0.0
0.0273141 0.00159815 0.0
0.0267498 0.00212448 0.0
0.0260196 0.00235133 0.0
0.0252116 0.00229915 0.0
0.0244057 0.00200441 0.0
0.0236651 0.00152009 0.0
0.0230284 0.000916231 0.0
0.0225006 0.000278948 0.0
0.0220488 -0.000295271 0.0
0.0216037 -0.000705031 0.0
0.0210605 -0.000863867 0.0
0.02028 -0.000706102 0.0
0.0190922 -0.000203489 0.0
0.0173261 0.000638925 0.0
0.0148299 0.00180281 0.0
0.0115229 0.00315081 0.0
0.00730244 0.00479761 0.0
0.00203871 0.00654099 0.0
-0.00421518 0.00833049 0.0
-0.0112791 0.010257 0.0
-0.0190537 0.0122093 0.0
-0.027517 0.0141228 0.0
-0.036606 0.0160325 0.0
-0.0462263 0.0179101 0.0
-0.0562955 0.0197094 0.0
-0.0667382 0.0214062 0.0
-0.077471 0.0229921 0.0
-0.0884072 0.0244474 0.0
-0.0994666 0.0257532 0.0
-0.110574 0.0268983 0.0
-0.121658 0.0278762 0.0
-0.13265 0.0286824 0.0
-0.143489 0.0293146 0.0
-0.154117 0.0297728 0.0
-0.164485 0.0300599 0.0
-0.174548 0.0301806 0.0
-0.184268 0.0301418 0.0
-0.193611 0.0299517 0.0
-0.20255 0.0296195 0.0
-0.211061 0.0291553 0.0
-0.219125 0.0285693 0.0
-0.226728 0.027872 0.0
-0.233859 0.0270737 0.0
-0.240511 0.0261844 0.0
-0.246679 0.0252133 0.0
-0.25236 0.0241692 0.0
-0.257554 0.0230599 0.0
-0.262262 0.0218924 0.0
-0.266488 0.0206728 0.0
-0.270234 0.019406 0.0
-0.273506 0.0180962 0.0
-0.276306 0.0167465 0.0
-0.278641 0.0153589 0.0
-0.280514 0.0139345 0.0
-0.281929 0.0124735 0.0
-0.282891 0.0109753 0.0
-0.283401 0.00943834 0.0
-0.283462 0.00786021 0.0
-0.283074 0.00623794 0.0
-0.282238 0.00456802 0.0
-0.280951 0.0028467 0.0
-0.279209 0.00107056 0.0
-0.277003 -0.000768738 0.0
-0.274319 -0.00268233 0.0
-0.271169 -0.00467492 0.0
-0.267567 -0.00673606 0.0
-0.263509 -0.00886394 0.0
-0.258987 -0.0110616 0.0
-0.253988 -0.0133291 0.0
-0.248499 -0.0156685 0.0
-0.242507 -0.0180806 0.0
-0.235998 -0.0205639 0.0
-0.228959 -0.0231162 0.0
-0.221376 -0.0257325 0.0
-0.213241 -0.0284047 0.0
-0.204543 -0.0311211 0.0
-0.195277 -0.033866 0.0
-0.185438 -0.0366194 0.0
-0.175028 -0.0393569 0.0
-0.164052 -0.0420488 0.0
-0.152524 -0.04466 0.0
-0.140464 -0.0471498 0.0
-0.127905 -0.0494711 0.0
-0.114892 -0.0515697 0.0
-0.101484 -0.0533831 0.0
-0.0877609 -0.0548375 0.0
-0.0738168 -0.0558421 0.0
-0.0597567 -0.0562802 0.0
-0.0456717 -0.0560022 0.0
-0.0316103 -0.054844 0.0
-0.0175886 -0.0526849 0.0
-0.00335962 -0.0491182 0.0
0.0108061 -0.0445305 0.0
0.0242112 -0.0387713 0.0
0.0366148 -0.0321598 0.0
0.0478568 -0.0246661 0.0
0.057735 -0.0163796 0.0
0.0660531 -0.00752854 0.0
0.0725535 0.0017183 0.0
0.0767069 0.0103083 0.0
0.0782542 0.0176024 0.0
0.0774254 0.0234452 0.0
0.0745009 0.0277558 0.0
0.0697961 0.0305283 0.0
0.063648 0.0318217 0.0
0.0564074 0.0317495 0.0
0.0484309 0.0304712 0.0
0.0400729 0.0281845 0.0
0.0316745 0.0251114 0.0
0.0235509 0.0214686 0.0
0.0159855 0.0174078 0.0
0.00926494 0.0129141 0.0
0.00384363 0.00772423 0.0
0.000766592 0.00155979 0.0
0.000107264 -0.000169208 0.0
0.000862379 -0.00258309 0.0
0.00270924 -0.00592815 0.0
0.00553643 -0.00924075 0.0
0.00903017 -0.0117608 0.0
0.012811 -0.0131258 0.0
0.0165435 -0.0133132 0.0
0.0199792 -0.0124998 0.0
0.0229568 -0.0109462 0.0
0.0253891 -0.00892558 0.0
0.0272451 -0.00668651 0.0
0.0285353 -0.00443652 0.0
0.0292984 -0.00233666 0.0
0.02959 -0.000501483 0.0
0.029473 0.0010003 0.0
0.0290176 0.00213011 0.0
0.0283056 0.00286883 0.0
0.027423 0.00321971 0.0
0.0264525 0.0032093 0.0
0.025464 0.00288873 0.0
0.0245052 0.00233516 0.0
0.02359 0.00165305 0.0
0.0226885 0.000971441 0.0
0.0217184 0.000434073 0.0
0.0205421 0.000187077 0.0
0.0189751 0.000354157 0.0
0.0168011 0.00103043 0.0
0.013813 0.00223583 0.0
0.00985956 0.00391916 0.0
0.00475613 0.00612219 0.0
-0.0015718 0.00846641 0.0
-0.00888574 0.0110164 0.0
-0.0169681 0.0136683 0.0
-0.0257831 0.0162721 0.0
-0.0352734 0.0188695 0.0
-0.0453366 0.0214347 0.0
-0.0558867 0.0239108 0.0
-0.0668387 0.0262856 0.0
-0.0780959 0.0285345 0.0
-0.0895664 0.0306247 0.0
-0.101166 0.0325329 0.0
-0.112812 0.0342444 0.0
-0.124426 0.0357451 0.0
-0.135934 0.0370235 0.0
-0.147272 0.0380732 0.0
-0.158379 0.0388921 0.0
-0.169201 0.0394814 0.0
-0.179693 0.0398451 0.0
-0.189812 0.0399898 0.0
-0.199525 0.0399243 0.0
-0.208805 0.0396594 0.0
-0.21763 0.0392074 0.0
-0.225982 0.0385819 0.0
-0.233851 0.0377968 0.0
-0.241229 0.0368666 0.0
-0.248112 0.0358056 0.0
-0.254501 0.0346277 0.0
-0.260398 0.0333463 0.0
-0.265809 0.0319739 0.0
-0.27074 0.030522 0.0
-0.275199 0.029001 0.0
-0.279197 0.0274199 0.0
-0.282743 0.0257869 0.0
-0.285847 0.0241084 0.0
-0.288521 0.0223899 0.0
-0.290772 0.0206354 0.0
-0.292612 0.0188478 0.0
-0.294049 0.0170286 0.0
-0.295089 0.0151785 0.0
-0.295741 0.0132968 0.0
-0.29601 0.0113818 0.0
-0.295899 0.00943092 0.0
-0.295411 0.00744051 0.0
-0.294547 0.0054061 0.0
-0.293306 0.00332247 0.0
-0.291684 0.00118369 0.0
-0.289675 -0.00101678 0.0
-0.287273 -0.00328952 0.0
-0.284483 -0.00563512 0.0
-0.281307 -0.00804859 0.0
-0.277737 -0.010535 0.0
-0.273761 -0.0130983 0.0
-0.269368 -0.0157425 0.0
-0.264545 -0.0184705 0.0
-0.259276 -0.0212845 0.0
-0.253548 -0.0241851 0.0
-0.247345 -0.0271715 0.0
-0.240653 -0.0302403 0.0
-0.233458 -0.0333856 0.0
-0.225747 -0.0365977 0.0
-0.21751 -0.0398631 0.0
-0.208737 -0.0431635 0.0
-0.199422 -0.0464756 0.0
-0.189562 -0.0497704 0.0
-0.179161 -0.0530124 0.0
-0.168226 -0.0561594 0.0
-0.156775 -0.0591616 0.0
-0.144832 -0.0619608 0.0
-0.132436 -0.0644897 0.0
-0.119636 -0.0666702 0.0
-0.106498 -0.0684119 0.0
-0.0931002 -0.0696098 0.0
-0.0795301 -0.0701427 0.0
-0.0658783 -0.0698764 0.0
-0.0522326 -0.0686769 0.0
-0.038682 -0.0664244 0.0
-0.0253046 -0.0629851 0.0
-0.0120353 -0.0580986 0.0
0.00125659 -0.0519001 0.0
0.014057 -0.044235 0.0
0.0258277 -0.0356036 0.0
0.0364331 -0.0259257 0.0
0.0457134 -0.0155807 0.0
0.0535864 -0.00460295 0.0
0.0595416 0.00652094 0.0
0.0631358 0.0162483 0.0
0.0644708 0.0242931 0.0
0.0637701 0.030533 0.0
0.0612814 0.0349445 0.0
0.0572626 0.0375725 0.0
0.0519833 0.0385187 0.0
0.0457262 0.0379356 0.0
0.0387828 0.0360214 0.0
0.0314462 0.0330095 0.0
0.0240018 0.0291385 0.0
0.0167297 0.0245754 0.0
0.00995516 0.0192416 0.0
0.00424097 0.0125322 0.0
0.000871707 0.00319809 0.0
0.000144603 -0.000421075 0.0
0.0011135 -0.00405523 0.0
0.00339543 -0.00858481 0.0
0.00674387 -0.0127597 0.0
0.0107108 -0.0157025 0.0
0.014837 -0.0170911 0.0
0.0187616 -0.0170051 0.0
0.022244 -0.0157259 0.0
0.025147 -0.0136008 0.0
0.0274128 -0.010969 0.0
0.0290402 -0.00812652 0.0
0.0300662 -0.00531277 0.0
0.0305507 -0.00270793 0.0
0.0305633 -0.000434438 0.0
0.0301722 0.00144139 0.0
0.0294505 0.00286602 0.0
0.0284813 0.00381417 0.0
0.0273469 0.0042913 0.0
0.0261196 0.00433556 0.0
0.0248498 0.0040208 0.0
0.0235523 0.00345935 0.0
0.0221918 0.00280452 0.0
0.0206697 0.00224358 0.0
0.0188171 0.00198465 0.0
0.0164001 0.00222974 0.0
0.0131515 0.00312718 0.0
0.00881539 0.00476747 0.0
0.00312693 0.00717537 0.0
-0.00392401 0.009984 0.0
-0.0119851 0.0132219 0.0
-0.0208223 0.0165318 0.0
-0.0303827 0.0198253 0.0
-0.0405652 0.0231244 0.0
-0.0512709 0.0263368 0.0
-0.0624187 0.0294429 0.0
-0.0739117 0.0324174 0.0
-0.0856552 0.0352216 0.0
-0.0975591 0.0378307 0.0
-0.109533 0.0402208 0.0
-0.121493 0.0423686 0.0
-0.133361 0.0442561 0.0
-0.145065 0.0458716 0.0
-0.156541 0.0472071 0.0
-0.167729 0.0482587 0.0
-0.17858 0.0490268 0.0
-0.189051 0.0495158 0.0
-0.199104 0.0497336 0.0
-0.208711 0.0496911 0.0
-0.217849 0.0494012 0.0
-0.226502 0.0488791 0.0
-0.234659 0.0481414 0.0
-0.242315 0.0472055 0.0
-0.249468 0.0460897 0.0
-0.256122 0.0448122 0.0
-0.262284 0.043391 0.0
-0.267963 0.0418433 0.0
-0.27317 0.0401856 0.0
-0.277917 0.0384331 0.0
-0.282219 0.0365998 0.0
-0.286091 0.0346982 0.0
-0.289545 0.0327391 0.0
-0.292598 0.030732 0.0
-0.295262 0.0286847 0.0
-0.29755 0.0266034 0.0
-0.299475 0.0244927 0.0
-0.301046 0.0223559 0.0
-0.302274 0.0201948 0.0
-0.303166 0.01801 0.0
-0.303729 0.0158006 0.0
-0.303967 0.0135648 0.0
-0.303884 0.0112994 0.0
-0.303482 0.00900018 0.0
-0.302761 0.00666198 0.0
-0.301719 0.00427851 0.0
-0.300352 0.00184257 0.0
-0.298656 -0.0006539 0.0
-0.296625 -0.00321912 0.0
-0.29426 -0.00585462 0.0
-0.291559 -0.00856097 0.0
-0.288514 -0.0113438 0.0
-0.285114 -0.0142096 0.0
-0.281349 -0.0171641 0.0
-0.277207 -0.0202123 0.0
-0.272673 -0.0233583 0.0
-0.267733 -0.0266047 0.0
-0.262374 -0.0299528 0.0
-0.256579 -0.0334014 0.0
-0.250335 -0.0369471 0.0
-0.243625 -0.0405831 0.0
-0.236437 -0.0442988 0.0
-0.228758 -0.0480789 0.0
-0.220575 -0.0519032 0.0
-0.211881 -0.0557452 0.0
-0.202669 -0.0595719 0.0
-0.192939 -0.0633429 0.0
-0.182693 -0.0670096 0.0
-0.171942 -0.0705141 0.0
-0.160704 -0.0737886 0.0
-0.149008 -0.0767543 0.0
-0.136892 -0.0793206 0.0
-0.124408 -0.0813837 0.0
-0.111617 -0.0828268 0.0
-0.0985925 -0.0835206 0.0
-0.0854145 -0.0833282 0.0
-0.0721724 -0.0821129 0.0
-0.0589652 -0.0797462 0.0
-0.045898 -0.0761079 0.0
-0.0330597 -0.0710834 0.0
-0.0205805 -0.0646864 0.0
-0.0083451 -0.0564845 0.0
0.0036611 -0.0471309 0.0
0.0148134 -0.0361561 0.0
0.0247587 -0.0245758 0.0
0.0333876 -0.0121097 0.0
0.0405766 0.000883363 0.0
0.0458535 0.0130148 0.0
0.048887 0.0231581 0.0
0.0500106 0.0312453 0.0
0.0494518 0.0372797 0.0
0.0474016 0.0413062 0.0
0.0440512 0.0434146 0.0
0.0396061 0.0437419 0.0
0.0342896 0.0424749 0.0
0.0283391 0.0398431 0.0
0.0220019 0.0360864 0.0
0.0155469 0.0313546 0.0
0.00932768 0.0254561 0.0
0.00397477 0.0173848 0.0
0.000809865 0.00487966 0.0
0.000188404 -0.000754083 0.0
0.0013934 -0.00589611 0.0
0.00412926 -0.0117617 0.0
0.00798144 -0.0167834 0.0
0.0123616 -0.0200259 0.0
0.0167434 -0.0212757 0.0
0.0207553 -0.020757 0.0
0.0241746 -0.0188756 0.0
0.0268936 -0.0160731 0.0
0.0288863 -0.0127552 0.0
0.0301815 -0.00926289 0.0
0.0308419 -0.00586284 0.0
0.030947 -0.00274745 0.0
0.0305741 -3.46169e-05 0.0
0.0297977 0.00220915 0.0
0.0287001 0.00391749 0.0
0.0273673 0.00506475 0.0
0.0258754 0.005667 0.0
0.0242773 0.00578519 0.0
0.0225866 0.00553178 0.0
0.0207593 0.00507308 0.0
0.0186747 0.00463585 0.0
0.0161259 0.00448316 0.0
0.0128223 0.00490128 0.0
0.00843034 0.00612205 0.0
0.00257751 0.00833638 0.0
-0.00479137 0.0112632 0.0
-0.0132923 0.014869 0.0
-0.0226458 0.0186948 0.0
-0.0327192 0.0226458 0.0
-0.0433709 0.0265969 0.0
-0.0545076 0.0304572 0.0
-0.0660381 0.0342054 0.0
-0.0778657 0.0377889 0.0
-0.0899011 0.041174 0.0
-0.102053 0.0443317 0.0
-0.114234 0.0472318 0.0
-0.126361 0.0498506 0.0
-0.138354 0.0521685 0.0
-0.150143 0.0541697 0.0
-0.161664 0.0558434 0.0
-0.172859 0.0571844 0.0
-0.183682 0.0581922 0.0
-0.19409 0.0588704 0.0
-0.204051 0.0592271 0.0
-0.213539 0.059274 0.0
-0.222536 0.0590258 0.0
-0.23103 0.0584999 0.0
-0.239015 0.0577156 0.0
-0.246491 0.0566935 0.0
-0.253462 0.0554551 0.0
-0.259937 0.0540223 0.0
-0.265928 0.0524168 0.0
-0.271448 0.0506597 0.0
-0.276513 0.0487712 0.0
-0.281142 0.0467703 0.0
-0.285351 0.0446745 0.0
-0.289159 0.0424995 0.0
-0.292583 0.0402594 0.0
-0.29564 0.0379665 0.0
-0.298345 0.0356309 0.0
-0.300713 0.0332612 0.0
-0.302758 0.0308641 0.0
-0.30449 0.0284445 0.0
-0.305919 0.0260058 0.0
-0.307055 0.0235497 0.0
-0.307903 0.0210767 0.0
-0.308469 0.0185858 0.0
-0.308756 0.0160746 0.0
-0.308766 0.0135398 0.0
-0.308502 0.0109768 0.0
-0.307961 0.00837998 0.0
-0.307143 0.00574251 0.0
-0.306043 0.00305656 0.0
-0.304658 0.000313035 0.0
-0.302983 -0.00249567 0.0
-0.301018 -0.0053731 0.0
-0.298763 -0.00832153 0.0
-0.29621 -0.0113483 0.0
-0.29335 -0.014461 0.0
-0.290175 -0.0176672 0.0
-0.286672 -0.0209737 0.0
-0.282831 -0.0243865 0.0
-0.278639 -0.0279105 0.0
-0.274082 -0.0315492 0.0
-0.269145 -0.0353043 0.0
-0.263814 -0.0391751 0.0
-0.258074 -0.043158 0.0
-0.25191 -0.0472461 0.0
-0.245306 -0.0514279 0.0
-0.238248 -0.0556874 0.0
-0.230723 -0.0600023 0.0
-0.222719 -0.0643441 0.0
-0.214227 -0.0686767 0.0
-0.205241 -0.0729552 0.0
-0.195758 -0.0771258 0.0
-0.185783 -0.081124 0.0
-0.175325 -0.084874 0.0
-0.164403 -0.0882875 0.0
-0.153042 -0.0912635 0.0
-0.14128 -0.0936871 0.0
-0.129164 -0.0954308 0.0
-0.11675 -0.0963555 0.0
-0.104106 -0.0963151 0.0
-0.0913118 -0.0951623 0.0
-0.0784599 -0.0927559 0.0
-0.0656571 -0.0889683 0.0
-0.0530224 -0.083696 0.0
-0.0406936 -0.0768817 0.0
-0.0287734 -0.0684449 0.0
-0.0174022 -0.0585479 0.0
-0.00644606 -0.0468476 0.0
0.00405878 -0.0343345 0.0
0.0134748 -0.020396 0.0
0.0216277 -0.00617223 0.0
0.0281096 0.00831165 0.0
0.0325022 0.0204352 0.0
0.0351216 0.0302252 0.0
0.0361963 0.0377839 0.0
0.0358727 0.0431758 0.0
0.034281 0.0464871 0.0
0.0315605 0.047835 0.0
0.027874 0.0473849 0.0
0.023408 0.0453496 0.0
0.0183752 0.0419498 0.0
0.0130355 0.0372859 0.0
0.00776832 0.0310112 0.0
0.00323553 0.0217154 0.0
0.000629984 0.00631951 0.0
0.000240246 -0.00118273 0.0
0.001703 -0.00813521 0.0
0.00489786 -0.0154534 0.0
0.00920944 -0.0212556 0.0
0.013914 -0.0246384 0.0
0.0184386 -0.0255697 0.0
0.0224181 -0.0244544 0.0
0.0256583 -0.0218376 0.0
0.0280859 -0.0182577 0.0
0.0297081 -0.0141855 0.0
0.0305826 -0.0100023 0.0
0.0307953 -0.00599646 0.0
0.0304405 -0.00236419 0.0
0.0295951 0.000800367 0.0
0.0283392 0.00340663 0.0
0.0267709 0.00538586 0.0
0.0249769 0.00672312 0.0
0.0230171 0.00746039 0.0
0.0209065 0.0077004 0.0
0.0185913 0.00762254 0.0
0.0159294 0.0074715 0.0
0.0126656 0.00758582 0.0
0.00845355 0.00829404 0.0
0.00283635 0.0100112 0.0
-0.00440023 0.0126407 0.0
-0.0129604 0.0162308 0.0
-0.0225244 0.0203016 0.0
-0.0328849 0.0246921 0.0
-0.0438441 0.0291842 0.0
-0.055269 0.0336547 0.0
-0.0670493 0.0380199 0.0
-0.0790915 0.0422132 0.0
-0.0913071 0.0461956 0.0
-0.103607 0.0499261 0.0
-0.115906 0.0533713 0.0
-0.128123 0.0565034 0.0
-0.14018 0.0592985 0.0
-0.152008 0.0617381 0.0
-0.163543 0.0638091 0.0
-0.174728 0.0655037 0.0
-0.185518 0.066819 0.0
-0.195871 0.0677577 0.0
-0.205757 0.0683272 0.0
-0.215152 0.0685392 0.0
-0.224042 0.0684089 0.0
-0.232417 0.0679553 0.0
-0.240275 0.0671994 0.0
-0.247619 0.0661645 0.0
-0.254458 0.0648749 0.0
-0.260803 0.0633558 0.0
-0.266671 0.0616322 0.0
-0.27208 0.0597287 0.0
-0.277048 0.0576692 0.0
-0.281597 0.0554761 0.0
-0.285747 0.0531705 0.0
-0.289518 0.0507713 0.0
-0.292931 0.0482957 0.0
-0.296004 0.0457589 0.0
-0.298754 0.0431737 0.0
-0.301196 0.0405512 0.0
-0.303345 0.0379001 0.0
-0.305212 0.0352274 0.0
-0.306808 0.0325381 0.0
-0.308141 0.0298357 0.0
-0.309219 0.0271219 0.0
-0.310047 0.0243969 0.0
-0.310629 0.0216597 0.0
-0.310968 0.0189079 0.0
-0.311067 0.016138 0.0
-0.310925 0.0133453 0.0
-0.310542 0.0105241 0.0
-0.309918 0.00766773 0.0
-0.30905 0.00476828 0.0
-0.307935 0.00181684 0.0
-0.30657 -0.001197 0.0
-0.304956 -0.0042755 0.0
-0.303092 -0.00742235 0.0
-0.300973 -0.0106463 0.0
-0.298594 -0.0139561 0.0
-0.295946 -0.0173606 0.0
-0.29302 -0.0208684 0.0
-0.289808 -0.0244872 0.0
-0.286298 -0.0282242 0.0
-0.282478 -0.0320851 0.0
-0.278335 -0.0360744 0.0
-0.273857 -0.0401945 0.0
-0.269027 -0.0444452 0.0
-0.263831 -0.0488234 0.0
-0.258254 -0.0533222 0.0
-0.25228 -0.0579302 0.0
-0.245892 -0.0626305 0.0
-0.239076 -0.0674003 0.0
-0.231817 -0.0722092 0.0
-0.224102 -0.0770189 0.0
-0.21592 -0.0817814 0.0
-0.207263 -0.0864388 0.0
-0.198128 -0.0909213 0.0
-0.188516 -0.0951468 0.0
-0.178434 -0.0990195 0.0
-0.167896 -0.10243 0.0
-0.156925 -0.105254 0.0
-0.145552 -0.107354 0.0
-0.133818 -0.10858 0.0
-0.121776 -0.108776 0.0
-0.109491 -0.107781 0.0
-0.0970416 -0.105438 0.0
-0.0845264 -0.101604 0.0
-0.0720615 -0.0961597 0.0
-0.0597838 -0.0890244 0.0
-0.0478417 -0.0801646 0.0
-0.0363978 -0.0696433 0.0
-0.0255707 -0.0575355 0.0
-0.0155178 -0.0442044 0.0
-0.00607118 -0.0293888 0.0
0.00281157 -0.014215 0.0
0.0105625 0.00212161 0.0
0.0164411 0.016354 0.0
0.0203808 0.0277473 0.0
0.0228391 0.0367289 0.0
0.0239848 0.0434087 0.0
0.0239257 0.047905 0.0
0.0227519 0.0503113 0.0
0.020581 0.0507662 0.0
0.0175602 0.0494551 0.0
0.0138764 0.0465608 0.0
0.00978704 0.042104 0.0
0.00569315 0.0355542 0.0
0.00224948 0.0251489 0.0
0.00039581 0.00734531 0.0
0.000300216 -0.00172319 0.0
0.00203475 -0.010792 0.0
0.00567 -0.0196266 0.0
0.0103645 -0.0260884 0.0
0.0152759 -0.0294215 0.0
0.0198097 -0.029845 0.0
0.0236248 -0.0279736 0.0
0.026565 -0.0244987 0.0
0.0285956 -0.0200548 0.0
0.0297574 -0.0151724 0.0
0.0301344 -0.010267 0.0
0.0298294 -0.00563938 0.0
0.0289384 -0.00147556 0.0
0.0275398 0.00215568 0.0
0.025728 0.00511917 0.0
0.0236096 0.00735998 0.0
0.0212603 0.00889222 0.0
0.0187008 0.00981067 0.0
0.0158758 0.0102857 0.0
0.0126141 0.0106142 0.0
0.00862825 0.0111276 0.0
0.00346483 0.012357 0.0
-0.00325685 0.0144566 0.0
-0.0114499 0.0176588 0.0
-0.0208462 0.0216259 0.0
-0.0312035 0.026163 0.0
-0.0422636 0.0309933 0.0
-0.0538344 0.0359318 0.0
-0.065767 0.0408362 0.0
-0.0779474 0.0456081 0.0
-0.0902789 0.0501783 0.0
-0.102674 0.0544919 0.0
-0.115049 0.0585075 0.0
-0.127324 0.0621892 0.0
-0.139425 0.0655077 0.0
-0.151281 0.0684399 0.0
-0.16283 0.0709685 0.0
-0.174016 0.0730823 0.0
-0.184792 0.0747759 0.0
-0.19512 0.0760498 0.0
-0.204967 0.0769095 0.0
-0.214313 0.0773658 0.0
-0.223141 0.0774339 0.0
-0.231446 0.0771331 0.0
-0.239227 0.0764854 0.0
-0.246489 0.0755159 0.0
-0.253244 0.074251 0.0
-0.259505 0.0727184 0.0
-0.265291 0.0709463 0.0
-0.270624 0.0689625 0.0
-0.275524 0.066794 0.0
-0.280016 0.0644667 0.0
-0.284121 0.0620049 0.0
-0.287863 0.059431 0.0
-0.291263 0.0567652 0.0
-0.29434 0.0540257 0.0
-0.297114 0.0512281 0.0
-0.299601 0.0483861 0.0
-0.301815 0.0455108 0.0
-0.30377 0.0426114 0.0
-0.305477 0.0396951 0.0
-0.306945 0.036767 0.0
-0.308181 0.0338307 0.0
-0.309193 0.0308879 0.0
-0.309984 0.0279391 0.0
-0.31056 0.0249833 0.0
-0.310923 0.0220183 0.0
-0.311074 0.0190405 0.0
-0.311016 0.0160456 0.0
-0.310749 0.0130281 0.0
-0.310271 0.00998154 0.0
-0.309584 0.0068984 0.0
-0.308684 0.0037703 0.0
-0.307572 0.00058781 0.0
-0.306247 -0.00265804 0.0
-0.30471 -0.00596615 0.0
-0.302959 -0.0093465 0.0
-0.300991 -0.0128093 0.0
-0.298799 -0.0163645 0.0
-0.296377 -0.0200222 0.0
-0.293717 -0.0237917 0.0
-0.290811 -0.0276821 0.0
-0.287649 -0.0317015 0.0
-0.28422 -0.0358566 0.0
-0.280513 -0.040153 0.0
-0.276514 -0.0445939 0.0
-0.272209 -0.04918 0.0
-0.267584 -0.0539091 0.0
-0.262623 -0.0587747 0.0
-0.257309 -0.0637658 0.0
-0.251626 -0.0688658 0.0
-0.245556 -0.0740513 0.0
-0.239082 -0.0792914 0.0
-0.232187 -0.0845465 0.0
-0.224856 -0.0897666 0.0
-0.217076 -0.0948908 0.0
-0.208834 -0.0998459 0.0
-0.200124 -0.104545 0.0
-0.190941 -0.108886 0.0
-0.181288 -0.112754 0.0
-0.171173 -0.116016 0.0
-0.160612 -0.118526 0.0
-0.149628 -0.120125 0.0
-0.138258 -0.120644 0.0
-0.126549 -0.119908 0.0
-0.114563 -0.117746 0.0
-0.102382 -0.113993 0.0
-0.0901083 -0.108509 0.0
-0.0778702 -0.101191 0.0
-0.0658209 -0.0919898 0.0
-0.054139 -0.0809439 0.0
-0.043015 -0.0681859 0.0
-0.0326386 -0.0539833 0.0
-0.0230943 -0.0386007 0.0
-0.0144201 -0.0225601 0.0
-0.0061946 -0.0055097 0.0
0.00113669 0.0107754 0.0
0.00655836 0.0239645 0.0
0.0102552 0.0343566 0.0
0.0126484 0.042242 0.0
0.0138896 0.0478896 0.0
0.0140421 0.0513478 0.0
0.0132077 0.052735 0.0
0.0115102 0.0522046 0.0
0.0091211 0.0498842 0.0
0.00630174 0.0456894 0.0
0.0034663 0.0388981 0.0
0.0012185 0.0274964 0.0
0.000164386 0.0079055 0.0
0.000367269 -0.00239068 0.0
0.00237438 -0.0138662 0.0
0.0064013 -0.0242147 0.0
0.0113691 -0.0311627 0.0
0.0163442 -0.0342337 0.0
0.0207371 -0.0339596 0.0
0.0242473 -0.0311842 0.0
0.0267652 -0.0267462 0.0
0.0282972 -0.0213699 0.0
0.0289162 -0.0156381 0.0
0.0287292 -0.00999128 0.0
0.027849 -0.0047299 0.0
0.026348 6.9443e-06 0.0
0.0243149 0.00410482 0.0
0.0218775 0.00741929 0.0
0.0191289 0.00992687 0.0
0.0161076 0.0116958 0.0
0.0127511 0.012923 0.0
0.00888449 0.0138649 0.0
0.00414836 0.0150328 0.0
-0.00189789 0.016741 0.0
-0.00938562 0.0193947 0.0
-0.0182131 0.0229681 0.0
-0.0282018 0.0273291 0.0
-0.0390798 0.03223 0.0
-0.0505954 0.037432 0.0
-0.0625458 0.0427348 0.0
-0.0747776 0.047993 0.0
-0.0871705 0.0531006 0.0
-0.0996251 0.0579788 0.0
-0.112054 0.0625679 0.0
-0.124377 0.0668199 0.0
-0.136519 0.0706966 0.0
-0.148411 0.0741676 0.0
-0.159991 0.0772094 0.0
-0.171202 0.0798058 0.0
-0.181997 0.081947 0.0
-0.192337 0.0836298 0.0
-0.20219 0.0848574 0.0
-0.211533 0.0856384 0.0
-0.220351 0.0859866 0.0
-0.228638 0.0859206 0.0
-0.236393 0.0854629 0.0
-0.243623 0.0846389 0.0
-0.250339 0.0834768 0.0
-0.256558 0.0820061 0.0
-0.2623 0.0802572 0.0
-0.267588 0.0782607 0.0
-0.272444 0.0760468 0.0
-0.276894 0.0736444 0.0
-0.280962 0.071081 0.0
-0.284673 0.0683823 0.0
-0.28805 0.0655717 0.0
-0.291114 0.0626704 0.0
-0.293886 0.059697 0.0
-0.296383 0.056668 0.0
-0.29862 0.0535973 0.0
-0.300613 0.0504963 0.0
-0.302372 0.0473747 0.0
-0.30391 0.0442399 0.0
-0.305234 0.0410972 0.0
-0.306352 0.0379504 0.0
-0.30727 0.0348018 0.0
-0.307993 0.0316519 0.0
-0.308527 0.0285001 0.0
-0.308873 0.0253444 0.0
-0.309035 0.0221818 0.0
-0.309014 0.0190081 0.0
-0.308812 0.0158183 0.0
-0.308431 0.0126063 0.0
-0.30787 0.00936516 0.0
-0.30713 0.00608695 0.0
-0.30621 0.00276281 0.0
-0.30511 -0.000617179 0.0
-0.303833 -0.00405554 0.0
-0.302381 -0.00755769 0.0
-0.300751 -0.0111356 0.0
-0.298939 -0.0148004 0.0
-0.296941 -0.0185632 0.0
-0.294752 -0.0224349 0.0
-0.292365 -0.026426 0.0
-0.289772 -0.0305466 0.0
-0.286965 -0.0348056 0.0
-0.283935 -0.0392112 0.0
-0.280671 -0.0437698 0.0
-0.277162 -0.0484859 0.0
-0.273393 -0.0533613 0.0
-0.269351 -0.0583947 0.0
-0.26502 -0.0635809 0.0
-0.260384 -0.0689096 0.0
-0.255424 -0.0743649 0.0
-0.250122 -0.0799241 0.0
-0.244459 -0.0855563 0.0
-0.238413 -0.0912216 0.0
-0.231966 -0.0968692 0.0
-0.225098 -0.102437 0.0
-0.21779 -0.107849 0.0
-0.210027 -0.113016 0.0
-0.201793 -0.117832 0.0
-0.193079 -0.122175 0.0
-0.183879 -0.125909 0.0
-0.174193 -0.12888 0.0
-0.164028 -0.130919 0.0
-0.153401 -0.131847 0.0
-0.14234 -0.131476 0.0
-0.130888 -0.129617 0.0
-0.119104 -0.126087 0.0
-0.107071 -0.120721 0.0
-0.0948992 -0.113388 0.0
-0.0827296 -0.104011 0.0
-0.07074 -0.0925943 0.0
-0.0591435 -0.0792561 0.0
-0.0481766 -0.0642565 0.0
-0.0380575 -0.047991 0.0
-0.0289299 -0.0309716 0.0
-0.0207006 -0.013553 0.0
-0.0130424 0.00382921 0.0
-0.00639214 0.0188387 0.0
-0.00129399 0.0306875 0.0
0.00238264 0.0398413 0.0
0.0047613 0.0466706 0.0
0.00602115 0.0511544 0.0
0.00632263 0.0534613 0.0
0.00578379 0.0537147 0.0
0.00457487 0.051972 0.0
0.00296752 0.0480283 0.0
0.00137258 0.0409896 0.0
0.000295371 0.0287299 0.0
-2.41903e-05 0.0080457 0.0
0.000439313 -0.00319726 0.0
0.00270235 -0.0173297 0.0
0.00703898 -0.0291147 0.0
0.0121394 -0.0363309 0.0
0.0170138 -0.038915 0.0
0.021104 -0.0377615 0.0
0.0241645 -0.033953 0.0
0.026139 -0.0284698 0.0
0.027076 -0.0221153 0.0
0.0270769 -0.0155127 0.0
0.0262616 -0.0091143 0.0
0.0247369 -0.00320203 0.0
0.0225564 0.0021606 0.0
0.0198225 0.00671817 0.0
0.0166829 0.0103829 0.0
0.0131934 0.0132015 0.0
0.00931147 0.0153244 0.0
0.00482342 0.017139 0.0
-0.000644315 0.0189834 0.0
-0.00732335 0.0213296 0.0
-0.015292 0.0244592 0.0
-0.024544 0.0284162 0.0
-0.034891 0.0331212 0.0
-0.0460701 0.0383438 0.0
-0.0578336 0.0438566 0.0
-0.0699768 0.0494642 0.0
-0.0823406 0.0550167 0.0
-0.0948002 0.0604024 0.0
-0.107253 0.065537 0.0
-0.119611 0.0703551 0.0
-0.131796 0.0748049 0.0
-0.143735 0.0788452 0.0
-0.155365 0.0824438 0.0
-0.16663 0.085577 0.0
-0.177479 0.0882286 0.0
-0.187871 0.0903903 0.0
-0.197774 0.0920606 0.0
-0.207163 0.0932447 0.0
-0.216021 0.0939539 0.0
-0.224341 0.0942049 0.0
-0.232122 0.0940191 0.0
-0.23937 0.093422 0.0
-0.246095 0.092442 0.0
-0.252315 0.0911097 0.0
-0.25805 0.0894574 0.0
-0.263323 0.0875178 0.0
-0.268159 0.0853237 0.0
-0.272584 0.0829068 0.0
-0.276625 0.0802978 0.0
-0.280307 0.0775254 0.0
-0.283655 0.0746164 0.0
-0.286692 0.071595 0.0
-0.289439 0.0684831 0.0
-0.291916 0.0653001 0.0
-0.29414 0.0620627 0.0
-0.296126 0.0587854 0.0
-0.297889 0.0554802 0.0
-0.29944 0.0521568 0.0
-0.300789 0.0488232 0.0
-0.301946 0.0454853 0.0
-0.302917 0.0421472 0.0
-0.30371 0.0388115 0.0
-0.304331 0.0354794 0.0
-0.304784 0.0321506 0.0
-0.305073 0.0288236 0.0
-0.305202 0.0254959 0.0
-0.305173 0.0221637 0.0
-0.30499 0.0188225 0.0
-0.304654 0.0154666 0.0
-0.304168 0.0120897 0.0
-0.303531 0.00868432 0.0
-0.302746 0.00524247 0.0
-0.301813 0.00175508 0.0
-0.300735 -0.00178822 0.0
-0.299513 -0.00538332 0.0
-0.29815 -0.00904502 0.0
-0.296643 -0.0127853 0.0
-0.294989 -0.016616 0.0
-0.293186 -0.020549 0.0
-0.291228 -0.0245963 0.0
-0.289111 -0.0287691 0.0
-0.286829 -0.0330784 0.0
-0.284375 -0.0375345 0.0
-0.28174 -0.0421465 0.0
-0.278917 -0.0469221 0.0
-0.275893 -0.051867 0.0
-0.272657 -0.0569843 0.0
-0.269197 -0.0622743 0.0
-0.265496 -0.0677329 0.0
-0.261538 -0.0733515 0.0
-0.257306 -0.0791155 0.0
-0.252778 -0.0850032 0.0
-0.247934 -0.090985 0.0
-0.24275 -0.0970216 0.0
-0.237204 -0.103063 0.0
-0.231269 -0.109046 0.0
-0.224921 -0.114895 0.0
-0.218136 -0.120519 0.0
-0.210888 -0.12581 0.0
-0.203157 -0.130643 0.0
-0.194922 -0.134877 0.0
-0.186168 -0.138352 0.0
-0.176886 -0.140893 0.0
-0.167073 -0.142312 0.0
-0.156736 -0.142408 0.0
-0.145895 -0.140978 0.0
-0.134587 -0.137818 0.0
-0.122869 -0.132741 0.0
-0.110824 -0.125585 0.0
-0.0985715 -0.116237 0.0
-0.0862702 -0.104659 0.0
-0.0741288 -0.0909289 0.0
-0.0624052 -0.0752742 0.0
-0.0513868 -0.0581108 0.0
-0.0413299 -0.0400362 0.0
-0.0323272 -0.0217205 0.0
-0.0241912 -0.00379741 0.0
-0.0170713 0.0126951 0.0
-0.0112464 0.0259081 0.0
-0.00667342 0.0363711 0.0
-0.00329222 0.0443809 0.0
-0.00100964 0.0499016 0.0
0.000280356 0.0531226 0.0
0.000735215 0.0541374 0.0
0.000563383 0.0529301 0.0
6.09404e-05 0.04918 0.0
-0.000383917 0.0418777 0.0
-0.000439721 0.0289748 0.0
-0.000170439 0.00785107 0.0
0.000513087 -0.00414966 0.0
0.0029951 -0.0211224 0.0
0.00752629 -0.0341898 0.0
0.0125921 -0.0414219 0.0
0.0171855 -0.0432918 0.0
0.0208032 -0.0410926 0.0
0.0232676 -0.0361468 0.0
0.0245807 -0.0295636 0.0
0.0248316 -0.0222094 0.0
0.0241443 -0.0147322 0.0
0.0226367 -0.00757196 0.0
0.0203576 -0.000940564 0.0
0.0173935 0.00504373 0.0
0.0139028 0.0100597 0.0
0.00997389 0.0141098 0.0
0.00556497 0.0173729 0.0
0.000455586 0.0201443 0.0
-0.0055509 0.0228137 0.0
-0.0126091 0.0258346 0.0
-0.0208884 0.0294366 0.0
-0.0303721 0.0338046 0.0
-0.0408816 0.0388323 0.0
-0.0521781 0.0443485 0.0
-0.0640196 0.050137 0.0
-0.0762024 0.0560097 0.0
-0.0885639 0.0618158 0.0
-0.100975 0.0674401 0.0
-0.11333 0.0727939 0.0
-0.12554 0.077808 0.0
-0.137525 0.0824277 0.0
-0.149218 0.0866092 0.0
-0.160557 0.0903191 0.0
-0.171489 0.0935326 0.0
-0.18197 0.096234 0.0
-0.191965 0.0984153 0.0
-0.201446 0.100077 0.0
-0.210394 0.101225 0.0
-0.218798 0.101873 0.0
-0.226655 0.102041 0.0
-0.233969 0.101752 0.0
-0.240751 0.101035 0.0
-0.247016 0.0999189 0.0
-0.252784 0.0984384 0.0
-0.258079 0.0966273 0.0
-0.262924 0.0945203 0.0
-0.267348 0.0921519 0.0
-0.271378 0.0895555 0.0
-0.275041 0.0867628 0.0
-0.278362 0.0838038 0.0
-0.281366 0.080706 0.0
-0.284077 0.0774946 0.0
-0.286516 0.0741921 0.0
-0.288701 0.0708184 0.0
-0.29065 0.0673908 0.0
-0.292379 0.0639244 0.0
-0.2939 0.0604316 0.0
-0.295226 0.0569229 0.0
-0.296368 0.0534066 0.0
-0.297334 0.0498892 0.0
-0.298134 0.0463755 0.0
-0.298774 0.0428686 0.0
-0.299261 0.0393702 0.0
-0.2996 0.0358806 0.0
-0.299797 0.0323989 0.0
-0.299855 0.028923 0.0
-0.29978 0.0254498 0.0
-0.299573 0.0219751 0.0
-0.299239 0.0184938 0.0
-0.298779 0.0149999 0.0
-0.298197 0.0114868 0.0
-0.297493 0.00794695 0.0
-0.29667 0.00437215 0.0
-0.295731 0.000753742 0.0
-0.29468 -0.00291714 0.0
-0.293517 -0.00663835 0.0
-0.292243 -0.0104272 0.0
-0.290857 -0.0142963 0.0
-0.289357 -0.0182584 0.0
-0.287742 -0.022326 0.0
-0.286007 -0.0265116 0.0
-0.28415 -0.0308275 0.0
-0.282167 -0.0352855 0.0
-0.280052 -0.039897 0.0
-0.277798 -0.0446721 0.0
-0.275399 -0.0496197 0.0
-0.272845 -0.054747 0.0
-0.270126 -0.0600587 0.0
-0.26723 -0.0655565 0.0
-0.264143 -0.0712384 0.0
-0.260849 -0.0770975 0.0
-0.25733 -0.0831211 0.0
-0.253566 -0.0892896 0.0
-0.249534 -0.0955753 0.0
-0.245208 -0.101941 0.0
-0.240562 -0.108337 0.0
-0.235565 -0.114703 0.0
-0.230188 -0.120964 0.0
-0.224397 -0.127027 0.0
-0.218159 -0.132787 0.0
-0.211441 -0.138115 0.0
-0.204211 -0.142869 0.0
-0.196438 -0.146886 0.0
-0.188095 -0.149984 0.0
-0.179162 -0.151968 0.0
-0.169624 -0.152627 0.0
-0.159479 -0.151745 0.0
-0.148737 -0.149102 0.0
-0.137427 -0.144486 0.0
-0.125605 -0.137707 0.0
-0.113356 -0.128616 0.0
-0.100808 -0.117128 0.0
-0.0881461 -0.103264 0.0
-0.075618 -0.0871912 0.0
-0.0635429 -0.0692873 0.0
-0.0522841 -0.0501754 0.0
-0.0421652 -0.0307029 0.0
-0.0333288 -0.0117874 0.0
-0.0256391 0.00587552 0.0
-0.0191612 0.0204249 0.0
-0.0139762 0.0320962 0.0
-0.00990202 0.0412005 0.0
-0.00685924 0.0477568 0.0
-0.00476196 0.0518802 0.0
-0.00345581 0.0536188 0.0
-0.00272067 0.0528854 0.0
-0.00225969 0.0492661 0.0
-0.00174066 0.0417174 0.0
-0.000978254 0.0284286 0.0
-0.000265423 0.00741521 0.0
0.000583997 -0.00524674 0.0
0.00322643 -0.0251497 0.0
0.00780678 -0.039274 0.0
0.0126499 -0.0462467 0.0
0.016771 -0.0471815 0.0
0.0197425 -0.0437921 0.0
0.0214646 -0.0376337 0.0
0.0219999 -0.029925 0.0
0.0214739 -0.0215729 0.0
0.0200233 -0.0132309 0.0
0.0177509 -0.00529333 0.0
0.0146369 0.00217396 0.0
0.0107844 0.00874576 0.0
0.00640887 0.0142238 0.0
0.00147272 0.0188108 0.0
-0.0041054 0.0226591 0.0
-0.0104192 0.0262813 0.0
-0.017712 0.029976 0.0
-0.0261399 0.0341585 0.0
-0.0356837 0.0389358 0.0
-0.0461976 0.044303 0.0
-0.057458 0.0501038 0.0
-0.0692376 0.0561531 0.0
-0.0813347 0.062271 0.0
-0.0935849 0.0683087 0.0
-0.105855 0.0741488 0.0
-0.118037 0.0797001 0.0
-0.130039 0.0848908 0.0
-0.141782 0.0896638 0.0
-0.153199 0.0939739 0.0
-0.16423 0.0977864 0.0
-0.174825 0.101076 0.0
-0.184945 0.103827 0.0
-0.194556 0.106032 0.0
-0.203637 0.107692 0.0
-0.212172 0.108815 0.0
-0.220154 0.109416 0.0
-0.227585 0.109517 0.0
-0.234473 0.109142 0.0
-0.24083 0.108323 0.0
-0.246676 0.107091 0.0
-0.252031 0.105483 0.0
-0.256923 0.103534 0.0
-0.261376 0.10128 0.0
-0.26542 0.0987575 0.0
-0.269083 0.0960011 0.0
-0.27239 0.0930438 0.0
-0.27537 0.0899164 0.0
-0.278046 0.0866473 0.0
-0.280441 0.0832624 0.0
-0.282576 0.0797849 0.0
-0.284472 0.0762355 0.0
-0.286144 0.0726322 0.0
-0.287608 0.0689905 0.0
-0.288879 0.0653238 0.0
-0.289968 0.0616429 0.0
-0.290888 0.0579571 0.0
-0.291647 0.0542735 0.0
-0.292256 0.0505974 0.0
-0.292721 0.0469326 0.0
-0.293052 0.0432816 0.0
-0.293253 0.0396451 0.0
-0.293331 0.0360229 0.0
-0.293291 0.0324134 0.0
-0.293137 0.028814 0.0
-0.292875 0.0252209 0.0
-0.292507 0.0216298 0.0
-0.292037 0.0180349 0.0
-0.291468 0.0144302 0.0
-0.290803 0.0108085 0.0
-0.290043 0.00716216 0.0
-0.289192 0.00348309 0.0
-0.288251 -0.000237029 0.0
-0.287226 -0.004003 0.0
-0.28612 -0.00782135 0.0
-0.284931 -0.0117074 0.0
-0.283658 -0.0156746 0.0
-0.282302 -0.019736 0.0
-0.280862 -0.0239048 0.0
-0.279335 -0.0281941 0.0
-0.27772 -0.0326168 0.0
-0.276014 -0.0371856 0.0
-0.274214 -0.0419125 0.0
-0.272315 -0.0468089 0.0
-0.270312 -0.0518849 0.0
-0.268198 -0.0571492 0.0
-0.265966 -0.0626082 0.0
-0.263603 -0.0682653 0.0
-0.261099 -0.0741207 0.0
-0.258438 -0.0801697 0.0
-0.255603 -0.0864023 0.0
-0.252575 -0.0928015 0.0
-0.249328 -0.0993422 0.0
-0.245838 -0.10599 0.0
-0.242074 -0.112698 0.0
-0.238003 -0.119409 0.0
-0.233589 -0.126049 0.0
-0.228792 -0.132529 0.0
-0.223572 -0.138743 0.0
-0.217884 -0.144565 0.0
-0.211684 -0.14985 0.0
-0.204928 -0.154434 0.0
-0.197573 -0.158133 0.0
-0.189579 -0.160745 0.0
-0.180912 -0.162054 0.0
-0.171546 -0.16183 0.0
-0.161467 -0.159839 0.0
-0.150675 -0.15585 0.0
-0.139194 -0.149647 0.0
-0.127075 -0.141044 0.0
-0.114411 -0.129912 0.0
-0.101344 -0.116209 0.0
-0.0880917 -0.100027 0.0
-0.0749597 -0.0816586 0.0
-0.0623569 -0.0616656 0.0
-0.0507608 -0.0409276 0.0
-0.0405871 -0.0205728 0.0
-0.0319317 -0.00168407 0.0
-0.0248981 0.014473 0.0
-0.019338 0.027303 0.0
-0.0148438 0.0374253 0.0
-0.0112992 0.0449446 0.0
-0.00861645 0.0499124 0.0
-0.0066504 0.0523145 0.0
-0.00518685 0.051991 0.0
-0.00395151 0.0484642 0.0
-0.00268149 0.0407303 0.0
-0.00131724 0.027289 0.0
-0.000312551 0.00683724 0.0
0.000646073 -0.00647681 0.0
0.00336926 -0.0292853 0.0
0.00782869 -0.0441783 0.0
0.0122474 -0.0506043 0.0
0.0156993 -0.0503969 0.0
0.0178495 -0.0456984 0.0
0.0186828 -0.0382827 0.0
0.018322 -0.0294506 0.0
0.0169171 -0.0201164 0.0
0.0145902 -0.0109098 0.0
0.0113165 -0.00206832 0.0
0.00720522 0.0061743 0.0
0.00241916 0.013384 0.0
-0.00293104 0.0193113 0.0
-0.00874239 0.0244708 0.0
-0.0152163 0.0290511 0.0
-0.0226056 0.0335922 0.0
-0.0310341 0.0383864 0.0
-0.0405037 0.0436456 0.0
-0.0508862 0.049375 0.0
-0.0619861 0.0554777 0.0
-0.0735884 0.0617919 0.0
-0.0854973 0.0681535 0.0
-0.0975471 0.0744176 0.0
-0.109602 0.0804672 0.0
-0.12155 0.0862091 0.0
-0.133299 0.0915699 0.0
-0.144767 0.0964913 0.0
-0.155887 0.100927 0.0
-0.166602 0.104842 0.0
-0.176863 0.10821 0.0
-0.186631 0.111016 0.0
-0.195878 0.113253 0.0
-0.204583 0.114923 0.0
-0.212735 0.116034 0.0
-0.220329 0.116603 0.0
-0.22737 0.116652 0.0
-0.233867 0.11621 0.0
-0.239837 0.115307 0.0
-0.2453 0.113978 0.0
-0.250279 0.112261 0.0
-0.254801 0.110192 0.0
-0.258894 0.107809 0.0
-0.262586 0.10515 0.0
-0.265905 0.10225 0.0
-0.268878 0.0991442 0.0
-0.271533 0.0958633 0.0
-0.273894 0.092437 0.0
-0.275983 0.088892 0.0
-0.277823 0.0852523 0.0
-0.279431 0.0815394 0.0
-0.280827 0.077772 0.0
-0.282026 0.0739665 0.0
-0.283042 0.0701369 0.0
-0.283889 0.0662951 0.0
-0.284579 0.0624509 0.0
-0.285123 0.0586121 0.0
-0.285529 0.0547849 0.0
-0.285809 0.0509738 0.0
-0.285968 0.0471817 0.0
-0.286016 0.0434102 0.0
-0.285958 0.0396596 0.0
-0.2858 0.0359287 0.0
-0.285548 0.0322156 0.0
-0.285207 0.0285169 0.0
-0.28478 0.0248287 0.0
-0.284271 0.0211458 0.0
-0.283685 0.0174624 0.0
-0.283023 0.0137719 0.0
-0.282289 0.0100672 0.0
-0.281485 0.00634027 0.0
-0.280614 0.0025827 0.0
-0.279677 -0.00121485 0.0
-0.278678 -0.00504835 0.0
-0.277624 -0.00893654 0.0
-0.276513 -0.0128929 0.0
-0.275344 -0.0169305 0.0
-0.274117 -0.0210628 0.0
-0.272833 -0.025303 0.0
-0.271491 -0.0296646 0.0
-0.270092 -0.034161 0.0
-0.268634 -0.0388054 0.0
-0.267116 -0.0436107 0.0
-0.265536 -0.0485893 0.0
-0.26389 -0.0537525 0.0
-0.262176 -0.0591102 0.0
-0.260385 -0.0646706 0.0
-0.258511 -0.0704394 0.0
-0.256543 -0.0764189 0.0
-0.254468 -0.0826071 0.0
-0.252271 -0.0889969 0.0
-0.249932 -0.0955747 0.0
-0.247428 -0.102319 0.0
-0.244733 -0.109199 0.0
-0.241815 -0.116172 0.0
-0.238638 -0.123184 0.0
-0.235162 -0.130165 0.0
-0.231342 -0.13703 0.0
-0.22713 -0.143675 0.0
-0.222472 -0.149978 0.0
-0.217314 -0.155795 0.0
-0.211597 -0.160961 0.0
-0.205265 -0.165293 0.0
-0.198259 -0.168585 0.0
-0.190527 -0.170614 0.0
-0.18202 -0.171143 0.0
-0.172699 -0.169926 0.0
-0.162539 -0.166715 0.0
-0.151532 -0.16127 0.0
-0.139697 -0.153375 0.0
-0.127086 -0.142857 0.0
-0.1138 -0.129616 0.0
-0.100008 -0.113664 0.0
-0.0859732 -0.0951883 0.0
-0.0720842 -0.0746279 0.0
-0.058875 -0.0527707 0.0
-0.0469778 -0.0308007 0.0
-0.0369357 -0.0101538 0.0
-0.0289785 0.00795192 0.0
-0.0228625 0.022148 0.0
-0.0180674 0.033291 0.0
-0.0142314 0.0416982 0.0
-0.0111846 0.0474292 0.0
-0.00877118 0.0504182 0.0
-0.00678895 0.0504416 0.0
-0.00499947 0.0469888 0.0
-0.00321212 0.0391483 0.0
-0.00147097 0.0257657 0.0
-0.000319865 0.00620482 0.0
0.000692239 -0.00781513 0.0
0.00339773 -0.0333757 0.0
0.00754923 -0.0486988 0.0
0.0113355 -0.0542886 0.0
0.0139215 -0.0527505 0.0
0.015077 -0.0466506 0.0
0.0148739 -0.0379607 0.0
0.0134895 -0.0280275 0.0
0.01108 -0.0177252 0.0
0.00776026 -0.00765427 0.0
0.0033494 0.00236067 0.0
-0.00192287 0.0111289 0.0
-0.0074692 0.0187618 0.0
-0.0133647 0.0251793 0.0
-0.0198973 0.0309467 0.0
-0.0272571 0.0364089 0.0
-0.0355748 0.0419413 0.0
-0.0448562 0.0477473 0.0
-0.0550021 0.0539002 0.0
-0.0658396 0.0603404 0.0
-0.0771715 0.066944 0.0
-0.0888085 0.0735649 0.0
-0.100586 0.0800666 0.0
-0.112365 0.0863337 0.0
-0.124032 0.092273 0.0
-0.13549 0.0978102 0.0
-0.146659 0.102886 0.0
-0.15747 0.107454 0.0
-0.167864 0.111479 0.0
-0.177795 0.114935 0.0
-0.187226 0.117808 0.0
-0.196127 0.120089 0.0
-0.204481 0.121782 0.0
-0.212278 0.122896 0.0
-0.219516 0.12345 0.0
-0.2262 0.123465 0.0
-0.232342 0.122973 0.0
-0.237959 0.122004 0.0
-0.243073 0.120596 0.0
-0.247709 0.118787 0.0
-0.251892 0.116615 0.0
-0.255652 0.114119 0.0
-0.259017 0.111339 0.0
-0.262016 0.10831 0.0
-0.264676 0.105069 0.0
-0.267024 0.101647 0.0
-0.269084 0.0980753 0.0
-0.27088 0.0943813 0.0
-0.272433 0.0905901 0.0
-0.273763 0.0867238 0.0
-0.274888 0.0828022 0.0
-0.275826 0.0788425 0.0
-0.276591 0.0748597 0.0
-0.277197 0.0708664 0.0
-0.277658 0.0668733 0.0
-0.277985 0.0628891 0.0
-0.278188 0.0589206 0.0
-0.278278 0.0549731 0.0
-0.278263 0.05105 0.0
-0.278151 0.0471537 0.0
-0.27795 0.0432848 0.0
-0.277666 0.0394429 0.0
-0.277305 0.0356262 0.0
-0.276871 0.0318322 0.0
-0.276369 0.028057 0.0
-0.275803 0.024296 0.0
-0.275177 0.0205439 0.0
-0.274494 0.0167944 0.0
-0.273757 0.0130407 0.0
-0.272968 0.00927539 0.0
-0.27213 0.00549065 0.0
-0.271247 0.00167796 0.0
-0.270322 -0.00217211 0.0
-0.269358 -0.00605328 0.0
-0.268354 -0.00998963 0.0
-0.267312 -0.0139939 0.0
-0.266232 -0.0180788 0.0
-0.265115 -0.0222575 0.0
-0.263964 -0.0265434 0.0
-0.26278 -0.03095 0.0
-0.261564 -0.035491 0.0
-0.260318 -0.0401801 0.0
-0.259041 -0.0450306 0.0
-0.257735 -0.0500557 0.0
-0.256398 -0.0552678 0.0
-0.25503 -0.0606783 0.0
-0.253626 -0.066297 0.0
-0.252182 -0.0721316 0.0
-0.250689 -0.0781869 0.0
-0.249139 -0.084464 0.0
-0.247517 -0.090959 0.0
-0.245807 -0.0976622 0.0
-0.243985 -0.104556 0.0
-0.242027 -0.111615 0.0
-0.2399 -0.118801 0.0
-0.237567 -0.126065 0.0
-0.234985 -0.133342 0.0
-0.232105 -0.140553 0.0
-0.228873 -0.147598 0.0
-0.225228 -0.154359 0.0
-0.221105 -0.160696 0.0
-0.216434 -0.166447 0.0
-0.211145 -0.171429 0.0
-0.205164 -0.175435 0.0
-0.198419 -0.17824 0.0
-0.190841 -0.179601 0.0
-0.182369 -0.179261 0.0
-0.172952 -0.176958 0.0
-0.162553 -0.172432 0.0
-0.151161 -0.16544 0.0
-0.138792 -0.155772 0.0
-0.125506 -0.143273 0.0
-0.111422 -0.127882 0.0
-0.0967479 -0.10968 0.0
-0.0818126 -0.0889608 0.0
-0.0671194 -0.0663402 0.0
-0.0533759 -0.0428719 0.0
-0.0414141 -0.0200865 0.0
-0.0318079 0.000321248 0.0
-0.024754 0.0166087 0.0
-0.0196621 0.0289434 0.0
-0.0156728 0.0382205 0.0
-0.0124556 0.0446428 0.0
-0.00980677 0.0481422 0.0
-0.00752861 0.0484571 0.0
-0.00542038 0.0450756 0.0
-0.00335813 0.0372119 0.0
-0.00146203 0.0240648 0.0
-0.000296177 0.00558878 0.0
0.000714969 -0.00922234 0.0
0.00328976 -0.0372487 0.0
0.00693868 -0.0526262 0.0
0.00988663 -0.0570955 0.0
0.0114166 -0.0540597 0.0
0.0114096 -0.0464899 0.0
0.0100204 -0.036529 0.0
0.00746081 -0.0255152 0.0
0.00383415 -0.0142013 0.0
-0.000931931 -0.00309227 0.0
-0.00633768 0.00761528 0.0
-0.0119162 0.0167251 0.0
-0.0178576 0.0246533 0.0
-0.0243595 0.0316851 0.0
-0.0316158 0.0382298 0.0
-0.03974 0.0446099 0.0
-0.0487549 0.0510729 0.0
-0.0585844 0.0577267 0.0
-0.0690831 0.0645653 0.0
-0.0800719 0.0715015 0.0
-0.0913714 0.0784143 0.0
-0.102819 0.0851792 0.0
-0.114275 0.0916857 0.0
-0.125623 0.0978417 0.0
-0.136764 0.103573 0.0
-0.147615 0.10882 0.0
-0.158107 0.113537 0.0
-0.16818 0.117688 0.0
-0.177788 0.121248 0.0
-0.186893 0.124203 0.0
-0.195468 0.126546 0.0
-0.203495 0.128279 0.0
-0.210965 0.129415 0.0
-0.217876 0.129971 0.0
-0.224234 0.129971 0.0
-0.230054 0.129447 0.0
-0.235351 0.128431 0.0
-0.240147 0.126961 0.0
-0.244469 0.125076 0.0
-0.248343 0.122817 0.0
-0.251797 0.120223 0.0
-0.254861 0.117335 0.0
-0.257563 0.11419 0.0
-0.25993 0.110825 0.0
-0.261989 0.107273 0.0
-0.263766 0.103567 0.0
-0.265283 0.0997334 0.0
-0.266564 0.0957997 0.0
-0.267628 0.091789 0.0
-0.268495 0.0877218 0.0
-0.269182 0.0836165 0.0
-0.269705 0.079489 0.0
-0.27008 0.0753528 0.0
-0.270319 0.0712195 0.0
-0.270437 0.0670985 0.0
-0.270444 0.0629975 0.0
-0.270351 0.0589223 0.0
-0.270167 0.0548772 0.0
-0.269901 0.0508649 0.0
-0.26956 0.0468866 0.0
-0.269151 0.0429423 0.0
-0.268681 0.0390308 0.0
-0.268154 0.0351497 0.0
-0.267575 0.0312956 0.0
-0.266947 0.0274642 0.0
-0.266275 0.0236506 0.0
-0.26556 0.0198488 0.0
-0.264806 0.0160524 0.0
-0.264016 0.0122544 0.0
-0.26319 0.0084474 0.0
-0.262333 0.00462355 0.0
-0.261446 0.000775083 0.0
-0.260535 -0.00310531 0.0
-0.259599 -0.00702012 0.0
-0.258637 -0.0109884 0.0
-0.257652 -0.0150231 0.0
-0.256644 -0.0191368 0.0
-0.255618 -0.0233424 0.0
-0.254574 -0.0276532 0.0
-0.253516 -0.0320824 0.0
-0.252447 -0.0366437 0.0
-0.25137 -0.041351 0.0
-0.250289 -0.046218 0.0
-0.249205 -0.0512584 0.0
-0.248121 -0.0564855 0.0
-0.247038 -0.0619119 0.0
-0.245956 -0.0675491 0.0
-0.244873 -0.0734067 0.0
-0.243785 -0.0794921 0.0
-0.242685 -0.0858093 0.0
-0.241562 -0.0923584 0.0
-0.240402 -0.0991336 0.0
-0.239186 -0.106122 0.0
-0.237889 -0.113304 0.0
-0.23648 -0.120647 0.0
-0.234923 -0.128108 0.0
-0.233172 -0.13563 0.0
-0.231177 -0.143139 0.0
-0.228878 -0.150542 0.0
-0.226209 -0.157728 0.0
-0.223097 -0.164562 0.0
-0.219462 -0.170886 0.0
-0.21522 -0.176521 0.0
-0.210283 -0.181261 0.0
-0.204564 -0.18488 0.0
-0.197973 -0.18713 0.0
-0.190428 -0.187748 0.0
-0.181855 -0.186461 0.0
-0.172191 -0.18299 0.0
-0.161397 -0.177069 0.0
-0.149456 -0.168453 0.0
-0.136392 -0.156942 0.0
-0.122281 -0.142408 0.0
-0.107274 -0.124836 0.0
-0.0916279 -0.104386 0.0
-0.0757594 -0.0814771 0.0
-0.0603084 -0.0569295 0.0
-0.0461794 -0.0321197 0.0
-0.0344145 -0.00901672 0.0
-0.0258049 0.0102832 0.0
-0.0199707 0.0243429 0.0
-0.0157766 0.0346377 0.0
-0.012509 0.0417408 0.0
-0.0098118 0.0456983 0.0
-0.00745476 0.0462658 0.0
-0.00526185 0.0429657 0.0
-0.0031614 0.0351591 0.0
-0.00131717 0.0223773 0.0
-0.000249676 0.00504293 0.0
0.000707232 -0.0106445 0.0
0.00302954 -0.0407236 0.0
0.00598369 -0.0557543 0.0
0.00789822 -0.0588298 0.0
0.00819596 -0.0541532 0.0
0.00687105 -0.0450645 0.0
0.00415466 -0.0338487 0.0
0.000232701 -0.021714 0.0
-0.00460995 -0.0095333 0.0
-0.0101108 0.00250667 0.0
-0.0159462 0.0132575 0.0
-0.0219689 0.0226841 0.0
-0.0284474 0.0311142 0.0
-0.0355737 0.0388524 0.0
-0.0434719 0.046217 0.0
-0.0521788 0.0534538 0.0
-0.0616462 0.0607113 0.0
-0.0717562 0.0680278 0.0
-0.0823519 0.0753586 0.0
-0.0932664 0.0826116 0.0
-0.104342 0.0896793 0.0
-0.11544 0.0964593 0.0
-0.126441 0.102863 0.0
-0.137244 0.108816 0.0
-0.147765 0.114261 0.0
-0.157933 0.119151 0.0
-0.167687 0.123452 0.0
-0.17698 0.127139 0.0
-0.185774 0.130198 0.0
-0.194041 0.132624 0.0
-0.201763 0.134421 0.0
-0.20893 0.135598 0.0
-0.215542 0.136177 0.0
-0.221605 0.136182 0.0
-0.22713 0.135645 0.0
-0.232137 0.134599 0.0
-0.236647 0.133084 0.0
-0.240684 0.131141 0.0
-0.244276 0.128809 0.0
-0.247451 0.126132 0.0
-0.250239 0.123149 0.0
-0.252667 0.1199 0.0
-0.254763 0.116423 0.0
-0.256555 0.112751 0.0
-0.258068 0.108919 0.0
-0.259326 0.104956 0.0
-0.260352 0.100888 0.0
-0.261167 0.0967411 0.0
-0.261792 0.0925364 0.0
-0.262244 0.0882935 0.0
-0.262542 0.0840291 0.0
-0.2627 0.079758 0.0
-0.262734 0.0754925 0.0
-0.262657 0.0712428 0.0
-0.262482 0.0670175 0.0
-0.26222 0.062823 0.0
-0.26188 0.058664 0.0
-0.261472 0.0545438 0.0
-0.261004 0.0504641 0.0
-0.260483 0.0464252 0.0
-0.259913 0.0424261 0.0
-0.259302 0.0384649 0.0
-0.258651 0.0345384 0.0
-0.257967 0.0306427 0.0
-0.25725 0.0267729 0.0
-0.256504 0.0229236 0.0
-0.255732 0.0190884 0.0
-0.254933 0.0152608 0.0
-0.254112 0.0114336 0.0
-0.253268 0.00759927 0.0
-0.252404 0.00375015 0.0
-0.251521 -0.000121161 0.0
-0.250622 -0.00401904 0.0
-0.24971 -0.00795467 0.0
-0.248783 -0.0119425 0.0
-0.247843 -0.0159948 0.0
-0.246891 -0.0201238 0.0
-0.245932 -0.0243418 0.0
-0.244968 -0.0286615 0.0
-0.244004 -0.033096 0.0
-0.243044 -0.0376587 0.0
-0.242094 -0.0423631 0.0
-0.241158 -0.0472232 0.0
-0.240242 -0.052253 0.0
-0.23935 -0.0574664 0.0
-0.238488 -0.0628768 0.0
-0.237657 -0.0684972 0.0
-0.236859 -0.0743391 0.0
-0.236094 -0.0804123 0.0
-0.23536 -0.086724 0.0
-0.234648 -0.0932778 0.0
-0.23395 -0.100073 0.0
-0.233248 -0.107101 0.0
-0.232522 -0.114349 0.0
-0.231743 -0.12179 0.0
-0.230875 -0.12939 0.0
-0.229875 -0.137099 0.0
-0.22869 -0.144851 0.0
-0.227258 -0.152561 0.0
-0.225509 -0.160127 0.0
-0.223364 -0.167421 0.0
-0.220734 -0.174292 0.0
-0.217525 -0.180566 0.0
-0.213636 -0.186041 0.0
-0.208963 -0.190492 0.0
-0.203401 -0.19367 0.0
-0.196848 -0.195307 0.0
-0.189206 -0.195118 0.0
-0.180391 -0.192812 0.0
-0.170334 -0.188099 0.0
-0.158994 -0.180705 0.0
-0.146361 -0.170387 0.0
-0.132474 -0.15696 0.0
-0.117435 -0.140329 0.0
-0.101439 -0.120534 0.0
-0.0848114 -0.0978247 0.0
-0.0680743 -0.0727699 0.0
-0.0520417 -0.0464408 0.0
-0.0378761 -0.0206262 0.0
-0.026815 0.00222203 0.0
-0.01945 0.0192048 0.0
-0.0148211 0.0309528 0.0
-0.0115183 0.0388553 0.0
-0.00890735 0.0432757 0.0
-0.00666152 0.0440855 0.0
-0.00459864 0.0408902 0.0
-0.0026756 0.0332111 0.0
-0.00106412 0.0208695 0.0
-0.000187097 0.00460615 0.0
0.00066347 -0.0120152 0.0
0.00260965 -0.0436214 0.0
0.00468912 -0.0578902 0.0
0.0053941 -0.0593134 0.0
0.00430472 -0.0528779 0.0
0.00152523 -0.0422354 0.0
-0.00259286 -0.0298433 0.0
-0.00758568 -0.0168046 0.0
-0.0132408 -0.00394494 0.0
-0.0192566 0.00843497 0.0
-0.0254184 0.0193264 0.0
-0.031931 0.0291504 0.0
-0.0389692 0.0381645 0.0
-0.0466611 0.0466203 0.0
-0.0550654 0.0547515 0.0
-0.0641624 0.0627232 0.0
-0.0738655 0.0706124 0.0
-0.0840434 0.0784146 0.0
-0.094546 0.0860701 0.0
-0.105224 0.0934925 0.0
-0.115941 0.100591 0.0
-0.126577 0.107282 0.0
-0.137031 0.113495 0.0
-0.147216 0.119172 0.0
-0.157059 0.124269 0.0
-0.166499 0.12875 0.0
-0.175486 0.132594 0.0
-0.183982 0.135786 0.0
-0.191959 0.138322 0.0
-0.199397 0.140206 0.0
-0.206286 0.14145 0.0
-0.212625 0.142075 0.0
-0.218419 0.142107 0.0
-0.22368 0.141577 0.0
-0.228425 0.140521 0.0
-0.232675 0.13898 0.0
-0.236456 0.136994 0.0
-0.239793 0.134606 0.0
-0.242716 0.131859 0.0
-0.245253 0.128794 0.0
-0.247432 0.125453 0.0
-0.249281 0.121874 0.0
-0.250829 0.118093 0.0
-0.2521 0.114144 0.0
-0.25312 0.110059 0.0
-0.253913 0.105866 0.0
-0.2545 0.101591 0.0
-0.254903 0.0972566 0.0
-0.255142 0.0928837 0.0
-0.255233 0.0884903 0.0
-0.255195 0.0840919 0.0
-0.255044 0.079702 0.0
-0.254793 0.0753315 0.0
-0.254456 0.0709897 0.0
-0.254044 0.0666836 0.0
-0.253568 0.0624186 0.0
-0.253037 0.0581981 0.0
-0.25246 0.0540244 0.0
-0.251842 0.0498978 0.0
-0.25119 0.0458179 0.0
-0.250509 0.0417827 0.0
-0.249802 0.0377893 0.0
-0.249072 0.033834 0.0
-0.248322 0.0299121 0.0
-0.247553 0.0260182 0.0
-0.246767 0.0221465 0.0
-0.245964 0.0182905 0.0
-0.245147 0.0144432 0.0
-0.244315 0.0105976 0.0
-0.243469 0.00674592 0.0
-0.24261 0.00288048 0.0
-0.241738 -0.00100669 0.0
-0.240856 -0.00491438 0.0
-0.239965 -0.0088621 0.0
-0.239066 -0.0128613 0.0
-0.238159 -0.0169231 0.0
-0.237247 -0.0210586 0.0
-0.236334 -0.0252795 0.0
-0.235424 -0.0295977 0.0
-0.234523 -0.0340255 0.0
-0.233636 -0.0385759 0.0
-0.23277 -0.0432621 0.0
-0.231932 -0.0480977 0.0
-0.23113 -0.0530968 0.0
-0.23037 -0.0582735 0.0
-0.229661 -0.0636419 0.0
-0.229008 -0.069216 0.0
-0.228417 -0.0750089 0.0
-0.227892 -0.0810327 0.0
-0.227433 -0.0872973 0.0
-0.227038 -0.0938102 0.0
-0.226702 -0.100575 0.0
-0.226414 -0.107589 0.0
-0.226155 -0.114845 0.0
-0.225902 -0.122326 0.0
-0.225623 -0.130002 0.0
-0.225275 -0.137835 0.0
-0.224808 -0.145768 0.0
-0.224158 -0.153726 0.0
-0.223254 -0.161616 0.0
-0.222012 -0.16932 0.0
-0.220337 -0.176697 0.0
-0.218127 -0.18358 0.0
-0.215269 -0.189773 0.0
-0.211647 -0.195055 0.0
-0.207138 -0.199178 0.0
-0.201622 -0.201869 0.0
-0.194982 -0.202837 0.0
-0.187111 -0.201779 0.0
-0.177917 -0.198383 0.0
-0.167329 -0.192348 0.0
-0.155312 -0.183393 0.0
-0.141872 -0.171281 0.0
-0.127072 -0.155846 0.0
-0.111055 -0.13703 0.0
-0.0940706 -0.114941 0.0
-0.076526 -0.0899354 0.0
-0.0590655 -0.0627685 0.0
-0.0426913 -0.0348384 0.0
-0.0288196 -0.0084985 0.0
-0.0190916 0.0128323 0.0
-0.0133376 0.0269425 0.0
-0.00978663 0.0360118 0.0
-0.00729014 0.0410118 0.0
-0.00528855 0.0421021 0.0
-0.00352943 0.0390517 0.0
-0.00196193 0.0315591 0.0
-0.000728936 0.019677 0.0
-0.000113193 0.00430586 0.0
0.000580271 -0.013259 0.0
0.00203188 -0.0457755 0.0
0.00307732 -0.058861 0.0
0.00242354 -0.0583938 0.0
-0.000179453 -0.0501052 0.0
-0.00429947 -0.0381086 0.0
-0.00937392 -0.0247776 0.0
-0.0151094 -0.0111421 0.0
-0.0213985 0.00233681 0.0
-0.0279298 0.0147003 0.0
-0.0345746 0.0258678 0.0
-0.0416037 0.0361507 0.0
-0.0491569 0.0457556 0.0
-0.0573086 0.054873 0.0
-0.0660678 0.0636624 0.0
-0.0753805 0.072222 0.0
-0.0851447 0.0805809 0.0
-0.0952314 0.0887108 0.0
-0.105504 0.0965491 0.0
-0.115832 0.10402 0.0
-0.126098 0.111047 0.0
-0.1362 0.117564 0.0
-0.146049 0.123516 0.0
-0.155571 0.128858 0.0
-0.164704 0.133558 0.0
-0.173398 0.137594 0.0
-0.181612 0.140952 0.0
-0.189317 0.143629 0.0
-0.196491 0.14563 0.0
-0.203125 0.146969 0.0
-0.209216 0.147666 0.0
-0.214767 0.147749 0.0
-0.219789 0.147249 0.0
-0.2243 0.146205 0.0
-0.228319 0.144657 0.0
-0.23187 0.142646 0.0
-0.23498 0.140218 0.0
-0.237677 0.137416 0.0
-0.239989 0.134283 0.0
-0.241944 0.130862 0.0
-0.243572 0.127192 0.0
-0.244899 0.123312 0.0
-0.245953 0.119256 0.0
-0.246759 0.115059 0.0
-0.247342 0.110748 0.0
-0.247724 0.106353 0.0
-0.247929 0.101896 0.0
-0.247976 0.0974013 0.0
-0.247886 0.0928865 0.0
-0.247675 0.0883686 0.0
-0.247362 0.0838619 0.0
-0.24696 0.0793785 0.0
-0.246484 0.0749279 0.0
-0.245945 0.0705179 0.0
-0.245356 0.0661543 0.0
-0.244725 0.0618409 0.0
-0.24406 0.0575801 0.0
-0.243368 0.0533727 0.0
-0.242654 0.049218 0.0
-0.241922 0.0451143 0.0
-0.241176 0.0410588 0.0
-0.240418 0.0370478 0.0
-0.239649 0.0330768 0.0
-0.23887 0.0291405 0.0
-0.238083 0.0252332 0.0
-0.237286 0.0213486 0.0
-0.23648 0.0174801 0.0
-0.235665 0.0136208 0.0
-0.23484 0.00976343 0.0
-0.234006 0.00590044 0.0
-0.233163 0.00202406 0.0
-0.232311 -0.00187429 0.0
-0.231451 -0.0057896 0.0
-0.230582 -0.00974608 0.0
-0.229706 -0.0137532 0.0
-0.228823 -0.0178207 0.0
-0.227937 -0.0219585 0.0
-0.227053 -0.0261773 0.0
-0.226175 -0.0304881 0.0
-0.225309 -0.0349025 0.0
-0.224462 -0.0394325 0.0
-0.223643 -0.0440907 0.0
-0.22286 -0.0488902 0.0
-0.222122 -0.0538447 0.0
-0.221438 -0.0589682 0.0
-0.22082 -0.0642752 0.0
-0.220275 -0.06978 0.0
-0.219814 -0.0754972 0.0
-0.219444 -0.0814404 0.0
-0.21917 -0.0876225 0.0
-0.218995 -0.0940539 0.0
-0.21892 -0.100743 0.0
-0.218937 -0.107693 0.0
-0.219035 -0.114902 0.0
-0.219195 -0.122361 0.0
-0.219391 -0.130051 0.0
-0.219583 -0.137942 0.0
-0.219725 -0.145987 0.0
-0.219755 -0.154125 0.0
-0.219602 -0.162273 0.0
-0.21918 -0.170327 0.0
-0.218391 -0.178155 0.0
-0.217125 -0.1856 0.0
-0.215261 -0.192475 0.0
-0.212671 -0.198566 0.0
-0.209219 -0.203627 0.0
-0.204768 -0.207386 0.0
-0.199182 -0.209546 0.0
-0.192332 -0.209792 0.0
-0.184102 -0.207795 0.0
-0.174399 -0.203227 0.0
-0.163158 -0.195772 0.0
-0.150357 -0.185144 0.0
-0.136027 -0.171114 0.0
-0.120268 -0.153538 0.0
-0.103276 -0.132409 0.0
-0.0853691 -0.107918 0.0
-0.0670518 -0.0805638 0.0
-0.0491171 -0.0513518 0.0
-0.0328294 -0.0221445 0.0
-0.0200091 0.00392989 0.0
-0.0119989 0.0220806 0.0
-0.00774523 0.033069 0.0
-0.0052405 0.0389534 0.0
-0.00352422 0.0404426 0.0
-0.00217607 0.0376038 0.0
-0.00108677 0.0303502 0.0
-0.000335062 0.0189013 0.0
-3.09508e-05 0.00416172 0.0
0.000456748 -0.014296 0.0
0.00130691 -0.0470402 0.0
0.00118241 -0.0585172 0.0
-0.000937536 -0.0559639 0.0
-0.00487723 -0.0459924 0.0
-0.0100211 -0.0329575 0.0
-0.0159631 -0.0189122 0.0
-0.0225009 -0.00473411 0.0
-0.029299 0.00901611 0.0
-0.0361701 0.0214233 0.0
-0.0432866 0.032906 0.0
-0.0507928 0.0436478 0.0
-0.0587751 0.053794 0.0
-0.0672644 0.0634757 0.0
-0.0762369 0.0727914 0.0
-0.0856211 0.0817899 0.0
-0.0953129 0.090469 0.0
-0.105193 0.0987894 0.0
-0.115141 0.106691 0.0
-0.125043 0.114108 0.0
-0.134799 0.12098 0.0
-0.144321 0.127254 0.0
-0.153533 0.132887 0.0
-0.162372 0.137848 0.0
-0.170786 0.142116 0.0
-0.178735 0.145678 0.0
-0.186187 0.148533 0.0
-0.19312 0.150686 0.0
-0.199521 0.15215 0.0
-0.205387 0.152949 0.0
-0.210721 0.15311 0.0
-0.215531 0.152666 0.0
-0.219833 0.151657 0.0
-0.223647 0.150122 0.0
-0.226996 0.148107 0.0
-0.229905 0.145656 0.0
-0.232402 0.142815 0.0
-0.234515 0.139629 0.0
-0.236273 0.13614 0.0
-0.237704 0.132392 0.0
-0.238837 0.128423 0.0
-0.239698 0.12427 0.0
-0.240315 0.119969 0.0
-0.240713 0.11555 0.0
-0.240916 0.111043 0.0
-0.240948 0.106472 0.0
-0.240829 0.101863 0.0
-0.240581 0.0972343 0.0
-0.240223 0.0926046 0.0
-0.239772 0.0879889 0.0
-0.239244 0.0834 0.0
-0.238654 0.0788483 0.0
-0.238014 0.074342 0.0
-0.237335 0.0698872 0.0
-0.236628 0.0654881 0.0
-0.235899 0.0611471 0.0
-0.235155 0.0568651 0.0
-0.234401 0.0526415 0.0
-0.23364 0.0484745 0.0
-0.232875 0.0443614 0.0
-0.232108 0.0402984 0.0
-0.231339 0.0362809 0.0
-0.230568 0.0323038 0.0
-0.229795 0.0283614 0.0
-0.229018 0.0244476 0.0
-0.228236 0.0205559 0.0
-0.227449 0.0166797 0.0
-0.226655 0.012812 0.0
-0.225853 0.00894575 0.0
-0.225043 0.00507378 0.0
-0.224224 0.00118885 0.0
-0.223398 -0.00271633 0.0
-0.222564 -0.00664259 0.0
-0.221716 -0.0106091 0.0
-0.220859 -0.0146244 0.0
-0.219994 -0.0186974 0.0
-0.219124 -0.0228369 0.0
-0.218255 -0.0270527 0.0
-0.217391 -0.0313546 0.0
-0.21654 -0.0357533 0.0
-0.215708 -0.0402597 0.0
-0.214905 -0.0448856 0.0
-0.214141 -0.0496432 0.0
-0.213425 -0.0545454 0.0
-0.21277 -0.0596059 0.0
-0.212188 -0.0648387 0.0
-0.21169 -0.0702587 0.0
-0.211289 -0.0758807 0.0
-0.210996 -0.08172 0.0
-0.210822 -0.087791 0.0
-0.210774 -0.0941076 0.0
-0.210858 -0.100682 0.0
-0.211072 -0.107522 0.0
-0.211414 -0.114633 0.0
-0.211869 -0.122014 0.0
-0.212418 -0.129655 0.0
-0.213028 -0.137535 0.0
-0.213658 -0.145622 0.0
-0.214251 -0.153866 0.0
-0.214737 -0.162199 0.0
-0.215034 -0.170528 0.0
-0.21504 -0.178737 0.0
-0.214643 -0.186681 0.0
-0.213715 -0.194185 0.0
-0.212119 -0.201043 0.0
-0.209707 -0.207014 0.0
-0.206326 -0.21183 0.0
-0.201823 -0.215191 0.0
-0.19605 -0.216771 0.0
-0.188867 -0.216228 0.0
-0.180157 -0.213208 0.0
-0.169829 -0.20736 0.0
-0.157832 -0.198354 0.0
-0.144167 -0.1859 0.0
-0.128899 -0.169778 0.0
-0.112181 -0.149881 0.0
-0.0942703 -0.126264 0.0
-0.0755728 -0.0992331 0.0
-0.056704 -0.0694859 0.0
-0.0386225 -0.0383797 0.0
-0.0228313 -0.00844637 0.0
-0.0118439 0.0154593 0.0
-0.00603316 0.0296259 0.0
-0.00314569 0.0370043 0.0
-0.00161305 0.0391428 0.0
-0.000686159 0.0366286 0.0
-0.00012388 0.0296738 0.0
9.13786e-05 0.0186107 0.0
5.44095e-05 0.00418518 0.0
0.000296004 -0.0150487 0.0
0.000456439 -0.0472981 0.0
-0.000925488 -0.056753 0.0
-0.00439694 -0.0521367 0.0
-0.00945245 -0.0408243 0.0
-0.0154889 -0.0269453 0.0
-0.0221582 -0.0123132 0.0
-0.0293038 0.00235037 0.0
-0.036581 0.0160069 0.0
-0.0438698 0.0285925 0.0
-0.0514204 0.040404 0.0
-0.0593287 0.0515643 0.0
-0.067638 0.062169 0.0
-0.0763468 0.0722988 0.0
-0.0854113 0.0820053 0.0
-0.0947536 0.0913024 0.0
-0.104275 0.100169 0.0
-0.113867 0.108562 0.0
-0.123426 0.116425 0.0
-0.132855 0.123705 0.0
-0.142066 0.130351 0.0
-0.150985 0.136324 0.0
-0.159548 0.141592 0.0
-0.167702 0.146137 0.0
-0.175405 0.149946 0.0
-0.182625 0.153017 0.0
-0.189338 0.155359 0.0
-0.195531 0.156985 0.0
-0.201197 0.157918 0.0
-0.206337 0.158188 0.0
-0.210961 0.157828 0.0
-0.215081 0.156879 0.0
-0.218717 0.155382 0.0
-0.22189 0.153383 0.0
-0.224624 0.150929 0.0
-0.226948 0.148067 0.0
-0.228888 0.144842 0.0
-0.230475 0.141301 0.0
-0.231735 0.137487 0.0
-0.232699 0.13344 0.0
-0.233394 0.129202 0.0
-0.233847 0.124806 0.0
-0.234086 0.120288 0.0
-0.234134 0.115677 0.0
-0.234017 0.111001 0.0
-0.233758 0.106285 0.0
-0.233378 0.101551 0.0
-0.232897 0.0968172 0.0
-0.232334 0.0921001 0.0
-0.231704 0.0874133 0.0
-0.231025 0.082768 0.0
-0.230307 0.0781727 0.0
-0.229564 0.073634 0.0
-0.228803 0.0691561 0.0
-0.228033 0.0647415 0.0
-0.227259 0.0603912 0.0
-0.226487 0.0561045 0.0
-0.225718 0.0518794 0.0
-0.224955 0.0477131 0.0
-0.224198 0.0436016 0.0
-0.223448 0.0395403 0.0
-0.222702 0.035524 0.0
-0.221959 0.0315471 0.0
-0.221218 0.0276035 0.0
-0.220476 0.0236868 0.0
-0.219732 0.0197905 0.0
-0.218982 0.015908 0.0
-0.218225 0.0120325 0.0
-0.217458 0.00815726 0.0
-0.216682 0.00427542 0.0
-0.215894 0.000380491 0.0
-0.215095 -0.00353284 0.0
-0.214282 -0.00747347 0.0
-0.213455 -0.0114528 0.0
-0.212614 -0.015479 0.0
-0.211762 -0.0195598 0.0
-0.210903 -0.0237033 0.0
-0.21004 -0.0279181 0.0
-0.20918 -0.0322129 0.0
-0.208329 -0.0365973 0.0
-0.207495 -0.0410812 0.0
-0.206687 -0.045675 0.0
-0.205916 -0.0503899 0.0
-0.205192 -0.0552379 0.0
-0.204528 -0.0602318 0.0
-0.203939 -0.0653849 0.0
-0.203438 -0.0707117 0.0
-0.203039 -0.0762272 0.0
-0.202758 -0.0819471 0.0
-0.202609 -0.0878875 0.0
-0.202604 -0.0940641 0.0
-0.202753 -0.100492 0.0
-0.203064 -0.107185 0.0
-0.203538 -0.114154 0.0
-0.204171 -0.121405 0.0
-0.20495 -0.128937 0.0
-0.205851 -0.136741 0.0
-0.206839 -0.144798 0.0
-0.207866 -0.153071 0.0
-0.208868 -0.161506 0.0
-0.209764 -0.170028 0.0
-0.210457 -0.178536 0.0
-0.210834 -0.186902 0.0
-0.210763 -0.194963 0.0
-0.210099 -0.202524 0.0
-0.208687 -0.209357 0.0
-0.206359 -0.215196 0.0
-0.202948 -0.21974 0.0
-0.198284 -0.22266 0.0
-0.192208 -0.223598 0.0
-0.184577 -0.222178 0.0
-0.175275 -0.21802 0.0
-0.164221 -0.210746 0.0
-0.151385 -0.200009 0.0
-0.136802 -0.185519 0.0
-0.120586 -0.167074 0.0
-0.102951 -0.144615 0.0
-0.0842373 -0.118293 0.0
-0.0649507 -0.0885812 0.0
-0.0458494 -0.0564673 0.0
-0.028147 -0.0238524 0.0
-0.013942 0.00567286 0.0
-0.00532815 0.0249877 0.0
-0.00145869 0.0348855 0.0
0.000158171 0.0381121 0.0
0.000768433 0.0361222 0.0
0.000822759 0.0295636 0.0
0.000501681 0.0188268 0.0
0.000134103 0.00437369 0.0
0.00011182 -0.0154566 0.0
-0.000480862 -0.046458 0.0
-0.00309769 -0.0535943 0.0
-0.00777414 -0.0471475 0.0
-0.0138107 -0.0347214 0.0
-0.0206764 -0.020146 0.0
-0.0280948 -0.00502482 0.0
-0.0356851 0.00979786 0.0
-0.0432413 0.0233928 0.0
-0.050926 0.03618 0.0
-0.0588538 0.0482948 0.0
-0.0670789 0.0598069 0.0
-0.0756148 0.0707715 0.0
-0.0844389 0.0812292 0.0
-0.093497 0.0911975 0.0
-0.102711 0.100667 0.0
-0.111991 0.109606 0.0
-0.121241 0.117969 0.0
-0.130372 0.125708 0.0
-0.139299 0.132778 0.0
-0.14795 0.13914 0.0
-0.15626 0.144764 0.0
-0.164178 0.149632 0.0
-0.171659 0.153733 0.0
-0.178671 0.157065 0.0
-0.185188 0.159636 0.0
-0.191196 0.161462 0.0
-0.196687 0.162565 0.0
-0.20166 0.162977 0.0
-0.206123 0.162732 0.0
-0.210088 0.161872 0.0
-0.213571 0.160439 0.0
-0.216593 0.15848 0.0
-0.21918 0.156044 0.0
-0.221356 0.15318 0.0
-0.223151 0.149934 0.0
-0.224591 0.146356 0.0
-0.225707 0.14249 0.0
-0.226528 0.138379 0.0
-0.227081 0.134065 0.0
-0.227397 0.129587 0.0
-0.227501 0.124979 0.0
-0.22742 0.120273 0.0
-0.22718 0.1155 0.0
-0.226804 0.110686 0.0
-0.226316 0.105854 0.0
-0.225737 0.101023 0.0
-0.225085 0.0962121 0.0
-0.224378 0.0914349 0.0
-0.223631 0.0867031 0.0
-0.222859 0.082026 0.0
-0.222072 0.0774102 0.0
-0.221279 0.0728602 0.0
-0.220489 0.0683786 0.0
-0.219706 0.0639659 0.0
-0.218934 0.0596216 0.0
-0.218176 0.0553433 0.0
-0.217432 0.0511281 0.0
-0.216702 0.0469717 0.0
-0.215985 0.0428693 0.0
-0.215279 0.0388157 0.0
-0.214582 0.0348051 0.0
-0.213889 0.0308313 0.0
-0.2132 0.0268882 0.0
-0.212509 0.0229694 0.0
-0.211814 0.0190683 0.0
-0.211112 0.0151785 0.0
-0.210401 0.0112935 0.0
-0.209677 0.00740665 0.0
-0.208939 0.00351167 0.0
-0.208185 -0.000397632 0.0
-0.207414 -0.00432489 0.0
-0.206626 -0.00828233 0.0
-0.20582 -0.0122779 0.0
-0.204996 -0.0163186 0.0
-0.204157 -0.0204111 0.0
-0.203305 -0.0245625 0.0
-0.202447 -0.0287803 0.0
-0.201585 -0.0330722 0.0
-0.200728 -0.0374464 0.0
-0.199882 -0.0419117 0.0
-0.199057 -0.0464773 0.0
-0.198263 -0.0511531 0.0
-0.197512 -0.0559499 0.0
-0.196816 -0.060879 0.0
-0.19619 -0.0659531 0.0
-0.19565 -0.0711855 0.0
-0.195211 -0.0765909 0.0
-0.194891 -0.0821847 0.0
-0.194706 -0.0879836 0.0
-0.194675 -0.0940047 0.0
-0.194811 -0.100266 0.0
-0.195128 -0.106784 0.0
-0.195635 -0.113574 0.0
-0.196336 -0.120651 0.0
-0.197225 -0.128022 0.0
-0.198291 -0.13569 0.0
-0.199506 -0.143646 0.0
-0.200833 -0.151869 0.0
-0.202216 -0.160323 0.0
-0.203581 -0.168949 0.0
-0.204837 -0.177666 0.0
-0.205874 -0.18636 0.0
-0.206559 -0.19489 0.0
-0.206746 -0.203074 0.0
-0.20627 -0.210696 0.0
-0.204955 -0.217499 0.0
-0.202618 -0.223186 0.0
-0.199072 -0.227423 0.0
-0.194139 -0.229844 0.0
-0.187649 -0.230052 0.0
-0.179461 -0.227636 0.0
-0.169465 -0.222179 0.0
-0.157599 -0.213277 0.0
-0.143864 -0.200569 0.0
-0.12834 -0.183765 0.0
-0.111201 -0.162698 0.0
-0.0927422 -0.137384 0.0
-0.0734016 -0.108118 0.0
-0.0538104 -0.075623 0.0
-0.034887 -0.0413225 0.0
-0.0180245 -0.00792446 0.0
-0.0063207 0.0182674 0.0
-0.00068349 0.0320992 0.0
0.0014699 0.0371282 0.0
0.00197219 0.0359936 0.0
0.00163412 0.029976 0.0
0.000861479 0.0195081 0.0
0.000206821 0.00471462 0.0
-7.67861e-05 -0.0154916 0.0
-0.0014494 -0.0444577 0.0
-0.00523396 -0.0491932 0.0
-0.010957 -0.0411491 0.0
-0.0178438 -0.0277966 0.0
-0.0253956 -0.0126533 0.0
-0.0333595 0.00286487 0.0
-0.0413481 0.017487 0.0
-0.0492403 0.0311521 0.0
-0.0572685 0.0441337 0.0
-0.0654994 0.0564998 0.0
-0.0739547 0.0682823 0.0
-0.0826262 0.0795034 0.0
-0.0914784 0.0901736 0.0
-0.100453 0.100286 0.0
-0.109476 0.109816 0.0
-0.118465 0.118725 0.0
-0.127338 0.126972 0.0
-0.136017 0.134514 0.0
-0.144432 0.141314 0.0
-0.15252 0.147343 0.0
-0.16023 0.152581 0.0
-0.167517 0.15702 0.0
-0.174347 0.160657 0.0
-0.180696 0.163501 0.0
-0.186546 0.165567 0.0
-0.191888 0.16688 0.0
-0.19672 0.16747 0.0
-0.201048 0.167374 0.0
-0.204883 0.166633 0.0
-0.20824 0.165292 0.0
-0.211139 0.1634 0.0
-0.213604 0.161006 0.0
-0.215659 0.158161 0.0
-0.217333 0.154914 0.0
-0.218654 0.151315 0.0
-0.219651 0.147413 0.0
-0.220354 0.143251 0.0
-0.220791 0.138875 0.0
-0.220993 0.134325 0.0
-0.220987 0.129637 0.0
-0.220801 0.124846 0.0
-0.220461 0.119985 0.0
-0.219993 0.11508 0.0
-0.219419 0.110158 0.0
-0.218763 0.105238 0.0
-0.218045 0.10034 0.0
-0.217281 0.0954795 0.0
-0.216489 0.0906682 0.0
-0.215681 0.0859158 0.0
-0.214869 0.0812294 0.0
-0.214063 0.0766136 0.0
-0.21327 0.0720707 0.0
-0.212493 0.0676013 0.0
-0.211738 0.0632045 0.0
-0.211004 0.0588777 0.0
-0.210293 0.0546176 0.0
-0.209603 0.0504197 0.0
-0.208932 0.0462789 0.0
-0.208276 0.0421899 0.0
-0.207634 0.0381465 0.0
-0.207 0.0341427 0.0
-0.20637 0.0301723 0.0
-0.205742 0.026229 0.0
-0.205111 0.0223064 0.0
-0.204472 0.0183982 0.0
-0.203824 0.0144982 0.0
-0.203161 0.0106002 0.0
-0.202483 0.00669805 0.0
-0.201786 0.00278553 0.0
-0.201068 -0.00114349 0.0
-0.200329 -0.0050896 0.0
-0.199567 -0.00906751 0.0
-0.198783 -0.0130833 0.0
-0.197978 -0.0171425 0.0
-0.197153 -0.0212511 0.0
-0.196311 -0.0254151 0.0
-0.195457 -0.0296409 0.0
-0.194595 -0.0339351 0.0
-0.19373 -0.0383049 0.0
-0.192872 -0.0427577 0.0
-0.192026 -0.0473014 0.0
-0.191205 -0.0519446 0.0
-0.190418 -0.0566966 0.0
-0.189678 -0.0615675 0.0
-0.189 -0.0665684 0.0
-0.1884 -0.0717114 0.0
-0.187894 -0.07701 0.0
-0.187501 -0.082479 0.0
-0.18724 -0.0881346 0.0
-0.18713 -0.0939945 0.0
-0.187192 -0.100078 0.0
-0.187444 -0.106403 0.0
-0.1879 -0.112992 0.0
-0.188572 -0.119861 0.0
-0.189466 -0.127029 0.0
-0.190577 -0.134506 0.0
-0.191893 -0.142298 0.0
-0.193386 -0.150398 0.0
-0.195011 -0.158786 0.0
-0.196707 -0.167425 0.0
-0.19839 -0.17625 0.0
-0.199957 -0.185173 0.0
-0.201281 -0.194068 0.0
-0.202213 -0.202776 0.0
-0.202588 -0.211096 0.0
-0.202221 -0.218781 0.0
-0.200917 -0.225544 0.0
-0.198475 -0.231052 0.0
-0.194694 -0.23493 0.0
-0.189384 -0.236766 0.0
-0.182374 -0.236121 0.0
-0.173525 -0.232539 0.0
-0.162743 -0.225564 0.0
-0.149995 -0.214765 0.0
-0.135321 -0.199766 0.0
-0.118861 -0.180295 0.0
-0.100866 -0.15624 0.0
-0.0817271 -0.127741 0.0
-0.0620038 -0.0953146 0.0
-0.0424829 -0.0600753 0.0
-0.0243507 -0.0241662 0.0
-0.00980822 0.00826293 0.0
-0.00125072 0.027909 0.0
0.00205061 0.0358637 0.0
0.00274502 0.0360614 0.0
0.00221141 0.0307799 0.0
0.00112897 0.0205593 0.0
0.000262797 0.00518424 0.0
-0.000290625 -0.0151242 0.0
-0.00241636 -0.0413267 0.0
-0.00724731 -0.0437087 0.0
-0.0138967 -0.0342611 0.0
-0.0215622 -0.0201323 0.0
-0.0298077 -0.00452025 0.0
-0.0381425 0.0110305 0.0
-0.046323 0.0254904 0.0
-0.0545256 0.0392435 0.0
-0.0628413 0.0523861 0.0
-0.0713015 0.0649385 0.0
-0.0799072 0.0769046 0.0
-0.0886362 0.0882815 0.0
-0.0974458 0.0990573 0.0
-0.106277 0.109208 0.0
-0.115063 0.118701 0.0
-0.123728 0.127495 0.0
-0.132204 0.135551 0.0
-0.140423 0.142833 0.0
-0.148325 0.149312 0.0
-0.155861 0.154968 0.0
-0.162985 0.15979 0.0
-0.169665 0.163778 0.0
-0.175874 0.166938 0.0
-0.181595 0.169288 0.0
-0.186816 0.170851 0.0
-0.191535 0.171658 0.0
-0.195756 0.171746 0.0
-0.199489 0.171159 0.0
-0.202746 0.169941 0.0
-0.205549 0.168144 0.0
-0.207918 0.165817 0.0
-0.209878 0.163014 0.0
-0.211458 0.159787 0.0
-0.212684 0.156187 0.0
-0.213587 0.152265 0.0
-0.214196 0.148069 0.0
-0.214542 0.143644 0.0
-0.214654 0.139033 0.0
-0.214561 0.134276 0.0
-0.214293 0.12941 0.0
-0.213875 0.124469 0.0
-0.213336 0.119483 0.0
-0.212698 0.114477 0.0
-0.211986 0.109475 0.0
-0.211219 0.104498 0.0
-0.210417 0.0995598 0.0
-0.209596 0.0946752 0.0
-0.20877 0.0898536 0.0
-0.20795 0.0851025 0.0
-0.207144 0.0804263 0.0
-0.206361 0.0758275 0.0
-0.205604 0.0713063 0.0
-0.204876 0.0668616 0.0
-0.204178 0.0624904 0.0
-0.203509 0.058189 0.0
-0.202866 0.0539527 0.0
-0.202248 0.0497761 0.0
-0.20165 0.0456533 0.0
-0.201068 0.0415783 0.0
-0.200498 0.0375449 0.0
-0.199934 0.0335468 0.0
-0.199373 0.0295776 0.0
-0.198809 0.0256313 0.0
-0.198238 0.0217018 0.0
-0.197656 0.017783 0.0
-0.197061 0.013869 0.0
-0.196448 0.00995419 0.0
-0.195814 0.00603264 0.0
-0.195159 0.00209849 0.0
-0.194478 -0.00185468 0.0
-0.193772 -0.00582439 0.0
-0.19304 -0.00982675 0.0
-0.192281 -0.0138666 0.0
-0.191497 -0.0179485 0.0
-0.19069 -0.0220775 0.0
-0.189861 -0.0262587 0.0
-0.189016 -0.0304975 0.0
-0.188157 -0.0347997 0.0
-0.18729 -0.0391712 0.0
-0.186422 -0.0436184 0.0
-0.18556 -0.0481477 0.0
-0.184713 -0.0527666 0.0
-0.183892 -0.0574828 0.0
-0.183108 -0.0623048 0.0
-0.182375 -0.0672421 0.0
-0.181708 -0.0723053 0.0
-0.181124 -0.0775063 0.0
-0.180641 -0.0828586 0.0
-0.18028 -0.0883772 0.0
-0.180061 -0.0940794 0.0
-0.180008 -0.0999841 0.0
-0.180142 -0.106112 0.0
-0.180483 -0.112485 0.0
-0.181051 -0.119128 0.0
-0.181859 -0.126061 0.0
-0.182915 -0.133306 0.0
-0.184216 -0.14088 0.0
-0.185748 -0.148791 0.0
-0.187481 -0.157035 0.0
-0.189367 -0.165595 0.0
-0.191335 -0.174429 0.0
-0.193292 -0.18347 0.0
-0.195121 -0.192619 0.0
-0.196677 -0.201736 0.0
-0.197796 -0.210642 0.0
-0.198289 -0.219108 0.0
-0.197952 -0.226858 0.0
-0.196572 -0.233562 0.0
-0.193928 -0.238844 0.0
-0.189809 -0.242281 0.0
-0.184016 -0.243409 0.0
-0.17638 -0.241736 0.0
-0.166774 -0.236756 0.0
-0.155125 -0.227971 0.0
-0.141437 -0.214921 0.0
-0.125809 -0.19723 0.0
-0.10845 -0.17466 0.0
-0.0897094 -0.147201 0.0
-0.0700999 -0.115188 0.0
-0.0503346 -0.0794887 0.0
-0.0313927 -0.0418269 0.0
-0.014596 -0.00541566 0.0
-0.0032091 0.0216432 0.0
0.00171811 0.0339009 0.0
0.00297776 0.0360701 0.0
0.00249265 0.0317899 0.0
0.00127542 0.0218489 0.0
0.000294579 0.00574161 0.0
-0.000510582 -0.014323 0.0
-0.00333564 -0.0371771 0.0
-0.00908615 -0.0372768 0.0
-0.0165324 -0.0265973 0.0
-0.0248389 -0.0118243 0.0
-0.0335387 0.00411707 0.0
-0.0421685 0.0193578 0.0
-0.0506124 0.0337876 0.0
-0.059079 0.0476156 0.0
-0.0676176 0.0608683 0.0
-0.0762364 0.0735354 0.0
-0.0849218 0.085599 0.0
-0.0936428 0.0970372 0.0
-0.102354 0.107822 0.0
-0.110998 0.117919 0.0
-0.119513 0.12729 0.0
-0.127836 0.135894 0.0
-0.135904 0.143696 0.0
-0.143663 0.150666 0.0
-0.151063 0.156782 0.0
-0.158062 0.162032 0.0
-0.164625 0.166414 0.0
-0.170727 0.169936 0.0
-0.176349 0.172612 0.0
-0.18148 0.174466 0.0
-0.186115 0.17553 0.0
-0.190258 0.175841 0.0
-0.193915 0.175442 0.0
-0.197101 0.174381 0.0
-0.199834 0.172709 0.0
-0.202134 0.170478 0.0
-0.204025 0.167743 0.0
-0.205536 0.164559 0.0
-0.206693 0.160979 0.0
-0.207527 0.157056 0.0
-0.208067 0.15284 0.0
-0.208345 0.148381 0.0
-0.20839 0.143722 0.0
-0.208232 0.138908 0.0
-0.207902 0.133978 0.0
-0.207428 0.128966 0.0
-0.206836 0.123905 0.0
-0.206153 0.118824 0.0
-0.205402 0.113747 0.0
-0.204604 0.108695 0.0
-0.203779 0.103686 0.0
-0.202944 0.0987339 0.0
-0.202112 0.0938483 0.0
-0.201296 0.0890373 0.0
-0.200503 0.0843056 0.0
-0.19974 0.0796552 0.0
-0.199011 0.0750865 0.0
-0.198318 0.0705977 0.0
-0.197662 0.0661857 0.0
-0.19704 0.0618462 0.0
-0.19645 0.0575741 0.0
-0.195888 0.0533637 0.0
-0.19535 0.0492089 0.0
-0.194831 0.0451035 0.0
-0.194326 0.0410409 0.0
-0.193829 0.037015 0.0
-0.193336 0.0330194 0.0
-0.19284 0.029048 0.0
-0.192338 0.025095 0.0
-0.191825 0.0211545 0.0
-0.191297 0.017221 0.0
-0.190751 0.0132892 0.0
-0.190184 0.00935357 0.0
-0.189593 0.00540898 0.0
-0.188977 0.00145011 0.0
-0.188335 -0.00252854 0.0
-0.187664 -0.00652712 0.0
-0.186963 -0.0105579 0.0
-0.186231 -0.0146253 0.0
-0.185472 -0.0187333 0.0
-0.184686 -0.0228862 0.0
-0.183876 -0.0270886 0.0
-0.183044 -0.0313451 0.0
-0.182195 -0.0356604 0.0
-0.181333 -0.0400396 0.0
-0.180463 -0.0444878 0.0
-0.179593 -0.0490107 0.0
-0.178729 -0.053614 0.0
-0.177882 -0.0583041 0.0
-0.177061 -0.0630881 0.0
-0.176279 -0.0679738 0.0
-0.17555 -0.0729699 0.0
-0.174889 -0.0780865 0.0
-0.174315 -0.0833353 0.0
-0.173847 -0.0887297 0.0
-0.173506 -0.0942855 0.0
-0.173317 -0.100021 0.0
-0.173303 -0.105956 0.0
-0.173489 -0.112114 0.0
-0.1739 -0.118521 0.0
-0.174555 -0.125204 0.0
-0.175473 -0.13219 0.0
-0.176662 -0.139506 0.0
-0.178122 -0.147172 0.0
-0.179839 -0.155204 0.0
-0.18178 -0.1636 0.0
-0.183891 -0.172344 0.0
-0.186094 -0.181394 0.0
-0.188284 -0.190676 0.0
-0.190328 -0.200078 0.0
-0.192064 -0.209445 0.0
-0.193308 -0.21857 0.0
-0.193849 -0.227192 0.0
-0.193463 -0.234994 0.0
-0.191916 -0.241602 0.0
-0.188973 -0.246585 0.0
-0.18441 -0.24946 0.0
-0.178027 -0.249703 0.0
-0.169662 -0.246762 0.0
-0.159203 -0.240073 0.0
-0.146614 -0.229096 0.0
-0.131947 -0.21335 0.0
-0.11537 -0.192475 0.0
-0.0971861 -0.16631 0.0
-0.0778604 -0.135014 0.0
-0.0580475 -0.0992408 0.0
-0.0386313 -0.0604328 0.0
-0.020862 -0.0213759 0.0
-0.00719674 0.0125513 0.0
0.00026679 0.0306021 0.0
0.00265098 0.0357251 0.0
0.00247071 0.0328003 0.0
0.00129629 0.0232302 0.0
0.000300658 0.00633685 0.0
-0.000720404 -0.013092 0.0
-0.0041772 -0.0321263 0.0
-0.0107354 -0.030019 0.0
-0.0188886 -0.0182556 0.0
-0.027823 -0.00292521 0.0
-0.0368195 0.0129143 0.0
-0.0455497 0.0279204 0.0
-0.0542188 0.042338 0.0
-0.062895 0.0562079 0.0
-0.0715935 0.0695131 0.0
-0.0803065 0.0822223 0.0
-0.0890105 0.0943015 0.0
-0.0976697 0.105715 0.0
-0.106238 0.116423 0.0
-0.114662 0.126386 0.0
-0.122886 0.135562 0.0
-0.130854 0.143913 0.0
-0.138515 0.151407 0.0
-0.145822 0.15802 0.0
-0.152734 0.163739 0.0
-0.159218 0.168558 0.0
-0.165248 0.172482 0.0
-0.170806 0.175527 0.0
-0.175878 0.177715 0.0
-0.18046 0.179076 0.0
-0.184554 0.179649 0.0
-0.188166 0.179476 0.0
-0.191309 0.178607 0.0
-0.193999 0.177092 0.0
-0.196257 0.174988 0.0
-0.198106 0.172349 0.0
-0.199573 0.169232 0.0
-0.200687 0.165694 0.0
-0.201475 0.16179 0.0
-0.20197 0.157573 0.0
-0.202202 0.153095 0.0
-0.202201 0.148403 0.0
-0.202 0.143544 0.0
-0.201629 0.138558 0.0
-0.201116 0.133485 0.0
-0.20049 0.128358 0.0
-0.199777 0.123209 0.0
-0.199003 0.118063 0.0
-0.198188 0.112943 0.0
-0.197353 0.107868 0.0
-0.196515 0.102852 0.0
-0.195689 0.0979065 0.0
-0.194885 0.0930397 0.0
-0.194112 0.0882561 0.0
-0.193376 0.0835579 0.0
-0.19268 0.0789449 0.0
-0.192027 0.074415 0.0
-0.191416 0.0699649 0.0
-0.190844 0.0655898 0.0
-0.190308 0.0612841 0.0
-0.189803 0.0570418 0.0
-0.189325 0.0528565 0.0
-0.188868 0.0487216 0.0
-0.188427 0.0446305 0.0
-0.187996 0.040577 0.0
-0.187568 0.0365546 0.0
-0.18714 0.0325575 0.0
-0.186705 0.0285797 0.0
-0.18626 0.0246158 0.0
-0.185799 0.0206605 0.0
-0.185321 0.0167086 0.0
-0.18482 0.0127553 0.0
-0.184296 0.00879558 0.0
-0.183745 0.00482491 0.0
-0.183166 0.000838661 0.0
-0.182557 -0.00316747 0.0
-0.181918 -0.00719785 0.0
-0.181247 -0.0112596 0.0
-0.180545 -0.0153567 0.0
-0.179813 -0.0194932 0.0
-0.179053 -0.0236728 0.0
-0.178266 -0.0278994 0.0
-0.177455 -0.032177 0.0
-0.176622 -0.0365097 0.0
-0.175773 -0.0409017 0.0
-0.174911 -0.0453571 0.0
-0.174043 -0.0498806 0.0
-0.173174 -0.0544767 0.0
-0.172312 -0.0591506 0.0
-0.171467 -0.0639078 0.0
-0.170648 -0.0687544 0.0
-0.169869 -0.0736975 0.0
-0.169144 -0.0787451 0.0
-0.168488 -0.0839069 0.0
-0.16792 -0.0891942 0.0
-0.16746 -0.0946206 0.0
-0.167133 -0.100202 0.0
-0.166961 -0.105959 0.0
-0.166973 -0.111913 0.0
-0.167196 -0.11809 0.0
-0.167656 -0.12452 0.0
-0.168378 -0.131235 0.0
-0.169382 -0.138268 0.0
-0.170681 -0.145651 0.0
-0.172275 -0.153414 0.0
-0.174149 -0.161575 0.0
-0.176269 -0.170139 0.0
-0.178574 -0.179091 0.0
-0.180978 -0.188385 0.0
-0.183363 -0.197941 0.0
-0.185578 -0.20763 0.0
-0.187443 -0.217275 0.0
-0.188751 -0.226638 0.0
-0.189269 -0.235417 0.0
-0.18875 -0.243246 0.0
-0.186942 -0.249692 0.0
-0.183597 -0.254261 0.0
-0.178481 -0.2564 0.0
-0.171398 -0.255514 0.0
-0.162197 -0.25098 0.0
-0.150796 -0.242179 0.0
-0.137202 -0.228528 0.0
-0.121533 -0.209543 0.0
-0.104045 -0.184914 0.0
-0.0851562 -0.154624 0.0
-0.0654817 -0.119118 0.0
-0.0458768 -0.0795768 0.0
-0.0275071 -0.0383709 0.0
-0.0117934 0.000167339 0.0
-0.0017961 0.0255252 0.0
0.00185498 0.0347667 0.0
0.00217975 0.0336142 0.0
0.00120774 0.0245627 0.0
0.000285103 0.00692261 0.0
-0.000908904 -0.0114627 0.0
-0.00491864 -0.026289 0.0
-0.0121786 -0.022038 0.0
-0.0209456 -0.0093162 0.0
-0.0302168 0.00634093 0.0
-0.0393669 0.0217949 0.0
-0.0482928 0.036696 0.0
-0.0571539 0.0510926 0.0
-0.0659852 0.0649607 0.0
-0.0747848 0.0782584 0.0
-0.0835347 0.0909398 0.0
-0.0922056 0.102959 0.0
-0.100759 0.11427 0.0
-0.109151 0.124828 0.0
-0.117331 0.134586 0.0
-0.12525 0.143505 0.0
-0.132861 0.151549 0.0
-0.140119 0.15869 0.0
-0.146987 0.164911 0.0
-0.153431 0.170205 0.0
-0.159427 0.174572 0.0
-0.164955 0.178026 0.0
-0.170002 0.180588 0.0
-0.174564 0.182288 0.0
-0.17864 0.183162 0.0
-0.182237 0.183254 0.0
-0.185365 0.182612 0.0
-0.188041 0.18129 0.0
-0.190285 0.179343 0.0
-0.192119 0.176829 0.0
-0.193568 0.173807 0.0
-0.194662 0.170335 0.0
-0.19543 0.166472 0.0
-0.195902 0.162273 0.0
-0.19611 0.157793 0.0
-0.196086 0.153082 0.0
-0.195861 0.14819 0.0
-0.195466 0.143161 0.0
-0.194932 0.138035 0.0
-0.194288 0.132851 0.0
-0.19356 0.127639 0.0
-0.192775 0.12243 0.0
-0.191956 0.117247 0.0
-0.191121 0.11211 0.0
-0.19029 0.107034 0.0
-0.189476 0.102033 0.0
-0.188691 0.0971134 0.0
-0.187943 0.0922808 0.0
-0.187238 0.0875372 0.0
-0.186579 0.0828822 0.0
-0.185968 0.0783136 0.0
-0.185402 0.0738274 0.0
-0.184879 0.0694184 0.0
-0.184396 0.0650807 0.0
-0.183946 0.0608078 0.0
-0.183526 0.0565931 0.0
-0.183128 0.0524296 0.0
-0.182747 0.0483107 0.0
-0.182377 0.0442299 0.0
-0.182012 0.0401808 0.0
-0.181646 0.0361575 0.0
-0.181274 0.0321544 0.0
-0.180893 0.0281661 0.0
-0.180496 0.0241876 0.0
-0.180081 0.0202138 0.0
-0.179645 0.0162404 0.0
-0.179184 0.0122627 0.0
-0.178697 0.0082764 0.0
-0.178181 0.00427737 0.0
-0.177636 0.000261428 0.0
-0.177059 -0.00377507 0.0
-0.176451 -0.00783748 0.0
-0.175811 -0.0119309 0.0
-0.17514 -0.0160589 0.0
-0.174438 -0.0202251 0.0
-0.173706 -0.0244329 0.0
-0.172947 -0.0286856 0.0
-0.172162 -0.0329869 0.0
-0.171354 -0.03734 0.0
-0.170526 -0.0417487 0.0
-0.169682 -0.0462162 0.0
-0.168825 -0.0507463 0.0
-0.167963 -0.0553426 0.0
-0.1671 -0.0600091 0.0
-0.166245 -0.0647499 0.0
-0.165406 -0.0695696 0.0
-0.164594 -0.0744737 0.0
-0.16382 -0.0794682 0.0
-0.163099 -0.0845607 0.0
-0.162447 -0.0897602 0.0
-0.161883 -0.0950779 0.0
-0.161428 -0.100528 0.0
-0.161107 -0.106126 0.0
-0.160945 -0.111895 0.0
-0.160972 -0.117858 0.0
-0.161218 -0.124046 0.0
-0.161712 -0.130492 0.0
-0.162484 -0.137235 0.0
-0.163556 -0.144314 0.0
-0.164943 -0.15177 0.0
-0.16665 -0.159638 0.0
-0.168659 -0.167946 0.0
-0.170934 -0.176703 0.0
-0.173408 -0.185894 0.0
-0.175984 -0.195471 0.0
-0.178529 -0.20534 0.0
-0.180874 -0.215355 0.0
-0.182817 -0.225308 0.0
-0.184125 -0.23492 0.0
-0.184545 -0.243841 0.0
-0.183806 -0.251644 0.0
-0.181637 -0.257825 0.0
-0.177777 -0.261811 0.0
-0.171993 -0.262971 0.0
-0.164092 -0.260626 0.0
-0.153947 -0.254079 0.0
-0.141516 -0.242653 0.0
-0.126865 -0.225738 0.0
-0.110195 -0.202877 0.0
-0.0918716 -0.173873 0.0
-0.0724546 -0.13896 0.0
-0.0527293 -0.0990645 0.0
-0.033745 -0.0562371 0.0
-0.016936 -0.0144891 0.0
-0.00509848 0.0183469 0.0
0.000409386 0.0327861 0.0
0.0016482 0.0340312 0.0
0.00103912 0.0257268 0.0
0.000256285 0.007464 0.0
-0.0010692 -0.00948459 0.0
-0.00554389 -0.0197827 0.0
-0.0133854 -0.0134429 0.0
-0.0226989 0.000169209 0.0
-0.0321983 0.0156261 0.0
-0.0413733 0.0308349 0.0
-0.0504429 0.0456516 0.0
-0.0594439 0.059999 0.0
-0.0683755 0.0738171 0.0
-0.0772223 0.0870484 0.0
-0.0859593 0.0996366 0.0
-0.0945536 0.111527 0.0
-0.102967 0.122668 0.0
-0.111155 0.133009 0.0
-0.119075 0.142505 0.0
-0.126683 0.151114 0.0
-0.133938 0.158806 0.0
-0.140803 0.165557 0.0
-0.147248 0.171357 0.0
-0.153248 0.176203 0.0
-0.158782 0.180104 0.0
-0.16384 0.18308 0.0
-0.168415 0.185157 0.0
-0.172506 0.186372 0.0
-0.176119 0.186766 0.0
-0.179263 0.18639 0.0
-0.181954 0.185295 0.0
-0.184211 0.183539 0.0
-0.186056 0.181181 0.0
-0.187514 0.178282 0.0
-0.188614 0.174903 0.0
-0.189384 0.171104 0.0
-0.189857 0.166943 0.0
-0.190062 0.162479 0.0
-0.190034 0.157766 0.0
-0.189804 0.152855 0.0
-0.189403 0.147793 0.0
-0.188864 0.142625 0.0
-0.188216 0.13739 0.0
-0.187487 0.132123 0.0
-0.186704 0.126856 0.0
-0.185889 0.121614 0.0
-0.185064 0.116418 0.0
-0.184246 0.111286 0.0
-0.183451 0.106231 0.0
-0.182689 0.101261 0.0
-0.181969 0.0963809 0.0
-0.181297 0.0915934 0.0
-0.180676 0.086898 0.0
-0.180105 0.0822919 0.0
-0.179583 0.0777707 0.0
-0.179108 0.073329 0.0
-0.178674 0.0689603 0.0
-0.178277 0.0646578 0.0
-0.17791 0.0604143 0.0
-0.177566 0.0562229 0.0
-0.177241 0.0520765 0.0
-0.176926 0.0479687 0.0
-0.176618 0.043893 0.0
-0.176309 0.0398435 0.0
-0.175994 0.0358147 0.0
-0.17567 0.0318015 0.0
-0.175332 0.0277988 0.0
-0.174976 0.0238022 0.0
-0.174598 0.0198072 0.0
-0.174197 0.0158097 0.0
-0.17377 0.0118056 0.0
-0.173315 0.00779111 0.0
-0.17283 0.00376237 0.0
-0.172315 -0.000284402 0.0
-0.171769 -0.00435198 0.0
-0.171191 -0.00844629 0.0
-0.170582 -0.0125713 0.0
-0.169942 -0.0167302 0.0
-0.169272 -0.0209263 0.0
-0.168572 -0.0251627 0.0
-0.167845 -0.0294424 0.0
-0.167091 -0.0337686 0.0
-0.166313 -0.0381442 0.0
-0.165513 -0.0425722 0.0
-0.164695 -0.0470555 0.0
-0.163861 -0.0515969 0.0
-0.163016 -0.0561993 0.0
-0.162166 -0.0608657 0.0
-0.161315 -0.0655991 0.0
-0.160472 -0.0704029 0.0
-0.159644 -0.0752809 0.0
-0.158841 -0.0802374 0.0
-0.158075 -0.0852779 0.0
-0.157361 -0.0904093 0.0
-0.156714 -0.0956401 0.0
-0.156152 -0.100981 0.0
-0.155699 -0.106447 0.0
-0.155379 -0.112056 0.0
-0.15522 -0.117829 0.0
-0.155254 -0.123796 0.0
-0.155512 -0.129989 0.0
-0.156029 -0.136449 0.0
-0.156836 -0.14322 0.0
-0.157961 -0.150351 0.0
-0.159423 -0.15789 0.0
-0.161225 -0.165883 0.0
-0.163353 -0.174364 0.0
-0.165765 -0.183347 0.0
-0.168388 -0.19282 0.0
-0.171111 -0.202724 0.0
-0.173784 -0.212953 0.0
-0.176218 -0.223333 0.0
-0.178185 -0.233619 0.0
-0.179428 -0.24348 0.0
-0.179667 -0.252505 0.0
-0.17861 -0.260189 0.0
-0.175969 -0.265947 0.0
-0.171474 -0.269115 0.0
-0.164892 -0.268964 0.0
-0.15605 -0.264728 0.0
-0.144853 -0.255633 0.0
-0.131311 -0.240951 0.0
-0.115569 -0.220076 0.0
-0.0979354 -0.192631 0.0
-0.078915 -0.15864 0.0
-0.0592487 -0.118777 0.0
-0.0399689 -0.074789 0.0
-0.0225098 -0.0302052 0.0
-0.00892574 0.00864135 0.0
-0.00131956 0.0293775 0.0
0.000997524 0.0338839 0.0
0.000839751 0.026641 0.0
0.00022605 0.00794633 0.0
-0.00121148 -0.00720391 0.0
-0.00611303 -0.0126872 0.0
-0.0145316 -0.00427842 0.0
-0.0240418 0.00982846 0.0
-0.0335114 0.0249358 0.0
-0.0428241 0.0400129 0.0
-0.0520237 0.0547428 0.0
-0.0611203 0.0690054 0.0
-0.0701027 0.0827247 0.0
-0.0789488 0.0958337 0.0
-0.0876296 0.108269 0.0
-0.096111 0.119971 0.0
-0.104355 0.130882 0.0
-0.112322 0.140951 0.0
-0.119971 0.150132 0.0
-0.127265 0.158388 0.0
-0.134169 0.165691 0.0
-0.140655 0.172023 0.0
-0.146696 0.177378 0.0
-0.152275 0.18176 0.0
-0.157378 0.185185 0.0
-0.162 0.187678 0.0
-0.166138 0.189272 0.0
-0.169798 0.190008 0.0
-0.172988 0.189933 0.0
-0.175724 0.189102 0.0
-0.178022 0.187572 0.0
-0.179906 0.185403 0.0
-0.181399 0.182656 0.0
-0.18253 0.179397 0.0
-0.183327 0.175686 0.0
-0.183822 0.171586 0.0
-0.184047 0.167158 0.0
-0.184034 0.162458 0.0
-0.183817 0.157542 0.0
-0.183428 0.15246 0.0
-0.182899 0.147259 0.0
-0.182261 0.141981 0.0
-0.181542 0.136666 0.0
-0.18077 0.131346 0.0
-0.179969 0.126048 0.0
-0.17916 0.120797 0.0
-0.178361 0.115611 0.0
-0.177589 0.110503 0.0
-0.176853 0.105483 0.0
-0.176163 0.100557 0.0
-0.175524 0.0957263 0.0
-0.174939 0.0909909 0.0
-0.174408 0.0863477 0.0
-0.173929 0.081792 0.0
-0.173497 0.0773179 0.0
-0.173109 0.0729185 0.0
-0.172759 0.0685866 0.0
-0.17244 0.0643148 0.0
-0.172145 0.0600956 0.0
-0.171869 0.0559221 0.0
-0.171605 0.0517873 0.0
-0.171346 0.047685 0.0
-0.171088 0.0436094 0.0
-0.170824 0.0395548 0.0
-0.170552 0.0355163 0.0
-0.170265 0.0314891 0.0
-0.169961 0.0274689 0.0
-0.169637 0.0234517 0.0
-0.16929 0.0194333 0.0
-0.168918 0.0154102 0.0
-0.168518 0.0113788 0.0
-0.168091 0.00733535 0.0
-0.167634 0.00327658 0.0
-0.167147 -0.000800953 0.0
-0.166629 -0.00489937 0.0
-0.166081 -0.00902471 0.0
-0.165503 -0.0131804 0.0
-0.164894 -0.0173694 0.0
-0.164257 -0.0215948 0.0
-0.163591 -0.0258595 0.0
-0.162898 -0.0301661 0.0
-0.162179 -0.0345176 0.0
-0.161436 -0.0389165 0.0
-0.160671 -0.0433653 0.0
-0.159885 -0.0478666 0.0
-0.159082 -0.0524226 0.0
-0.158264 -0.0570356 0.0
-0.157437 -0.0617077 0.0
-0.156604 -0.066441 0.0
-0.15577 -0.071238 0.0
-0.154943 -0.0761009 0.0
-0.15413 -0.0810328 0.0
-0.153341 -0.0860373 0.0
-0.152586 -0.091119 0.0
-0.15188 -0.096284 0.0
-0.151238 -0.101541 0.0
-0.150679 -0.1069 0.0
-0.150225 -0.112377 0.0
-0.149903 -0.11799 0.0
-0.149742 -0.123764 0.0
-0.149774 -0.129731 0.0
-0.150037 -0.135928 0.0
-0.150567 -0.142404 0.0
-0.151401 -0.149209 0.0
-0.152569 -0.156402 0.0
-0.154094 -0.164043 0.0
-0.155983 -0.172187 0.0
-0.158219 -0.180876 0.0
-0.160756 -0.190131 0.0
-0.163511 -0.199935 0.0
-0.166359 -0.210222 0.0
-0.16913 -0.22086 0.0
-0.17161 -0.231644 0.0
-0.173544 -0.242277 0.0
-0.174648 -0.252366 0.0
-0.174614 -0.261419 0.0
-0.173128 -0.268844 0.0
-0.169889 -0.273952 0.0
-0.164622 -0.275974 0.0
-0.157106 -0.274076 0.0
-0.147192 -0.267396 0.0
-0.134835 -0.255087 0.0
-0.120117 -0.236398 0.0
-0.103287 -0.210773 0.0
-0.0847895 -0.178016 0.0
-0.0653123 -0.138544 0.0
-0.0458374 -0.0937768 0.0
-0.0277029 -0.046811 0.0
-0.0125338 -0.00350595 0.0
-0.00311264 0.0244974 0.0
0.000276639 0.0330576 0.0
0.000637746 0.0272639 0.0
0.000201233 0.00837362 0.0
-0.00132344 -0.00466899 0.0
-0.00658558 -0.00505838 0.0
-0.0153069 0.00523266 0.0
-0.0248691 0.0193898 0.0
-0.0343847 0.0343596 0.0
-0.0437958 0.0493129 0.0
-0.0530803 0.0639268 0.0
-0.0622254 0.0780633 0.0
-0.0712121 0.0916359 0.0
-0.0800144 0.104571 0.0
-0.0886018 0.1168 0.0
-0.0969399 0.128259 0.0
-0.104992 0.13889 0.0
-0.112723 0.14864 0.0
-0.120095 0.157465 0.0
-0.127077 0.165332 0.0
-0.13364 0.172215 0.0
-0.139759 0.178103 0.0
-0.145417 0.182996 0.0
-0.150601 0.186904 0.0
-0.155303 0.189847 0.0
-0.159521 0.191856 0.0
-0.16326 0.19297 0.0
-0.166527 0.193236 0.0
-0.169337 0.192705 0.0
-0.171705 0.191435 0.0
-0.173655 0.189487 0.0
-0.175209 0.186925 0.0
-0.176396 0.183814 0.0
-0.177243 0.180218 0.0
-0.177784 0.176202 0.0
-0.178049 0.17183 0.0
-0.178071 0.167162 0.0
-0.177885 0.162256 0.0
-0.177524 0.157166 0.0
-0.17702 0.151942 0.0
-0.176404 0.146631 0.0
-0.175707 0.141273 0.0
-0.174956 0.135904 0.0
-0.174176 0.130555 0.0
-0.173389 0.125251 0.0
-0.172614 0.120011 0.0
-0.171867 0.114852 0.0
-0.17116 0.109782 0.0
-0.170501 0.104809 0.0
-0.169895 0.0999352 0.0
-0.169344 0.0951593 0.0
-0.16885 0.0904785 0.0
-0.168409 0.0858879 0.0
-0.168018 0.0813811 0.0
-0.167672 0.0769508 0.0
-0.167364 0.0725894 0.0
-0.167087 0.0682891 0.0
-0.166836 0.0640421 0.0
-0.166604 0.0598413 0.0
-0.166383 0.0556796 0.0
-0.166168 0.0515507 0.0
-0.165954 0.0474487 0.0
-0.165735 0.0433682 0.0
-0.165507 0.0393043 0.0
-0.165266 0.0352525 0.0
-0.165008 0.0312085 0.0
-0.16473 0.0271685 0.0
-0.164431 0.0231289 0.0
-0.164108 0.0190861 0.0
-0.16376 0.0150368 0.0
-0.163384 0.0109777 0.0
-0.162981 0.00690556 0.0
-0.162549 0.00281724 0.0
-0.162087 -0.00129034 0.0
-0.161597 -0.00541844 0.0
-0.161077 -0.0095733 0.0
-0.160529 -0.0137582 0.0
-0.159953 -0.017976 0.0
-0.159349 -0.0222295 0.0
-0.158718 -0.0265213 0.0
-0.158062 -0.030854 0.0
-0.15738 -0.0352303 0.0
-0.156674 -0.0396524 0.0
-0.155947 -0.0441227 0.0
-0.155199 -0.0486431 0.0
-0.154432 -0.0532157 0.0
-0.15365 -0.0578422 0.0
-0.152854 -0.0625242 0.0
-0.152049 -0.0672631 0.0
-0.151238 -0.0720603 0.0
-0.150426 -0.0769173 0.0
-0.149619 -0.0818358 0.0
-0.148825 -0.0868178 0.0
-0.148052 -0.0918662 0.0
-0.147311 -0.0969848 0.0
-0.146614 -0.102179 0.0
-0.145977 -0.107457 0.0
-0.145419 -0.112831 0.0
-0.144963 -0.118314 0.0
-0.144635 -0.123928 0.0
-0.144467 -0.129701 0.0
-0.144495 -0.135668 0.0
-0.144757 -0.141872 0.0
-0.145294 -0.148369 0.0
-0.146148 -0.15522 0.0
-0.147354 -0.162494 0.0
-0.148938 -0.170263 0.0
-0.150909 -0.178594 0.0
-0.153247 -0.187538 0.0
-0.155902 -0.197119 0.0
-0.158777 -0.207315 0.0
-0.16173 -0.218043 0.0
-0.164568 -0.229144 0.0
-0.167047 -0.240363 0.0
-0.168883 -0.25134 0.0
-0.169761 -0.261602 0.0
-0.169345 -0.270562 0.0
-0.167304 -0.277515 0.0
-0.163324 -0.281658 0.0
-0.157135 -0.282098 0.0
-0.148535 -0.277888 0.0
-0.137418 -0.26807 0.0
-0.123806 -0.251746 0.0
-0.10788 -0.228182 0.0
-0.0900199 -0.196965 0.0
-0.0708476 -0.158245 0.0
-0.051272 -0.113126 0.0
-0.0325487 -0.0643196 0.0
-0.0163996 -0.0173155 0.0
-0.00548721 0.0179735 0.0
-0.000648411 0.0313535 0.0
0.000407958 0.0275505 0.0
0.000178315 0.00875317 0.0
-0.00141678 -0.00192878 0.0
-0.00691105 0.00295782 0.0
-0.0157179 0.0147446 0.0
-0.025264 0.0289862 0.0
-0.0348562 0.043871 0.0
-0.0443352 0.0586916 0.0
-0.0536592 0.0731566 0.0
-0.0628067 0.0871261 0.0
-0.0717544 0.100507 0.0
-0.0804747 0.113222 0.0
-0.0889364 0.125198 0.0
-0.0971059 0.136369 0.0
-0.104949 0.146676 0.0
-0.112433 0.156068 0.0
-0.119525 0.164503 0.0
-0.126199 0.17195 0.0
-0.13243 0.178391 0.0
-0.138201 0.183818 0.0
-0.143497 0.188236 0.0
-0.148312 0.191662 0.0
-0.152642 0.194121 0.0
-0.15649 0.195649 0.0
-0.159864 0.19629 0.0
-0.162776 0.196096 0.0
-0.165243 0.195122 0.0
-0.167286 0.19343 0.0
-0.168928 0.191084 0.0
-0.170195 0.188151 0.0
-0.171118 0.184697 0.0
-0.171726 0.18079 0.0
-0.172052 0.176496 0.0
-0.172129 0.171879 0.0
-0.171992 0.166999 0.0
-0.171675 0.161915 0.0
-0.171209 0.15668 0.0
-0.170629 0.151343 0.0
-0.169964 0.145949 0.0
-0.169243 0.140537 0.0
-0.168491 0.135138 0.0
-0.167732 0.129782 0.0
-0.166985 0.12449 0.0
-0.166267 0.119279 0.0
-0.165588 0.114159 0.0
-0.164959 0.109138 0.0
-0.164385 0.10422 0.0
-0.163868 0.0994019 0.0
-0.163408 0.0946824 0.0
-0.163003 0.0900558 0.0
-0.162648 0.0855152 0.0
-0.162339 0.0810532 0.0
-0.162068 0.0766615 0.0
-0.161829 0.0723321 0.0
-0.161616 0.068057 0.0
-0.161421 0.0638285 0.0
-0.161239 0.0596396 0.0
-0.161062 0.0554839 0.0
-0.160886 0.0513555 0.0
-0.160705 0.0472489 0.0
-0.160516 0.0431595 0.0
-0.160313 0.0390828 0.0
-0.160096 0.0350148 0.0
-0.159859 0.0309519 0.0
-0.159602 0.0268907 0.0
-0.159322 0.0228278 0.0
-0.159018 0.0187603 0.0
-0.158689 0.014685 0.0
-0.158334 0.0105989 0.0
-0.157952 0.00649907 0.0
-0.157543 0.00238235 0.0
-0.157106 -0.00175458 0.0
-0.15664 -0.0059102 0.0
-0.156149 -0.0100927 0.0
-0.155631 -0.014305 0.0
-0.155086 -0.0185498 0.0
-0.154516 -0.0228296 0.0
-0.153921 -0.0271471 0.0
-0.153301 -0.0315046 0.0
-0.152658 -0.0359046 0.0
-0.151992 -0.0403493 0.0
-0.151305 -0.0448406 0.0
-0.150597 -0.0493806 0.0
-0.149871 -0.0539707 0.0
-0.149129 -0.0586125 0.0
-0.148371 -0.063307 0.0
-0.147602 -0.0680553 0.0
-0.146822 -0.0728582 0.0
-0.146037 -0.0777162 0.0
-0.145251 -0.0826302 0.0
-0.144467 -0.0876008 0.0
-0.143694 -0.0926295 0.0
-0.142939 -0.0977182 0.0
-0.142212 -0.10287 0.0
-0.141524 -0.108091 0.0
-0.140892 -0.113387 0.0
-0.140335 -0.118771 0.0
-0.139874 -0.124259 0.0
-0.139539 -0.129873 0.0
-0.139362 -0.135645 0.0
-0.139381 -0.141614 0.0
-0.139638 -0.147832 0.0
-0.140181 -0.154361 0.0
-0.141053 -0.161274 0.0
-0.142296 -0.168655 0.0
-0.14394 -0.176588 0.0
-0.145993 -0.185152 0.0
-0.148434 -0.194408 0.0
-0.151203 -0.20438 0.0
-0.154189 -0.215038 0.0
-0.157227 -0.226274 0.0
-0.160095 -0.237886 0.0
-0.162517 -0.249558 0.0
-0.164177 -0.260848 0.0
-0.164724 -0.271184 0.0
-0.163801 -0.279858 0.0
-0.161056 -0.286041 0.0
-0.156173 -0.288788 0.0
-0.148896 -0.287075 0.0
-0.139058 -0.279836 0.0
-0.126617 -0.266033 0.0
-0.111685 -0.244753 0.0
-0.0945745 -0.215363 0.0
-0.0758422 -0.177751 0.0
-0.0563412 -0.132697 0.0
-0.0372938 -0.0825191 0.0
-0.0204039 -0.0321551 0.0
-0.00797296 0.00946978 0.0
-0.00155471 0.0286001 0.0
0.000215022 0.0274778 0.0
0.000169541 0.00910102 0.0
-0.00148651 0.000974506 0.0
-0.00700543 0.0110677 0.0
-0.0157751 0.0242112 0.0
-0.0253549 0.0386455 0.0
-0.0349912 0.0534403 0.0
-0.0444929 0.068103 0.0
-0.0538091 0.0823854 0.0
-0.0629144 0.09615 0.0
-0.0717833 0.1093 0.0
-0.0803874 0.121754 0.0
-0.0886954 0.133436 0.0
-0.0966754 0.14428 0.0
-0.104295 0.154228 0.0
-0.111525 0.163229 0.0
-0.118338 0.171246 0.0
-0.124709 0.178252 0.0
-0.130621 0.184232 0.0
-0.13606 0.189185 0.0
-0.141016 0.193122 0.0
-0.145487 0.196062 0.0
-0.149473 0.198038 0.0
-0.152983 0.19909 0.0
-0.156026 0.199267 0.0
-0.15862 0.198625 0.0
-0.160782 0.197223 0.0
-0.162538 0.195126 0.0
-0.163911 0.192402 0.0
-0.164932 0.18912 0.0
-0.16563 0.185348 0.0
-0.166038 0.181156 0.0
-0.16619 0.176609 0.0
-0.16612 0.171773 0.0
-0.165862 0.166709 0.0
-0.16545 0.161475 0.0
-0.164918 0.156122 0.0
-0.164295 0.150698 0.0
-0.163613 0.145246 0.0
-0.162897 0.139802 0.0
-0.162171 0.134396 0.0
-0.161456 0.129051 0.0
-0.160768 0.123787 0.0
-0.16012 0.118615 0.0
-0.159521 0.113545 0.0
-0.158977 0.10858 0.0
-0.158491 0.103718 0.0
-0.158063 0.0989579 0.0
-0.15769 0.0942933 0.0
-0.157367 0.0897174 0.0
-0.157091 0.0852221 0.0
-0.156853 0.080799 0.0
-0.156647 0.0764395 0.0
-0.156467 0.0721354 0.0
-0.156305 0.0678787 0.0
-0.156156 0.0636622 0.0
-0.156012 0.0594793 0.0
-0.155868 0.0553241 0.0
-0.155721 0.0511913 0.0
-0.155564 0.0470762 0.0
-0.155396 0.0429744 0.0
-0.155213 0.0388823 0.0
-0.155012 0.0347963 0.0
-0.154791 0.0307132 0.0
-0.154548 0.02663 0.0
-0.154284 0.0225438 0.0
-0.153995 0.0184519 0.0
-0.153682 0.0143513 0.0
-0.153344 0.0102394 0.0
-0.15298 0.00611336 0.0
-0.152592 0.00197022 0.0
-0.152179 -0.00219326 0.0
-0.15174 -0.00637504 0.0
-0.151276 -0.0105834 0.0
-0.150787 -0.0148213 0.0
-0.150274 -0.0190911 0.0
-0.149737 -0.0233955 0.0
-0.149177 -0.0277368 0.0
-0.148594 -0.0321174 0.0
-0.14799 -0.0365397 0.0
-0.147364 -0.0410056 0.0
-0.146718 -0.0455173 0.0
-0.146053 -0.0500762 0.0
-0.14537 -0.054684 0.0
-0.144671 -0.0593418 0.0
-0.143955 -0.0640505 0.0
-0.143226 -0.0688107 0.0
-0.142485 -0.0736228 0.0
-0.141735 -0.0784869 0.0
-0.140978 -0.083403 0.0
-0.140219 -0.088371 0.0
-0.13946 -0.0933909 0.0
-0.138709 -0.0984633 0.0
-0.137972 -0.103589 0.0
-0.137259 -0.108772 0.0
-0.136581 -0.114016 0.0
-0.135953 -0.119328 0.0
-0.135394 -0.124721 0.0
-0.134928 -0.130213 0.0
-0.134583 -0.135828 0.0
-0.134394 -0.141601 0.0
-0.134402 -0.147578 0.0
-0.134655 -0.153819 0.0
-0.135203 -0.160396 0.0
-0.136096 -0.167397 0.0
-0.13738 -0.174918 0.0
-0.139089 -0.183061 0.0
-0.14123 -0.191917 0.0
-0.14378 -0.201554 0.0
-0.146663 -0.211995 0.0
-0.14975 -0.223192 0.0
-0.152848 -0.235002 0.0
-0.155701 -0.247165 0.0
-0.157998 -0.259284 0.0
-0.159383 -0.270814 0.0
-0.159476 -0.281058 0.0
-0.157893 -0.289169 0.0
-0.154274 -0.294162 0.0
-0.148308 -0.294943 0.0
-0.13977 -0.290344 0.0
-0.128547 -0.279189 0.0
-0.114686 -0.26039 0.0
-0.0984262 -0.233095 0.0
-0.0802569 -0.19692 0.0
-0.0609689 -0.152316 0.0
-0.0417304 -0.101186 0.0
-0.0241686 -0.0479406 0.0
-0.010238 -0.00110627 0.0
-0.00232668 0.0248466 0.0
6.07981e-05 0.0270741 0.0
0.00017021 0.00944077 0.0
-0.00147973 0.00394074 0.0
-0.00695106 0.0190917 0.0
-0.0156647 0.0336705 0.0
-0.0252245 0.0483258 0.0
-0.0348466 0.0630183 0.0
-0.044318 0.0774981 0.0
-0.0535788 0.0915674 0.0
-0.0625995 0.105094 0.0
-0.071353 0.117979 0.0
-0.0798103 0.130136 0.0
-0.0879406 0.141492 0.0
-0.0957135 0.151978 0.0
-0.103099 0.161537 0.0
-0.110071 0.170122 0.0
-0.116605 0.1777 0.0
-0.122682 0.184247 0.0
-0.128288 0.189754 0.0
-0.133411 0.194225 0.0
-0.138049 0.197675 0.0
-0.1422 0.20013 0.0
-0.145872 0.201627 0.0
-0.149073 0.202211 0.0
-0.151819 0.201935 0.0
-0.154128 0.200858 0.0
-0.156021 0.199045 0.0
-0.157525 0.196563 0.0
-0.158667 0.193482 0.0
-0.159478 0.189872 0.0
-0.15999 0.185806 0.0
-0.160236 0.181352 0.0
-0.160251 0.176579 0.0
-0.160069 0.171551 0.0
-0.159725 0.16633 0.0
-0.159252 0.16097 0.0
-0.158684 0.155525 0.0
-0.158049 0.150038 0.0
-0.157375 0.144551 0.0
-0.156688 0.139095 0.0
-0.156009 0.133697 0.0
-0.155353 0.128379 0.0
-0.154737 0.123154 0.0
-0.154168 0.118032 0.0
-0.153654 0.113016 0.0
-0.153197 0.108108 0.0
-0.152798 0.103304 0.0
-0.152454 0.0985992 0.0
-0.152161 0.0939856 0.0
-0.151913 0.0894551 0.0
-0.151704 0.0849989 0.0
-0.151528 0.080608 0.0
-0.151377 0.0762737 0.0
-0.151243 0.0719879 0.0
-0.151122 0.0677431 0.0
-0.151007 0.0635325 0.0
-0.150892 0.0593502 0.0
-0.150773 0.0551908 0.0
-0.150645 0.0510497 0.0
-0.150506 0.0469227 0.0
-0.150353 0.0428062 0.0
-0.150182 0.0386968 0.0
-0.149993 0.0345917 0.0
-0.149784 0.0304879 0.0
-0.149554 0.0263827 0.0
-0.149301 0.0222736 0.0
-0.149026 0.0181581 0.0
-0.148727 0.0140334 0.0
-0.148405 0.00989724 0.0
-0.14806 0.00574683 0.0
-0.147691 0.0015796 0.0
-0.1473 -0.00260699 0.0
-0.146886 -0.00681378 0.0
-0.146448 -0.0110464 0.0
-0.145988 -0.0153078 0.0
-0.145505 -0.0196007 0.0
-0.145 -0.0239275 0.0
-0.144474 -0.0282907 0.0
-0.143928 -0.0326926 0.0
-0.143362 -0.0371354 0.0
-0.142776 -0.0416212 0.0
-0.142172 -0.0461518 0.0
-0.141549 -0.0507289 0.0
-0.14091 -0.0553538 0.0
-0.140254 -0.0600276 0.0
-0.139583 -0.064751 0.0
-0.138898 -0.0695245 0.0
-0.138199 -0.0743482 0.0
-0.137489 -0.0792218 0.0
-0.13677 -0.0841447 0.0
-0.136042 -0.0891164 0.0
-0.13531 -0.0941359 0.0
-0.134577 -0.0992026 0.0
-0.133848 -0.104316 0.0
-0.133129 -0.109477 0.0
-0.132429 -0.114688 0.0
-0.131758 -0.119953 0.0
-0.131133 -0.125281 0.0
-0.13057 -0.130682 0.0
-0.130096 -0.136178 0.0
-0.129739 -0.141796 0.0
-0.129538 -0.147576 0.0
-0.129536 -0.15357 0.0
-0.129785 -0.159848 0.0
-0.130342 -0.166496 0.0
-0.131262 -0.173615 0.0
-0.132596 -0.181321 0.0
-0.134381 -0.18973 0.0
-0.136623 -0.198949 0.0
-0.139288 -0.209052 0.0
-0.142286 -0.220051 0.0
-0.145461 -0.231871 0.0
-0.148586 -0.244318 0.0
-0.151366 -0.257054 0.0
-0.153448 -0.269577 0.0
-0.154438 -0.281213 0.0
-0.153925 -0.291111 0.0
-0.151506 -0.298258 0.0
-0.146821 -0.301498 0.0
-0.139581 -0.299568 0.0
-0.12961 -0.29116 0.0
-0.116879 -0.275012 0.0
-0.101557 -0.250054 0.0
-0.084059 -0.215629 0.0
-0.0651017 -0.171853 0.0
-0.0457731 -0.120216 0.0
-0.0276077 -0.0646373 0.0
-0.0126698 -0.013278 0.0
-0.00355831 0.0199955 0.0
-0.000272788 0.0262523 0.0
0.000134719 0.0097457 0.0
-0.00144632 0.00686679 0.0
-0.00682532 0.027016 0.0
-0.0154357 0.0430702 0.0
-0.0249158 0.057966 0.0
-0.0344652 0.0725496 0.0
-0.0438543 0.0868273 0.0
-0.0530142 0.100659 0.0
-0.0619113 0.11392 0.0
-0.0705164 0.126511 0.0
-0.0787999 0.138345 0.0
-0.0867319 0.149346 0.0
-0.0942833 0.159448 0.0
-0.101427 0.168596 0.0
-0.108138 0.176746 0.0
-0.114398 0.183869 0.0
-0.120188 0.189946 0.0
-0.1255 0.194972 0.0
-0.130326 0.198957 0.0
-0.134666 0.201921 0.0
-0.138523 0.203894 0.0
-0.141906 0.204918 0.0
-0.144828 0.205044 0.0
-0.147307 0.204327 0.0
-0.149363 0.202831 0.0
-0.15102 0.200624 0.0
-0.152307 0.197775 0.0
-0.153252 0.194357 0.0
-0.153888 0.190443 0.0
-0.154247 0.186106 0.0
-0.154365 0.181416 0.0
-0.154276 0.176441 0.0
-0.154015 0.171246 0.0
-0.153615 0.165892 0.0
-0.153111 0.160432 0.0
-0.152534 0.154917 0.0
-0.151911 0.149389 0.0
-0.151268 0.143884 0.0
-0.150628 0.138434 0.0
-0.150008 0.133059 0.0
-0.149425 0.127778 0.0
-0.148886 0.1226 0.0
-0.148401 0.117532 0.0
-0.147972 0.112573 0.0
-0.1476 0.107722 0.0
-0.147283 0.102973 0.0
-0.147016 0.0983192 0.0
-0.146794 0.0937509 0.0
-0.146611 0.0892594 0.0
-0.14646 0.0848352 0.0
-0.146334 0.0804692 0.0
-0.146226 0.0761531 0.0
-0.14613 0.071879 0.0
-0.146039 0.06764 0.0
-0.145949 0.06343 0.0
-0.145855 0.0592436 0.0
-0.145753 0.0550762 0.0
-0.14564 0.0509237 0.0
-0.145513 0.0467825 0.0
-0.14537 0.0426497 0.0
-0.145209 0.0385222 0.0
-0.145029 0.0343975 0.0
-0.144829 0.030273 0.0
-0.144608 0.0261465 0.0
-0.144367 0.0220154 0.0
-0.144103 0.0178776 0.0
-0.143818 0.0137304 0.0
-0.143512 0.00957168 0.0
-0.143184 0.00539886 0.0
-0.142834 0.00120952 0.0
-0.142463 -0.00299866 0.0
-0.142072 -0.00722803 0.0
-0.141659 -0.0114827 0.0
-0.141225 -0.0157656 0.0
-0.140772 -0.0200794 0.0
-0.140299 -0.0244266 0.0
-0.139806 -0.0288097 0.0
-0.139295 -0.0332309 0.0
-0.138766 -0.0376925 0.0
-0.138219 -0.0421965 0.0
-0.137655 -0.0467446 0.0
-0.137075 -0.0513386 0.0
-0.136479 -0.0559797 0.0
-0.135867 -0.060669 0.0
-0.135241 -0.0654071 0.0
-0.1346 -0.0701944 0.0
-0.133946 -0.0750308 0.0
-0.13328 -0.0799159 0.0
-0.132601 -0.084849 0.0
-0.131912 -0.0898287 0.0
-0.131214 -0.0948538 0.0
-0.130509 -0.0999228 0.0
-0.1298 -0.105034 0.0
-0.129091 -0.110187 0.0
-0.128388 -0.115382 0.0
-0.127699 -0.120619 0.0
-0.127034 -0.125905 0.0
-0.126409 -0.131246 0.0
-0.125841 -0.136657 0.0
-0.125356 -0.142159 0.0
-0.124987 -0.147784 0.0
-0.124773 -0.153578 0.0
-0.124763 -0.159602 0.0
-0.125013 -0.165936 0.0
-0.125585 -0.172682 0.0
-0.126543 -0.179961 0.0
-0.127942 -0.187906 0.0
-0.129819 -0.196655 0.0
-0.132176 -0.206325 0.0
-0.134966 -0.21699 0.0
-0.138077 -0.228646 0.0
-0.141319 -0.241175 0.0
-0.144425 -0.254311 0.0
-0.147053 -0.26761 0.0
-0.148806 -0.280437 0.0
-0.149252 -0.291955 0.0
-0.147952 -0.301133 0.0
-0.144496 -0.306764 0.0
-0.138536 -0.3075 0.0
-0.129829 -0.301906 0.0
-0.118273 -0.288551 0.0
-0.103964 -0.266146 0.0
-0.0872378 -0.233761 0.0
-0.0687415 -0.191175 0.0
-0.0494986 -0.139466 0.0
-0.0310036 -0.0820478 0.0
-0.0153364 -0.0264725 0.0
-0.00504006 0.0137821 0.0
-0.000698677 0.0248387 0.0
8.63237e-05 0.00996674 0.0
-0.00139867 0.00971178 0.0
-0.00664897 0.0348003 0.0
-0.0151078 0.0523551 0.0
-0.024455 0.0675085 0.0
-0.0338801 0.0819816 0.0
-0.0431401 0.0960444 0.0
-0.0521581 0.10962 0.0
-0.0608963 0.122595 0.0
-0.0693237 0.134869 0.0
-0.0774102 0.146357 0.0
-0.0851264 0.156982 0.0
-0.0924447 0.166681 0.0
-0.0993399 0.175401 0.0
-0.105791 0.183103 0.0
-0.111779 0.18976 0.0
-0.117293 0.195359 0.0
-0.122324 0.199901 0.0
-0.12687 0.2034 0.0
-0.130932 0.20588 0.0
-0.134517 0.207377 0.0
-0.137637 0.207938 0.0
-0.140308 0.207616 0.0
-0.142548 0.206473 0.0
-0.144381 0.204574 0.0
-0.145834 0.201991 0.0
-0.146935 0.198795 0.0
-0.147715 0.195062 0.0
-0.148207 0.190866 0.0
-0.148446 0.186281 0.0
-0.148466 0.181378 0.0
-0.148302 0.176226 0.0
-0.14799 0.170888 0.0
-0.147562 0.165423 0.0
-0.147052 0.159885 0.0
-0.146487 0.154321 0.0
-0.145895 0.14877 0.0
-0.145299 0.143265 0.0
-0.144719 0.137833 0.0
-0.14417 0.132492 0.0
-0.143663 0.127255 0.0
-0.143207 0.122129 0.0
-0.142805 0.117116 0.0
-0.142458 0.112213 0.0
-0.142165 0.107417 0.0
-0.141922 0.102718 0.0
-0.141724 0.0981092 0.0
-0.141564 0.0935795 0.0
-0.141436 0.0891198 0.0
-0.141333 0.0847204 0.0
-0.141247 0.0803724 0.0
-0.141173 0.0760679 0.0
-0.141105 0.0717995 0.0
-0.141037 0.0675611 0.0
-0.140965 0.0633471 0.0
-0.140886 0.0591529 0.0
-0.140795 0.0549745 0.0
-0.140692 0.0508084 0.0
-0.140573 0.0466517 0.0
-0.140437 0.0425016 0.0
-0.140283 0.0383556 0.0
-0.14011 0.0342115 0.0
-0.139918 0.030067 0.0
-0.139706 0.02592 0.0
-0.139474 0.0217682 0.0
-0.139222 0.0176095 0.0
-0.13895 0.0134415 0.0
-0.138658 0.00926195 0.0
-0.138346 0.00506853 0.0
-0.138015 0.000858888 0.0
-0.137664 -0.00336933 0.0
-0.137294 -0.00761887 0.0
-0.136906 -0.0118934 0.0
-0.136498 -0.0161957 0.0
-0.136073 -0.0205284 0.0
-0.13563 -0.024894 0.0
-0.13517 -0.029295 0.0
-0.134692 -0.0337337 0.0
-0.134199 -0.0382123 0.0
-0.13369 -0.0427327 0.0
-0.133165 -0.0472968 0.0
-0.132626 -0.0519063 0.0
-0.132072 -0.0565624 0.0
-0.131503 -0.0612662 0.0
-0.130921 -0.0660185 0.0
-0.130325 -0.0708194 0.0
-0.129716 -0.0756691 0.0
-0.129093 -0.0805668 0.0
-0.128458 -0.0855118 0.0
-0.127811 -0.0905026 0.0
-0.127151 -0.0955375 0.0
-0.126481 -0.100614 0.0
-0.125801 -0.105731 0.0
-0.125114 -0.110886 0.0
-0.124424 -0.116076 0.0
-0.123734 -0.121303 0.0
-0.123054 -0.126567 0.0
-0.122392 -0.131872 0.0
-0.121763 -0.137227 0.0
-0.121188 -0.142649 0.0
-0.120691 -0.14816 0.0
-0.120309 -0.153799 0.0
-0.120084 -0.159616 0.0
-0.120069 -0.165686 0.0
-0.120327 -0.172101 0.0
-0.120927 -0.178983 0.0
-0.121938 -0.186474 0.0
-0.12342 -0.194729 0.0
-0.125408 -0.203905 0.0
-0.127898 -0.21413 0.0
-0.130822 -0.225472 0.0
-0.134037 -0.237893 0.0
-0.137313 -0.251212 0.0
-0.140332 -0.265061 0.0
-0.142703 -0.278861 0.0
-0.143983 -0.291806 0.0
-0.143702 -0.302863 0.0
-0.141405 -0.310787 0.0
-0.136689 -0.314153 0.0
-0.129241 -0.311408 0.0
-0.11889 -0.300956 0.0
-0.105651 -0.281291 0.0
-0.0897861 -0.251207 0.0
-0.0718674 -0.210143 0.0
-0.0528534 -0.158754 0.0
-0.0341843 -0.0999235 0.0
-0.0178804 -0.0405678 0.0
-0.00639903 0.00609974 0.0
-0.00102375 0.0228044 0.0
6.96065e-05 0.0101227 0.0
-0.00133976 0.0124502 0.0
-0.00642902 0.0424014 0.0
-0.0146924 0.061476 0.0
-0.0238613 0.0769038 0.0
-0.0331181 0.0912682 0.0
-0.0422087 0.105108 0.0
-0.051049 0.118414 0.0
-0.0595977 0.131087 0.0
-0.0678221 0.143029 0.0
-0.0756916 0.154153 0.0
-0.0831775 0.164388 0.0
-0.0902536 0.17367 0.0
-0.0968965 0.181951 0.0
-0.103087 0.189195 0.0
-0.108811 0.19538 0.0
-0.114057 0.200499 0.0
-0.118821 0.204557 0.0
-0.123102 0.207572 0.0
-0.126906 0.209574 0.0
-0.130242 0.210604 0.0
-0.133123 0.210712 0.0
-0.135567 0.209957 0.0
-0.137596 0.208402 0.0
-0.139234 0.206117 0.0
-0.140511 0.203176 0.0
-0.141454 0.199654 0.0
-0.142098 0.195627 0.0
-0.142475 0.191171 0.0
-0.142621 0.186361 0.0
-0.142571 0.181268 0.0
-0.142359 0.175961 0.0
-0.142021 0.170502 0.0
-0.141587 0.164949 0.0
-0.14109 0.159352 0.0
-0.140556 0.153756 0.0
-0.14001 0.148197 0.0
-0.139473 0.142705 0.0
-0.138961 0.137301 0.0
-0.138487 0.132 0.0
-0.13806 0.126812 0.0
-0.137685 0.121739 0.0
-0.137362 0.116781 0.0
-0.137093 0.111932 0.0
-0.136872 0.107185 0.0
-0.136695 0.102531 0.0
-0.136557 0.0979599 0.0
-0.136449 0.0934618 0.0
-0.136366 0.0890265 0.0
-0.136301 0.0846449 0.0
-0.136247 0.0803084 0.0
-0.136199 0.0760095 0.0
-0.136151 0.0717417 0.0
-0.1361 0.0674994 0.0
-0.136041 0.0632779 0.0
-0.135971 0.0590731 0.0
-0.135889 0.0548816 0.0
-0.135791 0.0507006 0.0
-0.135678 0.0465274 0.0
-0.135548 0.0423597 0.0
-0.1354 0.0381955 0.0
-0.135233 0.0340325 0.0
-0.135048 0.0298689 0.0
-0.134845 0.0257025 0.0
-0.134622 0.0215314 0.0
-0.134381 0.0173532 0.0
-0.134121 0.013166 0.0
-0.133844 0.00896744 0.0
-0.133548 0.00475522 0.0
-0.133234 0.000527048 0.0
-0.132903 -0.00371938 0.0
-0.132554 -0.00798704 0.0
-0.132189 -0.0122794 0.0
-0.131807 -0.0165991 0.0
-0.131408 -0.0209488 0.0
-0.130994 -0.0253309 0.0
-0.130565 -0.029748 0.0
-0.13012 -0.0342024 0.0
-0.129661 -0.0386961 0.0
-0.129188 -0.0432313 0.0
-0.1287 -0.0478099 0.0
-0.1282 -0.0524334 0.0
-0.127686 -0.0571033 0.0
-0.127159 -0.0618206 0.0
-0.12662 -0.0665861 0.0
-0.126067 -0.0714002 0.0
-0.125502 -0.0762629 0.0
-0.124924 -0.0811736 0.0
-0.124332 -0.0861315 0.0
-0.123728 -0.0911351 0.0
-0.12311 -0.0961824 0.0
-0.122478 -0.101271 0.0
-0.121834 -0.106399 0.0
-0.121177 -0.111562 0.0
-0.12051 -0.116758 0.0
-0.119834 -0.121986 0.0
-0.119155 -0.127244 0.0
-0.118479 -0.132533 0.0
-0.117816 -0.137858 0.0
-0.117182 -0.143228 0.0
-0.116596 -0.148662 0.0
-0.116087 -0.154188 0.0
-0.115692 -0.159847 0.0
-0.115458 -0.165703 0.0
-0.115446 -0.171839 0.0
-0.115722 -0.178369 0.0
-0.116365 -0.185434 0.0
-0.117449 -0.193202 0.0
-0.119037 -0.201855 0.0
-0.121161 -0.211567 0.0
-0.123801 -0.222471 0.0
-0.126862 -0.234617 0.0
-0.130161 -0.247913 0.0
-0.133417 -0.262084 0.0
-0.136256 -0.276627 0.0
-0.138232 -0.290784 0.0
-0.138856 -0.303541 0.0
-0.137633 -0.313628 0.0
-0.134105 -0.319557 0.0
-0.127895 -0.319663 0.0
-0.118758 -0.31219 0.0
-0.106633 -0.295421 0.0
-0.091701 -0.267873 0.0
-0.0744568 -0.22864 0.0
-0.0557845 -0.177944 0.0
-0.0370555 -0.118132 0.0
-0.020225 -0.0554938 0.0
-0.00765956 -0.00302111 0.0
-0.00131669 0.0202071 0.0
5.88227e-05 0.0102511 0.0
-0.00127094 0.0150609 0.0
-0.00617011 0.0497792 0.0
-0.0141993 0.0703908 0.0
-0.0231513 0.0861101 0.0
-0.032203 0.10037 0.0
-0.0410898 0.113984 0.0
-0.0497221 0.127012 0.0
-0.0580551 0.139371 0.0
-0.066055 0.150968 0.0
-0.073691 0.161719 0.0
-0.0809349 0.171552 0.0
-0.0877617 0.180408 0.0
-0.0941499 0.188243 0.0
-0.100082 0.195025 0.0
-0.105547 0.200737 0.0
-0.110535 0.205376 0.0
-0.115045 0.208953 0.0
-0.119079 0.21149 0.0
-0.122643 0.213023 0.0
-0.125749 0.213597 0.0
-0.128413 0.213265 0.0
-0.130655 0.21209 0.0
-0.132497 0.21014 0.0
-0.133967 0.207487 0.0
-0.135092 0.204208 0.0
-0.135905 0.200379 0.0
-0.136439 0.196079 0.0
-0.136727 0.191385 0.0
-0.136805 0.186372 0.0
-0.136708 0.181111 0.0
-0.136471 0.17567 0.0
-0.136126 0.17011 0.0
-0.135705 0.164487 0.0
-0.135238 0.158848 0.0
-0.134748 0.153236 0.0
-0.134258 0.147682 0.0
-0.133787 0.142212 0.0
-0.133349 0.136843 0.0
-0.132952 0.131587 0.0
-0.132603 0.126449 0.0
-0.132305 0.121429 0.0
-0.132058 0.116522 0.0
-0.131858 0.111721 0.0
-0.131702 0.107018 0.0
-0.131583 0.102402 0.0
-0.131494 0.097862 0.0
-0.13143 0.0933882 0.0
-0.131384 0.0889706 0.0
-0.131349 0.0846004 0.0
-0.131319 0.0802695 0.0
-0.13129 0.0759711 0.0
-0.131257 0.0716996 0.0
-0.131217 0.0674499 0.0
-0.131167 0.063218 0.0
-0.131104 0.0590006 0.0
-0.131027 0.0547947 0.0
-0.130935 0.0505979 0.0
-0.130826 0.046408 0.0
-0.1307 0.042223 0.0
-0.130557 0.038041 0.0
-0.130397 0.03386 0.0
-0.130218 0.0296783 0.0
-0.130023 0.0254938 0.0
-0.12981 0.0213047 0.0
-0.12958 0.0171087 0.0
-0.129333 0.0129039 0.0
-0.129069 0.00868791 0.0
-0.128789 0.00445859 0.0
-0.128492 0.000213619 0.0
-0.12818 -0.00404921 0.0
-0.127853 -0.00833315 0.0
-0.12751 -0.0126415 0.0
-0.127152 -0.0169768 0.0
-0.12678 -0.0213417 0.0
-0.126394 -0.0257387 0.0
-0.125993 -0.0301701 0.0
-0.12558 -0.0346385 0.0
-0.125153 -0.0391458 0.0
-0.124714 -0.0436943 0.0
-0.124262 -0.0482857 0.0
-0.123799 -0.0529218 0.0
-0.123323 -0.0576041 0.0
-0.122836 -0.0623337 0.0
-0.122337 -0.0671115 0.0
-0.121826 -0.071938 0.0
-0.121303 -0.0768131 0.0
-0.120768 -0.0817367 0.0
-0.12022 -0.0867078 0.0
-0.119659 -0.0917249 0.0
-0.119083 -0.0967862 0.0
-0.118493 -0.101889 0.0
-0.117887 -0.107031 0.0
-0.117265 -0.112208 0.0
-0.116628 -0.117417 0.0
-0.115976 -0.122655 0.0
-0.115311 -0.127919 0.0
-0.114638 -0.133207 0.0
-0.113963 -0.138521 0.0
-0.113296 -0.143866 0.0
-0.112653 -0.149254 0.0
-0.112055 -0.154704 0.0
-0.111533 -0.160249 0.0
-0.111127 -0.16594 0.0
-0.11089 -0.171851 0.0
-0.110889 -0.178082 0.0
-0.111198 -0.184768 0.0
-0.111904 -0.192078 0.0
-0.113087 -0.200208 0.0
-0.114809 -0.209367 0.0
-0.117093 -0.219747 0.0
-0.119897 -0.231476 0.0
-0.123088 -0.244563 0.0
-0.126433 -0.258835 0.0
-0.129588 -0.273883 0.0
-0.132117 -0.289023 0.0
-0.13352 -0.303275 0.0
-0.13327 -0.315367 0.0
-0.13086 -0.323757 0.0
-0.125849 -0.326683 0.0
-0.11792 -0.322236 0.0
-0.106934 -0.308487 0.0
-0.0929906 -0.283682 0.0
-0.0765024 -0.246564 0.0
-0.0582727 -0.196922 0.0
-0.0395919 -0.136564 0.0
-0.0223426 -0.0711418 0.0
-0.00900701 -0.0132741 0.0
-0.00184777 0.016958 0.0
-1.6492e-05 0.0102934 0.0
-0.00119356 0.0175254 0.0
-0.00587705 0.0568973 0.0
-0.013638 0.0790627 0.0
-0.0223402 0.0950924 0.0
-0.0311557 0.109255 0.0
-0.0398103 0.12264 0.0
-0.048209 0.135386 0.0
-0.0563046 0.147426 0.0
-0.0640622 0.158671 0.0
-0.0714511 0.169041 0.0
-0.0784438 0.178467 0.0
-0.0850164 0.186893 0.0
-0.0911491 0.19428 0.0
-0.0968266 0.200599 0.0
-0.102038 0.20584 0.0
-0.106779 0.210003 0.0
-0.111047 0.213105 0.0
-0.114848 0.215173 0.0
-0.11819 0.216247 0.0
-0.121086 0.216376 0.0
-0.123554 0.215618 0.0
-0.125615 0.21404 0.0
-0.127294 0.211712 0.0
-0.128618 0.208709 0.0
-0.129616 0.20511 0.0
-0.130322 0.200995 0.0
-0.130769 0.196443 0.0
-0.13099 0.191531 0.0
-0.131022 0.186335 0.0
-0.130899 0.180927 0.0
-0.130655 0.175372 0.0
-0.130321 0.169729 0.0
-0.129927 0.164053 0.0
-0.129501 0.158388 0.0
-0.129065 0.152771 0.0
-0.128639 0.147231 0.0
-0.128238 0.14179 0.0
-0.127874 0.136461 0.0
-0.127553 0.131252 0.0
-0.12728 0.126163 0.0
-0.127054 0.121192 0.0
-0.126875 0.116332 0.0
-0.126738 0.111574 0.0
-0.126637 0.106908 0.0
-0.126567 0.102323 0.0
-0.126521 0.0978069 0.0
-0.126492 0.0933506 0.0
-0.126475 0.0889443 0.0
-0.126463 0.0845796 0.0
-0.126451 0.0802493 0.0
-0.126436 0.0759473 0.0
-0.126414 0.0716685 0.0
-0.126382 0.0674088 0.0
-0.126338 0.0631647 0.0
-0.12628 0.0589333 0.0
-0.126207 0.0547122 0.0
-0.126119 0.0504994 0.0
-0.126014 0.0462929 0.0
-0.125892 0.0420911 0.0
-0.125754 0.037892 0.0
-0.1256 0.033694 0.0
-0.125429 0.0294953 0.0
-0.125242 0.0252941 0.0
-0.125039 0.0210883 0.0
-0.12482 0.016876 0.0
-0.124585 0.0126551 0.0
-0.124336 0.00842334 0.0
-0.124071 0.00417852 0.0
-0.123792 -8.16563e-05 0.0
-0.123499 -0.00435919 0.0
-0.123192 -0.0086578 0.0
-0.122871 -0.0129804 0.0
-0.122537 -0.0173298 0.0
-0.12219 -0.0217083 0.0
-0.12183 -0.0261185 0.0
-0.121457 -0.0305628 0.0
-0.121073 -0.0350436 0.0
-0.120677 -0.0395631 0.0
-0.12027 -0.0441233 0.0
-0.119853 -0.0487262 0.0
-0.119424 -0.0533736 0.0
-0.118985 -0.058067 0.0
-0.118535 -0.0628077 0.0
-0.118075 -0.0675967 0.0
-0.117604 -0.0724346 0.0
-0.117121 -0.0773215 0.0
-0.116627 -0.0822574 0.0
-0.116121 -0.0872414 0.0
-0.115602 -0.0922723 0.0
-0.115068 -0.0973482 0.0
-0.114519 -0.102467 0.0
-0.113953 -0.107625 0.0
-0.113369 -0.112819 0.0
-0.112767 -0.118046 0.0
-0.112145 -0.1233 0.0
-0.111505 -0.128578 0.0
-0.110847 -0.133878 0.0
-0.110176 -0.139196 0.0
-0.109498 -0.144536 0.0
-0.108823 -0.149902 0.0
-0.108168 -0.155308 0.0
-0.107557 -0.160778 0.0
-0.107022 -0.166352 0.0
-0.106609 -0.172089 0.0
-0.106377 -0.178078 0.0
-0.106399 -0.184441 0.0
-0.106761 -0.191338 0.0
-0.107555 -0.198972 0.0
-0.108865 -0.207571 0.0
-0.110752 -0.217373 0.0
-0.11322 -0.228578 0.0
-0.116195 -0.241294 0.0
-0.119494 -0.25546 0.0
-0.122817 -0.270779 0.0
-0.125753 -0.286661 0.0
-0.127802 -0.302185 0.0
-0.128412 -0.316096 0.0
-0.127034 -0.326817 0.0
-0.123167 -0.3325 0.0
-0.116425 -0.331091 0.0
-0.106587 -0.320456 0.0
-0.0936742 -0.298569 0.0
-0.078013 -0.263826 0.0
-0.0603262 -0.215577 0.0
-0.0418307 -0.155085 0.0
-0.0243561 -0.087344 0.0
-0.0104093 -0.0243543 0.0
-0.00245166 0.0129214 0.0
-0.000114914 0.010162 0.0
-0.0011092 0.0198282 0.0
-0.00555505 0.0637239 0.0
-0.0130181 0.0874602 0.0
-0.0214423 0.103821 0.0
-0.0299956 0.117895 0.0
-0.0383945 0.131054 0.0
-0.0465385 0.143515 0.0
-0.0543788 0.155233 0.0
-0.0618798 0.166123 0.0
-0.069011 0.176109 0.0
-0.0757455 0.185126 0.0
-0.0820608 0.193122 0.0
-0.0879384 0.200061 0.0
-0.0933645 0.205921 0.0
-0.0983306 0.210695 0.0
-0.102833 0.21439 0.0
-0.106872 0.217026 0.0
-0.110454 0.218635 0.0
-0.11359 0.219262 0.0
-0.116294 0.218961 0.0
-0.118586 0.217793 0.0
-0.120486 0.215827 0.0
-0.122022 0.213139 0.0
-0.123221 0.209805 0.0
-0.124114 0.205906 0.0
-0.124734 0.201525 0.0
-0.125113 0.19674 0.0
-0.125288 0.191631 0.0
-0.125293 0.186272 0.0
-0.12516 0.180735 0.0
-0.124924 0.175083 0.0
-0.124615 0.169374 0.0
-0.12426 0.163659 0.0
-0.123884 0.157979 0.0
-0.123508 0.152368 0.0
-0.123149 0.146849 0.0
-0.122819 0.141442 0.0
-0.122528 0.136154 0.0
-0.12228 0.13099 0.0
-0.122077 0.125948 0.0
-0.121918 0.121022 0.0
-0.121799 0.116204 0.0
-0.121717 0.111482 0.0
-0.121664 0.106847 0.0
-0.121635 0.102285 0.0
-0.121623 0.0977867 0.0
-0.121623 0.0933416 0.0
-0.121628 0.0889409 0.0
-0.121634 0.0845769 0.0
-0.121636 0.080243 0.0
-0.121632 0.075934 0.0
-0.121617 0.0716454 0.0
-0.121591 0.0673737 0.0
-0.121551 0.0631159 0.0
-0.121497 0.0588698 0.0
-0.121428 0.0546333 0.0
-0.121342 0.0504046 0.0
-0.121242 0.046182 0.0
-0.121125 0.0419639 0.0
-0.120992 0.0377487 0.0
-0.120844 0.0335348 0.0
-0.120681 0.0293204 0.0
-0.120503 0.0251036 0.0
-0.12031 0.0208827 0.0
-0.120103 0.0166555 0.0
-0.119881 0.0124199 0.0
-0.119646 0.00817383 0.0
-0.119398 0.00391499 0.0
-0.119136 -0.000358903 0.0
-0.118861 -0.00464974 0.0
-0.118574 -0.00896153 0.0
-0.118275 -0.0132971 0.0
-0.117963 -0.0176589 0.0
-0.11764 -0.0220497 0.0
-0.117305 -0.0264717 0.0
-0.11696 -0.0309275 0.0
-0.116603 -0.0354194 0.0
-0.116237 -0.0399496 0.0
-0.11586 -0.0445203 0.0
-0.115474 -0.0491334 0.0
-0.115079 -0.0537908 0.0
-0.114673 -0.0584942 0.0
-0.114259 -0.0632448 0.0
-0.113835 -0.0680439 0.0
-0.113401 -0.0728921 0.0
-0.112958 -0.07779 0.0
-0.112503 -0.0827374 0.0
-0.112037 -0.0877339 0.0
-0.111558 -0.0927783 0.0
-0.111065 -0.097869 0.0
-0.110556 -0.103004 0.0
-0.110031 -0.10818 0.0
-0.109486 -0.113393 0.0
-0.108921 -0.118639 0.0
-0.108334 -0.123915 0.0
-0.107724 -0.129214 0.0
-0.107091 -0.134533 0.0
-0.106435 -0.139868 0.0
-0.105762 -0.145216 0.0
-0.105076 -0.150581 0.0
-0.104391 -0.15597 0.0
-0.103722 -0.161397 0.0
-0.103096 -0.166894 0.0
-0.102551 -0.172506 0.0
-0.102136 -0.178308 0.0
-0.101919 -0.184406 0.0
-0.101982 -0.190948 0.0
-0.102421 -0.19813 0.0
-0.103333 -0.206189 0.0
-0.104807 -0.215394 0.0
-0.10689 -0.226006 0.0
-0.109561 -0.238221 0.0
-0.112698 -0.252097 0.0
-0.116054 -0.267463 0.0
-0.119253 -0.283842 0.0
-0.121809 -0.3004 0.0
-0.123158 -0.315921 0.0
-0.122713 -0.328815 0.0
-0.119923 -0.337159 0.0
-0.114329 -0.338768 0.0
-0.105636 -0.331309 0.0
-0.093779 -0.312486 0.0
-0.0790024 -0.280347 0.0
-0.0619462 -0.233799 0.0
-0.0437521 -0.173553 0.0
-0.0261875 -0.103916 0.0
-0.0117307 -0.0361862 0.0
-0.00301338 0.00807835 0.0
-0.000196085 0.00985103 0.0
-0.00101949 0.0219569 0.0
-0.0052094 0.0702309 0.0
-0.0123489 0.0955558 0.0
-0.020471 0.112272 0.0
-0.0287407 0.126267 0.0
-0.0368643 0.139204 0.0
-0.0447367 0.151382 0.0
-0.0523073 0.162777 0.0
-0.0595403 0.173313 0.0
-0.0664056 0.182916 0.0
-0.0728772 0.191525 0.0
-0.0789334 0.199094 0.0
-0.0845574 0.20559 0.0
-0.0897367 0.210997 0.0
-0.0944642 0.215313 0.0
-0.0987375 0.218548 0.0
-0.102559 0.220729 0.0
-0.105937 0.221892 0.0
-0.108882 0.222086 0.0
-0.111411 0.221369 0.0
-0.113543 0.219807 0.0
-0.115301 0.217472 0.0
-0.116713 0.214441 0.0
-0.117806 0.210795 0.0
-0.118612 0.206616 0.0
-0.119164 0.201987 0.0
-0.119495 0.196989 0.0
-0.119639 0.191701 0.0
-0.119632 0.186198 0.0
-0.119504 0.180549 0.0
-0.119288 0.174817 0.0
-0.119013 0.169056 0.0
-0.118705 0.163314 0.0
-0.118385 0.157629 0.0
-0.118072 0.152029 0.0
-0.117781 0.146537 0.0
-0.117522 0.141165 0.0
-0.117301 0.135919 0.0
-0.117121 0.130798 0.0
-0.116983 0.125799 0.0
-0.116883 0.120913 0.0
-0.116818 0.11613 0.0
-0.116783 0.111438 0.0
-0.11677 0.106826 0.0
-0.116775 0.102282 0.0
-0.116792 0.0977946 0.0
-0.116814 0.0933552 0.0
-0.116836 0.0889552 0.0
-0.116856 0.0845878 0.0
-0.116868 0.080247 0.0
-0.116871 0.0759283 0.0
-0.116863 0.071628 0.0
-0.116841 0.067343 0.0
-0.116805 0.0630709 0.0
-0.116754 0.0588098 0.0
-0.116688 0.0545579 0.0
-0.116606 0.0503136 0.0
-0.11651 0.0460755 0.0
-0.116398 0.0418421 0.0
-0.116272 0.0376118 0.0
-0.116131 0.0333831 0.0
-0.115976 0.0291541 0.0
-0.115808 0.0249231 0.0
-0.115626 0.0206882 0.0
-0.11543 0.0164474 0.0
-0.115222 0.0121986 0.0
-0.115002 0.00793951 0.0
-0.114769 0.003668 0.0
-0.114525 -0.000618257 0.0
-0.114268 -0.00492118 0.0
-0.114001 -0.00924485 0.0
-0.113722 -0.013592 0.0
-0.113432 -0.0179651 0.0
-0.113132 -0.0223668 0.0
-0.112822 -0.0267994 0.0
-0.112502 -0.0312655 0.0
-0.112172 -0.0357672 0.0
-0.111834 -0.040307 0.0
-0.111486 -0.044887 0.0
-0.11113 -0.0495091 0.0
-0.110765 -0.0541754 0.0
-0.110392 -0.0588876 0.0
-0.110011 -0.0636471 0.0
-0.109621 -0.0684552 0.0
-0.109223 -0.0733129 0.0
-0.108815 -0.0782207 0.0
-0.108398 -0.0831789 0.0
-0.107969 -0.0881871 0.0
-0.107529 -0.0932445 0.0
-0.107075 -0.0983497 0.0
-0.106606 -0.103501 0.0
-0.10612 -0.108694 0.0
-0.105615 -0.113928 0.0
-0.105088 -0.119196 0.0
-0.104537 -0.124495 0.0
-0.103961 -0.12982 0.0
-0.103358 -0.135164 0.0
-0.102728 -0.140523 0.0
-0.10207 -0.145892 0.0
-0.10139 -0.151271 0.0
-0.100693 -0.156662 0.0
-0.0999932 -0.162074 0.0
-0.0993089 -0.167527 0.0
-0.0986697 -0.173057 0.0
-0.0981178 -0.178723 0.0
-0.0977108 -0.184614 0.0
-0.0975242 -0.190863 0.0
-0.0976507 -0.19765 0.0
-0.0981955 -0.205211 0.0
-0.0992636 -0.21383 0.0
-0.100938 -0.223812 0.0
-0.103246 -0.235435 0.0
-0.106127 -0.248866 0.0
-0.109394 -0.264071 0.0
-0.11272 -0.280708 0.0
-0.115644 -0.298054 0.0
-0.117604 -0.314958 0.0
-0.117988 -0.329839 0.0
-0.116192 -0.340721 0.0
-0.111696 -0.345296 0.0
-0.104127 -0.341042 0.0
-0.0933384 -0.325398 0.0
-0.0794888 -0.296061 0.0
-0.0631341 -0.251495 0.0
-0.0453364 -0.191848 0.0
-0.027794 -0.120727 0.0
-0.012949 -0.0486765 0.0
-0.00352058 0.00242283 0.0
-0.000243134 0.00941181 0.0
-0.000926045 0.0239024 0.0
-0.00484528 0.0763945 0.0
-0.0116394 0.103326 0.0
-0.0194389 0.120423 0.0
-0.027407 0.134354 0.0
-0.0352396 0.147074 0.0
-0.0428268 0.158971 0.0
-0.0501165 0.170047 0.0
-0.0570728 0.180232 0.0
-0.0636663 0.189456 0.0
-0.0698719 0.197663 0.0
-0.0756689 0.20481 0.0
-0.0810416 0.210871 0.0
-0.085979 0.215833 0.0
-0.0904752 0.2197 0.0
-0.0945292 0.222488 0.0
-0.0981449 0.224226 0.0
-0.101331 0.224958 0.0
-0.104099 0.224734 0.0
-0.106467 0.223618 0.0
-0.108456 0.221679 0.0
-0.110089 0.218992 0.0
-0.111393 0.215636 0.0
-0.112397 0.211696 0.0
-0.113133 0.207256 0.0
-0.113632 0.202398 0.0
-0.11393 0.197206 0.0
-0.114058 0.191757 0.0
-0.114051 0.186127 0.0
-0.113939 0.180382 0.0
-0.113754 0.174583 0.0
-0.11352 0.168782 0.0
-0.113263 0.163023 0.0
-0.113002 0.157339 0.0
-0.112754 0.151758 0.0
-0.11253 0.146294 0.0
-0.112338 0.140957 0.0
-0.112183 0.13575 0.0
-0.112066 0.13067 0.0
-0.111986 0.125709 0.0
-0.111938 0.120857 0.0
-0.11192 0.116103 0.0
-0.111924 0.111434 0.0
-0.111946 0.106839 0.0
-0.111979 0.102306 0.0
-0.112018 0.0978249 0.0
-0.112057 0.0933864 0.0
-0.112094 0.0889832 0.0
-0.112123 0.0846089 0.0
-0.112144 0.0802587 0.0
-0.112152 0.0759284 0.0
-0.112148 0.071615 0.0
-0.11213 0.0673159 0.0
-0.112097 0.0630292 0.0
-0.11205 0.0587531 0.0
-0.111988 0.0544861 0.0
-0.111911 0.050227 0.0
-0.111819 0.0459742 0.0
-0.111713 0.0417263 0.0
-0.111594 0.037482 0.0
-0.111461 0.0332395 0.0
-0.111316 0.0289971 0.0
-0.111157 0.0247531 0.0
-0.110987 0.0205055 0.0
-0.110804 0.0162523 0.0
-0.11061 0.0119914 0.0
-0.110404 0.00772052 0.0
-0.110187 0.00343753 0.0
-0.10996 -0.000859912 0.0
-0.109721 -0.00517381 0.0
-0.109473 -0.0095082 0.0
-0.109215 -0.0138658 0.0
-0.108946 -0.0182491 0.0
-0.108669 -0.0226606 0.0
-0.108382 -0.0271027 0.0
-0.108086 -0.0315779 0.0
-0.107782 -0.0360885 0.0
-0.10747 -0.0406368 0.0
-0.107149 -0.045225 0.0
-0.106822 -0.0498552 0.0
-0.106486 -0.0545294 0.0
-0.106144 -0.0592493 0.0
-0.105793 -0.0640167 0.0
-0.105436 -0.0688329 0.0
-0.105071 -0.073699 0.0
-0.104697 -0.0786159 0.0
-0.104314 -0.0835839 0.0
-0.103922 -0.0886031 0.0
-0.103518 -0.0936727 0.0
-0.103101 -0.0987918 0.0
-0.10267 -0.103959 0.0
-0.102222 -0.10917 0.0
-0.101755 -0.114424 0.0
-0.101267 -0.119715 0.0
-0.100754 -0.12504 0.0
-0.100214 -0.130391 0.0
-0.0996451 -0.135765 0.0
-0.0990444 -0.141153 0.0
-0.0984116 -0.146552 0.0
-0.0977476 -0.151956 0.0
-0.0970561 -0.157365 0.0
-0.0963451 -0.162782 0.0
-0.0956284 -0.16822 0.0
-0.0949281 -0.173704 0.0
-0.094278 -0.179278 0.0
-0.0937263 -0.185018 0.0
-0.0933393 -0.191034 0.0
-0.0932029 -0.19749 0.0
-0.0934215 -0.204609 0.0
-0.0941098 -0.212677 0.0
-0.095375 -0.222026 0.0
-0.0972878 -0.232999 0.0
-0.099843 -0.245866 0.0
-0.102919 -0.260729 0.0
-0.106246 -0.277397 0.0
-0.109406 -0.295281 0.0
-0.111849 -0.313327 0.0
-0.112946 -0.32999 0.0
-0.112054 -0.343258 0.0
-0.108593 -0.350718 0.0
-0.102115 -0.349667 0.0
-0.0923921 -0.337284 0.0
-0.079497 -0.31092 0.0
-0.0638991 -0.268589 0.0
-0.0465765 -0.209875 0.0
-0.0291488 -0.137671 0.0
-0.0140046 -0.0617217 0.0
-0.00398341 -0.00398152 0.0
-0.000306688 0.00886199 0.0
-0.000830362 0.0256588 0.0
-0.00446758 0.0821946 0.0
-0.0108979 0.11075 0.0
-0.0183576 0.128258 0.0
-0.0260095 0.142139 0.0
-0.0335385 0.15465 0.0
-0.0408298 0.166274 0.0
-0.0478299 0.177035 0.0
-0.0545033 0.186874 0.0
-0.0608211 0.195725 0.0
-0.066759 0.203537 0.0
-0.0722977 0.210271 0.0
-0.0774223 0.215907 0.0
-0.0821232 0.220436 0.0
-0.0863955 0.223866 0.0
-0.0902393 0.226219 0.0
-0.0936594 0.22753 0.0
-0.0966652 0.227845 0.0
-0.0992702 0.227221 0.0
-0.101492 0.225722 0.0
-0.103352 0.223423 0.0
-0.104874 0.220402 0.0
-0.106085 0.216741 0.0
-0.107015 0.212526 0.0
-0.107694 0.207842 0.0
-0.108156 0.202773 0.0
-0.108432 0.197404 0.0
-0.108556 0.191811 0.0
-0.108559 0.186068 0.0
-0.108472 0.180241 0.0
-0.108323 0.174388 0.0
-0.108136 0.168557 0.0
-0.107933 0.162788 0.0
-0.107733 0.157112 0.0
-0.107547 0.151551 0.0
-0.107388 0.146117 0.0
-0.107259 0.140814 0.0
-0.107165 0.135644 0.0
-0.107105 0.130599 0.0
-0.107076 0.12567 0.0
-0.107074 0.120847 0.0
-0.107096 0.116116 0.0
-0.107134 0.111464 0.0
-0.107183 0.10688 0.0
-0.107239 0.102353 0.0
-0.107295 0.0978731 0.0
-0.107349 0.0934315 0.0
-0.107396 0.0890216 0.0
-0.107434 0.084638 0.0
-0.10746 0.0802763 0.0
-0.107474 0.0759331 0.0
-0.107474 0.0716058 0.0
-0.107459 0.0672923 0.0
-0.10743 0.0629909 0.0
-0.107386 0.0587001 0.0
-0.107328 0.0544187 0.0
-0.107256 0.0501453 0.0
-0.10717 0.0458787 0.0
-0.107071 0.0416174 0.0
-0.10696 0.03736 0.0
-0.106836 0.0331048 0.0
-0.1067 0.0288501 0.0
-0.106552 0.0245942 0.0
-0.106394 0.020335 0.0
-0.106224 0.0160705 0.0
-0.106043 0.0117985 0.0
-0.105853 0.00751699 0.0
-0.105652 0.00322357 0.0
-0.105441 -0.00108403 0.0
-0.105221 -0.00540789 0.0
-0.104992 -0.009752 0.0
-0.104753 -0.014119 0.0
-0.104506 -0.0185115 0.0
-0.10425 -0.0229319 0.0
-0.103986 -0.0273826 0.0
-0.103713 -0.031866 0.0
-0.103433 -0.0363845 0.0
-0.103146 -0.0409404 0.0
-0.102852 -0.0455359 0.0
-0.102551 -0.0501732 0.0
-0.102244 -0.0548543 0.0
-0.101929 -0.0595812 0.0
-0.101609 -0.0643555 0.0
-0.101282 -0.0691789 0.0
-0.100947 -0.0740526 0.0
-0.100606 -0.0789777 0.0
-0.100256 -0.0839547 0.0
-0.099897 -0.0889839 0.0
-0.0995277 -0.094065 0.0
-0.0991465 -0.0991973 0.0
-0.0987515 -0.104379 0.0
-0.0983406 -0.109608 0.0
-0.0979111 -0.114882 0.0
-0.0974602 -0.120196 0.0
-0.096985 -0.125546 0.0
-0.0964822 -0.130927 0.0
-0.0959487 -0.136332 0.0
-0.0953816 -0.141754 0.0
-0.0947788 -0.147187 0.0
-0.0941393 -0.152625 0.0
-0.0934643 -0.158063 0.0
-0.0927581 -0.163501 0.0
-0.0920296 -0.168946 0.0
-0.091295 -0.174413 0.0
-0.0905801 -0.179935 0.0
-0.0899239 -0.185569 0.0
-0.0893826 -0.19141 0.0
-0.0890329 -0.197599 0.0
-0.0889731 -0.20434 0.0
-0.0893198 -0.21191 0.0
-0.0901954 -0.220652 0.0
-0.0917027 -0.230953 0.0
-0.0938875 -0.243172 0.0
-0.096692 -0.257543 0.0
-0.0999136 -0.274034 0.0
-0.103184 -0.292214 0.0
-0.105982 -0.311154 0.0
-0.107675 -0.329373 0.0
-0.10759 -0.344851 0.0
-0.105089 -0.355087 0.0
-0.0996573 -0.357208 0.0
-0.0909848 -0.348139 0.0
-0.0790585 -0.324886 0.0
-0.0642602 -0.285019 0.0
-0.0474821 -0.227546 0.0
-0.0302618 -0.154648 0.0
-0.0149265 -0.0752248 0.0
-0.00443484 -0.0109913 0.0
-0.000397543 0.00815776 0.0
-0.000733807 0.027223 0.0
-0.00408076 0.0876146 0.0
-0.010132 0.117812 0.0
-0.0172376 0.135762 0.0
-0.0245613 0.149611 0.0
-0.0317769 0.161923 0.0
-0.0387642 0.173279 0.0
-0.0454686 0.183734 0.0
-0.0518547 0.193234 0.0
-0.0578945 0.201722 0.0
-0.0635646 0.209148 0.0
-0.0688468 0.215481 0.0
-0.0737272 0.220703 0.0
-0.0781971 0.224811 0.0
-0.0822528 0.227819 0.0
-0.0858951 0.229753 0.0
-0.0891298 0.230652 0.0
-0.0919668 0.230566 0.0
-0.0944202 0.229558 0.0
-0.0965082 0.227695 0.0
-0.098252 0.225054 0.0
-0.0996761 0.221717 0.0
-0.100808 0.217769 0.0
-0.101676 0.213296 0.0
-0.102311 0.208386 0.0
-0.102746 0.203125 0.0
-0.103011 0.197595 0.0
-0.10314 0.191873 0.0
-0.103162 0.186032 0.0
-0.103105 0.180134 0.0
-0.102997 0.174236 0.0
-0.102859 0.168383 0.0
-0.102712 0.162611 0.0
-0.10257 0.156947 0.0
-0.102446 0.151407 0.0
-0.102347 0.146001 0.0
-0.102277 0.140731 0.0
-0.102238 0.135593 0.0
-0.102228 0.130579 0.0
-0.102244 0.125677 0.0
-0.102282 0.120876 0.0
-0.102337 0.116162 0.0
-0.102403 0.111522 0.0
-0.102476 0.106945 0.0
-0.10255 0.102419 0.0
-0.102621 0.0979355 0.0
-0.102685 0.0934874 0.0
-0.102741 0.0890683 0.0
-0.102785 0.0846734 0.0
-0.102817 0.0802989 0.0
-0.102834 0.0759419 0.0
-0.102838 0.0716003 0.0
-0.102827 0.0672723 0.0
-0.102802 0.0629564 0.0
-0.102762 0.0586515 0.0
-0.102709 0.0543562 0.0
-0.102643 0.0500694 0.0
-0.102564 0.0457898 0.0
-0.102473 0.041516 0.0
-0.102369 0.0372465 0.0
-0.102255 0.0329797 0.0
-0.102129 0.0287138 0.0
-0.101993 0.0244469 0.0
-0.101847 0.0201771 0.0
-0.101691 0.0159023 0.0
-0.101524 0.0116203 0.0
-0.101349 0.007329 0.0
-0.101164 0.00302608 0.0
-0.10097 -0.00129074 0.0
-0.100768 -0.00562366 0.0
-0.100557 -0.0099766 0.0
-0.100338 -0.0143522 0.0
-0.100111 -0.018753 0.0
-0.0998758 -0.0231814 0.0
-0.0996334 -0.0276398 0.0
-0.0993838 -0.0321306 0.0
-0.0991274 -0.0366562 0.0
-0.0988644 -0.0412188 0.0
-0.0985951 -0.0458209 0.0
-0.0983198 -0.0504645 0.0
-0.0980386 -0.0551518 0.0
-0.0977516 -0.0598848 0.0
-0.0974589 -0.0646653 0.0
-0.0971603 -0.069495 0.0
-0.0968555 -0.0743755 0.0
-0.096544 -0.0793079 0.0
-0.0962252 -0.084293 0.0
-0.0958982 -0.0893315 0.0
-0.0955616 -0.0944233 0.0
-0.0952139 -0.0995679 0.0
-0.0948534 -0.104764 0.0
-0.0944776 -0.11001 0.0
-0.094084 -0.115303 0.0
-0.0936697 -0.12064 0.0
-0.0932314 -0.126016 0.0
-0.0927657 -0.131426 0.0
-0.0922688 -0.136863 0.0
-0.0917374 -0.142321 0.0
-0.0911682 -0.147792 0.0
-0.0905588 -0.153268 0.0
-0.0899085 -0.158744 0.0
-0.0892186 -0.164216 0.0
-0.0884943 -0.169684 0.0
-0.0877465 -0.175157 0.0
-0.0869942 -0.180658 0.0
-0.0862678 -0.186229 0.0
-0.0856136 -0.191946 0.0
-0.0850975 -0.197929 0.0
-0.0848086 -0.204359 0.0
-0.0848596 -0.211494 0.0
-0.0853786 -0.219674 0.0
-0.086491 -0.229311 0.0
-0.0882844 -0.240836 0.0
-0.090761 -0.254599 0.0
-0.0937869 -0.270731 0.0
-0.0970561 -0.288977 0.0
-0.100087 -0.308562 0.0
-0.102259 -0.3281 0.0
-0.102877 -0.345592 0.0
-0.101256 -0.358468 0.0
-0.0968153 -0.3637 0.0
-0.0891662 -0.357968 0.0
-0.0782109 -0.337939 0.0
-0.0642441 -0.300731 0.0
-0.0480713 -0.244784 0.0
-0.0311496 -0.171551 0.0
-0.0157431 -0.0890628 0.0
-0.00485889 -0.0185291 0.0
-0.000480416 0.0072798 0.0
-0.000637585 0.0285944 0.0
-0.00368882 0.0926414 0.0
-0.00934873 0.124496 0.0
-0.0160883 0.142923 0.0
-0.0230743 0.15676 0.0
-0.029969 0.168884 0.0
-0.0366464 0.179983 0.0
-0.0430508 0.190139 0.0
-0.0491471 0.199311 0.0
-0.054908 0.207445 0.0
-0.0603113 0.214498 0.0
-0.0653395 0.220441 0.0
-0.06998 0.225263 0.0
-0.0742248 0.228966 0.0
-0.0780711 0.231566 0.0
-0.0815204 0.233097 0.0
-0.084579 0.233601 0.0
-0.0872575 0.233133 0.0
-0.0895703 0.231758 0.0
-0.0915357 0.229548 0.0
-0.0931751 0.226584 0.0
-0.094513 0.222949 0.0
-0.0955763 0.218731 0.0
-0.0963937 0.214019 0.0
-0.0969954 0.2089 0.0
-0.0974125 0.203462 0.0
-0.0976759 0.197786 0.0
-0.0978159 0.19195 0.0
-0.0978616 0.186022 0.0
-0.0978399 0.180066 0.0
-0.0977749 0.174132 0.0
-0.0976874 0.168263 0.0
-0.0975948 0.162492 0.0
-0.0975103 0.156841 0.0
-0.0974435 0.151323 0.0
-0.0974005 0.145944 0.0
-0.097384 0.140703 0.0
-0.097394 0.135593 0.0
-0.0974285 0.130604 0.0
-0.0974839 0.125724 0.0
-0.0975556 0.120939 0.0
-0.0976387 0.116237 0.0
-0.0977282 0.111603 0.0
-0.0978193 0.107027 0.0
-0.0979079 0.102499 0.0
-0.0979904 0.0980091 0.0
-0.0980639 0.093552 0.0
-0.0981263 0.0891217 0.0
-0.098176 0.084714 0.0
-0.098212 0.0803258 0.0
-0.0982337 0.0759546 0.0
-0.0982411 0.0715986 0.0
-0.0982342 0.0672562 0.0
-0.0982134 0.0629264 0.0
-0.0981791 0.0586079 0.0
-0.0981318 0.0542995 0.0
-0.098072 0.0500001 0.0
-0.0980003 0.0457084 0.0
-0.0979173 0.0414231 0.0
-0.0978233 0.0371424 0.0
-0.0977189 0.0328649 0.0
-0.0976044 0.0285886 0.0
-0.0974801 0.0243117 0.0
-0.0973464 0.0200322 0.0
-0.0972036 0.0157479 0.0
-0.0970519 0.0114568 0.0
-0.0968916 0.00715661 0.0
-0.0967229 0.00284503 0.0
-0.096546 -0.00148022 0.0
-0.0963612 -0.00582139 0.0
-0.0961686 -0.0101824 0.0
-0.0959685 -0.0145658 0.0
-0.095761 -0.0189741 0.0
-0.0955466 -0.0234097 0.0
-0.0953254 -0.0278751 0.0
-0.0950978 -0.0323725 0.0
-0.0948639 -0.0369045 0.0
-0.0946242 -0.0414732 0.0
-0.0943788 -0.0460811 0.0
-0.0941281 -0.0507303 0.0
-0.0938721 -0.0554231 0.0
-0.0936111 -0.0601615 0.0
-0.0933449 -0.0649475 0.0
-0.0930735 -0.0697829 0.0
-0.0927966 -0.0746693 0.0
-0.0925138 -0.0796083 0.0
-0.0922244 -0.0846008 0.0
-0.0919275 -0.0896477 0.0
-0.091622 -0.0947493 0.0
-0.0913062 -0.0999053 0.0
-0.0909783 -0.105115 0.0
-0.0906362 -0.110377 0.0
-0.0902771 -0.115689 0.0
-0.0898981 -0.121048 0.0
-0.0894959 -0.126449 0.0
-0.0890667 -0.131888 0.0
-0.0886067 -0.137358 0.0
-0.0881119 -0.142852 0.0
-0.0875784 -0.148363 0.0
-0.0870028 -0.153882 0.0
-0.0863828 -0.159401 0.0
-0.0857176 -0.164914 0.0
-0.0850094 -0.170418 0.0
-0.0842648 -0.175915 0.0
-0.0834969 -0.181419 0.0
-0.0827288 -0.186962 0.0
-0.0819972 -0.1926 0.0
-0.0813573 -0.198432 0.0
-0.0808871 -0.204615 0.0
-0.0806907 -0.211383 0.0
-0.0808955 -0.219061 0.0
-0.0816391 -0.228068 0.0
-0.0830408 -0.238883 0.0
-0.0851554 -0.25196 0.0
-0.0879168 -0.267583 0.0
-0.0910879 -0.285685 0.0
-0.0942404 -0.30567 0.0
-0.0967767 -0.326284 0.0
-0.0979923 -0.345575 0.0
-0.0971646 -0.360933 0.0
-0.0936507 -0.36919 0.0
-0.0869881 -0.36679 0.0
-0.0769954 -0.350065 0.0
-0.0638805 -0.315687 0.0
-0.0483626 -0.261519 0.0
-0.031817 -0.188284 0.0
-0.0164388 -0.103115 0.0
-0.00524471 -0.0265549 0.0
-0.0005585 0.00624088 0.0
-0.000542736 0.0297747 0.0
-0.00329534 0.0972649 0.0
-0.00855418 0.130792 0.0
-0.0149181 0.149731 0.0
-0.021559 0.163578 0.0
-0.0281272 0.175528 0.0
-0.0344909 0.18638 0.0
-0.0405927 0.196249 0.0
-0.046398 0.205104 0.0
-0.0518804 0.212896 0.0
-0.0570187 0.219588 0.0
-0.0617963 0.225157 0.0
-0.0662014 0.229593 0.0
-0.0702271 0.232906 0.0
-0.0738709 0.235116 0.0
-0.0771352 0.236261 0.0
-0.0800267 0.236387 0.0
-0.0825561 0.235554 0.0
-0.0847381 0.233831 0.0
-0.0865911 0.231293 0.0
-0.0881364 0.228024 0.0
-0.0893982 0.224109 0.0
-0.0904029 0.219639 0.0
-0.0911788 0.214704 0.0
-0.0917554 0.209393 0.0
-0.0921625 0.203793 0.0
-0.09243 0.197986 0.0
-0.0925869 0.192047 0.0
-0.0926605 0.186045 0.0
-0.0926759 0.180037 0.0
-0.0926552 0.174074 0.0
-0.0926173 0.168195 0.0
-0.0925773 0.162427 0.0
-0.0925467 0.15679 0.0
-0.0925332 0.151293 0.0
-0.0925414 0.145939 0.0
-0.0925726 0.140723 0.0
-0.0926261 0.135636 0.0
-0.0926992 0.130668 0.0
-0.0927881 0.125804 0.0
-0.0928882 0.121031 0.0
-0.0929949 0.116335 0.0
-0.0931035 0.111703 0.0
-0.0932099 0.107125 0.0
-0.0933104 0.10259 0.0
-0.0934022 0.0980918 0.0
-0.093483 0.0936236 0.0
-0.0935511 0.0891806 0.0
-0.0936056 0.0847592 0.0
-0.0936458 0.0803568 0.0
-0.0936716 0.0759712 0.0
-0.0936831 0.0716009 0.0
-0.0936808 0.0672447 0.0
-0.093665 0.0629014 0.0
-0.0936363 0.0585699 0.0
-0.0935955 0.0542492 0.0
-0.0935429 0.0499381 0.0
-0.0934793 0.0456352 0.0
-0.0934052 0.0413391 0.0
-0.093321 0.0370482 0.0
-0.0932271 0.0327608 0.0
-0.093124 0.028475 0.0
-0.093012 0.024189 0.0
-0.0928913 0.0199006 0.0
-0.0927623 0.0156077 0.0
-0.0926251 0.0113082 0.0
-0.0924801 0.00699984 0.0
-0.0923273 0.00268034 0.0
-0.0921671 -0.00165259 0.0
-0.0919996 -0.00600129 0.0
-0.0918251 -0.0103696 0.0
-0.0916438 -0.01476 0.0
-0.0914558 -0.0191752 0.0
-0.0912614 -0.0236174 0.0
-0.0910609 -0.028089 0.0
-0.0908546 -0.0325925 0.0
-0.0906427 -0.0371302 0.0
-0.0904255 -0.0417044 0.0
-0.0902033 -0.0463175 0.0
-0.0899762 -0.0509717 0.0
-0.0897445 -0.0556693 0.0
-0.0895083 -0.0604125 0.0
-0.0892675 -0.0652033 0.0
-0.0890222 -0.0700437 0.0
-0.088772 -0.0749355 0.0
-0.0885165 -0.0798803 0.0
-0.0882551 -0.0848795 0.0
-0.087987 -0.089934 0.0
-0.0877109 -0.0950445 0.0
-0.0874255 -0.100211 0.0
-0.0871289 -0.105434 0.0
-0.0868189 -0.110711 0.0
-0.086493 -0.11604 0.0
-0.0861481 -0.12142 0.0
-0.0857809 -0.126846 0.0
-0.0853876 -0.132313 0.0
-0.0849642 -0.137816 0.0
-0.0845063 -0.143347 0.0
-0.0840097 -0.148899 0.0
-0.0834702 -0.154462 0.0
-0.0828843 -0.160028 0.0
-0.0822498 -0.165588 0.0
-0.0815663 -0.171136 0.0
-0.0808372 -0.176671 0.0
-0.0800709 -0.182198 0.0
-0.079284 -0.187738 0.0
-0.0785048 -0.193334 0.0
-0.077778 -0.199064 0.0
-0.0771702 -0.205061 0.0
-0.0767745 -0.211529 0.0
-0.0767117 -0.218772 0.0
-0.0771234 -0.227202 0.0
-0.0781499 -0.237322 0.0
-0.0798893 -0.249667 0.0
-0.0823385 -0.264665 0.0
-0.0853324 -0.282438 0.0
-0.0885055 -0.302591 0.0
-0.0912973 -0.324034 0.0
-0.0930067 -0.3449 0.0
-0.0928817 -0.362561 0.0
-0.0902253 -0.373732 0.0
-0.0845038 -0.374632 0.0
-0.0754551 -0.361264 0.0
-0.0632016 -0.329856 0.0
-0.0483761 -0.277693 0.0
-0.0322706 -0.204761 0.0
-0.0170067 -0.117281 0.0
-0.00558814 -0.0350023 0.0
-0.000634244 0.00504814 0.0
-0.000450152 0.0307676 0.0
-0.00290342 0.101478 0.0
-0.00775385 0.136688 0.0
-0.0137344 0.156179 0.0
-0.0200246 0.170061 0.0
-0.0262626 0.181852 0.0
-0.0323101 0.192467 0.0
-0.0381082 0.202061 0.0
-0.0436226 0.210611 0.0
-0.0488278 0.218076 0.0
-0.0537036 0.224423 0.0
-0.0582343 0.229631 0.0
-0.062409 0.233699 0.0
-0.0662214 0.236638 0.0
-0.0696697 0.238476 0.0
-0.0727566 0.239252 0.0
-0.075489 0.239019 0.0
-0.077878 0.23784 0.0
-0.0799383 0.235787 0.0
-0.0816879 0.23294 0.0
-0.0831481 0.229383 0.0
-0.0843425 0.225206 0.0
-0.085297 0.220502 0.0
-0.0860391 0.21536 0.0
-0.0865973 0.209872 0.0
-0.0870004 0.204125 0.0
-0.0872769 0.198199 0.0
-0.0874542 0.192169 0.0
-0.087558 0.1861 0.0
-0.0876114 0.18005 0.0
-0.0876346 0.174064 0.0
-0.0876445 0.168177 0.0
-0.0876544 0.162415 0.0
-0.0876738 0.156791 0.0
-0.087709 0.151314 0.0
-0.0877631 0.14598 0.0
-0.0878367 0.140786 0.0
-0.0879281 0.135718 0.0
-0.0880344 0.130766 0.0
-0.0881517 0.125913 0.0
-0.0882756 0.121146 0.0
-0.0884018 0.116452 0.0
-0.088526 0.111818 0.0
-0.0886448 0.107234 0.0
-0.088755 0.102691 0.0
-0.0888544 0.0981819 0.0
-0.0889412 0.0937011 0.0
-0.0890144 0.0892444 0.0
-0.0890733 0.0848087 0.0
-0.0891176 0.0803918 0.0
-0.0891477 0.075992 0.0
-0.0891638 0.0716077 0.0
-0.0891664 0.0672381 0.0
-0.0891562 0.062882 0.0
-0.0891339 0.0585384 0.0
-0.0891001 0.0542061 0.0
-0.0890554 0.049884 0.0
-0.0890004 0.0455707 0.0
-0.0889357 0.0412647 0.0
-0.0888617 0.0369644 0.0
-0.0887788 0.0326679 0.0
-0.0886875 0.0283735 0.0
-0.0885879 0.024079 0.0
-0.0884804 0.0197824 0.0
-0.0883653 0.0154817 0.0
-0.0882428 0.0111745 0.0
-0.088113 0.00685868 0.0
-0.0879761 0.00253192 0.0
-0.0878324 -0.00180804 0.0
-0.0876822 -0.00616358 0.0
-0.0875255 -0.0105385 0.0
-0.0873626 -0.0149354 0.0
-0.0871937 -0.0193567 0.0
-0.087019 -0.0238049 0.0
-0.0868388 -0.0282822 0.0
-0.0866533 -0.0327911 0.0
-0.0864628 -0.037334 0.0
-0.0862675 -0.0419131 0.0
-0.0860678 -0.0465308 0.0
-0.0858637 -0.0511895 0.0
-0.0856555 -0.0558914 0.0
-0.0854433 -0.0606389 0.0
-0.0852271 -0.0654339 0.0
-0.0850068 -0.0702788 0.0
-0.0847823 -0.0751753 0.0
-0.084553 -0.0801253 0.0
-0.0843185 -0.0851304 0.0
-0.0840779 -0.0901918 0.0
-0.0838302 -0.0953105 0.0
-0.0835739 -0.100487 0.0
-0.0833072 -0.105721 0.0
-0.0830282 -0.111012 0.0
-0.0827342 -0.116359 0.0
-0.0824223 -0.121759 0.0
-0.0820891 -0.127208 0.0
-0.0817308 -0.132703 0.0
-0.0813434 -0.138237 0.0
-0.0809224 -0.143805 0.0
-0.0804631 -0.149397 0.0
-0.079961 -0.155005 0.0
-0.0794118 -0.160619 0.0
-0.078812 -0.16623 0.0
-0.0781597 -0.171829 0.0
-0.0774553 -0.177411 0.0
-0.0767037 -0.182976 0.0
-0.075916 -0.188535 0.0
-0.0751134 -0.194119 0.0
-0.0743311 -0.199788 0.0
-0.0736244 -0.205651 0.0
-0.0730741 -0.211885 0.0
-0.0727912 -0.218763 0.0
-0.0729141 -0.226677 0.0
-0.0735947 -0.23614 0.0
-0.0749635 -0.247741 0.0
-0.077073 -0.262032 0.0
-0.0798293 -0.279321 0.0
-0.0829366 -0.299428 0.0
-0.0858837 -0.321458 0.0
-0.0879856 -0.343664 0.0
-0.0884719 -0.363436 0.0
-0.0865987 -0.377387 0.0
-0.0817661 -0.381531 0.0
-0.0736341 -0.371546 0.0
-0.0622413 -0.343221 0.0
-0.0481344 -0.293261 0.0
-0.0325215 -0.220911 0.0
-0.0174476 -0.131468 0.0
-0.0058876 -0.0437936 0.0
-0.000707979 0.00370592 0.0
-0.000360606 0.0315784 0.0
-0.00251584 0.105276 0.0
-0.00695258 0.142177 0.0
-0.0125436 0.162261 0.0
-0.0184789 0.176204 0.0
-0.0243843 0.187852 0.0
-0.0301147 0.198245 0.0
-0.0356091 0.207576 0.0
-0.0408337 0.215835 0.0
-0.0457639 0.222988 0.0
-0.0503804 0.229003 0.0
-0.0546684 0.233869 0.0
-0.0586177 0.237585 0.0
-0.0622227 0.240169 0.0
-0.065482 0.241653 0.0
-0.0683986 0.242079 0.0
-0.0709796 0.241506 0.0
-0.0732361 0.239999 0.0
-0.0751826 0.237635 0.0
-0.0768369 0.234496 0.0
-0.0782197 0.23067 0.0
-0.0793542 0.226248 0.0
-0.0802655 0.221325 0.0
-0.08098 0.215993 0.0
-0.0815253 0.210343 0.0
-0.0819289 0.204461 0.0
-0.0822178 0.198428 0.0
-0.0824177 0.192317 0.0
-0.0825526 0.186191 0.0
-0.0826437 0.180104 0.0
-0.0827094 0.174099 0.0
-0.0827646 0.168207 0.0
-0.0828208 0.162451 0.0
-0.082886 0.15684 0.0
-0.082965 0.151379 0.0
-0.0830599 0.146064 0.0
-0.0831704 0.140886 0.0
-0.0832946 0.135833 0.0
-0.0834292 0.130891 0.0
-0.0835703 0.126046 0.0
-0.0837139 0.121281 0.0
-0.083856 0.116586 0.0
-0.083993 0.111946 0.0
-0.0841218 0.107354 0.0
-0.0842399 0.1028 0.0
-0.0843457 0.0982782 0.0
-0.0844377 0.0937837 0.0
-0.0845154 0.0893127 0.0
-0.0845785 0.0848625 0.0
-0.0846272 0.0804312 0.0
-0.0846617 0.0760172 0.0
-0.0846827 0.0716195 0.0
-0.0846908 0.0672371 0.0
-0.0846867 0.0628688 0.0
-0.0846712 0.0585137 0.0
-0.0846449 0.0541707 0.0
-0.0846085 0.0498384 0.0
-0.0845626 0.0455155 0.0
-0.0845077 0.0412004 0.0
-0.0844442 0.0368913 0.0
-0.0843727 0.0325866 0.0
-0.0842933 0.0282841 0.0
-0.0842063 0.0239819 0.0
-0.0841122 0.0196779 0.0
-0.084011 0.0153699 0.0
-0.0839031 0.0110557 0.0
-0.0837885 0.00673309 0.0
-0.0836675 0.00239968 0.0
-0.0835402 -0.00194674 0.0
-0.0834069 -0.00630846 0.0
-0.0832679 -0.0106894 0.0
-0.0831232 -0.0150921 0.0
-0.0829731 -0.019519 0.0
-0.0828178 -0.0239726 0.0
-0.0826575 -0.028455 0.0
-0.0824925 -0.0329688 0.0
-0.082323 -0.0375163 0.0
-0.0821492 -0.0420998 0.0
-0.0819714 -0.0467217 0.0
-0.0817898 -0.0513843 0.0
-0.0816045 -0.0560901 0.0
-0.0814157 -0.0608412 0.0
-0.0812233 -0.0656401 0.0
-0.0810274 -0.0704888 0.0
-0.0808277 -0.0753895 0.0
-0.0806238 -0.0803442 0.0
-0.0804153 -0.0853546 0.0
-0.0802013 -0.0904222 0.0
-0.0799808 -0.0955483 0.0
-0.0797526 -0.100734 0.0
-0.0795149 -0.105979 0.0
-0.0792657 -0.111283 0.0
-0.0790026 -0.116645 0.0
-0.0787226 -0.122064 0.0
-0.0784225 -0.127536 0.0
-0.0780986 -0.133057 0.0
-0.0777466 -0.138622 0.0
-0.0773622 -0.144225 0.0
-0.0769404 -0.149857 0.0
-0.0764764 -0.15551 0.0
-0.0759654 -0.161174 0.0
-0.0754032 -0.166838 0.0
-0.0747863 -0.172491 0.0
-0.0741134 -0.178126 0.0
-0.0733864 -0.183739 0.0
-0.072612 -0.189334 0.0
-0.0718053 -0.19493 0.0
-0.0709934 -0.200572 0.0
-0.0702209 -0.206347 0.0
-0.0695566 -0.212404 0.0
-0.0690989 -0.218984 0.0
-0.0689788 -0.226452 0.0
-0.069351 -0.235311 0.0
-0.0703681 -0.246184 0.0
-0.0721286 -0.259719 0.0
-0.0746052 -0.2764 0.0
-0.0775759 -0.296271 0.0
-0.0805887 -0.318656 0.0
-0.0829876 -0.341966 0.0
-0.0839948 -0.36364 0.0
-0.0828281 -0.380222 0.0
-0.0788268 -0.38753 0.0
-0.0715767 -0.380929 0.0
-0.0610346 -0.355772 0.0
-0.0476627 -0.308188 0.0
-0.0325843 -0.236675 0.0
-0.0177662 -0.145596 0.0
-0.00614261 -0.0528494 0.0
-0.000779192 0.00221875 0.0
-0.000274813 0.0322138 0.0
-0.00213509 0.108656 0.0
-0.00615466 0.147253 0.0
-0.0113513 0.167973 0.0
-0.0169287 0.182006 0.0
-0.0225005 0.193528 0.0
-0.0279137 0.203713 0.0
-0.0331056 0.212794 0.0
-0.0380424 0.220778 0.0
-0.0427003 0.227633 0.0
-0.047061 0.233335 0.0
-0.0511107 0.237875 0.0
-0.0548398 0.241258 0.0
-0.0582431 0.243505 0.0
-0.0613197 0.244653 0.0
-0.0640727 0.244749 0.0
-0.0665094 0.243854 0.0
-0.0686405 0.242039 0.0
-0.0704804 0.239382 0.0
-0.0720464 0.235969 0.0
-0.0733587 0.231891 0.0
-0.0744395 0.227242 0.0
-0.0753133 0.222116 0.0
-0.0760053 0.216609 0.0
-0.0765419 0.210809 0.0
-0.0769491 0.204805 0.0
-0.0772525 0.198676 0.0
-0.0774761 0.192492 0.0
-0.077642 0.186316 0.0
-0.0777696 0.180198 0.0
-0.0778755 0.174177 0.0
-0.0779728 0.168282 0.0
-0.0780714 0.162531 0.0
-0.0781778 0.156931 0.0
-0.0782957 0.151485 0.0
-0.0784263 0.146184 0.0
-0.0785688 0.141019 0.0
-0.0787209 0.135977 0.0
-0.0788792 0.131041 0.0
-0.0790402 0.126198 0.0
-0.0791999 0.121432 0.0
-0.079355 0.116732 0.0
-0.0795023 0.112085 0.0
-0.0796392 0.107482 0.0
-0.0797639 0.102915 0.0
-0.0798749 0.0983798 0.0
-0.0799716 0.0938708 0.0
-0.0800535 0.0893851 0.0
-0.0801208 0.0849204 0.0
-0.0801738 0.0804749 0.0
-0.0802131 0.0760473 0.0
-0.0802393 0.0716367 0.0
-0.0802532 0.067242 0.0
-0.0802557 0.0628622 0.0
-0.0802474 0.0584964 0.0
-0.080229 0.0541433 0.0
-0.0802013 0.0498016 0.0
-0.0801648 0.0454698 0.0
-0.0801199 0.0411463 0.0
-0.0800672 0.0368293 0.0
-0.080007 0.0325168 0.0
-0.0799397 0.0282071 0.0
-0.0798655 0.0238978 0.0
-0.0797846 0.019587 0.0
-0.0796974 0.0152724 0.0
-0.079604 0.0109519 0.0
-0.0795046 0.00662303 0.0
-0.0793994 0.00228356 0.0
-0.0792884 -0.0020689 0.0
-0.0791719 -0.00643611 0.0
-0.0790503 -0.0108224 0.0
-0.0789237 -0.0152303 0.0
-0.0787922 -0.0196623 0.0
-0.078656 -0.0241207 0.0
-0.0785154 -0.0286078 0.0
-0.0783705 -0.033126 0.0
-0.0782217 -0.0376776 0.0
-0.078069 -0.0422649 0.0
-0.0779128 -0.0468905 0.0
-0.0777532 -0.0515567 0.0
-0.0775904 -0.0562658 0.0
-0.0774245 -0.0610203 0.0
-0.0772555 -0.0658224 0.0
-0.0770834 -0.0706746 0.0
-0.0769079 -0.075579 0.0
-0.0767288 -0.0805377 0.0
-0.0765456 -0.0855528 0.0
-0.0763575 -0.090626 0.0
-0.0761636 -0.0957588 0.0
-0.0759627 -0.100952 0.0
-0.0757531 -0.106207 0.0
-0.0755329 -0.111524 0.0
-0.0752998 -0.116901 0.0
-0.075051 -0.122337 0.0
-0.0747832 -0.12783 0.0
-0.0744928 -0.133377 0.0
-0.0741757 -0.138972 0.0
-0.0738275 -0.144609 0.0
-0.0734431 -0.15028 0.0
-0.0730176 -0.155977 0.0
-0.0725459 -0.16169 0.0
-0.072023 -0.167407 0.0
-0.0714448 -0.173117 0.0
-0.0708084 -0.17881 0.0
-0.0701132 -0.184478 0.0
-0.0693628 -0.19012 0.0
-0.0685673 -0.195746 0.0
-0.0677467 -0.201388 0.0
-0.0669363 -0.207113 0.0
-0.0661931 -0.213045 0.0
-0.0656026 -0.219391 0.0
-0.0652847 -0.226483 0.0
-0.0653908 -0.234802 0.0
-0.0660854 -0.244981 0.0
-0.0675026 -0.257744 0.0
-0.0696752 -0.273726 0.0
-0.0724544 -0.293195 0.0
-0.0754555 -0.315718 0.0
-0.0780632 -0.339897 0.0
-0.0795041 -0.363261 0.0
-0.0789664 -0.382306 0.0
-0.0757352 -0.392678 0.0
-0.0693262 -0.38944 0.0
-0.0596174 -0.367512 0.0
-0.0469874 -0.32245 0.0
-0.0324756 -0.252004 0.0
-0.0179691 -0.159592 0.0
-0.00635259 -0.0620934 0.0
-0.000846423 0.000593132 0.0
-0.000193576 0.0326822 0.0
-0.00176362 0.111618 0.0
-0.00536391 0.151911 0.0
-0.0101623 0.17331 0.0
-0.0153799 0.187463 0.0
-0.0206178 0.19888 0.0
-0.0257149 0.208871 0.0
-0.0306061 0.217719 0.0
-0.0352576 0.225442 0.0
-0.0396465 0.232016 0.0
-0.0437555 0.237422 0.0
-0.0475715 0.241654 0.0
-0.0510854 0.244722 0.0
-0.0542926 0.246651 0.0
-0.0571924 0.247483 0.0
-0.0597882 0.247268 0.0
-0.0620868 0.246071 0.0
-0.0640991 0.243966 0.0
-0.0658387 0.241035 0.0
-0.0673226 0.237366 0.0
-0.06857 0.233054 0.0
-0.0696026 0.228193 0.0
-0.0704435 0.22288 0.0
-0.071117 0.21721 0.0
-0.0716479 0.211275 0.0
-0.0720609 0.20516 0.0
-0.0723799 0.198944 0.0
-0.0726272 0.192695 0.0
-0.0728231 0.186475 0.0
-0.0729853 0.180329 0.0
-0.0731286 0.174295 0.0
-0.0732644 0.168397 0.0
-0.0734011 0.162651 0.0
-0.0735441 0.157061 0.0
-0.0736962 0.151625 0.0
-0.0738577 0.146336 0.0
-0.0740274 0.14118 0.0
-0.0742029 0.136143 0.0
-0.074381 0.131211 0.0
-0.0745581 0.126367 0.0
-0.074731 0.121597 0.0
-0.0748966 0.116888 0.0
-0.0750521 0.112231 0.0
-0.0751956 0.107616 0.0
-0.0753256 0.103036 0.0
-0.0754412 0.0984859 0.0
-0.075542 0.0939622 0.0
-0.075628 0.0894617 0.0
-0.0756994 0.0849825 0.0
-0.0757569 0.0805232 0.0
-0.0758011 0.0760825 0.0
-0.0758328 0.0716595 0.0
-0.0758529 0.0672532 0.0
-0.0758622 0.0628627 0.0
-0.0758614 0.0584869 0.0
-0.0758512 0.0541244 0.0
-0.0758324 0.049774 0.0
-0.0758054 0.045434 0.0
-0.0757708 0.0411027 0.0
-0.0757289 0.0367783 0.0
-0.0756801 0.0324589 0.0
-0.0756248 0.0281424 0.0
-0.0755632 0.0238267 0.0
-0.0754955 0.0195097 0.0
-0.075422 0.0151891 0.0
-0.0753429 0.0108627 0.0
-0.0752584 0.00652829 0.0
-0.0751687 0.00218342 0.0
-0.0750741 -0.00217438 0.0
-0.0749747 -0.00654655 0.0
-0.0748705 -0.0109377 0.0
-0.0747618 -0.0153503 0.0
-0.0746488 -0.0197869 0.0
-0.0745316 -0.0242496 0.0
-0.0744104 -0.0287408 0.0
-0.0742854 -0.0332628 0.0
-0.074157 -0.037818 0.0
-0.0740252 -0.0424089 0.0
-0.0738903 -0.0470377 0.0
-0.0737525 -0.0517069 0.0
-0.0736119 -0.056419 0.0
-0.0734686 -0.0611763 0.0
-0.0733226 -0.0659813 0.0
-0.073174 -0.0708365 0.0
-0.0730224 -0.0757441 0.0
-0.0728677 -0.0807064 0.0
-0.0727093 -0.0857257 0.0
-0.0725466 -0.0908039 0.0
-0.0723787 -0.0959427 0.0
-0.0722045 -0.101144 0.0
-0.0720225 -0.106408 0.0
-0.0718307 -0.111735 0.0
-0.071627 -0.117126 0.0
-0.0714086 -0.122579 0.0
-0.0711726 -0.128092 0.0
-0.0709152 -0.133663 0.0
-0.0706325 -0.139286 0.0
-0.0703201 -0.144955 0.0
-0.069973 -0.150665 0.0
-0.0695862 -0.156405 0.0
-0.0691543 -0.162166 0.0
-0.0686721 -0.167936 0.0
-0.0681347 -0.173704 0.0
-0.0675383 -0.179456 0.0
-0.0668805 -0.185184 0.0
-0.0661623 -0.190882 0.0
-0.0653898 -0.196552 0.0
-0.0645772 -0.202215 0.0
-0.0637518 -0.207922 0.0
-0.0629596 -0.213771 0.0
-0.0622737 -0.219941 0.0
-0.0618008 -0.226725 0.0
-0.0616842 -0.234571 0.0
-0.0620924 -0.244109 0.0
-0.0631844 -0.256107 0.0
-0.0650439 -0.271331 0.0
-0.0675926 -0.290262 0.0
-0.0705179 -0.312724 0.0
-0.0732552 -0.337546 0.0
-0.0750472 -0.362379 0.0
-0.0750622 -0.383711 0.0
-0.0725377 -0.39703 0.0
-0.0669244 -0.397111 0.0
-0.0580246 -0.37845 0.0
-0.0461356 -0.336031 0.0
-0.0322133 -0.266857 0.0
-0.0180641 -0.173394 0.0
-0.00651426 -0.0714571 0.0
-0.000905171 -0.00115846 0.0
-0.000118141 0.0329939 0.0
-0.00140421 0.114162 0.0
-0.00458369 0.156147 0.0
-0.00898072 0.17827 0.0
-0.0138372 0.192577 0.0
-0.0187418 0.203908 0.0
-0.0235246 0.213723 0.0
-0.0281175 0.222351 0.0
-0.0324869 0.22983 0.0
-0.0366106 0.236141 0.0
-0.040472 0.241268 0.0
-0.0440588 0.24521 0.0
-0.0473626 0.247983 0.0
-0.0503792 0.249614 0.0
-0.0531079 0.250148 0.0
-0.0555521 0.249642 0.0
-0.0577186 0.248162 0.0
-0.0596177 0.245786 0.0
-0.0612628 0.242599 0.0
-0.0626698 0.238693 0.0
-0.0638573 0.234162 0.0
-0.064846 0.229106 0.0
-0.0656577 0.22362 0.0
-0.0663155 0.217802 0.0
-0.0668429 0.211742 0.0
-0.0672629 0.205526 0.0
-0.0675977 0.199231 0.0
-0.0678681 0.192925 0.0
-0.0680924 0.186665 0.0
-0.0682867 0.180495 0.0
-0.0684641 0.174449 0.0
-0.0686346 0.168549 0.0
-0.0688052 0.162806 0.0
-0.0689803 0.157223 0.0
-0.0691618 0.151796 0.0
-0.0693496 0.146514 0.0
-0.0695423 0.141364 0.0
-0.0697372 0.13633 0.0
-0.0699313 0.131396 0.0
-0.0701216 0.126548 0.0
-0.0703049 0.121771 0.0
-0.0704787 0.117053 0.0
-0.0706408 0.112384 0.0
-0.0707896 0.107755 0.0
-0.0709241 0.103161 0.0
-0.0710436 0.0985961 0.0
-0.0711482 0.0940574 0.0
-0.071238 0.0895423 0.0
-0.0713135 0.085049 0.0
-0.0713755 0.0805762 0.0
-0.0714248 0.0761229 0.0
-0.0714622 0.0716882 0.0
-0.0714887 0.067271 0.0
-0.0715049 0.0628704 0.0
-0.0715118 0.0584852 0.0
-0.07151 0.0541141 0.0
-0.0715002 0.0497556 0.0
-0.0714828 0.045408 0.0
-0.0714584 0.0410696 0.0
-0.0714273 0.0367385 0.0
-0.07139 0.0324126 0.0
-0.0713466 0.02809 0.0
-0.0712975 0.0237684 0.0
-0.0712429 0.0194457 0.0
-0.071183 0.0151197 0.0
-0.0711181 0.0107881 0.0
-0.0710483 0.00644864 0.0
-0.0709739 0.00209906 0.0
-0.0708956 -0.00226299 0.0
-0.0708131 -0.00663981 0.0
-0.0707263 -0.0110354 0.0
-0.0706354 -0.0154522 0.0
-0.0705406 -0.0198928 0.0
-0.0704421 -0.0243593 0.0
-0.0703402 -0.0288541 0.0
-0.0702351 -0.0333795 0.0
-0.0701269 -0.037938 0.0
-0.0700158 -0.0425318 0.0
-0.0699021 -0.0471634 0.0
-0.0697859 -0.0518352 0.0
-0.0696673 -0.0565498 0.0
-0.0695465 -0.0613096 0.0
-0.0694234 -0.0661171 0.0
-0.069298 -0.0709748 0.0
-0.0691701 -0.0758852 0.0
-0.0690395 -0.0808507 0.0
-0.0689057 -0.0858736 0.0
-0.0687681 -0.0909562 0.0
-0.068626 -0.0961004 0.0
-0.0684782 -0.101308 0.0
-0.0683233 -0.10658 0.0
-0.0681595 -0.111918 0.0
-0.0679848 -0.117322 0.0
-0.0677965 -0.12279 0.0
-0.0675917 -0.128322 0.0
-0.067367 -0.133915 0.0
-0.0671183 -0.139565 0.0
-0.0668415 -0.145266 0.0
-0.0665316 -0.151011 0.0
-0.0661835 -0.156793 0.0
-0.0657919 -0.162601 0.0
-0.0653512 -0.168424 0.0
-0.0648563 -0.174248 0.0
-0.0643023 -0.180062 0.0
-0.063686 -0.185853 0.0
-0.0630062 -0.191611 0.0
-0.0622658 -0.197335 0.0
-0.0614745 -0.203036 0.0
-0.0606525 -0.208749 0.0
-0.0598365 -0.214553 0.0
-0.0590875 -0.220595 0.0
-0.0584987 -0.227132 0.0
-0.058202 -0.234577 0.0
-0.0583633 -0.243534 0.0
-0.059157 -0.254796 0.0
-0.0607075 -0.269232 0.0
-0.0630016 -0.287519 0.0
-0.0658002 -0.309744 0.0
-0.068598 -0.334991 0.0
-0.0706647 -0.361075 0.0
-0.0711584 -0.384506 0.0
-0.0692769 -0.400641 0.0
-0.0644107 -0.403979 0.0
-0.0562904 -0.388602 0.0
-0.0451345 -0.348924 0.0
-0.0318166 -0.281204 0.0
-0.018062 -0.186951 0.0
-0.00663277 -0.0808793 0.0
-0.000957241 -0.00302087 0.0
-5.10479e-05 0.0331631 0.0
-0.00106059 0.116288 0.0
-0.00381659 0.159956 0.0
-0.00780958 0.182851 0.0
-0.0123043 0.197348 0.0
-0.0168769 0.208615 0.0
-0.0213478 0.218269 0.0
-0.0256456 0.226695 0.0
-0.0297363 0.233946 0.0
-0.0335986 0.240011 0.0
-0.0372168 0.244878 0.0
-0.0405792 0.24855 0.0
-0.0436779 0.251046 0.0
-0.0465089 0.252399 0.0
-0.0490718 0.252656 0.0
-0.0513698 0.251877 0.0
-0.0534095 0.250133 0.0
-0.0552007 0.247505 0.0
-0.056756 0.24408 0.0
-0.0580907 0.239953 0.0
-0.0592225 0.235221 0.0
-0.0601707 0.229984 0.0
-0.0609562 0.224339 0.0
-0.0616005 0.218385 0.0
-0.0621257 0.212211 0.0
-0.0625531 0.205904 0.0
-0.0629033 0.199538 0.0
-0.0631954 0.193181 0.0
-0.063446 0.186885 0.0
-0.0636696 0.180693 0.0
-0.0638776 0.174637 0.0
-0.0640788 0.168733 0.0
-0.0642791 0.162993 0.0
-0.0644819 0.157415 0.0
-0.0646884 0.151993 0.0
-0.0648983 0.146715 0.0
-0.0651098 0.141567 0.0
-0.0653205 0.136532 0.0
-0.0655275 0.131595 0.0
-0.0657281 0.12674 0.0
-0.0659196 0.121954 0.0
-0.0660998 0.117224 0.0
-0.066267 0.112542 0.0
-0.06642 0.107899 0.0
-0.0665581 0.10329 0.0
-0.0666811 0.0987098 0.0
-0.0667891 0.0941562 0.0
-0.0668825 0.0896267 0.0
-0.0669622 0.0851197 0.0
-0.0670288 0.0806341 0.0
-0.0670832 0.0761688 0.0
-0.0671264 0.0717229 0.0
-0.0671592 0.0672955 0.0
-0.0671826 0.0628855 0.0
-0.0671972 0.0584916 0.0
-0.0672037 0.0541125 0.0
-0.0672029 0.0497465 0.0
-0.0671951 0.045392 0.0
-0.0671808 0.041047 0.0
-0.0671605 0.0367097 0.0
-0.0671345 0.032378 0.0
-0.0671031 0.0280498 0.0
-0.0670664 0.0237229 0.0
-0.0670248 0.0193951 0.0
-0.0669786 0.0150642 0.0
-0.0669278 0.0107279 0.0
-0.0668729 0.00638408 0.0
-0.066814 0.00203043 0.0
-0.0667514 -0.00233527 0.0
-0.0666852 -0.00671621 0.0
-0.0666153 -0.0111157 0.0
-0.0665419 -0.0155363 0.0
-0.0664652 -0.0199803 0.0
-0.0663854 -0.0244501 0.0
-0.0663026 -0.0289479 0.0
-0.0662172 -0.0334763 0.0
-0.0661292 -0.0380374 0.0
-0.0660388 -0.0426338 0.0
-0.0659462 -0.0472677 0.0
-0.0658515 -0.0519418 0.0
-0.0657549 -0.0566585 0.0
-0.0656564 -0.0614203 0.0
-0.0655561 -0.0662298 0.0
-0.0654539 -0.0710897 0.0
-0.0653497 -0.0760024 0.0
-0.0652432 -0.0809706 0.0
-0.0651339 -0.0859967 0.0
-0.0650214 -0.0910832 0.0
-0.0649049 -0.0962321 0.0
-0.0647833 -0.101446 0.0
-0.0646553 -0.106725 0.0
-0.0645194 -0.112073 0.0
-0.0643735 -0.117488 0.0
-0.0642151 -0.122971 0.0
-0.0640413 -0.12852 0.0
-0.0638489 -0.134134 0.0
-0.0636342 -0.139809 0.0
-0.0633927 -0.14554 0.0
-0.0631199 -0.15132 0.0
-0.0628107 -0.157142 0.0
-0.0624597 -0.162995 0.0
-0.0620612 -0.168869 0.0
-0.0616099 -0.17475 0.0
-0.0611004 -0.180624 0.0
-0.0605286 -0.186479 0.0
-0.0598918 -0.192302 0.0
-0.0591906 -0.198086 0.0
-0.0584308 -0.203836 0.0
-0.0576271 -0.209575 0.0
-0.056808 -0.215362 0.0
-0.0560234 -0.221319 0.0
-0.0553534 -0.227667 0.0
-0.0549167 -0.234776 0.0
-0.0548716 -0.243219 0.0
-0.0553997 -0.25379 0.0
-0.0566559 -0.267431 0.0
-0.0586843 -0.284997 0.0
-0.0613183 -0.306833 0.0
-0.0641182 -0.332304 0.0
-0.0663903 -0.359424 0.0
-0.0672929 -0.384761 0.0
-0.0659911 -0.403569 0.0
-0.0618216 -0.410087 0.0
-0.0544471 -0.397989 0.0
-0.0440103 -0.36113 0.0
-0.0313046 -0.295022 0.0
-0.0179741 -0.200218 0.0
-0.00671294 -0.0903029 0.0
-0.0010038 -0.00498191 0.0
2.8412e-06 0.0332113 0.0
-0.000737493 0.11799 0.0
-0.00306331 0.163336 0.0
-0.0066511 0.187052 0.0
-0.0107844 0.201775 0.0
-0.0150268 0.213003 0.0
-0.0191886 0.222514 0.0
-0.0231947 0.230754 0.0
-0.0270106 0.237794 0.0
-0.0306157 0.24363 0.0
-0.033995 0.248255 0.0
-0.0371375 0.251677 0.0
-0.0400359 0.253916 0.0
-0.0426863 0.25501 0.0
-0.0450883 0.255009 0.0
-0.0472451 0.253978 0.0
-0.0491627 0.251989 0.0
-0.0508505 0.249127 0.0
-0.0523204 0.245483 0.0
-0.0535867 0.241152 0.0
-0.0546661 0.236234 0.0
-0.0555767 0.23083 0.0
-0.0563381 0.22504 0.0
-0.0569704 0.218961 0.0
-0.0574939 0.212684 0.0
-0.0579286 0.206293 0.0
-0.0582934 0.199864 0.0
-0.0586054 0.193459 0.0
-0.0588798 0.187131 0.0
-0.0591296 0.18092 0.0
-0.0593647 0.174853 0.0
-0.0595926 0.168946 0.0
-0.0598184 0.163206 0.0
-0.0600446 0.157631 0.0
-0.0602721 0.152211 0.0
-0.0605 0.146935 0.0
-0.0607268 0.141786 0.0
-0.06095 0.136748 0.0
-0.0611671 0.131804 0.0
-0.0613756 0.12694 0.0
-0.0615733 0.122143 0.0
-0.0617583 0.1174 0.0
-0.0619293 0.112704 0.0
-0.0620856 0.108046 0.0
-0.0622266 0.103422 0.0
-0.0623525 0.0988267 0.0
-0.0624637 0.0942584 0.0
-0.0625606 0.0897149 0.0
-0.0626442 0.0851947 0.0
-0.0627153 0.0806968 0.0
-0.0627749 0.0762201 0.0
-0.0628238 0.0717638 0.0
-0.062863 0.0673268 0.0
-0.0628934 0.062908 0.0
-0.0629157 0.0585061 0.0
-0.0629306 0.0541195 0.0
-0.0629386 0.0497467 0.0
-0.0629403 0.0453858 0.0
-0.0629361 0.0410349 0.0
-0.0629265 0.036692 0.0
-0.0629116 0.032355 0.0
-0.0628919 0.0280217 0.0
-0.0628676 0.02369 0.0
-0.062839 0.0193577 0.0
-0.0628062 0.0150225 0.0
-0.0627695 0.0106822 0.0
-0.0627291 0.00633452 0.0
-0.0626853 0.00197729 0.0
-0.0626383 -0.00239175 0.0
-0.0625881 -0.00677612 0.0
-0.0625349 -0.0111789 0.0
-0.0624788 -0.0156025 0.0
-0.0624201 -0.0200494 0.0
-0.0623588 -0.024522 0.0
-0.0622952 -0.0290224 0.0
-0.0622293 -0.0335531 0.0
-0.0621615 -0.0381165 0.0
-0.0620917 -0.0427149 0.0
-0.0620202 -0.0473507 0.0
-0.0619471 -0.0520266 0.0
-0.0618725 -0.0567449 0.0
-0.0617965 -0.0615083 0.0
-0.0617191 -0.0663195 0.0
-0.0616402 -0.071181 0.0
-0.0615597 -0.0760957 0.0
-0.0614774 -0.0810662 0.0
-0.0613928 -0.086095 0.0
-0.0613054 -0.0911848 0.0
-0.0612145 -0.0963379 0.0
-0.0611192 -0.101557 0.0
-0.0610182 -0.106843 0.0
-0.0609101 -0.112199 0.0
-0.0607929 -0.117625 0.0
-0.0606644 -0.123121 0.0
-0.0605216 -0.128687 0.0
-0.0603616 -0.13432 0.0
-0.0601806 -0.140019 0.0
-0.0599746 -0.145777 0.0
-0.059739 -0.151591 0.0
-0.0594687 -0.157451 0.0
-0.0591586 -0.163348 0.0
-0.0588029 -0.16927 0.0
-0.0583961 -0.175206 0.0
-0.0579326 -0.181141 0.0
-0.0574076 -0.187059 0.0
-0.0568174 -0.192948 0.0
-0.0561608 -0.198797 0.0
-0.0554406 -0.204605 0.0
-0.054667 -0.210383 0.0
-0.0538615 -0.216178 0.0
-0.0530644 -0.222085 0.0
-0.0523434 -0.228292 0.0
-0.0518032 -0.235128 0.0
-0.0515914 -0.243124 0.0
-0.0518895 -0.253059 0.0
-0.0528739 -0.265922 0.0
-0.0546367 -0.282715 0.0
-0.0570805 -0.304037 0.0
-0.0598347 -0.329546 0.0
-0.0622512 -0.357493 0.0
-0.0634974 -0.384543 0.0
-0.0627142 -0.405872 0.0
-0.0591901 -0.415477 0.0
-0.0525247 -0.406638 0.0
-0.0427883 -0.372654 0.0
-0.0306957 -0.308297 0.0
-0.0178109 -0.213159 0.0
-0.0067567 -0.0996776 0.0
-0.00104366 -0.00702938 0.0
5.01485e-05 0.0331583 0.0
-0.000429767 0.119263 0.0
-0.00232666 0.166285 0.0
-0.0055079 0.190871 0.0
-0.00927999 0.205861 0.0
-0.0131944 0.217074 0.0
-0.0170502 0.226461 0.0
-0.0207682 0.234531 0.0
-0.0243133 0.241378 0.0
-0.0276654 0.247004 0.0
-0.0308102 0.251406 0.0
-0.0337374 0.254596 0.0
-0.03644 0.256598 0.0
-0.0389144 0.257453 0.0
-0.0411602 0.257214 0.0
-0.0431802 0.25595 0.0
-0.0449801 0.253735 0.0
-0.0465686 0.250658 0.0
-0.0479567 0.246811 0.0
-0.049158 0.242292 0.0
-0.0501877 0.237203 0.0
-0.051063 0.231647 0.0
-0.0518018 0.225723 0.0
-0.0524228 0.219531 0.0
-0.0529449 0.21316 0.0
-0.0533862 0.206694 0.0
-0.053764 0.200206 0.0
-0.0540939 0.193759 0.0
-0.0543896 0.187402 0.0
-0.0546622 0.181172 0.0
-0.0549208 0.175095 0.0
-0.0551717 0.169183 0.0
-0.055419 0.163442 0.0
-0.0556647 0.157867 0.0
-0.0559092 0.152447 0.0
-0.0561517 0.147169 0.0
-0.0563904 0.142017 0.0
-0.0566233 0.136973 0.0
-0.0568479 0.132021 0.0
-0.0570622 0.127147 0.0
-0.0572642 0.122337 0.0
-0.0574526 0.11758 0.0
-0.0576264 0.112869 0.0
-0.057785 0.108196 0.0
-0.0579284 0.103556 0.0
-0.0580568 0.0989464 0.0
-0.0581707 0.0943638 0.0
-0.058271 0.0898067 0.0
-0.0583583 0.0852739 0.0
-0.0584338 0.0807642 0.0
-0.0584984 0.0762768 0.0
-0.0585529 0.0718107 0.0
-0.0585985 0.0673647 0.0
-0.0586358 0.0629378 0.0
-0.0586656 0.0585284 0.0
-0.0586886 0.054135 0.0
-0.0587053 0.0497559 0.0
-0.0587163 0.0453892 0.0
-0.058722 0.041033 0.0
-0.0587228 0.036685 0.0
-0.058719 0.0323433 0.0
-0.0587109 0.0280056 0.0
-0.0586988 0.0236697 0.0
-0.0586828 0.0193334 0.0
-0.0586632 0.0149944 0.0
-0.0586403 0.0106506 0.0
-0.0586142 0.00629965 0.0
-0.0585852 0.00193934 0.0
-0.0585534 -0.00243258 0.0
-0.0585192 -0.00681973 0.0
-0.0584825 -0.0112251 0.0
-0.0584436 -0.0156512 0.0
-0.0584027 -0.0201004 0.0
-0.0583599 -0.0245751 0.0
-0.0583153 -0.0290775 0.0
-0.0582691 -0.03361 0.0
-0.0582214 -0.0381751 0.0
-0.0581724 -0.042775 0.0
-0.0581221 -0.0474123 0.0
-0.0580707 -0.0520895 0.0
-0.0580182 -0.056809 0.0
-0.0579647 -0.0615736 0.0
-0.0579104 -0.066386 0.0
-0.057855 -0.0712488 0.0
-0.0577984 -0.076165 0.0
-0.0577404 -0.0811372 0.0
-0.0576807 -0.0861683 0.0
-0.0576187 -0.0912609 0.0
-0.0575537 -0.0964177 0.0
-0.0574848 -0.101641 0.0
-0.0574111 -0.106934 0.0
-0.057331 -0.112297 0.0
-0.0572427 -0.117732 0.0
-0.0571441 -0.123241 0.0
-0.0570325 -0.128821 0.0
-0.0569049 -0.134473 0.0
-0.0567579 -0.140194 0.0
-0.0565874 -0.145979 0.0
-0.0563891 -0.151823 0.0
-0.0561582 -0.157719 0.0
-0.0558892 -0.163658 0.0
-0.0555769 -0.169628 0.0
-0.0552154 -0.175617 0.0
-0.0547991 -0.18161 0.0
-0.0543227 -0.187591 0.0
-0.0537819 -0.193547 0.0
-0.0531741 -0.199463 0.0
-0.0524998 -0.205333 0.0
-0.0517656 -0.211163 0.0
-0.0509873 -0.216982 0.0
-0.0501969 -0.222868 0.0
-0.0494505 -0.228976 0.0
-0.0488393 -0.235595 0.0
-0.0484981 -0.24321 0.0
-0.0486031 -0.25257 0.0
-0.0493432 -0.264687 0.0
-0.0508497 -0.280681 0.0
-0.0530888 -0.301388 0.0
-0.0557601 -0.326769 0.0
-0.058268 -0.355345 0.0
-0.0597982 -0.383914 0.0
-0.0594753 -0.407606 0.0
-0.0565456 -0.420197 0.0
-0.0505506 -0.41458 0.0
-0.0414917 -0.383508 0.0
-0.0300074 -0.321019 0.0
-0.0175827 -0.225745 0.0
-0.00676678 -0.108961 0.0
-0.00107635 -0.00914939 0.0
9.9223e-05 0.0330089 0.0
-0.000133725 0.120126 0.0
-0.00161314 0.168799 0.0
-0.00438294 0.194308 0.0
-0.00779337 0.209606 0.0
-0.0113817 0.220831 0.0
-0.014935 0.230113 0.0
-0.0183688 0.238031 0.0
-0.0216472 0.244702 0.0
-0.0247505 0.250135 0.0
-0.0276651 0.254334 0.0
-0.0303814 0.257311 0.0
-0.0328926 0.259096 0.0
-0.0351954 0.259732 0.0
-0.0372891 0.259275 0.0
-0.0391764 0.257796 0.0
-0.0408624 0.255375 0.0
-0.0423551 0.2521 0.0
-0.0436647 0.248067 0.0
-0.0448036 0.243376 0.0
-0.045786 0.238131 0.0
-0.0466275 0.232435 0.0
-0.0473448 0.226391 0.0
-0.047955 0.220095 0.0
-0.0484752 0.213638 0.0
-0.0489222 0.207104 0.0
-0.0493114 0.200563 0.0
-0.0496569 0.194077 0.0
-0.0499709 0.187693 0.0
-0.0502633 0.181446 0.0
-0.0505418 0.175358 0.0
-0.0508119 0.169441 0.0
-0.0510769 0.163697 0.0
-0.0513384 0.158119 0.0
-0.0515965 0.152697 0.0
-0.0518502 0.147415 0.0
-0.052098 0.142257 0.0
-0.0523378 0.137205 0.0
-0.0525677 0.132243 0.0
-0.0527859 0.127357 0.0
-0.0529908 0.122533 0.0
-0.0531813 0.117762 0.0
-0.0533568 0.113036 0.0
-0.0535171 0.108348 0.0
-0.0536622 0.103693 0.0
-0.0537926 0.0990685 0.0
-0.053909 0.094472 0.0
-0.0540122 0.0899019 0.0
-0.0541031 0.085357 0.0
-0.0541827 0.0808362 0.0
-0.0542521 0.0763387 0.0
-0.0543121 0.0718634 0.0
-0.0543637 0.0674091 0.0
-0.0544077 0.0629746 0.0
-0.0544448 0.0585584 0.0
-0.0544757 0.0541589 0.0
-0.0545009 0.0497741 0.0
-0.054521 0.0454022 0.0
-0.0545363 0.0410411 0.0
-0.0545473 0.0366887 0.0
-0.0545543 0.0323428 0.0
-0.0545575 0.0280012 0.0
-0.0545572 0.0236616 0.0
-0.0545537 0.0193219 0.0
-0.054547 0.0149797 0.0
-0.0545376 0.0106329 0.0
-0.0545255 0.00627918 0.0
-0.054511 0.00191632 0.0
-0.0544943 -0.00245793 0.0
-0.0544758 -0.0068472 0.0
-0.0544555 -0.0112545 0.0
-0.0544337 -0.0156825 0.0
-0.0544105 -0.0201333 0.0
-0.0543861 -0.0246094 0.0
-0.0543606 -0.0291132 0.0
-0.054334 -0.033647 0.0
-0.0543066 -0.0382132 0.0
-0.0542783 -0.0428142 0.0
-0.0542494 -0.0474524 0.0
-0.0542198 -0.0521304 0.0
-0.0541896 -0.0568507 0.0
-0.054159 -0.061616 0.0
-0.0541278 -0.0664291 0.0
-0.0540962 -0.0712928 0.0
-0.0540639 -0.0762099 0.0
-0.0540306 -0.0811835 0.0
-0.0539961 -0.0862163 0.0
-0.0539598 -0.0913113 0.0
-0.053921 -0.0964711 0.0
-0.0538791 -0.101699 0.0
-0.0538328 -0.106996 0.0
-0.0537811 -0.112366 0.0
-0.0537221 -0.11781 0.0
-0.0536537 -0.12333 0.0
-0.0535736 -0.128924 0.0
-0.0534787 -0.134593 0.0
-0.0533659 -0.140334 0.0
-0.0532313 -0.146144 0.0
-0.0530706 -0.152017 0.0
-0.0528792 -0.157948 0.0
-0.052652 -0.163926 0.0
-0.0523835 -0.169941 0.0
-0.052068 -0.175981 0.0
-0.0517 -0.18203 0.0
-0.0512738 -0.188074 0.0
-0.0507846 -0.194095 0.0
-0.0502288 -0.200079 0.0
-0.0496055 -0.206015 0.0
-0.048918 -0.211903 0.0
-0.0481778 -0.217761 0.0
-0.0474097 -0.223648 0.0
-0.0466597 -0.229693 0.0
-0.0460059 -0.236143 0.0
-0.0455694 -0.243439 0.0
-0.0455174 -0.252288 0.0
-0.0460441 -0.263702 0.0
-0.0473106 -0.278893 0.0
-0.0493397 -0.298909 0.0
-0.0519006 -0.324016 0.0
-0.0544554 -0.353035 0.0
-0.0562162 -0.382933 0.0
-0.0562988 -0.408828 0.0
-0.0539138 -0.42429 0.0
-0.0485493 -0.421846 0.0
-0.0401416 -0.393708 0.0
-0.0292561 -0.333188 0.0
-0.0172996 -0.237958 0.0
-0.00674649 -0.118118 0.0
-0.00110185 -0.0113276 0.0
0.000152524 0.0327572 0.0
0.000142606 0.12062 0.0
-0.000933687 0.170861 0.0
-0.00327734 0.197361 0.0
-0.00632592 0.213013 0.0
-0.00959057 0.224277 0.0
-0.0128446 0.233474 0.0
-0.0159981 0.241258 0.0
-0.0190139 0.247769 0.0
-0.0218726 0.253029 0.0
-0.0245613 0.257043 0.0
-0.0270708 0.259828 0.0
-0.0293948 0.261415 0.0
-0.0315299 0.261851 0.0
-0.0334756 0.261195 0.0
-0.0352338 0.259521 0.0
-0.0368094 0.256911 0.0
-0.0382094 0.253456 0.0
-0.0394431 0.249254 0.0
-0.0405219 0.244407 0.0
-0.0414586 0.23902 0.0
-0.0422676 0.233197 0.0
-0.042964 0.227042 0.0
-0.0435633 0.220652 0.0
-0.0440811 0.214118 0.0
-0.0445325 0.207522 0.0
-0.0449313 0.200933 0.0
-0.0452901 0.194412 0.0
-0.0456196 0.188002 0.0
-0.0459285 0.181738 0.0
-0.0462236 0.175639 0.0
-0.0465094 0.169715 0.0
-0.0467886 0.163966 0.0
-0.0470624 0.158385 0.0
-0.0473308 0.152958 0.0
-0.0475928 0.14767 0.0
-0.047847 0.142504 0.0
-0.0480914 0.137442 0.0
-0.0483246 0.132469 0.0
-0.048545 0.127569 0.0
-0.0487513 0.122732 0.0
-0.0489428 0.117946 0.0
-0.0491192 0.113204 0.0
-0.0492803 0.108501 0.0
-0.0494266 0.103831 0.0
-0.0495586 0.0991926 0.0
-0.049677 0.0945827 0.0
-0.0497828 0.0900002 0.0
-0.0498769 0.0854438 0.0
-0.0499604 0.0809126 0.0
-0.0500343 0.0764056 0.0
-0.0500995 0.0719217 0.0
-0.0501569 0.0674598 0.0
-0.0502072 0.0630184 0.0
-0.0502513 0.0585959 0.0
-0.0502898 0.0541907 0.0
-0.0503232 0.0498009 0.0
-0.050352 0.0454243 0.0
-0.0503767 0.041059 0.0
-0.0503976 0.0367027 0.0
-0.050415 0.0323532 0.0
-0.0504292 0.0280082 0.0
-0.0504405 0.0236656 0.0
-0.0504491 0.019323 0.0
-0.0504551 0.0149781 0.0
-0.0504588 0.0106288 0.0
-0.0504604 0.00627284 0.0
-0.0504602 0.00190799 0.0
-0.0504585 -0.00246797 0.0
-0.0504555 -0.00685872 0.0
-0.0504514 -0.0112673 0.0
-0.0504465 -0.0156963 0.0
-0.050441 -0.0201481 0.0
-0.0504349 -0.0246251 0.0
-0.0504284 -0.0291296 0.0
-0.0504216 -0.033664 0.0
-0.0504144 -0.0382307 0.0
-0.0504071 -0.0428322 0.0
-0.0503997 -0.0474708 0.0
-0.0503921 -0.0521492 0.0
-0.0503845 -0.0568697 0.0
-0.0503769 -0.0616352 0.0
-0.0503694 -0.0664485 0.0
-0.0503618 -0.0713125 0.0
-0.0503541 -0.0762302 0.0
-0.050346 -0.0812046 0.0
-0.0503371 -0.0862386 0.0
-0.050327 -0.0913354 0.0
-0.0503149 -0.0964977 0.0
-0.0503003 -0.101728 0.0
-0.0502821 -0.107031 0.0
-0.0502592 -0.112406 0.0
-0.0502299 -0.117858 0.0
-0.0501923 -0.123387 0.0
-0.050144 -0.128995 0.0
-0.0500823 -0.134679 0.0
-0.0500041 -0.140439 0.0
-0.0499058 -0.146272 0.0
-0.0497832 -0.152172 0.0
-0.0496319 -0.158135 0.0
-0.0494468 -0.164151 0.0
-0.0492227 -0.170209 0.0
-0.0489541 -0.176297 0.0
-0.0486353 -0.182401 0.0
-0.0482606 -0.188504 0.0
-0.0478248 -0.194589 0.0
-0.0473238 -0.200641 0.0
-0.0467552 -0.206645 0.0
-0.0461204 -0.212595 0.0
-0.0454271 -0.218502 0.0
-0.044694 -0.224408 0.0
-0.0439585 -0.230418 0.0
-0.0432866 -0.236744 0.0
-0.0427855 -0.243776 0.0
-0.0426108 -0.252177 0.0
-0.0429561 -0.26294 0.0
-0.0440039 -0.27734 0.0
-0.0458257 -0.296611 0.0
-0.0482576 -0.321321 0.0
-0.0508229 -0.35061 0.0
-0.052767 -0.381654 0.0
-0.0532045 -0.409587 0.0
-0.0513162 -0.427804 0.0
-0.0465421 -0.428471 0.0
-0.0387575 -0.403276 0.0
-0.028457 -0.344807 0.0
-0.0169712 -0.249781 0.0
-0.00669937 -0.127119 0.0
-0.00112041 -0.0135498 0.0
0.000206512 0.0323981 0.0
0.000396989 0.120799 0.0
-0.000291467 0.172447 0.0
-0.00219694 0.200023 0.0
-0.00487975 0.216081 0.0
-0.00782213 0.227416 0.0
-0.0107802 0.236548 0.0
-0.0136573 0.244214 0.0
-0.0164145 0.250586 0.0
-0.0190327 0.25569 0.0
-0.0214996 0.259538 0.0
-0.0238063 0.262149 0.0
-0.025947 0.263558 0.0
-0.0279182 0.263814 0.0
-0.0297192 0.262979 0.0
-0.0313517 0.261129 0.0
-0.0328198 0.258347 0.0
-0.0341298 0.254729 0.0
-0.0352899 0.250374 0.0
-0.0363104 0.245385 0.0
-0.0372029 0.23987 0.0
-0.0379802 0.233933 0.0
-0.0386559 0.227679 0.0
-0.0392441 0.221204 0.0
-0.0397586 0.214599 0.0
-0.0402128 0.207946 0.0
-0.0406193 0.201314 0.0
-0.0409889 0.194759 0.0
-0.0413312 0.188326 0.0
-0.0416537 0.182045 0.0
-0.041962 0.175935 0.0
-0.0422602 0.170003 0.0
-0.0425504 0.164248 0.0
-0.0428335 0.15866 0.0
-0.0431093 0.153227 0.0
-0.0433769 0.147931 0.0
-0.0436349 0.142755 0.0
-0.043882 0.137682 0.0
-0.0441166 0.132696 0.0
-0.0443376 0.127783 0.0
-0.0445441 0.122931 0.0
-0.0447356 0.11813 0.0
-0.044912 0.113373 0.0
-0.0450733 0.108655 0.0
-0.0452201 0.103971 0.0
-0.0453531 0.0993182 0.0
-0.0454732 0.0946956 0.0
-0.0455812 0.0901012 0.0
-0.0456782 0.085534 0.0
-0.0457652 0.080993 0.0
-0.0458432 0.0764771 0.0
-0.0459132 0.0719853 0.0
-0.0459759 0.0675163 0.0
-0.0460323 0.0630686 0.0
-0.046083 0.0586405 0.0
-0.0461287 0.0542303 0.0
-0.0461699 0.0498359 0.0
-0.0462071 0.0454553 0.0
-0.0462408 0.0410863 0.0
-0.0462712 0.0367267 0.0
-0.0462987 0.0323742 0.0
-0.0463236 0.0280264 0.0
-0.0463462 0.0236812 0.0
-0.0463665 0.0193362 0.0
-0.0463849 0.0149892 0.0
-0.0464015 0.010638 0.0
-0.0464166 0.00628037 0.0
-0.0464305 0.00191412 0.0
-0.0464434 -0.00246292 0.0
-0.0464557 -0.00685446 0.0
-0.0464677 -0.0112636 0.0
-0.0464796 -0.015693 0.0
-0.0464916 -0.020145 0.0
-0.0465038 -0.0246221 0.0
-0.0465163 -0.0291266 0.0
-0.0465292 -0.0336609 0.0
-0.0465425 -0.0382276 0.0
-0.0465563 -0.0428289 0.0
-0.0465706 -0.0474674 0.0
-0.0465853 -0.0521455 0.0
-0.0466005 -0.0568658 0.0
-0.0466163 -0.061631 0.0
-0.0466327 -0.066444 0.0
-0.0466496 -0.0713077 0.0
-0.046667 -0.0762253 0.0
-0.0466845 -0.0812 0.0
-0.0467018 -0.0862348 0.0
-0.0467184 -0.0913328 0.0
-0.0467337 -0.096497 0.0
-0.046747 -0.101731 0.0
-0.0467574 -0.107036 0.0
-0.0467638 -0.112417 0.0
-0.0467648 -0.117876 0.0
-0.0467586 -0.123414 0.0
-0.0467428 -0.129032 0.0
-0.0467149 -0.134731 0.0
-0.0466718 -0.140508 0.0
-0.0466103 -0.146362 0.0
-0.0465264 -0.152288 0.0
-0.0464157 -0.158281 0.0
-0.0462734 -0.164332 0.0
-0.0460944 -0.170431 0.0
-0.0458734 -0.176565 0.0
-0.0456047 -0.18272 0.0
-0.0452826 -0.188881 0.0
-0.0449019 -0.195029 0.0
-0.0444579 -0.201147 0.0
-0.0439473 -0.207218 0.0
-0.0433699 -0.213234 0.0
-0.0427303 -0.219196 0.0
-0.0420427 -0.225135 0.0
-0.0413366 -0.231133 0.0
-0.0406675 -0.23737 0.0
-0.0401288 -0.24419 0.0
-0.0398632 -0.252204 0.0
-0.040059 -0.262373 0.0
-0.0409126 -0.276006 0.0
-0.0425361 -0.294499 0.0
-0.0448283 -0.318709 0.0
-0.0473753 -0.34811 0.0
-0.0494619 -0.380123 0.0
-0.050208 -0.409935 0.0
-0.048771 -0.430782 0.0
-0.0445476 -0.43449 0.0
-0.0373561 -0.412232 0.0
-0.0276238 -0.355883 0.0
-0.0166067 -0.261208 0.0
-0.00662906 -0.135942 0.0
-0.00113244 -0.0158027 0.0
0.000255146 0.0319365 0.0
0.000639737 0.120685 0.0
0.000318534 0.17357 0.0
-0.00115425 0.202279 0.0
-0.00345644 0.218811 0.0
-0.00607713 0.230249 0.0
-0.00874236 0.239338 0.0
-0.0113468 0.246906 0.0
-0.0138496 0.253154 0.0
-0.0162312 0.258121 0.0
-0.0184801 0.261822 0.0
-0.0205878 0.264279 0.0
-0.0225487 0.26553 0.0
-0.0243595 0.265624 0.0
-0.026019 0.264629 0.0
-0.0275287 0.262621 0.0
-0.0288919 0.259687 0.0
-0.0301142 0.255922 0.0
-0.0312026 0.25143 0.0
-0.0321663 0.246314 0.0
-0.0330156 0.240683 0.0
-0.0337616 0.234644 0.0
-0.0344167 0.228299 0.0
-0.0349931 0.221748 0.0
-0.0355033 0.21508 0.0
-0.0359589 0.208376 0.0
-0.036371 0.201703 0.0
-0.0367491 0.195118 0.0
-0.0371015 0.188662 0.0
-0.0374346 0.182365 0.0
-0.0377533 0.176243 0.0
-0.0380608 0.170302 0.0
-0.038359 0.164538 0.0
-0.0386485 0.158943 0.0
-0.038929 0.153501 0.0
-0.0391998 0.148195 0.0
-0.0394597 0.143009 0.0
-0.0397074 0.137924 0.0
-0.0399418 0.132924 0.0
-0.0401621 0.127997 0.0
-0.0403676 0.123129 0.0
-0.0405581 0.118313 0.0
-0.0407336 0.113541 0.0
-0.0408944 0.108808 0.0
-0.0410412 0.10411 0.0
-0.0411747 0.0994449 0.0
-0.0412958 0.09481 0.0
-0.0414056 0.0902045 0.0
-0.041505 0.0856271 0.0
-0.0415951 0.0810769 0.0
-0.0416768 0.0765529 0.0
-0.0417511 0.0720538 0.0
-0.0418189 0.0675784 0.0
-0.0418808 0.0631249 0.0
-0.0419377 0.0586918 0.0
-0.0419902 0.0542771 0.0
-0.0420388 0.0498788 0.0
-0.0420839 0.0454948 0.0
-0.0421261 0.0411227 0.0
-0.0421657 0.0367603 0.0
-0.042203 0.0324054 0.0
-0.0422382 0.0280554 0.0
-0.0422717 0.0237082 0.0
-0.0423035 0.0193614 0.0
-0.042334 0.0150129 0.0
-0.0423633 0.0106603 0.0
-0.0423916 0.00630154 0.0
-0.0424193 0.00193448 0.0
-0.0424466 -0.00244301 0.0
-0.042474 -0.00683464 0.0
-0.0425018 -0.0112436 0.0
-0.0425304 -0.0156726 0.0
-0.0425598 -0.020124 0.0
-0.0425902 -0.0246004 0.0
-0.0426218 -0.0291041 0.0
-0.0426545 -0.0336377 0.0
-0.0426884 -0.0382035 0.0
-0.0427235 -0.0428041 0.0
-0.0427597 -0.0474418 0.0
-0.042797 -0.0521191 0.0
-0.0428354 -0.0568385 0.0
-0.0428749 -0.0616029 0.0
-0.0429156 -0.066415 0.0
-0.0429574 -0.0712779 0.0
-0.0430003 -0.0761949 0.0
-0.0430439 -0.0811693 0.0
-0.043088 -0.0862041 0.0
-0.043132 -0.0913028 0.0
-0.0431753 -0.0964684 0.0
-0.0432172 -0.101704 0.0
-0.0432569 -0.107013 0.0
-0.0432934 -0.112398 0.0
-0.0433254 -0.117862 0.0
-0.0433512 -0.123408 0.0
-0.0433686 -0.129036 0.0
-0.0433751 -0.134748 0.0
-0.043368 -0.140541 0.0
-0.0433439 -0.146415 0.0
-0.0432993 -0.152364 0.0
-0.0432299 -0.158385 0.0
-0.0431312 -0.164469 0.0
-0.042998 -0.170606 0.0
-0.0428254 -0.176783 0.0
-0.0426078 -0.182988 0.0
-0.0423395 -0.189203 0.0
-0.0420152 -0.195411 0.0
-0.0416301 -0.201593 0.0
-0.0411801 -0.207732 0.0
-0.0406639 -0.213814 0.0
-0.0400838 -0.219836 0.0
-0.03945 -0.225817 0.0
-0.0387857 -0.231822 0.0
-0.0381368 -0.237999 0.0
-0.0375842 -0.244652 0.0
-0.0372565 -0.252335 0.0
-0.0373337 -0.261968 0.0
-0.0380192 -0.274872 0.0
-0.0394582 -0.292571 0.0
-0.0416065 -0.316196 0.0
-0.0441136 -0.345569 0.0
-0.0463079 -0.378384 0.0
-0.0473211 -0.409915 0.0
-0.0462928 -0.433267 0.0
-0.0425814 -0.43994 0.0
-0.0359524 -0.420603 0.0
-0.0267688 -0.366428 0.0
-0.0162143 -0.272234 0.0
-0.00653914 -0.144568 0.0
-0.00113847 -0.0180736 0.0
0.000300444 0.0313809 0.0
0.000877168 0.12028 0.0
0.000898417 0.174276 0.0
-0.00015463 0.204099 0.0
-0.00205971 0.221198 0.0
-0.00435625 0.232779 0.0
-0.00673121 0.241848 0.0
-0.00906678 0.249336 0.0
-0.0113188 0.255479 0.0
-0.0134679 0.260327 0.0
-0.0155024 0.2639 0.0
-0.0174146 0.266222 0.0
-0.0191991 0.267332 0.0
-0.0208524 0.267285 0.0
-0.0223734 0.266148 0.0
-0.0237628 0.264 0.0
-0.0250234 0.260931 0.0
-0.0261598 0.257037 0.0
-0.0271781 0.252422 0.0
-0.0280862 0.247193 0.0
-0.0288928 0.24146 0.0
-0.0296079 0.235328 0.0
-0.0302421 0.228904 0.0
-0.0308062 0.222284 0.0
-0.0313108 0.215559 0.0
-0.0317662 0.208808 0.0
-0.032182 0.202099 0.0
-0.0325663 0.195485 0.0
-0.0329262 0.189008 0.0
-0.0332672 0.182694 0.0
-0.0335935 0.176559 0.0
-0.0339076 0.170607 0.0
-0.0342111 0.164834 0.0
-0.0345044 0.159229 0.0
-0.0347873 0.153777 0.0
-0.0350591 0.148461 0.0
-0.0353188 0.143263 0.0
-0.0355655 0.138164 0.0
-0.0357984 0.133151 0.0
-0.0360167 0.128209 0.0
-0.0362201 0.123326 0.0
-0.0364086 0.118495 0.0
-0.0365824 0.113709 0.0
-0.0367421 0.108962 0.0
-0.0368882 0.10425 0.0
-0.0370216 0.0995721 0.0
-0.0371433 0.0949257 0.0
-0.0372543 0.0903096 0.0
-0.0373556 0.0857227 0.0
-0.0374483 0.0811641 0.0
-0.0375332 0.0766325 0.0
-0.0376113 0.0721267 0.0
-0.0376835 0.0676454 0.0
-0.0377506 0.0631869 0.0
-0.0378132 0.0587494 0.0
-0.0378719 0.0543308 0.0
-0.0379274 0.0499292 0.0
-0.0379801 0.0455423 0.0
-0.0380304 0.0411677 0.0
-0.0380787 0.0368032 0.0
-0.0381253 0.0324464 0.0
-0.0381705 0.0280948 0.0
-0.0382146 0.0237463 0.0
-0.0382576 0.0193983 0.0
-0.0382999 0.0150488 0.0
-0.0383416 0.0106954 0.0
-0.038383 0.00633613 0.0
-0.0384242 0.00196884 0.0
-0.0384658 -0.00240848 0.0
-0.038508 -0.00679948 0.0
-0.0385515 -0.0112075 0.0
-0.0385965 -0.0156352 0.0
-0.0386433 -0.0200852 0.0
-0.0386919 -0.0245601 0.0
-0.0387425 -0.0290623 0.0
-0.038795 -0.0335943 0.0
-0.0388496 -0.0381585 0.0
-0.0389061 -0.0427575 0.0
-0.0389645 -0.0473937 0.0
-0.0390247 -0.0520696 0.0
-0.0390866 -0.0567877 0.0
-0.0391502 -0.0615505 0.0
-0.0392157 -0.0663612 0.0
-0.0392829 -0.0712227 0.0
-0.0393518 -0.0761384 0.0
-0.0394222 -0.0811118 0.0
-0.0394936 -0.0861461 0.0
-0.0395657 -0.0912448 0.0
-0.0396377 -0.0964111 0.0
-0.0397089 -0.101648 0.0
-0.0397787 -0.106959 0.0
-0.0398461 -0.112347 0.0
-0.0399099 -0.117817 0.0
-0.0399686 -0.123369 0.0
-0.04002 -0.129007 0.0
-0.0400617 -0.13473 0.0
-0.0400912 -0.140537 0.0
-0.0401055 -0.146428 0.0
-0.0401009 -0.1524 0.0
-0.0400737 -0.158446 0.0
-0.0400192 -0.164561 0.0
-0.0399328 -0.170733 0.0
-0.0398094 -0.176952 0.0
-0.0396438 -0.183203 0.0
-0.0394304 -0.18947 0.0
-0.0391639 -0.195735 0.0
-0.0388393 -0.201979 0.0
-0.0384523 -0.208183 0.0
-0.0380003 -0.214331 0.0
-0.0374843 -0.220415 0.0
-0.0369111 -0.226445 0.0
-0.0362988 -0.23247 0.0
-0.0356849 -0.238613 0.0
-0.0351384 -0.245137 0.0
-0.0347745 -0.252542 0.0
-0.0347622 -0.261696 0.0
-0.0353064 -0.273914 0.0
-0.0365779 -0.290819 0.0
-0.0385838 -0.313794 0.0
-0.0410353 -0.343012 0.0
-0.0433085 -0.376473 0.0
-0.044552 -0.409569 0.0
-0.043893 -0.4353 0.0
-0.0406563 -0.444855 0.0
-0.034559 -0.428414 0.0
-0.0259029 -0.376457 0.0
-0.0158019 -0.282861 0.0
-0.00643305 -0.152985 0.0
-0.00113909 -0.0203512 0.0
0.000341881 0.0307386 0.0
0.0011042 0.119583 0.0
0.00146126 0.174594 0.0
0.000807115 0.205488 0.0
-0.000702759 0.223225 0.0
-0.00266019 0.235007 0.0
-0.00474653 0.244081 0.0
-0.00681677 0.251508 0.0
-0.00882194 0.257564 0.0
-0.0107419 0.262311 0.0
-0.0125656 0.265774 0.0
-0.0142856 0.26798 0.0
-0.0158966 0.26897 0.0
-0.0173952 0.2688 0.0
-0.0187801 0.26754 0.0
-0.0200515 0.26527 0.0
-0.0212114 0.262082 0.0
-0.0222635 0.258074 0.0
-0.0232129 0.253352 0.0
-0.0240661 0.248024 0.0
-0.0248306 0.2422 0.0
-0.0255149 0.235987 0.0
-0.0261278 0.229492 0.0
-0.0266786 0.222811 0.0
-0.0271765 0.216034 0.0
-0.0276302 0.209241 0.0
-0.0280477 0.202498 0.0
-0.0284361 0.195858 0.0
-0.0288013 0.18936 0.0
-0.0291478 0.183029 0.0
-0.029479 0.176881 0.0
-0.0297972 0.170917 0.0
-0.0301035 0.165134 0.0
-0.0303984 0.159518 0.0
-0.0306815 0.154055 0.0
-0.0309524 0.148726 0.0
-0.0312103 0.143515 0.0
-0.0314544 0.138403 0.0
-0.0316843 0.133375 0.0
-0.0318994 0.128418 0.0
-0.0320998 0.123521 0.0
-0.0322854 0.118675 0.0
-0.0324568 0.113874 0.0
-0.0326145 0.109113 0.0
-0.0327593 0.104389 0.0
-0.032892 0.0996993 0.0
-0.0330137 0.095042 0.0
-0.0331254 0.090416 0.0
-0.033228 0.0858203 0.0
-0.0333227 0.0812538 0.0
-0.0334103 0.0767153 0.0
-0.0334917 0.0722035 0.0
-0.0335678 0.067717 0.0
-0.0336394 0.063254 0.0
-0.0337071 0.0588126 0.0
-0.0337717 0.0543909 0.0
-0.0338335 0.0499865 0.0
-0.0338932 0.0455974 0.0
-0.0339511 0.041221 0.0
-0.0340077 0.0368549 0.0
-0.0340633 0.0324969 0.0
-0.034118 0.0281444 0.0
-0.0341723 0.023795 0.0
-0.0342262 0.0194466 0.0
-0.0342801 0.0150967 0.0
-0.034334 0.0107432 0.0
-0.0343882 0.00638396 0.0
-0.0344429 0.002017 0.0
-0.0344984 -0.00235959 0.0
-0.0345553 -0.00674918 0.0
-0.0346143 -0.0111553 0.0
-0.0346756 -0.015581 0.0
-0.0347396 -0.0200288 0.0
-0.0348063 -0.0245012 0.0
-0.0348759 -0.029001 0.0
-0.0349484 -0.0335305 0.0
-0.0350238 -0.0380923 0.0
-0.0351019 -0.042689 0.0
-0.0351827 -0.0473231 0.0
-0.035266 -0.0519968 0.0
-0.0353518 -0.0567128 0.0
-0.03544 -0.0614736 0.0
-0.0355306 -0.066282 0.0
-0.0356237 -0.0711415 0.0
-0.0357192 -0.0760552 0.0
-0.0358169 -0.0810269 0.0
-0.0359164 -0.08606 0.0
-0.0360172 -0.0911581 0.0
-0.0361187 -0.0963244 0.0
-0.0362201 -0.101562 0.0
-0.0363208 -0.106875 0.0
-0.03642 -0.112265 0.0
-0.0365165 -0.117738 0.0
-0.0366088 -0.123296 0.0
-0.0366951 -0.128942 0.0
-0.036773 -0.134675 0.0
-0.0368401 -0.140496 0.0
-0.0368935 -0.146403 0.0
-0.0369299 -0.152394 0.0
-0.0369456 -0.158464 0.0
-0.0369363 -0.164607 0.0
-0.0368975 -0.170812 0.0
-0.0368243 -0.177069 0.0
-0.0367117 -0.183364 0.0
-0.0365544 -0.18968 0.0
-0.0363469 -0.195999 0.0
-0.0360843 -0.202302 0.0
-0.0357622 -0.208569 0.0
-0.0353773 -0.214782 0.0
-0.0349291 -0.220928 0.0
-0.0344221 -0.227012 0.0
-0.03387 -0.233068 0.0
-0.0333033 -0.239196 0.0
-0.0327804 -0.245623 0.0
-0.032403 -0.252797 0.0
-0.0323279 -0.261529 0.0
-0.0327573 -0.273107 0.0
-0.0338805 -0.28923 0.0
-0.0357498 -0.311507 0.0
-0.0381358 -0.340462 0.0
-0.0404643 -0.374422 0.0
-0.0419058 -0.408935 0.0
-0.0415799 -0.436919 0.0
-0.0387827 -0.44927 0.0
-0.0331864 -0.435693 0.0
-0.0250355 -0.385985 0.0
-0.0153761 -0.293093 0.0
-0.00631405 -0.161184 0.0
-0.00113497 -0.0226252 0.0
0.000379608 0.0300171 0.0
0.00132049 0.118601 0.0
0.00200804 0.174531 0.0
0.00174045 0.206472 0.0
0.000614559 0.224876 0.0
-0.000997592 0.236925 0.0
-0.00278903 0.246041 0.0
-0.00459636 0.253426 0.0
-0.00635812 0.259412 0.0
-0.00805248 0.264077 0.0
-0.00966852 0.267448 0.0
-0.0111992 0.269556 0.0
-0.0126394 0.270445 0.0
-0.0139858 0.27017 0.0
-0.0152367 0.268805 0.0
-0.0163919 0.266431 0.0
-0.0174526 0.263141 0.0
-0.0184217 0.259036 0.0
-0.0193031 0.254221 0.0
-0.0201021 0.248807 0.0
-0.0208247 0.242904 0.0
-0.0214779 0.236621 0.0
-0.0220691 0.230062 0.0
-0.0226059 0.223328 0.0
-0.0230959 0.216505 0.0
-0.0235463 0.209675 0.0
-0.0239639 0.2029 0.0
-0.0243543 0.196235 0.0
-0.0247225 0.189716 0.0
-0.0250723 0.183369 0.0
-0.0254063 0.177206 0.0
-0.0257263 0.17123 0.0
-0.0260333 0.165434 0.0
-0.0263277 0.159807 0.0
-0.0266091 0.154331 0.0
-0.0268773 0.148989 0.0
-0.0271318 0.143764 0.0
-0.027372 0.138638 0.0
-0.0275976 0.133596 0.0
-0.0278086 0.128624 0.0
-0.0280048 0.123712 0.0
-0.0281868 0.118852 0.0
-0.0283549 0.114037 0.0
-0.0285099 0.109263 0.0
-0.0286527 0.104527 0.0
-0.0287841 0.0998257 0.0
-0.0289051 0.0951583 0.0
-0.0290168 0.0905231 0.0
-0.0291202 0.0859193 0.0
-0.0292163 0.0813455 0.0
-0.0293059 0.0768008 0.0
-0.0293901 0.0722836 0.0
-0.0294695 0.0677925 0.0
-0.029545 0.0633256 0.0
-0.0296173 0.058881 0.0
-0.029687 0.0544567 0.0
-0.0297547 0.0500503 0.0
-0.0298209 0.0456595 0.0
-0.0298859 0.0412819 0.0
-0.0299503 0.036915 0.0
-0.0300143 0.0325564 0.0
-0.0300782 0.0282036 0.0
-0.0301423 0.0238542 0.0
-0.0302068 0.0195058 0.0
-0.0302718 0.0151563 0.0
-0.0303377 0.0108034 0.0
-0.0304046 0.00644489 0.0
-0.0304726 0.00207887 0.0
-0.030542 -0.00229659 0.0
-0.0306133 -0.00668392 0.0
-0.0306876 -0.0110873 0.0
-0.0307652 -0.01551 0.0
-0.0308464 -0.0199546 0.0
-0.0309312 -0.0244238 0.0
-0.0310198 -0.0289202 0.0
-0.0311122 -0.0334463 0.0
-0.0312084 -0.0380049 0.0
-0.0313084 -0.0425984 0.0
-0.0314118 -0.0472294 0.0
-0.0315187 -0.0519003 0.0
-0.0316286 -0.0566135 0.0
-0.0317418 -0.0613715 0.0
-0.0318581 -0.0661771 0.0
-0.0319776 -0.0710337 0.0
-0.0321002 -0.0759448 0.0
-0.0322258 -0.080914 0.0
-0.032354 -0.0859451 0.0
-0.0324844 -0.0910418 0.0
-0.0326162 -0.0962074 0.0
-0.0327486 -0.101445 0.0
-0.0328811 -0.106758 0.0
-0.0330129 -0.112151 0.0
-0.033143 -0.117626 0.0
-0.03327 -0.123189 0.0
-0.0333922 -0.128841 0.0
-0.0335072 -0.134583 0.0
-0.0336128 -0.140415 0.0
-0.0337063 -0.146336 0.0
-0.0337847 -0.152345 0.0
-0.0338443 -0.158437 0.0
-0.0338812 -0.164606 0.0
-0.0338909 -0.170842 0.0
-0.0338689 -0.177134 0.0
-0.0338104 -0.18347 0.0
-0.0337102 -0.189832 0.0
-0.033563 -0.196202 0.0
-0.0333639 -0.202561 0.0
-0.0331084 -0.208888 0.0
-0.0327928 -0.215163 0.0
-0.0324156 -0.221372 0.0
-0.0319795 -0.227511 0.0
-0.0314945 -0.233605 0.0
-0.030985 -0.239735 0.0
-0.0305003 -0.246092 0.0
-0.0301294 -0.253076 0.0
-0.0300159 -0.261438 0.0
-0.030356 -0.272428 0.0
-0.0313513 -0.287791 0.0
-0.033093 -0.309336 0.0
-0.0354081 -0.337932 0.0
-0.0377734 -0.372258 0.0
-0.0393849 -0.408046 0.0
-0.0393596 -0.438159 0.0
-0.0369685 -0.453218 0.0
-0.0318435 -0.442466 0.0
-0.0241746 -0.395032 0.0
-0.014943 -0.302937 0.0
-0.00618517 -0.16916 0.0
-0.00112676 -0.0248869 0.0
0.000413802 0.0292237 0.0
0.00152567 0.117342 0.0
0.00253698 0.174092 0.0
0.00265193 0.207064 0.0
0.00189941 0.226162 0.0
0.000626075 0.238525 0.0
-0.000863764 0.247723 0.0
-0.00240545 0.255093 0.0
-0.00392654 0.261028 0.0
-0.00539842 0.265627 0.0
-0.00680964 0.268925 0.0
-0.00815358 0.270954 0.0
-0.00942538 0.271759 0.0
-0.0106217 0.271399 0.0
-0.0117404 0.269946 0.0
-0.0127809 0.267485 0.0
-0.0137437 0.26411 0.0
-0.0146307 0.259923 0.0
-0.0154448 0.25503 0.0
-0.0161899 0.249543 0.0
-0.0168707 0.243572 0.0
-0.0174926 0.237228 0.0
-0.0180614 0.230615 0.0
-0.0185833 0.223833 0.0
-0.0190642 0.216971 0.0
-0.01951 0.210106 0.0
-0.0199259 0.203303 0.0
-0.0203167 0.196613 0.0
-0.020686 0.190075 0.0
-0.021037 0.183711 0.0
-0.0213718 0.177533 0.0
-0.0216917 0.171543 0.0
-0.0219975 0.165734 0.0
-0.0222895 0.160093 0.0
-0.0225676 0.154604 0.0
-0.0228316 0.149249 0.0
-0.0230813 0.144009 0.0
-0.0233163 0.138868 0.0
-0.0235366 0.133811 0.0
-0.0237422 0.128825 0.0
-0.0239335 0.123899 0.0
-0.0241108 0.119025 0.0
-0.024275 0.114197 0.0
-0.0244266 0.10941 0.0
-0.0245666 0.104662 0.0
-0.024696 0.0999509 0.0
-0.0248157 0.0952739 0.0
-0.0249268 0.0906303 0.0
-0.0250302 0.0860189 0.0
-0.025127 0.0814387 0.0
-0.0252181 0.0768883 0.0
-0.0253043 0.0723664 0.0
-0.0253864 0.0678713 0.0
-0.0254652 0.0634012 0.0
-0.0255415 0.058954 0.0
-0.0256158 0.0545277 0.0
-0.0256887 0.0501199 0.0
-0.0257607 0.0457281 0.0
-0.0258324 0.04135 0.0
-0.025904 0.0369829 0.0
-0.025976 0.0326244 0.0
-0.0260486 0.028272 0.0
-0.0261221 0.0239233 0.0
-0.0261966 0.0195758 0.0
-0.0262725 0.0152273 0.0
-0.0263499 0.0108756 0.0
-0.0264291 0.00651871 0.0
-0.0265103 0.00215441 0.0
-0.0265935 -0.00221957 0.0
-0.0266794 -0.00660371 0.0
-0.0267692 -0.0110035 0.0
-0.026863 -0.0154223 0.0
-0.0269613 -0.0198629 0.0
-0.0270641 -0.0243279 0.0
-0.0271717 -0.0288199 0.0
-0.0272841 -0.0333418 0.0
-0.0274013 -0.037896 0.0
-0.0275231 -0.0424854 0.0
-0.0276495 -0.0471125 0.0
-0.0277801 -0.0517798 0.0
-0.0279147 -0.0564895 0.0
-0.0280531 -0.0612439 0.0
-0.0281956 -0.066046 0.0
-0.028342 -0.070899 0.0
-0.0284924 -0.0758065 0.0
-0.0286465 -0.0807725 0.0
-0.0288042 -0.0858008 0.0
-0.0289648 -0.0908952 0.0
-0.0291277 -0.0960593 0.0
-0.0292921 -0.101296 0.0
-0.0294573 -0.106609 0.0
-0.0296226 -0.112002 0.0
-0.0297873 -0.11748 0.0
-0.0299501 -0.123046 0.0
-0.0301091 -0.128703 0.0
-0.0302623 -0.134452 0.0
-0.0304075 -0.140295 0.0
-0.0305421 -0.146229 0.0
-0.0306634 -0.152253 0.0
-0.0307681 -0.158365 0.0
-0.0308521 -0.164558 0.0
-0.0309114 -0.170822 0.0
-0.0309417 -0.177146 0.0
-0.0309384 -0.183519 0.0
-0.0308964 -0.189924 0.0
-0.0308107 -0.196343 0.0
-0.0306765 -0.202754 0.0
-0.0304892 -0.209138 0.0
-0.030245 -0.215473 0.0
-0.0299415 -0.221742 0.0
-0.02958 -0.227938 0.0
-0.0291678 -0.234075 0.0
-0.0287241 -0.240218 0.0
-0.0282899 -0.246528 0.0
-0.0279427 -0.253358 0.0
-0.0278127 -0.2614 0.0
-0.0280874 -0.271852 0.0
-0.0289758 -0.286483 0.0
-0.0306014 -0.307276 0.0
-0.0328441 -0.335434 0.0
-0.035232 -0.370003 0.0
-0.0369898 -0.406932 0.0
-0.0372354 -0.439053 0.0
-0.0352195 -0.456731 0.0
-0.030537 -0.44876 0.0
-0.0233269 -0.403617 0.0
-0.0145079 -0.312403 0.0
-0.00604916 -0.176911 0.0
-0.00111511 -0.0271288 0.0
0.000444617 0.0283652 0.0
0.00171954 0.115813 0.0
0.00304684 0.173281 0.0
0.00353975 0.207267 0.0
0.00315901 0.227093 0.0
0.00221845 0.239808 0.0
0.00102384 0.249124 0.0
-0.000249065 0.256507 0.0
-0.00152695 0.262414 0.0
-0.00277866 0.266965 0.0
-0.00398738 0.270207 0.0
-0.00514687 0.272175 0.0
-0.0062523 0.272915 0.0
-0.00730011 0.272487 0.0
-0.00828816 0.270965 0.0
-0.00921517 0.268434 0.0
-0.010081 0.26499 0.0
-0.0108865 0.260736 0.0
-0.0116336 0.255779 0.0
-0.012325 0.250231 0.0
-0.0129639 0.244204 0.0
-0.0135542 0.237808 0.0
-0.0141001 0.23115 0.0
-0.0146061 0.224327 0.0
-0.0150768 0.217429 0.0
-0.0155166 0.210533 0.0
-0.0159295 0.203704 0.0
-0.0163189 0.196992 0.0
-0.0166878 0.190434 0.0
-0.0170384 0.184053 0.0
-0.0173722 0.17786 0.0
-0.0176902 0.171855 0.0
-0.0179932 0.166031 0.0
-0.0182813 0.160376 0.0
-0.0185545 0.154872 0.0
-0.018813 0.149503 0.0
-0.0190565 0.144248 0.0
-0.0192852 0.139093 0.0
-0.0194991 0.134021 0.0
-0.0196985 0.12902 0.0
-0.0198838 0.12408 0.0
-0.0200558 0.119193 0.0
-0.0202151 0.114352 0.0
-0.0203625 0.109554 0.0
-0.020499 0.104795 0.0
-0.0206257 0.100074 0.0
-0.0207434 0.0953882 0.0
-0.0208531 0.0907369 0.0
-0.020956 0.0861187 0.0
-0.0210528 0.0815326 0.0
-0.0211446 0.0769773 0.0
-0.0212321 0.0724512 0.0
-0.0213163 0.0679528 0.0
-0.0213978 0.06348 0.0
-0.0214773 0.059031 0.0
-0.0215555 0.0546033 0.0
-0.021633 0.0501947 0.0
-0.0217104 0.0458027 0.0
-0.021788 0.0414247 0.0
-0.0218664 0.0370582 0.0
-0.0219459 0.0327006 0.0
-0.0220267 0.0283493 0.0
-0.0221091 0.0240019 0.0
-0.0221934 0.019656 0.0
-0.0222797 0.0153093 0.0
-0.0223682 0.0109596 0.0
-0.0224591 0.00660487 0.0
-0.0225527 0.0022431 0.0
-0.0226499 -0.0021279 0.0
-0.0227511 -0.00650828 0.0
-0.0228564 -0.0109038 0.0
-0.0229666 -0.015318 0.0
-0.023082 -0.0197536 0.0
-0.0232029 -0.0242135 0.0
-0.0233294 -0.0287002 0.0
-0.0234618 -0.0332167 0.0
-0.0235999 -0.0377657 0.0
-0.0237439 -0.0423499 0.0
-0.0238933 -0.0469722 0.0
-0.024048 -0.0516349 0.0
-0.0242075 -0.0563403 0.0
-0.0243717 -0.0610904 0.0
-0.0245407 -0.065888 0.0
-0.0247146 -0.0707366 0.0
-0.0248933 -0.0756398 0.0
-0.0250766 -0.0806017 0.0
-0.0252644 -0.0856262 0.0
-0.0254561 -0.0907174 0.0
-0.025651 -0.0958793 0.0
-0.0258482 -0.101115 0.0
-0.026047 -0.106427 0.0
-0.0262469 -0.11182 0.0
-0.0264472 -0.117298 0.0
-0.0266467 -0.122865 0.0
-0.0268437 -0.128527 0.0
-0.0270362 -0.134283 0.0
-0.027222 -0.140133 0.0
-0.0273988 -0.146078 0.0
-0.0275642 -0.152117 0.0
-0.027715 -0.158246 0.0
-0.0278473 -0.16446 0.0
-0.0279573 -0.17075 0.0
-0.0280409 -0.177104 0.0
-0.0280939 -0.183512 0.0
-0.0281114 -0.189956 0.0
-0.0280884 -0.196419 0.0
-0.0280205 -0.20288 0.0
-0.027903 -0.209317 0.0
-0.0277319 -0.21571 0.0
-0.0275045 -0.222037 0.0
-0.0272209 -0.228289 0.0
-0.0268861 -0.234472 0.0
-0.0265151 -0.240636 0.0
-0.026142 -0.246917 0.0
-0.0258333 -0.253625 0.0
-0.0257062 -0.26139 0.0
-0.0259378 -0.271355 0.0
-0.0267399 -0.28529 0.0
-0.0282627 -0.305322 0.0
-0.0304347 -0.332974 0.0
-0.0328347 -0.367675 0.0
-0.0347187 -0.405618 0.0
-0.0352092 -0.43963 0.0
-0.0335399 -0.459839 0.0
-0.0292725 -0.454603 0.0
-0.0224978 -0.411759 0.0
-0.0140751 -0.321503 0.0
-0.00590846 -0.184437 0.0
-0.00110067 -0.0293446 0.0
0.000472196 0.0274484 0.0
0.00190197 0.114026 0.0
0.00353683 0.172107 0.0
0.00440269 0.207082 0.0
0.00439217 0.227669 0.0
0.00378406 0.240781 0.0
0.00288183 0.250248 0.0
0.00187107 0.257666 0.0
0.000834963 0.263568 0.0
-0.0001936 0.268091 0.0
-0.00120022 0.271297 0.0
-0.00217703 0.273222 0.0
-0.00311776 0.273914 0.0
-0.00401837 0.273436 0.0
-0.00487692 0.271862 0.0
-0.00569132 0.269278 0.0
-0.00646057 0.265781 0.0
-0.00718494 0.261474 0.0
-0.00786526 0.256467 0.0
-0.00850293 0.250871 0.0
-0.00909981 0.244799 0.0
-0.00965803 0.238361 0.0
-0.0101802 0.231664 0.0
-0.0106694 0.224807 0.0
-0.0111289 0.217879 0.0
-0.0115616 0.210956 0.0
-0.0119702 0.204103 0.0
-0.012357 0.19737 0.0
-0.012724 0.190793 0.0
-0.0130727 0.184394 0.0
-0.0134041 0.178184 0.0
-0.0137189 0.172163 0.0
-0.0140175 0.166324 0.0
-0.0143003 0.160654 0.0
-0.0145675 0.155135 0.0
-0.0148191 0.14975 0.0
-0.0150555 0.144481 0.0
-0.0152767 0.13931 0.0
-0.0154832 0.134224 0.0
-0.0156754 0.129209 0.0
-0.015854 0.124255 0.0
-0.0160197 0.119355 0.0
-0.0161733 0.114503 0.0
-0.0163158 0.109693 0.0
-0.0164481 0.104925 0.0
-0.0165712 0.100194 0.0
-0.0166861 0.0955005 0.0
-0.0167938 0.0908421 0.0
-0.0168953 0.0862178 0.0
-0.0169915 0.0816265 0.0
-0.0170833 0.0770669 0.0
-0.0171715 0.0725374 0.0
-0.0172569 0.0680362 0.0
-0.0173403 0.0635615 0.0
-0.0174225 0.0591112 0.0
-0.017504 0.0546828 0.0
-0.0175855 0.0502742 0.0
-0.0176675 0.0458826 0.0
-0.0177505 0.0415055 0.0
-0.0178351 0.0371403 0.0
-0.0179215 0.0327844 0.0
-0.0180101 0.028435 0.0
-0.0181011 0.0240897 0.0
-0.0181948 0.0197461 0.0
-0.0182913 0.015402 0.0
-0.0183909 0.011055 0.0
-0.0184938 0.00670325 0.0
-0.0186003 0.00234486 0.0
-0.0187111 -0.00202172 0.0
-0.0188266 -0.00639774 0.0
-0.0189473 -0.0107883 0.0
-0.0190736 -0.0151969 0.0
-0.0192061 -0.0196268 0.0
-0.019345 -0.0240805 0.0
-0.0194905 -0.028561 0.0
-0.0196429 -0.0330712 0.0
-0.0198021 -0.0376138 0.0
-0.0199682 -0.0421918 0.0
-0.0201409 -0.0468081 0.0
-0.0203199 -0.0514653 0.0
-0.0205046 -0.0561656 0.0
-0.020695 -0.0609105 0.0
-0.020891 -0.0657028 0.0
-0.0210929 -0.070546 0.0
-0.0213005 -0.0754441 0.0
-0.0215137 -0.0804009 0.0
-0.0217323 -0.0854207 0.0
-0.0219558 -0.0905078 0.0
-0.0221835 -0.0956664 0.0
-0.0224144 -0.1009 0.0
-0.0226478 -0.10621 0.0
-0.0228833 -0.111601 0.0
-0.0231203 -0.117079 0.0
-0.0233576 -0.122648 0.0
-0.0235937 -0.128311 0.0
-0.0238265 -0.134073 0.0
-0.0240541 -0.13993 0.0
-0.0242743 -0.145884 0.0
-0.0244849 -0.151935 0.0
-0.0246829 -0.158079 0.0
-0.0248647 -0.164313 0.0
-0.0250265 -0.170626 0.0
-0.0251646 -0.177007 0.0
-0.0252751 -0.183446 0.0
-0.0253532 -0.189927 0.0
-0.0253943 -0.196431 0.0
-0.0253939 -0.202937 0.0
-0.0253477 -0.209424 0.0
-0.0252515 -0.21587 0.0
-0.0251023 -0.222253 0.0
-0.0248994 -0.228559 0.0
-0.0246459 -0.23479 0.0
-0.0243535 -0.240982 0.0
-0.0240501 -0.247248 0.0
-0.0237928 -0.25386 0.0
-0.0236858 -0.261389 0.0
-0.0238948 -0.270916 0.0
-0.0246307 -0.284191 0.0
-0.0260649 -0.303463 0.0
-0.02817 -0.330555 0.0
-0.030575 -0.365288 0.0
-0.0325687 -0.404127 0.0
-0.033281 -0.439919 0.0
-0.0319321 -0.462569 0.0
-0.0280536 -0.460019 0.0
-0.0216917 -0.41948 0.0
-0.0136484 -0.330248 0.0
-0.00576523 -0.191741 0.0
-0.001084 -0.0315293 0.0
0.000496672 0.0264796 0.0
0.00207294 0.111988 0.0
0.00400636 0.170576 0.0
0.00523984 0.206514 0.0
0.00559804 0.227889 0.0
0.00532253 0.241444 0.0
0.00471155 0.251098 0.0
0.00396066 0.258578 0.0
0.00316258 0.264491 0.0
0.00235386 0.269006 0.0
0.00154915 0.272193 0.0
0.000756479 0.274095 0.0
-1.9077e-05 0.274758 0.0
-0.000773484 0.274248 0.0
-0.00150354 0.272639 0.0
-0.00220586 0.270018 0.0
-0.00287861 0.266484 0.0
-0.00352179 0.26214 0.0
-0.00413517 0.257096 0.0
-0.00471898 0.251464 0.0
-0.00527366 0.245358 0.0
-0.00579944 0.238887 0.0
-0.00629711 0.232159 0.0
-0.00676866 0.225273 0.0
-0.00721595 0.218319 0.0
-0.0076405 0.211373 0.0
-0.00804369 0.204498 0.0
-0.00842677 0.197745 0.0
-0.00879074 0.191149 0.0
-0.0091364 0.184732 0.0
-0.00946427 0.178505 0.0
-0.00977465 0.172468 0.0
-0.0100678 0.166612 0.0
-0.0103441 0.160925 0.0
-0.010604 0.155391 0.0
-0.0108478 0.14999 0.0
-0.011076 0.144705 0.0
-0.0112888 0.13952 0.0
-0.011487 0.134419 0.0
-0.0116712 0.12939 0.0
-0.0118421 0.124423 0.0
-0.0120007 0.119511 0.0
-0.0121478 0.114647 0.0
-0.0122845 0.109828 0.0
-0.0124118 0.10505 0.0
-0.0125306 0.100311 0.0
-0.0126419 0.09561 0.0
-0.0127468 0.0909452 0.0
-0.0128462 0.0863155 0.0
-0.0129409 0.0817198 0.0
-0.0130319 0.0771565 0.0
-0.01312 0.0726241 0.0
-0.013206 0.0681209 0.0
-0.0132907 0.0636449 0.0
-0.0133747 0.059194 0.0
-0.0134588 0.0547657 0.0
-0.0135436 0.0503576 0.0
-0.0136296 0.0459672 0.0
-0.0137175 0.0415918 0.0
-0.0138076 0.0372288 0.0
-0.0139005 0.0328753 0.0
-0.0139964 0.0285286 0.0
-0.0140956 0.0241863 0.0
-0.0141982 0.0198459 0.0
-0.0143046 0.0155052 0.0
-0.0144151 0.0111619 0.0
-0.0145298 0.00681405 0.0
-0.0146492 0.00245996 0.0
-0.0147735 -0.00190174 0.0
-0.0149032 -0.00627244 0.0
-0.015039 -0.0106571 0.0
-0.0151815 -0.0150593 0.0
-0.0153311 -0.0194823 0.0
-0.0154881 -0.023929 0.0
-0.0156527 -0.0284023 0.0
-0.0158252 -0.0329051 0.0
-0.0160055 -0.0374403 0.0
-0.0161938 -0.042011 0.0
-0.0163899 -0.0466202 0.0
-0.0165934 -0.0512708 0.0
-0.0168037 -0.0559651 0.0
-0.0170205 -0.0607039 0.0
-0.017244 -0.0654899 0.0
-0.0174745 -0.0703267 0.0
-0.0177116 -0.0752186 0.0
-0.0179553 -0.0801694 0.0
-0.0182054 -0.0851835 0.0
-0.0184614 -0.0902654 0.0
-0.0187228 -0.0954197 0.0
-0.0189883 -0.10065 0.0
-0.0192573 -0.105957 0.0
-0.0195294 -0.111346 0.0
-0.019804 -0.116822 0.0
-0.0200802 -0.122391 0.0
-0.0203565 -0.128056 0.0
-0.020631 -0.133821 0.0
-0.0209015 -0.139684 0.0
-0.0211662 -0.145646 0.0
-0.0214232 -0.151706 0.0
-0.0216696 -0.157864 0.0
-0.021902 -0.164114 0.0
-0.0221169 -0.170447 0.0
-0.0223108 -0.176853 0.0
-0.0224799 -0.18332 0.0
-0.0226199 -0.189834 0.0
-0.0227263 -0.196376 0.0
-0.0227949 -0.202923 0.0
-0.0228214 -0.209457 0.0
-0.0228016 -0.215953 0.0
-0.0227326 -0.222388 0.0
-0.0226127 -0.228747 0.0
-0.0224439 -0.235025 0.0
-0.0222351 -0.241248 0.0
-0.0220088 -0.247511 0.0
-0.0218136 -0.254049 0.0
-0.0217418 -0.261379 0.0
-0.0219468 -0.270512 0.0
-0.0226356 -0.28317 0.0
-0.0239959 -0.30169 0.0
-0.0260403 -0.328179 0.0
-0.0284459 -0.362854 0.0
-0.0305357 -0.402477 0.0
-0.0314496 -0.439942 0.0
-0.0303971 -0.464947 0.0
-0.0268832 -0.465033 0.0
-0.020912 -0.426799 0.0
-0.0132309 -0.338653 0.0
-0.00562135 -0.198829 0.0
-0.00106564 -0.0336789 0.0
0.000518165 0.0254647 0.0
0.00223248 0.109713 0.0
0.00445503 0.168696 0.0
0.00605052 0.205565 0.0
0.006776 0.227754 0.0
0.00683377 0.241796 0.0
0.00651408 0.251676 0.0
0.00602145 0.259243 0.0
0.00545844 0.265187 0.0
0.00486648 0.269711 0.0
0.00426148 0.272898 0.0
0.00365142 0.274793 0.0
0.00304114 0.275445 0.0
0.00243456 0.274921 0.0
0.00183529 0.273295 0.0
0.00124628 0.270653 0.0
0.000669866 0.267097 0.0
0.000107766 0.262731 0.0
-0.000438651 0.257664 0.0
-0.000968304 0.252009 0.0
-0.00148075 0.24588 0.0
-0.00197375 0.239383 0.0
-0.00244589 0.232632 0.0
-0.00289875 0.225725 0.0
-0.00333309 0.218749 0.0
-0.00374873 0.211782 0.0
-0.00414572 0.204888 0.0
-0.00452422 0.198116 0.0
-0.00488431 0.191502 0.0
-0.00522611 0.185067 0.0
-0.00554968 0.178822 0.0
-0.00585478 0.172766 0.0
-0.00614136 0.166893 0.0
-0.00641013 0.161189 0.0
-0.00666181 0.155638 0.0
-0.00689688 0.150221 0.0
-0.00711588 0.144921 0.0
-0.00731949 0.139721 0.0
-0.00750848 0.134605 0.0
-0.00768373 0.129563 0.0
-0.00784616 0.124584 0.0
-0.00799678 0.11966 0.0
-0.00813661 0.114785 0.0
-0.0082667 0.109957 0.0
-0.00838806 0.10517 0.0
-0.00850173 0.100424 0.0
-0.00860869 0.0957159 0.0
-0.00870992 0.0910454 0.0
-0.00880634 0.0864111 0.0
-0.00889886 0.0818115 0.0
-0.00898833 0.0772452 0.0
-0.00907559 0.0727107 0.0
-0.00916141 0.0682062 0.0
-0.00924656 0.0637295 0.0
-0.00933176 0.0592786 0.0
-0.0094177 0.0548511 0.0
-0.00950504 0.0504444 0.0
-0.00959441 0.0460559 0.0
-0.00968641 0.041683 0.0
-0.00978157 0.0373229 0.0
-0.00988036 0.0329728 0.0
-0.0099831 0.0286297 0.0
-0.0100899 0.0242911 0.0
-0.010201 0.0199548 0.0
-0.0103169 0.0156186 0.0
-0.0104379 0.01128 0.0
-0.0105643 0.00693712 0.0
-0.0106962 0.0025882 0.0
-0.010834 -0.00176797 0.0
-0.010978 -0.00613242 0.0
-0.0111291 -0.0105102 0.0
-0.0112878 -0.014905 0.0
-0.0114546 -0.0193202 0.0
-0.0116297 -0.0237589 0.0
-0.0118136 -0.028224 0.0
-0.0120062 -0.0327184 0.0
-0.0122077 -0.0372451 0.0
-0.0124182 -0.0418073 0.0
-0.0126378 -0.0464082 0.0
-0.012866 -0.051051 0.0
-0.0131021 -0.0557384 0.0
-0.0133458 -0.0604701 0.0
-0.0135973 -0.0652486 0.0
-0.0138568 -0.0700781 0.0
-0.0141241 -0.0749628 0.0
-0.0143989 -0.0799066 0.0
-0.0146812 -0.084914 0.0
-0.0149705 -0.0899895 0.0
-0.0152663 -0.0951384 0.0
-0.0155673 -0.100365 0.0
-0.0158728 -0.105668 0.0
-0.0161826 -0.111054 0.0
-0.016496 -0.116527 0.0
-0.0168121 -0.122094 0.0
-0.0171298 -0.127759 0.0
-0.017447 -0.133526 0.0
-0.0177616 -0.139394 0.0
-0.0180721 -0.145361 0.0
-0.0183767 -0.151429 0.0
-0.0186728 -0.157598 0.0
-0.0189571 -0.163863 0.0
-0.0192262 -0.170215 0.0
-0.019477 -0.176641 0.0
-0.0197061 -0.183134 0.0
-0.0199093 -0.189678 0.0
-0.0200823 -0.196253 0.0
-0.0202211 -0.202839 0.0
-0.0203218 -0.209415 0.0
-0.0203801 -0.215957 0.0
-0.0203929 -0.222441 0.0
-0.0203583 -0.228849 0.0
-0.0202772 -0.235173 0.0
-0.020156 -0.24143 0.0
-0.0200131 -0.247699 0.0
-0.0198893 -0.254181 0.0
-0.0198659 -0.261342 0.0
-0.0200836 -0.270126 0.0
-0.0207433 -0.282208 0.0
-0.0220446 -0.29999 0.0
-0.0240355 -0.325843 0.0
-0.0264397 -0.36038 0.0
-0.0286147 -0.400686 0.0
-0.0297126 -0.439721 0.0
-0.0289349 -0.466998 0.0
-0.0257628 -0.469668 0.0
-0.0201611 -0.433736 0.0
-0.0128249 -0.346733 0.0
-0.00547839 -0.205705 0.0
-0.00104606 -0.0357906 0.0
0.00053678 0.0244098 0.0
0.00238059 0.107209 0.0
0.00488245 0.166474 0.0
0.00683405 0.204239 0.0
0.0079254 0.227263 0.0
0.00831763 0.241837 0.0
0.00829013 0.251982 0.0
0.00805498 0.259665 0.0
0.0077249 0.265658 0.0
0.0073472 0.270209 0.0
0.00693979 0.273412 0.0
0.00651083 0.275318 0.0
0.00606493 0.275977 0.0
0.00560585 0.275455 0.0
0.00513724 0.273829 0.0
0.00466216 0.271184 0.0
0.00418355 0.267622 0.0
0.00370425 0.263248 0.0
0.00322671 0.258171 0.0
0.00275327 0.252505 0.0
0.00228635 0.246363 0.0
0.00182825 0.239851 0.0
0.00138103 0.233084 0.0
0.000946242 0.226161 0.0
0.000525063 0.219169 0.0
0.000118635 0.212185 0.0
-0.000271821 0.205273 0.0
-0.000645227 0.198483 0.0
-0.00100083 0.19185 0.0
-0.00133816 0.185397 0.0
-0.00165702 0.179134 0.0
-0.00195631 0.173059 0.0
-0.00223538 0.167166 0.0
-0.00249569 0.161445 0.0
-0.00273841 0.155877 0.0
-0.00296398 0.150443 0.0
-0.00317312 0.145127 0.0
-0.00336668 0.139912 0.0
-0.00354567 0.134782 0.0
-0.00371115 0.129727 0.0
-0.00386423 0.124735 0.0
-0.00400603 0.119801 0.0
-0.00413768 0.114916 0.0
-0.00426028 0.110078 0.0
-0.00437491 0.105284 0.0
-0.00448258 0.100531 0.0
-0.00458431 0.0958173 0.0
-0.00468105 0.091142 0.0
-0.00477372 0.0865036 0.0
-0.0048632 0.0819009 0.0
-0.00495034 0.0773324 0.0
-0.00503595 0.0727965 0.0
-0.00512081 0.0682912 0.0
-0.00520568 0.0638146 0.0
-0.0052913 0.0593644 0.0
-0.00537836 0.0549383 0.0
-0.00546755 0.0505337 0.0
-0.00555954 0.046148 0.0
-0.00565496 0.0417784 0.0
-0.00575444 0.0374222 0.0
-0.00585855 0.0330764 0.0
-0.00596765 0.0287379 0.0
-0.00608154 0.0244036 0.0
-0.00620047 0.0200724 0.0
-0.00632527 0.0157417 0.0
-0.00645642 0.0114091 0.0
-0.00659414 0.00707221 0.0
-0.00673856 0.00272948 0.0
-0.00688976 -0.0016203 0.0
-0.00704823 -0.00597758 0.0
-0.00721471 -0.0103474 0.0
-0.00738981 -0.0147339 0.0
-0.00757399 -0.0191404 0.0
-0.00776754 -0.02357 0.0
-0.00797069 -0.0280259 0.0
-0.0081836 -0.0325109 0.0
-0.0084064 -0.0370282 0.0
-0.00863922 -0.0415809 0.0
-0.00888224 -0.0461721 0.0
-0.00913532 -0.0508058 0.0
-0.00939748 -0.0554854 0.0
-0.00966824 -0.0602087 0.0
-0.00994816 -0.0649785 0.0
-0.0102373 -0.0697995 0.0
-0.0105353 -0.074676 0.0
-0.010842 -0.0796119 0.0
-0.0111571 -0.0846114 0.0
-0.0114803 -0.0896795 0.0
-0.0118114 -0.0948216 0.0
-0.0121488 -0.100043 0.0
-0.0124917 -0.105341 0.0
-0.0128401 -0.110722 0.0
-0.0131934 -0.116192 0.0
-0.0135507 -0.121755 0.0
-0.0139108 -0.127419 0.0
-0.0142719 -0.133187 0.0
-0.0146319 -0.139058 0.0
-0.0149894 -0.145029 0.0
-0.0153428 -0.151103 0.0
-0.0156898 -0.157281 0.0
-0.0160273 -0.163559 0.0
-0.0163519 -0.169925 0.0
-0.016661 -0.17637 0.0
-0.0169514 -0.182885 0.0
-0.0172191 -0.189455 0.0
-0.0174599 -0.196061 0.0
-0.0176704 -0.202681 0.0
-0.0178466 -0.209295 0.0
-0.0179845 -0.21588 0.0
-0.0180808 -0.222408 0.0
-0.0181336 -0.228863 0.0
-0.0181426 -0.235231 0.0
-0.0181126 -0.241523 0.0
-0.0180583 -0.247803 0.0
-0.0180139 -0.254245 0.0
-0.0180504 -0.261265 0.0
-0.0182959 -0.26974 0.0
-0.0189433 -0.281287 0.0
-0.0202001 -0.298353 0.0
-0.0221459 -0.323544 0.0
-0.0245484 -0.357873 0.0
-0.0268002 -0.398767 0.0
-0.0280669 -0.439277 0.0
-0.0275445 -0.468743 0.0
-0.0246931 -0.473947 0.0
-0.0194406 -0.440312 0.0
-0.0124324 -0.354502 0.0
-0.00533766 -0.212377 0.0
-0.00102569 -0.0378623 0.0
0.000552604 0.0233204 0.0
0.00251728 0.10449 0.0
0.00528822 0.163921 0.0
0.00758972 0.20254 0.0
0.00904549 0.226415 0.0
0.0097737 0.241565 0.0
0.01004 0.252016 0.0
0.0100624 0.259844 0.0
0.00996381 0.265908 0.0
0.00979834 0.270502 0.0
0.00958663 0.273738 0.0
0.00933734 0.275671 0.0
0.00905494 0.276352 0.0
0.00874301 0.27585 0.0
0.00840516 0.27424 0.0
0.00804464 0.271608 0.0
0.00766494 0.268056 0.0
0.00726972 0.263688 0.0
0.00686246 0.258615 0.0
0.00644668 0.25295 0.0
0.00602609 0.246806 0.0
0.00560402 0.240289 0.0
0.00518373 0.233514 0.0
0.00476875 0.226581 0.0
0.00436197 0.219577 0.0
0.00396594 0.212579 0.0
0.0035831 0.205652 0.0
0.0032156 0.198845 0.0
0.00286515 0.192194 0.0
0.00253309 0.185723 0.0
0.00222044 0.17944 0.0
0.00192783 0.173344 0.0
0.00165537 0.167432 0.0
0.00140274 0.161692 0.0
0.00116911 0.156106 0.0
0.000953477 0.150655 0.0
0.000754808 0.145323 0.0
0.000571961 0.140092 0.0
0.000403704 0.134949 0.0
0.000248758 0.129881 0.0
0.000105836 0.124878 0.0
-2.63318e-05 0.119932 0.0
-0.000148955 0.115039 0.0
-0.000263201 0.110193 0.0
-0.000370195 0.105391 0.0
-0.000471 0.100632 0.0
-0.000566621 0.0959134 0.0
-0.00065801 0.091234 0.0
-0.000746075 0.0865924 0.0
-0.000831684 0.0819873 0.0
-0.00091567 0.0774172 0.0
-0.000998835 0.0728805 0.0
-0.00108196 0.0683752 0.0
-0.0011658 0.0638993 0.0
-0.00125108 0.0594506 0.0
-0.00133853 0.0550266 0.0
-0.00142885 0.0506249 0.0
-0.00152271 0.0462427 0.0
-0.00162081 0.0418773 0.0
-0.00172383 0.0375259 0.0
-0.00183245 0.0331855 0.0
-0.00194732 0.0288528 0.0
-0.00206772 0.024523 0.0
-0.00219382 0.020198 0.0
-0.00232711 0.0158742 0.0
-0.00246803 0.0115487 0.0
-0.00261681 0.00721912 0.0
-0.00277357 0.00288376 0.0
-0.00293833 -0.00145859 0.0
-0.00311143 -0.0058077 0.0
-0.00329352 -0.0101687 0.0
-0.00348522 -0.0145458 0.0
-0.00368696 -0.0189425 0.0
-0.00389905 -0.0233622 0.0
-0.0041217 -0.0278079 0.0
-0.00435504 -0.0322827 0.0
-0.00459918 -0.0367896 0.0
-0.00485432 -0.0413316 0.0
-0.00512074 -0.0459119 0.0
-0.00539869 -0.0505349 0.0
-0.00568705 -0.0552057 0.0
-0.0059853 -0.0599193 0.0
-0.00629417 -0.0646791 0.0
-0.00661352 -0.0694904 0.0
-0.0069429 -0.0743576 0.0
-0.00728197 -0.0792845 0.0
-0.0076305 -0.0842752 0.0
-0.00798838 -0.0893345 0.0
-0.00835538 -0.0944685 0.0
-0.00873001 -0.0996839 0.0
-0.00911133 -0.104976 0.0
-0.00949946 -0.110351 0.0
-0.00989372 -0.115815 0.0
-0.0102932 -0.121375 0.0
-0.010697 -0.127036 0.0
-0.0111031 -0.132803 0.0
-0.0115097 -0.138675 0.0
-0.0119154 -0.144648 0.0
-0.0123189 -0.150727 0.0
-0.0127182 -0.156911 0.0
-0.0131101 -0.163199 0.0
-0.0134915 -0.169579 0.0
-0.0138601 -0.176039 0.0
-0.0142131 -0.182573 0.0
-0.0145466 -0.189167 0.0
-0.0148567 -0.195799 0.0
-0.0151401 -0.202449 0.0
-0.0153934 -0.209098 0.0
-0.0156123 -0.215721 0.0
-0.0157938 -0.22229 0.0
-0.0159357 -0.228787 0.0
-0.0160372 -0.235196 0.0
-0.0161016 -0.241523 0.0
-0.0161404 -0.247818 0.0
-0.0161822 -0.254232 0.0
-0.0162885 -0.261135 0.0
-0.0165753 -0.269337 0.0
-0.0172258 -0.280392 0.0
-0.0184525 -0.296765 0.0
-0.020362 -0.321276 0.0
-0.0227641 -0.355336 0.0
-0.0250862 -0.39673 0.0
-0.0265087 -0.438624 0.0
-0.0262243 -0.470202 0.0
-0.023674 -0.477889 0.0
-0.0187516 -0.446544 0.0
-0.0120548 -0.361974 0.0
-0.00520024 -0.218854 0.0
-0.00100489 -0.0398929 0.0
0.000565708 0.0222021 0.0
0.00264249 0.101567 0.0
0.00567186 0.161044 0.0
0.00831665 0.200471 0.0
0.0101353 0.22521 0.0
0.0112012 0.240976 0.0
0.0117637 0.251776 0.0
0.0120444 0.259781 0.0
0.0121765 0.265938 0.0
0.0122217 0.270593 0.0
0.012204 0.273877 0.0
0.0121331 0.275852 0.0
0.0120134 0.276573 0.0
0.0118484 0.276107 0.0
0.0116415 0.274529 0.0
0.0113962 0.271925 0.0
0.0111164 0.268398 0.0
0.0108066 0.264051 0.0
0.010471 0.258995 0.0
0.0101144 0.253343 0.0
0.00974146 0.247207 0.0
0.00935685 0.240695 0.0
0.00896522 0.23392 0.0
0.00857162 0.226983 0.0
0.00818056 0.219972 0.0
0.00779601 0.212964 0.0
0.0074217 0.206024 0.0
0.00706085 0.199201 0.0
0.0067162 0.192533 0.0
0.00638985 0.186042 0.0
0.0060834 0.17974 0.0
0.00579757 0.173623 0.0
0.00553253 0.167691 0.0
0.00528826 0.161931 0.0
0.00506407 0.156325 0.0
0.00485875 0.150857 0.0
0.004671 0.145508 0.0
0.0044994 0.140262 0.0
0.00434249 0.135104 0.0
0.00419876 0.130024 0.0
0.00406675 0.12501 0.0
0.00394503 0.120054 0.0
0.00383227 0.115152 0.0
0.00372721 0.110299 0.0
0.00362868 0.105491 0.0
0.00353559 0.100726 0.0
0.00344691 0.0960034 0.0
0.0033617 0.0913206 0.0
0.00327906 0.0866765 0.0
0.00319812 0.0820697 0.0
0.00311806 0.0774988 0.0
0.0030381 0.072962 0.0
0.00295745 0.0684574 0.0
0.00287536 0.063983 0.0
0.00279109 0.0595365 0.0
0.00270392 0.0551154 0.0
0.00261314 0.0507172 0.0
0.00251804 0.0463393 0.0
0.00241795 0.0419788 0.0
0.00231223 0.037633 0.0
0.00220035 0.0332989 0.0
0.00208196 0.0289728 0.0
0.001956 0.0246494 0.0
0.00182193 0.0203317 0.0
0.00167991 0.0160158 0.0
0.00152933 0.0116986 0.0
0.00136973 0.00737762 0.0
0.0012008 0.00305097 0.0
0.00102246 -0.00128267 0.0
0.000834561 -0.0056226 0.0
0.000636673 -0.00997383 0.0
0.000428263 -0.0143406 0.0
0.000208849 -0.0187266 0.0
-2.19558e-05 -0.0231352 0.0
-0.000264261 -0.0275699 0.0
-0.000518118 -0.0320335 0.0
-0.00078371 -0.036529 0.0
-0.00106119 -0.0410595 0.0
-0.00135084 -0.045628 0.0
-0.00165329 -0.0502385 0.0
-0.0019679 -0.0548992 0.0
-0.00229426 -0.0596013 0.0
-0.00263279 -0.0643497 0.0
-0.00298294 -0.0691503 0.0
-0.00334421 -0.0740071 0.0
-0.0037163 -0.0789239 0.0
-0.00409891 -0.0839047 0.0
-0.00449193 -0.0889541 0.0
-0.00489546 -0.0940784 0.0
-0.00530807 -0.0992867 0.0
-0.00572879 -0.104571 0.0
-0.0061578 -0.109939 0.0
-0.00659417 -0.115397 0.0
-0.00703696 -0.120951 0.0
-0.00748537 -0.126608 0.0
-0.00793774 -0.132373 0.0
-0.00839207 -0.138244 0.0
-0.00884732 -0.144218 0.0
-0.00930228 -0.150299 0.0
-0.00975501 -0.156487 0.0
-0.0102027 -0.162783 0.0
-0.0106422 -0.169174 0.0
-0.0110717 -0.175647 0.0
-0.0114886 -0.182195 0.0
-0.0118893 -0.188809 0.0
-0.0122701 -0.195466 0.0
-0.0126279 -0.202142 0.0
-0.0129595 -0.20882 0.0
-0.0132611 -0.215478 0.0
-0.0135294 -0.222083 0.0
-0.0137622 -0.228619 0.0
-0.0139583 -0.235067 0.0
-0.0141197 -0.241427 0.0
-0.0142555 -0.24774 0.0
-0.0143893 -0.254135 0.0
-0.0145741 -0.260942 0.0
-0.0149141 -0.268904 0.0
-0.0155822 -0.279506 0.0
-0.0167923 -0.295214 0.0
-0.0186748 -0.319035 0.0
-0.0210789 -0.35277 0.0
-0.0234666 -0.394585 0.0
-0.025034 -0.437779 0.0
-0.024972 -0.471394 0.0
-0.022705 -0.481515 0.0
-0.0180946 -0.452452 0.0
-0.0116931 -0.369166 0.0
-0.00506696 -0.225144 0.0
-0.000983944 -0.0418818 0.0
0.000576144 0.0210602 0.0
0.00275613 0.0984523 0.0
0.00603278 0.157853 0.0
0.00901381 0.198036 0.0
0.0111935 0.223647 0.0
0.0125992 0.240068 0.0
0.0134606 0.251261 0.0
0.0140012 0.259475 0.0
0.0143639 0.265748 0.0
0.0146186 0.270482 0.0
0.0147936 0.27383 0.0
0.0148999 0.275863 0.0
0.0149422 0.276639 0.0
0.0149239 0.276224 0.0
0.0148482 0.274694 0.0
0.0147189 0.272135 0.0
0.0145402 0.268647 0.0
0.014317 0.264335 0.0
0.0140547 0.259309 0.0
0.0137587 0.253681 0.0
0.0134351 0.247564 0.0
0.0130897 0.241067 0.0
0.0127284 0.2343 0.0
0.0123577 0.227367 0.0
0.0119838 0.220354 0.0
0.0116119 0.213339 0.0
0.0112471 0.206388 0.0
0.0108936 0.199551 0.0
0.0105554 0.192866 0.0
0.0102351 0.186356 0.0
0.00993506 0.180032 0.0
0.00965622 0.173895 0.0
0.00939898 0.167941 0.0
0.00916346 0.16216 0.0
0.00894901 0.156535 0.0
0.00875431 0.151048 0.0
0.00857784 0.145681 0.0
0.00841795 0.14042 0.0
0.00827291 0.135248 0.0
0.00814101 0.130155 0.0
0.00802058 0.12513 0.0
0.00791005 0.120166 0.0
0.00780794 0.115256 0.0
0.0077129 0.110395 0.0
0.00762369 0.105582 0.0
0.00753918 0.100813 0.0
0.00745832 0.0960865 0.0
0.00738016 0.091401 0.0
0.00730378 0.0867552 0.0
0.00722834 0.0821475 0.0
0.00715302 0.0775765 0.0
0.00707703 0.0730403 0.0
0.0069996 0.0685372 0.0
0.00691997 0.064065 0.0
0.00683741 0.0596214 0.0
0.00675117 0.0552039 0.0
0.00666055 0.0508101 0.0
0.00656482 0.0464372 0.0
0.00646331 0.0420825 0.0
0.00635539 0.037743 0.0
0.00624048 0.0334157 0.0
0.00611798 0.0290969 0.0
0.0059867 0.0247826 0.0
0.00584597 0.0204734 0.0
0.00569581 0.0161664 0.0
0.00553583 0.0118586 0.0
0.0053655 0.00754755 0.0
0.00518447 0.00323102 0.0
0.00499263 -0.00109254 0.0
0.00479001 -0.0054222 0.0
0.00457639 -0.0097627 0.0
0.00435134 -0.0141182 0.0
0.00411446 -0.0184926 0.0
0.00386539 -0.0228893 0.0
0.00360384 -0.0273119 0.0
0.00332953 -0.0317633 0.0
0.00304239 -0.0362465 0.0
0.00274238 -0.0407645 0.0
0.0024296 -0.0453205 0.0
0.00210416 -0.0499181 0.0
0.00176361 -0.0545644 0.0
0.00140743 -0.0592535 0.0
0.0010383 -0.0639899 0.0
0.000656932 -0.0687786 0.0
0.000263301 -0.0736238 0.0
-0.000142418 -0.0785293 0.0
-0.000559734 -0.0834993 0.0
-0.00098833 -0.0885379 0.0
-0.0014286 -0.0936508 0.0
-0.00187985 -0.0988504 0.0
-0.00234127 -0.104125 0.0
-0.00281243 -0.109484 0.0
-0.00329204 -0.114935 0.0
-0.00377914 -0.120483 0.0
-0.00427317 -0.126133 0.0
-0.00477279 -0.131895 0.0
-0.00527615 -0.137764 0.0
-0.00578232 -0.143737 0.0
-0.00629004 -0.149817 0.0
-0.00679755 -0.156008 0.0
-0.00730222 -0.16231 0.0
-0.00780129 -0.168708 0.0
-0.00829302 -0.175191 0.0
-0.00877527 -0.181752 0.0
-0.00924454 -0.188383 0.0
-0.00969728 -0.195059 0.0
-0.0101309 -0.201757 0.0
-0.0105425 -0.208462 0.0
-0.0109281 -0.215149 0.0
-0.0112847 -0.221786 0.0
-0.0116102 -0.228357 0.0
-0.0119028 -0.23484 0.0
-0.0121638 -0.241231 0.0
-0.0124001 -0.247564 0.0
-0.0126309 -0.253947 0.0
-0.0129017 -0.260674 0.0
-0.0133056 -0.268428 0.0
-0.0140042 -0.278616 0.0
-0.0152108 -0.293687 0.0
-0.0170757 -0.316814 0.0
-0.0194853 -0.350178 0.0
-0.0219354 -0.39234 0.0
-0.0236383 -0.436754 0.0
-0.0237848 -0.472334 0.0
-0.0217847 -0.484841 0.0
-0.0174695 -0.458051 0.0
-0.0113478 -0.37609 0.0
-0.00493847 -0.231255 0.0
-0.000963109 -0.0438288 0.0
0.000583954 0.0199001 0.0
0.00285802 0.0951584 0.0
0.00637027 0.154358 0.0
0.00967991 0.19524 0.0
0.0122185 0.221724 0.0
0.0139659 0.238837 0.0
0.0151296 0.250466 0.0
0.0159325 0.258926 0.0
0.0165264 0.265341 0.0
0.0169899 0.270172 0.0
0.0173565 0.273599 0.0
0.0176391 0.275705 0.0
0.0178428 0.276551 0.0
0.017971 0.276202 0.0
0.018027 0.274735 0.0
0.0180145 0.272235 0.0
0.017938 0.268802 0.0
0.017803 0.264539 0.0
0.0176155 0.259556 0.0
0.0173821 0.253964 0.0
0.0171096 0.247878 0.0
0.016805 0.241404 0.0
0.0164759 0.234654 0.0
0.0161299 0.22773 0.0
0.0157745 0.22072 0.0
0.0154165 0.213703 0.0
0.0150622 0.206744 0.0
0.014717 0.199894 0.0
0.0143857 0.193193 0.0
0.014072 0.186663 0.0
0.0137785 0.180319 0.0
0.0135068 0.17416 0.0
0.0132576 0.168183 0.0
0.013031 0.16238 0.0
0.0128265 0.156734 0.0
0.0126426 0.151227 0.0
0.0124777 0.145843 0.0
0.0123299 0.140566 0.0
0.0121972 0.13538 0.0
0.0120776 0.130275 0.0
0.0119694 0.125239 0.0
0.0118708 0.120266 0.0
0.0117801 0.115348 0.0
0.0116959 0.110482 0.0
0.0116169 0.105664 0.0
0.0115419 0.100891 0.0
0.0114697 0.0961616 0.0
0.0113995 0.0914743 0.0
0.0113303 0.0868275 0.0
0.0112612 0.0822197 0.0
0.0111914 0.0776493 0.0
0.0111202 0.0731147 0.0
0.0110468 0.0686138 0.0
0.0109704 0.0641445 0.0
0.0108902 0.0597046 0.0
0.0108056 0.0552916 0.0
0.0107158 0.0509029 0.0
0.01062 0.0465359 0.0
0.0105176 0.0421877 0.0
0.0104079 0.0378554 0.0
0.0102903 0.0335359 0.0
0.0101639 0.0292256 0.0
0.0100276 0.0249214 0.0
0.00988083 0.0206221 0.0
0.00972321 0.0163254 0.0
0.00955436 0.0120284 0.0
0.00937382 0.00772862 0.0
0.00918121 0.00342362 0.0
0.00897643 -0.000888493 0.0
0.00875957 -0.00520674 0.0
0.00853056 -0.00953551 0.0
0.0082891 -0.0138789 0.0
0.00803479 -0.0182407 0.0
0.00776726 -0.0226246 0.0
0.00748613 -0.0270339 0.0
0.00719113 -0.0314719 0.0
0.00688207 -0.0359416 0.0
0.00655883 -0.0404461 0.0
0.00622132 -0.0449886 0.0
0.00586926 -0.0495725 0.0
0.00550149 -0.0542017 0.0
0.00511776 -0.0588763 0.0
0.00471934 -0.0635995 0.0
0.00430695 -0.0683753 0.0
0.00388095 -0.0732076 0.0
0.00344166 -0.0781006 0.0
0.00298942 -0.0830585 0.0
0.00252483 -0.0880855 0.0
0.00204871 -0.0931869 0.0
0.00155844 -0.0983729 0.0
0.00105398 -0.103637 0.0
0.000539258 -0.108987 0.0
1.53187e-05 -0.114429 0.0
-0.000517063 -0.119969 0.0
-0.00105734 -0.125613 0.0
-0.00160501 -0.131369 0.0
-0.00215885 -0.137234 0.0
-0.00271755 -0.143202 0.0
-0.0032794 -0.149282 0.0
-0.00384285 -0.155473 0.0
-0.00440576 -0.161778 0.0
-0.00496571 -0.168181 0.0
-0.00552117 -0.17467 0.0
-0.00607016 -0.181241 0.0
-0.00660939 -0.187885 0.0
-0.00713556 -0.194577 0.0
-0.0076465 -0.201294 0.0
-0.00813948 -0.20802 0.0
-0.0086106 -0.214734 0.0
-0.00905719 -0.221399 0.0
-0.00947701 -0.227999 0.0
-0.009868 -0.234514 0.0
-0.0102308 -0.240933 0.0
-0.0105705 -0.247285 0.0
-0.0109028 -0.253662 0.0
-0.0112663 -0.260324 0.0
-0.0117436 -0.267896 0.0
-0.0124848 -0.277708 0.0
-0.0137 -0.292174 0.0
-0.0155567 -0.314606 0.0
-0.0179758 -0.347557 0.0
-0.0204862 -0.39 0.0
-0.0223169 -0.43556 0.0
-0.0226597 -0.473039 0.0
-0.0209116 -0.487885 0.0
-0.016876 -0.463358 0.0
-0.0110194 -0.382761 0.0
-0.00481521 -0.237197 0.0
-0.000942576 -0.0457345 0.0
0.000589167 0.018727 0.0
0.00294798 0.0916986 0.0
0.00668349 0.15057 0.0
0.0103134 0.192089 0.0
0.0132083 0.219442 0.0
0.0152994 0.23728 0.0
0.0167692 0.249389 0.0
0.0178374 0.258132 0.0
0.0186637 0.264715 0.0
0.0193359 0.269662 0.0
0.0198933 0.273185 0.0
0.0203514 0.275379 0.0
0.0207162 0.276309 0.0
0.0209911 0.276042 0.0
0.0211792 0.274652 0.0
0.0212843 0.272226 0.0
0.0213114 0.268861 0.0
0.0212662 0.26466 0.0
0.0211554 0.259733 0.0
0.0209863 0.25419 0.0
0.0207669 0.248144 0.0
0.0205053 0.241703 0.0
0.0202102 0.234978 0.0
0.0198907 0.228071 0.0
0.0195555 0.22107 0.0
0.0192128 0.214054 0.0
0.01887 0.20709 0.0
0.0185339 0.20023 0.0
0.0182102 0.193513 0.0
0.0179033 0.186964 0.0
0.0176167 0.180598 0.0
0.0173524 0.174416 0.0
0.0171112 0.168417 0.0
0.0168937 0.162591 0.0
0.0166991 0.156922 0.0
0.0165262 0.151395 0.0
0.016373 0.145993 0.0
0.0162375 0.140699 0.0
0.0161175 0.1355 0.0
0.0160109 0.130382 0.0
0.0159155 0.125336 0.0
0.0158294 0.120354 0.0
0.0157509 0.115429 0.0
0.0156784 0.110558 0.0
0.0156104 0.105735 0.0
0.0155457 0.100959 0.0
0.0154832 0.0962279 0.0
0.0154218 0.0915396 0.0
0.0153607 0.0868926 0.0
0.0152988 0.0822855 0.0
0.0152356 0.0777166 0.0
0.01517 0.0731842 0.0
0.0151014 0.0686863 0.0
0.0150289 0.0642208 0.0
0.0149519 0.0597854 0.0
0.0148696 0.0553777 0.0
0.0147812 0.0509951 0.0
0.014686 0.0466348 0.0
0.0145833 0.042294 0.0
0.0144723 0.0379699 0.0
0.0143523 0.0336591 0.0
0.0142224 0.0293586 0.0
0.0140817 0.0250654 0.0
0.0139293 0.0207774 0.0
0.0137648 0.0164923 0.0
0.0135878 0.0122074 0.0
0.0133977 0.00792024 0.0
0.0131942 0.00362813 0.0
0.0129772 -0.000671149 0.0
0.0127467 -0.00497671 0.0
0.0125028 -0.0092926 0.0
0.0122452 -0.0136228 0.0
0.0119736 -0.017971 0.0
0.0116877 -0.0223408 0.0
0.0113869 -0.0267358 0.0
0.0110711 -0.0311592 0.0
0.0107399 -0.0356141 0.0
0.0103931 -0.0401036 0.0
0.0100305 -0.044631 0.0
0.00965186 -0.0491993 0.0
0.00925656 -0.0538117 0.0
0.00884458 -0.0584705 0.0
0.0084164 -0.0631787 0.0
0.00797255 -0.0679398 0.0
0.00751342 -0.0727579 0.0
0.00703935 -0.0776369 0.0
0.00655071 -0.0825812 0.0
0.00604793 -0.0875953 0.0
0.00553134 -0.0926843 0.0
0.00500019 -0.0978541 0.0
0.00445488 -0.103106 0.0
0.00389746 -0.108446 0.0
0.00332939 -0.113878 0.0
0.00275164 -0.11941 0.0
0.00216537 -0.125045 0.0
0.00156952 -0.130793 0.0
0.000963095 -0.13665 0.0
0.000349625 -0.142614 0.0
-0.00026765 -0.148691 0.0
-0.000887888 -0.15488 0.0
-0.00151001 -0.161186 0.0
-0.00213244 -0.167591 0.0
-0.00275331 -0.174084 0.0
-0.00337042 -0.180661 0.0
-0.00398092 -0.187315 0.0
-0.004582 -0.19402 0.0
-0.00517176 -0.200751 0.0
-0.00574764 -0.207495 0.0
-0.00630584 -0.21423 0.0
-0.00684394 -0.220918 0.0
-0.00735978 -0.227545 0.0
-0.007851 -0.234086 0.0
-0.00831774 -0.240531 0.0
-0.00876366 -0.246902 0.0
-0.00920128 -0.253276 0.0
-0.00966331 -0.259885 0.0
-0.0102224 -0.267299 0.0
-0.011017 -0.276769 0.0
-0.0122525 -0.290662 0.0
-0.0141103 -0.312404 0.0
-0.0165435 -0.344907 0.0
-0.0191133 -0.38757 0.0
-0.0210653 -0.434207 0.0
-0.0215935 -0.47352 0.0
-0.0200839 -0.490661 0.0
-0.0163132 -0.468388 0.0
-0.0107077 -0.389193 0.0
-0.00469749 -0.24298 0.0
-0.000922488 -0.0475996 0.0
0.000591806 0.0175461 0.0
0.00302573 0.0880869 0.0
0.00697147 0.1465 0.0
0.0109126 0.188587 0.0
0.0141606 0.216801 0.0
0.0165972 0.235394 0.0
0.0183771 0.248026 0.0
0.0197143 0.25709 0.0
0.020775 0.26387 0.0
0.0216563 0.268954 0.0
0.0224042 0.272588 0.0
0.0230373 0.274884 0.0
0.0235629 0.275913 0.0
0.0239846 0.275741 0.0
0.0243055 0.274444 0.0
0.0245294 0.272105 0.0
0.0246614 0.268822 0.0
0.0247077 0.264697 0.0
0.0246756 0.259838 0.0
0.0245731 0.254356 0.0
0.024409 0.248361 0.0
0.0241926 0.241964 0.0
0.0239336 0.235272 0.0
0.0236425 0.228388 0.0
0.0233292 0.221401 0.0
0.0230032 0.214391 0.0
0.0226733 0.207425 0.0
0.0223472 0.200556 0.0
0.0220317 0.193825 0.0
0.0217321 0.187258 0.0
0.0214526 0.18087 0.0
0.0211957 0.174665 0.0
0.0209627 0.168642 0.0
0.0207541 0.162792 0.0
0.0205695 0.1571 0.0
0.0204076 0.151552 0.0
0.0202662 0.146131 0.0
0.0201432 0.14082 0.0
0.0200362 0.135606 0.0
0.0199428 0.130476 0.0
0.0198608 0.12542 0.0
0.0197879 0.120429 0.0
0.0197224 0.115498 0.0
0.0196623 0.110621 0.0
0.0196063 0.105795 0.0
0.0195529 0.101017 0.0
0.0195009 0.0962845 0.0
0.0194493 0.0915959 0.0
0.0193972 0.0869496 0.0
0.0193436 0.082344 0.0
0.0192877 0.0777774 0.0
0.0192286 0.0732481 0.0
0.0191657 0.068754 0.0
0.019098 0.0642932 0.0
0.019025 0.0598632 0.0
0.0189457 0.0554616 0.0
0.0188594 0.0510858 0.0
0.0187654 0.0467332 0.0
0.0186629 0.0424009 0.0
0.0185511 0.0380858 0.0
0.0184293 0.033785 0.0
0.0182965 0.0294954 0.0
0.0181517 0.025214 0.0
0.0179943 0.0209385 0.0
0.0178236 0.0166664 0.0
0.017639 0.012395 0.0
0.01744 0.00812172 0.0
0.0172263 0.00384386 0.0
0.0169977 -0.00044115 0.0
0.0167542 -0.00473267 0.0
0.0164958 -0.0090344 0.0
0.0162225 -0.0133501 0.0
0.015934 -0.0176835 0.0
0.0156297 -0.0220381 0.0
0.0153094 -0.0264175 0.0
0.0149728 -0.0308249 0.0
0.0146193 -0.0352637 0.0
0.0142489 -0.0397368 0.0
0.0138612 -0.0442475 0.0
0.013456 -0.0487988 0.0
0.0130329 -0.0533938 0.0
0.012592 -0.0580355 0.0
0.0121334 -0.0627269 0.0
0.0116575 -0.0674718 0.0
0.0111646 -0.0722739 0.0
0.0106551 -0.0771373 0.0
0.0101293 -0.0820664 0.0
0.00958757 -0.0870657 0.0
0.00903024 -0.09214 0.0
0.00845742 -0.0972943 0.0
0.00786964 -0.102533 0.0
0.0072681 -0.10786 0.0
0.00665393 -0.113282 0.0
0.00602806 -0.118803 0.0
0.00539128 -0.124429 0.0
0.00474364 -0.130165 0.0
0.00408551 -0.136013 0.0
0.0034191 -0.141971 0.0
0.00274687 -0.148044 0.0
0.00207058 -0.15423 0.0
0.00138896 -0.160532 0.0
0.000701675 -0.166935 0.0
1.31774e-05 -0.173431 0.0
-0.000673163 -0.180011 0.0
-0.00135596 -0.186672 0.0
-0.00203358 -0.193385 0.0
-0.00270386 -0.200126 0.0
-0.0033641 -0.206884 0.0
-0.00401088 -0.213636 0.0
-0.00464214 -0.220342 0.0
-0.00525568 -0.226991 0.0
-0.00584892 -0.233555 0.0
-0.00642164 -0.240023 0.0
-0.00697631 -0.24641 0.0
-0.00752277 -0.252784 0.0
-0.00808848 -0.25935 0.0
-0.00873694 -0.266627 0.0
-0.00959502 -0.275788 0.0
-0.0108617 -0.28914 0.0
-0.0127294 -0.3102 0.0
-0.0151818 -0.342226 0.0
-0.0178107 -0.385053 0.0
-0.0198788 -0.432704 0.0
-0.020583 -0.473791 0.0
-0.0192995 -0.493183 0.0
-0.0157803 -0.473155 0.0
-0.0104128 -0.395398 0.0
-0.00458547 -0.248612 0.0
-0.000902944 -0.049425 0.0
0.000591894 0.0163624 0.0
0.00309101 0.0843375 0.0
0.0072331 0.142162 0.0
0.0114755 0.184742 0.0
0.0150728 0.213801 0.0
0.0178563 0.233174 0.0
0.0199507 0.246372 0.0
0.021561 0.255797 0.0
0.0228589 0.262804 0.0
0.0239504 0.268046 0.0
0.0248888 0.271809 0.0
0.0256967 0.274222 0.0
0.0263831 0.275363 0.0
0.0269518 0.2753 0.0
0.0274062 0.274109 0.0
0.0277502 0.271872 0.0
0.0279888 0.268685 0.0
0.0281286 0.264649 0.0
0.0281773 0.25987 0.0
0.0281436 0.25446 0.0
0.0280372 0.248528 0.0
0.0278684 0.242183 0.0
0.0276479 0.235533 0.0
0.0273873 0.228679 0.0
0.0270979 0.221713 0.0
0.0267903 0.214713 0.0
0.0264745 0.207749 0.0
0.0261595 0.200874 0.0
0.025853 0.19413 0.0
0.0255612 0.187545 0.0
0.0252891 0.181135 0.0
0.0250396 0.174907 0.0
0.0248147 0.168858 0.0
0.0246151 0.162983 0.0
0.0244404 0.157268 0.0
0.0242893 0.151698 0.0
0.0241597 0.146256 0.0
0.0240494 0.140928 0.0
0.0239556 0.135699 0.0
0.0238759 0.130556 0.0
0.0238076 0.12549 0.0
0.0237486 0.120491 0.0
0.0236966 0.115554 0.0
0.0236498 0.110673 0.0
0.0236066 0.105843 0.0
0.0235654 0.101064 0.0
0.023525 0.0963305 0.0
0.0234842 0.0916423 0.0
0.023442 0.0869975 0.0
0.0233976 0.0823942 0.0
0.02335 0.0778307 0.0
0.0232984 0.0733054 0.0
0.023242 0.0688161 0.0
0.0231801 0.0643607 0.0
0.0231117 0.059937 0.0
0.0230363 0.0555425 0.0
0.0229529 0.0511746 0.0
0.0228607 0.0468306 0.0
0.0227591 0.0425077 0.0
0.0226471 0.0382028 0.0
0.022524 0.0339131 0.0
0.0223888 0.0296354 0.0
0.0222406 0.0253669 0.0
0.0220787 0.021105 0.0
0.0219022 0.0168471 0.0
0.0217107 0.0125905 0.0
0.0215035 0.00833238 0.0
0.0212803 0.00407012 0.0
0.0210406 -0.000199089 0.0
0.0207846 -0.00447518 0.0
0.0205124 -0.00876137 0.0
0.0202239 -0.0130613 0.0
0.0199186 -0.0173785 0.0
0.0195963 -0.0217166 0.0
0.0192566 -0.026079 0.0
0.0188991 -0.0304692 0.0
0.0185235 -0.0348904 0.0
0.0181294 -0.0393456 0.0
0.0177165 -0.0438381 0.0
0.0172846 -0.048371 0.0
0.0168335 -0.0529474 0.0
0.0163631 -0.0575705 0.0
0.0158735 -0.0622437 0.0
0.015365 -0.0669706 0.0
0.0148378 -0.071755 0.0
0.0142923 -0.0766011 0.0
0.0137287 -0.0815133 0.0
0.0131476 -0.086496 0.0
0.0125492 -0.091554 0.0
0.0119339 -0.0966922 0.0
0.0113023 -0.101915 0.0
0.0106553 -0.107229 0.0
0.00999387 -0.112637 0.0
0.00931873 -0.118146 0.0
0.00863067 -0.123761 0.0
0.00793028 -0.129485 0.0
0.00721837 -0.135322 0.0
0.00649636 -0.141273 0.0
0.00576585 -0.14734 0.0
0.00502808 -0.153521 0.0
0.00428331 -0.159815 0.0
0.00353247 -0.166214 0.0
0.00277857 -0.172709 0.0
0.00202448 -0.179292 0.0
0.0012693 -0.185953 0.0
0.000512825 -0.192669 0.0
-0.000240138 -0.199418 0.0
-0.000985839 -0.206185 0.0
-0.00172268 -0.212951 0.0
-0.00244893 -0.21967 0.0
-0.00316184 -0.226336 0.0
-0.00385888 -0.23292 0.0
-0.00453959 -0.239405 0.0
-0.00520539 -0.245807 0.0
-0.00586389 -0.252181 0.0
-0.0065379 -0.258712 0.0
-0.00728253 -0.265872 0.0
-0.00821317 -0.274755 0.0
-0.00952114 -0.287599 0.0
-0.0114077 -0.307987 0.0
-0.0138843 -0.33951 0.0
-0.016573 -0.382451 0.0
-0.0187529 -0.431058 0.0
-0.0196246 -0.473861 0.0
-0.0185563 -0.495465 0.0
-0.0152761 -0.477674 0.0
-0.0101341 -0.40139 0.0
-0.00447917 -0.254103 0.0
-0.000883998 -0.0512119 0.0
0.000589455 0.015181 0.0
0.0031435 0.0804657 0.0
0.00746719 0.137568 0.0
0.0119997 0.180561 0.0
0.0159416 0.210442 0.0
0.0190731 0.230617 0.0
0.0214863 0.244421 0.0
0.0233747 0.254249 0.0
0.0249132 0.261516 0.0
0.0262168 0.26694 0.0
0.0273462 0.270848 0.0
0.028329 0.273393 0.0
0.0291761 0.274659 0.0
0.0298924 0.274719 0.0
0.0304813 0.273647 0.0
0.0309466 0.271525 0.0
0.0312936 0.268446 0.0
0.0315289 0.264512 0.0
0.0316608 0.259827 0.0
0.0316986 0.2545 0.0
0.0316526 0.248641 0.0
0.031534 0.242358 0.0
0.0313546 0.235758 0.0
0.0311269 0.228942 0.0
0.0308635 0.222002 0.0
0.0305761 0.215019 0.0
0.0302761 0.20806 0.0
0.0299733 0.201181 0.0
0.0296767 0.194426 0.0
0.0293933 0.187824 0.0
0.0291288 0.181393 0.0
0.028887 0.17514 0.0
0.0286701 0.169067 0.0
0.0284793 0.163165 0.0
0.0283143 0.157425 0.0
0.0281739 0.151832 0.0
0.0280561 0.146369 0.0
0.0279584 0.141023 0.0
0.027878 0.135778 0.0
0.0278122 0.130622 0.0
0.0277582 0.125546 0.0
0.0277135 0.120539 0.0
0.0276759 0.115596 0.0
0.0276431 0.11071 0.0
0.0276135 0.105879 0.0
0.0275854 0.101098 0.0
0.0275575 0.0963647 0.0
0.0275285 0.0916779 0.0
0.0274974 0.0870352 0.0
0.0274632 0.0824351 0.0
0.0274249 0.0778757 0.0
0.0273817 0.0733552 0.0
0.0273328 0.0688715 0.0
0.0272775 0.0644226 0.0
0.0272147 0.0600062 0.0
0.0271439 0.0556197 0.0
0.0270641 0.0512606 0.0
0.0269746 0.0469263 0.0
0.0268745 0.0426138 0.0
0.026763 0.0383202 0.0
0.0266392 0.0340426 0.0
0.0265023 0.029778 0.0
0.0263512 0.0255235 0.0
0.0261853 0.0212764 0.0
0.0260036 0.0170339 0.0
0.0258057 0.0127932 0.0
0.0255909 0.00855162 0.0
0.0253587 0.00430629 0.0
0.0251086 5.44759e-05 0.0
0.0248407 -0.0042048 0.0
0.0245552 -0.00847398 0.0
0.0242517 -0.0127566 0.0
0.0239302 -0.0170562 0.0
0.0235901 -0.0213764 0.0
0.0232312 -0.0257206 0.0
0.022853 -0.030092 0.0
0.0224552 -0.0344941 0.0
0.0220374 -0.03893 0.0
0.0215993 -0.0434028 0.0
0.0211406 -0.0479158 0.0
0.0206612 -0.0524721 0.0
0.0201609 -0.0570752 0.0
0.0196399 -0.0617285 0.0
0.0190982 -0.0664357 0.0
0.0185363 -0.0712007 0.0
0.0179542 -0.0760278 0.0
0.0173524 -0.0809212 0.0
0.0167312 -0.0858857 0.0
0.0160912 -0.0909258 0.0
0.0154327 -0.0960466 0.0
0.0147563 -0.101253 0.0
0.0140628 -0.106551 0.0
0.013353 -0.111944 0.0
0.0126276 -0.117439 0.0
0.0118875 -0.12304 0.0
0.0111333 -0.128752 0.0
0.0103659 -0.134577 0.0
0.00958641 -0.140517 0.0
0.00879601 -0.146575 0.0
0.00799572 -0.152748 0.0
0.00718637 -0.159034 0.0
0.0063691 -0.165427 0.0
0.00554572 -0.171919 0.0
0.00471796 -0.1785 0.0
0.00388652 -0.185158 0.0
0.00305276 -0.191874 0.0
0.00222011 -0.198627 0.0
0.00139053 -0.2054 0.0
0.000562186 -0.21217 0.0
-0.000261662 -0.2189 0.0
-0.00107532 -0.22558 0.0
-0.00187791 -0.232177 0.0
-0.00266864 -0.238676 0.0
-0.00344787 -0.24509 0.0
-0.00422138 -0.251466 0.0
-0.0050079 -0.257967 0.0
-0.00585486 -0.265025 0.0
-0.00686645 -0.273659 0.0
-0.00822531 -0.286028 0.0
-0.0101392 -0.305757 0.0
-0.0126454 -0.336756 0.0
-0.015395 -0.379766 0.0
-0.0176833 -0.429275 0.0
-0.0187152 -0.473741 0.0
-0.017852 -0.497516 0.0
-0.0147994 -0.481955 0.0
-0.00987123 -0.407179 0.0
-0.00437854 -0.259461 0.0
-0.000865663 -0.0529616 0.0
0.000584518 0.014007 0.0
0.00318289 0.0764872 0.0
0.00767247 0.132733 0.0
0.0124829 0.176053 0.0
0.0167636 0.206728 0.0
0.0202436 0.22772 0.0
0.0229799 0.242169 0.0
0.0251518 0.252441 0.0
0.0269352 0.260002 0.0
0.0284531 0.265632 0.0
0.0297747 0.269705 0.0
0.0309328 0.272395 0.0
0.0319411 0.273801 0.0
0.0328056 0.273997 0.0
0.03353 0.273056 0.0
0.0341182 0.271062 0.0
0.0345754 0.268105 0.0
0.0349087 0.264285 0.0
0.0351264 0.259704 0.0
0.0352384 0.254472 0.0
0.0352556 0.248697 0.0
0.0351901 0.242485 0.0
0.0350546 0.235945 0.0
0.0348625 0.229175 0.0
0.0346275 0.222268 0.0
0.0343626 0.215305 0.0
0.03408 0.208356 0.0
0.0337909 0.201477 0.0
0.0335052 0.194712 0.0
0.0332309 0.188095 0.0
0.0329745 0.181643 0.0
0.0327405 0.175366 0.0
0.0325317 0.169266 0.0
0.0323495 0.163339 0.0
0.032194 0.157573 0.0
0.0320642 0.151955 0.0
0.031958 0.14647 0.0
0.0318729 0.141105 0.0
0.031806 0.135843 0.0
0.0317542 0.130674 0.0
0.0317148 0.125587 0.0
0.031685 0.120572 0.0
0.0316623 0.115623 0.0
0.0316443 0.110734 0.0
0.0316292 0.1059 0.0
0.0316152 0.101118 0.0
0.0316007 0.0963863 0.0
0.0315846 0.0917014 0.0
0.0315655 0.0870619 0.0
0.0315425 0.0824657 0.0
0.0315146 0.0779113 0.0
0.0314809 0.0733965 0.0
0.0314405 0.0689194 0.0
0.0313926 0.064478 0.0
0.0313365 0.0600697 0.0
0.0312711 0.0556923 0.0
0.0311958 0.0513431 0.0
0.0311097 0.0470195 0.0
0.0310119 0.0427185 0.0
0.0309015 0.0384373 0.0
0.0307778 0.034173 0.0
0.0306397 0.0299227 0.0
0.0304864 0.0256833 0.0
0.030317 0.021452 0.0
0.0301308 0.0172261 0.0
0.029927 0.0130027 0.0
0.029705 0.00877892 0.0
0.0294643 0.00455189 0.0
0.0292044 0.000318867 0.0
0.0289252 -0.00392206 0.0
0.0286268 -0.00817272 0.0
0.0283089 -0.0124366 0.0
0.0279714 -0.0167172 0.0
0.0276139 -0.0210179 0.0
0.027236 -0.0253422 0.0
0.0268374 -0.0296935 0.0
0.0264175 -0.034075 0.0
0.025976 -0.0384898 0.0
0.0255126 -0.0429414 0.0
0.025027 -0.0474328 0.0
0.024519 -0.0519676 0.0
0.0239885 -0.056549 0.0
0.0234356 -0.0611807 0.0
0.0228604 -0.0658666 0.0
0.0222631 -0.0706105 0.0
0.021644 -0.0754168 0.0
0.0210035 -0.0802898 0.0
0.0203418 -0.0852342 0.0
0.0196595 -0.0902548 0.0
0.018957 -0.0953566 0.0
0.0182349 -0.100545 0.0
0.017494 -0.105825 0.0
0.0167349 -0.111201 0.0
0.0159583 -0.11668 0.0
0.0151651 -0.122266 0.0
0.014356 -0.127963 0.0
0.0135317 -0.133774 0.0
0.0126933 -0.139702 0.0
0.0118416 -0.145748 0.0
0.0109775 -0.15191 0.0
0.010102 -0.158186 0.0
0.00921616 -0.164571 0.0
0.00832114 -0.171057 0.0
0.00741828 -0.177632 0.0
0.00650872 -0.184285 0.0
0.0055939 -0.190998 0.0
0.00467593 -0.197752 0.0
0.00375652 -0.204526 0.0
0.00283683 -0.211296 0.0
0.00192013 -0.218034 0.0
0.00100712 -0.22472 0.0
9.70581e-05 -0.231324 0.0
-0.000805978 -0.237835 0.0
-0.00170073 -0.244258 0.0
-0.00259215 -0.250634 0.0
-0.00349506 -0.25711 0.0
-0.00444997 -0.26408 0.0
-0.00555025 -0.272492 0.0
-0.00696901 -0.284417 0.0
-0.00891836 -0.303505 0.0
-0.0114597 -0.333962 0.0
-0.0142718 -0.376999 0.0
-0.0166657 -0.427359 0.0
-0.0178514 -0.473439 0.0
-0.0171843 -0.499349 0.0
-0.0143488 -0.48601 0.0
-0.00962361 -0.412777 0.0
-0.0042834 -0.264696 0.0
-0.000847915 -0.0546752 0.0
0.000577124 0.0128454 0.0
0.00320887 0.0724188 0.0
0.00784757 0.127673 0.0
0.0129224 0.171228 0.0
0.017535 0.20266 0.0
0.0213631 0.22448 0.0
0.0244267 0.239609 0.0
0.0268878 0.250367 0.0
0.028921 0.258259 0.0
0.0306567 0.264122 0.0
0.0321721 0.268378 0.0
0.0335063 0.27123 0.0
0.0346764 0.272788 0.0
0.0356899 0.273132 0.0
0.036551 0.272336 0.0
0.0372637 0.270482 0.0
0.0378334 0.267659 0.0
0.0382671 0.263964 0.0
0.0385734 0.259501 0.0
0.0387626 0.254375 0.0
0.0388463 0.248693 0.0
0.0388371 0.242564 0.0
0.0387485 0.236091 0.0
0.038595 0.229375 0.0
0.0383911 0.222507 0.0
0.038151 0.215571 0.0
0.0378879 0.208636 0.0
0.0376142 0.20176 0.0
0.0373407 0.194989 0.0
0.0370764 0.188357 0.0
0.0368287 0.181885 0.0
0.0366027 0.175584 0.0
0.036402 0.169458 0.0
0.0362284 0.163503 0.0
0.0360823 0.15771 0.0
0.0359628 0.152067 0.0
0.0358681 0.146559 0.0
0.0357954 0.141173 0.0
0.0357419 0.135895 0.0
0.0357045 0.130712 0.0
0.03568 0.125613 0.0
0.0356654 0.12059 0.0
0.0356582 0.115635 0.0
0.0356557 0.110742 0.0
0.0356559 0.105907 0.0
0.0356568 0.101125 0.0
0.0356568 0.0963942 0.0
0.0356545 0.0917121 0.0
0.0356485 0.0870763 0.0
0.0356378 0.082485 0.0
0.0356214 0.0779364 0.0
0.0355982 0.0734283 0.0
0.0355674 0.0689588 0.0
0.0355281 0.0645258 0.0
0.0354794 0.0601268 0.0
0.0354205 0.0557595 0.0
0.0353505 0.0514213 0.0
0.0352686 0.0471094 0.0
0.0351739 0.0428211 0.0
0.0350655 0.0385535 0.0
0.0349425 0.0343037 0.0
0.034804 0.0300686 0.0
0.0346491 0.0258455 0.0
0.034477 0.0216314 0.0
0.0342867 0.0174233 0.0
0.0340776 0.0132184 0.0
0.033849 0.00901381 0.0
0.0336002 0.00480646 0.0
0.0333309 0.000593517 0.0
0.0330409 -0.00362744 0.0
0.03273 -0.00785803 0.0
0.0323982 -0.0121016 0.0
0.0320453 -0.0163616 0.0
0.0316707 -0.0206414 0.0
0.0312741 -0.0249443 0.0
0.0308552 -0.0292738 0.0
0.0304133 -0.033633 0.0
0.0299482 -0.0380252 0.0
0.0294594 -0.0424538 0.0
0.0289467 -0.0469221 0.0
0.0284099 -0.0514335 0.0
0.027849 -0.0559916 0.0
0.0272639 -0.0606001 0.0
0.0266547 -0.0652629 0.0
0.0260217 -0.069984 0.0
0.0253651 -0.0747677 0.0
0.0246853 -0.0796185 0.0
0.0239825 -0.0845411 0.0
0.0232574 -0.0895404 0.0
0.0225102 -0.0946214 0.0
0.0217417 -0.0997894 0.0
0.0209524 -0.10505 0.0
0.0201431 -0.110408 0.0
0.0193145 -0.115868 0.0
0.0184671 -0.121437 0.0
0.0176019 -0.127117 0.0
0.0167195 -0.132913 0.0
0.0158207 -0.138826 0.0
0.0149063 -0.144858 0.0
0.0139771 -0.151007 0.0
0.0130339 -0.157271 0.0
0.0120775 -0.163644 0.0
0.011109 -0.17012 0.0
0.0101294 -0.176687 0.0
0.00913981 -0.183332 0.0
0.00814147 -0.190039 0.0
0.00713596 -0.196789 0.0
0.00612487 -0.20356 0.0
0.00510986 -0.210328 0.0
0.00409315 -0.217068 0.0
0.0030765 -0.223755 0.0
0.00206205 -0.230364 0.0
0.00105066 -0.236881 0.0
3.92831e-05 -0.243306 0.0
-0.000973241 -0.249682 0.0
-0.00199609 -0.256136 0.0
-0.00306417 -0.263031 0.0
-0.00426034 -0.271245 0.0
-0.0057475 -0.282758 0.0
-0.00774021 -0.301221 0.0
-0.0103221 -0.331122 0.0
-0.0131988 -0.37415 0.0
-0.0156963 -0.425317 0.0
-0.0170301 -0.472962 0.0
-0.0165509 -0.500973 0.0
-0.013923 -0.48985 0.0
-0.00939055 -0.418195 0.0
-0.0041935 -0.269816 0.0
-0.000830691 -0.0563538 0.0
0.000567324 0.0117009 0.0
0.00322115 0.0682776 0.0
0.00799115 0.122405 0.0
0.0133155 0.166096 0.0
0.0182517 0.198243 0.0
0.0224266 0.220894 0.0
0.0258214 0.236737 0.0
0.0285775 0.248023 0.0
0.0308663 0.256281 0.0
0.0328236 0.262406 0.0
0.0345353 0.266866 0.0
0.0360469 0.269896 0.0
0.0373798 0.271619 0.0
0.0385434 0.272123 0.0
0.0395425 0.271484 0.0
0.0403816 0.269782 0.0
0.041066 0.267105 0.0
0.0416027 0.263548 0.0
0.0420007 0.259213 0.0
0.0422704 0.254204 0.0
0.0424239 0.248627 0.0
0.0424745 0.242589 0.0
0.0424364 0.236192 0.0
0.0423247 0.229538 0.0
0.042155 0.222718 0.0
0.0419424 0.215814 0.0
0.0417012 0.208897 0.0
0.0414448 0.202028 0.0
0.041185 0.195254 0.0
0.0409319 0.188609 0.0
0.0406936 0.182118 0.0
0.0404762 0.175794 0.0
0.0402838 0.169641 0.0
0.0401188 0.163658 0.0
0.0399819 0.157838 0.0
0.0398726 0.152168 0.0
0.039789 0.146637 0.0
0.0397287 0.141229 0.0
0.0396886 0.135933 0.0
0.0396655 0.130735 0.0
0.039656 0.125624 0.0
0.0396572 0.120592 0.0
0.0396659 0.115631 0.0
0.0396796 0.110735 0.0
0.0396959 0.105898 0.0
0.0397126 0.101116 0.0
0.0397281 0.0963875 0.0
0.0397406 0.0917086 0.0
0.0397488 0.0870775 0.0
0.0397516 0.0824919 0.0
0.0397476 0.0779499 0.0
0.0397361 0.0734495 0.0
0.0397159 0.0689886 0.0
0.0396862 0.064565 0.0
0.039646 0.0601764 0.0
0.0395946 0.0558203 0.0
0.0395309 0.0514941 0.0
0.0394542 0.0471952 0.0
0.0393634 0.0429207 0.0
0.0392578 0.0386679 0.0
0.0391363 0.0344337 0.0
0.0389982 0.0302153 0.0
0.0388423 0.0260096 0.0
0.038668 0.0218138 0.0
0.0384743 0.0176248 0.0
0.0382605 0.0134398 0.0
0.0380257 0.00925576 0.0
0.0377695 0.00506954 0.0
0.0374912 0.000878076 0.0
0.0371907 -0.00332142 0.0
0.0368679 -0.00753044 0.0
0.0365227 -0.0117522 0.0
0.0361547 -0.01599 0.0
0.0357635 -0.0202472 0.0
0.0353486 -0.0245271 0.0
0.0349095 -0.028833 0.0
0.0344458 -0.0331682 0.0
0.033957 -0.0375361 0.0
0.0334428 -0.04194 0.0
0.0329029 -0.0463833 0.0
0.0323371 -0.0508697 0.0
0.0317454 -0.0554027 0.0
0.0311278 -0.0599862 0.0
0.0304844 -0.0646241 0.0
0.0298153 -0.0693206 0.0
0.0291208 -0.07408 0.0
0.0284012 -0.0789068 0.0
0.0276569 -0.0838058 0.0
0.0268883 -0.0887819 0.0
0.0260958 -0.0938403 0.0
0.0252801 -0.0989863 0.0
0.0244418 -0.104225 0.0
0.0235814 -0.109562 0.0
0.0226996 -0.115003 0.0
0.0217972 -0.120552 0.0
0.0208748 -0.126214 0.0
0.019933 -0.131992 0.0
0.0189725 -0.137888 0.0
0.017994 -0.143903 0.0
0.0169982 -0.150037 0.0
0.0159856 -0.156286 0.0
0.0149571 -0.162645 0.0
0.0139132 -0.169107 0.0
0.012855 -0.175662 0.0
0.0117834 -0.182296 0.0
0.0106993 -0.188993 0.0
0.00960414 -0.195734 0.0
0.00849931 -0.202498 0.0
0.00738642 -0.209262 0.0
0.00626735 -0.215999 0.0
0.00514404 -0.222685 0.0
0.00401856 -0.229295 0.0
0.00289265 -0.235813 0.0
0.00176736 -0.242237 0.0
0.000637607 -0.248608 0.0
-0.000507778 -0.255042 0.0
-0.00169402 -0.261871 0.0
-0.00299287 -0.26991 0.0
-0.00455651 -0.281043 0.0
-0.0066002 -0.2989 0.0
-0.00922813 -0.328233 0.0
-0.0121718 -0.371219 0.0
-0.0147715 -0.423151 0.0
-0.0162484 -0.472317 0.0
-0.0159497 -0.502395 0.0
-0.0135205 -0.493485 0.0
-0.00917134 -0.423442 0.0
-0.00410854 -0.274828 0.0
-0.000813893 -0.0579984 0.0
0.000555186 0.0105784 0.0
0.0032195 0.064082 0.0
0.00810183 0.116949 0.0
0.0136591 0.160671 0.0
0.0189092 0.193482 0.0
0.0234286 0.216961 0.0
0.0271577 0.233546 0.0
0.0302151 0.2454 0.0
0.0327656 0.254065 0.0
0.0349495 0.260482 0.0
0.0368605 0.265168 0.0
0.0385515 0.268391 0.0
0.0400484 0.270294 0.0
0.0413633 0.27097 0.0
0.042502 0.270499 0.0
0.0434695 0.26896 0.0
0.044271 0.26644 0.0
0.0449136 0.263033 0.0
0.0454065 0.258837 0.0
0.0457602 0.253956 0.0
0.0459873 0.248494 0.0
0.0461014 0.242557 0.0
0.0461175 0.236246 0.0
0.0460514 0.229662 0.0
0.0459192 0.222896 0.0
0.0457372 0.21603 0.0
0.0455207 0.209138 0.0
0.0452839 0.20228 0.0
0.0450398 0.195506 0.0
0.0447993 0.188851 0.0
0.0445715 0.182343 0.0
0.0443634 0.175995 0.0
0.0441796 0.169816 0.0
0.0440233 0.163805 0.0
0.0438956 0.157956 0.0
0.0437962 0.152259 0.0
0.0437237 0.146702 0.0
0.0436755 0.141272 0.0
0.0436487 0.135957 0.0
0.0436399 0.130743 0.0
0.0436457 0.12562 0.0
0.0436628 0.120579 0.0
0.043688 0.115611 0.0
0.0437184 0.110711 0.0
0.0437515 0.105872 0.0
0.043785 0.101091 0.0
0.0438168 0.0963651 0.0
0.0438452 0.0916901 0.0
0.0438687 0.0870642 0.0
0.0438859 0.0824852 0.0
0.0438957 0.0779508 0.0
0.0438969 0.073459 0.0
0.0438885 0.0690077 0.0
0.0438695 0.0645946 0.0
0.0438389 0.0602175 0.0
0.043796 0.0558737 0.0
0.0437396 0.0515608 0.0
0.0436689 0.047276 0.0
0.0435831 0.0430166 0.0
0.0434811 0.0387797 0.0
0.043362 0.0345624 0.0
0.043225 0.0303618 0.0
0.043069 0.0261749 0.0
0.0428932 0.0219986 0.0
0.0426968 0.0178301 0.0
0.0424788 0.0136664 0.0
0.0422385 0.00950427 0.0
0.0419752 0.00534066 0.0
0.0416883 0.0011722 0.0
0.0413777 -0.00300447 0.0
0.0410436 -0.00719048 0.0
0.0406855 -0.0113889 0.0
0.040303 -0.0156028 0.0
0.0398956 -0.0198357 0.0
0.0394626 -0.0240907 0.0
0.0390035 -0.0283712 0.0
0.038518 -0.0326806 0.0
0.0380055 -0.0370223 0.0
0.0374658 -0.0413997 0.0
0.0368985 -0.0458164 0.0
0.0363037 -0.050276 0.0
0.035681 -0.0547821 0.0
0.0350307 -0.0593388 0.0
0.0343527 -0.0639501 0.0
0.0336472 -0.0686201 0.0
0.0329145 -0.0733533 0.0
0.0321548 -0.0781542 0.0
0.0313684 -0.0830277 0.0
0.0305558 -0.0879788 0.0
0.0297175 -0.0930126 0.0
0.0288539 -0.0981347 0.0
0.0279657 -0.10335 0.0
0.0270534 -0.108665 0.0
0.0261177 -0.114083 0.0
0.0251592 -0.119611 0.0
0.0241785 -0.125252 0.0
0.0231761 -0.13101 0.0
0.0221526 -0.136886 0.0
0.0211087 -0.142882 0.0
0.0200446 -0.148997 0.0
0.0189611 -0.155229 0.0
0.0178585 -0.161571 0.0
0.0167375 -0.168016 0.0
0.0155988 -0.174555 0.0
0.014443 -0.181174 0.0
0.013271 -0.187858 0.0
0.012084 -0.194587 0.0
0.0108832 -0.20134 0.0
0.00967001 -0.208094 0.0
0.00844625 -0.214824 0.0
0.00721378 -0.221504 0.0
0.00597465 -0.228111 0.0
0.00473081 -0.234627 0.0
0.00348368 -0.241051 0.0
0.00223228 -0.247413 0.0
0.000968307 -0.253827 0.0
-0.00033635 -0.260595 0.0
-0.00174435 -0.268479 0.0
-0.00339217 -0.279262 0.0
-0.00549421 -0.296535 0.0
-0.00817375 -0.32529 0.0
-0.011187 -0.368205 0.0
-0.0138878 -0.420865 0.0
-0.0155035 -0.47151 0.0
-0.0153787 -0.503625 0.0
-0.01314 -0.496923 0.0
-0.00896523 -0.428527 0.0
-0.00402814 -0.279743 0.0
-0.000797389 -0.0596096 0.0
0.000540795 0.00948246 0.0
0.00320372 0.0598507 0.0
0.00817832 0.111323 0.0
0.0139504 0.154967 0.0
0.019503 0.188383 0.0
0.024363 0.212681 0.0
0.0284289 0.230031 0.0
0.0317936 0.242493 0.0
0.0346126 0.251602 0.0
0.0370287 0.258344 0.0
0.039143 0.263281 0.0
0.0410159 0.266715 0.0
0.0426786 0.268811 0.0
0.0441462 0.269671 0.0
0.0454264 0.269379 0.0
0.0465242 0.268015 0.0
0.0474455 0.265663 0.0
0.0481971 0.262416 0.0
0.0487883 0.25837 0.0
0.0492299 0.253628 0.0
0.0495345 0.248291 0.0
0.0497163 0.242464 0.0
0.0497907 0.236248 0.0
0.049774 0.229742 0.0
0.0496833 0.223038 0.0
0.0495355 0.216218 0.0
0.0493467 0.209356 0.0
0.0491324 0.202514 0.0
0.0489061 0.195742 0.0
0.0486801 0.189081 0.0
0.0484642 0.182557 0.0
0.0482662 0.176187 0.0
0.0480918 0.169982 0.0
0.0479445 0.163942 0.0
0.047826 0.158064 0.0
0.0477366 0.152339 0.0
0.0476749 0.146756 0.0
0.0476388 0.141303 0.0
0.0476252 0.135967 0.0
0.0476307 0.130736 0.0
0.0476518 0.1256 0.0
0.0476851 0.120549 0.0
0.0477271 0.115574 0.0
0.0477748 0.11067 0.0
0.0478254 0.10583 0.0
0.0478763 0.10105 0.0
0.0479253 0.096326 0.0
0.0479706 0.0916555 0.0
0.0480105 0.0870356 0.0
0.0480433 0.0824638 0.0
0.0480679 0.0779379 0.0
0.0480831 0.0734557 0.0
0.0480876 0.069015 0.0
0.0480804 0.0646135 0.0
0.0480606 0.0602489 0.0
0.0480272 0.0559186 0.0
0.0479792 0.0516202 0.0
0.0479157 0.0473508 0.0
0.0478357 0.0431077 0.0
0.0477383 0.0388881 0.0
0.0476225 0.034689 0.0
0.0474874 0.0305074 0.0
0.0473321 0.0263405 0.0
0.0471556 0.0221852 0.0
0.0469571 0.0180385 0.0
0.0467357 0.0138974 0.0
0.0464905 0.00975873 0.0
0.0462207 0.00561937 0.0
0.0459256 0.00147559 0.0
0.0456055 -0.0026772 0.0
0.0452607 -0.00683883 0.0
0.0448905 -0.0110122 0.0
0.0444939 -0.0152005 0.0
0.0440704 -0.0194071 0.0
0.0436194 -0.0236353 0.0
0.0431405 -0.0278886 0.0
0.0426331 -0.0321703 0.0
0.0420969 -0.036484 0.0
0.0415316 -0.0408331 0.0
0.040937 -0.0452212 0.0
0.0403129 -0.0496522 0.0
0.0396592 -0.0541297 0.0
0.038976 -0.0586577 0.0
0.0382632 -0.0632405 0.0
0.0375211 -0.0678821 0.0
0.0367498 -0.0725872 0.0
0.0359495 -0.0773603 0.0
0.0351207 -0.0822064 0.0
0.0342636 -0.0871304 0.0
0.0333788 -0.0921378 0.0
0.0324668 -0.0972339 0.0
0.031528 -0.102424 0.0
0.0305631 -0.107714 0.0
0.0295725 -0.113108 0.0
0.028557 -0.118612 0.0
0.0275169 -0.12423 0.0
0.0264528 -0.129965 0.0
0.0253651 -0.135819 0.0
0.0242542 -0.141794 0.0
0.0231204 -0.147888 0.0
0.0219642 -0.154098 0.0
0.0207859 -0.16042 0.0
0.0195858 -0.166846 0.0
0.0183644 -0.173366 0.0
0.0171224 -0.179966 0.0
0.0158603 -0.186632 0.0
0.014579 -0.193344 0.0
0.0132798 -0.200082 0.0
0.0119639 -0.206823 0.0
0.010633 -0.213541 0.0
0.00928879 -0.220211 0.0
0.00793346 -0.22681 0.0
0.00656903 -0.23332 0.0
0.00519715 -0.239739 0.0
0.00381792 -0.246095 0.0
0.002427 -0.252491 0.0
0.00100458 -0.259204 0.0
-0.000511739 -0.266946 0.0
-0.00225102 -0.277408 0.0
-0.00441857 -0.29412 0.0
-0.00715522 -0.32229 0.0
-0.0102409 -0.365106 0.0
-0.0130423 -0.418461 0.0
-0.0147929 -0.470548 0.0
-0.0148359 -0.50467 0.0
-0.0127802 -0.500173 0.0
-0.00877149 -0.433461 0.0
-0.00395189 -0.284566 0.0
-0.000781013 -0.061188 0.0
0.000524257 0.00841741 0.0
0.00317372 0.0556034 0.0
0.0082194 0.10555 0.0
0.0141864 0.149001 0.0
0.0200282 0.182955 0.0
0.0252235 0.208054 0.0
0.0296277 0.226188 0.0
0.0333054 0.239293 0.0
0.0364001 0.248888 0.0
0.0390549 0.255988 0.0
0.0413772 0.2612 0.0
0.0434351 0.264864 0.0
0.0452659 0.267167 0.0
0.0468882 0.268224 0.0
0.0483116 0.268123 0.0
0.0495423 0.266943 0.0
0.0505859 0.26477 0.0
0.0514498 0.261693 0.0
0.052143 0.257808 0.0
0.0526764 0.253214 0.0
0.0530628 0.248013 0.0
0.0533167 0.242306 0.0
0.0534539 0.236195 0.0
0.0534912 0.229776 0.0
0.0534461 0.22314 0.0
0.0533364 0.216373 0.0
0.0531791 0.209547 0.0
0.0529903 0.202726 0.0
0.0527847 0.195962 0.0
0.0525754 0.189296 0.0
0.0523732 0.182759 0.0
0.0521868 0.17637 0.0
0.0520226 0.170139 0.0
0.0518848 0.164071 0.0
0.051776 0.158163 0.0
0.0516966 0.152409 0.0
0.0516457 0.146799 0.0
0.0516215 0.141321 0.0
0.0516209 0.135963 0.0
0.0516407 0.130714 0.0
0.0516773 0.125564 0.0
0.0517269 0.120502 0.0
0.051786 0.11552 0.0
0.0518515 0.110611 0.0
0.0519201 0.105769 0.0
0.0519892 0.10099 0.0
0.0520564 0.0962694 0.0
0.0521195 0.0916037 0.0
0.0521767 0.0869903 0.0
0.0522263 0.0824265 0.0
0.0522669 0.0779099 0.0
0.0522971 0.0734383 0.0
0.0523157 0.0690093 0.0
0.0523216 0.0646205 0.0
0.0523137 0.0602696 0.0
0.052291 0.0559541 0.0
0.0522525 0.0516713 0.0
0.0521971 0.0474185 0.0
0.052124 0.0431931 0.0
0.0520322 0.038992 0.0
0.0519206 0.0348124 0.0
0.0517884 0.0306513 0.0
0.0516345 0.0265058 0.0
0.0514582 0.0223728 0.0
0.0512584 0.0182492 0.0
0.0510343 0.0141321 0.0
0.0507851 0.0100184 0.0
0.0505096 0.00590497 0.0
0.0502069 0.00178788 0.0
0.0498781 -0.00234061 0.0
0.0495236 -0.00647614 0.0
0.0491415 -0.0106225 0.0
0.0487309 -0.0147831 0.0
0.0482914 -0.0189614 0.0
0.0478223 -0.0231609 0.0
0.0473234 -0.027385 0.0
0.0467941 -0.0316372 0.0
0.0462342 -0.035921 0.0
0.0456434 -0.0402399 0.0
0.0450214 -0.0445977 0.0
0.044368 -0.0489982 0.0
0.0436833 -0.0534452 0.0
0.042967 -0.0579427 0.0
0.0422194 -0.062495 0.0
0.0414404 -0.0671064 0.0
0.0406302 -0.0717814 0.0
0.0397892 -0.0765248 0.0
0.0389175 -0.0813414 0.0
0.0380156 -0.0862364 0.0
0.0370838 -0.0912152 0.0
0.0361227 -0.0962832 0.0
0.0351327 -0.101446 0.0
0.0341144 -0.106709 0.0
0.0330682 -0.112077 0.0
0.0319947 -0.117555 0.0
0.0308942 -0.123147 0.0
0.0297672 -0.128857 0.0
0.0286139 -0.134687 0.0
0.0274346 -0.140637 0.0
0.0262296 -0.146706 0.0
0.024999 -0.152893 0.0
0.0237431 -0.159191 0.0
0.0224619 -0.165594 0.0
0.0211558 -0.172091 0.0
0.0198253 -0.178669 0.0
0.0184707 -0.185313 0.0
0.0170928 -0.192004 0.0
0.0156926 -0.198723 0.0
0.0142714 -0.205445 0.0
0.0128306 -0.212146 0.0
0.011372 -0.218802 0.0
0.00989776 -0.225389 0.0
0.00841003 -0.231889 0.0
0.00691072 -0.238299 0.0
0.00540057 -0.244645 0.0
0.0038768 -0.251025 0.0
0.00232647 -0.257697 0.0
0.000700218 -0.26531 0.0
-0.00112993 -0.275474 0.0
-0.00336999 -0.291646 0.0
-0.00616929 -0.319227 0.0
-0.00933055 -0.361922 0.0
-0.0122322 -0.415943 0.0
-0.0141143 -0.469434 0.0
-0.0143196 -0.505535 0.0
-0.0124399 -0.503242 0.0
-0.00858942 -0.438251 0.0
-0.00387934 -0.289306 0.0
-0.000764572 -0.0627336 0.0
0.000505697 0.00738746 0.0
0.00312949 0.0513601 0.0
0.00822401 0.0996533 0.0
0.0143643 0.142791 0.0
0.02048 0.177208 0.0
0.0260035 0.203082 0.0
0.0307464 0.222012 0.0
0.0347424 0.235795 0.0
0.0381201 0.245914 0.0
0.0410205 0.253407 0.0
0.0435565 0.258923 0.0
0.0458035 0.262837 0.0
0.0478051 0.265362 0.0
0.0495843 0.266628 0.0
0.0511532 0.266727 0.0
0.0525191 0.265742 0.0
0.0536881 0.263758 0.0
0.0546676 0.260862 0.0
0.0554666 0.257148 0.0
0.0560961 0.252712 0.0
0.0565689 0.247656 0.0
0.0568996 0.242079 0.0
0.0571044 0.23608 0.0
0.0572004 0.229757 0.0
0.0572058 0.223199 0.0
0.0571387 0.216491 0.0
0.0570169 0.209708 0.0
0.0568574 0.202913 0.0
0.0566758 0.196162 0.0
0.0564859 0.189496 0.0
0.0562997 0.182948 0.0
0.0561265 0.17654 0.0
0.0559738 0.170285 0.0
0.0558466 0.164189 0.0
0.0557479 0.158252 0.0
0.0556789 0.152468 0.0
0.055639 0.14683 0.0
0.0556267 0.141326 0.0
0.0556392 0.135946 0.0
0.0556732 0.130678 0.0
0.0557252 0.125512 0.0
0.0557913 0.120438 0.0
0.0558678 0.115448 0.0
0.0559513 0.110534 0.0
0.0560386 0.10569 0.0
0.0561265 0.100912 0.0
0.0562126 0.0961943 0.0
0.0562945 0.0915338 0.0
0.05637 0.0869275 0.0
0.0564375 0.0823723 0.0
0.0564951 0.0778659 0.0
0.0565416 0.0734057 0.0
0.0565755 0.0689894 0.0
0.0565956 0.0646144 0.0
0.0566008 0.0602784 0.0
0.05659 0.0559788 0.0
0.056562 0.051713 0.0
0.056516 0.0474782 0.0
0.0564509 0.0432717 0.0
0.0563656 0.0390905 0.0
0.0562592 0.0349318 0.0
0.0561308 0.0307926 0.0
0.0559793 0.0266699 0.0
0.0558039 0.0225605 0.0
0.0556036 0.0184615 0.0
0.0553777 0.0143698 0.0
0.0551254 0.0102823 0.0
0.0548459 0.00619594 0.0
0.0545389 0.00210664 0.0
0.0542031 -0.00199477 0.0
0.0538377 -0.00610201 0.0
0.0534425 -0.0102193 0.0
0.0530172 -0.0143503 0.0
0.0525612 -0.0184985 0.0
0.052074 -0.0226675 0.0
0.0515551 -0.0268606 0.0
0.0510041 -0.0310814 0.0
0.0504206 -0.0353334 0.0
0.0498044 -0.0396204 0.0
0.0491551 -0.043946 0.0
0.0484726 -0.0483141 0.0
0.0477568 -0.0527287 0.0
0.0470075 -0.0571938 0.0
0.0462249 -0.0617137 0.0
0.0454089 -0.0662928 0.0
0.0445598 -0.0709357 0.0
0.0436776 -0.0756472 0.0
0.0427628 -0.0804324 0.0
0.0418156 -0.0852963 0.0
0.0408365 -0.0902444 0.0
0.0398258 -0.0952822 0.0
0.038784 -0.100415 0.0
0.0377116 -0.105649 0.0
0.036609 -0.110988 0.0
0.0354765 -0.116438 0.0
0.0343146 -0.122002 0.0
0.0331235 -0.127684 0.0
0.0319033 -0.133486 0.0
0.0306543 -0.139409 0.0
0.0293764 -0.145451 0.0
0.0280697 -0.151611 0.0
0.0267342 -0.157882 0.0
0.0253699 -0.164258 0.0
0.0239769 -0.170728 0.0
0.0225555 -0.17728 0.0
0.0211059 -0.183898 0.0
0.0196288 -0.190564 0.0
0.018125 -0.197259 0.0
0.0165956 -0.203958 0.0
0.0150421 -0.210639 0.0
0.0134663 -0.217275 0.0
0.0118702 -0.223845 0.0
0.0102563 -0.230331 0.0
0.00862673 -0.236728 0.0
0.00698272 -0.243062 0.0
0.00532262 -0.249425 0.0
0.00363646 -0.256061 0.0
0.00189064 -0.263574 0.0
-3.19477e-05 -0.273458 0.0
-0.00234562 -0.289109 0.0
-0.00521314 -0.316098 0.0
-0.00845331 -0.35865 0.0
-0.0114552 -0.413311 0.0
-0.0134658 -0.468173 0.0
-0.0138283 -0.506229 0.0
-0.0121183 -0.506139 0.0
-0.0084184 -0.442904 0.0
-0.00381005 -0.29397 0.0
-0.000747845 -0.064246 0.0
0.00048526 0.0063965 0.0
0.00307115 0.0471414 0.0
0.00819131 0.0936573 0.0
0.0144813 0.136357 0.0
0.0208535 0.171154 0.0
0.0266962 0.19777 0.0
0.0317765 0.217502 0.0
0.0360954 0.231991 0.0
0.0397634 0.242672 0.0
0.0429172 0.250594 0.0
0.0456733 0.256443 0.0
0.0481141 0.260629 0.0
0.05029 0.263393 0.0
0.0522289 0.264879 0.0
0.0539458 0.26519 0.0
0.0554495 0.26441 0.0
0.0567469 0.262624 0.0
0.0578456 0.259918 0.0
0.0587545 0.256384 0.0
0.0594844 0.252117 0.0
0.0600484 0.247215 0.0
0.0604611 0.241777 0.0
0.0607387 0.2359 0.0
0.0608987 0.229681 0.0
0.0609596 0.223209 0.0
0.0609401 0.216568 0.0
0.0608585 0.209834 0.0
0.0607326 0.203072 0.0
0.0605788 0.196338 0.0
0.0604117 0.189676 0.0
0.0602442 0.183121 0.0
0.0600867 0.176697 0.0
0.0599473 0.17042 0.0
0.059832 0.164297 0.0
0.0597444 0.158331 0.0
0.0596863 0.152517 0.0
0.0596578 0.146849 0.0
0.0596575 0.141319 0.0
0.0596831 0.135915 0.0
0.0597314 0.130627 0.0
0.0597988 0.125444 0.0
0.0598815 0.120357 0.0
0.0599757 0.115358 0.0
0.0600776 0.110438 0.0
0.0601839 0.105592 0.0
0.0602914 0.100814 0.0
0.0603971 0.0960999 0.0
0.0604985 0.0914449 0.0
0.0605933 0.086846 0.0
0.0606796 0.0823001 0.0
0.0607554 0.0778046 0.0
0.0608192 0.0733568 0.0
0.0608696 0.0689541 0.0
0.0609051 0.0645941 0.0
0.0609246 0.0602741 0.0
0.0609268 0.0559917 0.0
0.0609107 0.0517441 0.0
0.0608751 0.0475287 0.0
0.060819 0.0433425 0.0
0.0607414 0.0391827 0.0
0.0606412 0.0350463 0.0
0.0605176 0.0309303 0.0
0.0603694 0.0268318 0.0
0.0601958 0.0227476 0.0
0.0599958 0.0186746 0.0
0.0597688 0.0146097 0.0
0.0595138 0.0105497 0.0
0.0592305 0.00649135 0.0
0.0589183 0.0024305 0.0
0.0585752 -0.00163971 0.0
0.0581999 -0.00571631 0.0
0.0577928 -0.0098027 0.0
0.0573535 -0.0139023 0.0
0.0568817 -0.0180187 0.0
0.0563769 -0.0221552 0.0
0.0558385 -0.0263155 0.0
0.0552661 -0.0305031 0.0
0.0546594 -0.0347215 0.0
0.0540181 -0.0389746 0.0
0.0533417 -0.0432661 0.0
0.0526302 -0.0476 0.0
0.0518834 -0.0519801 0.0
0.0511012 -0.0564108 0.0
0.0502836 -0.0608963 0.0
0.0494306 -0.0654411 0.0
0.0485423 -0.0700499 0.0
0.0476189 -0.0747275 0.0
0.0466607 -0.079479 0.0
0.0456679 -0.0843097 0.0
0.044641 -0.0892249 0.0
0.0435802 -0.0942303 0.0
0.0424861 -0.0993312 0.0
0.0413589 -0.104533 0.0
0.0401991 -0.109841 0.0
0.0390069 -0.11526 0.0
0.0377825 -0.120793 0.0
0.0365262 -0.126445 0.0
0.0352378 -0.132217 0.0
0.0339175 -0.138109 0.0
0.0325651 -0.144121 0.0
0.0311805 -0.15025 0.0
0.0297634 -0.15649 0.0
0.0283139 -0.162835 0.0
0.0268317 -0.169275 0.0
0.0253169 -0.175796 0.0
0.0237697 -0.182384 0.0
0.0221906 -0.189022 0.0
0.0205803 -0.195688 0.0
0.0189399 -0.20236 0.0
0.0172706 -0.209015 0.0
0.0155745 -0.215628 0.0
0.0138536 -0.222176 0.0
0.0121103 -0.228643 0.0
0.0103474 -0.235023 0.0
0.00856644 -0.241342 0.0
0.00676689 -0.247685 0.0
0.00494094 -0.254288 0.0
0.00306172 -0.261722 0.0
0.0010406 -0.271366 0.0
-0.00134387 -0.286502 0.0
-0.00428447 -0.312896 0.0
-0.00760698 -0.355289 0.0
-0.0107095 -0.410568 0.0
-0.0128459 -0.466769 0.0
-0.0133609 -0.506755 0.0
-0.0118143 -0.508869 0.0
-0.00825793 -0.44743 0.0
-0.00374359 -0.298567 0.0
-0.000730593 -0.0657245 0.0
0.000463115 0.00544812 0.0
0.00299896 0.042968 0.0
0.00812072 0.0875888 0.0
0.014535 0.129721 0.0
0.0211442 0.164808 0.0
0.0272947 0.192122 0.0
0.0327096 0.212654 0.0
0.0373547 0.227875 0.0
0.0413203 0.239154 0.0
0.0447354 0.247543 0.0
0.0477189 0.253755 0.0
0.0503591 0.258236 0.0
0.0527135 0.261256 0.0
0.0548152 0.262976 0.0
0.056683 0.263508 0.0
0.0583274 0.262943 0.0
0.0597565 0.261364 0.0
0.060978 0.258857 0.0
0.0620009 0.255512 0.0
0.0628361 0.251423 0.0
0.0634964 0.246684 0.0
0.0639963 0.241394 0.0
0.0643523 0.235649 0.0
0.0645821 0.229542 0.0
0.0647042 0.223164 0.0
0.0647377 0.216599 0.0
0.0647016 0.209921 0.0
0.0646142 0.203199 0.0
0.0644926 0.196487 0.0
0.0643523 0.189835 0.0
0.0642069 0.183276 0.0
0.0640679 0.176839 0.0
0.0639442 0.170541 0.0
0.0638425 0.164393 0.0
0.0637674 0.158398 0.0
0.0637213 0.152554 0.0
0.0637048 0.146857 0.0
0.0637171 0.141299 0.0
0.0637561 0.13587 0.0
0.0638188 0.13056 0.0
0.0639018 0.12536 0.0
0.0640012 0.120259 0.0
0.0641131 0.11525 0.0
0.0642338 0.110324 0.0
0.0643595 0.105475 0.0
0.0644869 0.100697 0.0
0.0646129 0.0959856 0.0
0.0647346 0.0913361 0.0
0.0648496 0.086745 0.0
0.0649556 0.0822089 0.0
0.0650507 0.0777249 0.0
0.065133 0.0732903 0.0
0.0652009 0.0689023 0.0
0.0652531 0.0645582 0.0
0.065288 0.0602556 0.0
0.0653045 0.0559916 0.0
0.0653013 0.0517636 0.0
0.0652773 0.0475688 0.0
0.0652314 0.0434043 0.0
0.0651626 0.0392673 0.0
0.0650697 0.0351547 0.0
0.0649517 0.0310636 0.0
0.0648077 0.0269908 0.0
0.0646368 0.0229332 0.0
0.064438 0.0188878 0.0
0.0642104 0.0148512 0.0
0.0639533 0.0108203 0.0
0.063666 0.0067915 0.0
0.0633477 0.00276098 0.0
0.0629969 -0.00127635 0.0
0.0626128 -0.00532023 0.0
0.0621948 -0.00937367 0.0
0.0617426 -0.01344 0.0
0.0612559 -0.0175225 0.0
0.0607341 -0.0216248 0.0
0.0601769 -0.0257503 0.0
0.0595837 -0.0299027 0.0
0.0589542 -0.0340857 0.0
0.0582881 -0.0383029 0.0
0.057585 -0.0425584 0.0
0.0568447 -0.0468559 0.0
0.0560671 -0.0511997 0.0
0.0552521 -0.055594 0.0
0.0543995 -0.060043 0.0
0.0535094 -0.0645514 0.0
0.0525819 -0.0691239 0.0
0.0516172 -0.0737654 0.0
0.0506153 -0.0784811 0.0
0.0495767 -0.0832763 0.0
0.0485017 -0.0881564 0.0
0.0473905 -0.0931269 0.0
0.0462434 -0.0981934 0.0
0.0450609 -0.103361 0.0
0.0438431 -0.108635 0.0
0.0425903 -0.11402 0.0
0.0413025 -0.119521 0.0
0.0399797 -0.125139 0.0
0.0386218 -0.130877 0.0
0.0372287 -0.136735 0.0
0.0358001 -0.142714 0.0
0.0343357 -0.148808 0.0
0.032835 -0.155014 0.0
0.0312979 -0.161325 0.0
0.029724 -0.167729 0.0
0.0281133 -0.174216 0.0
0.0264658 -0.18077 0.0
0.0247818 -0.187373 0.0
0.023062 -0.194006 0.0
0.0213073 -0.200646 0.0
0.0195192 -0.207271 0.0
0.0176994 -0.213855 0.0
0.0158502 -0.220378 0.0
0.0139744 -0.226822 0.0
0.0120747 -0.233182 0.0
0.0101536 -0.239481 0.0
0.00821127 -0.245804 0.0
0.00624187 -0.252374 0.0
0.00422312 -0.259738 0.0
0.00208875 -0.269195 0.0
-0.000370537 -0.28383 0.0
-0.00338059 -0.309618 0.0
-0.00678973 -0.351836 0.0
-0.00999359 -0.407714 0.0
-0.0122534 -0.465226 0.0
-0.0129166 -0.50712 0.0
-0.0115277 -0.51144 0.0
-0.00810767 -0.451836 0.0
-0.00367955 -0.303104 0.0
-0.000712567 -0.0671676 0.0
0.000439448 0.00454556 0.0
0.00291332 0.0388609 0.0
0.00801196 0.0814756 0.0
0.0145233 0.122908 0.0
0.0213474 0.158187 0.0
0.0277923 0.186148 0.0
0.0335367 0.207469 0.0
0.0385104 0.223441 0.0
0.04278 0.235353 0.0
0.0464648 0.244244 0.0
0.0496835 0.250851 0.0
0.0525297 0.255653 0.0
0.0550675 0.258947 0.0
0.0573359 0.260915 0.0
0.0593577 0.26168 0.0
0.0611461 0.261338 0.0
0.0627103 0.259975 0.0
0.0640584 0.257676 0.0
0.0651997 0.254529 0.0
0.0661449 0.250626 0.0
0.0669067 0.24606 0.0
0.0674997 0.240926 0.0
0.0679401 0.23532 0.0
0.0682456 0.229335 0.0
0.068435 0.22306 0.0
0.0685277 0.216577 0.0
0.0685429 0.209964 0.0
0.0684995 0.203287 0.0
0.0684152 0.196605 0.0
0.0683064 0.189966 0.0
0.0681873 0.183409 0.0
0.0680703 0.176962 0.0
0.0679652 0.170647 0.0
0.0678797 0.164475 0.0
0.067819 0.158452 0.0
0.0677863 0.152579 0.0
0.0677829 0.146852 0.0
0.0678085 0.141266 0.0
0.0678613 0.135811 0.0
0.0679388 0.130479 0.0
0.0680376 0.125259 0.0
0.0681539 0.120144 0.0
0.0682839 0.115123 0.0
0.0684236 0.11019 0.0
0.0685691 0.105337 0.0
0.0687169 0.100559 0.0
0.0688637 0.0958506 0.0
0.0690064 0.0912067 0.0
0.0691423 0.0866235 0.0
0.069269 0.0820977 0.0
0.0693842 0.0776259 0.0
0.069486 0.0732052 0.0
0.0695726 0.0688328 0.0
0.0696425 0.0645058 0.0
0.069694 0.0602215 0.0
0.0697259 0.0559773 0.0
0.0697369 0.0517702 0.0
0.0697256 0.0475974 0.0
0.0696911 0.0434562 0.0
0.0696321 0.0393434 0.0
0.0695475 0.0352561 0.0
0.0694363 0.0311913 0.0
0.0692975 0.0271458 0.0
0.0691301 0.0231165 0.0
0.0689332 0.0191002 0.0
0.0687059 0.0150937 0.0
0.0684472 0.0110935 0.0
0.0681565 0.00709633 0.0
0.0678327 0.00309834 0.0
0.0674748 -0.000905053 0.0
0.0670819 -0.00491446 0.0
0.0666534 -0.008933 0.0
0.0661889 -0.012964 0.0
0.0656878 -0.0170107 0.0
0.0651497 -0.0210767 0.0
0.0645741 -0.0251655 0.0
0.0639606 -0.0292808 0.0
0.0633088 -0.0334263 0.0
0.0626183 -0.0376057 0.0
0.0618888 -0.041823 0.0
0.0611201 -0.0460823 0.0
0.0603119 -0.0503876 0.0
0.0594642 -0.0547433 0.0
0.0585768 -0.0591537 0.0
0.0576497 -0.0636235 0.0
0.056683 -0.0681576 0.0
0.0556768 -0.0727608 0.0
0.0546312 -0.0774384 0.0
0.0535466 -0.0821958 0.0
0.0524231 -0.0870383 0.0
0.0512611 -0.0919717 0.0
0.0500607 -0.0970012 0.0
0.0488222 -0.102132 0.0
0.0475458 -0.10737 0.0
0.0462314 -0.112719 0.0
0.0448791 -0.118182 0.0
0.0434887 -0.123764 0.0
0.04206 -0.129465 0.0
0.0405925 -0.135287 0.0
0.0390859 -0.141227 0.0
0.0375397 -0.147284 0.0
0.0359533 -0.153452 0.0
0.0343263 -0.159723 0.0
0.0326582 -0.166089 0.0
0.0309488 -0.172536 0.0
0.029198 -0.179051 0.0
0.0274061 -0.185616 0.0
0.0255735 -0.192211 0.0
0.0237012 -0.198815 0.0
0.0217906 -0.205404 0.0
0.0198437 -0.211956 0.0
0.0178628 -0.218448 0.0
0.0158507 -0.224864 0.0
0.0138108 -0.2312 0.0
0.0117459 -0.237477 0.0
0.00965728 -0.243777 0.0
0.00754087 -0.250315 0.0
0.00537821 -0.257616 0.0
0.00311433 -0.266919 0.0
0.000574697 -0.281107 0.0
-0.00250006 -0.306256 0.0
-0.00600059 -0.348288 0.0
-0.00930658 -0.404753 0.0
-0.0116876 -0.463547 0.0
-0.012495 -0.507328 0.0
-0.0112581 -0.513857 0.0
-0.00796755 -0.456129 0.0
-0.00361767 -0.307589 0.0
-0.000693525 -0.0685737 0.0
0.000414467 0.00369165 0.0
0.00281483 0.0348405 0.0
0.00786516 0.0753469 0.0
0.0144445 0.115946 0.0
0.0214592 0.151311 0.0
0.0281822 0.179856 0.0
0.0342491 0.201949 0.0
0.0395518 0.218685 0.0
0.0441313 0.23126 0.0
0.048094 0.24069 0.0
0.0515563 0.247725 0.0
0.0546158 0.252874 0.0
0.0573427 0.256461 0.0
0.0597824 0.258692 0.0
0.061962 0.259701 0.0
0.0638978 0.259593 0.0
0.0656006 0.258454 0.0
0.0670794 0.256371 0.0
0.0683435 0.253429 0.0
0.0694038 0.24972 0.0
0.0702727 0.245335 0.0
0.0709646 0.240366 0.0
0.0714956 0.234909 0.0
0.0718834 0.229053 0.0
0.0721468 0.222889 0.0
0.0723052 0.216497 0.0
0.0723782 0.209955 0.0
0.072385 0.203332 0.0
0.0723439 0.196685 0.0
0.0722719 0.190067 0.0
0.072184 0.183516 0.0
0.0720933 0.177064 0.0
0.0720106 0.170733 0.0
0.0719443 0.16454 0.0
0.0719006 0.158491 0.0
0.0718834 0.15259 0.0
0.0718946 0.146834 0.0
0.0719346 0.141219 0.0
0.0720022 0.135738 0.0
0.0720951 0.130382 0.0
0.0722101 0.125143 0.0
0.0723437 0.120011 0.0
0.072492 0.114978 0.0
0.0726509 0.110037 0.0
0.0728165 0.10518 0.0
0.0729852 0.100401 0.0
0.0731532 0.0956944 0.0
0.0733175 0.0910559 0.0
0.0734751 0.0864809 0.0
0.0736232 0.0819656 0.0
0.0737595 0.0775065 0.0
0.0738818 0.0731005 0.0
0.0739881 0.0687445 0.0
0.0740767 0.0644356 0.0
0.074146 0.0601709 0.0
0.0741944 0.0559476 0.0
0.0742206 0.0517627 0.0
0.0742233 0.0476135 0.0
0.0742012 0.0434968 0.0
0.0741531 0.0394098 0.0
0.0740779 0.0353494 0.0
0.0739745 0.0313125 0.0
0.0738419 0.027296 0.0
0.073679 0.0232966 0.0
0.0734849 0.0193112 0.0
0.0732585 0.0153364 0.0
0.0729991 0.0113689 0.0
0.0727056 0.0074052 0.0
0.0723772 0.00344171 0.0
0.0720128 -0.000526091 0.0
0.0716116 -0.00449932 0.0
0.0711731 -0.00848114 0.0
0.0706966 -0.0124748 0.0
0.0701817 -0.0164838 0.0
0.0696278 -0.0205116 0.0
0.0690344 -0.0245617 0.0
0.068401 -0.0286378 0.0
0.0677273 -0.0327437 0.0
0.0670129 -0.0368833 0.0
0.0662573 -0.0410604 0.0
0.0654605 -0.0452793 0.0
0.064622 -0.049544 0.0
0.0637418 -0.0538589 0.0
0.0628198 -0.0582286 0.0
0.0618558 -0.0626576 0.0
0.06085 -0.0671509 0.0
0.0598023 -0.0717135 0.0
0.058713 -0.0763508 0.0
0.0575822 -0.0810679 0.0
0.0564101 -0.0858706 0.0
0.0551969 -0.0907642 0.0
0.0539427 -0.0957542 0.0
0.0526478 -0.100846 0.0
0.0513119 -0.106044 0.0
0.0499352 -0.111353 0.0
0.0485174 -0.116777 0.0
0.0470581 -0.122319 0.0
0.045557 -0.12798 0.0
0.0440136 -0.133761 0.0
0.0424272 -0.13966 0.0
0.0407971 -0.145675 0.0
0.0391227 -0.1518 0.0
0.0374032 -0.158028 0.0
0.0356382 -0.164351 0.0
0.0338272 -0.170754 0.0
0.0319701 -0.177225 0.0
0.0300669 -0.183747 0.0
0.0281181 -0.190299 0.0
0.0261247 -0.196861 0.0
0.024088 -0.20341 0.0
0.0220101 -0.209924 0.0
0.0198936 -0.216382 0.0
0.0177415 -0.222766 0.0
0.0155574 -0.229074 0.0
0.0133449 -0.235326 0.0
0.0111062 -0.241601 0.0
0.0088388 -0.248107 0.0
0.00652729 -0.255349 0.0
0.00412417 -0.264518 0.0
0.00149526 -0.278339 0.0
-0.00164643 -0.302808 0.0
-0.00523945 -0.344643 0.0
-0.00864803 -0.401683 0.0
-0.0111484 -0.461735 0.0
-0.0120963 -0.507384 0.0
-0.0110059 -0.516128 0.0
-0.00783781 -0.460317 0.0
-0.00355779 -0.312031 0.0
-0.000673251 -0.0699405 0.0
0.000388396 0.00288879 0.0
0.00270425 0.0309272 0.0
0.0076809 0.0692333 0.0
0.0142977 0.108864 0.0
0.0214759 0.1442 0.0
0.0284583 0.173261 0.0
0.034838 0.196097 0.0
0.0404683 0.213603 0.0
0.0453623 0.226868 0.0
0.0496109 0.23687 0.0
0.0533255 0.244367 0.0
0.0566063 0.249891 0.0
0.059529 0.253794 0.0
0.062145 0.256303 0.0
0.0644867 0.257569 0.0
0.0665737 0.257703 0.0
0.068419 0.256796 0.0
0.0700326 0.254936 0.0
0.0714242 0.252208 0.0
0.0726047 0.248701 0.0
0.0735864 0.244504 0.0
0.0743834 0.239709 0.0
0.0750117 0.234407 0.0
0.0754887 0.22869 0.0
0.0758331 0.222644 0.0
0.0760644 0.216352 0.0
0.0762023 0.20989 0.0
0.0762663 0.203327 0.0
0.076275 0.196723 0.0
0.0762459 0.19013 0.0
0.0761948 0.183591 0.0
0.0761355 0.177138 0.0
0.0760797 0.170797 0.0
0.0760365 0.164585 0.0
0.0760131 0.158513 0.0
0.076014 0.152584 0.0
0.0760421 0.1468 0.0
0.0760983 0.141157 0.0
0.0761819 0.135649 0.0
0.0762911 0.130269 0.0
0.0764231 0.125009 0.0
0.0765745 0.11986 0.0
0.0767415 0.114814 0.0
0.07692 0.109863 0.0
0.0771062 0.105001 0.0
0.077296 0.100221 0.0
0.0774859 0.0955165 0.0
0.0776723 0.0908832 0.0
0.077852 0.0863163 0.0
0.0780223 0.0818118 0.0
0.0781804 0.0773659 0.0
0.0783241 0.0729752 0.0
0.078451 0.0686365 0.0
0.0785594 0.0643466 0.0
0.0786475 0.0601026 0.0
0.0787135 0.0559014 0.0
0.0787561 0.0517401 0.0
0.0787737 0.0476158 0.0
0.0787652 0.0435253 0.0
0.0787291 0.0394656 0.0
0.0786644 0.0354336 0.0
0.0785698 0.0314263 0.0
0.0784444 0.0274404 0.0
0.0782869 0.0234726 0.0
0.0780964 0.0195198 0.0
0.0778719 0.0155786 0.0
0.0776125 0.0116456 0.0
0.0773171 0.00771732 0.0
0.0769849 0.00379022 0.0
0.0766147 -0.000139964 0.0
0.0762058 -0.00407531 0.0
0.0757578 -0.00801858 0.0
0.0752699 -0.0119731 0.0
0.0747417 -0.0159424 0.0
0.0741725 -0.0199299 0.0
0.0735618 -0.0239392 0.0
0.0729092 -0.0279742 0.0
0.0722141 -0.0320385 0.0
0.0714762 -0.0361361 0.0
0.0706951 -0.040271 0.0
0.0698705 -0.0444473 0.0
0.0690021 -0.0486692 0.0
0.0680897 -0.0529412 0.0
0.0671332 -0.0572678 0.0
0.0661325 -0.0616537 0.0
0.0650876 -0.066104 0.0
0.0639985 -0.0706237 0.0
0.0628654 -0.0752181 0.0
0.0616884 -0.0798927 0.0
0.0604675 -0.0846528 0.0
0.0592029 -0.0895041 0.0
0.0578945 -0.0944518 0.0
0.0565425 -0.0995012 0.0
0.0551466 -0.104657 0.0
0.0537066 -0.109924 0.0
0.0522222 -0.115305 0.0
0.0506928 -0.120803 0.0
0.0491179 -0.12642 0.0
0.0474968 -0.132156 0.0
0.0458286 -0.13801 0.0
0.0441125 -0.143979 0.0
0.0423476 -0.150057 0.0
0.0405331 -0.156238 0.0
0.0386683 -0.162512 0.0
0.0367527 -0.168867 0.0
0.0347858 -0.175289 0.0
0.0327679 -0.181762 0.0
0.0306992 -0.188266 0.0
0.0285809 -0.194782 0.0
0.0264142 -0.201286 0.0
0.0242013 -0.207758 0.0
0.021945 -0.214175 0.0
0.0196487 -0.220524 0.0
0.0173164 -0.226799 0.0
0.0149521 -0.233023 0.0
0.0125592 -0.239272 0.0
0.0101369 -0.245747 0.0
0.00767259 -0.252934 0.0
0.00512554 -0.261983 0.0
0.00238798 -0.275508 0.0
-0.000825883 -0.299283 0.0
-0.00450306 -0.340897 0.0
-0.00801744 -0.398506 0.0
-0.0106362 -0.459793 0.0
-0.0117212 -0.507294 0.0
-0.0107721 -0.518258 0.0
-0.00771916 -0.464408 0.0
-0.00350004 -0.316439 0.0
-0.000651587 -0.0712653 0.0
0.00036148 0.00213891 0.0
0.00258256 0.0271401 0.0
0.00746023 0.063166 0.0
0.0140824 0.101692 0.0
0.0213949 0.136881 0.0
0.0286149 0.166378 0.0
0.0352949 0.189921 0.0
0.0412491 0.208195 0.0
0.0464608 0.222171 0.0
0.0510025 0.232778 0.0
0.0549783 0.24077 0.0
0.0584889 0.246698 0.0
0.0616147 0.250939 0.0
0.0644132 0.253744 0.0
0.0669218 0.255278 0.0
0.0691643 0.255664 0.0
0.0711561 0.254998 0.0
0.0729088 0.253368 0.0
0.0744327 0.25086 0.0
0.0757387 0.247562 0.0
0.076839 0.24356 0.0
0.0777476 0.238946 0.0
0.0784801 0.233809 0.0
0.0790536 0.228238 0.0
0.0794866 0.222319 0.0
0.0797985 0.216134 0.0
0.080009 0.209759 0.0
0.0801376 0.203264 0.0
0.0802035 0.196711 0.0
0.0802243 0.190151 0.0
0.0802166 0.183629 0.0
0.0801948 0.177181 0.0
0.0801712 0.170834 0.0
0.0801559 0.164607 0.0
0.0801568 0.158513 0.0
0.0801794 0.15256 0.0
0.0802272 0.146748 0.0
0.0803019 0.141078 0.0
0.0804034 0.135543 0.0
0.0805303 0.130139 0.0
0.0806804 0.124857 0.0
0.0808504 0.11969 0.0
0.0810368 0.11463 0.0
0.0812355 0.10967 0.0
0.0814426 0.104802 0.0
0.0816541 0.100019 0.0
0.0818662 0.0953163 0.0
0.0820752 0.090688 0.0
0.0822778 0.0861292 0.0
0.0824708 0.0816356 0.0
0.0826515 0.0772033 0.0
0.0828172 0.0728285 0.0
0.0829657 0.0685078 0.0
0.0830948 0.0642379 0.0
0.0832025 0.0600156 0.0
0.0832872 0.0558378 0.0
0.0833471 0.0517013 0.0
0.0833808 0.0476032 0.0
0.0833868 0.0435403 0.0
0.0833638 0.0395095 0.0
0.0833106 0.0355077 0.0
0.0832259 0.0315316 0.0
0.0831085 0.027578 0.0
0.0829574 0.0236436 0.0
0.0827716 0.0197252 0.0
0.0825498 0.0158194 0.0
0.0822912 0.0119228 0.0
0.0819947 0.00803191 0.0
0.0816595 0.00414313 0.0
0.0812842 0.000252578 0.0
0.0808684 -0.00364306 0.0
0.0804115 -0.00754592 0.0
0.079913 -0.0114594 0.0
0.0793721 -0.015387 0.0
0.0787883 -0.0193322 0.0
0.078161 -0.0232988 0.0
0.0774896 -0.0272905 0.0
0.0767737 -0.0313112 0.0
0.0760129 -0.0353647 0.0
0.0752066 -0.0394551 0.0
0.0743547 -0.0435866 0.0
0.0734567 -0.0477635 0.0
0.0725124 -0.0519902 0.0
0.0715217 -0.0562715 0.0
0.0704846 -0.0606121 0.0
0.0694008 -0.065017 0.0
0.0682705 -0.0694914 0.0
0.0670937 -0.0740405 0.0
0.0658703 -0.0786699 0.0
0.0646005 -0.0833849 0.0
0.0632842 -0.088191 0.0
0.0619213 -0.0930936 0.0
0.0605117 -0.0980977 0.0
0.059055 -0.103208 0.0
0.0575508 -0.108429 0.0
0.0559987 -0.113763 0.0
0.0543979 -0.119214 0.0
0.0527476 -0.124784 0.0
0.051047 -0.130471 0.0
0.049295 -0.136275 0.0
0.0474906 -0.142193 0.0
0.0456327 -0.14822 0.0
0.0437204 -0.154348 0.0
0.0417527 -0.160569 0.0
0.0397291 -0.16687 0.0
0.0376491 -0.173239 0.0
0.0355127 -0.179658 0.0
0.0333204 -0.186109 0.0
0.0310729 -0.192573 0.0
0.028772 -0.199027 0.0
0.0264199 -0.205451 0.0
0.0240194 -0.211825 0.0
0.0215744 -0.218133 0.0
0.0190893 -0.224373 0.0
0.0165689 -0.230565 0.0
0.0140174 -0.236786 0.0
0.0114357 -0.243229 0.0
0.00881442 -0.250366 0.0
0.00611852 -0.259308 0.0
0.00325489 -0.272582 0.0
-3.64458e-05 -0.295704 0.0
-0.00379205 -0.337043 0.0
-0.00741597 -0.395222 0.0
-0.0101524 -0.457722 0.0
-0.0113714 -0.50706 0.0
-0.0105581 -0.520254 0.0
-0.0076129 -0.46841 0.0
-0.00344486 -0.320824 0.0
-0.000628475 -0.0725454 0.0
0.000333989 0.00144344 0.0
0.00245093 0.0234976 0.0
0.00720474 0.0571771 0.0
0.0137988 0.0944649 0.0
0.0212138 0.129381 0.0
0.0286469 0.159225 0.0
0.0356118 0.183429 0.0
0.0418837 0.202461 0.0
0.0474143 0.217163 0.0
0.0522553 0.228403 0.0
0.056501 0.236923 0.0
0.0602503 0.243285 0.0
0.0635873 0.247889 0.0
0.0665749 0.251008 0.0
0.0692559 0.252824 0.0
0.0716587 0.253472 0.0
0.0738016 0.253055 0.0
0.0756979 0.251662 0.0
0.0773589 0.249381 0.0
0.0787959 0.246298 0.0
0.0800209 0.242499 0.0
0.0810477 0.238072 0.0
0.0818915 0.233107 0.0
0.0825691 0.227689 0.0
0.0830988 0.221905 0.0
0.0834995 0.215835 0.0
0.0837908 0.209556 0.0
0.0839925 0.203137 0.0
0.0841235 0.196641 0.0
0.0842022 0.190121 0.0
0.0842452 0.183624 0.0
0.0842677 0.177186 0.0
0.0842827 0.170838 0.0
0.084301 0.1646 0.0
0.0843312 0.158489 0.0
0.0843798 0.152513 0.0
0.0844511 0.146676 0.0
0.0845473 0.140979 0.0
0.0846692 0.135418 0.0
0.084816 0.12999 0.0
0.0849857 0.124686 0.0
0.0851757 0.119501 0.0
0.0853823 0.114426 0.0
0.085602 0.109455 0.0
0.0858307 0.10458 0.0
0.0860644 0.0997951 0.0
0.0862992 0.0950934 0.0
0.0865313 0.0904698 0.0
0.0867572 0.085919 0.0
0.0869735 0.0814364 0.0
0.0871774 0.0770179 0.0
0.0873659 0.0726595 0.0
0.0875367 0.0683575 0.0
0.0876872 0.0641084 0.0
0.0878156 0.0599089 0.0
0.0879198 0.0557556 0.0
0.087998 0.0516453 0.0
0.0880487 0.0475749 0.0
0.0880703 0.0435411 0.0
0.0880614 0.0395407 0.0
0.0880206 0.0355705 0.0
0.0879467 0.0316273 0.0
0.0878385 0.0277078 0.0
0.0876947 0.0238086 0.0
0.0875143 0.0199265 0.0
0.0872962 0.016058 0.0
0.0870393 0.0121997 0.0
0.0867426 0.00834819 0.0
0.086405 0.00449979 0.0
0.0860255 0.000650682 0.0
0.0856035 -0.00320332 0.0
0.0851386 -0.00706389 0.0
0.0846301 -0.0109344 0.0
0.0840774 -0.0148184 0.0
0.0834797 -0.0187194 0.0
0.0828365 -0.0226411 0.0
0.0821471 -0.0265875 0.0
0.081411 -0.0305622 0.0
0.0806277 -0.0345694 0.0
0.0797969 -0.0386132 0.0
0.078918 -0.0426976 0.0
0.0779908 -0.0468272 0.0
0.077015 -0.0510065 0.0
0.0759905 -0.0552401 0.0
0.0749171 -0.0595329 0.0
0.0737948 -0.0638901 0.0
0.0726234 -0.0683166 0.0
0.071403 -0.072818 0.0
0.0701334 -0.0773995 0.0
0.0688146 -0.0820667 0.0
0.0674464 -0.0868248 0.0
0.0660286 -0.0916791 0.0
0.0645608 -0.0966347 0.0
0.0630425 -0.101696 0.0
0.0614733 -0.106867 0.0
0.0598522 -0.112152 0.0
0.0581786 -0.117552 0.0
0.0564513 -0.123069 0.0
0.0546692 -0.128703 0.0
0.0528312 -0.134453 0.0
0.0509361 -0.140315 0.0
0.0489825 -0.146286 0.0
0.0469694 -0.152356 0.0
0.0448957 -0.158519 0.0
0.0427606 -0.164761 0.0
0.0405638 -0.171071 0.0
0.038305 -0.177431 0.0
0.0359848 -0.183824 0.0
0.033604 -0.19023 0.0
0.0311644 -0.19663 0.0
0.0286683 -0.203001 0.0
0.026119 -0.209325 0.0
0.0235205 -0.215589 0.0
0.0208778 -0.221789 0.0
0.0181964 -0.227947 0.0
0.0154816 -0.234138 0.0
0.0127357 -0.24055 0.0
0.00995219 -0.247641 0.0
0.00710089 -0.256486 0.0
0.00409967 -0.269538 0.0
0.000726345 -0.292083 0.0
-0.00310855 -0.333074 0.0
-0.00684603 -0.391829 0.0
-0.00969928 -0.455525 0.0
-0.0110496 -0.506689 0.0
-0.0103667 -0.522122 0.0
-0.00752108 -0.472333 0.0
-0.00339318 -0.325197 0.0
-0.000604006 -0.0737779 0.0
0.000306236 0.000803218 0.0
0.00231078 0.0200163 0.0
0.00691658 0.0512988 0.0
0.0134483 0.0872174 0.0
0.0209318 0.12173 0.0
0.0285502 0.151824 0.0
0.0357816 0.176633 0.0
0.0423621 0.196404 0.0
0.0482105 0.21184 0.0
0.0533557 0.223739 0.0
0.0578792 0.232817 0.0
0.0618764 0.239644 0.0
0.0654331 0.244637 0.0
0.0686171 0.248089 0.0
0.0714769 0.250203 0.0
0.0740451 0.251123 0.0
0.0763439 0.250962 0.0
0.0783886 0.249814 0.0
0.0801919 0.247766 0.0
0.0817654 0.244903 0.0
0.0831213 0.241313 0.0
0.084273 0.23708 0.0
0.0852355 0.232293 0.0
0.0860252 0.227036 0.0
0.0866598 0.221394 0.0
0.0871581 0.215447 0.0
0.0875393 0.209272 0.0
0.0878229 0.202937 0.0
0.0880281 0.196505 0.0
0.0881732 0.190033 0.0
0.0882753 0.183567 0.0
0.08835 0.177146 0.0
0.0884108 0.170802 0.0
0.0884693 0.164559 0.0
0.088535 0.158434 0.0
0.0886149 0.152439 0.0
0.0887142 0.14658 0.0
0.088836 0.140858 0.0
0.0889816 0.135272 0.0
0.0891509 0.12982 0.0
0.0893425 0.124495 0.0
0.0895541 0.119291 0.0
0.0897825 0.114201 0.0
0.0900243 0.109219 0.0
0.0902754 0.104337 0.0
0.090532 0.0995483 0.0
0.0907902 0.0948473 0.0
0.0910459 0.090228 0.0
0.0912957 0.0856851 0.0
0.091536 0.0812137 0.0
0.0917636 0.0768093 0.0
0.0919756 0.0724677 0.0
0.0921692 0.068185 0.0
0.092342 0.0639576 0.0
0.0924917 0.0597817 0.0
0.0926162 0.0556541 0.0
0.0927136 0.0515712 0.0
0.0927822 0.0475298 0.0
0.0928203 0.0435265 0.0
0.0928264 0.0395581 0.0
0.092799 0.0356213 0.0
0.0927369 0.0317127 0.0
0.0926387 0.0278289 0.0
0.0925032 0.0239668 0.0
0.0923292 0.0201227 0.0
0.0921157 0.0162934 0.0
0.0918614 0.0124755 0.0
0.0915653 0.00866531 0.0
0.0912262 0.00485941 0.0
0.0908431 0.00105376 0.0
0.0904156 -0.00275692 0.0
0.0899437 -0.00657343 0.0
0.0894263 -0.0103991 0.0
0.0888627 -0.0142374 0.0
0.0882521 -0.018092 0.0
0.0875936 -0.0219668 0.0
0.0868869 -0.0258656 0.0
0.0861311 -0.0297923 0.0
0.0853259 -0.0337509 0.0
0.0844709 -0.0377457 0.0
0.0835655 -0.0417808 0.0
0.0826096 -0.0458608 0.0
0.0816027 -0.0499903 0.0
0.0805448 -0.0541739 0.0
0.0794356 -0.0584166 0.0
0.078275 -0.0627235 0.0
0.0770628 -0.0670997 0.0
0.075799 -0.0715506 0.0
0.0744832 -0.0760816 0.0
0.0731153 -0.0806979 0.0
0.071695 -0.085405 0.0
0.0702218 -0.0902079 0.0
0.0686953 -0.0951115 0.0
0.0671147 -0.10012 0.0
0.0654793 -0.105238 0.0
0.0637881 -0.110468 0.0
0.0620401 -0.115813 0.0
0.060234 -0.121274 0.0
0.0583685 -0.12685 0.0
0.0564422 -0.132541 0.0
0.0544537 -0.138343 0.0
0.0524016 -0.144252 0.0
0.0502845 -0.15026 0.0
0.0481014 -0.156359 0.0
0.0458513 -0.162537 0.0
0.0435336 -0.168781 0.0
0.0411483 -0.175076 0.0
0.0386958 -0.181405 0.0
0.0361772 -0.187749 0.0
0.0335941 -0.194088 0.0
0.0309492 -0.200402 0.0
0.028246 -0.206672 0.0
0.0254889 -0.212887 0.0
0.0226834 -0.219043 0.0
0.0198358 -0.225164 0.0
0.0169524 -0.231322 0.0
0.0140372 -0.237704 0.0
0.0110861 -0.244752 0.0
0.0080732 -0.253511 0.0
0.00492575 -0.266365 0.0
0.00146323 -0.28842 0.0
-0.00245644 -0.328982 0.0
-0.00631068 -0.388329 0.0
-0.00928003 -0.453202 0.0
-0.0107592 -0.506182 0.0
-0.0102015 -0.523869 0.0
-0.00744672 -0.476186 0.0
-0.0033466 -0.329572 0.0
-0.000578494 -0.0749604 0.0
0.000278538 0.000218444 0.0
0.00216365 0.0167114 0.0
0.00659842 0.0455631 0.0
0.013033 0.0799868 0.0
0.0205486 0.113962 0.0
0.0283219 0.144201 0.0
0.0357979 0.169549 0.0
0.0426747 0.190031 0.0
0.0488373 0.206203 0.0
0.0542895 0.218779 0.0
0.059098 0.228445 0.0
0.0633518 0.235765 0.0
0.0671372 0.241173 0.0
0.0705257 0.24498 0.0
0.073571 0.247406 0.0
0.0763106 0.248611 0.0
0.0787705 0.248715 0.0
0.0809687 0.247818 0.0
0.0829195 0.246008 0.0
0.0846352 0.243372 0.0
0.0861282 0.239995 0.0
0.0874119 0.235962 0.0
0.0885007 0.231359 0.0
0.0894107 0.22627 0.0
0.090159 0.220777 0.0
0.090764 0.214961 0.0
0.0912445 0.208896 0.0
0.0916197 0.202653 0.0
0.0919087 0.196295 0.0
0.0921297 0.189877 0.0
0.0923002 0.18345 0.0
0.0924359 0.177053 0.0
0.0925509 0.17072 0.0
0.0926575 0.164477 0.0
0.0927656 0.158343 0.0
0.0928832 0.152333 0.0
0.0930161 0.146454 0.0
0.0931683 0.14071 0.0
0.0933419 0.135101 0.0
0.0935373 0.129626 0.0
0.0937537 0.12428 0.0
0.0939894 0.119058 0.0
0.0942416 0.113953 0.0
0.0945069 0.10896 0.0
0.0947818 0.10407 0.0
0.0950624 0.0992779 0.0
0.0953447 0.0945773 0.0
0.0956249 0.0899621 0.0
0.0958991 0.085427 0.0
0.0961639 0.0809667 0.0
0.0964159 0.0765767 0.0
0.0966519 0.0722524 0.0
0.096869 0.0679896 0.0
0.0970647 0.0637845 0.0
0.0972364 0.0596333 0.0
0.097382 0.0555324 0.0
0.0974994 0.0514781 0.0
0.0975867 0.047467 0.0
0.0976421 0.0434958 0.0
0.097664 0.0395609 0.0
0.0976509 0.035659 0.0
0.0976014 0.0317866 0.0
0.0975141 0.0279405 0.0
0.0973878 0.0241171 0.0
0.0972212 0.020313 0.0
0.0970131 0.0165248 0.0
0.0967624 0.012749 0.0
0.096468 0.00898228 0.0
0.0961285 0.00522104 0.0
0.0957425 0.00146134 0.0
0.0953106 -0.0023051 0.0
0.094833 -0.0060757 0.0
0.0943079 -0.00985433 0.0
0.0937342 -0.0136448 0.0
0.0931111 -0.0174509 0.0
0.092438 -0.0212765 0.0
0.0917143 -0.0251254 0.0
0.0909394 -0.0290018 0.0
0.0901127 -0.0329096 0.0
0.0892339 -0.0368531 0.0
0.0883026 -0.0408367 0.0
0.0873184 -0.0448648 0.0
0.086281 -0.0489421 0.0
0.0851902 -0.0530733 0.0
0.0840457 -0.0572634 0.0
0.0828472 -0.0615175 0.0
0.0815946 -0.0658408 0.0
0.0802875 -0.0702385 0.0
0.0789256 -0.074716 0.0
0.0775086 -0.0792786 0.0
0.0760359 -0.0839314 0.0
0.074507 -0.0886794 0.0
0.072921 -0.0935275 0.0
0.0712772 -0.09848 0.0
0.0695746 -0.103541 0.0
0.0678119 -0.108712 0.0
0.0659879 -0.113997 0.0
0.0641011 -0.119397 0.0
0.06215 -0.124911 0.0
0.0601329 -0.130538 0.0
0.0580484 -0.136274 0.0
0.0558946 -0.142115 0.0
0.0536703 -0.148055 0.0
0.0513741 -0.154084 0.0
0.049005 -0.160192 0.0
0.0465625 -0.166365 0.0
0.0440463 -0.17259 0.0
0.0414569 -0.178849 0.0
0.0387954 -0.185125 0.0
0.0360638 -0.191398 0.0
0.0332649 -0.197648 0.0
0.0304024 -0.20386 0.0
0.0274812 -0.210021 0.0
0.0245075 -0.21613 0.0
0.0214882 -0.22221 0.0
0.0184307 -0.228335 0.0
0.0153407 -0.234686 0.0
0.0122166 -0.241695 0.0
0.00903647 -0.250375 0.0
0.00573432 -0.263051 0.0
0.00217139 -0.284709 0.0
-0.00183997 -0.324762 0.0
-0.00581229 -0.384722 0.0
-0.00889814 -0.450754 0.0
-0.010505 -0.505544 0.0
-0.0100673 -0.525502 0.0
-0.00739405 -0.479981 0.0
-0.00330756 -0.333964 0.0
-0.000552573 -0.0760914 0.0
0.000250683 -0.000310776 0.0
0.00201051 0.0135957 0.0
0.00625325 0.0400013 0.0
0.0125558 0.0728115 0.0
0.0200656 0.106111 0.0
0.0279602 0.136383 0.0
0.0356556 0.162196 0.0
0.042813 0.183351 0.0
0.0492831 0.20025 0.0
0.055043 0.213519 0.0
0.0601421 0.223797 0.0
0.0646608 0.23164 0.0
0.0686838 0.23749 0.0
0.0722853 0.241673 0.0
0.0755235 0.24443 0.0
0.078441 0.245931 0.0
0.0810677 0.246309 0.0
0.0834248 0.245668 0.0
0.0855285 0.244102 0.0
0.0873923 0.241698 0.0
0.0890289 0.238539 0.0
0.0904515 0.234711 0.0
0.0916745 0.230298 0.0
0.0927133 0.225382 0.0
0.0935844 0.220045 0.0
0.0943057 0.214367 0.0
0.0948955 0.20842 0.0
0.0953725 0.202277 0.0
0.0957557 0.195999 0.0
0.096063 0.189644 0.0
0.0963119 0.183263 0.0
0.0965185 0.176897 0.0
0.0966971 0.170581 0.0
0.0968605 0.164345 0.0
0.0970193 0.158208 0.0
0.097182 0.152187 0.0
0.0973554 0.146293 0.0
0.097544 0.14053 0.0
0.0977507 0.134901 0.0
0.0979767 0.129405 0.0
0.0982219 0.12404 0.0
0.0984848 0.1188 0.0
0.0987633 0.113681 0.0
0.0990545 0.108676 0.0
0.0993549 0.103779 0.0
0.0996608 0.0989828 0.0
0.0999685 0.0942824 0.0
0.100274 0.0896713 0.0
0.100574 0.085144 0.0
0.100864 0.080695 0.0
0.101141 0.0763195 0.0
0.101401 0.0720129 0.0
0.101642 0.0677707 0.0
0.101862 0.0635887 0.0
0.102056 0.059463 0.0
0.102223 0.0553898 0.0
0.102361 0.0513653 0.0
0.102468 0.0473859 0.0
0.102541 0.043448 0.0
0.10258 0.0395482 0.0
0.102582 0.0356828 0.0
0.102546 0.0318484 0.0
0.10247 0.0280415 0.0
0.102354 0.0242587 0.0
0.102196 0.0204964 0.0
0.101994 0.0167512 0.0
0.101748 0.0130195 0.0
0.101456 0.00929792 0.0
0.101118 0.00558306 0.0
0.100732 0.00187095 0.0
0.100298 -0.00184882 0.0
0.0998152 -0.00557115 0.0
0.099282 -0.00930051 0.0
0.098698 -0.0130409 0.0
0.0980625 -0.0167962 0.0
0.097375 -0.0205704 0.0
0.0966346 -0.0243674 0.0
0.0958409 -0.0281912 0.0
0.0949934 -0.032046 0.0
0.0940915 -0.0359361 0.0
0.0931349 -0.0398658 0.0
0.0921231 -0.0438397 0.0
0.0910558 -0.0478625 0.0
0.0899327 -0.0519389 0.0
0.0887534 -0.056074 0.0
0.0875175 -0.0602727 0.0
0.0862248 -0.0645403 0.0
0.0848747 -0.0688819 0.0
0.0834668 -0.0733029 0.0
0.0820005 -0.0778084 0.0
0.0804751 -0.0824035 0.0
0.0788898 -0.0870931 0.0
0.0772437 -0.0918818 0.0
0.0755358 -0.0967739 0.0
0.0737646 -0.101773 0.0
0.0719289 -0.106882 0.0
0.0700272 -0.112102 0.0
0.0680577 -0.117436 0.0
0.0660186 -0.122882 0.0
0.0639082 -0.128439 0.0
0.0617247 -0.134104 0.0
0.0594661 -0.139873 0.0
0.0571311 -0.145738 0.0
0.054718 -0.151692 0.0
0.0522259 -0.157723 0.0
0.049654 -0.16382 0.0
0.0470023 -0.169968 0.0
0.0442711 -0.176151 0.0
0.0414618 -0.182352 0.0
0.0385764 -0.188553 0.0
0.0356178 -0.194735 0.0
0.0325904 -0.200883 0.0
0.0294994 -0.206985 0.0
0.0263514 -0.213043 0.0
0.0231545 -0.219081 0.0
0.019917 -0.22517 0.0
0.0166466 -0.231491 0.0
0.0133442 -0.238463 0.0
0.00999231 -0.247074 0.0
0.00653248 -0.25959 0.0
0.00284153 -0.280916 0.0
-0.00127121 -0.320431 0.0
-0.00534915 -0.381003 0.0
-0.00855759 -0.448179 0.0
-0.010293 -0.504777 0.0
-0.00997076 -0.527029 0.0
-0.00736889 -0.483729 0.0
-0.00327967 -0.338391 0.0
-0.000527311 -0.0771713 0.0
0.000223168 -0.000784626 0.0
0.00185342 0.0106795 0.0
0.00588495 0.0346433 0.0
0.012021 0.065731 0.0
0.0194853 0.0982179 0.0
0.0274649 0.128403 0.0
0.035351 0.154595 0.0
0.0427697 0.176375 0.0
0.0495372 0.193988 0.0
0.0556028 0.207956 0.0
0.0609962 0.218868 0.0
0.065787 0.22726 0.0
0.0700563 0.233577 0.0
0.0738794 0.238161 0.0
0.0773185 0.241265 0.0
0.0804208 0.243076 0.0
0.0832205 0.243737 0.0
0.0857424 0.243361 0.0
0.0880047 0.242044 0.0
0.0900225 0.239875 0.0
0.0918092 0.236939 0.0
0.0933782 0.23332 0.0
0.0947432 0.229101 0.0
0.0959194 0.224364 0.0
0.0969228 0.219189 0.0
0.0977703 0.213654 0.0
0.0984799 0.207834 0.0
0.0990697 0.201797 0.0
0.099558 0.195608 0.0
0.0999628 0.189324 0.0
0.100301 0.182996 0.0
0.100589 0.176669 0.0
0.100842 0.170378 0.0
0.101072 0.164154 0.0
0.101291 0.158021 0.0
0.101508 0.151995 0.0
0.101729 0.14609 0.0
0.101961 0.140312 0.0
0.102208 0.134666 0.0
0.10247 0.129152 0.0
0.102748 0.123769 0.0
0.103043 0.118513 0.0
0.103351 0.113381 0.0
0.103671 0.108365 0.0
0.103999 0.103461 0.0
0.104333 0.0986615 0.0
0.104667 0.0939615 0.0
0.104999 0.0893546 0.0
0.105325 0.0848351 0.0
0.105641 0.0803977 0.0
0.105944 0.0760372 0.0
0.10623 0.0717487 0.0
0.106496 0.0675275 0.0
0.106739 0.0633694 0.0
0.106957 0.0592702 0.0
0.107147 0.0552257 0.0
0.107306 0.0512321 0.0
0.107433 0.0472857 0.0
0.107525 0.0433826 0.0
0.107581 0.0395192 0.0
0.107599 0.035692 0.0
0.107577 0.0318972 0.0
0.107514 0.0281313 0.0
0.107408 0.0243908 0.0
0.107259 0.0206721 0.0
0.107064 0.0169717 0.0
0.106824 0.0132859 0.0
0.106535 0.00961118 0.0
0.106199 0.00594402 0.0
0.105815 0.00228023 0.0
0.105379 -0.00138861 0.0
0.104891 -0.00505998 0.0
0.104351 -0.00873784 0.0
0.103757 -0.0124261 0.0
0.10311 -0.0161285 0.0
0.102409 -0.0198492 0.0
0.101653 -0.0235921 0.0
0.100841 -0.0273612 0.0
0.0999735 -0.0311609 0.0
0.0990494 -0.0349953 0.0
0.0980683 -0.0388689 0.0
0.0970298 -0.0427863 0.0
0.0959334 -0.0467522 0.0
0.0947786 -0.0507713 0.0
0.0935651 -0.0548487 0.0
0.0922923 -0.0589893 0.0
0.0909598 -0.0631983 0.0
0.0895668 -0.0674808 0.0
0.0881129 -0.0718421 0.0
0.0865971 -0.0762871 0.0
0.0850186 -0.0808209 0.0
0.0833764 -0.0854482 0.0
0.0816694 -0.0901736 0.0
0.0798961 -0.0950009 0.0
0.0780551 -0.0999337 0.0
0.0761448 -0.104975 0.0
0.0741634 -0.110126 0.0
0.0721089 -0.115388 0.0
0.0699795 -0.120761 0.0
0.0677729 -0.126243 0.0
0.0654873 -0.131831 0.0
0.0631206 -0.137521 0.0
0.0606711 -0.143306 0.0
0.0581372 -0.149177 0.0
0.0555177 -0.155126 0.0
0.052812 -0.161139 0.0
0.0500199 -0.167204 0.0
0.0471419 -0.173306 0.0
0.0441793 -0.179426 0.0
0.0411344 -0.185549 0.0
0.0380105 -0.191657 0.0
0.0348121 -0.197735 0.0
0.031545 -0.203775 0.0
0.0282166 -0.209778 0.0
0.0248357 -0.215768 0.0
0.0214119 -0.221821 0.0
0.0179547 -0.228112 0.0
0.0144679 -0.235053 0.0
0.0109382 -0.243603 0.0
0.00731354 -0.255977 0.0
0.00347913 -0.277004 0.0
-0.000744816 -0.316006 0.0
-0.00492985 -0.377165 0.0
-0.00826601 -0.445472 0.0
-0.0101316 -0.503882 0.0
-0.00992062 -0.528457 0.0
-0.00737898 -0.487445 0.0
-0.00326803 -0.342876 0.0
-0.000504365 -0.078203 0.0
0.000196569 -0.00120436 0.0
0.00169477 0.00797074 0.0
0.0054981 0.0295171 0.0
0.011434 0.0587852 0.0
0.0188118 0.0903216 0.0
0.0268372 0.120294 0.0
0.0348819 0.146773 0.0
0.0425388 0.169122 0.0
0.0495901 0.187422 0.0
0.0559561 0.20209 0.0
0.0616452 0.213651 0.0
0.0667138 0.222617 0.0
0.0712373 0.229428 0.0
0.0752906 0.234434 0.0
0.0789388 0.237904 0.0
0.0822333 0.24004 0.0
0.0852127 0.240995 0.0
0.0879055 0.240889 0.0
0.0903326 0.239826 0.0
0.0925107 0.237897 0.0
0.0944543 0.235187 0.0
0.0961768 0.231781 0.0
0.0976921 0.22776 0.0
0.0990146 0.223206 0.0
0.10016 0.218198 0.0
0.101144 0.212813 0.0
0.101984 0.207125 0.0
0.102698 0.201202 0.0
0.103303 0.195109 0.0
0.103817 0.188904 0.0
0.104257 0.182638 0.0
0.104639 0.176357 0.0
0.104977 0.170099 0.0
0.105285 0.163896 0.0
0.105574 0.157772 0.0
0.105855 0.151748 0.0
0.106134 0.145837 0.0
0.106418 0.140049 0.0
0.106711 0.134389 0.0
0.107016 0.128861 0.0
0.107334 0.123463 0.0
0.107665 0.118194 0.0
0.108007 0.113049 0.0
0.10836 0.108024 0.0
0.108719 0.103114 0.0
0.109082 0.0983118 0.0
0.109446 0.0936127 0.0
0.109807 0.0890105 0.0
0.110161 0.0844994 0.0
0.110504 0.0800739 0.0
0.110834 0.0757288 0.0
0.111146 0.0714589 0.0
0.111437 0.0672596 0.0
0.111706 0.0631261 0.0
0.111947 0.0590541 0.0
0.11216 0.0550395 0.0
0.112341 0.051078 0.0
0.112488 0.0471657 0.0
0.1126 0.0432988 0.0
0.112674 0.0394734 0.0
0.112708 0.0356858 0.0
0.112701 0.0319322 0.0
0.112651 0.0282091 0.0
0.112557 0.0245127 0.0
0.112417 0.0208394 0.0
0.112231 0.0171856 0.0
0.111996 0.0135475 0.0
0.111712 0.00992149 0.0
0.111378 0.00630381 0.0
0.110993 0.00269021 0.0
0.110555 -0.000925305 0.0
0.110064 -0.00454338 0.0
0.109517 -0.00816751 0.0
0.108916 -0.0118014 0.0
0.108259 -0.0154489 0.0
0.107545 -0.019114 0.0
0.106774 -0.0228006 0.0
0.105946 -0.0265129 0.0
0.10506 -0.0302552 0.0
0.104114 -0.0340317 0.0
0.10311 -0.0378469 0.0
0.102045 -0.0417054 0.0
0.100921 -0.0456119 0.0
0.0997349 -0.0495712 0.0
0.0984877 -0.0535881 0.0
0.0971784 -0.0576678 0.0
0.0958062 -0.0618151 0.0
0.0943705 -0.0660353 0.0
0.0928703 -0.0703334 0.0
0.0913048 -0.0747144 0.0
0.0896726 -0.079183 0.0
0.0879727 -0.083744 0.0
0.0862037 -0.0884016 0.0
0.0843638 -0.0931597 0.0
0.0824515 -0.0980216 0.0
0.0804648 -0.10299 0.0
0.0784017 -0.108066 0.0
0.07626 -0.113251 0.0
0.0740374 -0.118545 0.0
0.0717318 -0.123946 0.0
0.0693408 -0.129451 0.0
0.0668623 -0.135056 0.0
0.0642945 -0.140753 0.0
0.0616356 -0.146537 0.0
0.0588843 -0.152396 0.0
0.05604 -0.158319 0.0
0.0531025 -0.164295 0.0
0.0500722 -0.170307 0.0
0.0469508 -0.176341 0.0
0.0437406 -0.182379 0.0
0.0404452 -0.188407 0.0
0.0370695 -0.194411 0.0
0.0336199 -0.200383 0.0
0.0301044 -0.206326 0.0
0.0265327 -0.212267 0.0
0.0229159 -0.218281 0.0
0.019265 -0.224543 0.0
0.0155868 -0.231456 0.0
0.0118721 -0.239955 0.0
0.00807437 -0.252202 0.0
0.00408558 -0.272955 0.0
-0.000259969 -0.311485 0.0
-0.00456048 -0.3732 0.0
-0.00803192 -0.442629 0.0
-0.0100311 -0.502861 0.0
-0.0099279 -0.529793 0.0
-0.00743438 -0.491144 0.0
-0.0032796 -0.347442 0.0
-0.000486142 -0.0791935 0.0
0.000171071 -0.001572 0.0
0.00153662 0.00547464 0.0
0.00509784 0.0246487 0.0
0.0108012 0.0520144 0.0
0.0180506 0.0824652 0.0
0.0260804 0.112095 0.0
0.034248 0.138759 0.0
0.042116 0.161611 0.0
0.0494337 0.180565 0.0
0.0560913 0.195924 0.0
0.0620745 0.208145 0.0
0.0674246 0.217705 0.0
0.072209 0.225032 0.0
0.0765007 0.230484 0.0
0.0803662 0.23434 0.0
0.0838607 0.236815 0.0
0.0870269 0.238074 0.0
0.0898971 0.238247 0.0
0.0924954 0.237443 0.0
0.0948404 0.235757 0.0
0.0969476 0.233276 0.0
0.0988312 0.230086 0.0
0.100505 0.226266 0.0
0.101983 0.221899 0.0
0.10328 0.217063 0.0
0.104411 0.211833 0.0
0.105394 0.206282 0.0
0.106243 0.20048 0.0
0.106978 0.194491 0.0
0.107614 0.188372 0.0
0.108168 0.182176 0.0
0.108656 0.17595 0.0
0.109092 0.169732 0.0
0.10949 0.163557 0.0
0.109861 0.15745 0.0
0.110216 0.151434 0.0
0.110563 0.145524 0.0
0.110908 0.139732 0.0
0.111257 0.134064 0.0
0.111613 0.128525 0.0
0.111978 0.123116 0.0
0.112351 0.117836 0.0
0.112733 0.112682 0.0
0.113123 0.10765 0.0
0.113517 0.102734 0.0
0.113914 0.0979311 0.0
0.11431 0.0932339 0.0
0.114701 0.0886371 0.0
0.115085 0.0841351 0.0
0.115458 0.0797222 0.0
0.115816 0.0753932 0.0
0.116155 0.0711427 0.0
0.116473 0.0669659 0.0
0.116767 0.0628579 0.0
0.117034 0.0588142 0.0
0.11727 0.0548304 0.0
0.117474 0.0509022 0.0
0.117642 0.0470253 0.0
0.117774 0.0431959 0.0
0.117866 0.03941 0.0
0.117918 0.0356636 0.0
0.117926 0.0319529 0.0
0.11789 0.0282742 0.0
0.117808 0.0246236 0.0
0.117679 0.0209975 0.0
0.117501 0.0173921 0.0
0.117273 0.0138037 0.0
0.116994 0.0102284 0.0
0.116662 0.00666236 0.0
0.116278 0.00310152 0.0
0.115838 -0.000459435 0.0
0.115343 -0.00402234 0.0
0.114792 -0.00759067 0.0
0.114183 -0.0111681 0.0
0.113517 -0.0147585 0.0
0.112792 -0.0183658 0.0
0.112008 -0.021994 0.0
0.111164 -0.0256473 0.0
0.110259 -0.0293299 0.0
0.109294 -0.0330462 0.0
0.108267 -0.0368006 0.0
0.107177 -0.0405978 0.0
0.106025 -0.0444423 0.0
0.104809 -0.048339 0.0
0.103528 -0.0522927 0.0
0.102182 -0.0563083 0.0
0.100771 -0.0603908 0.0
0.0992922 -0.0645453 0.0
0.0977455 -0.0687766 0.0
0.0961296 -0.0730897 0.0
0.0944432 -0.0774891 0.0
0.0926846 -0.0819795 0.0
0.0908524 -0.0865648 0.0
0.0889446 -0.0912489 0.0
0.0869592 -0.0960347 0.0
0.0848942 -0.100925 0.0
0.0827471 -0.105921 0.0
0.0805155 -0.111024 0.0
0.0781971 -0.116232 0.0
0.0757892 -0.121546 0.0
0.0732894 -0.126961 0.0
0.0706955 -0.132474 0.0
0.0680053 -0.138078 0.0
0.065217 -0.143765 0.0
0.0623294 -0.149528 0.0
0.0593415 -0.155355 0.0
0.0562533 -0.161233 0.0
0.0530653 -0.16715 0.0
0.0497792 -0.17309 0.0
0.0463976 -0.179038 0.0
0.0429244 -0.18498 0.0
0.0393649 -0.190903 0.0
0.0357259 -0.196802 0.0
0.0320163 -0.202681 0.0
0.0282466 -0.20857 0.0
0.0244294 -0.214544 0.0
0.0205775 -0.220778 0.0
0.0167004 -0.227667 0.0
0.0127928 -0.236123 0.0
0.00881342 -0.248258 0.0
0.00465993 -0.268758 0.0
0.000181393 -0.306859 0.0
-0.00424668 -0.369098 0.0
-0.00786467 -0.439642 0.0
-0.0100037 -0.50171 0.0
-0.0100061 -0.531045 0.0
-0.00754781 -0.494844 0.0
-0.00332354 -0.352121 0.0
-0.000475992 -0.0801556 0.0
0.000146643 -0.00188971 0.0
0.00138095 0.0031925 0.0
0.00468973 0.0200608 0.0
0.0101302 0.0454584 0.0
0.0172089 0.0746931 0.0
0.0251991 0.103847 0.0
0.0334507 0.130588 0.0
0.0414992 0.153865 0.0
0.0490614 0.17343 0.0
0.055998 0.189465 0.0
0.0622705 0.202349 0.0
0.0679032 0.212518 0.0
0.0729536 0.220384 0.0
0.0774907 0.226304 0.0
0.0815815 0.230565 0.0
0.0852838 0.233394 0.0
0.0886443 0.234968 0.0
0.091699 0.235428 0.0
0.0944751 0.234888 0.0
0.0969937 0.233448 0.0
0.0992718 0.231199 0.0
0.101324 0.228226 0.0
0.103165 0.224611 0.0
0.104808 0.220434 0.0
0.106266 0.215773 0.0
0.107556 0.210702 0.0
0.108692 0.205295 0.0
0.10969 0.19962 0.0
0.110567 0.19374 0.0
0.111338 0.187715 0.0
0.112019 0.181597 0.0
0.112626 0.175434 0.0
0.113174 0.169265 0.0
0.113675 0.163125 0.0
0.114141 0.157044 0.0
0.114583 0.151043 0.0
0.115009 0.145141 0.0
0.115427 0.139351 0.0
0.115842 0.133681 0.0
0.116258 0.128137 0.0
0.116677 0.122721 0.0
0.117101 0.117434 0.0
0.11753 0.112273 0.0
0.117962 0.107236 0.0
0.118397 0.102319 0.0
0.118831 0.0975157 0.0
0.119263 0.0928219 0.0
0.119688 0.0882319 0.0
0.120105 0.08374 0.0
0.120509 0.0793408 0.0
0.120897 0.0750288 0.0
0.121265 0.0707988 0.0
0.121611 0.0666455 0.0
0.121932 0.062564 0.0
0.122224 0.0585497 0.0
0.122485 0.0545978 0.0
0.122712 0.050704 0.0
0.122903 0.046864 0.0
0.123055 0.0430735 0.0
0.123167 0.0393284 0.0
0.123236 0.0356247 0.0
0.123261 0.0319585 0.0
0.123239 0.0283259 0.0
0.12317 0.0247229 0.0
0.123052 0.0211458 0.0
0.122883 0.0175907 0.0
0.122662 0.0140538 0.0
0.122389 0.0105312 0.0
0.122061 0.00701898 0.0
0.121677 0.00351307 0.0
0.121237 8.72163e-06 0.0
0.120739 -0.00349734 0.0
0.120183 -0.00700802 0.0
0.119568 -0.010527 0.0
0.118893 -0.0140583 0.0
0.118157 -0.0176056 0.0
0.117361 -0.0211733 0.0
0.116502 -0.0247653 0.0
0.11558 -0.028386 0.0
0.114596 -0.0320397 0.0
0.113547 -0.0357309 0.0
0.112433 -0.0394641 0.0
0.111253 -0.0432439 0.0
0.110007 -0.0470751 0.0
0.108693 -0.0509625 0.0
0.107311 -0.0549109 0.0
0.10586 -0.0589253 0.0
0.104338 -0.0630104 0.0
0.102745 -0.0671712 0.0
0.101078 -0.0714123 0.0
0.099336 -0.0757383 0.0
0.0975177 -0.0801535 0.0
0.095621 -0.0846618 0.0
0.0936436 -0.0892667 0.0
0.0915833 -0.0939713 0.0
0.0894377 -0.0987777 0.0
0.0872042 -0.103687 0.0
0.0848802 -0.108701 0.0
0.0824628 -0.113819 0.0
0.0799494 -0.119038 0.0
0.0773373 -0.124357 0.0
0.0746239 -0.12977 0.0
0.0718072 -0.135274 0.0
0.0688851 -0.140859 0.0
0.0658562 -0.146518 0.0
0.0627197 -0.152241 0.0
0.0594754 -0.158015 0.0
0.0561241 -0.163829 0.0
0.0526673 -0.169668 0.0
0.0491081 -0.175519 0.0
0.0454505 -0.181368 0.0
0.0417002 -0.187205 0.0
0.0378648 -0.193026 0.0
0.0339538 -0.198837 0.0
0.0299787 -0.20467 0.0
0.0259534 -0.210602 0.0
0.0218926 -0.216807 0.0
0.0178084 -0.223676 0.0
0.0136997 -0.232098 0.0
0.00952987 -0.244134 0.0
0.00520128 -0.2644 0.0
0.000576471 -0.302114 0.0
-0.00399509 -0.364844 0.0
-0.00777492 -0.436499 0.0
-0.0100636 -0.500425 0.0
-0.0101716 -0.532219 0.0
-0.00773502 -0.498565 0.0
-0.00341174 -0.356948 0.0
-0.000478418 -0.0811101 0.0
0.000122743 -0.0021591 0.0
0.00122895 0.00112137 0.0
0.00427879 0.0157734 0.0
0.00942842 0.0391558 0.0
0.0162946 0.0670509 0.0
0.0242 0.0955939 0.0
0.0324938 0.122296 0.0
0.0406879 0.145915 0.0
0.0484688 0.166037 0.0
0.0556676 0.182722 0.0
0.0622206 0.196266 0.0
0.0681339 0.207055 0.0
0.0734532 0.215478 0.0
0.0782415 0.221885 0.0
0.0825647 0.22657 0.0
0.0864825 0.229769 0.0
0.0900448 0.23167 0.0
0.0932912 0.232424 0.0
0.0962522 0.232154 0.0
0.0989516 0.230964 0.0
0.101408 0.228949 0.0
0.103637 0.226195 0.0
0.105654 0.222786 0.0
0.10747 0.2188 0.0
0.109101 0.214317 0.0
0.11056 0.209409 0.0
0.111862 0.20415 0.0
0.113021 0.198607 0.0
0.114053 0.192844 0.0
0.114973 0.18692 0.0
0.115796 0.180888 0.0
0.116537 0.174795 0.0
0.11721 0.168683 0.0
0.117828 0.162588 0.0
0.118403 0.15654 0.0
0.118945 0.150563 0.0
0.119464 0.144677 0.0
0.119966 0.138896 0.0
0.120458 0.13323 0.0
0.120944 0.127686 0.0
0.121428 0.122269 0.0
0.121911 0.116979 0.0
0.122394 0.111816 0.0
0.122877 0.106778 0.0
0.123358 0.101861 0.0
0.123835 0.097061 0.0
0.124307 0.0923729 0.0
0.124771 0.0877915 0.0
0.125224 0.0833115 0.0
0.125662 0.0789274 0.0
0.126082 0.0746338 0.0
0.126482 0.0704254 0.0
0.126858 0.0662968 0.0
0.127207 0.0622431 0.0
0.127526 0.0582593 0.0
0.127813 0.0543407 0.0
0.128064 0.0504827 0.0
0.128278 0.0466808 0.0
0.128452 0.0429306 0.0
0.128583 0.0392279 0.0
0.128671 0.0355686 0.0
0.128713 0.0319485 0.0
0.128706 0.0283636 0.0
0.128651 0.0248099 0.0
0.128544 0.0212836 0.0
0.128385 0.0177807 0.0
0.128173 0.0142972 0.0
0.127905 0.0108293 0.0
0.127581 0.00737296 0.0
0.127199 0.00392413 0.0
0.126759 0.000478387 0.0
0.126259 -0.00296906 0.0
0.125699 -0.00642027 0.0
0.125078 -0.00987895 0.0
0.124396 -0.013349 0.0
0.123651 -0.0168344 0.0
0.122842 -0.0203393 0.0
0.12197 -0.0238678 0.0
0.121032 -0.0274242 0.0
0.120028 -0.0310129 0.0
0.118958 -0.0346382 0.0
0.11782 -0.0383047 0.0
0.116613 -0.042017 0.0
0.115337 -0.0457798 0.0
0.11399 -0.0495977 0.0
0.112572 -0.0534755 0.0
0.111081 -0.0574181 0.0
0.109515 -0.0614302 0.0
0.107874 -0.0655164 0.0
0.106155 -0.0696814 0.0
0.104357 -0.0739294 0.0
0.102477 -0.0782647 0.0
0.100514 -0.0826909 0.0
0.0984656 -0.0872114 0.0
0.0963284 -0.091829 0.0
0.0940999 -0.0965459 0.0
0.0917774 -0.101363 0.0
0.089358 -0.106282 0.0
0.0868385 -0.111301 0.0
0.0842161 -0.11642 0.0
0.0814879 -0.121635 0.0
0.0786512 -0.126942 0.0
0.0757036 -0.132337 0.0
0.0726431 -0.137813 0.0
0.0694681 -0.143361 0.0
0.0661778 -0.148971 0.0
0.0627719 -0.154634 0.0
0.0592514 -0.160338 0.0
0.0556179 -0.166069 0.0
0.0518746 -0.171816 0.0
0.0480258 -0.177565 0.0
0.0440779 -0.18331 0.0
0.0400387 -0.189047 0.0
0.0359187 -0.194785 0.0
0.0317303 -0.200559 0.0
0.0274889 -0.206447 0.0
0.023211 -0.212624 0.0
0.0189114 -0.219475 0.0
0.0145929 -0.227871 0.0
0.0102234 -0.239821 0.0
0.00570922 -0.259869 0.0
0.000922421 -0.297232 0.0
-0.00381296 -0.360418 0.0
-0.00777434 -0.433183 0.0
-0.010227 -0.499 0.0
-0.0104435 -0.53332 0.0
-0.00801511 -0.502329 0.0
-0.00355913 -0.361963 0.0
-0.000499303 -0.0820878 0.0
0.000101943 -0.00238379 0.0
0.00108065 -0.000738851 0.0
0.00386415 0.0118002 0.0
0.00870176 0.0331416 0.0
0.0153167 0.0595838 0.0
0.0230915 0.0873808 0.0
0.0313831 0.113923 0.0
0.0396844 0.137792 0.0
0.0476538 0.15841 0.0
0.0550933 0.175711 0.0
0.061914 0.189903 0.0
0.0681023 0.201316 0.0
0.0736903 0.210309 0.0
0.0787336 0.217222 0.0
0.0832953 0.222348 0.0
0.0874357 0.225932 0.0
0.0912072 0.228173 0.0
0.0946527 0.22923 0.0
0.0978061 0.229234 0.0
0.100694 0.228297 0.0
0.103336 0.226517 0.0
0.10575 0.223983 0.0
0.107951 0.22078 0.0
0.109952 0.216988 0.0
0.111766 0.212684 0.0
0.113406 0.207943 0.0
0.114885 0.202836 0.0
0.116218 0.19743 0.0
0.117419 0.191789 0.0
0.118502 0.185972 0.0
0.119482 0.180033 0.0
0.120372 0.174019 0.0
0.121185 0.167972 0.0
0.121936 0.161931 0.0
0.122634 0.155925 0.0
0.123291 0.14998 0.0
0.123915 0.144117 0.0
0.124515 0.138353 0.0
0.125097 0.132698 0.0
0.125666 0.127162 0.0
0.126225 0.12175 0.0
0.126777 0.116463 0.0
0.127323 0.111303 0.0
0.127864 0.106268 0.0
0.128399 0.101355 0.0
0.128926 0.0965615 0.0
0.129445 0.0918819 0.0
0.129952 0.0873117 0.0
0.130445 0.0828458 0.0
0.130921 0.0784788 0.0
0.131378 0.0742054 0.0
0.131811 0.0700202 0.0
0.132219 0.065918 0.0
0.132599 0.0618935 0.0
0.132947 0.0579417 0.0
0.133261 0.0540579 0.0
0.133538 0.0502371 0.0
0.133776 0.0464748 0.0
0.133972 0.0427665 0.0
0.134125 0.0391077 0.0
0.134231 0.0354943 0.0
0.134291 0.0319219 0.0
0.1343 0.0283865 0.0
0.134259 0.024884 0.0
0.134165 0.0214102 0.0
0.134017 0.0179613 0.0
0.133813 0.0145332 0.0
0.133552 0.0111219 0.0
0.133233 0.00772357 0.0
0.132854 0.00433408 0.0
0.132414 0.00094896 0.0
0.131912 -0.00243831 0.0
0.131349 -0.00582833 0.0
0.130724 -0.00922475 0.0
0.130035 -0.0126316 0.0
0.129281 -0.0160528 0.0
0.128461 -0.0194927 0.0
0.127575 -0.0229554 0.0
0.126621 -0.026445 0.0
0.125599 -0.0299661 0.0
0.124507 -0.0335228 0.0
0.123345 -0.0371198 0.0
0.122111 -0.0407616 0.0
0.120805 -0.0444527 0.0
0.119425 -0.0481979 0.0
0.11797 -0.0520017 0.0
0.116438 -0.0558688 0.0
0.114828 -0.0598039 0.0
0.113138 -0.0638114 0.0
0.111366 -0.0678957 0.0
0.10951 -0.0720611 0.0
0.107568 -0.0763115 0.0
0.105537 -0.0806504 0.0
0.103415 -0.0850809 0.0
0.101198 -0.0896058 0.0
0.0988846 -0.0942269 0.0
0.0964704 -0.0989456 0.0
0.0939524 -0.103762 0.0
0.0913276 -0.108677 0.0
0.0885926 -0.113687 0.0
0.0857445 -0.118791 0.0
0.0827803 -0.123985 0.0
0.0796975 -0.129264 0.0
0.0764939 -0.134622 0.0
0.0731678 -0.14005 0.0
0.0697184 -0.145542 0.0
0.0661455 -0.151085 0.0
0.0624499 -0.156671 0.0
0.0586335 -0.162286 0.0
0.0546996 -0.167921 0.0
0.050653 -0.173564 0.0
0.0465002 -0.17921 0.0
0.0422498 -0.184857 0.0
0.037913 -0.190518 0.0
0.0335034 -0.196228 0.0
0.0290375 -0.20207 0.0
0.024534 -0.208219 0.0
0.0200102 -0.215057 0.0
0.0154728 -0.223433 0.0
0.0108942 -0.23531 0.0
0.00618304 -0.255155 0.0
0.00121676 -0.292194 0.0
-0.00370669 -0.355798 0.0
-0.00787508 -0.429674 0.0
-0.0105118 -0.49742 0.0
-0.0108439 -0.534351 0.0
-0.00841078 -0.506159 0.0
-0.00378416 -0.367215 0.0
-0.000546123 -0.0831332 0.0
8.3492e-05 -0.00256922 0.0
0.000935069 -0.0023837 0.0
0.00344851 0.00814816 0.0
0.00795843 0.0274462 0.0
0.0142862 0.0523365 0.0
0.0218842 0.0792555 0.0
0.0301267 0.105515 0.0
0.0384932 0.129533 0.0
0.0466165 0.150576 0.0
0.0542707 0.168451 0.0
0.0613417 0.183272 0.0
0.0677951 0.195306 0.0
0.0736483 0.204878 0.0
0.0789478 0.21231 0.0
0.0837523 0.217893 0.0
0.0881214 0.221877 0.0
0.0921091 0.224469 0.0
0.0957612 0.225837 0.0
0.0991146 0.226121 0.0
0.102198 0.225439 0.0
0.105035 0.223896 0.0
0.107643 0.221583 0.0
0.110037 0.218586 0.0
0.112232 0.214987 0.0
0.114239 0.210864 0.0
0.116072 0.206291 0.0
0.117742 0.201338 0.0
0.119263 0.196074 0.0
0.120647 0.19056 0.0
0.121908 0.184857 0.0
0.123059 0.179017 0.0
0.124113 0.17309 0.0
0.125083 0.167117 0.0
0.125981 0.161138 0.0
0.126818 0.155182 0.0
0.127605 0.149279 0.0
0.12835 0.143449 0.0
0.129062 0.13771 0.0
0.129748 0.132075 0.0
0.130412 0.126554 0.0
0.131058 0.121153 0.0
0.131691 0.115876 0.0
0.132311 0.110724 0.0
0.13292 0.105698 0.0
0.133517 0.100794 0.0
0.134102 0.0960104 0.0
0.134674 0.0913429 0.0
0.135231 0.0867872 0.0
0.135769 0.0823383 0.0
0.136289 0.077991 0.0
0.136785 0.0737402 0.0
0.137256 0.0695804 0.0
0.1377 0.0655064 0.0
0.138112 0.061513 0.0
0.138492 0.0575951 0.0
0.138835 0.0537476 0.0
0.139139 0.0499658 0.0
0.139403 0.0462448 0.0
0.139623 0.04258 0.0
0.139798 0.0389669 0.0
0.139925 0.0354011 0.0
0.140003 0.0318782 0.0
0.140029 0.028394 0.0
0.140003 0.0249442 0.0
0.139922 0.0215249 0.0
0.139785 0.0181318 0.0
0.139591 0.0147609 0.0
0.139337 0.0114083 0.0
0.139024 0.00806991 0.0
0.138649 0.00474197 0.0
0.13821 0.00142028 0.0
0.137708 -0.0019064 0.0
0.137144 -0.00523334 0.0
0.136515 -0.00856531 0.0
0.135819 -0.0119066 0.0
0.135057 -0.0152614 0.0
0.134226 -0.0186338 0.0
0.133326 -0.0220281 0.0
0.132356 -0.0254485 0.0
0.131315 -0.0288992 0.0
0.130202 -0.0323846 0.0
0.129015 -0.0359092 0.0
0.127754 -0.0394774 0.0
0.126417 -0.0430937 0.0
0.125003 -0.0467626 0.0
0.12351 -0.0504887 0.0
0.121937 -0.0542766 0.0
0.120281 -0.0581305 0.0
0.118541 -0.062055 0.0
0.116715 -0.0660541 0.0
0.1148 -0.0701319 0.0
0.112794 -0.0742922 0.0
0.110693 -0.0785382 0.0
0.108495 -0.082873 0.0
0.106197 -0.0872989 0.0
0.103795 -0.0918179 0.0
0.101286 -0.0964312 0.0
0.0986664 -0.101139 0.0
0.0959327 -0.105941 0.0
0.0930815 -0.110836 0.0
0.0901096 -0.115822 0.0
0.0870138 -0.120894 0.0
0.0837913 -0.12605 0.0
0.0804399 -0.131281 0.0
0.0769579 -0.136583 0.0
0.0733443 -0.141946 0.0
0.0695988 -0.147362 0.0
0.0657223 -0.152822 0.0
0.0617168 -0.158314 0.0
0.0575859 -0.163829 0.0
0.0533345 -0.169359 0.0
0.0489696 -0.174898 0.0
0.0445006 -0.180449 0.0
0.0399392 -0.186027 0.0
0.0353002 -0.19167 0.0
0.0306015 -0.197463 0.0
0.0258636 -0.203584 0.0
0.0211066 -0.210411 0.0
0.0163409 -0.218776 0.0
0.0115432 -0.230592 0.0
0.00662323 -0.250242 0.0
0.00145813 -0.286975 0.0
-0.003682 -0.350953 0.0
-0.00808931 -0.425942 0.0
-0.0109371 -0.495666 0.0
-0.0113973 -0.535312 0.0
-0.00894836 -0.510081 0.0
-0.00410906 -0.37276 0.0
-0.000628133 -0.0843075 0.0
6.39186e-05 -0.00271663 0.0
0.000793731 -0.00381767 0.0
0.00304311 0.00481932 0.0
0.00721149 0.0220967 0.0
0.0132167 0.0453529 0.0
0.0205909 0.0712669 0.0
0.0287354 0.0971162 0.0
0.0371215 0.121179 0.0
0.0453598 0.142569 0.0
0.0531979 0.160966 0.0
0.0604968 0.176387 0.0
0.0672009 0.189033 0.0
0.0733118 0.199187 0.0
0.0788655 0.207148 0.0
0.0839147 0.213202 0.0
0.088517 0.217598 0.0
0.0927273 0.22055 0.0
0.0965932 0.222237 0.0
0.100154 0.222806 0.0
0.103442 0.222383 0.0
0.106481 0.221076 0.0
0.109292 0.218983 0.0
0.11189 0.216193 0.0
0.114289 0.212787 0.0
0.116501 0.208845 0.0
0.118538 0.20444 0.0
0.120412 0.199645 0.0
0.122134 0.194525 0.0
0.123715 0.189143 0.0
0.125169 0.183559 0.0
0.126507 0.177826 0.0
0.127742 0.171993 0.0
0.128884 0.166102 0.0
0.129947 0.160193 0.0
0.130939 0.154297 0.0
0.131872 0.148444 0.0
0.132754 0.142656 0.0
0.133594 0.136951 0.0
0.134397 0.131344 0.0
0.135171 0.125846 0.0
0.135919 0.120465 0.0
0.136644 0.115205 0.0
0.13735 0.110069 0.0
0.138037 0.105057 0.0
0.138707 0.100168 0.0
0.139359 0.0953996 0.0
0.139992 0.0907489 0.0
0.140605 0.0862117 0.0
0.141197 0.0817834 0.0
0.141764 0.0774591 0.0
0.142306 0.0732337 0.0
0.14282 0.069102 0.0
0.143302 0.0650588 0.0
0.143751 0.0610988 0.0
0.144165 0.0572168 0.0
0.14454 0.0534078 0.0
0.144874 0.0496669 0.0
0.145165 0.0459891 0.0
0.145411 0.0423697 0.0
0.145609 0.0388041 0.0
0.145758 0.0352877 0.0
0.145856 0.0318161 0.0
0.1459 0.0283849 0.0
0.14589 0.0249899 0.0
0.145823 0.0216268 0.0
0.145698 0.0182914 0.0
0.145514 0.0149797 0.0
0.14527 0.0116875 0.0
0.144963 0.00841082 0.0
0.144594 0.00514578 0.0
0.144161 0.00188806 0.0
0.143663 -0.00137376 0.0
0.143096 -0.00463487 0.0
0.142461 -0.00790003 0.0
0.141758 -0.0111736 0.0
0.140985 -0.0144596 0.0
0.140143 -0.0177623 0.0
0.139229 -0.0210857 0.0
0.138242 -0.0244342 0.0
0.137182 -0.027812 0.0
0.136047 -0.0312233 0.0
0.134835 -0.0346725 0.0
0.133546 -0.0381639 0.0
0.132178 -0.041702 0.0
0.130729 -0.0452912 0.0
0.129198 -0.0489359 0.0
0.127582 -0.0526404 0.0
0.12588 -0.0564089 0.0
0.124089 -0.0602458 0.0
0.122207 -0.0641549 0.0
0.12023 -0.06814 0.0
0.118158 -0.0722047 0.0
0.115985 -0.0763521 0.0
0.113709 -0.0805851 0.0
0.111326 -0.0849059 0.0
0.108833 -0.0893162 0.0
0.106226 -0.0938171 0.0
0.103502 -0.0984091 0.0
0.100656 -0.103092 0.0
0.0976847 -0.107864 0.0
0.094585 -0.112723 0.0
0.0913534 -0.117666 0.0
0.087987 -0.122689 0.0
0.0844833 -0.127787 0.0
0.0808405 -0.132953 0.0
0.0770574 -0.13818 0.0
0.0731339 -0.14346 0.0
0.0690708 -0.148785 0.0
0.0648702 -0.154145 0.0
0.0605358 -0.159532 0.0
0.0560729 -0.164941 0.0
0.051489 -0.170367 0.0
0.0467939 -0.175816 0.0
0.0420001 -0.181305 0.0
0.0371236 -0.186877 0.0
0.0321836 -0.192618 0.0
0.0272026 -0.198711 0.0
0.0222033 -0.205528 0.0
0.0171998 -0.213889 0.0
0.0121729 -0.225654 0.0
0.00703193 -0.245119 0.0
0.00164697 -0.281548 0.0
-0.00374303 -0.34585 0.0
-0.00842822 -0.421953 0.0
-0.0115224 -0.493713 0.0
-0.0121304 -0.536197 0.0
-0.00965751 -0.514118 0.0
-0.00455985 -0.37866 0.0
-0.000756462 -0.0856921 0.0
4.51514e-05 -0.0028257 0.0
0.000659416 -0.00505268 0.0
0.00265426 0.0018101 0.0
0.0064728 0.017119 0.0
0.0121217 0.0386766 0.0
0.0192256 0.0634651 0.0
0.0272217 0.0887775 0.0
0.0355792 0.112774 0.0
0.0438894 0.134426 0.0
0.0518757 0.153285 0.0
0.0593748 0.16927 0.0
0.0663101 0.182511 0.0
0.0726666 0.193242 0.0
0.0784686 0.201737 0.0
0.0837615 0.20827 0.0
0.0885998 0.213089 0.0
0.0930376 0.216412 0.0
0.0971238 0.218424 0.0
0.1009 0.219282 0.0
0.1044 0.219119 0.0
0.107651 0.21805 0.0
0.110674 0.216176 0.0
0.113486 0.21359 0.0
0.1161 0.210376 0.0
0.118528 0.206614 0.0
0.120783 0.202379 0.0
0.122873 0.197742 0.0
0.12481 0.192769 0.0
0.126604 0.187523 0.0
0.128267 0.182063 0.0
0.129808 0.176443 0.0
0.131239 0.17071 0.0
0.132571 0.16491 0.0
0.133814 0.159079 0.0
0.134979 0.153253 0.0
0.136075 0.14746 0.0
0.13711 0.141722 0.0
0.138093 0.136062 0.0
0.139031 0.130492 0.0
0.139929 0.125027 0.0
0.140792 0.119674 0.0
0.141624 0.114439 0.0
0.142429 0.109325 0.0
0.143207 0.104335 0.0
0.14396 0.0994669 0.0
0.144689 0.09472 0.0
0.145393 0.0900915 0.0
0.146071 0.0855776 0.0
0.146723 0.0811744 0.0
0.147346 0.076877 0.0
0.147939 0.0726808 0.0
0.1485 0.0685805 0.0
0.149027 0.0645711 0.0
0.149517 0.0606472 0.0
0.149968 0.0568038 0.0
0.150378 0.0530358 0.0
0.150745 0.049338 0.0
0.151066 0.0457056 0.0
0.15134 0.0421338 0.0
0.151564 0.0386177 0.0
0.151736 0.0351528 0.0
0.151855 0.0317345 0.0
0.151919 0.0283583 0.0
0.151926 0.0250199 0.0
0.151874 0.021715 0.0
0.151763 0.0184394 0.0
0.15159 0.0151887 0.0
0.151355 0.0119588 0.0
0.151055 0.00874563 0.0
0.150691 0.00554488 0.0
0.15026 0.00235185 0.0
0.149762 -0.00084065 0.0
0.149194 -0.00403307 0.0
0.148556 -0.00722905 0.0
0.147847 -0.0104325 0.0
0.147066 -0.0136475 0.0
0.146212 -0.016878 0.0
0.145285 -0.0201282 0.0
0.144282 -0.0234022 0.0
0.143202 -0.0267042 0.0
0.142045 -0.0300385 0.0
0.140808 -0.0334092 0.0
0.139491 -0.0368206 0.0
0.138091 -0.0402771 0.0
0.136606 -0.0437828 0.0
0.135036 -0.0473421 0.0
0.133376 -0.050959 0.0
0.131626 -0.0546377 0.0
0.129782 -0.0583822 0.0
0.127842 -0.0621962 0.0
0.125803 -0.0660833 0.0
0.123661 -0.0700468 0.0
0.121413 -0.0740897 0.0
0.119057 -0.0782146 0.0
0.116587 -0.0824237 0.0
0.114 -0.0867185 0.0
0.111292 -0.0911001 0.0
0.108459 -0.0955688 0.0
0.105498 -0.100124 0.0
0.102403 -0.104765 0.0
0.0991716 -0.10949 0.0
0.0958003 -0.114296 0.0
0.0922856 -0.119178 0.0
0.0886252 -0.124133 0.0
0.0848168 -0.129155 0.0
0.0808594 -0.134237 0.0
0.0767527 -0.139372 0.0
0.0724975 -0.144554 0.0
0.068096 -0.149774 0.0
0.063552 -0.155025 0.0
0.0588711 -0.160304 0.0
0.0540612 -0.16561 0.0
0.0491327 -0.17095 0.0
0.044099 -0.176344 0.0
0.0389771 -0.181839 0.0
0.0337876 -0.187526 0.0
0.0285548 -0.193589 0.0
0.0233043 -0.2004 0.0
0.0180535 -0.208763 0.0
0.0127874 -0.220487 0.0
0.00741339 -0.239771 0.0
0.00178635 -0.275885 0.0
-0.00389108 -0.340446 0.0
-0.00890078 -0.417662 0.0
-0.0122861 -0.491525 0.0
-0.0130706 -0.536992 0.0
-0.0105706 -0.518295 0.0
-0.00516617 -0.384985 0.0
-0.000944091 -0.0873926 0.0
3.07493e-05 -0.0029016 0.0
0.00054323 -0.00610352 0.0
0.00228722 -0.000877892 0.0
0.00574282 0.0125329 0.0
0.0110102 0.0323465 0.0
0.0178022 0.0558992 0.0
0.0256002 0.0805494 0.0
0.0338785 0.104366 0.0
0.0422138 0.126188 0.0
0.0503077 0.145443 0.0
0.0579739 0.161947 0.0
0.0651154 0.175757 0.0
0.0717003 0.187054 0.0
0.0777401 0.196083 0.0
0.0832724 0.203099 0.0
0.0883466 0.208347 0.0
0.0930153 0.212047 0.0
0.0973276 0.21439 0.0
0.101327 0.21554 0.0
0.105048 0.215639 0.0
0.10852 0.214807 0.0
0.111765 0.213151 0.0
0.1148 0.210768 0.0
0.117641 0.207744 0.0
0.120298 0.204161 0.0
0.122782 0.200094 0.0
0.125103 0.195615 0.0
0.12727 0.190791 0.0
0.129291 0.185685 0.0
0.131178 0.180353 0.0
0.132938 0.174851 0.0
0.134583 0.169227 0.0
0.136121 0.163523 0.0
0.137562 0.157781 0.0
0.138917 0.152033 0.0
0.140193 0.146308 0.0
0.141399 0.140632 0.0
0.142542 0.135025 0.0
0.143631 0.129503 0.0
0.144669 0.12408 0.0
0.145663 0.118764 0.0
0.146617 0.113563 0.0
0.147533 0.10848 0.0
0.148415 0.103519 0.0
0.149264 0.09868 0.0
0.150081 0.0939613 0.0
0.150866 0.0893611 0.0
0.15162 0.0848764 0.0
0.15234 0.0805034 0.0
0.153027 0.0762378 0.0
0.153679 0.072075 0.0
0.154294 0.0680102 0.0
0.154871 0.0640381 0.0
0.155407 0.0601538 0.0
0.155901 0.0563521 0.0
0.15635 0.0526279 0.0
0.156753 0.0489761 0.0
0.157108 0.0453917 0.0
0.157412 0.0418698 0.0
0.157664 0.0384056 0.0
0.157862 0.0349944 0.0
0.158005 0.0316316 0.0
0.158089 0.0283126 0.0
0.158115 0.025033 0.0
0.15808 0.0217885 0.0
0.157983 0.0185745 0.0
0.157822 0.015387 0.0
0.157597 0.0122216 0.0
0.157305 0.00907406 0.0
0.156946 0.00594002 0.0
0.156518 0.00281487 0.0
0.15602 -0.000307244 0.0
0.155451 -0.00342892 0.0
0.154809 -0.00655336 0.0
0.154094 -0.00968431 0.0
0.153305 -0.0128257 0.0
0.15244 -0.0159814 0.0
0.151499 -0.0191557 0.0
0.150479 -0.0223524 0.0
0.14938 -0.0255758 0.0
0.148201 -0.0288299 0.0
0.146938 -0.0321188 0.0
0.145592 -0.0354468 0.0
0.144159 -0.0388179 0.0
0.142637 -0.0422363 0.0
0.141026 -0.045706 0.0
0.139321 -0.049231 0.0
0.137521 -0.0528151 0.0
0.135622 -0.0564623 0.0
0.133622 -0.0601759 0.0
0.131517 -0.0639594 0.0
0.129304 -0.067816 0.0
0.126979 -0.0717483 0.0
0.124539 -0.0757588 0.0
0.121979 -0.0798495 0.0
0.119295 -0.0840219 0.0
0.116483 -0.0882769 0.0
0.113539 -0.0926149 0.0
0.110458 -0.0970355 0.0
0.107236 -0.101538 0.0
0.103869 -0.10612 0.0
0.100354 -0.11078 0.0
0.0966876 -0.115513 0.0
0.0928662 -0.120317 0.0
0.0888879 -0.125185 0.0
0.0847516 -0.130113 0.0
0.0804568 -0.135095 0.0
0.0760043 -0.140124 0.0
0.0713964 -0.145194 0.0
0.066637 -0.150301 0.0
0.061732 -0.155442 0.0
0.0566896 -0.16062 0.0
0.0515208 -0.165843 0.0
0.0462399 -0.171136 0.0
0.0408649 -0.17655 0.0
0.035418 -0.182179 0.0
0.0299253 -0.188211 0.0
0.0244148 -0.195018 0.0
0.0189078 -0.203388 0.0
0.0133928 -0.215081 0.0
0.00777445 -0.234185 0.0
0.00188282 -0.269952 0.0
-0.0041233 -0.334695 0.0
-0.00951201 -0.413015 0.0
-0.0132441 -0.489055 0.0
-0.0142445 -0.537678 0.0
-0.0117213 -0.522633 0.0
-0.00596051 -0.391812 0.0
-0.00120563 -0.0895423 0.0
1.95498e-05 -0.0029519 0.0
0.000441033 -0.00698719 0.0
0.00193426 -0.00323144 0.0
0.00501935 0.00834572 0.0
0.0098921 0.0263935 0.0
0.0163367 0.0486156 0.0
0.0238879 0.0724839 0.0
0.0320347 0.0960064 0.0
0.0403446 0.117902 0.0
0.0485003 0.137479 0.0
0.0562949 0.154451 0.0
0.0636117 0.168795 0.0
0.070402 0.180641 0.0
0.0766645 0.190194 0.0
0.0824274 0.197693 0.0
0.0877344 0.203372 0.0
0.0926352 0.207452 0.0
0.097178 0.210129 0.0
0.101406 0.211574 0.0
0.105357 0.211934 0.0
0.109059 0.211338 0.0
0.112537 0.209898 0.0
0.115808 0.207714 0.0
0.118887 0.204878 0.0
0.121786 0.201471 0.0
0.124514 0.197572 0.0
0.127079 0.193252 0.0
0.12949 0.188578 0.0
0.131754 0.183612 0.0
0.13388 0.178413 0.0
0.135876 0.173034 0.0
0.137751 0.167524 0.0
0.139513 0.161926 0.0
0.14117 0.156279 0.0
0.142732 0.150618 0.0
0.144206 0.144973 0.0
0.1456 0.139368 0.0
0.146922 0.133824 0.0
0.148177 0.12836 0.0
0.149373 0.122989 0.0
0.150514 0.11772 0.0
0.151604 0.112562 0.0
0.152648 0.107521 0.0
0.153648 0.102598 0.0
0.154606 0.0977949 0.0
0.155523 0.0931119 0.0
0.156401 0.0885472 0.0
0.15724 0.0840981 0.0
0.15804 0.0797614 0.0
0.158799 0.0755332 0.0
0.159518 0.0714091 0.0
0.160195 0.0673843 0.0
0.160828 0.063454 0.0
0.161417 0.0596133 0.0
0.161959 0.055857 0.0
0.162452 0.05218 0.0
0.162896 0.0485773 0.0
0.163288 0.0450439 0.0
0.163626 0.0415748 0.0
0.16391 0.0381652 0.0
0.164136 0.0348103 0.0
0.164304 0.0315055 0.0
0.164412 0.0282461 0.0
0.164458 0.0250277 0.0
0.164441 0.0218457 0.0
0.16436 0.0186958 0.0
0.164213 0.0155737 0.0
0.163998 0.012475 0.0
0.163715 0.0093955 0.0
0.163362 0.00633076 0.0
0.162938 0.00327628 0.0
0.16244 0.000226874 0.0
0.161869 -0.00282217 0.0
0.161223 -0.00587288 0.0
0.160503 -0.00892892 0.0
0.159705 -0.0119941 0.0
0.158829 -0.0150725 0.0
0.157874 -0.0181679 0.0
0.156837 -0.0212844 0.0
0.155718 -0.024426 0.0
0.154515 -0.0275967 0.0
0.153226 -0.0308004 0.0
0.151849 -0.0340413 0.0
0.150382 -0.0373232 0.0
0.148822 -0.0406501 0.0
0.147167 -0.0440259 0.0
0.145415 -0.0474543 0.0
0.143563 -0.0509391 0.0
0.141607 -0.0544837 0.0
0.139544 -0.0580917 0.0
0.137372 -0.061766 0.0
0.135085 -0.0655096 0.0
0.13268 -0.0693251 0.0
0.130153 -0.0732148 0.0
0.1275 -0.0771803 0.0
0.124716 -0.0812233 0.0
0.121797 -0.0853444 0.0
0.118738 -0.0895441 0.0
0.115534 -0.0938221 0.0
0.112182 -0.0981774 0.0
0.108677 -0.102609 0.0
0.105015 -0.107114 0.0
0.101192 -0.111689 0.0
0.097206 -0.116333 0.0
0.0930539 -0.121039 0.0
0.0887345 -0.125804 0.0
0.0842471 -0.130622 0.0
0.0795927 -0.135489 0.0
0.0747734 -0.140401 0.0
0.0697933 -0.145355 0.0
0.0646585 -0.150349 0.0
0.0593776 -0.155389 0.0
0.0539622 -0.160489 0.0
0.0484275 -0.165675 0.0
0.0427924 -0.171001 0.0
0.0370807 -0.176569 0.0
0.0313204 -0.182568 0.0
0.0255421 -0.189372 0.0
0.0197704 -0.197755 0.0
0.0139978 -0.209426 0.0
0.00812507 -0.228349 0.0
0.0019474 -0.263719 0.0
-0.00443109 -0.328544 0.0
-0.0102609 -0.407948 0.0
-0.014407 -0.486244 0.0
-0.0156757 -0.53822 0.0
-0.0131429 -0.527147 0.0
-0.00697694 -0.399224 0.0
-0.00155686 -0.0923048 0.0
6.45723e-06 -0.0029779 0.0
0.000334991 -0.0077112 0.0
0.00158992 -0.00525559 0.0
0.00431968 0.00455502 0.0
0.0087876 0.0208435 0.0
0.0148496 0.041659 0.0
0.0221052 0.0646336 0.0
0.0300663 0.0877488 0.0
0.0382963 0.10962 0.0
0.0464632 0.129438 0.0
0.0543414 0.146818 0.0
0.0617961 0.161656 0.0
0.0687629 0.174023 0.0
0.0752272 0.184086 0.0
0.0812073 0.192059 0.0
0.0867404 0.198166 0.0
0.0918719 0.202626 0.0
0.0966481 0.205636 0.0
0.101112 0.207374 0.0
0.1053 0.207995 0.0
0.109242 0.207632 0.0
0.112964 0.206405 0.0
0.116483 0.204417 0.0
0.119813 0.201765 0.0
0.122967 0.198532 0.0
0.125952 0.194799 0.0
0.128776 0.190636 0.0
0.131446 0.186112 0.0
0.133969 0.18129 0.0
0.136351 0.176227 0.0
0.1386 0.170976 0.0
0.140722 0.165586 0.0
0.142725 0.1601 0.0
0.144616 0.154557 0.0
0.146402 0.148992 0.0
0.148092 0.143435 0.0
0.149692 0.137911 0.0
0.151209 0.132442 0.0
0.152649 0.127046 0.0
0.154019 0.121737 0.0
0.155323 0.116526 0.0
0.156567 0.111422 0.0
0.157753 0.106431 0.0
0.158885 0.101555 0.0
0.159966 0.0967981 0.0
0.160998 0.0921594 0.0
0.161982 0.087638 0.0
0.162918 0.0832321 0.0
0.163807 0.0789386 0.0
0.164649 0.0747541 0.0
0.165444 0.0706745 0.0
0.166191 0.0666953 0.0
0.166889 0.0628119 0.0
0.167537 0.0590193 0.0
0.168133 0.0553127 0.0
0.168677 0.051687 0.0
0.169166 0.0481371 0.0
0.1696 0.0446582 0.0
0.169977 0.0412452 0.0
0.170295 0.0378933 0.0
0.170553 0.0345977 0.0
0.17075 0.0313536 0.0
0.170883 0.0281565 0.0
0.170953 0.0250018 0.0
0.170956 0.021885 0.0
0.170892 0.0188017 0.0
0.17076 0.0157475 0.0
0.170557 0.012718 0.0
0.170284 0.00970909 0.0
0.169938 0.00671633 0.0
0.169518 0.00373542 0.0
0.169021 0.000761602 0.0
0.168449 -0.00221307 0.0
0.1678 -0.00518778 0.0
0.167073 -0.00816635 0.0
0.166267 -0.0111527 0.0
0.165379 -0.0141507 0.0
0.164409 -0.0171644 0.0
0.163355 -0.0201975 0.0
0.162215 -0.023254 0.0
0.160987 -0.0263378 0.0
0.15967 -0.0294527 0.0
0.158261 -0.0326025 0.0
0.156757 -0.0357911 0.0
0.155157 -0.0390223 0.0
0.153457 -0.0422996 0.0
0.151656 -0.0456268 0.0
0.149749 -0.0490072 0.0
0.147733 -0.0524442 0.0
0.145606 -0.0559409 0.0
0.143362 -0.0595003 0.0
0.140999 -0.063125 0.0
0.138511 -0.0668174 0.0
0.135895 -0.0705796 0.0
0.133146 -0.0744133 0.0
0.130259 -0.0783196 0.0
0.12723 -0.0822995 0.0
0.124053 -0.0863533 0.0
0.120724 -0.0904807 0.0
0.117239 -0.094681 0.0
0.113592 -0.098953 0.0
0.10978 -0.103295 0.0
0.105798 -0.107704 0.0
0.101644 -0.112178 0.0
0.0973141 -0.116712 0.0
0.0928079 -0.121304 0.0
0.0881243 -0.12595 0.0
0.0832639 -0.130646 0.0
0.0782289 -0.13539 0.0
0.0730235 -0.14018 0.0
0.067654 -0.145019 0.0
0.0621293 -0.149914 0.0
0.0564618 -0.154881 0.0
0.0506672 -0.159953 0.0
0.0447659 -0.165187 0.0
0.0387828 -0.170689 0.0
0.0327482 -0.176653 0.0
0.026695 -0.183455 0.0
0.0206514 -0.191857 0.0
0.0146136 -0.203514 0.0
0.00847872 -0.222253 0.0
0.00199649 -0.257155 0.0
-0.00479839 -0.321935 0.0
-0.0111382 -0.402387 0.0
-0.0157773 -0.483019 0.0
-0.0173816 -0.538571 0.0
-0.0148652 -0.531845 0.0
-0.00824906 -0.407309 0.0
-0.00201391 -0.0958756 0.0
-6.20488e-06 -0.00297815 0.0
0.000236421 -0.0082821 0.0
0.00127331 -0.0069765 0.0
0.00366622 0.00115327 0.0
0.00772003 0.0157236 0.0
0.0133634 0.0350737 0.0
0.0202747 0.0570519 0.0
0.0279942 0.07965 0.0
0.0360865 0.101396 0.0
0.0442084 0.121373 0.0
0.0521191 0.139094 0.0
0.0596679 0.154376 0.0
0.0667754 0.167228 0.0
0.0734147 0.177777 0.0
0.0795938 0.186208 0.0
0.0853422 0.192735 0.0
0.0907 0.197568 0.0
0.0957104 0.200908 0.0
0.100414 0.202936 0.0
0.104848 0.203812 0.0
0.109041 0.203678 0.0
0.113018 0.202659 0.0
0.116797 0.200865 0.0
0.120392 0.198392 0.0
0.123814 0.19533 0.0
0.127071 0.191759 0.0
0.13017 0.187753 0.0
0.133115 0.18338 0.0
0.135912 0.178702 0.0
0.138567 0.173778 0.0
0.141085 0.168659 0.0
0.143471 0.163394 0.0
0.145732 0.158027 0.0
0.147874 0.152597 0.0
0.149904 0.147137 0.0
0.151827 0.141678 0.0
0.15365 0.136245 0.0
0.155381 0.130861 0.0
0.157024 0.125544 0.0
0.158585 0.120308 0.0
0.160069 0.115166 0.0
0.161482 0.110126 0.0
0.162827 0.105195 0.0
0.164107 0.100378 0.0
0.165326 0.0956759 0.0
0.166485 0.0910905 0.0
0.167587 0.0866213 0.0
0.168633 0.0822666 0.0
0.169624 0.0780241 0.0
0.17056 0.0738904 0.0
0.171441 0.069862 0.0
0.172268 0.0659346 0.0
0.173039 0.0621037 0.0
0.173754 0.0583647 0.0
0.174412 0.0547128 0.0
0.175012 0.0511429 0.0
0.175553 0.0476503 0.0
0.176035 0.0442298 0.0
0.176455 0.0408767 0.0
0.176812 0.0375861 0.0
0.177106 0.0343531 0.0
0.177334 0.031173 0.0
0.177497 0.0280413 0.0
0.177591 0.0249533 0.0
0.177617 0.0219045 0.0
0.177573 0.0188905 0.0
0.177457 0.0159069 0.0
0.177269 0.0129494 0.0
0.177006 0.0100137 0.0
0.176668 0.00709563 0.0
0.176254 0.00419115 0.0
0.17576 0.0012959 0.0
0.175188 -0.00160235 0.0
0.174536 -0.00449823 0.0
0.173803 -0.00739636 0.0
0.172988 -0.0103008 0.0
0.172088 -0.0132154 0.0
0.171102 -0.016144 0.0
0.170029 -0.0190904 0.0
0.168866 -0.0220583 0.0
0.167612 -0.0250515 0.0
0.166264 -0.0280737 0.0
0.16482 -0.0311286 0.0
0.163278 -0.0342197 0.0
0.161636 -0.0373507 0.0
0.159889 -0.0405251 0.0
0.158035 -0.0437461 0.0
0.156072 -0.0470171 0.0
0.153994 -0.0503412 0.0
0.151799 -0.0537211 0.0
0.149482 -0.0571597 0.0
0.147039 -0.0606595 0.0
0.144466 -0.0642225 0.0
0.141759 -0.0678506 0.0
0.138911 -0.0715455 0.0
0.135918 -0.0753082 0.0
0.132776 -0.0791395 0.0
0.129479 -0.0830397 0.0
0.126023 -0.0870087 0.0
0.122401 -0.0910458 0.0
0.11861 -0.0951501 0.0
0.114645 -0.0993201 0.0
0.110501 -0.103554 0.0
0.106176 -0.107849 0.0
0.101667 -0.112202 0.0
0.0969712 -0.116612 0.0
0.0920883 -0.121076 0.0
0.0870187 -0.125591 0.0
0.0817647 -0.130157 0.0
0.0763303 -0.134774 0.0
0.0707221 -0.139448 0.0
0.0649494 -0.144188 0.0
0.0590251 -0.149015 0.0
0.0529658 -0.153965 0.0
0.0467929 -0.159101 0.0
0.0405332 -0.164532 0.0
0.0342185 -0.17046 0.0
0.0278847 -0.177261 0.0
0.0215634 -0.185686 0.0
0.0152547 -0.197338 0.0
0.00885263 -0.215891 0.0
0.00205261 -0.250234 0.0
-0.00519995 -0.314808 0.0
-0.0121234 -0.396251 0.0
-0.0173462 -0.479294 0.0
-0.0193694 -0.538669 0.0
-0.0169115 -0.536721 0.0
-0.00980729 -0.416153 0.0
-0.00259219 -0.100482 0.0
-1.57562e-05 -0.00295619 0.0
0.000159074 -0.00872152 0.0
0.0010136 -0.00842849 0.0
0.00307291 -0.00184696 0.0
0.00669118 0.0110517 0.0
0.0118956 0.0288978 0.0
0.0184208 0.0497913 0.0
0.0258427 0.0717693 0.0
0.0337355 0.0932922 0.0
0.0417505 0.11334 0.0
0.0496357 0.131331 0.0
0.0572274 0.146999 0.0
0.0644333 0.160292 0.0
0.0712144 0.171292 0.0
0.0775687 0.180159 0.0
0.0835173 0.187087 0.0
0.0890941 0.192281 0.0
0.0943373 0.195941 0.0
0.099285 0.198251 0.0
0.103971 0.199377 0.0
0.108425 0.199467 0.0
0.112669 0.19865 0.0
0.116722 0.197042 0.0
0.120597 0.194745 0.0
0.124303 0.191849 0.0
0.127847 0.188438 0.0
0.131235 0.184587 0.0
0.134472 0.180364 0.0
0.13756 0.175832 0.0
0.140504 0.171049 0.0
0.143308 0.166066 0.0
0.145976 0.160933 0.0
0.148513 0.155691 0.0
0.150923 0.15038 0.0
0.153213 0.145034 0.0
0.155387 0.139683 0.0
0.157452 0.134352 0.0
0.159413 0.129063 0.0
0.161275 0.123836 0.0
0.163045 0.118685 0.0
0.164727 0.113623 0.0
0.166325 0.108659 0.0
0.167845 0.103799 0.0
0.169288 0.09905 0.0
0.17066 0.0944136 0.0
0.171962 0.0898915 0.0
0.173196 0.0854838 0.0
0.174365 0.0811894 0.0
0.175469 0.0770061 0.0
0.17651 0.0729313 0.0
0.177489 0.0689615 0.0
0.178405 0.0650928 0.0
0.179258 0.061321 0.0
0.180049 0.0576416 0.0
0.180777 0.05405 0.0
0.181441 0.0505413 0.0
0.182041 0.0471107 0.0
0.182576 0.0437534 0.0
0.183044 0.0404645 0.0
0.183446 0.0372391 0.0
0.18378 0.0340726 0.0
0.184045 0.0309602 0.0
0.184239 0.0278972 0.0
0.184363 0.0248792 0.0
0.184414 0.0219016 0.0
0.184391 0.01896 0.0
0.184294 0.01605 0.0
0.184122 0.0131674 0.0
0.183872 0.0103079 0.0
0.183544 0.00746725 0.0
0.183136 0.00464145 0.0
0.18265 0.00182606 0.0
0.18208 -0.000990232 0.0
0.181424 -0.00380349 0.0
0.180684 -0.00661785 0.0
0.179857 -0.00943712 0.0
0.178943 -0.012265 0.0
0.17794 -0.0151052 0.0
0.176846 -0.0179614 0.0
0.175659 -0.0208371 0.0
0.174376 -0.023736 0.0
0.172996 -0.0266616 0.0
0.171517 -0.0296174 0.0
0.169935 -0.0326069 0.0
0.168247 -0.0356333 0.0
0.166451 -0.0387 0.0
0.164544 -0.04181 0.0
0.162521 -0.0449665 0.0
0.160379 -0.0481722 0.0
0.158113 -0.0514298 0.0
0.155721 -0.0547418 0.0
0.153197 -0.0581105 0.0
0.150536 -0.0615378 0.0
0.147734 -0.0650253 0.0
0.144785 -0.0685746 0.0
0.141685 -0.0721866 0.0
0.138428 -0.0758619 0.0
0.135009 -0.079601 0.0
0.131422 -0.0834037 0.0
0.127662 -0.0872696 0.0
0.123725 -0.0911978 0.0
0.119605 -0.0951873 0.0
0.115298 -0.0992364 0.0
0.110801 -0.103344 0.0
0.10611 -0.107507 0.0
0.101223 -0.111725 0.0
0.0961386 -0.115996 0.0
0.0908578 -0.12032 0.0
0.0853824 -0.124698 0.0
0.0797165 -0.129132 0.0
0.0738668 -0.133631 0.0
0.0678431 -0.138208 0.0
0.0616586 -0.142887 0.0
0.055331 -0.147707 0.0
0.0488828 -0.152738 0.0
0.0423423 -0.158095 0.0
0.0357436 -0.163984 0.0
0.0291249 -0.170784 0.0
0.0225216 -0.179238 0.0
0.0159386 -0.190895 0.0
0.00926787 -0.209262 0.0
0.002145 -0.24294 0.0
-0.00559986 -0.307104 0.0
-0.0131825 -0.389448 0.0
-0.01909 -0.474966 0.0
-0.0216325 -0.538432 0.0
-0.0192938 -0.541755 0.0
-0.0116754 -0.425841 0.0
-0.00330496 -0.106379 0.0
-2.25964e-05 -0.00291784 0.0
0.000100783 -0.00905808 0.0
0.000801456 -0.00964713 0.0
0.00254861 -0.0044348 0.0
0.00573544 0.00683447 0.0
0.0104817 0.0231643 0.0
0.0165766 0.0429046 0.0
0.0236409 0.0641697 0.0
0.0312664 0.0853735 0.0
0.0391055 0.105405 0.0
0.0468996 0.123587 0.0
0.0544755 0.139575 0.0
0.0617301 0.153255 0.0
0.0686138 0.164665 0.0
0.0751142 0.173932 0.0
0.0812438 0.181236 0.0
0.0870287 0.186771 0.0
0.0925014 0.190735 0.0
0.0976955 0.193315 0.0
0.102641 0.19468 0.0
0.107366 0.194985 0.0
0.11189 0.194363 0.0
0.116231 0.192936 0.0
0.1204 0.190808 0.0
0.124405 0.188075 0.0
0.128253 0.184821 0.0
0.131948 0.181122 0.0
0.135492 0.177048 0.0
0.138888 0.172663 0.0
0.142138 0.168023 0.0
0.145245 0.163181 0.0
0.148212 0.158184 0.0
0.151041 0.153074 0.0
0.153737 0.147891 0.0
0.156304 0.142667 0.0
0.158747 0.137433 0.0
0.16107 0.132213 0.0
0.163279 0.127032 0.0
0.165379 0.121905 0.0
0.167374 0.116851 0.0
0.16927 0.11188 0.0
0.17107 0.107003 0.0
0.17278 0.102226 0.0
0.174403 0.0975565 0.0
0.175942 0.0929965 0.0
0.1774 0.0885482 0.0
0.178781 0.0842121 0.0
0.180086 0.0799875 0.0
0.181317 0.0758727 0.0
0.182475 0.0718653 0.0
0.183562 0.0679623 0.0
0.184578 0.06416 0.0
0.185524 0.0604544 0.0
0.1864 0.0568414 0.0
0.187206 0.0533164 0.0
0.187942 0.0498747 0.0
0.188608 0.0465118 0.0
0.189203 0.0432228 0.0
0.189726 0.0400029 0.0
0.190178 0.0368474 0.0
0.190557 0.0337517 0.0
0.190862 0.030711 0.0
0.191093 0.0277208 0.0
0.191249 0.0247765 0.0
0.191328 0.0218737 0.0
0.191331 0.0190079 0.0
0.191255 0.016175 0.0
0.1911 0.0133705 0.0
0.190864 0.0105902 0.0
0.190547 0.00783007 0.0
0.190147 0.00508573 0.0
0.189663 0.00235251 0.0
0.189093 -0.000376653 0.0
0.188435 -0.00310354 0.0
0.187688 -0.00583068 0.0
0.186852 -0.00856137 0.0
0.185924 -0.0112991 0.0
0.184904 -0.0140473 0.0
0.183789 -0.0168096 0.0
0.182576 -0.0195894 0.0
0.181265 -0.0223901 0.0
0.179852 -0.025215 0.0
0.178335 -0.0280675 0.0
0.176711 -0.0309508 0.0
0.174977 -0.033868 0.0
0.17313 -0.0368222 0.0
0.171167 -0.0398163 0.0
0.169082 -0.042853 0.0
0.166874 -0.0459349 0.0
0.164536 -0.0490646 0.0
0.162066 -0.0522442 0.0
0.159458 -0.0554758 0.0
0.156707 -0.0587611 0.0
0.153809 -0.0621016 0.0
0.150758 -0.0654985 0.0
0.147548 -0.0689528 0.0
0.144174 -0.072465 0.0
0.140631 -0.0760355 0.0
0.136913 -0.0796642 0.0
0.133014 -0.0833508 0.0
0.12893 -0.0870947 0.0
0.124654 -0.0908951 0.0
0.120183 -0.0947509 0.0
0.115513 -0.098661 0.0
0.110639 -0.102625 0.0
0.10556 -0.106641 0.0
0.100274 -0.11071 0.0
0.0947812 -0.114833 0.0
0.0890836 -0.119012 0.0
0.0831852 -0.123254 0.0
0.0770929 -0.127568 0.0
0.0708167 -0.131972 0.0
0.0643704 -0.136492 0.0
0.0577725 -0.141176 0.0
0.0510468 -0.146095 0.0
0.0442232 -0.151373 0.0
0.0373379 -0.157222 0.0
0.030432 -0.164022 0.0
0.0235447 -0.172509 0.0
0.0166859 -0.184182 0.0
0.00974918 -0.202368 0.0
0.00230965 -0.235272 0.0
-0.00595044 -0.298767 0.0
-0.0142658 -0.381887 0.0
-0.0209661 -0.469919 0.0
-0.0241455 -0.537756 0.0
-0.0220082 -0.546907 0.0
-0.0138665 -0.43645 0.0
-0.00416164 -0.113845 0.0
-2.54262e-05 -0.00286982 0.0
6.8453e-05 -0.00932336 0.0
0.000653646 -0.0106677 0.0
0.00213204 -0.00663976 0.0
0.00491034 0.00307431 0.0
0.00917611 0.0179124 0.0
0.0147859 0.0364518 0.0
0.0214225 0.0569217 0.0
0.0287038 0.0777147 0.0
0.0362892 0.0976393 0.0
0.0439184 0.11593 0.0
0.051412 0.132163 0.0
0.0586587 0.146166 0.0
0.0655993 0.15793 0.0
0.0722119 0.167554 0.0
0.0784991 0.175197 0.0
0.0844786 0.181045 0.0
0.0901754 0.185291 0.0
0.0956169 0.188123 0.0
0.100829 0.189714 0.0
0.105835 0.190221 0.0
0.110652 0.189785 0.0
0.115295 0.18853 0.0
0.119774 0.186566 0.0
0.124096 0.18399 0.0
0.128264 0.180889 0.0
0.132283 0.177341 0.0
0.136152 0.173416 0.0
0.139873 0.169178 0.0
0.143446 0.164684 0.0
0.146873 0.159986 0.0
0.150155 0.15513 0.0
0.153293 0.15016 0.0
0.156292 0.145111 0.0
0.159154 0.140018 0.0
0.161882 0.134911 0.0
0.16448 0.129814 0.0
0.166954 0.124749 0.0
0.169307 0.119735 0.0
0.171544 0.114789 0.0
0.173669 0.109921 0.0
0.175688 0.105142 0.0
0.177604 0.100461 0.0
0.179421 0.0958822 0.0
0.181143 0.09141 0.0
0.182772 0.0870464 0.0
0.184313 0.0827925 0.0
0.185768 0.0786479 0.0
0.187138 0.0746113 0.0
0.188425 0.0706807 0.0
0.189632 0.0668532 0.0
0.190759 0.0631256 0.0
0.191808 0.0594941 0.0
0.192779 0.0559548 0.0
0.193672 0.0525034 0.0
0.194489 0.0491354 0.0
0.195228 0.0458462 0.0
0.19589 0.0426313 0.0
0.196475 0.0394859 0.0
0.196983 0.0364055 0.0
0.197412 0.0333854 0.0
0.197763 0.030421 0.0
0.198035 0.0275079 0.0
0.198227 0.0246415 0.0
0.198339 0.0218175 0.0
0.198369 0.0190314 0.0
0.198317 0.0162792 0.0
0.198182 0.0135565 0.0
0.197962 0.0108591 0.0
0.197658 0.00818305 0.0
0.197266 0.00552404 0.0
0.196787 0.00287769 0.0
0.196216 0.000238571 0.0
0.195555 -0.002399 0.0
0.194802 -0.00503548 0.0
0.193956 -0.00767393 0.0
0.193014 -0.0103177 0.0
0.191976 -0.0129701 0.0
0.190839 -0.0156346 0.0
0.189601 -0.0183143 0.0
0.18826 -0.0210126 0.0
0.186813 -0.0237325 0.0
0.185257 -0.0264773 0.0
0.18359 -0.0292499 0.0
0.181808 -0.0320532 0.0
0.179908 -0.03489 0.0
0.177886 -0.037763 0.0
0.175739 -0.0406747 0.0
0.173462 -0.0436275 0.0
0.171051 -0.0466236 0.0
0.168501 -0.049665 0.0
0.165807 -0.0527535 0.0
0.162965 -0.0558906 0.0
0.159969 -0.0590776 0.0
0.156814 -0.0623156 0.0
0.153493 -0.0656054 0.0
0.150002 -0.0689475 0.0
0.146334 -0.0723422 0.0
0.142484 -0.0757894 0.0
0.138446 -0.0792889 0.0
0.134214 -0.0828403 0.0
0.129784 -0.0864432 0.0
0.125149 -0.090097 0.0
0.120306 -0.0938011 0.0
0.11525 -0.0975555 0.0
0.10998 -0.101361 0.0
0.104493 -0.105217 0.0
0.098789 -0.109129 0.0
0.0928701 -0.1131 0.0
0.0867401 -0.117138 0.0
0.0804058 -0.121257 0.0
0.0738777 -0.125478 0.0
0.0671699 -0.129832 0.0
0.0603019 -0.13437 0.0
0.0532986 -0.139172 0.0
0.0461917 -0.144366 0.0
0.0390195 -0.150171 0.0
0.0318261 -0.156973 0.0
0.0246545 -0.165499 0.0
0.017521 -0.177199 0.0
0.0103245 -0.195217 0.0
0.00258879 -0.227248 0.0
-0.00619198 -0.289751 0.0
-0.0153059 -0.373474 0.0
-0.0229101 -0.464028 0.0
-0.0268595 -0.536519 0.0
-0.0250305 -0.55211 0.0
-0.016379 -0.44804 0.0
-0.00516611 -0.123173 0.0
-1.97366e-05 -0.00282465 0.0
8.22947e-05 -0.00956444 0.0
0.000617777 -0.0115473 0.0
0.00189612 -0.0085169 0.0
0.00429106 -0.000221785 0.0
0.00803913 0.0131947 0.0
0.0130947 0.0305041 0.0
0.0192214 0.0501062 0.0
0.0260707 0.0703997 0.0
0.0333145 0.0901251 0.0
0.0406956 0.108434 0.0
0.0480325 0.124829 0.0
0.0552083 0.139078 0.0
0.0621553 0.15113 0.0
0.0688418 0.161055 0.0
0.0752603 0.168991 0.0
0.0814184 0.175114 0.0
0.0873324 0.179612 0.0
0.0930218 0.182672 0.0
0.0985062 0.184469 0.0
0.103803 0.185164 0.0
0.108927 0.184902 0.0
0.113888 0.18381 0.0
0.118693 0.182001 0.0
0.123349 0.179577 0.0
0.127856 0.176626 0.0
0.132215 0.173226 0.0
0.136427 0.16945 0.0
0.14049 0.165361 0.0
0.144403 0.161015 0.0
0.148167 0.156465 0.0
0.151781 0.151756 0.0
0.155246 0.14693 0.0
0.158563 0.142024 0.0
0.161736 0.137072 0.0
0.164765 0.1321 0.0
0.167655 0.127136 0.0
0.170409 0.122199 0.0
0.173031 0.11731 0.0
0.175526 0.112483 0.0
0.177897 0.10773 0.0
0.180149 0.103063 0.0
0.182286 0.098488 0.0
0.184312 0.0940123 0.0
0.186231 0.0896395 0.0
0.188046 0.0853722 0.0
0.18976 0.0812115 0.0
0.191377 0.0771577 0.0
0.192899 0.0732096 0.0
0.194328 0.0693655 0.0
0.195667 0.065623 0.0
0.196916 0.061979 0.0
0.198078 0.0584302 0.0
0.199153 0.0549726 0.0
0.200143 0.0516023 0.0
0.201049 0.048315 0.0
0.201869 0.0451064 0.0
0.202607 0.0419719 0.0
0.20326 0.038907 0.0
0.203829 0.0359073 0.0
0.204315 0.0329682 0.0
0.204717 0.0300853 0.0
0.205035 0.0272541 0.0
0.205268 0.0244703 0.0
0.205415 0.0217295 0.0
0.205477 0.0190275 0.0
0.205452 0.01636 0.0
0.20534 0.0137231 0.0
0.205139 0.0111127 0.0
0.204848 0.00852461 0.0
0.204467 0.00595505 0.0
0.203993 0.0034001 0.0
0.203424 0.000855596 0.0
0.20276 -0.00169048 0.0
0.202002 -0.00423268 0.0
0.201146 -0.00677492 0.0
0.200192 -0.00932065 0.0
0.199136 -0.0118731 0.0
0.197976 -0.0144355 0.0
0.196712 -0.0170109 0.0
0.195339 -0.0196024 0.0
0.193857 -0.0222129 0.0
0.192261 -0.0248453 0.0
0.190549 -0.0275024 0.0
0.188717 -0.030187 0.0
0.186762 -0.0329014 0.0
0.184681 -0.0356483 0.0
0.182469 -0.0384298 0.0
0.180122 -0.0412481 0.0
0.177635 -0.0441052 0.0
0.175004 -0.0470027 0.0
0.172224 -0.0499422 0.0
0.169289 -0.0529251 0.0
0.166195 -0.0559525 0.0
0.162935 -0.0590253 0.0
0.159504 -0.062144 0.0
0.155895 -0.0653091 0.0
0.152103 -0.0685209 0.0
0.148122 -0.0717793 0.0
0.143945 -0.0750842 0.0
0.139567 -0.0784354 0.0
0.134983 -0.0818327 0.0
0.130186 -0.0852759 0.0
0.125172 -0.0887652 0.0
0.119937 -0.0923012 0.0
0.114478 -0.0958854 0.0
0.108793 -0.0995202 0.0
0.102881 -0.10321 0.0
0.096744 -0.106962 0.0
0.0903855 -0.110787 0.0
0.0838125 -0.114701 0.0
0.0770355 -0.118729 0.0
0.0700692 -0.122907 0.0
0.0629337 -0.127292 0.0
0.0556553 -0.131969 0.0
0.0482673 -0.137074 0.0
0.0408102 -0.142834 0.0
0.0333312 -0.149639 0.0
0.0258776 -0.158209 0.0
0.0184723 -0.169951 0.0
0.0110248 -0.187822 0.0
0.0030296 -0.218912 0.0
-0.00625379 -0.280022 0.0
-0.0162172 -0.364126 0.0
-0.024833 -0.457156 0.0
-0.0296988 -0.534575 0.0
-0.0283109 -0.557271 0.0
-0.0191925 -0.460649 0.0
-0.00631507 -0.134654 0.0
-1.43728e-06 -0.00280348 0.0
0.000157525 -0.0098466 0.0
0.000724273 -0.0123674 0.0
0.00188566 -0.0101366 0.0
0.00390986 -0.00302125 0.0
0.00709465 0.00906131 0.0
0.0115366 0.0251399 0.0
0.0170651 0.0438152 0.0
0.0233826 0.0635238 0.0
0.0301856 0.0829541 0.0
0.0372266 0.101183 0.0
0.0443259 0.117644 0.0
0.0513627 0.13205 0.0
0.058262 0.144311 0.0
0.0649818 0.154467 0.0
0.0715034 0.162638 0.0
0.0778231 0.168988 0.0
0.0839465 0.1737 0.0
0.0898837 0.176957 0.0
0.0956462 0.178937 0.0
0.101245 0.179801 0.0
0.106688 0.179698 0.0
0.111983 0.178758 0.0
0.117133 0.177097 0.0
0.12214 0.174819 0.0
0.127004 0.172013 0.0
0.131723 0.168761 0.0
0.136294 0.165133 0.0
0.140717 0.161193 0.0
0.144988 0.156998 0.0
0.149105 0.1526 0.0
0.153068 0.148044 0.0
0.156875 0.14337 0.0
0.160527 0.138615 0.0
0.164025 0.133811 0.0
0.167371 0.128986 0.0
0.170568 0.124164 0.0
0.173617 0.119367 0.0
0.176524 0.114613 0.0
0.17929 0.109918 0.0
0.181922 0.105293 0.0
0.184421 0.100748 0.0
0.186794 0.0962929 0.0
0.189043 0.0919324 0.0
0.191172 0.0876711 0.0
0.193186 0.0835119 0.0
0.195087 0.0794561 0.0
0.196879 0.0755041 0.0
0.198565 0.0716553 0.0
0.200148 0.0679081 0.0
0.201629 0.0642605 0.0
0.203011 0.0607096 0.0
0.204297 0.0572523 0.0
0.205487 0.0538851 0.0
0.206582 0.0506041 0.0
0.207585 0.0474053 0.0
0.208496 0.0442844 0.0
0.209315 0.0412373 0.0
0.210044 0.0382595 0.0
0.210683 0.0353467 0.0
0.211231 0.0324946 0.0
0.211689 0.0296987 0.0
0.212058 0.0269548 0.0
0.212336 0.0242586 0.0
0.212524 0.0216059 0.0
0.21262 0.0189926 0.0
0.212626 0.0164146 0.0
0.212539 0.0138678 0.0
0.212359 0.0113485 0.0
0.212086 0.00885271 0.0
0.211717 0.00637667 0.0
0.211252 0.00391682 0.0
0.210691 0.00146932 0.0
0.21003 -0.000978817 0.0
0.209266 -0.00342193 0.0
0.208399 -0.0058636 0.0
0.207429 -0.00830701 0.0
0.206353 -0.0107552 0.0
0.205171 -0.0132112 0.0
0.203878 -0.0156779 0.0
0.202473 -0.0181581 0.0
0.200953 -0.0206547 0.0
0.199316 -0.0231701 0.0
0.197557 -0.0257071 0.0
0.195675 -0.0282681 0.0
0.193665 -0.0308553 0.0
0.191523 -0.033471 0.0
0.189245 -0.0361172 0.0
0.186827 -0.0387957 0.0
0.184264 -0.0415083 0.0
0.181552 -0.0442564 0.0
0.178685 -0.0470414 0.0
0.175658 -0.0498643 0.0
0.172465 -0.0527261 0.0
0.169101 -0.0556274 0.0
0.165559 -0.0585688 0.0
0.161834 -0.0615506 0.0
0.157919 -0.0645728 0.0
0.153808 -0.0676354 0.0
0.149495 -0.0707386 0.0
0.144974 -0.073882 0.0
0.140239 -0.0770659 0.0
0.135283 -0.0802905 0.0
0.130103 -0.0835565 0.0
0.124693 -0.0868653 0.0
0.11905 -0.0902194 0.0
0.113172 -0.0936227 0.0
0.107058 -0.0970813 0.0
0.100708 -0.100604 0.0
0.0941273 -0.104205 0.0
0.0873217 -0.107904 0.0
0.080302 -0.111729 0.0
0.0730833 -0.115722 0.0
0.0656863 -0.119944 0.0
0.0581385 -0.12449 0.0
0.0504746 -0.129501 0.0
0.0427376 -0.135213 0.0
0.0349777 -0.142021 0.0
0.0272464 -0.150642 0.0
0.0195738 -0.16244 0.0
0.0118843 -0.180196 0.0
0.00368153 -0.21034 0.0
-0.00605743 -0.269572 0.0
-0.0168967 -0.353773 0.0
-0.0266198 -0.449169 0.0
-0.0325575 -0.531759 0.0
-0.0317711 -0.562262 0.0
-0.0222649 -0.474283 0.0
-0.00759681 -0.148566 0.0
3.03542e-05 -0.00283239 0.0
0.000295127 -0.0102414 0.0
0.000965166 -0.0132093 0.0
0.00207124 -0.0115621 0.0
0.00377471 -0.00532342 0.0
0.00639411 0.00555929 0.0
0.0101461 0.020448 0.0
0.0149693 0.0381555 0.0
0.0206399 0.0571954 0.0
0.0268915 0.0762279 0.0
0.0334928 0.0942665 0.0
0.040269 0.110684 0.0
0.047097 0.125145 0.0
0.0538937 0.137521 0.0
0.0606062 0.147826 0.0
0.067203 0.156162 0.0
0.0736676 0.162681 0.0
0.079993 0.167559 0.0
0.0861783 0.170976 0.0
0.0922252 0.173108 0.0
0.0981364 0.174119 0.0
0.103914 0.174158 0.0
0.109559 0.173357 0.0
0.115071 0.171835 0.0
0.120448 0.169697 0.0
0.125686 0.167033 0.0
0.130783 0.163925 0.0
0.135733 0.160446 0.0
0.140533 0.156658 0.0
0.145178 0.152618 0.0
0.149666 0.148376 0.0
0.153993 0.143978 0.0
0.158157 0.139464 0.0
0.162159 0.134867 0.0
0.165998 0.130221 0.0
0.169675 0.125552 0.0
0.173192 0.120884 0.0
0.176551 0.116238 0.0
0.179755 0.111632 0.0
0.182808 0.10708 0.0
0.185713 0.102594 0.0
0.188474 0.0981859 0.0
0.191094 0.0938622 0.0
0.193579 0.0896294 0.0
0.195932 0.085492 0.0
0.198157 0.0814528 0.0
0.200257 0.0775137 0.0
0.202236 0.0736751 0.0
0.204098 0.0699367 0.0
0.205844 0.0662973 0.0
0.20748 0.0627549 0.0
0.209005 0.059307 0.0
0.210424 0.0559508 0.0
0.211738 0.052683 0.0
0.212948 0.0494999 0.0
0.214057 0.0463977 0.0
0.215066 0.0433725 0.0
0.215976 0.0404202 0.0
0.216787 0.0375365 0.0
0.217501 0.0347174 0.0
0.218118 0.0319586 0.0
0.218638 0.0292558 0.0
0.219063 0.026605 0.0
0.219391 0.024002 0.0
0.219623 0.0214427 0.0
0.219759 0.0189232 0.0
0.219798 0.0164395 0.0
0.21974 0.0139878 0.0
0.219584 0.0115642 0.0
0.21933 0.00916511 0.0
0.218976 0.00678686 0.0
0.218521 0.00442582 0.0
0.217965 0.00207796 0.0
0.217303 -0.000264486 0.0
0.216535 -0.00260363 0.0
0.21566 -0.00494024 0.0
0.214676 -0.0072769 0.0
0.213583 -0.00961641 0.0
0.212377 -0.0119616 0.0
0.211058 -0.014315 0.0
0.209621 -0.0166795 0.0
0.208065 -0.0190574 0.0
0.206386 -0.0214512 0.0
0.204582 -0.0238633 0.0
0.202648 -0.0262959 0.0
0.200582 -0.028751 0.0
0.198379 -0.0312306 0.0
0.196036 -0.0337363 0.0
0.193547 -0.0362699 0.0
0.190909 -0.0388328 0.0
0.188115 -0.0414262 0.0
0.185162 -0.0440512 0.0
0.182043 -0.0467086 0.0
0.178753 -0.0493991 0.0
0.175286 -0.0521233 0.0
0.171636 -0.0548814 0.0
0.167797 -0.0576736 0.0
0.163762 -0.0605 0.0
0.159525 -0.0633605 0.0
0.15508 -0.0662551 0.0
0.150419 -0.0691839 0.0
0.145538 -0.0721471 0.0
0.14043 -0.0751455 0.0
0.135089 -0.0781803 0.0
0.129511 -0.0812536 0.0
0.123691 -0.084369 0.0
0.117628 -0.0875317 0.0
0.11132 -0.0907496 0.0
0.104767 -0.094034 0.0
0.0979732 -0.0974012 0.0
0.090945 -0.100874 0.0
0.0836928 -0.104487 0.0
0.0762319 -0.108285 0.0
0.0685834 -0.112336 0.0
0.0607757 -0.116742 0.0
0.052845 -0.121654 0.0
0.0448364 -0.127314 0.0
0.0368033 -0.134126 0.0
0.0288017 -0.142803 0.0
0.0208688 -0.154673 0.0
0.012945 -0.172349 0.0
0.00459114 -0.20163 0.0
-0.00552466 -0.258428 0.0
-0.0172243 -0.342379 0.0
-0.0281289 -0.439936 0.0
-0.0352978 -0.527885 0.0
-0.0353014 -0.566918 0.0
-0.0255304 -0.488904 0.0
-0.00899038 -0.165153 0.0
7.52227e-05 -0.00293797 0.0
0.000490359 -0.0108158 0.0
0.00132376 -0.0141384 0.0
0.00242672 -0.012842 0.0
0.00385613 -0.00717639 0.0
0.0059132 0.00273579 0.0
0.00890444 0.0165283 0.0
0.0129091 0.0332473 0.0
0.0178085 0.0515336 0.0
0.023392 0.0700546 0.0
0.0294523 0.0877782 0.0
0.0358216 0.104027 0.0
0.0423738 0.118422 0.0
0.0490169 0.130804 0.0
0.0556851 0.141162 0.0
0.0623324 0.149581 0.0
0.0689275 0.156202 0.0
0.0754493 0.161191 0.0
0.0818841 0.164724 0.0
0.0882225 0.166975 0.0
0.0944576 0.168106 0.0
0.100584 0.168267 0.0
0.106595 0.167591 0.0
0.112487 0.166198 0.0
0.118252 0.164192 0.0
0.123885 0.161666 0.0
0.129377 0.158702 0.0
0.134724 0.155372 0.0
0.139918 0.151738 0.0
0.144954 0.147856 0.0
0.149827 0.143777 0.0
0.154534 0.139544 0.0
0.159071 0.135196 0.0
0.163437 0.130767 0.0
0.16763 0.126289 0.0
0.171651 0.121786 0.0
0.175502 0.117283 0.0
0.179183 0.112799 0.0
0.182698 0.108352 0.0
0.186048 0.103956 0.0
0.189239 0.0996229 0.0
0.192272 0.0953628 0.0
0.195153 0.0911835 0.0
0.197886 0.087091 0.0
0.200473 0.0830899 0.0
0.20292 0.0791833 0.0
0.205231 0.0753729 0.0
0.207408 0.0716595 0.0
0.209455 0.068043 0.0
0.211377 0.0645223 0.0
0.213176 0.0610959 0.0
0.214855 0.0577614 0.0
0.216416 0.0545162 0.0
0.217863 0.0513572 0.0
0.219197 0.0482811 0.0
0.22042 0.0452843 0.0
0.221535 0.042363 0.0
0.222542 0.0395133 0.0
0.223442 0.0367313 0.0
0.224238 0.034013 0.0
0.22493 0.0313543 0.0
0.225518 0.0287512 0.0
0.226004 0.0261997 0.0
0.226387 0.0236958 0.0
0.226668 0.0212357 0.0
0.226847 0.0188155 0.0
0.226923 0.0164314 0.0
0.226897 0.0140798 0.0
0.226768 0.011757 0.0
0.226536 0.00945949 0.0
0.226198 0.00718379 0.0
0.225755 0.0049265 0.0
0.225205 0.00268408 0.0
0.224544 0.000451999 0.0
0.223772 -0.00177985 0.0
0.22289 -0.00400685 0.0
0.221895 -0.00623202 0.0
0.220785 -0.00845807 0.0
0.219559 -0.0106876 0.0
0.218213 -0.0129231 0.0
0.216745 -0.0151669 0.0
0.215153 -0.0174215 0.0
0.213433 -0.0196889 0.0
0.211583 -0.0219713 0.0
0.209599 -0.0242707 0.0
0.207478 -0.0265888 0.0
0.205215 -0.0289273 0.0
0.202807 -0.0312877 0.0
0.200248 -0.0336714 0.0
0.197535 -0.0360795 0.0
0.194662 -0.0385131 0.0
0.191624 -0.0409729 0.0
0.188416 -0.0434596 0.0
0.185031 -0.0459736 0.0
0.181464 -0.0485152 0.0
0.177709 -0.0510846 0.0
0.173759 -0.0536817 0.0
0.169609 -0.0563064 0.0
0.16525 -0.0589588 0.0
0.160678 -0.0616388 0.0
0.155885 -0.0643466 0.0
0.150864 -0.0670826 0.0
0.145611 -0.069848 0.0
0.140118 -0.0726443 0.0
0.134381 -0.0754747 0.0
0.128396 -0.0783434 0.0
0.122159 -0.0812573 0.0
0.11567 -0.0842257 0.0
0.108927 -0.0872625 0.0
0.101934 -0.0903866 0.0
0.0946983 -0.0936248 0.0
0.0872288 -0.0970144 0.0
0.0795409 -0.100608 0.0
0.0716561 -0.10448 0.0
0.0636031 -0.108738 0.0
0.0554192 -0.113544 0.0
0.0471515 -0.119148 0.0
0.0388564 -0.125964 0.0
0.030595 -0.134703 0.0
0.022414 -0.14666 0.0
0.0142747 -0.1643 0.0
0.00578922 -0.19284 0.0
-0.00459856 -0.246713 0.0
-0.0170566 -0.329935 0.0
-0.0291929 -0.429339 0.0
-0.0377505 -0.522756 0.0
-0.0387607 -0.571033 0.0
-0.0288988 -0.504421 0.0
-0.0104655 -0.184609 0.0
0.00013223 -0.00314542 0.0
0.000729147 -0.0116204 0.0
0.00175483 -0.0151929 0.0
0.0028694 -0.014005 0.0
0.00403521 -0.00860857 0.0
0.00552262 0.000623489 0.0
0.00769735 0.0134746 0.0
0.0107821 0.0292115 0.0
0.0147943 0.0466578 0.0
0.019602 0.0645392 0.0
0.0250304 0.0818049 0.0
0.0309204 0.097741 0.0
0.0371413 0.111935 0.0
0.0435897 0.124199 0.0
0.0501848 0.134503 0.0
0.0568642 0.142913 0.0
0.0635801 0.149558 0.0
0.070296 0.154596 0.0
0.0769839 0.158196 0.0
0.0836221 0.160527 0.0
0.0901931 0.161749 0.0
0.0966825 0.162009 0.0
0.103078 0.161442 0.0
0.109366 0.160167 0.0
0.115538 0.158287 0.0
0.121582 0.155895 0.0
0.127489 0.153074 0.0
0.133249 0.149893 0.0
0.138855 0.146417 0.0
0.144298 0.142698 0.0
0.149572 0.138787 0.0
0.154672 0.134727 0.0
0.159595 0.130554 0.0
0.164338 0.126302 0.0
0.168898 0.122001 0.0
0.173275 0.117675 0.0
0.177471 0.113348 0.0
0.181485 0.109038 0.0
0.185321 0.104763 0.0
0.188981 0.100535 0.0
0.192467 0.0963669 0.0
0.195785 0.0922679 0.0
0.198936 0.0882457 0.0
0.201926 0.0843064 0.0
0.204759 0.0804543 0.0
0.207438 0.0766926 0.0
0.209968 0.0730233 0.0
0.212353 0.0694471 0.0
0.214596 0.0659642 0.0
0.216702 0.0625737 0.0
0.218674 0.0592742 0.0
0.220514 0.0560636 0.0
0.222227 0.0529396 0.0
0.223815 0.0498994 0.0
0.22528 0.0469397 0.0
0.226625 0.0440572 0.0
0.227852 0.0412485 0.0
0.228964 0.0385098 0.0
0.22996 0.0358373 0.0
0.230844 0.0332273 0.0
0.231616 0.030676 0.0
0.232278 0.0281794 0.0
0.23283 0.0257339 0.0
0.233273 0.0233356 0.0
0.233607 0.0209807 0.0
0.233833 0.0186657 0.0
0.233951 0.0163869 0.0
0.23396 0.0141409 0.0
0.233861 0.0119241 0.0
0.233653 0.00973328 0.0
0.233335 0.00756518 0.0
0.232907 0.00541667 0.0
0.232366 0.00328475 0.0
0.231712 0.00116623 0.0
0.230942 -0.000952031 0.0
0.230054 -0.00306428 0.0
0.229047 -0.00517306 0.0
0.227921 -0.00728081 0.0
0.226673 -0.0093899 0.0
0.225301 -0.0115026 0.0
0.223802 -0.0136212 0.0
0.222175 -0.0157476 0.0
0.220415 -0.0178839 0.0
0.21852 -0.0200318 0.0
0.216487 -0.0221932 0.0
0.214312 -0.0243695 0.0
0.21199 -0.0265622 0.0
0.209519 -0.0287725 0.0
0.206892 -0.0310016 0.0
0.204106 -0.0332502 0.0
0.201156 -0.0355191 0.0
0.198036 -0.037809 0.0
0.194741 -0.0401201 0.0
0.191266 -0.0424527 0.0
0.187603 -0.0448069 0.0
0.183748 -0.0471825 0.0
0.179693 -0.0495795 0.0
0.175433 -0.0519976 0.0
0.17096 -0.0544367 0.0
0.166268 -0.0568968 0.0
0.161351 -0.0593781 0.0
0.156201 -0.0618812 0.0
0.150813 -0.0644076 0.0
0.14518 -0.0669595 0.0
0.139298 -0.0695404 0.0
0.133161 -0.0721558 0.0
0.126767 -0.0748137 0.0
0.120113 -0.0775252 0.0
0.113199 -0.0803063 0.0
0.106027 -0.0831788 0.0
0.0986039 -0.0861731 0.0
0.0909385 -0.089331 0.0
0.0830455 -0.0927105 0.0
0.074946 -0.0963929 0.0
0.0666686 -0.100494 0.0
0.058251 -0.105186 0.0
0.0497417 -0.110729 0.0
0.0411995 -0.117546 0.0
0.0326906 -0.126351 0.0
0.0242717 -0.138412 0.0
0.015929 -0.156065 0.0
0.00732818 -0.183988 0.0
-0.00319552 -0.234654 0.0
-0.0162534 -0.316479 0.0
-0.0296277 -0.417285 0.0
-0.0397179 -0.516162 0.0
-0.041977 -0.574358 0.0
-0.0322561 -0.520679 0.0
-0.011983 -0.207058 0.0
0.000198441 -0.00347609 0.0
0.000984087 -0.0126722 0.0
0.00217797 -0.0163606 0.0
0.00325539 -0.0150293 0.0
0.00411026 -0.00960493 0.0
0.0049852 -0.000742499 0.0
0.00628734 0.0113638 0.0
0.00837532 0.0261496 0.0
0.0114171 0.0426657 0.0
0.0153745 0.0597662 0.0
0.0201104 0.0764136 0.0
0.0254757 0.0918771 0.0
0.0313323 0.105721 0.0
0.0375626 0.117734 0.0
0.0440693 0.127866 0.0
0.0507723 0.136168 0.0
0.0576063 0.142754 0.0
0.0645184 0.147772 0.0
0.0714659 0.151384 0.0
0.0784138 0.153752 0.0
0.0853335 0.155032 0.0
0.092201 0.155369 0.0
0.0989955 0.154893 0.0
0.105699 0.153723 0.0
0.112295 0.151962 0.0
0.118768 0.149702 0.0
0.125106 0.147023 0.0
0.131296 0.143994 0.0
0.137328 0.140678 0.0
0.143193 0.137129 0.0
0.148882 0.133393 0.0
0.15439 0.129513 0.0
0.159711 0.125524 0.0
0.164841 0.121459 0.0
0.169779 0.117345 0.0
0.174524 0.113208 0.0
0.179074 0.109069 0.0
0.183432 0.104945 0.0
0.187598 0.100854 0.0
0.191575 0.096807 0.0
0.195367 0.0928166 0.0
0.198977 0.0888916 0.0
0.202407 0.0850396 0.0
0.205664 0.0812662 0.0
0.20875 0.0775759 0.0
0.21167 0.0739718 0.0
0.214428 0.0704559 0.0
0.217029 0.0670291 0.0
0.219476 0.0636916 0.0
0.221774 0.0604428 0.0
0.223926 0.0572814 0.0
0.225936 0.0542057 0.0
0.227807 0.0512134 0.0
0.229543 0.0483019 0.0
0.231147 0.0454683 0.0
0.232621 0.0427096 0.0
0.233967 0.0400223 0.0
0.235189 0.0374031 0.0
0.236288 0.0348484 0.0
0.237266 0.0323547 0.0
0.238124 0.0299183 0.0
0.238864 0.0275355 0.0
0.239487 0.0252029 0.0
0.239994 0.0229167 0.0
0.240385 0.0206736 0.0
0.240662 0.0184699 0.0
0.240825 0.0163023 0.0
0.240873 0.0141676 0.0
0.240807 0.0120624 0.0
0.240627 0.00998371 0.0
0.240331 0.00792842 0.0
0.239919 0.00589366 0.0
0.239391 0.00387667 0.0
0.238745 0.00187442 0.0
0.237976 -0.000121412 0.0
0.237084 -0.00211394 0.0
0.236068 -0.00410142 0.0
0.234928 -0.00608601 0.0
0.233661 -0.00806987 0.0
0.232266 -0.010055 0.0
0.230739 -0.0120435 0.0
0.229078 -0.0140371 0.0
0.227281 -0.0160375 0.0
0.225344 -0.0180464 0.0
0.223264 -0.0200652 0.0
0.221037 -0.0220952 0.0
0.218659 -0.0241376 0.0
0.216127 -0.0261932 0.0
0.213436 -0.0282631 0.0
0.210581 -0.0303477 0.0
0.207557 -0.0324477 0.0
0.20436 -0.0345631 0.0
0.200983 -0.0366943 0.0
0.197422 -0.0388412 0.0
0.193669 -0.0410036 0.0
0.18972 -0.0431812 0.0
0.185568 -0.0453738 0.0
0.181206 -0.047581 0.0
0.176628 -0.0498025 0.0
0.171827 -0.0520384 0.0
0.166797 -0.0542888 0.0
0.161531 -0.0565547 0.0
0.156023 -0.0588377 0.0
0.150266 -0.0611403 0.0
0.144256 -0.0634669 0.0
0.137987 -0.0658239 0.0
0.131456 -0.0682202 0.0
0.124661 -0.0706689 0.0
0.1176 -0.0731879 0.0
0.110276 -0.0758018 0.0
0.102694 -0.0785445 0.0
0.0948619 -0.0814622 0.0
0.0867938 -0.0846184 0.0
0.0785096 -0.0881013 0.0
0.0700369 -0.0920358 0.0
0.0614128 -0.0966028 0.0
0.0526858 -0.102076 0.0
0.0439161 -0.108887 0.0
0.0351733 -0.117757 0.0
0.0265227 -0.129936 0.0
0.0179753 -0.147651 0.0
0.00926933 -0.175095 0.0
-0.00122687 -0.222527 0.0
-0.0146714 -0.302103 0.0
-0.0292347 -0.403723 0.0
-0.0409755 -0.507893 0.0
-0.0447485 -0.576595 0.0
-0.0354662 -0.537445 0.0
-0.0134952 -0.232536 0.0
0.000268288 -0.00394282 0.0
0.00121246 -0.0139353 0.0
0.00247632 -0.0175553 0.0
0.00338227 -0.015818 0.0
0.00379749 -0.0100863 0.0
0.00396572 -0.0013043 0.0
0.00432399 0.0102652 0.0
0.0053573 0.0241269 0.0
0.00740043 0.0396036 0.0
0.0104961 0.0557753 0.0
0.0145335 0.0716312 0.0
0.0193746 0.0864532 0.0
0.024869 0.0997939 0.0
0.0308829 0.111417 0.0
0.0373038 0.121255 0.0
0.0440345 0.129345 0.0
0.0509926 0.135785 0.0
0.0581088 0.140713 0.0
0.0653257 0.144279 0.0
0.0725951 0.14664 0.0
0.0798768 0.147943 0.0
0.0871369 0.14833 0.0
0.0943465 0.147928 0.0
0.10148 0.146852 0.0
0.108516 0.145202 0.0
0.115435 0.14307 0.0
0.12222 0.140532 0.0
0.128855 0.137659 0.0
0.135328 0.134509 0.0
0.141628 0.131135 0.0
0.147744 0.127582 0.0
0.15367 0.123891 0.0
0.1594 0.120096 0.0
0.164928 0.116228 0.0
0.170253 0.112314 0.0
0.175373 0.108376 0.0
0.180286 0.104437 0.0
0.184995 0.100512 0.0
0.189499 0.0966166 0.0
0.193802 0.0927638 0.0
0.197906 0.0889641 0.0
0.201815 0.0852262 0.0
0.205532 0.0815572 0.0
0.209061 0.0779627 0.0
0.212407 0.0744471 0.0
0.215575 0.0710132 0.0
0.218568 0.0676632 0.0
0.221391 0.064398 0.0
0.224049 0.0612179 0.0
0.226545 0.0581224 0.0
0.228884 0.0551105 0.0
0.23107 0.0521805 0.0
0.233106 0.0493305 0.0
0.234997 0.0465581 0.0
0.236745 0.0438606 0.0
0.238353 0.041235 0.0
0.239825 0.0386785 0.0
0.241163 0.0361876 0.0
0.242369 0.0337592 0.0
0.243445 0.0313898 0.0
0.244394 0.0290761 0.0
0.245217 0.0268147 0.0
0.245916 0.0246022 0.0
0.246491 0.0224351 0.0
0.246944 0.0203103 0.0
0.247276 0.0182244 0.0
0.247487 0.0161743 0.0
0.247578 0.0141568 0.0
0.247548 0.012169 0.0
0.247398 0.0102079 0.0
0.247127 0.00827081 0.0
0.246735 0.006355 0.0
0.246221 0.00445793 0.0
0.245583 0.00257709 0.0
0.244818 0.000708931 0.0
0.243926 -0.00115884 0.0
0.242904 -0.00301999 0.0
0.241754 -0.00487645 0.0
0.240471 -0.00673015 0.0
0.239055 -0.00858295 0.0
0.237502 -0.0104366 0.0
0.235812 -0.0122927 0.0
0.23398 -0.0141526 0.0
0.232003 -0.0160179 0.0
0.229879 -0.0178896 0.0
0.227604 -0.0197689 0.0
0.225174 -0.0216566 0.0
0.222586 -0.0235534 0.0
0.219834 -0.0254599 0.0
0.216915 -0.0273765 0.0
0.213823 -0.0293034 0.0
0.210554 -0.0312406 0.0
0.207101 -0.0331881 0.0
0.203461 -0.0351456 0.0
0.199627 -0.0371127 0.0
0.195593 -0.0390889 0.0
0.191353 -0.0410737 0.0
0.1869 -0.0430667 0.0
0.182229 -0.0450676 0.0
0.177333 -0.0470763 0.0
0.172205 -0.049093 0.0
0.166839 -0.0511188 0.0
0.161229 -0.0531555 0.0
0.15537 -0.0552061 0.0
0.149254 -0.0572756 0.0
0.142879 -0.0593711 0.0
0.13624 -0.0615027 0.0
0.129333 -0.0636849 0.0
0.12216 -0.0659375 0.0
0.114719 -0.0682877 0.0
0.107015 -0.0707727 0.0
0.099056 -0.0734428 0.0
0.0908533 -0.076367 0.0
0.0824251 -0.0796402 0.0
0.0737968 -0.0833959 0.0
0.0650035 -0.0878255 0.0
0.0560919 -0.0932146 0.0
0.0471213 -0.100008 0.0
0.0381618 -0.108934 0.0
0.0292838 -0.12123 0.0
0.0205173 -0.139043 0.0
0.0116828 -0.166163 0.0
0.00138859 -0.210669 0.0
-0.0121643 -0.286964 0.0
-0.0278038 -0.388659 0.0
-0.0412733 -0.497746 0.0
-0.0468441 -0.577398 0.0
-0.0383711 -0.554398 0.0
-0.0149472 -0.260978 0.0
0.000332228 -0.00454334 0.0
0.00135312 -0.0152999 0.0
0.00249518 -0.0185967 0.0
0.00299604 -0.0161835 0.0
0.00275538 -0.00989543 0.0
0.00205304 -0.00096106 0.0
0.00137117 0.0102455 0.0
0.00132402 0.0231604 0.0
0.00240759 0.0374434 0.0
0.00470458 0.0525428 0.0
0.00810923 0.0674216 0.0
0.012493 0.0814378 0.0
0.0176729 0.0941351 0.0
0.0235017 0.105233 0.0
0.0298608 0.114659 0.0
0.0366376 0.122433 0.0
0.0437348 0.128641 0.0
0.0510688 0.133406 0.0
0.0585683 0.13687 0.0
0.0661722 0.139176 0.0
0.0738294 0.140468 0.0
0.0814961 0.140879 0.0
0.089135 0.140531 0.0
0.0967139 0.139536 0.0
0.104205 0.137991 0.0
0.111583 0.135983 0.0
0.118828 0.133589 0.0
0.125921 0.130874 0.0
0.132847 0.127895 0.0
0.139592 0.124704 0.0
0.146146 0.121343 0.0
0.1525 0.11785 0.0
0.158647 0.11426 0.0
0.164581 0.1106 0.0
0.1703 0.106897 0.0
0.175802 0.103172 0.0
0.181085 0.0994446 0.0
0.18615 0.0957309 0.0
0.190998 0.0920451 0.0
0.195631 0.0883993 0.0
0.200052 0.0848033 0.0
0.204265 0.0812655 0.0
0.208273 0.0777927 0.0
0.21208 0.0743902 0.0
0.215692 0.071062 0.0
0.219112 0.0678111 0.0
0.222345 0.0646394 0.0
0.225395 0.061548 0.0
0.228268 0.0585373 0.0
0.230968 0.0556069 0.0
0.233499 0.0527558 0.0
0.235866 0.0499826 0.0
0.238072 0.0472856 0.0
0.240122 0.0446626 0.0
0.242019 0.0421111 0.0
0.243767 0.0396284 0.0
0.245368 0.0372118 0.0
0.246826 0.0348583 0.0
0.248144 0.0325647 0.0
0.249324 0.0303281 0.0
0.250368 0.0281451 0.0
0.251278 0.0260127 0.0
0.252056 0.0239276 0.0
0.252703 0.0218868 0.0
0.253222 0.0198872 0.0
0.253612 0.0179256 0.0
0.253874 0.0159993 0.0
0.25401 0.0141052 0.0
0.25402 0.0122407 0.0
0.253903 0.010403 0.0
0.25366 0.00858958 0.0
0.253291 0.00679801 0.0
0.252794 0.00502605 0.0
0.252169 0.00327161 0.0
0.251415 0.00153253 0.0
0.250527 -0.00020131 0.0
0.249502 -0.00193127 0.0
0.248342 -0.00365469 0.0
0.247046 -0.00537342 0.0
0.245612 -0.00708913 0.0
0.244037 -0.00880331 0.0
0.242319 -0.0105173 0.0
0.240456 -0.0122325 0.0
0.238444 -0.0139498 0.0
0.23628 -0.0156702 0.0
0.233962 -0.0173947 0.0
0.231484 -0.0191237 0.0
0.228845 -0.0208578 0.0
0.226038 -0.0225973 0.0
0.223061 -0.0243423 0.0
0.219908 -0.0260928 0.0
0.216574 -0.0278486 0.0
0.213055 -0.0296093 0.0
0.209346 -0.0313745 0.0
0.20544 -0.0331437 0.0
0.201332 -0.0349161 0.0
0.197017 -0.0366911 0.0
0.192488 -0.0384681 0.0
0.18774 -0.0402468 0.0
0.182766 -0.0420269 0.0
0.177561 -0.043809 0.0
0.172118 -0.0455939 0.0
0.166431 -0.0473839 0.0
0.160495 -0.0491824 0.0
0.154306 -0.0509945 0.0
0.147857 -0.0528283 0.0
0.141146 -0.0546948 0.0
0.134169 -0.0566098 0.0
0.126925 -0.0585947 0.0
0.119414 -0.0606789 0.0
0.111639 -0.0629024 0.0
0.103604 -0.0653194 0.0
0.0953204 -0.0680038 0.0
0.0868023 -0.0710569 0.0
0.0780718 -0.0746204 0.0
0.0691601 -0.078896 0.0
0.0601096 -0.084182 0.0
0.0509757 -0.0909364 0.0
0.0418259 -0.0998966 0.0
0.0327298 -0.112294 0.0
0.0237269 -0.13021 0.0
0.014707 -0.157142 0.0
0.0047349 -0.199424 0.0
-0.00861578 -0.271305 0.0
-0.0251156 -0.372179 0.0
-0.0403337 -0.485539 0.0
-0.0480009 -0.576367 0.0
-0.0407901 -0.571112 0.0
-0.0162762 -0.292202 0.0
0.00037404 -0.0052496 0.0
0.00131962 -0.0165601 0.0
0.00203043 -0.0191893 0.0
0.0017718 -0.015833 0.0
0.000558213 -0.00879162 0.0
-0.00123994 0.000435623 0.0
-0.00296099 0.0112518 0.0
-0.00395 0.0231903 0.0
-0.00380653 0.0361864 0.0
-0.00228625 0.0499825 0.0
0.000628859 0.0636621 0.0
0.00470209 0.0767402 0.0
0.00966668 0.0886882 0.0
0.0153785 0.0991397 0.0
0.0217251 0.108047 0.0
0.028581 0.115412 0.0
0.0358411 0.121305 0.0
0.0434118 0.125838 0.0
0.0512095 0.129141 0.0
0.059162 0.131348 0.0
0.0672076 0.132593 0.0
0.0752935 0.133001 0.0
0.0833742 0.132689 0.0
0.0914105 0.131763 0.0
0.0993683 0.130316 0.0
0.107218 0.128431 0.0
0.114934 0.126181 0.0
0.122496 0.123628 0.0
0.129883 0.120827 0.0
0.137083 0.117827 0.0
0.144082 0.114667 0.0
0.15087 0.111384 0.0
0.15744 0.108009 0.0
0.163786 0.10457 0.0
0.169903 0.10109 0.0
0.175791 0.0975901 0.0
0.181447 0.0940877 0.0
0.186871 0.0905983 0.0
0.192066 0.0871351 0.0
0.197033 0.0837093 0.0
0.201774 0.0803304 0.0
0.206294 0.0770059 0.0
0.210596 0.0737423 0.0
0.214684 0.0705447 0.0
0.218564 0.0674168 0.0
0.222239 0.0643614 0.0
0.225715 0.0613805 0.0
0.228996 0.0584752 0.0
0.232087 0.0556457 0.0
0.234994 0.0528919 0.0
0.23772 0.050213 0.0
0.240271 0.0476077 0.0
0.242651 0.0450744 0.0
0.244864 0.0426112 0.0
0.246913 0.0402157 0.0
0.248804 0.0378857 0.0
0.250539 0.0356184 0.0
0.252121 0.0334112 0.0
0.253554 0.0312612 0.0
0.25484 0.0291656 0.0
0.255983 0.0271214 0.0
0.256983 0.0251258 0.0
0.257844 0.0231757 0.0
0.258567 0.0212683 0.0
0.259153 0.0194008 0.0
0.259605 0.0175704 0.0
0.259922 0.0157743 0.0
0.260107 0.0140099 0.0
0.260159 0.0122746 0.0
0.260079 0.010566 0.0
0.259866 0.00888185 0.0
0.259522 0.00721987 0.0
0.259045 0.00557805 0.0
0.258435 0.00395452 0.0
0.257691 0.00234741 0.0
0.25681 0.000753369 0.0
0.255787 -0.000838667 0.0
0.254624 -0.00242415 0.0
0.253319 -0.00400322 0.0
0.251871 -0.0055773 0.0
0.250279 -0.00714763 0.0
0.248539 -0.00871534 0.0
0.246649 -0.0102815 0.0
0.244607 -0.0118468 0.0
0.24241 -0.0134122 0.0
0.240054 -0.0149781 0.0
0.237536 -0.016545 0.0
0.234852 -0.018113 0.0
0.231999 -0.0196824 0.0
0.228972 -0.0212529 0.0
0.225767 -0.0228244 0.0
0.22238 -0.0243964 0.0
0.218806 -0.0259683 0.0
0.21504 -0.0275396 0.0
0.211076 -0.0291095 0.0
0.206911 -0.0306772 0.0
0.202538 -0.0322418 0.0
0.197952 -0.0338029 0.0
0.193148 -0.0353598 0.0
0.188121 -0.0369124 0.0
0.182864 -0.0384613 0.0
0.177373 -0.0400074 0.0
0.171642 -0.0415532 0.0
0.165667 -0.0431023 0.0
0.159443 -0.0446605 0.0
0.152965 -0.046236 0.0
0.14623 -0.0478409 0.0
0.139235 -0.0494916 0.0
0.131977 -0.0512111 0.0
0.124456 -0.0530305 0.0
0.116673 -0.054992 0.0
0.10863 -0.057153 0.0
0.100335 -0.0595914 0.0
0.0917984 -0.0624143 0.0
0.0830364 -0.0657706 0.0
0.0740743 -0.0698721 0.0
0.0649478 -0.0750289 0.0
0.0557051 -0.0817129 0.0
0.0464066 -0.0906718 0.0
0.0371171 -0.103133 0.0
0.0278787 -0.12113 0.0
0.018631 -0.147955 0.0
0.0088913 -0.188899 0.0
-0.00398079 -0.255607 0.0
-0.0209098 -0.354448 0.0
-0.0378431 -0.471118 0.0
-0.0479172 -0.573047 0.0
-0.0425163 -0.587044 0.0
-0.017411 -0.325889 0.0
0.000367339 -0.00599098 0.0
0.000990788 -0.0173877 0.0
0.000808839 -0.0188905 0.0
-0.000735397 -0.014329 0.0
-0.00327434 -0.00654316 0.0
-0.00621432 0.00292529 0.0
-0.0088783 0.0131471 0.0
-0.0106506 0.0240564 0.0
-0.0112082 0.0357345 0.0
-0.0103286 0.0480345 0.0
-0.00797526 0.0603417 0.0
-0.0042616 0.0722738 0.0
0.000655533 0.0832729 0.0
0.00645449 0.0930442 0.0
0.0128867 0.101364 0.0
0.0198772 0.108249 0.0
0.0273333 0.113752 0.0
0.0351643 0.117989 0.0
0.0432779 0.121079 0.0
0.0515925 0.123144 0.0
0.060038 0.124307 0.0
0.0685535 0.124686 0.0
0.077086 0.124391 0.0
0.0855894 0.123521 0.0
0.0940233 0.122165 0.0
0.102353 0.120402 0.0
0.110548 0.118298 0.0
0.118584 0.115913 0.0
0.12644 0.113298 0.0
0.134099 0.110497 0.0
0.141547 0.107549 0.0
0.148774 0.104487 0.0
0.155769 0.10134 0.0
0.162528 0.0981341 0.0
0.169047 0.0948902 0.0
0.175321 0.091628 0.0
0.181351 0.0883638 0.0
0.187137 0.085112 0.0
0.192679 0.0818847 0.0
0.197979 0.0786924 0.0
0.203042 0.0755436 0.0
0.207869 0.0724456 0.0
0.212465 0.0694043 0.0
0.216835 0.0664245 0.0
0.220983 0.0635096 0.0
0.224914 0.0606623 0.0
0.228634 0.0578845 0.0
0.232147 0.0551772 0.0
0.235458 0.0525409 0.0
0.238573 0.0499753 0.0
0.241496 0.0474797 0.0
0.244233 0.0450532 0.0
0.246788 0.0426942 0.0
0.249166 0.040401 0.0
0.251371 0.0381716 0.0
0.253406 0.0360037 0.0
0.255277 0.0338951 0.0
0.256985 0.0318432 0.0
0.258536 0.0298455 0.0
0.259932 0.0278994 0.0
0.261175 0.0260021 0.0
0.262269 0.024151 0.0
0.263215 0.0223434 0.0
0.264016 0.0205767 0.0
0.264673 0.0188483 0.0
0.265189 0.0171557 0.0
0.265564 0.0154963 0.0
0.2658 0.0138677 0.0
0.265897 0.0122678 0.0
0.265856 0.0106941 0.0
0.265677 0.00914472 0.0
0.265361 0.00761764 0.0
0.264907 0.00611105 0.0
0.264316 0.00462333 0.0
0.263585 0.00315303 0.0
0.262716 0.00169873 0.0
0.2617 0.000253328 0.0
0.260537 -0.00118939 0.0
0.259228 -0.00262433 0.0
0.257772 -0.0040525 0.0
0.256167 -0.00547487 0.0
0.254412 -0.00689233 0.0
0.252502 -0.00830567 0.0
0.250437 -0.00971554 0.0
0.248214 -0.0111224 0.0
0.245829 -0.0125267 0.0
0.243279 -0.0139286 0.0
0.240561 -0.0153281 0.0
0.237672 -0.016725 0.0
0.234608 -0.0181191 0.0
0.231364 -0.01951 0.0
0.227938 -0.0208971 0.0
0.224324 -0.0222796 0.0
0.220519 -0.0236568 0.0
0.216518 -0.0250278 0.0
0.212316 -0.0263918 0.0
0.207909 -0.0277478 0.0
0.203293 -0.0290952 0.0
0.198463 -0.0304335 0.0
0.193415 -0.0317625 0.0
0.188143 -0.0330829 0.0
0.182644 -0.0343957 0.0
0.176913 -0.0357036 0.0
0.170947 -0.0370103 0.0
0.164741 -0.0383219 0.0
0.158291 -0.0396471 0.0
0.151595 -0.0409983 0.0
0.144648 -0.0423926 0.0
0.13745 -0.0438537 0.0
0.129996 -0.0454138 0.0
0.122288 -0.0471168 0.0
0.114324 -0.049022 0.0
0.106107 -0.0512106 0.0
0.0976432 -0.053794 0.0
0.0889418 -0.0569274 0.0
0.0800196 -0.060831 0.0
0.0709022 -0.0658262 0.0
0.061627 -0.0723976 0.0
0.052243 -0.0813046 0.0
0.0428053 -0.093773 0.0
0.0333535 -0.111799 0.0
0.0238575 -0.138541 0.0
0.0140326 -0.178748 0.0
0.00183718 -0.240691 0.0
-0.0148962 -0.335702 0.0
-0.0334476 -0.45438 0.0
-0.04624 -0.566919 0.0
-0.0433066 -0.601507 0.0
-0.0182693 -0.361569 0.0
0.000271869 -0.00663019 0.0
0.000195892 -0.017296 0.0
-0.00148448 -0.01712 0.0
-0.0047852 -0.0112546 0.0
-0.00896064 -0.00290316 0.0
-0.0131196 0.00638423 0.0
-0.0165488 0.0157814 0.0
-0.0189021 0.0255477 0.0
-0.0199491 0.0358477 0.0
-0.0195161 0.0466087 0.0
-0.0175525 0.0574507 0.0
-0.0141239 0.0680226 0.0
-0.00938067 0.0778637 0.0
-0.0035158 0.0867896 0.0
0.00322783 0.094443 0.0
0.0105244 0.100883 0.0
0.0182393 0.105947 0.0
0.0263649 0.109838 0.0
0.034814 0.112667 0.0
0.0435033 0.114551 0.0
0.0523577 0.1156 0.0
0.0613103 0.115925 0.0
0.0703017 0.115628 0.0
0.0792787 0.114803 0.0
0.0881946 0.113533 0.0
0.0970089 0.11189 0.0
0.105687 0.109936 0.0
0.114201 0.107725 0.0
0.122528 0.105304 0.0
0.130647 0.102713 0.0
0.138545 0.099988 0.0
0.146208 0.0971588 0.0
0.153629 0.0942524 0.0
0.1608 0.0912918 0.0
0.167718 0.0882972 0.0
0.174378 0.0852861 0.0
0.18078 0.0822736 0.0
0.186924 0.0792728 0.0
0.192811 0.0762948 0.0
0.198443 0.0733492 0.0
0.203824 0.0704438 0.0
0.208957 0.0675854 0.0
0.213845 0.0647794 0.0
0.218495 0.06203 0.0
0.22291 0.0593407 0.0
0.227096 0.0567139 0.0
0.231058 0.0541513 0.0
0.234802 0.051654 0.0
0.238333 0.0492223 0.0
0.241655 0.0468562 0.0
0.244776 0.0445551 0.0
0.247699 0.042318 0.0
0.250429 0.0401438 0.0
0.252972 0.0380307 0.0
0.255332 0.0359771 0.0
0.257514 0.033981 0.0
0.259521 0.0320402 0.0
0.261358 0.0301526 0.0
0.263028 0.0283157 0.0
0.264534 0.0265272 0.0
0.26588 0.0247848 0.0
0.267069 0.0230859 0.0
0.268103 0.0214283 0.0
0.268984 0.0198095 0.0
0.269715 0.0182271 0.0
0.270297 0.0166788 0.0
0.270733 0.0151626 0.0
0.271022 0.0136761 0.0
0.271168 0.0122173 0.0
0.271169 0.0107842 0.0
0.271027 0.00937508 0.0
0.270743 0.0079881 0.0
0.270315 0.00662169 0.0
0.269745 0.00527442 0.0
0.269033 0.00394505 0.0
0.268177 0.00263247 0.0
0.267176 0.00133501 0.0
0.266024 4.42592e-05 0.0
0.264717 -0.00124228 0.0
0.26326 -0.00252082 0.0
0.26165 -0.00379172 0.0
0.259886 -0.00505554 0.0
0.257965 -0.00631301 0.0
0.255887 -0.00756456 0.0
0.253648 -0.00881049 0.0
0.251245 -0.010051 0.0
0.248676 -0.011286 0.0
0.245939 -0.0125154 0.0
0.243029 -0.013739 0.0
0.239945 -0.0149563 0.0
0.236682 -0.0161667 0.0
0.233237 -0.0173695 0.0
0.229608 -0.0185639 0.0
0.225789 -0.019749 0.0
0.221779 -0.020924 0.0
0.217573 -0.0220879 0.0
0.213168 -0.0232399 0.0
0.20856 -0.0243792 0.0
0.203746 -0.0255055 0.0
0.198722 -0.0266185 0.0
0.193486 -0.027719 0.0
0.188034 -0.0288084 0.0
0.182363 -0.0298891 0.0
0.17647 -0.0309652 0.0
0.170352 -0.0320429 0.0
0.164006 -0.0331309 0.0
0.15743 -0.0342417 0.0
0.15062 -0.0353928 0.0
0.143573 -0.0366079 0.0
0.136286 -0.0379196 0.0
0.128756 -0.0393723 0.0
0.12098 -0.0410265 0.0
0.112955 -0.0429648 0.0
0.104681 -0.0453014 0.0
0.0961581 -0.0481958 0.0
0.0873928 -0.051875 0.0
0.0783976 -0.0566696 0.0
0.0691947 -0.063076 0.0
0.0598164 -0.071864 0.0
0.0503001 -0.0842598 0.0
0.040668 -0.102229 0.0
0.0308765 -0.128824 0.0
0.0206966 -0.16846 0.0
0.00917572 -0.227263 0.0
-0.00686559 -0.316356 0.0
-0.0267357 -0.435305 0.0
-0.0425372 -0.5574 0.0
-0.0428623 -0.613634 0.0
-0.0187515 -0.39859 0.0
3.12445e-05 -0.0069333 0.0
-0.00126764 -0.015618 0.0
-0.00507984 -0.0133053 0.0
-0.0105402 -0.0063081 0.0
-0.0164702 0.00225584 0.0
-0.0217851 0.0106991 0.0
-0.0258857 0.0189964 0.0
-0.0286801 0.0274802 0.0
-0.0300487 0.0363307 0.0
-0.0298801 0.045524 0.0
-0.0281342 0.0548259 0.0
-0.0248592 0.0639439 0.0
-0.0201869 0.0725268 0.0
-0.0142939 0.0803686 0.0
-0.00738593 0.0872124 0.0
0.000343148 0.0930882 0.0
0.00855729 0.0978129 0.0
0.0170528 0.10135 0.0
0.0258667 0.103892 0.0
0.0349432 0.10556 0.0
0.0442128 0.106466 0.0
0.0536069 0.106712 0.0
0.063061 0.106396 0.0
0.0725152 0.105605 0.0
0.0819157 0.104416 0.0
0.091216 0.102893 0.0
0.100377 0.101093 0.0
0.109368 0.0990632 0.0
0.118162 0.0968454 0.0
0.126738 0.0944756 0.0
0.135081 0.0919851 0.0
0.143178 0.0894014 0.0
0.151018 0.0867483 0.0
0.158596 0.0840467 0.0
0.165907 0.0813148 0.0
0.172947 0.0785683 0.0
0.179715 0.075821 0.0
0.186212 0.0730845 0.0
0.192439 0.0703692 0.0
0.198398 0.0676834 0.0
0.204092 0.0650346 0.0
0.209526 0.0624287 0.0
0.214702 0.0598706 0.0
0.219627 0.0573643 0.0
0.224306 0.0549128 0.0
0.228743 0.0525186 0.0
0.232944 0.050183 0.0
0.236916 0.0479072 0.0
0.240663 0.0456915 0.0
0.244191 0.0435359 0.0
0.247506 0.0414399 0.0
0.250614 0.0394028 0.0
0.253519 0.0374234 0.0
0.256226 0.0355004 0.0
0.258741 0.0336322 0.0
0.261069 0.031817 0.0
0.263213 0.030053 0.0
0.265178 0.0283382 0.0
0.266967 0.0266705 0.0
0.268586 0.0250478 0.0
0.270036 0.023468 0.0
0.271321 0.0219289 0.0
0.272444 0.0204284 0.0
0.273408 0.0189643 0.0
0.274215 0.0175346 0.0
0.274866 0.0161372 0.0
0.275365 0.0147702 0.0
0.275712 0.0134317 0.0
0.275909 0.0121198 0.0
0.275956 0.0108328 0.0
0.275856 0.00956903 0.0
0.275607 0.00832707 0.0
0.275212 0.0071055 0.0
0.274669 0.00590306 0.0
0.27398 0.00471865 0.0
0.273143 0.00355128 0.0
0.27216 0.00239999 0.0
0.271028 0.00126317 0.0
0.269741 0.000133092 0.0
0.268293 -0.000991075 0.0
0.26669 -0.00210797 0.0
0.26493 -0.00321569 0.0
0.263013 -0.00431538 0.0
0.260936 -0.00540701 0.0
0.258698 -0.00649081 0.0
0.256297 -0.00756684 0.0
0.253731 -0.00863489 0.0
0.250996 -0.00969467 0.0
0.248092 -0.0107459 0.0
0.245015 -0.011788 0.0
0.241763 -0.0128204 0.0
0.238334 -0.0138422 0.0
0.234725 -0.0148526 0.0
0.230934 -0.0158508 0.0
0.226958 -0.0168359 0.0
0.222796 -0.017807 0.0
0.218444 -0.0187634 0.0
0.2139 -0.0197044 0.0
0.209163 -0.0206295 0.0
0.204231 -0.0215388 0.0
0.199102 -0.022433 0.0
0.193773 -0.0233137 0.0
0.188244 -0.0241834 0.0
0.182512 -0.0250463 0.0
0.176576 -0.0259082 0.0
0.170434 -0.026778 0.0
0.164084 -0.0276679 0.0
0.157522 -0.0285948 0.0
0.150746 -0.0295822 0.0
0.143749 -0.0306622 0.0
0.136528 -0.0318785 0.0
0.129075 -0.0332912 0.0
0.121383 -0.034983 0.0
0.113443 -0.0370686 0.0
0.105246 -0.0397094 0.0
0.0967866 -0.0431364 0.0
0.0880603 -0.0476867 0.0
0.0790703 -0.0538658 0.0
0.0698266 -0.0624521 0.0
0.0603422 -0.0746709 0.0
0.0506131 -0.0924562 0.0
0.0405735 -0.118766 0.0
0.0300166 -0.157782 0.0
0.0184164 -0.21482 0.0
0.00322082 -0.297562 0.0
-0.0170831 -0.413925 0.0
-0.0362373 -0.543824 0.0
-0.0407937 -0.622328 0.0
-0.0187295 -0.436071 0.0
-0.000461277 -0.00650327 0.0
-0.00368415 -0.0115263 0.0
-0.0103939 -0.00687516 0.0
-0.0185071 0.000835276 0.0
-0.0260787 0.00861411 0.0
-0.0321658 0.0157428 0.0
-0.0367855 0.0226731 0.0
-0.0398979 0.0297102 0.0
-0.0414474 0.0370188 0.0
-0.0413824 0.0446023 0.0
-0.0396926 0.052312 0.0
-0.0364306 0.0599209 0.0
-0.0317163 0.0671632 0.0
-0.0257137 0.0738366 0.0
-0.0186187 0.0797413 0.0
-0.0106315 0.0848431 0.0
-0.00192371 0.0891361 0.0
0.00718561 0.0924224 0.0
0.0164712 0.0947204 0.0
0.0259632 0.0961634 0.0
0.035655 0.0969019 0.0
0.045493 0.0970442 0.0
0.0554121 0.0966901 0.0
0.065345 0.0959233 0.0
0.0752296 0.094812 0.0
0.0850131 0.0934126 0.0
0.0946524 0.0917726 0.0
0.104113 0.0899328 0.0
0.113366 0.0879286 0.0
0.122391 0.0857912 0.0
0.13117 0.0835478 0.0
0.139689 0.0812223 0.0
0.14794 0.0788357 0.0
0.155915 0.0764064 0.0
0.16361 0.0739505 0.0
0.17102 0.0714821 0.0
0.178146 0.0690132 0.0
0.184987 0.0665544 0.0
0.191544 0.0641147 0.0
0.197821 0.0617019 0.0
0.203821 0.0593223 0.0
0.209547 0.0569814 0.0
0.215005 0.0546836 0.0
0.220198 0.0524325 0.0
0.225134 0.0502309 0.0
0.229816 0.0480808 0.0
0.234252 0.0459837 0.0
0.238446 0.0439405 0.0
0.242405 0.0419517 0.0
0.246136 0.0400172 0.0
0.249642 0.0381368 0.0
0.252931 0.0363096 0.0
0.256008 0.0345348 0.0
0.258878 0.0328112 0.0
0.261547 0.0311375 0.0
0.26402 0.0295121 0.0
0.2663 0.0279334 0.0
0.268393 0.0263996 0.0
0.270304 0.024909 0.0
0.272035 0.0234597 0.0
0.273591 0.0220499 0.0
0.274975 0.0206776 0.0
0.276191 0.019341 0.0
0.277241 0.0180382 0.0
0.278127 0.0167674 0.0
0.278853 0.0155269 0.0
0.27942 0.0143148 0.0
0.279831 0.0131296 0.0
0.280086 0.0119697 0.0
0.280187 0.0108336 0.0
0.280136 0.00971992 0.0
0.279933 0.00862729 0.0
0.27958 0.00755456 0.0
0.279076 0.00650065 0.0
0.278422 0.00546459 0.0
0.277618 0.00444553 0.0
0.276664 0.00344265 0.0
0.275561 0.00245517 0.0
0.274308 0.00148175 0.0
0.272899 0.000516767 0.0
0.271328 -0.000440673 0.0
0.269596 -0.00139145 0.0
0.267707 -0.00233362 0.0
0.26566 -0.00326572 0.0
0.263455 -0.00418844 0.0
0.261088 -0.00510183 0.0
0.258561 -0.0060054 0.0
0.255869 -0.00689866 0.0
0.253013 -0.00778151 0.0
0.249991 -0.0086535 0.0
0.246802 -0.00951388 0.0
0.243444 -0.0103617 0.0
0.239916 -0.0111962 0.0
0.236216 -0.0120165 0.0
0.232344 -0.0128222 0.0
0.228299 -0.0136124 0.0
0.224079 -0.0143864 0.0
0.219685 -0.0151437 0.0
0.215115 -0.0158838 0.0
0.21037 -0.0166069 0.0
0.205448 -0.0173138 0.0
0.20035 -0.0180062 0.0
0.195075 -0.0186868 0.0
0.189623 -0.0193594 0.0
0.183994 -0.0200299 0.0
0.178186 -0.0207064 0.0
0.172197 -0.0214006 0.0
0.166025 -0.0221285 0.0
0.159666 -0.0229125 0.0
0.153114 -0.0237832 0.0
0.14636 -0.0247827 0.0
0.139395 -0.0259692 0.0
0.132206 -0.0274232 0.0
0.124775 -0.0292579 0.0
0.117085 -0.0316336 0.0
0.109114 -0.0347818 0.0
0.100841 -0.0390423 0.0
0.0922466 -0.0449255 0.0
0.0833122 -0.0532145 0.0
0.0740176 -0.0651296 0.0
0.0643194 -0.0825701 0.0
0.0541027 -0.108396 0.0
0.0431013 -0.146594 0.0
0.0307925 -0.202099 0.0
0.0161384 -0.280433 0.0
-0.00403732 -0.390574 0.0
-0.0266001 -0.525458 0.0
-0.036566 -0.626171 0.0
-0.0180285 -0.472829 0.0
-0.0013887 -0.00465329 0.0
-0.00761886 -0.00392324 0.0
-0.0180707 0.00268332 0.0
-0.0284821 0.00980149 0.0
-0.037169 0.0159063 0.0
-0.0440332 0.0214018 0.0
-0.0491073 0.026708 0.0
-0.0524329 0.0321133 0.0
-0.0540344 0.0377668 0.0
-0.053928 0.0436829 0.0
-0.0521468 0.0497604 0.0
-0.0487625 0.0558262 0.0
-0.0438945 0.0616755 0.0
-0.0377005 0.0671276 0.0
-0.0303675 0.0720224 0.0
-0.0220903 0.0762976 0.0
-0.0130432 0.0799266 0.0
-0.0033902 0.0828696 0.0
0.00656632 0.085031 0.0
0.0165953 0.0863318 0.0
0.0267347 0.0869022 0.0
0.037023 0.0869176 0.0
0.0474122 0.0865084 0.0
0.0578258 0.0857584 0.0
0.0681923 0.0847258 0.0
0.0784526 0.083455 0.0
0.08856 0.0819836 0.0
0.0984777 0.0803439 0.0
0.108177 0.0785648 0.0
0.117636 0.0766719 0.0
0.126836 0.0746881 0.0
0.135764 0.0726337 0.0
0.144411 0.0705266 0.0
0.152768 0.0683828 0.0
0.160832 0.0662161 0.0
0.1686 0.0640387 0.0
0.176069 0.0618612 0.0
0.183242 0.0596928 0.0
0.190119 0.0575415 0.0
0.196703 0.055414 0.0
0.202998 0.0533159 0.0
0.209007 0.0512521 0.0
0.214736 0.0492264 0.0
0.22019 0.0472421 0.0
0.225375 0.0453016 0.0
0.230296 0.0434067 0.0
0.234959 0.0415588 0.0
0.239372 0.0397588 0.0
0.243539 0.038007 0.0
0.247467 0.0363036 0.0
0.251162 0.0346482 0.0
0.254631 0.0330403 0.0
0.257879 0.0314792 0.0
0.260912 0.0299637 0.0
0.263735 0.0284929 0.0
0.266354 0.0270654 0.0
0.268774 0.0256797 0.0
0.271 0.0243345 0.0
0.273035 0.0230281 0.0
0.274886 0.0217591 0.0
0.276554 0.0205257 0.0
0.278045 0.0193265 0.0
0.279362 0.0181597 0.0
0.280508 0.0170237 0.0
0.281487 0.0159172 0.0
0.282299 0.0148384 0.0
0.28295 0.0137859 0.0
0.283439 0.0127584 0.0
0.283771 0.0117545 0.0
0.283945 0.010773 0.0
0.283964 0.00981255 0.0
0.283829 0.00887218 0.0
0.283542 0.00795086 0.0
0.283103 0.00704766 0.0
0.282513 0.00616177 0.0
0.281772 0.00529243 0.0
0.280882 0.00443897 0.0
0.279843 0.00360073 0.0
0.278656 0.00277706 0.0
0.277319 0.00196695 0.0
0.275833 0.00116765 0.0
0.274189 0.000376159 0.0
0.272383 -0.000406689 0.0
0.270418 -0.00118177 0.0
0.2683 -0.00194848 0.0
0.26603 -0.00270516 0.0
0.263606 -0.00345066 0.0
0.261028 -0.00418441 0.0
0.258296 -0.00490731 0.0
0.255409 -0.00561882 0.0
0.252368 -0.00631807 0.0
0.249172 -0.00700382 0.0
0.245821 -0.00767518 0.0
0.242316 -0.00833203 0.0
0.238655 -0.00897401 0.0
0.23484 -0.00960055 0.0
0.230873 -0.010211 0.0
0.226753 -0.0108048 0.0
0.222481 -0.0113815 0.0
0.218059 -0.0119414 0.0
0.213487 -0.0124854 0.0
0.208765 -0.0130154 0.0
0.203897 -0.013534 0.0
0.198881 -0.0140449 0.0
0.193719 -0.0145532 0.0
0.188411 -0.0150666 0.0
0.182955 -0.0155954 0.0
0.177347 -0.0161545 0.0
0.171585 -0.0167644 0.0
0.165659 -0.0174535 0.0
0.159562 -0.0182611 0.0
0.153278 -0.0192419 0.0
0.146789 -0.0204725 0.0
0.140073 -0.0220619 0.0
0.1331 -0.0241662 0.0
0.125835 -0.0270133 0.0
0.118238 -0.0309408 0.0
0.110264 -0.036458 0.0
0.101862 -0.0443455 0.0
0.0929678 -0.0558103 0.0
0.0834822 -0.0727055 0.0
0.0732166 -0.0977777 0.0
0.0618153 -0.134809 0.0
0.0486866 -0.188446 0.0
0.0329843 -0.263729 0.0
0.0126928 -0.36681 0.0
-0.0124755 -0.501491 0.0
-0.0293738 -0.623275 0.0
-0.0163897 -0.507247 0.0
-0.00313558 -0.000128999 0.0
-0.0133675 0.00801457 0.0
-0.0272598 0.0150896 0.0
-0.0396646 0.0202115 0.0
-0.049647 0.0241656 0.0
-0.057255 0.0276148 0.0
-0.0626815 0.0309955 0.0
-0.0660943 0.0345642 0.0
-0.0676149 0.0384381 0.0
-0.0673323 0.0426226 0.0
-0.0653288 0.047036 0.0
-0.0617026 0.0515402 0.0
-0.0565808 0.0559718 0.0
-0.0501189 0.0601754 0.0
-0.0424959 0.0640186 0.0
-0.0338979 0.0674262 0.0
-0.0244993 0.0703523 0.0
-0.0144636 0.0727553 0.0
-0.00393339 0.0746586 0.0
0.0067971 0.0759448 0.0
0.0175007 0.0764462 0.0
0.0282695 0.0763165 0.0
0.0391489 0.0758409 0.0
0.0500522 0.0751089 0.0
0.0608985 0.0741625 0.0
0.0716257 0.0730309 0.0
0.0821864 0.0717397 0.0
0.0925443 0.0703122 0.0
0.102671 0.0687705 0.0
0.112544 0.0671345 0.0
0.122146 0.0654229 0.0
0.131465 0.0636521 0.0
0.140489 0.0618371 0.0
0.149213 0.0599912 0.0
0.15763 0.058126 0.0
0.16574 0.056252 0.0
0.17354 0.054378 0.0
0.181031 0.052512 0.0
0.188216 0.0506608 0.0
0.195096 0.04883 0.0
0.201677 0.0470247 0.0
0.207962 0.045249 0.0
0.213956 0.0435062 0.0
0.219665 0.0417991 0.0
0.225095 0.0401299 0.0
0.230252 0.0385002 0.0
0.235143 0.0369112 0.0
0.239774 0.0353636 0.0
0.244151 0.0338579 0.0
0.248281 0.0323942 0.0
0.252171 0.0309723 0.0
0.255827 0.0295917 0.0
0.259255 0.0282518 0.0
0.262461 0.0269519 0.0
0.265451 0.025691 0.0
0.268232 0.0244679 0.0
0.270807 0.0232816 0.0
0.273184 0.0221308 0.0
0.275365 0.0210143 0.0
0.277357 0.0199307 0.0
0.279164 0.0188786 0.0
0.28079 0.0178568 0.0
0.282238 0.0168639 0.0
0.283513 0.0158985 0.0
0.284618 0.0149594 0.0
0.285556 0.0140453 0.0
0.28633 0.0131549 0.0
0.286942 0.0122871 0.0
0.287396 0.0114409 0.0
0.287694 0.010615 0.0
0.287836 0.0098086 0.0
0.287826 0.00902073 0.0
0.287666 0.00825054 0.0
0.287356 0.00749729 0.0
0.286898 0.00676026 0.0
0.286293 0.00603883 0.0
0.285543 0.00533242 0.0
0.284649 0.00464046 0.0
0.283611 0.00396242 0.0
0.282432 0.00329767 0.0
0.28111 0.00264537 0.0
0.279647 0.00200535 0.0
0.278042 0.00137524 0.0
0.276289 0.000753075 0.0
0.274385 0.000139577 0.0
0.272327 -0.00046475 0.0
0.27012 -0.00106068 0.0
0.267772 -0.0016486 0.0
0.265288 -0.00222675 0.0
0.262669 -0.00279364 0.0
0.259916 -0.00334839 0.0
0.257027 -0.00388927 0.0
0.254003 -0.0044155 0.0
0.250846 -0.0049286 0.0
0.247558 -0.00542839 0.0
0.24414 -0.00591426 0.0
0.240596 -0.00638559 0.0
0.236928 -0.00684162 0.0
0.233136 -0.00728143 0.0
0.229222 -0.00770533 0.0
0.225188 -0.00811504 0.0
0.221036 -0.00851248 0.0
0.216768 -0.00890011 0.0
0.212386 -0.00928124 0.0
0.207891 -0.00966044 0.0
0.203284 -0.010044 0.0
0.198563 -0.0104408 0.0
0.193726 -0.0108642 0.0
0.188766 -0.0113322 0.0
0.183676 -0.0118705 0.0
0.178444 -0.0125146 0.0
0.173054 -0.0133146 0.0
0.167484 -0.0143415 0.0
0.161705 -0.0156975 0.0
0.155679 -0.0175315 0.0
0.149359 -0.0200631 0.0
0.142687 -0.0236218 0.0
0.135592 -0.0287072 0.0
0.127983 -0.0360859 0.0
0.119742 -0.0469351 0.0
0.110686 -0.063039 0.0
0.100511 -0.087003 0.0
0.0887052 -0.122377 0.0
0.0744939 -0.173538 0.0
0.0568874 -0.245328 0.0
0.0348428 -0.342875 0.0
0.00674582 -0.472161 0.0
-0.0179587 -0.611002 0.0
-0.013413 -0.53705 0.0
-0.00550203 0.00850861 0.0
-0.0203048 0.0244117 0.0
-0.0377342 0.030014 0.0
-0.0522188 0.0321765 0.0
-0.0633287 0.033293 0.0
-0.0714657 0.0342323 0.0
-0.0770436 0.0353823 0.0
-0.0803738 0.0369205 0.0
-0.0816737 0.0389022 0.0
-0.0810982 0.0413002 0.0
-0.0787725 0.0440291 0.0
-0.0748189 0.0469675 0.0
-0.0693736 0.0499774 0.0
-0.0625912 0.0529254 0.0
-0.0546429 0.0556973 0.0
-0.0457072 0.0582138 0.0
-0.0359585 0.0604174 0.0
-0.0255613 0.0622574 0.0
-0.0146515 0.0637164 0.0
-0.00332491 0.0648298 0.0
0.00809074 0.0654419 0.0
0.0194573 0.0651855 0.0
0.030888 0.0646618 0.0
0.0423032 0.0639695 0.0
0.0536294 0.0631293 0.0
0.0648122 0.0621541 0.0
0.07581 0.061058 0.0
0.0865899 0.0598562 0.0
0.0971254 0.0585643 0.0
0.107396 0.0571973 0.0
0.117384 0.0557693 0.0
0.127078 0.0542935 0.0
0.136468 0.0527816 0.0
0.145547 0.0512445 0.0
0.15431 0.0496916 0.0
0.162756 0.0481314 0.0
0.170883 0.0465713 0.0
0.178692 0.0450177 0.0
0.186186 0.0434764 0.0
0.193368 0.041952 0.0
0.200242 0.0404488 0.0
0.206812 0.0389701 0.0
0.213084 0.0375188 0.0
0.219064 0.0360973 0.0
0.224758 0.0347074 0.0
0.230173 0.0333505 0.0
0.235316 0.0320276 0.0
0.240193 0.0307394 0.0
0.244812 0.0294863 0.0
0.249179 0.0282685 0.0
0.253301 0.0270858 0.0
0.257186 0.0259379 0.0
0.260839 0.0248243 0.0
0.264268 0.0237444 0.0
0.267478 0.0226975 0.0
0.270477 0.0216827 0.0
0.273269 0.020699 0.0
0.275861 0.0197456 0.0
0.278257 0.0188212 0.0
0.280464 0.017925 0.0
0.282486 0.0170558 0.0
0.284327 0.0162125 0.0
0.285993 0.015394 0.0
0.287487 0.0145992 0.0
0.288814 0.0138272 0.0
0.289977 0.0130768 0.0
0.290979 0.0123471 0.0
0.291824 0.0116372 0.0
0.292515 0.010946 0.0
0.293055 0.0102728 0.0
0.293446 0.00961682 0.0
0.293691 0.00897722 0.0
0.293793 0.00835336 0.0
0.293753 0.0077446 0.0
0.293573 0.00715036 0.0
0.293257 0.0065701 0.0
0.292804 0.00600334 0.0
0.292219 0.0054496 0.0
0.291501 0.00490843 0.0
0.290653 0.00437936 0.0
0.289676 0.00386192 0.0
0.288572 0.0033558 0.0
0.287342 0.00286032 0.0
0.285987 0.00237568 0.0
0.284507 0.00190123 0.0
0.282903 0.00143545 0.0
0.281172 0.000977085 0.0
0.279308 0.000525766 0.0
0.277307 8.34361e-05 0.0
0.275171 -0.000349241 0.0
0.272905 -0.00077244 0.0
0.270516 -0.00118767 0.0
0.268017 -0.00159519 0.0
0.265418 -0.00199231 0.0
0.26272 -0.00237785 0.0
0.259923 -0.0027509 0.0
0.257029 -0.00311106 0.0
0.254039 -0.0034576 0.0
0.250954 -0.00378852 0.0
0.247775 -0.00410495 0.0
0.244504 -0.0044103 0.0
0.241145 -0.00470645 0.0
0.237702 -0.00499539 0.0
0.234178 -0.00527981 0.0
0.230574 -0.00556327 0.0
0.226891 -0.00585041 0.0
0.223125 -0.00614792 0.0
0.219273 -0.00646768 0.0
0.21533 -0.00682553 0.0
0.211286 -0.00724359 0.0
0.207129 -0.00775328 0.0
0.202842 -0.00839923 0.0
0.198401 -0.00924563 0.0
0.193773 -0.0103861 0.0
0.188915 -0.0119589 0.0
0.18377 -0.0141711 0.0
0.178265 -0.0173361 0.0
0.1723 -0.0219327 0.0
0.165743 -0.0286945 0.0
0.158398 -0.038741 0.0
0.149969 -0.0537474 0.0
0.139977 -0.0761271 0.0
0.127676 -0.109147 0.0
0.112002 -0.156883 0.0
0.0916659 -0.22404 0.0
0.0654687 -0.315921 0.0
0.0329707 -0.43852 0.0
-0.000862257 -0.586105 0.0
-0.00844584 -0.558909 0.0
-0.00871329 0.0227239 0.0
-0.0289505 0.0452363 0.0
-0.0496175 0.0472858 0.0
-0.0654957 0.0452675 0.0
-0.0770549 0.0428711 0.0
-0.085178 0.0409144 0.0
-0.0905146 0.0396147 0.0
-0.0934999 0.0390036 0.0
-0.0944175 0.0390366 0.0
-0.0934574 0.0396303 0.0
-0.0907624 0.0406782 0.0
-0.0864621 0.0420644 0.0
-0.0806922 0.0436654 0.0
-0.0736004 0.0453632 0.0
-0.0653467 0.0470575 0.0
-0.0561012 0.0486724 0.0
-0.046039 0.050148 0.0
-0.0353326 0.0514232 0.0
-0.0241098 0.052418 0.0
-0.012433 0.0531248 0.0
-0.000368631 0.0536669 0.0
0.0118092 0.0534162 0.0
0.0238784 0.0529312 0.0
0.0358311 0.0523322 0.0
0.0476403 0.0516313 0.0
0.0592755 0.0508341 0.0
0.0707071 0.0499485 0.0
0.0819084 0.0489845 0.0
0.0928564 0.0479524 0.0
0.103532 0.0468632 0.0
0.11392 0.0457272 0.0
0.124007 0.044554 0.0
0.133786 0.0433527 0.0
0.143249 0.0421315 0.0
0.152393 0.0408976 0.0
0.161215 0.0396578 0.0
0.169715 0.0384177 0.0
0.177894 0.0371825 0.0
0.185755 0.0359566 0.0
0.193301 0.0347439 0.0
0.200537 0.0335476 0.0
0.207468 0.0323706 0.0
0.214099 0.0312151 0.0
0.220437 0.030083 0.0
0.226488 0.0289758 0.0
0.232261 0.0278947 0.0
0.237761 0.0268406 0.0
0.242996 0.0258141 0.0
0.247973 0.0248154 0.0
0.252701 0.0238449 0.0
0.257186 0.0229024 0.0
0.261435 0.0219877 0.0
0.265455 0.0211005 0.0
0.269255 0.0202403 0.0
0.272839 0.0194066 0.0
0.276216 0.0185987 0.0
0.279391 0.017816 0.0
0.28237 0.0170577 0.0
0.285159 0.016323 0.0
0.287765 0.0156111 0.0
0.290192 0.0149211 0.0
0.292445 0.0142522 0.0
0.29453 0.0136037 0.0
0.296451 0.0129745 0.0
0.298212 0.0123641 0.0
0.299818 0.0117714 0.0
0.301272 0.0111958 0.0
0.302579 0.0106366 0.0
0.303742 0.0100929 0.0
0.304763 0.00956423 0.0
0.305648 0.00904987 0.0
0.306398 0.00854925 0.0
0.307016 0.00806181 0.0
0.307505 0.00758705 0.0
0.307868 0.00712451 0.0
0.308107 0.00667374 0.0
0.308224 0.00623434 0.0
0.308223 0.00580593 0.0
0.308104 0.00538813 0.0
0.307871 0.00498058 0.0
0.307526 0.00458293 0.0
0.30707 0.00419491 0.0
0.306505 0.00381621 0.0
0.305833 0.00344674 0.0
0.305057 0.00308621 0.0
0.304177 0.00273424 0.0
0.303195 0.00239124 0.0
0.302113 0.0020576 0.0
0.300933 0.00173243 0.0
0.299656 0.001415 0.0
0.298281 0.00110467 0.0
0.296806 0.000799612 0.0
0.295222 0.000499518 0.0
0.293527 0.000207495 0.0
0.291723 -7.5292e-05 0.0
0.289814 -0.000348364 0.0
0.287806 -0.000611741 0.0
0.285706 -0.000866156 0.0
0.283525 -0.00111419 0.0
0.281281 -0.00135616 0.0
0.278984 -0.00159052 0.0
0.276634 -0.00181765 0.0
0.274231 -0.00203887 0.0
0.271775 -0.00225639 0.0
0.269265 -0.002473 0.0
0.2667 -0.00269146 0.0
0.264074 -0.00291554 0.0
0.261384 -0.00315828 0.0
0.258625 -0.00343233 0.0
0.255788 -0.00375629 0.0
0.252862 -0.00415745 0.0
0.249828 -0.00467467 0.0
0.246664 -0.00536439 0.0
0.243335 -0.00631003 0.0
0.239794 -0.0076365 0.0
0.235978 -0.00953283 0.0
0.231797 -0.0122874 0.0
0.227122 -0.0163415 0.0
0.221763 -0.0223693 0.0
0.215431 -0.0313899 0.0
0.207672 -0.0449093 0.0
0.197772 -0.0650739 0.0
0.184664 -0.0947912 0.0
0.166879 -0.13778 0.0
0.142679 -0.198607 0.0
0.110468 -0.282947 0.0
0.0696437 -0.398172 0.0
0.0234787 -0.546455 0.0
-7.11117e-05 -0.567426 0.0
-0.0131099 0.0445471 0.0
-0.0392433 0.0697837 0.0
-0.0612556 0.0654178 0.0
-0.0763077 0.0580658 0.0
-0.0864632 0.0517874 0.0
-0.0931835 0.0468416 0.0
-0.0972855 0.0431262 0.0
-0.0992569 0.040449 0.0
-0.0993761 0.0386279 0.0
-0.097805 0.0375078 0.0
-0.0946481 0.036949 0.0
-0.0899993 0.0368445 0.0
-0.0839646 0.0370807 0.0
-0.0766603 0.0375516 0.0
-0.0682153 0.0381703 0.0
-0.0587729 0.0388716 0.0
-0.0484939 0.0396077 0.0
-0.037563 0.0403262 0.0
-0.0261059 0.0408351 0.0
-0.0141059 0.0410311 0.0
-0.0015042 0.0410945 0.0
0.0113388 0.0409678 0.0
0.0240107 0.0406385 0.0
0.0364912 0.0401916 0.0
0.0487954 0.0396585 0.0
0.0609137 0.0390534 0.0
0.0728261 0.0383852 0.0
0.0845107 0.0376618 0.0
0.0959472 0.0368906 0.0
0.107118 0.036079 0.0
0.118007 0.0352339 0.0
0.128605 0.0343621 0.0
0.138901 0.0334697 0.0
0.14889 0.0325626 0.0
0.158566 0.0316459 0.0
0.16793 0.0307243 0.0
0.176979 0.029802 0.0
0.185715 0.0288827 0.0
0.19414 0.0279698 0.0
0.202259 0.0270659 0.0
0.210076 0.0261736 0.0
0.217595 0.0252949 0.0
0.224823 0.0244317 0.0
0.231766 0.0235853 0.0
0.23843 0.022757 0.0
0.244824 0.0219476 0.0
0.250954 0.0211579 0.0
0.256827 0.0203884 0.0
0.262451 0.0196394 0.0
0.267834 0.018911 0.0
0.272982 0.0182033 0.0
0.277903 0.0175162 0.0
0.282605 0.0168496 0.0
0.287094 0.016203 0.0
0.291377 0.0155763 0.0
0.29546 0.0149688 0.0
0.299351 0.0143802 0.0
0.303056 0.01381 0.0
0.306579 0.0132575 0.0
0.309928 0.0127223 0.0
0.313107 0.0122037 0.0
0.316122 0.0117012 0.0
0.318978 0.0112142 0.0
0.321679 0.010742 0.0
0.324231 0.010284 0.0
0.326636 0.00983984 0.0
0.328901 0.00940879 0.0
0.331027 0.00899036 0.0
0.333019 0.00858404 0.0
0.334881 0.00818933 0.0
0.336616 0.00780578 0.0
0.338227 0.00743295 0.0
0.339716 0.00707042 0.0
0.341088 0.00671783 0.0
0.342344 0.0063748 0.0
0.343487 0.00604101 0.0
0.344521 0.00571615 0.0
0.345446 0.00539991 0.0
0.346267 0.00509201 0.0
0.346984 0.00479217 0.0
0.347601 0.00450015 0.0
0.348119 0.00421572 0.0
0.348541 0.00393866 0.0
0.348868 0.00366885 0.0
0.349102 0.00340611 0.0
0.349246 0.00315033 0.0
0.349301 0.00290163 0.0
0.34927 0.0026601 0.0
0.349155 0.00242544 0.0
0.348957 0.00219732 0.0
0.348678 0.00197577 0.0
0.348321 0.00176167 0.0
0.347886 0.00155542 0.0
0.347377 0.0013558 0.0
0.346795 0.00116277 0.0
0.346141 0.000976166 0.0
0.345417 0.000795802 0.0
0.344623 0.000620609 0.0
0.343755 0.000447537 0.0
0.342804 0.000276754 0.0
0.341767 0.000110955 0.0
0.340648 -4.96828e-05 0.0
0.33945 -0.000206071 0.0
0.338177 -0.000359978 0.0
0.336831 -0.000514262 0.0
0.33542 -0.000673966 0.0
0.33396 -0.000846583 0.0
0.332458 -0.00103589 0.0
0.33091 -0.00124773 0.0
0.329304 -0.00149794 0.0
0.327626 -0.00181096 0.0
0.325858 -0.0022196 0.0
0.323975 -0.00277172 0.0
0.32194 -0.00353879 0.0
0.319701 -0.00462886 0.0
0.317183 -0.0062063 0.0
0.314273 -0.00852206 0.0
0.3108 -0.0119587 0.0
0.306502 -0.0170952 0.0
0.300966 -0.0247959 0.0
0.293544 -0.036322 0.0
0.283242 -0.05346 0.0
0.2686 -0.0786556 0.0
0.247637 -0.115167 0.0
0.217954 -0.167337 0.0
0.177163 -0.241215 0.0
0.123804 -0.34572 0.0
0.0600535 -0.488992 0.0
0.0131056 -0.554391 0.0
-0.0189069 0.0765639 0.0
-0.0490204 0.0940138 0.0
-0.0656375 0.0798172 0.0
-0.0736699 0.066751 0.0
-0.077506 0.0570938 0.0
-0.0789625 0.049712 0.0
-0.0787594 0.0441546 0.0
-0.0773063 0.0399388 0.0
-0.0747698 0.0367209 0.0
-0.0712008 0.0342746 0.0
-0.0665869 0.0324114 0.0
-0.0609154 0.0310619 0.0
-0.0542071 0.0301203 0.0
-0.04649 0.0294907 0.0
-0.0378073 0.0291034 0.0
-0.0282168 0.0289056 0.0
-0.0177753 0.0288533 0.0
-0.00649773 0.0288721 0.0
0.00550864 0.0288256 0.0
0.0179201 0.0286292 0.0
0.0304843 0.0283304 0.0
0.0432083 0.0281649 0.0
0.0560605 0.0279173 0.0
0.0689043 0.0275884 0.0
0.0816611 0.0272007 0.0
0.0942863 0.0267676 0.0
0.106748 0.0262968 0.0
0.11902 0.0257937 0.0
0.131079 0.025263 0.0
0.142907 0.0247088 0.0
0.154486 0.0241352 0.0
0.165803 0.0235459 0.0
0.176849 0.0229443 0.0
0.187614 0.022334 0.0
0.198094 0.0217178 0.0
0.208285 0.0210986 0.0
0.218185 0.020479 0.0
0.227793 0.0198612 0.0
0.237111 0.0192473 0.0
0.246142 0.0186392 0.0
0.254887 0.0180383 0.0
0.263352 0.0174462 0.0
0.271541 0.0168638 0.0
0.279459 0.0162923 0.0
0.287111 0.0157325 0.0
0.294505 0.0151849 0.0
0.301646 0.0146502 0.0
0.30854 0.0141287 0.0
0.315194 0.0136206 0.0
0.321615 0.0131263 0.0
0.327809 0.0126456 0.0
0.333783 0.0121787 0.0
0.339543 0.0117255 0.0
0.345096 0.0112857 0.0
0.350447 0.0108593 0.0
0.355603 0.010446 0.0
0.36057 0.0100454 0.0
0.365353 0.00965739 0.0
0.369958 0.00928154 0.0
0.37439 0.00891751 0.0
0.378654 0.00856495 0.0
0.382756 0.0082235 0.0
0.386699 0.00789277 0.0
0.390489 0.00757239 0.0
0.394129 0.007262 0.0
0.397624 0.00696121 0.0
0.400978 0.00666967 0.0
0.404194 0.00638704 0.0
0.407276 0.00611298 0.0
0.410227 0.00584715 0.0
0.413051 0.00558925 0.0
0.415751 0.00533899 0.0
0.41833 0.00509609 0.0
0.42079 0.00486029 0.0
0.423135 0.00463133 0.0
0.425367 0.00440899 0.0
0.427489 0.00419305 0.0
0.429503 0.00398328 0.0
0.431411 0.0037795 0.0
0.433217 0.00358151 0.0
0.434922 0.00338913 0.0
0.436529 0.00320219 0.0
0.438039 0.00302055 0.0
0.439454 0.0028441 0.0
0.440778 0.00267271 0.0
0.442012 0.00250632 0.0
0.443157 0.00234493 0.0
0.444216 0.0021885 0.0
0.445192 0.00203693 0.0
0.446085 0.0018901 0.0
0.446899 0.00174808 0.0
0.447635 0.0016112 0.0
0.448296 0.0014796 0.0
0.448883 0.00135293 0.0
0.4494 0.00123102 0.0
0.449849 0.0011137 0.0
0.45023 0.00100083 0.0
0.450547 0.000892491 0.0
0.4508 0.000790221 0.0
0.450992 0.00069291 0.0
0.451125 0.000598823 0.0
0.451199 0.000507385 0.0
0.451216 0.00041787 0.0
0.451177 0.000329099 0.0
0.45108 0.000238762 0.0
0.450922 0.000142046 0.0
0.450688 3.21653e-05 0.0
0.450366 -9.16643e-05 0.0
0.44996 -0.000238136 0.0
0.449477 -0.000418175 0.0
0.448912 -0.000647267 0.0
0.448247 -0.000949993 0.0
0.447452 -0.00136366 0.0
0.446485 -0.00194466 0.0
0.445279 -0.00277854 0.0
0.443736 -0.00399522 0.0
0.441705 -0.00579175 0.0
0.438954 -0.00846533 0.0
0.435123 -0.0124595 0.0
0.429654 -0.0184264 0.0
0.421691 -0.027307 0.0
0.409952 -0.0404337 0.0
0.392583 -0.0596715 0.0
0.367046 -0.0876508 0.0
0.330109 -0.128234 0.0
0.278082 -0.1875 0.0
0.207554 -0.275548 0.0
0.118015 -0.405874 0.0
0.0343699 -0.506916 0.0
-0.0215694 0.11704 0.0
-0.0403076 0.102389 0.0
-0.0304851 0.0782365 0.0
-0.0161101 0.0619891 0.0
-0.00158091 0.0511625 0.0
0.0121569 0.0433619 0.0
0.0248766 0.0375819 0.0
0.0367851 0.0331499 0.0
0.0480995 0.029659 0.0
0.059003 0.0268639 0.0
0.0696343 0.0245768 0.0
0.0801257 0.0227336 0.0
0.0906181 0.0212478 0.0
0.101218 0.0200463 0.0
0.112005 0.0190785 0.0
0.12304 0.0183043 0.0
0.13437 0.0176834 0.0
0.145991 0.0171431 0.0
0.157868 0.0166716 0.0
0.169973 0.016267 0.0
0.18224 0.0158609 0.0
0.194627 0.0155242 0.0
0.207122 0.0152105 0.0
0.219676 0.0148973 0.0
0.232231 0.0145795 0.0
0.244738 0.0142566 0.0
0.257155 0.013929 0.0
0.269448 0.0135971 0.0
0.281587 0.0132613 0.0
0.293548 0.0129221 0.0
0.30531 0.01258 0.0
0.316858 0.0122358 0.0
0.328177 0.0118903 0.0
0.339255 0.0115442 0.0
0.350084 0.0111985 0.0
0.360657 0.010854 0.0
0.37097 0.0105115 0.0
0.381018 0.0101719 0.0
0.390801 0.00983591 0.0
0.400317 0.00950424 0.0
0.409567 0.00917753 0.0
0.418553 0.00885634 0.0
0.427276 0.00854116 0.0
0.435741 0.00823243 0.0
0.44395 0.00793052 0.0
0.451908 0.00763572 0.0
0.459618 0.00734828 0.0
0.467086 0.00706837 0.0
0.474316 0.00679612 0.0
0.481315 0.00653162 0.0
0.488086 0.00627489 0.0
0.494636 0.00602593 0.0
0.500969 0.0057847 0.0
0.507092 0.00555113 0.0
0.51301 0.00532512 0.0
0.518727 0.00510653 0.0
0.52425 0.00489523 0.0
0.529583 0.00469105 0.0
0.534732 0.00449381 0.0
0.539702 0.00430332 0.0
0.544498 0.0041194 0.0
0.549123 0.00394183 0.0
0.553584 0.00377041 0.0
0.557884 0.00360493 0.0
0.562028 0.00344519 0.0
0.56602 0.00329098 0.0
0.569865 0.00314209 0.0
0.573565 0.00299833 0.0
0.577125 0.0028595 0.0
0.580549 0.00272542 0.0
0.58384 0.00259591 0.0
0.587002 0.0024708 0.0
0.590037 0.00234993 0.0
0.59295 0.00223313 0.0
0.595744 0.00212026 0.0
0.598421 0.00201119 0.0
0.600984 0.00190577 0.0
0.603437 0.00180388 0.0
0.605781 0.00170539 0.0
0.608021 0.0016102 0.0
0.610158 0.00151819 0.0
0.612196 0.00142925 0.0
0.614136 0.0013433 0.0
0.615981 0.00126026 0.0
0.617734 0.00118005 0.0
0.619397 0.00110263 0.0
0.620972 0.00102796 0.0
0.622462 0.000956006 0.0
0.62387 0.000886705 0.0
0.625196 0.000820019 0.0
0.626445 0.00075597 0.0
0.627618 0.000694641 0.0
0.628717 0.000636048 0.0
0.629746 0.000580081 0.0
0.630706 0.000526638 0.0
0.6316 0.000475624 0.0
0.632431 0.000426962 0.0
0.6332 0.000380594 0.0
0.633912 0.000336305 0.0
0.634573 0.000294297 0.0
0.635183 0.000254236 0.0
0.635745 0.000215734 0.0
0.636259 0.000178257 0.0
0.636726 0.000141004 0.0
0.637147 0.000102801 0.0
0.637521 6.24783e-05 0.0
0.637848 1.89208e-05 0.0
0.638125 -3.37679e-05 0.0
0.638339 -0.000104673 0.0
0.638471 -0.000199948 0.0
0.638498 -0.000327355 0.0
0.638395 -0.000501812 0.0
0.638124 -0.000746832 0.0
0.637629 -0.00109829 0.0
0.63682 -0.00161056 0.0
0.635566 -0.00236582 0.0
0.633664 -0.00348761 0.0
0.630805 -0.00516007 0.0
0.626526 -0.00765447 0.0
0.620128 -0.0113651 0.0
0.610581 -0.0168585 0.0
0.596384 -0.0249453 0.0
0.575395 -0.0368026 0.0
0.544626 -0.0542141 0.0
0.499977 -0.0800839 0.0
0.435893 -0.119539 0.0
0.345011 -0.182099 0.0
0.21917 -0.283942 0.0
0.0732563 -0.39929 0.0
0.0693048 0.0693048 0.0
0.188389 0.049779 0.0
0.27379 0.0356226 0.0
0.336715 0.0273027 0.0
0.386027 0.0220085 0.0
0.42642 0.0183848 0.0
0.460532 0.0157273 0.0
0.489944 0.0136844 0.0
0.515691 0.0120629 0.0
0.538501 0.0107468 0.0
0.558905 0.00965791 0.0
0.577315 0.00875162 0.0
0.594059 0.00799293 0.0
0.609407 0.00735421 0.0
0.623576 0.00681484 0.0
0.636749 0.0063586 0.0
0.649078 0.00597037 0.0
0.660681 0.00563224 0.0
0.67165 0.00533676 0.0
0.682067 0.00508013 0.0
0.691997 0.00485009 0.0
0.701496 0.00464932 0.0
0.710616 0.00447034 0.0
0.719393 0.00430658 0.0
0.727853 0.00415411 0.0
0.736018 0.00401046 0.0
0.743902 0.00387388 0.0
0.751519 0.003743 0.0
0.758879 0.00361679 0.0
0.76599 0.00349441 0.0
0.77286 0.00337525 0.0
0.779494 0.00325886 0.0
0.785898 0.00314491 0.0
0.792076 0.0030332 0.0
0.798033 0.00292359 0.0
0.803772 0.00281603 0.0
0.809299 0.00271051 0.0
0.814616 0.00260703 0.0
0.819729 0.00250564 0.0
0.824641 0.0024064 0.0
0.829357 0.00230938 0.0
0.833881 0.00221464 0.0
0.838218 0.00212224 0.0
0.842372 0.00203225 0.0
0.846349 0.00194471 0.0
0.850154 0.00185967 0.0
0.85379 0.00177715 0.0
0.857265 0.00169719 0.0
0.860582 0.00161979 0.0
0.863747 0.00154495 0.0
0.866764 0.00147266 0.0
0.86964 0.0014029 0.0
0.872378 0.00133565 0.0
0.874985 0.00127087 0.0
0.877464 0.00120852 0.0
0.879821 0.00114854 0.0
0.882061 0.0010909 0.0
0.884187 0.00103552 0.0
0.886205 0.000982343 0.0
0.888119 0.000931309 0.0
0.889932 0.000882347 0.0
0.89165 0.000835389 0.0
0.893276 0.000790366 0.0
0.894813 0.000747207 0.0
0.896266 0.000705843 0.0
0.897638 0.000666205 0.0
0.898933 0.000628224 0.0
0.900153 0.000591836 0.0
0.901302 0.000556974 0.0
0.902382 0.000523576 0.0
0.903397 0.000491583 0.0
0.90435 0.000460937 0.0
0.905242 0.000431583 0.0
0.906077 0.000403467 0.0
0.906857 0.000376541 0.0
0.907585 0.000350755 0.0
0.908262 0.000326066 0.0
0.90889 0.000302428 0.0
0.909472 0.0002798 0.0
0.91001 0.000258143 0.0
0.910506 0.000237419 0.0
0.910961 0.000217593 0.0
0.911377 0.000198633 0.0
0.911756 0.000180512 0.0
0.9121 0.000163204 0.0
0.91241 0.000146691 0.0
0.912687 0.000130955 0.0
0.912934 0.000115981 0.0
0.913152 0.000101749 0.0
0.913342 8.82458e-05 0.0
0.913506 7.54742e-05 0.0
0.913645 6.34456e-05 0.0
0.91376 5.21554e-05 0.0
0.913854 4.15728e-05 0.0
0.913927 3.16637e-05 0.0
0.913981 2.23936e-05 0.0
0.914017 1.37156e-05 0.0
0.914037 5.46022e-06 0.0
0.914039 -3.26156e-06 0.0
0.914024 -1.16071e-05 0.0
0.913993 -1.93457e-05 0.0
0.913947 -2.65779e-05 0.0
0.913887 -3.35248e-05 0.0
0.913813 -4.05081e-05 0.0
0.913725 -4.79471e-05 0.0
0.91362 -5.63137e-05 0.0
0.913498 -6.63302e-05 0.0
0.913352 -7.95969e-05 0.0
0.913175 -9.69501e-05 0.0
0.912957 -0.000121097 0.0
0.91268 -0.000156072 0.0
0.912317 -0.000207073 0.0
0.911828 -0.000281969 0.0
0.911153 -0.000392737 0.0
0.910203 -0.000557511 0.0
0.908842 -0.000803605 0.0
0.906866 -0.00117186 0.0
0.903972 -0.00172275 0.0
0.899704 -0.00254481 0.0
0.893393 -0.00376627 0.0
0.884055 -0.00557202 0.0
0.870252 -0.0082311 0.0
0.849872 -0.0121486 0.0
0.819748 -0.0179753 0.0
0.774924 -0.0268487 0.0
0.707154 -0.0409208 0.0
0.601776 -0.0644573 0.0
0.431676 -0.105643 0.0
0.163017 -0.163017 0.0
SCALARS pressure double 1
LOOKUP_TABLE default
0
5.86121e-06
2.05212e-05
4.00534e-05
5.78015e-05
6.70939e-05
6.28683e-05
4.2725e-05
7.14668e-06
-4.10461e-05
-9.76628e-05
-0.00015817
-0.000218539
-0.000275584
-0.000326828
-0.000371283
-0.000408973
-0.000440597
-0.000467293
-0.00049048
-0.000511772
-0.000532959
-0.000555747
-0.000581748
-0.000612871
-0.000650948
-0.000697531
-0.00075374
-0.000820234
-0.000897295
-0.000985075
-0.0010838
-0.001194
-0.00131666
-0.00145294
-0.00160434
-0.00177302
-0.00196042
-0.00216732
-0.00239589
-0.002648
-0.00292306
-0.00322076
-0.00354285
-0.00388957
-0.00425907
-0.00464992
-0.00506033
-0.005488
-0.0059304
-0.00638461
-0.0068468
-0.00731306
-0.00777908
-0.00824026
-0.00869175
-0.00912856
-0.00954556
-0.0099376
-0.0102995
-0.0106263
-0.0109129
-0.0111545
-0.0113465
-0.0114844
-0.0115641
-0.0115814
-0.0115328
-0.0114146
-0.0112236
-0.0109567
-0.0106114
-0.0101851
-0.00967582
-0.00908191
-0.00840216
-0.00763592
-0.00678318
-0.00584472
-0.00482219
-0.00371839
-0.00253699
-0.00128388
3.39286e-05
0.00141337
0.00285285
0.00433721
0.0058531
0.00738704
0.0089235
0.0104449
0.0119318
0.0133628
0.0147148
0.0159635
0.0170835
0.018049
0.0188344
0.0194147
0.019766
0.0198661
0.0196955
0.0192754
0.0186352
0.0177809
0.0167343
0.0155333
0.0142269
0.012871
0.0115251
0.0102509
0.00911746
0.00815948
0.00739767
0.00683568
0.00646263
0.00625599
0.00618515
0.00621563
0.00631324
0.00644779
0.00659549
0.00673986
0.00687112
0.00698471
0.00707938
0.00715435
0.00720509
0.00722205
-2.63352e-06
1.38764e-06
1.24958e-05
2.68975e-05
3.95945e-05
4.51941e-05
3.92668e-05
1.94809e-05
-1.39868e-05
-5.88071e-05
-0.000111329
-0.000167511
-0.00022368
-0.000277229
-0.000325641
-0.000367896
-0.000404171
-0.00043518
-0.000462011
-0.000485985
-0.000508577
-0.000531385
-0.00055612
-0.000583936
-0.000616615
-0.000655835
-0.000703019
-0.000759221
-0.000825099
-0.000900974
-0.000987092
-0.00108375
-0.00119155
-0.00131161
-0.0014449
-0.00159282
-0.00175789
-0.00194124
-0.0021432
-0.00236675
-0.00261435
-0.00288429
-0.00317563
-0.00349227
-0.00383443
-0.00419913
-0.00458541
-0.00499165
-0.00541566
-0.00585489
-0.00630636
-0.00676647
-0.00723127
-0.00769644
-0.00815738
-0.00860921
-0.0090469
-0.00946529
-0.00985919
-0.0102234
-0.0105528
-0.0108425
-0.0110874
-0.0112831
-0.0114249
-0.0115087
-0.0115304
-0.0114863
-0.0113729
-0.0111868
-0.0109252
-0.0105853
-0.0101646
-0.00966131
-0.00907359
-0.00840029
-0.00764073
-0.00679489
-0.00586345
-0.00484789
-0.00375145
-0.00257597
-0.00132717
-1.8204e-05
0.00134985
0.00277012
0.00423716
0.00573782
0.00725691
0.00877845
0.0102848
0.0117566
0.0131724
0.0145095
0.0157435
0.0168492
0.017801
0.0185732
0.0191412
0.0194817
0.019574
0.0194009
0.0189462
0.0183309
0.0174972
0.0164691
0.015288
0.0140038
0.012673
0.0113608
0.0101312
0.0090254
0.00809843
0.00737254
0.00684687
0.00650754
0.00632926
0.00627927
0.0063219
0.00642298
0.00655338
0.00669116
0.00682192
0.0069378
0.00703566
0.00711522
0.00717705
0.00721997
0.00723889
-1.61656e-05
-1.01262e-05
1.00382e-06
1.42439e-05
2.52772e-05
2.91727e-05
2.1785e-05
9.90273e-07
-3.28607e-05
-7.73133e-05
-0.000128666
-0.000182913
-0.000236495
-0.000286761
-0.000332253
-0.000371612
-0.000405281
-0.000434134
-0.000459335
-0.000482209
-0.000504156
-0.000526596
-0.000551224
-0.000579327
-0.000612408
-0.000652037
-0.000699492
-0.000755645
-0.000821012
-0.000895666
-0.000979902
-0.00107392
-0.00117796
-0.00129378
-0.00142264
-0.00156461
-0.00172521
-0.00190473
-0.00209954
-0.00231643
-0.00256102
-0.00282731
-0.00311672
-0.003431
-0.00377072
-0.00413466
-0.00452143
-0.00492927
-0.00535598
-0.00579889
-0.0062549
-0.00672037
-0.00719121
-0.007663
-0.008131
-0.00859022
-0.00903553
-0.00946166
-0.00986333
-0.0102353
-0.0105723
-0.0108694
-0.0111217
-0.0113245
-0.0114733
-0.0115639
-0.0115923
-0.0115547
-0.0114477
-0.0112682
-0.0110131
-0.0106798
-0.0102661
-0.00976977
-0.00918931
-0.00852344
-0.00777145
-0.00693319
-0.00600924
-0.00499946
-0.00391238
-0.00275697
-0.00153387
-0.000239955
0.00111517
0.00252331
0.00397588
0.00546103
0.00696468
0.00847108
0.00996275
0.0114203
0.0128228
0.0141472
0.0153695
0.0164645
0.0174065
0.0181699
0.01873
0.0190642
0.0191535
0.0189847
0.0185553
0.0178851
0.0170653
0.0160573
0.0148915
0.0136177
0.0122914
0.0109793
0.00974711
0.0086576
0.00775799
0.00707052
0.00659315
0.00630947
0.00618941
0.00619514
0.00628682
0.00642758
0.00658706
0.00674332
0.00688285
0.00699937
0.00709195
0.00716318
0.0072175
0.00725939
0.00729143
-3.65465e-05
-2.67904e-05
-1.33883e-05
8.28352e-07
1.15116e-05
1.37896e-05
3.81716e-06
-1.99983e-05
-5.66745e-05
-0.000103179
-0.000155393
-0.000209088
-0.000260672
-0.000307581
-0.000348911
-0.000383804
-0.000412929
-0.000437409
-0.000458617
-0.000478019
-0.000497081
-0.000517228
-0.000539825
-0.000566868
-0.000599562
-0.000639317
-0.000687136
-0.000743463
-0.000808693
-0.000882045
-0.000963557
-0.00105436
-0.00115311
-0.00126445
-0.00138968
-0.00152167
-0.00167881
-0.00185544
-0.00205008
-0.00226703
-0.00250982
-0.0027778
-0.00307124
-0.00339099
-0.00373743
-0.00410981
-0.00450667
-0.00492606
-0.00536556
-0.00582222
-0.00629266
-0.00677298
-0.00725886
-0.00774562
-0.00822832
-0.00870177
-0.00916068
-0.00959968
-0.0100134
-0.0103965
-0.0107439
-0.0110505
-0.0113114
-0.0115221
-0.0116782
-0.0117755
-0.0118102
-0.0117787
-0.0116777
-0.0115041
-0.0112551
-0.0109282
-0.0105213
-0.0100323
-0.00945962
-0.00880203
-0.00805863
-0.00722905
-0.00631547
-0.00533104
-0.00426929
-0.00313041
-0.00192056
-0.000643274
0.000694593
0.00208506
0.00351886
0.00498463
0.00646894
0.00795648
0.0094301
0.0108708
0.0122576
0.0135682
0.0147783
0.0158631
0.0167968
0.0175541
0.0181105
0.0184441
0.0185372
0.018379
0.0179702
0.0173273
0.01648
0.015457
0.014322
0.0130679
0.0117491
0.0104371
0.00919576
0.00808936
0.00717368
0.00651274
0.0060795
0.00585594
0.00580779
0.0058914
0.0060608
0.00627372
0.00649575
0.00670237
0.00687904
0.00701999
0.00712612
0.00720298
0.00725911
0.00730527
0.0073548
-6.16486e-05
-4.75318e-05
-3.07322e-05
-1.47428e-05
-4.5161e-06
-5.02387e-06
-1.95909e-05
-4.88554e-05
-9.07578e-05
-0.000141327
-0.000195787
-0.000249575
-0.000299056
-0.000341877
-0.000377343
-0.000405667
-0.0004278
-0.000445221
-0.000459655
-0.000472875
-0.000486587
-0.000502393
-0.000521787
-0.000546548
-0.000578253
-0.000618044
-0.000666525
-0.000723032
-0.000787629
-0.000859976
-0.000938073
-0.0010275
-0.00111777
-0.00122501
-0.00134799
-0.00148327
-0.0016392
-0.00181715
-0.00201739
-0.00224221
-0.00249417
-0.00277414
-0.00308243
-0.00341933
-0.00378473
-0.00417771
-0.00459655
-0.00503895
-0.00550205
-0.00598249
-0.00647644
-0.00697963
-0.00748739
-0.0079948
-0.00849665
-0.00898763
-0.00946234
-0.00991537
-0.0103414
-0.0107351
-0.0110915
-0.0114057
-0.0116731
-0.0118891
-0.0120497
-0.012151
-0.0121893
-0.0121613
-0.0120639
-0.0118943
-0.01165
-0.0113285
-0.0109279
-0.0104464
-0.00988236
-0.00923442
-0.00850151
-0.00768934
-0.00680358
-0.00583656
-0.00479192
-0.00367243
-0.00248246
-0.00122673
8.84659e-05
0.00145544
0.00286504
0.00430627
0.00576626
0.00723027
0.00868163
0.0101018
0.0114703
0.012765
0.0139623
0.0150375
0.0159653
0.0167206
0.0172794
0.0176205
0.017727
0.0175893
0.0172076
0.0165942
0.0157717
0.0147681
0.0136142
0.0123947
0.0110976
0.00980206
0.00856282
0.00744728
0.00651511
0.00581872
0.00541594
0.00524042
0.00525695
0.00541772
0.00567099
0.00596855
0.00627066
0.00654849
0.00678453
0.00697154
0.00711055
0.00720856
0.00727683
0.00733102
0.00739454
-9.08255e-05
-7.20203e-05
-5.14393e-05
-3.38697e-05
-2.5242e-05
-3.05869e-05
-5.23419e-05
-8.97047e-05
-0.000139107
-0.000195345
-0.000252846
-0.000306698
-0.000353299
-0.000390627
-0.000418328
-0.000437735
-0.000450214
-0.000457735
-0.000462529
-0.000466835
-0.000472768
-0.000482279
-0.000497179
-0.000519225
-0.000549729
-0.000589132
-0.000637703
-0.000694618
-0.000759295
-0.000831657
-0.000901473
-0.000992542
-0.00108625
-0.00119414
-0.00131942
-0.00146272
-0.00162804
-0.00181816
-0.00203457
-0.00227901
-0.00255327
-0.00285829
-0.00319426
-0.00356091
-0.00395746
-0.00438243
-0.00483361
-0.00530816
-0.00580271
-0.00631338
-0.00683591
-0.00736563
-0.00789762
-0.00842673
-0.00894766
-0.00945505
-0.00994356
-0.0104079
-0.0108429
-0.0112435
-0.0116049
-0.0119226
-0.0121921
-0.0124095
-0.0125708
-0.0126724
-0.0127112
-0.0126841
-0.0125882
-0.012421
-0.0121803
-0.011864
-0.0114702
-0.0109974
-0.0104439
-0.00980842
-0.00909527
-0.00830701
-0.00743902
-0.00649259
-0.00547022
-0.00437491
-0.00321059
-0.00198207
-0.000695327
0.000642276
0.00202192
0.00343313
0.00486362
0.00629927
0.00772407
0.00912008
0.0104675
0.0117449
0.0129292
0.0139963
0.0149213
0.0156798
0.0162485
0.0166066
0.0167379
0.0166328
0.01629
0.0157186
0.0149371
0.0139724
0.0128611
0.0116576
0.010377
0.00913059
0.00791142
0.00680481
0.00586972
0.00514863
0.00472823
0.00458349
0.00464703
0.0048692
0.00519398
0.0055685
0.00594833
0.00630023
0.0066029
0.00684618
0.00702938
0.00715895
0.00724676
0.00731085
0.00738093
-0.000124027
-0.000100227
-7.59862e-05
-5.78272e-05
-5.28026e-05
-6.57451e-05
-9.76947e-05
-0.000145876
-0.000204812
-0.000267849
-0.000328569
-0.000381787
-0.000424089
-0.000453932
-0.000471817
-0.000479865
-0.000480033
-0.000474934
-0.00046744
-0.000460395
-0.000456441
-0.000457967
-0.00046705
-0.00048542
-0.000514258
-0.000553262
-0.00060347
-0.000659724
-0.000723648
-0.000797576
-0.000875168
-0.000966038
-0.0010687
-0.00118739
-0.0013262
-0.00148769
-0.00167484
-0.00189028
-0.00213581
-0.0024128
-0.00272233
-0.00306479
-0.00343985
-0.00384656
-0.00428339
-0.00474812
-0.00523793
-0.00574941
-0.00627865
-0.00682137
-0.00737293
-0.00792844
-0.00848282
-0.00903088
-0.0095674
-0.0100871
-0.010585
-0.0110559
-0.011495
-0.0118977
-0.0122595
-0.0125763
-0.012844
-0.0130589
-0.0132177
-0.0133172
-0.0133543
-0.0133264
-0.013231
-0.0130659
-0.012829
-0.0125187
-0.0121333
-0.0116714
-0.0111318
-0.0105147
-0.00982465
-0.00905618
-0.00821035
-0.00728866
-0.00629331
-0.00522715
-0.00409387
-0.00289805
-0.00164537
-0.000342767
0.00100142
0.00237729
0.00377325
0.00517594
0.00657011
0.00793869
0.00926272
0.0105215
0.011693
0.0127536
0.0136796
0.0144471
0.0150336
0.0154187
0.0155866
0.0155271
0.0152377
0.0147245
0.0140032
0.0130984
0.0120444
0.010885
0.00966415
0.0084579
0.00728471
0.0062149
0.00529934
0.00458508
0.00412433
0.003987
0.00407792
0.00434042
0.00471481
0.00514573
0.00558604
0.00599939
0.00636101
0.00665741
0.00688504
0.00704825
0.00715768
0.00723118
0.00730017
-0.000161097
-0.000131995
-0.000104656
-8.76295e-05
-8.89912e-05
-0.000112881
-0.000158293
-0.000219928
-0.000290062
-0.000360472
-0.000423948
-0.000475205
-0.000511246
-0.000531292
-0.000537126
-0.00053138
-0.000516754
-0.000496652
-0.000474706
-0.000454461
-0.000439141
-0.000431642
-0.00043428
-0.000448717
-0.000476593
-0.000513776
-0.000565693
-0.00062759
-0.000696432
-0.000775398
-0.000864232
-0.000967515
-0.00108797
-0.00122893
-0.00139405
-0.00158626
-0.00180813
-0.00206181
-0.00234872
-0.00266967
-0.00302492
-0.0034141
-0.00383611
-0.00428924
-0.00477116
-0.00527897
-0.00580924
-0.00635805
-0.00692112
-0.00749387
-0.0080715
-0.00864905
-0.00922149
-0.00978377
-0.0103309
-0.0108579
-0.01136
-0.0118327
-0.0122713
-0.0126718
-0.0130302
-0.0133426
-0.0136055
-0.0138157
-0.01397
-0.0140658
-0.0141003
-0.0140712
-0.0139764
-0.0138139
-0.013582
-0.0132792
-0.0129043
-0.0124561
-0.0119335
-0.0113396
-0.0106697
-0.00992437
-0.0091045
-0.00821153
-0.00724751
-0.00621509
-0.00511768
-0.00395958
-0.00274606
-0.00148359
-0.000179931
0.00115569
0.00251247
0.00387789
0.00523767
0.00657571
0.0078741
0.00911323
0.010272
0.0113281
0.0122586
0.0130406
0.0136523
0.0140741
0.0142901
0.0142895
0.0140684
0.0136308
0.0129894
0.0121663
0.0111927
0.0101089
0.00896197
0.00780922
0.00670002
0.00570834
0.00484088
0.00414665
0.00368106
0.00351714
0.00362346
0.00390608
0.00430512
0.00476604
0.00524151
0.00569398
0.00609647
0.00643255
0.00669553
0.00688687
0.00701469
0.00709477
0.00715655
-0.000201293
-0.000166693
-0.000137303
-0.000123842
-0.000135061
-0.000173674
-0.000235878
-0.000313334
-0.00039583
-0.000473576
-0.000538726
-0.000586136
-0.000613507
-0.000621228
-0.000612974
-0.000591192
-0.000559658
-0.000522739
-0.000484897
-0.000450467
-0.000423167
-0.000406558
-0.000403071
-0.000413319
-0.00044112
-0.000485285
-0.000541114
-0.000609231
-0.000688752
-0.000781836
-0.00089043
-0.00101796
-0.00116777
-0.00134303
-0.00154683
-0.00178175
-0.00204979
-0.00235236
-0.00269017
-0.00306326
-0.00347103
-0.00391221
-0.00438492
-0.00488667
-0.00541446
-0.00596478
-0.00653375
-0.00711712
-0.00771038
-0.00830888
-0.00890781
-0.00950234
-0.0100876
-0.010659
-0.0112117
-0.0117412
-0.0122432
-0.0127135
-0.0131481
-0.0135432
-0.0138954
-0.0142012
-0.0144576
-0.0146617
-0.0148107
-0.0149023
-0.0149341
-0.0149041
-0.0148104
-0.0146515
-0.0144258
-0.0141323
-0.0137699
-0.013338
-0.012836
-0.0122623
-0.0116155
-0.0108962
-0.0101055
-0.0092447
-0.00831572
-0.00732099
-0.00626363
-0.00514757
-0.00397767
-0.00275985
-0.00150121
-0.000210242
0.00110313
0.00242735
0.00374922
0.00505377
0.00632432
0.00754251
0.00868851
0.00974131
0.0106792
0.0114804
0.0121239
0.0125908
0.0128652
0.0129359
0.0127976
0.0124524
0.0119104
0.0111907
0.0103214
0.00933985
0.00829097
0.0072266
0.00619982
0.00526653
0.00446777
0.00386512
0.00343916
0.00323572
0.00333505
0.00361671
0.00401478
0.00447837
0.00496114
0.00542649
0.0058467
0.00620331
0.00648687
0.00669576
0.006835
0.00691719
0.00696755
-0.000242966
-0.000202935
-0.000173092
-0.000166299
-0.000191367
-0.000248659
-0.000330799
-0.000425978
-0.000521403
-0.00060584
-0.000671063
-0.000712354
-0.000728215
-0.000722234
-0.00069767
-0.000657917
-0.00060796
-0.000553259
-0.000499013
-0.000450635
-0.00041172
-0.000387278
-0.000379087
-0.000394531
-0.000426031
-0.000475091
-0.000540014
-0.00062129
-0.000719547
-0.000836778
-0.000975429
-0.00113846
-0.00132888
-0.00154941
-0.00180241
-0.00208971
-0.00241252
-0.00277135
-0.00316605
-0.00359575
-0.004059
-0.00455369
-0.00507719
-0.00562639
-0.00619773
-0.00678731
-0.00739095
-0.00800426
-0.00862272
-0.00924173
-0.00985668
-0.010463
-0.0110562
-0.0116318
-0.0121858
-0.0127139
-0.0132122
-0.0136771
-0.0141051
-0.0144927
-0.014837
-0.0151349
-0.0153838
-0.015581
-0.0157244
-0.0158117
-0.015841
-0.0158105
-0.0157187
-0.0155642
-0.015346
-0.015063
-0.0147147
-0.0143008
-0.0138187
-0.0132665
-0.0126446
-0.0119537
-0.0111947
-0.0103689
-0.00947794
-0.0085241
-0.0075102
-0.00643977
-0.00531719
-0.00414781
-0.00293805
-0.00169556
-0.000429344
0.000850118
0.00213078
0.00339898
0.00463938
0.00583507
0.00696768
0.00801768
0.00896473
0.00978835
0.0104686
0.0109873
0.0113287
0.0114813
0.0114387
0.011201
0.0107761
0.01018
0.00943765
0.00858273
0.00765692
0.0067083
0.00578808
0.00494757
0.00423195
0.00368114
0.00331149
0.00315549
0.00323591
0.00349799
0.00386951
0.0043113
0.00477494
0.00522745
0.00564166
0.00599813
0.00628535
0.00649891
0.00664066
0.00671971
0.00675625
-0.000283307
-0.000238313
-0.000210195
-0.000213712
-0.000256883
-0.000336674
-0.000441427
-0.0005556
-0.000663884
-0.000753855
-0.000817248
-0.000850197
-0.000852859
-0.000831479
-0.000788766
-0.000729835
-0.000660866
-0.000588708
-0.000518483
-0.000458509
-0.000408925
-0.000386526
-0.000381409
-0.000398907
-0.000437473
-0.000497338
-0.000578369
-0.00068136
-0.000807565
-0.000958887
-0.00113757
-0.00134602
-0.00158652
-0.00186102
-0.00217097
-0.00251725
-0.00290011
-0.00331911
-0.00377316
-0.00426053
-0.00477895
-0.00532563
-0.00589732
-0.00649043
-0.00710106
-0.00772509
-0.00835824
-0.00899616
-0.00963443
-0.0102687
-0.0108946
-0.0115079
-0.0121046
-0.0126807
-0.0132323
-0.0137558
-0.0142479
-0.0147052
-0.0151246
-0.0155032
-0.0158384
-0.0161275
-0.0163682
-0.0165583
-0.0166958
-0.0167789
-0.0168059
-0.0167753
-0.0166859
-0.0165365
-0.0163264
-0.0160549
-0.0157216
-0.0153262
-0.0148631
-0.0143336
-0.0137381
-0.0130772
-0.0123518
-0.011563
-0.0107123
-0.00980176
-0.00883389
-0.00781183
-0.00673947
-0.00562155
-0.00446378
-0.00327297
-0.00205712
-0.000825586
0.000410834
0.00163985
0.00284763
0.00401883
0.00513672
0.00618338
0.00714008
0.00798778
0.00870781
0.00928272
0.00969733
0.00993984
0.010003
0.00988547
0.00959257
0.00913751
0.00854174
0.00783511
0.00705527
0.00624621
0.00545567
0.00473162
0.00411757
0.0036484
0.00334504
0.00322024
0.00327093
0.00352636
0.00387312
0.00427514
0.00469573
0.00511321
0.00550035
0.00583748
0.006112
0.0063173
0.00645222
0.00652307
0.00654426
-0.000318112
-0.000269135
-0.000245439
-0.000263229
-0.000328658
-0.000434265
-0.000563578
-0.00069727
-0.000817753
-0.000911749
-0.000971247
-0.000993267
-0.00098163
-0.000944362
-0.000882946
-0.000804936
-0.0007174
-0.000630554
-0.000544193
-0.00048215
-0.000434161
-0.00041038
-0.000410509
-0.0004362
-0.000487839
-0.000566019
-0.000671399
-0.000805028
-0.00096824
-0.00116263
-0.00138989
-0.00165163
-0.00194923
-0.00228364
-0.00265528
-0.00306401
-0.00350903
-0.00398898
-0.00450188
-0.00504523
-0.00561608
-0.00621109
-0.00682659
-0.0074587
-0.00810335
-0.00875637
-0.00941354
-0.0100707
-0.0107235
-0.0113681
-0.0120005
-0.0126167
-0.0132131
-0.0137862
-0.0143326
-0.0148491
-0.0153328
-0.0157806
-0.01619
-0.0165585
-0.0168836
-0.0171632
-0.0173953
-0.0175779
-0.0177094
-0.0177883
-0.0178131
-0.0177826
-0.0176959
-0.017552
-0.0173504
-0.0170907
-0.016773
-0.0163942
-0.0159506
-0.0154446
-0.0148764
-0.0142465
-0.0135558
-0.0128052
-0.0119963
-0.0111306
-0.0102104
-0.00923862
-0.0082185
-0.00715424
-0.00605081
-0.00491415
-0.00375128
-0.00257039
-0.00138096
-0.00019386
0.000978669
0.00212296
0.00322403
0.00426575
0.00523111
0.00610271
0.00686326
0.00749641
0.00798757
0.00832499
0.00850083
0.00851228
0.00836262
0.00806215
0.00762878
0.00708821
0.00647357
0.00582411
0.00518305
0.00459426
0.00409796
0.00372596
0.00349704
0.00341537
0.00346849
0.00367891
0.00398346
0.00433974
0.00471787
0.00508697
0.00543032
0.0057321
0.00597988
0.00616552
0.00628465
0.00634014
0.00634984
-0.0003416
-0.000290177
-0.000273979
-0.000309991
-0.000401318
-0.000535179
-0.000690032
-0.00084298
-0.000974553
-0.00107102
-0.00112495
-0.00113425
-0.00111129
-0.00105623
-0.000976191
-0.0008813
-0.000774995
-0.000680228
-0.00059314
-0.000526616
-0.000482302
-0.000464408
-0.00047506
-0.000515919
-0.000588192
-0.000692934
-0.000831142
-0.00100385
-0.00121213
-0.00145702
-0.00173943
-0.00206003
-0.00241916
-0.00281669
-0.00325196
-0.00372378
-0.00423041
-0.00476959
-0.00533858
-0.00593427
-0.00655317
-0.00719157
-0.00784555
-0.0085111
-0.00918413
-0.00986056
-0.0105363
-0.0112075
-0.0118702
-0.0125207
-0.0131554
-0.0137708
-0.0143638
-0.0149311
-0.0154698
-0.0159772
-0.0164506
-0.0168875
-0.0172857
-0.0176429
-0.0179572
-0.0182267
-0.0184496
-0.0186245
-0.0187498
-0.0188243
-0.0188469
-0.0188165
-0.0187325
-0.0185941
-0.0184009
-0.018153
-0.0178505
-0.0174865
-0.0170631
-0.0165809
-0.0160402
-0.0154418
-0.0147862
-0.0140745
-0.0133078
-0.0124877
-0.0116161
-0.0106955
-0.00972873
-0.00871943
-0.00767184
-0.00659107
-0.00548311
-0.00435503
-0.00321499
-0.00207236
-0.000937781
0.000176821
0.0012583
0.00229242
0.00326404
0.00415751
0.00495715
0.00564786
0.00621591
0.00664982
0.00694141
0.00708674
0.00708718
0.00695028
0.00669037
0.00632888
0.005894
0.00541967
0.00494371
0.00450486
0.00413887
0.0038739
0.00372591
0.00369586
0.00377078
0.00393939
0.00419911
0.00449914
0.00481703
0.00513059
0.00542296
0.00568009
0.0058907
0.00604675
0.0061443
0.0061864
0.00618539
-0.000346338
-0.000294554
-0.000289066
-0.000346827
-0.000466716
-0.000630029
-0.000810255
-0.000981408
-0.00112266
-0.00122019
-0.00126751
-0.00126525
-0.00123055
-0.00115951
-0.00106208
-0.000953278
-0.000841854
-0.000741372
-0.000656482
-0.000594028
-0.000558432
-0.000553398
-0.000581773
-0.000645695
-0.000746806
-0.000886379
-0.0010654
-0.00128463
-0.0015446
-0.00184561
-0.00218767
-0.00257042
-0.00299311
-0.00345452
-0.00395298
-0.00448632
-0.00505193
-0.00564682
-0.00626762
-0.00691074
-0.00757236
-0.00824854
-0.00893525
-0.0096285
-0.0103243
-0.0110187
-0.011708
-0.0123884
-0.0130565
-0.0137089
-0.0143423
-0.0149537
-0.0155403
-0.0160994
-0.0166283
-0.0171246
-0.0175862
-0.0180108
-0.0183966
-0.0187417
-0.0190443
-0.0193031
-0.0195165
-0.0196832
-0.0198021
-0.019872
-0.0198922
-0.0198619
-0.0197803
-0.0196472
-0.0194622
-0.0192252
-0.0189366
-0.0185878
-0.018184
-0.0177252
-0.017212
-0.0166448
-0.0160241
-0.015351
-0.0146264
-0.0138517
-0.0130287
-0.0121594
-0.0112462
-0.0102923
-0.00930117
-0.00827717
-0.00722534
-0.0061516
-0.00506283
-0.00396694
-0.00287296
-0.00179103
-0.000732425
0.000290556
0.00126475
0.00217641
0.00301156
0.00375659
0.00439883
0.00492736
0.0053339
0.00561368
0.00576643
0.0057971
0.00571657
0.00554192
0.00529619
0.0050076
0.0047079
0.00442984
0.00420379
0.00405362
0.0039926
0.0040206
0.00412493
0.00428695
0.00449244
0.00473244
0.00498512
0.00523453
0.00546748
0.00567246
0.00583979
0.00596223
0.00603619
0.00606395
0.00605411
-0.000323375
-0.000273754
-0.000282022
-0.000364181
-0.000513881
-0.000706296
-0.000910431
-0.00109796
-0.00124727
-0.00134438
-0.00138208
-0.00137834
-0.00133074
-0.00124279
-0.0011335
-0.00101968
-0.000909716
-0.000812701
-0.000735648
-0.000684748
-0.000665116
-0.000680826
-0.000735121
-0.000830449
-0.000968594
-0.00115076
-0.00137766
-0.00164953
-0.00196622
-0.00232717
-0.00273141
-0.00317755
-0.00366379
-0.00418791
-0.00474728
-0.0053389
-0.00595944
-0.0066053
-0.00727268
-0.00795765
-0.00865619
-0.00936427
-0.0100779
-0.0107932
-0.0115063
-0.0122136
-0.0129116
-0.0135969
-0.0142663
-0.0149169
-0.0155457
-0.0161502
-0.0167279
-0.0172763
-0.0177934
-0.018277
-0.0187253
-0.0191364
-0.0195088
-0.019841
-0.0201314
-0.020379
-0.0205824
-0.0207407
-0.0208528
-0.0209181
-0.0209357
-0.0209051
-0.0208258
-0.0206976
-0.0205202
-0.0202936
-0.0200172
-0.0196833
-0.0192985
-0.0188627
-0.0183762
-0.0178395
-0.017253
-0.0166176
-0.0159342
-0.0152041
-0.0144287
-0.0136099
-0.0127497
-0.0118506
-0.0109157
-0.00994852
-0.0089532
-0.00793461
-0.0068984
-0.00585107
-0.00480007
-0.0037538
-0.00272166
-0.00171396
-0.000741874
0.000182841
0.00104809
0.00184187
0.0025528
0.00317078
0.00368771
0.00409832
0.00440092
0.00459819
0.00469772
0.00471233
0.00465987
0.00456263
0.00444591
0.00433594
0.00425701
0.0042281
0.0042594
0.00434978
0.0044864
0.00464803
0.00482253
0.00501124
0.00519992
0.00538269
0.00555215
0.00570059
0.00582081
0.0059071
0.00595654
0.00597056
0.00595448
-0.000262642
-0.000217967
-0.000242512
-0.000350406
-0.000529398
-0.000748803
-0.000973984
-0.00117521
-0.00133108
-0.00142719
-0.00146266
-0.00144925
-0.00138459
-0.00129276
-0.00118651
-0.00107763
-0.000976167
-0.000890905
-0.000829503
-0.000798474
-0.000803313
-0.000848427
-0.000937251
-0.00107229
-0.00125521
-0.0014869
-0.00176757
-0.00209682
-0.00247368
-0.00289669
-0.00336393
-0.00387301
-0.00442118
-0.00500533
-0.00562201
-0.00626754
-0.00693802
-0.00762943
-0.00833766
-0.00905859
-0.00978813
-0.0105223
-0.0112572
-0.011989
-0.0127144
-0.0134297
-0.0141319
-0.0148179
-0.015485
-0.0161304
-0.0167517
-0.0173466
-0.017913
-0.0184488
-0.0189523
-0.0194217
-0.0198554
-0.0202521
-0.0206103
-0.0209289
-0.0212066
-0.0214425
-0.0216357
-0.0217853
-0.0218906
-0.0219509
-0.0219658
-0.0219347
-0.0218573
-0.0217336
-0.0215635
-0.0213473
-0.0210791
-0.0207607
-0.0203946
-0.0199811
-0.0195203
-0.0190128
-0.0184592
-0.01786
-0.0172164
-0.0165293
-0.0157999
-0.01503
-0.0142212
-0.0133756
-0.0124958
-0.0115846
-0.0106453
-0.00968189
-0.0086988
-0.00770125
-0.00669517
-0.00568731
-0.00468522
-0.00369728
-0.00273263
-0.00180101
-0.000912569
-7.75342e-05
0.000694188
0.00139354
0.00201291
0.00254679
0.00299247
0.00335065
0.00362594
0.00382711
0.00396699
0.00406194
0.00413073
0.0041928
0.004266
0.00436394
0.00449338
0.00465233
0.00482998
0.00500989
0.00517915
0.00531036
0.00543775
0.0055556
0.00566151
0.00575235
0.00582434
0.00587404
0.00589957
0.00590154
0.00588204
-0.000153659
-0.000116728
-0.000159205
-0.000292533
-0.000498357
-0.00074087
-0.000982818
-0.00119366
-0.00135461
-0.00143929
-0.00147298
-0.00145258
-0.00139384
-0.0013106
-0.0012159
-0.00112127
-0.00103716
-0.000972757
-0.000936165
-0.000934275
-0.000972819
-0.00105634
-0.00118825
-0.00137088
-0.00160553
-0.00189262
-0.00223173
-0.0026217
-0.00306073
-0.00354648
-0.00407609
-0.00464633
-0.0052536
-0.00589403
-0.00656355
-0.00725793
-0.00797287
-0.00870406
-0.00944723
-0.0101982
-0.0109529
-0.0117074
-0.0124581
-0.0132015
-0.0139341
-0.0146531
-0.0153554
-0.0160384
-0.0166997
-0.0173369
-0.0179479
-0.0185308
-0.0190839
-0.0196053
-0.0200938
-0.0205477
-0.020966
-0.0213474
-0.0216908
-0.0219954
-0.0222601
-0.0224843
-0.0226671
-0.022808
-0.0229063
-0.0229616
-0.0229735
-0.0229417
-0.0228659
-0.0227462
-0.0225824
-0.022375
-0.0221159
-0.021812
-0.0214637
-0.0210712
-0.0206348
-0.0201551
-0.0196325
-0.0190678
-0.0184618
-0.0178154
-0.0171299
-0.0164065
-0.0156469
-0.0148527
-0.0140259
-0.013169
-0.0122844
-0.0113753
-0.010445
-0.00949775
-0.0085379
-0.0075707
-0.00660197
-0.00563821
-0.00468658
-0.00375481
-0.00285105
-0.00198367
-0.00116094
-0.00039067
0.000320295
0.000966558
0.00154473
0.00205393
0.00249616
0.00287654
0.00320319
0.00348679
0.00373972
0.00397466
0.00420288
0.00443235
0.00466585
0.00489988
0.00512455
0.00532512
0.00548508
0.00559469
0.00567393
0.00573315
0.00577915
0.00581464
0.00584007
0.0058549
0.00585863
0.00585093
0.00583074
1.35013e-05
4.014e-05
-2.07986e-05
-0.000177526
-0.000405912
-0.000666291
-0.000919975
-0.00113295
-0.00128091
-0.00135916
-0.00140362
-0.00139678
-0.00135429
-0.0012899
-0.00121655
-0.00114605
-0.00108923
-0.00105572
-0.00105394
-0.001091
-0.00117271
-0.00130353
-0.00148663
-0.00172397
-0.00201636
-0.0023636
-0.00276455
-0.00321729
-0.0037192
-0.00426711
-0.00485737
-0.00548597
-0.00614865
-0.00684093
-0.00755827
-0.00829606
-0.00904975
-0.00981488
-0.0105871
-0.0113623
-0.0121366
-0.0129061
-0.0136675
-0.0144175
-0.015153
-0.0158714
-0.0165701
-0.0172467
-0.0178991
-0.0185254
-0.0191238
-0.0196928
-0.0202308
-0.0207365
-0.0212087
-0.0216464
-0.0220485
-0.0224142
-0.0227426
-0.023033
-0.0232847
-0.0234971
-0.0236696
-0.0238019
-0.0238933
-0.0239437
-0.0239527
-0.02392
-0.0238456
-0.0237292
-0.0235711
-0.0233711
-0.0231219
-0.0228315
-0.0224998
-0.0221271
-0.0217136
-0.0212598
-0.0207663
-0.0202336
-0.0196628
-0.0190545
-0.01841
-0.0177304
-0.017017
-0.0162712
-0.0154948
-0.0146896
-0.0138575
-0.013001
-0.0121225
-0.0112251
-0.010312
-0.00938697
-0.00845433
-0.00751878
-0.0065856
-0.00566055
-0.0047498
-0.00385981
-0.00299712
-0.00216809
-0.00137856
-0.000633492
6.34499e-05
0.00071023
0.00130674
0.00185493
0.00235868
0.00282347
0.00325562
0.00366131
0.00404532
0.00440973
0.00475292
0.005069
0.00534836
0.00557934
0.00575143
0.00586119
0.00589066
0.0058976
0.00588992
0.00587521
0.00585837
0.00584205
0.00582718
0.0058125
0.00579402
0.000247101
0.000261373
0.00018265
6.03705e-06
-0.000239254
-0.000511755
-0.000759842
-0.000956462
-0.00110103
-0.0012076
-0.00126592
-0.00128042
-0.00126339
-0.0012276
-0.0011857
-0.00114971
-0.00113071
-0.00113857
-0.00118188
-0.00126774
-0.0014018
-0.00158825
-0.00182986
-0.00212807
-0.00248309
-0.00289403
-0.00335903
-0.00387541
-0.00443981
-0.00504831
-0.0056966
-0.00638005
-0.00709386
-0.00783315
-0.00859302
-0.00936866
-0.0101554
-0.0109487
-0.0117443
-0.0125383
-0.0133267
-0.0141062
-0.0148735
-0.0156257
-0.01636
-0.0170741
-0.0177658
-0.018433
-0.0190739
-0.0196871
-0.020271
-0.0208243
-0.021346
-0.0218349
-0.0222903
-0.0227111
-0.0230969
-0.0234467
-0.0237601
-0.0240365
-0.0242754
-0.0244764
-0.024639
-0.0247629
-0.0248478
-0.0248934
-0.0248996
-0.0248661
-0.0247928
-0.0246797
-0.0245267
-0.0243333
-0.0240938
-0.0238161
-0.0235
-0.0231457
-0.0227534
-0.0223236
-0.0218568
-0.0213538
-0.0208153
-0.0202422
-0.0196355
-0.0189963
-0.0183257
-0.017625
-0.0168955
-0.0161387
-0.0153562
-0.0145497
-0.013721
-0.0128721
-0.0120054
-0.0111233
-0.0102286
-0.00932461
-0.00841475
-0.00750294
-0.00659345
-0.00569083
-0.00479982
-0.00392521
-0.00307159
-0.00224319
-0.00144355
-0.000675394
5.96143e-05
0.000760842
0.00142857
0.00206365
0.00266693
0.0032385
0.00377689
0.00427831
0.00473625
0.0051417
0.0054842
0.0057537
0.00594291
0.00604904
0.00606263
0.00603224
0.00598068
0.00592369
0.00587117
0.00582896
0.00579932
0.00578023
0.00576533
0.000552606
0.000553085
0.000458318
0.000265892
1.03579e-05
-0.000250562
-0.000490164
-0.00069299
-0.000851361
-0.000979829
-0.00106127
-0.00110513
-0.00112219
-0.00112437
-0.00112394
-0.00113285
-0.00116218
-0.00122179
-0.00132013
-0.00146409
-0.00165896
-0.00190848
-0.00221487
-0.00257897
-0.00300033
-0.00347734
-0.00400745
-0.0045873
-0.00521284
-0.00587957
-0.00658261
-0.00731688
-0.00807722
-0.00885845
-0.0096555
-0.0104635
-0.0112776
-0.0120936
-0.0129072
-0.0137147
-0.0145124
-0.0152971
-0.016066
-0.0168164
-0.0175459
-0.0182524
-0.0189342
-0.0195894
-0.0202168
-0.020815
-0.0213829
-0.0219195
-0.022424
-0.0228956
-0.0233338
-0.0237378
-0.0241072
-0.0244415
-0.0247403
-0.0250032
-0.0252298
-0.0254199
-0.0255731
-0.0256892
-0.025768
-0.0258092
-0.0258128
-0.0257786
-0.0257065
-0.0255966
-0.0254488
-0.0252601
-0.0250307
-0.0247652
-0.0244637
-0.0241264
-0.0237535
-0.0233456
-0.0229033
-0.0224273
-0.0219183
-0.0213771
-0.0208048
-0.0202024
-0.0195708
-0.0189113
-0.0182249
-0.0175128
-0.0167762
-0.0160164
-0.0152346
-0.0144322
-0.0136105
-0.012771
-0.0119153
-0.0110452
-0.0101626
-0.0092698
-0.00836922
-0.00746358
-0.00655584
-0.00564909
-0.00474654
-0.00385136
-0.00296664
-0.00209524
-0.00123984
-0.000402962
0.00041278
0.00120436
0.00196785
0.00269788
0.00338713
0.00402602
0.0046029
0.00510485
0.00551925
0.00583614
0.00605077
0.00616582
0.00619237
0.00612706
0.0060414
0.00595191
0.0058721
0.00581038
0.00576997
0.00574851
0.00573837
0.000931661
0.000917788
0.00080965
0.00060694
0.000359666
0.000103599
-0.000137158
-0.000347065
-0.000533721
-0.000684209
-0.000795827
-0.000876398
-0.000935631
-0.000984663
-0.00103525
-0.00109895
-0.00118654
-0.00130754
-0.00147001
-0.00168037
-0.00194339
-0.00226222
-0.00263844
-0.0030722
-0.00356237
-0.00410668
-0.00470193
-0.00534412
-0.00602869
-0.00675063
-0.00750467
-0.00828543
-0.00908748
-0.00990554
-0.0107345
-0.0115694
-0.0124056
-0.013239
-0.0140656
-0.0148817
-0.0156841
-0.0164699
-0.0172364
-0.0179815
-0.018703
-0.0193993
-0.0200688
-0.0207101
-0.0213222
-0.0219042
-0.0224551
-0.0229744
-0.0234614
-0.0239157
-0.0243367
-0.0247242
-0.0250778
-0.0253971
-0.025682
-0.0259322
-0.0261473
-0.0263273
-0.0264718
-0.0265808
-0.0266541
-0.0266914
-0.0266928
-0.0266581
-0.0265874
-0.0264806
-0.0263379
-0.0261534
-0.0259339
-0.02568
-0.025392
-0.0250703
-0.0247152
-0.0243272
-0.0239071
-0.0234553
-0.0229729
-0.0224605
-0.0219191
-0.0213497
-0.0207533
-0.0201308
-0.0194833
-0.0188117
-0.018117
-0.0174001
-0.0166617
-0.0159028
-0.0151238
-0.0143256
-0.0135087
-0.0126738
-0.0118213
-0.0109522
-0.0100672
-0.00916726
-0.00825368
-0.00732785
-0.00639142
-0.00544634
-0.00449481
-0.00353942
-0.00258322
-0.00162996
-0.000684331
0.000247598
0.00115796
0.00203667
0.00287113
0.00364628
0.00434522
0.00495047
0.00544621
0.00582116
0.00607171
0.00620447
0.00623594
0.00616591
0.00606303
0.0059532
0.00585615
0.00578224
0.00573478
0.00571167
0.00570706
0.00138118
0.00135383
0.00123394
0.00103107
0.00078748
0.000531691
0.000283575
5.52217e-05
-0.000154835
-0.000332047
-0.000479526
-0.000603375
-0.000712196
-0.000816254
-0.000926547
-0.00105397
-0.00120864
-0.00139948
-0.00163388
-0.00191761
-0.00225475
-0.00264773
-0.00309744
-0.00360332
-0.00416358
-0.00477532
-0.00543475
-0.00613737
-0.00687818
-0.00765183
-0.00845278
-0.00927546
-0.0101144
-0.0109642
-0.0118198
-0.0126765
-0.0135298
-0.0143758
-0.0152106
-0.016031
-0.016834
-0.0176171
-0.018378
-0.0191148
-0.0198258
-0.0205095
-0.0211649
-0.0217908
-0.0223866
-0.0229516
-0.0234852
-0.023987
-0.0244566
-0.0248938
-0.0252984
-0.02567
-0.0260086
-0.026314
-0.0265859
-0.0268243
-0.027029
-0.0271998
-0.0273366
-0.0274393
-0.0275077
-0.0275418
-0.0275415
-0.0275066
-0.0274373
-0.0273334
-0.027195
-0.027017
-0.0268062
-0.026563
-0.0262874
-0.02598
-0.025641
-0.0252711
-0.0248708
-0.0244409
-0.0239821
-0.0234953
-0.0229815
-0.0224414
-0.0218762
-0.0212866
-0.0206737
-0.0200382
-0.019381
-0.0187027
-0.0180038
-0.0172847
-0.0165455
-0.0157864
-0.0150071
-0.0142073
-0.0133867
-0.0125445
-0.0116803
-0.0107936
-0.00988394
-0.00895105
-0.00799505
-0.00701643
-0.00601627
-0.00499642
-0.00395974
-0.00291047
-0.00185457
-0.000800244
0.00024163
0.00125712
0.0022291
0.00313749
0.00396023
0.00467494
0.00526165
0.00570614
0.00600378
0.00616244
0.00620335
0.00615806
0.0060425
0.00592263
0.00581931
0.00573969
0.00568792
0.00566566
0.00566725
0.00189253
0.00185202
0.00172171
0.0015213
0.00127945
0.00102058
0.000762536
0.000509581
0.000274732
6.42879e-05
-0.000124818
-0.000298044
-0.000463135
-0.000629417
-0.00080694
-0.00100566
-0.0012348
-0.00150238
-0.00181494
-0.00217742
-0.00259307
-0.00306356
-0.003589
-0.00416817
-0.00479861
-0.00547686
-0.00619865
-0.00695908
-0.00775282
-0.00857429
-0.00941783
-0.0102778
-0.0111487
-0.0120253
-0.0129027
-0.0137764
-0.0146421
-0.0154961
-0.0163349
-0.0171557
-0.0179559
-0.0187331
-0.0194856
-0.0202116
-0.02091
-0.0215796
-0.0222196
-0.0228293
-0.0234082
-0.023956
-0.0244723
-0.0249569
-0.0254097
-0.0258306
-0.0262196
-0.0265764
-0.0269011
-0.0271936
-0.0274538
-0.0276816
-0.0278769
-0.0280396
-0.0281697
-0.028267
-0.0283314
-0.0283629
-0.0283614
-0.0283268
-0.0282591
-0.0281582
-0.0280241
-0.0278528
-0.0276504
-0.0274171
-0.027153
-0.0268585
-0.0265342
-0.0261805
-0.025798
-0.0253875
-0.0249498
-0.0244857
-0.0239961
-0.023482
-0.0229441
-0.0223834
-0.0218009
-0.0211972
-0.020573
-0.0199288
-0.019265
-0.0185817
-0.0178787
-0.0171557
-0.0164119
-0.0156462
-0.0148576
-0.0140444
-0.0132049
-0.0123372
-0.0114395
-0.0105101
-0.00954746
-0.00855055
-0.00751909
-0.00645383
-0.00535692
-0.00423239
-0.00308667
-0.00192915
-0.000772726
0.000365796
0.00146562
0.00250234
0.00344904
0.00427834
0.00496546
0.00549213
0.00585112
0.00605034
0.00611501
0.00608431
0.00597326
0.00585584
0.00575632
0.00567722
0.00562669
0.00560693
0.00561371
0.00245333
0.00239425
0.0022604
0.00206055
0.00181667
0.00154883
0.00127246
0.000998621
0.000736871
0.000489058
0.000253477
2.5553e-05
-0.000201523
-0.000436029
-0.000686889
-0.000962916
-0.00127221
-0.0016217
-0.00201692
-0.00246182
-0.00295876
-0.00350855
-0.00411058
-0.00476291
-0.00546252
-0.00620544
-0.006987
-0.007802
-0.00864491
-0.00951004
-0.0103917
-0.0112843
-0.0121825
-0.0130812
-0.0139757
-0.0148618
-0.0157355
-0.0165935
-0.0174328
-0.0182506
-0.0190448
-0.0198135
-0.0205553
-0.0212688
-0.0219531
-0.0226075
-0.0232315
-0.0238245
-0.0243866
-0.0249174
-0.0254169
-0.0258851
-0.026322
-0.0267277
-0.0271021
-0.0274454
-0.0277575
-0.0280384
-0.0282882
-0.0285066
-0.0286938
-0.0288496
-0.0289739
-0.0290668
-0.029128
-0.0291576
-0.0291555
-0.0291216
-0.0290559
-0.0289583
-0.0288285
-0.0286638
-0.0284693
-0.0282452
-0.0279917
-0.0277092
-0.0273981
-0.027059
-0.0266925
-0.0262994
-0.0258804
-0.0254363
-0.024968
-0.0244764
-0.0239624
-0.0234269
-0.0228707
-0.0222946
-0.0216991
-0.0210846
-0.0204515
-0.0197997
-0.0191289
-0.0184384
-0.0177271
-0.0169936
-0.0162361
-0.0154523
-0.0146396
-0.0137952
-0.0129159
-0.0119986
-0.0110404
-0.0100388
-0.00899187
-0.0078991
-0.00676142
-0.00558207
-0.00436713
-0.00312629
-0.00187345
-0.00062721
0.00058895
0.0017471
0.00281607
0.0037636
0.00455976
0.00518129
0.00561664
0.00587073
0.00596757
0.00594841
0.00586423
0.0057568
0.00566342
0.00559142
0.00554601
0.00552989
0.00554074
0.00304259
0.00296843
0.00283085
0.00262957
0.00238064
0.00210031
0.0018066
0.00150923
0.0012152
0.00092571
0.000639379
0.00035232
5.86791e-05
-0.000248677
-0.000577412
-0.000935042
-0.00132838
-0.00176316
-0.00224373
-0.002773
-0.00335237
-0.0039818
-0.00465989
-0.00538409
-0.00615083
-0.00695573
-0.0077938
-0.00865964
-0.00954762
-0.010452
-0.0113673
-0.0122879
-0.0132087
-0.014125
-0.0150323
-0.0159268
-0.0168047
-0.0176632
-0.0184996
-0.0193116
-0.0200974
-0.0208556
-0.021585
-0.0222847
-0.0229541
-0.0235927
-0.0242004
-0.024777
-0.0253225
-0.025837
-0.0263206
-0.0267734
-0.0271956
-0.0275873
-0.0279487
-0.0282798
-0.0285807
-0.0288514
-0.029092
-0.0293025
-0.0294827
-0.0296327
-0.0297523
-0.0298416
-0.0299004
-0.0299288
-0.0299266
-0.0298938
-0.0298305
-0.0297365
-0.0296104
-0.0294525
-0.0292657
-0.0290503
-0.0288066
-0.0285351
-0.028236
-0.0279101
-0.027558
-0.0271803
-0.0267778
-0.0263513
-0.0259017
-0.0254299
-0.0249366
-0.0244229
-0.0238894
-0.0233369
-0.022766
-0.0221771
-0.0215704
-0.0209458
-0.0203029
-0.0196411
-0.0189589
-0.0182548
-0.0175265
-0.0167714
-0.0159863
-0.0151674
-0.0143108
-0.0134123
-0.0124676
-0.0114727
-0.0104243
-0.00932017
-0.00815982
-0.00694512
-0.00568114
-0.00437697
-0.00304651
-0.00170909
-0.000389798
0.000880911
0.00206833
0.00313578
0.00404813
0.0047765
0.00530387
0.00563077
0.00577965
0.00579622
0.00574276
0.00562985
0.00554172
0.0054804
0.00544207
0.00542993
0.00544342
0.00364148
0.00355412
0.00341203
0.00320647
0.00294833
0.00265392
0.00234343
0.00202092
0.00169152
0.00135703
0.00101656
0.000666986
0.000303476
-7.98803e-05
-0.000489395
-0.000931185
-0.00141069
-0.00193231
-0.00249919
-0.00311313
-0.00377454
-0.00448251
-0.00523492
-0.00602861
-0.00685954
-0.00772299
-0.00861374
-0.0095263
-0.010455
-0.0113942
-0.0123385
-0.0132827
-0.0142218
-0.0151515
-0.0160676
-0.0169666
-0.0178454
-0.0187013
-0.0195321
-0.020336
-0.0211116
-0.0218577
-0.0225736
-0.0232587
-0.0239128
-0.0245356
-0.0251273
-0.025688
-0.0262178
-0.0267169
-0.0271857
-0.0276244
-0.0280333
-0.0284124
-0.0287621
-0.0290825
-0.0293736
-0.0296355
-0.0298683
-0.0300719
-0.0302464
-0.0303916
-0.0305075
-0.0305941
-0.0306512
-0.0306789
-0.0306772
-0.0306459
-0.0305852
-0.0304952
-0.0303726
-0.0302213
-0.0300419
-0.0298347
-0.0296001
-0.0293386
-0.0290507
-0.0287368
-0.0283975
-0.0280337
-0.0276459
-0.027235
-0.0268018
-0.0263471
-0.0258719
-0.0253769
-0.0248629
-0.0243306
-0.0237806
-0.0232133
-0.022629
-0.0220276
-0.0214087
-0.0207714
-0.0201147
-0.0194366
-0.018735
-0.0180068
-0.0172485
-0.0164561
-0.0156248
-0.0147495
-0.013825
-0.012846
-0.0118077
-0.0107062
-0.00953934
-0.00830726
-0.00701338
-0.00566543
-0.00427635
-0.00286516
-0.0014574
-8.49794e-05
0.0012148
0.00240148
0.00343496
0.00428045
0.00491449
0.0053312
0.00554726
0.00560252
0.00555205
0.00546328
0.00539762
0.00534509
0.00531299
0.00530412
0.00531857
0.00422989
0.00413054
0.00398313
0.00377063
0.00349682
0.00319652
0.00286681
0.00251581
0.00214828
0.0017662
0.00136918
0.000954883
0.000519545
5.85396e-05
-0.000433038
-0.000959851
-0.0015259
-0.00213424
-0.00278677
-0.00348413
-0.00422577
-0.00500992
-0.00583378
-0.00669363
-0.00758504
-0.00850301
-0.00944218
-0.010397
-0.0113619
-0.0123315
-0.0133004
-0.0142637
-0.015217
-0.0161561
-0.0170774
-0.0179778
-0.0188544
-0.0197052
-0.0205283
-0.0213223
-0.0220862
-0.0228192
-0.023521
-0.0241913
-0.0248301
-0.0254376
-0.0260139
-0.0265595
-0.0270746
-0.0275596
-0.0280149
-0.0284409
-0.0288378
-0.0292059
-0.0295453
-0.0298564
-0.0301391
-0.0303935
-0.0306197
-0.0308177
-0.0309874
-0.0311288
-0.0312418
-0.0313264
-0.0313825
-0.0314101
-0.0314091
-0.0313796
-0.0313217
-0.0312353
-0.0311175
-0.0309722
-0.0307996
-0.0306002
-0.0303741
-0.030122
-0.0298442
-0.0295412
-0.0292137
-0.0288623
-0.0284877
-0.0280906
-0.0276719
-0.0272323
-0.0267727
-0.0262939
-0.0257966
-0.0252815
-0.0247493
-0.0242003
-0.0236348
-0.0230528
-0.0224539
-0.0218375
-0.0212024
-0.0205469
-0.0198687
-0.019165
-0.0184319
-0.0176653
-0.0168601
-0.0160106
-0.0151108
-0.0141544
-0.0131352
-0.0120479
-0.0108885
-0.009655
-0.00834884
-0.0069757
-0.00554675
-0.00407963
-0.00259923
-0.00113778
0.00026591
0.00156842
0.0027252
0.00369552
0.00444881
0.00497156
0.0052735
0.00539129
0.00538826
0.00534634
0.00524573
0.00518608
0.00515844
0.00515135
0.00516503
0.00478795
0.00467761
0.00452384
0.00430373
0.00402538
0.00371034
0.00335848
0.00297656
0.00256888
0.00213751
0.00168257
0.00120255
0.000694781
0.000155947
-0.000417429
-0.00102854
-0.00167995
-0.00237334
-0.00310935
-0.00388752
-0.00470633
-0.0055632
-0.00645469
-0.0073766
-0.00832413
-0.0092921
-0.0102751
-0.0112675
-0.012264
-0.0132594
-0.0142486
-0.015227
-0.0161906
-0.0171356
-0.0180589
-0.0189577
-0.0198298
-0.0206733
-0.021487
-0.0222699
-0.0230212
-0.0237407
-0.0244282
-0.0250838
-0.0257078
-0.0263005
-0.0268624
-0.0273939
-0.0278955
-0.0283678
-0.028811
-0.0292256
-0.029612
-0.0299704
-0.0303011
-0.0306041
-0.0308797
-0.0311278
-0.0313486
-0.0315419
-0.0317078
-0.0318461
-0.031957
-0.0320402
-0.0320958
-0.0321237
-0.032124
-0.0320965
-0.0320414
-0.0319587
-0.0318458
-0.0317063
-0.0315402
-0.031348
-0.03113
-0.0308865
-0.0306181
-0.0303252
-0.0300084
-0.0296683
-0.0293055
-0.0289209
-0.028515
-0.0280888
-0.0276429
-0.0271782
-0.0266953
-0.0261949
-0.0256777
-0.025144
-0.0245942
-0.0240283
-0.0234462
-0.0228471
-0.0222301
-0.0215937
-0.0209356
-0.0202533
-0.0195431
-0.0188006
-0.0180209
-0.017198
-0.0163253
-0.0153958
-0.0144024
-0.0133383
-0.0121976
-0.0109763
-0.00967353
-0.00829237
-0.00684149
-0.00533629
-0.0037999
-0.00226371
-0.000766893
0.000645208
0.00192429
0.00302398
0.00390631
0.00454912
0.00495319
0.00514661
0.00518265
0.00512443
0.00505123
0.00500569
0.00497988
0.00497214
0.00498342
0.00529755
0.00517652
0.0050128
0.00477412
0.00450502
0.00417648
0.00380144
0.00338723
0.00293825
0.00245687
0.00194373
0.00139819
0.000818691
0.000203229
-0.000450258
-0.00114351
-0.00187767
-0.00265306
-0.00346912
-0.00432431
-0.00521617
-0.00614138
-0.0070959
-0.00807509
-0.00907389
-0.010087
-0.0111089
-0.0121342
-0.0131577
-0.0141745
-0.0151798
-0.0161694
-0.0171398
-0.0180875
-0.01901
-0.0199048
-0.0207703
-0.021605
-0.0224081
-0.0231789
-0.0239172
-0.024623
-0.0252964
-0.0259378
-0.0265477
-0.0271266
-0.0276751
-0.0281939
-0.0286833
-0.0291441
-0.0295767
-0.0299814
-0.0303586
-0.0307087
-0.0310318
-0.0313281
-0.0315976
-0.0318405
-0.0320567
-0.0322463
-0.0324091
-0.0325452
-0.0326545
-0.0327369
-0.0327924
-0.032821
-0.0328227
-0.0327974
-0.0327452
-0.0326663
-0.0325583
-0.0324242
-0.0322643
-0.032079
-0.0318684
-0.0316331
-0.0313734
-0.0310898
-0.0307829
-0.0304531
-0.0301012
-0.0297278
-0.0293335
-0.0289191
-0.0284854
-0.028033
-0.0275626
-0.0270749
-0.0265705
-0.0260498
-0.0255131
-0.0249606
-0.0243922
-0.0238074
-0.0232053
-0.0225846
-0.0219435
-0.0212795
-0.0205892
-0.0198686
-0.0191127
-0.0183156
-0.0174707
-0.0165704
-0.015607
-0.0145723
-0.0134589
-0.012261
-0.010975
-0.00960115
-0.0081451
-0.00661918
-0.00504384
-0.00344847
-0.00187142
-0.000358815
0.00103822
0.00226822
0.0032858
0.00405942
0.0045793
0.00486332
0.00495822
0.004934
0.00486962
0.00481391
0.00477945
0.00476768
0.0047751
0.00574379
0.00561278
0.00543884
0.00521758
0.00492967
0.00458199
0.00418152
0.00373396
0.00324334
0.00271217
0.00214163
0.00153194
0.000882638
0.000193004
-0.000537638
-0.00130961
-0.00212269
-0.0029759
-0.0038675
-0.00479492
-0.00575485
-0.00674326
-0.00775559
-0.00878682
-0.00983167
-0.0108847
-0.0119406
-0.012994
-0.01404
-0.0150738
-0.0160913
-0.0170887
-0.0180625
-0.0190102
-0.0199294
-0.0208183
-0.0216755
-0.0225002
-0.0232919
-0.0240503
-0.0247755
-0.0254677
-0.0261275
-0.0267555
-0.0273522
-0.0279183
-0.0284547
-0.0289619
-0.0294405
-0.0298912
-0.0303144
-0.0307105
-0.0310799
-0.0314228
-0.0317395
-0.0320301
-0.0322946
-0.0325331
-0.0327456
-0.0329321
-0.0330926
-0.033227
-0.0333352
-0.0334172
-0.0334729
-0.0335024
-0.0335057
-0.0334828
-0.0334336
-0.0333584
-0.033255
-0.0331262
-0.0329722
-0.0327934
-0.0325899
-0.0323622
-0.0321107
-0.0318358
-0.031538
-0.0312178
-0.0308758
-0.0305126
-0.0301289
-0.0297252
-0.0293024
-0.0288609
-0.0284016
-0.0279249
-0.0274315
-0.0269219
-0.0263963
-0.025855
-0.0252979
-0.0247247
-0.0241348
-0.023527
-0.0228998
-0.022251
-0.0215777
-0.0208761
-0.0201417
-0.0193688
-0.0185508
-0.0176801
-0.0167485
-0.0157472
-0.0146673
-0.0135012
-0.0122428
-0.0108894
-0.0094433
-0.00791312
-0.00631579
-0.00467764
-0.00303502
-0.00143363
7.37172e-05
0.00143126
0.00258661
0.00349868
0.00414656
0.00453731
0.00471048
0.00473577
0.00469658
0.00460601
0.00455758
0.00453837
0.00454078
0.00611299
0.00597137
0.00580036
0.0055771
0.00527796
0.00491185
0.00448574
0.00400494
0.00347332
0.00289358
0.00226748
0.00159606
0.000879973
0.000119722
-0.000684029
-0.00153025
-0.0024174
-0.00334328
-0.00430504
-0.00529916
-0.0063215
-0.00736742
-0.00843188
-0.00950956
-0.010595
-0.0116828
-0.0127676
-0.0138444
-0.0149084
-0.0159553
-0.0169813
-0.017983
-0.0189576
-0.0199027
-0.0208166
-0.0216979
-0.0225457
-0.0233596
-0.0241394
-0.0248852
-0.0255975
-0.0262767
-0.0269236
-0.027539
-0.0281235
-0.0286781
-0.0292035
-0.0297004
-0.0301695
-0.0306113
-0.0310264
-0.0314151
-0.0317777
-0.0321146
-0.0324258
-0.0327116
-0.0329719
-0.0332068
-0.0334163
-0.0336003
-0.0337589
-0.033892
-0.0339995
-0.0340814
-0.0341376
-0.0341683
-0.0341733
-0.0341527
-0.0341066
-0.034035
-0.033936
-0.0338123
-0.0336639
-0.0334912
-0.0332945
-0.033074
-0.0328302
-0.0325634
-0.0322741
-0.0319628
-0.03163
-0.0312763
-0.0309022
-0.0305084
-0.0300954
-0.0296638
-0.0292144
-0.0287475
-0.0282638
-0.0277637
-0.0272476
-0.0267157
-0.026168
-0.0256044
-0.0250244
-0.024427
-0.0238111
-0.0231748
-0.0225156
-0.0218303
-0.0211145
-0.0203633
-0.0195704
-0.0187283
-0.0178287
-0.0168624
-0.0158197
-0.0146911
-0.0134686
-0.0121465
-0.0107235
-0.00920416
-0.0076012
-0.00593703
-0.00424482
-0.00256861
-0.000961689
0.000517004
0.00180874
0.00286307
0.0036473
0.00415572
0.00441566
0.00448558
0.00443947
0.00435911
0.00430906
0.00428237
0.00427936
0.00639622
0.00624915
0.00608727
0.00585205
0.00553966
0.00515505
0.00470385
0.00419082
0.00361976
0.00299363
0.00231474
0.00158499
0.000806064
-2.0323e-05
-0.000892241
-0.00180738
-0.00276296
-0.00375563
-0.00478151
-0.00583619
-0.00691481
-0.00801217
-0.00912281
-0.0102412
-0.0113617
-0.0124789
-0.0135877
-0.0146832
-0.0157611
-0.0168172
-0.0178483
-0.0188514
-0.0198241
-0.0207646
-0.0216715
-0.022544
-0.0233816
-0.0241841
-0.0249519
-0.0256854
-0.0263851
-0.027052
-0.0276868
-0.0282905
-0.028864
-0.0294082
-0.0299238
-0.0304116
-0.0308723
-0.0313065
-0.0317145
-0.0320968
-0.0324537
-0.0327854
-0.033092
-0.0333736
-0.0336304
-0.0338623
-0.0340692
-0.0342513
-0.0344084
-0.0345405
-0.0346476
-0.0347296
-0.0347866
-0.0348185
-0.0348253
-0.0348071
-0.034764
-0.0346957
-0.034601
-0.0344822
-0.0343392
-0.0341724
-0.033982
-0.0337683
-0.0335318
-0.0332726
-0.0329914
-0.0326884
-0.0323642
-0.0320193
-0.0316542
-0.0312694
-0.0308655
-0.030443
-0.0300025
-0.0295445
-0.0290694
-0.0285778
-0.02807
-0.0275462
-0.0270065
-0.0264509
-0.0258789
-0.0252901
-0.0246833
-0.0240571
-0.0234095
-0.0227375
-0.0220377
-0.0213055
-0.020535
-0.0197194
-0.0188506
-0.0179192
-0.016915
-0.0158275
-0.0146466
-0.0133641
-0.0119751
-0.0104799
-0.00888666
-0.00721301
-0.00548799
-0.00375271
-0.0020596
-0.00046955
0.000953373
0.00214984
0.00307513
0.00370969
0.00406753
0.0041989
0.00418305
0.00410598
0.00403927
0.00399858
0.00398907
0.00658558
0.00644459
0.00627403
0.00602988
0.00570525
0.00530317
0.00482828
0.00428492
0.00367683
0.00300729
0.0022792
0.00149528
0.000658247
-0.000229057
-0.0011635
-0.00214157
-0.00315934
-0.00421238
-0.00529588
-0.00640463
-0.00753309
-0.00867558
-0.00982628
-0.0109795
-0.0121295
-0.013271
-0.0143989
-0.0155088
-0.0165964
-0.0176583
-0.0186914
-0.0196932
-0.0206618
-0.0215959
-0.0224946
-0.0233573
-0.0241841
-0.0249752
-0.025731
-0.0264525
-0.0271403
-0.0277956
-0.0284192
-0.0290123
-0.0295758
-0.0301107
-0.0306176
-0.0310975
-0.0315509
-0.0319783
-0.0323802
-0.032757
-0.0331089
-0.0334362
-0.0337388
-0.034017
-0.0342707
-0.0345
-0.0347049
-0.0348853
-0.0350413
-0.0351727
-0.0352795
-0.0353618
-0.0354196
-0.0354528
-0.0354615
-0.0354457
-0.0354057
-0.03534
-0.0352497
-0.0351355
-0.0349977
-0.0348365
-0.0346521
-0.034445
-0.0342153
-0.0339634
-0.0336897
-0.0333946
-0.0330785
-0.0327419
-0.0323851
-0.0320088
-0.0316134
-0.0311993
-0.030767
-0.0303171
-0.02985
-0.0293661
-0.0288656
-0.028349
-0.0278163
-0.0272674
-0.0267023
-0.0261205
-0.0255211
-0.0249031
-0.0242648
-0.0236039
-0.0229174
-0.0222013
-0.0214505
-0.0206587
-0.0198183
-0.0189203
-0.0179543
-0.0169091
-0.0157732
-0.0145361
-0.0131895
-0.0117298
-0.0101601
-0.00849283
-0.00675195
-0.00497452
-0.00321076
-0.00152211
2.33087e-05
0.00135817
0.00242616
0.0031937
0.00366122
0.00387017
0.00390056
0.00385024
0.00374155
0.00368215
0.00366537
0.00666801
0.00652691
0.0063533
0.00610325
0.00576841
0.00535078
0.00485437
0.00428324
0.00364121
0.00293191
0.00215884
0.00132555
0.000435711
-0.000506742
-0.00149756
-0.00253213
-0.00360544
-0.00471211
-0.00584645
-0.00700253
-0.00817425
-0.00935549
-0.0105401
-0.0117223
-0.0128964
-0.0140571
-0.0151996
-0.0163196
-0.0174134
-0.0184777
-0.01951
-0.0205083
-0.021471
-0.0223973
-0.0232866
-0.024139
-0.0249546
-0.0257342
-0.0264784
-0.0271883
-0.027865
-0.0285094
-0.0291229
-0.0297063
-0.0302609
-0.0307874
-0.0312867
-0.0317595
-0.0322065
-0.0326281
-0.0330248
-0.0333968
-0.0337444
-0.0340677
-0.0343669
-0.0346421
-0.0348932
-0.0351204
-0.0353234
-0.0355025
-0.0356574
-0.0357883
-0.0358951
-0.0359778
-0.0360363
-0.0360709
-0.0360814
-0.036068
-0.0360308
-0.0359681
-0.0358818
-0.035772
-0.0356391
-0.0354832
-0.0353046
-0.0351036
-0.0348804
-0.0346354
-0.0343689
-0.0340813
-0.0337728
-0.033444
-0.0330952
-0.0327268
-0.0323393
-0.0319331
-0.0315087
-0.0310664
-0.0306066
-0.0301298
-0.0296362
-0.029126
-0.0285995
-0.0280567
-0.0274975
-0.0269216
-0.0263285
-0.0257172
-0.0250865
-0.0244346
-0.023759
-0.0230564
-0.0223224
-0.0215515
-0.0207367
-0.0198695
-0.01894
-0.0179365
-0.0168468
-0.0156585
-0.0143606
-0.0129454
-0.0114112
-0.00976488
-0.00802468
-0.00622258
-0.00440523
-0.00263313
-0.000977005
0.000489086
0.00169789
0.00260173
0.00318574
0.0034776
0.00354688
0.00348525
0.00338632
0.00332294
0.0033005
0.00663775
0.00649807
0.00632362
0.00606968
0.00572666
0.00529569
0.00478031
0.00418443
0.00351202
0.00276707
0.0019537
0.00107626
0.000139336
-0.000852135
-0.00189286
-0.00297721
-0.0040992
-0.00525257
-0.00643086
-0.00762751
-0.0088359
-0.0100495
-0.0112621
-0.0124677
-0.0136606
-0.0148357
-0.0159883
-0.0171146
-0.0182111
-0.0192749
-0.020304
-0.0212966
-0.0222519
-0.0231692
-0.0240485
-0.0248901
-0.0256945
-0.0264628
-0.0271958
-0.0278947
-0.0285609
-0.0291954
-0.0297995
-0.0303743
-0.0309208
-0.0314399
-0.0319325
-0.0323992
-0.0328405
-0.033257
-0.033649
-0.0340168
-0.0343606
-0.0346806
-0.0349768
-0.0352493
-0.0354981
-0.0357233
-0.0359248
-0.0361026
-0.0362568
-0.0363873
-0.036494
-0.0365771
-0.0366366
-0.0366724
-0.0366847
-0.0366735
-0.036639
-0.0365794
-0.0364968
-0.0363913
-0.036263
-0.0361122
-0.0359391
-0.0357439
-0.035527
-0.0352885
-0.0350288
-0.0347482
-0.034447
-0.0341255
-0.0337843
-0.0334235
-0.0330435
-0.0326449
-0.0322278
-0.0317927
-0.0313399
-0.0308698
-0.0303826
-0.0298786
-0.0293579
-0.0288206
-0.0282668
-0.0276961
-0.0271083
-0.0265027
-0.0258784
-0.0252339
-0.0245672
-0.0238758
-0.0231559
-0.0224029
-0.0216106
-0.0207713
-0.0198754
-0.0189118
-0.0178678
-0.0167296
-0.015484
-0.0141201
-0.0126313
-0.0110189
-0.00929497
-0.00748556
-0.00563255
-0.00379398
-0.00204151
-0.000454498
0.000889939
0.0019302
0.00263521
0.00301744
0.00313774
0.0030947
0.00299192
0.00292233
0.0028922
0.00649802
0.00636094
0.00618674
0.00593022
0.00558072
0.0051386
0.00460694
0.00398956
0.00329058
0.00251438
0.00166568
0.000749562
-0.000228508
-0.00126267
-0.00234669
-0.003474
-0.00463774
-0.00583088
-0.00704627
-0.00827677
-0.00951536
-0.0107553
-0.01199
-0.0132134
-0.0144201
-0.0156051
-0.0167639
-0.0178928
-0.0189889
-0.0200496
-0.0210733
-0.0220587
-0.0230052
-0.0239127
-0.0247814
-0.025612
-0.0264053
-0.0271625
-0.0278848
-0.0285735
-0.0292298
-0.0298552
-0.0304508
-0.0310178
-0.0315571
-0.0320696
-0.0325562
-0.0330174
-0.0334537
-0.0338657
-0.0342536
-0.0346176
-0.0349581
-0.035275
-0.0355684
-0.0358386
-0.0360853
-0.0363088
-0.0365089
-0.0366856
-0.0368391
-0.0369692
-0.0370761
-0.0371596
-0.0372199
-0.037257
-0.037271
-0.037262
-0.03723
-0.0371735
-0.0370945
-0.0369929
-0.0368691
-0.0367231
-0.0365552
-0.0363656
-0.0361545
-0.0359222
-0.035669
-0.0353951
-0.0351008
-0.0347865
-0.0344524
-0.0340988
-0.0337261
-0.0333346
-0.0329247
-0.0324965
-0.0320504
-0.0315868
-0.0311058
-0.0306076
-0.0300925
-0.0295605
-0.0290116
-0.0284458
-0.0278629
-0.0272623
-0.0266434
-0.0260051
-0.025346
-0.0246638
-0.0239558
-0.023218
-0.0224451
-0.0216303
-0.0207649
-0.0198383
-0.0188378
-0.0177493
-0.0165578
-0.0152495
-0.0138137
-0.0122461
-0.0105526
-0.0087526
-0.00688206
-0.00499512
-0.0031627
-0.00146769
4.34869e-06
0.00117879
0.00200861
0.00249084
0.00267677
0.00266615
0.00257242
0.00248138
0.00243975
0.00625355
0.00611986
0.00594654
0.00568835
0.00533382
0.00488259
0.00433734
0.00370177
0.00298013
0.0021772
0.00129824
0.000349032
-0.000664176
-0.00173468
-0.00285538
-0.00401887
-0.00521752
-0.0064436
-0.00768938
-0.00894724
-0.0102098
-0.01147
-0.0127213
-0.0139576
-0.0151734
-0.0163639
-0.0175251
-0.0186535
-0.0197464
-0.0208018
-0.0218182
-0.0227949
-0.0237317
-0.0246287
-0.0254864
-0.026306
-0.0270884
-0.0278349
-0.028547
-0.029226
-0.0298734
-0.0304904
-0.0310782
-0.0316381
-0.0321709
-0.0326776
-0.0331587
-0.033615
-0.0340469
-0.0344548
-0.034839
-0.0351997
-0.035537
-0.0358511
-0.0361421
-0.03641
-0.0366549
-0.0368767
-0.0370755
-0.0372514
-0.0374042
-0.037534
-0.037641
-0.037725
-0.0377861
-0.0378244
-0.0378401
-0.037833
-0.0378035
-0.03775
-0.0376744
-0.0375766
-0.037457
-0.0373156
-0.0371526
-0.0369683
-0.0367628
-0.0365365
-0.0362894
-0.0360219
-0.0357343
-0.0354267
-0.0350995
-0.0347528
-0.0343871
-0.0340025
-0.0335994
-0.0331779
-0.0327384
-0.032281
-0.0318061
-0.0313137
-0.030804
-0.0302772
-0.0297332
-0.0291721
-0.0285938
-0.0279978
-0.0273838
-0.026751
-0.0260982
-0.025424
-0.024726
-0.024001
-0.0232446
-0.0224511
-0.0216127
-0.0207196
-0.0197598
-0.018719
-0.0175815
-0.016331
-0.0149534
-0.0134395
-0.0117888
-0.0100135
-0.00814317
-0.00622647
-0.00433189
-0.00254399
-0.000955009
0.000348667
0.00130455
0.00189347
0.00215432
0.0021832
0.00210345
0.00198838
0.00193514
0.00591016
0.00578046
0.00560848
0.00534935
0.00499107
0.00453265
0.00397641
0.0033259
0.00258552
0.00176035
0.000856188
-0.000120583
-0.00116299
-0.00226357
-0.00341446
-0.00460752
-0.00583444
-0.00708689
-0.00835661
-0.0096356
-0.0109162
-0.0121911
-0.0134537
-0.014698
-0.0159187
-0.017111
-0.0182712
-0.0193961
-0.0204834
-0.0215314
-0.0225391
-0.0235059
-0.0244321
-0.0253181
-0.0261648
-0.0269734
-0.0277451
-0.0284814
-0.0291838
-0.0298538
-0.0304928
-0.0311021
-0.0316829
-0.0322363
-0.0327633
-0.0332646
-0.0337409
-0.0341928
-0.0346206
-0.0350248
-0.0354055
-0.0357631
-0.0360976
-0.0364091
-0.0366978
-0.0369637
-0.0372068
-0.0374271
-0.0376247
-0.0377996
-0.0379518
-0.0380814
-0.0381884
-0.0382729
-0.0383348
-0.0383744
-0.0383916
-0.0383865
-0.0383593
-0.0383086
-0.0382362
-0.0381421
-0.0380264
-0.0378894
-0.0377311
-0.0375519
-0.0373518
-0.037131
-0.0368899
-0.0366285
-0.0363471
-0.036046
-0.0357254
-0.0353854
-0.0350264
-0.0346485
-0.034252
-0.0338371
-0.033404
-0.0329528
-0.0324838
-0.0319972
-0.031493
-0.0309714
-0.0304323
-0.0298759
-0.0293021
-0.0287106
-0.0281012
-0.0274734
-0.0268264
-0.026159
-0.0254695
-0.0247554
-0.0240132
-0.023238
-0.0224232
-0.0215601
-0.0206374
-0.0196414
-0.018556
-0.0173637
-0.0160475
-0.0145937
-0.0129958
-0.0112592
-0.00940571
-0.00747773
-0.00553961
-0.00367562
-0.00198282
-0.000557877
0.000521729
0.00121945
0.00155822
0.00162426
0.00154164
0.0014284
0.00136793
0.00547464
0.00534947
0.00517921
0.00491982
0.00455896
0.00409518
0.00353042
0.00286814
0.00211279
0.00126979
0.000345339
-0.000653608
-0.00171945
-0.00284406
-0.0040189
-0.00523519
-0.00648404
-0.00775658
-0.00904415
-0.0103384
-0.0116314
-0.0129159
-0.014185
-0.015433
-0.0166545
-0.0178451
-0.0190013
-0.0201202
-0.0211998
-0.0222387
-0.0232362
-0.0241924
-0.0251074
-0.0259821
-0.0268177
-0.0276154
-0.0283768
-0.0291033
-0.0297966
-0.0304581
-0.0310893
-0.0316915
-0.0322659
-0.0328134
-0.033335
-0.0338314
-0.0343033
-0.034751
-0.0351751
-0.0355758
-0.0359534
-0.0363081
-0.0366399
-0.036949
-0.0372355
-0.0374994
-0.0377408
-0.0379597
-0.0381562
-0.0383302
-0.0384819
-0.0386113
-0.0387183
-0.0388032
-0.0388659
-0.0389066
-0.0389253
-0.0389221
-0.038897
-0.0388491
-0.0387797
-0.0386891
-0.0385772
-0.0384443
-0.0382905
-0.0381161
-0.0379211
-0.0377057
-0.0374702
-0.0372146
-0.0369393
-0.0366444
-0.0363301
-0.0359966
-0.035644
-0.0352726
-0.0348826
-0.0344741
-0.0340472
-0.0336023
-0.0331393
-0.0326584
-0.0321597
-0.0316433
-0.0311093
-0.0305577
-0.0299885
-0.0294016
-0.0287969
-0.0281739
-0.0275322
-0.026871
-0.026189
-0.0254843
-0.0247542
-0.0239948
-0.0232005
-0.0223637
-0.0214743
-0.0205195
-0.0194835
-0.0183481
-0.0170944
-0.0157049
-0.0141678
-0.0124815
-0.0106602
-0.0087387
-0.00677587
-0.00485379
-0.00307233
-0.00153675
-0.000338645
0.000467743
0.000888137
0.000998811
0.000929337
0.000810889
0.000741531
0.00495466
0.00483448
0.00466636
0.00440734
0.00404504
0.00357761
0.0030067
0.00233564
0.00156897
0.000712328
-0.000227703
-0.00124368
-0.00232747
-0.00347036
-0.00466323
-0.00589677
-0.00716156
-0.00844833
-0.00974805
-0.0110521
-0.0123524
-0.0136416
-0.0149129
-0.0161605
-0.0173793
-0.0185652
-0.0197146
-0.0208253
-0.0218953
-0.0229238
-0.0239102
-0.0248549
-0.0257583
-0.0266217
-0.0274462
-0.0282333
-0.0289846
-0.0297018
-0.0303864
-0.03104
-0.031664
-0.0322596
-0.0328279
-0.03337
-0.0338866
-0.0343785
-0.0348462
-0.0352902
-0.0357108
-0.0361082
-0.0364828
-0.0368347
-0.037164
-0.0374708
-0.0377552
-0.0380172
-0.038257
-0.0384745
-0.0386698
-0.038843
-0.0389942
-0.0391233
-0.0392305
-0.0393157
-0.0393792
-0.0394209
-0.039441
-0.0394396
-0.0394167
-0.0393713
-0.0393049
-0.0392174
-0.0391092
-0.0389803
-0.0388307
-0.0386608
-0.0384707
-0.0382604
-0.0380303
-0.0377803
-0.0375108
-0.0372218
-0.0369136
-0.0365862
-0.03624
-0.0358749
-0.0354912
-0.0350889
-0.0346683
-0.0342294
-0.0337724
-0.0332973
-0.0328042
-0.0322933
-0.0317645
-0.0312179
-0.0306536
-0.0300714
-0.0294714
-0.0288533
-0.0282168
-0.0275614
-0.0268862
-0.0261899
-0.0254704
-0.0247247
-0.0239481
-0.0231343
-0.0222746
-0.0213571
-0.0203669
-0.0192859
-0.0180939
-0.0167709
-0.0153002
-0.0136737
-0.0118979
-0.00999957
-0.00803052
-0.00606895
-0.00421545
-0.00258193
-0.00127266
-0.000358977
0.000147289
0.000310737
0.000261529
0.000141542
6.10523e-05
0.00435857
0.00424379
0.00407819
0.00382022
0.00345754
0.0029881
0.00241327
0.00173627
0.000961694
9.53633e-05
-0.000855813
-0.00188399
-0.00298057
-0.00413635
-0.00534173
-0.00658693
-0.00786213
-0.0091577
-0.0104643
-0.0117732
-0.0130762
-0.0143657
-0.0156352
-0.0168789
-0.0180919
-0.0192702
-0.0204107
-0.0215112
-0.0225702
-0.023587
-0.0245615
-0.0254941
-0.0263858
-0.0272376
-0.0280511
-0.0288279
-0.0295695
-0.0302778
-0.0309542
-0.0316003
-0.0322175
-0.0328069
-0.0333697
-0.0339067
-0.0344187
-0.0349064
-0.0353702
-0.0358105
-0.0362277
-0.0366221
-0.0369938
-0.037343
-0.0376698
-0.0379744
-0.0382567
-0.038517
-0.0387551
-0.0389713
-0.0391656
-0.039338
-0.0394886
-0.0396175
-0.0397247
-0.0398104
-0.0398745
-0.0399173
-0.0399387
-0.0399389
-0.039918
-0.0398751
-0.0398114
-0.0397271
-0.0396223
-0.0394971
-0.0393516
-0.0391861
-0.0390005
-0.0387952
-0.0385701
-0.0383255
-0.0380615
-0.0377782
-0.0374758
-0.0371545
-0.0368143
-0.0364553
-0.0360778
-0.0356817
-0.0352672
-0.0348344
-0.0343833
-0.0339141
-0.0334268
-0.0329214
-0.032398
-0.0318567
-0.0312974
-0.0307203
-0.0301252
-0.0295121
-0.0288809
-0.0282312
-0.0275625
-0.0268739
-0.0261639
-0.0254301
-0.0246691
-0.0238755
-0.0230418
-0.0221577
-0.0212093
-0.0201793
-0.0190471
-0.0177908
-0.0163898
-0.0148305
-0.0131115
-0.0112512
-0.00929354
-0.00731109
-0.00540312
-0.00368603
-0.00227496
-0.00125733
-0.00066279
-0.000440469
-0.000463061
-0.000577414
-0.000673169
0.0036952
0.00358616
0.00342348
0.00316719
0.00280519
0.00233526
0.0017586
0.0010783
0.000298996
-0.000573343
-0.00153155
-0.00256745
-0.00367204
-0.00483574
-0.00604855
-0.00730029
-0.00858082
-0.00988023
-0.011189
-0.0124982
-0.0137995
-0.0150856
-0.0163498
-0.0175864
-0.0187908
-0.0199592
-0.0210888
-0.0221775
-0.0232243
-0.0242285
-0.0251905
-0.0261107
-0.0269904
-0.0278308
-0.0286335
-0.0294001
-0.0301325
-0.0308322
-0.0315008
-0.0321399
-0.0327506
-0.0333343
-0.0338917
-0.034424
-0.0349316
-0.0354152
-0.0358753
-0.0363122
-0.0367262
-0.0371175
-0.0374865
-0.0378331
-0.0381575
-0.0384599
-0.0387402
-0.0389987
-0.0392353
-0.0394502
-0.0396434
-0.039815
-0.0399651
-0.0400937
-0.040201
-0.040287
-0.0403518
-0.0403955
-0.0404182
-0.04042
-0.040401
-0.0403604
-0.0402994
-0.040218
-0.0401165
-0.0399948
-0.0398532
-0.0396918
-0.0395106
-0.0393099
-0.0390897
-0.0388502
-0.0385914
-0.0383137
-0.0380169
-0.0377013
-0.037367
-0.037014
-0.0366424
-0.0362524
-0.035844
-0.0354172
-0.0349721
-0.0345088
-0.0340273
-0.0335277
-0.0330099
-0.032474
-0.0319201
-0.0313482
-0.0307584
-0.0301506
-0.0295249
-0.028881
-0.0282187
-0.0275374
-0.0268361
-0.0261131
-0.0253658
-0.0245899
-0.0237792
-0.0229248
-0.0220143
-0.0210314
-0.0199558
-0.0187648
-0.017435
-0.0159477
-0.0142945
-0.0124853
-0.0105554
-0.00857015
-0.00662572
-0.00484076
-0.00333933
-0.00222373
-0.00154163
-0.001258
-0.00125222
-0.00136422
-0.00146981
0.00297366
0.00287065
0.00271128
0.00245728
0.00209694
0.00162796
0.00105138
0.00037022
-0.000410894
-0.00128587
-0.00224734
-0.00328685
-0.00439512
-0.00556221
-0.00677781
-0.00803145
-0.00931273
-0.0106115
-0.0119182
-0.0132237
-0.0145197
-0.0157988
-0.0170545
-0.0182814
-0.0194749
-0.0206314
-0.0217484
-0.0228241
-0.0238576
-0.0248487
-0.0257976
-0.0267052
-0.0275728
-0.0284019
-0.029194
-0.0299508
-0.0306742
-0.0313657
-0.0320269
-0.0326592
-0.0332639
-0.033842
-0.0343944
-0.0349221
-0.0354255
-0.0359052
-0.0363617
-0.0367953
-0.0372061
-0.0375946
-0.0379608
-0.0383049
-0.038627
-0.0389272
-0.0392056
-0.0394623
-0.0396974
-0.039911
-0.0401032
-0.040274
-0.0404236
-0.0405519
-0.0406593
-0.0407456
-0.040811
-0.0408556
-0.0408795
-0.0408828
-0.0408656
-0.0408272
-0.0407687
-0.0406901
-0.0405917
-0.0404734
-0.0403354
-0.0401779
-0.0400009
-0.0398046
-0.039589
-0.0393544
-0.0391007
-0.0388282
-0.0385368
-0.0382268
-0.0378981
-0.0375509
-0.0371853
-0.0368012
-0.0363987
-0.0359779
-0.0355388
-0.0350815
-0.0346059
-0.0341121
-0.0336001
-0.0330699
-0.0325217
-0.0319554
-0.0313711
-0.0307689
-0.0301489
-0.029511
-0.0288551
-0.028181
-0.027488
-0.026775
-0.0260401
-0.02528
-0.0244896
-0.0236616
-0.022785
-0.021845
-0.0208224
-0.0196941
-0.0184352
-0.0170227
-0.015442
-0.0136948
-0.011807
-0.00983623
-0.00787331
-0.00603713
-0.00445858
-0.00325347
-0.00248736
-0.00214257
-0.00210776
-0.0022183
-0.0023297
0.00220318
0.00210643
0.0019507
0.00169958
0.00134181
0.000875087
0.000300357
-0.000379462
-0.00115974
-0.0020343
-0.00299562
-0.00403506
-0.00514308
-0.00630949
-0.00752374
-0.00877515
-0.0100531
-0.0113473
-0.0126481
-0.0139463
-0.0152337
-0.016503
-0.0177477
-0.0189625
-0.0201431
-0.0212861
-0.0223892
-0.0234508
-0.0244703
-0.0254476
-0.0263832
-0.0272781
-0.0281337
-0.0289515
-0.0297332
-0.0304805
-0.0311952
-0.0318788
-0.0325329
-0.0331588
-0.0337576
-0.0343304
-0.0348781
-0.0354013
-0.0359007
-0.0363766
-0.0368296
-0.0372599
-0.0376677
-0.0380533
-0.0384168
-0.0387584
-0.0390782
-0.0393763
-0.0396528
-0.0399078
-0.0401415
-0.0403538
-0.040545
-0.040715
-0.040864
-0.0409922
-0.0410995
-0.0411861
-0.0412521
-0.0412975
-0.0413226
-0.0413273
-0.0413118
-0.0412755
-0.0412194
-0.0411435
-0.0410479
-0.0409328
-0.0407983
-0.0406445
-0.0404715
-0.0402794
-0.0400682
-0.0398382
-0.0395894
-0.0393219
-0.0390357
-0.038731
-0.0384078
-0.0380662
-0.0377063
-0.037328
-0.0369314
-0.0365166
-0.0360834
-0.0356321
-0.0351625
-0.0346746
-0.0341686
-0.0336444
-0.033102
-0.0325416
-0.0319632
-0.031367
-0.030753
-0.0301213
-0.0294721
-0.0288052
-0.0281203
-0.0274168
-0.0266933
-0.0259474
-0.0251752
-0.0243707
-0.0235244
-0.0226233
-0.0216495
-0.0205805
-0.0193905
-0.0180538
-0.0165501
-0.0148733
-0.0130405
-0.0110999
-0.00913591
-0.00726555
-0.00562439
-0.00434002
-0.00349514
-0.00308983
-0.00302328
-0.00312694
-0.00324511
0.00139292
0.0013026
0.00115083
0.000903118
0.000548738
8.5462e-05
-0.00048585
-0.00116235
-0.00193943
-0.00281085
-0.003769
-0.00480508
-0.00590937
-0.00707151
-0.00828076
-0.00952627
-0.0107973
-0.0120836
-0.0133752
-0.0146631
-0.0159391
-0.0171959
-0.0184274
-0.0196282
-0.0207942
-0.0219224
-0.0230105
-0.0240573
-0.0250622
-0.0260254
-0.0269475
-0.0278297
-0.0286734
-0.0294801
-0.0302517
-0.0309898
-0.0316961
-0.0323721
-0.0330193
-0.033639
-0.0342322
-0.0347999
-0.0353429
-0.0358618
-0.0363572
-0.0368295
-0.0372791
-0.0377062
-0.038111
-0.0384938
-0.0388546
-0.0391938
-0.0395113
-0.0398073
-0.0400819
-0.0403353
-0.0405674
-0.0407786
-0.0409687
-0.041138
-0.0412865
-0.0414144
-0.0415217
-0.0416086
-0.0416751
-0.0417214
-0.0417475
-0.0417536
-0.0417397
-0.0417054
-0.0416514
-0.041578
-0.0414853
-0.0413732
-0.041242
-0.0410917
-0.0409224
-0.0407343
-0.0405274
-0.0403018
-0.0400575
-0.0397948
-0.0395136
-0.0392141
-0.0388962
-0.03856
-0.0382056
-0.037833
-0.0374422
-0.0370332
-0.036606
-0.0361606
-0.035697
-0.0352153
-0.0347153
-0.0341972
-0.033661
-0.0331067
-0.0325345
-0.0319446
-0.031337
-0.0307119
-0.0300695
-0.02941
-0.0287332
-0.0280389
-0.0273262
-0.0265934
-0.0258377
-0.0250541
-0.024235
-0.0233689
-0.0224397
-0.0214261
-0.0203022
-0.0190403
-0.017616
-0.0160161
-0.0142486
-0.0123523
-0.0104037
-0.00851605
-0.00682744
-0.00547524
-0.00455803
-0.00409359
-0.0039932
-0.00408733
-0.0042113
0.000551848
0.00046807
0.000320536
7.67065e-05
-0.000273549
-0.000732338
-0.00129885
-0.00197029
-0.00274209
-0.00360799
-0.00456031
-0.00559016
-0.00668768
-0.00784241
-0.00904348
-0.0102799
-0.011541
-0.0128163
-0.014096
-0.015371
-0.0166333
-0.0178756
-0.0190919
-0.0202771
-0.0214274
-0.0225397
-0.0236121
-0.0246434
-0.0256334
-0.0265823
-0.0274909
-0.0283604
-0.0291923
-0.0299882
-0.0307499
-0.031479
-0.0321771
-0.0328458
-0.0334863
-0.0341
-0.0346878
-0.0352505
-0.035789
-0.0363038
-0.0367953
-0.037264
-0.0377101
-0.038134
-0.0385359
-0.0389159
-0.0392742
-0.0396109
-0.0399262
-0.0402201
-0.0404929
-0.0407446
-0.0409754
-0.0411853
-0.0413745
-0.041543
-0.041691
-0.0418186
-0.0419259
-0.042013
-0.0420801
-0.0421271
-0.0421542
-0.0421616
-0.0421492
-0.0421168
-0.042065
-0.0419939
-0.0419038
-0.0417946
-0.0416665
-0.0415195
-0.0413538
-0.0411694
-0.0409665
-0.0407451
-0.0405053
-0.0402471
-0.0399707
-0.0396761
-0.0393633
-0.0390324
-0.0386834
-0.0383163
-0.0379311
-0.0375279
-0.0371065
-0.0366671
-0.0362096
-0.0357339
-0.0352402
-0.0347283
-0.0341984
-0.0336506
-0.0330849
-0.0325015
-0.0319006
-0.0312824
-0.0306472
-0.0299953
-0.0293267
-0.0286415
-0.0279392
-0.0272188
-0.0264782
-0.0257137
-0.024919
-0.0240844
-0.0231957
-0.0222331
-0.0211716
-0.0199825
-0.0186381
-0.0171192
-0.0154252
-0.0135854
-0.0116672
-0.00977859
-0.00805786
-0.00665007
-0.00566813
-0.00514718
-0.00501205
-0.00509488
-0.00522336
-0.000311358
-0.000388532
-0.000531603
-0.000771147
-0.00111665
-0.00157005
-0.00213056
-0.00279545
-0.00356017
-0.0044185
-0.00536271
-0.00638384
-0.007472
-0.00861664
-0.00980682
-0.0110316
-0.01228
-0.0135419
-0.0148073
-0.0160673
-0.0173139
-0.01854
-0.0197397
-0.0209082
-0.0220416
-0.0231372
-0.0241933
-0.0252089
-0.0261837
-0.0271182
-0.0280134
-0.0288703
-0.0296907
-0.030476
-0.031228
-0.0319483
-0.0326386
-0.0333001
-0.0339343
-0.0345421
-0.0351246
-0.0356825
-0.0362165
-0.0367272
-0.0372149
-0.03768
-0.0381228
-0.0385436
-0.0389425
-0.0393198
-0.0396755
-0.0400098
-0.0403229
-0.0406149
-0.0408859
-0.041136
-0.0413653
-0.041574
-0.0417622
-0.0419301
-0.0420776
-0.0422049
-0.0423122
-0.0423995
-0.042467
-0.0425147
-0.0425428
-0.0425514
-0.0425405
-0.0425098
-0.04246
-0.0423912
-0.0423035
-0.0421971
-0.0420719
-0.0419281
-0.0417657
-0.0415849
-0.0413858
-0.0411683
-0.0409327
-0.0406789
-0.040407
-0.0401171
-0.0398093
-0.0394834
-0.0391396
-0.0387779
-0.0383983
-0.0380007
-0.0375851
-0.0371516
-0.0367001
-0.0362306
-0.0357431
-0.0352376
-0.0347142
-0.034173
-0.033614
-0.0330374
-0.0324435
-0.0318326
-0.0312049
-0.0305608
-0.0299006
-0.0292245
-0.0285324
-0.0278239
-0.0270975
-0.0263505
-0.0255779
-0.0247717
-0.0239197
-0.0230038
-0.0220005
-0.0208811
-0.0196156
-0.0181798
-0.0165654
-0.014792
-0.0129177
-0.0110433
-0.00930558
-0.00785495
-0.0068169
-0.00624332
-0.00607357
-0.00614383
-0.00627544
-0.00118844
-0.00125899
-0.00139741
-0.00163233
-0.00197255
-0.00241982
-0.00297332
-0.00363039
-0.00438654
-0.00523556
-0.00616972
-0.00718006
-0.00825667
-0.00938896
-0.010566
-0.0117768
-0.0130105
-0.0142568
-0.0155061
-0.0167493
-0.0179787
-0.0191873
-0.0203693
-0.0215201
-0.022636
-0.0237145
-0.0247539
-0.0257535
-0.0267131
-0.0276333
-0.0285151
-0.0293597
-0.0301687
-0.0309437
-0.0316863
-0.0323981
-0.0330807
-0.0337353
-0.0343632
-0.0349653
-0.0355427
-0.0360958
-0.0366255
-0.0371321
-0.0376161
-0.0380777
-0.0385172
-0.0389349
-0.0393309
-0.0397054
-0.0400586
-0.0403906
-0.0407015
-0.0409915
-0.0412607
-0.0415093
-0.0417373
-0.0419449
-0.0421321
-0.0422992
-0.0424463
-0.0425734
-0.0426806
-0.0427681
-0.042836
-0.0428844
-0.0429134
-0.0429231
-0.0429135
-0.0428845
-0.0428366
-0.0427699
-0.0426846
-0.0425807
-0.0424582
-0.0423174
-0.0421582
-0.0419808
-0.0417853
-0.0415716
-0.0413399
-0.0410903
-0.0408228
-0.0405374
-0.0402342
-0.0399132
-0.0395745
-0.039218
-0.0388437
-0.0384516
-0.0380418
-0.0376141
-0.0371686
-0.0367052
-0.036224
-0.035725
-0.0352082
-0.0346737
-0.0341216
-0.0335521
-0.0329655
-0.032362
-0.0317421
-0.0311061
-0.0304545
-0.0297877
-0.0291058
-0.0284088
-0.0276959
-0.0269651
-0.0262128
-0.0254324
-0.0246135
-0.0237403
-0.0227908
-0.0217372
-0.0205482
-0.0191959
-0.017665
-0.0159661
-0.0141471
-0.0123009
-0.0105606
-0.00908007
-0.00799529
-0.00737398
-0.00717061
-0.00722732
-0.00736063
-0.0020716
-0.00213554
-0.00226915
-0.00249917
-0.0028337
-0.00327422
-0.00381991
-0.00446813
-0.00521447
-0.00605275
-0.00697528
-0.00797313
-0.00903639
-0.0101545
-0.0113165
-0.0125116
-0.0137288
-0.014958
-0.0161896
-0.0174148
-0.0186258
-0.0198158
-0.0209793
-0.0221118
-0.0232097
-0.0242707
-0.0252934
-0.0262769
-0.0272214
-0.0281274
-0.028996
-0.0298285
-0.0306264
-0.0313913
-0.0321248
-0.0328284
-0.0335035
-0.0341514
-0.0347732
-0.0353698
-0.0359421
-0.0364906
-0.037016
-0.0375186
-0.0379988
-0.038457
-0.0388932
-0.0393079
-0.039701
-0.0400729
-0.0404236
-0.0407533
-0.0410621
-0.0413502
-0.0416176
-0.0418647
-0.0420913
-0.0422978
-0.0424842
-0.0426506
-0.0427971
-0.0429239
-0.0430312
-0.0431189
-0.0431872
-0.0432362
-0.043266
-0.0432767
-0.0432684
-0.043241
-0.0431949
-0.0431302
-0.043047
-0.0429455
-0.0428257
-0.0426877
-0.0425315
-0.0423573
-0.0421651
-0.041955
-0.0417271
-0.0414814
-0.041218
-0.0409369
-0.0406382
-0.0403219
-0.039988
-0.0396366
-0.0392675
-0.0388808
-0.0384765
-0.0380546
-0.037615
-0.0371578
-0.0366829
-0.0361903
-0.0356801
-0.0351524
-0.0346074
-0.0340452
-0.033466
-0.0328703
-0.0322584
-0.0316308
-0.030988
-0.0303306
-0.029659
-0.0289734
-0.0282734
-0.027558
-0.0268244
-0.0260676
-0.0252788
-0.0244443
-0.0235443
-0.0225521
-0.0214365
-0.0201664
-0.0187211
-0.0171023
-0.0153483
-0.0135426
-0.0118134
-0.0103156
-0.00919395
-0.00853062
-0.00829531
-0.00833776
-0.00847115
-0.00295359
-0.00301093
-0.00313959
-0.0033645
-0.00369301
-0.00412634
-0.00466358
-0.00530216
-0.00603771
-0.00686412
-0.00777377
-0.00875777
-0.00980626
-0.0109087
-0.0120543
-0.0132322
-0.0144317
-0.0156425
-0.0168553
-0.0180614
-0.0192532
-0.0204241
-0.0215685
-0.0226823
-0.023762
-0.0248055
-0.0258113
-0.0267789
-0.0277084
-0.0286005
-0.0294562
-0.0302769
-0.031064
-0.0318191
-0.0325437
-0.0332393
-0.0339071
-0.0345484
-0.0351643
-0.0357555
-0.0363228
-0.0368667
-0.0373879
-0.0378866
-0.0383632
-0.0388179
-0.0392509
-0.0396626
-0.0400529
-0.0404221
-0.0407704
-0.0410978
-0.0414046
-0.0416908
-0.0419566
-0.0422021
-0.0424275
-0.0426329
-0.0428184
-0.0429841
-0.0431302
-0.0432568
-0.0433639
-0.0434518
-0.0435205
-0.0435701
-0.0436007
-0.0436124
-0.0436052
-0.0435793
-0.0435348
-0.0434721
-0.043391
-0.0432917
-0.0431743
-0.0430389
-0.0428856
-0.0427144
-0.0425254
-0.0423187
-0.0420943
-0.0418523
-0.0415929
-0.0413159
-0.0410215
-0.0407097
-0.0403804
-0.0400338
-0.0396697
-0.0392883
-0.0388894
-0.0384731
-0.0380394
-0.0375882
-0.0371195
-0.0366334
-0.0361299
-0.0356091
-0.0350712
-0.0345164
-0.0339448
-0.033357
-0.0327534
-0.0321344
-0.0315006
-0.0308528
-0.0301915
-0.0295171
-0.0288299
-0.0281292
-0.0274131
-0.0266779
-0.0259166
-0.0251173
-0.0242625
-0.0233273
-0.0222809
-0.0210909
-0.0197314
-0.0181966
-0.0165149
-0.0147605
-0.0130548
-0.011552
-0.0104035
-0.0097044
-0.00943958
-0.00946776
-0.00960064
-0.00382772
-0.0038784
-0.00400197
-0.00422164
-0.00454395
-0.00496977
-0.00549813
-0.00612646
-0.00685049
-0.00766419
-0.00856
-0.00952913
-0.0105618
-0.0116475
-0.0127756
-0.0139353
-0.015116
-0.0163076
-0.0175009
-0.0186873
-0.0198593
-0.0210106
-0.0221358
-0.0232307
-0.0242922
-0.0253181
-0.0263072
-0.0272591
-0.028174
-0.0290524
-0.0298956
-0.0307047
-0.0314813
-0.0322269
-0.0329429
-0.0336307
-0.0342915
-0.0349264
-0.0355364
-0.0361223
-0.0366848
-0.0372243
-0.0377413
-0.0382361
-0.0387091
-0.0391604
-0.0395903
-0.039999
-0.0403865
-0.0407532
-0.0410991
-0.0414243
-0.0417291
-0.0420134
-0.0422776
-0.0425217
-0.0427459
-0.0429502
-0.0431348
-0.0432999
-0.0434456
-0.0435719
-0.043679
-0.043767
-0.043836
-0.0438862
-0.0439175
-0.0439302
-0.0439241
-0.0438995
-0.0438566
-0.0437956
-0.0437165
-0.0436193
-0.0435042
-0.0433713
-0.0432206
-0.0430522
-0.0428662
-0.0426627
-0.0424416
-0.0422032
-0.0419475
-0.0416744
-0.041384
-0.0410765
-0.0407517
-0.0404097
-0.0400505
-0.0396741
-0.0392805
-0.0388697
-0.0384417
-0.0379964
-0.0375339
-0.0370542
-0.0365573
-0.0360435
-0.0355127
-0.0349653
-0.0344016
-0.0338218
-0.0332265
-0.0326163
-0.0319917
-0.0313536
-0.0307027
-0.0300396
-0.0293649
-0.0286783
-0.0279789
-0.0272638
-0.0265276
-0.0257604
-0.0249468
-0.0240641
-0.0230826
-0.0219692
-0.0206944
-0.0192456
-0.0176419
-0.0159475
-0.0142764
-0.0127801
-0.0116145
-0.0108864
-0.010595
-0.0106092
-0.0107407
-0.00468791
-0.00473157
-0.00485003
-0.00506444
-0.00538048
-0.00579863
-0.00631782
-0.00693553
-0.00764755
-0.00844794
-0.00932925
-0.0102828
-0.0112988
-0.0123671
-0.013477
-0.0146178
-0.015779
-0.0169509
-0.0181242
-0.0192905
-0.0204425
-0.0215741
-0.0226799
-0.023756
-0.0247994
-0.0258081
-0.0267808
-0.0277173
-0.0286178
-0.029483
-0.0303139
-0.0311119
-0.0318783
-0.0326147
-0.0333223
-0.0340025
-0.0346565
-0.0352853
-0.0358896
-0.0364703
-0.037028
-0.0375631
-0.038076
-0.0385671
-0.0390365
-0.0394845
-0.0399113
-0.0403171
-0.040702
-0.0410661
-0.0414097
-0.0417328
-0.0420356
-0.0423182
-0.0425808
-0.0428235
-0.0430465
-0.0432498
-0.0434336
-0.0435981
-0.0437433
-0.0438694
-0.0439764
-0.0440645
-0.0441339
-0.0441845
-0.0442165
-0.0442301
-0.044225
-0.0442017
-0.0441603
-0.0441009
-0.0440236
-0.0439284
-0.0438155
-0.0436848
-0.0435366
-0.0433709
-0.0431877
-0.0429871
-0.0427693
-0.0425342
-0.0422819
-0.0420125
-0.041726
-0.0414225
-0.0411019
-0.0407644
-0.0404099
-0.0400383
-0.0396498
-0.0392443
-0.0388218
-0.0383823
-0.0379259
-0.0374525
-0.0369623
-0.0364553
-0.0359317
-0.0353918
-0.0348358
-0.0342641
-0.0336773
-0.033076
-0.0324608
-0.0318325
-0.0311921
-0.0305403
-0.0298778
-0.029205
-0.0285214
-0.0278253
-0.0271122
-0.0263743
-0.0255983
-0.0247636
-0.0238425
-0.0228016
-0.0216092
-0.0202468
-0.0187247
-0.0170975
-0.0154705
-0.013991
-0.0128179
-0.0120675
-0.0117527
-0.0117534
-0.0118825
-0.0055289
-0.00556399
-0.00567798
-0.00588732
-0.00619713
-0.00660758
-0.00711749
-0.00772437
-0.00842408
-0.00921081
-0.0100772
-0.0110147
-0.0120137
-0.0130641
-0.0141553
-0.0152768
-0.0164183
-0.0175701
-0.0187232
-0.0198694
-0.0210014
-0.0221133
-0.0232
-0.0242575
-0.0252831
-0.0262748
-0.0272316
-0.0281531
-0.0290397
-0.029892
-0.0307111
-0.0314983
-0.0322549
-0.0329823
-0.0336819
-0.0343548
-0.0350022
-0.0356249
-0.0362237
-0.0367994
-0.0373524
-0.0378832
-0.0383921
-0.0388795
-0.0393454
-0.0397902
-0.040214
-0.0406169
-0.0409992
-0.0413609
-0.0417022
-0.0420232
-0.0423241
-0.0426051
-0.0428661
-0.0431075
-0.0433293
-0.0435317
-0.0437148
-0.0438786
-0.0440234
-0.0441492
-0.0442562
-0.0443445
-0.0444141
-0.0444652
-0.0444978
-0.0445122
-0.0445081
-0.044486
-0.044446
-0.0443881
-0.0443124
-0.0442191
-0.0441081
-0.0439797
-0.0438337
-0.0436705
-0.0434899
-0.0432921
-0.0430772
-0.0428452
-0.0425962
-0.0423303
-0.0420475
-0.0417478
-0.0414313
-0.0410979
-0.0407478
-0.040381
-0.0399973
-0.039597
-0.0391799
-0.038746
-0.0382955
-0.0378283
-0.0373445
-0.0368443
-0.0363278
-0.0357953
-0.0352471
-0.0346837
-0.0341054
-0.033513
-0.0329072
-0.0322888
-0.0316589
-0.0310183
-0.030368
-0.0297087
-0.0290404
-0.028362
-0.0276705
-0.0269595
-0.0262177
-0.025427
-0.0245615
-0.0235889
-0.0224756
-0.0211984
-0.0197601
-0.0182052
-0.0166302
-0.015177
-0.0140051
-0.0132389
-0.0129043
-0.0128919
-0.0130179
-0.00634409
-0.00637164
-0.00648111
-0.00668539
-0.00698903
-0.00739182
-0.00789246
-0.00848846
-0.00917579
-0.00994872
-0.0108
-0.0117213
-0.0127031
-0.0137353
-0.0148077
-0.0159098
-0.0170315
-0.0181633
-0.0192963
-0.0204224
-0.0215347
-0.0226272
-0.023695
-0.0247345
-0.0257427
-0.0267179
-0.0276592
-0.0285662
-0.0294393
-0.0302792
-0.0310869
-0.0318637
-0.0326109
-0.0333297
-0.0340215
-0.0346874
-0.0353283
-0.0359452
-0.0365387
-0.0371094
-0.0376579
-0.0381845
-0.0386895
-0.0391732
-0.0396358
-0.0400774
-0.0404982
-0.0408984
-0.0412781
-0.0416375
-0.0419766
-0.0422956
-0.0425948
-0.0428741
-0.0431337
-0.0433738
-0.0435946
-0.043796
-0.0439783
-0.0441416
-0.044286
-0.0444116
-0.0445185
-0.0446068
-0.0446767
-0.0447282
-0.0447614
-0.0447765
-0.0447734
-0.0447524
-0.0447137
-0.0446572
-0.0445831
-0.0444914
-0.0443823
-0.0442558
-0.044112
-0.0439511
-0.0437729
-0.0435777
-0.0433656
-0.0431365
-0.0428906
-0.0426279
-0.0423485
-0.0420524
-0.0417397
-0.0414104
-0.0410645
-0.0407021
-0.0403231
-0.0399277
-0.0395157
-0.0390873
-0.0386425
-0.0381814
-0.0377039
-0.0372104
-0.0367009
-0.0361758
-0.0356353
-0.0350799
-0.0345101
-0.0339267
-0.0333303
-0.0327218
-0.0321024
-0.031473
-0.0308348
-0.0301887
-0.0295351
-0.0288737
-0.0282023
-0.0275161
-0.0268055
-0.0260549
-0.0252406
-0.0243314
-0.0232933
-0.0220994
-0.0207452
-0.0192664
-0.0177497
-0.0163308
-0.0151682
-0.0143926
-0.0140414
-0.0140169
-0.0141392
-0.00712934
-0.00715165
-0.0072552
-0.00745424
-0.00775179
-0.00814706
-0.00863856
-0.0092238
-0.00989881
-0.010658
-0.0114943
-0.0123994
-0.0133639
-0.0143781
-0.0154317
-0.0165146
-0.0176167
-0.0187287
-0.0198419
-0.0209483
-0.0220413
-0.0231148
-0.0241643
-0.0251861
-0.0261775
-0.0271368
-0.0280631
-0.0289562
-0.0298163
-0.0306443
-0.0314411
-0.032208
-0.0329461
-0.0336567
-0.034341
-0.035
-0.0356348
-0.036246
-0.0368343
-0.0374003
-0.0379444
-0.0384669
-0.0389681
-0.0394483
-0.0399076
-0.0403461
-0.0407641
-0.0411616
-0.0415389
-0.0418959
-0.042233
-0.0425501
-0.0428475
-0.0431253
-0.0433835
-0.0436224
-0.0438421
-0.0440427
-0.0442243
-0.0443871
-0.0445311
-0.0446564
-0.0447633
-0.0448517
-0.0449218
-0.0449737
-0.0450075
-0.0450232
-0.045021
-0.045001
-0.0449634
-0.0449082
-0.0448355
-0.0447455
-0.0446381
-0.0445134
-0.0443716
-0.0442127
-0.0440369
-0.0438441
-0.0436345
-0.0434081
-0.043165
-0.0429054
-0.0426292
-0.0423365
-0.0420273
-0.0417018
-0.0413598
-0.0410016
-0.0406271
-0.0402364
-0.0398294
-0.0394062
-0.0389669
-0.0385116
-0.0380404
-0.0375533
-0.0370507
-0.0365328
-0.0359999
-0.0354525
-0.0348912
-0.0343166
-0.0337295
-0.033131
-0.032522
-0.0319037
-0.0312774
-0.0306442
-0.030005
-0.0293597
-0.0287073
-0.028044
-0.0273621
-0.026648
-0.0258804
-0.02503
-0.0240628
-0.0229489
-0.0216782
-0.0202773
-0.0188239
-0.0174459
-0.0162999
-0.0155207
-0.0151565
-0.0151209
-0.0152392
-0.00788303
-0.00790206
-0.00799511
-0.00818972
-0.00848149
-0.00886949
-0.00935209
-0.0099268
-0.0105897
-0.0113354
-0.0121569
-0.013046
-0.0139936
-0.01499
-0.0160252
-0.0170892
-0.0181721
-0.0192647
-0.0203585
-0.0214459
-0.02252
-0.0235752
-0.024607
-0.0256118
-0.026587
-0.027531
-0.028443
-0.0293227
-0.0301705
-0.0309871
-0.0317735
-0.0325308
-0.0332603
-0.033963
-0.0346401
-0.0352927
-0.0359214
-0.0365272
-0.0371105
-0.0376719
-0.0382117
-0.0387303
-0.0392278
-0.0397046
-0.0401607
-0.0405963
-0.0410115
-0.0414065
-0.0417814
-0.0421362
-0.0424713
-0.0427866
-0.0430824
-0.0433586
-0.0436156
-0.0438534
-0.0440721
-0.0442719
-0.0444528
-0.0446151
-0.0447587
-0.0448839
-0.0449906
-0.0450791
-0.0451494
-0.0452017
-0.0452359
-0.0452523
-0.0452509
-0.0452319
-0.0451953
-0.0451413
-0.0450699
-0.0449813
-0.0448754
-0.0447525
-0.0446125
-0.0444556
-0.0442818
-0.0440912
-0.0438839
-0.0436601
-0.0434196
-0.0431628
-0.0428895
-0.0426
-0.0422941
-0.0419721
-0.0416339
-0.0412797
-0.0409094
-0.0405231
-0.0401208
-0.0397026
-0.0392687
-0.0388189
-0.0383536
-0.0378729
-0.0373769
-0.036866
-0.0363406
-0.035801
-0.035248
-0.0346821
-0.0341043
-0.0335155
-0.0329169
-0.0323096
-0.0316951
-0.0310746
-0.0304492
-0.0298195
-0.0291849
-0.0285429
-0.0278873
-0.0272065
-0.0264816
-0.0256853
-0.0247842
-0.0237468
-0.0225576
-0.0212355
-0.0198486
-0.0185171
-0.0173938
-0.0166166
-0.0162427
-0.0161971
-0.016311
-0.00860147
-0.00861767
-0.00869948
-0.00888879
-0.00917479
-0.00955578
-0.0100298
-0.0105944
-0.0112456
-0.0119781
-0.0127852
-0.0136587
-0.0145898
-0.0155689
-0.0165862
-0.0176318
-0.018696
-0.0197699
-0.0208451
-0.0219139
-0.0229699
-0.0240075
-0.0250223
-0.0260109
-0.0269707
-0.0279002
-0.0287985
-0.0296655
-0.0305016
-0.0313074
-0.0320839
-0.0328321
-0.0335533
-0.0342485
-0.0349188
-0.035565
-0.0361881
-0.0367886
-0.0373671
-0.0379241
-0.0384598
-0.0389745
-0.0394686
-0.039942
-0.0403951
-0.0408278
-0.0412404
-0.041633
-0.0420056
-0.0423584
-0.0426915
-0.0430052
-0.0432993
-0.0435742
-0.04383
-0.0440667
-0.0442845
-0.0444835
-0.0446638
-0.0448256
-0.0449689
-0.0450939
-0.0452006
-0.0452891
-0.0453597
-0.0454122
-0.0454469
-0.0454638
-0.0454631
-0.045445
-0.0454094
-0.0453565
-0.0452863
-0.0451989
-0.0450945
-0.0449731
-0.0448348
-0.0446796
-0.0445077
-0.0443191
-0.044114
-0.0438924
-0.0436544
-0.0434002
-0.0431296
-0.042843
-0.0425402
-0.0422215
-0.0418868
-0.0415362
-0.0411699
-0.0407877
-0.0403899
-0.0399765
-0.0395476
-0.0391032
-0.0386436
-0.0381689
-0.0376793
-0.0371753
-0.036657
-0.0361251
-0.0355802
-0.0350229
-0.0344541
-0.0338749
-0.0332865
-0.03269
-0.032087
-0.0314788
-0.0308669
-0.0302521
-0.0296345
-0.0290123
-0.0283809
-0.0277306
-0.0270446
-0.0262979
-0.0254582
-0.0244929
-0.0233826
-0.0221387
-0.0208205
-0.0195397
-0.0184444
-0.0176741
-0.0172938
-0.0172394
-0.0173487
-0.00928026
-0.00929227
-0.00936952
-0.00954791
-0.00982864
-0.010203
-0.0106689
-0.0112237
-0.0118637
-0.0125837
-0.0133768
-0.0142354
-0.0151506
-0.016113
-0.0171129
-0.0181408
-0.0191872
-0.0202431
-0.0213003
-0.0223515
-0.0233902
-0.0244111
-0.0254098
-0.0263829
-0.0273281
-0.0282438
-0.0291292
-0.0299842
-0.0308092
-0.0316048
-0.0323719
-0.0331115
-0.0338249
-0.034513
-0.0351767
-0.035817
-0.0364346
-0.0370301
-0.037604
-0.0381567
-0.0386885
-0.0391996
-0.0396902
-0.0401606
-0.0406107
-0.0410407
-0.0414508
-0.041841
-0.0422115
-0.0425624
-0.0428937
-0.0432057
-0.0434985
-0.0437721
-0.0440267
-0.0442624
-0.0444794
-0.0446777
-0.0448574
-0.0450188
-0.0451618
-0.0452865
-0.0453932
-0.0454818
-0.0455525
-0.0456053
-0.0456404
-0.0456578
-0.0456578
-0.0456404
-0.0456057
-0.0455537
-0.0454846
-0.0453985
-0.0452954
-0.0451753
-0.0450385
-0.0448849
-0.0447147
-0.044528
-0.0443248
-0.0441053
-0.0438695
-0.0436176
-0.0433495
-0.0430655
-0.0427656
-0.0424499
-0.0421184
-0.0417713
-0.0414086
-0.0410303
-0.0406367
-0.0402277
-0.0398036
-0.0393643
-0.0389101
-0.0384411
-0.0379577
-0.0374602
-0.0369489
-0.0364244
-0.0358873
-0.0353384
-0.0347784
-0.0342086
-0.03363
-0.0330441
-0.0324524
-0.0318563
-0.0312574
-0.0306569
-0.0300553
-0.0294518
-0.0288428
-0.0282202
-0.0275696
-0.0268681
-0.0260851
-0.0251876
-0.0241527
-0.0229857
-0.021737
-0.0205099
-0.019447
-0.0186879
-0.0183042
-0.0182421
-0.0183469
-0.0099166
-0.00992464
-0.0100002
-0.0101654
-0.0104405
-0.0108087
-0.0112669
-0.0118126
-0.012442
-0.0131499
-0.0139298
-0.0147741
-0.015674
-0.0166205
-0.017604
-0.018615
-0.0196443
-0.0206831
-0.0217234
-0.0227578
-0.0237802
-0.0247853
-0.0257687
-0.0267273
-0.0276587
-0.0285614
-0.0294348
-0.0302785
-0.0310931
-0.031879
-0.0326373
-0.0333689
-0.0340748
-0.0347561
-0.0354137
-0.0360484
-0.0366608
-0.0372515
-0.037821
-0.0383697
-0.0388977
-0.0394053
-0.0398927
-0.0403601
-0.0408074
-0.0412349
-0.0416426
-0.0420306
-0.0423991
-0.0427482
-0.0430779
-0.0433883
-0.0436797
-0.0439521
-0.0442057
-0.0444405
-0.0446567
-0.0448543
-0.0450336
-0.0451945
-0.0453373
-0.0454619
-0.0455685
-0.0456571
-0.045728
-0.0457811
-0.0458165
-0.0458344
-0.0458349
-0.0458182
-0.0457843
-0.0457332
-0.0456651
-0.04558
-0.045478
-0.0453592
-0.0452237
-0.0450715
-0.0449029
-0.0447178
-0.0445163
-0.0442987
-0.0440649
-0.043815
-0.0435493
-0.0432677
-0.0429703
-0.0426573
-0.0423288
-0.0419848
-0.0416255
-0.0412508
-0.0408611
-0.0404563
-0.0400365
-0.039602
-0.0391529
-0.0386894
-0.0382119
-0.0377206
-0.037216
-0.0366985
-0.036169
-0.0356281
-0.0350767
-0.0345159
-0.033947
-0.0333713
-0.0327905
-0.0322061
-0.0316198
-0.031033
-0.0304467
-0.0298607
-0.0292723
-0.0286752
-0.0280568
-0.0273965
-0.0266656
-0.0258311
-0.0248679
-0.0237754
-0.0225961
-0.0214248
-0.0203978
-0.0196535
-0.0192692
-0.0192007
-0.019301
-0.0105081
-0.010512
-0.0105845
-0.0107459
-0.0110079
-0.0113706
-0.0118219
-0.0123591
-0.0129785
-0.0136751
-0.0144425
-0.0152732
-0.0161588
-0.0170902
-0.0180581
-0.0190532
-0.0200664
-0.0210891
-0.0221133
-0.0231321
-0.0241392
-0.0251294
-0.0260986
-0.0270436
-0.0279622
-0.0288528
-0.0297148
-0.0305481
-0.0313529
-0.0321298
-0.0328799
-0.0336039
-0.0343029
-0.0349778
-0.0356296
-0.0362589
-0.0368664
-0.0374526
-0.038018
-0.0385628
-0.0390873
-0.0395916
-0.040076
-0.0405405
-0.0409852
-0.0414103
-0.0418158
-0.0422018
-0.0425684
-0.0429157
-0.0432439
-0.043553
-0.0438431
-0.0441144
-0.044367
-0.044601
-0.0448165
-0.0450136
-0.0451924
-0.0453529
-0.0454954
-0.0456199
-0.0457265
-0.0458152
-0.0458861
-0.0459395
-0.0459752
-0.0459935
-0.0459946
-0.0459784
-0.0459452
-0.0458949
-0.0458276
-0.0457434
-0.0456424
-0.0455247
-0.0453904
-0.0452395
-0.0450722
-0.0448885
-0.0446886
-0.0444726
-0.0442405
-0.0439926
-0.0437288
-0.0434494
-0.0431543
-0.0428438
-0.0425179
-0.0421768
-0.0418205
-0.0414492
-0.041063
-0.040662
-0.0402464
-0.0398163
-0.039372
-0.0389136
-0.0384416
-0.0379561
-0.0374578
-0.0369472
-0.0364248
-0.0358916
-0.0353484
-0.0347963
-0.0342367
-0.0336709
-0.0331006
-0.0325275
-0.0319533
-0.0313797
-0.0308079
-0.0302382
-0.029669
-0.0290952
-0.0285061
-0.0278833
-0.0271999
-0.0264239
-0.0255282
-0.0245074
-0.0233966
-0.0222821
-0.0212934
-0.0205672
-0.0201847
-0.020111
-0.0202068
-0.0110529
-0.0110527
-0.0111219
-0.0112808
-0.0115346
-0.0118874
-0.0123323
-0.0128616
-0.0134717
-0.0141577
-0.0149134
-0.0157315
-0.0166035
-0.0175208
-0.0184741
-0.0194544
-0.0204525
-0.0214602
-0.0224696
-0.0234737
-0.0244666
-0.025443
-0.026399
-0.0273315
-0.0282381
-0.0291176
-0.0299691
-0.0307926
-0.0315884
-0.032357
-0.0330993
-0.0338163
-0.0345088
-0.0351778
-0.0358242
-0.0364485
-0.0370514
-0.0376333
-0.0381948
-0.038736
-0.0392571
-0.0397584
-0.0402399
-0.0407017
-0.041144
-0.0415668
-0.0419703
-0.0423544
-0.0427193
-0.043065
-0.0433918
-0.0436996
-0.0439886
-0.044259
-0.0445107
-0.0447439
-0.0449588
-0.0451553
-0.0453337
-0.045494
-0.0456363
-0.0457607
-0.0458672
-0.0459559
-0.046027
-0.0460806
-0.0461166
-0.0461352
-0.0461367
-0.0461211
-0.0460885
-0.0460388
-0.0459723
-0.0458889
-0.0457888
-0.045672
-0.0455387
-0.0453889
-0.0452228
-0.0450403
-0.0448418
-0.0446271
-0.0443966
-0.0441503
-0.0438883
-0.0436107
-0.0433177
-0.0430094
-0.0426858
-0.0423472
-0.0419937
-0.0416254
-0.0412424
-0.0408449
-0.040433
-0.040007
-0.0395671
-0.0391135
-0.0386465
-0.0381666
-0.0376742
-0.0371699
-0.0366544
-0.0361284
-0.035593
-0.0350493
-0.0344986
-0.0339423
-0.0333821
-0.0328198
-0.0322572
-0.0316961
-0.031138
-0.0305838
-0.0300323
-0.0294799
-0.0289174
-0.0283286
-0.0276887
-0.0269665
-0.0261339
-0.0251815
-0.0241375
-0.02308
-0.0221316
-0.0214259
-0.0210475
-0.0209697
-0.0210612
-0.0115499
-0.0115456
-0.0116112
-0.0117673
-0.0120183
-0.0123612
-0.0127966
-0.0133188
-0.0139204
-0.0145966
-0.0153415
-0.0161477
-0.0170073
-0.0179115
-0.0188513
-0.0198177
-0.0208019
-0.0217957
-0.0227914
-0.0237821
-0.0247618
-0.0257257
-0.0266696
-0.0275904
-0.0284862
-0.0293554
-0.0301973
-0.0310118
-0.0317993
-0.0325602
-0.0332955
-0.0340059
-0.0346925
-0.0353559
-0.0359972
-0.0366168
-0.0372154
-0.0377934
-0.0383512
-0.038889
-0.039407
-0.0399054
-0.0403843
-0.0408437
-0.0412837
-0.0417045
-0.042106
-0.0424884
-0.0428517
-0.043196
-0.0435215
-0.0438282
-0.0441162
-0.0443857
-0.0446366
-0.0448692
-0.0450836
-0.0452797
-0.0454577
-0.0456178
-0.0457599
-0.0458841
-0.0459906
-0.0460795
-0.0461507
-0.0462044
-0.0462407
-0.0462596
-0.0462614
-0.0462463
-0.0462141
-0.0461651
-0.0460991
-0.0460164
-0.0459171
-0.0458011
-0.0456686
-0.0455197
-0.0453546
-0.0451732
-0.0449757
-0.0447623
-0.0445331
-0.0442881
-0.0440276
-0.0437516
-0.0434604
-0.0431539
-0.0428325
-0.0424961
-0.042145
-0.0417793
-0.0413992
-0.0410048
-0.0405964
-0.040174
-0.0397381
-0.0392889
-0.0388266
-0.0383518
-0.0378649
-0.0373665
-0.0368574
-0.0363383
-0.0358102
-0.0352744
-0.0347321
-0.0341848
-0.0336343
-0.0330822
-0.0325307
-0.0319815
-0.0314364
-0.0308966
-0.0303617
-0.0298288
-0.0292906
-0.0287326
-0.0281321
-0.0274593
-0.0266855
-0.0257979
-0.0248184
-0.0238175
-0.0229105
-0.0222273
-0.0218548
-0.0217739
-0.0218613
-0.0119981
-0.0119899
-0.0120518
-0.0122046
-0.0124527
-0.012792
-0.0132185
-0.0137298
-0.0143236
-0.0149908
-0.0157257
-0.0165212
-0.0173692
-0.0182614
-0.0191888
-0.0201425
-0.021114
-0.0220952
-0.0230783
-0.0240568
-0.0250246
-0.0259769
-0.0269098
-0.0278202
-0.028706
-0.0295659
-0.0303991
-0.0312055
-0.0319854
-0.0327393
-0.0334681
-0.0341725
-0.0348535
-0.0355119
-0.0361485
-0.0367638
-0.0373584
-0.0379327
-0.0384871
-0.0390218
-0.039537
-0.0400327
-0.0405091
-0.0409663
-0.0414042
-0.0418231
-0.0422229
-0.0426037
-0.0429656
-0.0433087
-0.0436331
-0.0439388
-0.0442259
-0.0444946
-0.0447449
-0.044977
-0.0451908
-0.0453866
-0.0455644
-0.0457242
-0.0458662
-0.0459904
-0.0460969
-0.0461858
-0.0462571
-0.046311
-0.0463475
-0.0463666
-0.0463687
-0.046354
-0.0463222
-0.0462736
-0.0462082
-0.0461261
-0.0460273
-0.045912
-0.0457802
-0.0456321
-0.0454677
-0.0452871
-0.0450906
-0.0448781
-0.0446499
-0.0444061
-0.0441468
-0.0438722
-0.0435824
-0.0432776
-0.0429578
-0.0426234
-0.0422743
-0.0419109
-0.0415333
-0.0411417
-0.0407362
-0.0403172
-0.0398849
-0.0394396
-0.0389816
-0.0385115
-0.0380296
-0.0375367
-0.0370335
-0.0365207
-0.0359996
-0.0354711
-0.0349367
-0.034398
-0.0338565
-0.0333142
-0.0327731
-0.0322352
-0.0317024
-0.031176
-0.0306564
-0.0301415
-0.0296253
-0.0290952
-0.0285305
-0.0279029
-0.0271835
-0.0263568
-0.0254392
-0.0244938
-0.0236286
-0.0229695
-0.0226045
-0.0225215
-0.022605
-0.0123974
-0.0123852
-0.0124433
-0.0125927
-0.0128376
-0.0131736
-0.0135955
-0.0140997
-0.0146822
-0.0153396
-0.0160654
-0.0168512
-0.0176887
-0.0185699
-0.019486
-0.0204283
-0.0213883
-0.022358
-0.0233299
-0.0242973
-0.0252545
-0.0261965
-0.0271195
-0.0280205
-0.0288974
-0.0297489
-0.0305743
-0.0313734
-0.0321464
-0.032894
-0.0336169
-0.0343159
-0.0349918
-0.0356456
-0.0362778
-0.0368892
-0.0374801
-0.0380511
-0.0386024
-0.0391342
-0.0396467
-0.04014
-0.0406142
-0.0410693
-0.0415055
-0.0419226
-0.0423209
-0.0427004
-0.043061
-0.043403
-0.0437264
-0.0440312
-0.0443176
-0.0445857
-0.0448355
-0.0450671
-0.0452806
-0.0454761
-0.0456536
-0.0458133
-0.0459552
-0.0460794
-0.0461859
-0.0462749
-0.0463463
-0.0464003
-0.046437
-0.0464564
-0.0464586
-0.0464442
-0.0464128
-0.0463646
-0.0462996
-0.0462179
-0.0461196
-0.0460047
-0.0458735
-0.0457259
-0.0455621
-0.0453822
-0.0451864
-0.0449746
-0.0447472
-0.0445043
-0.044246
-0.0439724
-0.0436838
-0.0433802
-0.0430619
-0.042729
-0.0423817
-0.0420202
-0.0416447
-0.0412554
-0.0408526
-0.0404365
-0.0400073
-0.0395654
-0.0391113
-0.0386453
-0.0381681
-0.0376801
-0.0371823
-0.0366754
-0.0361606
-0.035639
-0.035112
-0.0345812
-0.0340482
-0.0335151
-0.0329838
-0.0324565
-0.0319351
-0.0314213
-0.0309159
-0.0304175
-0.0299213
-0.0294165
-0.0288842
-0.0282977
-0.0276284
-0.0268587
-0.0260001
-0.0251086
-0.0242852
-0.0236511
-0.023295
-0.0232107
-0.0232906
-0.0127475
-0.0127315
-0.0127857
-0.0129315
-0.0131733
-0.013506
-0.0139238
-0.0144225
-0.0149982
-0.0156466
-0.016362
-0.0171373
-0.017965
-0.0188365
-0.0197426
-0.0206745
-0.0216242
-0.0225838
-0.0235458
-0.0245035
-0.0254512
-0.0263841
-0.0272983
-0.028191
-0.0290601
-0.0299043
-0.0307227
-0.0315153
-0.0322823
-0.0330242
-0.0337418
-0.0344358
-0.0351072
-0.0357567
-0.0363851
-0.0369928
-0.0375805
-0.0381484
-0.0386969
-0.0392261
-0.0397362
-0.0402273
-0.0406995
-0.0411528
-0.0415873
-0.042003
-0.0423999
-0.0427782
-0.0431378
-0.0434789
-0.0438014
-0.0441056
-0.0443914
-0.0446589
-0.0449083
-0.0451395
-0.0453528
-0.0455481
-0.0457255
-0.0458851
-0.046027
-0.0461511
-0.0462577
-0.0463467
-0.0464183
-0.0464724
-0.0465093
-0.0465288
-0.0465312
-0.0465171
-0.046486
-0.046438
-0.0463733
-0.0462919
-0.0461939
-0.0460794
-0.0459485
-0.0458013
-0.0456379
-0.0454585
-0.0452631
-0.0450519
-0.044825
-0.0445827
-0.044325
-0.0440523
-0.0437645
-0.0434619
-0.0431447
-0.042813
-0.042467
-0.0421071
-0.0417333
-0.041346
-0.0409453
-0.0405316
-0.0401052
-0.0396663
-0.0392155
-0.0387532
-0.03828
-0.0377965
-0.0373035
-0.036802
-0.036293
-0.0357777
-0.0352575
-0.034734
-0.0342089
-0.0336843
-0.0331622
-0.0326447
-0.032134
-0.031632
-0.0311396
-0.0306564
-0.0301783
-0.0296963
-0.0291932
-0.0286441
-0.0280209
-0.0273042
-0.0265014
-0.025662
-0.0248799
-0.0242715
-0.0239251
-0.0238403
-0.0239168
-0.0130489
-0.0130291
-0.0130793
-0.0132214
-0.01346
-0.0137898
-0.0142041
-0.0146981
-0.0152678
-0.015909
-0.0166159
-0.017382
-0.0181998
-0.0190612
-0.0199577
-0.0208807
-0.0218216
-0.0227722
-0.0237257
-0.0246751
-0.0256147
-0.0265394
-0.027446
-0.0283316
-0.0291939
-0.0300317
-0.0308441
-0.031631
-0.0323927
-0.0331296
-0.0338425
-0.0345321
-0.0351994
-0.0358452
-0.03647
-0.0370746
-0.0376592
-0.0382244
-0.0387703
-0.0392972
-0.0398052
-0.0402944
-0.0407649
-0.0412166
-0.0416497
-0.0420641
-0.0424599
-0.0428372
-0.0431959
-0.0435362
-0.0438581
-0.0441617
-0.0444471
-0.0447142
-0.0449633
-0.0451943
-0.0454074
-0.0456026
-0.04578
-0.0459396
-0.0460814
-0.0462057
-0.0463123
-0.0464015
-0.0464731
-0.0465274
-0.0465643
-0.046584
-0.0465866
-0.0465726
-0.0465417
-0.0464939
-0.0464293
-0.0463481
-0.0462503
-0.046136
-0.0460053
-0.0458583
-0.0456951
-0.0455159
-0.0453208
-0.0451098
-0.0448833
-0.0446413
-0.0443841
-0.0441117
-0.0438245
-0.0435226
-0.0432061
-0.0428752
-0.0425303
-0.0421715
-0.041799
-0.0414132
-0.0410143
-0.0406026
-0.0401784
-0.039742
-0.0392941
-0.0388349
-0.0383652
-0.0378856
-0.037397
-0.0369002
-0.0363963
-0.0358867
-0.0353727
-0.0348559
-0.0343381
-0.0338213
-0.0333076
-0.0327993
-0.0322985
-0.0318073
-0.031327
-0.0308575
-0.030396
-0.0299344
-0.0294577
-0.0289426
-0.0283614
-0.0276939
-0.0269437
-0.0261541
-0.0254124
-0.0248299
-0.0244942
-0.0244096
-0.0244828
-0.0133021
-0.0132787
-0.0133249
-0.0134631
-0.0136986
-0.0140255
-0.0144368
-0.014927
-0.0154918
-0.0161268
-0.0168265
-0.0175847
-0.0183941
-0.0192466
-0.020134
-0.0210479
-0.0219799
-0.0229222
-0.0238675
-0.0248093
-0.025742
-0.0266611
-0.0275622
-0.028442
-0.0292987
-0.030131
-0.0309384
-0.0317204
-0.0324775
-0.0332101
-0.033919
-0.0346047
-0.0352683
-0.0359107
-0.0365325
-0.0371342
-0.0377162
-0.038279
-0.0388227
-0.0393476
-0.0398537
-0.0403412
-0.0408102
-0.0412606
-0.0416925
-0.0421058
-0.0425008
-0.0428772
-0.0432353
-0.043575
-0.0438965
-0.0441997
-0.0444847
-0.0447516
-0.0450005
-0.0452315
-0.0454445
-0.0456397
-0.0458171
-0.0459767
-0.0461187
-0.046243
-0.0463498
-0.046439
-0.0465108
-0.0465652
-0.0466022
-0.046622
-0.0466246
-0.0466108
-0.0465799
-0.0465322
-0.0464678
-0.0463866
-0.0462888
-0.0461746
-0.0460439
-0.045897
-0.0457338
-0.0455546
-0.0453595
-0.0451486
-0.0449221
-0.0446802
-0.044423
-0.0441509
-0.0438639
-0.0435623
-0.0432462
-0.0429158
-0.0425714
-0.0422134
-0.0418418
-0.0414571
-0.0410595
-0.0406492
-0.0402268
-0.0397924
-0.0393468
-0.0388903
-0.0384235
-0.0379473
-0.0374623
-0.0369696
-0.0364704
-0.0359657
-0.0354572
-0.0349464
-0.0344352
-0.0339256
-0.0334196
-0.0329197
-0.032428
-0.0319467
-0.0314775
-0.0310206
-0.0305739
-0.0301309
-0.0296779
-0.0291934
-0.0286507
-0.0280286
-0.0273275
-0.0265854
-0.025883
-0.0253263
-0.0250018
-0.0249179
-0.0249882
-0.013508
-0.0134812
-0.0135232
-0.0136574
-0.0138897
-0.0142141
-0.0146228
-0.0151098
-0.0156705
-0.0163004
-0.0169942
-0.0177456
-0.0185477
-0.0193925
-0.0202721
-0.021178
-0.0221023
-0.0230371
-0.0239753
-0.0249104
-0.0258367
-0.0267496
-0.0276449
-0.0285195
-0.0293715
-0.0301994
-0.0310026
-0.0317808
-0.0325343
-0.0332635
-0.0339692
-0.0346524
-0.0353135
-0.0359532
-0.0365724
-0.0371716
-0.0377513
-0.038312
-0.0388538
-0.0393769
-0.0398815
-0.0403676
-0.0408353
-0.0412846
-0.0417156
-0.0421281
-0.0425223
-0.0428982
-0.0432558
-0.0435952
-0.0439164
-0.0442193
-0.0445042
-0.0447711
-0.04502
-0.0452509
-0.045464
-0.0456592
-0.0458367
-0.0459965
-0.0461387
-0.0462632
-0.04637
-0.0464593
-0.0465313
-0.0465858
-0.0466229
-0.0466428
-0.0466454
-0.0466316
-0.0466009
-0.0465532
-0.0464886
-0.0464074
-0.0463096
-0.0461952
-0.0460644
-0.0459173
-0.045754
-0.0455746
-0.0453792
-0.0451681
-0.0449414
-0.0446993
-0.044442
-0.0441697
-0.0438827
-0.043581
-0.0432649
-0.0429346
-0.0425904
-0.0422327
-0.0418616
-0.0414776
-0.0410807
-0.0406715
-0.0402502
-0.0398174
-0.0393735
-0.0389191
-0.0384547
-0.0379811
-0.0374993
-0.0370101
-0.0365147
-0.0360145
-0.0355108
-0.0350053
-0.0345
-0.0339967
-0.0334978
-0.0330054
-0.032522
-0.0320498
-0.0315906
-0.0311451
-0.0307119
-0.0302855
-0.0298538
-0.0293969
-0.0288891
-0.0283088
-0.0276536
-0.0269565
-0.026292
-0.0257608
-0.0254478
-0.0253651
-0.0254327
-0.0136678
-0.0136376
-0.0136755
-0.0138055
-0.0140345
-0.0143564
-0.0147629
-0.0152474
-0.0158048
-0.0164305
-0.0171193
-0.017865
-0.0186608
-0.0194991
-0.0203718
-0.021271
-0.0221885
-0.0231168
-0.0240488
-0.024978
-0.0258988
-0.0268064
-0.0276969
-0.0285671
-0.0294151
-0.0302393
-0.031039
-0.031814
-0.0325645
-0.0332909
-0.033994
-0.0346746
-0.0353332
-0.0359707
-0.0365879
-0.0371852
-0.0377631
-0.0383221
-0.0388624
-0.0393842
-0.0398876
-0.0403727
-0.0408395
-0.041288
-0.0417183
-0.0421303
-0.0425241
-0.0428997
-0.0432571
-0.0435963
-0.0439173
-0.0442203
-0.0445052
-0.0447721
-0.0450211
-0.0452522
-0.0454654
-0.0456609
-0.0458385
-0.0459985
-0.0461409
-0.0462656
-0.0463729
-0.0464625
-0.0465346
-0.0465892
-0.0466265
-0.0466464
-0.0466491
-0.0466353
-0.0466045
-0.0465567
-0.046492
-0.0464106
-0.0463126
-0.046198
-0.0460669
-0.0459195
-0.0457558
-0.045576
-0.04538
-0.0451684
-0.0449412
-0.0446987
-0.044441
-0.0441682
-0.0438808
-0.0435787
-0.0432623
-0.0429316
-0.0425872
-0.0422294
-0.0418584
-0.0414745
-0.041078
-0.0406693
-0.0402487
-0.0398168
-0.0393741
-0.0389211
-0.0384585
-0.0379871
-0.0375077
-0.0370213
-0.0365292
-0.0360325
-0.035533
-0.0350321
-0.0345319
-0.0340343
-0.0335415
-0.033056
-0.03258
-0.032116
-0.0316659
-0.0312307
-0.0308096
-0.0303981
-0.0299855
-0.0295534
-0.0290774
-0.0285354
-0.0279228
-0.0272681
-0.0266399
-0.0261337
-0.0258324
-0.0257512
-0.0258164
-0.0137828
-0.0137495
-0.013783
-0.0139088
-0.0141342
-0.0144537
-0.0148583
-0.0153407
-0.0158955
-0.0165178
-0.0172024
-0.0179434
-0.0187339
-0.0195665
-0.0204334
-0.0213267
-0.0222385
-0.0231612
-0.0240879
-0.0250121
-0.0259282
-0.0268315
-0.027718
-0.0285846
-0.0294293
-0.0302505
-0.0310475
-0.03182
-0.0325681
-0.0332923
-0.0339933
-0.0346718
-0.0353286
-0.0359644
-0.0365799
-0.0371757
-0.0377523
-0.0383101
-0.0388492
-0.03937
-0.0398725
-0.0403569
-0.040823
-0.0412711
-0.041701
-0.0421127
-0.0425063
-0.0428818
-0.0432392
-0.0435784
-0.0438996
-0.0442027
-0.0444878
-0.044755
-0.0450042
-0.0452356
-0.0454491
-0.0456449
-0.0458229
-0.0459831
-0.0461258
-0.0462507
-0.0463581
-0.0464479
-0.0465202
-0.0465749
-0.0466122
-0.0466321
-0.0466347
-0.0466209
-0.0465899
-0.0465419
-0.046477
-0.0463953
-0.0462968
-0.0461817
-0.0460501
-0.0459021
-0.0457379
-0.0455576
-0.0453615
-0.0451495
-0.0449217
-0.0446784
-0.0444199
-0.0441465
-0.0438583
-0.0435555
-0.0432384
-0.0429068
-0.0425618
-0.0422034
-0.041832
-0.0414479
-0.0410513
-0.0406425
-0.040222
-0.0397905
-0.0393484
-0.0388963
-0.0384349
-0.0379648
-0.0374872
-0.037003
-0.0365134
-0.0360197
-0.0355236
-0.0350266
-0.0345307
-0.0340379
-0.0335506
-0.033071
-0.0326017
-0.0321449
-0.0317029
-0.031277
-0.0308668
-0.0304685
-0.030073
-0.0296632
-0.0292159
-0.028709
-0.0281359
-0.027521
-0.0269274
-0.0264454
-0.0261559
-0.0260765
-0.0261394
-0.0138547
-0.0138183
-0.0138475
-0.0139687
-0.0141905
-0.0145074
-0.0149102
-0.0153909
-0.0159436
-0.0165632
-0.0172444
-0.0179814
-0.0187674
-0.0195953
-0.0204573
-0.0213456
-0.0222525
-0.0231705
-0.0240927
-0.0250127
-0.025925
-0.0268247
-0.0277081
-0.0285719
-0.029414
-0.030233
-0.0310279
-0.0317985
-0.0325449
-0.0332675
-0.033967
-0.0346441
-0.0352995
-0.0359341
-0.0365484
-0.0371432
-0.0377188
-0.0382757
-0.0388141
-0.0393342
-0.0398361
-0.04032
-0.0407859
-0.0412337
-0.0416635
-0.0420752
-0.0424689
-0.0428445
-0.0432021
-0.0435416
-0.0438631
-0.0441666
-0.0444521
-0.0447197
-0.0449694
-0.0452012
-0.0454151
-0.0456113
-0.0457897
-0.0459503
-0.0460933
-0.0462186
-0.0463262
-0.0464162
-0.0464886
-0.0465435
-0.0465808
-0.0466007
-0.0466032
-0.0465893
-0.0465582
-0.0465099
-0.0464446
-0.0463624
-0.0462634
-0.0461477
-0.0460154
-0.0458667
-0.0457016
-0.0455203
-0.0453231
-0.04511
-0.0448811
-0.0446368
-0.0443771
-0.0441025
-0.0438131
-0.0435092
-0.0431912
-0.0428595
-0.0425139
-0.0421548
-0.0417825
-0.0413978
-0.0410005
-0.040591
-0.04017
-0.0397383
-0.0392963
-0.0388446
-0.0383836
-0.0379143
-0.0374377
-0.036955
-0.0364672
-0.0359758
-0.0354822
-0.0349883
-0.0344959
-0.0340073
-0.0335245
-0.0330501
-0.0325865
-0.0321362
-0.0317014
-0.0312837
-0.0308831
-0.0304967
-0.0301163
-0.0297265
-0.0293051
-0.0288303
-0.0282936
-0.0277159
-0.0271551
-0.0266966
-0.0264187
-0.0263414
-0.0264022
-0.0138851
-0.0138459
-0.0138708
-0.0139871
-0.0142049
-0.0145191
-0.0149202
-0.0153994
-0.0159504
-0.0165678
-0.0172462
-0.0179799
-0.0187622
-0.019586
-0.0204439
-0.021328
-0.0222307
-0.0231448
-0.0240633
-0.0249799
-0.0258891
-0.0267861
-0.027667
-0.0285288
-0.0293691
-0.0301865
-0.03098
-0.0317494
-0.0324947
-0.0332163
-0.0339149
-0.0345911
-0.0352458
-0.0358795
-0.0364932
-0.0370873
-0.0376623
-0.0382187
-0.0387567
-0.0392765
-0.0397783
-0.040262
-0.0407279
-0.0411757
-0.0416057
-0.0420177
-0.0424117
-0.0427877
-0.0431457
-0.0434857
-0.0438078
-0.0441118
-0.0443979
-0.0446661
-0.0449164
-0.0451488
-0.0453633
-0.04556
-0.045739
-0.0459001
-0.0460435
-0.0461691
-0.0462771
-0.0463674
-0.04644
-0.046495
-0.0465324
-0.0465523
-0.0465547
-0.0465406
-0.0465092
-0.0464606
-0.0463949
-0.0463121
-0.0462125
-0.046096
-0.0459629
-0.0458131
-0.045647
-0.0454646
-0.0452661
-0.0450516
-0.0448214
-0.0445756
-0.0443145
-0.0440383
-0.0437474
-0.0434419
-0.0431222
-0.0427887
-0.0424415
-0.0420808
-0.0417072
-0.0413211
-0.0409228
-0.0405132
-0.0400923
-0.0396602
-0.0392178
-0.0387658
-0.0383044
-0.0378351
-0.0373591
-0.0368772
-0.0363904
-0.0359004
-0.0354087
-0.0349171
-0.0344275
-0.033942
-0.033463
-0.0329929
-0.0325342
-0.0320895
-0.0316609
-0.0312504
-0.0308583
-0.0304824
-0.0301155
-0.0297436
-0.0293456
-0.0288998
-0.0283967
-0.0278538
-0.027324
-0.0268879
-0.0266215
-0.0265463
-0.0266053
-0.0138763
-0.0138343
-0.0138548
-0.013966
-0.0141794
-0.0144906
-0.0148897
-0.0153676
-0.0159172
-0.0165328
-0.0172089
-0.0179398
-0.018719
-0.0195394
-0.0203937
-0.0212743
-0.0221736
-0.0230844
-0.0239999
-0.0249139
-0.0258207
-0.0267157
-0.0275949
-0.0284553
-0.0292945
-0.030111
-0.0309038
-0.0316726
-0.0324174
-0.0331386
-0.0338369
-0.0345128
-0.0351671
-0.0358006
-0.036414
-0.0370079
-0.0375828
-0.0381391
-0.038677
-0.0391969
-0.0396988
-0.0401827
-0.0406488
-0.0410971
-0.0415275
-0.04194
-0.0423346
-0.0427112
-0.0430699
-0.0434107
-0.0437335
-0.0440384
-0.0443253
-0.0445943
-0.0448453
-0.0450785
-0.0452938
-0.0454912
-0.0456707
-0.0458325
-0.0459764
-0.0461025
-0.0462109
-0.0463015
-0.0463743
-0.0464295
-0.0464669
-0.0464868
-0.0464891
-0.0464749
-0.0464432
-0.0463941
-0.0463279
-0.0462445
-0.046144
-0.0460267
-0.0458925
-0.0457416
-0.0455742
-0.0453904
-0.0451904
-0.0449744
-0.0447425
-0.044495
-0.0442321
-0.043954
-0.0436611
-0.0433537
-0.043032
-0.0426963
-0.042347
-0.0419843
-0.0416087
-0.0412207
-0.0408205
-0.0404089
-0.0399861
-0.0395526
-0.0391091
-0.0386564
-0.0381956
-0.0377269
-0.037251
-0.0367695
-0.0362828
-0.0357932
-0.0353028
-0.0348127
-0.0343249
-0.0338419
-0.0333658
-0.0328992
-0.0324445
-0.0320044
-0.0315812
-0.031177
-0.0307923
-0.0304256
-0.0300706
-0.0297146
-0.0293376
-0.0289183
-0.0284461
-0.0279354
-0.0274348
-0.0270203
-0.0267649
-0.0266921
-0.0267493
-0.0138302
-0.0137857
-0.0138016
-0.0139075
-0.014116
-0.0144238
-0.0148208
-0.0152973
-0.0158456
-0.0164596
-0.0171338
-0.0178623
-0.0186388
-0.0194563
-0.0203076
-0.0211852
-0.0220817
-0.0229898
-0.0239029
-0.0248148
-0.0257199
-0.0266136
-0.0274917
-0.0283514
-0.0291901
-0.0300063
-0.030799
-0.0315679
-0.0323129
-0.0330343
-0.0337327
-0.0344088
-0.0350634
-0.0356971
-0.0363107
-0.0369049
-0.03748
-0.0380366
-0.0385749
-0.0390951
-0.0395974
-0.0400819
-0.0405486
-0.0409976
-0.0414287
-0.041842
-0.0422375
-0.042615
-0.0429747
-0.0433165
-0.0436403
-0.0439462
-0.0442341
-0.0445041
-0.0447561
-0.0449902
-0.0452064
-0.0454046
-0.045585
-0.0457474
-0.045892
-0.0460187
-0.0461275
-0.0462185
-0.0462916
-0.046347
-0.0463846
-0.0464044
-0.0464066
-0.0463921
-0.0463601
-0.0463106
-0.0462437
-0.0461595
-0.0460581
-0.0459397
-0.0458044
-0.0456522
-0.0454833
-0.0452979
-0.0450962
-0.0448783
-0.0446445
-0.0443949
-0.0441299
-0.0438496
-0.0435544
-0.0432446
-0.0429204
-0.0425822
-0.0422303
-0.0418652
-0.0414871
-0.0410965
-0.0406939
-0.0402798
-0.0398547
-0.039419
-0.0389735
-0.038519
-0.0380563
-0.0375861
-0.0371094
-0.0366275
-0.0361421
-0.035654
-0.0351643
-0.0346751
-0.0341881
-0.0337067
-0.0332327
-0.0327686
-0.0323171
-0.0318808
-0.0314621
-0.0310631
-0.0306848
-0.0303261
-0.0299817
-0.0296397
-0.0292816
-0.0288864
-0.0284425
-0.0279617
-0.0274886
-0.0270944
-0.0268498
-0.0267793
-0.0268349
-0.0137492
-0.0137024
-0.0137138
-0.0138139
-0.0140171
-0.0143209
-0.0147154
-0.0151902
-0.0157372
-0.0163498
-0.0170223
-0.0177487
-0.0185228
-0.0193378
-0.0201864
-0.0210614
-0.0219555
-0.0228615
-0.0237727
-0.024683
-0.025587
-0.0264798
-0.0273575
-0.028217
-0.0290558
-0.0298724
-0.0306657
-0.0314352
-0.0321809
-0.032903
-0.0336022
-0.0342791
-0.0349343
-0.0355688
-0.0361831
-0.0367779
-0.0373537
-0.037911
-0.03845
-0.038971
-0.0394741
-0.0399595
-0.0404271
-0.040877
-0.0413092
-0.0417236
-0.0421202
-0.042499
-0.0428599
-0.0432029
-0.043528
-0.0438351
-0.0441243
-0.0443955
-0.0446487
-0.0448839
-0.0451012
-0.0453004
-0.0454817
-0.045645
-0.0457904
-0.0459177
-0.0460271
-0.0461185
-0.046192
-0.0462476
-0.0462853
-0.0463051
-0.0463071
-0.0462924
-0.04626
-0.0462099
-0.0461423
-0.0460573
-0.0459549
-0.0458353
-0.0456986
-0.0455449
-0.0453743
-0.0451872
-0.0449835
-0.0447635
-0.0445274
-0.0442755
-0.044008
-0.0437252
-0.0434273
-0.0431146
-0.0427876
-0.0424465
-0.0420916
-0.0417234
-0.0413423
-0.0409486
-0.040543
-0.0401259
-0.0396978
-0.0392593
-0.0388111
-0.038354
-0.0378888
-0.0374164
-0.0369378
-0.0364544
-0.0359674
-0.0354783
-0.0349886
-0.0345006
-0.0340162
-0.0335363
-0.0330635
-0.0326009
-0.0321518
-0.0317183
-0.0313032
-0.0309086
-0.0305357
-0.0301839
-0.0298486
-0.0295192
-0.029178
-0.0288046
-0.0283866
-0.0279336
-0.027486
-0.0271112
-0.0268769
-0.0268087
-0.0268629
-0.0136358
-0.0135869
-0.0135937
-0.0136877
-0.013885
-0.0141842
-0.0145756
-0.0150484
-0.0155939
-0.0162051
-0.0168759
-0.0176003
-0.0183722
-0.0191848
-0.0200311
-0.0209038
-0.0217958
-0.0226999
-0.0236096
-0.0245188
-0.0254221
-0.0263146
-0.0271923
-0.0280522
-0.0288917
-0.0297092
-0.0305036
-0.0312743
-0.0320212
-0.0327447
-0.0334452
-0.0341233
-0.0347798
-0.0354155
-0.0360309
-0.0366269
-0.0372038
-0.0377621
-0.0383022
-0.0388244
-0.0393287
-0.0398152
-0.0402841
-0.0407354
-0.0411689
-0.0415847
-0.0419828
-0.0423631
-0.0427255
-0.04307
-0.0433966
-0.0437052
-0.0439958
-0.0442685
-0.0445231
-0.0447596
-0.0449781
-0.0451786
-0.0453609
-0.0455252
-0.0456715
-0.0457996
-0.0459096
-0.0460016
-0.0460755
-0.0461313
-0.0461691
-0.0461889
-0.0461908
-0.0461758
-0.0461429
-0.0460923
-0.0460239
-0.0459379
-0.0458344
-0.0457134
-0.0455752
-0.0454198
-0.0452474
-0.0450582
-0.0448523
-0.04463
-0.0443914
-0.0441369
-0.0438665
-0.0435808
-0.0432798
-0.042964
-0.0426336
-0.0422891
-0.0419308
-0.041559
-0.0411743
-0.0407771
-0.0403678
-0.039947
-0.0395153
-0.0390733
-0.0386217
-0.0381612
-0.0376929
-0.0372175
-0.0367362
-0.0362503
-0.0357612
-0.0352703
-0.0347793
-0.0342902
-0.0338051
-0.0333259
-0.0328556
-0.0323958
-0.0319485
-0.0315167
-0.0311043
-0.0307132
-0.0303448
-0.0299989
-0.0296715
-0.0293531
-0.029027
-0.0286734
-0.0282792
-0.0278518
-0.0274282
-0.0270716
-0.0268472
-0.0267813
-0.0268341
-0.0134926
-0.0134418
-0.013444
-0.0135316
-0.0137223
-0.0140161
-0.0144038
-0.0148741
-0.0154178
-0.0160272
-0.0166962
-0.0174187
-0.0181884
-0.0189987
-0.0198427
-0.0207133
-0.0216033
-0.0225058
-0.0234143
-0.0243227
-0.0252256
-0.0261181
-0.0269964
-0.0278571
-0.0286977
-0.0295166
-0.0303126
-0.031085
-0.0318337
-0.032559
-0.0332613
-0.0339413
-0.0345995
-0.0352368
-0.0358539
-0.0364514
-0.0370299
-0.0375897
-0.0381314
-0.038655
-0.0391608
-0.039649
-0.0401195
-0.0405724
-0.0410076
-0.0414252
-0.041825
-0.042207
-0.0425712
-0.0429175
-0.0432459
-0.0435563
-0.0438486
-0.0441229
-0.0443791
-0.0446172
-0.0448372
-0.045039
-0.0452226
-0.0453881
-0.0455353
-0.0456643
-0.0457751
-0.0458677
-0.0459421
-0.0459983
-0.0460362
-0.046056
-0.0460577
-0.0460424
-0.0460091
-0.0459577
-0.0458885
-0.0458014
-0.0456966
-0.0455742
-0.0454343
-0.0452771
-0.0451026
-0.0449112
-0.0447028
-0.0444779
-0.0442365
-0.043979
-0.0437055
-0.0434164
-0.043112
-0.0427926
-0.0424585
-0.0421101
-0.0417478
-0.041372
-0.0409832
-0.0405818
-0.0401682
-0.0397432
-0.0393072
-0.038861
-0.0384053
-0.0379408
-0.0374684
-0.0369893
-0.0365045
-0.0360153
-0.0355231
-0.0350295
-0.0345363
-0.0340453
-0.0335587
-0.0330788
-0.032608
-0.0321487
-0.0317039
-0.0312757
-0.0308655
-0.0304769
-0.030112
-0.0297709
-0.0294504
-0.0291417
-0.0288291
-0.0284933
-0.0281209
-0.0277172
-0.027316
-0.0269766
-0.0267616
-0.0266978
-0.0267494
-0.0133222
-0.0132699
-0.0132675
-0.0133483
-0.0135318
-0.0138194
-0.0142024
-0.0146695
-0.0152108
-0.0158182
-0.0164851
-0.0172054
-0.0179728
-0.0187808
-0.0196224
-0.0204908
-0.021379
-0.02228
-0.0231874
-0.0240951
-0.0249978
-0.0258907
-0.0267697
-0.0276316
-0.0284738
-0.0292946
-0.0300926
-0.0308672
-0.0316182
-0.0323459
-0.0330505
-0.0337327
-0.0343932
-0.0350327
-0.0356518
-0.0362514
-0.0368318
-0.0373936
-0.0379372
-0.0384627
-0.0389705
-0.0394606
-0.039933
-0.0403879
-0.0408252
-0.0412448
-0.0416467
-0.0420308
-0.0423971
-0.0427455
-0.0430759
-0.0433883
-0.0436826
-0.0439588
-0.0442169
-0.0444568
-0.0446784
-0.0448817
-0.0450668
-0.0452335
-0.045382
-0.045512
-0.0456237
-0.045717
-0.0457919
-0.0458484
-0.0458866
-0.0459064
-0.0459079
-0.0458923
-0.0458585
-0.0458064
-0.0457362
-0.045648
-0.0455418
-0.0454178
-0.0452761
-0.0451168
-0.0449401
-0.0447461
-0.0445352
-0.0443073
-0.0440629
-0.043802
-0.0435251
-0.0432323
-0.0429241
-0.0426007
-0.0422624
-0.0419097
-0.0415429
-0.0411625
-0.040769
-0.0403628
-0.0399444
-0.0395145
-0.0390736
-0.0386224
-0.0381618
-0.0376925
-0.0372154
-0.0367317
-0.0362425
-0.0357491
-0.0352531
-0.0347559
-0.0342595
-0.0337657
-0.0332768
-0.0327951
-0.0323231
-0.0318632
-0.0314184
-0.0309911
-0.0305845
-0.0301993
-0.0298371
-0.0295
-0.0291853
-0.0288851
-0.0285846
-0.0282649
-0.0279124
-0.0275306
-0.0271503
-0.0268271
-0.026621
-0.0265593
-0.0266098
-0.0131275
-0.0130738
-0.0130669
-0.0131406
-0.0133162
-0.0135967
-0.0139741
-0.0144371
-0.0149753
-0.0155801
-0.0162445
-0.0169623
-0.017727
-0.0185324
-0.0193715
-0.0202376
-0.0211237
-0.0220231
-0.0229294
-0.0238366
-0.0247392
-0.0256326
-0.0265126
-0.027376
-0.0282201
-0.029043
-0.0298434
-0.0306207
-0.0313745
-0.0321049
-0.0328123
-0.0334973
-0.0341605
-0.0348027
-0.0354244
-0.0360264
-0.0366093
-0.0371735
-0.0377194
-0.0382472
-0.0387573
-0.0392497
-0.0397245
-0.0401818
-0.0406214
-0.0410434
-0.0414477
-0.0418342
-0.0422029
-0.0425537
-0.0428865
-0.0432012
-0.0434978
-0.0437761
-0.0440363
-0.0442781
-0.0445016
-0.0447068
-0.0448934
-0.0450617
-0.0452114
-0.0453426
-0.0454553
-0.0455494
-0.045625
-0.045682
-0.0457204
-0.0457402
-0.0457415
-0.0457256
-0.0456912
-0.0456384
-0.0455671
-0.0454777
-0.04537
-0.0452442
-0.0451006
-0.0449391
-0.0447599
-0.0445633
-0.0443494
-0.0441184
-0.0438705
-0.0436061
-0.0433254
-0.0430286
-0.0427161
-0.0423882
-0.0420453
-0.0416878
-0.0413161
-0.0409306
-0.0405318
-0.0401202
-0.0396963
-0.0392608
-0.0388143
-0.0383575
-0.0378912
-0.0374163
-0.0369337
-0.0364446
-0.0359502
-0.0354518
-0.0349509
-0.0344493
-0.0339487
-0.0334513
-0.0329592
-0.0324748
-0.0320006
-0.0315393
-0.0310936
-0.0306662
-0.0302601
-0.0298776
-0.02952
-0.0291861
-0.0288762
-0.0285834
-0.0282936
-0.0279887
-0.0276544
-0.0272929
-0.0269322
-0.0266242
-0.0264265
-0.0263667
-0.0264161
-0.0129113
-0.0128566
-0.0128452
-0.0129116
-0.0130785
-0.0133508
-0.0137216
-0.0141795
-0.0147136
-0.0153151
-0.0159764
-0.0166911
-0.0174528
-0.0182551
-0.0190913
-0.0199548
-0.0208386
-0.0217362
-0.0226412
-0.0235477
-0.0244503
-0.0253441
-0.0262253
-0.0270902
-0.0279364
-0.0287618
-0.029565
-0.0303453
-0.0311022
-0.0318359
-0.0325466
-0.0332348
-0.0339012
-0.0345465
-0.0351713
-0.0357762
-0.036362
-0.036929
-0.0374777
-0.0380083
-0.0385211
-0.0390163
-0.0394938
-0.0399538
-0.0403962
-0.0408209
-0.041228
-0.0416172
-0.0419887
-0.0423421
-0.0426775
-0.0429949
-0.043294
-0.0435748
-0.0438373
-0.0440814
-0.044307
-0.0445141
-0.0447026
-0.0448725
-0.0450237
-0.0451562
-0.04527
-0.0453651
-0.0454414
-0.0454989
-0.0455376
-0.0455575
-0.0455587
-0.0455424
-0.0455074
-0.0454537
-0.0453814
-0.0452906
-0.0451813
-0.0450537
-0.0449079
-0.044744
-0.0445622
-0.0443627
-0.0441456
-0.0439112
-0.0436597
-0.0433914
-0.0431064
-0.0428053
-0.0424881
-0.0421554
-0.0418074
-0.0414446
-0.0410674
-0.0406762
-0.0402716
-0.039854
-0.039424
-0.0389823
-0.0385295
-0.0380663
-0.0375936
-0.0371123
-0.0366234
-0.036128
-0.0356274
-0.0351231
-0.0346166
-0.0341096
-0.033604
-0.033102
-0.0326057
-0.0321177
-0.0316405
-0.0311768
-0.0307294
-0.0303011
-0.0298947
-0.0295127
-0.0291575
-0.028829
-0.0285232
-0.0282367
-0.0279566
-0.027665
-0.0273475
-0.0270049
-0.0266625
-0.0263688
-0.0261791
-0.0261212
-0.0261695
-0.0126766
-0.012621
-0.0126053
-0.0126641
-0.0128217
-0.0130848
-0.0134476
-0.0138992
-0.0144283
-0.0150255
-0.0156829
-0.0163938
-0.0171518
-0.0179505
-0.0187833
-0.0196436
-0.0205247
-0.0214202
-0.0223236
-0.0232291
-0.0241314
-0.0250257
-0.0259079
-0.0267745
-0.0276229
-0.0284509
-0.0292572
-0.0300408
-0.0308012
-0.0315385
-0.0322529
-0.0329448
-0.0336149
-0.0342638
-0.0348921
-0.0355005
-0.0360896
-0.0366599
-0.0372119
-0.0377457
-0.0382617
-0.03876
-0.0392406
-0.0397037
-0.0401492
-0.0405771
-0.0409873
-0.0413797
-0.0417541
-0.0421106
-0.042449
-0.0427692
-0.0430712
-0.0433547
-0.0436198
-0.0438664
-0.0440944
-0.0443036
-0.0444942
-0.0446659
-0.0448188
-0.0449528
-0.0450679
-0.045164
-0.0452412
-0.0452993
-0.0453384
-0.0453585
-0.0453595
-0.0453427
-0.0453071
-0.0452526
-0.0451792
-0.0450869
-0.044976
-0.0448464
-0.0446983
-0.0445319
-0.0443472
-0.0441446
-0.0439241
-0.043686
-0.0434305
-0.043158
-0.0428685
-0.0425626
-0.0422404
-0.0419024
-0.0415489
-0.0411803
-0.040797
-0.0403996
-0.0399886
-0.0395644
-0.0391276
-0.0386789
-0.0382191
-0.0377488
-0.0372689
-0.0367803
-0.0362843
-0.0357818
-0.0352742
-0.0347631
-0.0342499
-0.0337366
-0.0332251
-0.0327176
-0.0322163
-0.0317238
-0.0312426
-0.0307757
-0.0303257
-0.0298956
-0.0294882
-0.0291062
-0.0287517
-0.0284264
-0.0281262
-0.0278453
-0.0275738
-0.0272943
-0.0269924
-0.0266675
-0.0263422
-0.0260622
-0.02588
-0.0258238
-0.0258712
-0.0124261
-0.0123701
-0.0123502
-0.0124011
-0.0125487
-0.0128016
-0.0131552
-0.0135991
-0.0141218
-0.0147136
-0.0153662
-0.0160724
-0.0168259
-0.0176202
-0.0184489
-0.0193055
-0.0201833
-0.021076
-0.0219773
-0.0228815
-0.0237832
-0.0246777
-0.0255608
-0.026429
-0.0272796
-0.0281104
-0.0289198
-0.029707
-0.0304712
-0.0312125
-0.031931
-0.032627
-0.0333012
-0.0339541
-0.0345865
-0.0351988
-0.0357918
-0.0363659
-0.0369215
-0.037459
-0.0379786
-0.0384805
-0.0389647
-0.0394314
-0.0398804
-0.0403118
-0.0407255
-0.0411213
-0.0414992
-0.0418591
-0.0422008
-0.0425242
-0.0428293
-0.0431159
-0.0433839
-0.0436332
-0.0438638
-0.0440755
-0.0442683
-0.0444421
-0.0445969
-0.0447326
-0.0448491
-0.0449464
-0.0450244
-0.0450833
-0.0451228
-0.0451431
-0.0451442
-0.0451265
-0.0450905
-0.0450351
-0.0449605
-0.0448668
-0.044754
-0.0446223
-0.0444719
-0.0443027
-0.0441151
-0.0439091
-0.043685
-0.0434429
-0.0431832
-0.0429061
-0.0426118
-0.0423007
-0.041973
-0.0416293
-0.0412697
-0.0408949
-0.0405051
-0.0401009
-0.0396828
-0.0392513
-0.0388071
-0.0383508
-0.0378832
-0.037405
-0.0369171
-0.0364206
-0.0359165
-0.035406
-0.0348906
-0.0343717
-0.033851
-0.0333305
-0.0328121
-0.0322981
-0.0317908
-0.0312929
-0.0308069
-0.0303358
-0.0298825
-0.0294498
-0.0290407
-0.0286578
-0.0283034
-0.0279791
-0.0276847
-0.0274092
-0.0271455
-0.0268772
-0.0265898
-0.0262814
-0.0259724
-0.0257055
-0.0255305
-0.0254758
-0.0255223
-0.0121628
-0.0121066
-0.0120828
-0.0121257
-0.0122627
-0.0125042
-0.0128472
-0.0132819
-0.013797
-0.0143821
-0.0150286
-0.0157291
-0.0164771
-0.0172661
-0.0180898
-0.0189418
-0.0198155
-0.0207047
-0.0216034
-0.0225056
-0.0234063
-0.0243005
-0.0251842
-0.0260538
-0.0269065
-0.0277401
-0.0285528
-0.0293436
-0.0301119
-0.0308575
-0.0315804
-0.032281
-0.0329597
-0.0336172
-0.034254
-0.0348708
-0.0354681
-0.0360465
-0.0366063
-0.037148
-0.0376717
-0.0381776
-0.0386659
-0.0391365
-0.0395895
-0.0400248
-0.0404424
-0.0408421
-0.0412238
-0.0415874
-0.0419328
-0.0422598
-0.0425683
-0.0428583
-0.0431295
-0.0433818
-0.0436153
-0.0438297
-0.044025
-0.0442011
-0.0443579
-0.0444954
-0.0446135
-0.0447122
-0.0447913
-0.0448509
-0.0448911
-0.0449116
-0.0449127
-0.0448943
-0.0448577
-0.0448014
-0.0447256
-0.0446304
-0.0445157
-0.0443818
-0.0442288
-0.0440568
-0.043866
-0.0436564
-0.0434284
-0.0431822
-0.0429179
-0.0426359
-0.0423364
-0.0420197
-0.0416863
-0.0413363
-0.0409703
-0.0405886
-0.0401918
-0.0397802
-0.0393545
-0.0389151
-0.0384628
-0.0379981
-0.037522
-0.0370351
-0.0365384
-0.036033
-0.03552
-0.0350007
-0.0344764
-0.0339489
-0.0334198
-0.0328911
-0.0323649
-0.0318434
-0.0313292
-0.0308249
-0.0303333
-0.0298572
-0.0293997
-0.0289637
-0.0285521
-0.0281677
-0.0278129
-0.0274891
-0.0271967
-0.026929
-0.0266721
-0.0264141
-0.0261403
-0.0258476
-0.0255543
-0.0252999
-0.025132
-0.0250787
-0.0251244
-0.0118895
-0.0118334
-0.0118059
-0.0118409
-0.0119666
-0.0121957
-0.0125267
-0.0129507
-0.0134564
-0.0140334
-0.0146725
-0.0153661
-0.0161074
-0.01689
-0.0177077
-0.018554
-0.0194227
-0.0203076
-0.0212027
-0.0221023
-0.0230012
-0.0238947
-0.0247785
-0.0256492
-0.0265038
-0.0273399
-0.0281559
-0.0289505
-0.029723
-0.0304731
-0.0312008
-0.0319063
-0.03259
-0.0332524
-0.0338942
-0.0345159
-0.0351181
-0.0357013
-0.0362659
-0.0368122
-0.0373405
-0.0378509
-0.0383437
-0.0388188
-0.0392762
-0.0397159
-0.0401378
-0.0405418
-0.0409277
-0.0412955
-0.0416449
-0.0419758
-0.0422882
-0.0425818
-0.0428565
-0.0431122
-0.0433488
-0.0435662
-0.0437642
-0.0439429
-0.044102
-0.0442415
-0.0443613
-0.0444615
-0.0445419
-0.0446024
-0.0446431
-0.044664
-0.044665
-0.0446462
-0.044609
-0.0445518
-0.0444747
-0.0443779
-0.0442613
-0.0441251
-0.0439694
-0.0437944
-0.0436001
-0.0433868
-0.0431547
-0.042904
-0.0426349
-0.0423477
-0.0420426
-0.04172
-0.0413803
-0.0410237
-0.0406507
-0.0402617
-0.0398573
-0.0394377
-0.0390037
-0.0385558
-0.0380947
-0.037621
-0.0371355
-0.0366392
-0.0361329
-0.0356178
-0.035095
-0.0345658
-0.0340319
-0.0334947
-0.0329562
-0.0324184
-0.0318834
-0.0313536
-0.0308315
-0.03032
-0.0298218
-0.0293399
-0.0288774
-0.0284373
-0.0280225
-0.027636
-0.02728
-0.0269562
-0.0266649
-0.0264042
-0.0261536
-0.0259055
-0.0256446
-0.025367
-0.0250889
-0.0248468
-0.0246859
-0.0246341
-0.0246789
-0.0116089
-0.0115534
-0.0115224
-0.0115494
-0.0116635
-0.0118791
-0.0121966
-0.0126082
-0.013103
-0.0136701
-0.0143003
-0.0149855
-0.0157188
-0.0164938
-0.0173042
-0.0181437
-0.0190062
-0.0198857
-0.0207763
-0.0216723
-0.0225687
-0.0234607
-0.0243441
-0.0252154
-0.0260715
-0.02691
-0.0277291
-0.0285274
-0.0293042
-0.030059
-0.0307917
-0.0315024
-0.0321915
-0.0328594
-0.0335066
-0.0341338
-0.0347413
-0.0353298
-0.0358997
-0.0364512
-0.0369846
-0.0375002
-0.037998
-0.038478
-0.0389404
-0.0393849
-0.0398116
-0.0402203
-0.0406108
-0.0409831
-0.041337
-0.0416722
-0.0419887
-0.0422864
-0.0425649
-0.0428243
-0.0430644
-0.043285
-0.0434861
-0.0436675
-0.0438291
-0.0439709
-0.0440927
-0.0441945
-0.0442762
-0.0443378
-0.0443792
-0.0444005
-0.0444015
-0.0443823
-0.0443445
-0.0442864
-0.044208
-0.0441095
-0.0439909
-0.0438523
-0.0436938
-0.0435156
-0.0433178
-0.0431005
-0.0428641
-0.0426086
-0.0423344
-0.0420416
-0.0417307
-0.0414018
-0.0410553
-0.0406917
-0.0403112
-0.0399144
-0.0395018
-0.0390737
-0.0386308
-0.0381737
-0.037703
-0.0372195
-0.036724
-0.0362173
-0.0357006
-0.0351749
-0.0346414
-0.0341016
-0.033557
-0.0330093
-0.0324605
-0.0319125
-0.0313677
-0.0308286
-0.0302978
-0.0297781
-0.0292724
-0.0287838
-0.0283155
-0.0278705
-0.027452
-0.0270627
-0.0267051
-0.026381
-0.0260909
-0.0258336
-0.0255902
-0.0253519
-0.0251035
-0.0248406
-0.0245775
-0.0243478
-0.0241939
-0.0241437
-0.0241878
-0.0113238
-0.0112691
-0.011235
-0.0112542
-0.0113562
-0.0115574
-0.0118601
-0.0122576
-0.0127395
-0.013295
-0.0139145
-0.0145898
-0.0153136
-0.0160794
-0.0168811
-0.0177125
-0.0185676
-0.0194404
-0.0203253
-0.0212167
-0.0221095
-0.0229991
-0.0238814
-0.0247525
-0.0256096
-0.0264501
-0.0272721
-0.0280741
-0.0288552
-0.0296148
-0.0303527
-0.0310689
-0.0317637
-0.0324374
-0.0330906
-0.0337237
-0.0343372
-0.0349316
-0.0355073
-0.0360645
-0.0366037
-0.0371249
-0.0376282
-0.0381138
-0.0385816
-0.0390315
-0.0394634
-0.0398773
-0.0402729
-0.0406502
-0.0410089
-0.0413489
-0.04167
-0.041972
-0.0422548
-0.0425182
-0.0427621
-0.0429863
-0.0431906
-0.0433751
-0.0435394
-0.0436836
-0.0438076
-0.0439113
-0.0439945
-0.0440573
-0.0440995
-0.0441212
-0.0441224
-0.0441029
-0.0440645
-0.0440055
-0.0439258
-0.0438256
-0.0437048
-0.0435637
-0.0434023
-0.0432208
-0.0430192
-0.0427978
-0.0425568
-0.0422963
-0.0420167
-0.0417181
-0.0414008
-0.0410652
-0.0407117
-0.0403405
-0.0399521
-0.039547
-0.0391255
-0.0386883
-0.0382359
-0.0377689
-0.037288
-0.0367939
-0.0362875
-0.0357698
-0.0352418
-0.0347046
-0.0341596
-0.0336081
-0.0330519
-0.0324927
-0.0319325
-0.0313735
-0.030818
-0.0302686
-0.029728
-0.0291992
-0.0286851
-0.028189
-0.0277141
-0.0272636
-0.0268405
-0.0264479
-0.0260882
-0.0257631
-0.0254733
-0.025217
-0.0249849
-0.0247543
-0.0245178
-0.0242695
-0.0240215
-0.0238045
-0.0236582
-0.0236096
-0.0236532
-0.0110365
-0.010983
-0.0109463
-0.0109578
-0.0110475
-0.0112335
-0.01152
-0.0119016
-0.0123688
-0.0129108
-0.0135178
-0.0141812
-0.0148938
-0.0156489
-0.0164404
-0.0172621
-0.0181082
-0.0189729
-0.0198507
-0.0207362
-0.0216244
-0.0225106
-0.0233907
-0.024261
-0.0251184
-0.0259604
-0.0267848
-0.0275903
-0.0283755
-0.02914
-0.0298832
-0.0306052
-0.031306
-0.031986
-0.0326456
-0.0332852
-0.0339052
-0.034506
-0.0350881
-0.0356518
-0.0361972
-0.0367246
-0.0372341
-0.0377258
-0.0381995
-0.0386553
-0.0390931
-0.0395127
-0.0399139
-0.0402966
-0.0406607
-0.0410058
-0.0413319
-0.0416387
-0.0419261
-0.0421939
-0.0424419
-0.0426699
-0.0428779
-0.0430656
-0.043233
-0.0433799
-0.0435063
-0.043612
-0.0436969
-0.043761
-0.0438042
-0.0438265
-0.0438278
-0.0438082
-0.0437692
-0.0437092
-0.0436282
-0.0435262
-0.0434033
-0.0432596
-0.0430952
-0.0429102
-0.0427047
-0.0424789
-0.0422331
-0.0419674
-0.041682
-0.0413773
-0.0410534
-0.0407107
-0.0403497
-0.0399705
-0.0395737
-0.0391596
-0.0387289
-0.0382819
-0.0378193
-0.0373417
-0.0368498
-0.0363445
-0.0358265
-0.0352968
-0.0347566
-0.0342071
-0.0336496
-0.0330856
-0.0325168
-0.0319451
-0.0313726
-0.0308015
-0.0302342
-0.0296736
-0.0291223
-0.0285835
-0.0280602
-0.0275557
-0.0270734
-0.0266165
-0.0261883
-0.0257918
-0.0254294
-0.0251031
-0.0248134
-0.0245585
-0.0243349
-0.0241126
-0.0238881
-0.0236546
-0.0234224
-0.0232189
-0.0230807
-0.0230343
-0.0230775
-0.0107496
-0.0106975
-0.0106585
-0.0106627
-0.0107401
-0.0109102
-0.0111791
-0.0115432
-0.0119937
-0.0125201
-0.0131126
-0.0137623
-0.0144619
-0.0152044
-0.0159838
-0.0167941
-0.0176296
-0.0184847
-0.0193539
-0.020232
-0.0211141
-0.0219956
-0.0228725
-0.023741
-0.0245979
-0.0254407
-0.0262672
-0.0270757
-0.0278649
-0.0286341
-0.0293828
-0.0301107
-0.0308179
-0.0315046
-0.032171
-0.0328175
-0.0334446
-0.0340525
-0.0346416
-0.0352123
-0.0357647
-0.036299
-0.0368152
-0.0373136
-0.0377939
-0.0382562
-0.0387003
-0.0391262
-0.0395335
-0.0399222
-0.040292
-0.0406428
-0.0409743
-0.0412864
-0.0415788
-0.0418513
-0.0421038
-0.0423361
-0.042548
-0.0427393
-0.04291
-0.0430599
-0.0431888
-0.0432967
-0.0433835
-0.0434491
-0.0434935
-0.0435164
-0.0435181
-0.0434983
-0.0434588
-0.0433979
-0.0433156
-0.0432118
-0.0430867
-0.0429403
-0.0427727
-0.0425841
-0.0423745
-0.0421442
-0.0418934
-0.0416221
-0.0413308
-0.0410195
-0.0406887
-0.0403386
-0.0399696
-0.039582
-0.0391762
-0.0387528
-0.0383121
-0.0378547
-0.0373813
-0.0368925
-0.0363889
-0.0358715
-0.0353411
-0.0347987
-0.0342454
-0.0336826
-0.0331116
-0.0325341
-0.0319518
-0.0313666
-0.0307808
-0.0301966
-0.0296167
-0.0290438
-0.0284809
-0.027931
-0.0273976
-0.0268839
-0.0263934
-0.0259295
-0.0254956
-0.0250945
-0.0247292
-0.0244013
-0.0241118
-0.0238593
-0.0236399
-0.0234267
-0.023215
-0.0229971
-0.0227816
-0.0225929
-0.0224641
-0.0224204
-0.0224636
-0.0104651
-0.0104148
-0.010374
-0.0103713
-0.0104364
-0.0105901
-0.0108403
-0.0111853
-0.0116171
-0.0121258
-0.0127016
-0.0133355
-0.0140199
-0.0147479
-0.0155133
-0.0163104
-0.0171334
-0.017977
-0.0188359
-0.019705
-0.0205795
-0.021455
-0.0223273
-0.0231928
-0.0240483
-0.0248911
-0.025719
-0.02653
-0.027323
-0.0280968
-0.0288509
-0.0295849
-0.0302987
-0.0309924
-0.0316661
-0.0323201
-0.0329548
-0.0335704
-0.0341672
-0.0347455
-0.0353055
-0.0358473
-0.0363711
-0.0368768
-0.0373643
-0.0378337
-0.0382849
-0.0387175
-0.0391316
-0.0395268
-0.0399029
-0.0402598
-0.0405973
-0.040915
-0.0412128
-0.0414905
-0.0417479
-0.0419847
-0.0422009
-0.0423962
-0.0425705
-0.0427236
-0.0428554
-0.0429658
-0.0430547
-0.0431219
-0.0431675
-0.0431913
-0.0431933
-0.0431734
-0.0431336
-0.0430718
-0.0429881
-0.0428825
-0.0427552
-0.042606
-0.0424352
-0.0422428
-0.0420291
-0.041794
-0.0415379
-0.0412609
-0.0409633
-0.0406453
-0.0403071
-0.0399492
-0.0395718
-0.0391753
-0.0387601
-0.0383267
-0.0378755
-0.0374072
-0.0369223
-0.0364215
-0.0359055
-0.0353753
-0.0348316
-0.0342756
-0.0337084
-0.0331315
-0.0325461
-0.0319541
-0.0313573
-0.0307577
-0.0301575
-0.0295593
-0.0289656
-0.0283795
-0.0278039
-0.0272422
-0.0266977
-0.0261739
-0.0256745
-0.0252028
-0.0247624
-0.0243564
-0.0239875
-0.0236578
-0.0233682
-0.0231177
-0.0229029
-0.0226978
-0.0224996
-0.0222983
-0.022101
-0.0219289
-0.0218111
-0.0217713
-0.0218147
-0.0101851
-0.0101368
-0.0100947
-0.0100856
-0.0101387
-0.0102755
-0.0105062
-0.0108304
-0.0112417
-0.0117306
-0.0122874
-0.0129033
-0.0135704
-0.0142817
-0.015031
-0.0158127
-0.0166213
-0.0174514
-0.018298
-0.0191563
-0.0200215
-0.0208893
-0.0217556
-0.0226169
-0.0234698
-0.0243117
-0.0251401
-0.0259531
-0.0267494
-0.0275276
-0.028287
-0.0290272
-0.0297478
-0.0304488
-0.0311302
-0.0317922
-0.0324351
-0.033059
-0.0336641
-0.0342508
-0.0348191
-0.0353692
-0.0359011
-0.0364149
-0.0369104
-0.0373876
-0.0378463
-0.0382865
-0.0387078
-0.0391101
-0.0394932
-0.0398568
-0.0402006
-0.0405245
-0.0408283
-0.0411116
-0.0413742
-0.041616
-0.0418368
-0.0420364
-0.0422146
-0.0423712
-0.0425062
-0.0426193
-0.0427105
-0.0427796
-0.0428266
-0.0428514
-0.0428539
-0.0428341
-0.0427938
-0.0427312
-0.0426462
-0.0425388
-0.0424091
-0.0422571
-0.042083
-0.0418868
-0.0416686
-0.0414287
-0.0411671
-0.0408841
-0.0405799
-0.0402548
-0.039909
-0.0395428
-0.0391566
-0.0387508
-0.0383257
-0.0378818
-0.0374196
-0.0369397
-0.0364427
-0.0359292
-0.0354001
-0.0348562
-0.0342985
-0.033728
-0.0331461
-0.032554
-0.0319534
-0.031346
-0.0307336
-0.0301185
-0.029503
-0.0288897
-0.0282813
-0.027681
-0.0270918
-0.0265172
-0.0259607
-0.025426
-0.0249168
-0.0244366
-0.0239891
-0.0235776
-0.0232047
-0.0228728
-0.0225826
-0.0223336
-0.0221229
-0.0219276
-0.0217434
-0.0215596
-0.0213824
-0.0212294
-0.0211251
-0.0210904
-0.0211346
-0.00991132
-0.00986528
-0.00982244
-0.00980751
-0.00984886
-0.00996887
-0.0101792
-0.0104813
-0.0108701
-0.011337
-0.0118727
-0.0124681
-0.0131155
-0.0138078
-0.0145388
-0.0153029
-0.0160948
-0.0169093
-0.0177416
-0.018587
-0.019441
-0.0202993
-0.021158
-0.0220135
-0.0228625
-0.0237023
-0.0245304
-0.0253447
-0.0261437
-0.0269259
-0.0276905
-0.0284368
-0.0291644
-0.029873
-0.0305625
-0.031233
-0.0318846
-0.0325175
-0.0331317
-0.0337275
-0.0343049
-0.034864
-0.0354048
-0.0359274
-0.0364316
-0.0369173
-0.0373844
-0.0378327
-0.038262
-0.0386721
-0.0390626
-0.0394335
-0.0397843
-0.0401149
-0.040425
-0.0407144
-0.0409828
-0.04123
-0.0414559
-0.0416601
-0.0418425
-0.042003
-0.0421414
-0.0422575
-0.0423512
-0.0424224
-0.042471
-0.042497
-0.0425001
-0.0424804
-0.0424397
-0.0423763
-0.04229
-0.0421809
-0.0420488
-0.041894
-0.0417165
-0.0415163
-0.0412936
-0.0410486
-0.0407813
-0.0404921
-0.0401811
-0.0398486
-0.0394948
-0.03912
-0.0387246
-0.038309
-0.0378735
-0.0374186
-0.0369448
-0.0364526
-0.0359428
-0.035416
-0.034873
-0.0343147
-0.0337421
-0.0331564
-0.0325588
-0.0319508
-0.0313339
-0.0307101
-0.0300812
-0.0294497
-0.0288178
-0.0281884
-0.0275643
-0.0269486
-0.0263448
-0.0257564
-0.025187
-0.0246405
-0.0241207
-0.0236313
-0.0231761
-0.0227584
-0.0223812
-0.0220465
-0.0217555
-0.021507
-0.0212968
-0.0211205
-0.0209478
-0.0207824
-0.0206277
-0.020497
-0.0204093
-0.020382
-0.0204278
-0.00964542
-0.00960182
-0.00955867
-0.00953859
-0.0095688
-0.00967203
-0.00986141
-0.0101403
-0.0105049
-0.0109478
-0.0114599
-0.0120325
-0.0126577
-0.0133285
-0.0140388
-0.0147828
-0.0155556
-0.0163522
-0.0171679
-0.0179982
-0.0188388
-0.0196857
-0.020535
-0.021383
-0.0222268
-0.0230632
-0.0238899
-0.0247046
-0.0255056
-0.0262914
-0.0270609
-0.0278133
-0.0285479
-0.0292643
-0.0299623
-0.0306418
-0.0313028
-0.0319452
-0.0325692
-0.0331748
-0.0337621
-0.034331
-0.0348816
-0.0354138
-0.0359275
-0.0364225
-0.0368987
-0.0373559
-0.0377939
-0.0382124
-0.0386111
-0.0389898
-0.0393482
-0.0396861
-0.0400031
-0.0402991
-0.0405737
-0.0408268
-0.0410581
-0.0412673
-0.0414544
-0.041619
-0.0417611
-0.0418805
-0.041977
-0.0420506
-0.042101
-0.0421283
-0.0421323
-0.0421131
-0.0420715
-0.0420075
-0.04192
-0.0418091
-0.0416747
-0.041517
-0.041336
-0.0411317
-0.0409044
-0.0406541
-0.040381
-0.0400854
-0.0397673
-0.0394271
-0.0390649
-0.0386812
-0.0382762
-0.0378503
-0.0374039
-0.0369374
-0.0364514
-0.0359465
-0.0354233
-0.0348824
-0.0343248
-0.0337514
-0.0331631
-0.0325613
-0.0319471
-0.0313222
-0.0306882
-0.030047
-0.0294007
-0.0287516
-0.0281024
-0.0274558
-0.0268149
-0.026183
-0.0255636
-0.0249604
-0.0243772
-0.0238179
-0.0232866
-0.0227873
-0.0223237
-0.0218993
-0.0215172
-0.0211797
-0.0208877
-0.0206405
-0.0204345
-0.0202682
-0.0201112
-0.0199672
-0.0198385
-0.0197345
-0.0196678
-0.0196506
-0.0196989
-0.00938864
-0.00934766
-0.00930469
-0.00928019
-0.00929996
-0.00938675
-0.00955494
-0.00980958
-0.0101485
-0.0105653
-0.0110515
-0.0115989
-0.0121994
-0.0128461
-0.0135329
-0.0142544
-0.0150055
-0.0157816
-0.0165782
-0.0173911
-0.0182161
-0.0190494
-0.0198871
-0.020726
-0.0215627
-0.0223943
-0.0232183
-0.0240325
-0.0248348
-0.0256236
-0.0263977
-0.0271559
-0.0278976
-0.028622
-0.0293289
-0.0300178
-0.0306887
-0.0313414
-0.0319759
-0.0325921
-0.03319
-0.0337697
-0.0343308
-0.0348735
-0.0353975
-0.0359027
-0.0363889
-0.0368558
-0.0373032
-0.0377308
-0.0381384
-0.0385256
-0.0388923
-0.039238
-0.0395626
-0.0398657
-0.0401471
-0.0404064
-0.0406436
-0.0408583
-0.0410504
-0.0412196
-0.0413657
-0.0414887
-0.0415883
-0.0416644
-0.0417169
-0.0417457
-0.0417507
-0.041732
-0.0416896
-0.0416252
-0.0415366
-0.0414239
-0.0412872
-0.0411265
-0.0409419
-0.0407335
-0.0405014
-0.0402458
-0.0399667
-0.0396643
-0.0393389
-0.0389907
-0.0386199
-0.0382268
-0.0378118
-0.0373752
-0.0369174
-0.0364389
-0.0359402
-0.0354218
-0.0348845
-0.034329
-0.0337561
-0.0331667
-0.032562
-0.0319432
-0.0313116
-0.0306689
-0.0300168
-0.0293573
-0.0286926
-0.028025
-0.0273575
-0.0266927
-0.026034
-0.0253848
-0.0247488
-0.0241297
-0.0235317
-0.0229588
-0.0224152
-0.0219051
-0.0214324
-0.0210008
-0.0206134
-0.0202727
-0.0199798
-0.0197343
-0.0195333
-0.0193745
-0.0192348
-0.0191149
-0.0190166
-0.0189448
-0.0189045
-0.0189012
-0.0189535
-0.00914203
-0.00910384
-0.00906153
-0.0090334
-0.00904356
-0.00911447
-0.00926148
-0.00949122
-0.00980312
-0.0101919
-0.0106501
-0.0111696
-0.0117427
-0.0123627
-0.0130234
-0.0137195
-0.0144462
-0.0151991
-0.015974
-0.0167668
-0.0175737
-0.018391
-0.0192151
-0.0200427
-0.0208706
-0.0216958
-0.0225158
-0.0233282
-0.0241309
-0.0249221
-0.0257002
-0.0264642
-0.0272128
-0.0279454
-0.0286613
-0.0293601
-0.0300415
-0.0307051
-0.0313509
-0.0319785
-0.032588
-0.0331792
-0.0337519
-0.0343059
-0.0348412
-0.0353574
-0.0358544
-0.0363318
-0.0367895
-0.0372271
-0.0376443
-0.0380408
-0.0384164
-0.0387706
-0.0391033
-0.0394141
-0.0397028
-0.039969
-0.0402126
-0.0404332
-0.0406307
-0.0408048
-0.0409554
-0.0410822
-0.0411852
-0.0412641
-0.0413189
-0.0413494
-0.0413556
-0.0413374
-0.0412948
-0.0412298
-0.0411401
-0.0410257
-0.0408867
-0.040723
-0.0405348
-0.0403222
-0.0400852
-0.039824
-0.0395387
-0.0392294
-0.0388964
-0.0385399
-0.0381602
-0.0377574
-0.037332
-0.0368843
-0.0364147
-0.0359236
-0.0354116
-0.0348793
-0.0343273
-0.0337564
-0.0331674
-0.0325614
-0.0319395
-0.0313029
-0.0306531
-0.0299918
-0.0293207
-0.0286419
-0.0279577
-0.0272708
-0.0265838
-0.0258999
-0.0252224
-0.0245548
-0.0239011
-0.0232653
-0.0226514
-0.0220639
-0.0215072
-0.0209854
-0.0205029
-0.0200633
-0.0196702
-0.0193259
-0.019032
-0.0187882
-0.0185922
-0.0184409
-0.0183196
-0.0182266
-0.0181636
-0.0181307
-0.0181238
-0.0181393
-0.0181973
-0.00890649
-0.00887118
-0.00883
-0.00879905
-0.00880057
-0.00885637
-0.00898246
-0.00918692
-0.00947072
-0.00982989
-0.0102578
-0.010747
-0.0112901
-0.0118805
-0.0125121
-0.01318
-0.0138794
-0.0146062
-0.0153565
-0.0161265
-0.0169127
-0.0177115
-0.0185195
-0.0193337
-0.0201507
-0.0209678
-0.0217823
-0.0225917
-0.0233937
-0.0241864
-0.0249681
-0.0257374
-0.0264929
-0.0272337
-0.027959
-0.0286681
-0.0293605
-0.0300357
-0.0306934
-0.0313334
-0.0319553
-0.0325589
-0.0331441
-0.0337105
-0.0342579
-0.0347861
-0.0352948
-0.0357837
-0.0362525
-0.0367009
-0.0371286
-0.0375351
-0.0379203
-0.0382838
-0.0386253
-0.0389445
-0.039241
-0.0395146
-0.0397651
-0.0399921
-0.0401954
-0.0403749
-0.0405303
-0.0406614
-0.040768
-0.04085
-0.0409073
-0.0409398
-0.0409473
-0.0409298
-0.0408872
-0.0408217
-0.040731
-0.0406149
-0.0404735
-0.0403069
-0.0401151
-0.0398982
-0.0396562
-0.0393893
-0.0390976
-0.0387813
-0.0384405
-0.0380754
-0.0376864
-0.0372736
-0.0368374
-0.0363782
-0.0358962
-0.0353921
-0.0348663
-0.0343194
-0.0337522
-0.0331653
-0.0325596
-0.0319363
-0.0312964
-0.0306413
-0.0299724
-0.0292915
-0.0286005
-0.0279016
-0.0271971
-0.0264897
-0.0257824
-0.0250783
-0.0243809
-0.023694
-0.0230216
-0.0223679
-0.0217372
-0.0211342
-0.0205633
-0.020029
-0.0195358
-0.0190877
-0.0186881
-0.0183398
-0.0180446
-0.0178023
-0.0176113
-0.0174682
-0.0173658
-0.0173031
-0.0172811
-0.0172949
-0.0173298
-0.0173703
-0.0174365
-0.00868267
-0.00865027
-0.00861069
-0.00857774
-0.00857166
-0.00861332
-0.00871905
-0.00889816
-0.00915308
-0.00948119
-0.00987691
-0.0103334
-0.0108438
-0.0114016
-0.0120013
-0.0126378
-0.0133068
-0.0140044
-0.0147271
-0.0154714
-0.0162339
-0.0170115
-0.017801
-0.0185993
-0.0194035
-0.0202105
-0.0210178
-0.0218227
-0.0226229
-0.0234163
-0.0242009
-0.024975
-0.0257373
-0.0264864
-0.0272213
-0.027941
-0.0286449
-0.0293324
-0.0300029
-0.0306559
-0.0312912
-0.0319082
-0.0325068
-0.0330866
-0.0336472
-0.0341884
-0.0347098
-0.0352111
-0.035692
-0.0361521
-0.036591
-0.0370085
-0.0374041
-0.0377776
-0.0381285
-0.0384567
-0.0387617
-0.0390433
-0.0393012
-0.0395352
-0.0397449
-0.0399301
-0.0400907
-0.0402264
-0.0403371
-0.0404225
-0.0404826
-0.0405172
-0.0405263
-0.0405096
-0.0404673
-0.0404014
-0.0403097
-0.040192
-0.0400483
-0.0398787
-0.0396833
-0.0394619
-0.0392149
-0.0389422
-0.0386439
-0.0383203
-0.0379715
-0.0375977
-0.0371991
-0.036776
-0.0363286
-0.0358574
-0.0353628
-0.0348452
-0.0343051
-0.0337431
-0.03316
-0.0325565
-0.0319335
-0.0312922
-0.0306336
-0.0299592
-0.0292705
-0.0285693
-0.0278575
-0.0271375
-0.0264118
-0.025683
-0.0249543
-0.024229
-0.0235108
-0.0228035
-0.0221114
-0.0214388
-0.0207903
-0.0201707
-0.0195846
-0.0190369
-0.0185322
-0.0180746
-0.0176679
-0.0173151
-0.0170179
-0.0167768
-0.0165905
-0.0164567
-0.0163738
-0.0163447
-0.01637
-0.0164397
-0.0165265
-0.0165998
-0.0166771
-0.00847104
-0.0084414
-0.00840399
-0.00836985
-0.00835726
-0.00838588
-0.00847209
-0.00862609
-0.00885169
-0.0091476
-0.00950934
-0.00993087
-0.0104058
-0.0109283
-0.0114928
-0.0120947
-0.0127301
-0.0133953
-0.0140872
-0.0148025
-0.0155384
-0.0162919
-0.0170601
-0.0178402
-0.0186291
-0.019424
-0.0202223
-0.0210213
-0.0218184
-0.0226114
-0.0233982
-0.0241768
-0.0249455
-0.0257028
-0.0264474
-0.0271782
-0.0278941
-0.0285945
-0.0292785
-0.0299455
-0.0305949
-0.0312264
-0.0318394
-0.0324336
-0.0330085
-0.0335637
-0.0340989
-0.0346136
-0.0351075
-0.0355802
-0.0360314
-0.0364606
-0.0368675
-0.0372518
-0.037613
-0.0379509
-0.0382651
-0.0385553
-0.0388212
-0.0390626
-0.0392792
-0.0394707
-0.0396369
-0.0397776
-0.0398927
-0.0399819
-0.040045
-0.0400821
-0.0400929
-0.0400773
-0.0400352
-0.0399692
-0.0398766
-0.0397574
-0.0396115
-0.0394389
-0.0392397
-0.039014
-0.0387618
-0.0384832
-0.0381783
-0.0378472
-0.0374902
-0.0371073
-0.0366989
-0.0362651
-0.0358063
-0.0353229
-0.0348151
-0.0342836
-0.0337287
-0.0331512
-0.0325517
-0.031931
-0.0312901
-0.0306301
-0.0299521
-0.0292577
-0.0285484
-0.0278261
-0.0270929
-0.026351
-0.0256031
-0.024852
-0.0241011
-0.0233536
-0.0226135
-0.0218848
-0.0211719
-0.0204794
-0.019812
-0.0191747
-0.0185725
-0.0180103
-0.017493
-0.0170251
-0.0166104
-0.0162523
-0.0159526
-0.0157122
-0.0155303
-0.0154059
-0.0153435
-0.0153515
-0.0154307
-0.0155665
-0.0157172
-0.0158327
-0.0159249
-0.0082722
-0.00824556
-0.00821024
-0.0081755
-0.00815746
-0.00817432
-0.00824208
-0.00837158
-0.00856778
-0.00883067
-0.0091569
-0.00954134
-0.00997833
-0.0104624
-0.0109886
-0.0115526
-0.012151
-0.0127803
-0.0134379
-0.0141211
-0.0148271
-0.0155535
-0.0162976
-0.0170566
-0.0178279
-0.0186086
-0.019396
-0.0201873
-0.02098
-0.0217716
-0.0225597
-0.0233422
-0.024117
-0.0248824
-0.0256369
-0.026379
-0.0271075
-0.0278213
-0.0285196
-0.0292014
-0.0298661
-0.0305129
-0.0311415
-0.0317511
-0.0323413
-0.0329116
-0.0334616
-0.0339908
-0.0344988
-0.0349852
-0.0354495
-0.0358914
-0.0363105
-0.0367064
-0.0370786
-0.037427
-0.0377511
-0.0380506
-0.0383252
-0.0385746
-0.0387985
-0.0389968
-0.0391691
-0.0393153
-0.0394351
-0.0395284
-0.039595
-0.0396348
-0.0396476
-0.0396333
-0.0395918
-0.0395256
-0.0394322
-0.0393115
-0.0391634
-0.038988
-0.0387851
-0.038555
-0.0382975
-0.0380129
-0.0377012
-0.0373626
-0.0369971
-0.036605
-0.0361865
-0.0357419
-0.0352713
-0.0347753
-0.034254
-0.0337081
-0.0331381
-0.0325445
-0.0319281
-0.0312898
-0.0306304
-0.0299511
-0.0292532
-0.0285382
-0.0278077
-0.0270635
-0.026308
-0.0255434
-0.0247725
-0.0239984
-0.0232242
-0.0224536
-0.0216907
-0.0209396
-0.0202048
-0.0194913
-0.0188039
-0.0181478
-0.0175283
-0.0169506
-0.0164198
-0.0159404
-0.0155168
-0.0151524
-0.0148494
-0.0146089
-0.0144308
-0.0143155
-0.0142746
-0.0143228
-0.0144629
-0.0146759
-0.014904
-0.015073
-0.0151846
-0.008086
-0.00806261
-0.00802919
-0.00799443
-0.00797209
-0.00797861
-0.00802926
-0.00813518
-0.00830226
-0.00853166
-0.00882116
-0.00916662
-0.00956315
-0.0100059
-0.0104905
-0.0110133
-0.011571
-0.0121609
-0.0127807
-0.0134281
-0.014101
-0.014797
-0.0155139
-0.0162492
-0.0170003
-0.0177644
-0.0185389
-0.0193209
-0.0201078
-0.0208967
-0.0216853
-0.022471
-0.0232516
-0.024025
-0.0247894
-0.0255431
-0.0262846
-0.0270125
-0.0277258
-0.0284232
-0.029104
-0.0297673
-0.0304124
-0.0310386
-0.0316452
-0.0322318
-0.0327977
-0.0333425
-0.0338657
-0.0343667
-0.0348453
-0.0353008
-0.035733
-0.0361413
-0.0365255
-0.0368851
-0.0372198
-0.0375293
-0.0378132
-0.0380713
-0.0383032
-0.0385088
-0.0386877
-0.0388398
-0.0389648
-0.0390626
-0.0391329
-0.0391757
-0.0391908
-0.0391781
-0.0391374
-0.039071
-0.038977
-0.0388549
-0.0387048
-0.0385264
-0.0383199
-0.0380853
-0.0378227
-0.037532
-0.0372134
-0.0368671
-0.036493
-0.0360916
-0.0356628
-0.035207
-0.0347244
-0.0342155
-0.0336805
-0.0331199
-0.0325343
-0.0319243
-0.0312906
-0.0306341
-0.0299558
-0.0292567
-0.0285383
-0.027802
-0.0270496
-0.026283
-0.0255045
-0.0247165
-0.0239219
-0.0231238
-0.0223255
-0.021531
-0.0207443
-0.0199697
-0.0192121
-0.0184765
-0.017768
-0.017092
-0.0164541
-0.0158597
-0.015314
-0.0148221
-0.0143884
-0.0140165
-0.0137091
-0.0134675
-0.0132923
-0.0131853
-0.0131662
-0.0132573
-0.013465
-0.0137668
-0.0140872
-0.0143229
-0.0144593
-0.00791174
-0.00789115
-0.00786017
-0.00782619
-0.00780077
-0.00779847
-0.00783355
-0.00791713
-0.00805574
-0.00825156
-0.00850344
-0.00880826
-0.00916201
-0.00956063
-0.0100004
-0.0104783
-0.0109916
-0.0115384
-0.0121166
-0.0127246
-0.0133607
-0.0140231
-0.0147097
-0.0154183
-0.0161466
-0.0168918
-0.0176513
-0.0184222
-0.0192017
-0.0199868
-0.0207748
-0.0215631
-0.022349
-0.0231303
-0.0239047
-0.0246702
-0.0254251
-0.0261677
-0.0268967
-0.0276106
-0.0283085
-0.0289892
-0.0296519
-0.0302957
-0.03092
-0.0315239
-0.0321069
-0.0326684
-0.0332079
-0.0337247
-0.0342185
-0.0346887
-0.0351349
-0.0355567
-0.0359536
-0.0363254
-0.0366715
-0.0369917
-0.0372856
-0.037553
-0.0377935
-0.0380069
-0.0381929
-0.0383514
-0.038482
-0.0385847
-0.0386592
-0.0387053
-0.0387231
-0.0387123
-0.0386729
-0.0386053
-0.0385113
-0.0383881
-0.038236
-0.0380549
-0.0378448
-0.0376058
-0.0373378
-0.0370411
-0.0367156
-0.0363614
-0.0359787
-0.0355677
-0.0351285
-0.0346614
-0.0341666
-0.0336445
-0.0330954
-0.0325199
-0.0319184
-0.0312916
-0.0306403
-0.0299653
-0.0292675
-0.0285483
-0.0278089
-0.0270509
-0.0262761
-0.0254864
-0.0246843
-0.0238723
-0.0230532
-0.0222304
-0.0214073
-0.0205879
-0.0197765
-0.0189776
-0.0181961
-0.0174373
-0.0167066
-0.0160096
-0.015352
-0.0147396
-0.0141778
-0.013672
-0.0132268
-0.0128462
-0.012533
-0.0122889
-0.0121152
-0.012015
-0.0120175
-0.012153
-0.0124341
-0.0128362
-0.0132647
-0.0135819
-0.0137495
-0.00774934
-0.00773129
-0.00770263
-0.00767043
-0.00764309
-0.00763346
-0.00765464
-0.00771737
-0.00782853
-0.00799106
-0.0082048
-0.0084676
-0.00877643
-0.00912811
-0.00951981
-0.00994917
-0.0104144
-0.0109139
-0.0114467
-0.0120115
-0.0126072
-0.0132324
-0.0138855
-0.0145644
-0.0152671
-0.015991
-0.0167334
-0.0174913
-0.0182619
-0.0190419
-0.0198285
-0.0206186
-0.0214094
-0.0221983
-0.0229826
-0.0237602
-0.0245289
-0.0252868
-0.0260322
-0.0267634
-0.0274793
-0.0281784
-0.0288598
-0.0295224
-0.0301654
-0.0307879
-0.0313891
-0.0319685
-0.0325254
-0.0330591
-0.0335692
-0.0340551
-0.0345164
-0.0349526
-0.0353632
-0.0357479
-0.0361062
-0.0364379
-0.0367426
-0.03702
-0.0372697
-0.0374915
-0.0376852
-0.0378505
-0.0379873
-0.0380952
-0.0381742
-0.0382241
-0.0382447
-0.038236
-0.0381979
-0.0381303
-0.038036
-0.0379118
-0.0377578
-0.037574
-0.0373604
-0.037117
-0.0368438
-0.0365409
-0.0362085
-0.0358464
-0.035455
-0.0350344
-0.0345846
-0.034106
-0.0335988
-0.0330634
-0.0325001
-0.0319094
-0.0312918
-0.030648
-0.0299787
-0.0292848
-0.0285674
-0.0278276
-0.0270668
-0.0262867
-0.025489
-0.0246758
-0.0238496
-0.0230129
-0.0221688
-0.0213206
-0.020472
-0.019627
-0.01879
-0.0179658
-0.0171595
-0.0163764
-0.0156223
-0.014903
-0.0142245
-0.0135927
-0.0130135
-0.0124924
-0.0120342
-0.0116432
-0.0113225
-0.0110742
-0.0109001
-0.0108047
-0.0108272
-0.0110073
-0.011366
-0.0118788
-0.0124314
-0.012846
-0.0130517
-0.00759881
-0.0075833
-0.00755739
-0.00752701
-0.00749849
-0.0074829
-0.00749192
-0.00753553
-0.00762061
-0.00775056
-0.00792598
-0.0081457
-0.00840768
-0.00870976
-0.00905008
-0.00942725
-0.00984032
-0.0102887
-0.0107719
-0.0112896
-0.0118411
-0.0124255
-0.0130417
-0.013688
-0.0143623
-0.0150624
-0.0157855
-0.0165286
-0.0172887
-0.0180624
-0.0188465
-0.0196377
-0.0204329
-0.0212292
-0.0220235
-0.0228133
-0.0235962
-0.0243699
-0.0251323
-0.0258818
-0.0266165
-0.0273351
-0.0280362
-0.0287187
-0.0293815
-0.0300237
-0.0306444
-0.0312428
-0.0318182
-0.03237
-0.0328975
-0.0334002
-0.0338776
-0.0343291
-0.0347544
-0.0351529
-0.0355244
-0.0358683
-0.0361845
-0.0364725
-0.0367321
-0.036963
-0.037165
-0.0373377
-0.037481
-0.0375947
-0.0376786
-0.0377326
-0.0377564
-0.0377501
-0.0377134
-0.0376463
-0.0375518
-0.0374267
-0.0372709
-0.0370845
-0.0368674
-0.0366197
-0.0363414
-0.0360324
-0.035693
-0.0353231
-0.0349229
-0.0344926
-0.0340322
-0.033542
-0.0330224
-0.0324735
-0.0318958
-0.0312897
-0.0306559
-0.0299948
-0.0293074
-0.0285945
-0.0278571
-0.0270965
-0.0263141
-0.0255115
-0.0246906
-0.0238536
-0.0230028
-0.0221411
-0.0212714
-0.0203973
-0.0195224
-0.0186511
-0.0177878
-0.0169374
-0.0161053
-0.015297
-0.0145183
-0.0137755
-0.0130748
-0.0124222
-0.011824
-0.0112858
-0.0108129
-0.0104097
-0.0100795
-0.00982483
-0.00964789
-0.00955457
-0.00959415
-0.00981679
-0.0102548
-0.0108864
-0.0115779
-0.0121062
-0.0123577
-0.00745962
-0.00744667
-0.00742446
-0.00739512
-0.00736595
-0.00734578
-0.00734451
-0.00737101
-0.0074317
-0.00753013
-0.00766746
-0.00784334
-0.00805675
-0.00830667
-0.00859238
-0.00891363
-0.00927055
-0.00966354
-0.0100931
-0.0105595
-0.0110628
-0.0116029
-0.0121788
-0.0127893
-0.0134326
-0.0141064
-0.0148081
-0.0155345
-0.0162825
-0.0170486
-0.0178293
-0.0186209
-0.0194201
-0.0202235
-0.0210278
-0.02183
-0.0226274
-0.0234174
-0.0241976
-0.024966
-0.0257205
-0.0264595
-0.0271814
-0.0278849
-0.0285687
-0.0292318
-0.0298731
-0.0304917
-0.0310868
-0.0316577
-0.0322038
-0.0327243
-0.0332188
-0.0336867
-0.0341275
-0.0345408
-0.0349262
-0.0352833
-0.0356118
-0.0359112
-0.0361813
-0.0364219
-0.0366327
-0.0368133
-0.0369637
-0.0370837
-0.0371729
-0.0372313
-0.0372588
-0.0372551
-0.0372201
-0.0371538
-0.0370593
-0.0369335
-0.0367761
-0.0365872
-0.0363668
-0.0361149
-0.0358314
-0.0355165
-0.0351702
-0.0347924
-0.0343835
-0.0339434
-0.0334724
-0.0329707
-0.0324385
-0.0318761
-0.031284
-0.0306625
-0.0300123
-0.0293339
-0.0286283
-0.0278962
-0.0271387
-0.0263572
-0.025553
-0.0247277
-0.0238835
-0.0230223
-0.0221467
-0.0212596
-0.020364
-0.0194634
-0.0185619
-0.0176636
-0.0167733
-0.0158959
-0.0150371
-0.0142025
-0.0133982
-0.0126306
-0.0119062
-0.0112314
-0.0106125
-0.0100555
-0.00956591
-0.00914835
-0.00880643
-0.00854278
-0.00836004
-0.00826509
-0.00831715
-0.00857779
-0.00909329
-0.0098479
-0.0106902
-0.0113478
-0.0116531
-0.00733076
-0.00732002
-0.0073002
-0.00727301
-0.00724419
-0.00722098
-0.0072114
-0.00722297
-0.00726127
-0.00732961
-0.00742941
-0.00756098
-0.00772433
-0.00791964
-0.00814753
-0.00840909
-0.00870574
-0.00903907
-0.00941059
-0.00982159
-0.0102729
-0.0107648
-0.0112971
-0.0118688
-0.0124782
-0.0131234
-0.0138015
-0.0145095
-0.015244
-0.0160013
-0.0167776
-0.017569
-0.0183717
-0.0191819
-0.0199962
-0.020811
-0.0216233
-0.0224301
-0.0232288
-0.0240168
-0.0247919
-0.0255523
-0.026296
-0.0270216
-0.0277275
-0.0284126
-0.0290756
-0.0297156
-0.0303316
-0.0309228
-0.0314885
-0.0320279
-0.0325406
-0.0330258
-0.0334832
-0.0339122
-0.0343124
-0.0346834
-0.0350249
-0.0353365
-0.0356179
-0.0358688
-0.036089
-0.0362782
-0.0364362
-0.0365628
-0.0366578
-0.0367211
-0.0367525
-0.0367518
-0.036719
-0.0366537
-0.0365594
-0.0364329
-0.0362742
-0.0360831
-0.0358595
-0.0356035
-0.0353151
-0.0349942
-0.034641
-0.0342556
-0.0338379
-0.0333882
-0.0329067
-0.0323934
-0.0318487
-0.0312729
-0.0306663
-0.0300295
-0.0293629
-0.0286673
-0.0279434
-0.0271921
-0.0264146
-0.0256121
-0.024786
-0.0239382
-0.0230704
-0.022185
-0.0212845
-0.0203717
-0.0194499
-0.0185227
-0.017594
-0.0166683
-0.0157503
-0.0148453
-0.0139589
-0.013097
-0.012266
-0.0114724
-0.0107229
-0.0100242
-0.00938284
-0.00880514
-0.00829674
-0.00786249
-0.00750617
-0.00723056
-0.0070385
-0.00693745
-0.00699547
-0.00728635
-0.0078728
-0.00874922
-0.00974939
-0.0105494
-0.010916
-0.0072118
-0.00720303
-0.00718507
-0.00715922
-0.00713236
-0.00710753
-0.00709155
-0.00709046
-0.0071086
-0.00714858
-0.0072117
-0.00729876
-0.00741072
-0.00754908
-0.00771598
-0.00791406
-0.00814627
-0.00841559
-0.00872478
-0.00907616
-0.00947143
-0.0099116
-0.0103969
-0.0109267
-0.0114997
-0.0121139
-0.0127665
-0.0134544
-0.014174
-0.0149214
-0.0156924
-0.016483
-0.0172888
-0.0181058
-0.01893
-0.0197576
-0.0205851
-0.0214092
-0.0222269
-0.0230353
-0.0238319
-0.0246145
-0.0253811
-0.0261297
-0.0268589
-0.027567
-0.0282529
-0.0289153
-0.0295533
-0.0301659
-0.0307523
-0.0313118
-0.0318436
-0.0323473
-0.0328221
-0.0332677
-0.0336836
-0.0340694
-0.0344247
-0.0347492
-0.0350425
-0.0353044
-0.0355346
-0.0357329
-0.0358991
-0.0360329
-0.0361342
-0.0362028
-0.0362386
-0.0362413
-0.0362109
-0.0361472
-0.0360526
-0.035926
-0.0357662
-0.035573
-0.0353465
-0.0350866
-0.0347933
-0.0344668
-0.0341069
-0.0337138
-0.0332876
-0.0328284
-0.0323364
-0.0318117
-0.0312546
-0.0306655
-0.0300446
-0.0293926
-0.0287098
-0.027997
-0.027255
-0.0264848
-0.0256873
-0.024864
-0.0240162
-0.0231457
-0.0222546
-0.021345
-0.0204195
-0.0194811
-0.018533
-0.0175789
-0.0166228
-0.0156693
-0.0147233
-0.01379
-0.0128753
-0.0119853
-0.0111264
-0.0103055
-0.00952942
-0.00880515
-0.00813952
-0.00753899
-0.00700944
-0.00655589
-0.00618223
-0.00589129
-0.00568587
-0.00557352
-0.00562894
-0.00593875
-0.00658393
-0.00757353
-0.0087314
-0.0096822
-0.0101166
-0.00710264
-0.00709553
-0.00707967
-0.00705675
-0.00703041
-0.0070045
-0.00698384
-0.00697244
-0.00697285
-0.00698642
-0.00701393
-0.00705643
-0.00711579
-0.00719492
-0.00729766
-0.00742846
-0.00759204
-0.00779301
-0.00803553
-0.00832312
-0.00865845
-0.00904326
-0.00947832
-0.00996343
-0.0104975
-0.0110785
-0.0117038
-0.0123701
-0.0130735
-0.01381
-0.0145751
-0.0153642
-0.0161728
-0.0169964
-0.0178306
-0.0186713
-0.0195144
-0.0203563
-0.0211935
-0.022023
-0.022842
-0.0236477
-0.024438
-0.0252108
-0.0259641
-0.0266964
-0.0274062
-0.0280922
-0.0287533
-0.0293883
-0.0299965
-0.030577
-0.031129
-0.031652
-0.0321453
-0.0326084
-0.0330408
-0.0334422
-0.0338121
-0.0341502
-0.0344562
-0.0347297
-0.0349706
-0.0351786
-0.0353535
-0.035495
-0.035603
-0.0356774
-0.0357179
-0.0357245
-0.035697
-0.0356355
-0.0355401
-0.0354139
-0.0352532
-0.0350583
-0.034829
-0.0345654
-0.0342676
-0.0339355
-0.0335692
-0.0331687
-0.0327342
-0.0322657
-0.0317634
-0.0312275
-0.0306583
-0.030056
-0.0294211
-0.028754
-0.0280553
-0.0273257
-0.0265658
-0.0257768
-0.0249597
-0.0241158
-0.0232466
-0.0223538
-0.0214395
-0.0205059
-0.0195557
-0.0185917
-0.0176174
-0.0166365
-0.0156529
-0.0146714
-0.0136969
-0.0127349
-0.0117913
-0.0108722
-0.00998453
-0.00913506
-0.00833096
-0.00757942
-0.0068875
-0.00626187
-0.00570863
-0.00523292
-0.00483869
-0.0045287
-0.00430549
-0.00417606
-0.00421828
-0.00453196
-0.00521714
-0.00630219
-0.00760769
-0.0087105
-0.00921728
-0.00700291
-0.006997
-0.00698279
-0.00696215
-0.00693659
-0.00691058
-0.00688714
-0.00686791
-0.00685312
-0.00684234
-0.0068354
-0.00683335
-0.00683892
-0.00685653
-0.00689193
-0.00695165
-0.00704244
-0.00717074
-0.00734235
-0.00756209
-0.00783371
-0.00815975
-0.00854155
-0.00897929
-0.00947207
-0.010018
-0.0106144
-0.0112577
-0.011944
-0.0126687
-0.0134273
-0.0142146
-0.0150258
-0.015856
-0.0167003
-0.0175541
-0.0184132
-0.0192734
-0.0201308
-0.0209821
-0.0218241
-0.0226538
-0.0234687
-0.0242665
-0.025045
-0.0258024
-0.0265372
-0.0272478
-0.0279329
-0.0285914
-0.0292224
-0.0298249
-0.0303981
-0.0309413
-0.0314539
-0.0319354
-0.0323853
-0.032803
-0.0331883
-0.0335407
-0.03386
-0.0341459
-0.0343981
-0.0346163
-0.0348004
-0.0349502
-0.0350654
-0.035146
-0.0351918
-0.0352026
-0.0351783
-0.0351188
-0.0350241
-0.0348981
-0.0347368
-0.0345403
-0.0343085
-0.0340416
-0.0337394
-0.0334021
-0.0330295
-0.0326219
-0.0321793
-0.0317018
-0.0311895
-0.0306427
-0.0300617
-0.0294466
-0.028798
-0.0281163
-0.027402
-0.0266558
-0.0258786
-0.0250713
-0.0242349
-0.0233709
-0.0224806
-0.021566
-0.020629
-0.0196718
-0.0186972
-0.0177081
-0.0167079
-0.0157002
-0.0146893
-0.0136798
-0.0126767
-0.0116856
-0.0107125
-0.00976373
-0.00884618
-0.00796693
-0.00713331
-0.0063527
-0.00563238
-0.00497924
-0.00439953
-0.00389852
-0.00348018
-0.00314708
-0.0029013
-0.00274863
-0.00276527
-0.00306422
-0.00376369
-0.00491582
-0.0063465
-0.00759263
-0.0081731
-0.00691228
-0.00690694
-0.00689357
-0.00687364
-0.0068496
-0.00682495
-0.00680076
-0.00677613
-0.00674861
-0.00671545
-0.0066751
-0.00662837
-0.00657884
-0.00653256
-0.00649743
-0.0064823
-0.0064962
-0.00654768
-0.00664429
-0.00679235
-0.00699674
-0.00726086
-0.00758664
-0.00797464
-0.00842417
-0.00893337
-0.00949944
-0.0101187
-0.010787
-0.0114995
-0.012251
-0.0130363
-0.0138501
-0.0146868
-0.0155414
-0.0164088
-0.0172842
-0.0181631
-0.0190414
-0.0199151
-0.0207808
-0.0216352
-0.0224756
-0.0232992
-0.0241038
-0.0248873
-0.0256479
-0.0263841
-0.0270942
-0.0277772
-0.0284319
-0.0290573
-0.0296525
-0.0302169
-0.0307497
-0.0312504
-0.0317184
-0.0321533
-0.0325547
-0.0329222
-0.0332555
-0.0335543
-0.0338184
-0.0340474
-0.0342413
-0.0343998
-0.0345228
-0.0346101
-0.0346615
-0.0346769
-0.0346562
-0.0345992
-0.0345058
-0.0343801
-0.0342184
-0.0340206
-0.0337867
-0.0335167
-0.0332105
-0.0328682
-0.0324898
-0.0320754
-0.031625
-0.0311388
-0.030617
-0.0300597
-0.0294672
-0.0288398
-0.028178
-0.027482
-0.0267527
-0.0259906
-0.0251965
-0.0243714
-0.0235164
-0.0226328
-0.0217222
-0.0207864
-0.0198272
-0.0188471
-0.0178487
-0.016835
-0.0158092
-0.0147753
-0.0137373
-0.0127
-0.0116683
-0.010648
-0.00964505
-0.00866599
-0.00771773
-0.00680752
-0.00594286
-0.00513132
-0.00438037
-0.00369709
-0.0030879
-0.00255816
-0.0021118
-0.00175117
-0.00147766
-0.00129548
-0.00127289
-0.00153551
-0.00221664
-0.00339593
-0.0049148
-0.0062829
-0.00693398
-0.00683046
-0.00682493
-0.006812
-0.00679272
-0.00676923
-0.00674791
-0.00672466
-0.00669671
-0.00665857
-0.00660463
-0.00653156
-0.00643971
-0.00633351
-0.00622082
-0.00611191
-0.00601823
-0.00595134
-0.00592206
-0.00593993
-0.00601282
-0.00614684
-0.00634628
-0.00661368
-0.00694997
-0.00735461
-0.00782577
-0.00836054
-0.00895506
-0.00960478
-0.0103046
-0.011049
-0.0118322
-0.0126485
-0.0134921
-0.0143572
-0.0152385
-0.0161307
-0.0170288
-0.0179284
-0.0188251
-0.0197152
-0.0205951
-0.0214616
-0.0223119
-0.0231434
-0.0239538
-0.0247411
-0.0255036
-0.0262397
-0.026948
-0.0276272
-0.0282764
-0.0288945
-0.0294808
-0.0300347
-0.0305553
-0.0310423
-0.031495
-0.0319132
-0.0322964
-0.0326443
-0.0329567
-0.0332332
-0.0334736
-0.0336778
-0.0338456
-0.0339768
-0.0340712
-0.0341287
-0.0341492
-0.0341325
-0.0340785
-0.0339868
-0.0338615
-0.0336997
-0.0335011
-0.0332654
-0.0329926
-0.0326828
-0.0323359
-0.031952
-0.0315312
-0.0310735
-0.0305791
-0.0300482
-0.0294809
-0.0288775
-0.0282383
-0.0275637
-0.0268543
-0.0261105
-0.0253331
-0.0245228
-0.0236807
-0.0228079
-0.0219056
-0.0209755
-0.0200192
-0.0190387
-0.0180365
-0.0170151
-0.0159775
-0.014927
-0.0138674
-0.0128029
-0.0117381
-0.0106782
-0.00962868
-0.00859573
-0.00758588
-0.00660614
-0.00566385
-0.00476664
-0.00392224
-0.00313827
-0.00242201
-0.00178001
-0.00121771
-0.000738989
-0.000345859
-3.89866e-05
0.00017914
0.000254609
5.19737e-05
-0.000571813
-0.00172662
-0.00328072
-0.00473447
-0.00544732
-0.0067566
-0.00675017
-0.00673767
-0.00672012
-0.00670072
-0.00668078
-0.00665913
-0.00662939
-0.00658218
-0.00650845
-0.0064027
-0.00626473
-0.00609988
-0.00591803
-0.00573208
-0.00555631
-0.00540502
-0.00529149
-0.00522733
-0.00522208
-0.00528313
-0.00541566
-0.00562283
-0.00590591
-0.0062645
-0.00669675
-0.0071996
-0.00776894
-0.00839989
-0.00908696
-0.00982424
-0.0106056
-0.0114247
-0.0122754
-0.0131514
-0.0140469
-0.0149563
-0.0158742
-0.0167956
-0.017716
-0.0186311
-0.0195371
-0.0204304
-0.021308
-0.0221671
-0.0230052
-0.02382
-0.0246096
-0.0253723
-0.0261066
-0.0268112
-0.0274848
-0.0281266
-0.0287356
-0.0293111
-0.0298524
-0.030359
-0.0308303
-0.0312658
-0.0316654
-0.0320285
-0.0323549
-0.0326445
-0.0328968
-0.0331119
-0.0332894
-0.0334292
-0.0335312
-0.0335953
-0.0336213
-0.0336091
-0.0335586
-0.0334698
-0.0333436
-0.0331828
-0.0329837
-0.0327466
-0.0324716
-0.0321585
-0.0318075
-0.0314186
-0.0309918
-0.0305273
-0.0300252
-0.0294857
-0.028909
-0.0282953
-0.027645
-0.0269585
-0.0262362
-0.0254788
-0.0246869
-0.0238613
-0.0230031
-0.0221134
-0.0211934
-0.0202447
-0.019269
-0.0182683
-0.017245
-0.0162017
-0.0151412
-0.0140669
-0.0129826
-0.0118924
-0.0108008
-0.00971304
-0.00863465
-0.00757172
-0.00653082
-0.00551895
-0.00454354
-0.00361228
-0.002733
-0.00191347
-0.0011611
-0.000482599
0.000116554
0.000632592
0.00106393
0.00141088
0.00167253
0.0018111
0.0016937
0.00117172
0.000104093
-0.00141601
-0.00290256
-0.00366133
-0.00668901
-0.00668095
-0.00666901
-0.00665387
-0.00663812
-0.00662239
-0.006604
-0.00657378
-0.00651833
-0.00642485
-0.00628551
-0.00609962
-0.00587363
-0.00561968
-0.0053535
-0.00509241
-0.00485359
-0.00465291
-0.00450411
-0.00441846
-0.0044046
-0.00446867
-0.00461439
-0.00484335
-0.00515528
-0.00554826
-0.00601902
-0.00656318
-0.0071755
-0.00785008
-0.00858058
-0.00936037
-0.0101827
-0.0110409
-0.0119283
-0.0128386
-0.0137657
-0.0147039
-0.0156477
-0.0165922
-0.0175328
-0.0184654
-0.0193862
-0.0202917
-0.021179
-0.0220453
-0.0228882
-0.0237055
-0.0244955
-0.0252565
-0.025987
-0.0266858
-0.0273519
-0.0279842
-0.028582
-0.0291445
-0.0296713
-0.0301616
-0.0306152
-0.0310316
-0.0314105
-0.0317515
-0.0320545
-0.0323193
-0.0325456
-0.0327333
-0.0328823
-0.0329924
-0.0330635
-0.0330954
-0.0330882
-0.0330416
-0.0329557
-0.0328303
-0.0326701
-0.0324709
-0.0322328
-0.0319559
-0.0316401
-0.0312854
-0.030892
-0.0304598
-0.0299891
-0.02948
-0.0289325
-0.028347
-0.0277238
-0.0270631
-0.0263654
-0.0256312
-0.0248611
-0.0240557
-0.0232159
-0.0223427
-0.0214371
-0.0205006
-0.0195345
-0.0185407
-0.0175211
-0.016478
-0.015414
-0.0143319
-0.0132351
-0.0121272
-0.0110123
-0.00989489
-0.00878008
-0.00767335
-0.00658071
-0.00550868
-0.00446422
-0.00345474
-0.00248793
-0.00157169
-0.000713852
7.80519e-05
0.000797225
0.00143813
0.00199713
0.00247329
0.00286881
0.00318844
0.0033849
0.00338362
0.00301224
0.00210363
0.000702039
-0.000747311
-0.00152812
-0.00662498
-0.00661466
-0.00660395
-0.00659286
-0.00658286
-0.00657316
-0.00655944
-0.0065293
-0.00646522
-0.00635067
-0.00617559
-0.00593905
-0.0056489
-0.00531976
-0.00497042
-0.00462131
-0.00429259
-0.00400269
-0.00376754
-0.00360009
-0.0035103
-0.00350515
-0.00358896
-0.00376361
-0.00402888
-0.00438277
-0.00482178
-0.00534122
-0.00593543
-0.0065981
-0.00732241
-0.00810126
-0.00892743
-0.00979373
-0.0106931
-0.0116187
-0.012564
-0.0135229
-0.0144896
-0.0154587
-0.0164254
-0.0173851
-0.0183337
-0.0192677
-0.0201836
-0.0210786
-0.0219501
-0.0227957
-0.0236135
-0.0244016
-0.0251586
-0.0258831
-0.0265739
-0.02723
-0.0278506
-0.0284349
-0.0289822
-0.0294922
-0.0299642
-0.0303979
-0.0307929
-0.0311491
-0.031466
-0.0317436
-0.0319817
-0.03218
-0.0323385
-0.0324571
-0.0325356
-0.032574
-0.0325721
-0.0325299
-0.0324472
-0.0323237
-0.0321641
-0.0319652
-0.0317266
-0.0314482
-0.0311302
-0.0307724
-0.030375
-0.0299381
-0.0294618
-0.0289463
-0.0283917
-0.0277982
-0.0271663
-0.0264961
-0.0257882
-0.0250431
-0.0242613
-0.0234435
-0.0225906
-0.0217036
-0.0207836
-0.0198318
-0.0188498
-0.0178393
-0.0168023
-0.0157409
-0.0146577
-0.0135556
-0.0124378
-0.0113077
-0.0101695
-0.00902759
-0.00788681
-0.00675257
-0.00563077
-0.00452778
-0.00345045
-0.00240607
-0.00140228
-0.0004469
0.000452209
0.00128749
0.00205206
0.00274035
0.00334881
0.00387694
0.00432838
0.00471161
0.0049845
0.00512126
0.00494794
0.00427567
0.00309008
0.00176447
0.00099444
-0.00656051
-0.00654778
-0.00653966
-0.0065353
-0.00653431
-0.00653309
-0.00652495
-0.0064943
-0.00641961
-0.00628098
-0.00606659
-0.00577572
-0.005418
-0.00501076
-0.00457586
-0.00413689
-0.00371688
-0.00333682
-0.00301472
-0.0027652
-0.00259944
-0.00252529
-0.00254759
-0.00266849
-0.00288782
-0.00320344
-0.00361158
-0.0041072
-0.00468424
-0.00533591
-0.00605491
-0.00683365
-0.00766443
-0.00853956
-0.00945151
-0.010393
-0.0113571
-0.0123372
-0.0133272
-0.0143214
-0.0153145
-0.0163016
-0.0172785
-0.0182412
-0.0191862
-0.0201102
-0.0210106
-0.0218848
-0.0227307
-0.0235464
-0.0243302
-0.0250806
-0.0257965
-0.0264768
-0.0271206
-0.027727
-0.0282954
-0.0288253
-0.0293161
-0.0297675
-0.0301791
-0.0305506
-0.0308819
-0.0311727
-0.0314228
-0.0316322
-0.0318006
-0.0319281
-0.0320144
-0.0320596
-0.0320635
-0.0320261
-0.0319473
-0.031827
-0.031667
-0.0314693
-0.0312307
-0.0309515
-0.0306317
-0.0302715
-0.0298708
-0.0294298
-0.0289486
-0.0284275
-0.0278665
-0.027266
-0.0266262
-0.0259476
-0.0252306
-0.0244756
-0.0236833
-0.0228544
-0.0219898
-0.0210904
-0.0201573
-0.0191919
-0.0181956
-0.0171701
-0.0161173
-0.0150394
-0.0139389
-0.0128186
-0.0116814
-0.010531
-0.00937123
-0.00820627
-0.0070409
-0.00588032
-0.00473019
-0.00359669
-0.00248644
-0.00140651
-0.000364345
0.000632396
0.00157598
0.00245892
0.00327437
0.00401671
0.00468244
0.00527127
0.00578747
0.00624121
0.00661118
0.00690704
0.00697752
0.00662187
0.00576006
0.00466006
0.00394325
-0.00649015
-0.00647555
-0.00647229
-0.00647833
-0.00649039
-0.00650094
-0.00649823
-0.00646498
-0.00637571
-0.00620819
-0.00594958
-0.00560003
-0.00517139
-0.00468369
-0.00416183
-0.00363235
-0.00312103
-0.00265122
-0.00224292
-0.0019123
-0.00167172
-0.00152983
-0.00149198
-0.00156055
-0.00173538
-0.00201417
-0.00239289
-0.0028661
-0.00342731
-0.00406923
-0.00478408
-0.00556377
-0.0064001
-0.0072849
-0.00821018
-0.00916822
-0.0101516
-0.0111535
-0.0121672
-0.0131867
-0.0142065
-0.0152213
-0.0162267
-0.0172183
-0.0181925
-0.0191458
-0.0200752
-0.0209782
-0.0218524
-0.0226958
-0.0235066
-0.0242832
-0.0250245
-0.0257291
-0.0263962
-0.027025
-0.0276147
-0.0281647
-0.0286746
-0.0291439
-0.0295724
-0.0299596
-0.0303055
-0.0306098
-0.0308723
-0.031093
-0.0312717
-0.0314084
-0.0315029
-0.0315553
-0.0315654
-0.0315333
-0.0314589
-0.0313421
-0.0311831
-0.0309863
-0.0307482
-0.0304687
-0.0301479
-0.0297858
-0.0293825
-0.0289381
-0.0284529
-0.0279269
-0.0273605
-0.0267539
-0.0261074
-0.0254214
-0.0246963
-0.0239328
-0.0231313
-0.0222927
-0.0214178
-0.0205076
-0.0195631
-0.0185857
-0.0175769
-0.0165382
-0.0154716
-0.0143792
-0.0132634
-0.0121269
-0.0109726
-0.00980385
-0.00862441
-0.00743831
-0.00625007
-0.00506462
-0.00388734
-0.00272407
-0.00158112
-0.000465196
0.000616619
0.00165699
0.00264849
0.00358388
0.00445652
0.00526095
0.00599377
0.00665487
0.00724879
0.00778594
0.00826927
0.00874612
0.00910383
0.00914603
0.00872369
0.00796508
0.0073542
-0.00640671
-0.00639183
-0.0063968
-0.0064178
-0.00644706
-0.00647121
-0.00647413
-0.00643433
-0.00632404
-0.00612137
-0.00581267
-0.00540002
-0.00489786
-0.00432855
-0.00371977
-0.00310076
-0.00249973
-0.00194219
-0.00144993
-0.00104059
-0.000727591
-0.000520355
-0.000424693
-0.000443205
-0.000575736
-0.000819822
-0.00117112
-0.00162379
-0.00217089
-0.00280465
-0.00351678
-0.00429867
-0.00514164
-0.00603704
-0.00697643
-0.00795165
-0.00895491
-0.00997886
-0.0110166
-0.0120617
-0.0131084
-0.0141511
-0.015185
-0.0162056
-0.0172089
-0.0181915
-0.01915
-0.0200817
-0.0209842
-0.0218553
-0.0226931
-0.023496
-0.0242625
-0.0249916
-0.0256822
-0.0263333
-0.0269444
-0.0275147
-0.0280437
-0.0285312
-0.0289766
-0.0293797
-0.0297404
-0.0300584
-0.0303335
-0.0305658
-0.030755
-0.0309012
-0.0310043
-0.0310642
-0.031081
-0.0310546
-0.0309849
-0.030872
-0.0307157
-0.0305195
-0.0302824
-0.0300032
-0.0296819
-0.0293186
-0.0289134
-0.0284665
-0.027978
-0.0274482
-0.0268773
-0.0262656
-0.0256134
-0.0249212
-0.0241894
-0.0234186
-0.0226095
-0.0217627
-0.0208791
-0.0199597
-0.0190056
-0.0180181
-0.0169987
-0.0159489
-0.0148706
-0.0137659
-0.0126371
-0.0114866
-0.0103175
-0.00913273
-0.00793592
-0.00673088
-0.00552181
-0.0043133
-0.00311037
-0.00191842
-0.000743285
0.000408842
0.00153141
0.00261765
0.00366069
0.00465382
0.00559091
0.006467
0.00727922
0.00802804
0.00871878
0.00936224
0.00997308
0.0106538
0.0113393
0.0118612
0.0120007
0.0117124
0.0112713
-0.00630107
-0.00628892
-0.00630676
-0.00634814
-0.00639897
-0.00643789
-0.00644601
-0.00639226
-0.00625053
-0.00600624
-0.00564115
-0.00516179
-0.00458545
-0.00393517
-0.00324147
-0.00253584
-0.00184855
-0.00120701
-0.000634641
-0.000150368
0.000231388
0.000500474
0.000650631
0.000679043
0.000585865
0.000373737
4.73188e-05
-0.000387151
-0.000922249
-0.00154972
-0.00226075
-0.00304626
-0.00389707
-0.00480407
-0.00575836
-0.00675139
-0.00777497
-0.00882138
-0.00988337
-0.0109542
-0.0120278
-0.0130983
-0.0141606
-0.01521
-0.0162424
-0.017254
-0.0182414
-0.0192017
-0.0201323
-0.0210308
-0.0218954
-0.0227244
-0.0235161
-0.0242695
-0.0249834
-0.0256569
-0.0262892
-0.0268797
-0.027428
-0.0279335
-0.0283959
-0.028815
-0.0291905
-0.0295223
-0.0298102
-0.0300542
-0.0302542
-0.0304101
-0.030522
-0.0305898
-0.0306135
-0.0305932
-0.0305288
-0.0304205
-0.0302681
-0.0300722
-0.0298367
-0.0295584
-0.0292373
-0.0288735
-0.0284672
-0.0280185
-0.0275277
-0.026995
-0.0264206
-0.0258049
-0.0251483
-0.0244511
-0.0237139
-0.0229373
-0.0221219
-0.0212685
-0.020378
-0.0194512
-0.0184895
-0.0174939
-0.0164659
-0.0154072
-0.0143196
-0.0132049
-0.0120654
-0.0109035
-0.00972203
-0.00852384
-0.0073122
-0.00609066
-0.00486308
-0.00363365
-0.00240689
-0.00118768
1.87994e-05
0.00120703
0.00237124
0.00350548
0.00460377
0.00566034
0.00667005
0.00762901
0.00853561
0.00939196
0.0102058
0.0109922
0.0117728
0.0126416
0.0137112
0.0147997
0.0156313
0.0159564
0.0157619
-0.00616213
-0.00615744
-0.00619406
-0.00626192
-0.00633912
-0.00639065
-0.00639557
-0.00632677
-0.00615335
-0.00584809
-0.00541797
-0.00487023
-0.00422309
-0.00349446
-0.00272013
-0.00193294
-0.00116472
-0.000444626
0.000202489
0.000756539
0.00120219
0.00152859
0.00172902
0.00180044
0.00174299
0.00155948
0.0012549
0.000835906
0.000310384
-0.000312911
-0.00102468
-0.00181534
-0.00267524
-0.00359484
-0.00456483
-0.00557625
-0.00662053
-0.00768961
-0.00877594
-0.00987248
-0.0109728
-0.0120708
-0.0131613
-0.0142393
-0.0153003
-0.0163405
-0.0173564
-0.0183448
-0.019303
-0.0202287
-0.0211197
-0.0219743
-0.022791
-0.0235683
-0.0243052
-0.0250007
-0.0256541
-0.0262647
-0.0268319
-0.0273553
-0.0278347
-0.0282696
-0.02866
-0.0290056
-0.0293063
-0.0295621
-0.0297729
-0.0299388
-0.0300597
-0.0301356
-0.0301666
-0.0301527
-0.030094
-0.0299905
-0.0298423
-0.0296494
-0.0294144
-0.0291377
-0.0288175
-0.0284539
-0.0280473
-0.0275977
-0.0271055
-0.0265709
-0.0259941
-0.0253756
-0.0247157
-0.0240149
-0.0232738
-0.0224928
-0.0216728
-0.0208145
-0.0199187
-0.0189865
-0.018019
-0.0170174
-0.0159832
-0.0149178
-0.0138231
-0.0127009
-0.0115534
-0.0103827
-0.00919158
-0.00798262
-0.00675884
-0.00552346
-0.00427994
-0.00303197
-0.00178352
-0.000538765
0.000697865
0.00192177
0.00312819
0.00431235
0.00546957
0.00659556
0.00768683
0.00874142
0.00976009
0.0107481
0.0117176
0.0126911
0.0137049
0.0147716
0.0162844
0.0180293
0.0196943
0.0207942
0.020939
-0.00597731
-0.00598675
-0.00604937
-0.00614765
-0.00624247
-0.00630055
-0.00630399
-0.00621472
-0.00600583
-0.00565628
-0.00516344
-0.00453371
-0.00380286
-0.00299921
-0.00215164
-0.00129016
-0.000447984
0.000343703
0.00105882
0.0016763
0.00217997
0.00255828
0.00280401
0.00291385
0.0028879
0.00272917
0.00244297
0.00203637
0.00151774
0.000896321
0.00018189
-0.000615507
-0.00148578
-0.00241896
-0.00340535
-0.00443561
-0.00550086
-0.0065927
-0.00770328
-0.00882528
-0.00995199
-0.0110772
-0.0121953
-0.0133012
-0.0143904
-0.0154586
-0.0165023
-0.0175182
-0.0185034
-0.0194556
-0.0203724
-0.0212521
-0.022093
-0.0228937
-0.0236532
-0.0243703
-0.0250443
-0.0256745
-0.0262604
-0.0268015
-0.0272975
-0.0277481
-0.0281531
-0.0285124
-0.0288259
-0.0290935
-0.0293152
-0.0294911
-0.0296211
-0.0297053
-0.0297437
-0.0297365
-0.0296838
-0.0295856
-0.0294422
-0.0292535
-0.02902
-0.0287447
-0.028426
-0.0280635
-0.0276573
-0.0272077
-0.026715
-0.0261795
-0.0256014
-0.0249813
-0.0243194
-0.0236164
-0.0228727
-0.0220889
-0.0212659
-0.0204044
-0.0195053
-0.0185695
-0.0175983
-0.0165928
-0.0155545
-0.0144848
-0.0133855
-0.0122583
-0.0111052
-0.00992847
-0.00873036
-0.00751341
-0.00628028
-0.00503382
-0.00377704
-0.00251311
-0.00124529
2.29876e-05
0.00128827
0.00254705
0.00379591
0.00503159
0.00625125
0.00745273
0.00863511
0.00979956
0.0109508
0.0120992
0.0132641
0.0144763
0.0157756
0.0171891
0.0191669
0.0216654
0.0243272
0.0263929
0.0269925
-0.00573427
-0.00576647
-0.0058622
-0.00598918
-0.00610259
-0.00617586
-0.00616929
-0.00605355
-0.00580419
-0.00540396
-0.0048503
-0.00415492
-0.00334674
-0.00245794
-0.0015357
-0.000609565
0.000298707
0.00115379
0.00192908
0.00260274
0.0031578
0.00358199
0.00386749
0.00401065
0.00401153
0.00387333
0.0036017
0.00320417
0.00268958
0.00206762
0.00134855
0.000542846
-0.000339001
-0.00128664
-0.00229001
-0.00333945
-0.00442576
-0.00554024
-0.00667478
-0.00782183
-0.00897441
-0.0101261
-0.0112712
-0.0124042
-0.0135206
-0.014616
-0.0156866
-0.0167291
-0.0177405
-0.0187182
-0.0196601
-0.020564
-0.0214284
-0.0222518
-0.0230331
-0.0237711
-0.0244652
-0.0251145
-0.0257185
-0.0262768
-0.0267891
-0.027255
-0.0276744
-0.0280471
-0.0283732
-0.0286525
-0.028885
-0.0290708
-0.02921
-0.0293025
-0.0293487
-0.0293484
-0.0293019
-0.0292094
-0.029071
-0.0288869
-0.0286575
-0.028383
-0.0280664
-0.0277055
-0.0273006
-0.0268519
-0.0263597
-0.0258243
-0.0252461
-0.0246254
-0.0239629
-0.0232589
-0.0225141
-0.0217291
-0.0209047
-0.0200417
-0.019141
-0.0182036
-0.0172306
-0.0162233
-0.0151831
-0.0141113
-0.0130097
-0.0118799
-0.0107239
-0.00954361
-0.00834121
-0.00711894
-0.00587918
-0.00462438
-0.00335706
-0.00207977
-0.000795065
0.000494558
0.00178672
0.00307926
0.00437038
0.00565879
0.00694407
0.00822705
0.00951054
0.0108005
0.0121078
0.0134515
0.0148627
0.01639
0.0181004
0.0200753
0.0224307
0.0258788
0.0297534
0.0330273
0.0342314
-0.00542433
-0.00549367
-0.00563095
-0.00579378
-0.00593118
-0.00601346
-0.00599358
-0.00584703
-0.00555281
-0.00509789
-0.00448235
-0.00372083
-0.00284223
-0.00188306
-0.000886822
0.000101367
0.00106904
0.00197806
0.00280497
0.00352703
0.00412649
0.00459024
0.00490969
0.00508075
0.00510345
0.00498122
0.00472015
0.00432822
0.00381472
0.00318982
0.00246419
0.00164868
0.000754181
-0.000208636
-0.00122939
-0.00229813
-0.00340537
-0.00454216
-0.00570016
-0.00687157
-0.00804923
-0.00922655
-0.0103975
-0.0115567
-0.0126992
-0.0138206
-0.0149171
-0.015985
-0.0170215
-0.0180237
-0.0189894
-0.0199166
-0.0208035
-0.0216486
-0.0224508
-0.0232089
-0.0239222
-0.0245898
-0.0252113
-0.0257862
-0.0263142
-0.0267949
-0.0272282
-0.0276141
-0.0279524
-0.0282431
-0.0284863
-0.0286819
-0.0288302
-0.0289312
-0.028985
-0.0289918
-0.0289518
-0.0288651
-0.0287321
-0.0285529
-0.0283279
-0.0280574
-0.0277419
-0.0273833
-0.0269804
-0.0265335
-0.0260426
-0.0255084
-0.0249311
-0.0243111
-0.0236491
-0.0229455
-0.022201
-0.0214162
-0.020592
-0.0197291
-0.0188286
-0.0178913
-0.0169184
-0.0159112
-0.0148711
-0.0137993
-0.0126976
-0.0115674
-0.0104107
-0.00922922
-0.00802492
-0.0067998
-0.00555592
-0.00429531
-0.00302
-0.00173188
-0.00043271
0.000876001
0.00219312
0.00351802
0.00485084
0.00619276
0.00754646
0.00891676
0.0103117
0.0117441
0.0132344
0.0148146
0.0165344
0.0184683
0.0207175
0.0233914
0.0265378
0.0309811
0.0363245
0.0411301
0.0431421
-0.00505132
-0.00517949
-0.0053748
-0.00558044
-0.00574847
-0.00582989
-0.00579148
-0.00560888
-0.00526488
-0.00475122
-0.00407191
-0.00324452
-0.0022992
-0.00127433
-0.000213606
0.000840142
0.00184996
0.0028047
0.0036748
0.00443754
0.00507448
0.00557163
0.00591923
0.00611264
0.00615194
0.00604099
0.00578634
0.00539649
0.0048812
0.00425105
0.00351707
0.00269047
0.00178244
0.000803952
-0.000234354
-0.00132226
-0.00245005
-0.00360856
-0.00478923
-0.00598408
-0.00718576
-0.00838751
-0.00958317
-0.0107672
-0.0119345
-0.0130805
-0.0142014
-0.0152934
-0.0163535
-0.0173788
-0.0183671
-0.0193162
-0.0202244
-0.0210901
-0.021912
-0.0226892
-0.0234207
-0.0241058
-0.0247439
-0.0253345
-0.0258775
-0.0263723
-0.0268191
-0.0272175
-0.0275676
-0.0278694
-0.0281229
-0.0283282
-0.0284854
-0.0285947
-0.0286562
-0.0286702
-0.0286367
-0.0285561
-0.0284287
-0.0282546
-0.0280343
-0.0277682
-0.0274566
-0.0271001
-0.0266994
-0.0262552
-0.0257665
-0.0252344
-0.0246589
-0.0240407
-0.0233804
-0.0226784
-0.0219354
-0.0211522
-0.0203295
-0.0194682
-0.0185693
-0.0176337
-0.0166626
-0.0156572
-0.0146187
-0.0135488
-0.0124487
-0.0113201
-0.0101646
-0.00898384
-0.00777963
-0.00655371
-0.00530782
-0.00404359
-0.00276251
-0.00146582
-0.000154437
0.0011712
0.00251131
0.00386703
0.00524074
0.00663658
0.00806113
0.00952443
0.0110416
0.0126352
0.0143392
0.0162051
0.0183105
0.0207697
0.0237385
0.0273991
0.0319085
0.0372866
0.0445275
0.0513525
0.0544689
-0.00464265
-0.00486748
-0.0051309
-0.00538466
-0.00557541
-0.00565437
-0.00559059
-0.005364
-0.00496294
-0.00438493
-0.0036386
-0.00274463
-0.00173471
-0.000648151
0.000471566
0.00158192
0.00264444
0.00362449
0.00452299
0.00531969
0.00598788
0.00651298
0.00688327
0.0070935
0.00714413
0.00703968
0.00678738
0.00639623
0.00587645
0.00523896
0.00449512
0.00365641
0.00273426
0.00173989
0.000684164
-0.000422489
-0.00157016
-0.0027495
-0.00395177
-0.00516883
-0.00639317
-0.0076179
-0.00883672
-0.0100439
-0.0112344
-0.0124035
-0.0135471
-0.0146615
-0.0157436
-0.0167905
-0.0177998
-0.0187693
-0.0196972
-0.0205821
-0.0214225
-0.0222174
-0.0229659
-0.0236673
-0.0243209
-0.0249264
-0.0254834
-0.0259916
-0.026451
-0.0268614
-0.0272227
-0.027535
-0.0277985
-0.0280131
-0.028179
-0.0282965
-0.0283656
-0.0283866
-0.0283597
-0.0282853
-0.0281635
-0.0279948
-0.0277795
-0.0275179
-0.0272106
-0.026858
-0.0264607
-0.0260185
-0.0255328
-0.0250037
-0.024431
-0.0238153
-0.0231576
-0.0224583
-0.0217179
-0.0209372
-0.0201171
-0.0192587
-0.0183626
-0.01743
-0.0164618
-0.0154593
-0.014424
-0.0133571
-0.01226
-0.0111343
-0.00998142
-0.00880283
-0.00760016
-0.00637495
-0.00512862
-0.00386243
-0.00257734
-0.00127392
4.77895e-05
0.00138845
0.00274976
0.00413478
0.00554848
0.0069985
0.00849621
0.0100583
0.0117093
0.013485
0.0154388
0.0176501
0.0202372
0.0233718
0.0272867
0.0322534
0.0384949
0.0460051
0.0550699
0.0646646
0.0693328
-0.00426625
-0.00461353
-0.0049564
-0.00526636
-0.00547443
-0.00553808
-0.0054337
-0.0051488
-0.00467891
-0.00402782
-0.00320891
-0.00224589
-0.00117178
-2.62883e-05
0.00114762
0.00230785
0.0034159
0.00443782
0.00534569
0.00615522
0.00685014
0.00739964
0.0077878
0.00800937
0.00806605
0.00796349
0.00770968
0.00731419
0.00678756
0.00614103
0.00538618
0.00453469
0.0035982
0.0025881
0.00151543
0.000390788
-0.000775762
-0.00197472
-0.0031972
-0.00443493
-0.00568028
-0.00692623
-0.00816639
-0.00939494
-0.0106066
-0.0117968
-0.0129612
-0.0140961
-0.0151983
-0.0162649
-0.0172934
-0.0182816
-0.0192276
-0.02013
-0.0209873
-0.0217984
-0.0225625
-0.0232789
-0.0239468
-0.024566
-0.025136
-0.0256566
-0.0261277
-0.0265491
-0.026921
-0.0272433
-0.0275161
-0.0277395
-0.0279137
-0.028039
-0.0281154
-0.0281433
-0.0281229
-0.0280546
-0.0279386
-0.0277752
-0.027565
-0.0273082
-0.0270054
-0.0266569
-0.0262633
-0.0258249
-0.0253425
-0.0248159
-0.0242463
-0.0236338
-0.0229795
-0.0222839
-0.0215465
-0.020769
-0.0199523
-0.0190974
-0.0182052
-0.0172762
-0.0163116
-0.0153128
-0.0142812
-0.0132181
-0.012125
-0.011003
-0.00985348
-0.00867783
-0.0074775
-0.00625384
-0.00500803
-0.00374094
-0.00245304
-0.00114421
0.000186394
0.0015406
0.00292165
0.00433473
0.00578776
0.00729247
0.00886608
0.0105337
0.0123319
0.0143146
0.0165618
0.0191923
0.0223822
0.0263856
0.0315447
0.0382606
0.0468772
0.0574417
0.0693793
0.0824796
0.0893994
-0.00407894
-0.00457349
-0.0050072
-0.00534712
-0.00553867
-0.00555287
-0.0053778
-0.0050103
-0.00445323
-0.00371598
-0.00281583
-0.00177879
-0.000638739
0.000564869
0.0017899
0.002995
0.00414232
0.00519928
0.00613966
0.00694156
0.00764077
0.00821594
0.00861778
0.00884519
0.00890283
0.00879795
0.00853935
0.00813702
0.00760178
0.00694503
0.00617852
0.00531407
0.00436345
0.00333818
0.00224944
0.00110794
-7.6118e-05
-0.00129313
-0.0025341
-0.00379064
-0.00505501
-0.00632012
-0.00757948
-0.00882719
-0.0100579
-0.0112669
-0.01245
-0.0136032
-0.0147234
-0.0158075
-0.0168531
-0.0178579
-0.0188201
-0.0197381
-0.0206105
-0.0214362
-0.0222143
-0.022944
-0.0236248
-0.0242562
-0.024838
-0.0253698
-0.0258515
-0.0262831
-0.0266645
-0.0269959
-0.0272773
-0.0275089
-0.0276909
-0.0278234
-0.0279068
-0.0279412
-0.027927
-0.0278645
-0.0277541
-0.027596
-0.0273908
-0.0271387
-0.0268404
-0.0264961
-0.0261065
-0.0256719
-0.0251929
-0.0246699
-0.0241036
-0.0234946
-0.022843
-0.0221493
-0.0214155
-0.0206414
-0.0198282
-0.0189775
-0.0180898
-0.0171645
-0.0162036
-0.0152087
-0.0141809
-0.0131218
-0.012033
-0.0109151
-0.00976918
-0.0085966
-0.00739877
-0.00617689
-0.00493192
-0.00366444
-0.00237445
-0.001061
0.000277602
0.00164439
0.00304429
0.00448481
0.0059772
0.00753803
0.00919159
0.0109735
0.0129362
0.0151572
0.0177525
0.020895
0.0248407
0.0299571
0.0367391
0.0457726
0.057586
0.0723327
0.0893263
0.106485
0.117112
-0.00440708
-0.00505852
-0.00550933
-0.00578989
-0.00588421
-0.00578371
-0.00548849
-0.00500246
-0.00433283
-0.00349184
-0.00249847
-0.00137974
-0.000169392
0.00109402
0.00236959
0.00361691
0.00479882
0.00588431
0.00685123
0.0076794
0.00834797
0.0089471
0.00935731
0.00958496
0.00963917
0.00952874
0.00926305
0.00885231
0.00830749
0.00764008
0.00686191
0.0059849
0.00502091
0.00398154
0.00287807
0.00172129
0.000521501
-0.000711606
-0.00196894
-0.00324206
-0.00452314
-0.005805
-0.00708109
-0.00834546
-0.00959272
-0.0108181
-0.0120172
-0.0131863
-0.0143219
-0.0154212
-0.0164815
-0.0175007
-0.0184769
-0.0194083
-0.0202938
-0.0211321
-0.0219223
-0.0226637
-0.0233556
-0.0239978
-0.0245897
-0.0251313
-0.0256223
-0.0260628
-0.0264527
-0.0267922
-0.0270813
-0.0273201
-0.027509
-0.0276481
-0.0277377
-0.0277781
-0.0277696
-0.0277125
-0.0276072
-0.027454
-0.0272534
-0.0270058
-0.0267117
-0.0263715
-0.0259857
-0.0255549
-0.0250794
-0.0245598
-0.0239968
-0.0233908
-0.0227424
-0.0220523
-0.0213215
-0.0205508
-0.0197408
-0.0188916
-0.0180046
-0.0170823
-0.016125
-0.0151335
-0.0141093
-0.013054
-0.0119699
-0.0108566
-0.00971381
-0.00854386
-0.00734814
-0.00612773
-0.00488342
-0.00361568
-0.00232415
-0.00100646
0.000339743
0.00171875
0.00313735
0.00460567
0.00613878
0.007759
0.00949928
0.0114084
0.0135589
0.0160594
0.0190727
0.0228431
0.0277315
0.0342554
0.0431127
0.055145
0.0711629
0.0915351
0.11547
0.139851
0.156307
-0.00582654
-0.00650613
-0.00673526
-0.00675365
-0.006609
-0.00629687
-0.0058172
-0.00517062
-0.00436099
-0.00339813
-0.00229877
-0.00108948
0.000197136
0.00152429
0.00285273
0.00414297
0.00535754
0.00646488
0.00745245
0.00830512
0.00898318
0.00958026
0.00998985
0.010213
0.0102613
0.0101439
0.00987041
0.00945105
0.00889683
0.00821932
0.00743037
0.00654198
0.00556606
0.0045143
0.00339801
0.00222807
0.00101483
-0.000231943
-0.00150311
-0.00279016
-0.00408522
-0.00538106
-0.00667108
-0.00794928
-0.00921025
-0.0104491
-0.0116615
-0.0128437
-0.0139921
-0.0151039
-0.0161764
-0.0172075
-0.0181952
-0.0191378
-0.020034
-0.0208827
-0.0216829
-0.022434
-0.0231352
-0.0237863
-0.0243868
-0.0249365
-0.0254354
-0.0258833
-0.0262804
-0.0266266
-0.0269222
-0.0271673
-0.0273621
-0.0275068
-0.0276018
-0.0276473
-0.0276437
-0.0275912
-0.0274904
-0.0273415
-0.027145
-0.0269014
-0.026611
-0.0262744
-0.0258921
-0.0254645
-0.0249922
-0.0244758
-0.0239157
-0.0233126
-0.0226672
-0.02198
-0.021252
-0.0204839
-0.0196765
-0.0188304
-0.0179468
-0.0170273
-0.0160728
-0.0150845
-0.0140633
-0.0130103
-0.0119255
-0.0108114
-0.00967034
-0.00850242
-0.00730837
-0.00608902
-0.00484501
-0.00357722
-0.00228565
-0.000963507
0.000390292
0.00178168
0.0032198
0.00471768
0.00629483
0.00798048
0.00981817
0.0118731
0.0142429
0.017075
0.0205913
0.0251241
0.0311635
0.0394104
0.0508163
0.0665621
0.0878922
0.115667
0.149422
0.185441
0.211686
-0.00952413
-0.00943585
-0.00879278
-0.00819573
-0.00764271
-0.0070248
-0.00631288
-0.00548359
-0.00452481
-0.00343764
-0.00223055
-0.000930147
0.000432959
0.00182451
0.003207
0.00454177
0.00578978
0.00690945
0.00791356
0.00880323
0.00952397
0.0101011
0.0105007
0.010719
0.0107626
0.0106396
0.0103598
0.00993344
0.00937157
0.00868583
0.00788816
0.0069906
0.00600512
0.00494344
0.00381694
0.00263656
0.00141269
0.000155124
-0.00112693
-0.00242493
-0.00373097
-0.00503777
-0.0063387
-0.00762773
-0.00889941
-0.0101489
-0.0113717
-0.0125641
-0.0137226
-0.0148442
-0.0159263
-0.0169667
-0.0179634
-0.0189148
-0.0198196
-0.0206766
-0.0214848
-0.0222435
-0.0229522
-0.0236104
-0.0242177
-0.024774
-0.0252792
-0.0257332
-0.0261361
-0.0264879
-0.0267888
-0.0270389
-0.0272386
-0.027388
-0.0274874
-0.0275372
-0.0275377
-0.0274892
-0.0273921
-0.0272468
-0.0270538
-0.0268135
-0.0265264
-0.0261929
-0.0258135
-0.0253888
-0.0249193
-0.0244055
-0.0238481
-0.0232476
-0.0226046
-0.02192
-0.0211944
-0.0204287
-0.0196236
-0.0187801
-0.0178991
-0.0169821
-0.0160299
-0.0150439
-0.0140249
-0.012974
-0.0118922
-0.010781
-0.00964173
-0.00847542
-0.00728275
-0.00606421
-0.00481979
-0.00354814
-0.00224667
-0.000917477
0.000443092
0.00184665
0.00330595
0.00483628
0.00646232
0.00822145
0.0101699
0.0123922
0.0150161
0.0182338
0.0223347
0.0277501
0.0351124
0.0453242
0.0596223
0.0796006
0.107121
0.143974
0.190942
0.245082
0.290074
-0.0183338
-0.0135141
-0.0107614
-0.00927792
-0.00832785
-0.00743651
-0.00655681
-0.00561248
-0.00456585
-0.0034084
-0.00214718
-0.000793633
0.000619334
0.00205448
0.00347465
0.00484167
0.00611771
0.00727303
0.00830151
0.00919151
0.00992318
0.0104996
0.0108991
0.0111175
0.01116
0.0110351
0.0107522
0.0103218
0.00975527
0.00906422
0.00826071
0.00735683
0.00636463
0.00529589
0.00416203
0.00297404
0.00174234
0.000476793
-0.000813383
-0.0021196
-0.00343391
-0.00474902
-0.00605827
-0.00735559
-0.00863552
-0.00989315
-0.0111241
-0.0123245
-0.0134908
-0.0146201
-0.0157098
-0.0167576
-0.0177616
-0.0187201
-0.0196317
-0.0204953
-0.02131
-0.022075
-0.0227898
-0.0234538
-0.0240668
-0.0246286
-0.0251391
-0.0255982
-0.0260059
-0.0263624
-0.0266679
-0.0269224
-0.0271262
-0.0272797
-0.027383
-0.0274365
-0.0274405
-0.0273955
-0.0273017
-0.0271597
-0.0269698
-0.0267325
-0.0264482
-0.0261175
-0.0257409
-0.0253188
-0.0248518
-0.0243405
-0.0237855
-0.0231873
-0.0225467
-0.0218644
-0.0211411
-0.0203776
-0.0195747
-0.0187334
-0.0178548
-0.0169399
-0.0159899
-0.0150059
-0.0139889
-0.0129402
-0.0118614
-0.0107524
-0.00961483
-0.00844986
-0.00725819
-0.00604012
-0.00479538
-0.00352275
-0.00222034
-0.00088568
0.000490026
0.00191289
0.00339547
0.00495959
0.00663632
0.008472
0.0105363
0.0129339
0.0158229
0.0194403
0.0241405
0.0304475
0.0391241
0.051258
0.0683582
0.0924498
0.126145
0.172621
0.235222
0.315089
0.396897
-0.0367168
-0.0125005
-0.00761054
-0.00656481
-0.00616955
-0.00573842
-0.00517345
-0.00445027
-0.00356614
-0.00253182
-0.00136538
-8.87164e-05
0.00126253
0.00264833
0.00402857
0.0053632
0.00661431
0.00775339
0.00876734
0.00964221
0.0103633
0.0109256
0.0113146
0.0115252
0.0115608
0.0114291
0.0111393
0.010702
0.0101283
0.00943008
0.00861928
0.00770801
0.00670831
0.00563196
0.0044904
0.00329461
0.00205503
0.000781533
-0.000516641
-0.00183089
-0.00315324
-0.00447639
-0.00579366
-0.00709895
-0.0083868
-0.00965227
-0.010891
-0.012099
-0.0132728
-0.0144095
-0.0155065
-0.0165614
-0.0175723
-0.0185375
-0.0194557
-0.0203258
-0.0211467
-0.0219178
-0.0226384
-0.0233081
-0.0239266
-0.0244938
-0.0250094
-0.0254734
-0.025886
-0.0262471
-0.026557
-0.0268158
-0.0270238
-0.0271813
-0.0272885
-0.0273457
-0.0273534
-0.0273118
-0.0272214
-0.0270826
-0.0268959
-0.0266616
-0.0263803
-0.0260524
-0.0256785
-0.025259
-0.0247947
-0.0242859
-0.0237332
-0.0231375
-0.0224992
-0.0218191
-0.021098
-0.0203366
-0.0195359
-0.0186968
-0.0178202
-0.0169073
-0.0159593
-0.0149771
-0.0139619
-0.0129146
-0.0118358
-0.0107279
-0.00959194
-0.00842836
-0.00723774
-0.00602022
-0.00477535
-0.00350184
-0.00219741
-0.000858173
0.000523139
0.00195563
0.00345407
0.00504206
0.00675477
0.00864483
0.0107913
0.013313
0.0163885
0.0202846
0.0253979
0.0323115
0.0418713
0.0552859
0.0742556
0.101142
0.139208
0.192947
0.268365
0.372136
0.50465
SCALARS velocity_magnitude double 1
LOOKUP_TABLE default
4.95716e-05
0.000124586
0.00013425
0.000106299
0.000345329
0.00076444
0.00127119
0.00179628
0.0022784
0.0026727
0.00295497
0.00312057
0.0031803
0.00315313
0.00306069
0.00292608
0.00277168
0.0026169
0.00247812
0.00236891
0.0023004
0.00228117
0.0023155
0.00240358
0.00254188
0.00272177
0.0029304
0.00315297
0.00337525
0.00358608
0.00377853
0.0039497
0.00410001
0.00422981
0.00433831
0.00442641
0.00448817
0.0045107
0.00449207
0.00443213
0.00431238
0.00411643
0.00384842
0.00351052
0.00309175
0.0025856
0.00199407
0.00132469
0.000637899
0.000617417
0.00147436
0.00251312
0.00365612
0.00488909
0.00620465
0.00759656
0.00905858
0.0105842
0.0121667
0.0137991
0.0154741
0.0171844
0.0189228
0.0206821
0.022455
0.0242346
0.0260137
0.0277857
0.0295435
0.0312802
0.0329886
0.0346613
0.0362901
0.0378665
0.0393808
0.0408225
0.0421798
0.0434397
0.044588
0.0456095
0.0464884
0.0472073
0.0477517
0.048123
0.0483283
0.0483665
0.0482055
0.047788
0.0470656
0.0460012
0.0445635
0.042726
0.0404666
0.0377685
0.034622
0.0310251
0.0269856
0.0225222
0.0176688
0.0124874
0.00715424
0.00306692
0.00591023
0.0110176
0.0159979
0.0204924
0.0242707
0.0271563
0.0290206
0.0298183
0.0296152
0.0284904
0.02653
0.0239055
0.0208367
0.0175543
0.0142766
0.0111879
0.00842277
0.00605851
0.00411927
0.00258891
0.0014291
0.00060511
0.000247255
0.000449388
0.00053592
0.000409846
0.0001768
0.000108668
7.80705e-05
0.00033033
0.00112181
0.00232307
0.00385648
0.00558121
0.00733418
0.00896477
0.0103562
0.0114348
0.0121704
0.0125714
0.0126778
0.0125465
0.0122388
0.0118189
0.0113502
0.0108919
0.0104969
0.0102096
0.0100643
0.0100826
0.0102674
0.0106016
0.0110526
0.011576
0.0121217
0.0126399
0.0130874
0.01343
0.0136418
0.0137061
0.0136075
0.013324
0.0128405
0.0121315
0.0111487
0.00986739
0.00828765
0.00639837
0.00422337
0.00214831
0.00278707
0.00586669
0.00959362
0.0137366
0.018239
0.0230651
0.0281818
0.033556
0.0391526
0.0449345
0.0508646
0.0569056
0.0630212
0.0691761
0.0753365
0.0814706
0.0875483
0.0935415
0.0994243
0.105172
0.110763
0.116176
0.121391
0.126391
0.131156
0.135671
0.13992
0.143884
0.14755
0.150899
0.153914
0.156579
0.158876
0.160786
0.162291
0.163373
0.164016
0.164206
0.163932
0.163157
0.161795
0.159759
0.156994
0.153487
0.149252
0.144291
0.138598
0.132166
0.124994
0.117085
0.108452
0.0991118
0.0890948
0.0784431
0.0672165
0.0555036
0.0434494
0.0313444
0.0200021
0.0128471
0.017334
0.0279453
0.0392351
0.0499678
0.0596516
0.0679141
0.0743788
0.0786592
0.08055
0.0801181
0.0775616
0.0731439
0.0671831
0.0600477
0.0521417
0.0438831
0.03568
0.0279028
0.0208558
0.0147544
0.00971581
0.00576762
0.00287277
0.000947289
0.000140323
0.000390863
0.000150529
0.000216547
0.00124059
0.00282113
0.00482415
0.00710365
0.00950197
0.0118634
0.0140478
0.0159416
0.0174656
0.0185777
0.019272
0.0195748
0.0195409
0.019242
0.0187555
0.018162
0.0175417
0.0169696
0.0165108
0.0162147
0.0161122
0.0162076
0.0164744
0.0168608
0.0172973
0.0177072
0.0180132
0.0181437
0.0180371
0.0176325
0.0168822
0.0157448
0.014167
0.0121308
0.0096619
0.00684393
0.00427833
0.00475993
0.00875757
0.0140298
0.0200065
0.0265401
0.0335619
0.0410099
0.0488179
0.0569224
0.0652619
0.0737766
0.0824091
0.091104
0.0998085
0.108473
0.117051
0.125501
0.133783
0.141862
0.149706
0.157286
0.164577
0.171554
0.178199
0.184492
0.190417
0.195958
0.201102
0.205836
0.210148
0.214025
0.217457
0.22043
0.222934
0.224955
0.226481
0.227497
0.22799
0.227946
0.22735
0.226185
0.224409
0.221958
0.218801
0.214965
0.210477
0.205338
0.199542
0.193083
0.185962
0.17818
0.169739
0.160647
0.150915
0.140561
0.129613
0.11811
0.106106
0.0936819
0.0809532
0.0681038
0.0554426
0.0435365
0.0334792
0.0269643
0.0276342
0.0348936
0.0450067
0.0557447
0.0660446
0.0753317
0.0831795
0.0891428
0.0927054
0.0936285
0.0920518
0.0882249
0.0824644
0.0751417
0.0666681
0.0574776
0.0480062
0.0386728
0.0298584
0.0218849
0.0149902
0.00930146
0.00482909
0.00156576
0.000376101
0.000125463
0.000755844
0.00256168
0.00499018
0.00773431
0.0105624
0.0133209
0.0159064
0.0182392
0.0202534
0.0218968
0.0231358
0.0239588
0.0243778
0.0244302
0.0241751
0.0236848
0.023041
0.0223292
0.021633
0.0210265
0.0205657
0.0202779
0.0201594
0.0201696
0.0202318
0.0202466
0.0201065
0.0197018
0.0189177
0.0176633
0.0158649
0.013492
0.0106136
0.00752503
0.00564916
0.00800212
0.0133897
0.0200364
0.0274854
0.0355814
0.0442253
0.053315
0.0627675
0.0725094
0.0824659
0.0925614
0.102725
0.11289
0.122996
0.132987
0.142811
0.152423
0.161781
0.170848
0.179591
0.187982
0.195996
0.203614
0.210817
0.21759
0.223922
0.229802
0.235223
0.240178
0.244662
0.24867
0.252198
0.255244
0.257803
0.259872
0.261447
0.262526
0.263102
0.263171
0.262726
0.261762
0.260271
0.258238
0.255632
0.252445
0.248707
0.24444
0.239642
0.234306
0.228427
0.221996
0.215009
0.207462
0.199355
0.19069
0.181474
0.17172
0.161445
0.150679
0.139462
0.127852
0.115927
0.1038
0.0916307
0.0796464
0.0681722
0.0576498
0.0485967
0.0416211
0.0384057
0.0398715
0.0455192
0.053228
0.0616553
0.0699188
0.077443
0.0837681
0.0881791
0.0901488
0.089727
0.087073
0.0824322
0.0761148
0.0684783
0.0599098
0.0508116
0.0415853
0.0326139
0.0242332
0.016691
0.0101138
0.00457611
0.000578376
7.36873e-05
0.00158212
0.00430629
0.00762934
0.011063
0.0143022
0.0172163
0.019774
0.0219777
0.0238302
0.0253254
0.0264536
0.027209
0.0275961
0.027634
0.0273608
0.026834
0.0261256
0.0253163
0.0244878
0.0237139
0.0230466
0.0225023
0.0220508
0.0216152
0.0210783
0.0202923
0.0190933
0.0173379
0.0149391
0.0119459
0.00873743
0.00685134
0.00933621
0.0152454
0.0226299
0.0309296
0.039963
0.0495746
0.059646
0.0700871
0.0808109
0.0917252
0.102746
0.113799
0.124811
0.135716
0.146453
0.156967
0.167209
0.177138
0.186717
0.195914
0.204704
0.213065
0.22098
0.228435
0.235421
0.241932
0.247964
0.253514
0.258584
0.263174
0.267289
0.27093
0.274104
0.276813
0.279064
0.28086
0.282205
0.283103
0.283558
0.283571
0.283143
0.282275
0.280965
0.279211
0.277004
0.274333
0.271209
0.267651
0.263658
0.259223
0.254337
0.248993
0.24318
0.236892
0.230123
0.222867
0.215125
0.206897
0.198192
0.189019
0.179398
0.169355
0.158928
0.148167
0.137139
0.125935
0.114668
0.103485
0.0925594
0.0820873
0.0722644
0.0633015
0.0555433
0.049233
0.0458229
0.0457099
0.0487329
0.0538395
0.0600135
0.0664807
0.0725738
0.0773964
0.0802095
0.0808973
0.0795033
0.0761805
0.0711597
0.0647288
0.0572192
0.0489919
0.040421
0.0318676
0.023634
0.0158938
0.0086277
0.00173799
0.000200342
0.00272325
0.0065179
0.0107724
0.0148277
0.0183414
0.0212351
0.0235672
0.025433
0.0269123
0.0280536
0.0288782
0.0293914
0.0295943
0.0294899
0.0290957
0.0284506
0.0276114
0.0266464
0.0256273
0.0246162
0.0236478
0.0227093
0.0217227
0.020543
0.0189784
0.0168327
0.0139928
0.0106099
0.00775255
0.00861107
0.0141534
0.0217885
0.0304886
0.0400034
0.0501483
0.0607869
0.0718217
0.0831456
0.0946573
0.106268
0.117895
0.129458
0.140886
0.152114
0.163084
0.173747
0.184057
0.193979
0.20348
0.212538
0.221133
0.229252
0.236886
0.24403
0.250683
0.256846
0.262525
0.267725
0.272455
0.276723
0.28054
0.283917
0.286862
0.289388
0.291504
0.293218
0.294541
0.29548
0.29604
0.296228
0.296049
0.295504
0.294596
0.293324
0.291686
0.289677
0.287292
0.284539
0.281422
0.277937
0.274075
0.269828
0.265189
0.260148
0.254699
0.248833
0.242545
0.235833
0.228694
0.221132
0.213153
0.204766
0.195987
0.186839
0.177353
0.167566
0.157529
0.147303
0.136959
0.126578
0.116246
0.106043
0.0960347
0.086283
0.0768668
0.0678782
0.0593321
0.0519154
0.0464148
0.043985
0.044716
0.0482956
0.0537837
0.0598976
0.0651931
0.0688959
0.0707028
0.0705445
0.0684886
0.0646989
0.0594137
0.0529306
0.0455904
0.037751
0.0297293
0.0216643
0.0132304
0.00331476
0.000445213
0.00420533
0.0092319
0.0144323
0.0190076
0.0226327
0.0253213
0.0272415
0.0285894
0.0295259
0.0301558
0.030532
0.0306705
0.0305663
0.0302066
0.0295896
0.0287355
0.0276815
0.026477
0.0251729
0.023805
0.0223683
0.0207911
0.0189215
0.016551
0.0135181
0.010022
0.00782711
0.0107274
0.0178455
0.026587
0.0362787
0.0466934
0.0576397
0.0690143
0.0807083
0.0926142
0.104637
0.116684
0.128669
0.140512
0.152145
0.163504
0.174534
0.185188
0.195428
0.205222
0.214545
0.22338
0.231716
0.239546
0.24687
0.25369
0.260013
0.265849
0.27121
0.27611
0.280562
0.284583
0.288187
0.29139
0.294207
0.296652
0.298737
0.300475
0.301875
0.302948
0.303701
0.304139
0.304269
0.304094
0.303616
0.302834
0.301749
0.300358
0.298657
0.296643
0.294318
0.291684
0.288737
0.285468
0.281873
0.277943
0.273671
0.269052
0.264078
0.258744
0.253047
0.246982
0.240551
0.233755
0.226599
0.219091
0.211243
0.20307
0.194594
0.185839
0.176835
0.167614
0.158213
0.148663
0.138992
0.129214
0.119328
0.109322
0.0991784
0.0888765
0.0783951
0.0678815
0.0570977
0.0472729
0.039073
0.034885
0.0355158
0.0405863
0.0476648
0.0540947
0.0589688
0.0619294
0.0628738
0.0618493
0.0590084
0.0545884
0.0488935
0.0422648
0.0349974
0.0271112
0.0178334
0.00494641
0.000777262
0.00605852
0.0124655
0.0185846
0.0235339
0.0270739
0.0293536
0.0306709
0.0313307
0.0315771
0.0315709
0.0313942
0.0310687
0.0305742
0.0298794
0.0289662
0.027832
0.0264887
0.0249571
0.0232541
0.0213702
0.0192415
0.0167375
0.0137272
0.0104187
0.00872575
0.01224
0.0199442
0.0293654
0.0397917
0.0508766
0.0624398
0.074371
0.086551
0.0988813
0.111266
0.123614
0.135838
0.147863
0.159616
0.171037
0.182073
0.192679
0.202822
0.212473
0.221613
0.230231
0.238321
0.245885
0.252927
0.259458
0.265492
0.271044
0.276134
0.280782
0.285006
0.288827
0.292265
0.29534
0.298067
0.300465
0.302547
0.304327
0.305816
0.307023
0.307957
0.308623
0.309028
0.309174
0.309063
0.308697
0.308075
0.307196
0.306059
0.304659
0.302993
0.301066
0.298879
0.296427
0.293707
0.290712
0.287439
0.283881
0.280033
0.275891
0.271451
0.266707
0.261658
0.256302
0.250639
0.24467
0.238398
0.231828
0.224966
0.217822
0.210404
0.202723
0.194788
0.186609
0.178188
0.169521
0.160594
0.151377
0.141826
0.131885
0.121489
0.110572
0.0990777
0.0869872
0.0742469
0.0610794
0.047289
0.0345736
0.0244452
0.0224911
0.0293126
0.0383925
0.0463367
0.0523239
0.0561337
0.0577602
0.0573084
0.0549754
0.0510345
0.0457978
0.0394989
0.0319694
0.0219552
0.00635084
0.00120689
0.00831154
0.016211
0.0231649
0.0282957
0.0315245
0.0331752
0.0336931
0.0334987
0.0329211
0.0321767
0.0313736
0.0305322
0.029606
0.0285432
0.0273073
0.025866
0.0241959
0.0222796
0.0200933
0.0175946
0.0147635
0.0118429
0.0104052
0.0133847
0.0207704
0.0303233
0.0411232
0.052669
0.0647094
0.0770786
0.0896517
0.102328
0.115009
0.127604
0.140029
0.152207
0.164067
0.17555
0.186603
0.197184
0.207259
0.216805
0.225805
0.234253
0.242148
0.249495
0.256306
0.262597
0.268388
0.273701
0.278558
0.282986
0.287009
0.290652
0.293937
0.296886
0.29952
0.301857
0.303914
0.305703
0.307238
0.308528
0.309582
0.310406
0.311005
0.311383
0.311543
0.311485
0.311211
0.310721
0.310013
0.309087
0.307941
0.306573
0.304986
0.303183
0.301161
0.29892
0.296454
0.293763
0.290841
0.287686
0.284294
0.280663
0.276791
0.272674
0.268311
0.263702
0.258846
0.253743
0.248395
0.242803
0.236967
0.230889
0.224566
0.217994
0.211166
0.204067
0.196675
0.188954
0.18086
0.172328
0.163284
0.153639
0.143298
0.132167
0.120165
0.107235
0.0933552
0.0785811
0.0629618
0.046849
0.0300093
0.0144904
0.0107735
0.0231897
0.034428
0.0432509
0.0495942
0.0535474
0.0552166
0.0547794
0.0524802
0.0485846
0.0432265
0.0360072
0.0252493
0.00735596
0.00174915
0.0109822
0.0204292
0.0280718
0.0331508
0.0358211
0.0366149
0.036137
0.0349271
0.0334022
0.0318354
0.0303578
0.028976
0.0276241
0.0262323
0.0247302
0.023045
0.021118
0.0189166
0.0164856
0.0140808
0.0128335
0.0148189
0.021046
0.0300374
0.0407206
0.0524099
0.0647244
0.0774138
0.09031
0.103287
0.116238
0.129071
0.1417
0.154047
0.166042
0.177623
0.188739
0.199348
0.209416
0.218921
0.227849
0.236195
0.243961
0.251156
0.257798
0.263904
0.269501
0.274614
0.279273
0.283505
0.287341
0.290808
0.293934
0.296743
0.299257
0.301498
0.303483
0.305227
0.306745
0.308045
0.309139
0.310032
0.310732
0.311241
0.311563
0.311701
0.311657
0.31143
0.311022
0.310432
0.30966
0.308707
0.307573
0.306258
0.304768
0.303103
0.301263
0.299246
0.297052
0.294679
0.292125
0.289391
0.286473
0.283372
0.280086
0.276616
0.27296
0.269119
0.265093
0.260879
0.256479
0.251887
0.247101
0.242112
0.23691
0.231475
0.225786
0.219806
0.213492
0.206785
0.199611
0.191882
0.183495
0.174335
0.164283
0.15322
0.141045
0.127684
0.113113
0.0973804
0.0806202
0.0630831
0.0449818
0.0267749
0.00829035
0.0108352
0.0248457
0.0358545
0.044095
0.0498632
0.0532332
0.0543639
0.0534584
0.0507112
0.046122
0.0390523
0.0275234
0.00790721
0.00241873
0.014068
0.0250465
0.0331718
0.0379352
0.0397905
0.0395017
0.0378383
0.0354599
0.032874
0.0304169
0.0282478
0.026348
0.024659
0.0231013
0.0215512
0.019906
0.0181548
0.0164673
0.0155947
0.0168483
0.0215463
0.029313
0.0392711
0.0506557
0.0629369
0.0757512
0.0888539
0.10207
0.115268
0.128339
0.14119
0.153738
0.165912
0.177647
0.188889
0.199596
0.209732
0.219275
0.22821
0.236534
0.244249
0.251367
0.257906
0.26389
0.269346
0.274304
0.278797
0.282858
0.28652
0.289814
0.292771
0.295419
0.297784
0.299888
0.301751
0.303392
0.304824
0.306061
0.307113
0.307988
0.308693
0.309234
0.309616
0.30984
0.309911
0.30983
0.309598
0.309217
0.308689
0.308013
0.30719
0.306223
0.305111
0.30386
0.302475
0.300957
0.299305
0.297521
0.295605
0.293556
0.291377
0.289068
0.28663
0.284064
0.281371
0.278552
0.275608
0.272541
0.269348
0.26603
0.262582
0.258998
0.255269
0.25138
0.247311
0.243031
0.238503
0.233676
0.228487
0.222855
0.216687
0.209869
0.202276
0.19377
0.184207
0.173446
0.161363
0.147861
0.1329
0.116524
0.0988912
0.0803111
0.0612495
0.0423814
0.0247426
0.0135929
0.0198936
0.0307147
0.0399125
0.0469128
0.0515076
0.0538339
0.0540252
0.052173
0.0481199
0.0410126
0.0287315
0.00804574
0.0032273
0.0175392
0.0299535
0.0383053
0.0424717
0.0432586
0.0416741
0.0386494
0.0349599
0.0312058
0.0277982
0.0249433
0.0226596
0.02093
0.01965
0.018664
0.0179316
0.0178048
0.0189943
0.0225517
0.0288461
0.0375485
0.0481082
0.0599392
0.0725819
0.085694
0.0990294
0.112408
0.125691
0.138768
0.151545
0.16394
0.175885
0.18732
0.198199
0.208485
0.218151
0.22718
0.235569
0.243318
0.25044
0.256954
0.262884
0.268261
0.273116
0.277485
0.281406
0.284913
0.288044
0.29083
0.293305
0.295496
0.297431
0.29913
0.300616
0.301905
0.303011
0.303948
0.304726
0.305352
0.305835
0.30618
0.306392
0.306475
0.306431
0.306265
0.305977
0.30557
0.305047
0.304408
0.303655
0.302791
0.301818
0.30074
0.299561
0.298287
0.296918
0.295457
0.293905
0.292265
0.290539
0.28873
0.286841
0.284875
0.282836
0.280726
0.278549
0.276306
0.274
0.27163
0.269194
0.266687
0.264101
0.261421
0.258626
0.255688
0.252568
0.249215
0.245564
0.241537
0.237036
0.231948
0.226141
0.219468
0.211769
0.20288
0.192633
0.180878
0.167492
0.152405
0.135632
0.117316
0.0977783
0.0775723
0.0575418
0.0389464
0.0244874
0.0212743
0.0282437
0.0369782
0.0445029
0.0499119
0.0531234
0.0541424
0.0529331
0.04918
0.0418795
0.0289782
0.00785292
0.00418126
0.0213337
0.0350084
0.0432936
0.0465781
0.0460584
0.042988
0.0384476
0.0333146
0.028284
0.0238695
0.0203793
0.0181101
0.0171606
0.0172791
0.0182425
0.0201494
0.0234793
0.0287475
0.0360949
0.0454446
0.0563849
0.0684788
0.0813156
0.0945721
0.108004
0.121425
0.134695
0.147697
0.160336
0.172532
0.184217
0.195338
0.20585
0.215722
0.224935
0.233478
0.241351
0.248566
0.255138
0.261092
0.26646
0.271275
0.275575
0.279398
0.282785
0.285773
0.288401
0.290703
0.292712
0.294458
0.295966
0.29726
0.298361
0.299285
0.300049
0.300664
0.301141
0.301491
0.301719
0.301833
0.301839
0.301741
0.301542
0.301247
0.300858
0.300378
0.29981
0.299156
0.298418
0.297599
0.296703
0.295732
0.294694
0.293592
0.292429
0.291208
0.289933
0.288606
0.287233
0.285818
0.284365
0.282879
0.281367
0.279833
0.278283
0.276722
0.275153
0.273581
0.272004
0.270422
0.268828
0.267211
0.265554
0.263831
0.262007
0.260036
0.257856
0.255393
0.252553
0.249226
0.245282
0.240572
0.234932
0.228183
0.220137
0.210604
0.199405
0.186386
0.17144
0.154536
0.135769
0.115414
0.0940129
0.0724651
0.0521591
0.0353518
0.0263038
0.0280059
0.0350071
0.0423737
0.0482469
0.0520983
0.05373
0.0529553
0.0493179
0.0417537
0.0284454
0.00741996
0.00527915
0.0253559
0.0400424
0.0479455
0.0500736
0.0480366
0.0433246
0.0371417
0.0304388
0.0239998
0.0185233
0.0147974
0.0138849
0.015601
0.0188683
0.023028
0.0282713
0.0348177
0.0430128
0.052814
0.0640076
0.0762353
0.089146
0.102435
0.115863
0.129242
0.142425
0.155295
0.167755
0.179725
0.191138
0.201941
0.212096
0.221574
0.23036
0.238448
0.245845
0.252565
0.25863
0.26407
0.268919
0.273215
0.276999
0.280313
0.283198
0.285695
0.287843
0.289678
0.291234
0.29254
0.293624
0.29451
0.295218
0.295767
0.296172
0.296448
0.296605
0.296654
0.296603
0.29646
0.29623
0.29592
0.295534
0.295076
0.29455
0.293959
0.293306
0.292594
0.291825
0.291004
0.290132
0.289213
0.288252
0.287254
0.286227
0.285171
0.284091
0.282991
0.281877
0.280754
0.279628
0.278507
0.277398
0.276309
0.275247
0.27422
0.273235
0.272299
0.271416
0.270587
0.269812
0.269084
0.26839
0.267713
0.267022
0.266278
0.265428
0.264405
0.263123
0.261481
0.259355
0.256604
0.253064
0.248555
0.24288
0.235833
0.2272
0.216777
0.204375
0.189846
0.17311
0.154192
0.133287
0.110847
0.0876986
0.0652053
0.0455033
0.031976
0.028799
0.0334576
0.0402615
0.0463432
0.0506506
0.0527355
0.0522491
0.048625
0.0408185
0.0273208
0.00684438
0.00650896
0.0294785
0.0448665
0.0520653
0.0527856
0.0490607
0.0425983
0.0346848
0.0262842
0.018218
0.011504
0.00948879
0.0136008
0.0195325
0.0259855
0.0327949
0.0404901
0.0493622
0.059544
0.0709034
0.0831868
0.0960911
0.109337
0.122692
0.135969
0.149019
0.161721
0.173977
0.185707
0.196845
0.20734
0.217154
0.226262
0.234652
0.242322
0.249281
0.255548
0.261149
0.266116
0.270487
0.274303
0.277607
0.280444
0.282856
0.284887
0.286575
0.287958
0.289072
0.289946
0.290609
0.291085
0.291397
0.291564
0.291603
0.291527
0.291351
0.291085
0.290738
0.290319
0.289835
0.289292
0.288695
0.28805
0.28736
0.286629
0.28586
0.285057
0.284222
0.283358
0.282468
0.281556
0.280626
0.279679
0.278724
0.277768
0.276813
0.275864
0.274925
0.274004
0.273107
0.272243
0.271422
0.270652
0.269945
0.269309
0.268756
0.268296
0.267936
0.267683
0.26754
0.267509
0.267583
0.26775
0.26799
0.268273
0.268556
0.268783
0.26888
0.268757
0.268304
0.26739
0.265861
0.263544
0.260245
0.255753
0.249842
0.242281
0.232836
0.221292
0.207459
0.191204
0.172484
0.151397
0.128266
0.103757
0.0790633
0.0561747
0.0383059
0.0300497
0.0318312
0.0378778
0.0440599
0.0487301
0.0511754
0.0508964
0.0472541
0.0392798
0.0258076
0.00621306
0.00784573
0.0335482
0.0492805
0.0554594
0.0545566
0.0490265
0.0407707
0.0311048
0.0209033
0.0109
0.00409772
0.0112938
0.0201939
0.0285063
0.0367913
0.0454815
0.0549967
0.0655125
0.0770095
0.0893074
0.102161
0.11532
0.128562
0.141702
0.154591
0.167106
0.179149
0.190639
0.201509
0.211711
0.221206
0.229972
0.237999
0.245286
0.251847
0.257702
0.262878
0.267413
0.271345
0.274718
0.277577
0.279967
0.281933
0.28352
0.284768
0.285716
0.2864
0.286851
0.2871
0.287171
0.287089
0.286873
0.286542
0.286113
0.285598
0.28501
0.284359
0.283656
0.282907
0.28212
0.281301
0.280454
0.279584
0.278695
0.27779
0.276872
0.275943
0.275008
0.274067
0.273125
0.272185
0.271252
0.270331
0.269426
0.26854
0.267678
0.266845
0.266048
0.265296
0.264597
0.263961
0.2634
0.262926
0.26255
0.262287
0.262149
0.262148
0.262295
0.262599
0.263068
0.263701
0.264497
0.265444
0.266524
0.267704
0.268943
0.270181
0.271345
0.272338
0.273046
0.273332
0.273036
0.271975
0.269944
0.26672
0.262063
0.25572
0.247439
0.236974
0.224099
0.208634
0.19047
0.169614
0.146252
0.120861
0.0943718
0.0684615
0.0460282
0.0318095
0.0298095
0.0349903
0.0413092
0.0463479
0.0491309
0.0490385
0.0454003
0.0373632
0.0241091
0.00559662
0.00925001
0.0373937
0.0530816
0.0579451
0.0552521
0.0478695
0.0378784
0.0265837
0.0147098
0.00322965
0.00990751
0.0205359
0.0304414
0.0399666
0.0496092
0.0597437
0.0706079
0.0822466
0.0945577
0.10735
0.120406
0.133519
0.14651
0.15923
0.171557
0.18339
0.194649
0.205268
0.215197
0.2244
0.232855
0.240553
0.247496
0.253697
0.259179
0.263972
0.268112
0.271643
0.274607
0.277053
0.279026
0.280574
0.281741
0.28257
0.2831
0.28337
0.283411
0.283256
0.282931
0.282462
0.28187
0.281175
0.280394
0.279544
0.278637
0.277684
0.276697
0.275684
0.274652
0.273607
0.272556
0.271501
0.270448
0.269399
0.268356
0.267323
0.266301
0.265292
0.2643
0.263326
0.262374
0.261447
0.260553
0.259694
0.25887
0.258089
0.257357
0.256681
0.256071
0.255538
0.255093
0.254749
0.25452
0.254422
0.254469
0.254678
0.255063
0.255639
0.256418
0.257408
0.258616
0.260039
0.261671
0.263494
0.265478
0.267583
0.26975
0.271904
0.273949
0.275769
0.277223
0.278147
0.278351
0.277623
0.27573
0.272417
0.267418
0.260459
0.251268
0.239588
0.225196
0.207927
0.187704
0.164596
0.138896
0.111257
0.0829341
0.0562513
0.0355761
0.0277784
0.0314866
0.0380614
0.0435749
0.0467398
0.0468626
0.0432867
0.0353009
0.022416
0.0050491
0.010668
0.0408362
0.0560745
0.0593576
0.0547699
0.0455853
0.0341027
0.0217152
0.0105894
0.0104169
0.0207375
0.0315785
0.0421586
0.0526783
0.0634493
0.074699
0.0865224
0.0988773
0.111628
0.124593
0.137585
0.150435
0.162997
0.175148
0.186789
0.197838
0.208229
0.217914
0.226856
0.235034
0.24244
0.249076
0.254956
0.260104
0.264552
0.268337
0.271502
0.274092
0.276157
0.277744
0.2789
0.279672
0.280104
0.280238
0.280111
0.27976
0.279216
0.278509
0.277665
0.276709
0.275661
0.274541
0.273365
0.272148
0.270903
0.26964
0.268371
0.267101
0.265838
0.264587
0.263353
0.262139
0.260947
0.25978
0.25864
0.257527
0.256443
0.25539
0.254369
0.253382
0.252432
0.251521
0.250655
0.249837
0.24907
0.248358
0.24771
0.247133
0.246639
0.246238
0.245944
0.245772
0.245738
0.245859
0.246152
0.246637
0.247331
0.248251
0.249413
0.250829
0.252509
0.254454
0.256662
0.259118
0.261797
0.26466
0.267654
0.270704
0.273717
0.276577
0.279143
0.281249
0.282703
0.283287
0.282759
0.280856
0.277297
0.27179
0.26404
0.253762
0.240693
0.224618
0.205392
0.182984
0.157539
0.129471
0.0996472
0.0697502
0.0431281
0.0269069
0.0273336
0.0343182
0.0405266
0.0441829
0.044586
0.041148
0.0333187
0.0208966
0.00460995
0.0120335
0.0436994
0.0580798
0.0595582
0.0530528
0.0422629
0.0299557
0.0184374
0.013816
0.0210229
0.0319313
0.0432358
0.0545447
0.0659599
0.0776526
0.0897274
0.102187
0.114944
0.127855
0.140758
0.153495
0.165925
0.177929
0.189406
0.200275
0.210472
0.219947
0.228664
0.236604
0.243756
0.250124
0.255724
0.260578
0.26472
0.268187
0.271022
0.273274
0.27499
0.276221
0.277014
0.277419
0.277479
0.277238
0.276737
0.276013
0.275099
0.274028
0.272827
0.271523
0.270138
0.268693
0.267207
0.265696
0.264173
0.26265
0.261137
0.259644
0.258175
0.256738
0.255335
0.25397
0.252644
0.251359
0.250117
0.248916
0.247758
0.246643
0.245572
0.244545
0.243563
0.242627
0.24174
0.240906
0.240129
0.239412
0.23876
0.23818
0.237682
0.237278
0.236978
0.236799
0.236756
0.236867
0.23715
0.237626
0.238316
0.23924
0.240418
0.24187
0.243611
0.245656
0.24801
0.250676
0.253645
0.256896
0.260397
0.264097
0.26793
0.271806
0.275612
0.279211
0.282437
0.285099
0.286975
0.287821
0.287364
0.285311
0.281356
0.275182
0.266477
0.254945
0.240323
0.222407
0.201085
0.176382
0.148528
0.118087
0.0861894
0.0551023
0.0300466
0.0230034
0.0300631
0.0373179
0.0416547
0.0424329
0.0392108
0.0316201
0.0196905
0.00430735
0.0132717
0.0458205
0.0589414
0.0584441
0.0501055
0.0383504
0.0264915
0.0187734
0.0215258
0.0315622
0.0431804
0.0551157
0.0671563
0.079343
0.0917489
0.104395
0.11723
0.130148
0.143013
0.155683
0.168024
0.179921
0.191276
0.202007
0.21205
0.221357
0.229892
0.237634
0.244575
0.250719
0.256079
0.260681
0.264556
0.267743
0.270287
0.272235
0.273636
0.274542
0.275003
0.275067
0.274782
0.274192
0.27334
0.272265
0.271004
0.269589
0.268052
0.266419
0.264717
0.262968
0.261191
0.259403
0.25762
0.255855
0.254118
0.252418
0.25076
0.249152
0.247595
0.246093
0.244646
0.243256
0.241921
0.240641
0.239416
0.238244
0.237125
0.236058
0.235043
0.234081
0.233172
0.232319
0.231523
0.230788
0.230117
0.229516
0.228993
0.228557
0.22822
0.227996
0.2279
0.227948
0.228159
0.228555
0.229155
0.229984
0.231064
0.232418
0.234069
0.236036
0.238338
0.240987
0.24399
0.247343
0.251036
0.25504
0.259316
0.263801
0.268416
0.273053
0.277581
0.28184
0.28564
0.288763
0.29096
0.291953
0.291443
0.289107
0.284612
0.277619
0.267799
0.254848
0.238507
0.218594
0.195034
0.167923
0.137601
0.104816
0.0710599
0.0395999
0.0203914
0.0251302
0.0339639
0.0393043
0.0405959
0.0376667
0.0303696
0.0189043
0.00416184
0.0143033
0.0470584
0.0585292
0.0559717
0.0462503
0.0344474
0.0247486
0.0229935
0.0306549
0.0420385
0.054374
0.0669704
0.0796762
0.092486
0.105407
0.118408
0.131412
0.144308
0.156972
0.169282
0.181127
0.192411
0.203055
0.212995
0.222182
0.230583
0.238175
0.244952
0.250915
0.256081
0.260472
0.264122
0.26707
0.26936
0.271041
0.272162
0.272776
0.272935
0.272689
0.272086
0.271174
0.269997
0.268596
0.267011
0.265275
0.263424
0.261485
0.259487
0.257454
0.255407
0.253364
0.251342
0.249354
0.247411
0.245523
0.243695
0.241932
0.240239
0.238616
0.237063
0.23558
0.234167
0.23282
0.231538
0.230319
0.22916
0.22806
0.227017
0.22603
0.2251
0.224227
0.223415
0.222663
0.22197
0.221343
0.220787
0.220311
0.219925
0.219641
0.219471
0.219433
0.219543
0.21982
0.220285
0.220962
0.221873
0.223045
0.224501
0.226269
0.228371
0.230829
0.233661
0.236881
0.240492
0.244491
0.248861
0.253568
0.258564
0.263777
0.269111
0.274443
0.279623
0.284466
0.288759
0.292254
0.294673
0.295707
0.295025
0.292276
0.287098
0.279131
0.26803
0.253487
0.235251
0.213166
0.187213
0.157573
0.124734
0.0896864
0.054449
0.0243436
0.0194748
0.030234
0.0371377
0.039176
0.036635
0.029674
0.018611
0.00418553
0.0150517
0.0473003
0.0567605
0.0523218
0.0419043
0.0310798
0.0253495
0.029398
0.0399298
0.0523649
0.0653952
0.0786051
0.0918688
0.105147
0.118406
0.131584
0.144593
0.157326
0.169673
0.18153
0.192806
0.203422
0.213316
0.222441
0.230761
0.238257
0.244919
0.250752
0.25577
0.259997
0.263466
0.266216
0.268292
0.269743
0.270621
0.270978
0.270867
0.270341
0.269451
0.268245
0.266769
0.265068
0.263183
0.261151
0.259009
0.256787
0.254515
0.252219
0.249923
0.247645
0.245404
0.243213
0.241084
0.239026
0.237045
0.235147
0.233332
0.231604
0.22996
0.228399
0.226919
0.225517
0.22419
0.222934
0.221745
0.220621
0.219559
0.218556
0.217611
0.216724
0.215894
0.215124
0.214412
0.213762
0.213177
0.212664
0.212231
0.211888
0.211646
0.211519
0.211523
0.211674
0.211992
0.212497
0.213213
0.214164
0.215376
0.216877
0.218692
0.220849
0.223375
0.226291
0.229617
0.233365
0.237539
0.242134
0.247129
0.252485
0.258145
0.264026
0.270019
0.275985
0.28175
0.287109
0.291818
0.295602
0.29815
0.299121
0.298151
0.294855
0.288846
0.279739
0.267174
0.250841
0.230504
0.206046
0.177518
0.145221
0.109842
0.0727374
0.0368943
0.0150519
0.0255495
0.034916
0.0381124
0.0361304
0.029575
0.0188335
0.00437575
0.015457
0.0464605
0.0536837
0.0477842
0.0373673
0.0288682
0.0285407
0.0370057
0.0491633
0.0624697
0.0761325
0.0898691
0.103567
0.117167
0.130609
0.143817
0.156701
0.169163
0.181106
0.192443
0.203098
0.213012
0.222135
0.230436
0.237892
0.244496
0.250252
0.255173
0.259285
0.262619
0.265215
0.26712
0.268382
0.269053
0.269189
0.268843
0.26807
0.266921
0.26545
0.263703
0.261729
0.259569
0.257265
0.254855
0.252372
0.249848
0.247311
0.244785
0.242293
0.239851
0.237475
0.235177
0.232966
0.230848
0.228828
0.226907
0.225086
0.223362
0.221734
0.220199
0.218751
0.217386
0.2161
0.214888
0.213746
0.212671
0.211657
0.210704
0.209808
0.208969
0.208186
0.20746
0.206792
0.206185
0.205644
0.205174
0.204784
0.204482
0.20428
0.204191
0.204229
0.204411
0.204756
0.205284
0.206017
0.206979
0.208197
0.209698
0.21151
0.213662
0.216183
0.219099
0.222436
0.226213
0.230444
0.235133
0.240273
0.245839
0.25179
0.258059
0.264555
0.271152
0.277694
0.283987
0.289798
0.294856
0.298851
0.301439
0.302243
0.300862
0.296878
0.28987
0.279431
0.265188
0.246829
0.224144
0.197069
0.165757
0.13068
0.0928138
0.05408
0.0196896
0.01933
0.0321064
0.0371573
0.0360476
0.0300205
0.0195271
0.00471915
0.0154918
0.0444813
0.0494709
0.0425829
0.0330311
0.0283733
0.0334823
0.0448939
0.0582671
0.0723012
0.0865008
0.100657
0.114664
0.128451
0.141944
0.155063
0.167719
0.179825
0.191297
0.202065
0.212067
0.221257
0.229602
0.237081
0.243687
0.249423
0.254303
0.258351
0.2616
0.26409
0.265868
0.266982
0.267488
0.267439
0.266893
0.265906
0.264532
0.262824
0.260835
0.258613
0.256205
0.253652
0.250997
0.248275
0.245519
0.24276
0.240024
0.237334
0.234708
0.232163
0.229711
0.22736
0.225118
0.222987
0.22097
0.219065
0.21727
0.215582
0.213996
0.212506
0.211109
0.209797
0.208565
0.207407
0.20632
0.205298
0.204339
0.203438
0.202594
0.201806
0.201072
0.200393
0.199773
0.199213
0.198718
0.198295
0.19795
0.197692
0.197531
0.197481
0.197554
0.197766
0.198135
0.198679
0.19942
0.200381
0.201586
0.203063
0.20484
0.206945
0.209411
0.212265
0.215538
0.219256
0.223442
0.228109
0.233263
0.238897
0.244985
0.251481
0.258311
0.265373
0.272528
0.2796
0.286371
0.29258
0.297924
0.302056
0.304594
0.305119
0.30319
0.298351
0.290147
0.278145
0.261959
0.241285
0.21595
0.18597
0.151648
0.113707
0.0735788
0.0343069
0.0128249
0.027937
0.0359222
0.0361657
0.0308592
0.0205903
0.00519089
0.015127
0.0413973
0.0443054
0.0369722
0.0294998
0.0301485
0.0397054
0.0528732
0.0671796
0.0818127
0.0964413
0.110903
0.1251
0.138953
0.152386
0.165316
0.177662
0.189346
0.200299
0.210463
0.21979
0.228248
0.235817
0.242488
0.248264
0.253161
0.257201
0.260418
0.262852
0.264549
0.265561
0.265942
0.265749
0.26504
0.263873
0.262305
0.260393
0.258189
0.255747
0.253114
0.250337
0.247458
0.244516
0.241548
0.238585
0.235655
0.232782
0.229987
0.227285
0.22469
0.22221
0.219852
0.217618
0.215511
0.213527
0.211664
0.209918
0.208283
0.206754
0.205322
0.203983
0.202729
0.201555
0.200454
0.199422
0.198455
0.197548
0.1967
0.195907
0.19517
0.194487
0.19386
0.19329
0.192781
0.192337
0.191964
0.191669
0.19146
0.191348
0.191342
0.191457
0.191705
0.192102
0.192667
0.193418
0.194376
0.195565
0.19701
0.198738
0.200777
0.203158
0.205912
0.209071
0.212667
0.216728
0.221278
0.226337
0.231911
0.237994
0.244559
0.251558
0.25891
0.266502
0.274179
0.281744
0.288952
0.295511
0.301081
0.305273
0.30766
0.307778
0.305139
0.299243
0.289598
0.275743
0.257285
0.233939
0.20559
0.172383
0.134841
0.0940851
0.0522972
0.0155683
0.0218798
0.0339444
0.0361928
0.0318875
0.0218861
0.00574916
0.0143321
0.0373265
0.0383682
0.0313167
0.0275097
0.0337905
0.0463994
0.0608541
0.0758786
0.0909785
0.105922
0.120577
0.134852
0.148667
0.161943
0.174603
0.186572
0.197784
0.208181
0.217717
0.226358
0.234084
0.240886
0.246767
0.251741
0.255831
0.259071
0.261501
0.263169
0.264125
0.264425
0.264129
0.263296
0.261985
0.260257
0.258171
0.255782
0.253145
0.250312
0.247332
0.244251
0.241109
0.237946
0.234794
0.231684
0.228641
0.225687
0.222838
0.220108
0.217506
0.215037
0.212705
0.210509
0.208448
0.206518
0.204713
0.203027
0.201453
0.199984
0.198613
0.197332
0.196135
0.195016
0.193968
0.192988
0.192071
0.191214
0.190414
0.18967
0.188982
0.188351
0.187777
0.18726
0.186805
0.186416
0.186099
0.18586
0.185709
0.185652
0.185701
0.185866
0.18616
0.186597
0.187193
0.187964
0.18893
0.190111
0.19153
0.193211
0.195181
0.19747
0.200107
0.203127
0.206563
0.210448
0.214815
0.219693
0.225103
0.231057
0.237551
0.244559
0.252029
0.259875
0.26797
0.276145
0.284176
0.291789
0.298653
0.304385
0.30855
0.310668
0.310221
0.306668
0.29946
0.288064
0.271994
0.250855
0.224403
0.192624
0.155855
0.114971
0.0717252
0.0298689
0.0144682
0.0306032
0.0358233
0.0328932
0.0232663
0.00634398
0.0131118
0.0323967
0.0318808
0.0262687
0.0279764
0.0390187
0.0534259
0.0687909
0.0843511
0.0997883
0.114933
0.129675
0.143927
0.15761
0.170648
0.18297
0.194509
0.205209
0.215022
0.223915
0.231867
0.238867
0.244917
0.250031
0.254232
0.257554
0.260035
0.261724
0.262673
0.26294
0.262584
0.261666
0.260249
0.258396
0.256166
0.253621
0.250817
0.247808
0.244648
0.241383
0.238059
0.234715
0.231389
0.228111
0.224908
0.221804
0.218814
0.215955
0.213233
0.210656
0.208226
0.205942
0.203802
0.2018
0.199932
0.198189
0.196565
0.195052
0.193641
0.192325
0.191097
0.189951
0.18888
0.187879
0.186945
0.186072
0.18526
0.184506
0.183808
0.183168
0.182585
0.182061
0.181597
0.181197
0.180867
0.180611
0.180436
0.180348
0.180356
0.180469
0.180697
0.18105
0.18154
0.182182
0.182989
0.183978
0.185167
0.186575
0.188224
0.190138
0.192343
0.194869
0.197746
0.201009
0.204694
0.208839
0.21348
0.218651
0.22438
0.230682
0.237559
0.244985
0.252908
0.261232
0.269819
0.278477
0.286956
0.294943
0.302066
0.307888
0.31192
0.313618
0.312405
0.307676
0.298829
0.285289
0.266551
0.242236
0.212176
0.176522
0.13593
0.0918539
0.0472119
0.0117946
0.0255883
0.0348161
0.0336848
0.0245924
0.00692848
0.0114987
0.0267452
0.0251792
0.022924
0.0308749
0.0449974
0.0606531
0.0766617
0.0925955
0.108246
0.123483
0.138212
0.152349
0.165819
0.17855
0.190477
0.201542
0.211698
0.220909
0.229152
0.236415
0.2427
0.248018
0.252391
0.255853
0.258442
0.260207
0.2612
0.261481
0.261109
0.260149
0.258665
0.256721
0.254382
0.25171
0.248765
0.245605
0.242285
0.238856
0.235366
0.231856
0.228367
0.224931
0.221576
0.218327
0.215202
0.212215
0.209376
0.20669
0.20416
0.201785
0.19956
0.197482
0.195543
0.193737
0.192054
0.190486
0.189025
0.187664
0.186394
0.18521
0.184104
0.183072
0.182109
0.181212
0.180378
0.179604
0.178889
0.178233
0.177636
0.1771
0.176625
0.176216
0.175874
0.175606
0.175416
0.17531
0.175294
0.175375
0.175562
0.175863
0.176287
0.176845
0.177549
0.178409
0.179441
0.180658
0.182077
0.183717
0.185596
0.187739
0.190171
0.19292
0.19602
0.199506
0.203417
0.207796
0.212684
0.218121
0.224144
0.230774
0.238016
0.24585
0.254219
0.26302
0.272098
0.281235
0.290147
0.298479
0.305803
0.311623
0.315381
0.316465
0.314221
0.30798
0.297079
0.280904
0.258945
0.230872
0.196652
0.156715
0.112224
0.0655846
0.0222881
0.0190421
0.0327886
0.0340711
0.0257477
0.0074684
0.00954466
0.0205448
0.0189705
0.0226995
0.0357897
0.0515998
0.0680335
0.0844598
0.100619
0.116365
0.131592
0.146215
0.160155
0.173341
0.185706
0.197191
0.207747
0.217336
0.225932
0.233521
0.240103
0.245687
0.250293
0.253954
0.256709
0.258605
0.259695
0.260039
0.259699
0.258739
0.257228
0.255231
0.252815
0.250047
0.246988
0.243701
0.240242
0.236667
0.233026
0.229364
0.225722
0.222136
0.218636
0.215247
0.211989
0.208876
0.205918
0.203121
0.200487
0.198014
0.1957
0.193538
0.19152
0.18964
0.187887
0.186255
0.184733
0.183314
0.18199
0.180755
0.179602
0.178525
0.177522
0.176587
0.175718
0.174913
0.174171
0.17349
0.172871
0.172315
0.171824
0.1714
0.171045
0.170764
0.17056
0.17044
0.170407
0.170469
0.170631
0.170901
0.171285
0.171793
0.172432
0.173212
0.174143
0.175236
0.176503
0.177956
0.179611
0.181484
0.183592
0.185959
0.188609
0.19157
0.194877
0.198568
0.202685
0.207276
0.21239
0.218076
0.224376
0.231324
0.238929
0.247173
0.255996
0.265285
0.274863
0.284483
0.293815
0.302452
0.309901
0.315595
0.318893
0.319102
0.315486
0.307299
0.29382
0.274408
0.248575
0.216097
0.177184
0.132734
0.0847992
0.0376702
0.0124234
0.0294071
0.0338985
0.0266542
0.00794955
0.00730506
0.0140831
0.0151483
0.0259732
0.0417709
0.0586083
0.0755198
0.0921816
0.108433
0.124165
0.139288
0.153721
0.167392
0.180231
0.192179
0.203183
0.213202
0.222206
0.230179
0.237117
0.243026
0.247925
0.251845
0.254822
0.256904
0.258144
0.258602
0.258341
0.257428
0.25593
0.253918
0.25146
0.248626
0.245482
0.242091
0.238516
0.234813
0.231036
0.227234
0.223449
0.21972
0.216079
0.212553
0.209162
0.205922
0.202843
0.199931
0.197188
0.194613
0.192201
0.189946
0.18784
0.185876
0.184043
0.182334
0.180738
0.179249
0.177858
0.176558
0.175344
0.17421
0.173152
0.172166
0.17125
0.170402
0.169619
0.168902
0.168251
0.167666
0.167149
0.166701
0.166326
0.166027
0.165807
0.16567
0.165623
0.165668
0.165812
0.166061
0.16642
0.166896
0.167497
0.168228
0.169098
0.170115
0.171287
0.172623
0.174134
0.175829
0.177723
0.179828
0.182163
0.184748
0.187606
0.190768
0.194268
0.198147
0.202454
0.207242
0.212569
0.218492
0.225067
0.232334
0.240311
0.248983
0.258282
0.268083
0.27818
0.288286
0.29802
0.306905
0.314372
0.319766
0.322354
0.321345
0.315912
0.305231
0.288531
0.265165
0.23472
0.197178
0.153167
0.10438
0.0543941
0.0130149
0.0246944
0.0330588
0.0272714
0.00837604
0.00485293
0.00830404
0.0161766
0.0315347
0.0486096
0.0659533
0.0830912
0.0998293
0.116053
0.131672
0.146603
0.160772
0.174109
0.186548
0.198036
0.208526
0.217985
0.226392
0.233739
0.240029
0.245277
0.249511
0.252768
0.255091
0.256535
0.257158
0.257024
0.256202
0.25476
0.252772
0.250308
0.247441
0.244239
0.24077
0.237099
0.233286
0.229388
0.225457
0.221539
0.217674
0.213896
0.210234
0.206711
0.203342
0.200138
0.197107
0.194249
0.191564
0.189046
0.18669
0.184486
0.182428
0.180504
0.178706
0.177025
0.175452
0.173981
0.172604
0.171315
0.17011
0.168983
0.167933
0.166956
0.16605
0.165214
0.164449
0.163753
0.163127
0.162573
0.162092
0.161687
0.161361
0.161117
0.16096
0.160892
0.160919
0.161045
0.161275
0.161614
0.162069
0.162643
0.163344
0.164177
0.165147
0.166262
0.167528
0.16895
0.170538
0.172297
0.174238
0.17637
0.178707
0.181263
0.184058
0.187116
0.190467
0.194147
0.198203
0.202688
0.207663
0.213196
0.219357
0.226212
0.233814
0.242188
0.251319
0.261131
0.271477
0.282116
0.29271
0.302809
0.311856
0.319189
0.324045
0.325586
0.32291
0.315094
0.301239
0.280542
0.252398
0.216561
0.173381
0.124203
0.0720862
0.023849
0.0187924
0.0313602
0.0275535
0.00875498
0.00239321
0.0075174
0.0215512
0.0384508
0.0560323
0.0735548
0.0907259
0.107404
0.123493
0.138908
0.153572
0.16741
0.180356
0.192349
0.203341
0.213291
0.222173
0.229975
0.236695
0.242344
0.246946
0.250535
0.253153
0.254852
0.255691
0.255733
0.255048
0.253707
0.251782
0.249349
0.246481
0.243251
0.239729
0.235984
0.23208
0.228077
0.224029
0.219985
0.21599
0.212079
0.208283
0.204627
0.201126
0.197795
0.194639
0.19166
0.188857
0.186226
0.183759
0.181448
0.179285
0.177259
0.175361
0.173583
0.171915
0.170351
0.168883
0.167507
0.166217
0.165009
0.16388
0.162828
0.161852
0.160949
0.160121
0.159367
0.158689
0.158086
0.157561
0.157115
0.156752
0.156475
0.156287
0.156192
0.156193
0.156296
0.156505
0.156823
0.157256
0.157809
0.158487
0.159293
0.160234
0.161313
0.162535
0.163906
0.165429
0.167109
0.168952
0.170963
0.173148
0.175517
0.178081
0.180852
0.183849
0.187097
0.190626
0.194477
0.1987
0.203355
0.208513
0.214255
0.220664
0.22782
0.235786
0.244596
0.254232
0.264605
0.275536
0.28674
0.29781
0.308214
0.317293
0.324271
0.328265
0.328311
0.323391
0.312483
0.294627
0.26903
0.235214
0.193255
0.144162
0.0905551
0.0380824
0.0123792
0.0286424
0.0274786
0.0091026
0.00177746
0.0130985
0.028897
0.0462206
0.0638768
0.0813488
0.0984011
0.114905
0.130765
0.145898
0.160225
0.173675
0.186182
0.197691
0.208156
0.217546
0.225839
0.233031
0.239126
0.244145
0.248115
0.251079
0.253084
0.254189
0.254456
0.253954
0.252756
0.250936
0.24857
0.245736
0.242508
0.23896
0.235164
0.231188
0.227094
0.222942
0.218782
0.214663
0.210622
0.206693
0.202902
0.199268
0.195805
0.192518
0.189412
0.186485
0.183731
0.181146
0.178718
0.176441
0.174303
0.172295
0.170408
0.168634
0.166965
0.165396
0.163919
0.162531
0.161229
0.160009
0.158869
0.157808
0.156826
0.155922
0.155096
0.15435
0.153685
0.153103
0.152604
0.152194
0.151874
0.151646
0.151514
0.151482
0.151554
0.151734
0.152026
0.152434
0.152963
0.153617
0.1544
0.155315
0.156368
0.157561
0.158898
0.160382
0.162016
0.163802
0.165743
0.167842
0.170104
0.172532
0.175133
0.177916
0.180894
0.184084
0.187512
0.191211
0.195225
0.199608
0.204432
0.209778
0.21574
0.222418
0.229906
0.238281
0.247582
0.257783
0.268775
0.280336
0.292119
0.303631
0.314235
0.323151
0.329467
0.332162
0.330131
0.322235
0.307361
0.284527
0.253024
0.212647
0.164066
0.109453
0.0536882
0.0102976
0.0249553
0.0270742
0.00944231
0.0042094
0.0203178
0.037136
0.0545129
0.072011
0.089275
0.106091
0.122325
0.137878
0.15266
0.166594
0.179606
0.191634
0.202626
0.212542
0.221355
0.229051
0.235631
0.241108
0.245506
0.248862
0.251221
0.25264
0.253179
0.252906
0.251895
0.250221
0.247961
0.245195
0.242
0.238454
0.234631
0.230602
0.226435
0.22219
0.217924
0.213687
0.20952
0.20546
0.201534
0.197763
0.194163
0.190741
0.187501
0.184442
0.18156
0.178847
0.176295
0.173894
0.171634
0.169507
0.167502
0.165611
0.163827
0.162144
0.160556
0.15906
0.157651
0.156328
0.155088
0.153931
0.152856
0.151863
0.150954
0.150128
0.149388
0.148735
0.148171
0.1477
0.147323
0.147044
0.146864
0.146788
0.146819
0.146961
0.147218
0.147594
0.148093
0.148719
0.149475
0.150365
0.151392
0.15256
0.153871
0.155326
0.156929
0.15868
0.160581
0.162632
0.164834
0.167189
0.169697
0.172362
0.175188
0.178183
0.181359
0.184734
0.188333
0.192194
0.196364
0.200907
0.205902
0.211447
0.217651
0.224631
0.232499
0.241344
0.251205
0.262045
0.273721
0.285953
0.298309
0.310191
0.32083
0.3293
0.334533
0.335347
0.33049
0.318704
0.298818
0.269891
0.231434
0.183771
0.128635
0.0702863
0.0183529
0.0203096
0.0262537
0.00974663
0.00701745
0.0278649
0.0457526
0.0630941
0.0803199
0.0972737
0.113766
0.129657
0.144836
0.159213
0.172704
0.185238
0.196754
0.207203
0.216551
0.224777
0.231872
0.237842
0.242707
0.246498
0.249256
0.251034
0.25189
0.251892
0.251111
0.249624
0.247509
0.244847
0.241718
0.238202
0.234377
0.230317
0.226092
0.221769
0.217407
0.213058
0.20877
0.204579
0.200518
0.196608
0.192868
0.189306
0.185926
0.182729
0.17971
0.176862
0.174177
0.171645
0.169256
0.167
0.164868
0.162851
0.160943
0.159137
0.157428
0.155812
0.154286
0.152848
0.151497
0.150232
0.149052
0.147959
0.146953
0.146036
0.145208
0.144472
0.143831
0.143285
0.142839
0.142495
0.142255
0.142124
0.142103
0.142197
0.142409
0.142744
0.143204
0.143794
0.144517
0.145376
0.146374
0.147514
0.148797
0.150227
0.151804
0.153529
0.155403
0.157424
0.159593
0.161908
0.164369
0.166973
0.169722
0.172616
0.175659
0.178857
0.182221
0.185772
0.189535
0.193551
0.197875
0.202579
0.207757
0.21352
0.219998
0.227328
0.23564
0.245031
0.25554
0.267104
0.279529
0.292459
0.305352
0.317471
0.327893
0.335516
0.339092
0.337266
0.328638
0.31185
0.285731
0.249509
0.203158
0.147989
0.0877101
0.030594
0.0146748
0.0248485
0.00996712
0.00981198
0.0354298
0.0544912
0.0718014
0.0887064
0.105288
0.121396
0.136886
0.151643
0.165568
0.178577
0.190601
0.201579
0.211467
0.220235
0.227866
0.234358
0.239724
0.243987
0.247185
0.249364
0.250581
0.2509
0.250393
0.249134
0.247203
0.244681
0.241651
0.238195
0.234393
0.230324
0.226061
0.221674
0.217227
0.212775
0.208369
0.204051
0.199854
0.195804
0.191919
0.188212
0.184687
0.181345
0.178183
0.175194
0.172369
0.169699
0.167172
0.16478
0.162513
0.160363
0.158322
0.156384
0.154545
0.1528
0.151147
0.149585
0.148112
0.146727
0.145432
0.144227
0.143112
0.14209
0.141163
0.140332
0.139599
0.138967
0.138439
0.138018
0.137705
0.137506
0.137421
0.137456
0.137613
0.137895
0.138308
0.138853
0.139533
0.140353
0.141315
0.142421
0.143674
0.145075
0.146624
0.148324
0.150173
0.152171
0.154317
0.156609
0.159043
0.161619
0.164332
0.16718
0.170162
0.173276
0.176526
0.179916
0.18346
0.187177
0.191096
0.195265
0.199743
0.204617
0.209994
0.216006
0.222803
0.230547
0.239383
0.249418
0.260676
0.273055
0.28629
0.299917
0.313253
0.325394
0.335225
0.341444
0.342602
0.337162
0.323588
0.300477
0.266771
0.222093
0.167321
0.105609
0.0443335
0.00884049
0.0228274
0.0101229
0.0125221
0.0428861
0.0632073
0.0805205
0.0970912
0.113267
0.128949
0.143999
0.158294
0.171734
0.184233
0.195722
0.206143
0.215457
0.223636
0.23067
0.236562
0.24133
0.245003
0.247623
0.249242
0.249921
0.249728
0.248738
0.24703
0.244685
0.241789
0.238423
0.234673
0.230618
0.226337
0.221903
0.217382
0.212836
0.208319
0.203875
0.199543
0.19535
0.191319
0.187462
0.183787
0.180295
0.176983
0.173846
0.170875
0.168059
0.165389
0.162854
0.160445
0.158154
0.155973
0.153896
0.151919
0.150037
0.148249
0.146553
0.144948
0.143434
0.142013
0.140684
0.13945
0.138312
0.137272
0.136333
0.135497
0.134766
0.134144
0.133632
0.133235
0.132955
0.132795
0.132758
0.132848
0.133068
0.133421
0.133911
0.13454
0.135312
0.136229
0.137294
0.138508
0.139873
0.14139
0.14306
0.144882
0.146856
0.14898
0.151252
0.153669
0.156228
0.158924
0.161753
0.164712
0.167795
0.170999
0.174324
0.17777
0.181343
0.185057
0.188932
0.193003
0.197322
0.201961
0.207018
0.21262
0.218922
0.2261
0.23434
0.243804
0.254598
0.266719
0.280005
0.294089
0.308363
0.321968
0.333793
0.342499
0.346556
0.344298
0.334016
0.314076
0.283135
0.240458
0.186483
0.123807
0.0590645
0.00823383
0.02025
0.0102513
0.0151144
0.0501601
0.0718087
0.089168
0.10541
0.121164
0.136397
0.150979
0.164787
0.177717
0.189685
0.200622
0.210475
0.219206
0.226794
0.233233
0.23853
0.242709
0.245805
0.247863
0.248942
0.249104
0.248424
0.246978
0.244849
0.24212
0.238878
0.235207
0.231193
0.226915
0.22245
0.217871
0.213241
0.208619
0.204054
0.199588
0.195252
0.19107
0.18706
0.183229
0.179582
0.176115
0.172824
0.1697
0.166734
0.163914
0.161231
0.158674
0.156236
0.153909
0.151686
0.149564
0.147538
0.145606
0.143768
0.142023
0.140371
0.138813
0.137351
0.135986
0.134721
0.133558
0.132499
0.131547
0.130704
0.129975
0.129361
0.128866
0.128493
0.128244
0.128124
0.128135
0.128281
0.128564
0.128988
0.129555
0.130269
0.131132
0.132147
0.133314
0.134636
0.136113
0.137747
0.139536
0.14148
0.143578
0.145828
0.148227
0.15077
0.153455
0.156275
0.159226
0.162301
0.165496
0.168803
0.17222
0.175744
0.179376
0.183122
0.186996
0.191022
0.195242
0.199713
0.204523
0.209785
0.215649
0.222298
0.229939
0.23878
0.248997
0.260684
0.273792
0.288064
0.302993
0.317788
0.331366
0.34237
0.349203
0.350085
0.343134
0.326495
0.298534
0.25816
0.205363
0.142187
0.0745678
0.0160415
0.0170584
0.0102934
0.017566
0.0572
0.0802304
0.0976814
0.11361
0.12894
0.143713
0.157812
0.171116
0.183521
0.194946
0.205321
0.214599
0.222745
0.229743
0.235591
0.240302
0.243904
0.246437
0.247952
0.248509
0.248178
0.247034
0.245157
0.242633
0.239547
0.235988
0.23204
0.227789
0.223314
0.218691
0.21399
0.209271
0.20459
0.199992
0.195512
0.191179
0.187012
0.183021
0.179213
0.175586
0.172135
0.168853
0.16573
0.162755
0.159918
0.157209
0.154619
0.15214
0.149766
0.147493
0.145317
0.143236
0.141248
0.139355
0.137556
0.135853
0.134248
0.132742
0.131339
0.130041
0.12885
0.127771
0.126805
0.125956
0.125227
0.124621
0.124142
0.123792
0.123576
0.123496
0.123555
0.123756
0.124103
0.124598
0.125244
0.126043
0.126997
0.128109
0.129379
0.130808
0.132398
0.134147
0.136055
0.138121
0.140342
0.142717
0.145242
0.147912
0.150723
0.153668
0.156743
0.15994
0.163252
0.166672
0.170193
0.173811
0.177523
0.18133
0.185238
0.189264
0.193438
0.197805
0.202436
0.207432
0.21293
0.219108
0.226181
0.234387
0.243961
0.255082
0.267814
0.282026
0.297331
0.313031
0.328099
0.341184
0.350638
0.354579
0.350964
0.337717
0.312919
0.275118
0.223858
0.160628
0.0906763
0.0264856
0.0131519
0.0101627
0.0198592
0.0639656
0.0884237
0.106012
0.121651
0.136562
0.150872
0.164482
0.177274
0.189148
0.200022
0.209833
0.218535
0.226098
0.232511
0.237776
0.241913
0.244952
0.246938
0.247928
0.247984
0.247181
0.245596
0.243314
0.24042
0.237003
0.233152
0.228953
0.22449
0.219841
0.215082
0.210277
0.205487
0.20076
0.196138
0.191652
0.187324
0.183169
0.179195
0.175402
0.171786
0.16834
0.165055
0.161921
0.158926
0.156059
0.153313
0.150678
0.148149
0.14572
0.143388
0.141152
0.139009
0.136961
0.135008
0.133152
0.131395
0.129739
0.128188
0.126744
0.125411
0.124192
0.12309
0.122109
0.121252
0.120523
0.119925
0.119462
0.119136
0.118952
0.118912
0.11902
0.119278
0.119688
0.120255
0.12098
0.121864
0.122911
0.12412
0.125493
0.12703
0.128731
0.130595
0.132621
0.134808
0.137152
0.139651
0.142301
0.145096
0.148033
0.151104
0.154303
0.157623
0.161056
0.164594
0.168228
0.171952
0.17576
0.179648
0.183619
0.18768
0.191852
0.196169
0.200686
0.205488
0.210697
0.216476
0.223037
0.230633
0.239539
0.250008
0.262208
0.276141
0.291556
0.307876
0.324157
0.339078
0.350967
0.357852
0.35754
0.347742
0.326255
0.291266
0.241866
0.178983
0.107165
0.0380402
0.00862207
0.00985298
0.0219805
0.0704239
0.0963504
0.114123
0.129497
0.144002
0.157854
0.170975
0.183255
0.194597
0.204922
0.21417
0.2223
0.229287
0.235123
0.239817
0.243392
0.245883
0.247341
0.247824
0.247401
0.246147
0.244145
0.24148
0.238241
0.234518
0.230399
0.225971
0.221317
0.216516
0.211638
0.206746
0.201897
0.197134
0.192494
0.188004
0.183682
0.179536
0.175572
0.171786
0.168171
0.16472
0.161421
0.158263
0.155235
0.152329
0.149535
0.146846
0.144258
0.141767
0.13937
0.137067
0.134859
0.132745
0.130729
0.128812
0.126998
0.12529
0.12369
0.122204
0.120834
0.119585
0.118459
0.117462
0.116596
0.115866
0.115276
0.114828
0.114526
0.114374
0.114375
0.114531
0.114846
0.115322
0.115961
0.116766
0.117737
0.118876
0.120183
0.121659
0.123304
0.125117
0.127096
0.12924
0.131546
0.134012
0.136634
0.139407
0.142327
0.145388
0.148584
0.151907
0.155351
0.158906
0.162564
0.166316
0.170153
0.174068
0.178053
0.182107
0.186231
0.190438
0.19475
0.19921
0.203885
0.208878
0.214336
0.220457
0.227495
0.235747
0.245521
0.257078
0.27055
0.285833
0.302495
0.319703
0.336198
0.350307
0.359988
0.362913
0.356584
0.33852
0.306546
0.259299
0.197132
0.123885
0.0503694
0.00427371
0.00941495
0.0239203
0.076548
0.103979
0.121982
0.137121
0.151236
0.164639
0.177279
0.189052
0.199867
0.209649
0.218341
0.225908
0.232328
0.2376
0.241737
0.244765
0.246726
0.247674
0.24767
0.246788
0.245106
0.242709
0.239684
0.236123
0.232115
0.22775
0.223115
0.21829
0.213353
0.208372
0.203406
0.198507
0.193714
0.18906
0.184567
0.180246
0.176106
0.172143
0.168355
0.164732
0.161264
0.157939
0.154747
0.151677
0.14872
0.145869
0.143119
0.140465
0.137905
0.135437
0.133064
0.130785
0.128602
0.126519
0.124539
0.122665
0.120901
0.119252
0.117721
0.116312
0.11503
0.11388
0.112865
0.111989
0.111258
0.110673
0.110241
0.109963
0.109843
0.109885
0.110091
0.110464
0.111006
0.111719
0.112605
0.113663
0.114896
0.116303
0.117883
0.119636
0.12156
0.123654
0.125915
0.128341
0.130927
0.13367
0.136566
0.139608
0.142792
0.146111
0.149558
0.153124
0.156802
0.160581
0.164453
0.168408
0.172436
0.176528
0.18068
0.184888
0.189157
0.193501
0.19795
0.202556
0.207403
0.212617
0.218378
0.224927
0.232568
0.241645
0.252494
0.265366
0.280307
0.297048
0.314898
0.332692
0.348784
0.361084
0.367145
0.364273
0.34971
0.320922
0.276086
0.214981
0.140723
0.0632906
0.00563206
0.0088673
0.0256723
0.0823159
0.111285
0.129565
0.144499
0.158245
0.171213
0.183382
0.19466
0.204957
0.214205
0.222353
0.229369
0.235237
0.239959
0.243554
0.246053
0.247503
0.247959
0.24749
0.24617
0.244081
0.24131
0.237948
0.234086
0.229815
0.225224
0.2204
0.215422
0.210364
0.205292
0.200262
0.195319
0.190501
0.185834
0.181334
0.177012
0.172869
0.168901
0.165101
0.161458
0.157963
0.154602
0.151366
0.148244
0.145229
0.142314
0.139495
0.136769
0.134134
0.131592
0.129143
0.12679
0.124535
0.122382
0.120336
0.118399
0.116578
0.114875
0.113297
0.111847
0.110531
0.109354
0.108319
0.107433
0.106698
0.106119
0.105701
0.105447
0.10536
0.105444
0.1057
0.106133
0.106742
0.10753
0.108498
0.109646
0.110974
0.112481
0.114167
0.116029
0.118066
0.120275
0.122653
0.125196
0.127902
0.130766
0.133782
0.136945
0.14025
0.14369
0.147258
0.150945
0.154744
0.158644
0.162637
0.166711
0.170856
0.175063
0.179322
0.183629
0.187981
0.192385
0.196862
0.201448
0.206209
0.211251
0.216731
0.22287
0.229965
0.238375
0.248493
0.260668
0.275096
0.29168
0.309897
0.328708
0.346526
0.361245
0.370312
0.370849
0.359832
0.334367
0.292173
0.232447
0.157581
0.0766914
0.0118523
0.00816744
0.0272329
0.0877096
0.118247
0.136852
0.151613
0.165011
0.177562
0.189276
0.200071
0.209865
0.218594
0.226212
0.232691
0.238023
0.242213
0.245284
0.247274
0.248231
0.248217
0.247303
0.245566
0.243092
0.23997
0.23629
0.232147
0.227632
0.222834
0.217837
0.212721
0.207555
0.202402
0.197314
0.192334
0.187491
0.18281
0.178301
0.173971
0.169818
0.165836
0.162015
0.158344
0.154811
0.151406
0.148116
0.144935
0.141853
0.138868
0.135974
0.13317
0.130458
0.127836
0.125309
0.122878
0.120548
0.118322
0.116206
0.114204
0.112321
0.110563
0.108935
0.107442
0.106089
0.104882
0.103826
0.102926
0.102187
0.101613
0.101209
0.100979
0.100925
0.101051
0.101359
0.101852
0.102531
0.103396
0.104449
0.105688
0.107113
0.108722
0.110514
0.112487
0.114637
0.116961
0.119456
0.122118
0.124942
0.127924
0.131059
0.134342
0.137766
0.141325
0.145011
0.148818
0.152735
0.156755
0.160867
0.165061
0.169325
0.173649
0.178023
0.182437
0.186887
0.191374
0.195907
0.200512
0.20524
0.210174
0.215447
0.221258
0.227883
0.235682
0.24508
0.256507
0.270293
0.286515
0.304841
0.324388
0.343667
0.360579
0.372494
0.376365
0.368906
0.346871
0.307517
0.24946
0.174356
0.0904435
0.0191556
0.00729564
0.0286015
0.0927148
0.124847
0.143825
0.158449
0.171522
0.183676
0.194952
0.205281
0.214589
0.222816
0.229921
0.235883
0.240696
0.244373
0.246941
0.248441
0.248927
0.248464
0.247126
0.244994
0.242155
0.238701
0.234725
0.23032
0.225579
0.22059
0.215436
0.210193
0.20493
0.199704
0.194564
0.189548
0.184681
0.179983
0.175461
0.171117
0.166946
0.162941
0.15909
0.155382
0.151803
0.148344
0.144995
0.141746
0.138593
0.13553
0.132557
0.129673
0.126877
0.124173
0.121563
0.119052
0.116643
0.114342
0.112153
0.110082
0.108136
0.106319
0.104637
0.103097
0.101705
0.100466
0.0993862
0.098471
0.0977258
0.0971555
0.0967647
0.0965573
0.0965368
0.0967061
0.0970675
0.0976227
0.0983726
0.0993174
0.100457
0.10179
0.103314
0.105028
0.106928
0.109012
0.111276
0.113716
0.116328
0.119108
0.12205
0.12515
0.128403
0.131803
0.135344
0.139019
0.142822
0.146744
0.150779
0.154916
0.159145
0.163458
0.167841
0.172283
0.176774
0.181303
0.185861
0.190444
0.195056
0.199712
0.204447
0.209328
0.214463
0.220023
0.22626
0.23352
0.24224
0.252905
0.265961
0.281655
0.299855
0.319868
0.340333
0.3592
0.373783
0.380883
0.376964
0.358432
0.322085
0.265953
0.190953
0.104417
0.0270679
0.00626582
0.0297797
0.0973207
0.131071
0.150472
0.164993
0.177768
0.189544
0.200403
0.210286
0.219127
0.226871
0.233483
0.238947
0.243263
0.246448
0.248534
0.249566
0.249602
0.248712
0.246971
0.244464
0.241282
0.237517
0.233263
0.228615
0.223664
0.218499
0.2132
0.207843
0.20249
0.197198
0.192009
0.186958
0.182066
0.177347
0.172806
0.168442
0.164246
0.16021
0.156321
0.152567
0.148936
0.145416
0.141999
0.138678
0.135447
0.132304
0.129248
0.126278
0.123397
0.120607
0.117912
0.115317
0.112826
0.110445
0.108181
0.106038
0.104024
0.102144
0.100406
0.0988158
0.0973803
0.0961059
0.0949991
0.0940662
0.0933129
0.0927446
0.0923662
0.0921819
0.0921952
0.0924088
0.0928248
0.0934443
0.0942678
0.0952947
0.0965237
0.0979528
0.0995792
0.1014
0.103411
0.105608
0.107988
0.110545
0.113274
0.116171
0.119231
0.122448
0.125817
0.129332
0.132987
0.136776
0.140693
0.144729
0.148877
0.153128
0.157473
0.161902
0.166402
0.170963
0.175572
0.180218
0.18489
0.18958
0.194286
0.199016
0.203793
0.208665
0.213719
0.219101
0.225031
0.231832
0.239935
0.249858
0.262137
0.277177
0.295047
0.315269
0.33665
0.35722
0.37427
0.384468
0.384045
0.36906
0.335856
0.281876
0.207288
0.118507
0.0354455
0.00508783
0.0307709
0.101519
0.136908
0.156782
0.171236
0.183738
0.195161
0.205623
0.215081
0.223476
0.230759
0.2369
0.241888
0.245729
0.248445
0.25007
0.250657
0.250266
0.248969
0.246848
0.243988
0.240482
0.236424
0.231911
0.227036
0.221892
0.216564
0.211133
0.205669
0.200234
0.19488
0.189645
0.184558
0.179639
0.174896
0.170331
0.165939
0.161712
0.157638
0.153704
0.149897
0.146205
0.142619
0.13913
0.135731
0.132419
0.129191
0.126048
0.12299
0.12002
0.117141
0.114358
0.111676
0.109101
0.106638
0.104293
0.102075
0.0999888
0.0980425
0.0962433
0.0945985
0.0931156
0.091802
0.090665
0.0897113
0.0889475
0.0883795
0.0880125
0.0878511
0.0878985
0.0881576
0.08863
0.0893164
0.0902163
0.0913283
0.0926501
0.0941788
0.0959103
0.0978406
0.0999647
0.102278
0.104774
0.107449
0.110296
0.113311
0.116487
0.11982
0.123303
0.126931
0.130699
0.1346
0.138627
0.142774
0.147033
0.151395
0.155852
0.160394
0.16501
0.169687
0.174414
0.179178
0.183967
0.18877
0.193582
0.198402
0.203245
0.208145
0.213168
0.218433
0.224132
0.230555
0.238115
0.247342
0.258834
0.273132
0.290504
0.310702
0.332733
0.354748
0.374049
0.387196
0.390194
0.378772
0.348819
0.297185
0.223292
0.132621
0.0441875
0.00377294
0.0315804
0.105306
0.142347
0.162746
0.177171
0.189428
0.200519
0.210608
0.219664
0.227635
0.23448
0.240173
0.244709
0.248099
0.250367
0.251557
0.251721
0.250925
0.249245
0.246763
0.243571
0.239761
0.23543
0.230675
0.225589
0.220265
0.214787
0.209233
0.203671
0.19816
0.192747
0.187467
0.182344
0.177395
0.172623
0.168029
0.163604
0.159338
0.155219
0.151233
0.147368
0.143611
0.139953
0.136387
0.132907
0.12951
0.126195
0.122962
0.119813
0.116752
0.113781
0.110908
0.108136
0.105472
0.102923
0.100495
0.0981961
0.0960338
0.0940161
0.092151
0.0904468
0.088912
0.0875548
0.0863833
0.0854054
0.0846283
0.0840586
0.0837019
0.0835629
0.0836452
0.0839512
0.0844822
0.0852381
0.0862176
0.0874183
0.0888367
0.0904685
0.0923086
0.0943516
0.0965915
0.0990222
0.101637
0.104431
0.107397
0.110529
0.113822
0.117269
0.120865
0.124605
0.128483
0.132492
0.136627
0.140881
0.145248
0.149718
0.154284
0.158936
0.163664
0.168455
0.173298
0.178179
0.183086
0.188006
0.19293
0.197852
0.20278
0.207734
0.212765
0.217968
0.223503
0.229628
0.236725
0.245318
0.256043
0.269549
0.286292
0.306259
0.328688
0.351891
0.373215
0.389139
0.395466
0.387595
0.36097
0.311852
0.238908
0.146676
0.0532052
0.00235159
0.0322149
0.108677
0.147382
0.168356
0.182791
0.194831
0.205616
0.215354
0.224032
0.231603
0.238034
0.243304
0.247412
0.250374
0.25222
0.252997
0.252761
0.251584
0.249542
0.246723
0.243218
0.239124
0.234537
0.229556
0.224275
0.218784
0.213167
0.207499
0.201846
0.196263
0.190794
0.185469
0.180309
0.175326
0.170522
0.165893
0.161429
0.15712
0.15295
0.148907
0.144978
0.141151
0.137417
0.133771
0.130207
0.126722
0.123317
0.119993
0.116751
0.113596
0.110532
0.107565
0.1047
0.101944
0.0993049
0.0967894
0.0944058
0.0921623
0.0900679
0.0881315
0.0863624
0.0847702
0.0833643
0.0821537
0.0811475
0.0803538
0.07978
0.0794322
0.0793154
0.0794331
0.0797877
0.0803798
0.0812085
0.0822714
0.0835648
0.0850839
0.086823
0.0887755
0.0909347
0.0932934
0.0958442
0.09858
0.101494
0.104579
0.107829
0.111237
0.114798
0.118505
0.122355
0.12634
0.130455
0.134695
0.139053
0.143524
0.148098
0.15277
0.157528
0.162364
0.167266
0.172222
0.177219
0.182243
0.18728
0.192319
0.197352
0.202377
0.207408
0.212478
0.217661
0.223091
0.22899
0.235705
0.243737
0.253738
0.266437
0.282455
0.302015
0.324609
0.348746
0.371859
0.390377
0.399915
0.395562
0.372317
0.325855
0.254088
0.1606
0.0624175
0.00103356
0.0326827
0.111632
0.152006
0.173608
0.188093
0.199945
0.210448
0.219859
0.228182
0.235379
0.24142
0.246292
0.249997
0.252556
0.254005
0.254393
0.253783
0.252246
0.249865
0.246729
0.242932
0.238572
0.233747
0.228556
0.223093
0.217447
0.211701
0.205928
0.20019
0.194539
0.189015
0.183644
0.178446
0.173427
0.168586
0.163918
0.159411
0.155052
0.150827
0.146722
0.142725
0.138825
0.135013
0.131284
0.127634
0.12406
0.120563
0.117145
0.113809
0.110558
0.107398
0.104335
0.101374
0.098523
0.0957897
0.0931819
0.0907083
0.0883782
0.0862012
0.0841873
0.0823472
0.0806914
0.0792307
0.0779757
0.0769363
0.076122
0.075541
0.0752004
0.0751056
0.0752599
0.0756652
0.0763215
0.0772267
0.0783773
0.079768
0.0813925
0.0832434
0.0853126
0.0875918
0.0900724
0.0927459
0.0956042
0.0986395
0.101844
0.105211
0.108735
0.112408
0.116225
0.120182
0.124272
0.128491
0.132832
0.137291
0.141862
0.146537
0.15131
0.156171
0.161112
0.166121
0.171186
0.176295
0.181434
0.186588
0.191745
0.196891
0.202023
0.207143
0.212276
0.217476
0.22285
0.228587
0.234997
0.242546
0.251882
0.263786
0.279018
0.298028
0.320576
0.345403
0.370068
0.390984
0.403602
0.40271
0.382873
0.339183
0.268794
0.174333
0.0717534
0.00147016
0.0329941
0.114171
0.156214
0.178496
0.193074
0.204768
0.215014
0.224122
0.232115
0.238962
0.244639
0.249137
0.252465
0.254647
0.255724
0.255748
0.254786
0.252913
0.250215
0.246783
0.242713
0.238106
0.23306
0.227674
0.222042
0.216253
0.210387
0.204515
0.198697
0.192981
0.187403
0.181988
0.176749
0.17169
0.166809
0.162098
0.157543
0.153131
0.148847
0.144677
0.140609
0.136633
0.132741
0.128928
0.125189
0.121525
0.117936
0.114423
0.110991
0.107643
0.104385
0.101223
0.0981632
0.0952137
0.0923822
0.0896773
0.0871085
0.0846858
0.0824197
0.0803217
0.0784035
0.0766772
0.075155
0.0738491
0.0727711
0.0719316
0.0713403
0.071005
0.0709317
0.0711237
0.0715821
0.0723058
0.0732919
0.074535
0.0760283
0.0777635
0.0797312
0.0819217
0.0843249
0.0869308
0.0897297
0.0927123
0.0958701
0.0991949
0.102679
0.106317
0.110101
0.114027
0.118088
0.122281
0.126599
0.13104
0.135596
0.140263
0.145035
0.149905
0.154865
0.159906
0.165018
0.170189
0.175407
0.180658
0.185927
0.191199
0.196461
0.201704
0.206926
0.212138
0.217382
0.22274
0.228371
0.234545
0.241689
0.25043
0.261574
0.275991
0.29434
0.316656
0.341942
0.367925
0.391035
0.406586
0.409082
0.392658
0.351831
0.282998
0.187822
0.0811508
0.00316891
0.0331631
0.116293
0.160001
0.183018
0.197731
0.209297
0.219311
0.228141
0.235828
0.242351
0.24769
0.251841
0.254817
0.256648
0.257377
0.257062
0.255772
0.253586
0.250592
0.246885
0.242562
0.237725
0.232473
0.226906
0.221118
0.215196
0.209219
0.203255
0.197361
0.191583
0.185952
0.180491
0.17521
0.17011
0.165186
0.160428
0.155822
0.151353
0.147007
0.14277
0.13863
0.134576
0.130602
0.126704
0.122877
0.119122
0.115439
0.111831
0.108302
0.104856
0.101498
0.0982351
0.0950739
0.0920222
0.0890883
0.0862815
0.0836118
0.0810901
0.0787282
0.0765385
0.0745344
0.0727297
0.0711384
0.0697746
0.0686517
0.0677822
0.0671769
0.0668448
0.0667923
0.0670226
0.0675363
0.0683315
0.0694034
0.0707448
0.0723465
0.0741982
0.0762883
0.0786051
0.0811365
0.0838711
0.086798
0.0899067
0.0931879
0.0966331
0.100234
0.103985
0.107879
0.11191
0.116074
0.120367
0.124782
0.129318
0.133968
0.138728
0.143592
0.148555
0.153609
0.158746
0.163957
0.16923
0.174553
0.179912
0.185292
0.190679
0.196056
0.201412
0.206741
0.212045
0.217353
0.222728
0.2283
0.234299
0.241113
0.249332
0.259766
0.273367
0.290976
0.3129
0.338433
0.365504
0.390601
0.408929
0.41472
0.401696
0.363801
0.296678
0.201023
0.0905521
0.00508204
0.0332113
0.117992
0.163365
0.18717
0.202063
0.213532
0.22334
0.231917
0.239323
0.245546
0.250572
0.254402
0.257053
0.258558
0.258965
0.258335
0.25674
0.254264
0.250997
0.247034
0.242476
0.237426
0.231985
0.226251
0.220318
0.214273
0.208191
0.202141
0.196176
0.190338
0.184656
0.179148
0.173823
0.168679
0.16371
0.158903
0.154243
0.149716
0.145306
0.140999
0.136785
0.132654
0.128598
0.124614
0.120699
0.116853
0.113077
0.109374
0.105747
0.102202
0.098743
0.0953775
0.0921122
0.088955
0.0859148
0.0830011
0.0802247
0.0775973
0.075132
0.0728426
0.070744
0.0688521
0.067183
0.065753
0.0645778
0.063672
0.0630482
0.0627165
0.0626839
0.0629538
0.0635262
0.0643975
0.065561
0.0670071
0.068724
0.0706987
0.0729172
0.0753654
0.0780295
0.0808963
0.0839535
0.0871899
0.0905954
0.0941608
0.0978783
0.101741
0.105742
0.109877
0.114141
0.11853
0.123039
0.127666
0.132406
0.137255
0.142208
0.14726
0.152404
0.157633
0.162937
0.168307
0.17373
0.179193
0.184681
0.190179
0.19567
0.20114
0.206578
0.211983
0.21737
0.222787
0.228337
0.234216
0.240767
0.248537
0.258324
0.271128
0.287946
0.309349
0.334934
0.362873
0.38975
0.410688
0.419672
0.410017
0.375102
0.309821
0.213902
0.0999063
0.00710643
0.0331583
0.119264
0.166302
0.190951
0.20607
0.217474
0.227102
0.235449
0.242599
0.248548
0.253287
0.256821
0.259172
0.260377
0.260487
0.259566
0.257691
0.254947
0.251426
0.247228
0.242454
0.237208
0.231591
0.225703
0.219637
0.213477
0.207299
0.201168
0.195135
0.189239
0.183506
0.177952
0.172582
0.167393
0.162376
0.157517
0.152802
0.148215
0.14374
0.139364
0.135076
0.130866
0.126729
0.12266
0.118657
0.114721
0.110853
0.107055
0.103331
0.0996864
0.096126
0.0926565
0.0892849
0.0860193
0.0828687
0.0798433
0.0769543
0.0742145
0.0716378
0.0692399
0.0670374
0.0650483
0.0632914
0.0617855
0.0605492
0.0595997
0.0589518
0.0586173
0.0586039
0.0589152
0.05955
0.060503
0.0617649
0.0633231
0.0651627
0.0672676
0.0696209
0.0722062
0.0750074
0.0780097
0.0811996
0.0845649
0.0880949
0.0917801
0.0956125
0.0995852
0.103692
0.107928
0.112289
0.116771
0.121371
0.126085
0.130911
0.135844
0.140882
0.146018
0.151247
0.156563
0.161957
0.167419
0.172938
0.178501
0.184092
0.189697
0.195299
0.20088
0.206429
0.211939
0.217415
0.222892
0.228451
0.234255
0.240604
0.247998
0.257204
0.269247
0.28525
0.306028
0.331492
0.360091
0.388543
0.411923
0.423984
0.41765
0.385746
0.322419
0.226429
0.109171
0.00921248
0.0330091
0.120126
0.168807
0.194358
0.209751
0.221124
0.230597
0.238739
0.245657
0.251357
0.255834
0.259099
0.261176
0.262105
0.261943
0.260756
0.258623
0.255633
0.25188
0.247466
0.242493
0.237066
0.231288
0.225258
0.219069
0.212803
0.206536
0.200329
0.194231
0.188279
0.182496
0.176896
0.17148
0.166245
0.161179
0.156268
0.151497
0.146848
0.142308
0.137863
0.133501
0.129214
0.124996
0.120844
0.116756
0.112731
0.108771
0.104879
0.101059
0.0973153
0.093653
0.0900786
0.0865991
0.0832226
0.0799583
0.0768165
0.0738093
0.07095
0.0682538
0.0657379
0.063421
0.0613236
0.0594673
0.0578743
0.0565665
0.0555644
0.0548858
0.0545447
0.0545497
0.0549044
0.0556064
0.0566478
0.058016
0.0596948
0.0616656
0.0639086
0.0664037
0.0691317
0.0720744
0.0752154
0.0785399
0.0820349
0.0856892
0.0894933
0.093439
0.0975196
0.101729
0.106063
0.110518
0.115089
0.119775
0.124573
0.129481
0.134495
0.139612
0.144828
0.150138
0.155536
0.161015
0.166564
0.172174
0.177831
0.183522
0.18923
0.194938
0.200629
0.206287
0.211903
0.217476
0.223027
0.228618
0.234384
0.240583
0.247667
0.256361
0.267691
0.282877
0.302953
0.328147
0.35721
0.387038
0.412686
0.427702
0.42463
0.39575
0.33447
0.238586
0.11831
0.011381
0.0327575
0.12062
0.170863
0.197388
0.213107
0.224482
0.233827
0.241787
0.248498
0.253973
0.258214
0.261234
0.263062
0.263742
0.263332
0.261902
0.259535
0.25632
0.252355
0.247743
0.242588
0.236997
0.231072
0.224912
0.218609
0.212246
0.205896
0.199617
0.193458
0.187452
0.18162
0.175973
0.170511
0.165229
0.160114
0.15515
0.150322
0.145613
0.141008
0.136494
0.13206
0.127698
0.123401
0.119168
0.114995
0.110884
0.106835
0.102851
0.0989361
0.0950941
0.0913304
0.087651
0.0840627
0.0805734
0.0771925
0.0739304
0.0707994
0.0678137
0.0649896
0.0623458
0.0599033
0.0576851
0.0557163
0.054023
0.0526313
0.0515661
0.0508488
0.0504963
0.0505188
0.0509195
0.0516943
0.0528321
0.0543161
0.0561255
0.0582371
0.0606267
0.0632709
0.0661474
0.0692359
0.0725183
0.0759787
0.0796036
0.0833815
0.0873028
0.0913596
0.0955453
0.0998545
0.104283
0.108827
0.113485
0.118253
0.123131
0.128116
0.133206
0.138398
0.143689
0.149075
0.154551
0.160109
0.165741
0.171436
0.177183
0.182967
0.188773
0.194584
0.20038
0.206146
0.211868
0.21754
0.223174
0.228816
0.234574
0.240668
0.247502
0.255752
0.266426
0.280809
0.30013
0.324925
0.354275
0.385284
0.413028
0.430871
0.430991
0.405134
0.345979
0.250357
0.127296
0.0135961
0.0323988
0.120799
0.172447
0.200036
0.216137
0.22755
0.236793
0.244596
0.251123
0.256397
0.260427
0.263228
0.264832
0.265287
0.264653
0.263004
0.260424
0.257006
0.252849
0.248057
0.242738
0.236996
0.230937
0.224658
0.218251
0.211799
0.205371
0.199026
0.192808
0.18675
0.18087
0.175177
0.16967
0.16434
0.159175
0.154159
0.149275
0.144506
0.139838
0.135257
0.130752
0.126317
0.121945
0.117633
0.113379
0.109183
0.105048
0.100975
0.0969668
0.0930286
0.0891647
0.085381
0.0816838
0.0780809
0.0745812
0.0711954
0.0679358
0.0648173
0.061857
0.0590752
0.0564948
0.054142
0.0520458
0.0502369
0.0487466
0.0476053
0.0468396
0.0464699
0.0465086
0.0469586
0.0478133
0.0490573
0.0506684
0.0526198
0.0548828
0.0574284
0.0602292
0.0632598
0.0664979
0.0699238
0.0735209
0.0772752
0.0811752
0.0852114
0.0893762
0.0936636
0.0980688
0.102588
0.107218
0.111957
0.116803
0.121756
0.126813
0.131975
0.137238
0.1426
0.148057
0.153605
0.159237
0.164946
0.170723
0.176554
0.182427
0.188326
0.194233
0.200131
0.206001
0.211827
0.2176
0.223322
0.229027
0.2348
0.240828
0.247465
0.255335
0.265413
0.279022
0.297555
0.321846
0.351319
0.383327
0.412998
0.433534
0.436768
0.413921
0.356954
0.261735
0.136104
0.0158432
0.0319375
0.120687
0.17357
0.202282
0.218839
0.230329
0.239497
0.247167
0.253533
0.258631
0.262474
0.26508
0.266485
0.266739
0.265905
0.26406
0.261289
0.257688
0.253358
0.248405
0.242937
0.23706
0.230879
0.224492
0.217991
0.211455
0.204956
0.198548
0.192276
0.186168
0.180241
0.174503
0.16895
0.163574
0.15836
0.153292
0.148353
0.143526
0.138796
0.13415
0.129578
0.125072
0.120627
0.116239
0.111908
0.107632
0.103413
0.0992536
0.095156
0.0911242
0.0871625
0.0832761
0.0794711
0.0757546
0.0721353
0.0686235
0.0652316
0.0619745
0.0588701
0.0559399
0.053209
0.0507068
0.0484662
0.0465237
0.0449172
0.043684
0.0428574
0.0424634
0.0425169
0.0430204
0.0439639
0.0453262
0.0470777
0.0491844
0.0516107
0.0543222
0.0572871
0.0604771
0.0638679
0.0674387
0.0711722
0.0750544
0.079074
0.0832219
0.0874911
0.0918762
0.0963729
0.100978
0.105689
0.110505
0.115425
0.120447
0.125573
0.130801
0.13613
0.141557
0.14708
0.152696
0.158397
0.164179
0.17003
0.175941
0.181897
0.187883
0.193883
0.199877
0.205847
0.211774
0.217646
0.22346
0.229237
0.235044
0.241035
0.247522
0.255071
0.264615
0.277489
0.29522
0.318922
0.348373
0.381207
0.412637
0.435733
0.441996
0.422137
0.367405
0.272717
0.144716
0.0181094
0.0313823
0.120283
0.174278
0.204099
0.221208
0.23282
0.241942
0.249501
0.255729
0.260675
0.264355
0.266791
0.268021
0.268098
0.267087
0.265068
0.262128
0.258365
0.253881
0.248784
0.243182
0.237183
0.230893
0.224408
0.217821
0.21121
0.204645
0.198179
0.191854
0.185698
0.179726
0.173944
0.168347
0.162925
0.157663
0.152545
0.147552
0.142669
0.137879
0.133172
0.128535
0.123963
0.119449
0.11499
0.110584
0.106232
0.101934
0.0976919
0.0935084
0.0893867
0.0853304
0.0813442
0.0774335
0.073605
0.0698665
0.0662278
0.062701
0.0593008
0.0560455
0.0529572
0.0500631
0.0473953
0.0449915
0.0428945
0.0411503
0.0398054
0.0389024
0.0384746
0.0385411
0.0391037
0.0401476
0.0416431
0.0435513
0.0458286
0.0484313
0.0513189
0.0544552
0.0578091
0.0613547
0.0650705
0.0689391
0.0729466
0.0770822
0.0813377
0.0857066
0.0901844
0.0947676
0.0994538
0.104241
0.109129
0.114117
0.119204
0.124393
0.129682
0.135071
0.14056
0.146144
0.151821
0.157587
0.163436
0.169357
0.175341
0.181375
0.187443
0.19353
0.199615
0.20568
0.211704
0.217673
0.223579
0.229433
0.235287
0.241267
0.247642
0.254925
0.263995
0.27618
0.29311
0.316157
0.345458
0.378955
0.411985
0.437507
0.446709
0.429806
0.377347
0.283302
0.153121
0.020383
0.0307405
0.119588
0.1746
0.205489
0.223226
0.235022
0.244128
0.251601
0.257715
0.262531
0.266071
0.26836
0.269439
0.269362
0.268198
0.266027
0.262939
0.259033
0.254413
0.249189
0.243469
0.237363
0.230974
0.224402
0.217737
0.211058
0.204431
0.197911
0.191537
0.185336
0.179321
0.173495
0.167855
0.162389
0.15708
0.151913
0.146869
0.141932
0.137087
0.132321
0.127624
0.122988
0.118409
0.113883
0.109409
0.104985
0.100613
0.096293
0.0920284
0.0878213
0.0836749
0.079593
0.0755803
0.0716427
0.0677871
0.0640226
0.0603603
0.0568143
0.0534027
0.0501479
0.0470782
0.0442283
0.0416407
0.039365
0.0374571
0.0359755
0.0349757
0.0345019
0.034579
0.0352083
0.0363674
0.0380153
0.0400997
0.0425651
0.0453584
0.0484323
0.0517464
0.0552675
0.0589686
0.062828
0.0668288
0.0709577
0.0752046
0.0795623
0.0840254
0.0885901
0.093254
0.0980155
0.102873
0.107827
0.112878
0.118025
0.123271
0.128616
0.134061
0.139605
0.145245
0.15098
0.156804
0.162714
0.1687
0.174752
0.180858
0.187003
0.19317
0.199341
0.205495
0.211613
0.217676
0.223672
0.229606
0.235516
0.241504
0.247801
0.254865
0.263519
0.275065
0.291208
0.313552
0.342591
0.376602
0.411077
0.438893
0.450941
0.436955
0.386797
0.293496
0.161308
0.0226537
0.0300195
0.118609
0.174543
0.20648
0.224877
0.236928
0.246057
0.253468
0.25949
0.2642
0.267623
0.269789
0.27074
0.270532
0.269237
0.266935
0.263719
0.25969
0.254953
0.249618
0.243795
0.237593
0.231118
0.224469
0.217734
0.210992
0.204311
0.19774
0.19132
0.185075
0.179018
0.173152
0.16747
0.161961
0.156608
0.151394
0.146302
0.141314
0.136416
0.131595
0.126842
0.122148
0.117509
0.112922
0.108383
0.103893
0.0994515
0.0950601
0.0907199
0.0864331
0.0822022
0.0780301
0.0739207
0.0698788
0.0659103
0.062023
0.0582269
0.054535
0.0509643
0.0475367
0.0442807
0.0412328
0.0384393
0.0359573
0.033854
0.0322038
0.0310801
0.0305435
0.0306282
0.0313345
0.0326291
0.0344537
0.0367381
0.0394114
0.0424099
0.0456796
0.0491766
0.0528662
0.0567214
0.0607212
0.0648495
0.0690941
0.0734462
0.0778997
0.0824502
0.0870953
0.0918333
0.0966636
0.101586
0.1066
0.111707
0.116909
0.122206
0.127602
0.133097
0.138691
0.144382
0.150168
0.156046
0.162012
0.168057
0.174171
0.180343
0.186559
0.192802
0.199052
0.20529
0.211496
0.217648
0.223732
0.229748
0.235719
0.241729
0.247975
0.254863
0.263156
0.274114
0.289493
0.311101
0.339782
0.374169
0.409942
0.439923
0.454724
0.44361
0.395771
0.303306
0.169273
0.0249124
0.0292266
0.117352
0.17411
0.207081
0.22617
0.238526
0.247724
0.255105
0.261058
0.265682
0.269011
0.271077
0.271922
0.271607
0.270201
0.267791
0.264468
0.260334
0.255497
0.250067
0.244156
0.237872
0.231322
0.224603
0.217807
0.211009
0.204277
0.19766
0.191197
0.184912
0.178815
0.172909
0.167188
0.161637
0.156242
0.150985
0.145847
0.140812
0.135865
0.130994
0.126189
0.121442
0.116748
0.112104
0.107507
0.102957
0.0984527
0.0939957
0.0895867
0.0852269
0.0809183
0.0766629
0.0724637
0.0683241
0.0642491
0.0602448
0.0563197
0.052485
0.0487558
0.0451526
0.0417026
0.0384426
0.0354215
0.0327028
0.0303663
0.0285061
0.0272211
0.0265977
0.026686
0.0274846
0.0289424
0.0309753
0.033488
0.0363911
0.0396092
0.0430824
0.0467647
0.0506215
0.0546268
0.0587612
0.0630102
0.0673632
0.0718127
0.076354
0.0809842
0.0857019
0.0905066
0.0953986
0.100378
0.105447
0.110604
0.115854
0.121197
0.126638
0.132178
0.137816
0.143552
0.149384
0.15531
0.161326
0.167425
0.173596
0.179828
0.186109
0.192421
0.198745
0.205062
0.211349
0.217586
0.223755
0.229849
0.235886
0.241929
0.248146
0.254894
0.262875
0.273299
0.287945
0.308796
0.337038
0.371676
0.40861
0.440629
0.458087
0.449798
0.40429
0.31274
0.177014
0.0271517
0.0283687
0.115826
0.173308
0.207297
0.227115
0.239818
0.249126
0.256507
0.262419
0.26698
0.270237
0.272224
0.272986
0.272585
0.271092
0.268592
0.265182
0.260963
0.256043
0.250534
0.244548
0.238194
0.231579
0.224802
0.217951
0.211104
0.204326
0.197667
0.191164
0.18484
0.178706
0.172763
0.167003
0.161415
0.15598
0.150682
0.145502
0.140423
0.135432
0.130515
0.125663
0.120868
0.116125
0.11143
0.106781
0.102177
0.0976176
0.0931023
0.0886317
0.0842068
0.0798285
0.0754982
0.0712177
0.0669894
0.0628166
0.058704
0.054658
0.0506875
0.0468052
0.0430285
0.0393821
0.0359007
0.0326329
0.0296463
0.0270326
0.0249088
0.0234102
0.022664
0.0227496
0.0236636
0.0253241
0.0276062
0.0303806
0.033536
0.036986
0.040667
0.0445332
0.0485519
0.0526999
0.0569602
0.0613207
0.0657725
0.0703099
0.0749298
0.0796308
0.0844125
0.0892756
0.0942214
0.0992513
0.104366
0.109568
0.114859
0.120242
0.125722
0.1313
0.136977
0.142753
0.148626
0.154594
0.160655
0.166801
0.173024
0.179311
0.18565
0.192025
0.198417
0.204806
0.211169
0.217485
0.223734
0.229906
0.236008
0.242093
0.248297
0.254937
0.262651
0.272592
0.28654
0.306627
0.334362
0.369138
0.407101
0.441038
0.46106
0.455544
0.412373
0.321811
0.184531
0.0293652
0.0274525
0.114041
0.172143
0.207129
0.227711
0.24081
0.250265
0.257673
0.26357
0.268091
0.271299
0.273231
0.273932
0.273466
0.271906
0.269338
0.26586
0.261573
0.256588
0.251015
0.244968
0.238557
0.231888
0.22506
0.218163
0.211272
0.204454
0.197756
0.191217
0.184857
0.178688
0.172709
0.166914
0.161289
0.155818
0.150482
0.145263
0.140145
0.135114
0.130156
0.125262
0.120425
0.115639
0.1109
0.106206
0.101555
0.0969473
0.0923814
0.0878576
0.0833763
0.0789376
0.0745421
0.0701907
0.0658844
0.0616253
0.0574161
0.0532611
0.0491666
0.0451419
0.0412007
0.037363
0.0336588
0.0301325
0.0268507
0.0239122
0.0214578
0.0196711
0.0187475
0.01882
0.019884
0.0218033
0.0243875
0.0274606
0.0308885
0.0345777
0.0384649
0.0425079
0.0466785
0.0509574
0.0553315
0.0597914
0.0643302
0.0689442
0.0736319
0.0783934
0.0832294
0.0881418
0.0931328
0.0982047
0.103359
0.108598
0.113923
0.11934
0.124852
0.130463
0.136173
0.141983
0.14789
0.153895
0.159995
0.166183
0.172451
0.178787
0.185179
0.191612
0.198065
0.204519
0.210952
0.217342
0.223666
0.229911
0.23608
0.242209
0.248415
0.254972
0.26246
0.271967
0.285257
0.30458
0.331753
0.366565
0.405437
0.441176
0.46367
0.460873
0.42004
0.33053
0.191828
0.0315479
0.0264842
0.112008
0.170623
0.206581
0.227958
0.241502
0.251142
0.258608
0.26451
0.269016
0.272198
0.274096
0.274758
0.274249
0.272644
0.270027
0.266499
0.262163
0.257129
0.251508
0.245414
0.238957
0.232244
0.225375
0.218438
0.211511
0.204656
0.197924
0.191351
0.184958
0.178756
0.172744
0.166916
0.161257
0.155752
0.150382
0.145129
0.139976
0.134909
0.129915
0.124986
0.120112
0.115289
0.110513
0.105781
0.101091
0.0964422
0.0918341
0.0872662
0.0827381
0.0782493
0.0737997
0.0693892
0.0650178
0.0606861
0.0563952
0.0521471
0.0479453
0.0437956
0.0397068
0.0356932
0.0317771
0.0279939
0.0244018
0.0210958
0.0182314
0.0160483
0.0148543
0.0148954
0.0161694
0.0184322
0.0213837
0.0247912
0.028504
0.0324299
0.0365127
0.040718
0.045024
0.0494173
0.0538891
0.0584333
0.0630449
0.0677221
0.0724652
0.0772757
0.0821555
0.0871072
0.092134
0.0972392
0.102425
0.107693
0.113046
0.118489
0.124027
0.129664
0.135402
0.141239
0.147176
0.153211
0.159344
0.165569
0.171876
0.178255
0.184693
0.191177
0.197686
0.2042
0.210697
0.217153
0.223547
0.229862
0.236094
0.242271
0.248488
0.254984
0.262281
0.271401
0.284073
0.302642
0.32921
0.363967
0.403634
0.441065
0.46594
0.465809
0.427311
0.338912
0.198908
0.0336957
0.02547
0.109735
0.168755
0.205654
0.227855
0.241893
0.25176
0.259313
0.265243
0.269755
0.272931
0.274818
0.275462
0.274932
0.273302
0.270656
0.267098
0.262731
0.257664
0.252011
0.245884
0.239392
0.232645
0.225743
0.218775
0.211816
0.20493
0.198168
0.191564
0.185141
0.178908
0.172865
0.167006
0.161317
0.155781
0.15038
0.145096
0.139912
0.134815
0.129791
0.124831
0.119927
0.115073
0.110267
0.105504
0.100783
0.0961022
0.0914611
0.0868587
0.082294
0.0777664
0.073275
0.0688187
0.0643968
0.0600086
0.0556537
0.051332
0.0470447
0.0427937
0.0385834
0.0344213
0.0303204
0.0263033
0.022411
0.0187184
0.0153684
0.0126383
0.0110049
0.0109773
0.0125747
0.0153075
0.0186969
0.0224606
0.0264525
0.0305966
0.0348517
0.0391948
0.0436127
0.0480982
0.0526473
0.0572576
0.0619253
0.0666503
0.0714349
0.0762817
0.0811936
0.0861738
0.0912263
0.0963555
0.101565
0.106854
0.112226
0.117689
0.123246
0.128902
0.134661
0.140521
0.14648
0.15254
0.1587
0.164956
0.171297
0.177712
0.184191
0.19072
0.197278
0.203844
0.210398
0.216916
0.223373
0.229752
0.236045
0.24227
0.248506
0.254958
0.262096
0.270872
0.282969
0.300799
0.326728
0.361349
0.401707
0.440724
0.467893
0.470374
0.434205
0.34697
0.205778
0.0358059
0.0244157
0.107236
0.166546
0.204354
0.227401
0.24198
0.252119
0.25979
0.26577
0.270309
0.2735
0.275395
0.276043
0.275512
0.273877
0.271224
0.267655
0.263274
0.258191
0.25252
0.246374
0.239858
0.233088
0.226163
0.219169
0.212185
0.205273
0.198484
0.191853
0.185402
0.179142
0.17307
0.167181
0.161464
0.155901
0.150473
0.145162
0.139952
0.134829
0.12978
0.124795
0.119867
0.114991
0.110161
0.105375
0.100631
0.0959269
0.0912621
0.0866353
0.0820452
0.0774907
0.0729704
0.0684829
0.0640266
0.0595998
0.0552009
0.0508286
0.0464816
0.0421594
0.0378621
0.0335913
0.029351
0.0251499
0.0210082
0.016965
0.0131092
0.00966949
0.00727037
0.00707773
0.0092417
0.0126143
0.0164832
0.0205844
0.0248169
0.0291373
0.0335251
0.0379705
0.0424689
0.0470187
0.0516206
0.0562755
0.06098
0.0657356
0.0705463
0.0754155
0.0803468
0.0853438
0.0904113
0.0955544
0.100778
0.106079
0.111464
0.116938
0.122507
0.128176
0.13395
0.139825
0.145801
0.15188
0.158061
0.164342
0.17071
0.177156
0.183669
0.190236
0.196837
0.20345
0.210055
0.216628
0.223142
0.22958
0.235929
0.242201
0.24846
0.254882
0.261888
0.27036
0.281924
0.299036
0.324301
0.358714
0.399666
0.440172
0.469551
0.47459
0.440741
0.35472
0.212444
0.0378762
0.023327
0.104521
0.164006
0.202682
0.226596
0.241762
0.252216
0.260039
0.266094
0.27068
0.273906
0.275829
0.276501
0.275989
0.274369
0.271727
0.268166
0.263789
0.258706
0.253032
0.246879
0.240354
0.233571
0.226631
0.21962
0.212616
0.205683
0.198871
0.192216
0.18574
0.179454
0.173355
0.16744
0.161698
0.15611
0.150658
0.145325
0.140093
0.134949
0.129881
0.124878
0.119932
0.115039
0.110193
0.105392
0.100633
0.0959151
0.0912364
0.0865956
0.0819915
0.0774226
0.0728873
0.0683837
0.0639099
0.0594638
0.0550429
0.050645
0.0462677
0.0419086
0.0375654
0.0332361
0.0289185
0.02461
0.0203168
0.0160439
0.0118094
0.00767877
0.00400109
0.00328043
0.00658865
0.0106888
0.0149575
0.019298
0.0236853
0.0281117
0.0325751
0.0370759
0.0416156
0.0461966
0.0508225
0.0554979
0.0602175
0.0649846
0.0698044
0.0746811
0.0796182
0.0846199
0.089691
0.0948373
0.100065
0.105371
0.110759
0.116237
0.121811
0.127486
0.133267
0.139152
0.145138
0.151229
0.157426
0.163725
0.170115
0.176584
0.183125
0.189725
0.196362
0.203015
0.209664
0.216285
0.22285
0.229341
0.235742
0.242059
0.248343
0.254747
0.261643
0.269847
0.28092
0.297338
0.321921
0.356064
0.397522
0.439424
0.470933
0.478475
0.446938
0.362175
0.218916
0.0399056
0.0222093
0.101602
0.161143
0.200643
0.225438
0.241236
0.252051
0.26006
0.266216
0.270869
0.274149
0.276119
0.276834
0.276361
0.274775
0.272164
0.268628
0.264272
0.259207
0.253545
0.247398
0.240876
0.234091
0.227145
0.220124
0.213107
0.206158
0.199327
0.19265
0.186152
0.179842
0.17372
0.167782
0.162017
0.156407
0.150935
0.145583
0.140334
0.135174
0.130091
0.125076
0.120119
0.115216
0.110362
0.105553
0.100788
0.0960653
0.0913825
0.0867385
0.082132
0.0775615
0.0730252
0.0685213
0.0640476
0.0596019
0.0551817
0.0507845
0.0464076
0.0420484
0.037704
0.0333715
0.0290475
0.0247269
0.0204132
0.0161037
0.0117981
0.00750369
0.00327877
0.00164033
0.0056842
0.00999413
0.014347
0.0187277
0.0231353
0.0275711
0.0320376
0.0365374
0.0410732
0.045648
0.0502657
0.0549344
0.0596454
0.0644036
0.0692146
0.0740826
0.0790113
0.0840047
0.0890675
0.0942057
0.0994285
0.104728
0.110111
0.115585
0.121156
0.126829
0.132611
0.138499
0.144489
0.150586
0.156791
0.163103
0.169508
0.175995
0.182557
0.189183
0.19585
0.202536
0.209222
0.215885
0.222495
0.229033
0.235481
0.241839
0.24815
0.254542
0.261348
0.269318
0.27994
0.295691
0.319582
0.3534
0.395282
0.438494
0.472054
0.48205
0.452813
0.369351
0.225201
0.0418933
0.0210681
0.0984909
0.157968
0.198241
0.223927
0.240398
0.251621
0.259853
0.266136
0.270877
0.274229
0.276265
0.277042
0.276627
0.275095
0.272533
0.26904
0.264723
0.25969
0.254054
0.247929
0.241422
0.234646
0.227702
0.220679
0.213655
0.206694
0.199849
0.193155
0.186637
0.180306
0.174163
0.168204
0.162419
0.15679
0.151301
0.145934
0.140672
0.135501
0.13041
0.125387
0.120426
0.11552
0.110665
0.105857
0.101094
0.0963755
0.0916985
0.0870621
0.0824649
0.0779055
0.0733824
0.0688937
0.0644376
0.0600121
0.0556152
0.0512448
0.046899
0.042576
0.0382744
0.0339934
0.0297331
0.0254955
0.0212917
0.0171404
0.0130871
0.00926035
0.00610886
0.00511077
0.00723494
0.0107821
0.0147736
0.0189448
0.0232134
0.0275486
0.0319373
0.0363739
0.0408567
0.0453856
0.0499624
0.0545929
0.0592702
0.0639983
0.0687818
0.0736243
0.0785295
0.0835012
0.0885434
0.0936617
0.0988683
0.104152
0.10952
0.114982
0.120542
0.126206
0.131982
0.137865
0.143853
0.149949
0.156156
0.162474
0.168888
0.175387
0.181964
0.18861
0.1953
0.202011
0.208728
0.215426
0.222073
0.228652
0.235141
0.241538
0.247874
0.254261
0.260993
0.268757
0.278968
0.294081
0.317274
0.350719
0.392953
0.437393
0.472933
0.48533
0.458384
0.376261
0.231308
0.0438394
0.0199087
0.0952013
0.154489
0.19548
0.222061
0.239245
0.250923
0.259416
0.265855
0.270705
0.274149
0.276269
0.277126
0.276786
0.275326
0.272831
0.2694
0.265137
0.260153
0.254559
0.248467
0.241988
0.235232
0.2283
0.221283
0.214258
0.207292
0.200435
0.193728
0.187193
0.180844
0.174683
0.168705
0.162902
0.157258
0.151755
0.146376
0.141105
0.135929
0.130834
0.12581
0.12085
0.115948
0.111099
0.1063
0.101549
0.0968432
0.0921818
0.0875636
0.0829873
0.0784517
0.0739555
0.0694973
0.0650758
0.0606897
0.0563376
0.0520186
0.0477323
0.043479
0.0392602
0.0350791
0.0309425
0.0268632
0.0228671
0.0190016
0.0153613
0.0121491
0.00979876
0.00902029
0.0101902
0.0127944
0.0161658
0.0199319
0.0239208
0.0280513
0.032283
0.0365946
0.0409745
0.0454167
0.0499187
0.0544802
0.0590983
0.0637743
0.0685108
0.0733104
0.0781764
0.0831123
0.0881217
0.0932094
0.0983853
0.103642
0.108988
0.114429
0.119971
0.125617
0.131379
0.137251
0.143228
0.149318
0.15552
0.161838
0.168255
0.174758
0.181343
0.188002
0.194708
0.201439
0.20818
0.214906
0.221584
0.228196
0.234721
0.241151
0.247511
0.253896
0.260568
0.268153
0.277988
0.292495
0.314991
0.348022
0.390538
0.436131
0.473581
0.488333
0.463665
0.38292
0.237246
0.0457442
0.0187363
0.091746
0.150718
0.192366
0.21984
0.237773
0.249953
0.258747
0.265372
0.270354
0.273908
0.27613
0.277084
0.276839
0.275468
0.273057
0.269704
0.265513
0.260593
0.255055
0.249011
0.242572
0.235846
0.228936
0.221933
0.214915
0.207948
0.201086
0.194367
0.187819
0.181455
0.175277
0.169284
0.163466
0.157808
0.152295
0.146908
0.141633
0.136455
0.131361
0.126343
0.12139
0.116499
0.111664
0.106881
0.102149
0.0974656
0.0928296
0.0882399
0.0836956
0.0791959
0.0747399
0.0703268
0.0659559
0.0616268
0.0573393
0.0530941
0.0488926
0.0447377
0.0406344
0.0365913
0.0326222
0.0287501
0.0250145
0.0214818
0.0182661
0.0155637
0.013684
0.0129945
0.0136838
0.0155779
0.0183173
0.0215945
0.0252134
0.0290597
0.0330675
0.0371982
0.0414285
0.0457442
0.0501371
0.0546021
0.0591357
0.0637368
0.068406
0.0731448
0.0779554
0.0828407
0.0878039
0.0928492
0.0979817
0.103202
0.108516
0.113927
0.119442
0.125064
0.130802
0.136653
0.142615
0.148691
0.154882
0.161193
0.167605
0.174106
0.180693
0.187358
0.194074
0.200817
0.207574
0.214323
0.221024
0.227664
0.234218
0.240675
0.247057
0.253443
0.260065
0.267494
0.276988
0.29092
0.312722
0.345304
0.388041
0.434718
0.474012
0.491072
0.468672
0.38934
0.243025
0.0476085
0.017556
0.0881388
0.146666
0.188903
0.217263
0.235978
0.248706
0.257845
0.264686
0.269824
0.273507
0.275848
0.276917
0.276782
0.275518
0.273209
0.269951
0.265848
0.261007
0.25554
0.249558
0.24317
0.236486
0.229608
0.222627
0.215622
0.208661
0.201798
0.195073
0.188515
0.182138
0.175947
0.16994
0.164109
0.158441
0.15292
0.147529
0.142253
0.137078
0.131991
0.126982
0.122044
0.11717
0.112355
0.107597
0.102892
0.0982395
0.0936381
0.0890869
0.0845855
0.0801332
0.0757299
0.0713753
0.0670697
0.0628136
0.0586083
0.0544559
0.0503601
0.0463264
0.0423636
0.0384846
0.0347094
0.0310682
0.0276083
0.0244018
0.0215585
0.0192384
0.01765
0.0170034
0.0174098
0.0188078
0.0210094
0.0238033
0.0270179
0.030533
0.0342689
0.038174
0.0422143
0.0463678
0.05062
0.0549614
0.0593858
0.0638896
0.0684714
0.0731311
0.0778697
0.0826892
0.087592
0.0925815
0.0976612
0.102834
0.108105
0.113477
0.118956
0.124546
0.130252
0.136074
0.142013
0.14807
0.154244
0.160538
0.166937
0.173431
0.180013
0.186677
0.193395
0.200144
0.206911
0.213674
0.220391
0.227052
0.233629
0.240109
0.246508
0.252895
0.259476
0.26677
0.275955
0.289344
0.310461
0.342562
0.385465
0.433161
0.474238
0.493561
0.473418
0.395535
0.248654
0.0494332
0.0163731
0.0843941
0.142346
0.185098
0.214331
0.233857
0.247178
0.256704
0.263797
0.269114
0.272946
0.275424
0.276624
0.276617
0.275476
0.273285
0.270139
0.266139
0.261394
0.256012
0.250104
0.243781
0.23715
0.230313
0.223363
0.216378
0.209429
0.20257
0.195844
0.189279
0.182892
0.17669
0.170672
0.164831
0.159156
0.15363
0.148238
0.142965
0.137797
0.132721
0.127728
0.122809
0.117959
0.113171
0.108444
0.103775
0.0991614
0.0946035
0.0901004
0.0856519
0.0812579
0.0769187
0.072635
0.0684077
0.0642386
0.0601302
0.0560863
0.0521126
0.048217
0.0444111
0.0407115
0.0371418
0.0337361
0.0305432
0.0276321
0.0250973
0.0230614
0.021666
0.0210416
0.0212609
0.0223052
0.0240749
0.0264341
0.0292511
0.0324181
0.0358546
0.0395026
0.0433215
0.0472827
0.0513665
0.0555589
0.0598508
0.0642359
0.0687106
0.0732731
0.077923
0.0826613
0.0874895
0.09241
0.0974259
0.10254
0.107757
0.11308
0.118513
0.124062
0.129728
0.135515
0.141423
0.147452
0.153603
0.159872
0.166252
0.172732
0.179304
0.185958
0.19267
0.199418
0.206188
0.212958
0.219684
0.226359
0.232952
0.239448
0.245862
0.25225
0.258795
0.265971
0.274878
0.287756
0.308198
0.339794
0.38281
0.431466
0.474268
0.495812
0.477918
0.401518
0.254142
0.0512196
0.0151924
0.0805271
0.13777
0.18096
0.211045
0.231405
0.245363
0.255321
0.2627
0.268224
0.272225
0.274856
0.276205
0.276341
0.275339
0.273283
0.270264
0.266384
0.261749
0.256466
0.250647
0.2444
0.237834
0.231049
0.224137
0.217182
0.210251
0.203402
0.196678
0.19011
0.183717
0.177507
0.17148
0.165632
0.159951
0.154424
0.149034
0.143768
0.13861
0.13355
0.128578
0.123684
0.118863
0.114109
0.10942
0.104794
0.100228
0.0957217
0.0912756
0.0868894
0.0825636
0.078299
0.074097
0.0699595
0.0658892
0.0618898
0.0579665
0.0541267
0.0503803
0.0467407
0.0432267
0.0398635
0.0366857
0.0337395
0.031086
0.0288028
0.0269819
0.0257218
0.0251087
0.0251941
0.0259762
0.0274022
0.0293865
0.0318346
0.0346588
0.0377861
0.0411592
0.0447347
0.0484802
0.0523722
0.0563933
0.0605313
0.0647775
0.0691263
0.073574
0.078119
0.0827608
0.0875002
0.0923387
0.0972786
0.102323
0.107475
0.112738
0.118116
0.123613
0.129232
0.134975
0.140844
0.146838
0.152957
0.159196
0.16555
0.172009
0.178563
0.185199
0.191898
0.19864
0.205405
0.212171
0.2189
0.225582
0.232184
0.238691
0.245115
0.251501
0.258016
0.26509
0.273745
0.286146
0.305925
0.336994
0.380078
0.429639
0.474111
0.497837
0.482182
0.407299
0.259498
0.0529687
0.0140192
0.0765534
0.132954
0.176495
0.207407
0.228618
0.243256
0.253691
0.261393
0.267152
0.271343
0.274146
0.275658
0.275954
0.275107
0.273201
0.270325
0.26658
0.262069
0.2569
0.251183
0.245026
0.238534
0.231811
0.224949
0.21803
0.211124
0.204291
0.197574
0.191008
0.184612
0.178396
0.172364
0.166511
0.160828
0.155301
0.149916
0.14466
0.139517
0.134477
0.12953
0.124666
0.11988
0.115166
0.110522
0.105946
0.101434
0.0969884
0.0926075
0.0882923
0.0840436
0.0798629
0.0757522
0.0717141
0.0677521
0.0638711
0.0600774
0.0563794
0.0527883
0.0493187
0.0459899
0.0428271
0.0398629
0.0371391
0.0347074
0.0326297
0.0309751
0.0298139
0.0292062
0.0291899
0.0297706
0.0309203
0.0325863
0.0347028
0.0372026
0.0400243
0.043116
0.0464351
0.0499485
0.0536305
0.0574614
0.0614267
0.0655157
0.0697209
0.0740371
0.0784612
0.0829916
0.087628
0.0923711
0.0972227
0.102185
0.107261
0.112453
0.117766
0.123203
0.128766
0.134457
0.140278
0.146228
0.152306
0.158509
0.164829
0.171259
0.177787
0.1844
0.19108
0.197808
0.204561
0.211315
0.218042
0.224722
0.231324
0.237837
0.244264
0.250647
0.257134
0.264118
0.272549
0.284503
0.303636
0.334158
0.377269
0.427684
0.473775
0.499645
0.486222
0.412889
0.264731
0.0546817
0.0128584
0.0724898
0.127914
0.171715
0.203418
0.225494
0.240851
0.251807
0.259873
0.265895
0.270299
0.273292
0.274983
0.275454
0.274778
0.273036
0.270319
0.266724
0.262352
0.257311
0.251709
0.245653
0.239249
0.232599
0.225795
0.218921
0.212048
0.205236
0.198532
0.191971
0.185576
0.179359
0.173324
0.167469
0.161785
0.156262
0.150885
0.145641
0.140517
0.135501
0.130582
0.125754
0.121008
0.116341
0.111748
0.107227
0.102778
0.0983989
0.0940909
0.0898545
0.0856911
0.0816024
0.077591
0.0736602
0.0698142
0.0660586
0.0624004
0.0588487
0.0554153
0.0521149
0.0489665
0.045994
0.0432268
0.0407011
0.0384597
0.0365515
0.0350286
0.0339423
0.0333362
0.0332394
0.0336601
0.0345846
0.0359805
0.0378034
0.0400036
0.0425323
0.0453448
0.0484026
0.0516738
0.0551325
0.0587582
0.062535
0.0664506
0.0704962
0.0746652
0.0789532
0.0833575
0.087877
0.0925115
0.0972621
0.10213
0.107119
0.11223
0.117467
0.122833
0.12833
0.13396
0.139725
0.145623
0.151652
0.15781
0.16409
0.170482
0.176977
0.18356
0.190213
0.196918
0.203652
0.21039
0.217107
0.223776
0.230373
0.236883
0.243306
0.249684
0.256144
0.263049
0.271278
0.282817
0.301321
0.331283
0.374383
0.425607
0.473268
0.501246
0.490048
0.4183
0.269848
0.0563599
0.0117147
0.0683536
0.122666
0.166629
0.199082
0.22203
0.238141
0.249664
0.258133
0.264451
0.269092
0.272292
0.274179
0.274839
0.274349
0.272787
0.270243
0.266811
0.262593
0.257694
0.252221
0.246279
0.239974
0.233408
0.226672
0.219851
0.213019
0.206235
0.19955
0.193
0.186609
0.180394
0.174359
0.168504
0.162823
0.157305
0.151939
0.146711
0.141608
0.13662
0.131735
0.126946
0.122246
0.117629
0.113093
0.108635
0.104254
0.0999489
0.0957207
0.0915702
0.0874989
0.0835092
0.0796039
0.0757868
0.0720625
0.0684371
0.0649179
0.0615144
0.058238
0.0551033
0.052128
0.0493337
0.0467464
0.0443966
0.0423191
0.0405524
0.039136
0.0381082
0.0375014
0.0373387
0.0376291
0.0383669
0.0395328
0.0410971
0.0430244
0.0452771
0.0478188
0.0506165
0.0536412
0.0568684
0.0602778
0.0638532
0.0675817
0.0714533
0.0754606
0.0795982
0.0838625
0.0882514
0.0927642
0.0974012
0.102163
0.107053
0.112071
0.117222
0.122507
0.127929
0.133488
0.139187
0.145024
0.150996
0.157101
0.163331
0.169678
0.176131
0.182676
0.189295
0.19597
0.202677
0.209392
0.21609
0.222744
0.22933
0.235831
0.242244
0.248609
0.255042
0.261877
0.269926
0.28108
0.298973
0.328362
0.371419
0.423409
0.472596
0.502648
0.49367
0.423541
0.274859
0.0580041
0.010593
0.0641628
0.117229
0.161251
0.194404
0.218222
0.235119
0.247253
0.256169
0.262816
0.267718
0.271146
0.273245
0.274109
0.273818
0.27245
0.270093
0.26684
0.26279
0.258046
0.252714
0.246899
0.240705
0.234233
0.227576
0.220819
0.214035
0.207287
0.200627
0.194092
0.187711
0.181501
0.175469
0.169617
0.163941
0.158432
0.153079
0.14787
0.142792
0.137834
0.132986
0.128241
0.12359
0.11903
0.114556
0.110166
0.105859
0.101634
0.0974918
0.0934333
0.0894604
0.0855755
0.0817818
0.0780833
0.0744849
0.0709926
0.0676141
0.0643583
0.0612365
0.0582621
0.0554511
0.0528227
0.050399
0.0482055
0.0462702
0.0446231
0.0432946
0.0423136
0.0417047
0.0414867
0.0416687
0.0422495
0.0432179
0.0445546
0.0462348
0.0482307
0.0505139
0.0530572
0.0558357
0.0588272
0.0620131
0.0653775
0.0689075
0.0725929
0.0764255
0.0803994
0.0845104
0.0887557
0.0931339
0.0976447
0.102289
0.107067
0.111982
0.117035
0.122229
0.127564
0.133044
0.138667
0.144433
0.15034
0.156382
0.162555
0.168848
0.175251
0.181749
0.188326
0.194962
0.201634
0.208319
0.21499
0.221621
0.228189
0.234675
0.241076
0.247424
0.253829
0.260595
0.268485
0.279283
0.296586
0.325393
0.368375
0.421094
0.471765
0.50386
0.497096
0.428621
0.279772
0.059615
0.00949787
0.0599364
0.111623
0.155594
0.18939
0.214072
0.231781
0.244568
0.253972
0.260984
0.266174
0.26985
0.272178
0.273261
0.273183
0.272023
0.269866
0.266805
0.262936
0.258361
0.253184
0.247509
0.241438
0.235072
0.228505
0.22182
0.215093
0.208389
0.201759
0.195247
0.18888
0.182679
0.176654
0.170809
0.165141
0.159643
0.154306
0.149117
0.144066
0.139142
0.134335
0.129637
0.125041
0.120541
0.116134
0.111818
0.10759
0.10345
0.0993992
0.0954381
0.0915688
0.0877936
0.0841159
0.0805397
0.0770698
0.0737123
0.0704744
0.0673648
0.0643935
0.0615729
0.0589171
0.0564425
0.0541678
0.0521137
0.0503027
0.0487582
0.0475037
0.0465611
0.0459493
0.045684
0.0457745
0.0462214
0.0470187
0.0481543
0.0496113
0.0513699
0.0534089
0.0557066
0.0582427
0.0609983
0.0639567
0.0671034
0.0704262
0.073915
0.0775617
0.08136
0.0853052
0.0893943
0.0936254
0.0979976
0.102511
0.107167
0.111966
0.11691
0.122002
0.127241
0.13263
0.138168
0.143853
0.149684
0.155656
0.161761
0.167992
0.174336
0.180779
0.187305
0.193893
0.200523
0.207169
0.213805
0.220406
0.226948
0.233412
0.239795
0.246124
0.252502
0.259206
0.266946
0.277418
0.294153
0.322369
0.36525
0.418664
0.47078
0.504888
0.500336
0.43355
0.284593
0.061193
0.00843372
0.0556939
0.10587
0.149675
0.184048
0.209577
0.22812
0.2416
0.251536
0.25895
0.264457
0.268402
0.270975
0.272292
0.27244
0.271501
0.269559
0.266703
0.263029
0.258636
0.253626
0.248103
0.242168
0.23592
0.229452
0.22285
0.21619
0.209537
0.202947
0.196462
0.190115
0.183928
0.177915
0.172079
0.166422
0.160938
0.155618
0.150454
0.145433
0.140545
0.135782
0.131135
0.126596
0.122161
0.117825
0.113586
0.109442
0.105393
0.101438
0.0975793
0.0938178
0.0901564
0.086598
0.0831466
0.079807
0.0765846
0.0734863
0.0705199
0.0676946
0.0650209
0.0625112
0.0601792
0.0580403
0.0561113
0.0544101
0.0529549
0.0517638
0.0508536
0.0502387
0.049933
0.0499453
0.0502765
0.0509239
0.0518805
0.0531357
0.0546758
0.0564854
0.0585484
0.0608487
0.063371
0.066101
0.0690262
0.0721355
0.0754195
0.0788706
0.0824826
0.0862509
0.090172
0.0942439
0.0984654
0.102836
0.107357
0.112029
0.116853
0.121831
0.126963
0.132251
0.137693
0.143288
0.149033
0.154923
0.160952
0.16711
0.173386
0.179765
0.186231
0.192764
0.199342
0.20594
0.212534
0.219097
0.225606
0.232041
0.238399
0.244705
0.251055
0.257707
0.265311
0.275476
0.291666
0.319287
0.362042
0.416122
0.469646
0.505738
0.503396
0.438335
0.289332
0.0627383
0.00740474
0.0514554
0.0999921
0.143512
0.178387
0.20474
0.224131
0.238341
0.248851
0.256705
0.262561
0.266798
0.269634
0.271199
0.271588
0.270882
0.269166
0.266528
0.263062
0.258863
0.254035
0.248676
0.242888
0.23677
0.230413
0.223905
0.217321
0.210729
0.204185
0.197736
0.191415
0.185247
0.179249
0.173427
0.167784
0.162317
0.157018
0.151879
0.146891
0.142043
0.137326
0.132733
0.128255
0.123888
0.119628
0.11547
0.111415
0.107459
0.103605
0.0998518
0.0962019
0.0926572
0.0892206
0.0858958
0.082687
0.0795993
0.0766388
0.0738122
0.0711276
0.0685941
0.0662218
0.0640222
0.0620078
0.0601918
0.0585883
0.0572118
0.0560761
0.0551948
0.0545796
0.0542398
0.0541824
0.0544108
0.054925
0.0557214
0.0567936
0.0581328
0.0597283
0.0615686
0.0636416
0.0659354
0.0684386
0.0711409
0.0740327
0.0771059
0.0803536
0.0837702
0.0873513
0.0910935
0.0949948
0.0990539
0.10327
0.107645
0.112178
0.11687
0.121722
0.126736
0.131911
0.137246
0.142739
0.148388
0.154187
0.160129
0.166205
0.172403
0.178709
0.185105
0.191573
0.19809
0.204633
0.211175
0.217692
0.22416
0.230559
0.236885
0.243162
0.249482
0.256087
0.263581
0.273458
0.289119
0.316141
0.35875
0.413469
0.468366
0.506417
0.506284
0.442984
0.293995
0.0642504
0.00641488
0.0472413
0.0940149
0.137123
0.17242
0.199563
0.219811
0.234782
0.245908
0.254243
0.260478
0.265033
0.268151
0.269979
0.270621
0.270161
0.268685
0.266277
0.26303
0.259039
0.254403
0.249222
0.243594
0.237617
0.231383
0.224979
0.218481
0.211959
0.205471
0.199065
0.192777
0.186634
0.180656
0.174853
0.169228
0.16378
0.158505
0.153395
0.148442
0.143635
0.138968
0.134431
0.130017
0.125722
0.12154
0.117467
0.113503
0.109646
0.105895
0.102251
0.0987156
0.09529
0.091977
0.0887797
0.0857017
0.0827475
0.0799223
0.0772318
0.0746828
0.0722828
0.07004
0.0679637
0.0660637
0.0643505
0.062835
0.0615284
0.0604417
0.0595852
0.0589684
0.0585981
0.05848
0.0586182
0.0590144
0.0596675
0.060574
0.0617288
0.0631251
0.0647552
0.0666106
0.0686826
0.0709627
0.0734427
0.0761152
0.0789734
0.0820117
0.0852253
0.0886102
0.0921636
0.0958837
0.0997693
0.10382
0.108036
0.112418
0.116966
0.121681
0.126565
0.131615
0.136832
0.142213
0.147754
0.153451
0.159296
0.165279
0.171388
0.17761
0.183927
0.19032
0.196767
0.203244
0.209727
0.216189
0.222607
0.228963
0.235251
0.241494
0.247778
0.254336
0.26174
0.271368
0.286506
0.312926
0.35537
0.410707
0.466946
0.506931
0.509006
0.447507
0.298591
0.0657285
0.00546777
0.0430725
0.0879644
0.130533
0.166159
0.194051
0.215155
0.230916
0.242698
0.251553
0.258202
0.263101
0.266521
0.268628
0.269536
0.269335
0.268108
0.265942
0.262927
0.259156
0.254725
0.249733
0.244278
0.238454
0.232355
0.226066
0.219666
0.213224
0.206801
0.200445
0.194198
0.188087
0.182135
0.176354
0.170752
0.165328
0.160079
0.155001
0.150085
0.145323
0.140707
0.136229
0.131882
0.127661
0.12356
0.119576
0.115707
0.11195
0.108306
0.104774
0.101355
0.0980499
0.0948614
0.0917918
0.088844
0.0860217
0.0833291
0.0807708
0.0783523
0.0760794
0.0739589
0.0719977
0.0702036
0.0685846
0.0671491
0.0659055
0.0648622
0.0640272
0.0634078
0.0630099
0.0628384
0.0628972
0.0631885
0.0637128
0.0644691
0.0654548
0.0666662
0.0680987
0.0697468
0.0716048
0.0736668
0.0759272
0.0783803
0.0810214
0.0838459
0.0868503
0.0900315
0.0933874
0.0969164
0.100618
0.104492
0.108538
0.112756
0.117149
0.121715
0.126456
0.13137
0.136457
0.141713
0.147135
0.152718
0.158454
0.164333
0.170343
0.17647
0.182697
0.189005
0.195372
0.201775
0.208188
0.214587
0.220947
0.227252
0.233494
0.239696
0.245941
0.252451
0.259772
0.269203
0.28383
0.309636
0.351901
0.407837
0.465387
0.507284
0.51157
0.451909
0.303126
0.0671714
0.00456675
0.0389699
0.0818685
0.123764
0.159621
0.188211
0.210162
0.226735
0.23921
0.248625
0.255724
0.260994
0.264737
0.26714
0.268328
0.268396
0.267432
0.265519
0.262747
0.259207
0.254994
0.250203
0.244932
0.239274
0.233322
0.22716
0.220868
0.214517
0.208169
0.201873
0.195674
0.189603
0.183683
0.177931
0.172355
0.166959
0.161741
0.156697
0.151822
0.147107
0.142545
0.138128
0.133851
0.129706
0.125689
0.121796
0.118024
0.11437
0.110835
0.107416
0.104115
0.100932
0.0978688
0.0949267
0.0921081
0.0894157
0.0868527
0.0844226
0.0821297
0.0799783
0.0779734
0.0761203
0.0744247
0.0728927
0.0715305
0.0703443
0.0693404
0.0685249
0.0679034
0.0674808
0.0672617
0.0672494
0.0674465
0.0678547
0.0684742
0.0693046
0.0703443
0.0715913
0.0730427
0.0746953
0.0765457
0.0785903
0.0808258
0.083249
0.0858571
0.0886477
0.091619
0.0947696
0.0980988
0.101606
0.105292
0.109157
0.113202
0.117426
0.121831
0.126417
0.131182
0.136126
0.141245
0.146536
0.151993
0.157607
0.16337
0.169269
0.17529
0.181416
0.187628
0.193905
0.200222
0.206556
0.212882
0.219177
0.225422
0.231612
0.237767
0.243968
0.250429
0.257672
0.266937
0.281108
0.306266
0.348339
0.40486
0.463694
0.507482
0.513981
0.456199
0.30761
0.0685772
0.00371484
0.0349541
0.0757563
0.116843
0.152825
0.182051
0.204832
0.222233
0.235433
0.245448
0.253033
0.258705
0.262794
0.26551
0.266991
0.267341
0.266649
0.265001
0.262483
0.259185
0.255201
0.250623
0.245548
0.240068
0.234274
0.228252
0.222081
0.215832
0.209568
0.203343
0.197202
0.191178
0.185298
0.179581
0.174038
0.168674
0.16349
0.158485
0.153652
0.148987
0.144482
0.140129
0.135923
0.131857
0.127926
0.124126
0.120453
0.116904
0.113479
0.110176
0.106994
0.103934
0.100995
0.09818
0.0954891
0.0929244
0.090488
0.0881824
0.0860104
0.0839751
0.08208
0.0803287
0.0787255
0.0772744
0.0759799
0.0748466
0.0738791
0.0730818
0.072459
0.0720147
0.0717528
0.0716766
0.0717888
0.0720915
0.0725862
0.0732736
0.074154
0.0752272
0.0764925
0.0779487
0.0795945
0.0814286
0.0834494
0.0856557
0.0880461
0.0906199
0.0933764
0.0963154
0.099437
0.102742
0.10623
0.109903
0.113761
0.117806
0.122037
0.126455
0.131059
0.135847
0.140816
0.145962
0.15128
0.15676
0.162395
0.16817
0.174073
0.180086
0.18619
0.192365
0.198587
0.204832
0.211075
0.217294
0.223471
0.229601
0.235704
0.241856
0.248265
0.255433
0.26455
0.278343
0.302812
0.344682
0.401776
0.46187
0.507529
0.516245
0.460384
0.312051
0.0699437
0.00291478
0.0310452
0.0696581
0.109799
0.145791
0.175583
0.199168
0.217403
0.231359
0.24201
0.250118
0.256222
0.260682
0.26373
0.265519
0.266163
0.265754
0.26438
0.262127
0.259082
0.255337
0.250984
0.246117
0.240827
0.235204
0.229334
0.223295
0.21716
0.210992
0.204849
0.198774
0.192807
0.186976
0.181301
0.175796
0.17047
0.165326
0.160363
0.155577
0.150965
0.146518
0.142232
0.138099
0.134114
0.130271
0.126566
0.122994
0.119552
0.116239
0.113052
0.109989
0.107052
0.104238
0.101548
0.0989836
0.0965442
0.0942314
0.0920465
0.0899911
0.0880671
0.0862765
0.0846217
0.0831053
0.08173
0.0804989
0.0794149
0.0784813
0.0777013
0.0770782
0.0766149
0.0763147
0.0761809
0.0762163
0.0764231
0.0768034
0.0773591
0.0780916
0.0790022
0.0800916
0.0813606
0.0828097
0.0844392
0.0862495
0.0882409
0.090414
0.0927693
0.0953075
0.0980298
0.100937
0.104031
0.107312
0.110783
0.114444
0.118297
0.122342
0.126579
0.131008
0.135627
0.140432
0.14542
0.150585
0.155918
0.16141
0.167049
0.17282
0.178707
0.184692
0.190753
0.196867
0.203012
0.209162
0.215297
0.221398
0.227459
0.233502
0.239602
0.245956
0.25305
0.262033
0.275518
0.299285
0.340926
0.398587
0.459916
0.507429
0.51837
0.464472
0.316458
0.0712683
0.00216924
0.0272627
0.0636051
0.102663
0.138543
0.168821
0.193173
0.212242
0.226977
0.238299
0.246967
0.253536
0.258393
0.261792
0.263904
0.264854
0.26474
0.26365
0.26167
0.258888
0.255394
0.251277
0.246629
0.241541
0.236101
0.230395
0.2245
0.218491
0.212433
0.206381
0.200385
0.194485
0.188711
0.183086
0.177628
0.172346
0.167247
0.162331
0.157596
0.15304
0.148656
0.144439
0.140382
0.13648
0.132726
0.129117
0.125647
0.122314
0.119113
0.116042
0.1131
0.110285
0.107595
0.10503
0.102589
0.100273
0.0980804
0.0960126
0.0940698
0.0922526
0.0905619
0.0889988
0.0875647
0.086261
0.0850894
0.0840519
0.0831504
0.0823872
0.0817645
0.0812846
0.0809504
0.0807648
0.0807304
0.0808498
0.0811254
0.0815596
0.0821548
0.0829132
0.0838368
0.0849278
0.0861882
0.0876198
0.0892246
0.0910046
0.0929618
0.0950983
0.0974162
0.0999178
0.102605
0.105481
0.108547
0.111806
0.11526
0.118909
0.122755
0.126799
0.131039
0.135474
0.140102
0.144917
0.149914
0.155085
0.160421
0.165908
0.171534
0.177283
0.183134
0.189068
0.195064
0.201096
0.207143
0.213182
0.219197
0.225183
0.23116
0.2372
0.243498
0.250521
0.25938
0.272601
0.295704
0.337064
0.395291
0.457835
0.507188
0.520361
0.468472
0.320842
0.0725481
0.00148158
0.023625
0.0576293
0.0954674
0.131109
0.161781
0.186854
0.206748
0.222278
0.234304
0.243567
0.250634
0.255915
0.259686
0.262139
0.263407
0.263597
0.2628
0.261104
0.258595
0.255361
0.25149
0.247073
0.242198
0.236954
0.231424
0.225687
0.219817
0.213879
0.207933
0.202027
0.196204
0.190497
0.184932
0.179529
0.174299
0.169251
0.164388
0.159709
0.155213
0.150895
0.146749
0.142771
0.138954
0.135292
0.131781
0.128415
0.12519
0.122102
0.119148
0.116326
0.113632
0.111065
0.108623
0.106305
0.104108
0.102034
0.10008
0.0982456
0.0965312
0.0949363
0.0934608
0.0921049
0.0908692
0.0897542
0.0887609
0.0878902
0.0871434
0.0865221
0.0860279
0.0856634
0.0854311
0.0853336
0.0853732
0.0855528
0.0858749
0.0863426
0.0869586
0.0877262
0.0886483
0.0897281
0.0909689
0.0923741
0.0939469
0.0956909
0.0976095
0.0997062
0.101985
0.104448
0.1071
0.109943
0.112982
0.116217
0.119651
0.123286
0.127123
0.131161
0.135398
0.139833
0.14446
0.149275
0.154269
0.159432
0.164754
0.17022
0.175814
0.181518
0.187313
0.193175
0.199084
0.205015
0.210949
0.216868
0.222769
0.228672
0.234649
0.240887
0.247841
0.256585
0.26957
0.292084
0.333088
0.391889
0.455628
0.506809
0.522225
0.472393
0.325215
0.0737804
0.000859616
0.0201492
0.051763
0.0882481
0.123517
0.154485
0.180221
0.200921
0.217257
0.230013
0.239904
0.247503
0.253236
0.257403
0.260212
0.261812
0.262317
0.261824
0.26042
0.258192
0.255227
0.251613
0.247437
0.242787
0.23775
0.232409
0.226843
0.221125
0.215321
0.209492
0.203689
0.197955
0.192327
0.186833
0.181494
0.176324
0.171335
0.166531
0.161914
0.157483
0.153235
0.149165
0.145268
0.141538
0.13797
0.134558
0.131297
0.128181
0.125207
0.12237
0.119667
0.117094
0.114649
0.112328
0.11013
0.108052
0.106091
0.104248
0.102519
0.100904
0.0994009
0.0980093
0.0967284
0.0955575
0.0944966
0.0935456
0.0927047
0.0919744
0.0913556
0.0908492
0.0904576
0.0901835
0.0900289
0.089996
0.0900874
0.0903061
0.0906551
0.0911381
0.0917586
0.0925206
0.0934282
0.0944857
0.0956976
0.0970684
0.0986028
0.100306
0.102181
0.104235
0.106471
0.108894
0.111509
0.114318
0.117325
0.120534
0.123946
0.127562
0.131384
0.135409
0.139635
0.144059
0.148675
0.153475
0.158451
0.16359
0.16888
0.174305
0.179847
0.185487
0.191203
0.196974
0.202777
0.208594
0.214407
0.220214
0.226036
0.231943
0.238118
0.245003
0.253639
0.266411
0.288424
0.328991
0.388381
0.453297
0.506296
0.523968
0.476245
0.329589
0.0749626
0.000353979
0.0168509
0.0460384
0.0810416
0.115799
0.146956
0.173287
0.194764
0.211907
0.225415
0.235965
0.244129
0.250343
0.254929
0.258114
0.26006
0.260891
0.26071
0.259606
0.257668
0.254982
0.251633
0.247708
0.243295
0.238477
0.233337
0.227954
0.222402
0.216746
0.211048
0.205361
0.19973
0.194193
0.18878
0.183516
0.178417
0.173495
0.168759
0.16421
0.15985
0.155677
0.151687
0.147874
0.144235
0.140763
0.137452
0.134296
0.131291
0.128431
0.12571
0.123126
0.120673
0.118348
0.116147
0.114066
0.112103
0.110255
0.108519
0.106892
0.105372
0.103958
0.102647
0.101438
0.10033
0.0993205
0.0984104
0.0975987
0.0968853
0.0962702
0.0957536
0.0953384
0.0950274
0.0948213
0.0947221
0.0947323
0.094855
0.0950936
0.0954519
0.0959341
0.0965446
0.0972882
0.09817
0.0991955
0.10037
0.101699
0.103189
0.104846
0.106675
0.108682
0.110872
0.113252
0.115825
0.118595
0.121568
0.124745
0.128128
0.131719
0.135516
0.139518
0.143722
0.148122
0.152712
0.157483
0.162423
0.16752
0.172759
0.178122
0.183591
0.189146
0.194766
0.200428
0.206115
0.211811
0.217515
0.223247
0.229078
0.235187
0.242003
0.250538
0.263114
0.284717
0.324768
0.384766
0.450842
0.505653
0.525599
0.480038
0.33398
0.0760935
0.000399279
0.0137435
0.0404871
0.0738862
0.107992
0.13922
0.166069
0.188283
0.206226
0.2205
0.231737
0.240496
0.247222
0.252252
0.255831
0.258138
0.259307
0.259447
0.258653
0.257012
0.254612
0.251537
0.247874
0.243706
0.239119
0.234193
0.229007
0.223633
0.218139
0.212587
0.20703
0.201515
0.196083
0.190765
0.185587
0.18057
0.175726
0.171066
0.166594
0.162312
0.158219
0.154314
0.150591
0.147045
0.143671
0.140463
0.137415
0.134521
0.131775
0.129171
0.126705
0.124371
0.122164
0.12008
0.118116
0.116265
0.114526
0.112894
0.111366
0.10994
0.108611
0.107378
0.106238
0.10519
0.104231
0.10336
0.102577
0.101881
0.101272
0.10075
0.100316
0.0999706
0.0997167
0.0995558
0.0994906
0.099524
0.0996595
0.0999011
0.100253
0.10072
0.101308
0.102022
0.102869
0.103853
0.104983
0.106264
0.107704
0.109309
0.111086
0.113041
0.115181
0.117511
0.120037
0.122763
0.125694
0.128831
0.132177
0.135731
0.139493
0.14346
0.147628
0.151989
0.156536
0.161259
0.166145
0.17118
0.176347
0.181629
0.187007
0.192459
0.197966
0.20351
0.209077
0.214667
0.220301
0.226049
0.232088
0.238837
0.247276
0.259672
0.28093
0.320434
0.381041
0.44826
0.504882
0.527124
0.483785
0.338407
0.0771731
0.000815746
0.0108391
0.0351396
0.0668212
0.100132
0.131307
0.158585
0.181487
0.200213
0.215262
0.227208
0.236591
0.243857
0.249357
0.253351
0.256034
0.257553
0.258024
0.257546
0.256211
0.254104
0.251312
0.247919
0.244008
0.239662
0.234962
0.229985
0.224804
0.219486
0.214094
0.208682
0.203298
0.197985
0.192775
0.187698
0.182774
0.17802
0.173446
0.16906
0.164864
0.16086
0.157045
0.153416
0.149969
0.146697
0.143594
0.140655
0.137873
0.135242
0.132755
0.130406
0.12819
0.126101
0.124133
0.122282
0.120542
0.118909
0.117379
0.115947
0.11461
0.113364
0.112206
0.111133
0.110143
0.109233
0.108401
0.107647
0.106968
0.106366
0.105839
0.105388
0.105013
0.104716
0.104498
0.104364
0.104315
0.104354
0.104487
0.104717
0.10505
0.10549
0.106045
0.106719
0.107521
0.108456
0.109534
0.11076
0.112142
0.113689
0.115407
0.117304
0.119386
0.12166
0.124131
0.126804
0.129683
0.13277
0.136066
0.139572
0.143285
0.147201
0.151315
0.15562
0.160106
0.164761
0.169573
0.174526
0.179603
0.184785
0.190054
0.19539
0.200776
0.206202
0.211667
0.217193
0.222852
0.228817
0.235498
0.243849
0.256081
0.277026
0.316007
0.377197
0.445549
0.503984
0.52855
0.487501
0.342891
0.0782046
0.0012203
0.00814892
0.0300248
0.0598869
0.0922598
0.123251
0.150861
0.17439
0.193872
0.209694
0.222367
0.232399
0.240233
0.246227
0.250659
0.253735
0.255616
0.256427
0.256274
0.255251
0.253445
0.250943
0.247827
0.244182
0.240088
0.235626
0.230871
0.225896
0.220769
0.215552
0.2103
0.205064
0.199885
0.194799
0.189837
0.18502
0.180368
0.175893
0.171603
0.167504
0.163596
0.15988
0.156351
0.153007
0.149841
0.146847
0.14402
0.141352
0.138836
0.136466
0.134235
0.132135
0.130162
0.128308
0.126568
0.124937
0.123408
0.121976
0.120638
0.119388
0.118223
0.117138
0.116129
0.115195
0.114333
0.113539
0.112813
0.112152
0.111556
0.111026
0.110559
0.110157
0.109821
0.109553
0.109355
0.10923
0.109182
0.109213
0.109329
0.109535
0.109836
0.110239
0.110749
0.111375
0.112123
0.113001
0.114017
0.11518
0.116498
0.117978
0.119629
0.121459
0.123474
0.125682
0.128088
0.130696
0.133511
0.136534
0.139766
0.143207
0.146853
0.1507
0.154743
0.158972
0.163376
0.167945
0.172663
0.177515
0.182484
0.187551
0.1927
0.197914
0.203183
0.208511
0.213919
0.219481
0.225368
0.231981
0.240249
0.252331
0.272986
0.311486
0.373228
0.442702
0.502961
0.529886
0.4912
0.347458
0.079195
0.00158128
0.0056862
0.0251703
0.0531241
0.0844176
0.115089
0.142923
0.167008
0.187209
0.203795
0.217204
0.227907
0.236334
0.242848
0.247738
0.251225
0.253481
0.254643
0.254823
0.254118
0.25262
0.250414
0.247584
0.244213
0.240381
0.236167
0.231647
0.226892
0.22197
0.216944
0.211869
0.206795
0.201767
0.196822
0.19199
0.187296
0.18276
0.178397
0.174217
0.170224
0.166423
0.162813
0.159393
0.156158
0.153103
0.150223
0.14751
0.144958
0.14256
0.140307
0.138193
0.136211
0.134352
0.132611
0.130981
0.129455
0.128028
0.126693
0.125446
0.12428
0.123193
0.122179
0.121234
0.120354
0.119538
0.118781
0.118083
0.11744
0.116853
0.116319
0.115839
0.115413
0.115042
0.114728
0.114472
0.114277
0.114146
0.114084
0.114094
0.11418
0.11435
0.114608
0.114962
0.115419
0.115985
0.11667
0.117481
0.118427
0.119517
0.12076
0.122164
0.123738
0.12549
0.127426
0.129555
0.131882
0.134411
0.137146
0.140088
0.143239
0.146596
0.150157
0.153916
0.157866
0.161999
0.166303
0.170765
0.175371
0.180106
0.184952
0.189895
0.19492
0.200018
0.205195
0.210474
0.215931
0.221735
0.228278
0.236469
0.248414
0.268798
0.306859
0.369123
0.439712
0.501809
0.531139
0.494902
0.352137
0.0801571
0.0018954
0.00347837
0.0206017
0.0465735
0.0766499
0.106861
0.134804
0.159364
0.180236
0.197567
0.211714
0.223102
0.232145
0.239203
0.244572
0.248487
0.251133
0.252656
0.253176
0.252796
0.251611
0.249708
0.24717
0.244082
0.240521
0.236566
0.232293
0.227772
0.22307
0.21825
0.213368
0.208475
0.203615
0.198826
0.194142
0.189587
0.185184
0.180948
0.17689
0.173017
0.169334
0.165841
0.162538
0.15942
0.156483
0.153721
0.151127
0.148695
0.146416
0.144282
0.142286
0.14042
0.138676
0.137046
0.135524
0.134103
0.132775
0.131535
0.130376
0.129293
0.128282
0.127336
0.126453
0.125627
0.124856
0.124136
0.123465
0.122841
0.122262
0.121728
0.121237
0.12079
0.120387
0.12003
0.119721
0.119462
0.119255
0.119105
0.119015
0.11899
0.119036
0.119157
0.119362
0.119656
0.120048
0.120544
0.121155
0.121888
0.122754
0.12376
0.124916
0.126231
0.127714
0.129374
0.131218
0.133252
0.135483
0.137915
0.140552
0.143395
0.146443
0.149697
0.153151
0.156801
0.160638
0.164654
0.168838
0.173176
0.177655
0.18226
0.186976
0.191793
0.196704
0.201715
0.206854
0.212195
0.21791
0.224383
0.232502
0.24432
0.264451
0.302114
0.364866
0.436568
0.500527
0.532316
0.498625
0.356964
0.0811115
0.00216259
0.00166367
0.0163434
0.0402749
0.0690024
0.0986095
0.126539
0.151482
0.172967
0.191014
0.205893
0.217977
0.227653
0.235276
0.241145
0.245505
0.248554
0.250448
0.251316
0.251269
0.250402
0.248807
0.246569
0.243769
0.240488
0.236803
0.232788
0.228514
0.224047
0.219449
0.214777
0.210081
0.205407
0.200794
0.196276
0.191878
0.187625
0.183531
0.179611
0.175873
0.172321
0.168957
0.165781
0.162789
0.159977
0.15734
0.154871
0.152562
0.150405
0.148393
0.146516
0.144767
0.143137
0.141619
0.140204
0.138885
0.137655
0.136508
0.135436
0.134434
0.133497
0.132618
0.131795
0.131021
0.130294
0.129611
0.128968
0.128363
0.127794
0.12726
0.12676
0.126294
0.125863
0.125468
0.12511
0.124792
0.124515
0.124283
0.1241
0.12397
0.123898
0.12389
0.123952
0.12409
0.124313
0.124628
0.125043
0.125567
0.126211
0.126982
0.12789
0.128946
0.130157
0.131534
0.133085
0.134818
0.136739
0.138855
0.14117
0.143687
0.146408
0.149333
0.15246
0.155786
0.159305
0.163009
0.16689
0.170936
0.175135
0.179476
0.183945
0.188535
0.19324
0.198069
0.203053
0.208269
0.213887
0.220289
0.228338
0.240039
0.259932
0.297234
0.360438
0.433253
0.499104
0.533422
0.502393
0.36198
0.0820893
0.00238596
0.00130908
0.0124168
0.034265
0.061521
0.0903805
0.118167
0.143393
0.165423
0.184146
0.199741
0.212523
0.222846
0.23105
0.237438
0.242261
0.245727
0.248003
0.249227
0.249517
0.248975
0.247693
0.245759
0.243256
0.240263
0.236857
0.233111
0.229097
0.224879
0.220519
0.216073
0.211594
0.207125
0.202706
0.198372
0.194151
0.190065
0.186133
0.182368
0.178779
0.175373
0.172151
0.169114
0.166259
0.163582
0.161078
0.15874
0.156559
0.154529
0.152641
0.150886
0.149255
0.14774
0.146333
0.145024
0.143808
0.142675
0.141619
0.140632
0.13971
0.138845
0.138032
0.137268
0.136546
0.135862
0.135215
0.1346
0.134014
0.133456
0.132924
0.132417
0.131935
0.131479
0.131049
0.130647
0.130274
0.129932
0.129624
0.129353
0.129124
0.128941
0.128809
0.128735
0.128724
0.128784
0.128922
0.129147
0.129468
0.129892
0.130431
0.131093
0.131888
0.132825
0.133916
0.135168
0.13659
0.138191
0.139977
0.141955
0.14413
0.146504
0.14908
0.151858
0.154836
0.158012
0.161379
0.16493
0.168659
0.172554
0.176606
0.180805
0.185144
0.189624
0.194253
0.199068
0.204146
0.20966
0.215986
0.223968
0.235563
0.25523
0.292197
0.355817
0.429746
0.497531
0.534461
0.506229
0.367235
0.083135
0.00257058
0.00256054
0.00884786
0.0285767
0.0542513
0.0822213
0.109731
0.135131
0.157627
0.176978
0.193265
0.206738
0.217713
0.226513
0.233435
0.238736
0.242632
0.245301
0.246889
0.247522
0.247309
0.246345
0.24472
0.242519
0.239821
0.236703
0.233238
0.229496
0.225541
0.221435
0.217234
0.212989
0.208744
0.20454
0.200411
0.196385
0.192487
0.188735
0.185144
0.181722
0.178478
0.175413
0.172529
0.169823
0.167291
0.164929
0.162729
0.160684
0.158786
0.157026
0.155396
0.153886
0.152487
0.151192
0.14999
0.148875
0.147839
0.146873
0.145971
0.145127
0.144334
0.143586
0.142879
0.142208
0.141568
0.140956
0.140369
0.139804
0.139258
0.13873
0.138217
0.137721
0.137243
0.136783
0.13634
0.135916
0.135513
0.135134
0.134781
0.134458
0.134169
0.133919
0.133715
0.13356
0.133463
0.133431
0.133471
0.133592
0.133802
0.13411
0.134527
0.135062
0.135725
0.136525
0.137473
0.138578
0.139849
0.141295
0.142922
0.144737
0.146746
0.148953
0.151359
0.153965
0.156772
0.159775
0.162971
0.166355
0.169918
0.173655
0.177558
0.181624
0.185856
0.190266
0.194894
0.199821
0.205221
0.211467
0.219385
0.23088
0.25033
0.286979
0.350973
0.426019
0.495787
0.535433
0.510159
0.372783
0.0843098
0.00271738
0.00389931
0.00569968
0.0232437
0.0472395
0.0741819
0.101278
0.126737
0.149611
0.169529
0.186473
0.200623
0.21225
0.221653
0.229121
0.234913
0.239251
0.242321
0.244281
0.245264
0.245383
0.244742
0.243431
0.241537
0.239141
0.23632
0.233146
0.229688
0.22601
0.222174
0.218234
0.214242
0.210241
0.206271
0.202368
0.19856
0.19487
0.191319
0.18792
0.184685
0.18162
0.178728
0.176012
0.173468
0.171094
0.168885
0.166833
0.164931
0.163172
0.161546
0.160044
0.158659
0.157379
0.156197
0.155104
0.154091
0.153151
0.152276
0.151458
0.150691
0.149969
0.149285
0.148636
0.148015
0.147418
0.146842
0.146283
0.145739
0.145207
0.144685
0.144173
0.143669
0.143171
0.14268
0.142198
0.141725
0.141264
0.140816
0.140385
0.139973
0.139584
0.139222
0.138892
0.1386
0.138352
0.138155
0.138015
0.137941
0.137941
0.138023
0.138197
0.138473
0.13886
0.139369
0.140009
0.140791
0.141724
0.142818
0.144081
0.145523
0.147149
0.148966
0.150978
0.153189
0.155601
0.158213
0.161026
0.164035
0.167239
0.170632
0.174211
0.177978
0.181937
0.186106
0.190528
0.195289
0.200564
0.206724
0.21458
0.225982
0.24522
0.281553
0.34587
0.422038
0.493848
0.536334
0.514209
0.378687
0.0856954
0.00282606
0.00509553
0.00321272
0.0183019
0.0405316
0.0663132
0.0928572
0.118253
0.141409
0.161825
0.179382
0.194183
0.206453
0.216461
0.224482
0.230774
0.235563
0.239044
0.241382
0.242719
0.243176
0.24286
0.241867
0.240286
0.238198
0.235682
0.232808
0.229646
0.22626
0.222709
0.219048
0.215327
0.21159
0.207876
0.20422
0.20065
0.197191
0.193862
0.190677
0.187648
0.184782
0.182082
0.179549
0.177183
0.17498
0.172935
0.171042
0.169293
0.167681
0.166195
0.164829
0.163571
0.162414
0.161349
0.160366
0.159457
0.158614
0.157829
0.157096
0.156406
0.155755
0.155136
0.154543
0.153972
0.153419
0.152879
0.152349
0.151826
0.151308
0.150793
0.150279
0.149764
0.149249
0.148732
0.148215
0.147698
0.147183
0.146672
0.146167
0.145671
0.145186
0.144718
0.144269
0.143845
0.143451
0.143094
0.14278
0.142515
0.142309
0.142169
0.142103
0.142122
0.142234
0.14245
0.14278
0.143234
0.143823
0.144557
0.145446
0.1465
0.147726
0.149135
0.150732
0.152524
0.154515
0.156709
0.159109
0.161715
0.164527
0.167546
0.170772
0.17421
0.17787
0.181775
0.18597
0.190546
0.195683
0.201751
0.209542
0.220858
0.239885
0.27589
0.340468
0.417757
0.491679
0.537151
0.518403
0.385019
0.0873977
0.00290176
0.00612765
0.00244992
0.013786
0.034169
0.0586655
0.0845197
0.109727
0.133062
0.153897
0.172011
0.187431
0.200325
0.210932
0.219508
0.226304
0.231551
0.235448
0.238169
0.239865
0.240663
0.240676
0.240005
0.23874
0.236967
0.234762
0.232199
0.229345
0.226263
0.223013
0.219648
0.216218
0.212765
0.209328
0.205941
0.202633
0.199427
0.196342
0.193393
0.190591
0.187943
0.185453
0.183123
0.180951
0.178935
0.177068
0.175346
0.17376
0.172303
0.170967
0.169741
0.168618
0.167588
0.166643
0.165773
0.16497
0.164226
0.163534
0.162886
0.162275
0.161695
0.16114
0.160605
0.160085
0.159575
0.159071
0.158571
0.15807
0.157567
0.157058
0.156544
0.15602
0.155488
0.154947
0.154398
0.15384
0.153275
0.152705
0.15213
0.151554
0.150979
0.150408
0.149845
0.149294
0.148759
0.148247
0.147763
0.147314
0.146906
0.146547
0.146245
0.146009
0.145848
0.145771
0.14579
0.145914
0.146154
0.146521
0.147026
0.14768
0.148493
0.149476
0.150638
0.151988
0.153533
0.155281
0.157238
0.159409
0.161799
0.164411
0.167252
0.17033
0.173661
0.177273
0.181218
0.18559
0.190575
0.19654
0.204265
0.215498
0.234314
0.269959
0.334721
0.413124
0.489234
0.537866
0.522764
0.391857
0.0895504
0.00295196
0.00700109
0.00376611
0.00973884
0.0281864
0.051287
0.0763187
0.10121
0.124614
0.145783
0.16439
0.180383
0.193875
0.205064
0.214189
0.221489
0.227195
0.231512
0.23462
0.236677
0.237818
0.238163
0.237817
0.236874
0.23542
0.233534
0.23129
0.228755
0.225992
0.223059
0.220008
0.216886
0.213738
0.2106
0.207505
0.204481
0.201551
0.198733
0.196043
0.19349
0.191082
0.188823
0.186714
0.184754
0.182939
0.181266
0.179728
0.178317
0.177027
0.175848
0.174772
0.17379
0.172893
0.172073
0.17132
0.170627
0.169985
0.169387
0.168826
0.168294
0.167787
0.167297
0.166821
0.166352
0.165886
0.16542
0.16495
0.164472
0.163984
0.163485
0.162971
0.16244
0.161894
0.16133
0.160751
0.160155
0.159543
0.158916
0.158275
0.157623
0.15696
0.156291
0.155618
0.154944
0.154274
0.153612
0.152962
0.152332
0.151727
0.151153
0.150619
0.150131
0.149699
0.149333
0.14904
0.148833
0.148722
0.148717
0.148831
0.149076
0.149463
0.150005
0.150713
0.151599
0.152674
0.153949
0.155434
0.157138
0.159071
0.161242
0.163663
0.166348
0.169318
0.172608
0.176274
0.180421
0.185235
0.191086
0.198741
0.209893
0.228493
0.263726
0.328574
0.408077
0.486457
0.538448
0.527311
0.399285
0.0923179
0.00297791
0.00771847
0.00549082
0.00627756
0.0226202
0.0442265
0.0683091
0.0927569
0.116117
0.137525
0.156552
0.173065
0.187115
0.198863
0.208521
0.216319
0.222481
0.227216
0.230711
0.23313
0.234616
0.235295
0.235276
0.234658
0.233529
0.23197
0.230055
0.22785
0.225419
0.222817
0.220097
0.217305
0.214481
0.211664
0.208883
0.206167
0.203536
0.20101
0.198601
0.196321
0.194174
0.192167
0.190298
0.188568
0.186974
0.185509
0.18417
0.182947
0.181835
0.180825
0.179907
0.179075
0.178318
0.177628
0.176998
0.176418
0.175882
0.175381
0.17491
0.17446
0.174027
0.173605
0.173188
0.172771
0.172351
0.171923
0.171484
0.171031
0.17056
0.17007
0.169559
0.169023
0.168463
0.16788
0.167273
0.16664
0.165984
0.165303
0.164599
0.163874
0.163128
0.162364
0.161584
0.160791
0.159989
0.159181
0.158371
0.157564
0.156766
0.155982
0.155219
0.154484
0.153785
0.153131
0.152529
0.151992
0.151528
0.151149
0.150868
0.150697
0.150648
0.150736
0.150975
0.151378
0.15196
0.152735
0.153718
0.154924
0.156366
0.15806
0.160024
0.162278
0.164852
0.167786
0.171145
0.175039
0.179663
0.185387
0.192965
0.204038
0.222415
0.257162
0.32197
0.402541
0.483277
0.538852
0.532053
0.407392
0.0958967
0.00297816
0.00828548
0.00709175
0.00384333
0.0175165
0.0375332
0.0605474
0.0844263
0.107627
0.129174
0.148538
0.165506
0.180067
0.192339
0.202506
0.210784
0.217393
0.222541
0.22642
0.229199
0.23103
0.232043
0.232353
0.232064
0.231266
0.23004
0.228463
0.2266
0.224514
0.22226
0.219888
0.217444
0.214967
0.212491
0.210048
0.207663
0.205356
0.203145
0.201041
0.199056
0.197194
0.195459
0.193852
0.192372
0.191014
0.189776
0.18865
0.18763
0.186709
0.185878
0.185129
0.184455
0.183846
0.183294
0.182792
0.182332
0.181905
0.181506
0.181127
0.180763
0.180407
0.180053
0.179698
0.179336
0.178963
0.178575
0.178169
0.177741
0.177289
0.176811
0.176304
0.175765
0.175195
0.174594
0.173961
0.173294
0.172595
0.171862
0.171097
0.1703
0.169473
0.168617
0.167734
0.166826
0.165895
0.164945
0.163978
0.163
0.162014
0.161024
0.160038
0.15906
0.158098
0.15716
0.156253
0.155387
0.154572
0.15382
0.153141
0.15255
0.152059
0.151683
0.151439
0.151343
0.151412
0.151664
0.152117
0.152792
0.153708
0.154888
0.156356
0.158141
0.16028
0.162821
0.165839
0.169451
0.173861
0.179441
0.186934
0.197927
0.216073
0.250242
0.314851
0.396436
0.479608
0.539017
0.536987
0.416269
0.100515
0.00295623
0.00872297
0.00848922
0.00358526
0.0129195
0.0312504
0.0530895
0.0762802
0.0992044
0.120786
0.140398
0.157745
0.172757
0.185506
0.196148
0.204882
0.211919
0.217468
0.221723
0.224858
0.227031
0.228377
0.229019
0.229061
0.228599
0.227714
0.226484
0.224975
0.223248
0.221357
0.219352
0.217275
0.215165
0.213054
0.210972
0.208941
0.206982
0.205109
0.203335
0.201668
0.200113
0.198673
0.197348
0.196136
0.195035
0.194039
0.193143
0.19234
0.191623
0.190984
0.190415
0.189909
0.189456
0.189051
0.188684
0.188349
0.188038
0.187745
0.187464
0.187188
0.186912
0.18663
0.186339
0.186034
0.18571
0.185364
0.184992
0.184592
0.18416
0.183695
0.183195
0.182659
0.182082
0.181464
0.180805
0.180105
0.179363
0.17858
0.177756
0.17689
0.175984
0.175039
0.174055
0.173035
0.171979
0.170891
0.169772
0.168627
0.167457
0.166268
0.165063
0.163848
0.162628
0.161411
0.160204
0.159014
0.157852
0.156728
0.155653
0.15464
0.153704
0.152859
0.152124
0.151515
0.151053
0.15076
0.150658
0.150772
0.151128
0.151756
0.152688
0.153962
0.155622
0.15773
0.160369
0.163667
0.167834
0.17325
0.180647
0.191559
0.209467
0.24295
0.307155
0.389672
0.475349
0.538866
0.542099
0.426001
0.10643
0.00291793
0.00905864
0.00968036
0.00511496
0.00892218
0.0254254
0.0459956
0.068386
0.0909188
0.112425
0.132187
0.149829
0.16522
0.178388
0.189459
0.198612
0.206052
0.211982
0.216599
0.220081
0.22259
0.224269
0.225242
0.225619
0.225497
0.224961
0.224088
0.222945
0.221591
0.22008
0.218459
0.216769
0.215047
0.213323
0.211624
0.209972
0.208384
0.206875
0.205453
0.204128
0.202902
0.201779
0.200756
0.199834
0.199007
0.198272
0.197622
0.197051
0.196551
0.196117
0.195739
0.195411
0.195125
0.194874
0.19465
0.194447
0.194258
0.194077
0.193898
0.193715
0.193523
0.193317
0.193093
0.192847
0.192575
0.192273
0.191938
0.191567
0.191158
0.190708
0.190215
0.189678
0.189094
0.188461
0.187779
0.187048
0.186267
0.185437
0.184556
0.183624
0.182643
0.181611
0.18053
0.179401
0.178225
0.177003
0.175736
0.174428
0.17308
0.171696
0.170279
0.168833
0.167362
0.165873
0.164371
0.162865
0.161361
0.15987
0.158403
0.156972
0.15559
0.154275
0.153042
0.151912
0.150907
0.150051
0.149371
0.148896
0.14866
0.148699
0.149053
0.149771
0.15091
0.152539
0.154756
0.157701
0.161594
0.166822
0.174108
0.184936
0.202603
0.235283
0.298827
0.382154
0.470387
0.538298
0.547349
0.43667
0.113921
0.00286993
0.00932361
0.0106877
0.00697367
0.00579334
0.020126
0.0393364
0.0608194
0.0828461
0.104165
0.12397
0.141811
0.157497
0.171012
0.182453
0.19198
0.199785
0.206069
0.211028
0.214844
0.217681
0.219687
0.22099
0.221704
0.221928
0.221749
0.221243
0.220478
0.219512
0.218398
0.21718
0.215898
0.214585
0.213271
0.211979
0.210729
0.209536
0.208413
0.207368
0.206407
0.205533
0.204747
0.204048
0.203434
0.2029
0.202442
0.202054
0.20173
0.201463
0.201246
0.201071
0.200933
0.200823
0.200735
0.200663
0.200599
0.200539
0.200475
0.200404
0.200318
0.200215
0.200089
0.199936
0.199753
0.199535
0.19928
0.198984
0.198645
0.19826
0.197827
0.197344
0.196808
0.196217
0.19557
0.194867
0.194107
0.19329
0.192414
0.191479
0.190484
0.189429
0.188315
0.18714
0.185906
0.184612
0.18326
0.18185
0.180385
0.178864
0.177291
0.175668
0.173997
0.172283
0.170529
0.168742
0.166926
0.165089
0.163239
0.161387
0.159543
0.157721
0.155937
0.154207
0.152552
0.150996
0.149564
0.148288
0.147202
0.146343
0.145757
0.145494
0.145611
0.146178
0.147281
0.149029
0.151576
0.155158
0.160167
0.167325
0.178064
0.19549
0.227262
0.289817
0.373788
0.464593
0.537191
0.552677
0.448339
0.123281
0.00282472
0.00956479
0.0115638
0.00872541
0.00429679
0.0154508
0.033196
0.0536665
0.0750719
0.0960853
0.115819
0.133751
0.149635
0.163412
0.175151
0.184992
0.193116
0.199718
0.204993
0.209123
0.212275
0.214601
0.216232
0.217285
0.21786
0.218045
0.217918
0.217545
0.216983
0.216283
0.215487
0.214633
0.213752
0.212869
0.212007
0.211182
0.210408
0.209695
0.209049
0.208474
0.207974
0.207546
0.207191
0.206904
0.206681
0.206518
0.206408
0.206346
0.206324
0.206337
0.206378
0.20644
0.206516
0.206601
0.206689
0.206772
0.206847
0.206908
0.20695
0.206968
0.206958
0.206916
0.206838
0.206721
0.206561
0.206356
0.206102
0.205798
0.205439
0.205026
0.204554
0.204022
0.203426
0.202767
0.202046
0.20126
0.200408
0.199489
0.198502
0.197446
0.196321
0.195125
0.193859
0.192523
0.191116
0.189638
0.18809
0.186472
0.184784
0.183029
0.181206
0.179319
0.17737
0.175361
0.173297
0.171182
0.169022
0.166825
0.164597
0.162351
0.160097
0.157851
0.155629
0.153451
0.151342
0.149329
0.147446
0.145729
0.144223
0.14298
0.142059
0.141531
0.141477
0.141999
0.143224
0.145324
0.14855
0.153306
0.160311
0.170952
0.188145
0.218933
0.280092
0.364486
0.45783
0.5354
0.557989
0.461049
0.134802
0.00280348
0.00984786
0.0123886
0.0103105
0.00494115
0.0115083
0.0276606
0.0470212
0.0676906
0.0882755
0.107813
0.125717
0.141688
0.155628
0.167579
0.177663
0.186047
0.192921
0.198477
0.202895
0.206347
0.208982
0.210937
0.212329
0.21326
0.213819
0.214082
0.214114
0.213973
0.213705
0.213352
0.212948
0.21252
0.212092
0.211683
0.211307
0.210974
0.210693
0.210468
0.210302
0.210195
0.210146
0.210153
0.210211
0.210316
0.210464
0.210647
0.210861
0.211099
0.211354
0.211621
0.211895
0.212167
0.212434
0.21269
0.212929
0.213147
0.213339
0.2135
0.213627
0.213716
0.213763
0.213764
0.213717
0.213619
0.213467
0.213258
0.212991
0.212662
0.21227
0.211813
0.211289
0.210696
0.210032
0.209294
0.208482
0.207595
0.206634
0.205595
0.20448
0.203286
0.202012
0.200658
0.199223
0.197706
0.196107
0.194425
0.19266
0.190812
0.188881
0.186868
0.184773
0.182598
0.180345
0.178015
0.175614
0.173144
0.170611
0.168023
0.165387
0.162715
0.160019
0.157316
0.154624
0.151967
0.149374
0.146878
0.14452
0.14235
0.140423
0.138811
0.137593
0.136867
0.136753
0.137396
0.13899
0.141806
0.146265
0.153086
0.163615
0.180587
0.210372
0.26964
0.354177
0.449958
0.532754
0.563159
0.474805
0.14876
0.00283256
0.0102457
0.0132446
0.0117461
0.00652589
0.00847293
0.0228268
0.0409868
0.0608056
0.0808322
0.10004
0.117782
0.133714
0.147704
0.159767
0.170008
0.178583
0.185674
0.191467
0.196143
0.199871
0.202803
0.205075
0.206806
0.208098
0.209038
0.209704
0.210158
0.210455
0.210639
0.210749
0.210816
0.210864
0.210914
0.210981
0.211076
0.211207
0.21138
0.211598
0.21186
0.212167
0.212515
0.212902
0.213322
0.213771
0.214244
0.214735
0.215238
0.215747
0.216257
0.216762
0.217257
0.217736
0.218194
0.218626
0.219028
0.219396
0.219725
0.220013
0.220254
0.220447
0.220587
0.220672
0.2207
0.220667
0.220572
0.220412
0.220185
0.219889
0.219521
0.219081
0.218566
0.217975
0.217303
0.21655
0.215716
0.2148
0.213799
0.212714
0.211542
0.210283
0.208936
0.207498
0.205969
0.204347
0.202632
0.200822
0.198917
0.196916
0.194818
0.192623
0.19033
0.18794
0.185453
0.182872
0.180197
0.177432
0.17458
0.171648
0.16864
0.165567
0.162439
0.159271
0.156081
0.152889
0.149725
0.146622
0.143623
0.140778
0.138151
0.135818
0.133873
0.132427
0.131617
0.131615
0.132636
0.134979
0.139084
0.145679
0.156074
0.172835
0.201682
0.258487
0.342812
0.440835
0.529064
0.568016
0.48957
0.165398
0.00293893
0.0108269
0.0142003
0.0130693
0.00814679
0.0065154
0.0187743
0.0356655
0.0545239
0.0738568
0.0925876
0.110022
0.125775
0.139686
0.151748
0.162049
0.170734
0.177975
0.183954
0.188849
0.192826
0.196038
0.198619
0.200687
0.202343
0.203675
0.204756
0.205647
0.206401
0.207058
0.207654
0.208215
0.208762
0.209312
0.209878
0.210466
0.211083
0.211732
0.212411
0.213122
0.21386
0.214622
0.215405
0.216203
0.21701
0.217823
0.218634
0.219438
0.22023
0.221006
0.221758
0.222484
0.223177
0.223834
0.224451
0.225024
0.225549
0.226022
0.226441
0.226803
0.227105
0.227344
0.227517
0.227624
0.227661
0.227626
0.227518
0.227334
0.227073
0.226733
0.226312
0.225809
0.225221
0.224545
0.223779
0.222926
0.221983
0.220947
0.219819
0.218595
0.217275
0.215857
0.214339
0.212721
0.211
0.209175
0.207244
0.205206
0.203059
0.200803
0.198435
0.195955
0.193363
0.190657
0.187838
0.184906
0.181863
0.178711
0.175453
0.172095
0.168643
0.165107
0.161497
0.15783
0.154126
0.15041
0.146716
0.143085
0.13957
0.136236
0.133167
0.130463
0.128253
0.126691
0.125973
0.126347
0.128139
0.131821
0.138134
0.148363
0.164918
0.192927
0.246756
0.330376
0.43033
0.524117
0.572347
0.505248
0.184906
0.0031482
0.0116432
0.0152939
0.0142959
0.00950738
0.0055577
0.0155182
0.0311379
0.0489472
0.0674503
0.0855486
0.102515
0.117936
0.131626
0.14356
0.153811
0.162512
0.169828
0.175933
0.181001
0.185196
0.188665
0.191543
0.193944
0.195969
0.197701
0.199211
0.200558
0.201788
0.20294
0.204043
0.205122
0.206191
0.207266
0.208352
0.209456
0.210579
0.211722
0.212883
0.214058
0.215245
0.216437
0.21763
0.218819
0.219998
0.221161
0.222304
0.22342
0.224506
0.225555
0.226565
0.227529
0.228446
0.22931
0.230118
0.230868
0.231556
0.23218
0.232736
0.233223
0.233639
0.233981
0.234248
0.234437
0.234547
0.234577
0.234524
0.234387
0.234165
0.233856
0.233458
0.23297
0.232389
0.231715
0.230944
0.230074
0.229105
0.228037
0.226867
0.225594
0.224216
0.222732
0.221139
0.219437
0.217622
0.215693
0.213648
0.211485
0.209202
0.206797
0.204268
0.201613
0.198831
0.19592
0.19288
0.189709
0.186407
0.182976
0.179418
0.175734
0.17193
0.168012
0.163991
0.159878
0.155691
0.151454
0.147197
0.142959
0.138791
0.134761
0.130952
0.127475
0.124466
0.1221
0.120598
0.120238
0.121389
0.124557
0.130511
0.140524
0.156876
0.184134
0.234676
0.316896
0.418336
0.517688
0.57589
0.521677
0.207404
0.00348175
0.0127104
0.0165049
0.0153779
0.0104474
0.00504019
0.0129871
0.0274581
0.0441669
0.061712
0.0790156
0.0953437
0.110266
0.123581
0.135247
0.145325
0.153939
0.161243
0.167405
0.172593
0.176966
0.180667
0.183826
0.186556
0.188951
0.191093
0.193047
0.194867
0.196595
0.198264
0.199899
0.201519
0.203135
0.204756
0.206385
0.208025
0.209675
0.211331
0.212989
0.214646
0.216294
0.21793
0.219546
0.221137
0.222698
0.224223
0.225706
0.227144
0.228531
0.229863
0.231136
0.232347
0.233493
0.23457
0.235576
0.236509
0.237366
0.238145
0.238844
0.239461
0.239996
0.240446
0.240809
0.241085
0.241273
0.24137
0.241376
0.24129
0.241109
0.240834
0.240462
0.239992
0.239422
0.238752
0.237976
0.237093
0.236104
0.235007
0.233801
0.232483
0.231053
0.229508
0.227846
0.226066
0.224164
0.222139
0.219988
0.217709
0.215299
0.212756
0.210078
0.207262
0.204305
0.201206
0.197962
0.194572
0.191035
0.187349
0.183515
0.179534
0.17541
0.171145
0.166748
0.162228
0.1576
0.152883
0.148104
0.143298
0.138514
0.133816
0.129288
0.125039
0.121216
0.118007
0.115654
0.114471
0.114871
0.11741
0.122898
0.132615
0.148742
0.17534
0.22253
0.302459
0.40478
0.509543
0.578329
0.538614
0.232927
0.00395194
0.013988
0.0177291
0.0161756
0.0107775
0.0041747
0.0111387
0.0247146
0.040289
0.0567543
0.0730907
0.0885976
0.102846
0.115618
0.126864
0.136635
0.145044
0.152239
0.158379
0.163625
0.16813
0.172031
0.175454
0.178504
0.181272
0.183832
0.186245
0.188557
0.190804
0.193015
0.195206
0.197391
0.199577
0.201768
0.203962
0.206158
0.208351
0.210537
0.212708
0.214859
0.216982
0.219072
0.221122
0.223125
0.225076
0.22697
0.228802
0.230567
0.232261
0.233882
0.235425
0.236888
0.238269
0.239565
0.240774
0.241894
0.242924
0.243863
0.244709
0.245461
0.246118
0.246679
0.247143
0.24751
0.247778
0.247947
0.248015
0.247982
0.247847
0.247608
0.247265
0.246817
0.246261
0.245596
0.244819
0.243928
0.242923
0.241803
0.240565
0.239209
0.237732
0.236132
0.234407
0.232556
0.230574
0.228461
0.226213
0.223829
0.221303
0.218635
0.215821
0.212859
0.209744
0.206474
0.203047
0.19946
0.195711
0.191798
0.187719
0.183475
0.179066
0.174495
0.169766
0.164886
0.159867
0.154723
0.149478
0.144163
0.138819
0.133505
0.128301
0.123312
0.118685
0.114614
0.111359
0.109265
0.10879
0.110553
0.115425
0.124717
0.140549
0.166573
0.210673
0.287222
0.389653
0.499455
0.579295
0.555724
0.261406
0.00455547
0.0153596
0.0187633
0.0164585
0.0102719
0.00226685
0.0103369
0.0231982
0.0375207
0.052753
0.0679075
0.0823905
0.0957797
0.107826
0.118484
0.127798
0.135872
0.142847
0.148874
0.154106
0.158689
0.162753
0.166415
0.169776
0.172917
0.175904
0.178791
0.181615
0.184406
0.187182
0.189955
0.19273
0.19551
0.198291
0.20107
0.20384
0.206594
0.209323
0.21202
0.214676
0.217284
0.219837
0.222327
0.224749
0.227096
0.229365
0.23155
0.233647
0.235654
0.237567
0.239385
0.241104
0.242723
0.24424
0.245655
0.246967
0.248174
0.249276
0.250272
0.251162
0.251945
0.252621
0.253189
0.253649
0.254001
0.254244
0.254378
0.254402
0.254315
0.254116
0.253806
0.253382
0.252844
0.25219
0.25142
0.250527
0.249509
0.248369
0.247105
0.245714
0.244196
0.242547
0.240767
0.238852
0.236799
0.234607
0.232273
0.229793
0.227165
0.224385
0.22145
0.218357
0.215103
0.211684
0.208096
0.204338
0.200405
0.196295
0.192006
0.187536
0.182885
0.178054
0.173045
0.167862
0.162514
0.157011
0.151373
0.145623
0.139798
0.133947
0.12814
0.122476
0.117092
0.112177
0.107997
0.104918
0.10344
0.104249
0.108299
0.116966
0.132354
0.157828
0.19948
0.271442
0.373025
0.487212
0.578363
0.572567
0.292655
0.00526291
0.0166126
0.0192964
0.0159319
0.00880932
0.00131424
0.0116348
0.0235243
0.0363861
0.0500348
0.0636652
0.0768842
0.0892134
0.100325
0.11021
0.118899
0.126489
0.133116
0.138924
0.144057
0.148653
0.152835
0.156709
0.160366
0.163879
0.167303
0.170679
0.174037
0.177395
0.180762
0.184141
0.187532
0.190927
0.194321
0.197703
0.201063
0.20439
0.207675
0.210907
0.214078
0.217177
0.220198
0.223134
0.225978
0.228725
0.231371
0.233912
0.236344
0.238665
0.240873
0.242966
0.244942
0.246802
0.248544
0.250167
0.251672
0.253058
0.254325
0.255474
0.256504
0.257415
0.258209
0.258883
0.25944
0.259879
0.260199
0.260401
0.260484
0.260448
0.260293
0.260018
0.259622
0.259105
0.258465
0.257701
0.256811
0.255789
0.254635
0.253351
0.251933
0.250381
0.248691
0.246863
0.244894
0.242781
0.240521
0.238111
0.23555
0.232832
0.229956
0.226918
0.223714
0.220342
0.216796
0.213074
0.209173
0.205088
0.200818
0.196358
0.191708
0.186865
0.181829
0.176601
0.171183
0.16558
0.1598
0.153857
0.147769
0.141564
0.135283
0.128983
0.122748
0.116698
0.111007
0.105928
0.101829
0.0992349
0.0988941
0.101858
0.109609
0.124296
0.149123
0.189108
0.255638
0.355064
0.472636
0.575046
0.588582
0.326354
0.00600223
0.0174159
0.0189078
0.0143478
0.00731671
0.00686841
0.0158641
0.0263086
0.037451
0.0491324
0.0608665
0.0723993
0.0832755
0.0932678
0.10218
0.110059
0.11699
0.123118
0.128581
0.133515
0.138046
0.142289
0.14634
0.150276
0.154158
0.158027
0.161911
0.165825
0.169775
0.173759
0.177771
0.1818
0.185833
0.189857
0.193858
0.197821
0.201734
0.205583
0.209357
0.213045
0.21664
0.220131
0.223514
0.226781
0.229928
0.232952
0.235848
0.238614
0.241249
0.243751
0.24612
0.248354
0.250454
0.25242
0.254252
0.255951
0.257517
0.258951
0.260253
0.261425
0.262466
0.263378
0.264161
0.264817
0.265344
0.265744
0.266016
0.266162
0.26618
0.266071
0.265835
0.265471
0.264978
0.264356
0.263604
0.262721
0.2617
0.26054
0.259242
0.257804
0.256226
0.254505
0.252639
0.250626
0.248463
0.246147
0.243677
0.241049
0.23826
0.235306
0.232185
0.228894
0.225428
0.221784
0.217959
0.21395
0.209753
0.205365
0.200783
0.196006
0.19103
0.185855
0.18048
0.174907
0.169139
0.163181
0.157041
0.150732
0.144276
0.137701
0.131051
0.124391
0.117819
0.111481
0.1056
0.100516
0.0967482
0.0950752
0.0966425
0.103081
0.116668
0.14058
0.179298
0.240698
0.336032
0.455609
0.568801
0.603064
0.362031
0.00663576
0.0172971
0.0171842
0.0122296
0.0094192
0.0145905
0.0228674
0.0317801
0.0410247
0.0505296
0.0600722
0.0694734
0.0784267
0.0868608
0.0944982
0.101431
0.107506
0.112958
0.117924
0.122533
0.126904
0.131139
0.135323
0.139517
0.143764
0.148088
0.152498
0.156992
0.161561
0.166189
0.170857
0.175547
0.180237
0.184908
0.18954
0.194117
0.198621
0.203039
0.207357
0.211565
0.215654
0.219615
0.223442
0.227129
0.230674
0.234071
0.237319
0.240417
0.243362
0.246156
0.248798
0.251287
0.253626
0.255815
0.257855
0.259746
0.261491
0.263091
0.264547
0.265861
0.267033
0.268065
0.268958
0.269713
0.27033
0.270811
0.271157
0.271367
0.271443
0.271383
0.271189
0.27086
0.270396
0.269797
0.269061
0.268189
0.26718
0.266024
0.26472
0.263272
0.261677
0.259935
0.258043
0.255999
0.253801
0.251446
0.248932
0.246257
0.243417
0.24041
0.237233
0.233883
0.230357
0.226651
0.222764
0.218691
0.214431
0.20998
0.205336
0.200497
0.195461
0.190228
0.184796
0.179166
0.173339
0.167319
0.161111
0.154722
0.148167
0.141463
0.134642
0.127747
0.120851
0.114063
0.10756
0.101629
0.0967349
0.0936295
0.0935009
0.0981316
0.110021
0.132473
0.169727
0.227448
0.31643
0.436125
0.55902
0.615129
0.399031
0.00693337
0.0156694
0.0142421
0.0122836
0.016624
0.0242706
0.0321082
0.0397204
0.047147
0.0544542
0.0616231
0.0686061
0.0752838
0.0816298
0.0875246
0.0930888
0.0981865
0.102775
0.107063
0.111194
0.115281
0.11942
0.12368
0.128105
0.132713
0.137504
0.142462
0.147563
0.152778
0.158077
0.163426
0.168797
0.17416
0.17949
0.184762
0.189957
0.195055
0.200041
0.204902
0.209625
0.214204
0.218628
0.222894
0.226995
0.23093
0.234695
0.238289
0.241711
0.244962
0.248042
0.250952
0.253693
0.256266
0.258674
0.260918
0.263
0.264923
0.266688
0.268296
0.269751
0.271054
0.272206
0.273209
0.274065
0.274775
0.27534
0.275761
0.276039
0.276175
0.276169
0.276022
0.275733
0.275303
0.274733
0.27402
0.273166
0.27217
0.271031
0.269741
0.268295
0.266698
0.26495
0.263048
0.260992
0.25878
0.256409
0.253877
0.251183
0.248324
0.245298
0.242103
0.238736
0.235195
0.231478
0.227582
0.223506
0.219248
0.214806
0.210178
0.205364
0.200361
0.19517
0.189791
0.184223
0.178467
0.172525
0.1664
0.160097
0.153621
0.146983
0.1402
0.133299
0.126323
0.119345
0.112488
0.105964
0.100143
0.0956746
0.0936805
0.0960048
0.105403
0.125505
0.160612
0.215608
0.297579
0.414277
0.54503
0.623663
0.436473
0.00651961
0.0121008
0.0124619
0.0185259
0.0274645
0.0358116
0.0432116
0.0497447
0.0555723
0.060843
0.0656662
0.0701263
0.0742753
0.0781859
0.0818861
0.0855066
0.0891569
0.0927013
0.0961418
0.0996066
0.103253
0.107178
0.111443
0.116066
0.121032
0.126306
0.131838
0.137577
0.143469
0.149464
0.155517
0.161586
0.167635
0.173631
0.179546
0.185358
0.191046
0.196595
0.20199
0.207221
0.212278
0.217156
0.22185
0.226355
0.230669
0.234792
0.238722
0.242461
0.246009
0.249367
0.252538
0.255524
0.258327
0.260949
0.263394
0.265664
0.267761
0.269689
0.271449
0.273045
0.274478
0.275752
0.276867
0.277827
0.278632
0.279285
0.279787
0.280138
0.280341
0.280397
0.280305
0.280066
0.279682
0.279151
0.278475
0.277653
0.276686
0.275572
0.274312
0.2729
0.271328
0.269599
0.267717
0.26568
0.263488
0.261138
0.25863
0.255962
0.253133
0.250141
0.246985
0.243664
0.240177
0.236522
0.232698
0.228704
0.22454
0.220206
0.215701
0.211024
0.206177
0.201158
0.195968
0.190609
0.185081
0.179385
0.173522
0.167494
0.161302
0.15495
0.148443
0.141794
0.13502
0.12816
0.121283
0.114524
0.108136
0.102605
0.098857
0.0985925
0.104665
0.121147
0.152799
0.204431
0.280897
0.390595
0.526131
0.627238
0.473173
0.00485609
0.00856964
0.0182688
0.0301215
0.0404295
0.0489587
0.0559003
0.0614855
0.0659246
0.0694005
0.072079
0.0741239
0.0757007
0.0769898
0.0781628
0.0794312
0.0809839
0.0829389
0.0852842
0.0879124
0.0909216
0.0944742
0.0986489
0.103433
0.10876
0.114541
0.120682
0.127094
0.133696
0.140416
0.147192
0.153972
0.160712
0.167375
0.17393
0.180352
0.186621
0.19272
0.198636
0.20436
0.209883
0.215199
0.220306
0.225201
0.229883
0.234351
0.238606
0.242651
0.246487
0.250116
0.253541
0.256766
0.259793
0.262627
0.26527
0.267726
0.269998
0.27209
0.274005
0.275745
0.277315
0.278716
0.279952
0.281025
0.281936
0.282689
0.283285
0.283726
0.284014
0.284149
0.284134
0.283968
0.283653
0.28319
0.28258
0.281822
0.280917
0.279867
0.27867
0.277326
0.275835
0.274189
0.272383
0.270421
0.268307
0.266044
0.263629
0.261062
0.258342
0.255471
0.252447
0.249271
0.245941
0.242459
0.238824
0.235037
0.231098
0.22701
0.222772
0.218385
0.213851
0.209171
0.204345
0.199377
0.194265
0.189013
0.183618
0.178082
0.172402
0.166576
0.160603
0.154481
0.14821
0.1418
0.135276
0.128702
0.122219
0.116135
0.111096
0.108433
0.110704
0.122152
0.148306
0.194634
0.265784
0.36703
0.501646
0.623967
0.507512
0.00313824
0.015586
0.0311575
0.0445172
0.055216
0.0635666
0.0699263
0.0745865
0.077777
0.0796889
0.0804999
0.0803966
0.0795879
0.0783134
0.0768394
0.0754676
0.074496
0.074179
0.0747621
0.0762484
0.0784238
0.0813841
0.0853492
0.0902583
0.095962
0.102292
0.109093
0.116225
0.123575
0.131047
0.138564
0.146064
0.153496
0.160821
0.168006
0.175025
0.18186
0.188493
0.194915
0.201114
0.207087
0.212828
0.218334
0.223607
0.228644
0.233449
0.238022
0.242367
0.246487
0.250385
0.254066
0.257532
0.260789
0.263841
0.266692
0.269345
0.271806
0.274079
0.276166
0.278073
0.279802
0.281357
0.282742
0.283959
0.285011
0.285901
0.286632
0.287205
0.287624
0.287889
0.288003
0.287968
0.287784
0.287453
0.286977
0.286357
0.285593
0.284687
0.283639
0.282451
0.281123
0.279654
0.278045
0.27629
0.274385
0.272327
0.270122
0.267777
0.265297
0.262684
0.259937
0.257056
0.254042
0.250895
0.247617
0.244212
0.240681
0.237027
0.23325
0.229352
0.225334
0.2212
0.21695
0.212588
0.208115
0.203532
0.198838
0.19403
0.189106
0.184059
0.178882
0.173566
0.168097
0.162465
0.156663
0.150701
0.144629
0.138597
0.132973
0.128612
0.127379
0.132936
0.151145
0.188851
0.251838
0.344641
0.472209
0.611266
0.537218
0.0101326
0.0317524
0.0482153
0.0613362
0.0715469
0.0792414
0.0847799
0.0884482
0.0904654
0.0910089
0.0902422
0.0883392
0.0855011
0.081968
0.0780258
0.0740135
0.0703084
0.0673006
0.0653793
0.064915
0.0659402
0.0680275
0.0716604
0.076692
0.0828337
0.0897984
0.0973408
0.105264
0.113416
0.121677
0.129959
0.138191
0.146319
0.154304
0.162114
0.169723
0.177115
0.184276
0.191195
0.197867
0.204286
0.210451
0.216362
0.222018
0.227422
0.232577
0.237486
0.242152
0.246581
0.250777
0.254745
0.25849
0.262018
0.265333
0.26844
0.271344
0.274052
0.276566
0.278893
0.281036
0.283
0.284789
0.286407
0.287858
0.289145
0.290271
0.291241
0.292056
0.29272
0.293235
0.293604
0.293828
0.293911
0.293855
0.29366
0.29333
0.292866
0.292269
0.291542
0.290686
0.289702
0.288592
0.287356
0.285996
0.284513
0.282907
0.281174
0.279308
0.277307
0.275172
0.272906
0.270518
0.268022
0.265425
0.26273
0.259938
0.257048
0.254063
0.250983
0.247809
0.244543
0.241191
0.237755
0.234238
0.230641
0.226966
0.22321
0.219369
0.215438
0.21141
0.207274
0.203016
0.198616
0.194051
0.189293
0.184316
0.179106
0.173691
0.168208
0.163067
0.159309
0.159338
0.167971
0.192761
0.242068
0.322634
0.439757
0.586106
0.558973
0.0243372
0.0537071
0.0685408
0.0796168
0.0881781
0.0944949
0.0988039
0.101309
0.102169
0.101513
0.0994612
0.0961515
0.0917491
0.0864571
0.080527
0.0742721
0.0680765
0.0623918
0.0576969
0.0545603
0.0536682
0.054706
0.058068
0.0634234
0.0702523
0.0780877
0.0865699
0.0954383
0.104507
0.113644
0.122754
0.131768
0.140635
0.149317
0.157785
0.166021
0.174009
0.181739
0.189203
0.196399
0.203324
0.209978
0.216362
0.22248
0.228334
0.23393
0.239271
0.244363
0.249212
0.253823
0.258203
0.262358
0.266293
0.270014
0.273529
0.276841
0.279958
0.282885
0.285626
0.288188
0.290575
0.292792
0.294844
0.296734
0.298468
0.300049
0.30148
0.302766
0.303909
0.304914
0.305782
0.306517
0.307121
0.307598
0.30795
0.308179
0.308287
0.308277
0.308151
0.307912
0.30756
0.307098
0.306529
0.305853
0.305072
0.304189
0.303205
0.30212
0.300938
0.299659
0.298283
0.296807
0.295222
0.293527
0.291723
0.289815
0.287807
0.285707
0.283527
0.281285
0.278988
0.27664
0.274239
0.271785
0.269277
0.266714
0.264091
0.261403
0.258648
0.255816
0.252896
0.249872
0.246722
0.243417
0.239916
0.236171
0.232122
0.227709
0.222888
0.217706
0.212472
0.208203
0.207572
0.216408
0.244544
0.303747
0.404217
0.546959
0.567426
0.0464361
0.0800612
0.08962
0.095888
0.100786
0.104294
0.106416
0.107182
0.10662
0.10475
0.101605
0.0972491
0.091788
0.0853635
0.0781684
0.0704645
0.0626134
0.0551106
0.0484667
0.0433881
0.041122
0.042508
0.0472017
0.054286
0.0628792
0.0723577
0.0823229
0.0925228
0.102795
0.11303
0.123155
0.133116
0.142877
0.152409
0.161693
0.170717
0.17947
0.187947
0.196145
0.204062
0.2117
0.21906
0.226146
0.232963
0.239514
0.245806
0.251844
0.257635
0.263185
0.2685
0.273588
0.278455
0.283107
0.287551
0.291793
0.295839
0.299696
0.30337
0.306866
0.310189
0.313345
0.316339
0.319175
0.321859
0.324394
0.326785
0.329035
0.331149
0.33313
0.334981
0.336706
0.338308
0.33979
0.341154
0.342403
0.34354
0.344568
0.345489
0.346304
0.347017
0.34763
0.348145
0.348563
0.348887
0.349119
0.34926
0.349313
0.34928
0.349163
0.348964
0.348684
0.348325
0.34789
0.34738
0.346797
0.346142
0.345418
0.344624
0.343756
0.342804
0.341767
0.340648
0.33945
0.338177
0.336832
0.335421
0.333961
0.33246
0.330913
0.329308
0.327631
0.325865
0.323986
0.321959
0.319735
0.317244
0.314388
0.31103
0.306978
0.301985
0.295782
0.288243
0.27988
0.273107
0.274782
0.299285
0.367219
0.492665
0.554546
0.0788638
0.106026
0.10334
0.099413
0.0962646
0.0933079
0.0902922
0.0870136
0.0833004
0.0790209
0.0740561
0.0683779
0.0620132
0.0550547
0.0477116
0.0403946
0.0338891
0.0295943
0.0293473
0.0337752
0.0416162
0.0515773
0.0626271
0.0742221
0.0860721
0.0980124
0.109939
0.121783
0.133492
0.145027
0.15636
0.167467
0.178331
0.188939
0.199281
0.209351
0.219144
0.228657
0.237891
0.246846
0.255525
0.263929
0.272064
0.279933
0.287542
0.294896
0.302001
0.308863
0.315488
0.321883
0.328053
0.334005
0.339746
0.34528
0.350615
0.355757
0.36071
0.365481
0.370074
0.374496
0.378751
0.382844
0.38678
0.390562
0.394196
0.397685
0.401033
0.404244
0.407322
0.410269
0.413089
0.415785
0.418361
0.420818
0.42316
0.42539
0.427509
0.429521
0.431428
0.433232
0.434935
0.43654
0.438049
0.439464
0.440786
0.442019
0.443163
0.444222
0.445196
0.446089
0.446902
0.447638
0.448298
0.448885
0.449402
0.44985
0.450231
0.450548
0.450801
0.450993
0.451125
0.4512
0.451217
0.451177
0.45108
0.450922
0.450688
0.450366
0.44996
0.449477
0.448912
0.448248
0.447454
0.446489
0.445288
0.443754
0.441743
0.439035
0.435301
0.430049
0.422574
0.411941
0.397092
0.377366
0.354141
0.335389
0.344972
0.422684
0.50808
0.119011
0.110037
0.083966
0.0640483
0.0511869
0.0450338
0.0450693
0.0495183
0.0565086
0.0648307
0.0738442
0.0832884
0.0930758
0.103184
0.113618
0.124394
0.135529
0.146994
0.158746
0.170749
0.182929
0.195245
0.20768
0.22018
0.232689
0.245153
0.257532
0.269791
0.281899
0.293832
0.30557
0.317094
0.328392
0.339451
0.350263
0.360821
0.371119
0.381154
0.390924
0.400429
0.40967
0.418646
0.427362
0.435819
0.444021
0.451972
0.459677
0.467139
0.474365
0.481359
0.488126
0.494672
0.501003
0.507122
0.513037
0.518752
0.524273
0.529604
0.534751
0.539719
0.544513
0.549138
0.553597
0.557896
0.562039
0.56603
0.569873
0.573573
0.577132
0.580555
0.583846
0.587007
0.590042
0.592955
0.595747
0.598424
0.600987
0.603439
0.605784
0.608023
0.61016
0.612197
0.614137
0.615982
0.617735
0.619398
0.620973
0.622463
0.62387
0.625197
0.626445
0.627618
0.628717
0.629746
0.630706
0.6316
0.632431
0.6332
0.633912
0.634573
0.635183
0.635745
0.636259
0.636726
0.637147
0.637521
0.637848
0.638125
0.638339
0.638471
0.638498
0.638395
0.638125
0.637629
0.636822
0.63557
0.633673
0.630826
0.626572
0.620232
0.610814
0.596905
0.576571
0.547318
0.50635
0.451987
0.390119
0.35869
0.405954
0.0980118
0.194854
0.276098
0.337821
0.386654
0.426816
0.4608
0.490135
0.515832
0.538608
0.558989
0.577381
0.594113
0.609451
0.623613
0.636781
0.649106
0.660705
0.671671
0.682085
0.692014
0.701512
0.71063
0.719406
0.727865
0.736029
0.743913
0.751529
0.758888
0.765998
0.772867
0.779501
0.785904
0.792082
0.798038
0.803777
0.809303
0.814621
0.819733
0.824645
0.82936
0.833884
0.83822
0.842375
0.846351
0.850156
0.853792
0.857266
0.860583
0.863748
0.866765
0.869641
0.872379
0.874986
0.877465
0.879822
0.882061
0.884188
0.886205
0.888119
0.889933
0.89165
0.893276
0.894814
0.896267
0.897639
0.898933
0.900153
0.901302
0.902382
0.903398
0.90435
0.905243
0.906078
0.906858
0.907585
0.908262
0.90889
0.909472
0.91001
0.910506
0.910961
0.911377
0.911756
0.9121
0.91241
0.912687
0.912934
0.913152
0.913342
0.913506
0.913645
0.91376
0.913854
0.913927
0.913981
0.914017
0.914037
0.914039
0.914024
0.913993
0.913947
0.913887
0.913813
0.913725
0.91362
0.913498
0.913352
0.913175
0.912957
0.91268
0.912317
0.911828
0.911153
0.910203
0.908842
0.906867
0.903973
0.899708
0.893401
0.884072
0.87029
0.849959
0.819945
0.775389
0.708337
0.605218
0.444415
0.230541
