# vtk DataFile Version 3.0
Cavity flow at t=70
ASCII
DATASET STRUCTURED_POINTS
DIMENSIONS 129 129 1
ORIGIN 0 0 0
SPACING 0.00775194 0.00775194 1
POINT_DATA 16641
VECTORS velocity double
-9.93118e-05 -3.15972e-05 0.0
-0.000200231 1.60702e-06 0.0
-0.000165812 -3.60272e-05 0.0
-1.95111e-05 -0.000110275 0.0
0.000277777 -0.000187014 0.0
0.000708284 -0.000243495 0.0
0.00121982 -0.000268045 0.0
0.00174716 -0.000259298 0.0
0.00222992 -0.00022346 0.0
0.00262393 -0.00017055 0.0
0.00290559 -0.000111113 0.0
0.00307081 -5.41133e-05 0.0
0.00313074 -5.82064e-06 0.0
0.00310453 3.20274e-05 0.0
0.0030138 5.87027e-05 0.0
0.00288149 7.36018e-05 0.0
0.00272977 7.81232e-05 0.0
0.00257777 7.38655e-05 0.0
0.0024416 6.23096e-05 0.0
0.00233452 4.47673e-05 0.0
0.00226734 2.24096e-05 0.0
0.00224835 -3.42235e-06 0.0
0.00228166 -2.98903e-05 0.0
0.00236748 -5.59355e-05 0.0
0.00250248 -7.90676e-05 0.0
0.00267838 -9.68323e-05 0.0
0.00288278 -0.000107574 0.0
0.00310125 -0.000110895 0.0
0.00331979 -0.000107645 0.0
0.00352734 -9.99017e-05 0.0
0.00371696 -8.97222e-05 0.0
0.00388563 -7.89536e-05 0.0
0.00403362 -6.90359e-05 0.0
0.00416134 -5.8684e-05 0.0
0.004268 -4.79809e-05 0.0
0.00435434 -3.83567e-05 0.0
0.004415 -2.22994e-05 0.0
0.00443753 -2.28646e-07 0.0
0.00441939 1.83636e-05 0.0
0.00436088 4.01533e-05 0.0
0.00424427 7.64548e-05 0.0
0.00405293 0.000114886 0.0
0.00379034 0.000147713 0.0
0.00345867 0.000183961 0.0
0.00304672 0.000227988 0.0
0.00254688 0.000271856 0.0
0.00195824 0.000316791 0.0
0.00127856 0.000362896 0.0
0.000505912 0.000409758 0.0
-0.000359886 0.000456047 0.0
-0.00131672 0.000500798 0.0
-0.00236229 0.000544776 0.0
-0.00349446 0.000587407 0.0
-0.00471004 0.000628173 0.0
-0.00600488 0.000666677 0.0
-0.00737413 0.00070259 0.0
-0.00881235 0.000735635 0.0
-0.0103136 0.000765584 0.0
-0.0118714 0.000792259 0.0
-0.0134792 0.000815537 0.0
-0.01513 0.00083534 0.0
-0.016817 0.000851637 0.0
-0.0185331 0.000864432 0.0
-0.0202712 0.000873757 0.0
-0.0220246 0.000879662 0.0
-0.0237865 0.000882199 0.0
-0.0255501 0.000881415 0.0
-0.0273088 0.000877334 0.0
-0.0290561 0.000869946 0.0
-0.0307853 0.000859194 0.0
-0.0324894 0.000844955 0.0
-0.0341614 0.000827033 0.0
-0.0357936 0.000805143 0.0
-0.0373776 0.000778909 0.0
-0.0389044 0.00074786 0.0
-0.0403637 0.000711446 0.0
-0.0417442 0.000669052 0.0
-0.0430333 0.00062004 0.0
-0.0442171 0.000563813 0.0
-0.0452809 0.000499949 0.0
-0.0462089 0.000427995 0.0
-0.0469839 0.000347063 0.0
-0.0475858 0.000254842 0.0
-0.0480119 0.000171238 0.0
-0.0482715 8.83471e-05 0.0
-0.0483639 3.99906e-06 0.0
-0.0482685 -9.93675e-05 0.0
-0.0479343 -0.000234892 0.0
-0.047306 -0.000393373 0.0
-0.0463427 -0.000570011 0.0
-0.0450105 -0.000762171 0.0
-0.0432806 -0.000967724 0.0
-0.0411286 -0.00118433 0.0
-0.0385351 -0.00140917 0.0
-0.0354871 -0.00163881 0.0
-0.0319791 -0.00186923 0.0
-0.0280139 -0.002096 0.0
-0.0236033 -0.00231454 0.0
-0.0187683 -0.00252051 0.0
-0.0135379 -0.00270986 0.0
-0.00795259 -0.00287549 0.0
-0.00208999 -0.00298711 0.0
0.00378769 -0.00289056 0.0
0.00940727 -0.00272902 0.0
0.0146479 -0.00251157 0.0
0.0193525 -0.00219306 0.0
0.0233409 -0.00179528 0.0
0.0264495 -0.0013134 0.0
0.0285317 -0.000768786 0.0
0.0295183 -0.000217775 0.0
0.0294748 0.000261266 0.0
0.0284892 0.000724435 0.0
0.0266372 0.00112754 0.0
0.0240833 0.00142639 0.0
0.0210501 0.00160684 0.0
0.0177745 0.00166871 0.0
0.0144823 0.00162351 0.0
0.0113656 0.0014932 0.0
0.00856593 0.00130651 0.0
0.00616594 0.0010935 0.0
0.00419279 0.000879667 0.0
0.00263083 0.000682312 0.0
0.00143846 0.000510064 0.0
0.00056393 0.000364486 0.0
-4.07811e-05 0.00024024 0.0
-0.000404086 0.000123079 0.0
-0.000522169 -4.98222e-06 0.0
-0.000385015 -0.000132158 0.0
-0.000126425 -0.000126421 0.0
-7.85398e-05 1.53448e-05 0.0
-0.000129539 -2.43273e-05 0.0
0.000130839 -0.000304893 0.0
0.000838575 -0.000695449 0.0
0.00200799 -0.00106854 0.0
0.00354809 -0.00133258 0.0
0.00530042 -0.00144283 0.0
0.00708661 -0.00139805 0.0
0.00874611 -0.00122697 0.0
0.0101578 -0.000972758 0.0
0.0112479 -0.000680658 0.0
0.0119884 -0.000390338 0.0
0.0123908 -0.000131845 0.0
0.0124976 7.74143e-05 0.0
0.0123676 0.000234047 0.0
0.0120632 0.000334951 0.0
0.0116489 0.000382813 0.0
0.0111876 0.000382463 0.0
0.0107377 0.000339804 0.0
0.0103506 0.000261386 0.0
0.0100693 0.000154269 0.0
0.00992644 2.65877e-05 0.0
0.00994252 -0.00010929 0.0
0.0101203 -0.000240168 0.0
0.0104439 -0.000353415 0.0
0.0108826 -0.000437078 0.0
0.0113939 -0.000483053 0.0
0.011929 -0.00048902 0.0
0.012439 -0.000458003 0.0
0.0128806 -0.000398707 0.0
0.0132198 -0.000319772 0.0
0.0134307 -0.000228449 0.0
0.0134962 -0.000133033 0.0
0.0134015 -2.76836e-05 0.0
0.013125 9.08438e-05 0.0
0.0126513 0.000210184 0.0
0.011955 0.000364802 0.0
0.0109875 0.000557606 0.0
0.00972233 0.00074385 0.0
0.0081532 0.000942307 0.0
0.00624797 0.00119615 0.0
0.00397138 0.00146313 0.0
0.00130551 0.00172794 0.0
-0.00174802 0.00198895 0.0
-0.00516447 0.0022514 0.0
-0.00893085 0.00251467 0.0
-0.0130438 0.00277559 0.0
-0.0174897 0.0030297 0.0
-0.0222471 0.00327293 0.0
-0.0272892 0.00350085 0.0
-0.0325867 0.00371031 0.0
-0.0381067 0.00390089 0.0
-0.0438142 0.00407094 0.0
-0.0496731 0.00421921 0.0
-0.0556476 0.00434501 0.0
-0.0617022 0.00444807 0.0
-0.0678022 0.00452844 0.0
-0.0739147 0.00458645 0.0
-0.080008 0.00462263 0.0
-0.0860527 0.00463768 0.0
-0.0920211 0.00463241 0.0
-0.0978872 0.0046077 0.0
-0.103627 0.00456443 0.0
-0.109219 0.00450349 0.0
-0.114641 0.00442569 0.0
-0.119875 0.00433175 0.0
-0.124902 0.00422225 0.0
-0.129704 0.00409763 0.0
-0.134265 0.00395812 0.0
-0.138569 0.00380373 0.0
-0.142598 0.00363424 0.0
-0.146338 0.00344918 0.0
-0.14977 0.00324777 0.0
-0.152879 0.00302903 0.0
-0.155646 0.00279172 0.0
-0.158054 0.00253446 0.0
-0.160083 0.00225582 0.0
-0.161715 0.00195448 0.0
-0.162931 0.0016294 0.0
-0.163714 0.00128058 0.0
-0.164047 0.000908439 0.0
-0.16392 0.000514596 0.0
-0.163315 8.43009e-05 0.0
-0.162151 -0.000395726 0.0
-0.160327 -0.000909193 0.0
-0.157784 -0.00145 0.0
-0.154491 -0.00203282 0.0
-0.150456 -0.00267098 0.0
-0.145685 -0.00335676 0.0
-0.140172 -0.00408329 0.0
-0.133908 -0.00484454 0.0
-0.126889 -0.00563419 0.0
-0.119114 -0.00644481 0.0
-0.110589 -0.00726751 0.0
-0.101326 -0.00809177 0.0
-0.0913447 -0.00890546 0.0
-0.0806745 -0.00969522 0.0
-0.0693534 -0.010447 0.0
-0.0574297 -0.0111468 0.0
-0.0449624 -0.0117812 0.0
-0.0320196 -0.0123323 0.0
-0.0186615 -0.0127509 0.0
-0.00484304 -0.0128229 0.0
0.00908901 -0.0123483 0.0
0.0224822 -0.011526 0.0
0.0350232 -0.0104242 0.0
0.0465583 -0.00908757 0.0
0.0568784 -0.00744983 0.0
0.0656912 -0.00552739 0.0
0.072662 -0.00341645 0.0
0.0774037 -0.00123832 0.0
0.0796785 0.000934933 0.0
0.0795425 0.00290505 0.0
0.0772046 0.00454075 0.0
0.0729424 0.0057879 0.0
0.067087 0.00661868 0.0
0.0600177 0.00703505 0.0
0.0521469 0.00706917 0.0
0.0438992 0.00677799 0.0
0.0356875 0.00623369 0.0
0.0278868 0.00551339 0.0
0.020806 0.00469141 0.0
0.0146649 0.00383438 0.0
0.00958419 0.00299548 0.0
0.00559616 0.00220202 0.0
0.002681 0.00143979 0.0
0.000811704 0.000665708 0.0
-4.76914e-05 -8.05782e-05 0.0
-0.000115711 -0.000368551 0.0
-1.89475e-05 0.000112831 0.0
0.000120257 -0.000210021 0.0
0.00073665 -0.000995973 0.0
0.00197939 -0.00195485 0.0
0.00382194 -0.00282111 0.0
0.00611046 -0.00340865 0.0
0.00862814 -0.00363677 0.0
0.0111534 -0.00351555 0.0
0.0134968 -0.00311238 0.0
0.0155178 -0.00252003 0.0
0.0171282 -0.00183393 0.0
0.0182893 -0.00113865 0.0
0.0190044 -0.000500992 0.0
0.0193111 3.3033e-05 0.0
0.0192739 0.000445575 0.0
0.0189716 0.000730174 0.0
0.0184855 0.000887972 0.0
0.0178983 0.000925763 0.0
0.0172899 0.000854907 0.0
0.0167326 0.000690595 0.0
0.0162874 0.00045151 0.0
0.0159995 0.000160123 0.0
0.0158962 -0.000155537 0.0
0.0159812 -0.000456796 0.0
0.0162314 -0.000710533 0.0
0.0165999 -0.000887188 0.0
0.0170224 -0.000966778 0.0
0.017425 -0.000942994 0.0
0.0177308 -0.000819754 0.0
0.017867 -0.000614746 0.0
0.0177704 -0.000346389 0.0
0.0173788 -2.11277e-05 0.0
0.0166422 0.00033072 0.0
0.0155169 0.000728574 0.0
0.0139428 0.00118523 0.0
0.0118904 0.00164193 0.0
0.0093356 0.00218412 0.0
0.00620986 0.00283149 0.0
0.00245479 0.00349022 0.0
-0.00193589 0.00415574 0.0
-0.00690271 0.00485477 0.0
-0.0123955 0.00557389 0.0
-0.0184024 0.00628995 0.0
-0.0249002 0.00697826 0.0
-0.0318563 0.0076346 0.0
-0.0392234 0.00826502 0.0
-0.0469454 0.0088602 0.0
-0.054965 0.00941064 0.0
-0.0632246 0.0099089 0.0
-0.0716669 0.0103493 0.0
-0.0802359 0.0107283 0.0
-0.0888773 0.0110443 0.0
-0.0975388 0.0112965 0.0
-0.106171 0.011485 0.0
-0.114728 0.011611 0.0
-0.123168 0.0116762 0.0
-0.131451 0.0116832 0.0
-0.139541 0.0116347 0.0
-0.147407 0.0115338 0.0
-0.15502 0.0113837 0.0
-0.162353 0.0111876 0.0
-0.169382 0.0109486 0.0
-0.176089 0.0106697 0.0
-0.182452 0.0103535 0.0
-0.188457 0.0100024 0.0
-0.194087 0.00961858 0.0
-0.199328 0.0092035 0.0
-0.204167 0.00875842 0.0
-0.208593 0.00828407 0.0
-0.212592 0.00778074 0.0
-0.216154 0.00724821 0.0
-0.219265 0.00668581 0.0
-0.221914 0.0060924 0.0
-0.224087 0.00546644 0.0
-0.225771 0.00480609 0.0
-0.226953 0.00410937 0.0
-0.227617 0.00337434 0.0
-0.227749 0.00259939 0.0
-0.227331 0.00178321 0.0
-0.22635 0.00092754 0.0
-0.224773 1.77057e-05 0.0
-0.222535 -0.000958919 0.0
-0.219581 -0.00200133 0.0
-0.215927 -0.00312799 0.0
-0.211609 -0.00431856 0.0
-0.20663 -0.00556406 0.0
-0.20098 -0.00686024 0.0
-0.194653 -0.00820665 0.0
-0.187641 -0.00960416 0.0
-0.179942 -0.0110482 0.0
-0.171553 -0.0125314 0.0
-0.162476 -0.0140438 0.0
-0.152713 -0.0155735 0.0
-0.142271 -0.0171058 0.0
-0.131164 -0.0186235 0.0
-0.119412 -0.0201068 0.0
-0.107043 -0.0215335 0.0
-0.0940936 -0.0228792 0.0
-0.0806135 -0.0241183 0.0
-0.0666669 -0.0252236 0.0
-0.0523363 -0.0261635 0.0
-0.0377237 -0.0268905 0.0
-0.0229319 -0.0272936 0.0
-0.00782669 -0.0269148 0.0
0.00755491 -0.0257344 0.0
0.0225439 -0.0237458 0.0
0.0366682 -0.0214254 0.0
0.0498095 -0.0185732 0.0
0.0617327 -0.0151401 0.0
0.0721765 -0.0112182 0.0
0.080858 -0.0068597 0.0
0.0874055 -0.002266 0.0
0.0913524 0.00229517 0.0
0.0924726 0.00636833 0.0
0.0909362 0.00975893 0.0
0.0870535 0.0123859 0.0
0.0811868 0.0142039 0.0
0.0737442 0.0152138 0.0
0.0651646 0.0154607 0.0
0.0559002 0.015027 0.0
0.0463972 0.0140238 0.0
0.0370767 0.0125825 0.0
0.0283149 0.0108462 0.0
0.0204257 0.00895365 0.0
0.0136458 0.00701181 0.0
0.00813141 0.00505961 0.0
0.00398134 0.00306529 0.0
0.00128938 0.00107122 0.0
0.000160662 -0.000323593 0.0
3.14998e-05 0.000100277 0.0
0.000378174 -0.000683348 0.0
0.00138693 -0.0021478 0.0
0.00314648 -0.00380531 0.0
0.00556125 -0.00522798 0.0
0.00841277 -0.00614184 0.0
0.0114426 -0.00645108 0.0
0.0144124 -0.00619629 0.0
0.0171327 -0.00549543 0.0
0.0194709 -0.00449614 0.0
0.0213477 -0.00334506 0.0
0.0227302 -0.00217104 0.0
0.0236235 -0.00107706 0.0
0.0240629 -0.000137039 0.0
0.0241089 0.0006068 0.0
0.0238386 0.00114161 0.0
0.0233372 0.00146409 0.0
0.0226933 0.0015807 0.0
0.0219943 0.00150738 0.0
0.0213206 0.00126908 0.0
0.0207391 0.000899704 0.0
0.0202967 0.000442195 0.0
0.0200143 -5.17638e-05 0.0
0.0198864 -0.000517747 0.0
0.0198783 -0.000891662 0.0
0.0199234 -0.00111971 0.0
0.0199315 -0.00116486 0.0
0.019799 -0.00101499 0.0
0.0194147 -0.000669269 0.0
0.0186566 -0.000143355 0.0
0.0174217 0.000513727 0.0
0.0156152 0.00131682 0.0
0.0131712 0.00217341 0.0
0.0100534 0.00312896 0.0
0.00617042 0.00424196 0.0
0.00143447 0.00537358 0.0
-0.0041101 0.00655179 0.0
-0.0103446 0.00782411 0.0
-0.0172117 0.00911972 0.0
-0.02469 0.0103952 0.0
-0.0327408 0.0116329 0.0
-0.0413008 0.0128486 0.0
-0.0502944 0.0140158 0.0
-0.0596533 0.0151091 0.0
-0.0693103 0.0161168 0.0
-0.0791939 0.0170336 0.0
-0.0892312 0.0178509 0.0
-0.0993526 0.0185609 0.0
-0.109493 0.0191584 0.0
-0.119591 0.0196403 0.0
-0.129591 0.0200062 0.0
-0.13944 0.0202574 0.0
-0.149092 0.0203969 0.0
-0.158504 0.0204287 0.0
-0.167638 0.020358 0.0
-0.176459 0.0201904 0.0
-0.184939 0.0199322 0.0
-0.193053 0.0195898 0.0
-0.200778 0.0191698 0.0
-0.208096 0.0186783 0.0
-0.214992 0.0181216 0.0
-0.221453 0.0175052 0.0
-0.227468 0.0168343 0.0
-0.233029 0.0161135 0.0
-0.238129 0.0153467 0.0
-0.242762 0.0145372 0.0
-0.246923 0.0136875 0.0
-0.250609 0.0127995 0.0
-0.253814 0.0118743 0.0
-0.256537 0.0109123 0.0
-0.258772 0.0099133 0.0
-0.260516 0.00887623 0.0
-0.261765 0.00779951 0.0
-0.262514 0.00668099 0.0
-0.262756 0.0055181 0.0
-0.262485 0.00430807 0.0
-0.261693 0.0030483 0.0
-0.260373 0.00173688 0.0
-0.258515 0.000369949 0.0
-0.256086 -0.0010696 0.0
-0.253061 -0.0025872 0.0
-0.249462 -0.0041902 0.0
-0.245318 -0.00586817 0.0
-0.240629 -0.00760426 0.0
-0.235385 -0.00940395 0.0
-0.229577 -0.0112669 0.0
-0.223192 -0.0131911 0.0
-0.216221 -0.0151751 0.0
-0.208652 -0.0172164 0.0
-0.200478 -0.0193093 0.0
-0.191692 -0.0214445 0.0
-0.182291 -0.0236097 0.0
-0.172273 -0.0257891 0.0
-0.161641 -0.0279633 0.0
-0.150405 -0.0301091 0.0
-0.138578 -0.0321995 0.0
-0.126185 -0.034203 0.0
-0.11326 -0.0360845 0.0
-0.0998488 -0.0378044 0.0
-0.0860149 -0.039318 0.0
-0.0718418 -0.0405728 0.0
-0.0574348 -0.0415006 0.0
-0.0429131 -0.0419969 0.0
-0.0283579 -0.0418719 0.0
-0.0136884 -0.0408283 0.0
0.00136397 -0.0386932 0.0
0.0162702 -0.0355087 0.0
0.030345 -0.0317059 0.0
0.0434549 -0.0270405 0.0
0.0553891 -0.0216958 0.0
0.0659501 -0.0156246 0.0
0.0748895 -0.00898798 0.0
0.0819423 -0.00198246 0.0
0.0865382 0.00492979 0.0
0.0883132 0.0109589 0.0
0.0874533 0.0159285 0.0
0.0842481 0.0197332 0.0
0.0790448 0.0223304 0.0
0.0722297 0.0237388 0.0
0.0642118 0.0240313 0.0
0.0554087 0.0233256 0.0
0.0462334 0.0217766 0.0
0.0370809 0.0195663 0.0
0.0283149 0.0168887 0.0
0.0202521 0.0139195 0.0
0.0131523 0.0107662 0.0
0.00723993 0.00742118 0.0
0.00281723 0.00383002 0.0
0.000513247 0.000350323 0.0
7.08049e-05 -2.02889e-06 0.0
0.00061611 -0.00147302 0.0
0.00202413 -0.0037749 0.0
0.00429471 -0.00620833 0.0
0.00723703 -0.00818206 0.0
0.0105587 -0.00936095 0.0
0.0139633 -0.00966641 0.0
0.0172055 -0.00919289 0.0
0.0201074 -0.00812116 0.0
0.0225563 -0.00665747 0.0
0.024494 -0.00499822 0.0
0.0259059 -0.00331222 0.0
0.02681 -0.00173338 0.0
0.0272486 -0.00035875 0.0
0.0272802 0.00075093 0.0
0.0269766 0.00157132 0.0
0.0264206 0.00209188 0.0
0.0257001 0.00231729 0.0
0.0249021 0.00226779 0.0
0.024105 0.00197941 0.0
0.0233715 0.00150444 0.0
0.0227394 0.000911912 0.0
0.0222139 0.000286507 0.0
0.0217629 -0.000277158 0.0
0.0213186 -0.000679797 0.0
0.0207787 -0.000836783 0.0
0.0200071 -0.00068433 0.0
0.0188385 -0.000194362 0.0
0.0171064 0.000626414 0.0
0.0146626 0.0017628 0.0
0.0114272 0.00307789 0.0
0.00730121 0.00468518 0.0
0.00215659 0.00639373 0.0
-0.00396342 0.00814643 0.0
-0.0108883 0.0100323 0.0
-0.0185195 0.0119504 0.0
-0.0268356 0.0138356 0.0
-0.0357777 0.015717 0.0
-0.0452551 0.0175713 0.0
-0.0551863 0.0193532 0.0
-0.0654975 0.0210368 0.0
-0.0761072 0.0226144 0.0
-0.0869299 0.0240663 0.0
-0.0978859 0.0253736 0.0
-0.108901 0.0265245 0.0
-0.119904 0.0275124 0.0
-0.130827 0.0283324 0.0
-0.141608 0.0289817 0.0
-0.15219 0.0294603 0.0
-0.162524 0.0297703 0.0
-0.172564 0.0299163 0.0
-0.182272 0.0299047 0.0
-0.191613 0.0297433 0.0
-0.200561 0.0294412 0.0
-0.209089 0.0290078 0.0
-0.217181 0.0284535 0.0
-0.22482 0.0277882 0.0
-0.231995 0.0270223 0.0
-0.238697 0.0261653 0.0
-0.244923 0.0252267 0.0
-0.250669 0.0242149 0.0
-0.255934 0.0231379 0.0
-0.26072 0.0220024 0.0
-0.265028 0.0208146 0.0
-0.268861 0.0195794 0.0
-0.272225 0.018301 0.0
-0.275123 0.0169824 0.0
-0.277558 0.0156257 0.0
-0.279537 0.0142321 0.0
-0.281061 0.0128017 0.0
-0.282136 0.0113338 0.0
-0.282763 0.00982701 0.0
-0.282944 0.00827885 0.0
-0.28268 0.0066863 0.0
-0.281971 0.00504576 0.0
-0.280815 0.00335324 0.0
-0.279208 0.00160477 0.0
-0.277143 -0.000204328 0.0
-0.274603 -0.00208733 0.0
-0.271591 -0.00405301 0.0
-0.268127 -0.00609311 0.0
-0.26421 -0.00820059 0.0
-0.259831 -0.0103809 0.0
-0.254978 -0.0126328 0.0
-0.249639 -0.0149592 0.0
-0.243798 -0.0173609 0.0
-0.237442 -0.0198372 0.0
-0.230557 -0.0223856 0.0
-0.22313 -0.0250021 0.0
-0.215149 -0.027679 0.0
-0.206604 -0.0304055 0.0
-0.197488 -0.0331664 0.0
-0.187796 -0.0359426 0.0
-0.177527 -0.03871 0.0
-0.166686 -0.0414397 0.0
-0.155284 -0.044097 0.0
-0.143341 -0.0466416 0.0
-0.130886 -0.0490268 0.0
-0.11796 -0.0511989 0.0
-0.104621 -0.053096 0.0
-0.090944 -0.0546454 0.0
-0.0770199 -0.0557593 0.0
-0.0629526 -0.0563272 0.0
-0.04884 -0.0562095 0.0
-0.0347498 -0.0552503 0.0
-0.0207392 -0.053334 0.0
-0.00657432 -0.049939 0.0
0.00765418 -0.0455789 0.0
0.0212469 -0.0398701 0.0
0.0338527 -0.0334061 0.0
0.0453176 -0.0259404 0.0
0.0554246 -0.0177185 0.0
0.0639926 -0.00887264 0.0
0.0708126 0.000404122 0.0
0.0753235 0.0091987 0.0
0.0771804 0.0166917 0.0
0.0766267 0.022729 0.0
0.0739416 0.0272229 0.0
0.0694399 0.030163 0.0
0.0634593 0.0316056 0.0
0.0563513 0.0316624 0.0
0.0484737 0.0304927 0.0
0.0401821 0.0282942 0.0
0.0318194 0.0252897 0.0
0.023703 0.0216977 0.0
0.0161202 0.0176706 0.0
0.00936283 0.0131865 0.0
0.00389403 0.00795621 0.0
0.000779295 0.00164287 0.0
0.000105831 -0.000178666 0.0
0.000849348 -0.00258521 0.0
0.00266733 -0.00588873 0.0
0.00545143 -0.00914918 0.0
0.00889445 -0.0116265 0.0
0.0126236 -0.0129673 0.0
0.0163086 -0.0131496 0.0
0.0197033 -0.0123466 0.0
0.022648 -0.0108141 0.0
0.0250555 -0.00882088 0.0
0.0268946 -0.00661164 0.0
0.028175 -0.00439099 0.0
0.0289341 -0.0023179 0.0
0.0292268 -0.000505559 0.0
0.029115 0.000977987 0.0
0.028668 0.00209476 0.0
0.0279666 0.00282593 0.0
0.0270955 0.00317477 0.0
0.0261363 0.00316759 0.0
0.0251581 0.0028549 0.0
0.0242077 0.00231283 0.0
0.0232991 0.00164416 0.0
0.0224033 0.0009756 0.0
0.02144 0.000448017 0.0
0.0202754 0.000203997 0.0
0.0187298 0.000364838 0.0
0.0165937 0.00102174 0.0
0.0136641 0.00219778 0.0
0.00979363 0.0038368 0.0
0.00480285 0.00598697 0.0
-0.00138976 0.00828172 0.0
-0.0085596 0.0107772 0.0
-0.0164939 0.0133806 0.0
-0.0251574 0.0159432 0.0
-0.0344968 0.0184998 0.0
-0.0444135 0.0210308 0.0
-0.054822 0.0234798 0.0
-0.0656393 0.0258322 0.0
-0.0767708 0.0280649 0.0
-0.0881252 0.0301454 0.0
-0.0996191 0.0320497 0.0
-0.111171 0.0337632 0.0
-0.122702 0.0352713 0.0
-0.13414 0.0365624 0.0
-0.145419 0.0376294 0.0
-0.156478 0.0384698 0.0
-0.167265 0.0390844 0.0
-0.177731 0.0394766 0.0
-0.187835 0.0396525 0.0
-0.197544 0.0396205 0.0
-0.206828 0.0393909 0.0
-0.215666 0.0389756 0.0
-0.22404 0.0383877 0.0
-0.231937 0.037641 0.0
-0.23935 0.0367495 0.0
-0.246274 0.0357274 0.0
-0.252709 0.0345882 0.0
-0.258657 0.0333454 0.0
-0.264123 0.0320111 0.0
-0.269113 0.030597 0.0
-0.273636 0.0291132 0.0
-0.2777 0.027569 0.0
-0.281316 0.0259723 0.0
-0.284493 0.0243297 0.0
-0.287241 0.0226467 0.0
-0.289571 0.0209272 0.0
-0.291492 0.0191743 0.0
-0.293012 0.0173896 0.0
-0.294139 0.0155737 0.0
-0.29488 0.0137259 0.0
-0.295241 0.0118446 0.0
-0.295225 0.00992733 0.0
-0.294835 0.00797033 0.0
-0.294073 0.00596921 0.0
-0.292938 0.0039187 0.0
-0.291427 0.00181295 0.0
-0.289535 -0.000354264 0.0
-0.287251 -0.00259363 0.0
-0.284579 -0.00491034 0.0
-0.281524 -0.00729697 0.0
-0.278079 -0.00975853 0.0
-0.274233 -0.0122984 0.0
-0.269974 -0.0149215 0.0
-0.265288 -0.0176306 0.0
-0.26016 -0.0204284 0.0
-0.254576 -0.0233163 0.0
-0.24852 -0.0262935 0.0
-0.241977 -0.0293573 0.0
-0.234933 -0.0325023 0.0
-0.227373 -0.0357197 0.0
-0.219286 -0.0389967 0.0
-0.210662 -0.0423157 0.0
-0.201493 -0.0456544 0.0
-0.191775 -0.0489843 0.0
-0.181511 -0.0522709 0.0
-0.170705 -0.0554727 0.0
-0.159374 -0.0585405 0.0
-0.14754 -0.0614171 0.0
-0.135239 -0.0640357 0.0
-0.122518 -0.0663193 0.0
-0.109438 -0.068179 0.0
-0.0960762 -0.0695115 0.0
-0.0825198 -0.0701986 0.0
-0.068862 -0.0701085 0.0
-0.0551976 -0.0691059 0.0
-0.0416251 -0.0670615 0.0
-0.0282031 -0.0637984 0.0
-0.0149354 -0.0592157 0.0
-0.00164505 -0.0531163 0.0
0.0113028 -0.0457135 0.0
0.0232683 -0.0370635 0.0
0.0340803 -0.0275142 0.0
0.0435846 -0.0171492 0.0
0.0516421 -0.00619668 0.0
0.0578637 0.00506695 0.0
0.0617925 0.0150378 0.0
0.0634093 0.0233199 0.0
0.0629461 0.0297804 0.0
0.0606603 0.0343931 0.0
0.0568145 0.037202 0.0
0.0516806 0.0383081 0.0
0.0455417 0.0378636 0.0
0.0386897 0.0360668 0.0
0.0314181 0.0331515 0.0
0.0240135 0.0293569 0.0
0.0167587 0.0248491 0.0
0.00998334 0.0195407 0.0
0.00425733 0.0127969 0.0
0.000876069 0.00329824 0.0
0.000142979 -0.000427478 0.0
0.00109782 -0.00403476 0.0
0.0033444 -0.00850374 0.0
0.006641 -0.0126149 0.0
0.0105492 -0.0155121 0.0
0.0146182 -0.01688 0.0
0.0184925 -0.0167961 0.0
0.0219339 -0.0155362 0.0
0.0248062 -0.0134415 0.0
0.0270509 -0.0108458 0.0
0.0286661 -0.00804098 0.0
0.0296874 -0.00526324 0.0
0.0301732 -0.00269063 0.0
0.030192 -0.000444378 0.0
0.0298109 0.0014097 0.0
0.0291021 0.00281887 0.0
0.0281471 0.00375822 0.0
0.0270274 0.0042332 0.0
0.0258142 0.00428157 0.0
0.0245572 0.00397623 0.0
0.0232713 0.00342779 0.0
0.0219222 0.00278681 0.0
0.0204143 0.00223673 0.0
0.0185832 0.00198126 0.0
0.0162022 0.00221637 0.0
0.0130106 0.00308957 0.0
0.00876061 0.00468316 0.0
0.00319339 0.00703312 0.0
-0.00371255 0.00977789 0.0
-0.0116224 0.0129465 0.0
-0.0203059 0.0161984 0.0
-0.0297122 0.0194367 0.0
-0.0397444 0.0226876 0.0
-0.0503045 0.0258598 0.0
-0.0613133 0.0289313 0.0
-0.072676 0.0318786 0.0
-0.0842986 0.0346632 0.0
-0.0960919 0.0372595 0.0
-0.107967 0.0396439 0.0
-0.119839 0.0417928 0.0
-0.13163 0.0436878 0.0
-0.14327 0.0453168 0.0
-0.154693 0.0466714 0.0
-0.16584 0.047747 0.0
-0.17666 0.0485435 0.0
-0.187109 0.0490647 0.0
-0.197151 0.0493179 0.0
-0.206756 0.0493134 0.0
-0.215899 0.0490636 0.0
-0.224564 0.0485831 0.0
-0.232739 0.0478881 0.0
-0.240419 0.0469956 0.0
-0.247601 0.0459235 0.0
-0.254288 0.0446897 0.0
-0.260487 0.0433119 0.0
-0.266205 0.0418072 0.0
-0.271453 0.0401919 0.0
-0.276245 0.0384813 0.0
-0.280593 0.0366892 0.0
-0.284511 0.034828 0.0
-0.288015 0.0329088 0.0
-0.291119 0.030941 0.0
-0.293835 0.0289325 0.0
-0.296178 0.0268894 0.0
-0.298159 0.0248167 0.0
-0.29979 0.0227175 0.0
-0.301079 0.0205939 0.0
-0.302036 0.0184464 0.0
-0.302666 0.0162742 0.0
-0.302975 0.0140756 0.0
-0.302967 0.0118473 0.0
-0.302643 0.00958538 0.0
-0.302005 0.00728451 0.0
-0.30105 0.0049385 0.0
-0.299776 0.00254014 0.0
-0.298177 8.12651e-05 0.0
-0.296246 -0.00244619 0.0
-0.293983 -0.00504784 0.0
-0.29139 -0.00772149 0.0
-0.288458 -0.010473 0.0
-0.285176 -0.0133091 0.0
-0.281534 -0.0162358 0.0
-0.277519 -0.0192585 0.0
-0.273117 -0.0223816 0.0
-0.268314 -0.0256084 0.0
-0.263094 -0.0289404 0.0
-0.257442 -0.0323772 0.0
-0.251343 -0.0359159 0.0
-0.24478 -0.0395504 0.0
-0.237741 -0.043271 0.0
-0.23021 -0.0470632 0.0
-0.222176 -0.0509077 0.0
-0.213628 -0.0547789 0.0
-0.20456 -0.0586449 0.0
-0.194969 -0.0624661 0.0
-0.184857 -0.0661949 0.0
-0.174232 -0.0697745 0.0
-0.163111 -0.073138 0.0
-0.15152 -0.0762077 0.0
-0.139494 -0.078894 0.0
-0.127084 -0.0810945 0.0
-0.114348 -0.0826932 0.0
-0.10136 -0.083562 0.0
-0.0881991 -0.0835634 0.0
-0.0749573 -0.0825571 0.0
-0.0617332 -0.0804069 0.0
-0.0486266 -0.0769816 0.0
-0.035739 -0.0721879 0.0
-0.0231956 -0.0659778 0.0
-0.0109449 -0.0580504 0.0
0.00112274 -0.0487597 0.0
0.0124824 -0.0379896 0.0
0.0226275 -0.0263233 0.0
0.0314689 -0.0139214 0.0
0.0389332 -0.000894331 0.0
0.0444636 0.0115399 0.0
0.0477108 0.0219539 0.0
0.0490317 0.0302888 0.0
0.0486532 0.0365489 0.0
0.0467656 0.0407795 0.0
0.0435594 0.0430707 0.0
0.0392392 0.0435601 0.0
0.0340273 0.0424343 0.0
0.0281605 0.0399225 0.0
0.0218866 0.0362643 0.0
0.0154763 0.0316067 0.0
0.00928775 0.025747 0.0
0.00395655 0.0176478 0.0
0.000805408 0.00497973 0.0
0.000186164 -0.000756622 0.0
0.00137318 -0.00584749 0.0
0.00406574 -0.0116301 0.0
0.00785737 -0.0165767 0.0
0.0121721 -0.0197732 0.0
0.0164932 -0.021009 0.0
0.0204541 -0.0205024 0.0
0.0238342 -0.0186515 0.0
0.026526 -0.0158902 0.0
0.0285026 -0.0126184 0.0
0.0297912 -0.00917217 0.0
0.0304528 -0.005815 0.0
0.0305653 -0.00273723 0.0
0.0302048 -5.60408e-05 0.0
0.0294444 0.00216285 0.0
0.0283651 0.00385389 0.0
0.0270515 0.00499174 0.0
0.0255786 0.00559228 0.0
0.0239986 0.00571567 0.0
0.0223251 0.00547268 0.0
0.0205158 0.00502658 0.0
0.0184533 0.00459952 0.0
0.0159371 0.00444821 0.0
0.0126844 0.00485356 0.0
0.00837211 0.00603732 0.0
0.00263762 0.0081947 0.0
-0.00458477 0.0110504 0.0
-0.0129302 0.0145785 0.0
-0.0221255 0.0183338 0.0
-0.0320428 0.0222178 0.0
-0.0425437 0.0261115 0.0
-0.0535357 0.0299219 0.0
-0.0649295 0.0336284 0.0
-0.0766292 0.0371787 0.0
-0.0885467 0.0405386 0.0
-0.100592 0.0436791 0.0
-0.112677 0.0465702 0.0
-0.124718 0.0491874 0.0
-0.136638 0.0515111 0.0
-0.148366 0.0535249 0.0
-0.159836 0.0552175 0.0
-0.170992 0.056583 0.0
-0.181785 0.0576204 0.0
-0.192172 0.0583326 0.0
-0.202121 0.058727 0.0
-0.211605 0.0588145 0.0
-0.220604 0.0586094 0.0
-0.229106 0.0581283 0.0
-0.237104 0.0573901 0.0
-0.244597 0.0564147 0.0
-0.251589 0.0552234 0.0
-0.258086 0.0538376 0.0
-0.264101 0.0522787 0.0
-0.269647 0.0505677 0.0
-0.274739 0.0487246 0.0
-0.279395 0.0467684 0.0
-0.283633 0.0447165 0.0
-0.287469 0.0425847 0.0
-0.290922 0.040387 0.0
-0.294009 0.0381359 0.0
-0.296746 0.0358416 0.0
-0.299147 0.0335128 0.0
-0.301226 0.0311563 0.0
-0.302994 0.0287772 0.0
-0.304463 0.0263788 0.0
-0.30564 0.0239632 0.0
-0.306534 0.0215307 0.0
-0.307148 0.0190805 0.0
-0.307488 0.0166103 0.0
-0.307556 0.0141167 0.0
-0.307353 0.0115952 0.0
-0.30688 0.00904016 0.0
-0.306133 0.00644487 0.0
-0.305111 0.00380149 0.0
-0.303809 0.00110103 0.0
-0.302222 -0.00166593 0.0
-0.300349 -0.00450315 0.0
-0.29819 -0.00741262 0.0
-0.295738 -0.0104015 0.0
-0.292985 -0.0134778 0.0
-0.289922 -0.0166492 0.0
-0.286537 -0.019923 0.0
-0.282817 -0.0233056 0.0
-0.278752 -0.0268024 0.0
-0.274326 -0.0304173 0.0
-0.269524 -0.0341527 0.0
-0.264332 -0.0380085 0.0
-0.258734 -0.0419818 0.0
-0.252714 -0.0460665 0.0
-0.246257 -0.050252 0.0
-0.239347 -0.0545232 0.0
-0.23197 -0.0588589 0.0
-0.224113 -0.0632316 0.0
-0.215767 -0.0676063 0.0
-0.206924 -0.0719393 0.0
-0.19758 -0.076178 0.0
-0.187737 -0.080259 0.0
-0.177404 -0.0841076 0.0
-0.166597 -0.087637 0.0
-0.15534 -0.090747 0.0
-0.143668 -0.0933239 0.0
-0.131627 -0.0952408 0.0
-0.119271 -0.0963586 0.0
-0.106669 -0.0965298 0.0
-0.0938975 -0.0956036 0.0
-0.0810487 -0.0934333 0.0
-0.0682261 -0.0898843 0.0
-0.0555492 -0.0848497 0.0
-0.0431535 -0.0782551 0.0
-0.0311485 -0.0700288 0.0
-0.0196873 -0.0603101 0.0
-0.00869323 -0.0487929 0.0
0.00189326 -0.0362515 0.0
0.0115177 -0.022459 0.0
0.0198124 -0.00811582 0.0
0.0265082 0.00653531 0.0
0.0312116 0.019008 0.0
0.034044 0.0290814 0.0
0.0352907 0.036888 0.0
0.0351179 0.0425009 0.0
0.0336629 0.0460106 0.0
0.0310661 0.0475373 0.0
0.0274887 0.0472464 0.0
0.0231162 0.0453496 0.0
0.0181616 0.0420658 0.0
0.0128865 0.0374906 0.0
0.00767431 0.031264 0.0
0.00319024 0.0219461 0.0
0.000618856 0.006404 0.0
0.000237088 -0.00117988 0.0
0.0016769 -0.00805107 0.0
0.00481969 -0.0152619 0.0
0.00906269 -0.0209796 0.0
0.0136969 -0.0243193 0.0
0.0181593 -0.0252463 0.0
0.0220892 -0.0241559 0.0
0.0252937 -0.0215826 0.0
0.027699 -0.0180563 0.0
0.029311 -0.0140409 0.0
0.0301854 -0.00991271 0.0
0.030406 -0.00595671 0.0
0.0300654 -0.0023674 0.0
0.0292391 0.000760895 0.0
0.0280059 0.00333953 0.0
0.0264622 0.00530023 0.0
0.0246931 0.00662809 0.0
0.0227575 0.00736439 0.0
0.0206709 0.00761017 0.0
0.0183809 0.00754161 0.0
0.0157498 0.00739806 0.0
0.0125299 0.00751045 0.0
0.00838566 0.00819776 0.0
0.00287318 0.0098692 0.0
-0.00422483 0.0124319 0.0
-0.0126302 0.01594 0.0
-0.0220339 0.0199313 0.0
-0.0322357 0.0242448 0.0
-0.0430419 0.0286689 0.0
-0.0543213 0.0330794 0.0
-0.0659647 0.0373942 0.0
-0.0778796 0.0415461 0.0
-0.089978 0.0454963 0.0
-0.102171 0.0492038 0.0
-0.114375 0.0526346 0.0
-0.126507 0.0557608 0.0
-0.138492 0.058558 0.0
-0.150258 0.0610073 0.0
-0.161742 0.0630952 0.0
-0.172887 0.0648129 0.0
-0.183644 0.0661572 0.0
-0.193975 0.0671298 0.0
-0.203846 0.0677373 0.0
-0.213233 0.0679908 0.0
-0.22212 0.0679049 0.0
-0.230497 0.0674976 0.0
-0.238361 0.0667895 0.0
-0.245714 0.0658032 0.0
-0.252563 0.0645626 0.0
-0.258921 0.0630925 0.0
-0.264801 0.0614174 0.0
-0.270222 0.059562 0.0
-0.275203 0.0575498 0.0
-0.279764 0.0554032 0.0
-0.283925 0.0531432 0.0
-0.287708 0.0507889 0.0
-0.291132 0.0483576 0.0
-0.294217 0.0458644 0.0
-0.296978 0.0433224 0.0
-0.299434 0.0407428 0.0
-0.301597 0.0381345 0.0
-0.30348 0.0355046 0.0
-0.305095 0.0328583 0.0
-0.306451 0.0301991 0.0
-0.307554 0.0275288 0.0
-0.308411 0.0248478 0.0
-0.309027 0.0221551 0.0
-0.309404 0.0194483 0.0
-0.309546 0.0167239 0.0
-0.309452 0.0139773 0.0
-0.309123 0.0112027 0.0
-0.308557 0.00839335 0.0
-0.307753 0.00554148 0.0
-0.306709 0.0026381 0.0
-0.305419 -0.000327191 0.0
-0.303884 -0.00335987 0.0
-0.302104 -0.0064619 0.0
-0.300076 -0.00964159 0.0
-0.297792 -0.0129082 0.0
-0.295245 -0.0162709 0.0
-0.292426 -0.0197386 0.0
-0.289325 -0.0233196 0.0
-0.285932 -0.0270215 0.0
-0.282233 -0.0308505 0.0
-0.278217 -0.0348116 0.0
-0.273869 -0.0389079 0.0
-0.269174 -0.0431399 0.0
-0.264118 -0.0475054 0.0
-0.258682 -0.0519982 0.0
-0.252852 -0.0566078 0.0
-0.246611 -0.0613187 0.0
-0.239943 -0.0661088 0.0
-0.232832 -0.0709491 0.0
-0.225264 -0.0758025 0.0
-0.217229 -0.0806224 0.0
-0.208716 -0.085352 0.0
-0.19972 -0.0899231 0.0
-0.190242 -0.0942548 0.0
-0.180286 -0.0982527 0.0
-0.169866 -0.101808 0.0
-0.159001 -0.104798 0.0
-0.147723 -0.107086 0.0
-0.13607 -0.108522 0.0
-0.124093 -0.108946 0.0
-0.111856 -0.108196 0.0
-0.0994347 -0.10611 0.0
-0.0869252 -0.102539 0.0
-0.0744409 -0.0973559 0.0
-0.0621165 -0.090469 0.0
-0.0501003 -0.0818359 0.0
-0.0385601 -0.0715045 0.0
-0.0276208 -0.0595319 0.0
-0.0174443 -0.0462754 0.0
-0.00794063 -0.0315632 0.0
0.0010238 -0.0162708 0.0
0.00907776 -5.9404e-05 0.0
0.0152268 0.0147502 0.0
0.0192996 0.0264339 0.0
0.0219024 0.035686 0.0
0.0231787 0.0425995 0.0
0.0232431 0.0473025 0.0
0.0221862 0.0498991 0.0
0.0201221 0.0505262 0.0
0.0171973 0.049367 0.0
0.0135991 0.0466013 0.0
0.00958661 0.0422427 0.0
0.00556454 0.0357463 0.0
0.00218823 0.0253242 0.0
0.000381304 0.00740416 0.0
0.000295872 -0.00171284 0.0
0.00200181 -0.0106639 0.0
0.00557622 -0.0193663 0.0
0.0101955 -0.0257374 0.0
0.0150338 -0.0290341 0.0
0.0195061 -0.0294662 0.0
0.0232748 -0.0276346 0.0
0.0261845 -0.024218 0.0
0.0281991 -0.0198409 0.0
0.0293575 -0.0150267 0.0
0.0297415 -0.0101854 0.0
0.0294516 -0.00561468 0.0
0.0285824 -0.00149961 0.0
0.0272106 0.00209114 0.0
0.0254284 0.00502469 0.0
0.0233409 0.00724629 0.0
0.0210226 0.00876945 0.0
0.0184942 0.00968701 0.0
0.0157024 0.010166 0.0
0.012481 0.0104972 0.0
0.00855125 0.0110033 0.0
0.00347373 0.0122026 0.0
-0.00312667 0.0142502 0.0
-0.0111739 0.0173765 0.0
-0.0204122 0.021261 0.0
-0.0306093 0.0257134 0.0
-0.0415136 0.0304659 0.0
-0.0529361 0.0353345 0.0
-0.0647295 0.0401787 0.0
-0.0767806 0.0449 0.0
-0.0889932 0.0494296 0.0
-0.10128 0.0537123 0.0
-0.113558 0.0577065 0.0
-0.125747 0.0613761 0.0
-0.137772 0.0646914 0.0
-0.149564 0.0676286 0.0
-0.16106 0.0701701 0.0
-0.172202 0.0723038 0.0
-0.182943 0.0740238 0.0
-0.193244 0.0753296 0.0
-0.203072 0.076226 0.0
-0.212404 0.0767231 0.0
-0.221224 0.0768352 0.0
-0.229524 0.0765807 0.0
-0.237303 0.0759812 0.0
-0.244566 0.0750608 0.0
-0.251321 0.0738456 0.0
-0.257584 0.0723628 0.0
-0.263372 0.0706401 0.0
-0.268705 0.0687052 0.0
-0.273605 0.0665849 0.0
-0.278094 0.064305 0.0
-0.282196 0.0618898 0.0
-0.285934 0.0593617 0.0
-0.289329 0.0567411 0.0
-0.292401 0.0540463 0.0
-0.29517 0.0512931 0.0
-0.297652 0.0484954 0.0
-0.299863 0.0456644 0.0
-0.301817 0.0428096 0.0
-0.303524 0.0399383 0.0
-0.304996 0.0370557 0.0
-0.306239 0.0341655 0.0
-0.307261 0.0312695 0.0
-0.308068 0.0283683 0.0
-0.308664 0.0254609 0.0
-0.309051 0.022545 0.0
-0.309232 0.0196173 0.0
-0.309209 0.0166732 0.0
-0.308982 0.0137071 0.0
-0.308551 0.0107126 0.0
-0.307915 0.00768223 0.0
-0.307074 0.00460742 0.0
-0.306025 0.00147867 0.0
-0.304768 -0.00171496 0.0
-0.303302 -0.00497209 0.0
-0.30163 -0.00830192 0.0
-0.299745 -0.0117148 0.0
-0.297643 -0.0152213 0.0
-0.295316 -0.0188316 0.0
-0.292758 -0.0225556 0.0
-0.289958 -0.0264029 0.0
-0.286908 -0.0303819 0.0
-0.283596 -0.0345002 0.0
-0.28001 -0.0387636 0.0
-0.276138 -0.0431763 0.0
-0.271964 -0.0477397 0.0
-0.267475 -0.0524523 0.0
-0.262653 -0.0573086 0.0
-0.257481 -0.0622988 0.0
-0.251943 -0.0674071 0.0
-0.24602 -0.0726115 0.0
-0.239695 -0.0778825 0.0
-0.23295 -0.0831815 0.0
-0.225769 -0.0884603 0.0
-0.218137 -0.0936594 0.0
-0.210041 -0.0987069 0.0
-0.201473 -0.103517 0.0
-0.192428 -0.107991 0.0
-0.182906 -0.112012 0.0
-0.172915 -0.115451 0.0
-0.162467 -0.11816 0.0
-0.151586 -0.119981 0.0
-0.140305 -0.120744 0.0
-0.12867 -0.120271 0.0
-0.11674 -0.118386 0.0
-0.104594 -0.11492 0.0
-0.0923305 -0.109723 0.0
-0.0800744 -0.102682 0.0
-0.0679757 -0.0937372 0.0
-0.0562116 -0.0829075 0.0
-0.0449726 -0.0703071 0.0
-0.0344557 -0.0561936 0.0
-0.0247691 -0.0408352 0.0
-0.0159724 -0.0247599 0.0
-0.00778583 -0.00781076 0.0
-0.00034393 0.0089106 0.0
0.00542341 0.0224334 0.0
0.00932665 0.0331805 0.0
0.0118413 0.0413142 0.0
0.0131955 0.0471693 0.0
0.0134569 0.0508279 0.0
0.012722 0.0523965 0.0
0.011117 0.0520266 0.0
0.00881452 0.0498424 0.0
0.00607775 0.0457508 0.0
0.00332364 0.0390143 0.0
0.00115299 0.0276032 0.0
0.00014984 0.00793531 0.0
0.000361491 -0.0023702 0.0
0.00233405 -0.013685 0.0
0.0062921 -0.0238777 0.0
0.0111799 -0.0307331 0.0
0.0160816 -0.0337784 0.0
0.0204161 -0.0335288 0.0
0.0238853 -0.0308099 0.0
0.0263791 -0.0264461 0.0
0.0279024 -0.0211507 0.0
0.0285256 -0.0154985 0.0
0.028353 -0.00992494 0.0
0.0274952 -0.0047274 0.0
0.0260238 -4.62638e-05 0.0
0.0240256 0.00400773 0.0
0.0216253 0.00729062 0.0
0.0189146 0.00977856 0.0
0.0159319 0.0115382 0.0
0.0126169 0.0127617 0.0
0.00880022 0.0136997 0.0
0.00413359 0.0148515 0.0
-0.00181316 0.0165255 0.0
-0.00917294 0.0191178 0.0
-0.0178526 0.0226151 0.0
-0.0276838 0.0268901 0.0
-0.0384044 0.0317063 0.0
-0.0497684 0.0368291 0.0
-0.0615758 0.0420618 0.0
-0.0736743 0.0472597 0.0
-0.0859445 0.0523171 0.0
-0.0982872 0.0571554 0.0
-0.110615 0.0617147 0.0
-0.122848 0.0659467 0.0
-0.134911 0.069813 0.0
-0.146735 0.0732826 0.0
-0.158256 0.0763316 0.0
-0.169419 0.078943 0.0
-0.180174 0.0811062 0.0
-0.190482 0.0828175 0.0
-0.200309 0.0840789 0.0
-0.209632 0.0848982 0.0
-0.218435 0.0852886 0.0
-0.226711 0.0852676 0.0
-0.234457 0.0848569 0.0
-0.241679 0.0840815 0.0
-0.248388 0.0829686 0.0
-0.254599 0.0815473 0.0
-0.260332 0.0798478 0.0
-0.265609 0.0779002 0.0
-0.270453 0.0757344 0.0
-0.274889 0.0733795 0.0
-0.278941 0.0708628 0.0
-0.282634 0.06821 0.0
-0.285992 0.0654449 0.0
-0.289037 0.0625886 0.0
-0.291788 0.0596601 0.0
-0.294264 0.056676 0.0
-0.296482 0.0536504 0.0
-0.298457 0.0505951 0.0
-0.300201 0.0475197 0.0
-0.301724 0.0444318 0.0
-0.303038 0.0413371 0.0
-0.304149 0.0382393 0.0
-0.305065 0.0351407 0.0
-0.30579 0.0320419 0.0
-0.306329 0.0289423 0.0
-0.306687 0.02584 0.0
-0.306865 0.0227318 0.0
-0.306867 0.0196135 0.0
-0.306693 0.01648 0.0
-0.306345 0.0133251 0.0
-0.305823 0.0101417 0.0
-0.305127 0.00692198 0.0
-0.304258 0.00365702 0.0
-0.303215 0.00033725 0.0
-0.302001 -0.00304571 0.0
-0.300616 -0.00649117 0.0
-0.299058 -0.0100127 0.0
-0.297325 -0.0136218 0.0
-0.295412 -0.0173301 0.0
-0.293313 -0.0211487 0.0
-0.291021 -0.0250887 0.0
-0.28853 -0.0291606 0.0
-0.28583 -0.033374 0.0
-0.282913 -0.0377374 0.0
-0.279767 -0.0422581 0.0
-0.27638 -0.0469412 0.0
-0.272739 -0.0517894 0.0
-0.268829 -0.0568022 0.0
-0.264634 -0.0619753 0.0
-0.260138 -0.0672996 0.0
-0.255322 -0.0727604 0.0
-0.250167 -0.0783361 0.0
-0.244653 -0.0839974 0.0
-0.238759 -0.0897057 0.0
-0.232464 -0.0954119 0.0
-0.225749 -0.101055 0.0
-0.218593 -0.106562 0.0
-0.21098 -0.111843 0.0
-0.202895 -0.116796 0.0
-0.194325 -0.121299 0.0
-0.185264 -0.125217 0.0
-0.175709 -0.128396 0.0
-0.165668 -0.130668 0.0
-0.155155 -0.131852 0.0
-0.144194 -0.131759 0.0
-0.132827 -0.130196 0.0
-0.121109 -0.126974 0.0
-0.10912 -0.121921 0.0
-0.0969639 -0.114896 0.0
-0.084778 -0.105808 0.0
-0.0727345 -0.0946443 0.0
-0.0610422 -0.0815016 0.0
-0.0499383 -0.06662 0.0
-0.0396512 -0.0503824 0.0
-0.0303499 -0.0333107 0.0
-0.0219856 -0.0158108 0.0
-0.0142042 0.00168738 0.0
-0.00743449 0.0171197 0.0
-0.00221929 0.0293758 0.0
0.00159204 0.0387929 0.0
0.00409511 0.0458333 0.0
0.00545998 0.0505376 0.0
0.0058498 0.0530318 0.0
0.00539606 0.0534501 0.0
0.00427043 0.051847 0.0
0.00274578 0.0480077 0.0
0.00123473 0.0410226 0.0
0.000235651 0.0287646 0.0
-3.6236e-05 0.00804893 0.0
0.000431877 -0.00316357 0.0
0.00265453 -0.0170868 0.0
0.00691579 -0.0286951 0.0
0.0119341 -0.0358219 0.0
0.0167375 -0.0383948 0.0
0.0207746 -0.037284 0.0
0.0238012 -0.0335504 0.0
0.0257596 -0.0281579 0.0
0.0266959 -0.0218984 0.0
0.0267089 -0.015387 0.0
0.025916 -0.00907101 0.0
0.0244227 -0.00323015 0.0
0.0222801 0.00207046 0.0
0.0195883 0.00658099 0.0
0.0164931 0.0102128 0.0
0.0130498 0.0130104 0.0
0.00921764 0.0151212 0.0
0.00478992 0.0169215 0.0
-0.000596925 0.0187434 0.0
-0.0071699 0.0210474 0.0
-0.0150086 0.024115 0.0
-0.0241136 0.0279929 0.0
-0.0343065 0.0326124 0.0
-0.0453324 0.0377499 0.0
-0.0569489 0.0431836 0.0
-0.0689541 0.048721 0.0
-0.08119 0.0542133 0.0
-0.0935324 0.0595491 0.0
-0.105879 0.0646444 0.0
-0.118141 0.0694334 0.0
-0.130241 0.0738643 0.0
-0.142106 0.0778952 0.0
-0.153672 0.0814937 0.0
-0.164882 0.0846352 0.0
-0.175685 0.0873031 0.0
-0.186039 0.089488 0.0
-0.19591 0.0911876 0.0
-0.205272 0.0924063 0.0
-0.214109 0.0931543 0.0
-0.222411 0.0934477 0.0
-0.230175 0.0933068 0.0
-0.237407 0.0927564 0.0
-0.244117 0.0918241 0.0
-0.250321 0.0905401 0.0
-0.256038 0.0889361 0.0
-0.261291 0.0870445 0.0
-0.266105 0.0848978 0.0
-0.270506 0.0825276 0.0
-0.274519 0.0799646 0.0
-0.278172 0.0772376 0.0
-0.281488 0.0743734 0.0
-0.284492 0.0713966 0.0
-0.287205 0.0683293 0.0
-0.289648 0.065191 0.0
-0.291838 0.0619987 0.0
-0.293791 0.0587671 0.0
-0.295522 0.0555085 0.0
-0.297043 0.0522328 0.0
-0.298366 0.0489481 0.0
-0.299499 0.0456604 0.0
-0.30045 0.0423739 0.0
-0.301228 0.0390912 0.0
-0.301837 0.0358136 0.0
-0.302283 0.0325407 0.0
-0.302571 0.029271 0.0
-0.302704 0.026002 0.0
-0.302686 0.0227297 0.0
-0.302518 0.0194495 0.0
-0.302204 0.0161557 0.0
-0.301744 0.0128416 0.0
-0.301141 0.00949992 0.0
-0.300395 0.00612229 0.0
-0.299507 0.00269958 0.0
-0.298477 -0.000778313 0.0
-0.297309 -0.00431219 0.0
-0.296007 -0.00791142 0.0
-0.294568 -0.0115893 0.0
-0.292988 -0.0153583 0.0
-0.291264 -0.0192309 0.0
-0.289392 -0.0232192 0.0
-0.287367 -0.0273351 0.0
-0.285182 -0.0315901 0.0
-0.282831 -0.0359951 0.0
-0.280305 -0.0405596 0.0
-0.277595 -0.045292 0.0
-0.274691 -0.0501989 0.0
-0.271579 -0.0552842 0.0
-0.268248 -0.0605489 0.0
-0.264681 -0.0659901 0.0
-0.260861 -0.0716003 0.0
-0.256771 -0.0773661 0.0
-0.252389 -0.0832672 0.0
-0.247695 -0.0892753 0.0
-0.242664 -0.0953528 0.0
-0.237272 -0.101451 0.0
-0.231494 -0.107509 0.0
-0.225305 -0.113453 0.0
-0.218677 -0.119192 0.0
-0.211588 -0.124622 0.0
-0.204012 -0.129618 0.0
-0.195931 -0.134041 0.0
-0.187326 -0.13773 0.0
-0.178188 -0.140513 0.0
-0.16851 -0.142198 0.0
-0.1583 -0.142584 0.0
-0.147573 -0.141465 0.0
-0.136363 -0.138633 0.0
-0.124723 -0.133892 0.0
-0.112733 -0.127072 0.0
-0.100503 -0.118048 0.0
-0.0881869 -0.106764 0.0
-0.075985 -0.0932757 0.0
-0.0641492 -0.0777856 0.0
-0.0529679 -0.0606852 0.0
-0.0427141 -0.0425628 0.0
-0.033524 -0.0241131 0.0
-0.0252866 -0.00602904 0.0
-0.0180683 0.0108481 0.0
-0.0120918 0.0244558 0.0
-0.00739126 0.0352012 0.0
-0.00390693 0.0434376 0.0
-0.00153269 0.0491942 0.0
-0.00015554 0.0526083 0.0
0.000380485 0.0537914 0.0
0.000287147 0.0527247 0.0
-0.000136 0.0490778 0.0
-0.000502211 0.0418298 0.0
-0.000489514 0.0289438 0.0
-0.000180299 0.0078324 0.0
0.000503824 -0.00409927 0.0
0.00294023 -0.0208102 0.0
0.00739179 -0.0336846 0.0
0.0123764 -0.0408353 0.0
0.0169039 -0.0427122 0.0
0.0204763 -0.0405761 0.0
0.0229157 -0.0357242 0.0
0.0242216 -0.0292484 0.0
0.0244803 -0.0220029 0.0
0.023813 -0.0146281 0.0
0.0223351 -0.00755924 0.0
0.0200956 -0.00100911 0.0
0.017179 0.00490858 0.0
0.0137392 0.00987457 0.0
0.00986363 0.01389 0.0
0.00551315 0.0171271 0.0
0.000474332 0.0198754 0.0
-0.00544438 0.0225136 0.0
-0.0123944 0.0254882 0.0
-0.0205448 0.0290259 0.0
-0.0298849 0.0333153 0.0
-0.0402447 0.0382575 0.0
-0.0513929 0.043689 0.0
-0.0630922 0.0493985 0.0
-0.0751416 0.055201 0.0
-0.0873798 0.060947 0.0
-0.0996782 0.0665215 0.0
-0.111931 0.0718362 0.0
-0.124049 0.0768218 0.0
-0.135953 0.0814229 0.0
-0.147575 0.0855957 0.0
-0.158852 0.0893058 0.0
-0.16973 0.0925282 0.0
-0.180166 0.0952461 0.0
-0.190122 0.0974509 0.0
-0.19957 0.0991416 0.0
-0.208489 0.100324 0.0
-0.216868 0.101011 0.0
-0.224702 0.10122 0.0
-0.231994 0.100975 0.0
-0.238753 0.100303 0.0
-0.244995 0.0992336 0.0
-0.250737 0.0977995 0.0
-0.256004 0.0960347 0.0
-0.260819 0.0939737 0.0
-0.265209 0.0916506 0.0
-0.269202 0.0890987 0.0
-0.272825 0.0863501 0.0
-0.276104 0.0834347 0.0
-0.279064 0.0803802 0.0
-0.281729 0.0772121 0.0
-0.28412 0.0739532 0.0
-0.286258 0.0706236 0.0
-0.288159 0.067241 0.0
-0.289841 0.0638205 0.0
-0.291318 0.060375 0.0
-0.292601 0.0569151 0.0
-0.293703 0.0534492 0.0
-0.294633 0.0499839 0.0
-0.295399 0.0465241 0.0
-0.29601 0.0430729 0.0
-0.296473 0.0396321 0.0
-0.296793 0.0362019 0.0
-0.296975 0.0327813 0.0
-0.297025 0.0293682 0.0
-0.296946 0.0259592 0.0
-0.296743 0.0225502 0.0
-0.296417 0.0191358 0.0
-0.295972 0.0157101 0.0
-0.295411 0.012266 0.0
-0.294734 0.00879588 0.0
-0.293945 0.00529125 0.0
-0.293045 0.00174285 0.0
-0.292037 -0.00185984 0.0
-0.290923 -0.00551171 0.0
-0.289706 -0.00923137 0.0
-0.288383 -0.0130318 0.0
-0.286953 -0.016926 0.0
-0.285413 -0.0209269 0.0
-0.28376 -0.0250476 0.0
-0.281992 -0.0293008 0.0
-0.280102 -0.0336987 0.0
-0.278087 -0.0382533 0.0
-0.275938 -0.0429754 0.0
-0.27365 -0.0478745 0.0
-0.271212 -0.0529585 0.0
-0.268615 -0.0582331 0.0
-0.265845 -0.0637008 0.0
-0.26289 -0.0693606 0.0
-0.259733 -0.0752068 0.0
-0.256355 -0.0812279 0.0
-0.252736 -0.0874058 0.0
-0.248853 -0.0937142 0.0
-0.244681 -0.100117 0.0
-0.240191 -0.106568 0.0
-0.235355 -0.113007 0.0
-0.23014 -0.11936 0.0
-0.224514 -0.125539 0.0
-0.218442 -0.131437 0.0
-0.211891 -0.13693 0.0
-0.204827 -0.141874 0.0
-0.197219 -0.146109 0.0
-0.189039 -0.149453 0.0
-0.180263 -0.15171 0.0
-0.170876 -0.152669 0.0
-0.160872 -0.15211 0.0
-0.15026 -0.14981 0.0
-0.139064 -0.14555 0.0
-0.127334 -0.139134 0.0
-0.115151 -0.130399 0.0
-0.102635 -0.119245 0.0
-0.08996 -0.105672 0.0
-0.0773643 -0.089821 0.0
-0.0651591 -0.0720363 0.0
-0.0537117 -0.0529129 0.0
-0.0433743 -0.0332905 0.0
-0.0343434 -0.0141199 0.0
-0.0264755 0.00385278 0.0
-0.0198518 0.0188509 0.0
-0.0145737 0.0308273 0.0
-0.0104215 0.040175 0.0
-0.0073049 0.0469661 0.0
-0.00513388 0.0512883 0.0
-0.00375686 0.0531984 0.0
-0.00295156 0.0526058 0.0
-0.00241998 0.0490883 0.0
-0.00183316 0.0415987 0.0
-0.00101465 0.0283438 0.0
-0.000271758 0.00738035 0.0
0.000572834 -0.00517593 0.0
0.00316554 -0.0247626 0.0
0.00766483 -0.038683 0.0
0.0124309 -0.0455876 0.0
0.0164941 -0.0465508 0.0
0.0194304 -0.0432462 0.0
0.0211379 -0.037201 0.0
0.0216761 -0.0296157 0.0
0.0211671 -0.0213854 0.0
0.0197449 -0.0131561 0.0
0.0175105 -0.00531885 0.0
0.0144451 0.00205531 0.0
0.0106499 0.00855598 0.0
0.00633568 0.0139812 0.0
0.00146696 0.0185277 0.0
-0.00403431 0.0223412 0.0
-0.0102581 0.025924 0.0
-0.0174428 0.0295686 0.0
-0.0257448 0.0336853 0.0
-0.0351498 0.0383842 0.0
-0.0455195 0.0436667 0.0
-0.0566368 0.0493832 0.0
-0.0682789 0.0553537 0.0
-0.0802471 0.0614012 0.0
-0.0923778 0.0673785 0.0
-0.104539 0.0731688 0.0
-0.116622 0.0786809 0.0
-0.128535 0.0838429 0.0
-0.140199 0.0885972 0.0
-0.151545 0.0928985 0.0
-0.162515 0.0967112 0.0
-0.173058 0.10001 0.0
-0.183131 0.102777 0.0
-0.192702 0.105005 0.0
-0.201747 0.106693 0.0
-0.210249 0.107849 0.0
-0.218202 0.108488 0.0
-0.225604 0.108628 0.0
-0.232462 0.108296 0.0
-0.238789 0.107519 0.0
-0.244603 0.106332 0.0
-0.249924 0.104767 0.0
-0.254777 0.102862 0.0
-0.25919 0.100651 0.0
-0.263189 0.0981714 0.0
-0.266803 0.0954571 0.0
-0.270059 0.0925414 0.0
-0.272984 0.0894552 0.0
-0.275603 0.0862274 0.0
-0.27794 0.0828841 0.0
-0.280015 0.0794489 0.0
-0.28185 0.0759426 0.0
-0.283462 0.0723836 0.0
-0.284867 0.0687877 0.0
-0.28608 0.0651685 0.0
-0.287113 0.0615371 0.0
-0.287979 0.0579027 0.0
-0.288689 0.0542726 0.0
-0.289251 0.0506523 0.0
-0.289674 0.0470456 0.0
-0.289967 0.0434548 0.0
-0.290135 0.0398808 0.0
-0.290185 0.0363231 0.0
-0.290122 0.0327802 0.0
-0.289952 0.0292492 0.0
-0.289679 0.0257263 0.0
-0.289307 0.0222069 0.0
-0.288838 0.0186852 0.0
-0.288277 0.0151549 0.0
-0.287626 0.0116086 0.0
-0.286888 0.00803849 0.0
-0.286064 0.00443617 0.0
-0.285159 0.000792766 0.0
-0.284176 -0.00290064 0.0
-0.283118 -0.00664277 0.0
-0.281983 -0.010453 0.0
-0.280771 -0.014345 0.0
-0.279482 -0.0183322 0.0
-0.278114 -0.0224281 0.0
-0.276667 -0.0266464 0.0
-0.275137 -0.0310003 0.0
-0.273523 -0.0355031 0.0
-0.27182 -0.0401675 0.0
-0.270024 -0.0450053 0.0
-0.26813 -0.0500274 0.0
-0.26613 -0.0552431 0.0
-0.264017 -0.0606596 0.0
-0.261779 -0.0662815 0.0
-0.259404 -0.0721098 0.0
-0.256878 -0.0781411 0.0
-0.254183 -0.0843665 0.0
-0.251299 -0.0907705 0.0
-0.248202 -0.0973295 0.0
-0.244865 -0.104011 0.0
-0.241259 -0.110769 0.0
-0.237351 -0.117549 0.0
-0.233104 -0.124279 0.0
-0.228477 -0.130872 0.0
-0.22343 -0.137223 0.0
-0.217918 -0.143207 0.0
-0.211896 -0.148683 0.0
-0.205319 -0.153486 0.0
-0.198142 -0.157433 0.0
-0.190325 -0.160323 0.0
-0.181831 -0.161937 0.0
-0.172633 -0.162045 0.0
-0.162712 -0.160408 0.0
-0.152068 -0.156792 0.0
-0.140718 -0.150972 0.0
-0.128709 -0.142753 0.0
-0.116124 -0.131991 0.0
-0.103098 -0.118627 0.0
-0.0898343 -0.102726 0.0
-0.0766249 -0.084546 0.0
-0.063866 -0.0646095 0.0
-0.0520356 -0.0437617 0.0
-0.0415815 -0.0231339 0.0
-0.0326899 -0.00389268 0.0
-0.0254871 0.01277 0.0
-0.0198071 0.0259501 0.0
-0.015242 0.0363349 0.0
-0.0116397 0.0440874 0.0
-0.00890016 0.0492564 0.0
-0.00687785 0.051831 0.0
-0.00535764 0.0516477 0.0
-0.00406581 0.048223 0.0
-0.00274354 0.0405549 0.0
-0.001339 0.0271645 0.0
-0.000315416 0.00679318 0.0
0.000633085 -0.00638185 0.0
0.00330398 -0.0288203 0.0
0.00768418 -0.0435048 0.0
0.0120333 -0.0498809 0.0
0.0154384 -0.0497258 0.0
0.0175657 -0.0451347 0.0
0.0183966 -0.0378509 0.0
0.0180498 -0.0291572 0.0
0.0166718 -0.019957 0.0
0.0143831 -0.0108736 0.0
0.0111629 -0.00214668 0.0
0.00711345 0.00599791 0.0
0.00239255 0.0131295 0.0
-0.00288574 0.0190001 0.0
-0.00861889 0.0241106 0.0
-0.0150031 0.0286437 0.0
-0.0222868 0.0331289 0.0
-0.0305942 0.0378558 0.0
-0.039931 0.0430368 0.0
-0.0501753 0.048682 0.0
-0.0611375 0.0547008 0.0
-0.0726072 0.0609361 0.0
-0.084391 0.0672268 0.0
-0.0963248 0.0734299 0.0
-0.108273 0.079429 0.0
-0.120125 0.085131 0.0
-0.131786 0.0904625 0.0
-0.143176 0.0953646 0.0
-0.154227 0.0997907 0.0
-0.164881 0.103705 0.0
-0.175087 0.107081 0.0
-0.184808 0.109902 0.0
-0.194011 0.112161 0.0
-0.202677 0.113857 0.0
-0.210792 0.115 0.0
-0.218351 0.115604 0.0
-0.225356 0.115691 0.0
-0.231818 0.115288 0.0
-0.23775 0.114426 0.0
-0.243172 0.113138 0.0
-0.248108 0.111462 0.0
-0.252582 0.109433 0.0
-0.256624 0.107091 0.0
-0.26026 0.104471 0.0
-0.263519 0.10161 0.0
-0.26643 0.0985428 0.0
-0.269019 0.0953005 0.0
-0.271311 0.0919129 0.0
-0.273329 0.0884073 0.0
-0.275096 0.0848079 0.0
-0.276632 0.0811366 0.0
-0.277955 0.0774124 0.0
-0.279081 0.073652 0.0
-0.280027 0.0698696 0.0
-0.280805 0.0660773 0.0
-0.281428 0.062285 0.0
-0.281908 0.0585008 0.0
-0.282254 0.0547308 0.0
-0.282478 0.0509796 0.0
-0.282586 0.04725 0.0
-0.282587 0.0435437 0.0
-0.282488 0.0398607 0.0
-0.282294 0.0361999 0.0
-0.282012 0.0325591 0.0
-0.281647 0.028935 0.0
-0.281203 0.0253232 0.0
-0.280684 0.0217184 0.0
-0.280093 0.0181147 0.0
-0.279434 0.0145053 0.0
-0.278709 0.0108826 0.0
-0.277922 0.00723867 0.0
-0.277074 0.00356502 0.0
-0.276169 -0.000146721 0.0
-0.275211 -0.00390175 0.0
-0.274203 -0.00770817 0.0
-0.273143 -0.0115823 0.0
-0.272033 -0.0155381 0.0
-0.270871 -0.0195896 0.0
-0.269659 -0.0237506 0.0
-0.268395 -0.028035 0.0
-0.26708 -0.0324566 0.0
-0.265712 -0.0370292 0.0
-0.26429 -0.0417663 0.0
-0.262811 -0.0466807 0.0
-0.261273 -0.0517844 0.0
-0.25967 -0.0570882 0.0
-0.257997 -0.062601 0.0
-0.256246 -0.0683293 0.0
-0.254406 -0.0742765 0.0
-0.252465 -0.0804419 0.0
-0.250406 -0.0868194 0.0
-0.248211 -0.093397 0.0
-0.245857 -0.100155 0.0
-0.243316 -0.107063 0.0
-0.240557 -0.114082 0.0
-0.237544 -0.121158 0.0
-0.234238 -0.128225 0.0
-0.230592 -0.135198 0.0
-0.226559 -0.141977 0.0
-0.222085 -0.148439 0.0
-0.217114 -0.154444 0.0
-0.211588 -0.159828 0.0
-0.205448 -0.164408 0.0
-0.198636 -0.167978 0.0
-0.191097 -0.170315 0.0
-0.18278 -0.171181 0.0
-0.173645 -0.170327 0.0
-0.163663 -0.1675 0.0
-0.152823 -0.162454 0.0
-0.141137 -0.154965 0.0
-0.128652 -0.144848 0.0
-0.115461 -0.131987 0.0
-0.101719 -0.116371 0.0
-0.0876741 -0.0981554 0.0
-0.0736949 -0.0777383 0.0
-0.0603 -0.0558581 0.0
-0.0481303 -0.0336613 0.0
-0.0377857 -0.0126014 0.0
-0.0295306 0.00602076 0.0
-0.0232108 0.0206995 0.0
-0.0183346 0.0321442 0.0
-0.01445 0.0407913 0.0
-0.0113626 0.0467255 0.0
-0.00891003 0.049887 0.0
-0.00688864 0.0500501 0.0
-0.00506113 0.0467013 0.0
-0.00324095 0.0389342 0.0
-0.00147793 0.0256177 0.0
-0.000319629 0.00615814 0.0
0.000677698 -0.00769264 0.0
0.0033303 -0.032833 0.0
0.0074079 -0.0479499 0.0
0.0111354 -0.0535124 0.0
0.0136886 -0.0520526 0.0
0.0148359 -0.0460826 0.0
0.0146443 -0.0375422 0.0
0.0132864 -0.0277611 0.0
0.0109153 -0.0176042 0.0
0.00764425 -0.00766655 0.0
0.00329805 0.00221275 0.0
-0.00189802 0.010884 0.0
-0.00736964 0.018436 0.0
-0.0131881 0.0247904 0.0
-0.0196333 0.0304986 0.0
-0.0268921 0.0358986 0.0
-0.0350947 0.0413603 0.0
-0.0442502 0.0470874 0.0
-0.0542645 0.0531563 0.0
-0.0649701 0.0595125 0.0
-0.0761742 0.0660366 0.0
-0.08769 0.0725857 0.0
-0.0993542 0.0790252 0.0
-0.111029 0.0852405 0.0
-0.122601 0.0911387 0.0
-0.133974 0.0966452 0.0
-0.145065 0.101701 0.0
-0.155806 0.106258 0.0
-0.166138 0.110281 0.0
-0.176013 0.113743 0.0
-0.185393 0.116629 0.0
-0.194248 0.11893 0.0
-0.202558 0.120648 0.0
-0.210314 0.121792 0.0
-0.217511 0.122377 0.0
-0.224153 0.122428 0.0
-0.230253 0.121972 0.0
-0.235824 0.121041 0.0
-0.24089 0.119671 0.0
-0.245472 0.117899 0.0
-0.249599 0.115764 0.0
-0.253298 0.113305 0.0
-0.256597 0.11056 0.0
-0.259526 0.107567 0.0
-0.262112 0.10436 0.0
-0.264382 0.100974 0.0
-0.266361 0.0974378 0.0
-0.268074 0.0937804 0.0
-0.269543 0.090027 0.0
-0.270788 0.0862002 0.0
-0.271827 0.08232 0.0
-0.27268 0.0784041 0.0
-0.27336 0.0744675 0.0
-0.273884 0.0705233 0.0
-0.274265 0.0665821 0.0
-0.274514 0.0626529 0.0
-0.274644 0.0587425 0.0
-0.274664 0.0548562 0.0
-0.274584 0.0509976 0.0
-0.274413 0.0471688 0.0
-0.274157 0.0433704 0.0
-0.273824 0.0396019 0.0
-0.27342 0.0358615 0.0
-0.272951 0.0321462 0.0
-0.27242 0.0284521 0.0
-0.271833 0.0247745 0.0
-0.271192 0.0211075 0.0
-0.270502 0.0174448 0.0
-0.269765 0.0137793 0.0
-0.268984 0.0101032 0.0
-0.268162 0.0064084 0.0
-0.2673 0.00268605 0.0
-0.2664 -0.00107311 0.0
-0.265467 -0.00486646 0.0
-0.264505 -0.00871356 0.0
-0.263513 -0.0126284 0.0
-0.262491 -0.0166247 0.0
-0.26144 -0.020716 0.0
-0.26036 -0.0249163 0.0
-0.259254 -0.0292395 0.0
-0.258122 -0.0336997 0.0
-0.256965 -0.0383111 0.0
-0.255784 -0.0430876 0.0
-0.254578 -0.048043 0.0
-0.253348 -0.0531903 0.0
-0.252091 -0.0585416 0.0
-0.250804 -0.0641074 0.0
-0.249482 -0.0698964 0.0
-0.248117 -0.0759143 0.0
-0.246699 -0.0821634 0.0
-0.245215 -0.0886409 0.0
-0.243647 -0.0953386 0.0
-0.241974 -0.102241 0.0
-0.240169 -0.109322 0.0
-0.238202 -0.116548 0.0
-0.236035 -0.123871 0.0
-0.233624 -0.131229 0.0
-0.230922 -0.138542 0.0
-0.227873 -0.145715 0.0
-0.224417 -0.152631 0.0
-0.220489 -0.159151 0.0
-0.216019 -0.165117 0.0
-0.210934 -0.170344 0.0
-0.205161 -0.174627 0.0
-0.198626 -0.17774 0.0
-0.191259 -0.17944 0.0
-0.182996 -0.179467 0.0
-0.173784 -0.177555 0.0
-0.163583 -0.17344 0.0
-0.152376 -0.166872 0.0
-0.140176 -0.157628 0.0
-0.127033 -0.145542 0.0
-0.113058 -0.130533 0.0
-0.0984416 -0.112655 0.0
-0.0834926 -0.0921667 0.0
-0.0686862 -0.0696309 0.0
-0.0547039 -0.0460405 0.0
-0.0423824 -0.0228881 0.0
-0.0323907 -0.0019392 0.0
-0.025057 0.015006 0.0
-0.0198214 0.0277259 0.0
-0.0157691 0.0372728 0.0
-0.0125198 0.0439074 0.0
-0.00984869 0.0475814 0.0
-0.00755106 0.0480367 0.0
-0.00542615 0.0447623 0.0
-0.003353 0.03698 0.0
-0.00145482 0.0239108 0.0
-0.000293292 0.00554523 0.0
0.000699366 -0.0090697 0.0
0.00322291 -0.0366321 0.0
0.0068068 -0.0518123 0.0
0.00971023 -0.056281 0.0
0.011224 -0.053351 0.0
0.0112258 -0.0459333 0.0
0.00986403 -0.0361381 0.0
0.0073459 -0.0252891 0.0
0.00377424 -0.0141335 0.0
-0.000916722 -0.00317519 0.0
-0.00624662 0.00739748 0.0
-0.0117586 0.0164073 0.0
-0.0176269 0.0242525 0.0
-0.0240459 0.0312112 0.0
-0.0312068 0.0376839 0.0
-0.0392229 0.0439882 0.0
-0.0481194 0.0503698 0.0
-0.0578245 0.0569386 0.0
-0.0681975 0.0636924 0.0
-0.0790634 0.0705479 0.0
-0.0902455 0.0773873 0.0
-0.101583 0.0840882 0.0
-0.112937 0.090541 0.0
-0.124191 0.0966539 0.0
-0.135246 0.102353 0.0
-0.14602 0.107577 0.0
-0.156441 0.112281 0.0
-0.16645 0.116428 0.0
-0.176 0.119992 0.0
-0.185052 0.122958 0.0
-0.193577 0.125318 0.0
-0.201556 0.127075 0.0
-0.208979 0.128237 0.0
-0.215844 0.128822 0.0
-0.222155 0.128855 0.0
-0.227924 0.128363 0.0
-0.233168 0.127381 0.0
-0.237908 0.125944 0.0
-0.242169 0.124093 0.0
-0.245977 0.121867 0.0
-0.24936 0.119306 0.0
-0.252348 0.116449 0.0
-0.254969 0.113336 0.0
-0.257252 0.110002 0.0
-0.259222 0.106482 0.0
-0.260907 0.102807 0.0
-0.26233 0.0990071 0.0
-0.263514 0.0951083 0.0
-0.264481 0.0911342 0.0
-0.265249 0.0871061 0.0
-0.265837 0.0830425 0.0
-0.266263 0.0789596 0.0
-0.266542 0.0748713 0.0
-0.266687 0.0707892 0.0
-0.266714 0.0667231 0.0
-0.266633 0.0626805 0.0
-0.266456 0.0586675 0.0
-0.266193 0.0546883 0.0
-0.265852 0.0507455 0.0
-0.265443 0.0468403 0.0
-0.264972 0.0429725 0.0
-0.264446 0.0391408 0.0
-0.26387 0.0353426 0.0
-0.263249 0.0315743 0.0
-0.262587 0.0278313 0.0
-0.261887 0.0241084 0.0
-0.261153 0.0203995 0.0
-0.260388 0.0166976 0.0
-0.259594 0.0129956 0.0
-0.258773 0.00928544 0.0
-0.257928 0.00555894 0.0
-0.257062 0.00180724 0.0
-0.256177 -0.00197943 0.0
-0.255275 -0.005795 0.0
-0.254357 -0.00966524 0.0
-0.253422 -0.0136029 0.0
-0.252474 -0.0176209 0.0
-0.251513 -0.0217323 0.0
-0.250541 -0.0259509 0.0
-0.249562 -0.0302905 0.0
-0.248578 -0.0347651 0.0
-0.247591 -0.0393889 0.0
-0.246606 -0.0441765 0.0
-0.245623 -0.0491418 0.0
-0.244646 -0.0542989 0.0
-0.243675 -0.059661 0.0
-0.24271 -0.0652402 0.0
-0.241748 -0.0710472 0.0
-0.240787 -0.0770901 0.0
-0.239818 -0.0833742 0.0
-0.238832 -0.0899005 0.0
-0.237814 -0.0966648 0.0
-0.236746 -0.103656 0.0
-0.235602 -0.110855 0.0
-0.234353 -0.118232 0.0
-0.232961 -0.125746 0.0
-0.231383 -0.133342 0.0
-0.229567 -0.140947 0.0
-0.227455 -0.148472 0.0
-0.224979 -0.155806 0.0
-0.222067 -0.162817 0.0
-0.21864 -0.169349 0.0
-0.214612 -0.175224 0.0
-0.209895 -0.180237 0.0
-0.204399 -0.184161 0.0
-0.198036 -0.186749 0.0
-0.190721 -0.187736 0.0
-0.182375 -0.186844 0.0
-0.172937 -0.183792 0.0
-0.162359 -0.178305 0.0
-0.150622 -0.170131 0.0
-0.137745 -0.159058 0.0
-0.123793 -0.144943 0.0
-0.108906 -0.127749 0.0
-0.0933225 -0.107605 0.0
-0.0774322 -0.084889 0.0
-0.0618396 -0.0603575 0.0
-0.0474183 -0.035314 0.0
-0.0352348 -0.0116883 0.0
-0.0261888 0.00837546 0.0
-0.0200695 0.0230016 0.0
-0.0157673 0.0336426 0.0
-0.0124639 0.040985 0.0
-0.00975692 0.0451258 0.0
-0.00739966 0.0458375 0.0
-0.00521223 0.0426491 0.0
-0.00312356 0.0349313 0.0
-0.00129698 0.0222347 0.0
-0.00024458 0.00500736 0.0
0.000691262 -0.0104603 0.0
0.00296639 -0.0400402 0.0
0.0058677 -0.0548894 0.0
0.00775487 -0.0579944 0.0
0.00805549 -0.0534519 0.0
0.00675841 -0.044537 0.0
0.00408764 -0.0335019 0.0
0.000226105 -0.0215457 0.0
-0.00454613 -0.00953304 0.0
-0.00997401 0.00234319 0.0
-0.0157373 0.0129723 0.0
-0.0216872 0.0222944 0.0
-0.0280866 0.0306331 0.0
-0.0351234 0.0382865 0.0
-0.0429207 0.0455669 0.0
-0.051517 0.0527176 0.0
-0.0608674 0.0598873 0.0
-0.070858 0.0671169 0.0
-0.081336 0.074365 0.0
-0.0921369 0.0815422 0.0
-0.103105 0.0885433 0.0
-0.114103 0.0952669 0.0
-0.125011 0.101624 0.0
-0.135729 0.107543 0.0
-0.146172 0.112962 0.0
-0.156268 0.117837 0.0
-0.165956 0.122131 0.0
-0.175189 0.12582 0.0
-0.183926 0.128888 0.0
-0.192139 0.131328 0.0
-0.199809 0.133144 0.0
-0.206925 0.134345 0.0
-0.213485 0.13495 0.0
-0.219494 0.134983 0.0
-0.224963 0.134475 0.0
-0.229909 0.133459 0.0
-0.234354 0.131974 0.0
-0.238322 0.130059 0.0
-0.24184 0.127757 0.0
-0.244935 0.125107 0.0
-0.247638 0.122151 0.0
-0.249975 0.118929 0.0
-0.251977 0.115478 0.0
-0.253669 0.111834 0.0
-0.255079 0.10803 0.0
-0.256231 0.104096 0.0
-0.257148 0.100059 0.0
-0.257853 0.0959454 0.0
-0.258366 0.0917766 0.0
-0.258707 0.0875726 0.0
-0.258893 0.0833506 0.0
-0.258941 0.0791254 0.0
-0.258867 0.0749098 0.0
-0.258685 0.0707142 0.0
-0.258407 0.066547 0.0
-0.258046 0.0624149 0.0
-0.257613 0.0583227 0.0
-0.257117 0.0542736 0.0
-0.256566 0.0502691 0.0
-0.255967 0.0463094 0.0
-0.255328 0.0423935 0.0
-0.254654 0.0385191 0.0
-0.253948 0.0346829 0.0
-0.253216 0.0308806 0.0
-0.25246 0.027107 0.0
-0.251683 0.0233564 0.0
-0.250888 0.0196222 0.0
-0.250075 0.0158974 0.0
-0.249248 0.0121744 0.0
-0.248407 0.0084453 0.0
-0.247555 0.00470198 0.0
-0.246694 0.0009362 0.0
-0.245827 -0.00286012 0.0
-0.244954 -0.0066887 0.0
-0.244074 -0.0105706 0.0
-0.243187 -0.0145184 0.0
-0.242296 -0.0185445 0.0
-0.241404 -0.0226616 0.0
-0.240515 -0.0268828 0.0
-0.239631 -0.0312215 0.0
-0.238758 -0.0356915 0.0
-0.2379 -0.040307 0.0
-0.237062 -0.0450822 0.0
-0.236248 -0.0500318 0.0
-0.235464 -0.0551702 0.0
-0.234714 -0.0605114 0.0
-0.234 -0.0660691 0.0
-0.233324 -0.0718555 0.0
-0.232686 -0.0778814 0.0
-0.232082 -0.084155 0.0
-0.231507 -0.090681 0.0
-0.23095 -0.0974595 0.0
-0.230395 -0.104485 0.0
-0.229821 -0.111744 0.0
-0.2292 -0.119213 0.0
-0.228498 -0.126859 0.0
-0.22767 -0.134635 0.0
-0.226664 -0.142475 0.0
-0.22542 -0.1503 0.0
-0.223867 -0.158006 0.0
-0.221926 -0.165469 0.0
-0.219509 -0.172541 0.0
-0.21652 -0.179048 0.0
-0.21286 -0.18479 0.0
-0.208423 -0.189541 0.0
-0.203103 -0.193053 0.0
-0.196794 -0.195056 0.0
-0.1894 -0.195263 0.0
-0.180832 -0.193379 0.0
-0.171019 -0.189109 0.0
-0.159914 -0.182169 0.0
-0.147503 -0.172309 0.0
-0.133817 -0.159329 0.0
-0.11895 -0.143117 0.0
-0.103082 -0.123689 0.0
-0.0865166 -0.10126 0.0
-0.0697451 -0.0763501 0.0
-0.0535353 -0.0499525 0.0
-0.0390054 -0.0237632 0.0
-0.0273879 -0.000213061 0.0
-0.019567 0.0176499 0.0
-0.014754 0.029879 0.0
-0.0113875 0.0380787 0.0
-0.00876761 0.0427052 0.0
-0.00653586 0.0436691 0.0
-0.00449835 0.0405926 0.0
-0.00260824 0.0330091 0.0
-0.00103252 0.0207547 0.0
-0.000180129 0.00458266 0.0
0.000647976 -0.0117996 0.0
0.00255342 -0.0428815 0.0
0.0045952 -0.0569912 0.0
0.0052925 -0.0584771 0.0
0.00422707 -0.0522044 0.0
0.00149615 -0.0417566 0.0
-0.00255716 -0.0295583 0.0
-0.00747759 -0.0167073 0.0
-0.0130544 -0.00402237 0.0
-0.018997 0.00820302 0.0
-0.0250914 0.01897 0.0
-0.0315283 0.0286836 0.0
-0.0384819 0.0375969 0.0
-0.0460795 0.045957 0.0
-0.0543804 0.0539945 0.0
-0.0633677 0.0618734 0.0
-0.0729579 0.069672 0.0
-0.0830232 0.0773882 0.0
-0.0934161 0.0849645 0.0
-0.103989 0.0923169 0.0
-0.114608 0.0993553 0.0
-0.125152 0.105997 0.0
-0.135521 0.112171 0.0
-0.145627 0.11782 0.0
-0.155397 0.122898 0.0
-0.164769 0.12737 0.0
-0.173693 0.131211 0.0
-0.18213 0.134408 0.0
-0.190049 0.136955 0.0
-0.197431 0.138855 0.0
-0.204264 0.140119 0.0
-0.210545 0.140766 0.0
-0.216279 0.140822 0.0
-0.221477 0.140317 0.0
-0.226155 0.139287 0.0
-0.230334 0.137771 0.0
-0.234038 0.13581 0.0
-0.237293 0.133446 0.0
-0.240127 0.130722 0.0
-0.242569 0.12768 0.0
-0.244649 0.12436 0.0
-0.246393 0.120803 0.0
-0.247831 0.117044 0.0
-0.248988 0.113119 0.0
-0.24989 0.109058 0.0
-0.250562 0.104891 0.0
-0.251027 0.100645 0.0
-0.251305 0.0963428 0.0
-0.251418 0.0920053 0.0
-0.251385 0.0876511 0.0
-0.251222 0.0832961 0.0
-0.250948 0.0789539 0.0
-0.250577 0.0746359 0.0
-0.250123 0.0703514 0.0
-0.249598 0.0661075 0.0
-0.249013 0.0619095 0.0
-0.24838 0.0577612 0.0
-0.247705 0.0536643 0.0
-0.246997 0.0496195 0.0
-0.246262 0.0456258 0.0
-0.245505 0.0416811 0.0
-0.244731 0.0377824 0.0
-0.243942 0.0339254 0.0
-0.243141 0.0301053 0.0
-0.242331 0.0263162 0.0
-0.241512 0.022552 0.0
-0.240687 0.0188058 0.0
-0.239856 0.0150702 0.0
-0.239019 0.0113376 0.0
-0.238178 0.00760021 0.0
-0.237333 0.00384994 0.0
-0.236485 7.90984e-05 0.0
-0.235637 -0.00371783 0.0
-0.234788 -0.00755197 0.0
-0.233938 -0.011438 0.0
-0.233088 -0.015388 0.0
-0.23224 -0.0194135 0.0
-0.231398 -0.0235268 0.0
-0.230565 -0.02774 0.0
-0.229747 -0.0320661 0.0
-0.228949 -0.0365182 0.0
-0.228177 -0.04111 0.0
-0.227439 -0.0458557 0.0
-0.226741 -0.0507697 0.0
-0.226091 -0.0558666 0.0
-0.225495 -0.0611613 0.0
-0.22496 -0.0666681 0.0
-0.224491 -0.0724011 0.0
-0.224092 -0.0783731 0.0
-0.223764 -0.0845949 0.0
-0.223505 -0.0910751 0.0
-0.22331 -0.0978183 0.0
-0.223167 -0.104824 0.0
-0.223059 -0.112086 0.0
-0.222964 -0.119587 0.0
-0.222848 -0.127303 0.0
-0.222672 -0.135195 0.0
-0.222383 -0.143209 0.0
-0.221921 -0.151272 0.0
-0.221214 -0.159294 0.0
-0.220177 -0.167159 0.0
-0.218718 -0.174728 0.0
-0.216733 -0.181835 0.0
-0.21411 -0.188286 0.0
-0.210731 -0.193861 0.0
-0.206474 -0.198311 0.0
-0.201216 -0.201363 0.0
-0.19484 -0.202726 0.0
-0.187234 -0.20209 0.0
-0.178305 -0.199141 0.0
-0.167978 -0.193569 0.0
-0.156212 -0.185086 0.0
-0.143008 -0.173442 0.0
-0.128421 -0.158457 0.0
-0.112583 -0.140054 0.0
-0.0957292 -0.118314 0.0
-0.0782405 -0.0935566 0.0
-0.0607198 -0.0664765 0.0
-0.0441084 -0.0383806 0.0
-0.0297978 -0.0115237 0.0
-0.0195063 0.0108481 0.0
-0.0133343 0.0256956 0.0
-0.00962557 0.035187 0.0
-0.00709387 0.0404453 0.0
-0.00510853 0.0417119 0.0
-0.00338809 0.0387918 0.0
-0.00187019 0.0314018 0.0
-0.000687727 0.0196037 0.0
-0.000104523 0.00429801 0.0
0.000566162 -0.0130137 0.0
0.00198572 -0.0449924 0.0
0.00301108 -0.0579475 0.0
0.0023712 -0.0575783 0.0
-0.000185522 -0.0494811 0.0
-0.0042404 -0.0376941 0.0
-0.00924297 -0.0245649 0.0
-0.0149035 -0.0111197 0.0
-0.0211165 0.0021799 0.0
-0.027572 0.0143989 0.0
-0.0341399 0.0254364 0.0
-0.0410869 0.0356012 0.0
-0.0485504 0.0450964 0.0
-0.056605 0.0541097 0.0
-0.0652609 0.0627988 0.0
-0.0744668 0.0712622 0.0
-0.0841234 0.0795301 0.0
-0.0941043 0.0875763 0.0
-0.104275 0.09534 0.0
-0.114506 0.102746 0.0
-0.124681 0.109719 0.0
-0.134698 0.116194 0.0
-0.144467 0.122113 0.0
-0.153915 0.127432 0.0
-0.162979 0.132119 0.0
-0.171607 0.136148 0.0
-0.179758 0.139508 0.0
-0.187401 0.142192 0.0
-0.194516 0.144205 0.0
-0.201089 0.14556 0.0
-0.207117 0.146275 0.0
-0.212603 0.146378 0.0
-0.217556 0.145899 0.0
-0.221994 0.144876 0.0
-0.225934 0.143348 0.0
-0.229401 0.141357 0.0
-0.232421 0.138948 0.0
-0.235021 0.136163 0.0
-0.23723 0.133048 0.0
-0.239076 0.129643 0.0
-0.240589 0.125989 0.0
-0.241796 0.122126 0.0
-0.242725 0.118088 0.0
-0.243402 0.113909 0.0
-0.243852 0.10962 0.0
-0.2441 0.105249 0.0
-0.244167 0.10082 0.0
-0.244076 0.0963556 0.0
-0.243846 0.091876 0.0
-0.243497 0.087398 0.0
-0.243046 0.0829362 0.0
-0.242509 0.0785029 0.0
-0.241902 0.074108 0.0
-0.241236 0.0697593 0.0
-0.240524 0.0654626 0.0
-0.239776 0.0612219 0.0
-0.239 0.0570394 0.0
-0.238204 0.0529158 0.0
-0.237394 0.0488503 0.0
-0.236575 0.0448408 0.0
-0.23575 0.0408844 0.0
-0.234923 0.0369768 0.0
-0.234094 0.0331132 0.0
-0.233265 0.0292881 0.0
-0.232437 0.0254951 0.0
-0.23161 0.0217276 0.0
-0.230783 0.0179785 0.0
-0.229957 0.0142403 0.0
-0.229132 0.0105054 0.0
-0.228306 0.00676574 0.0
-0.22748 0.00301351 0.0
-0.226653 -0.000759044 0.0
-0.225827 -0.00455398 0.0
-0.225003 -0.00838885 0.0
-0.224179 -0.0122751 0.0
-0.223356 -0.0162233 0.0
-0.222538 -0.0202442 0.0
-0.221728 -0.0243487 0.0
-0.22093 -0.0285484 0.0
-0.220151 -0.0328552 0.0
-0.219396 -0.0372815 0.0
-0.218674 -0.0418402 0.0
-0.217993 -0.046545 0.0
-0.217361 -0.0514098 0.0
-0.216789 -0.0564492 0.0
-0.216285 -0.0616781 0.0
-0.21586 -0.0671117 0.0
-0.215521 -0.0727648 0.0
-0.215278 -0.0786521 0.0
-0.215135 -0.0847871 0.0
-0.215095 -0.0911814 0.0
-0.215159 -0.0978441 0.0
-0.21532 -0.10478 0.0
-0.215568 -0.111989 0.0
-0.215884 -0.119463 0.0
-0.216241 -0.127186 0.0
-0.216602 -0.135128 0.0
-0.216921 -0.143246 0.0
-0.217137 -0.151481 0.0
-0.21718 -0.159751 0.0
-0.216963 -0.167955 0.0
-0.21639 -0.175964 0.0
-0.215351 -0.183623 0.0
-0.213725 -0.190747 0.0
-0.211384 -0.197121 0.0
-0.208191 -0.202501 0.0
-0.204008 -0.206614 0.0
-0.198697 -0.209163 0.0
-0.192127 -0.209828 0.0
-0.18418 -0.208279 0.0
-0.174758 -0.20418 0.0
-0.163793 -0.197206 0.0
-0.151256 -0.187063 0.0
-0.137172 -0.173507 0.0
-0.121633 -0.15638 0.0
-0.104823 -0.135652 0.0
-0.0870453 -0.111486 0.0
-0.068776 -0.0843375 0.0
-0.0507649 -0.0551419 0.0
-0.0342017 -0.0256362 0.0
-0.0207614 0.00122885 0.0
-0.012143 0.0205245 0.0
-0.00762731 0.0321338 0.0
-0.00503366 0.0383731 0.0
-0.00331714 0.0400823 0.0
-0.0020092 0.0373932 0.0
-0.000978186 0.0302516 0.0
-0.00028658 0.0188799 0.0
-2.07139e-05 0.00417278 0.0
0.000444906 -0.0140248 0.0
0.00127361 -0.0462296 0.0
0.00114854 -0.0576106 0.0
-0.000934683 -0.0551921 0.0
-0.00481167 -0.0454336 0.0
-0.00988218 -0.0326162 0.0
-0.0157453 -0.0187771 0.0
-0.0221995 -0.0047928 0.0
-0.0289186 0.00878507 0.0
-0.0357148 0.0210454 0.0
-0.0427504 0.0323934 0.0
-0.0501698 0.0430105 0.0
-0.0580592 0.0530401 0.0
-0.0664504 0.0626118 0.0
-0.0753212 0.0718235 0.0
-0.0846024 0.0807245 0.0
-0.0941921 0.0893141 0.0
-0.103973 0.097554 0.0
-0.113825 0.105386 0.0
-0.123637 0.112744 0.0
-0.133308 0.119567 0.0
-0.142749 0.125803 0.0
-0.151886 0.131409 0.0
-0.160653 0.136352 0.0
-0.169 0.140609 0.0
-0.176883 0.144169 0.0
-0.18427 0.147026 0.0
-0.191138 0.149186 0.0
-0.197475 0.150662 0.0
-0.203274 0.151475 0.0
-0.208537 0.151651 0.0
-0.213273 0.151224 0.0
-0.217496 0.15023 0.0
-0.221225 0.148711 0.0
-0.224483 0.146711 0.0
-0.227295 0.144273 0.0
-0.229688 0.141444 0.0
-0.23169 0.138269 0.0
-0.23333 0.134791 0.0
-0.234637 0.131053 0.0
-0.23564 0.127094 0.0
-0.236366 0.122954 0.0
-0.236843 0.118665 0.0
-0.237096 0.114262 0.0
-0.237151 0.109773 0.0
-0.237033 0.105224 0.0
-0.236762 0.100641 0.0
-0.236361 0.0960426 0.0
-0.235851 0.0914486 0.0
-0.235248 0.0868741 0.0
-0.234571 0.0823323 0.0
-0.233835 0.077834 0.0
-0.233053 0.0733874 0.0
-0.232238 0.0689989 0.0
-0.231399 0.0646725 0.0
-0.230546 0.0604109 0.0
-0.229686 0.0562146 0.0
-0.228824 0.0520829 0.0
-0.227964 0.0480138 0.0
-0.22711 0.044004 0.0
-0.226263 0.0400496 0.0
-0.225425 0.0361454 0.0
-0.224595 0.0322859 0.0
-0.223773 0.0284649 0.0
-0.222959 0.0246757 0.0
-0.22215 0.0209115 0.0
-0.221347 0.0171648 0.0
-0.220547 0.0134283 0.0
-0.219749 0.00969424 0.0
-0.218952 0.00595486 0.0
-0.218156 0.00220205 0.0
-0.217357 -0.00157302 0.0
-0.216557 -0.00536606 0.0
-0.215758 -0.00920121 0.0
-0.214957 -0.0130875 0.0
-0.214156 -0.0170338 0.0
-0.213358 -0.0210495 0.0
-0.212567 -0.0251446 0.0
-0.211788 -0.0293295 0.0
-0.211027 -0.033615 0.0
-0.21029 -0.0380125 0.0
-0.209588 -0.0425341 0.0
-0.208928 -0.0471924 0.0
-0.208321 -0.0520007 0.0
-0.207779 -0.056973 0.0
-0.207313 -0.062124 0.0
-0.206935 -0.0674689 0.0
-0.206658 -0.0730233 0.0
-0.206492 -0.0788029 0.0
-0.206448 -0.0848231 0.0
-0.206535 -0.0910985 0.0
-0.206756 -0.0976419 0.0
-0.207114 -0.104463 0.0
-0.207603 -0.111569 0.0
-0.208211 -0.118959 0.0
-0.208919 -0.126625 0.0
-0.209696 -0.13455 0.0
-0.210499 -0.142702 0.0
-0.211275 -0.151033 0.0
-0.211955 -0.159477 0.0
-0.212454 -0.167946 0.0
-0.212675 -0.176325 0.0
-0.212504 -0.184472 0.0
-0.211815 -0.192212 0.0
-0.21047 -0.199341 0.0
-0.208321 -0.205622 0.0
-0.205214 -0.210783 0.0
-0.200995 -0.214524 0.0
-0.195512 -0.21652 0.0
-0.188626 -0.216421 0.0
-0.180213 -0.213872 0.0
-0.170181 -0.208512 0.0
-0.158471 -0.200004 0.0
-0.145079 -0.188043 0.0
-0.130064 -0.172398 0.0
-0.113567 -0.152941 0.0
-0.095837 -0.129705 0.0
-0.077259 -0.102965 0.0
-0.0584166 -0.0733678 0.0
-0.0402065 -0.0421837 0.0
-0.0240646 -0.0118058 0.0
-0.0124645 0.0133405 0.0
-0.00611066 0.0284483 0.0
-0.00300346 0.0363579 0.0
-0.00142037 0.0387979 0.0
-0.000516753 0.036466 0.0
-8.98512e-06 0.0296401 0.0
0.000142333 0.0186486 0.0
6.42598e-05 0.00421634 0.0
0.000287199 -0.0147569 0.0
0.000438318 -0.0464773 0.0
-0.000923534 -0.0558759 0.0
-0.00434011 -0.051427 0.0
-0.00932226 -0.0403396 0.0
-0.0152786 -0.0266833 0.0
-0.0218649 -0.0122606 0.0
-0.0289268 0.00220684 0.0
-0.0361212 0.0156989 0.0
-0.0433269 0.0281335 0.0
-0.0507913 0.0398053 0.0
-0.0586091 0.0508356 0.0
-0.0668237 0.0613189 0.0
-0.0754347 0.0713352 0.0
-0.0844 0.0809361 0.0
-0.0936433 0.0901363 0.0
-0.103067 0.098916 0.0
-0.112566 0.107232 0.0
-0.122035 0.11503 0.0
-0.131378 0.122255 0.0
-0.140508 0.128857 0.0
-0.14935 0.134797 0.0
-0.15784 0.140042 0.0
-0.165924 0.144571 0.0
-0.173558 0.148371 0.0
-0.180711 0.151441 0.0
-0.187356 0.153786 0.0
-0.193479 0.155418 0.0
-0.199074 0.156361 0.0
-0.20414 0.156641 0.0
-0.208684 0.156293 0.0
-0.21272 0.155354 0.0
-0.216265 0.153868 0.0
-0.219341 0.151878 0.0
-0.221971 0.149432 0.0
-0.224184 0.146576 0.0
-0.226005 0.143356 0.0
-0.227466 0.139819 0.0
-0.228594 0.136009 0.0
-0.229418 0.131967 0.0
-0.229968 0.127733 0.0
-0.23027 0.123344 0.0
-0.230353 0.118834 0.0
-0.230242 0.114235 0.0
-0.229962 0.109575 0.0
-0.229538 0.104879 0.0
-0.228992 0.100169 0.0
-0.228345 0.0954661 0.0
-0.227616 0.0907857 0.0
-0.226824 0.0861423 0.0
-0.225984 0.0815473 0.0
-0.225111 0.0770096 0.0
-0.224216 0.0725358 0.0
-0.223312 0.0681303 0.0
-0.222405 0.0637957 0.0
-0.221502 0.0595326 0.0
-0.22061 0.0553402 0.0
-0.219731 0.0512163 0.0
-0.218868 0.0471575 0.0
-0.218021 0.0431596 0.0
-0.217191 0.0392174 0.0
-0.216377 0.0353252 0.0
-0.215578 0.0314767 0.0
-0.214791 0.0276653 0.0
-0.214014 0.0238841 0.0
-0.213245 0.0201259 0.0
-0.212482 0.0163835 0.0
-0.211721 0.0126495 0.0
-0.210962 0.00891645 0.0
-0.210203 0.00517687 0.0
-0.209442 0.0014231 0.0
-0.208682 -0.00235296 0.0
-0.207918 -0.00615006 0.0
-0.207146 -0.00998928 0.0
-0.206367 -0.0138785 0.0
-0.205585 -0.0178255 0.0
-0.204802 -0.0218386 0.0
-0.204022 -0.0259266 0.0
-0.20325 -0.0300987 0.0
-0.202493 -0.0343646 0.0
-0.201757 -0.0387347 0.0
-0.201052 -0.0432196 0.0
-0.200388 -0.0478311 0.0
-0.199775 -0.0525813 0.0
-0.199226 -0.0574834 0.0
-0.198755 -0.0625512 0.0
-0.198375 -0.0677996 0.0
-0.1981 -0.0732442 0.0
-0.197947 -0.0789012 0.0
-0.197928 -0.0847873 0.0
-0.198056 -0.0909192 0.0
-0.198343 -0.0973129 0.0
-0.198795 -0.103983 0.0
-0.199414 -0.110941 0.0
-0.200197 -0.118196 0.0
-0.201132 -0.125747 0.0
-0.202195 -0.133588 0.0
-0.203354 -0.141701 0.0
-0.20456 -0.150052 0.0
-0.20575 -0.158589 0.0
-0.206845 -0.16724 0.0
-0.20775 -0.175906 0.0
-0.20835 -0.184461 0.0
-0.208516 -0.192745 0.0
-0.208103 -0.200566 0.0
-0.206954 -0.207695 0.0
-0.204903 -0.213867 0.0
-0.201779 -0.218783 0.0
-0.197413 -0.22211 0.0
-0.191643 -0.223488 0.0
-0.184322 -0.222538 0.0
-0.17533 -0.218871 0.0
-0.164582 -0.212103 0.0
-0.152043 -0.201876 0.0
-0.137738 -0.187885 0.0
-0.121776 -0.169913 0.0
-0.10436 -0.147879 0.0
-0.085819 -0.12191 0.0
-0.0666418 -0.0924423 0.0
-0.0475564 -0.0604047 0.0
-0.0297056 -0.0275774 0.0
-0.0149246 0.00273102 0.0
-0.00563948 0.0234189 0.0
-0.00144754 0.0340881 0.0
0.00028991 0.0377471 0.0
0.0009089 0.0359942 0.0
0.000923805 0.0295892 0.0
0.000548752 0.0189232 0.0
0.000143989 0.00442459 0.0
0.000106624 -0.0151507 0.0
-0.000482322 -0.0456456 0.0
-0.00306038 -0.0527677 0.0
-0.00766754 -0.0465115 0.0
-0.0136219 -0.0343186 0.0
-0.0204003 -0.0199696 0.0
-0.0277277 -0.0050606 0.0
-0.035231 0.00957213 0.0
-0.0427045 0.0230015 0.0
-0.0503028 0.0356349 0.0
-0.0581408 0.0476062 0.0
-0.0662731 0.0589847 0.0
-0.0747136 0.069825 0.0
-0.083441 0.0801676 0.0
-0.0924025 0.0900304 0.0
-0.101522 0.0994044 0.0
-0.110708 0.108259 0.0
-0.119869 0.116549 0.0
-0.128914 0.124227 0.0
-0.137759 0.131246 0.0
-0.146332 0.137568 0.0
-0.154567 0.143163 0.0
-0.162412 0.14801 0.0
-0.169822 0.152097 0.0
-0.176763 0.155421 0.0
-0.18321 0.15799 0.0
-0.189145 0.159817 0.0
-0.19456 0.160925 0.0
-0.199455 0.161343 0.0
-0.203834 0.161104 0.0
-0.207709 0.160249 0.0
-0.211096 0.158821 0.0
-0.214017 0.156866 0.0
-0.216493 0.154432 0.0
-0.218552 0.151568 0.0
-0.220221 0.148321 0.0
-0.221528 0.14474 0.0
-0.222503 0.140871 0.0
-0.223176 0.136757 0.0
-0.223574 0.132441 0.0
-0.223729 0.127962 0.0
-0.223666 0.123355 0.0
-0.223414 0.118654 0.0
-0.223 0.11389 0.0
-0.222447 0.109088 0.0
-0.22178 0.104274 0.0
-0.221021 0.0994686 0.0
-0.22019 0.094689 0.0
-0.219306 0.0899505 0.0
-0.218386 0.0852653 0.0
-0.217444 0.0806428 0.0
-0.216493 0.07609 0.0
-0.215544 0.0716115 0.0
-0.214604 0.0672098 0.0
-0.21368 0.0628855 0.0
-0.212777 0.0586375 0.0
-0.211898 0.0544635 0.0
-0.211044 0.0503598 0.0
-0.210215 0.0463218 0.0
-0.20941 0.0423442 0.0
-0.208628 0.038421 0.0
-0.207866 0.0345458 0.0
-0.207121 0.030712 0.0
-0.206391 0.0269125 0.0
-0.205671 0.0231403 0.0
-0.204958 0.0193882 0.0
-0.204249 0.0156492 0.0
-0.203542 0.0119161 0.0
-0.202832 0.00818179 0.0
-0.202119 0.00443926 0.0
-0.201401 0.000681722 0.0
-0.200676 -0.00309692 0.0
-0.199941 -0.00690451 0.0
-0.199196 -0.0107528 0.0
-0.198439 -0.0146494 0.0
-0.197675 -0.0186014 0.0
-0.196904 -0.0226162 0.0
-0.196132 -0.0267014 0.0
-0.195363 -0.0308651 0.0
-0.194602 -0.035116 0.0
-0.193858 -0.0394629 0.0
-0.193139 -0.0439154 0.0
-0.192455 -0.0484839 0.0
-0.191817 -0.0531793 0.0
-0.191237 -0.0580134 0.0
-0.190731 -0.0629991 0.0
-0.190312 -0.0681503 0.0
-0.189998 -0.0734819 0.0
-0.189805 -0.07901 0.0
-0.189751 -0.0847518 0.0
-0.189852 -0.0907251 0.0
-0.190124 -0.0969483 0.0
-0.190581 -0.103439 0.0
-0.191231 -0.110216 0.0
-0.192078 -0.117291 0.0
-0.19312 -0.124675 0.0
-0.194344 -0.132373 0.0
-0.195725 -0.140377 0.0
-0.197225 -0.148669 0.0
-0.198791 -0.157215 0.0
-0.20035 -0.165959 0.0
-0.201812 -0.174821 0.0
-0.203067 -0.183692 0.0
-0.203985 -0.192431 0.0
-0.204419 -0.20086 0.0
-0.204204 -0.208765 0.0
-0.203165 -0.215888 0.0
-0.201117 -0.221934 0.0
-0.197873 -0.226568 0.0
-0.193251 -0.229422 0.0
-0.18708 -0.230096 0.0
-0.179214 -0.228172 0.0
-0.169538 -0.223226 0.0
-0.157985 -0.214845 0.0
-0.144551 -0.202655 0.0
-0.129305 -0.186351 0.0
-0.112417 -0.165746 0.0
-0.0941677 -0.140834 0.0
-0.0749843 -0.111879 0.0
-0.0554748 -0.0795625 0.0
-0.0365112 -0.045234 0.0
-0.0194311 -0.0114735 0.0
-0.00716929 0.0160766 0.0
-0.000933986 0.0310032 0.0
0.00147906 0.0366816 0.0
0.00204863 0.0358712 0.0
0.00170314 0.0300428 0.0
0.00089683 0.019651 0.0
0.000214906 0.00478349 0.0
-7.83403e-05 -0.015179 0.0
-0.00143398 -0.0436728 0.0
-0.00516322 -0.0484332 0.0
-0.0108058 -0.0405961 0.0
-0.0176032 -0.0274823 0.0
-0.0250628 -0.0125679 0.0
-0.0329344 0.0027368 0.0
-0.0408329 0.0171765 0.0
-0.048636 0.0306737 0.0
-0.0565736 0.0434987 0.0
-0.064712 0.0557188 0.0
-0.073073 0.0673654 0.0
-0.0816492 0.078461 0.0
-0.0904061 0.089016 0.0
-0.0992864 0.0990238 0.0
-0.108217 0.108461 0.0
-0.117117 0.117289 0.0
-0.125904 0.125466 0.0
-0.1345 0.13295 0.0
-0.142835 0.139703 0.0
-0.150846 0.145695 0.0
-0.158481 0.150906 0.0
-0.165694 0.155325 0.0
-0.172451 0.158949 0.0
-0.178726 0.161785 0.0
-0.1845 0.163847 0.0
-0.189763 0.165159 0.0
-0.194513 0.165749 0.0
-0.198754 0.165654 0.0
-0.202495 0.164913 0.0
-0.205752 0.163572 0.0
-0.208544 0.161678 0.0
-0.210893 0.159279 0.0
-0.212825 0.156428 0.0
-0.214367 0.153173 0.0
-0.215548 0.149565 0.0
-0.216397 0.145652 0.0
-0.216943 0.141481 0.0
-0.217217 0.137094 0.0
-0.217248 0.132535 0.0
-0.217066 0.12784 0.0
-0.216698 0.123046 0.0
-0.216172 0.118185 0.0
-0.215515 0.113286 0.0
-0.21475 0.108375 0.0
-0.213902 0.103473 0.0
-0.212991 0.0986004 0.0
-0.212038 0.093773 0.0
-0.211059 0.0890036 0.0
-0.210069 0.0843023 0.0
-0.209081 0.0796763 0.0
-0.208106 0.0751304 0.0
-0.207151 0.070667 0.0
-0.206223 0.0662865 0.0
-0.205325 0.0619878 0.0
-0.204461 0.0577679 0.0
-0.20363 0.0536231 0.0
-0.202833 0.0495483 0.0
-0.202066 0.0455378 0.0
-0.201328 0.0415855 0.0
-0.200615 0.0376847 0.0
-0.199923 0.0338285 0.0
-0.199249 0.03001 0.0
-0.198587 0.0262221 0.0
-0.197934 0.0224577 0.0
-0.197285 0.0187098 0.0
-0.196638 0.0149715 0.0
-0.195987 0.011236 0.0
-0.195331 0.0074966 0.0
-0.194666 0.00374671 0.0
-0.19399 -1.99978e-05 0.0
-0.193302 -0.00380855 0.0
-0.192599 -0.00762966 0.0
-0.191882 -0.0114913 0.0
-0.191149 -0.0153999 0.0
-0.190403 -0.0193616 0.0
-0.189646 -0.023383 0.0
-0.188882 -0.0274708 0.0
-0.188115 -0.0316318 0.0
-0.187351 -0.0358736 0.0
-0.186597 -0.0402037 0.0
-0.18586 -0.0446305 0.0
-0.18515 -0.0491629 0.0
-0.184478 -0.0538103 0.0
-0.183857 -0.0585832 0.0
-0.1833 -0.063493 0.0
-0.182822 -0.0685522 0.0
-0.182441 -0.0737747 0.0
-0.182176 -0.0791756 0.0
-0.182045 -0.0847717 0.0
-0.182067 -0.0905813 0.0
-0.182263 -0.0966237 0.0
-0.182652 -0.10292 0.0
-0.183248 -0.109489 0.0
-0.184064 -0.116353 0.0
-0.185106 -0.123529 0.0
-0.186372 -0.13103 0.0
-0.187848 -0.138862 0.0
-0.189508 -0.147023 0.0
-0.191311 -0.155494 0.0
-0.193194 -0.164238 0.0
-0.195076 -0.173197 0.0
-0.196855 -0.182282 0.0
-0.198404 -0.191373 0.0
-0.199578 -0.200311 0.0
-0.200209 -0.208897 0.0
-0.200114 -0.216889 0.0
-0.199097 -0.223997 0.0
-0.196956 -0.22989 0.0
-0.193489 -0.23419 0.0
-0.188502 -0.236485 0.0
-0.181821 -0.23633 0.0
-0.173303 -0.233262 0.0
-0.162849 -0.226816 0.0
-0.150417 -0.21655 0.0
-0.136044 -0.202074 0.0
-0.119858 -0.183097 0.0
-0.102103 -0.159486 0.0
-0.0831596 -0.131354 0.0
-0.0635747 -0.0991826 0.0
-0.0441176 -0.0640345 0.0
-0.0259272 -0.0279435 0.0
-0.0109083 0.00526595 0.0
-0.00171201 0.0263823 0.0
0.0019145 0.035263 0.0
0.00273377 0.035901 0.0
0.00223342 0.0308589 0.0
0.0011456 0.020729 0.0
0.000267296 0.0052657 0.0
-0.00028835 -0.0148123 0.0
-0.00238467 -0.0405875 0.0
-0.00714611 -0.0430278 0.0
-0.0137057 -0.0337994 0.0
-0.0212745 -0.0199128 0.0
-0.0294204 -0.00453182 0.0
-0.0376601 0.0108119 0.0
-0.0457503 0.0250901 0.0
-0.0538611 0.038674 0.0
-0.0620834 0.0516582 0.0
-0.0704491 0.0640632 0.0
-0.0789598 0.0758927 0.0
-0.0875938 0.087144 0.0
-0.0963095 0.0978055 0.0
-0.105049 0.107854 0.0
-0.113744 0.117256 0.0
-0.122323 0.125972 0.0
-0.130715 0.133962 0.0
-0.138852 0.141189 0.0
-0.146676 0.147623 0.0
-0.154134 0.153244 0.0
-0.161183 0.15804 0.0
-0.167787 0.162008 0.0
-0.173919 0.165155 0.0
-0.179561 0.167495 0.0
-0.184701 0.169051 0.0
-0.189334 0.169852 0.0
-0.193464 0.169936 0.0
-0.197099 0.169343 0.0
-0.200253 0.168119 0.0
-0.202944 0.166314 0.0
-0.205193 0.163977 0.0
-0.207025 0.161161 0.0
-0.208467 0.15792 0.0
-0.209548 0.154303 0.0
-0.210296 0.150363 0.0
-0.210742 0.146148 0.0
-0.210916 0.141705 0.0
-0.210849 0.137077 0.0
-0.21057 0.132305 0.0
-0.21011 0.127427 0.0
-0.209496 0.122478 0.0
-0.208756 0.117488 0.0
-0.207915 0.112486 0.0
-0.206998 0.107494 0.0
-0.206028 0.102535 0.0
-0.205024 0.097624 0.0
-0.204004 0.0927759 0.0
-0.202983 0.088001 0.0
-0.201975 0.0833068 0.0
-0.200989 0.0786984 0.0
-0.200034 0.0741779 0.0
-0.199115 0.0697458 0.0
-0.198236 0.0654004 0.0
-0.197397 0.0611386 0.0
-0.196601 0.056956 0.0
-0.195843 0.0528473 0.0
-0.195123 0.0488063 0.0
-0.194437 0.0448267 0.0
-0.193779 0.0409013 0.0
-0.193147 0.0370233 0.0
-0.192534 0.0331853 0.0
-0.191935 0.0293805 0.0
-0.191347 0.0256016 0.0
-0.190764 0.0218419 0.0
-0.190181 0.0180945 0.0
-0.189595 0.014353 0.0
-0.189001 0.0106109 0.0
-0.188398 0.00686178 0.0
-0.187781 0.00309959 0.0
-0.187148 -0.000681678 0.0
-0.186497 -0.00448559 0.0
-0.185828 -0.00832402 0.0
-0.18514 -0.012203 0.0
-0.184433 -0.0161278 0.0
-0.183709 -0.020104 0.0
-0.182969 -0.024137 0.0
-0.182217 -0.0282327 0.0
-0.181457 -0.032397 0.0
-0.180693 -0.0366362 0.0
-0.179932 -0.0409567 0.0
-0.17918 -0.0453657 0.0
-0.178447 -0.0498704 0.0
-0.177743 -0.0544791 0.0
-0.177078 -0.0592005 0.0
-0.176467 -0.0640443 0.0
-0.175924 -0.0690216 0.0
-0.175465 -0.0741444 0.0
-0.17511 -0.0794266 0.0
-0.174878 -0.0848839 0.0
-0.174791 -0.0905336 0.0
-0.17487 -0.0963954 0.0
-0.175139 -0.102491 0.0
-0.175618 -0.108843 0.0
-0.176327 -0.115475 0.0
-0.17728 -0.122412 0.0
-0.178484 -0.129676 0.0
-0.17994 -0.137284 0.0
-0.181634 -0.145247 0.0
-0.183537 -0.153564 0.0
-0.185603 -0.162219 0.0
-0.187762 -0.171174 0.0
-0.189923 -0.180365 0.0
-0.191969 -0.189694 0.0
-0.193759 -0.199026 0.0
-0.195126 -0.208183 0.0
-0.195885 -0.216939 0.0
-0.19583 -0.225018 0.0
-0.194747 -0.232093 0.0
-0.192415 -0.237786 0.0
-0.18862 -0.241672 0.0
-0.18316 -0.243284 0.0
-0.175861 -0.242124 0.0
-0.166591 -0.237678 0.0
-0.155273 -0.229438 0.0
-0.141903 -0.21693 0.0
-0.126569 -0.19976 0.0
-0.109475 -0.177672 0.0
-0.0909584 -0.150628 0.0
-0.0715199 -0.118932 0.0
-0.0518533 -0.083409 0.0
-0.0328969 -0.0457158 0.0
-0.0159251 -0.00895242 0.0
-0.00408099 0.0195602 0.0
0.00135292 0.0330247 0.0
0.00285758 0.0358154 0.0
0.00245793 0.0318445 0.0
0.001269 0.0220202 0.0
0.000294408 0.00582741 0.0
-0.000504102 -0.0140199 0.0
-0.00328863 -0.0364991 0.0
-0.00895812 -0.0366853 0.0
-0.0163067 -0.0262338 0.0
-0.0245109 -0.0117055 0.0
-0.0331093 0.00400521 0.0
-0.0416418 0.019047 0.0
-0.0499908 0.0332944 0.0
-0.0583622 0.046952 0.0
-0.0668051 0.0600455 0.0
-0.0753281 0.0725647 0.0
-0.083918 0.0844918 0.0
-0.0925445 0.0958054 0.0
-0.101162 0.106478 0.0
-0.109716 0.116475 0.0
-0.118143 0.125758 0.0
-0.12638 0.134287 0.0
-0.134366 0.142025 0.0
-0.142044 0.148942 0.0
-0.149365 0.155015 0.0
-0.156285 0.160231 0.0
-0.16277 0.164587 0.0
-0.168793 0.168088 0.0
-0.174334 0.170748 0.0
-0.17938 0.172589 0.0
-0.183927 0.173642 0.0
-0.187976 0.173943 0.0
-0.191533 0.173533 0.0
-0.194612 0.17246 0.0
-0.197229 0.170774 0.0
-0.199405 0.168526 0.0
-0.201165 0.165773 0.0
-0.202533 0.162567 0.0
-0.203539 0.158963 0.0
-0.204213 0.155014 0.0
-0.204583 0.150772 0.0
-0.204682 0.146285 0.0
-0.20454 0.141601 0.0
-0.204188 0.136762 0.0
-0.203658 0.13181 0.0
-0.202977 0.126781 0.0
-0.202174 0.121708 0.0
-0.201277 0.116621 0.0
-0.200311 0.111546 0.0
-0.199298 0.106505 0.0
-0.198259 0.101516 0.0
-0.197214 0.0965934 0.0
-0.196176 0.0917492 0.0
-0.19516 0.0869911 0.0
-0.194176 0.0823241 0.0
-0.193231 0.0777505 0.0
-0.192331 0.0732703 0.0
-0.191478 0.0688816 0.0
-0.190673 0.0645809 0.0
-0.189916 0.0603633 0.0
-0.189205 0.0562231 0.0
-0.188536 0.0521536 0.0
-0.187904 0.0481481 0.0
-0.187305 0.0441993 0.0
-0.186733 0.0402998 0.0
-0.186183 0.0364423 0.0
-0.185649 0.0326198 0.0
-0.185127 0.0288251 0.0
-0.18461 0.0250515 0.0
-0.184093 0.0212924 0.0
-0.183573 0.0175414 0.0
-0.183045 0.0137923 0.0
-0.182506 0.0100392 0.0
-0.181952 0.00627608 0.0
-0.181381 0.00249714 0.0
-0.18079 -0.00130357 0.0
-0.180177 -0.00512695 0.0
-0.179543 -0.00898598 0.0
-0.178886 -0.0128856 0.0
-0.178208 -0.0168303 0.0
-0.177508 -0.0208248 0.0
-0.17679 -0.0248739 0.0
-0.176056 -0.0289824 0.0
-0.175308 -0.0331554 0.0
-0.174551 -0.0373982 0.0
-0.173791 -0.0417163 0.0
-0.173033 -0.0461154 0.0
-0.172284 -0.0506017 0.0
-0.171555 -0.0551817 0.0
-0.170855 -0.0598627 0.0
-0.170195 -0.0646528 0.0
-0.169591 -0.069561 0.0
-0.169056 -0.0745978 0.0
-0.16861 -0.0797749 0.0
-0.168271 -0.0851064 0.0
-0.168061 -0.0906081 0.0
-0.168004 -0.0962986 0.0
-0.168123 -0.102199 0.0
-0.168445 -0.108333 0.0
-0.168993 -0.114728 0.0
-0.169789 -0.121411 0.0
-0.170851 -0.12841 0.0
-0.17219 -0.135755 0.0
-0.173806 -0.143467 0.0
-0.175685 -0.151562 0.0
-0.177798 -0.160044 0.0
-0.180091 -0.168898 0.0
-0.182488 -0.178084 0.0
-0.184886 -0.187532 0.0
-0.187153 -0.197133 0.0
-0.189129 -0.206734 0.0
-0.190629 -0.216131 0.0
-0.191444 -0.225066 0.0
-0.191349 -0.233223 0.0
-0.190108 -0.240228 0.0
-0.187486 -0.245648 0.0
-0.183256 -0.248998 0.0
-0.177213 -0.24975 0.0
-0.16919 -0.247344 0.0
-0.159072 -0.241208 0.0
-0.146812 -0.230789 0.0
-0.132458 -0.215589 0.0
-0.116166 -0.195229 0.0
-0.0982317 -0.169522 0.0
-0.0791089 -0.138599 0.0
-0.0594436 -0.103074 0.0
-0.0401152 -0.0643356 0.0
-0.022361 -0.0250586 0.0
-0.00831329 0.00977455 0.0
-0.000264744 0.0293279 0.0
0.0024258 0.035317 0.0
0.00237833 0.0327901 0.0
0.00126656 0.0233754 0.0
0.0002958 0.00641762 0.0
-0.000709839 -0.0128059 0.0
-0.00411633 -0.031522 0.0
-0.010584 -0.0295252 0.0
-0.018633 -0.0179961 0.0
-0.0274591 -0.00291283 0.0
-0.0363515 0.0127033 0.0
-0.0449835 0.0275133 0.0
-0.0535549 0.0417485 0.0
-0.0621334 0.0554477 0.0
-0.0707344 0.0685937 0.0
-0.0793505 0.0811554 0.0
-0.0879588 0.0930992 0.0
-0.0965238 0.104389 0.0
-0.105 0.114988 0.0
-0.113334 0.124853 0.0
-0.121471 0.133943 0.0
-0.129354 0.142221 0.0
-0.136932 0.149654 0.0
-0.144158 0.156216 0.0
-0.150989 0.161893 0.0
-0.157393 0.166678 0.0
-0.163342 0.170575 0.0
-0.168815 0.173597 0.0
-0.173801 0.175765 0.0
-0.178292 0.17711 0.0
-0.18229 0.177666 0.0
-0.185799 0.177477 0.0
-0.188832 0.176589 0.0
-0.191404 0.175055 0.0
-0.193536 0.172927 0.0
-0.195249 0.170263 0.0
-0.196571 0.167117 0.0
-0.197529 0.163548 0.0
-0.198152 0.159611 0.0
-0.198471 0.155359 0.0
-0.198518 0.150844 0.0
-0.198325 0.146117 0.0
-0.197922 0.141224 0.0
-0.197341 0.136207 0.0
-0.196613 0.131106 0.0
-0.195767 0.125958 0.0
-0.194831 0.120793 0.0
-0.193831 0.115639 0.0
-0.192791 0.110521 0.0
-0.191731 0.105458 0.0
-0.190673 0.100465 0.0
-0.18963 0.0955553 0.0
-0.188616 0.0907364 0.0
-0.187642 0.0860139 0.0
-0.186714 0.0813898 0.0
-0.185839 0.0768642 0.0
-0.185017 0.0724347 0.0
-0.18425 0.0680973 0.0
-0.183536 0.0638468 0.0
-0.182872 0.0596767 0.0
-0.182254 0.0555803 0.0
-0.181677 0.05155 0.0
-0.181135 0.0475784 0.0
-0.180623 0.0436579 0.0
-0.180135 0.0397809 0.0
-0.179663 0.0359403 0.0
-0.179204 0.0321289 0.0
-0.178751 0.0283401 0.0
-0.178299 0.0245673 0.0
-0.177843 0.0208044 0.0
-0.177379 0.0170455 0.0
-0.176903 0.0132849 0.0
-0.176413 0.00951695 0.0
-0.175904 0.00573629 0.0
-0.175376 0.0019374 0.0
-0.174825 -0.00188562 0.0
-0.174251 -0.00573169 0.0
-0.173653 -0.00961411 0.0
-0.173029 -0.0135371 0.0
-0.172382 -0.0175044 0.0
-0.171712 -0.0215202 0.0
-0.17102 -0.0255886 0.0
-0.170308 -0.0297137 0.0
-0.16958 -0.0339001 0.0
-0.168838 -0.0381519 0.0
-0.168088 -0.0424738 0.0
-0.167333 -0.0468705 0.0
-0.166581 -0.0513469 0.0
-0.165838 -0.0559082 0.0
-0.165115 -0.0605603 0.0
-0.16442 -0.0653095 0.0
-0.163766 -0.070163 0.0
-0.163166 -0.0751293 0.0
-0.162638 -0.0802181 0.0
-0.162199 -0.0854412 0.0
-0.16187 -0.0908124 0.0
-0.161673 -0.0963483 0.0
-0.161634 -0.102069 0.0
-0.16178 -0.107997 0.0
-0.162138 -0.114159 0.0
-0.162735 -0.120586 0.0
-0.163598 -0.127311 0.0
-0.164746 -0.134367 0.0
-0.166194 -0.14179 0.0
-0.167944 -0.149609 0.0
-0.169982 -0.157846 0.0
-0.172274 -0.166509 0.0
-0.174764 -0.175585 0.0
-0.177366 -0.185031 0.0
-0.179962 -0.194769 0.0
-0.182406 -0.204677 0.0
-0.184517 -0.214577 0.0
-0.186087 -0.224235 0.0
-0.186886 -0.233351 0.0
-0.186667 -0.241561 0.0
-0.185174 -0.24843 0.0
-0.182156 -0.253463 0.0
-0.17738 -0.256104 0.0
-0.170641 -0.255752 0.0
-0.161785 -0.251776 0.0
-0.150723 -0.243543 0.0
-0.137454 -0.230458 0.0
-0.122089 -0.212017 0.0
-0.104871 -0.187887 0.0
-0.0862093 -0.158019 0.0
-0.0667064 -0.122822 0.0
-0.0471985 -0.083424 0.0
-0.0288087 -0.0421142 0.0
-0.0129143 -0.00311201 0.0
-0.0025395 0.0237912 0.0
0.00149861 0.0341251 0.0
0.00203276 0.0334953 0.0
0.00115904 0.0246556 0.0
0.000276878 0.00699031 0.0
-0.000894621 -0.0112015 0.0
-0.00484553 -0.0257691 0.0
-0.0120066 -0.0216495 0.0
-0.0206632 -0.0091662 0.0
-0.0298238 0.006244 0.0
-0.0388686 0.0214836 0.0
-0.0476933 0.0361897 0.0
-0.0564541 0.0504042 0.0
-0.0651856 0.064102 0.0
-0.0738863 0.0772412 0.0
-0.0825385 0.0897762 0.0
-0.0911134 0.101662 0.0
-0.099573 0.112852 0.0
-0.107873 0.123301 0.0
-0.115963 0.132964 0.0
-0.123796 0.141801 0.0
-0.131321 0.149773 0.0
-0.138496 0.156855 0.0
-0.145281 0.163025 0.0
-0.151642 0.168277 0.0
-0.157554 0.172609 0.0
-0.162996 0.176034 0.0
-0.167955 0.17857 0.0
-0.172424 0.180247 0.0
-0.176402 0.181098 0.0
-0.179894 0.181167 0.0
-0.182911 0.180502 0.0
-0.185467 0.179153 0.0
-0.187581 0.177177 0.0
-0.189277 0.174631 0.0
-0.190578 0.171574 0.0
-0.191513 0.168063 0.0
-0.192112 0.164158 0.0
-0.192404 0.159916 0.0
-0.192423 0.155391 0.0
-0.192199 0.150636 0.0
-0.191766 0.145699 0.0
-0.191155 0.140629 0.0
-0.190399 0.135465 0.0
-0.189526 0.130248 0.0
-0.188566 0.125011 0.0
-0.187547 0.119784 0.0
-0.186492 0.114593 0.0
-0.185423 0.109459 0.0
-0.184361 0.104399 0.0
-0.183321 0.0994255 0.0
-0.182317 0.0945481 0.0
-0.181359 0.0897718 0.0
-0.180454 0.0850992 0.0
-0.179606 0.0805297 0.0
-0.178818 0.0760608 0.0
-0.17809 0.0716881 0.0
-0.177418 0.0674057 0.0
-0.176801 0.0632069 0.0
-0.176232 0.0590842 0.0
-0.175707 0.0550299 0.0
-0.17522 0.051036 0.0
-0.174764 0.0470946 0.0
-0.174332 0.0431981 0.0
-0.173919 0.0393391 0.0
-0.173518 0.0355104 0.0
-0.173125 0.0317055 0.0
-0.172732 0.0279178 0.0
-0.172336 0.0241415 0.0
-0.171933 0.0203708 0.0
-0.171518 0.0166003 0.0
-0.171088 0.0128247 0.0
-0.17064 0.00903903 0.0
-0.170172 0.00523833 0.0
-0.169683 0.0014177 0.0
-0.169172 -0.00242778 0.0
-0.168635 -0.00629959 0.0
-0.168073 -0.0102075 0.0
-0.167484 -0.0141555 0.0
-0.16687 -0.0181471 0.0
-0.166231 -0.0221861 0.0
-0.16557 -0.026276 0.0
-0.164887 -0.0304206 0.0
-0.164185 -0.0346236 0.0
-0.163466 -0.0388886 0.0
-0.162735 -0.0432195 0.0
-0.161994 -0.04762 0.0
-0.161249 -0.052094 0.0
-0.160507 -0.0566457 0.0
-0.159774 -0.0612795 0.0
-0.159059 -0.0660001 0.0
-0.158372 -0.0708132 0.0
-0.157725 -0.0757251 0.0
-0.157132 -0.0807436 0.0
-0.156609 -0.0858779 0.0
-0.156175 -0.0911394 0.0
-0.155851 -0.0965423 0.0
-0.15566 -0.102104 0.0
-0.155631 -0.107845 0.0
-0.155791 -0.113792 0.0
-0.156172 -0.119975 0.0
-0.156803 -0.126428 0.0
-0.157715 -0.13319 0.0
-0.15893 -0.140303 0.0
-0.160467 -0.14781 0.0
-0.162329 -0.155746 0.0
-0.164503 -0.164143 0.0
-0.166952 -0.173012 0.0
-0.169613 -0.182342 0.0
-0.172389 -0.192086 0.0
-0.175149 -0.202156 0.0
-0.177727 -0.212409 0.0
-0.179921 -0.222638 0.0
-0.181499 -0.23257 0.0
-0.182206 -0.241854 0.0
-0.181772 -0.250064 0.0
-0.179924 -0.256695 0.0
-0.176399 -0.261174 0.0
-0.170957 -0.262862 0.0
-0.163403 -0.261075 0.0
-0.153603 -0.255105 0.0
-0.141506 -0.244261 0.0
-0.127171 -0.227915 0.0
-0.11079 -0.205588 0.0
-0.0927159 -0.177053 0.0
-0.0734972 -0.142509 0.0
-0.0539073 -0.102835 0.0
-0.0349854 -0.0600153 0.0
-0.0181572 -0.0179334 0.0
-0.00600688 0.0160875 0.0
-3.01034e-05 0.0318139 0.0
0.00147537 0.0337669 0.0
0.000983741 0.0257494 0.0
0.000247629 0.00751482 0.0
-0.00105168 -0.00925516 0.0
-0.00546037 -0.0193558 0.0
-0.0131963 -0.0131658 0.0
-0.0223921 0.000202566 0.0
-0.0317782 0.015422 0.0
-0.0408488 0.030421 0.0
-0.0498154 0.0450437 0.0
-0.058714 0.0592096 0.0
-0.0675443 0.0728583 0.0
-0.0762911 0.0859323 0.0
-0.0849296 0.0983758 0.0
-0.0934275 0.110135 0.0
-0.101746 0.121157 0.0
-0.109843 0.131392 0.0
-0.117673 0.140794 0.0
-0.125194 0.149323 0.0
-0.132362 0.156945 0.0
-0.139143 0.163638 0.0
-0.145502 0.169387 0.0
-0.151416 0.17419 0.0
-0.156863 0.178055 0.0
-0.16183 0.180998 0.0
-0.166311 0.183045 0.0
-0.170302 0.184232 0.0
-0.173808 0.184598 0.0
-0.176839 0.184191 0.0
-0.179409 0.183064 0.0
-0.181535 0.181273 0.0
-0.18324 0.178877 0.0
-0.184548 0.175935 0.0
-0.185487 0.17251 0.0
-0.186085 0.168661 0.0
-0.186375 0.164449 0.0
-0.186387 0.159931 0.0
-0.186155 0.155163 0.0
-0.185712 0.150197 0.0
-0.185089 0.145083 0.0
-0.184321 0.139866 0.0
-0.183438 0.134587 0.0
-0.182469 0.129284 0.0
-0.181442 0.123988 0.0
-0.180384 0.118728 0.0
-0.179316 0.113526 0.0
-0.178258 0.1084 0.0
-0.177228 0.103365 0.0
-0.176238 0.09843 0.0
-0.1753 0.0936009 0.0
-0.174419 0.0888802 0.0
-0.173601 0.0842674 0.0
-0.172846 0.0797595 0.0
-0.172155 0.0753518 0.0
-0.171525 0.071038 0.0
-0.170951 0.0668107 0.0
-0.170429 0.0626621 0.0
-0.169952 0.0585838 0.0
-0.169514 0.0545677 0.0
-0.169108 0.0506054 0.0
-0.168728 0.0466892 0.0
-0.168368 0.0428115 0.0
-0.16802 0.0389652 0.0
-0.16768 0.0351435 0.0
-0.167341 0.0313403 0.0
-0.167 0.0275496 0.0
-0.166652 0.0237659 0.0
-0.166293 0.019984 0.0
-0.16592 0.016199 0.0
-0.16553 0.0124061 0.0
-0.16512 0.00860074 0.0
-0.16469 0.00477849 0.0
-0.164236 0.000935041 0.0
-0.163759 -0.0029337 0.0
-0.163257 -0.00683207 0.0
-0.162728 -0.0107661 0.0
-0.162174 -0.0147397 0.0
-0.161595 -0.0187563 0.0
-0.160991 -0.0228192 0.0
-0.160363 -0.0269318 0.0
-0.159714 -0.0310974 0.0
-0.159043 -0.0353192 0.0
-0.158354 -0.0396003 0.0
-0.15765 -0.043944 0.0
-0.156933 -0.0483531 0.0
-0.156207 -0.052831 0.0
-0.155478 -0.0573806 0.0
-0.15475 -0.0620052 0.0
-0.154031 -0.0667083 0.0
-0.153329 -0.071494 0.0
-0.152653 -0.0763668 0.0
-0.152016 -0.0813324 0.0
-0.15143 -0.0863978 0.0
-0.150912 -0.0915717 0.0
-0.150481 -0.0968655 0.0
-0.150159 -0.102294 0.0
-0.14997 -0.107874 0.0
-0.149943 -0.11363 0.0
-0.150109 -0.11959 0.0
-0.150501 -0.125788 0.0
-0.151154 -0.132265 0.0
-0.152101 -0.139066 0.0
-0.153369 -0.146242 0.0
-0.15498 -0.153842 0.0
-0.156938 -0.161915 0.0
-0.159231 -0.170498 0.0
-0.161818 -0.179608 0.0
-0.164629 -0.189233 0.0
-0.167554 -0.199323 0.0
-0.170446 -0.209772 0.0
-0.173117 -0.220411 0.0
-0.17534 -0.230996 0.0
-0.176858 -0.241202 0.0
-0.17739 -0.250617 0.0
-0.176644 -0.258737 0.0
-0.174328 -0.264974 0.0
-0.170171 -0.268662 0.0
-0.163934 -0.269066 0.0
-0.155438 -0.265411 0.0
-0.14458 -0.256909 0.0
-0.131365 -0.242817 0.0
-0.115926 -0.222506 0.0
-0.0985613 -0.195574 0.0
-0.079763 -0.162006 0.0
-0.0602599 -0.122431 0.0
-0.0410706 -0.0785301 0.0
-0.0235983 -0.0337192 0.0
-0.00973063 0.0058553 0.0
-0.00172707 0.0280657 0.0
0.00082291 0.0334596 0.0
0.000785308 0.026586 0.0
0.000218618 0.00798107 0.0
-0.00119078 -0.0070127 0.0
-0.00601903 -0.0123613 0.0
-0.0143244 -0.00411892 0.0
-0.0237162 0.00974328 0.0
-0.0330736 0.0246248 0.0
-0.0422792 0.0394943 0.0
-0.0513734 0.0540312 0.0
-0.060366 0.0681134 0.0
-0.0692456 0.0816645 0.0
-0.0779905 0.0946179 0.0
-0.0865722 0.10691 0.0
-0.0949566 0.118482 0.0
-0.103106 0.129277 0.0
-0.11098 0.139243 0.0
-0.118539 0.148333 0.0
-0.125744 0.15651 0.0
-0.132561 0.163744 0.0
-0.138959 0.170017 0.0
-0.144912 0.175321 0.0
-0.150401 0.179659 0.0
-0.155413 0.183045 0.0
-0.159938 0.185501 0.0
-0.163976 0.18706 0.0
-0.167529 0.187761 0.0
-0.170605 0.187651 0.0
-0.173218 0.186782 0.0
-0.175385 0.18521 0.0
-0.177128 0.182996 0.0
-0.178469 0.180201 0.0
-0.179437 0.176888 0.0
-0.180061 0.17312 0.0
-0.180371 0.16896 0.0
-0.180399 0.164468 0.0
-0.18018 0.159704 0.0
-0.179746 0.154723 0.0
-0.17913 0.149578 0.0
-0.178367 0.144317 0.0
-0.177487 0.138984 0.0
-0.176522 0.13362 0.0
-0.1755 0.12826 0.0
-0.174448 0.122933 0.0
-0.173388 0.117665 0.0
-0.172342 0.112475 0.0
-0.171326 0.107378 0.0
-0.170355 0.102386 0.0
-0.169438 0.0975033 0.0
-0.168583 0.0927341 0.0
-0.167793 0.0880773 0.0
-0.167071 0.0835299 0.0
-0.166415 0.0790867 0.0
-0.165822 0.0747408 0.0
-0.165288 0.0704846 0.0
-0.164807 0.0663095 0.0
-0.164373 0.0622069 0.0
-0.163979 0.0581682 0.0
-0.163619 0.0541847 0.0
-0.163284 0.0502485 0.0
-0.16297 0.0463517 0.0
-0.162668 0.0424873 0.0
-0.162375 0.0386486 0.0
-0.162084 0.0348292 0.0
-0.161792 0.0310236 0.0
-0.161492 0.0272262 0.0
-0.161183 0.0234321 0.0
-0.160861 0.0196366 0.0
-0.160523 0.0158351 0.0
-0.160166 0.0120234 0.0
-0.159789 0.00819736 0.0
-0.159391 0.00435285 0.0
-0.158969 0.000486 0.0
-0.158524 -0.003407 0.0
-0.158054 -0.00733088 0.0
-0.157559 -0.0112904 0.0
-0.15704 -0.0152892 0.0
-0.156496 -0.0193303 0.0
-0.155928 -0.0234171 0.0
-0.155336 -0.0275526 0.0
-0.154723 -0.0317397 0.0
-0.154089 -0.0359813 0.0
-0.153435 -0.0402803 0.0
-0.152765 -0.0446392 0.0
-0.152079 -0.0490605 0.0
-0.151382 -0.0535467 0.0
-0.150676 -0.0581 0.0
-0.149966 -0.062723 0.0
-0.149258 -0.0674179 0.0
-0.148557 -0.0721874 0.0
-0.147872 -0.0770346 0.0
-0.14721 -0.0819633 0.0
-0.146584 -0.0869784 0.0
-0.146007 -0.092086 0.0
-0.145495 -0.0972948 0.0
-0.145066 -0.102616 0.0
-0.144743 -0.108064 0.0
-0.144551 -0.113659 0.0
-0.144521 -0.119425 0.0
-0.144687 -0.125395 0.0
-0.145083 -0.131608 0.0
-0.145749 -0.138111 0.0
-0.146721 -0.144957 0.0
-0.148032 -0.152206 0.0
-0.149705 -0.15992 0.0
-0.151749 -0.168156 0.0
-0.15415 -0.176961 0.0
-0.156863 -0.186356 0.0
-0.159808 -0.19633 0.0
-0.162861 -0.20682 0.0
-0.165854 -0.217699 0.0
-0.168575 -0.228764 0.0
-0.170769 -0.239722 0.0
-0.172152 -0.250182 0.0
-0.172416 -0.259654 0.0
-0.171245 -0.267544 0.0
-0.168334 -0.273161 0.0
-0.163406 -0.275732 0.0
-0.156234 -0.274414 0.0
-0.146662 -0.268334 0.0
-0.134638 -0.256632 0.0
-0.120234 -0.238533 0.0
-0.103688 -0.213457 0.0
-0.0854328 -0.181175 0.0
-0.0661396 -0.142057 0.0
-0.0467687 -0.097464 0.0
-0.0286236 -0.0504027 0.0
-0.0133321 -0.00662026 0.0
-0.00364124 0.0228469 0.0
5.11259e-05 0.0324361 0.0
0.000575854 0.0271224 0.0
0.00019377 0.00839347 0.0
-0.00130048 -0.00452144 0.0
-0.0064842 -0.00484063 0.0
-0.0150859 0.00526748 0.0
-0.0245275 0.0191902 0.0
-0.0339319 0.0339397 0.0
-0.0432345 0.0486876 0.0
-0.0524119 0.0631096 0.0
-0.0614514 0.077067 0.0
-0.0703341 0.0904731 0.0
-0.0790344 0.103254 0.0
-0.0875218 0.115343 0.0
-0.0957623 0.126675 0.0
-0.103719 0.137191 0.0
-0.111356 0.14684 0.0
-0.118637 0.155576 0.0
-0.125529 0.163364 0.0
-0.132002 0.170179 0.0
-0.138031 0.176009 0.0
-0.143598 0.180849 0.0
-0.148688 0.18471 0.0
-0.153292 0.18761 0.0
-0.157409 0.189578 0.0
-0.16104 0.190651 0.0
-0.164192 0.190875 0.0
-0.166879 0.1903 0.0
-0.169116 0.188983 0.0
-0.170924 0.186984 0.0
-0.172327 0.184367 0.0
-0.17335 0.181195 0.0
-0.174024 0.177535 0.0
-0.174378 0.17345 0.0
-0.174445 0.169006 0.0
-0.174259 0.164264 0.0
-0.173853 0.159283 0.0
-0.173262 0.154119 0.0
-0.172519 0.148824 0.0
-0.171658 0.143446 0.0
-0.170709 0.138027 0.0
-0.169702 0.132606 0.0
-0.168664 0.127215 0.0
-0.16762 0.121882 0.0
-0.16659 0.116627 0.0
-0.165593 0.111469 0.0
-0.164642 0.106418 0.0
-0.163748 0.101481 0.0
-0.162919 0.0966616 0.0
-0.162157 0.0919593 0.0
-0.161465 0.0873708 0.0
-0.160841 0.0828905 0.0
-0.160282 0.0785113 0.0
-0.159784 0.0742248 0.0
-0.159339 0.0700223 0.0
-0.158943 0.0658945 0.0
-0.158587 0.0618323 0.0
-0.158265 0.0578269 0.0
-0.15797 0.05387 0.0
-0.157694 0.0499537 0.0
-0.157433 0.0460707 0.0
-0.15718 0.0422144 0.0
-0.15693 0.0383785 0.0
-0.156679 0.0345574 0.0
-0.156422 0.0307458 0.0
-0.156156 0.0269389 0.0
-0.155878 0.0231323 0.0
-0.155585 0.0193214 0.0
-0.155275 0.0155024 0.0
-0.154947 0.0116713 0.0
-0.154598 0.00782421 0.0
-0.154228 0.0039575 0.0
-0.153835 6.75051e-05 0.0
-0.15342 -0.00384905 0.0
-0.152981 -0.0077972 0.0
-0.152519 -0.011781 0.0
-0.152034 -0.0158037 0.0
-0.151525 -0.0198684 0.0
-0.150994 -0.0239782 0.0
-0.15044 -0.0281359 0.0
-0.149866 -0.0323443 0.0
-0.149271 -0.0366059 0.0
-0.148656 -0.0409234 0.0
-0.148024 -0.0452988 0.0
-0.147376 -0.0497344 0.0
-0.146714 -0.0542321 0.0
-0.146041 -0.0587936 0.0
-0.145359 -0.0634205 0.0
-0.144673 -0.0681144 0.0
-0.143988 -0.0728769 0.0
-0.143309 -0.0777098 0.0
-0.142643 -0.0826154 0.0
-0.141998 -0.0875965 0.0
-0.141386 -0.0926573 0.0
-0.140818 -0.0978035 0.0
-0.140311 -0.103043 0.0
-0.139883 -0.108388 0.0
-0.139558 -0.113852 0.0
-0.13936 -0.119459 0.0
-0.139324 -0.125234 0.0
-0.139483 -0.131214 0.0
-0.139877 -0.137444 0.0
-0.14055 -0.143979 0.0
-0.141541 -0.150881 0.0
-0.142889 -0.158223 0.0
-0.144621 -0.166077 0.0
-0.146747 -0.174513 0.0
-0.149251 -0.183587 0.0
-0.152082 -0.193323 0.0
-0.155149 -0.203707 0.0
-0.158309 -0.214659 0.0
-0.161371 -0.226022 0.0
-0.164095 -0.237546 0.0
-0.166194 -0.248875 0.0
-0.167354 -0.259538 0.0
-0.16724 -0.268945 0.0
-0.165516 -0.276395 0.0
-0.161865 -0.281077 0.0
-0.156014 -0.282093 0.0
-0.147754 -0.278486 0.0
-0.136973 -0.269285 0.0
-0.123683 -0.253573 0.0
-0.108055 -0.230592 0.0
-0.0904565 -0.199895 0.0
-0.0714955 -0.161592 0.0
-0.0520666 -0.116729 0.0
-0.0334132 -0.067936 0.0
-0.0172441 -0.0205474 0.0
-0.0060792 0.0159183 0.0
-0.000891333 0.0304845 0.0
0.000345607 0.0273124 0.0
0.000171978 0.00875922 0.0
-0.00139244 -0.00182851 0.0
-0.00679983 0.00305755 0.0
-0.0154839 0.0146551 0.0
-0.0249129 0.0286732 0.0
-0.0343927 0.0433409 0.0
-0.0437615 0.0579577 0.0
-0.0529769 0.0722323 0.0
-0.0620174 0.0860243 0.0
-0.07086 0.0992411 0.0
-0.0794774 0.111804 0.0
-0.0878383 0.123642 0.0
-0.0959094 0.134688 0.0
-0.103656 0.144883 0.0
-0.111045 0.154175 0.0
-0.118045 0.162521 0.0
-0.124626 0.169891 0.0
-0.130765 0.176264 0.0
-0.136443 0.181631 0.0
-0.141644 0.185995 0.0
-0.14636 0.18937 0.0
-0.150587 0.191781 0.0
-0.154327 0.193263 0.0
-0.157586 0.193857 0.0
-0.160376 0.193612 0.0
-0.162712 0.192586 0.0
-0.164614 0.190837 0.0
-0.166104 0.188429 0.0
-0.167209 0.185429 0.0
-0.167957 0.181904 0.0
-0.168379 0.177921 0.0
-0.168507 0.173546 0.0
-0.168375 0.168846 0.0
-0.168017 0.163881 0.0
-0.167468 0.158711 0.0
-0.166761 0.153393 0.0
-0.165931 0.147977 0.0
-0.16501 0.14251 0.0
-0.164029 0.137032 0.0
-0.163014 0.131579 0.0
-0.161992 0.126182 0.0
-0.160984 0.120863 0.0
-0.160008 0.115641 0.0
-0.15908 0.110529 0.0
-0.15821 0.105536 0.0
-0.157405 0.100664 0.0
-0.156669 0.0959136 0.0
-0.156005 0.0912815 0.0
-0.15541 0.0867618 0.0
-0.154881 0.082347 0.0
-0.154413 0.0780284 0.0
-0.154001 0.0737966 0.0
-0.153636 0.069642 0.0
-0.153313 0.0655551 0.0
-0.153024 0.0615267 0.0
-0.152762 0.0575483 0.0
-0.15252 0.0536116 0.0
-0.152292 0.0497094 0.0
-0.152073 0.0458348 0.0
-0.151857 0.0419818 0.0
-0.151641 0.0381448 0.0
-0.15142 0.0343186 0.0
-0.151191 0.0304985 0.0
-0.15095 0.0266802 0.0
-0.150697 0.0228594 0.0
-0.150428 0.0190325 0.0
-0.150141 0.0151956 0.0
-0.149837 0.0113451 0.0
-0.149512 0.00747753 0.0
-0.149168 0.00358943 0.0
-0.148802 -0.000322619 0.0
-0.148415 -0.00426139 0.0
-0.148006 -0.00823218 0.0
-0.147575 -0.0122386 0.0
-0.147123 -0.0162836 0.0
-0.14665 -0.0203704 0.0
-0.146155 -0.0245018 0.0
-0.14564 -0.0286806 0.0
-0.145105 -0.0329093 0.0
-0.144551 -0.0371904 0.0
-0.143978 -0.0415262 0.0
-0.143387 -0.0459187 0.0
-0.14278 -0.0503696 0.0
-0.142158 -0.0548806 0.0
-0.141524 -0.059453 0.0
-0.140878 -0.0640879 0.0
-0.140224 -0.0687863 0.0
-0.139566 -0.0735488 0.0
-0.138906 -0.0783764 0.0
-0.138251 -0.08327 0.0
-0.137606 -0.088231 0.0
-0.13698 -0.0932615 0.0
-0.136382 -0.098365 0.0
-0.135824 -0.103547 0.0
-0.135322 -0.108814 0.0
-0.134894 -0.11418 0.0
-0.134563 -0.119659 0.0
-0.134358 -0.125276 0.0
-0.134311 -0.13106 0.0
-0.13446 -0.137054 0.0
-0.13485 -0.143307 0.0
-0.135526 -0.149885 0.0
-0.136536 -0.156862 0.0
-0.13792 -0.164322 0.0
-0.139711 -0.172352 0.0
-0.141919 -0.181036 0.0
-0.144526 -0.190436 0.0
-0.147473 -0.200581 0.0
-0.150652 -0.211445 0.0
-0.153899 -0.222926 0.0
-0.156994 -0.234824 0.0
-0.159663 -0.246828 0.0
-0.161588 -0.258499 0.0
-0.162421 -0.269265 0.0
-0.1618 -0.27842 0.0
-0.159373 -0.285129 0.0
-0.154819 -0.288445 0.0
-0.147877 -0.287335 0.0
-0.138375 -0.28072 0.0
-0.12626 -0.267544 0.0
-0.111635 -0.246873 0.0
-0.0948033 -0.218044 0.0
-0.076306 -0.180901 0.0
-0.0569823 -0.136172 0.0
-0.0380376 -0.0860909 0.0
-0.0211431 -0.0354561 0.0
-0.00847571 0.00699468 0.0
-0.00175193 0.0274965 0.0
0.000164245 0.0271472 0.0
0.000165516 0.00909672 0.0
-0.00145867 0.0010226 0.0
-0.00688956 0.0110447 0.0
-0.0155382 0.0240006 0.0
-0.024999 0.0382175 0.0
-0.0345207 0.0527982 0.0
-0.0439104 0.067259 0.0
-0.0531166 0.0813526 0.0
-0.0621137 0.0949416 0.0
-0.0708765 0.107929 0.0
-0.0793767 0.120233 0.0
-0.0875831 0.13178 0.0
-0.0954636 0.142501 0.0
-0.102986 0.152338 0.0
-0.11012 0.161242 0.0
-0.116838 0.169171 0.0
-0.123115 0.1761 0.0
-0.128931 0.182011 0.0
-0.134273 0.186902 0.0
-0.13913 0.190781 0.0
-0.143497 0.193667 0.0
-0.147375 0.19559 0.0
-0.15077 0.196589 0.0
-0.153692 0.196711 0.0
-0.156155 0.196011 0.0
-0.158178 0.194547 0.0
-0.159783 0.192383 0.0
-0.160995 0.189586 0.0
-0.161843 0.186225 0.0
-0.162356 0.18237 0.0
-0.162567 0.178089 0.0
-0.16251 0.17345 0.0
-0.162218 0.168519 0.0
-0.161728 0.163359 0.0
-0.161074 0.158029 0.0
-0.160289 0.152585 0.0
-0.159409 0.147075 0.0
-0.158462 0.141545 0.0
-0.157479 0.136032 0.0
-0.156485 0.130571 0.0
-0.155503 0.125186 0.0
-0.154553 0.119899 0.0
-0.153648 0.114725 0.0
-0.152802 0.109671 0.0
-0.152021 0.104743 0.0
-0.15131 0.0999412 0.0
-0.150671 0.0952619 0.0
-0.150101 0.0906996 0.0
-0.149599 0.0862462 0.0
-0.149158 0.0818928 0.0
-0.148772 0.0776294 0.0
-0.148435 0.073446 0.0
-0.14814 0.0693327 0.0
-0.147878 0.0652798 0.0
-0.147643 0.0612784 0.0
-0.147429 0.0573203 0.0
-0.147229 0.053398 0.0
-0.147039 0.0495045 0.0
-0.146852 0.0456338 0.0
-0.146664 0.0417802 0.0
-0.146473 0.0379389 0.0
-0.146275 0.0341051 0.0
-0.146066 0.0302746 0.0
-0.145846 0.0264436 0.0
-0.145612 0.0226083 0.0
-0.145362 0.0187651 0.0
-0.145096 0.0149106 0.0
-0.144812 0.0110415 0.0
-0.144509 0.00715451 0.0
-0.144188 0.00324637 0.0
-0.143847 -0.000686109 0.0
-0.143486 -0.00464549 0.0
-0.143106 -0.00863703 0.0
-0.142706 -0.0126641 0.0
-0.142286 -0.0167296 0.0
-0.141848 -0.0208367 0.0
-0.141389 -0.024988 0.0
-0.140912 -0.0291863 0.0
-0.140417 -0.033434 0.0
-0.139903 -0.0377336 0.0
-0.139373 -0.0420869 0.0
-0.138825 -0.0464961 0.0
-0.138261 -0.0509626 0.0
-0.137683 -0.0554879 0.0
-0.13709 -0.0600729 0.0
-0.136486 -0.0647184 0.0
-0.13587 -0.0694249 0.0
-0.135246 -0.0741926 0.0
-0.134617 -0.0790215 0.0
-0.133985 -0.0839119 0.0
-0.133355 -0.0888637 0.0
-0.132732 -0.0938776 0.0
-0.132124 -0.098955 0.0
-0.13154 -0.104099 0.0
-0.130991 -0.109314 0.0
-0.130492 -0.114607 0.0
-0.130062 -0.119992 0.0
-0.129725 -0.125486 0.0
-0.129509 -0.131113 0.0
-0.12945 -0.13691 0.0
-0.129588 -0.142922 0.0
-0.129972 -0.14921 0.0
-0.130653 -0.155847 0.0
-0.131682 -0.162923 0.0
-0.133107 -0.170536 0.0
-0.134963 -0.178789 0.0
-0.13726 -0.187779 0.0
-0.139975 -0.197576 0.0
-0.143037 -0.208209 0.0
-0.146318 -0.219634 0.0
-0.149627 -0.231712 0.0
-0.152709 -0.244188 0.0
-0.155255 -0.256668 0.0
-0.156908 -0.26861 0.0
-0.157287 -0.279317 0.0
-0.156008 -0.287939 0.0
-0.152706 -0.293491 0.0
-0.147067 -0.294869 0.0
-0.138859 -0.290896 0.0
-0.127964 -0.280379 0.0
-0.114417 -0.26221 0.0
-0.0984479 -0.235508 0.0
-0.0805322 -0.19985 0.0
-0.0614443 -0.155635 0.0
-0.0423281 -0.104689 0.0
-0.0247734 -0.0513072 0.0
-0.0107306 -0.00386454 0.0
-0.00260816 0.0235095 0.0
-2.6915e-05 0.0266368 0.0
0.000158369 0.00942061 0.0
-0.0014516 0.00393286 0.0
-0.00683502 0.0189487 0.0
-0.0154272 0.0333373 0.0
-0.0248662 0.0477806 0.0
-0.0343718 0.0622624 0.0
-0.0437297 0.0765424 0.0
-0.0528792 0.0904249 0.0
-0.0617907 0.103778 0.0
-0.0704372 0.116502 0.0
-0.0787897 0.128513 0.0
-0.0868174 0.139734 0.0
-0.0944898 0.150099 0.0
-0.101777 0.15955 0.0
-0.108651 0.168038 0.0
-0.115088 0.175529 0.0
-0.121068 0.181999 0.0
-0.126575 0.187436 0.0
-0.131598 0.191842 0.0
-0.136131 0.195231 0.0
-0.140175 0.197627 0.0
-0.143732 0.199065 0.0
-0.146812 0.199589 0.0
-0.149429 0.19925 0.0
-0.1516 0.198106 0.0
-0.153345 0.19622 0.0
-0.154689 0.193659 0.0
-0.155661 0.190493 0.0
-0.156289 0.186793 0.0
-0.156605 0.182631 0.0
-0.156643 0.178077 0.0
-0.156438 0.173199 0.0
-0.156024 0.168065 0.0
-0.155438 0.162737 0.0
-0.154713 0.157273 0.0
-0.153884 0.151728 0.0
-0.152984 0.14615 0.0
-0.15204 0.14058 0.0
-0.151081 0.135055 0.0
-0.150131 0.129604 0.0
-0.149208 0.124249 0.0
-0.14833 0.119008 0.0
-0.147507 0.11389 0.0
-0.14675 0.108902 0.0
-0.146062 0.104044 0.0
-0.145446 0.0993132 0.0
-0.144899 0.0947041 0.0
-0.14442 0.0902085 0.0
-0.144002 0.0858168 0.0
-0.143639 0.0815188 0.0
-0.143325 0.077304 0.0
-0.143052 0.0731619 0.0
-0.142814 0.0690826 0.0
-0.142602 0.0650568 0.0
-0.142411 0.0610759 0.0
-0.142234 0.0571322 0.0
-0.142067 0.0532188 0.0
-0.141904 0.0493296 0.0
-0.141741 0.0454588 0.0
-0.141574 0.0416017 0.0
-0.141402 0.0377537 0.0
-0.14122 0.0339106 0.0
-0.141028 0.0300688 0.0
-0.140823 0.0262247 0.0
-0.140605 0.0223747 0.0
-0.140372 0.0185158 0.0
-0.140123 0.0146446 0.0
-0.139857 0.0107581 0.0
-0.139574 0.00685308 0.0
-0.139274 0.00292655 0.0
-0.138957 -0.00102453 0.0
-0.138622 -0.00500266 0.0
-0.138269 -0.0090129 0.0
-0.137898 -0.0130586 0.0
-0.13751 -0.0171426 0.0
-0.137105 -0.021268 0.0
-0.136682 -0.0254374 0.0
-0.136242 -0.0296535 0.0
-0.135786 -0.0339187 0.0
-0.135313 -0.0382352 0.0
-0.134824 -0.0426051 0.0
-0.134319 -0.0470302 0.0
-0.1338 -0.0515119 0.0
-0.133265 -0.0560514 0.0
-0.132717 -0.0606498 0.0
-0.132156 -0.0653073 0.0
-0.131583 -0.0700244 0.0
-0.130999 -0.0748007 0.0
-0.130406 -0.0796359 0.0
-0.129806 -0.0845294 0.0
-0.129202 -0.0894804 0.0
-0.128597 -0.0944883 0.0
-0.127996 -0.0995531 0.0
-0.127405 -0.104675 0.0
-0.126833 -0.109857 0.0
-0.126292 -0.115104 0.0
-0.125794 -0.120423 0.0
-0.125361 -0.125826 0.0
-0.125014 -0.131335 0.0
-0.124786 -0.136976 0.0
-0.124713 -0.14279 0.0
-0.124841 -0.14883 0.0
-0.12522 -0.155166 0.0
-0.125909 -0.161886 0.0
-0.126965 -0.169092 0.0
-0.12844 -0.176902 0.0
-0.130371 -0.185437 0.0
-0.132768 -0.194806 0.0
-0.1356 -0.205087 0.0
-0.138777 -0.216298 0.0
-0.142147 -0.228369 0.0
-0.145485 -0.241111 0.0
-0.148496 -0.254189 0.0
-0.150828 -0.267104 0.0
-0.152087 -0.279184 0.0
-0.151861 -0.289578 0.0
-0.149745 -0.29727 0.0
-0.145375 -0.301099 0.0
-0.138459 -0.299791 0.0
-0.128811 -0.292027 0.0
-0.116398 -0.276524 0.0
-0.101376 -0.252185 0.0
-0.0841476 -0.218317 0.0
-0.0654155 -0.174988 0.0
-0.0462489 -0.123619 0.0
-0.0281613 -0.0680196 0.0
-0.013196 -0.0161603 0.0
-0.00389711 0.018384 0.0
-0.000386373 0.0256704 0.0
0.000118203 0.00969719 0.0
-0.00141855 0.00680301 0.0
-0.00671011 0.0267536 0.0
-0.0151987 0.0426132 0.0
-0.0245568 0.0573018 0.0
-0.0339884 0.0716783 0.0
-0.0432628 0.0857587 0.0
-0.0523104 0.0994057 0.0
-0.0610974 0.112496 0.0
-0.0695946 0.124928 0.0
-0.0777725 0.136617 0.0
-0.0856009 0.147486 0.0
-0.0930506 0.157469 0.0
-0.100094 0.16651 0.0
-0.106706 0.174564 0.0
-0.112866 0.1816 0.0
-0.118557 0.187598 0.0
-0.123767 0.192553 0.0
-0.128488 0.19647 0.0
-0.13272 0.199368 0.0
-0.136463 0.201277 0.0
-0.139726 0.202236 0.0
-0.142521 0.202293 0.0
-0.144863 0.201505 0.0
-0.146773 0.199931 0.0
-0.148275 0.19764 0.0
-0.149393 0.194702 0.0
-0.150158 0.191187 0.0
-0.150601 0.187171 0.0
-0.150756 0.182725 0.0
-0.150656 0.177921 0.0
-0.150337 0.17283 0.0
-0.149834 0.167518 0.0
-0.149184 0.162047 0.0
-0.14842 0.156475 0.0
-0.147575 0.150853 0.0
-0.14668 0.145229 0.0
-0.145763 0.139641 0.0
-0.144849 0.134121 0.0
-0.143958 0.128696 0.0
-0.143108 0.123384 0.0
-0.142311 0.118198 0.0
-0.141577 0.113144 0.0
-0.140911 0.108225 0.0
-0.140316 0.103438 0.0
-0.13979 0.0987769 0.0
-0.13933 0.0942344 0.0
-0.138932 0.0898004 0.0
-0.138589 0.0854641 0.0
-0.138294 0.0812147 0.0
-0.138041 0.0770411 0.0
-0.137822 0.072933 0.0
-0.137629 0.0688807 0.0
-0.137457 0.0648753 0.0
-0.1373 0.0609089 0.0
-0.137152 0.0569745 0.0
-0.137008 0.0530656 0.0
-0.136865 0.0491768 0.0
-0.13672 0.0453031 0.0
-0.136569 0.0414402 0.0
-0.13641 0.0375839 0.0
-0.136241 0.0337308 0.0
-0.136062 0.0298772 0.0
-0.13587 0.02602 0.0
-0.135665 0.0221561 0.0
-0.135446 0.0182823 0.0
-0.135213 0.0143957 0.0
-0.134964 0.0104931 0.0
-0.1347 0.00657178 0.0
-0.134421 0.00262863 0.0
-0.134126 -0.0013392 0.0
-0.133815 -0.00533404 0.0
-0.133488 -0.00936093 0.0
-0.133146 -0.0134232 0.0
-0.132788 -0.0175237 0.0
-0.132415 -0.0216655 0.0
-0.132026 -0.0258511 0.0
-0.131622 -0.0300832 0.0
-0.131204 -0.0343641 0.0
-0.13077 -0.0386961 0.0
-0.130322 -0.0430812 0.0
-0.129859 -0.047521 0.0
-0.129383 -0.0520171 0.0
-0.128893 -0.0565706 0.0
-0.128389 -0.0611823 0.0
-0.127872 -0.0658525 0.0
-0.127343 -0.0705814 0.0
-0.126802 -0.0753685 0.0
-0.12625 -0.0802132 0.0
-0.125688 -0.0851144 0.0
-0.125117 -0.0900707 0.0
-0.124539 -0.0950807 0.0
-0.123958 -0.100143 0.0
-0.123376 -0.105257 0.0
-0.122801 -0.110423 0.0
-0.12224 -0.115642 0.0
-0.121703 -0.120919 0.0
-0.121205 -0.126262 0.0
-0.120764 -0.131685 0.0
-0.120407 -0.137211 0.0
-0.120165 -0.14287 0.0
-0.120079 -0.148709 0.0
-0.120197 -0.15479 0.0
-0.120577 -0.161194 0.0
-0.121281 -0.168024 0.0
-0.122374 -0.175402 0.0
-0.123913 -0.183467 0.0
-0.125936 -0.192356 0.0
-0.128448 -0.202193 0.0
-0.131405 -0.213057 0.0
-0.134697 -0.224949 0.0
-0.138135 -0.237755 0.0
-0.141454 -0.251214 0.0
-0.144314 -0.264886 0.0
-0.146318 -0.278139 0.0
-0.147033 -0.290135 0.0
-0.14602 -0.299843 0.0
-0.142865 -0.306051 0.0
-0.137218 -0.307403 0.0
-0.128829 -0.302452 0.0
-0.11759 -0.28975 0.0
-0.103586 -0.267984 0.0
-0.0871429 -0.236189 0.0
-0.0688932 -0.194098 0.0
-0.0498436 -0.142725 0.0
-0.0314668 -0.0853778 0.0
-0.0158039 -0.0294302 0.0
-0.00533947 0.0118906 0.0
-0.000790329 0.024104 0.0
7.66615e-05 0.00989206 0.0
-0.00137143 0.00959299 0.0
-0.00653497 0.0344187 0.0
-0.0148718 0.0517735 0.0
-0.0240964 0.0667242 0.0
-0.0334028 0.0809939 0.0
-0.0425473 0.0948621 0.0
-0.0514524 0.108255 0.0
-0.0600798 0.121061 0.0
-0.0683986 0.133179 0.0
-0.0763786 0.144524 0.0
-0.0839904 0.15502 0.0
-0.0912057 0.164601 0.0
-0.0979992 0.173215 0.0
-0.104349 0.180821 0.0
-0.110236 0.187391 0.0
-0.115647 0.19291 0.0
-0.120573 0.197377 0.0
-0.12501 0.200804 0.0
-0.128959 0.203214 0.0
-0.132426 0.204641 0.0
-0.13542 0.205129 0.0
-0.137957 0.204731 0.0
-0.140054 0.203506 0.0
-0.141734 0.20152 0.0
-0.143022 0.198841 0.0
-0.143947 0.195544 0.0
-0.144538 0.191702 0.0
-0.144828 0.18739 0.0
-0.144853 0.182684 0.0
-0.144646 0.177655 0.0
-0.144244 0.172375 0.0
-0.143683 0.166909 0.0
-0.142997 0.161319 0.0
-0.142219 0.155661 0.0
-0.141383 0.149985 0.0
-0.140515 0.144335 0.0
-0.139643 0.138746 0.0
-0.138789 0.133247 0.0
-0.137969 0.12786 0.0
-0.137199 0.1226 0.0
-0.136489 0.117475 0.0
-0.135845 0.112488 0.0
-0.135269 0.107639 0.0
-0.134761 0.102921 0.0
-0.13432 0.0983259 0.0
-0.133939 0.0938447 0.0
-0.133612 0.0894659 0.0
-0.133335 0.085178 0.0
-0.133098 0.0809696 0.0
-0.132895 0.0768299 0.0
-0.132718 0.0727488 0.0
-0.132563 0.0687169 0.0
-0.132421 0.0647261 0.0
-0.132289 0.060769 0.0
-0.132162 0.0568393 0.0
-0.132036 0.0529313 0.0
-0.131908 0.0490402 0.0
-0.131775 0.0451614 0.0
-0.131636 0.0412912 0.0
-0.131487 0.037426 0.0
-0.131329 0.0335624 0.0
-0.13116 0.0296973 0.0
-0.13098 0.0258277 0.0
-0.130787 0.0219506 0.0
-0.130581 0.0180632 0.0
-0.130362 0.0141625 0.0
-0.13013 0.0102456 0.0
-0.129884 0.00630964 0.0
-0.129624 0.00235165 0.0
-0.12935 -0.00163122 0.0
-0.129062 -0.00564069 0.0
-0.128761 -0.00968219 0.0
-0.128446 -0.013759 0.0
-0.128117 -0.0178742 0.0
-0.127775 -0.0220304 0.0
-0.127419 -0.0262305 0.0
-0.127049 -0.0304768 0.0
-0.126667 -0.0347718 0.0
-0.126271 -0.0391177 0.0
-0.125862 -0.0435165 0.0
-0.12544 -0.0479699 0.0
-0.125006 -0.0524793 0.0
-0.124558 -0.0570459 0.0
-0.124098 -0.0616704 0.0
-0.123626 -0.0663533 0.0
-0.123141 -0.0710946 0.0
-0.122643 -0.0758937 0.0
-0.122134 -0.0807499 0.0
-0.121612 -0.0856617 0.0
-0.121079 -0.0906274 0.0
-0.120535 -0.0956452 0.0
-0.119982 -0.100713 0.0
-0.119422 -0.105828 0.0
-0.118858 -0.11099 0.0
-0.118295 -0.116198 0.0
-0.117741 -0.121454 0.0
-0.117206 -0.126761 0.0
-0.116704 -0.132129 0.0
-0.116254 -0.137574 0.0
-0.115885 -0.143119 0.0
-0.115628 -0.148802 0.0
-0.11553 -0.154677 0.0
-0.115643 -0.160814 0.0
-0.11603 -0.167312 0.0
-0.11676 -0.174291 0.0
-0.117906 -0.181894 0.0
-0.119527 -0.190283 0.0
-0.121662 -0.199617 0.0
-0.124307 -0.21003 0.0
-0.127399 -0.221593 0.0
-0.130795 -0.234276 0.0
-0.134268 -0.247901 0.0
-0.137502 -0.262105 0.0
-0.140106 -0.276312 0.0
-0.141636 -0.289717 0.0
-0.141624 -0.301286 0.0
-0.139613 -0.309773 0.0
-0.135195 -0.313745 0.0
-0.128056 -0.311638 0.0
-0.118017 -0.301842 0.0
-0.105085 -0.282828 0.0
-0.089512 -0.25336 0.0
-0.0718556 -0.212833 0.0
-0.0530574 -0.161838 0.0
-0.0345353 -0.103163 0.0
-0.0182754 -0.0435672 0.0
-0.00664732 0.003935 0.0
-0.0010814 0.0219445 0.0
6.72221e-05 0.0100359 0.0
-0.00131314 0.0122776 0.0
-0.00631653 0.041901 0.0
-0.0144581 0.0607696 0.0
-0.0235042 0.0759987 0.0
-0.0326419 0.0901636 0.0
-0.0416165 0.103812 0.0
-0.0503435 0.116937 0.0
-0.0587809 0.129443 0.0
-0.0668961 0.141231 0.0
-0.0746585 0.152215 0.0
-0.082039 0.162321 0.0
-0.0890109 0.171487 0.0
-0.0955506 0.179662 0.0
-0.101638 0.186811 0.0
-0.107257 0.192908 0.0
-0.112398 0.197945 0.0
-0.117054 0.201924 0.0
-0.121223 0.204864 0.0
-0.12491 0.20679 0.0
-0.128121 0.207744 0.0
-0.130871 0.207771 0.0
-0.133175 0.20693 0.0
-0.135055 0.205284 0.0
-0.136533 0.2029 0.0
-0.137637 0.199853 0.0
-0.138397 0.196216 0.0
-0.138843 0.192067 0.0
-0.139011 0.187483 0.0
-0.138935 0.182539 0.0
-0.13865 0.177309 0.0
-0.138192 0.171862 0.0
-0.137598 0.166265 0.0
-0.1369 0.160579 0.0
-0.136131 0.154856 0.0
-0.135322 0.149145 0.0
-0.134499 0.143485 0.0
-0.133685 0.13791 0.0
-0.1329 0.132444 0.0
-0.13216 0.127104 0.0
-0.131474 0.121901 0.0
-0.130852 0.116841 0.0
-0.130295 0.111922 0.0
-0.129805 0.10714 0.0
-0.129379 0.102487 0.0
-0.129013 0.0979525 0.0
-0.128702 0.093526 0.0
-0.128439 0.0891952 0.0
-0.128216 0.0849482 0.0
-0.128027 0.0807736 0.0
-0.127864 0.0766607 0.0
-0.127722 0.0725999 0.0
-0.127595 0.0685826 0.0
-0.127477 0.0646012 0.0
-0.127364 0.0606492 0.0
-0.127253 0.0567208 0.0
-0.12714 0.0528109 0.0
-0.127022 0.0489154 0.0
-0.126899 0.0450303 0.0
-0.126768 0.041152 0.0
-0.126629 0.0372775 0.0
-0.126479 0.0334037 0.0
-0.12632 0.0295276 0.0
-0.126149 0.0256464 0.0
-0.125967 0.0217574 0.0
-0.125774 0.0178577 0.0
-0.125569 0.0139445 0.0
-0.125353 0.0100149 0.0
-0.125124 0.00606607 0.0
-0.124883 0.002095 0.0
-0.12463 -0.00190153 0.0
-0.124365 -0.00592346 0.0
-0.124088 -0.00997768 0.0
-0.123799 -0.0140674 0.0
-0.123498 -0.0181953 0.0
-0.123185 -0.0223644 0.0
-0.12286 -0.0265771 0.0
-0.122524 -0.030836 0.0
-0.122175 -0.0351435 0.0
-0.121815 -0.0395018 0.0
-0.121443 -0.0439129 0.0
-0.12106 -0.0483785 0.0
-0.120665 -0.0529 0.0
-0.120259 -0.0574788 0.0
-0.119841 -0.0621155 0.0
-0.119411 -0.0668106 0.0
-0.118969 -0.0715641 0.0
-0.118515 -0.0763756 0.0
-0.118048 -0.0812442 0.0
-0.117569 -0.0861685 0.0
-0.117076 -0.0911465 0.0
-0.11657 -0.0961759 0.0
-0.116051 -0.101254 0.0
-0.115519 -0.106379 0.0
-0.114977 -0.111546 0.0
-0.114427 -0.116755 0.0
-0.113873 -0.122005 0.0
-0.113322 -0.127296 0.0
-0.112785 -0.132634 0.0
-0.112275 -0.138028 0.0
-0.111815 -0.143496 0.0
-0.111431 -0.149066 0.0
-0.111161 -0.154782 0.0
-0.111053 -0.160705 0.0
-0.111167 -0.166921 0.0
-0.111571 -0.173546 0.0
-0.112344 -0.180721 0.0
-0.113562 -0.188618 0.0
-0.11529 -0.197421 0.0
-0.117561 -0.207311 0.0
-0.120356 -0.218425 0.0
-0.123586 -0.230818 0.0
-0.127067 -0.244405 0.0
-0.13052 -0.258914 0.0
-0.133574 -0.273845 0.0
-0.135782 -0.288445 0.0
-0.136657 -0.301696 0.0
-0.135702 -0.312329 0.0
-0.132457 -0.31885 0.0
-0.126544 -0.319586 0.0
-0.117711 -0.312767 0.0
-0.105891 -0.296656 0.0
-0.0912547 -0.269742 0.0
-0.0742838 -0.231078 0.0
-0.0558446 -0.18083 0.0
-0.0372825 -0.121256 0.0
-0.0205149 -0.0585022 0.0
-0.00790339 -0.00536961 0.0
-0.00143589 0.0192157 0.0
3.85392e-05 0.0101417 0.0
-0.00124506 0.0148358 0.0
-0.0060595 0.0491607 0.0
-0.0139674 0.0695595 0.0
-0.0227966 0.0850841 0.0
-0.0317291 0.0991484 0.0
-0.0404999 0.112572 0.0
-0.0490185 0.125422 0.0
-0.0572401 0.137617 0.0
-0.0651303 0.149062 0.0
-0.0726585 0.159674 0.0
-0.0797962 0.16938 0.0
-0.0865178 0.178121 0.0
-0.0928013 0.185851 0.0
-0.0986288 0.192537 0.0
-0.103987 0.198159 0.0
-0.108867 0.202714 0.0
-0.113265 0.206209 0.0
-0.117183 0.208666 0.0
-0.120625 0.210117 0.0
-0.123603 0.210606 0.0
-0.126131 0.210186 0.0
-0.128227 0.208916 0.0
-0.129913 0.206864 0.0
-0.131216 0.204101 0.0
-0.132163 0.200703 0.0
-0.132784 0.196747 0.0
-0.133113 0.192312 0.0
-0.133185 0.187477 0.0
-0.133033 0.182317 0.0
-0.132695 0.176907 0.0
-0.132206 0.171317 0.0
-0.1316 0.16561 0.0
-0.13091 0.159846 0.0
-0.130168 0.154077 0.0
-0.129401 0.148347 0.0
-0.128635 0.142693 0.0
-0.127889 0.137143 0.0
-0.127181 0.131718 0.0
-0.126522 0.126431 0.0
-0.125922 0.121289 0.0
-0.125385 0.116293 0.0
-0.124911 0.11144 0.0
-0.124501 0.106721 0.0
-0.124149 0.102128 0.0
-0.123851 0.0976478 0.0
-0.1236 0.0932689 0.0
-0.12339 0.0889788 0.0
-0.123214 0.0847653 0.0
-0.123063 0.0806174 0.0
-0.122934 0.0765249 0.0
-0.122818 0.0724787 0.0
-0.122713 0.068471 0.0
-0.122613 0.0644948 0.0
-0.122514 0.0605443 0.0
-0.122414 0.0566145 0.0
-0.122311 0.0527009 0.0
-0.122202 0.0487996 0.0
-0.122086 0.0449073 0.0
-0.121963 0.0410208 0.0
-0.121831 0.0371371 0.0
-0.121689 0.0332535 0.0
-0.121538 0.0293673 0.0
-0.121378 0.0254756 0.0
-0.121207 0.0215758 0.0
-0.121026 0.0176652 0.0
-0.120834 0.0137409 0.0
-0.120632 0.00980021 0.0
-0.12042 0.00584023 0.0
-0.120198 0.00185803 0.0
-0.119966 -0.00214944 0.0
-0.119724 -0.0061827 0.0
-0.119471 -0.0102483 0.0
-0.119207 -0.0143493 0.0
-0.118933 -0.0184886 0.0
-0.118648 -0.0226688 0.0
-0.118353 -0.0268927 0.0
-0.118047 -0.0311627 0.0
-0.117731 -0.0354812 0.0
-0.117404 -0.0398505 0.0
-0.117068 -0.0442724 0.0
-0.116721 -0.0487489 0.0
-0.116363 -0.0532815 0.0
-0.115996 -0.0578712 0.0
-0.115617 -0.0625192 0.0
-0.115228 -0.0672258 0.0
-0.114828 -0.0719912 0.0
-0.114415 -0.076815 0.0
-0.11399 -0.0816964 0.0
-0.113552 -0.086634 0.0
-0.1131 -0.0916258 0.0
-0.112633 -0.0966694 0.0
-0.112151 -0.101762 0.0
-0.111653 -0.1069 0.0
-0.11114 -0.11208 0.0
-0.110612 -0.1173 0.0
-0.110071 -0.122555 0.0
-0.109522 -0.127846 0.0
-0.10897 -0.133173 0.0
-0.108427 -0.138541 0.0
-0.107907 -0.143962 0.0
-0.107433 -0.149457 0.0
-0.107035 -0.155059 0.0
-0.106753 -0.160817 0.0
-0.106641 -0.166807 0.0
-0.106764 -0.173131 0.0
-0.107201 -0.179925 0.0
-0.108037 -0.18736 0.0
-0.109353 -0.195635 0.0
-0.111214 -0.204964 0.0
-0.113646 -0.215544 0.0
-0.116606 -0.227509 0.0
-0.119967 -0.240873 0.0
-0.123494 -0.255467 0.0
-0.126846 -0.270887 0.0
-0.12959 -0.286451 0.0
-0.131225 -0.30118 0.0
-0.131224 -0.3138 0.0
-0.12908 -0.322767 0.0
-0.124351 -0.326311 0.0
-0.116716 -0.322511 0.0
-0.106029 -0.30942 0.0
-0.092382 -0.28526 0.0
-0.0761755 -0.248738 0.0
-0.0581962 -0.199589 0.0
-0.039713 -0.139542 0.0
-0.0225804 -0.074116 0.0
-0.00925348 -0.0156941 0.0
-0.00198554 0.0158048 0.0
-4.37945e-05 0.0101365 0.0
-0.00116857 0.0172494 0.0
-0.00576873 0.0561616 0.0
-0.0134091 0.0781067 0.0
-0.0219887 0.0939457 0.0
-0.0306853 0.107916 0.0
-0.0392241 0.121114 0.0
-0.0475092 0.133684 0.0
-0.0554932 0.145561 0.0
-0.063141 0.156656 0.0
-0.0704217 0.166889 0.0
-0.0773074 0.176189 0.0
-0.0837738 0.184501 0.0
-0.0898003 0.191782 0.0
-0.0953709 0.198004 0.0
-0.100474 0.203153 0.0
-0.105104 0.207229 0.0
-0.109257 0.210246 0.0
-0.112938 0.212228 0.0
-0.116155 0.213214 0.0
-0.118918 0.213251 0.0
-0.121245 0.212396 0.0
-0.123155 0.210713 0.0
-0.124672 0.208271 0.0
-0.125823 0.205147 0.0
-0.126636 0.201417 0.0
-0.127144 0.197162 0.0
-0.12738 0.192462 0.0
-0.127379 0.187397 0.0
-0.127175 0.182043 0.0
-0.126805 0.176474 0.0
-0.126304 0.170759 0.0
-0.125705 0.164962 0.0
-0.12504 0.15914 0.0
-0.124339 0.15334 0.0
-0.123626 0.147605 0.0
-0.122925 0.141967 0.0
-0.122252 0.136451 0.0
-0.121624 0.131072 0.0
-0.121047 0.125841 0.0
-0.12053 0.120761 0.0
-0.120074 0.115828 0.0
-0.119678 0.111036 0.0
-0.11934 0.106376 0.0
-0.119054 0.101836 0.0
-0.118816 0.097403 0.0
-0.118617 0.0930645 0.0
-0.118451 0.0888077 0.0
-0.118312 0.0846209 0.0
-0.118194 0.0804933 0.0
-0.11809 0.0764154 0.0
-0.117996 0.0723789 0.0
-0.117907 0.0683765 0.0
-0.11782 0.0644022 0.0
-0.117732 0.0604507 0.0
-0.117641 0.0565176 0.0
-0.117546 0.0525988 0.0
-0.117444 0.0486911 0.0
-0.117335 0.0447914 0.0
-0.117218 0.0408967 0.0
-0.117093 0.0370044 0.0
-0.11696 0.0331118 0.0
-0.116818 0.0292163 0.0
-0.116667 0.0253152 0.0
-0.116507 0.0214059 0.0
-0.116339 0.0174857 0.0
-0.116162 0.0135519 0.0
-0.115975 0.00960155 0.0
-0.115781 0.00563203 0.0
-0.115577 0.00164052 0.0
-0.115365 -0.00237559 0.0
-0.115144 -0.00641925 0.0
-0.114914 -0.010495 0.0
-0.114674 -0.014606 0.0
-0.114425 -0.0187552 0.0
-0.114166 -0.0229454 0.0
-0.113899 -0.027179 0.0
-0.113622 -0.0314588 0.0
-0.113336 -0.035787 0.0
-0.113041 -0.0401659 0.0
-0.112737 -0.0445975 0.0
-0.112424 -0.0490837 0.0
-0.112102 -0.053626 0.0
-0.11177 -0.0582258 0.0
-0.111429 -0.062884 0.0
-0.111078 -0.0676013 0.0
-0.110716 -0.0723779 0.0
-0.110343 -0.0772135 0.0
-0.109958 -0.0821075 0.0
-0.109561 -0.0870586 0.0
-0.109149 -0.092065 0.0
-0.108721 -0.0971241 0.0
-0.108278 -0.102233 0.0
-0.107816 -0.107388 0.0
-0.107336 -0.112586 0.0
-0.106836 -0.117822 0.0
-0.106317 -0.123092 0.0
-0.105782 -0.128394 0.0
-0.105232 -0.133725 0.0
-0.104676 -0.139088 0.0
-0.104123 -0.144488 0.0
-0.10359 -0.149939 0.0
-0.103101 -0.155465 0.0
-0.102688 -0.161105 0.0
-0.102398 -0.166922 0.0
-0.102289 -0.173002 0.0
-0.102435 -0.179471 0.0
-0.102924 -0.186491 0.0
-0.103847 -0.194265 0.0
-0.105291 -0.203028 0.0
-0.107318 -0.213023 0.0
-0.109934 -0.224454 0.0
-0.113066 -0.237435 0.0
-0.116534 -0.25191 0.0
-0.12004 -0.267586 0.0
-0.123173 -0.283875 0.0
-0.125435 -0.299859 0.0
-0.126276 -0.314281 0.0
-0.125145 -0.325562 0.0
-0.121544 -0.331846 0.0
-0.115081 -0.331073 0.0
-0.105535 -0.321092 0.0
-0.0929153 -0.299855 0.0
-0.0775407 -0.265724 0.0
-0.0601185 -0.218004 0.0
-0.0418451 -0.157884 0.0
-0.024522 -0.0902301 0.0
-0.0106145 -0.0268143 0.0
-0.00257067 0.0116132 0.0
-0.000138512 0.00995416 0.0
-0.00108524 0.0195032 0.0
-0.00544944 0.0628722 0.0
-0.0127929 0.08638 0.0
-0.021095 0.102554 0.0
-0.0295299 0.116439 0.0
-0.0378133 0.129413 0.0
-0.0458441 0.141701 0.0
-0.053573 0.153257 0.0
-0.0609641 0.163999 0.0
-0.0679867 0.173849 0.0
-0.0746137 0.182741 0.0
-0.0808218 0.190623 0.0
-0.086592 0.197456 0.0
-0.0919097 0.203218 0.0
-0.0967653 0.207898 0.0
-0.101154 0.211502 0.0
-0.105076 0.214048 0.0
-0.108535 0.215566 0.0
-0.111541 0.216098 0.0
-0.114109 0.215697 0.0
-0.116254 0.214422 0.0
-0.117999 0.212341 0.0
-0.119368 0.209529 0.0
-0.120388 0.206061 0.0
-0.121091 0.202019 0.0
-0.121507 0.197485 0.0
-0.121671 0.19254 0.0
-0.121617 0.187264 0.0
-0.121381 0.181736 0.0
-0.120998 0.176028 0.0
-0.120502 0.170208 0.0
-0.119925 0.164338 0.0
-0.119298 0.158472 0.0
-0.118647 0.152656 0.0
-0.117996 0.146927 0.0
-0.117365 0.141314 0.0
-0.116769 0.135837 0.0
-0.11622 0.130508 0.0
-0.115724 0.125334 0.0
-0.115286 0.120313 0.0
-0.114906 0.115439 0.0
-0.114581 0.110704 0.0
-0.114307 0.106096 0.0
-0.114079 0.101603 0.0
-0.113892 0.0972097 0.0
-0.113737 0.0929044 0.0
-0.113608 0.0886742 0.0
-0.1135 0.0845077 0.0
-0.113407 0.0803948 0.0
-0.113324 0.0763267 0.0
-0.113246 0.0722957 0.0
-0.11317 0.0682955 0.0
-0.113094 0.0643204 0.0
-0.113015 0.0603659 0.0
-0.112932 0.0564282 0.0
-0.112842 0.0525036 0.0
-0.112747 0.0485892 0.0
-0.112644 0.0446821 0.0
-0.112535 0.0407797 0.0
-0.112417 0.0368794 0.0
-0.112292 0.0329787 0.0
-0.11216 0.029075 0.0
-0.11202 0.0251658 0.0
-0.111872 0.0212483 0.0
-0.111717 0.0173199 0.0
-0.111554 0.0133778 0.0
-0.111384 0.0094194 0.0
-0.111206 0.00544179 0.0
-0.111021 0.00144225 0.0
-0.110828 -0.00258193 0.0
-0.110627 -0.0066344 0.0
-0.110418 -0.010719 0.0
-0.110201 -0.0148388 0.0
-0.109976 -0.0189968 0.0
-0.109743 -0.0231956 0.0
-0.109501 -0.0274379 0.0
-0.109251 -0.0317262 0.0
-0.108994 -0.036063 0.0
-0.108728 -0.0404504 0.0
-0.108454 -0.0448906 0.0
-0.108173 -0.0493853 0.0
-0.107883 -0.0539363 0.0
-0.107585 -0.058545 0.0
-0.107278 -0.0632125 0.0
-0.106962 -0.0679395 0.0
-0.106637 -0.0727265 0.0
-0.106301 -0.0775733 0.0
-0.105954 -0.0824795 0.0
-0.105595 -0.0874439 0.0
-0.105222 -0.0924649 0.0
-0.104833 -0.0975401 0.0
-0.104427 -0.102667 0.0
-0.104002 -0.107841 0.0
-0.103557 -0.113059 0.0
-0.10309 -0.118316 0.0
-0.102599 -0.123607 0.0
-0.102086 -0.128928 0.0
-0.10155 -0.134276 0.0
-0.100996 -0.139648 0.0
-0.100431 -0.145046 0.0
-0.0998649 -0.150479 0.0
-0.0993161 -0.155963 0.0
-0.0988108 -0.161526 0.0
-0.0983861 -0.167217 0.0
-0.098093 -0.173109 0.0
-0.0979984 -0.179312 0.0
-0.0981851 -0.185974 0.0
-0.0987493 -0.193294 0.0
-0.0997912 -0.201513 0.0
-0.101399 -0.210904 0.0
-0.103622 -0.221733 0.0
-0.106442 -0.234204 0.0
-0.109737 -0.248378 0.0
-0.113261 -0.264087 0.0
-0.116642 -0.28086 0.0
-0.119393 -0.297862 0.0
-0.120954 -0.313876 0.0
-0.120739 -0.327312 0.0
-0.118195 -0.336241 0.0
-0.112866 -0.33847 0.0
-0.104452 -0.331655 0.0
-0.0928833 -0.31348 0.0
-0.0783944 -0.281963 0.0
-0.061612 -0.23597 0.0
-0.0436582 -0.176145 0.0
-0.0262722 -0.106678 0.0
-0.0118907 -0.0386552 0.0
-0.00311301 0.00663246 0.0
-0.000212963 0.00960269 0.0
-0.000996683 0.0215851 0.0
-0.00510693 0.0692647 0.0
-0.0121281 0.094352 0.0
-0.0201288 0.110885 0.0
-0.0282808 0.124695 0.0
-0.0362896 0.137449 0.0
-0.0440493 0.149455 0.0
-0.0515088 0.160691 0.0
-0.0586321 0.17108 0.0
-0.0653887 0.180548 0.0
-0.0717523 0.189033 0.0
-0.0777007 0.196488 0.0
-0.0832161 0.202877 0.0
-0.0882855 0.208184 0.0
-0.0929008 0.212403 0.0
-0.0970584 0.215544 0.0
-0.10076 0.21763 0.0
-0.104012 0.218696 0.0
-0.106824 0.218788 0.0
-0.109212 0.217963 0.0
-0.111194 0.216284 0.0
-0.112793 0.213823 0.0
-0.114033 0.210656 0.0
-0.114943 0.206864 0.0
-0.115553 0.202529 0.0
-0.115897 0.197735 0.0
-0.116008 0.192564 0.0
-0.11592 0.187098 0.0
-0.115668 0.181414 0.0
-0.115287 0.175585 0.0
-0.11481 0.169677 0.0
-0.114267 0.163749 0.0
-0.113686 0.157853 0.0
-0.113094 0.152031 0.0
-0.11251 0.146317 0.0
-0.111952 0.140735 0.0
-0.111433 0.135301 0.0
-0.110961 0.130024 0.0
-0.110542 0.124904 0.0
-0.110178 0.119939 0.0
-0.109866 0.11512 0.0
-0.109605 0.110436 0.0
-0.109389 0.105874 0.0
-0.109211 0.10142 0.0
-0.109067 0.0970601 0.0
-0.108949 0.0927813 0.0
-0.108851 0.0885715 0.0
-0.108769 0.0844199 0.0
-0.108696 0.0803169 0.0
-0.108629 0.0762545 0.0
-0.108564 0.0722258 0.0
-0.108499 0.068225 0.0
-0.108432 0.0642473 0.0
-0.10836 0.0602886 0.0
-0.108284 0.0563455 0.0
-0.108201 0.0524147 0.0
-0.108112 0.0484937 0.0
-0.108016 0.0445797 0.0
-0.107914 0.0406702 0.0
-0.107805 0.0367628 0.0
-0.107689 0.032855 0.0
-0.107567 0.0289442 0.0
-0.107438 0.0250279 0.0
-0.107303 0.0211034 0.0
-0.107162 0.0171681 0.0
-0.107014 0.0132191 0.0
-0.106859 0.00925372 0.0
-0.106699 0.00526911 0.0
-0.106531 0.00126248 0.0
-0.106357 -0.00276894 0.0
-0.106176 -0.006829 0.0
-0.105988 -0.0109213 0.0
-0.105792 -0.0150489 0.0
-0.10559 -0.0192145 0.0
-0.10538 -0.023421 0.0
-0.105162 -0.027671 0.0
-0.104938 -0.0319669 0.0
-0.104707 -0.0363112 0.0
-0.104468 -0.0407062 0.0
-0.104223 -0.0451538 0.0
-0.10397 -0.0496562 0.0
-0.10371 -0.0542149 0.0
-0.103443 -0.0588316 0.0
-0.103168 -0.0635074 0.0
-0.102885 -0.0682432 0.0
-0.102594 -0.0730397 0.0
-0.102293 -0.0778969 0.0
-0.101981 -0.0828145 0.0
-0.101657 -0.0877917 0.0
-0.10132 -0.092827 0.0
-0.100969 -0.0979184 0.0
-0.1006 -0.103063 0.0
-0.100212 -0.108257 0.0
-0.0998022 -0.113497 0.0
-0.0993691 -0.118778 0.0
-0.0989103 -0.124094 0.0
-0.0984244 -0.12944 0.0
-0.0979109 -0.134812 0.0
-0.0973709 -0.140205 0.0
-0.0968078 -0.145618 0.0
-0.096229 -0.151053 0.0
-0.0956466 -0.15652 0.0
-0.0950804 -0.16204 0.0
-0.0945598 -0.167648 0.0
-0.0941271 -0.173404 0.0
-0.0938401 -0.179399 0.0
-0.0937747 -0.185766 0.0
-0.0940242 -0.192689 0.0
-0.0946947 -0.200406 0.0
-0.0958923 -0.209206 0.0
-0.0977011 -0.219399 0.0
-0.100151 -0.231269 0.0
-0.10318 -0.244989 0.0
-0.106605 -0.260527 0.0
-0.110098 -0.277546 0.0
-0.113202 -0.295321 0.0
-0.115357 -0.312702 0.0
-0.11595 -0.328108 0.0
-0.114383 -0.339556 0.0
-0.110134 -0.344734 0.0
-0.10283 -0.341109 0.0
-0.0923206 -0.326104 0.0
-0.078756 -0.297392 0.0
-0.0626798 -0.253399 0.0
-0.0451355 -0.194214 0.0
-0.0277936 -0.123337 0.0
-0.0130568 -0.0511145 0.0
-0.00359318 0.000850521 0.0
-0.000249154 0.00914058 0.0
-0.000904518 0.0234863 0.0
-0.00474637 0.0753156 0.0
-0.0114236 0.102 0.0
-0.0191028 0.118917 0.0
-0.0269541 0.132666 0.0
-0.0346728 0.145206 0.0
-0.042148 0.156934 0.0
-0.0493271 0.167851 0.0
-0.0561741 0.17789 0.0
-0.062659 0.186979 0.0
-0.0687564 0.195063 0.0
-0.074445 0.202095 0.0
-0.0797083 0.208049 0.0
-0.0845347 0.212909 0.0
-0.0889171 0.216676 0.0
-0.0928535 0.219365 0.0
-0.0963467 0.221003 0.0
-0.099404 0.221631 0.0
-0.102037 0.221298 0.0
-0.104261 0.220065 0.0
-0.106096 0.217999 0.0
-0.107565 0.215175 0.0
-0.108694 0.211673 0.0
-0.109511 0.207575 0.0
-0.110048 0.202965 0.0
-0.110336 0.19793 0.0
-0.110409 0.192553 0.0
-0.110302 0.186915 0.0
-0.110049 0.181093 0.0
-0.109683 0.175159 0.0
-0.109235 0.169178 0.0
-0.108734 0.163205 0.0
-0.108208 0.15729 0.0
-0.107678 0.151471 0.0
-0.107163 0.145778 0.0
-0.106678 0.140231 0.0
-0.106234 0.134841 0.0
-0.105837 0.129614 0.0
-0.10549 0.124548 0.0
-0.105193 0.119635 0.0
-0.104944 0.114865 0.0
-0.104739 0.110226 0.0
-0.104573 0.105702 0.0
-0.104439 0.101281 0.0
-0.104332 0.0969475 0.0
-0.104245 0.0926892 0.0
-0.104173 0.0884943 0.0
-0.104111 0.0843527 0.0
-0.104055 0.0802556 0.0
-0.104001 0.0761956 0.0
-0.103948 0.0721666 0.0
-0.103892 0.0681634 0.0
-0.103832 0.0641818 0.0
-0.103768 0.0602182 0.0
-0.103698 0.0562693 0.0
-0.103622 0.0523325 0.0
-0.10354 0.0484051 0.0
-0.103452 0.0444848 0.0
-0.103358 0.040569 0.0
-0.103258 0.0366554 0.0
-0.103152 0.0327414 0.0
-0.103041 0.0288246 0.0
-0.102925 0.0249024 0.0
-0.102803 0.020972 0.0
-0.102675 0.0170307 0.0
-0.102542 0.0130758 0.0
-0.102404 0.00910437 0.0
-0.102259 0.00511363 0.0
-0.102109 0.00110076 0.0
-0.101953 -0.00293707 0.0
-0.101791 -0.0070038 0.0
-0.101623 -0.0111029 0.0
-0.101448 -0.0152373 0.0
-0.101267 -0.0194098 0.0
-0.101079 -0.0236232 0.0
-0.100885 -0.0278799 0.0
-0.100685 -0.0321826 0.0
-0.100478 -0.0365337 0.0
-0.100264 -0.0409353 0.0
-0.100045 -0.0453896 0.0
-0.099819 -0.0498987 0.0
-0.0995867 -0.0544643 0.0
-0.0993479 -0.059088 0.0
-0.0991023 -0.0637713 0.0
-0.0988495 -0.068515 0.0
-0.0985887 -0.0733201 0.0
-0.0983194 -0.0781869 0.0
-0.0980403 -0.0831152 0.0
-0.0977503 -0.0881045 0.0
-0.0974477 -0.0931536 0.0
-0.0971307 -0.0982606 0.0
-0.0967971 -0.103423 0.0
-0.0964446 -0.108638 0.0
-0.0960705 -0.1139 0.0
-0.095672 -0.119206 0.0
-0.0952466 -0.12455 0.0
-0.0947917 -0.129925 0.0
-0.0943055 -0.135327 0.0
-0.0937872 -0.140748 0.0
-0.093238 -0.146186 0.0
-0.0926615 -0.151639 0.0
-0.0920657 -0.157112 0.0
-0.0914646 -0.162615 0.0
-0.0908805 -0.168177 0.0
-0.0903471 -0.173841 0.0
-0.089913 -0.179683 0.0
-0.0896447 -0.185816 0.0
-0.0896288 -0.192405 0.0
-0.0899701 -0.199677 0.0
-0.0907843 -0.207922 0.0
-0.0921796 -0.217478 0.0
-0.0942278 -0.228691 0.0
-0.0969244 -0.24184 0.0
-0.100148 -0.257028 0.0
-0.103633 -0.274067 0.0
-0.106958 -0.29237 0.0
-0.109578 -0.310879 0.0
-0.110867 -0.328049 0.0
-0.110185 -0.341864 0.0
-0.106952 -0.349907 0.0
-0.100723 -0.349467 0.0
-0.0912678 -0.33771 0.0
-0.0786516 -0.311967 0.0
-0.0633334 -0.270219 0.0
-0.0462732 -0.211998 0.0
-0.0290621 -0.140106 0.0
-0.0140448 -0.0640998 0.0
-0.00404342 -0.00562915 0.0
-0.000329306 0.00856212 0.0
-0.000810235 0.0252011 0.0
-0.00437264 0.0810051 0.0
-0.0106879 0.109302 0.0
-0.0180285 0.126634 0.0
-0.0255647 0.140337 0.0
-0.0329809 0.15267 0.0
-0.0401612 0.164125 0.0
-0.0470517 0.174729 0.0
-0.0536162 0.184423 0.0
-0.0598257 0.193141 0.0
-0.0656555 0.200829 0.0
-0.0710854 0.207448 0.0
-0.0761002 0.212974 0.0
-0.080689 0.217398 0.0
-0.0848463 0.220726 0.0
-0.0885709 0.222976 0.0
-0.0918667 0.224181 0.0
-0.0947419 0.224385 0.0
-0.0972088 0.223643 0.0
-0.099284 0.222019 0.0
-0.100987 0.219583 0.0
-0.102342 0.216415 0.0
-0.103375 0.212595 0.0
-0.104115 0.208209 0.0
-0.104592 0.203344 0.0
-0.10484 0.198086 0.0
-0.10489 0.19252 0.0
-0.104777 0.186727 0.0
-0.104533 0.180784 0.0
-0.104191 0.17476 0.0
-0.103781 0.168718 0.0
-0.103329 0.162713 0.0
-0.102861 0.156788 0.0
-0.102396 0.150979 0.0
-0.10195 0.145311 0.0
-0.101537 0.1398 0.0
-0.101165 0.134455 0.0
-0.100837 0.129276 0.0
-0.100557 0.124258 0.0
-0.100322 0.119393 0.0
-0.100129 0.114666 0.0
-0.0999737 0.110065 0.0
-0.0998506 0.105574 0.0
-0.0997539 0.101179 0.0
-0.0996778 0.0968661 0.0
-0.0996168 0.0926228 0.0
-0.0995662 0.0884382 0.0
-0.0995217 0.0843026 0.0
-0.0994798 0.0802081 0.0
-0.099438 0.076148 0.0
-0.099394 0.0721168 0.0
-0.0993465 0.0681099 0.0
-0.0992943 0.0641236 0.0
-0.0992369 0.0601546 0.0
-0.099174 0.0562001 0.0
-0.0991054 0.0522575 0.0
-0.0990313 0.0483243 0.0
-0.0989518 0.0443983 0.0
-0.0988671 0.040477 0.0
-0.0987774 0.036558 0.0
-0.0986829 0.0326389 0.0
-0.0985836 0.028717 0.0
-0.0984797 0.0247897 0.0
-0.0983712 0.0208543 0.0
-0.098258 0.016908 0.0
-0.0981402 0.0129479 0.0
-0.0980174 0.00897124 0.0
-0.0978898 0.00497513 0.0
-0.097757 0.000956724 0.0
-0.0976189 -0.00308681 0.0
-0.0974753 -0.00715947 0.0
-0.097326 -0.0112646 0.0
-0.097171 -0.0154052 0.0
-0.0970101 -0.0195839 0.0
-0.0968433 -0.0238034 0.0
-0.0966706 -0.0280663 0.0
-0.0964921 -0.0323751 0.0
-0.0963079 -0.0367322 0.0
-0.0961179 -0.0411398 0.0
-0.0959224 -0.0456001 0.0
-0.0957211 -0.0501152 0.0
-0.0955142 -0.0546869 0.0
-0.0953015 -0.0593169 0.0
-0.0950827 -0.0640067 0.0
-0.0948574 -0.0687576 0.0
-0.0946251 -0.0735705 0.0
-0.094385 -0.0784459 0.0
-0.0941361 -0.0833841 0.0
-0.093877 -0.0883846 0.0
-0.0936062 -0.0934467 0.0
-0.0933218 -0.0985688 0.0
-0.0930216 -0.103749 0.0
-0.092703 -0.108983 0.0
-0.0923631 -0.114269 0.0
-0.091999 -0.1196 0.0
-0.0916074 -0.124973 0.0
-0.0911851 -0.13038 0.0
-0.0907295 -0.135814 0.0
-0.0902383 -0.14127 0.0
-0.0897106 -0.146741 0.0
-0.0891476 -0.152224 0.0
-0.0885537 -0.157717 0.0
-0.0879381 -0.163227 0.0
-0.0873169 -0.168771 0.0
-0.086716 -0.174381 0.0
-0.0861748 -0.180118 0.0
-0.0857497 -0.186074 0.0
-0.0855177 -0.192395 0.0
-0.0855779 -0.199286 0.0
-0.0860475 -0.20703 0.0
-0.0870495 -0.215974 0.0
-0.0886877 -0.22651 0.0
-0.0910084 -0.239004 0.0
-0.0939542 -0.253694 0.0
-0.0973228 -0.270549 0.0
-0.100747 -0.289139 0.0
-0.103708 -0.30853 0.0
-0.105575 -0.327241 0.0
-0.10568 -0.343248 0.0
-0.10339 -0.354046 0.0
-0.0981899 -0.356757 0.0
-0.0897707 -0.348296 0.0
-0.0781146 -0.325653 0.0
-0.0635945 -0.286371 0.0
-0.0470859 -0.229415 0.0
-0.0301008 -0.156885 0.0
-0.0149265 -0.0775123 0.0
-0.00448195 -0.0126626 0.0
-0.000416669 0.00781615 0.0
-0.000715187 0.0267265 0.0
-0.00399019 0.0863171 0.0
-0.00992851 0.116244 0.0
-0.0169164 0.134021 0.0
-0.0241258 0.147695 0.0
-0.03123 0.159832 0.0
-0.0381075 0.171021 0.0
-0.0447033 0.181319 0.0
-0.0509814 0.190676 0.0
-0.0569134 0.199029 0.0
-0.0624757 0.206332 0.0
-0.0676491 0.212548 0.0
-0.0724193 0.217659 0.0
-0.0767766 0.22166 0.0
-0.0807163 0.224561 0.0
-0.0842384 0.226387 0.0
-0.0873472 0.227175 0.0
-0.0900519 0.226972 0.0
-0.0923653 0.225837 0.0
-0.0943045 0.223839 0.0
-0.0958898 0.221052 0.0
-0.0971448 0.217556 0.0
-0.0980959 0.213438 0.0
-0.0987718 0.208783 0.0
-0.0992032 0.20368 0.0
-0.0994218 0.198217 0.0
-0.0994603 0.192479 0.0
-0.0993513 0.186547 0.0
-0.0991266 0.180496 0.0
-0.0988166 0.174396 0.0
-0.0984496 0.168305 0.0
-0.0980509 0.162276 0.0
-0.0976426 0.156348 0.0
-0.0972427 0.150554 0.0
-0.0968656 0.144914 0.0
-0.0965214 0.13944 0.0
-0.0962165 0.134138 0.0
-0.0959539 0.129004 0.0
-0.0957338 0.12403 0.0
-0.095554 0.119206 0.0
-0.0954108 0.114517 0.0
-0.0952991 0.109947 0.0
-0.0952136 0.105483 0.0
-0.0951488 0.101109 0.0
-0.0950993 0.096811 0.0
-0.0950603 0.0925782 0.0
-0.0950278 0.0883998 0.0
-0.0949981 0.084267 0.0
-0.0949685 0.0801725 0.0
-0.094937 0.0761104 0.0
-0.094902 0.0720757 0.0
-0.0948626 0.0680643 0.0
-0.0948181 0.0640728 0.0
-0.0947683 0.0600984 0.0
-0.0947132 0.0561384 0.0
-0.0946529 0.0521905 0.0
-0.0945876 0.0482522 0.0
-0.0945176 0.0443212 0.0
-0.0944431 0.0403952 0.0
-0.0943644 0.0364717 0.0
-0.0942816 0.0325481 0.0
-0.0941949 0.0286219 0.0
-0.0941042 0.0246904 0.0
-0.0940097 0.0207507 0.0
-0.0939111 0.0168 0.0
-0.0938085 0.0128355 0.0
-0.0937015 0.00885424 0.0
-0.0935902 0.00485335 0.0
-0.0934743 0.000829995 0.0
-0.0933536 -0.00321868 0.0
-0.0932278 -0.00729672 0.0
-0.0930969 -0.0114074 0.0
-0.0929606 -0.0155536 0.0
-0.0928189 -0.0197379 0.0
-0.0926718 -0.0239631 0.0
-0.0925193 -0.0282316 0.0
-0.0923615 -0.032546 0.0
-0.0921984 -0.0369085 0.0
-0.0920301 -0.0413215 0.0
-0.0918566 -0.0457872 0.0
-0.0916781 -0.0503077 0.0
-0.0914945 -0.0548848 0.0
-0.0913056 -0.0595204 0.0
-0.0911114 -0.0642161 0.0
-0.0909114 -0.0689733 0.0
-0.0907051 -0.0737932 0.0
-0.0904919 -0.0786764 0.0
-0.0902706 -0.0836236 0.0
-0.0900402 -0.0886345 0.0
-0.0897989 -0.0937087 0.0
-0.0895449 -0.098845 0.0
-0.0892759 -0.104041 0.0
-0.0889894 -0.109295 0.0
-0.0886823 -0.114603 0.0
-0.0883515 -0.119961 0.0
-0.0879934 -0.125362 0.0
-0.0876044 -0.130801 0.0
-0.087181 -0.136272 0.0
-0.08672 -0.141765 0.0
-0.0862192 -0.147275 0.0
-0.0856777 -0.152795 0.0
-0.085097 -0.15832 0.0
-0.0844824 -0.163853 0.0
-0.0838449 -0.169403 0.0
-0.0832037 -0.174991 0.0
-0.0825894 -0.180663 0.0
-0.0820486 -0.186495 0.0
-0.0816474 -0.192607 0.0
-0.0814758 -0.199185 0.0
-0.0816466 -0.20649 0.0
-0.082289 -0.214869 0.0
-0.0835288 -0.224737 0.0
-0.0854538 -0.236531 0.0
-0.0880663 -0.250608 0.0
-0.0912321 -0.2671 0.0
-0.0946455 -0.28575 0.0
-0.0978268 -0.305778 0.0
-0.100158 -0.325796 0.0
-0.100948 -0.343799 0.0
-0.0995181 -0.357216 0.0
-0.0952905 -0.363014 0.0
-0.087879 -0.357869 0.0
-0.0771833 -0.338432 0.0
-0.0634903 -0.301805 0.0
-0.0475914 -0.246389 0.0
-0.0309196 -0.173569 0.0
-0.0156998 -0.0912228 0.0
-0.00488865 -0.0202078 0.0
-0.000495998 0.00690349 0.0
-0.000620565 0.0280622 0.0
-0.00360302 0.0912388 0.0
-0.00915244 0.12281 0.0
-0.0157761 0.141067 0.0
-0.0226494 0.154733 0.0
-0.0294342 0.166684 0.0
-0.0360034 0.177616 0.0
-0.0423005 0.187617 0.0
-0.0482898 0.196645 0.0
-0.0539438 0.204646 0.0
-0.0592397 0.211574 0.0
-0.0641595 0.217399 0.0
-0.0686898 0.222108 0.0
-0.0728217 0.2257 0.0
-0.0765515 0.228191 0.0
-0.0798797 0.229608 0.0
-0.0828116 0.229994 0.0
-0.0853565 0.229402 0.0
-0.087528 0.227892 0.0
-0.0893431 0.225538 0.0
-0.0908225 0.222417 0.0
-0.0919897 0.218613 0.0
-0.0928712 0.214213 0.0
-0.0934951 0.209307 0.0
-0.0938918 0.203984 0.0
-0.0940925 0.198332 0.0
-0.0941287 0.192438 0.0
-0.0940321 0.186382 0.0
-0.0938331 0.180238 0.0
-0.0935605 0.174072 0.0
-0.0932407 0.167942 0.0
-0.092897 0.161896 0.0
-0.0925493 0.155972 0.0
-0.0922137 0.150195 0.0
-0.0919022 0.144584 0.0
-0.0916231 0.139147 0.0
-0.091381 0.133885 0.0
-0.0911777 0.128791 0.0
-0.0910123 0.123857 0.0
-0.0908818 0.119069 0.0
-0.0907822 0.114411 0.0
-0.0907085 0.109868 0.0
-0.0906555 0.105424 0.0
-0.090618 0.101065 0.0
-0.0905913 0.0967783 0.0
-0.0905713 0.092552 0.0
-0.0905543 0.0883766 0.0
-0.0905377 0.084244 0.0
-0.0905192 0.0801476 0.0
-0.0904974 0.0760821 0.0
-0.0904711 0.0720429 0.0
-0.09044 0.0680266 0.0
-0.0904036 0.0640299 0.0
-0.0903621 0.0600503 0.0
-0.0903157 0.0560852 0.0
-0.0902645 0.0521324 0.0
-0.090209 0.0481896 0.0
-0.0901494 0.0442544 0.0
-0.0900861 0.0403244 0.0
-0.0900192 0.0363971 0.0
-0.0899488 0.0324699 0.0
-0.0898752 0.0285401 0.0
-0.0897983 0.0246049 0.0
-0.089718 0.0206615 0.0
-0.0896342 0.0167071 0.0
-0.0895468 0.0127386 0.0
-0.0894556 0.00875323 0.0
-0.0893604 0.00474804 0.0
-0.089261 0.000720176 0.0
-0.0891571 -0.00333322 0.0
-0.0890486 -0.00741621 0.0
-0.0889352 -0.011532 0.0
-0.0888169 -0.0156834 0.0
-0.0886935 -0.019873 0.0
-0.088565 -0.0241034 0.0
-0.0884315 -0.0283772 0.0
-0.0882929 -0.0326966 0.0
-0.0881495 -0.0370642 0.0
-0.0880012 -0.0414822 0.0
-0.0878483 -0.0459528 0.0
-0.0876907 -0.0504781 0.0
-0.0875284 -0.0550601 0.0
-0.0873616 -0.0597007 0.0
-0.0871899 -0.0644016 0.0
-0.0870131 -0.0691645 0.0
-0.0868307 -0.0739905 0.0
-0.0866421 -0.0788808 0.0
-0.0864463 -0.0838361 0.0
-0.0862422 -0.0888565 0.0
-0.0860282 -0.0939419 0.0
-0.0858024 -0.0990915 0.0
-0.0855627 -0.104304 0.0
-0.0853064 -0.109576 0.0
-0.0850305 -0.114906 0.0
-0.0847317 -0.120288 0.0
-0.0844062 -0.125718 0.0
-0.0840502 -0.13119 0.0
-0.0836597 -0.136697 0.0
-0.0832309 -0.14223 0.0
-0.0827603 -0.147782 0.0
-0.0822456 -0.153344 0.0
-0.0816862 -0.158911 0.0
-0.0810843 -0.164479 0.0
-0.0804467 -0.170052 0.0
-0.0797867 -0.175643 0.0
-0.0791275 -0.181285 0.0
-0.0785061 -0.187035 0.0
-0.0779781 -0.192996 0.0
-0.0776221 -0.199325 0.0
-0.0775428 -0.206259 0.0
-0.077868 -0.214132 0.0
-0.0787359 -0.223366 0.0
-0.0802659 -0.234447 0.0
-0.0825124 -0.247834 0.0
-0.0854084 -0.263813 0.0
-0.0887162 -0.282315 0.0
-0.0920083 -0.302738 0.0
-0.0946898 -0.323822 0.0
-0.0960611 -0.343611 0.0
-0.0954058 -0.359489 0.0
-0.0920867 -0.368288 0.0
-0.0856449 -0.366448 0.0
-0.0758988 -0.350294 0.0
-0.0630509 -0.316484 0.0
-0.0478078 -0.262852 0.0
-0.0315224 -0.190063 0.0
-0.0163513 -0.105119 0.0
-0.00525653 -0.0282172 0.0
-0.000571869 0.00583563 0.0
-0.000527398 0.0292102 0.0
-0.00321468 0.0957606 0.0
-0.00836587 0.128989 0.0
-0.0146158 0.147761 0.0
-0.0211459 0.161441 0.0
-0.0276061 0.17322 0.0
-0.0338633 0.183906 0.0
-0.0398594 0.19362 0.0
-0.0455591 0.202331 0.0
-0.0509356 0.20999 0.0
-0.0559674 0.216557 0.0
-0.0606372 0.222006 0.0
-0.0649324 0.226327 0.0
-0.0688453 0.229526 0.0
-0.0723725 0.231622 0.0
-0.0755154 0.232648 0.0
-0.0782796 0.232651 0.0
-0.0806748 0.231686 0.0
-0.0827147 0.22982 0.0
-0.0844166 0.227128 0.0
-0.0858011 0.223692 0.0
-0.0868915 0.219597 0.0
-0.0877138 0.214933 0.0
-0.088296 0.209793 0.0
-0.0886676 0.204266 0.0
-0.0888589 0.198442 0.0
-0.0889005 0.192406 0.0
-0.0888227 0.186239 0.0
-0.0886544 0.180013 0.0
-0.0884228 0.173792 0.0
-0.0881522 0.167632 0.0
-0.0878641 0.161575 0.0
-0.0875763 0.155657 0.0
-0.0873026 0.1499 0.0
-0.0870532 0.144318 0.0
-0.0868348 0.138915 0.0
-0.0866506 0.13369 0.0
-0.0865011 0.128633 0.0
-0.0863846 0.123734 0.0
-0.0862979 0.118976 0.0
-0.0862366 0.114343 0.0
-0.0861959 0.109821 0.0
-0.086171 0.105393 0.0
-0.0861571 0.101045 0.0
-0.0861502 0.096765 0.0
-0.0861466 0.0925419 0.0
-0.0861435 0.0883669 0.0
-0.0861387 0.0842325 0.0
-0.0861306 0.0801328 0.0
-0.0861182 0.0760629 0.0
-0.0861009 0.0720188 0.0
-0.0860785 0.0679973 0.0
-0.0860509 0.0639955 0.0
-0.0860185 0.060011 0.0
-0.0859816 0.0560413 0.0
-0.0859405 0.0520843 0.0
-0.0858956 0.0481375 0.0
-0.0858473 0.0441987 0.0
-0.0857958 0.0402654 0.0
-0.0857414 0.0363349 0.0
-0.0856841 0.0324046 0.0
-0.085624 0.0284718 0.0
-0.0855611 0.0245335 0.0
-0.0854953 0.020587 0.0
-0.0854264 0.0166292 0.0
-0.0853542 0.0126572 0.0
-0.0852786 0.00866806 0.0
-0.0851992 0.00465891 0.0
-0.085116 0.000626844 0.0
-0.0850285 -0.00343098 0.0
-0.0849366 -0.00751863 0.0
-0.0848401 -0.0116392 0.0
-0.0847389 -0.0157955 0.0
-0.0846328 -0.0199901 0.0
-0.0845219 -0.0242255 0.0
-0.0844062 -0.0285041 0.0
-0.0842857 -0.0328285 0.0
-0.0841607 -0.0372008 0.0
-0.0840311 -0.0416233 0.0
-0.0838971 -0.0460984 0.0
-0.0837589 -0.0506281 0.0
-0.0836165 -0.0552145 0.0
-0.0834698 -0.0598596 0.0
-0.0833189 -0.0645652 0.0
-0.0831634 -0.069333 0.0
-0.083003 -0.0741646 0.0
-0.0828371 -0.0790612 0.0
-0.0826648 -0.0840237 0.0
-0.082485 -0.0890527 0.0
-0.0822963 -0.0941484 0.0
-0.0820968 -0.0993102 0.0
-0.0818843 -0.104537 0.0
-0.0816564 -0.109827 0.0
-0.0814101 -0.115177 0.0
-0.0811418 -0.120584 0.0
-0.0808479 -0.126042 0.0
-0.0805243 -0.131546 0.0
-0.0801667 -0.137089 0.0
-0.0797707 -0.142662 0.0
-0.0793324 -0.148258 0.0
-0.0788481 -0.153867 0.0
-0.0783157 -0.15948 0.0
-0.077735 -0.165093 0.0
-0.0771093 -0.170702 0.0
-0.0764473 -0.176315 0.0
-0.0757659 -0.181953 0.0
-0.0750935 -0.18766 0.0
-0.0744753 -0.193517 0.0
-0.0739785 -0.199656 0.0
-0.0736966 -0.206289 0.0
-0.0737512 -0.213722 0.0
-0.0742843 -0.222374 0.0
-0.0754364 -0.232757 0.0
-0.0773047 -0.245409 0.0
-0.0798848 -0.260761 0.0
-0.0830101 -0.278934 0.0
-0.0863146 -0.299523 0.0
-0.08924 -0.321431 0.0
-0.09109 -0.342781 0.0
-0.0911196 -0.360945 0.0
-0.0886392 -0.372632 0.0
-0.0831207 -0.374065 0.0
-0.0743042 -0.361241 0.0
-0.0623084 -0.330381 0.0
-0.0477556 -0.27875 0.0
-0.0319168 -0.206288 0.0
-0.0168767 -0.119105 0.0
-0.00558215 -0.036621 0.0
-0.000645609 0.00461816 0.0
-0.000436566 0.0301742 0.0
-0.00282828 0.0998756 0.0
-0.00757428 0.134771 0.0
-0.0134431 0.154098 0.0
-0.0196245 0.167816 0.0
-0.0257567 0.179438 0.0
-0.0316997 0.189889 0.0
-0.0373939 0.199328 0.0
-0.0428044 0.207734 0.0
-0.0479052 0.215065 0.0
-0.0526756 0.221284 0.0
-0.0570994 0.226372 0.0
-0.061165 0.230322 0.0
-0.064865 0.233144 0.0
-0.068197 0.234863 0.0
-0.0711626 0.235516 0.0
-0.0737678 0.235152 0.0
-0.0760225 0.233834 0.0
-0.0779405 0.23163 0.0
-0.079539 0.228619 0.0
-0.0808382 0.224885 0.0
-0.0818613 0.220517 0.0
-0.0826337 0.215608 0.0
-0.0831827 0.21025 0.0
-0.083537 0.204535 0.0
-0.0837259 0.198553 0.0
-0.0837789 0.19239 0.0
-0.0837246 0.186124 0.0
-0.0835906 0.179826 0.0
-0.0834019 0.173559 0.0
-0.0831813 0.167374 0.0
-0.0829481 0.161312 0.0
-0.082718 0.155403 0.0
-0.0825032 0.149666 0.0
-0.0823121 0.144112 0.0
-0.0821497 0.138741 0.0
-0.0820181 0.133549 0.0
-0.081917 0.128524 0.0
-0.0818442 0.123654 0.0
-0.081796 0.118921 0.0
-0.0817682 0.114309 0.0
-0.0817563 0.109803 0.0
-0.0817557 0.105386 0.0
-0.0817624 0.101045 0.0
-0.0817728 0.0967685 0.0
-0.0817839 0.092546 0.0
-0.0817935 0.0883694 0.0
-0.0817998 0.0842317 0.0
-0.0818018 0.0801277 0.0
-0.0817989 0.0760528 0.0
-0.0817908 0.0720036 0.0
-0.0817776 0.067977 0.0
-0.0817596 0.0639704 0.0
-0.081737 0.0599813 0.0
-0.0817104 0.0560076 0.0
-0.0816802 0.0520469 0.0
-0.0816468 0.0480969 0.0
-0.0816105 0.044155 0.0
-0.0815716 0.0402189 0.0
-0.0815302 0.0362858 0.0
-0.0814864 0.0323529 0.0
-0.0814402 0.0284175 0.0
-0.0813915 0.0244765 0.0
-0.0813403 0.0205271 0.0
-0.0812863 0.0165663 0.0
-0.0812292 0.0125911 0.0
-0.0811689 0.00859847 0.0
-0.0811051 0.00458559 0.0
-0.0810376 0.000549546 0.0
-0.080966 -0.0035125 0.0
-0.0808902 -0.00760462 0.0
-0.0808098 -0.0117298 0.0
-0.0807249 -0.0158909 0.0
-0.0806353 -0.0200902 0.0
-0.0805411 -0.0243304 0.0
-0.0804422 -0.0286137 0.0
-0.0803387 -0.0329426 0.0
-0.0802308 -0.0373194 0.0
-0.0801187 -0.0417463 0.0
-0.0800024 -0.0462255 0.0
-0.0798822 -0.0507593 0.0
-0.0797581 -0.0553497 0.0
-0.0796302 -0.0599988 0.0
-0.0794985 -0.0647085 0.0
-0.0793628 -0.0694808 0.0
-0.0792227 -0.0743172 0.0
-0.0790778 -0.0792193 0.0
-0.0789272 -0.0841883 0.0
-0.0787699 -0.0892251 0.0
-0.0786047 -0.09433 0.0
-0.0784296 -0.099503 0.0
-0.0782428 -0.104743 0.0
-0.0780416 -0.110049 0.0
-0.0778231 -0.115419 0.0
-0.077584 -0.120849 0.0
-0.0773205 -0.126334 0.0
-0.0770284 -0.131869 0.0
-0.0767033 -0.137448 0.0
-0.0763405 -0.143062 0.0
-0.0759354 -0.148702 0.0
-0.0754838 -0.154359 0.0
-0.0749822 -0.160022 0.0
-0.0744287 -0.165685 0.0
-0.0738239 -0.17134 0.0
-0.0731729 -0.17699 0.0
-0.0724869 -0.182646 0.0
-0.0717874 -0.18834 0.0
-0.0711102 -0.194133 0.0
-0.0705109 -0.200136 0.0
-0.0700711 -0.206531 0.0
-0.0699023 -0.213595 0.0
-0.0701437 -0.221727 0.0
-0.0709472 -0.231448 0.0
-0.0724425 -0.243354 0.0
-0.0746803 -0.257998 0.0
-0.0775643 -0.275687 0.0
-0.0807971 -0.296232 0.0
-0.0838684 -0.318725 0.0
-0.0860977 -0.341408 0.0
-0.0867222 -0.361664 0.0
-0.0850066 -0.376108 0.0
-0.0803589 -0.380754 0.0
-0.0724432 -0.371283 0.0
-0.0612968 -0.343481 0.0
-0.0474579 -0.294042 0.0
-0.032115 -0.222178 0.0
-0.017278 -0.133092 0.0
-0.00586428 -0.0453418 0.0
-0.000717185 0.00325537 0.0
-0.000348828 0.0309596 0.0
-0.00244656 0.10358 0.0
-0.00678252 0.140149 0.0
-0.0122643 0.160071 0.0
-0.0180933 0.173854 0.0
-0.0238953 0.185334 0.0
-0.0295234 0.195564 0.0
-0.0349161 0.20474 0.0
-0.0400387 0.212855 0.0
-0.0448662 0.219872 0.0
-0.0493788 0.22576 0.0
-0.0535612 0.230502 0.0
-0.0574025 0.234098 0.0
-0.060896 0.236561 0.0
-0.0640397 0.237921 0.0
-0.0668356 0.238219 0.0
-0.06929 0.237509 0.0
-0.0714127 0.235855 0.0
-0.0732174 0.233331 0.0
-0.0747211 0.230019 0.0
-0.0759436 0.226006 0.0
-0.0769077 0.221383 0.0
-0.077638 0.216245 0.0
-0.0781611 0.210685 0.0
-0.0785046 0.204797 0.0
-0.0786966 0.198672 0.0
-0.0787653 0.192393 0.0
-0.0787379 0.186039 0.0
-0.0786401 0.179679 0.0
-0.0784953 0.173373 0.0
-0.0783241 0.167169 0.0
-0.0781441 0.161104 0.0
-0.0779691 0.155206 0.0
-0.0778095 0.149489 0.0
-0.0776722 0.143961 0.0
-0.077561 0.138619 0.0
-0.077477 0.133455 0.0
-0.0774192 0.128458 0.0
-0.077385 0.123612 0.0
-0.0773707 0.1189 0.0
-0.0773723 0.114304 0.0
-0.0773855 0.109809 0.0
-0.0774062 0.1054 0.0
-0.077431 0.101063 0.0
-0.0774568 0.0967871 0.0
-0.0774813 0.0925631 0.0
-0.0775026 0.0883833 0.0
-0.0775196 0.0842413 0.0
-0.0775317 0.0801323 0.0
-0.0775385 0.0760523 0.0
-0.0775401 0.0719979 0.0
-0.0775367 0.0679664 0.0
-0.0775289 0.0639553 0.0
-0.077517 0.0599622 0.0
-0.0775015 0.0559849 0.0
-0.0774829 0.052021 0.0
-0.0774616 0.0480682 0.0
-0.0774379 0.0441239 0.0
-0.077412 0.0401854 0.0
-0.077384 0.0362501 0.0
-0.077354 0.032315 0.0
-0.0773219 0.0283773 0.0
-0.0772876 0.024434 0.0
-0.0772509 0.020482 0.0
-0.0772117 0.0165184 0.0
-0.0771696 0.0125401 0.0
-0.0771244 0.00854418 0.0
-0.0770758 0.00452771 0.0
-0.0770235 0.000487807 0.0
-0.0769673 -0.00357836 0.0
-0.0769068 -0.00767482 0.0
-0.076842 -0.0118046 0.0
-0.0767727 -0.0159702 0.0
-0.0766988 -0.0201742 0.0
-0.0766204 -0.0244189 0.0
-0.0765374 -0.0287068 0.0
-0.0764499 -0.0330402 0.0
-0.0763583 -0.0374212 0.0
-0.0762625 -0.0418522 0.0
-0.0761628 -0.0463354 0.0
-0.0760594 -0.0508729 0.0
-0.0759525 -0.0554669 0.0
-0.0758421 -0.0601196 0.0
-0.0757282 -0.0648331 0.0
-0.0756108 -0.0696092 0.0
-0.0754897 -0.0744499 0.0
-0.0753643 -0.0793568 0.0
-0.0752339 -0.0843315 0.0
-0.0750977 -0.0893751 0.0
-0.0749544 -0.0944884 0.0
-0.0748023 -0.0996716 0.0
-0.0746395 -0.104924 0.0
-0.0744635 -0.110246 0.0
-0.0742716 -0.115633 0.0
-0.0740603 -0.121085 0.0
-0.073826 -0.126596 0.0
-0.0735644 -0.132161 0.0
-0.0732711 -0.137775 0.0
-0.0729413 -0.143428 0.0
-0.0725699 -0.149112 0.0
-0.0721523 -0.154817 0.0
-0.0716841 -0.160533 0.0
-0.071162 -0.166249 0.0
-0.0705847 -0.171958 0.0
-0.0699543 -0.177654 0.0
-0.0692777 -0.183344 0.0
-0.0685702 -0.189048 0.0
-0.0678595 -0.194812 0.0
-0.0671906 -0.200725 0.0
-0.066633 -0.206939 0.0
-0.066286 -0.213702 0.0
-0.0662811 -0.221384 0.0
-0.0667734 -0.230496 0.0
-0.0679147 -0.24167 0.0
-0.0698015 -0.255558 0.0
-0.0724036 -0.272641 0.0
-0.0754957 -0.292953 0.0
-0.0786257 -0.315803 0.0
-0.0811408 -0.339585 0.0
-0.0822713 -0.361732 0.0
-0.0812447 -0.378783 0.0
-0.07741 -0.386562 0.0
-0.0703595 -0.380442 0.0
-0.060051 -0.355778 0.0
-0.0469397 -0.308696 0.0
-0.0321319 -0.237675 0.0
-0.0175606 -0.147004 0.0
-0.00610258 -0.0543024 0.0
-0.000785945 0.00175224 0.0
-0.000264886 0.0315733 0.0
-0.00207202 0.106871 0.0
-0.00599489 0.145117 0.0
-0.0110852 0.165675 0.0
-0.0165589 0.179552 0.0
-0.0220299 0.190909 0.0
-0.0273436 0.200931 0.0
-0.0324361 0.209858 0.0
-0.0372731 0.217697 0.0
-0.0418305 0.224416 0.0
-0.0460892 0.229988 0.0
-0.0500349 0.234402 0.0
-0.0536573 0.237662 0.0
-0.0569505 0.239785 0.0
-0.0599127 0.240804 0.0
-0.0625462 0.240766 0.0
-0.0648572 0.239727 0.0
-0.0668556 0.237757 0.0
-0.0685548 0.234933 0.0
-0.0699714 0.231338 0.0
-0.0711249 0.227063 0.0
-0.0720371 0.222202 0.0
-0.0727319 0.216851 0.0
-0.073235 0.211105 0.0
-0.0735728 0.205059 0.0
-0.0737722 0.198802 0.0
-0.0738598 0.192419 0.0
-0.0738613 0.185987 0.0
-0.0738006 0.179573 0.0
-0.0736993 0.173233 0.0
-0.0735763 0.167014 0.0
-0.0734471 0.160949 0.0
-0.0733239 0.155062 0.0
-0.0732155 0.149365 0.0
-0.0731275 0.14386 0.0
-0.0730627 0.138543 0.0
-0.0730214 0.133405 0.0
-0.073002 0.128431 0.0
-0.0730019 0.123605 0.0
-0.0730174 0.118908 0.0
-0.0730446 0.114325 0.0
-0.0730798 0.109837 0.0
-0.0731194 0.105432 0.0
-0.0731603 0.101096 0.0
-0.0732 0.0968194 0.0
-0.0732369 0.0925923 0.0
-0.0732694 0.0884081 0.0
-0.0732969 0.0842612 0.0
-0.0733191 0.0801469 0.0
-0.0733359 0.0760615 0.0
-0.0733477 0.0720021 0.0
-0.0733548 0.0679661 0.0
-0.0733577 0.0639509 0.0
-0.073357 0.0599542 0.0
-0.0733533 0.0559738 0.0
-0.0733469 0.0520073 0.0
-0.0733382 0.0480521 0.0
-0.0733275 0.0441057 0.0
-0.073315 0.0401653 0.0
-0.0733007 0.0362281 0.0
-0.0732846 0.0322911 0.0
-0.0732667 0.0283514 0.0
-0.0732468 0.0244059 0.0
-0.0732246 0.0204515 0.0
-0.0732 0.0164852 0.0
-0.0731726 0.012504 0.0
-0.0731421 0.00850483 0.0
-0.0731083 0.00448484 0.0
-0.0730708 0.000441134 0.0
-0.0730294 -0.00362909 0.0
-0.0729838 -0.00772985 0.0
-0.0729339 -0.011864 0.0
-0.0728795 -0.0160342 0.0
-0.0728206 -0.0202428 0.0
-0.0727571 -0.0244921 0.0
-0.0726892 -0.0287844 0.0
-0.072617 -0.033122 0.0
-0.0725407 -0.0375072 0.0
-0.0724603 -0.0419421 0.0
-0.0723763 -0.046429 0.0
-0.0722888 -0.05097 0.0
-0.0721979 -0.0555674 0.0
-0.072104 -0.0602234 0.0
-0.0720069 -0.0649401 0.0
-0.0719068 -0.0697196 0.0
-0.0718033 -0.0745639 0.0
-0.0716963 -0.0794751 0.0
-0.071585 -0.0844548 0.0
-0.0714686 -0.0895044 0.0
-0.0713459 -0.094625 0.0
-0.0712155 -0.0998173 0.0
-0.0710754 -0.105081 0.0
-0.0709234 -0.110416 0.0
-0.0707567 -0.115821 0.0
-0.0705721 -0.121293 0.0
-0.0703659 -0.126828 0.0
-0.070134 -0.132422 0.0
-0.0698718 -0.138069 0.0
-0.0695746 -0.143761 0.0
-0.069237 -0.149488 0.0
-0.0688541 -0.155242 0.0
-0.0684209 -0.16101 0.0
-0.0679331 -0.166782 0.0
-0.0673881 -0.172547 0.0
-0.0667854 -0.178298 0.0
-0.0661287 -0.184034 0.0
-0.0654283 -0.189766 0.0
-0.0647048 -0.195528 0.0
-0.0639939 -0.201389 0.0
-0.0633533 -0.207474 0.0
-0.0628697 -0.213998 0.0
-0.0626634 -0.221299 0.0
-0.0628864 -0.229866 0.0
-0.0637029 -0.240342 0.0
-0.0652449 -0.253457 0.0
-0.0675414 -0.269844 0.0
-0.0704397 -0.28976 0.0
-0.0735529 -0.312753 0.0
-0.0762679 -0.337405 0.0
-0.0778189 -0.36123 0.0
-0.0774048 -0.380725 0.0
-0.0743222 -0.391537 0.0
-0.0680956 -0.388743 0.0
-0.0586061 -0.367274 0.0
-0.0462277 -0.322689 0.0
-0.0319843 -0.252733 0.0
-0.0177312 -0.16077 0.0
-0.0062963 -0.063429 0.0
-0.000850193 0.000116109 0.0
-0.00018553 0.0320237 0.0
-0.00170707 0.109749 0.0
-0.00521521 0.149669 0.0
-0.00991057 0.170908 0.0
-0.0150273 0.18491 0.0
-0.0201674 0.196162 0.0
-0.0251679 0.205992 0.0
-0.0299624 0.214684 0.0
-0.0345168 0.222262 0.0
-0.0388075 0.228699 0.0
-0.0428167 0.233973 0.0
-0.0465307 0.238077 0.0
-0.0499398 0.241018 0.0
-0.0530387 0.24282 0.0
-0.0558258 0.243518 0.0
-0.0583035 0.243163 0.0
-0.0604781 0.241816 0.0
-0.0623593 0.239548 0.0
-0.06396 0.236442 0.0
-0.0652965 0.232582 0.0
-0.0663873 0.228063 0.0
-0.0672537 0.222981 0.0
-0.0679186 0.217432 0.0
-0.0684064 0.211515 0.0
-0.0687425 0.205323 0.0
-0.0689524 0.198947 0.0
-0.069061 0.192471 0.0
-0.0690924 0.185969 0.0
-0.0690688 0.179507 0.0
-0.06901 0.173139 0.0
-0.0689329 0.166908 0.0
-0.0688516 0.160845 0.0
-0.0687766 0.154969 0.0
-0.0687153 0.149288 0.0
-0.0686721 0.143805 0.0
-0.068649 0.138511 0.0
-0.0686457 0.133394 0.0
-0.0686604 0.128439 0.0
-0.0686902 0.123628 0.0
-0.0687318 0.118943 0.0
-0.0687816 0.114367 0.0
-0.0688361 0.109885 0.0
-0.0688924 0.105481 0.0
-0.0689478 0.101144 0.0
-0.0690004 0.0968642 0.0
-0.0690489 0.0926329 0.0
-0.0690923 0.0884437 0.0
-0.0691302 0.0842913 0.0
-0.0691627 0.0801715 0.0
-0.0691899 0.076081 0.0
-0.0692122 0.0720169 0.0
-0.0692302 0.0679766 0.0
-0.0692445 0.0639578 0.0
-0.0692556 0.059958 0.0
-0.0692641 0.055975 0.0
-0.0692703 0.0520062 0.0
-0.0692745 0.0480491 0.0
-0.0692772 0.0441009 0.0
-0.0692782 0.0401589 0.0
-0.0692777 0.03622 0.0
-0.0692757 0.0322813 0.0
-0.0692719 0.0283397 0.0
-0.0692662 0.0243921 0.0
-0.0692583 0.0204354 0.0
-0.069248 0.0164665 0.0
-0.0692349 0.0124824 0.0
-0.0692188 0.00848003 0.0
-0.0691993 0.00445652 0.0
-0.0691761 0.000409017 0.0
-0.069149 -0.00366527 0.0
-0.0691177 -0.0077703 0.0
-0.069082 -0.0119089 0.0
-0.0690419 -0.0160836 0.0
-0.0689973 -0.0202967 0.0
-0.0689483 -0.0245504 0.0
-0.0688948 -0.0288472 0.0
-0.068837 -0.033189 0.0
-0.0687753 -0.0375782 0.0
-0.0687097 -0.0420169 0.0
-0.0686405 -0.0465073 0.0
-0.068568 -0.0510516 0.0
-0.0684925 -0.0556521 0.0
-0.0684141 -0.060311 0.0
-0.068333 -0.0650305 0.0
-0.0682492 -0.0698129 0.0
-0.0681626 -0.0746605 0.0
-0.0680729 -0.0795752 0.0
-0.0679797 -0.0845591 0.0
-0.0678821 -0.0896139 0.0
-0.0677791 -0.094741 0.0
-0.0676693 -0.0999414 0.0
-0.067551 -0.105216 0.0
-0.0674219 -0.110563 0.0
-0.0672794 -0.115983 0.0
-0.0671205 -0.121474 0.0
-0.0669415 -0.127032 0.0
-0.0667385 -0.132653 0.0
-0.0665068 -0.138332 0.0
-0.0662416 -0.14406 0.0
-0.0659378 -0.14983 0.0
-0.0655899 -0.155631 0.0
-0.0651928 -0.161451 0.0
-0.0647414 -0.16728 0.0
-0.0642319 -0.173104 0.0
-0.0636622 -0.178914 0.0
-0.0630334 -0.184704 0.0
-0.0623518 -0.190479 0.0
-0.061632 -0.196259 0.0
-0.0609017 -0.202098 0.0
-0.060208 -0.208098 0.0
-0.0596246 -0.214441 0.0
-0.0592594 -0.221427 0.0
-0.0592562 -0.229517 0.0
-0.0597836 -0.239347 0.0
-0.0609986 -0.251695 0.0
-0.0629811 -0.267327 0.0
-0.0656477 -0.286712 0.0
-0.0686818 -0.309653 0.0
-0.0715196 -0.334952 0.0
-0.0734104 -0.360242 0.0
-0.0735338 -0.382004 0.0
-0.0711407 -0.395734 0.0
-0.0656924 -0.396222 0.0
-0.0569967 -0.377981 0.0
-0.0453485 -0.336009 0.0
-0.0316901 -0.267315 0.0
-0.0177978 -0.174333 0.0
-0.00644128 -0.0726572 0.0
-0.000904483 -0.00163856 0.0
-0.000111998 0.0323212 0.0
-0.00135447 0.112216 0.0
-0.00444682 0.153803 0.0
-0.00874441 0.175767 0.0
-0.0135033 0.189926 0.0
-0.0183132 0.201096 0.0
-0.0230026 0.210748 0.0
-0.0275021 0.219222 0.0
-0.0317772 0.226554 0.0
-0.0358054 0.232726 0.0
-0.0395695 0.237719 0.0
-0.0430568 0.241532 0.0
-0.0462581 0.244174 0.0
-0.0491685 0.245673 0.0
-0.0517866 0.24607 0.0
-0.0541149 0.245417 0.0
-0.0561595 0.243781 0.0
-0.0579298 0.241235 0.0
-0.0594383 0.237864 0.0
-0.0607005 0.233758 0.0
-0.0617343 0.229012 0.0
-0.06256 0.223724 0.0
-0.0631995 0.217993 0.0
-0.063676 0.211918 0.0
-0.0640134 0.205593 0.0
-0.0642358 0.199109 0.0
-0.0643666 0.192548 0.0
-0.0644281 0.185984 0.0
-0.0644408 0.17948 0.0
-0.0644227 0.173089 0.0
-0.0643891 0.166848 0.0
-0.0643525 0.160787 0.0
-0.0643218 0.154921 0.0
-0.0643033 0.149256 0.0
-0.0643006 0.143791 0.0
-0.0643147 0.138516 0.0
-0.0643451 0.133416 0.0
-0.0643898 0.128476 0.0
-0.0644459 0.123677 0.0
-0.0645104 0.119 0.0
-0.06458 0.114429 0.0
-0.0646516 0.109949 0.0
-0.0647228 0.105544 0.0
-0.0647914 0.101205 0.0
-0.064856 0.0969208 0.0
-0.0649156 0.0926845 0.0
-0.0649696 0.0884897 0.0
-0.0650179 0.0843317 0.0
-0.0650608 0.0802066 0.0
-0.0650986 0.0761111 0.0
-0.0651319 0.0720426 0.0
-0.0651612 0.0679985 0.0
-0.0651872 0.0639764 0.0
-0.0652105 0.0599739 0.0
-0.0652314 0.0559886 0.0
-0.0652505 0.052018 0.0
-0.065268 0.0480592 0.0
-0.065284 0.0441096 0.0
-0.0652987 0.0401661 0.0
-0.065312 0.0362258 0.0
-0.0653238 0.0322855 0.0
-0.065334 0.0283421 0.0
-0.0653423 0.0243925 0.0
-0.0653484 0.0204335 0.0
-0.0653521 0.016462 0.0
-0.065353 0.0124749 0.0
-0.0653507 0.00846934 0.0
-0.0653451 0.00444228 0.0
-0.0653357 0.00039094 0.0
-0.0653224 -0.00368744 0.0
-0.0653048 -0.00779677 0.0
-0.0652829 -0.0119398 0.0
-0.0652565 -0.016119 0.0
-0.0652256 -0.0203366 0.0
-0.0651902 -0.0245948 0.0
-0.0651506 -0.0288958 0.0
-0.0651067 -0.0332418 0.0
-0.0650589 -0.0376348 0.0
-0.0650074 -0.0420771 0.0
-0.0649525 -0.0465709 0.0
-0.0648945 -0.0511183 0.0
-0.0648336 -0.0557216 0.0
-0.0647702 -0.0603831 0.0
-0.0647043 -0.0651051 0.0
-0.0646362 -0.0698901 0.0
-0.0645658 -0.0747402 0.0
-0.0644928 -0.0796579 0.0
-0.0644169 -0.0846454 0.0
-0.0643374 -0.0897046 0.0
-0.0642534 -0.0948372 0.0
-0.0641635 -0.100045 0.0
-0.0640661 -0.105328 0.0
-0.0639592 -0.110687 0.0
-0.0638402 -0.116121 0.0
-0.0637061 -0.121629 0.0
-0.0635536 -0.127208 0.0
-0.0633787 -0.132855 0.0
-0.063177 -0.138563 0.0
-0.0629436 -0.144327 0.0
-0.0626733 -0.150137 0.0
-0.0623606 -0.155984 0.0
-0.0620002 -0.161856 0.0
-0.0615865 -0.16774 0.0
-0.061115 -0.173624 0.0
-0.0605823 -0.179496 0.0
-0.0599874 -0.185346 0.0
-0.0593334 -0.191172 0.0
-0.0586304 -0.196988 0.0
-0.0578991 -0.202831 0.0
-0.057177 -0.208781 0.0
-0.056526 -0.214992 0.0
-0.0560405 -0.221727 0.0
-0.0558533 -0.229408 0.0
-0.0561306 -0.238651 0.0
-0.0570453 -0.250261 0.0
-0.058718 -0.265106 0.0
-0.0611295 -0.283855 0.0
-0.0640351 -0.30657 0.0
-0.0669285 -0.332303 0.0
-0.0690846 -0.358844 0.0
-0.0696733 -0.38269 0.0
-0.0679066 -0.399208 0.0
-0.0631882 -0.402914 0.0
-0.0552562 -0.387916 0.0
-0.0443289 -0.34865 0.0
-0.0312684 -0.281393 0.0
-0.0177721 -0.187644 0.0
-0.00654671 -0.0819284 0.0
-0.000953885 -0.00349692 0.0
-4.68333e-05 0.0324801 0.0
-0.00101794 0.11427 0.0
-0.00369229 0.157515 0.0
-0.00758988 0.18025 0.0
-0.0119906 0.194603 0.0
-0.016472 0.205711 0.0
-0.020853 0.215203 0.0
-0.0250607 0.223473 0.0
-0.0290604 0.230577 0.0
-0.0328303 0.236501 0.0
-0.0363541 0.241232 0.0
-0.0396197 0.244772 0.0
-0.0426186 0.247134 0.0
-0.045346 0.248351 0.0
-0.0478009 0.248465 0.0
-0.0499857 0.247535 0.0
-0.0519061 0.245628 0.0
-0.0535713 0.242823 0.0
-0.0549931 0.239207 0.0
-0.0561863 0.234871 0.0
-0.057168 0.229915 0.0
-0.0579573 0.224437 0.0
-0.058575 0.218538 0.0
-0.0590431 0.212318 0.0
-0.059384 0.205872 0.0
-0.0596202 0.199289 0.0
-0.0597736 0.192652 0.0
-0.0598647 0.186033 0.0
-0.0599122 0.179492 0.0
-0.0599327 0.173079 0.0
-0.0599397 0.166831 0.0
-0.0599442 0.160772 0.0
-0.059954 0.154915 0.0
-0.0599742 0.149264 0.0
-0.0600076 0.143814 0.0
-0.0600548 0.138554 0.0
-0.060115 0.133468 0.0
-0.0601859 0.128539 0.0
-0.0602651 0.123749 0.0
-0.0603496 0.119077 0.0
-0.0604366 0.114509 0.0
-0.0605235 0.110028 0.0
-0.0606081 0.105621 0.0
-0.0606889 0.101278 0.0
-0.0607647 0.0969886 0.0
-0.0608349 0.0927467 0.0
-0.0608994 0.0885461 0.0
-0.0609581 0.0843826 0.0
-0.0610115 0.0802522 0.0
-0.0610601 0.0761521 0.0
-0.0611046 0.0720795 0.0
-0.0611455 0.068032 0.0
-0.0611835 0.064007 0.0
-0.061219 0.0600023 0.0
-0.0612527 0.0560151 0.0
-0.0612847 0.0520428 0.0
-0.0613154 0.0480827 0.0
-0.0613448 0.0441318 0.0
-0.0613731 0.0401871 0.0
-0.0614 0.0362454 0.0
-0.0614255 0.0323035 0.0
-0.0614494 0.0283584 0.0
-0.0614714 0.0244067 0.0
-0.0614911 0.0204454 0.0
-0.0615083 0.0164712 0.0
-0.0615227 0.0124812 0.0
-0.0615339 0.00847228 0.0
-0.0615416 0.00444161 0.0
-0.0615455 0.000386378 0.0
-0.0615454 -0.00369614 0.0
-0.061541 -0.00780978 0.0
-0.0615323 -0.0119573 0.0
-0.0615191 -0.0161409 0.0
-0.0615014 -0.020363 0.0
-0.0614793 -0.0246256 0.0
-0.0614529 -0.0289308 0.0
-0.0614224 -0.0332808 0.0
-0.0613881 -0.0376777 0.0
-0.0613502 -0.0421235 0.0
-0.0613091 -0.0466204 0.0
-0.061265 -0.0511707 0.0
-0.0612184 -0.0557765 0.0
-0.0611695 -0.0604403 0.0
-0.0611185 -0.0651645 0.0
-0.0610656 -0.0699515 0.0
-0.0610109 -0.0748038 0.0
-0.0609542 -0.0797239 0.0
-0.0608952 -0.0847142 0.0
-0.0608333 -0.089777 0.0
-0.0607677 -0.0949143 0.0
-0.0606972 -0.100128 0.0
-0.0606202 -0.105419 0.0
-0.0605349 -0.110788 0.0
-0.0604388 -0.116235 0.0
-0.0603291 -0.121759 0.0
-0.0602026 -0.127358 0.0
-0.0600553 -0.133028 0.0
-0.0598831 -0.138765 0.0
-0.0596811 -0.144561 0.0
-0.0594442 -0.15041 0.0
-0.0591669 -0.156301 0.0
-0.0588436 -0.162223 0.0
-0.0584687 -0.168162 0.0
-0.0580369 -0.174106 0.0
-0.057544 -0.18004 0.0
-0.0569875 -0.185953 0.0
-0.0563682 -0.191838 0.0
-0.0556921 -0.197701 0.0
-0.0549744 -0.203567 0.0
-0.0542444 -0.209497 0.0
-0.0535531 -0.215618 0.0
-0.0529816 -0.222158 0.0
-0.05265 -0.229496 0.0
-0.0527172 -0.238219 0.0
-0.0533637 -0.249132 0.0
-0.054741 -0.263184 0.0
-0.0568867 -0.28122 0.0
-0.0596272 -0.30356 0.0
-0.0625195 -0.329528 0.0
-0.0648737 -0.357108 0.0
-0.0658592 -0.382851 0.0
-0.0646569 -0.402016 0.0
-0.0606183 -0.408864 0.0
-0.053416 -0.397101 0.0
-0.0431946 -0.360613 0.0
-0.030738 -0.294946 0.0
-0.0176647 -0.20066 0.0
-0.00661482 -0.0911874 0.0
-0.0009974 -0.0054482 0.0
5.1296e-06 0.0325218 0.0
-0.000702119 0.115907 0.0
-0.00295227 0.160803 0.0
-0.0064492 0.184357 0.0
-0.0104923 0.19894 0.0
-0.0146474 0.21001 0.0
-0.0187231 0.219361 0.0
-0.0226428 0.227444 0.0
-0.0263713 0.234335 0.0
-0.0298873 0.240029 0.0
-0.0331756 0.244516 0.0
-0.0362244 0.247802 0.0
-0.039026 0.249905 0.0
-0.0415759 0.250858 0.0
-0.043873 0.25071 0.0
-0.0459196 0.249521 0.0
-0.0477212 0.247364 0.0
-0.0492863 0.244318 0.0
-0.0506263 0.240474 0.0
-0.0517551 0.235926 0.0
-0.0526887 0.230775 0.0
-0.0534452 0.225122 0.0
-0.0540441 0.219069 0.0
-0.054506 0.212717 0.0
-0.0548518 0.20616 0.0
-0.0551024 0.199488 0.0
-0.0552781 0.192782 0.0
-0.0553978 0.186113 0.0
-0.0554785 0.17954 0.0
-0.055535 0.173109 0.0
-0.0555795 0.166853 0.0
-0.0556216 0.160796 0.0
-0.055668 0.154947 0.0
-0.0557229 0.149307 0.0
-0.0557884 0.14387 0.0
-0.0558648 0.138622 0.0
-0.055951 0.133547 0.0
-0.056045 0.128626 0.0
-0.0561443 0.123841 0.0
-0.0562464 0.119172 0.0
-0.0563487 0.114604 0.0
-0.0564491 0.110121 0.0
-0.0565459 0.10571 0.0
-0.0566379 0.101362 0.0
-0.0567243 0.097067 0.0
-0.0568048 0.0928192 0.0
-0.0568795 0.0886129 0.0
-0.0569486 0.0844438 0.0
-0.0570125 0.0803086 0.0
-0.0570721 0.0762041 0.0
-0.0571278 0.0721279 0.0
-0.0571804 0.0680773 0.0
-0.0572304 0.0640499 0.0
-0.0572783 0.0600431 0.0
-0.0573246 0.0560544 0.0
-0.0573696 0.0520808 0.0
-0.0574134 0.0481195 0.0
-0.0574561 0.0441674 0.0
-0.0574976 0.0402214 0.0
-0.0575379 0.0362784 0.0
-0.0575768 0.0323351 0.0
-0.057614 0.0283881 0.0
-0.0576492 0.0244344 0.0
-0.0576822 0.0204706 0.0
-0.0577125 0.0164938 0.0
-0.0577399 0.0125007 0.0
-0.0577641 0.00848836 0.0
-0.0577846 0.004454 0.0
-0.0578013 0.000394809 0.0
-0.0578139 -0.00369189 0.0
-0.0578222 -0.00780988 0.0
-0.0578261 -0.0119618 0.0
-0.0578255 -0.0161499 0.0
-0.0578206 -0.0203764 0.0
-0.0578112 -0.0246434 0.0
-0.0577977 -0.0289528 0.0
-0.0577802 -0.0333067 0.0
-0.057759 -0.0377072 0.0
-0.0577344 -0.0421563 0.0
-0.0577067 -0.0466562 0.0
-0.0576764 -0.0512091 0.0
-0.0576437 -0.0558172 0.0
-0.0576091 -0.060483 0.0
-0.0575727 -0.065209 0.0
-0.0575348 -0.0699976 0.0
-0.0574956 -0.0748515 0.0
-0.0574549 -0.0797734 0.0
-0.0574125 -0.0847659 0.0
-0.0573679 -0.0898316 0.0
-0.0573205 -0.0949727 0.0
-0.0572691 -0.100191 0.0
-0.0572123 -0.105489 0.0
-0.0571483 -0.110867 0.0
-0.0570748 -0.116325 0.0
-0.0569892 -0.121864 0.0
-0.0568883 -0.12748 0.0
-0.0567684 -0.133172 0.0
-0.0566255 -0.138935 0.0
-0.0564547 -0.144763 0.0
-0.0562511 -0.150649 0.0
-0.0560092 -0.156582 0.0
-0.0557234 -0.162551 0.0
-0.0553879 -0.168544 0.0
-0.0549972 -0.174546 0.0
-0.0545463 -0.180543 0.0
-0.0540317 -0.186521 0.0
-0.0534523 -0.192469 0.0
-0.0528111 -0.198388 0.0
-0.0521187 -0.204291 0.0
-0.0513975 -0.210225 0.0
-0.0506887 -0.216291 0.0
-0.0500611 -0.222684 0.0
-0.0496211 -0.229741 0.0
-0.0495173 -0.23801 0.0
-0.0499308 -0.248281 0.0
-0.0510347 -0.261554 0.0
-0.0529147 -0.278824 0.0
-0.0554653 -0.300664 0.0
-0.0583101 -0.326687 0.0
-0.0608029 -0.355103 0.0
-0.0621218 -0.382552 0.0
-0.061424 -0.404215 0.0
-0.0580145 -0.414113 0.0
-0.0515052 -0.405563 0.0
-0.0419702 -0.371907 0.0
-0.030117 -0.307962 0.0
-0.0174859 -0.213348 0.0
-0.0066477 -0.100387 0.0
-0.00103409 -0.00747969 0.0
5.14871e-05 0.0324652 0.0
-0.000401132 0.117123 0.0
-0.00222994 0.163666 0.0
-0.00532511 0.188087 0.0
-0.0090111 0.202939 0.0
-0.0128422 0.213997 0.0
-0.0166161 0.223223 0.0
-0.0202517 0.231136 0.0
-0.0237133 0.237832 0.0
-0.0269801 0.243314 0.0
-0.0300375 0.247577 0.0
-0.0328746 0.250628 0.0
-0.0354839 0.25249 0.0
-0.0378612 0.2532 0.0
-0.0400055 0.252809 0.0
-0.0419189 0.251382 0.0
-0.0436065 0.248992 0.0
-0.0450763 0.245724 0.0
-0.0463388 0.24167 0.0
-0.0474069 0.236927 0.0
-0.0482959 0.231597 0.0
-0.0490224 0.225783 0.0
-0.0496048 0.219589 0.0
-0.050062 0.213116 0.0
-0.0504135 0.206458 0.0
-0.0506787 0.199706 0.0
-0.0508761 0.192938 0.0
-0.0510229 0.186224 0.0
-0.0511346 0.179621 0.0
-0.0512245 0.173173 0.0
-0.0513033 0.166912 0.0
-0.0513795 0.160856 0.0
-0.0514587 0.155013 0.0
-0.0515444 0.149382 0.0
-0.0516383 0.143955 0.0
-0.0517403 0.138716 0.0
-0.0518493 0.133648 0.0
-0.0519633 0.128733 0.0
-0.0520801 0.12395 0.0
-0.0521974 0.119282 0.0
-0.0523133 0.114712 0.0
-0.0524258 0.110225 0.0
-0.0525337 0.10581 0.0
-0.0526361 0.101456 0.0
-0.0527325 0.0971555 0.0
-0.0528229 0.0929017 0.0
-0.0529075 0.0886897 0.0
-0.0529868 0.0845155 0.0
-0.0530613 0.0803756 0.0
-0.0531317 0.0762672 0.0
-0.0531986 0.0721877 0.0
-0.0532628 0.0681344 0.0
-0.0533248 0.0641049 0.0
-0.053385 0.0600965 0.0
-0.0534439 0.0561063 0.0
-0.0535015 0.0521316 0.0
-0.0535582 0.0481692 0.0
-0.0536138 0.0442161 0.0
-0.0536684 0.040269 0.0
-0.0537217 0.0363246 0.0
-0.0537735 0.0323797 0.0
-0.0538236 0.0284309 0.0
-0.0538716 0.0244751 0.0
-0.0539173 0.0205088 0.0
-0.0539602 0.0165291 0.0
-0.0540001 0.0125328 0.0
-0.0540366 0.00851705 0.0
-0.0540695 0.00447892 0.0
-0.0540984 0.000415716 0.0
-0.0541232 -0.00367521 0.0
-0.0541437 -0.00779755 0.0
-0.0541598 -0.0119539 0.0
-0.0541715 -0.0161465 0.0
-0.0541788 -0.0203773 0.0
-0.0541819 -0.0246485 0.0
-0.0541809 -0.028962 0.0
-0.054176 -0.0333197 0.0
-0.0541676 -0.0377236 0.0
-0.0541561 -0.0421758 0.0
-0.0541417 -0.0466785 0.0
-0.0541249 -0.0512337 0.0
-0.0541061 -0.0558439 0.0
-0.0540856 -0.0605114 0.0
-0.0540638 -0.0652387 0.0
-0.0540409 -0.0700285 0.0
-0.0540171 -0.0748836 0.0
-0.0539923 -0.0798067 0.0
-0.0539666 -0.0848007 0.0
-0.0539393 -0.0898684 0.0
-0.05391 -0.0950124 0.0
-0.0538777 -0.100235 0.0
-0.053841 -0.105539 0.0
-0.0537982 -0.110924 0.0
-0.0537473 -0.116393 0.0
-0.0536856 -0.121944 0.0
-0.0536103 -0.127576 0.0
-0.0535177 -0.133288 0.0
-0.0534039 -0.139076 0.0
-0.0532644 -0.144933 0.0
-0.0530941 -0.150853 0.0
-0.0528879 -0.156826 0.0
-0.0526399 -0.162841 0.0
-0.0523445 -0.168885 0.0
-0.0519959 -0.174944 0.0
-0.0515887 -0.181003 0.0
-0.0511186 -0.187045 0.0
-0.0505831 -0.19306 0.0
-0.049983 -0.199039 0.0
-0.0493252 -0.20499 0.0
-0.0486262 -0.210946 0.0
-0.0479189 -0.216986 0.0
-0.0472607 -0.223274 0.0
-0.0467445 -0.230107 0.0
-0.0465065 -0.237986 0.0
-0.0467229 -0.247675 0.0
-0.0475804 -0.260199 0.0
-0.0492039 -0.276676 0.0
-0.0515502 -0.297915 0.0
-0.0543115 -0.323829 0.0
-0.0568917 -0.352887 0.0
-0.0584859 -0.381854 0.0
-0.0582356 -0.40586 0.0
-0.0554051 -0.418707 0.0
-0.0495501 -0.413333 0.0
-0.040678 -0.382544 0.0
-0.0294222 -0.320434 0.0
-0.0172459 -0.225684 0.0
-0.0066483 -0.109487 0.0
-0.00106369 -0.00957746 0.0
9.96017e-05 0.0323141 0.0
-0.000112385 0.117939 0.0
-0.00153184 0.166098 0.0
-0.00422055 0.191438 0.0
-0.00754924 0.206602 0.0
-0.0110587 0.217674 0.0
-0.0145343 0.226796 0.0
-0.0178901 0.234555 0.0
-0.0210892 0.241074 0.0
-0.0241113 0.246361 0.0
-0.0269425 0.250418 0.0
-0.0295725 0.253254 0.0
-0.0319943 0.254895 0.0
-0.0342039 0.255382 0.0
-0.0362 0.254768 0.0
-0.0379848 0.253121 0.0
-0.0395627 0.250518 0.0
-0.0409411 0.247046 0.0
-0.0421298 0.242799 0.0
-0.0431408 0.237877 0.0
-0.0439879 0.232383 0.0
-0.0446869 0.226423 0.0
-0.0452543 0.2201 0.0
-0.0457079 0.213516 0.0
-0.0460656 0.206767 0.0
-0.0463449 0.199941 0.0
-0.0465629 0.193118 0.0
-0.0467352 0.186364 0.0
-0.0468756 0.179734 0.0
-0.046996 0.173271 0.0
-0.047106 0.167003 0.0
-0.0472127 0.160947 0.0
-0.0473212 0.155109 0.0
-0.0474342 0.149485 0.0
-0.0475529 0.144065 0.0
-0.0476772 0.138832 0.0
-0.0478059 0.133769 0.0
-0.0479372 0.128857 0.0
-0.0480692 0.124075 0.0
-0.0481999 0.119405 0.0
-0.0483276 0.114832 0.0
-0.0484509 0.110341 0.0
-0.0485689 0.10592 0.0
-0.0486809 0.101561 0.0
-0.0487868 0.0972537 0.0
-0.0488866 0.092994 0.0
-0.0489809 0.0887765 0.0
-0.0490701 0.0845973 0.0
-0.0491549 0.0804532 0.0
-0.049236 0.0763412 0.0
-0.049314 0.0722588 0.0
-0.0493896 0.0682033 0.0
-0.0494633 0.0641719 0.0
-0.0495356 0.0601621 0.0
-0.0496066 0.0561708 0.0
-0.0496767 0.0521951 0.0
-0.0497458 0.0482317 0.0
-0.0498139 0.0442776 0.0
-0.049881 0.0403293 0.0
-0.0499468 0.0363836 0.0
-0.0500111 0.0324371 0.0
-0.0500736 0.0284864 0.0
-0.0501339 0.0245282 0.0
-0.0501917 0.0205594 0.0
-0.0502467 0.0165767 0.0
-0.0502986 0.0125772 0.0
-0.050347 0.00855783 0.0
-0.0503916 0.00451587 0.0
-0.0504323 0.000448591 0.0
-0.0504688 -0.00364658 0.0
-0.050501 -0.00777326 0.0
-0.0505289 -0.011934 0.0
-0.0505524 -0.016131 0.0
-0.0505717 -0.0203661 0.0
-0.0505868 -0.0246414 0.0
-0.050598 -0.0289587 0.0
-0.0506056 -0.03332 0.0
-0.0506098 -0.0377272 0.0
-0.0506112 -0.0421823 0.0
-0.05061 -0.0466874 0.0
-0.0506067 -0.0512447 0.0
-0.0506018 -0.0558565 0.0
-0.0505956 -0.0605253 0.0
-0.0505884 -0.0652536 0.0
-0.0505806 -0.0700442 0.0
-0.0505724 -0.0748998 0.0
-0.0505638 -0.0798236 0.0
-0.0505548 -0.0848184 0.0
-0.0505451 -0.0898874 0.0
-0.0505341 -0.0950335 0.0
-0.050521 -0.100259 0.0
-0.0505046 -0.105567 0.0
-0.0504832 -0.110959 0.0
-0.0504549 -0.116436 0.0
-0.0504174 -0.121999 0.0
-0.0503676 -0.127646 0.0
-0.0503025 -0.133376 0.0
-0.050218 -0.139186 0.0
-0.0501098 -0.14507 0.0
-0.0499731 -0.151022 0.0
-0.0498027 -0.157033 0.0
-0.0495929 -0.163091 0.0
-0.0493382 -0.169185 0.0
-0.0490326 -0.175299 0.0
-0.0486705 -0.181417 0.0
-0.048247 -0.187524 0.0
-0.0477587 -0.193605 0.0
-0.0472046 -0.199648 0.0
-0.0465885 -0.205655 0.0
-0.0459226 -0.211646 0.0
-0.0452323 -0.217684 0.0
-0.0445651 -0.223902 0.0
-0.0440009 -0.23056 0.0
-0.0436622 -0.23811 0.0
-0.0437172 -0.247279 0.0
-0.0443583 -0.259096 0.0
-0.0457409 -0.274773 0.0
-0.0478778 -0.295335 0.0
-0.0505289 -0.320997 0.0
-0.0531534 -0.350515 0.0
-0.0549711 -0.380815 0.0
-0.0551147 -0.407007 0.0
-0.0528144 -0.422691 0.0
-0.0475743 -0.420444 0.0
-0.0393386 -0.392541 0.0
-0.0286696 -0.332362 0.0
-0.0169545 -0.237648 0.0
-0.00662002 -0.118456 0.0
-0.0010863 -0.0117274 0.0
0.000151974 0.0320625 0.0
0.000155813 0.118399 0.0
-0.000869131 0.168083 0.0
-0.00313647 0.194409 0.0
-0.00610806 0.209931 0.0
-0.00929845 0.221045 0.0
-0.0124795 0.230081 0.0
-0.0155596 0.237706 0.0
-0.0185006 0.244064 0.0
-0.0212826 0.249175 0.0
-0.0238922 0.253045 0.0
-0.0263197 0.255685 0.0
-0.0285585 0.257125 0.0
-0.0306046 0.257408 0.0
-0.032457 0.256591 0.0
-0.0341172 0.254744 0.0
-0.0355893 0.251946 0.0
-0.03688 0.248288 0.0
-0.0379982 0.243865 0.0
-0.0389547 0.238779 0.0
-0.0397624 0.233136 0.0
-0.0404355 0.227042 0.0
-0.0409893 0.220602 0.0
-0.0414399 0.213918 0.0
-0.0418036 0.207086 0.0
-0.0420965 0.200194 0.0
-0.0423338 0.19332 0.0
-0.0425296 0.186529 0.0
-0.0426963 0.179876 0.0
-0.0428445 0.173398 0.0
-0.0429825 0.167124 0.0
-0.0431165 0.161068 0.0
-0.0432508 0.155232 0.0
-0.0433877 0.149612 0.0
-0.043528 0.144197 0.0
-0.0436716 0.138968 0.0
-0.0438172 0.133908 0.0
-0.0439634 0.128996 0.0
-0.0441084 0.124213 0.0
-0.0442507 0.119541 0.0
-0.0443888 0.114963 0.0
-0.0445217 0.110467 0.0
-0.0446488 0.10604 0.0
-0.0447696 0.101674 0.0
-0.0448843 0.0973611 0.0
-0.0449932 0.0930956 0.0
-0.0450967 0.0888728 0.0
-0.0451955 0.0846891 0.0
-0.0452903 0.0805411 0.0
-0.0453817 0.076426 0.0
-0.0454704 0.072341 0.0
-0.0455571 0.0682835 0.0
-0.0456422 0.0642507 0.0
-0.045726 0.0602396 0.0
-0.0458088 0.0562473 0.0
-0.0458908 0.0522707 0.0
-0.0459719 0.0483065 0.0
-0.0460521 0.0443514 0.0
-0.0461312 0.0404019 0.0
-0.0462089 0.0364548 0.0
-0.0462851 0.0325065 0.0
-0.0463594 0.0285538 0.0
-0.0464314 0.0245933 0.0
-0.0465009 0.0206217 0.0
-0.0465674 0.016636 0.0
-0.0466307 0.0126332 0.0
-0.0466904 0.00861017 0.0
-0.0467463 0.00456431 0.0
-0.0467982 0.000492945 0.0
-0.046846 -0.00360647 0.0
-0.0468895 -0.00773745 0.0
-0.0469287 -0.0119025 0.0
-0.0469637 -0.0161037 0.0
-0.0469946 -0.020343 0.0
-0.0470215 -0.0246222 0.0
-0.0470447 -0.0289433 0.0
-0.0470645 -0.0333079 0.0
-0.0470813 -0.037718 0.0
-0.0470955 -0.0421757 0.0
-0.0471076 -0.0466829 0.0
-0.047118 -0.0512419 0.0
-0.047127 -0.055855 0.0
-0.0471353 -0.0605246 0.0
-0.0471431 -0.0652534 0.0
-0.0471507 -0.0700443 0.0
-0.0471584 -0.0749001 0.0
-0.0471664 -0.0798239 0.0
-0.0471745 -0.0848189 0.0
-0.0471826 -0.0898884 0.0
-0.0471903 -0.0950357 0.0
-0.0471968 -0.100264 0.0
-0.047201 -0.105575 0.0
-0.0472014 -0.110972 0.0
-0.0471962 -0.116457 0.0
-0.047183 -0.122029 0.0
-0.0471592 -0.127689 0.0
-0.0471217 -0.133436 0.0
-0.0470668 -0.139266 0.0
-0.0469903 -0.145175 0.0
-0.0468874 -0.151157 0.0
-0.0467532 -0.157203 0.0
-0.0465822 -0.163302 0.0
-0.0463687 -0.169442 0.0
-0.0461069 -0.175609 0.0
-0.0457911 -0.181785 0.0
-0.045416 -0.187955 0.0
-0.0449774 -0.194101 0.0
-0.0444731 -0.20021 0.0
-0.0439047 -0.206277 0.0
-0.0432804 -0.212314 0.0
-0.0426198 -0.218367 0.0
-0.0419616 -0.224545 0.0
-0.0413735 -0.23107 0.0
-0.0409646 -0.238348 0.0
-0.0408917 -0.247059 0.0
-0.0413478 -0.258218 0.0
-0.0425101 -0.273105 0.0
-0.0444402 -0.292936 0.0
-0.046963 -0.318222 0.0
-0.0495964 -0.348032 0.0
-0.0515918 -0.379485 0.0
-0.0520802 -0.407704 0.0
-0.0502631 -0.426111 0.0
-0.0455981 -0.426929 0.0
-0.0379706 -0.401919 0.0
-0.0278739 -0.34375 0.0
-0.0166212 -0.249227 0.0
-0.00656642 -0.127265 0.0
-0.00110221 -0.0139159 0.0
0.000204017 0.0317065 0.0
0.000402787 0.118552 0.0
-0.000243102 0.1696 0.0
-0.0020796 0.196996 0.0
-0.00468982 0.212927 0.0
-0.00756269 0.224113 0.0
-0.0104527 0.233085 0.0
-0.0132613 0.240591 0.0
-0.0159486 0.246807 0.0
-0.0184948 0.251761 0.0
-0.0208872 0.255461 0.0
-0.0231166 0.257925 0.0
-0.0251766 0.259183 0.0
-0.0270635 0.259282 0.0
-0.028776 0.258281 0.0
-0.0303153 0.256253 0.0
-0.0316851 0.253279 0.0
-0.0328912 0.249452 0.0
-0.0339415 0.244869 0.0
-0.034846 0.239635 0.0
-0.0356161 0.233857 0.0
-0.0362647 0.227642 0.0
-0.0368057 0.221096 0.0
-0.0372536 0.214322 0.0
-0.037623 0.207415 0.0
-0.0379284 0.200464 0.0
-0.0381836 0.193543 0.0
-0.038401 0.186719 0.0
-0.0385916 0.180043 0.0
-0.0387648 0.173552 0.0
-0.0389278 0.167271 0.0
-0.0390859 0.161213 0.0
-0.0392429 0.155378 0.0
-0.0394005 0.149761 0.0
-0.0395595 0.144348 0.0
-0.0397196 0.139121 0.0
-0.0398797 0.134061 0.0
-0.0400385 0.129148 0.0
-0.0401947 0.124362 0.0
-0.0403469 0.119686 0.0
-0.040494 0.115103 0.0
-0.0406354 0.110601 0.0
-0.0407706 0.106168 0.0
-0.0408995 0.101796 0.0
-0.0410224 0.0974769 0.0
-0.0411396 0.093206 0.0
-0.0412519 0.0889784 0.0
-0.0413598 0.0847904 0.0
-0.041464 0.080639 0.0
-0.0415653 0.076521 0.0
-0.0416643 0.0724339 0.0
-0.0417616 0.0683747 0.0
-0.0418575 0.0643406 0.0
-0.0419523 0.0603285 0.0
-0.0420464 0.0563354 0.0
-0.0421396 0.052358 0.0
-0.0422321 0.048393 0.0
-0.0423237 0.0444368 0.0
-0.0424142 0.0404862 0.0
-0.0425033 0.0365376 0.0
-0.0425908 0.0325876 0.0
-0.0426763 0.0286327 0.0
-0.0427594 0.0246697 0.0
-0.0428399 0.0206954 0.0
-0.0429173 0.0167066 0.0
-0.0429915 0.0127002 0.0
-0.043062 0.00867355 0.0
-0.0431287 0.00462377 0.0
-0.0431914 0.000548305 0.0
-0.04325 -0.00355531 0.0
-0.0433043 -0.00769051 0.0
-0.0433546 -0.0118598 0.0
-0.0434007 -0.0160651 0.0
-0.0434429 -0.0203084 0.0
-0.0434814 -0.0245913 0.0
-0.0435165 -0.0289157 0.0
-0.0435485 -0.0332834 0.0
-0.0435778 -0.0376962 0.0
-0.0436049 -0.042156 0.0
-0.0436303 -0.0466649 0.0
-0.0436545 -0.0512252 0.0
-0.0436779 -0.055839 0.0
-0.043701 -0.0605091 0.0
-0.0437241 -0.0652379 0.0
-0.0437476 -0.0700285 0.0
-0.0437717 -0.0748838 0.0
-0.0437967 -0.0798071 0.0
-0.0438225 -0.0848016 0.0
-0.0438491 -0.0898709 0.0
-0.043876 -0.0950185 0.0
-0.0439027 -0.100248 0.0
-0.043928 -0.105562 0.0
-0.0439508 -0.110963 0.0
-0.0439691 -0.116453 0.0
-0.0439808 -0.122034 0.0
-0.0439835 -0.127705 0.0
-0.0439742 -0.133466 0.0
-0.0439493 -0.139315 0.0
-0.0439049 -0.145247 0.0
-0.0438363 -0.151256 0.0
-0.0437388 -0.157335 0.0
-0.043607 -0.163472 0.0
-0.0434355 -0.169657 0.0
-0.0432184 -0.175873 0.0
-0.0429499 -0.182105 0.0
-0.0426246 -0.188335 0.0
-0.0422378 -0.194546 0.0
-0.0417865 -0.200721 0.0
-0.0412703 -0.206851 0.0
-0.0406946 -0.21294 0.0
-0.0400741 -0.219021 0.0
-0.0394397 -0.225182 0.0
-0.0388484 -0.231611 0.0
-0.0383959 -0.238668 0.0
-0.0382266 -0.246982 0.0
-0.0385288 -0.257538 0.0
-0.0394945 -0.271658 0.0
-0.0412262 -0.290721 0.0
-0.0436103 -0.31553 0.0
-0.0462248 -0.345476 0.0
-0.0483583 -0.377912 0.0
-0.0491465 -0.408001 0.0
-0.0477682 -0.42901 0.0
-0.0436394 -0.432825 0.0
-0.0365901 -0.410701 0.0
-0.0270484 -0.354607 0.0
-0.0162549 -0.260417 0.0
-0.00649108 -0.135894 0.0
-0.00111186 -0.01613 0.0
0.000250936 0.0312516 0.0
0.0006389 0.11842 0.0
0.000350227 0.170667 0.0
-0.00106197 0.199178 0.0
-0.00329572 0.215588 0.0
-0.00585209 0.226881 0.0
-0.00845448 0.235809 0.0
-0.0109957 0.243216 0.0
-0.0134336 0.249307 0.0
-0.0157483 0.254121 0.0
-0.0179277 0.257672 0.0
-0.019963 0.259979 0.0
-0.0218482 0.261075 0.0
-0.0235795 0.261009 0.0
-0.0251557 0.259843 0.0
-0.0265775 0.257652 0.0
-0.0278479 0.25452 0.0
-0.0289721 0.250541 0.0
-0.0299571 0.245815 0.0
-0.0308114 0.240448 0.0
-0.0315455 0.234548 0.0
-0.0321706 0.228225 0.0
-0.0326992 0.221584 0.0
-0.0331443 0.214728 0.0
-0.0335189 0.207754 0.0
-0.0338358 0.200748 0.0
-0.0341072 0.193786 0.0
-0.0343442 0.186931 0.0
-0.0345564 0.180234 0.0
-0.0347519 0.17373 0.0
-0.034937 0.167442 0.0
-0.0351163 0.16138 0.0
-0.035293 0.155545 0.0
-0.0354685 0.149928 0.0
-0.0356434 0.144515 0.0
-0.0358175 0.139288 0.0
-0.0359898 0.134227 0.0
-0.0361593 0.129311 0.0
-0.0363248 0.124521 0.0
-0.0364854 0.11984 0.0
-0.0366403 0.115251 0.0
-0.036789 0.110743 0.0
-0.0369314 0.106304 0.0
-0.0370675 0.101925 0.0
-0.0371978 0.0976007 0.0
-0.0373228 0.0933246 0.0
-0.0374432 0.0890925 0.0
-0.0375595 0.0849007 0.0
-0.0376727 0.0807462 0.0
-0.0377833 0.0766259 0.0
-0.0378919 0.0725369 0.0
-0.0379991 0.0684763 0.0
-0.0381051 0.0644411 0.0
-0.0382103 0.0604282 0.0
-0.0383149 0.0564344 0.0
-0.0384187 0.0524563 0.0
-0.0385219 0.0484905 0.0
-0.0386242 0.0445334 0.0
-0.0387254 0.0405815 0.0
-0.0388251 0.0366314 0.0
-0.0389232 0.0326795 0.0
-0.0390193 0.0287225 0.0
-0.0391129 0.024757 0.0
-0.0392038 0.0207797 0.0
-0.0392917 0.0167877 0.0
-0.0393761 0.0127779 0.0
-0.039457 0.00874746 0.0
-0.039534 0.00469375 0.0
-0.039607 0.000614226 0.0
-0.0396759 -0.00349352 0.0
-0.0397408 -0.00763283 0.0
-0.0398017 -0.0118061 0.0
-0.0398588 -0.0160154 0.0
-0.0399121 -0.0202623 0.0
-0.039962 -0.0245487 0.0
-0.0400088 -0.0288762 0.0
-0.040053 -0.0332466 0.0
-0.0400949 -0.0376616 0.0
-0.0401351 -0.0421231 0.0
-0.0401741 -0.0466333 0.0
-0.0402123 -0.0511942 0.0
-0.0402504 -0.0558084 0.0
-0.0402887 -0.0604782 0.0
-0.0403277 -0.0652065 0.0
-0.0403676 -0.0699963 0.0
-0.0404089 -0.0748505 0.0
-0.0404515 -0.0797726 0.0
-0.0404958 -0.0847659 0.0
-0.0405414 -0.0898342 0.0
-0.0405883 -0.0949812 0.0
-0.0406358 -0.100211 0.0
-0.0406831 -0.105526 0.0
-0.0407289 -0.11093 0.0
-0.0407715 -0.116425 0.0
-0.0408089 -0.122013 0.0
-0.0408387 -0.127694 0.0
-0.0408581 -0.133468 0.0
-0.0408639 -0.139333 0.0
-0.0408522 -0.145285 0.0
-0.0408186 -0.15132 0.0
-0.0407584 -0.157429 0.0
-0.0406665 -0.163602 0.0
-0.0405376 -0.169827 0.0
-0.040366 -0.176091 0.0
-0.0401458 -0.182376 0.0
-0.0398717 -0.188664 0.0
-0.0395386 -0.194937 0.0
-0.0391428 -0.201177 0.0
-0.0386827 -0.207371 0.0
-0.0381612 -0.213517 0.0
-0.0375891 -0.219637 0.0
-0.0369907 -0.2258 0.0
-0.0364137 -0.232162 0.0
-0.035941 -0.239042 0.0
-0.0357036 -0.247014 0.0
-0.0358821 -0.257024 0.0
-0.0366766 -0.270411 0.0
-0.0382231 -0.28869 0.0
-0.0404641 -0.312936 0.0
-0.0430387 -0.342881 0.0
-0.0452767 -0.376136 0.0
-0.0463244 -0.407942 0.0
-0.0453434 -0.431429 0.0
-0.0417127 -0.438165 0.0
-0.0352114 -0.418911 0.0
-0.0262048 -0.364945 0.0
-0.0158636 -0.271213 0.0
-0.00639753 -0.144328 0.0
-0.00111581 -0.0183577 0.0
0.000294473 0.0307062 0.0
0.000868948 0.118003 0.0
0.000914191 0.171327 0.0
-8.7228e-05 0.200931 0.0
-0.0019304 0.217912 0.0
-0.00416748 0.229351 0.0
-0.00648488 0.23826 0.0
-0.00876263 0.245585 0.0
-0.0109553 0.251569 0.0
-0.0130427 0.256262 0.0
-0.015013 0.259681 0.0
-0.016858 0.26185 0.0
-0.018572 0.262803 0.0
-0.0201513 0.262591 0.0
-0.0215943 0.26128 0.0
-0.0229015 0.258944 0.0
-0.0240753 0.255672 0.0
-0.0251199 0.251558 0.0
-0.0260413 0.246705 0.0
-0.0268471 0.241219 0.0
-0.0275462 0.235211 0.0
-0.0281486 0.22879 0.0
-0.0286651 0.222064 0.0
-0.0291072 0.215135 0.0
-0.0294862 0.2081 0.0
-0.0298134 0.201045 0.0
-0.0300995 0.194046 0.0
-0.030354 0.187163 0.0
-0.0305855 0.180446 0.0
-0.0308007 0.173929 0.0
-0.0310053 0.167633 0.0
-0.0312031 0.161566 0.0
-0.0313968 0.155729 0.0
-0.0315876 0.15011 0.0
-0.0317759 0.144696 0.0
-0.0319617 0.139467 0.0
-0.0321441 0.134403 0.0
-0.0323224 0.129483 0.0
-0.0324956 0.124688 0.0
-0.0326632 0.120001 0.0
-0.0328245 0.115406 0.0
-0.0329795 0.110892 0.0
-0.0331281 0.106446 0.0
-0.0332706 0.102062 0.0
-0.0334075 0.0977317 0.0
-0.0335395 0.0934507 0.0
-0.0336672 0.0892145 0.0
-0.0337913 0.0850194 0.0
-0.0339126 0.0808621 0.0
-0.0340317 0.0767397 0.0
-0.0341492 0.0726492 0.0
-0.0342655 0.0685875 0.0
-0.0343809 0.0645515 0.0
-0.0344957 0.060538 0.0
-0.0346099 0.0565436 0.0
-0.0347236 0.0525649 0.0
-0.0348366 0.0485982 0.0
-0.0349488 0.0446402 0.0
-0.0350599 0.0406871 0.0
-0.0351696 0.0367355 0.0
-0.0352776 0.0327817 0.0
-0.0353836 0.0288225 0.0
-0.0354871 0.0248543 0.0
-0.0355879 0.0208742 0.0
-0.0356855 0.0168789 0.0
-0.0357798 0.0128656 0.0
-0.0358704 0.00883142 0.0
-0.0359573 0.00477381 0.0
-0.0360402 0.000690291 0.0
-0.0361191 -0.00342147 0.0
-0.0361942 -0.00756472 0.0
-0.0362655 -0.0117419 0.0
-0.0363332 -0.0159548 0.0
-0.0363975 -0.0202051 0.0
-0.0364587 -0.0244946 0.0
-0.0365173 -0.0288248 0.0
-0.0365736 -0.0331973 0.0
-0.0366283 -0.037614 0.0
-0.0366817 -0.0420768 0.0
-0.0367345 -0.0465876 0.0
-0.0367873 -0.0511487 0.0
-0.0368405 -0.0557625 0.0
-0.0368946 -0.0604315 0.0
-0.03695 -0.0651586 0.0
-0.0370072 -0.0699469 0.0
-0.0370662 -0.0747994 0.0
-0.0371275 -0.0797196 0.0
-0.0371909 -0.0847111 0.0
-0.0372566 -0.0897776 0.0
-0.0373242 -0.0949231 0.0
-0.0373935 -0.100152 0.0
-0.0374636 -0.105467 0.0
-0.0375333 -0.110873 0.0
-0.037601 -0.116372 0.0
-0.0376649 -0.121965 0.0
-0.0377226 -0.127654 0.0
-0.0377716 -0.133439 0.0
-0.0378089 -0.139318 0.0
-0.0378306 -0.145289 0.0
-0.0378327 -0.151347 0.0
-0.0378106 -0.157484 0.0
-0.0377594 -0.16369 0.0
-0.037674 -0.169954 0.0
-0.0375487 -0.176261 0.0
-0.037378 -0.182596 0.0
-0.0371562 -0.188939 0.0
-0.0368784 -0.195272 0.0
-0.0365402 -0.201575 0.0
-0.0361393 -0.207833 0.0
-0.0356766 -0.214039 0.0
-0.0351596 -0.220204 0.0
-0.0346075 -0.226383 0.0
-0.0340593 -0.232704 0.0
-0.0335865 -0.239445 0.0
-0.0333064 -0.247128 0.0
-0.0333896 -0.256649 0.0
-0.034039 -0.269343 0.0
-0.0354166 -0.286834 0.0
-0.0375158 -0.310452 0.0
-0.0400353 -0.340271 0.0
-0.0423498 -0.374193 0.0
-0.0436213 -0.407565 0.0
-0.0429992 -0.433408 0.0
-0.0398303 -0.442985 0.0
-0.0338463 -0.426576 0.0
-0.0253535 -0.374779 0.0
-0.0154546 -0.281619 0.0
-0.00628913 -0.152553 0.0
-0.00111468 -0.0205882 0.0
0.000334251 0.0300775 0.0
0.00108869 0.117303 0.0
0.00146142 0.171609 0.0
0.000849022 0.202263 0.0
-0.000606542 0.219879 0.0
-0.00250926 0.231523 0.0
-0.00454359 0.240439 0.0
-0.0065617 0.247702 0.0
-0.00851316 0.253596 0.0
-0.0103771 0.258186 0.0
-0.0121421 0.261493 0.0
-0.0138005 0.263542 0.0
-0.0153466 0.264371 0.0
-0.0167768 0.264033 0.0
-0.0180895 0.262594 0.0
-0.0192846 0.260132 0.0
-0.020364 0.256737 0.0
-0.0213309 0.252504 0.0
-0.0221904 0.247539 0.0
-0.0229489 0.241949 0.0
-0.0236139 0.235845 0.0
-0.024194 0.229338 0.0
-0.0246984 0.222536 0.0
-0.025137 0.215543 0.0
-0.0255196 0.208454 0.0
-0.0258559 0.201355 0.0
-0.026155 0.194321 0.0
-0.0264253 0.187413 0.0
-0.0266738 0.180677 0.0
-0.0269065 0.174146 0.0
-0.0271281 0.167841 0.0
-0.0273419 0.161769 0.0
-0.02755 0.155927 0.0
-0.0277537 0.150306 0.0
-0.0279533 0.144888 0.0
-0.0281486 0.139655 0.0
-0.0283392 0.134587 0.0
-0.0285245 0.129662 0.0
-0.028704 0.124862 0.0
-0.0288771 0.120168 0.0
-0.0290437 0.115567 0.0
-0.0292038 0.111046 0.0
-0.0293576 0.106594 0.0
-0.0295055 0.102204 0.0
-0.0296482 0.097869 0.0
-0.0297862 0.0935836 0.0
-0.0299204 0.0893436 0.0
-0.0300514 0.0851455 0.0
-0.03018 0.080986 0.0
-0.0303068 0.0768619 0.0
-0.0304322 0.0727701 0.0
-0.0305567 0.0687075 0.0
-0.0306805 0.0646709 0.0
-0.030804 0.0606569 0.0
-0.030927 0.0566621 0.0
-0.0310496 0.0526828 0.0
-0.0311716 0.0487155 0.0
-0.0312928 0.0447565 0.0
-0.031413 0.0408023 0.0
-0.0315319 0.0368491 0.0
-0.0316491 0.0328935 0.0
-0.0317642 0.028932 0.0
-0.031877 0.0249613 0.0
-0.031987 0.0209782 0.0
-0.0320939 0.0169797 0.0
-0.0321975 0.0129628 0.0
-0.0322974 0.00892497 0.0
-0.0323937 0.00486352 0.0
-0.0324861 0.000776112 0.0
-0.0325747 -0.00333951 0.0
-0.0326597 -0.00748648 0.0
-0.0327411 -0.0116672 0.0
-0.0328193 -0.0158834 0.0
-0.0328944 -0.0201368 0.0
-0.032967 -0.0244289 0.0
-0.0330373 -0.0287613 0.0
-0.033106 -0.0331356 0.0
-0.0331735 -0.0375534 0.0
-0.0332405 -0.0420168 0.0
-0.0333076 -0.0465276 0.0
-0.0333753 -0.0510881 0.0
-0.0334441 -0.0557008 0.0
-0.0335147 -0.0603683 0.0
-0.0335873 -0.0650936 0.0
-0.0336624 -0.0698796 0.0
-0.0337402 -0.0747297 0.0
-0.0338209 -0.0796473 0.0
-0.0339046 -0.0846361 0.0
-0.0339912 -0.0897001 0.0
-0.0340807 -0.0948433 0.0
-0.0341727 -0.10007 0.0
-0.0342666 -0.105385 0.0
-0.0343612 -0.110791 0.0
-0.0344551 -0.116292 0.0
-0.0345465 -0.121889 0.0
-0.0346332 -0.127585 0.0
-0.0347127 -0.133379 0.0
-0.0347822 -0.139271 0.0
-0.0348384 -0.145259 0.0
-0.0348771 -0.151337 0.0
-0.0348939 -0.157499 0.0
-0.0348843 -0.163735 0.0
-0.0348431 -0.170035 0.0
-0.0347652 -0.176384 0.0
-0.0346449 -0.182765 0.0
-0.0344768 -0.18916 0.0
-0.0342557 -0.19555 0.0
-0.0339771 -0.201914 0.0
-0.0336379 -0.208235 0.0
-0.0332377 -0.2145 0.0
-0.0327815 -0.220716 0.0
-0.0322839 -0.226921 0.0
-0.0317768 -0.233222 0.0
-0.0313209 -0.239857 0.0
-0.0310208 -0.247297 0.0
-0.031035 -0.256382 0.0
-0.0315649 -0.26843 0.0
-0.032792 -0.285142 0.0
-0.0347547 -0.308082 0.0
-0.0372093 -0.337667 0.0
-0.0395776 -0.372114 0.0
-0.0410416 -0.406908 0.0
-0.0407434 -0.434985 0.0
-0.0380016 -0.447319 0.0
-0.0325049 -0.433723 0.0
-0.0245035 -0.384127 0.0
-0.0150346 -0.291639 0.0
-0.00616905 -0.160564 0.0
-0.00110909 -0.0228119 0.0
0.000370397 0.0293729 0.0
0.00129764 0.116326 0.0
0.00199193 0.17152 0.0
0.00175712 0.2032 0.0
0.000677153 0.221478 0.0
-0.000886699 0.233391 0.0
-0.00263125 0.242349 0.0
-0.00439236 0.24957 0.0
-0.00610636 0.255393 0.0
-0.00775057 0.259897 0.0
-0.00931375 0.26311 0.0
-0.0107886 0.265058 0.0
-0.0121697 0.265782 0.0
-0.0134537 0.265336 0.0
-0.0146385 0.263788 0.0
-0.0157237 0.261219 0.0
-0.0167105 0.257717 0.0
-0.0176013 0.253382 0.0
-0.0184002 0.24832 0.0
-0.0191123 0.242639 0.0
-0.0197438 0.236452 0.0
-0.0203018 0.22987 0.0
-0.020794 0.223002 0.0
-0.0212286 0.215951 0.0
-0.0216138 0.208814 0.0
-0.021958 0.201676 0.0
-0.0222686 0.19461 0.0
-0.0225527 0.187678 0.0
-0.0228163 0.180924 0.0
-0.0230643 0.17438 0.0
-0.0233007 0.168066 0.0
-0.0235282 0.161986 0.0
-0.0237486 0.156139 0.0
-0.023963 0.150512 0.0
-0.0241717 0.14509 0.0
-0.0243747 0.139852 0.0
-0.0245718 0.134778 0.0
-0.0247626 0.129847 0.0
-0.0249468 0.12504 0.0
-0.0251242 0.12034 0.0
-0.0252948 0.115733 0.0
-0.0254589 0.111205 0.0
-0.0256168 0.106747 0.0
-0.0257691 0.102352 0.0
-0.0259165 0.0980117 0.0
-0.0260596 0.0937222 0.0
-0.0261993 0.089479 0.0
-0.0263362 0.0852783 0.0
-0.0264711 0.0811168 0.0
-0.0266044 0.0769913 0.0
-0.0267368 0.0728986 0.0
-0.0268685 0.0688354 0.0
-0.0269997 0.0647984 0.0
-0.0271308 0.060784 0.0
-0.0272615 0.0567889 0.0
-0.027392 0.0528092 0.0
-0.0275221 0.0488413 0.0
-0.0276514 0.0448815 0.0
-0.0277799 0.0409261 0.0
-0.027907 0.0369714 0.0
-0.0280326 0.033014 0.0
-0.0281563 0.0290503 0.0
-0.0282776 0.0250771 0.0
-0.0283962 0.0210911 0.0
-0.0285119 0.0170894 0.0
-0.0286242 0.0130692 0.0
-0.0287331 0.00902767 0.0
-0.0288384 0.00496249 0.0
-0.0289399 0.000871338 0.0
-0.0290379 -0.00324793 0.0
-0.0291325 -0.00739836 0.0
-0.0292239 -0.0115823 0.0
-0.0293124 -0.0158015 0.0
-0.0293983 -0.0200575 0.0
-0.0294822 -0.0243517 0.0
-0.0295644 -0.0286857 0.0
-0.0296456 -0.0330611 0.0
-0.0297264 -0.0374794 0.0
-0.0298073 -0.0419426 0.0
-0.0298891 -0.0464527 0.0
-0.0299723 -0.051012 0.0
-0.0300574 -0.0556228 0.0
-0.0301451 -0.060288 0.0
-0.0302357 -0.0650105 0.0
-0.0303297 -0.0697934 0.0
-0.0304272 -0.0746403 0.0
-0.0305284 -0.0795546 0.0
-0.0306334 -0.0845401 0.0
-0.0307421 -0.0896007 0.0
-0.0308546 -0.0947407 0.0
-0.0309704 -0.0999648 0.0
-0.0310892 -0.105277 0.0
-0.0312099 -0.110683 0.0
-0.0313311 -0.116185 0.0
-0.0314511 -0.121785 0.0
-0.0315678 -0.127486 0.0
-0.0316789 -0.133288 0.0
-0.0317819 -0.13919 0.0
-0.0318734 -0.145192 0.0
-0.0319497 -0.151289 0.0
-0.0320065 -0.157474 0.0
-0.0320393 -0.163738 0.0
-0.0320435 -0.17007 0.0
-0.0320139 -0.176456 0.0
-0.0319451 -0.182881 0.0
-0.0318318 -0.189326 0.0
-0.0316688 -0.195769 0.0
-0.0314515 -0.202191 0.0
-0.0311763 -0.208572 0.0
-0.0308418 -0.214897 0.0
-0.0304509 -0.221166 0.0
-0.0300147 -0.227405 0.0
-0.0295588 -0.233701 0.0
-0.0291346 -0.240258 0.0
-0.028834 -0.247497 0.0
-0.0288032 -0.256199 0.0
-0.0292383 -0.267648 0.0
-0.0303347 -0.283601 0.0
-0.0321694 -0.305826 0.0
-0.0345537 -0.335084 0.0
-0.0369578 -0.369925 0.0
-0.0385874 -0.406004 0.0
-0.0385812 -0.436194 0.0
-0.0362342 -0.451199 0.0
-0.0311955 -0.440378 0.0
-0.0236624 -0.393006 0.0
-0.0146093 -0.301282 0.0
-0.00604022 -0.168356 0.0
-0.00109972 -0.0250207 0.0
0.000403092 0.0285994 0.0
0.0014955 0.11508 0.0
0.00250423 0.171063 0.0
0.00264262 0.203753 0.0
0.0019282 0.222719 0.0
0.000695961 0.234946 0.0
-0.000753292 0.243988 0.0
-0.00225446 0.251194 0.0
-0.00373393 0.256963 0.0
-0.00516173 0.261399 0.0
-0.00652617 0.264535 0.0
-0.00782034 0.266401 0.0
-0.00903921 0.267039 0.0
-0.0101792 0.266503 0.0
-0.0112382 0.264865 0.0
-0.0122153 0.262204 0.0
-0.013111 0.258614 0.0
-0.013927 0.254192 0.0
-0.0146662 0.249048 0.0
-0.0153325 0.243289 0.0
-0.0159308 0.237031 0.0
-0.0164667 0.230384 0.0
-0.0169464 0.223459 0.0
-0.0173764 0.216358 0.0
-0.0177635 0.209179 0.0
-0.0181142 0.202006 0.0
-0.0184349 0.194912 0.0
-0.0187312 0.187957 0.0
-0.0190081 0.181185 0.0
-0.0192695 0.174628 0.0
-0.0195186 0.168303 0.0
-0.0197578 0.162216 0.0
-0.0199885 0.156361 0.0
-0.0202117 0.150728 0.0
-0.0204277 0.145299 0.0
-0.0206366 0.140055 0.0
-0.0208385 0.134974 0.0
-0.0210333 0.130037 0.0
-0.0212208 0.125223 0.0
-0.0214011 0.120516 0.0
-0.0215746 0.115901 0.0
-0.0217415 0.111367 0.0
-0.0219024 0.106904 0.0
-0.022058 0.102503 0.0
-0.022209 0.0981587 0.0
-0.0223562 0.0938656 0.0
-0.0225003 0.0896195 0.0
-0.022642 0.0854166 0.0
-0.022782 0.0812535 0.0
-0.0229208 0.0771269 0.0
-0.0230589 0.0730335 0.0
-0.0231967 0.06897 0.0
-0.0233342 0.0649327 0.0
-0.0234717 0.0609183 0.0
-0.0236091 0.056923 0.0
-0.0237464 0.052943 0.0
-0.0238834 0.0489746 0.0
-0.0240199 0.0450141 0.0
-0.0241556 0.0410577 0.0
-0.0242902 0.0371017 0.0
-0.0244234 0.0331426 0.0
-0.0245547 0.0291769 0.0
-0.0246839 0.0252012 0.0
-0.0248106 0.0212125 0.0
-0.0249344 0.0172077 0.0
-0.0250551 0.0131841 0.0
-0.0251725 0.00913912 0.0
-0.0252864 0.00507036 0.0
-0.0253968 0.000975654 0.0
-0.0255039 -0.00314702 0.0
-0.0256079 -0.00730057 0.0
-0.025709 -0.0114873 0.0
-0.0258078 -0.015709 0.0
-0.0259046 -0.0199671 0.0
-0.0259998 -0.0242629 0.0
-0.0260942 -0.0285978 0.0
-0.0261882 -0.0329736 0.0
-0.0262826 -0.0373916 0.0
-0.0263779 -0.0418539 0.0
-0.0264749 -0.0463625 0.0
-0.0265742 -0.0509196 0.0
-0.0266764 -0.0555277 0.0
-0.026782 -0.0601897 0.0
-0.0268915 -0.0649085 0.0
-0.0270053 -0.0696875 0.0
-0.0271235 -0.0745302 0.0
-0.0272464 -0.0794404 0.0
-0.0273739 -0.0844217 0.0
-0.0275059 -0.0894782 0.0
-0.0276425 -0.0946141 0.0
-0.0277835 -0.0998344 0.0
-0.0279284 -0.105144 0.0
-0.0280764 -0.110548 0.0
-0.0282262 -0.116049 0.0
-0.028376 -0.121651 0.0
-0.028524 -0.127355 0.0
-0.0286679 -0.133163 0.0
-0.0288054 -0.139074 0.0
-0.0289334 -0.145088 0.0
-0.0290484 -0.151201 0.0
-0.0291462 -0.157407 0.0
-0.0292226 -0.163695 0.0
-0.0292732 -0.170057 0.0
-0.029293 -0.176479 0.0
-0.0292769 -0.182944 0.0
-0.0292196 -0.189434 0.0
-0.029116 -0.195927 0.0
-0.0289616 -0.202404 0.0
-0.0287524 -0.208843 0.0
-0.0284862 -0.215227 0.0
-0.0281645 -0.221549 0.0
-0.0277952 -0.227827 0.0
-0.027399 -0.23413 0.0
-0.0270188 -0.240632 0.0
-0.026735 -0.247707 0.0
-0.0266806 -0.256075 0.0
-0.0270443 -0.266974 0.0
-0.02803 -0.282193 0.0
-0.0297478 -0.303681 0.0
-0.0320602 -0.332532 0.0
-0.0344861 -0.367647 0.0
-0.0362583 -0.40488 0.0
-0.0365157 -0.437066 0.0
-0.0345332 -0.454656 0.0
-0.0299243 -0.446569 0.0
-0.0228365 -0.401436 0.0
-0.0141836 -0.310558 0.0
-0.00590527 -0.175927 0.0
-0.00108721 -0.0272077 0.0
0.000432503 0.0277638 0.0
0.00168213 0.113574 0.0
0.00299728 0.170245 0.0
0.00350389 0.203926 0.0
0.00315299 0.223612 0.0
0.00224668 0.236192 0.0
0.00108592 0.245352 0.0
-0.000153223 0.25257 0.0
-0.00139558 0.258309 0.0
-0.00260933 0.262695 0.0
-0.00377762 0.265772 0.0
-0.00489362 0.267575 0.0
-0.00595246 0.268143 0.0
-0.00695045 0.267537 0.0
-0.00788535 0.265825 0.0
-0.00875579 0.263091 0.0
-0.00956153 0.259428 0.0
-0.0103035 0.254936 0.0
-0.0109836 0.249723 0.0
-0.0116046 0.243901 0.0
-0.0121699 0.237583 0.0
-0.0126837 0.230882 0.0
-0.0131504 0.223908 0.0
-0.0135751 0.216764 0.0
-0.013963 0.209548 0.0
-0.0143193 0.202344 0.0
-0.0146487 0.195224 0.0
-0.0149557 0.188248 0.0
-0.0152442 0.181459 0.0
-0.0155173 0.174889 0.0
-0.0157774 0.168552 0.0
-0.0160265 0.162455 0.0
-0.0162657 0.156592 0.0
-0.0164959 0.150951 0.0
-0.0167176 0.145514 0.0
-0.0169309 0.140262 0.0
-0.0171361 0.135174 0.0
-0.0173334 0.130229 0.0
-0.0175229 0.125408 0.0
-0.0177049 0.120693 0.0
-0.0178799 0.116072 0.0
-0.0180484 0.111532 0.0
-0.0182112 0.107063 0.0
-0.0183689 0.102657 0.0
-0.0185224 0.098309 0.0
-0.0186724 0.0940126 0.0
-0.0188197 0.0897639 0.0
-0.0189649 0.0855592 0.0
-0.0191089 0.0813949 0.0
-0.0192519 0.0772675 0.0
-0.0193946 0.0731738 0.0
-0.0195371 0.0691101 0.0
-0.0196797 0.0650729 0.0
-0.0198224 0.0610585 0.0
-0.0199653 0.0570632 0.0
-0.0201082 0.0530831 0.0
-0.020251 0.0491145 0.0
-0.0203935 0.0451534 0.0
-0.0205355 0.0411962 0.0
-0.0206765 0.037239 0.0
-0.0208163 0.0332784 0.0
-0.0209546 0.0293108 0.0
-0.021091 0.0253329 0.0
-0.0212251 0.0213416 0.0
-0.0213565 0.017334 0.0
-0.0214851 0.0133073 0.0
-0.0216106 0.00925896 0.0
-0.0217328 0.00518682 0.0
-0.0218518 0.00108879 0.0
-0.0219678 -0.00303698 0.0
-0.022081 -0.00719327 0.0
-0.0221918 -0.0113824 0.0
-0.0223008 -0.015606 0.0
-0.0224085 -0.0198655 0.0
-0.0225154 -0.0241621 0.0
-0.0226221 -0.0284974 0.0
-0.0227293 -0.0328726 0.0
-0.0228378 -0.0372896 0.0
-0.0229481 -0.0417501 0.0
-0.023061 -0.0462562 0.0
-0.0231772 -0.0508103 0.0
-0.0232972 -0.0554147 0.0
-0.0234216 -0.0600725 0.0
-0.0235509 -0.0647867 0.0
-0.0236855 -0.0695608 0.0
-0.0238256 -0.0743984 0.0
-0.0239713 -0.0793035 0.0
-0.0241226 -0.0842798 0.0
-0.0242792 -0.0893313 0.0
-0.0244413 -0.0944622 0.0
-0.0246087 -0.0996778 0.0
-0.0247811 -0.104983 0.0
-0.0249577 -0.110384 0.0
-0.0251374 -0.115883 0.0
-0.0253185 -0.121486 0.0
-0.025499 -0.127192 0.0
-0.0256769 -0.133004 0.0
-0.0258502 -0.138922 0.0
-0.026016 -0.144946 0.0
-0.0261709 -0.151073 0.0
-0.0263109 -0.157297 0.0
-0.026432 -0.163608 0.0
-0.0265301 -0.169996 0.0
-0.0266006 -0.176449 0.0
-0.0266382 -0.182952 0.0
-0.0266381 -0.189483 0.0
-0.0265954 -0.196024 0.0
-0.0265053 -0.202552 0.0
-0.0263639 -0.209046 0.0
-0.0261684 -0.215486 0.0
-0.0259191 -0.221861 0.0
-0.0256215 -0.228182 0.0
-0.025292 -0.234501 0.0
-0.0249662 -0.240967 0.0
-0.0247139 -0.247908 0.0
-0.0246552 -0.255986 0.0
-0.0249694 -0.266385 0.0
-0.0258643 -0.280901 0.0
-0.0274775 -0.301642 0.0
-0.0297194 -0.330017 0.0
-0.0321571 -0.365298 0.0
-0.0340524 -0.403562 0.0
-0.034548 -0.437631 0.0
-0.0329023 -0.457719 0.0
-0.0286963 -0.45232 0.0
-0.0220309 -0.409437 0.0
-0.0137618 -0.319479 0.0
-0.00576656 -0.18328 0.0
-0.00107215 -0.029367 0.0
0.000458782 0.0268725 0.0
0.00185749 0.111817 0.0
0.00347039 0.169074 0.0
0.00433984 0.203721 0.0
0.00435045 0.224157 0.0
0.00376932 0.237134 0.0
0.00289423 0.246446 0.0
0.0019108 0.253698 0.0
0.00090354 0.25943 0.0
-9.3886e-05 0.263785 0.0
-0.00106644 0.266823 0.0
-0.00200616 0.26858 0.0
-0.00290687 0.269098 0.0
-0.00376427 0.268438 0.0
-0.00457648 0.266671 0.0
-0.00534137 0.263881 0.0
-0.00605785 0.260161 0.0
-0.00672631 0.255614 0.0
-0.00734765 0.250347 0.0
-0.00792342 0.244474 0.0
-0.00845576 0.238108 0.0
-0.00894719 0.231362 0.0
-0.00940054 0.224347 0.0
-0.0098192 0.217168 0.0
-0.010207 0.20992 0.0
-0.0105677 0.202689 0.0
-0.0109047 0.195546 0.0
-0.0112211 0.18855 0.0
-0.0115199 0.181745 0.0
-0.0118031 0.17516 0.0
-0.0120728 0.168811 0.0
-0.0123302 0.162703 0.0
-0.0125765 0.15683 0.0
-0.0128122 0.151179 0.0
-0.0130379 0.145733 0.0
-0.0132542 0.140473 0.0
-0.0134613 0.135376 0.0
-0.0136597 0.130423 0.0
-0.0138499 0.125594 0.0
-0.0140324 0.120872 0.0
-0.0142077 0.116244 0.0
-0.0143766 0.111698 0.0
-0.01454 0.107223 0.0
-0.0146985 0.102813 0.0
-0.0148532 0.0984612 0.0
-0.0150047 0.094162 0.0
-0.0151539 0.0899112 0.0
-0.0153015 0.085705 0.0
-0.015448 0.0815397 0.0
-0.015594 0.0774119 0.0
-0.0157398 0.073318 0.0
-0.0158858 0.0692544 0.0
-0.016032 0.0652175 0.0
-0.0161787 0.0612034 0.0
-0.0163256 0.0572083 0.0
-0.0164729 0.0532283 0.0
-0.0166203 0.0492596 0.0
-0.0167677 0.0452982 0.0
-0.0169147 0.0413404 0.0
-0.0170612 0.0373824 0.0
-0.0172068 0.0334206 0.0
-0.0173511 0.0294514 0.0
-0.0174939 0.0254716 0.0
-0.0176347 0.021478 0.0
-0.0177733 0.0174678 0.0
-0.0179093 0.0134382 0.0
-0.0180425 0.00938684 0.0
-0.0181727 0.00531157 0.0
-0.0183 0.00121051 0.0
-0.0184247 -0.002918 0.0
-0.018547 -0.00707658 0.0
-0.0186675 -0.0112675 0.0
-0.0187869 -0.0154924 0.0
-0.0189056 -0.0197525 0.0
-0.0190243 -0.0240493 0.0
-0.0191438 -0.0283839 0.0
-0.0192647 -0.0327578 0.0
-0.0193878 -0.0371727 0.0
-0.0195138 -0.0416305 0.0
-0.0196434 -0.0461332 0.0
-0.0197772 -0.0506831 0.0
-0.019916 -0.055283 0.0
-0.0200601 -0.0599355 0.0
-0.0202103 -0.0646441 0.0
-0.0203667 -0.0694122 0.0
-0.0205299 -0.0742436 0.0
-0.0206997 -0.0791426 0.0
-0.020876 -0.084113 0.0
-0.0210586 -0.0891586 0.0
-0.0212476 -0.0942837 0.0
-0.0214428 -0.0994935 0.0
-0.0216441 -0.104794 0.0
-0.0218507 -0.11019 0.0
-0.0220617 -0.115686 0.0
-0.0222755 -0.121288 0.0
-0.02249 -0.126995 0.0
-0.0227033 -0.13281 0.0
-0.0229137 -0.138733 0.0
-0.0231186 -0.144765 0.0
-0.0233146 -0.150904 0.0
-0.0234981 -0.157143 0.0
-0.0236652 -0.163473 0.0
-0.0238121 -0.169885 0.0
-0.0239343 -0.176367 0.0
-0.024027 -0.182903 0.0
-0.0240854 -0.189473 0.0
-0.0241048 -0.196057 0.0
-0.0240806 -0.202633 0.0
-0.0240086 -0.209178 0.0
-0.0238859 -0.215671 0.0
-0.0237117 -0.222099 0.0
-0.0234898 -0.228463 0.0
-0.0232328 -0.234806 0.0
-0.0229703 -0.24125 0.0
-0.0227622 -0.248085 0.0
-0.0227163 -0.255914 0.0
-0.0230008 -0.265858 0.0
-0.0238243 -0.279709 0.0
-0.0253466 -0.299699 0.0
-0.0275216 -0.327544 0.0
-0.0299641 -0.362891 0.0
-0.0319664 -0.402071 0.0
-0.032678 -0.437915 0.0
-0.0313436 -0.460416 0.0
-0.0275151 -0.457658 0.0
-0.0212495 -0.41703 0.0
-0.0133473 -0.328057 0.0
-0.00562614 -0.190418 0.0
-0.00105512 -0.0314943 0.0
0.00048207 0.0259317 0.0
0.0020216 0.109819 0.0
0.00392313 0.167557 0.0
0.00514972 0.203142 0.0
0.00551992 0.224355 0.0
0.00526377 0.237773 0.0
0.0046731 0.247273 0.0
0.00394285 0.254586 0.0
0.0031668 0.260326 0.0
0.00238246 0.264671 0.0
0.00160503 0.267687 0.0
0.000842659 0.269417 0.0
0.000100539 0.269903 0.0
-0.000617342 0.269208 0.0
-0.00130816 0.267404 0.0
-0.00196827 0.264573 0.0
-0.00259564 0.260813 0.0
-0.00319071 0.256225 0.0
-0.00375328 0.250919 0.0
-0.00428377 0.245008 0.0
-0.00478301 0.238605 0.0
-0.00525203 0.231825 0.0
-0.00569148 0.224777 0.0
-0.00610316 0.217569 0.0
-0.00648998 0.210294 0.0
-0.00685415 0.203039 0.0
-0.00719767 0.195876 0.0
-0.00752246 0.188861 0.0
-0.00783024 0.18204 0.0
-0.00812248 0.17544 0.0
-0.00840042 0.169078 0.0
-0.008665 0.162958 0.0
-0.00891697 0.157073 0.0
-0.00915686 0.151411 0.0
-0.00938533 0.145955 0.0
-0.00960314 0.140685 0.0
-0.0098109 0.135579 0.0
-0.0100092 0.130617 0.0
-0.0101988 0.125779 0.0
-0.0103804 0.12105 0.0
-0.0105548 0.116416 0.0
-0.0107229 0.111863 0.0
-0.0108855 0.107384 0.0
-0.0110436 0.10297 0.0
-0.0111981 0.0986142 0.0
-0.0113499 0.0943124 0.0
-0.0114996 0.0900598 0.0
-0.011648 0.0858524 0.0
-0.0117957 0.0816865 0.0
-0.0119431 0.0775586 0.0
-0.0120907 0.0734648 0.0
-0.0122386 0.0694016 0.0
-0.0123872 0.0653651 0.0
-0.0125363 0.0613515 0.0
-0.012686 0.0573569 0.0
-0.0128363 0.0533773 0.0
-0.012987 0.0494088 0.0
-0.0131379 0.0454474 0.0
-0.0132889 0.0414894 0.0
-0.0134397 0.0375308 0.0
-0.0135899 0.0335681 0.0
-0.0137394 0.0295978 0.0
-0.0138877 0.0256164 0.0
-0.0140345 0.021621 0.0
-0.0141796 0.0176086 0.0
-0.0143225 0.0135765 0.0
-0.014463 0.00952244 0.0
-0.0146011 0.00544439 0.0
-0.0147366 0.00134065 0.0
-0.0148697 -0.0027902 0.0
-0.0150011 -0.00695053 0.0
-0.0151314 -0.0111426 0.0
-0.0152612 -0.015368 0.0
-0.0153912 -0.019628 0.0
-0.0155223 -0.0239238 0.0
-0.015655 -0.0282569 0.0
-0.0157902 -0.0326286 0.0
-0.0159286 -0.0370404 0.0
-0.0160709 -0.0414943 0.0
-0.0162181 -0.0459925 0.0
-0.0163706 -0.0505373 0.0
-0.016529 -0.0551314 0.0
-0.0166941 -0.0597777 0.0
-0.0168661 -0.0644796 0.0
-0.0170456 -0.0692405 0.0
-0.0172329 -0.0740647 0.0
-0.017428 -0.0789564 0.0
-0.0176308 -0.0839199 0.0
-0.0178409 -0.0889589 0.0
-0.0180581 -0.0940771 0.0
-0.0182827 -0.0992802 0.0
-0.0185143 -0.104574 0.0
-0.0187524 -0.109964 0.0
-0.0189962 -0.115457 0.0
-0.019244 -0.121055 0.0
-0.019494 -0.126763 0.0
-0.0197443 -0.132579 0.0
-0.0199931 -0.138505 0.0
-0.0202384 -0.144543 0.0
-0.020477 -0.150691 0.0
-0.0207054 -0.156944 0.0
-0.0209197 -0.163291 0.0
-0.0211166 -0.169724 0.0
-0.0212919 -0.176231 0.0
-0.0214409 -0.182798 0.0
-0.0215591 -0.189403 0.0
-0.0216419 -0.196026 0.0
-0.021685 -0.202646 0.0
-0.0216841 -0.209239 0.0
-0.021636 -0.215782 0.0
-0.0215394 -0.222259 0.0
-0.0213966 -0.228668 0.0
-0.0212171 -0.235038 0.0
-0.0210253 -0.241473 0.0
-0.0208722 -0.248224 0.0
-0.020854 -0.255839 0.0
-0.0211273 -0.265375 0.0
-0.0218979 -0.278598 0.0
-0.0233433 -0.297842 0.0
-0.0254569 -0.325112 0.0
-0.0278999 -0.360437 0.0
-0.0299961 -0.400426 0.0
-0.030904 -0.437941 0.0
-0.0298578 -0.462771 0.0
-0.0263829 -0.462607 0.0
-0.0204956 -0.424235 0.0
-0.0129431 -0.336307 0.0
-0.00548577 -0.197347 0.0
-0.00103663 -0.033586 0.0
0.000502496 0.0249471 0.0
0.00217454 0.107592 0.0
0.00435518 0.165702 0.0
0.00593301 0.202192 0.0
0.00666094 0.224206 0.0
0.00673011 0.238109 0.0
0.0064237 0.247834 0.0
0.00594488 0.255233 0.0
0.00539702 0.261002 0.0
0.00482252 0.265354 0.0
0.00423786 0.268367 0.0
0.00365116 0.270087 0.0
0.00306732 0.270559 0.0
0.00249013 0.269847 0.0
0.00192312 0.268023 0.0
0.00136915 0.265168 0.0
0.000830459 0.261384 0.0
0.000308638 0.256771 0.0
-0.000195244 0.25144 0.0
-0.000680287 0.245503 0.0
-0.00114609 0.239075 0.0
-0.00159282 0.232271 0.0
-0.0020178 0.225196 0.0
-0.00242124 0.217965 0.0
-0.00280628 0.21067 0.0
-0.0031732 0.203395 0.0
-0.00352246 0.196213 0.0
-0.00385472 0.189181 0.0
-0.00417067 0.182344 0.0
-0.00447095 0.175729 0.0
-0.00475618 0.169353 0.0
-0.00502694 0.163219 0.0
-0.00528367 0.157321 0.0
-0.00552655 0.151646 0.0
-0.00575643 0.146179 0.0
-0.00597456 0.140898 0.0
-0.00618175 0.135781 0.0
-0.0063788 0.13081 0.0
-0.0065666 0.125964 0.0
-0.00674608 0.121227 0.0
-0.00691824 0.116586 0.0
-0.0070841 0.112027 0.0
-0.00724468 0.107543 0.0
-0.00740097 0.103125 0.0
-0.00755392 0.0987664 0.0
-0.0077044 0.0944624 0.0
-0.00785317 0.0902083 0.0
-0.00800095 0.0860001 0.0
-0.00814829 0.0818339 0.0
-0.00829568 0.0777061 0.0
-0.00844348 0.0736128 0.0
-0.00859194 0.0695502 0.0
-0.00874123 0.0655145 0.0
-0.0088914 0.0615016 0.0
-0.00904242 0.0575077 0.0
-0.00919423 0.0535287 0.0
-0.00934676 0.0495607 0.0
-0.00949993 0.0455997 0.0
-0.00965356 0.0416418 0.0
-0.00980742 0.0376831 0.0
-0.00996126 0.03372 0.0
-0.0101148 0.0297489 0.0
-0.0102677 0.0257666 0.0
-0.0104197 0.0217698 0.0
-0.0105706 0.0177557 0.0
-0.0107198 0.0137217 0.0
-0.0108674 0.00966544 0.0
-0.0110129 0.00558509 0.0
-0.0111564 0.00147909 0.0
-0.0112981 -0.00265364 0.0
-0.0114385 -0.00681513 0.0
-0.0115786 -0.0110076 0.0
-0.0117191 -0.0152326 0.0
-0.0118609 -0.0194914 0.0
-0.0120048 -0.0237854 0.0
-0.0121514 -0.0281158 0.0
-0.0123016 -0.0324842 0.0
-0.0124561 -0.0368918 0.0
-0.0126157 -0.0413407 0.0
-0.0127813 -0.0458332 0.0
-0.0129535 -0.0503717 0.0
-0.0131328 -0.054959 0.0
-0.0133198 -0.059598 0.0
-0.0135149 -0.064292 0.0
-0.0137186 -0.0690447 0.0
-0.0139312 -0.0738604 0.0
-0.014153 -0.0787436 0.0
-0.0143837 -0.083699 0.0
-0.0146226 -0.0887306 0.0
-0.0148697 -0.093841 0.0
-0.015125 -0.0990363 0.0
-0.0153885 -0.104323 0.0
-0.0156597 -0.109706 0.0
-0.0159377 -0.115193 0.0
-0.0162212 -0.120788 0.0
-0.0165081 -0.126493 0.0
-0.0167967 -0.132309 0.0
-0.0170856 -0.138237 0.0
-0.0173728 -0.144278 0.0
-0.0176554 -0.150434 0.0
-0.0179299 -0.156698 0.0
-0.0181929 -0.163059 0.0
-0.0184411 -0.16951 0.0
-0.0186708 -0.17604 0.0
-0.0188776 -0.182633 0.0
-0.0190568 -0.189269 0.0
-0.0192044 -0.195928 0.0
-0.0193162 -0.202588 0.0
-0.0193879 -0.209225 0.0
-0.0194163 -0.215815 0.0
-0.0193995 -0.222339 0.0
-0.0193385 -0.228791 0.0
-0.0192408 -0.235192 0.0
-0.019126 -0.241626 0.0
-0.0190374 -0.248313 0.0
-0.0190599 -0.255746 0.0
-0.0193384 -0.264917 0.0
-0.0200736 -0.277551 0.0
-0.0214562 -0.296061 0.0
-0.0235153 -0.32272 0.0
-0.0259566 -0.357945 0.0
-0.0281363 -0.398643 0.0
-0.0292235 -0.437729 0.0
-0.0284445 -0.464807 0.0
-0.0253012 -0.467188 0.0
-0.0197712 -0.431071 0.0
-0.0125513 -0.344244 0.0
-0.00534694 -0.204072 0.0
-0.00101712 -0.0356398 0.0
0.000520172 0.0239245 0.0
0.00231638 0.105147 0.0
0.0047663 0.163517 0.0
0.00668921 0.200877 0.0
0.00777307 0.22371 0.0
0.00816837 0.238141 0.0
0.0081469 0.248131 0.0
0.0079186 0.255644 0.0
0.0075967 0.261461 0.0
0.00722945 0.265836 0.0
0.00683534 0.268863 0.0
0.00642267 0.270591 0.0
0.00599611 0.271066 0.0
0.00555925 0.270354 0.0
0.00511568 0.268527 0.0
0.00466822 0.265666 0.0
0.00421959 0.261873 0.0
0.00377246 0.257251 0.0
0.00332895 0.251908 0.0
0.0028911 0.245958 0.0
0.00246077 0.239517 0.0
0.00204003 0.232697 0.0
0.00163057 0.225604 0.0
0.00123372 0.218357 0.0
0.000850378 0.211046 0.0
0.000481069 0.203755 0.0
0.000126465 0.196557 0.0
-0.000212831 0.189509 0.0
-0.000536372 0.182655 0.0
-0.000843991 0.176025 0.0
-0.00113576 0.169634 0.0
-0.00141195 0.163485 0.0
-0.00167287 0.157572 0.0
-0.00191773 0.151882 0.0
-0.00214771 0.146403 0.0
-0.00236513 0.14111 0.0
-0.0025707 0.135982 0.0
-0.00276536 0.131001 0.0
-0.00295018 0.126146 0.0
-0.00312633 0.121401 0.0
-0.00329497 0.116753 0.0
-0.0034573 0.112189 0.0
-0.00361444 0.1077 0.0
-0.00376747 0.103278 0.0
-0.0039174 0.0989165 0.0
-0.00406512 0.0946106 0.0
-0.00421142 0.0903553 0.0
-0.004357 0.0861466 0.0
-0.00450243 0.0819804 0.0
-0.00464819 0.0778529 0.0
-0.00479463 0.0737603 0.0
-0.00494202 0.0696986 0.0
-0.00509051 0.0656639 0.0
-0.00524018 0.0616521 0.0
-0.00539098 0.0576591 0.0
-0.00554278 0.0536809 0.0
-0.00569563 0.0497139 0.0
-0.0058496 0.0457537 0.0
-0.00600453 0.0417964 0.0
-0.00616021 0.0378381 0.0
-0.0063164 0.0338751 0.0
-0.00647287 0.0299039 0.0
-0.00662938 0.0259211 0.0
-0.00678566 0.0219236 0.0
-0.00694144 0.0179086 0.0
-0.00709648 0.0138733 0.0
-0.0072505 0.00981552 0.0
-0.00740333 0.0057335 0.0
-0.00755482 0.0016258 0.0
-0.00770501 -0.00250836 0.0
-0.00785455 -0.0066703 0.0
-0.00800455 -0.0108622 0.0
-0.00815608 -0.0150857 0.0
-0.00831012 -0.0193422 0.0
-0.0084675 -0.0236331 0.0
-0.00862894 -0.0279598 0.0
-0.008795 -0.0323238 0.0
-0.00896643 -0.0367261 0.0
-0.00914428 -0.0411688 0.0
-0.0093294 -0.0456543 0.0
-0.00952237 -0.0501853 0.0
-0.00972372 -0.0547646 0.0
-0.00993389 -0.0593951 0.0
-0.0101533 -0.0640802 0.0
-0.0103825 -0.0688236 0.0
-0.0106217 -0.0736296 0.0
-0.0108714 -0.078503 0.0
-0.0111313 -0.083449 0.0
-0.0114006 -0.0884722 0.0
-0.0116789 -0.0935739 0.0
-0.0119666 -0.0987603 0.0
-0.0122636 -0.104038 0.0
-0.0125693 -0.109414 0.0
-0.0128831 -0.114894 0.0
-0.0132038 -0.120483 0.0
-0.0135293 -0.126186 0.0
-0.0138578 -0.131999 0.0
-0.0141883 -0.137927 0.0
-0.0145188 -0.143971 0.0
-0.0148468 -0.150131 0.0
-0.015169 -0.156404 0.0
-0.015482 -0.162777 0.0
-0.015783 -0.169243 0.0
-0.0160685 -0.175791 0.0
-0.0163343 -0.182409 0.0
-0.0165759 -0.189073 0.0
-0.0167898 -0.195763 0.0
-0.0169717 -0.20246 0.0
-0.0171176 -0.209137 0.0
-0.017224 -0.215769 0.0
-0.017289 -0.222337 0.0
-0.0173126 -0.228831 0.0
-0.0173002 -0.235263 0.0
-0.0172676 -0.241702 0.0
-0.0172515 -0.248341 0.0
-0.0173263 -0.25562 0.0
-0.0176248 -0.264465 0.0
-0.0183409 -0.276551 0.0
-0.0196748 -0.294345 0.0
-0.0216872 -0.320365 0.0
-0.0241264 -0.35542 0.0
-0.0263813 -0.396733 0.0
-0.0276332 -0.437299 0.0
-0.0271026 -0.466547 0.0
-0.0242703 -0.471424 0.0
-0.0190778 -0.437557 0.0
-0.0121737 -0.351881 0.0
-0.00521089 -0.210602 0.0
-0.000997004 -0.0376539 0.0
0.000535192 0.0228691 0.0
0.00244717 0.102494 0.0
0.00515619 0.161011 0.0
0.00741776 0.199198 0.0
0.00885573 0.222867 0.0
0.00957834 0.237866 0.0
0.00984319 0.248162 0.0
0.00986535 0.255819 0.0
0.0097679 0.261705 0.0
0.00960578 0.266121 0.0
0.00940024 0.269177 0.0
0.00916009 0.270929 0.0
0.00888982 0.271425 0.0
0.00859286 0.270729 0.0
0.00827268 0.268916 0.0
0.00793225 0.266065 0.0
0.00757471 0.26228 0.0
0.0072035 0.257662 0.0
0.00682172 0.252322 0.0
0.00643251 0.246371 0.0
0.00603907 0.239927 0.0
0.00564478 0.233102 0.0
0.00525223 0.226002 0.0
0.00486427 0.218745 0.0
0.00448396 0.211422 0.0
0.00411336 0.204119 0.0
0.00375449 0.196906 0.0
0.00340914 0.189844 0.0
0.0030788 0.182975 0.0
0.0027645 0.176328 0.0
0.00246689 0.16992 0.0
0.00218631 0.163755 0.0
0.00192302 0.157826 0.0
0.00167634 0.15212 0.0
0.00144526 0.146626 0.0
0.00122885 0.14132 0.0
0.00102566 0.136181 0.0
0.000834376 0.131188 0.0
0.000653623 0.126324 0.0
0.000482003 0.121571 0.0
0.00031813 0.116915 0.0
0.000160657 0.112346 0.0
8.31529e-06 0.107852 0.0
-0.000140039 0.103427 0.0
-0.000285448 0.099063 0.0
-0.000428865 0.0947554 0.0
-0.000571113 0.0904992 0.0
-0.000712891 0.0862901 0.0
-0.000854779 0.0821242 0.0
-0.000997247 0.0779974 0.0
-0.00114066 0.0739057 0.0
-0.00128529 0.0698452 0.0
-0.00143133 0.0658119 0.0
-0.00157891 0.0618014 0.0
-0.00172798 0.0578097 0.0
-0.00187821 0.0538324 0.0
-0.00202978 0.0498669 0.0
-0.00218309 0.0459081 0.0
-0.00233793 0.0419519 0.0
-0.00249406 0.0379945 0.0
-0.0026513 0.0340322 0.0
-0.00280949 0.0300615 0.0
-0.00296842 0.026079 0.0
-0.00312791 0.0220816 0.0
-0.00328775 0.0180663 0.0
-0.00344776 0.0140306 0.0
-0.00360775 0.00997228 0.0
-0.0037676 0.00588952 0.0
-0.00392714 0.00178092 0.0
-0.00408595 -0.00235435 0.0
-0.00424466 -0.00651593 0.0
-0.0044049 -0.0107062 0.0
-0.0045679 -0.0149271 0.0
-0.00473471 -0.0191799 0.0
-0.00490629 -0.0234663 0.0
-0.00508343 -0.0277879 0.0
-0.00526651 -0.0321465 0.0
-0.005456 -0.0365424 0.0
-0.00565311 -0.0409774 0.0
-0.00585889 -0.0454546 0.0
-0.00607385 -0.0499769 0.0
-0.00629844 -0.054547 0.0
-0.00653308 -0.0591678 0.0
-0.00677816 -0.0638428 0.0
-0.00703407 -0.0685757 0.0
-0.00730121 -0.0733709 0.0
-0.00757995 -0.0782332 0.0
-0.00787037 -0.0831684 0.0
-0.00817149 -0.0881823 0.0
-0.00848269 -0.0932741 0.0
-0.00880438 -0.0984505 0.0
-0.00913641 -0.103719 0.0
-0.00947827 -0.109086 0.0
-0.00982937 -0.114557 0.0
-0.0101888 -0.120139 0.0
-0.0105544 -0.125838 0.0
-0.0109245 -0.131648 0.0
-0.011298 -0.137574 0.0
-0.0116734 -0.143618 0.0
-0.0120484 -0.149781 0.0
-0.0124197 -0.156061 0.0
-0.0127842 -0.162443 0.0
-0.0131394 -0.168921 0.0
-0.0134822 -0.175485 0.0
-0.0138083 -0.182123 0.0
-0.0141139 -0.188811 0.0
-0.0143954 -0.195529 0.0
-0.0146489 -0.202258 0.0
-0.0148704 -0.208971 0.0
-0.0150566 -0.215642 0.0
-0.0152052 -0.222251 0.0
-0.0153156 -0.228783 0.0
-0.0153916 -0.235246 0.0
-0.0154459 -0.241697 0.0
-0.0155091 -0.248299 0.0
-0.0156463 -0.25545 0.0
-0.0159781 -0.264005 0.0
-0.0166902 -0.275582 0.0
-0.017989 -0.29268 0.0
-0.0199631 -0.318042 0.0
-0.0224014 -0.352865 0.0
-0.0247251 -0.39471 0.0
-0.0261293 -0.436666 0.0
-0.0258302 -0.468009 0.0
-0.0232899 -0.475335 0.0
-0.0184164 -0.443713 0.0
-0.0118115 -0.359235 0.0
-0.0050786 -0.216944 0.0
-0.000976609 -0.0396275 0.0
0.000547631 0.0217863 0.0
0.00256689 0.0996455 0.0
0.0055245 0.158193 0.0
0.00811798 0.197162 0.0
0.00990815 0.221676 0.0
0.0109595 0.237284 0.0
0.0115127 0.247926 0.0
0.011786 0.255759 0.0
0.0119122 0.261736 0.0
0.0119536 0.266211 0.0
0.0119349 0.269312 0.0
0.0118659 0.271103 0.0
0.011751 0.271636 0.0
0.0115936 0.270973 0.0
0.0113969 0.269189 0.0
0.0111641 0.266365 0.0
0.0108986 0.262603 0.0
0.0106046 0.258005 0.0
0.010286 0.25268 0.0
0.00994693 0.246742 0.0
0.00959184 0.240305 0.0
0.00922529 0.233484 0.0
0.00885118 0.226386 0.0
0.00847388 0.219126 0.0
0.00809808 0.211797 0.0
0.00772742 0.204485 0.0
0.0073653 0.197261 0.0
0.00701477 0.190185 0.0
0.00667837 0.1833 0.0
0.00635806 0.176637 0.0
0.0060552 0.170212 0.0
0.00577067 0.164029 0.0
0.00550485 0.158082 0.0
0.00525693 0.152359 0.0
0.00502603 0.146849 0.0
0.00481132 0.141528 0.0
0.00461123 0.136376 0.0
0.00442413 0.131372 0.0
0.00424837 0.126497 0.0
0.00408232 0.121735 0.0
0.00392437 0.117073 0.0
0.00377301 0.112497 0.0
0.00362686 0.107999 0.0
0.00348464 0.10357 0.0
0.00334523 0.0992042 0.0
0.00320764 0.0948952 0.0
0.00307101 0.0906383 0.0
0.00293465 0.0864292 0.0
0.00279796 0.0822637 0.0
0.00266047 0.0781378 0.0
0.00252183 0.0740474 0.0
0.00238177 0.0699883 0.0
0.00224011 0.0659565 0.0
0.00209678 0.0619477 0.0
0.00195165 0.0579577 0.0
0.0018043 0.0539821 0.0
0.00165469 0.0500184 0.0
0.00150321 0.0460614 0.0
0.00134987 0.0421068 0.0
0.00119469 0.0381509 0.0
0.00103776 0.03419 0.0
0.000879185 0.0302205 0.0
0.000719067 0.0262391 0.0
0.000557519 0.0222426 0.0
0.000394645 0.0182281 0.0
0.000230525 0.0141931 0.0
6.51953e-05 0.0101353 0.0
-0.00010134 0.00605301 0.0
-0.000269072 0.00194479 0.0
-0.000436734 -0.00219164 0.0
-0.000604861 -0.00635167 0.0
-0.000775897 -0.0105391 0.0
-0.00095101 -0.014756 0.0
-0.00113123 -0.0190039 0.0
-0.00131756 -0.0232843 0.0
-0.00151103 -0.0275991 0.0
-0.00171222 -0.0319508 0.0
-0.00192111 -0.0363396 0.0
-0.0021388 -0.0407653 0.0
-0.00236654 -0.045233 0.0
-0.00260473 -0.0497453 0.0
-0.0028538 -0.0543048 0.0
-0.0031142 -0.0589148 0.0
-0.00338627 -0.0635786 0.0
-0.00367032 -0.0682999 0.0
-0.00396665 -0.0730831 0.0
-0.00427567 -0.0779331 0.0
-0.00459779 -0.0828558 0.0
-0.00493211 -0.0878593 0.0
-0.00527776 -0.0929402 0.0
-0.00563508 -0.0981053 0.0
-0.00600385 -0.103363 0.0
-0.00638346 -0.10872 0.0
-0.0067734 -0.114182 0.0
-0.00717304 -0.119756 0.0
-0.00758034 -0.125449 0.0
-0.0079935 -0.131254 0.0
-0.00841175 -0.137176 0.0
-0.00883362 -0.143218 0.0
-0.00925713 -0.149382 0.0
-0.00967915 -0.155666 0.0
-0.0100966 -0.162056 0.0
-0.0105075 -0.168542 0.0
-0.0109089 -0.175119 0.0
-0.011297 -0.181775 0.0
-0.0116679 -0.188483 0.0
-0.0120184 -0.195225 0.0
-0.012345 -0.201982 0.0
-0.0126436 -0.208727 0.0
-0.0129112 -0.215432 0.0
-0.0131452 -0.222078 0.0
-0.0133445 -0.228646 0.0
-0.0135118 -0.23514 0.0
-0.0136569 -0.241604 0.0
-0.0138053 -0.24818 0.0
-0.0140135 -0.255223 0.0
-0.0143906 -0.263523 0.0
-0.0151127 -0.27463 0.0
-0.0163895 -0.291057 0.0
-0.0183341 -0.315747 0.0
-0.0207736 -0.350282 0.0
-0.0231617 -0.39258 0.0
-0.0247074 -0.435846 0.0
-0.0246249 -0.469212 0.0
-0.0223593 -0.478938 0.0
-0.017787 -0.449555 0.0
-0.0114657 -0.366318 0.0
-0.00495085 -0.223108 0.0
-0.000956222 -0.0415604 0.0
0.000557549 0.0206812 0.0
0.00267551 0.0966135 0.0
0.00587076 0.155072 0.0
0.00878899 0.194771 0.0
0.0109293 0.220136 0.0
0.0123109 0.23639 0.0
0.0131551 0.247422 0.0
0.013681 0.255464 0.0
0.0140306 0.261556 0.0
0.0142743 0.266106 0.0
0.0144411 0.269269 0.0
0.014542 0.271115 0.0
0.0145819 0.271699 0.0
0.0145638 0.271085 0.0
0.0144908 0.269346 0.0
0.0143662 0.266565 0.0
0.0141939 0.262841 0.0
0.0139784 0.258276 0.0
0.0137245 0.252981 0.0
0.0134372 0.247067 0.0
0.0131222 0.24065 0.0
0.012785 0.233843 0.0
0.0124311 0.226755 0.0
0.0120661 0.219499 0.0
0.0116964 0.21217 0.0
0.011327 0.204853 0.0
0.0109628 0.19762 0.0
0.010608 0.190532 0.0
0.0102663 0.183632 0.0
0.00994058 0.176952 0.0
0.00963297 0.170508 0.0
0.00934484 0.164305 0.0
0.00907672 0.158339 0.0
0.00882804 0.152599 0.0
0.00859799 0.147071 0.0
0.00838563 0.141734 0.0
0.00818929 0.136567 0.0
0.00800712 0.13155 0.0
0.00783722 0.126664 0.0
0.00767771 0.121894 0.0
0.00752679 0.117223 0.0
0.00738276 0.112642 0.0
0.00724408 0.108139 0.0
0.00710938 0.103707 0.0
0.00697742 0.0993388 0.0
0.00684718 0.0950285 0.0
0.00671777 0.0907711 0.0
0.00658844 0.0865621 0.0
0.00645861 0.0823974 0.0
0.0063278 0.0782725 0.0
0.00619563 0.0741835 0.0
0.00606181 0.0701261 0.0
0.00592612 0.0660961 0.0
0.00578831 0.0620893 0.0
0.0056481 0.0581014 0.0
0.00550519 0.0541286 0.0
0.00535965 0.0501671 0.0
0.0052117 0.0462122 0.0
0.00506132 0.0422598 0.0
0.00490849 0.038306 0.0
0.00475321 0.0343472 0.0
0.0045955 0.0303797 0.0
0.00443539 0.0264002 0.0
0.0042729 0.0224056 0.0
0.00410807 0.0183929 0.0
0.00394088 0.0143596 0.0
0.00377128 0.0103037 0.0
0.00359922 0.00622328 0.0
0.00342479 0.00211679 0.0
0.00324804 -0.00201912 0.0
0.00306858 -0.00617651 0.0
0.00288537 -0.0103599 0.0
0.00269706 -0.0145716 0.0
0.00250256 -0.0188134 0.0
0.0023009 -0.0230867 0.0
0.00209121 -0.0273935 0.0
0.00187216 -0.0317361 0.0
0.00164228 -0.0361153 0.0
0.00140169 -0.0405311 0.0
0.00115053 -0.0449882 0.0
0.000887905 -0.0494892 0.0
0.000613146 -0.054037 0.0
0.000325754 -0.0586347 0.0
2.53117e-05 -0.063286 0.0
-0.000288312 -0.0679947 0.0
-0.0006152 -0.072765 0.0
-0.000955678 -0.0776016 0.0
-0.00131037 -0.0825104 0.0
-0.00167907 -0.0875016 0.0
-0.00206094 -0.0925702 0.0
-0.0024557 -0.0977231 0.0
-0.00286291 -0.102969 0.0
-0.00328189 -0.108315 0.0
-0.00371213 -0.113766 0.0
-0.00415336 -0.11933 0.0
-0.00460385 -0.125017 0.0
-0.00506183 -0.130815 0.0
-0.00552652 -0.136732 0.0
-0.00599645 -0.14277 0.0
-0.00646996 -0.148932 0.0
-0.00694417 -0.155219 0.0
-0.0074162 -0.161613 0.0
-0.00788425 -0.168106 0.0
-0.00834589 -0.174693 0.0
-0.00879736 -0.181362 0.0
-0.00923497 -0.188088 0.0
-0.00965607 -0.194849 0.0
-0.0100572 -0.20163 0.0
-0.0104345 -0.208403 0.0
-0.010785 -0.215138 0.0
-0.0111061 -0.221817 0.0
-0.0113964 -0.228418 0.0
-0.0116574 -0.23494 0.0
-0.0118968 -0.241419 0.0
-0.0121356 -0.247978 0.0
-0.0124225 -0.254931 0.0
-0.0128555 -0.263006 0.0
-0.0136004 -0.273681 0.0
-0.0148677 -0.289462 0.0
-0.0167917 -0.313473 0.0
-0.0192356 -0.347673 0.0
-0.0216848 -0.390353 0.0
-0.0233631 -0.43485 0.0
-0.0234837 -0.47017 0.0
-0.0214772 -0.482252 0.0
-0.0171897 -0.455101 0.0
-0.0111366 -0.373147 0.0
-0.00482821 -0.229102 0.0
-0.000936071 -0.0434526 0.0
0.000564989 0.0195587 0.0
0.0027729 0.0934102 0.0
0.00619439 0.151659 0.0
0.00942973 0.192031 0.0
0.0119177 0.218248 0.0
0.0136313 0.235183 0.0
0.0147695 0.246647 0.0
0.0155503 0.254932 0.0
0.0161238 0.261164 0.0
0.0165692 0.265809 0.0
0.0169203 0.269048 0.0
0.0171902 0.270964 0.0
0.0173842 0.271616 0.0
0.0175052 0.271066 0.0
0.0175563 0.269388 0.0
0.0175409 0.266664 0.0
0.0174629 0.262992 0.0
0.0173273 0.258476 0.0
0.0171398 0.253223 0.0
0.0169062 0.247346 0.0
0.016633 0.24096 0.0
0.0163271 0.234177 0.0
0.0159952 0.227107 0.0
0.0156445 0.219862 0.0
0.0152824 0.212538 0.0
0.0149157 0.20522 0.0
0.0145506 0.197982 0.0
0.0141925 0.190883 0.0
0.0138464 0.183969 0.0
0.0135159 0.177271 0.0
0.013204 0.170808 0.0
0.0129126 0.164585 0.0
0.0126425 0.158598 0.0
0.0123934 0.152838 0.0
0.0121646 0.14729 0.0
0.0119551 0.141936 0.0
0.0117631 0.136753 0.0
0.0115865 0.131722 0.0
0.0114233 0.126825 0.0
0.0112712 0.122044 0.0
0.0111284 0.117366 0.0
0.0109928 0.112779 0.0
0.0108629 0.108271 0.0
0.010737 0.103836 0.0
0.010614 0.0994653 0.0
0.0104926 0.0951537 0.0
0.010372 0.0908959 0.0
0.0102514 0.0866873 0.0
0.0101301 0.0825234 0.0
0.0100076 0.0783998 0.0
0.00988354 0.0743124 0.0
0.00975756 0.070257 0.0
0.00962932 0.0662292 0.0
0.00949849 0.0622249 0.0
0.00936477 0.0582398 0.0
0.00922798 0.05427 0.0
0.00908816 0.0503111 0.0
0.00894532 0.046359 0.0
0.0087994 0.0424094 0.0
0.00865033 0.0384584 0.0
0.00849803 0.0345024 0.0
0.00834245 0.0305378 0.0
0.00818353 0.0265612 0.0
0.00802121 0.0225695 0.0
0.00785539 0.0185597 0.0
0.00768594 0.0145295 0.0
0.00751274 0.0104767 0.0
0.0073357 0.00639947 0.0
0.00715474 0.00229607 0.0
0.00696887 -0.00183569 0.0
0.00677771 -0.00598923 0.0
0.00658138 -0.0101676 0.0
0.00637879 -0.014373 0.0
0.00616873 -0.0186073 0.0
0.00595011 -0.0228723 0.0
0.00572187 -0.0271698 0.0
0.00548282 -0.0315016 0.0
0.005232 -0.0358691 0.0
0.00496914 -0.0402738 0.0
0.00469395 -0.044719 0.0
0.00440582 -0.0492074 0.0
0.00410419 -0.0537422 0.0
0.00378864 -0.0583265 0.0
0.00345887 -0.062964 0.0
0.00311464 -0.0676588 0.0
0.00275583 -0.0724151 0.0
0.00238257 -0.0772376 0.0
0.00199509 -0.0821321 0.0
0.00159141 -0.0871075 0.0
0.00117102 -0.0921621 0.0
0.000736616 -0.097302 0.0
0.000289309 -0.102536 0.0
-0.000170648 -0.10787 0.0
-0.000642623 -0.113309 0.0
-0.00112648 -0.118862 0.0
-0.00162152 -0.124539 0.0
-0.00212623 -0.13033 0.0
-0.00263924 -0.13624 0.0
-0.00315886 -0.142273 0.0
-0.00368377 -0.148431 0.0
-0.00421162 -0.154718 0.0
-0.00473981 -0.161114 0.0
-0.00526667 -0.16761 0.0
-0.00579005 -0.174203 0.0
-0.00630639 -0.180884 0.0
-0.00681228 -0.187623 0.0
-0.00730544 -0.1944 0.0
-0.00778272 -0.201201 0.0
-0.00824019 -0.207997 0.0
-0.00867517 -0.214758 0.0
-0.00908514 -0.221466 0.0
-0.00946819 -0.228096 0.0
-0.00982521 -0.234644 0.0
-0.010162 -0.241139 0.0
-0.0104957 -0.247686 0.0
-0.0108681 -0.254564 0.0
-0.0113664 -0.262441 0.0
-0.012146 -0.272721 0.0
-0.0134156 -0.287886 0.0
-0.0153279 -0.311213 0.0
-0.01778 -0.345036 0.0
-0.0202882 -0.388032 0.0
-0.0220917 -0.433689 0.0
-0.0224038 -0.470898 0.0
-0.0206417 -0.485293 0.0
-0.0166239 -0.460366 0.0
-0.0108247 -0.379735 0.0
-0.00471109 -0.234937 0.0
-0.000916334 -0.045305 0.0
0.000569986 0.0184237 0.0
0.00285891 0.0900483 0.0
0.00649467 0.147963 0.0
0.0100389 0.188946 0.0
0.0128718 0.216011 0.0
0.014919 0.233659 0.0
0.0163547 0.245597 0.0
0.0173931 0.254163 0.0
0.0181919 0.260561 0.0
0.0188387 0.26532 0.0
0.0193734 0.268652 0.0
0.0198116 0.270653 0.0
0.0201592 0.271386 0.0
0.0204195 0.270914 0.0
0.0205952 0.269312 0.0
0.0206897 0.266661 0.0
0.0207073 0.263056 0.0
0.0206535 0.258601 0.0
0.0205342 0.253404 0.0
0.0203562 0.247576 0.0
0.020127 0.241232 0.0
0.0198545 0.234483 0.0
0.0195467 0.227441 0.0
0.0192121 0.220214 0.0
0.0188595 0.212901 0.0
0.0184971 0.205587 0.0
0.0181324 0.198345 0.0
0.0177722 0.191237 0.0
0.0174224 0.18431 0.0
0.0170878 0.177595 0.0
0.0167721 0.171112 0.0
0.0164777 0.164867 0.0
0.0162059 0.158858 0.0
0.0159566 0.153076 0.0
0.0157294 0.147508 0.0
0.0155231 0.142134 0.0
0.0153359 0.136934 0.0
0.0151655 0.131888 0.0
0.0150095 0.126978 0.0
0.0148658 0.122187 0.0
0.014732 0.1175 0.0
0.014606 0.112906 0.0
0.014486 0.108394 0.0
0.0143704 0.103955 0.0
0.0142577 0.099582 0.0
0.0141467 0.0952693 0.0
0.0140365 0.0910113 0.0
0.0139261 0.086803 0.0
0.013815 0.0826401 0.0
0.0137025 0.0785181 0.0
0.0135881 0.0744326 0.0
0.0134716 0.0703794 0.0
0.0133523 0.0663543 0.0
0.0132301 0.0623529 0.0
0.0131045 0.0583711 0.0
0.0129755 0.0544045 0.0
0.0128429 0.050449 0.0
0.0127067 0.0465002 0.0
0.0125667 0.0425541 0.0
0.0124227 0.0386067 0.0
0.0122747 0.0346544 0.0
0.0121225 0.0306936 0.0
0.0119659 0.0267209 0.0
0.0118047 0.0227333 0.0
0.0116387 0.0187278 0.0
0.0114677 0.014702 0.0
0.0112914 0.0106538 0.0
0.0111095 0.00658141 0.0
0.0109215 0.00248315 0.0
0.0107266 -0.00164196 0.0
0.0105245 -0.00578963 0.0
0.0103151 -0.00996138 0.0
0.0100978 -0.0141591 0.0
0.00987147 -0.0183847 0.0
0.00963503 -0.0226398 0.0
0.00938746 -0.0269264 0.0
0.00912774 -0.0312461 0.0
0.00885506 -0.0356009 0.0
0.00856886 -0.0399928 0.0
0.00826869 -0.0444245 0.0
0.007954 -0.048899 0.0
0.00762432 -0.0534192 0.0
0.00727926 -0.0579887 0.0
0.00691852 -0.0626111 0.0
0.0065419 -0.0672906 0.0
0.00614928 -0.0720317 0.0
0.00574068 -0.0768391 0.0
0.00531601 -0.0817184 0.0
0.00487451 -0.0866759 0.0
0.00441617 -0.0917148 0.0
0.00394241 -0.096841 0.0
0.00345427 -0.102061 0.0
0.00295246 -0.107382 0.0
0.00243772 -0.11281 0.0
0.00191118 -0.118351 0.0
0.00137066 -0.124015 0.0
0.00081643 -0.129795 0.0
0.000252902 -0.135697 0.0
-0.000317959 -0.141725 0.0
-0.00089536 -0.147877 0.0
-0.00147812 -0.154161 0.0
-0.00206431 -0.160556 0.0
-0.00265178 -0.167054 0.0
-0.00323837 -0.17365 0.0
-0.00382102 -0.180338 0.0
-0.00439676 -0.187087 0.0
-0.00496356 -0.193876 0.0
-0.00551849 -0.200693 0.0
-0.0060577 -0.207509 0.0
-0.0065788 -0.21429 0.0
-0.00707929 -0.221023 0.0
-0.00755698 -0.227678 0.0
-0.0080122 -0.23425 0.0
-0.00844918 -0.24076 0.0
-0.00888181 -0.247299 0.0
-0.00934548 -0.254115 0.0
-0.00991776 -0.26182 0.0
-0.0107427 -0.271738 0.0
-0.0120259 -0.286316 0.0
-0.0139353 -0.308961 0.0
-0.0163999 -0.342371 0.0
-0.0189661 -0.385622 0.0
-0.0208885 -0.432372 0.0
-0.0213816 -0.471409 0.0
-0.0198511 -0.488074 0.0
-0.0160888 -0.465365 0.0
-0.0105297 -0.386094 0.0
-0.00459974 -0.24062 0.0
-0.000897142 -0.0471185 0.0
0.000572565 0.0172812 0.0
0.00293334 0.0865412 0.0
0.00677076 0.143997 0.0
0.0106149 0.185524 0.0
0.0137893 0.213426 0.0
0.0161717 0.231814 0.0
0.0179087 0.244269 0.0
0.0192082 0.253153 0.0
0.0202341 0.259746 0.0
0.021083 0.264639 0.0
0.0218009 0.26808 0.0
0.0224068 0.27018 0.0
0.0229079 0.271009 0.0
0.0233075 0.270631 0.0
0.0236085 0.269119 0.0
0.0238142 0.266554 0.0
0.0239289 0.263031 0.0
0.0239585 0.258651 0.0
0.0239095 0.253523 0.0
0.0237894 0.247756 0.0
0.0236065 0.241464 0.0
0.0233698 0.23476 0.0
0.0230884 0.227753 0.0
0.022772 0.220553 0.0
0.0224309 0.213256 0.0
0.0220746 0.20595 0.0
0.0217117 0.198709 0.0
0.0213506 0.191595 0.0
0.020998 0.184655 0.0
0.02066 0.177923 0.0
0.0203408 0.171419 0.0
0.0200438 0.165151 0.0
0.0197705 0.159119 0.0
0.0195213 0.153314 0.0
0.0192958 0.147723 0.0
0.019093 0.142328 0.0
0.0189109 0.13711 0.0
0.018747 0.132047 0.0
0.018599 0.127123 0.0
0.0184643 0.122321 0.0
0.0183404 0.117625 0.0
0.0182251 0.113023 0.0
0.0181163 0.108506 0.0
0.0180121 0.104063 0.0
0.0179112 0.0996877 0.0
0.017812 0.0953738 0.0
0.0177137 0.0911154 0.0
0.0176152 0.0869077 0.0
0.0175158 0.082746 0.0
0.0174148 0.0786256 0.0
0.0173118 0.0745424 0.0
0.0172062 0.0704918 0.0
0.0170976 0.0664697 0.0
0.0169855 0.0624718 0.0
0.0168698 0.0584936 0.0
0.01675 0.0545308 0.0
0.0166262 0.0505792 0.0
0.016498 0.0466344 0.0
0.0163653 0.0426926 0.0
0.0162278 0.0387497 0.0
0.0160853 0.034802 0.0
0.0159375 0.0308461 0.0
0.0157842 0.0268784 0.0
0.0156251 0.0228961 0.0
0.0154598 0.0188962 0.0
0.0152878 0.0148765 0.0
0.0151088 0.0108347 0.0
0.0149223 0.00676911 0.0
0.0147275 0.00267825 0.0
0.014524 -0.00143854 0.0
0.0143111 -0.00557807 0.0
0.0140889 -0.00974127 0.0
0.0138567 -0.0139296 0.0
0.0136136 -0.0181448 0.0
0.0133588 -0.0223885 0.0
0.0130913 -0.0266626 0.0
0.0128102 -0.030969 0.0
0.0125146 -0.0353097 0.0
0.012204 -0.0396871 0.0
0.0118778 -0.0441038 0.0
0.0115355 -0.0485626 0.0
0.0111766 -0.0530669 0.0
0.0108009 -0.0576201 0.0
0.0104079 -0.062226 0.0
0.00999757 -0.0668888 0.0
0.00956975 -0.071613 0.0
0.00912442 -0.0764037 0.0
0.00866151 -0.0812661 0.0
0.00818086 -0.0862059 0.0
0.00768271 -0.0912282 0.0
0.00716779 -0.0963389 0.0
0.00663693 -0.101544 0.0
0.0060908 -0.106851 0.0
0.0055301 -0.112265 0.0
0.00495543 -0.117794 0.0
0.00436647 -0.123442 0.0
0.00376399 -0.129211 0.0
0.00315058 -0.135105 0.0
0.00252825 -0.141124 0.0
0.00189873 -0.147271 0.0
0.00126036 -0.153547 0.0
0.000613487 -0.159937 0.0
-3.68196e-05 -0.166434 0.0
-0.000687806 -0.173031 0.0
-0.00133796 -0.179723 0.0
-0.00198529 -0.186478 0.0
-0.00262747 -0.193276 0.0
-0.00326154 -0.200104 0.0
-0.00388406 -0.206936 0.0
-0.00449293 -0.213733 0.0
-0.00508564 -0.220486 0.0
-0.00565979 -0.227162 0.0
-0.00621526 -0.233755 0.0
-0.00675502 -0.240278 0.0
-0.00729013 -0.246812 0.0
-0.00785043 -0.253577 0.0
-0.00850426 -0.261131 0.0
-0.00938449 -0.270721 0.0
-0.0106918 -0.284742 0.0
-0.0126069 -0.306711 0.0
-0.0150887 -0.339676 0.0
-0.0177127 -0.383128 0.0
-0.0197489 -0.430908 0.0
-0.020414 -0.471715 0.0
-0.0191032 -0.49061 0.0
-0.0155833 -0.470111 0.0
-0.0102514 -0.392239 0.0
-0.00449428 -0.246163 0.0
-0.000878582 -0.0488942 0.0
0.000572749 0.0161359 0.0
0.00299594 0.0829026 0.0
0.0070217 0.139773 0.0
0.0111559 0.18177 0.0
0.014668 0.210493 0.0
0.0173868 0.229646 0.0
0.019429 0.242658 0.0
0.0209938 0.2519 0.0
0.0222495 0.258718 0.0
0.0233014 0.263767 0.0
0.0242027 0.267333 0.0
0.0249762 0.269548 0.0
0.0256307 0.270486 0.0
0.02617 0.270215 0.0
0.026597 0.268807 0.0
0.0269151 0.266342 0.0
0.0271286 0.262914 0.0
0.0272437 0.258623 0.0
0.0272673 0.253576 0.0
0.0272075 0.247882 0.0
0.0270735 0.241655 0.0
0.0268751 0.235005 0.0
0.0266226 0.228042 0.0
0.026327 0.220876 0.0
0.0259995 0.213602 0.0
0.0256511 0.206309 0.0
0.0252918 0.199072 0.0
0.024931 0.191954 0.0
0.0245767 0.185003 0.0
0.0242359 0.178254 0.0
0.0239139 0.171729 0.0
0.0236145 0.165438 0.0
0.0233399 0.15938 0.0
0.0230908 0.15355 0.0
0.0228673 0.147935 0.0
0.022668 0.142518 0.0
0.0224912 0.137279 0.0
0.0223344 0.132199 0.0
0.0221948 0.127259 0.0
0.0220697 0.122444 0.0
0.0219566 0.117738 0.0
0.0218528 0.113129 0.0
0.0217562 0.108605 0.0
0.0216648 0.104159 0.0
0.0215769 0.0997809 0.0
0.021491 0.0954656 0.0
0.021406 0.091207 0.0
0.0213209 0.0869999 0.0
0.0212348 0.0828394 0.0
0.021147 0.078721 0.0
0.0210568 0.0746402 0.0
0.0209638 0.0705927 0.0
0.0208673 0.066574 0.0
0.020767 0.0625798 0.0
0.0206626 0.0586057 0.0
0.0205537 0.0546473 0.0
0.02044 0.0507002 0.0
0.0203212 0.0467603 0.0
0.020197 0.0428236 0.0
0.0200672 0.0388861 0.0
0.0199313 0.0349441 0.0
0.019789 0.0309941 0.0
0.0196399 0.0270328 0.0
0.0194836 0.0230572 0.0
0.0193196 0.0190645 0.0
0.0191473 0.0150524 0.0
0.0189661 0.0110189 0.0
0.0187754 0.00696223 0.0
0.0185743 0.00288096 0.0
0.0183623 -0.00122562 0.0
0.018139 -0.00535478 0.0
0.017904 -0.00950726 0.0
0.0176569 -0.0136842 0.0
0.017397 -0.0178871 0.0
0.0171234 -0.0221177 0.0
0.0168355 -0.0263777 0.0
0.0165322 -0.0306693 0.0
0.0162129 -0.0349945 0.0
0.0158769 -0.0393557 0.0
0.0155237 -0.0437557 0.0
0.0151527 -0.0481974 0.0
0.0147636 -0.0526841 0.0
0.0143561 -0.0572194 0.0
0.0139298 -0.0618072 0.0
0.0134846 -0.0664518 0.0
0.0130204 -0.0711578 0.0
0.0125372 -0.0759302 0.0
0.012035 -0.0807744 0.0
0.011514 -0.0856959 0.0
0.0109743 -0.0907004 0.0
0.0104166 -0.095794 0.0
0.00984136 -0.100983 0.0
0.00924933 -0.106274 0.0
0.00864112 -0.111673 0.0
0.00801728 -0.117187 0.0
0.00737825 -0.122821 0.0
0.00672492 -0.128577 0.0
0.00605884 -0.134459 0.0
0.00538146 -0.14047 0.0
0.00469396 -0.146608 0.0
0.00399654 -0.152874 0.0
0.00329043 -0.159258 0.0
0.00257888 -0.165752 0.0
0.00186473 -0.172348 0.0
0.0011467 -0.179038 0.0
0.000425218 -0.185794 0.0
-0.00029437 -0.192597 0.0
-0.00100877 -0.199434 0.0
-0.00171614 -0.206276 0.0
-0.0024146 -0.213086 0.0
-0.00310121 -0.219855 0.0
-0.00377361 -0.226547 0.0
-0.00443138 -0.233156 0.0
-0.00507636 -0.239692 0.0
-0.00571722 -0.246223 0.0
-0.0063789 -0.252944 0.0
-0.00712118 -0.260367 0.0
-0.00806578 -0.26966 0.0
-0.00940709 -0.283154 0.0
-0.0113363 -0.304454 0.0
-0.0138401 -0.336947 0.0
-0.0165225 -0.38055 0.0
-0.0186684 -0.429304 0.0
-0.0194974 -0.471825 0.0
-0.0183957 -0.492912 0.0
-0.0151062 -0.474618 0.0
-0.00998952 -0.39818 0.0
-0.0043947 -0.251573 0.0
-0.000860698 -0.0506335 0.0
0.000570561 0.0149926 0.0
0.00304643 0.0791468 0.0
0.00724641 0.135303 0.0
0.01166 0.177693 0.0
0.015505 0.207214 0.0
0.0185609 0.227151 0.0
0.0209126 0.24076 0.0
0.0227473 0.250399 0.0
0.0242362 0.257474 0.0
0.0254929 0.262702 0.0
0.0265781 0.266412 0.0
0.0275193 0.268755 0.0
0.0283274 0.269816 0.0
0.029007 0.269666 0.0
0.029561 0.268375 0.0
0.0299929 0.266024 0.0
0.0303071 0.262704 0.0
0.0305098 0.258515 0.0
0.0306085 0.253562 0.0
0.0306118 0.247953 0.0
0.0305295 0.2418 0.0
0.0303722 0.235215 0.0
0.0301515 0.228306 0.0
0.0298792 0.22118 0.0
0.0295678 0.213936 0.0
0.0292295 0.206662 0.0
0.0288755 0.199433 0.0
0.0285166 0.192313 0.0
0.0281618 0.185352 0.0
0.0278191 0.178587 0.0
0.0274948 0.172041 0.0
0.0271934 0.165726 0.0
0.0269176 0.159643 0.0
0.0266688 0.153786 0.0
0.0264471 0.148145 0.0
0.0262516 0.142703 0.0
0.0260802 0.137442 0.0
0.0259305 0.132342 0.0
0.0257997 0.127386 0.0
0.0256849 0.122557 0.0
0.0255831 0.11784 0.0
0.0254918 0.113222 0.0
0.0254084 0.108692 0.0
0.0253309 0.104241 0.0
0.0252572 0.0998602 0.0
0.025186 0.0955434 0.0
0.0251158 0.0912844 0.0
0.0250455 0.0870779 0.0
0.0249741 0.0829188 0.0
0.024901 0.0788025 0.0
0.0248252 0.0747245 0.0
0.0247462 0.0706803 0.0
0.0246635 0.0666655 0.0
0.0245765 0.0626756 0.0
0.0244848 0.0587061 0.0
0.0243881 0.0547526 0.0
0.0242859 0.0508108 0.0
0.0241778 0.0468766 0.0
0.0240634 0.0429459 0.0
0.0239423 0.0390147 0.0
0.023814 0.0350795 0.0
0.0236781 0.0311368 0.0
0.0235341 0.0271832 0.0
0.0233814 0.0232158 0.0
0.0232192 0.019232 0.0
0.0230471 0.0152294 0.0
0.0228641 0.0112061 0.0
0.0226695 0.00716038 0.0
0.0224626 0.00309084 0.0
0.0222425 -0.00100342 0.0
0.0220089 -0.00511998 0.0
0.0217613 -0.00925947 0.0
0.0214994 -0.0134229 0.0
0.0212225 -0.0176116 0.0
0.02093 -0.0218271 0.0
0.0206211 -0.0260714 0.0
0.0202951 -0.0303463 0.0
0.0199514 -0.0346543 0.0
0.0195893 -0.0389977 0.0
0.0192082 -0.0433793 0.0
0.0188077 -0.0478022 0.0
0.0183875 -0.0522698 0.0
0.0179471 -0.0567857 0.0
0.0174865 -0.0613539 0.0
0.0170054 -0.0659788 0.0
0.0165038 -0.070665 0.0
0.0159818 -0.0754177 0.0
0.0154393 -0.0802422 0.0
0.0148766 -0.0851442 0.0
0.014294 -0.0901297 0.0
0.0136919 -0.0952048 0.0
0.013071 -0.100376 0.0
0.0124317 -0.10565 0.0
0.0117746 -0.111032 0.0
0.0111004 -0.11653 0.0
0.0104098 -0.122148 0.0
0.00970352 -0.12789 0.0
0.0089827 -0.133759 0.0
0.00824844 -0.139758 0.0
0.00750177 -0.145886 0.0
0.00674351 -0.15214 0.0
0.00597494 -0.158516 0.0
0.00519799 -0.165005 0.0
0.00441444 -0.171598 0.0
0.00362495 -0.178281 0.0
0.00283121 -0.185036 0.0
0.00203693 -0.191842 0.0
0.00124337 -0.198681 0.0
0.000449428 -0.205527 0.0
-0.000341018 -0.212346 0.0
-0.00112295 -0.219126 0.0
-0.00189545 -0.225831 0.0
-0.00265754 -0.232453 0.0
-0.00341007 -0.238998 0.0
-0.00415973 -0.245526 0.0
-0.00492713 -0.252212 0.0
-0.00576413 -0.259521 0.0
-0.00678148 -0.268545 0.0
-0.00816616 -0.281544 0.0
-0.0101175 -0.302184 0.0
-0.0126486 -0.334182 0.0
-0.0153903 -0.377891 0.0
-0.0176425 -0.427565 0.0
-0.0186285 -0.471749 0.0
-0.0177263 -0.494992 0.0
-0.0146563 -0.478898 0.0
-0.00974345 -0.40393 0.0
-0.00430092 -0.256861 0.0
-0.000843495 -0.0523377 0.0
0.000566028 0.013856 0.0
0.00308455 0.075289 0.0
0.00744374 0.130601 0.0
0.0121249 0.173299 0.0
0.0162972 0.20359 0.0
0.0196905 0.224326 0.0
0.0223556 0.238568 0.0
0.0244654 0.248646 0.0
0.0261916 0.256012 0.0
0.0276556 0.261443 0.0
0.0289259 0.265314 0.0
0.0300353 0.267801 0.0
0.0309974 0.269 0.0
0.0318179 0.268983 0.0
0.0325002 0.267822 0.0
0.0330474 0.265598 0.0
0.0334644 0.262399 0.0
0.0337572 0.258325 0.0
0.0339337 0.253477 0.0
0.034003 0.247965 0.0
0.0339754 0.241898 0.0
0.0338625 0.235387 0.0
0.0336765 0.22854 0.0
0.0334305 0.221464 0.0
0.033138 0.214257 0.0
0.0328121 0.207006 0.0
0.0324657 0.199789 0.0
0.0321103 0.192671 0.0
0.0317564 0.185703 0.0
0.0314128 0.178923 0.0
0.0310869 0.172356 0.0
0.0307838 0.166016 0.0
0.0305071 0.159905 0.0
0.0302587 0.154021 0.0
0.0300388 0.148352 0.0
0.0298469 0.142884 0.0
0.029681 0.137599 0.0
0.0295387 0.132478 0.0
0.0294169 0.127504 0.0
0.0293127 0.122659 0.0
0.0292229 0.11793 0.0
0.0291447 0.113302 0.0
0.0290755 0.108765 0.0
0.0290128 0.104308 0.0
0.0289546 0.0999244 0.0
0.0288992 0.0956058 0.0
0.0288451 0.0913463 0.0
0.028791 0.0871403 0.0
0.0287359 0.0829828 0.0
0.0286788 0.0788688 0.0
0.0286188 0.0747939 0.0
0.0285554 0.0707534 0.0
0.0284878 0.0667428 0.0
0.0284156 0.0627576 0.0
0.028338 0.0587932 0.0
0.0282548 0.0548454 0.0
0.0281653 0.0509097 0.0
0.028069 0.046982 0.0
0.0279655 0.0430583 0.0
0.0278542 0.0391347 0.0
0.0277345 0.0352075 0.0
0.0276058 0.0312733 0.0
0.0274675 0.0273289 0.0
0.0273189 0.0233714 0.0
0.0271592 0.0193982 0.0
0.0269876 0.015407 0.0
0.0268033 0.0113959 0.0
0.0266053 0.00736321 0.0
0.0263927 0.00330754 0.0
0.0261649 -0.000772207 0.0
0.0259212 -0.00487387 0.0
0.0256613 -0.00899806 0.0
0.0253847 -0.0131457 0.0
0.0250909 -0.017318 0.0
0.0247793 -0.0215165 0.0
0.0244493 -0.025743 0.0
0.0241002 -0.0299996 0.0
0.0237315 -0.0342885 0.0
0.0233426 -0.0386123 0.0
0.022933 -0.0429739 0.0
0.0225023 -0.0473764 0.0
0.0220501 -0.0518232 0.0
0.0215762 -0.056318 0.0
0.0210803 -0.060865 0.0
0.0205625 -0.0654687 0.0
0.0200225 -0.0701336 0.0
0.0194606 -0.0748651 0.0
0.0188768 -0.0796685 0.0
0.0182714 -0.0845497 0.0
0.0176447 -0.0895147 0.0
0.016997 -0.0945699 0.0
0.016329 -0.0997217 0.0
0.0156411 -0.104977 0.0
0.0149339 -0.110341 0.0
0.0142081 -0.115821 0.0
0.0134644 -0.121422 0.0
0.0127034 -0.127148 0.0
0.0119261 -0.133003 0.0
0.0111334 -0.138988 0.0
0.0103261 -0.145102 0.0
0.00950522 -0.151345 0.0
0.0086718 -0.15771 0.0
0.00782719 -0.16419 0.0
0.00697276 -0.170775 0.0
0.00610968 -0.177451 0.0
0.00523958 -0.184202 0.0
0.00436467 -0.191007 0.0
0.00348656 -0.197845 0.0
0.00260678 -0.20469 0.0
0.00172884 -0.211514 0.0
0.000852551 -0.218299 0.0
-2.22346e-05 -0.225011 0.0
-0.000890819 -0.231642 0.0
-0.00175305 -0.238193 0.0
-0.00261446 -0.24472 0.0
-0.00349159 -0.251374 0.0
-0.00442907 -0.258584 0.0
-0.00552693 -0.267366 0.0
-0.00696381 -0.279901 0.0
-0.00894526 -0.299894 0.0
-0.0115086 -0.331377 0.0
-0.0143112 -0.375151 0.0
-0.0166673 -0.425697 0.0
-0.017804 -0.471495 0.0
-0.0170927 -0.496859 0.0
-0.0142322 -0.482961 0.0
-0.00951256 -0.4095 0.0
-0.00421273 -0.262033 0.0
-0.000826942 -0.0540081 0.0
0.000559185 0.0127308 0.0
0.00311001 0.0713449 0.0
0.00761248 0.125684 0.0
0.0125482 0.1686 0.0
0.0170409 0.199624 0.0
0.0207712 0.221168 0.0
0.0237537 0.236079 0.0
0.026144 0.246636 0.0
0.0281125 0.254328 0.0
0.029787 0.259989 0.0
0.0312441 0.264041 0.0
0.0325226 0.266687 0.0
0.0336395 0.268035 0.0
0.0346019 0.268164 0.0
0.0354136 0.267147 0.0
0.036078 0.265062 0.0
0.0365999 0.261997 0.0
0.0369855 0.258049 0.0
0.0372428 0.253319 0.0
0.0373813 0.247915 0.0
0.0374119 0.241945 0.0
0.0373467 0.235518 0.0
0.0371989 0.228743 0.0
0.0369824 0.221724 0.0
0.0367117 0.21456 0.0
0.0364012 0.207339 0.0
0.0360646 0.200139 0.0
0.0357147 0.193027 0.0
0.0353632 0.186053 0.0
0.03502 0.17926 0.0
0.0346933 0.172672 0.0
0.0343891 0.166307 0.0
0.0341118 0.160168 0.0
0.0338637 0.154254 0.0
0.0336458 0.148556 0.0
0.0334574 0.14306 0.0
0.0332969 0.137749 0.0
0.0331619 0.132605 0.0
0.0330493 0.127611 0.0
0.032956 0.12275 0.0
0.0328787 0.118006 0.0
0.0328142 0.113368 0.0
0.0327599 0.108823 0.0
0.032713 0.10436 0.0
0.0326713 0.0999724 0.0
0.0326329 0.0956516 0.0
0.0325961 0.0913914 0.0
0.0325595 0.0871859 0.0
0.0325219 0.0830299 0.0
0.0324822 0.0789185 0.0
0.0324395 0.0748468 0.0
0.032393 0.0708103 0.0
0.032342 0.0668044 0.0
0.0322857 0.0628244 0.0
0.0322236 0.0588659 0.0
0.0321551 0.0549245 0.0
0.0320795 0.0509957 0.0
0.0319961 0.0470756 0.0
0.0319045 0.0431599 0.0
0.0318038 0.039245 0.0
0.0316935 0.0353272 0.0
0.0315728 0.031403 0.0
0.0314409 0.0274694 0.0
0.031297 0.0235235 0.0
0.0311402 0.0195627 0.0
0.0309696 0.0155848 0.0
0.0307842 0.0115879 0.0
0.030583 0.00757037 0.0
0.0303652 0.00353076 0.0
0.0301299 -0.00053222 0.0
0.0298764 -0.00461668 0.0
0.0296043 -0.00872323 0.0
0.0293132 -0.0128528 0.0
0.0290026 -0.0170064 0.0
0.0286719 -0.0211858 0.0
0.0283207 -0.0253925 0.0
0.0279484 -0.0296287 0.0
0.0275544 -0.0338967 0.0
0.0271383 -0.0381991 0.0
0.0266997 -0.0425388 0.0
0.0262382 -0.0469191 0.0
0.0257534 -0.0513434 0.0
0.0252452 -0.0558156 0.0
0.0247135 -0.0603398 0.0
0.0241581 -0.0649205 0.0
0.023579 -0.0695627 0.0
0.0229764 -0.0742714 0.0
0.0223503 -0.0790523 0.0
0.0217011 -0.0839112 0.0
0.0210291 -0.0888544 0.0
0.0203348 -0.0938882 0.0
0.0196185 -0.0990191 0.0
0.0188808 -0.104254 0.0
0.0181223 -0.109599 0.0
0.0173436 -0.11506 0.0
0.0165453 -0.120642 0.0
0.0157282 -0.12635 0.0
0.0148928 -0.132188 0.0
0.01404 -0.138157 0.0
0.0131705 -0.144256 0.0
0.0122852 -0.150484 0.0
0.0113849 -0.156836 0.0
0.0104707 -0.163305 0.0
0.00954368 -0.169879 0.0
0.00860494 -0.176546 0.0
0.0076559 -0.183288 0.0
0.00669819 -0.190088 0.0
0.00573346 -0.196921 0.0
0.0047635 -0.203764 0.0
0.00379063 -0.21059 0.0
0.00281645 -0.217373 0.0
0.00184338 -0.224089 0.0
0.000871473 -0.230724 0.0
-0.000102039 -0.237276 0.0
-0.00107832 -0.243799 0.0
-0.00206894 -0.250427 0.0
-0.00311224 -0.257551 0.0
-0.00429787 -0.266116 0.0
-0.0057953 -0.278216 0.0
-0.00781443 -0.297578 0.0
-0.0104153 -0.328529 0.0
-0.0132807 -0.372331 0.0
-0.0157387 -0.423703 0.0
-0.0170208 -0.47107 0.0
-0.0164927 -0.498524 0.0
-0.0138324 -0.486817 0.0
-0.00929614 -0.414899 0.0
-0.00412986 -0.2671 0.0
-0.000810971 -0.055646 0.0
0.000550078 0.0116216 0.0
0.00312256 0.0673309 0.0
0.00775137 0.120567 0.0
0.0129274 0.163606 0.0
0.0177325 0.195321 0.0
0.0217984 0.217675 0.0
0.0251019 0.233285 0.0
0.0277785 0.244362 0.0
0.0299946 0.252417 0.0
0.0318837 0.258337 0.0
0.0335301 0.26259 0.0
0.0349791 0.26541 0.0
0.0362518 0.266922 0.0
0.0373572 0.267209 0.0
0.0382998 0.266347 0.0
0.0390834 0.264413 0.0
0.0397127 0.261494 0.0
0.0401939 0.257685 0.0
0.0405352 0.253085 0.0
0.0407463 0.2478 0.0
0.0408387 0.241937 0.0
0.0408251 0.235605 0.0
0.0407192 0.22891 0.0
0.0405358 0.221957 0.0
0.0402903 0.214843 0.0
0.0399981 0.207658 0.0
0.0396741 0.200481 0.0
0.0393321 0.193377 0.0
0.0389849 0.186402 0.0
0.0386435 0.179596 0.0
0.038317 0.172989 0.0
0.0380125 0.166599 0.0
0.0377349 0.160431 0.0
0.0374874 0.154487 0.0
0.0372713 0.148758 0.0
0.0370864 0.143232 0.0
0.0369313 0.137893 0.0
0.0368035 0.132724 0.0
0.0367002 0.127708 0.0
0.0366179 0.122828 0.0
0.0365533 0.11807 0.0
0.0365031 0.113419 0.0
0.0364642 0.108865 0.0
0.0364339 0.104396 0.0
0.0364096 0.100003 0.0
0.0363892 0.0956797 0.0
0.0363708 0.0914184 0.0
0.0363529 0.0872133 0.0
0.0363341 0.0830589 0.0
0.0363131 0.0789501 0.0
0.0362889 0.074882 0.0
0.0362606 0.0708499 0.0
0.0362274 0.0668491 0.0
0.0361884 0.062875 0.0
0.0361429 0.058923 0.0
0.0360902 0.0549887 0.0
0.0360295 0.0510678 0.0
0.03596 0.0471562 0.0
0.0358812 0.0432498 0.0
0.035792 0.0393449 0.0
0.0356918 0.0354378 0.0
0.0355797 0.0315252 0.0
0.0354547 0.027604 0.0
0.035316 0.0236714 0.0
0.0351625 0.019725 0.0
0.0349933 0.0157624 0.0
0.0348072 0.0117818 0.0
0.0346032 0.00778156 0.0
0.0343804 0.00376022 0.0
0.0341378 -0.000283676 0.0
0.0338747 -0.00434863 0.0
0.0335907 -0.0084352 0.0
0.0332853 -0.0125443 0.0
0.0329581 -0.016677 0.0
0.0326085 -0.0208349 0.0
0.0322361 -0.0250197 0.0
0.0318405 -0.0292334 0.0
0.0314211 -0.0334785 0.0
0.0309776 -0.0377576 0.0
0.0305097 -0.0420737 0.0
0.030017 -0.04643 0.0
0.0294993 -0.05083 0.0
0.0289563 -0.0552778 0.0
0.0283881 -0.0597775 0.0
0.0277944 -0.0643337 0.0
0.0271755 -0.0689514 0.0
0.0265314 -0.0736359 0.0
0.0258624 -0.0783927 0.0
0.0251686 -0.0832278 0.0
0.0244504 -0.0881476 0.0
0.0237083 -0.0931584 0.0
0.0229427 -0.0982669 0.0
0.0221541 -0.10348 0.0
0.0213431 -0.108803 0.0
0.0205103 -0.114243 0.0
0.0196561 -0.119806 0.0
0.0187813 -0.125495 0.0
0.0178864 -0.131314 0.0
0.016972 -0.137264 0.0
0.0160387 -0.143346 0.0
0.0150872 -0.149558 0.0
0.0141182 -0.155894 0.0
0.0131324 -0.162347 0.0
0.0121308 -0.168908 0.0
0.0111143 -0.175562 0.0
0.0100841 -0.182293 0.0
0.00904147 -0.189083 0.0
0.00798793 -0.195908 0.0
0.00692515 -0.202744 0.0
0.00585508 -0.209566 0.0
0.00477964 -0.216347 0.0
0.00370097 -0.223063 0.0
0.00262061 -0.229697 0.0
0.00153963 -0.236248 0.0
0.000451407 -0.242762 0.0
-0.000656001 -0.249365 0.0
-0.00181014 -0.256415 0.0
-0.00309036 -0.264786 0.0
-0.00465631 -0.276483 0.0
-0.00672049 -0.295228 0.0
-0.00936426 -0.325634 0.0
-0.0122946 -0.36943 0.0
-0.014853 -0.421587 0.0
-0.016276 -0.470481 0.0
-0.015924 -0.499993 0.0
-0.0134554 -0.490476 0.0
-0.00909346 -0.420138 0.0
-0.004052 -0.272069 0.0
-0.000795476 -0.0572525 0.0
0.000538764 0.0105327 0.0
0.00312195 0.0632641 0.0
0.00785915 0.115267 0.0
0.0132596 0.158328 0.0
0.0183679 0.190685 0.0
0.0227669 0.213846 0.0
0.0263944 0.230183 0.0
0.0293632 0.241819 0.0
0.0318331 0.250274 0.0
0.0339415 0.256482 0.0
0.0357803 0.260959 0.0
0.0374019 0.263971 0.0
0.0388318 0.265659 0.0
0.0400816 0.266117 0.0
0.0411569 0.265421 0.0
0.0420617 0.26365 0.0
0.0428009 0.260889 0.0
0.0433807 0.257229 0.0
0.0438094 0.252771 0.0
0.044097 0.247616 0.0
0.0442552 0.241871 0.0
0.0442971 0.235643 0.0
0.0442372 0.229038 0.0
0.0440909 0.222159 0.0
0.0438744 0.215103 0.0
0.043604 0.207961 0.0
0.0432957 0.200811 0.0
0.0429643 0.19372 0.0
0.0426237 0.186746 0.0
0.0422858 0.179931 0.0
0.0419609 0.173306 0.0
0.0416569 0.16689 0.0
0.0413797 0.160694 0.0
0.041133 0.154718 0.0
0.0409188 0.148957 0.0
0.0407373 0.143399 0.0
0.0405874 0.13803 0.0
0.0404668 0.132835 0.0
0.0403726 0.127795 0.0
0.0403014 0.122895 0.0
0.0402497 0.11812 0.0
0.0402141 0.113455 0.0
0.0401912 0.10889 0.0
0.040178 0.104413 0.0
0.0401719 0.100016 0.0
0.0401704 0.095689 0.0
0.0401714 0.0914264 0.0
0.0401733 0.0872214 0.0
0.0401743 0.0830686 0.0
0.0401732 0.0789625 0.0
0.0401687 0.0748982 0.0
0.0401598 0.0708709 0.0
0.0401455 0.0668757 0.0
0.0401248 0.062908 0.0
0.040097 0.0589632 0.0
0.0400611 0.055037 0.0
0.0400163 0.051125 0.0
0.0399617 0.047223 0.0
0.0398964 0.0433271 0.0
0.0398195 0.0394335 0.0
0.0397301 0.0355387 0.0
0.0396271 0.0316393 0.0
0.0395097 0.0277323 0.0
0.0393766 0.0238149 0.0
0.0392268 0.0198847 0.0
0.0390593 0.0159394 0.0
0.0388728 0.0119772 0.0
0.0386664 0.00799648 0.0
0.0384389 0.00399562 0.0
0.0381892 -2.67586e-05 0.0
0.0379167 -0.00406996 0.0
0.0376211 -0.0081342 0.0
0.0373017 -0.0122205 0.0
0.036958 -0.0163299 0.0
0.0365897 -0.0204641 0.0
0.0361963 -0.0246247 0.0
0.0357775 -0.0288139 0.0
0.0353328 -0.033034 0.0
0.0348619 -0.0372878 0.0
0.0343645 -0.0415782 0.0
0.0338404 -0.0459086 0.0
0.0332894 -0.0502826 0.0
0.0327114 -0.0547042 0.0
0.0321062 -0.0591776 0.0
0.0314739 -0.0637077 0.0
0.0308146 -0.0682992 0.0
0.0301285 -0.0729577 0.0
0.0294157 -0.0776889 0.0
0.0286765 -0.0824986 0.0
0.0279113 -0.0873934 0.0
0.0271206 -0.0923797 0.0
0.0263048 -0.0974641 0.0
0.0254643 -0.102653 0.0
0.0245998 -0.107954 0.0
0.0237116 -0.113372 0.0
0.0228004 -0.118912 0.0
0.0218665 -0.12458 0.0
0.0209106 -0.130378 0.0
0.019933 -0.136308 0.0
0.0189343 -0.14237 0.0
0.0179149 -0.148563 0.0
0.0168753 -0.15488 0.0
0.015816 -0.161316 0.0
0.0147379 -0.167859 0.0
0.0136415 -0.174497 0.0
0.0125279 -0.181214 0.0
0.0113981 -0.187989 0.0
0.0102534 -0.194803 0.0
0.00909538 -0.201629 0.0
0.00792578 -0.208442 0.0
0.00674651 -0.215217 0.0
0.00555962 -0.221928 0.0
0.00436699 -0.228559 0.0
0.00316992 -0.235108 0.0
0.0019669 -0.241611 0.0
0.000747117 -0.248189 0.0
-0.000519418 -0.25517 0.0
-0.00190083 -0.263369 0.0
-0.00354293 -0.274692 0.0
-0.00565933 -0.292839 0.0
-0.00835128 -0.322688 0.0
-0.0113491 -0.366448 0.0
-0.014007 -0.419352 0.0
-0.0155667 -0.469732 0.0
-0.0153845 -0.501275 0.0
-0.0131 -0.493947 0.0
-0.00890373 -0.425225 0.0
-0.00397874 -0.276948 0.0
-0.000780323 -0.0588283 0.0
0.000525319 0.00946868 0.0
0.00310802 0.0591623 0.0
0.00793461 0.109805 0.0
0.0135423 0.152782 0.0
0.0189426 0.185723 0.0
0.0236712 0.209681 0.0
0.027625 0.226767 0.0
0.0308918 0.239 0.0
0.0336221 0.247893 0.0
0.0359553 0.254422 0.0
0.0379906 0.259146 0.0
0.0397873 0.262366 0.0
0.0413762 0.264245 0.0
0.0427721 0.264886 0.0
0.0439819 0.264368 0.0
0.0450103 0.262771 0.0
0.0458621 0.260177 0.0
0.0465438 0.256679 0.0
0.0470637 0.252372 0.0
0.0474317 0.247358 0.0
0.0476599 0.241742 0.0
0.0477617 0.235628 0.0
0.0477522 0.229122 0.0
0.0476473 0.222326 0.0
0.047464 0.215336 0.0
0.0472194 0.208243 0.0
0.0469303 0.201126 0.0
0.0466126 0.194054 0.0
0.0462811 0.187085 0.0
0.045949 0.180262 0.0
0.0456273 0.173621 0.0
0.0453251 0.167182 0.0
0.0450491 0.160956 0.0
0.0448037 0.154948 0.0
0.0445916 0.149153 0.0
0.0444135 0.143562 0.0
0.0442687 0.138162 0.0
0.0441551 0.132937 0.0
0.0440699 0.127872 0.0
0.0440097 0.122949 0.0
0.043971 0.118155 0.0
0.0439501 0.113476 0.0
0.0439435 0.108899 0.0
0.043948 0.104413 0.0
0.0439606 0.100009 0.0
0.0439787 0.0956787 0.0
0.044 0.0914142 0.0
0.0440225 0.0872092 0.0
0.0440444 0.0830578 0.0
0.0440642 0.0789546 0.0
0.0440804 0.0748943 0.0
0.044092 0.0708721 0.0
0.0440977 0.066883 0.0
0.0440964 0.0629224 0.0
0.0440872 0.0589857 0.0
0.0440691 0.0550685 0.0
0.044041 0.0511663 0.0
0.044002 0.0472752 0.0
0.043951 0.0433911 0.0
0.0438871 0.0395103 0.0
0.043809 0.0356293 0.0
0.0437158 0.0317448 0.0
0.0436063 0.0278538 0.0
0.0434793 0.0239535 0.0
0.0433337 0.0200415 0.0
0.0431682 0.0161156 0.0
0.0429817 0.012174 0.0
0.042773 0.00821486 0.0
0.042541 0.00423671 0.0
0.0422847 0.000238192 0.0
0.0420032 -0.00378094 0.0
0.0416962 -0.00782051 0.0
0.041363 -0.0118816 0.0
0.0410033 -0.0159654 0.0
0.0406166 -0.0200735 0.0
0.0402024 -0.0242077 0.0
0.0397606 -0.0283701 0.0
0.0392907 -0.0325631 0.0
0.0387925 -0.0367895 0.0
0.0382657 -0.0410523 0.0
0.0377102 -0.0453548 0.0
0.0371258 -0.0497009 0.0
0.0365124 -0.0540944 0.0
0.0358701 -0.0585399 0.0
0.0351989 -0.0630419 0.0
0.0344988 -0.0676056 0.0
0.0337701 -0.0722365 0.0
0.033013 -0.0769402 0.0
0.0322279 -0.0817229 0.0
0.0314151 -0.0865911 0.0
0.030575 -0.0915512 0.0
0.0297081 -0.0966099 0.0
0.0288149 -0.101774 0.0
0.0278958 -0.10705 0.0
0.0269512 -0.112443 0.0
0.0259817 -0.11796 0.0
0.0249876 -0.123604 0.0
0.0239693 -0.129379 0.0
0.0229271 -0.135287 0.0
0.0218612 -0.141327 0.0
0.0207722 -0.147497 0.0
0.0196601 -0.153794 0.0
0.0185254 -0.160208 0.0
0.0173686 -0.166732 0.0
0.0161902 -0.17335 0.0
0.0149908 -0.180048 0.0
0.0137715 -0.186806 0.0
0.0125333 -0.193603 0.0
0.0112776 -0.200415 0.0
0.0100059 -0.207215 0.0
0.00872025 -0.213979 0.0
0.00742256 -0.220681 0.0
0.00611487 -0.227305 0.0
0.00479868 -0.233849 0.0
0.00347371 -0.240343 0.0
0.0021345 -0.246899 0.0
0.000757081 -0.253816 0.0
-0.000726076 -0.261858 0.0
-0.00245163 -0.272835 0.0
-0.00462727 -0.290403 0.0
-0.00737272 -0.319686 0.0
-0.0104408 -0.363384 0.0
-0.0131976 -0.417002 0.0
-0.0148903 -0.468831 0.0
-0.0148724 -0.502377 0.0
-0.0127648 -0.497238 0.0
-0.00872619 -0.43017 0.0
-0.00390966 -0.281745 0.0
-0.000765342 -0.0603739 0.0
0.000509835 0.00843355 0.0
0.00308066 0.055044 0.0
0.00797661 0.104201 0.0
0.0137726 0.146983 0.0
0.0194524 0.180442 0.0
0.0245053 0.20518 0.0
0.0287869 0.223033 0.0
0.0323572 0.235897 0.0
0.0353548 0.245268 0.0
0.0379192 0.25215 0.0
0.0401556 0.257146 0.0
0.0421307 0.260594 0.0
0.0438811 0.262678 0.0
0.045425 0.263513 0.0
0.0467714 0.263184 0.0
0.0479258 0.261771 0.0
0.0488933 0.259357 0.0
0.0496803 0.256031 0.0
0.0502951 0.251886 0.0
0.0507478 0.247024 0.0
0.0510505 0.241546 0.0
0.0512171 0.235556 0.0
0.0512628 0.229158 0.0
0.0512041 0.222453 0.0
0.0510586 0.215538 0.0
0.0508441 0.208501 0.0
0.0505782 0.201423 0.0
0.0502778 0.194375 0.0
0.0499586 0.187414 0.0
0.0496348 0.180589 0.0
0.0493185 0.173933 0.0
0.0490196 0.167471 0.0
0.0487458 0.161217 0.0
0.0485025 0.155176 0.0
0.0482929 0.149347 0.0
0.0481184 0.143721 0.0
0.0479786 0.138288 0.0
0.0478719 0.133032 0.0
0.0477955 0.127938 0.0
0.0477462 0.122992 0.0
0.0477204 0.118177 0.0
0.0477143 0.113481 0.0
0.0477241 0.108891 0.0
0.0477466 0.104395 0.0
0.0477784 0.0999834 0.0
0.0478167 0.0956482 0.0
0.0478589 0.0913812 0.0
0.0479029 0.0871758 0.0
0.0479465 0.0830257 0.0
0.047988 0.0789253 0.0
0.0480259 0.0748693 0.0
0.0480588 0.0708526 0.0
0.0480854 0.0668702 0.0
0.0481045 0.0629174 0.0
0.0481148 0.0589896 0.0
0.0481152 0.0550823 0.0
0.0481047 0.0511911 0.0
0.048082 0.0473121 0.0
0.048046 0.0434412 0.0
0.0479956 0.0395747 0.0
0.0479295 0.0357091 0.0
0.0478465 0.0318412 0.0
0.0477454 0.027968 0.0
0.047625 0.0240867 0.0
0.0474838 0.020195 0.0
0.0473208 0.0162906 0.0
0.0471346 0.0123717 0.0
0.0469239 0.00843642 0.0
0.0466878 0.00448324 0.0
0.0464251 0.000510758 0.0
0.0461349 -0.00348189 0.0
0.0458169 -0.00749444 0.0
0.0454703 -0.011528 0.0
0.0450949 -0.0155838 0.0
0.0446901 -0.0196636 0.0
0.0442556 -0.023769 0.0
0.0437911 -0.0279024 0.0
0.0432963 -0.0320661 0.0
0.0427709 -0.0362629 0.0
0.0422149 -0.040496 0.0
0.0416281 -0.0447687 0.0
0.0410104 -0.0490848 0.0
0.0403617 -0.0534484 0.0
0.0396821 -0.0578639 0.0
0.0389717 -0.0623361 0.0
0.0382306 -0.0668702 0.0
0.037459 -0.0714716 0.0
0.0366573 -0.0761462 0.0
0.0358258 -0.0809002 0.0
0.0349647 -0.08574 0.0
0.0340747 -0.0906721 0.0
0.0331561 -0.0957034 0.0
0.0322093 -0.10084 0.0
0.0312347 -0.106089 0.0
0.0302329 -0.111457 0.0
0.029204 -0.116948 0.0
0.0281484 -0.122566 0.0
0.0270663 -0.128316 0.0
0.025958 -0.134199 0.0
0.0248235 -0.140214 0.0
0.023663 -0.14636 0.0
0.0224766 -0.152632 0.0
0.0212645 -0.159023 0.0
0.0200269 -0.165523 0.0
0.0187641 -0.172118 0.0
0.0174767 -0.178793 0.0
0.0161654 -0.18553 0.0
0.0148311 -0.192307 0.0
0.013475 -0.199099 0.0
0.0120986 -0.205883 0.0
0.0107039 -0.212631 0.0
0.00929266 -0.21932 0.0
0.00786717 -0.225933 0.0
0.00642914 -0.232466 0.0
0.00497896 -0.23895 0.0
0.00351303 -0.245487 0.0
0.00201616 -0.252354 0.0
0.000430875 -0.260252 0.0
-0.00137919 -0.270906 0.0
-0.00362103 -0.287915 0.0
-0.00642534 -0.316624 0.0
-0.00956666 -0.360237 0.0
-0.0124221 -0.414537 0.0
-0.0142447 -0.46778 0.0
-0.0143858 -0.503305 0.0
-0.0124485 -0.500355 0.0
-0.00856013 -0.43498 0.0
-0.00384431 -0.286468 0.0
-0.000750333 -0.0618896 0.0
0.000492422 0.00743131 0.0
0.00303984 0.050928 0.0
0.00798416 0.0984771 0.0
0.0139479 0.140947 0.0
0.0198925 0.174853 0.0
0.0252631 0.200345 0.0
0.0298727 0.218976 0.0
0.0337516 0.232505 0.0
0.0370237 0.242391 0.0
0.0398261 0.24966 0.0
0.0422692 0.254956 0.0
0.0444268 0.258651 0.0
0.0463415 0.260956 0.0
0.0480359 0.261997 0.0
0.0495213 0.261868 0.0
0.0508043 0.26065 0.0
0.0518906 0.258425 0.0
0.0527865 0.25528 0.0
0.0535003 0.251308 0.0
0.0540422 0.246607 0.0
0.0544243 0.241278 0.0
0.0546606 0.235422 0.0
0.0547666 0.229141 0.0
0.0547594 0.222536 0.0
0.0546568 0.215703 0.0
0.0544772 0.20873 0.0
0.0542391 0.201698 0.0
0.0539601 0.194679 0.0
0.0536568 0.187732 0.0
0.0533444 0.180907 0.0
0.053036 0.174239 0.0
0.0527425 0.167757 0.0
0.0524726 0.161475 0.0
0.0522323 0.155402 0.0
0.0520259 0.149537 0.0
0.0518552 0.143876 0.0
0.0517206 0.138407 0.0
0.0516206 0.133119 0.0
0.0515529 0.127995 0.0
0.0515144 0.123023 0.0
0.0515013 0.118186 0.0
0.0515098 0.113471 0.0
0.0515362 0.108865 0.0
0.0515768 0.104357 0.0
0.0516281 0.0999376 0.0
0.051687 0.0955967 0.0
0.0517506 0.0913267 0.0
0.0518166 0.0871204 0.0
0.0518826 0.0829715 0.0
0.0519467 0.0788739 0.0
0.052007 0.0748224 0.0
0.0520621 0.0708115 0.0
0.0521104 0.0668364 0.0
0.0521505 0.0628921 0.0
0.0521811 0.058974 0.0
0.0522009 0.0550776 0.0
0.0522085 0.0511986 0.0
0.0522028 0.0473329 0.0
0.0521824 0.0434766 0.0
0.0521461 0.039626 0.0
0.0520924 0.0357775 0.0
0.0520202 0.031928 0.0
0.0519279 0.0280744 0.0
0.0518144 0.0242142 0.0
0.0516782 0.0203448 0.0
0.0515179 0.0164641 0.0
0.0513324 0.01257 0.0
0.0511202 0.00866085 0.0
0.0508802 0.00473491 0.0
0.0506114 0.000790652 0.0
0.0503129 -0.0031732 0.0
0.0499842 -0.00715639 0.0
0.0496248 -0.0111601 0.0
0.0492341 -0.0151856 0.0
0.0488117 -0.0192346 0.0
0.0483573 -0.023309 0.0
0.0478705 -0.0274111 0.0
0.0473512 -0.0315433 0.0
0.0467991 -0.0357084 0.0
0.0462142 -0.0399096 0.0
0.0455963 -0.0441504 0.0
0.0449454 -0.0484345 0.0
0.0442615 -0.0527661 0.0
0.0435446 -0.0571498 0.0
0.042795 -0.0615902 0.0
0.0420128 -0.0660927 0.0
0.0411982 -0.0706629 0.0
0.0403516 -0.0753066 0.0
0.0394733 -0.08003 0.0
0.0385637 -0.0848395 0.0
0.0376232 -0.089742 0.0
0.0366522 -0.0947439 0.0
0.0356512 -0.099852 0.0
0.0346205 -0.105073 0.0
0.0335603 -0.110412 0.0
0.0324711 -0.115875 0.0
0.0313528 -0.121466 0.0
0.0302057 -0.127188 0.0
0.0290298 -0.133043 0.0
0.0278251 -0.139031 0.0
0.0265914 -0.14515 0.0
0.0253288 -0.151394 0.0
0.0240372 -0.157757 0.0
0.0227166 -0.16423 0.0
0.0213671 -0.170798 0.0
0.0199892 -0.177448 0.0
0.0185833 -0.184159 0.0
0.0171502 -0.190911 0.0
0.0156909 -0.19768 0.0
0.0142071 -0.204442 0.0
0.0127003 -0.21117 0.0
0.0111727 -0.217842 0.0
0.0096265 -0.22444 0.0
0.00806375 -0.230959 0.0
0.0064854 -0.237428 0.0
0.00488902 -0.243946 0.0
0.00326282 -0.250772 0.0
0.00156811 -0.258554 0.0
-0.000326505 -0.268899 0.0
-0.00263795 -0.285368 0.0
-0.00550634 -0.313498 0.0
-0.00872402 -0.357004 0.0
-0.0116782 -0.41196 0.0
-0.013628 -0.466584 0.0
-0.0139233 -0.504064 0.0
-0.0121503 -0.503306 0.0
-0.00840489 -0.439662 0.0
-0.00378221 -0.291124 0.0
-0.000735072 -0.063375 0.0
0.000473211 0.00646569 0.0
0.00298567 0.0468338 0.0
0.00795642 0.0926563 0.0
0.0140656 0.134695 0.0
0.0202585 0.168968 0.0
0.0259381 0.195181 0.0
0.0308746 0.214594 0.0
0.0350665 0.228815 0.0
0.0386201 0.239254 0.0
0.0416681 0.246946 0.0
0.0443243 0.252571 0.0
0.0466691 0.256534 0.0
0.0487518 0.259075 0.0
0.0505995 0.260336 0.0
0.0522265 0.260417 0.0
0.0536411 0.259404 0.0
0.0548493 0.257377 0.0
0.0558579 0.254423 0.0
0.056675 0.250634 0.0
0.0573108 0.246104 0.0
0.0577774 0.240932 0.0
0.0580888 0.235219 0.0
0.0582608 0.229065 0.0
0.0583105 0.222569 0.0
0.0582563 0.215826 0.0
0.0581171 0.208925 0.0
0.0579118 0.201947 0.0
0.0576589 0.194963 0.0
0.0573758 0.188035 0.0
0.0570786 0.181214 0.0
0.0567812 0.174538 0.0
0.0564956 0.168037 0.0
0.0562314 0.161729 0.0
0.0559958 0.155624 0.0
0.0557935 0.149724 0.0
0.0556273 0.144026 0.0
0.0554981 0.138521 0.0
0.055405 0.133198 0.0
0.0553459 0.128043 0.0
0.0553178 0.123042 0.0
0.0553173 0.11818 0.0
0.0553404 0.113444 0.0
0.0553832 0.108822 0.0
0.0554419 0.104301 0.0
0.0555127 0.0998716 0.0
0.0555924 0.0955241 0.0
0.0556779 0.0912502 0.0
0.0557663 0.0870425 0.0
0.0558552 0.0828944 0.0
0.0559424 0.0787997 0.0
0.0560258 0.0747527 0.0
0.0561037 0.0707481 0.0
0.0561744 0.0667807 0.0
0.0562362 0.0628457 0.0
0.0562877 0.0589382 0.0
0.0563274 0.0550538 0.0
0.0563539 0.0511882 0.0
0.0563657 0.0473372 0.0
0.0563615 0.0434969 0.0
0.0563397 0.0396637 0.0
0.056299 0.035834 0.0
0.0562379 0.0320047 0.0
0.056155 0.0281728 0.0
0.0560488 0.0243355 0.0
0.0559179 0.0204905 0.0
0.0557609 0.0166355 0.0
0.0555764 0.0127686 0.0
0.055363 0.00888778 0.0
0.0551196 0.00499138 0.0
0.054845 0.00107762 0.0
0.0545385 -0.00285524 0.0
0.0541997 -0.00680684 0.0
0.0538278 -0.0107783 0.0
0.0534225 -0.0147712 0.0
0.052983 -0.0187872 0.0
0.0525093 -0.0228283 0.0
0.0520008 -0.0268967 0.0
0.0514575 -0.030995 0.0
0.0508791 -0.0351262 0.0
0.0502657 -0.0392934 0.0
0.049617 -0.0435 0.0
0.0489332 -0.0477501 0.0
0.0482143 -0.0520477 0.0
0.0474604 -0.0563974 0.0
0.0466716 -0.0608042 0.0
0.0458483 -0.0652732 0.0
0.0449906 -0.0698102 0.0
0.044099 -0.074421 0.0
0.0431738 -0.0791119 0.0
0.0422153 -0.0838895 0.0
0.041224 -0.0887602 0.0
0.0402003 -0.0937309 0.0
0.0391445 -0.0988081 0.0
0.0380569 -0.103998 0.0
0.0369377 -0.109307 0.0
0.0357871 -0.11474 0.0
0.0346051 -0.1203 0.0
0.0333918 -0.125993 0.0
0.0321468 -0.131817 0.0
0.0308702 -0.137775 0.0
0.0295616 -0.143863 0.0
0.0282208 -0.150077 0.0
0.0268476 -0.15641 0.0
0.0254417 -0.162851 0.0
0.0240031 -0.169389 0.0
0.0225321 -0.176008 0.0
0.0210288 -0.182689 0.0
0.019494 -0.189412 0.0
0.0179288 -0.196154 0.0
0.0163343 -0.202889 0.0
0.0147125 -0.209594 0.0
0.0130654 -0.216244 0.0
0.0113954 -0.222822 0.0
0.0097048 -0.229324 0.0
0.00799521 -0.235776 0.0
0.00626527 -0.242272 0.0
0.00450574 -0.24906 0.0
0.00268609 -0.256752 0.0
0.000701782 -0.266823 0.0
-0.00167484 -0.282757 0.0
-0.00461324 -0.310303 0.0
-0.0079107 -0.353684 0.0
-0.0109639 -0.409273 0.0
-0.0130384 -0.465247 0.0
-0.0134837 -0.50466 0.0
-0.0118692 -0.506097 0.0
-0.00825994 -0.444226 0.0
-0.00372291 -0.29572 0.0
-0.000719314 -0.0648294 0.0
0.000452352 0.00554015 0.0
0.00291835 0.0427809 0.0
0.00789281 0.086764 0.0
0.0141233 0.128248 0.0
0.0205459 0.162799 0.0
0.0265237 0.189692 0.0
0.0317845 0.209886 0.0
0.0362927 0.224824 0.0
0.0401349 0.23585 0.0
0.0434363 0.244001 0.0
0.0463127 0.249983 0.0
0.0488504 0.254239 0.0
0.0511052 0.257033 0.0
0.0531096 0.258526 0.0
0.0548813 0.258829 0.0
0.0564304 0.258029 0.0
0.0577641 0.25621 0.0
0.0588892 0.253457 0.0
0.0598141 0.249859 0.0
0.0605487 0.245509 0.0
0.0611051 0.240504 0.0
0.0614974 0.234944 0.0
0.0617413 0.228925 0.0
0.0618541 0.222547 0.0
0.0618544 0.215903 0.0
0.0617614 0.209081 0.0
0.0615946 0.202163 0.0
0.061373 0.195221 0.0
0.061115 0.188318 0.0
0.0608372 0.181506 0.0
0.0605546 0.174826 0.0
0.0602801 0.168309 0.0
0.0600242 0.161977 0.0
0.0597951 0.155841 0.0
0.0595984 0.149906 0.0
0.0594377 0.144171 0.0
0.0593145 0.138629 0.0
0.0592285 0.13327 0.0
0.059178 0.128081 0.0
0.0591604 0.123049 0.0
0.0591722 0.118161 0.0
0.0592097 0.113403 0.0
0.0592687 0.108762 0.0
0.0593454 0.104226 0.0
0.0594358 0.0997854 0.0
0.0595363 0.09543 0.0
0.0596437 0.0911514 0.0
0.0597548 0.0869417 0.0
0.059867 0.0827941 0.0
0.0599777 0.0787021 0.0
0.0600847 0.0746599 0.0
0.0601859 0.0706618 0.0
0.0602794 0.0667027 0.0
0.0603636 0.0627776 0.0
0.0604365 0.0588817 0.0
0.0604967 0.0550103 0.0
0.0605426 0.0511593 0.0
0.0605724 0.0473243 0.0
0.0605848 0.0435016 0.0
0.060578 0.0396874 0.0
0.0605507 0.0358783 0.0
0.0605012 0.032071 0.0
0.060428 0.0282625 0.0
0.0603296 0.0244503 0.0
0.0602045 0.0206317 0.0
0.0600511 0.0168046 0.0
0.0598681 0.0129669 0.0
0.0596541 0.00911677 0.0
0.0594076 0.00525228 0.0
0.0591275 0.00137142 0.0
0.0588134 -0.00252853 0.0
0.0584651 -0.0064464 0.0
0.0580815 -0.0103835 0.0
0.0576622 -0.0143413 0.0
0.0572064 -0.0183219 0.0
0.0567138 -0.0223272 0.0
0.0561842 -0.0263597 0.0
0.0556174 -0.0304219 0.0
0.0550133 -0.0345168 0.0
0.0543717 -0.0386477 0.0
0.0536928 -0.0428181 0.0
0.0529764 -0.0470319 0.0
0.0522228 -0.0512933 0.0
0.0514321 -0.0556071 0.0
0.0506044 -0.0599781 0.0
0.0497402 -0.0644117 0.0
0.0488396 -0.0689135 0.0
0.047903 -0.0734895 0.0
0.0469308 -0.078146 0.0
0.0459234 -0.0828895 0.0
0.0448811 -0.0877266 0.0
0.0438043 -0.092664 0.0
0.0426932 -0.0977081 0.0
0.0415482 -0.102865 0.0
0.0403692 -0.108141 0.0
0.0391564 -0.113541 0.0
0.0379096 -0.11907 0.0
0.0366287 -0.124729 0.0
0.0353133 -0.130521 0.0
0.0339632 -0.136445 0.0
0.0325779 -0.142499 0.0
0.0311569 -0.148679 0.0
0.0296998 -0.154977 0.0
0.0282063 -0.161384 0.0
0.026676 -0.167887 0.0
0.0251091 -0.174472 0.0
0.0235056 -0.181119 0.0
0.0218662 -0.187808 0.0
0.0201918 -0.194518 0.0
0.0184835 -0.201223 0.0
0.0167434 -0.207898 0.0
0.0149734 -0.214522 0.0
0.0131762 -0.221076 0.0
0.0113545 -0.227557 0.0
0.00951031 -0.233989 0.0
0.00764334 -0.240462 0.0
0.00574627 -0.247214 0.0
0.00379333 -0.254826 0.0
0.00170866 -0.26468 0.0
-0.000735829 -0.280079 0.0
-0.00374437 -0.307034 0.0
-0.00712495 -0.350275 0.0
-0.0102778 -0.406476 0.0
-0.0124748 -0.463773 0.0
-0.0130661 -0.505098 0.0
-0.0116047 -0.508735 0.0
-0.00812493 -0.448677 0.0
-0.00366601 -0.300265 0.0
-0.000702805 -0.0662515 0.0
0.000430013 0.0046578 0.0
0.00283824 0.0387891 0.0
0.00779303 0.0808266 0.0
0.014119 0.121629 0.0
0.0207504 0.156364 0.0
0.0270136 0.183886 0.0
0.0325939 0.204851 0.0
0.0374207 0.220524 0.0
0.0415578 0.232171 0.0
0.0451207 0.240816 0.0
0.048225 0.247188 0.0
0.050962 0.25176 0.0
0.053394 0.254825 0.0
0.0555591 0.256564 0.0
0.0574789 0.257099 0.0
0.0591659 0.256522 0.0
0.0606286 0.25492 0.0
0.0618744 0.252376 0.0
0.0629116 0.248977 0.0
0.0637502 0.244817 0.0
0.0644021 0.239988 0.0
0.0648812 0.234588 0.0
0.0652032 0.228715 0.0
0.0653856 0.222463 0.0
0.0654469 0.215926 0.0
0.0654066 0.209191 0.0
0.0652845 0.202341 0.0
0.0651004 0.195448 0.0
0.0648728 0.188576 0.0
0.0646195 0.181779 0.0
0.0643561 0.175099 0.0
0.0640966 0.16857 0.0
0.0638523 0.162216 0.0
0.0636322 0.156051 0.0
0.0634432 0.150082 0.0
0.0632894 0.14431 0.0
0.0631732 0.13873 0.0
0.0630948 0.133333 0.0
0.0630532 0.128109 0.0
0.0630461 0.123046 0.0
0.0630701 0.118129 0.0
0.0631217 0.113346 0.0
0.0631967 0.108684 0.0
0.0632911 0.104132 0.0
0.0634009 0.0996789 0.0
0.0635223 0.0953145 0.0
0.0636516 0.0910302 0.0
0.0637855 0.0868178 0.0
0.0639211 0.0826702 0.0
0.0640555 0.0785808 0.0
0.0641863 0.0745433 0.0
0.0643112 0.0705522 0.0
0.0644281 0.0666019 0.0
0.0645349 0.0626874 0.0
0.0646298 0.0588039 0.0
0.0647109 0.0549467 0.0
0.0647764 0.0511114 0.0
0.0648248 0.0472939 0.0
0.0648541 0.0434902 0.0
0.0648629 0.0396967 0.0
0.0648493 0.0359098 0.0
0.0648118 0.0321263 0.0
0.0647488 0.0283433 0.0
0.0646586 0.0245581 0.0
0.0645396 0.020768 0.0
0.0643904 0.0169709 0.0
0.0642094 0.0131646 0.0
0.0639953 0.00934728 0.0
0.0637464 0.00551711 0.0
0.0634612 0.00167187 0.0
0.0631402 -0.0021939 0.0
0.0627833 -0.00607584 0.0
0.0623888 -0.00997608 0.0
0.061956 -0.0138965 0.0
0.0614844 -0.0178393 0.0
0.0609736 -0.0218065 0.0
0.0604234 -0.0258006 0.0
0.0598337 -0.0298244 0.0
0.0592042 -0.0338808 0.0
0.0585351 -0.0379731 0.0
0.0578263 -0.0421049 0.0
0.0570779 -0.0462803 0.0
0.05629 -0.0505034 0.0
0.0554629 -0.0547791 0.0
0.0545967 -0.0591123 0.0
0.0536918 -0.0635083 0.0
0.0527485 -0.0679729 0.0
0.0517672 -0.0725121 0.0
0.0507482 -0.0771322 0.0
0.0496918 -0.0818396 0.0
0.0485984 -0.0866409 0.0
0.0474683 -0.0915428 0.0
0.0463017 -0.0965517 0.0
0.0450986 -0.101674 0.0
0.0438592 -0.106915 0.0
0.0425833 -0.112279 0.0
0.0412707 -0.117772 0.0
0.039921 -0.123396 0.0
0.0385338 -0.129151 0.0
0.0371085 -0.135039 0.0
0.0356446 -0.141056 0.0
0.0341414 -0.147198 0.0
0.0325981 -0.153458 0.0
0.0310144 -0.159826 0.0
0.0293898 -0.16629 0.0
0.0277242 -0.172836 0.0
0.0260175 -0.179444 0.0
0.0242702 -0.186096 0.0
0.0224832 -0.192769 0.0
0.0206578 -0.199438 0.0
0.0187957 -0.206081 0.0
0.0168993 -0.212674 0.0
0.0149714 -0.2192 0.0
0.0130149 -0.225655 0.0
0.0110325 -0.232064 0.0
0.00902501 -0.238512 0.0
0.00698691 -0.245228 0.0
0.00489694 -0.252768 0.0
0.00269279 -0.262448 0.0
0.000175058 -0.277348 0.0
-0.00289597 -0.303685 0.0
-0.00636526 -0.346774 0.0
-0.00961881 -0.403571 0.0
-0.0119366 -0.462163 0.0
-0.0126702 -0.505383 0.0
-0.0113566 -0.511225 0.0
-0.00799972 -0.453024 0.0
-0.00361119 -0.304766 0.0
-0.000685295 -0.0676396 0.0
0.000406385 0.00382142 0.0
0.00274586 0.0348778 0.0
0.00765714 0.0748718 0.0
0.0140512 0.114864 0.0
0.0208682 0.149681 0.0
0.0274015 0.177773 0.0
0.0332945 0.199491 0.0
0.0384404 0.215911 0.0
0.0428781 0.228208 0.0
0.0467107 0.237383 0.0
0.0500511 0.244176 0.0
0.0529946 0.249091 0.0
0.0556096 0.252447 0.0
0.0579398 0.254447 0.0
0.0600116 0.255225 0.0
0.0618403 0.254881 0.0
0.0634358 0.253503 0.0
0.0648065 0.251176 0.0
0.0659608 0.247986 0.0
0.0669087 0.244022 0.0
0.0676619 0.239378 0.0
0.0682341 0.234147 0.0
0.0686409 0.228427 0.0
0.0688997 0.222309 0.0
0.0690289 0.215888 0.0
0.0690484 0.20925 0.0
0.068978 0.202475 0.0
0.0688378 0.195639 0.0
0.068647 0.188804 0.0
0.0684239 0.182027 0.0
0.068185 0.175353 0.0
0.067945 0.168816 0.0
0.0677162 0.162443 0.0
0.0675086 0.156251 0.0
0.0673297 0.150249 0.0
0.0671849 0.144441 0.0
0.0670771 0.138823 0.0
0.0670074 0.133388 0.0
0.0669753 0.128128 0.0
0.0669789 0.123031 0.0
0.0670152 0.118084 0.0
0.0670807 0.113274 0.0
0.0671715 0.10859 0.0
0.0672835 0.10402 0.0
0.0674124 0.0995525 0.0
0.0675543 0.0951777 0.0
0.0677054 0.0908866 0.0
0.067862 0.0866707 0.0
0.068021 0.0825227 0.0
0.0681793 0.0784355 0.0
0.0683341 0.0744029 0.0
0.0684829 0.0704189 0.0
0.0686232 0.0664779 0.0
0.068753 0.0625748 0.0
0.0688701 0.0587046 0.0
0.0689724 0.0548625 0.0
0.0690581 0.0510443 0.0
0.0691252 0.0472455 0.0
0.0691719 0.0434624 0.0
0.0691965 0.0396911 0.0
0.0691971 0.0359282 0.0
0.069172 0.0321704 0.0
0.0691194 0.0284148 0.0
0.0690378 0.0246584 0.0
0.0689255 0.0208989 0.0
0.0687809 0.0171337 0.0
0.0686025 0.0133609 0.0
0.068389 0.00957853 0.0
0.0681391 0.00578466 0.0
0.0678516 0.00197699 0.0
0.0675252 -0.00185168 0.0
0.0671593 -0.00569531 0.0
0.0667536 -0.00955642 0.0
0.0663073 -0.0134372 0.0
0.0658201 -0.0173398 0.0
0.0652914 -0.0212666 0.0
0.0647211 -0.0252201 0.0
0.0641089 -0.029203 0.0
0.0634547 -0.0332186 0.0
0.0627586 -0.03727 0.0
0.0620205 -0.0413611 0.0
0.0612406 -0.0454958 0.0
0.0604191 -0.0496785 0.0
0.0595561 -0.0539139 0.0
0.058652 -0.0582071 0.0
0.0577069 -0.0625635 0.0
0.0567214 -0.0669888 0.0
0.0556956 -0.0714891 0.0
0.05463 -0.0760705 0.0
0.0535248 -0.0807396 0.0
0.0523803 -0.085503 0.0
0.0511968 -0.090367 0.0
0.0499743 -0.0953382 0.0
0.0487129 -0.100423 0.0
0.0474124 -0.105626 0.0
0.0460725 -0.110953 0.0
0.0446931 -0.116407 0.0
0.0432734 -0.121992 0.0
0.0418129 -0.127708 0.0
0.0403108 -0.133555 0.0
0.0387663 -0.139531 0.0
0.0371786 -0.145632 0.0
0.0355469 -0.151849 0.0
0.0338704 -0.158175 0.0
0.0321486 -0.164596 0.0
0.0303812 -0.171097 0.0
0.028568 -0.177663 0.0
0.0267095 -0.184272 0.0
0.0248064 -0.190903 0.0
0.0228601 -0.197532 0.0
0.0208724 -0.204137 0.0
0.0188457 -0.210694 0.0
0.0167831 -0.217188 0.0
0.014688 -0.223615 0.0
0.0125636 -0.229998 0.0
0.0104116 -0.236419 0.0
0.00822833 -0.2431 0.0
0.00599586 -0.250574 0.0
0.00366065 -0.260103 0.0
0.00106327 -0.274578 0.0
-0.00207062 -0.30025 0.0
-0.00563184 -0.343178 0.0
-0.00898673 -0.400558 0.0
-0.0114236 -0.460421 0.0
-0.012296 -0.505519 0.0
-0.0111252 -0.513574 0.0
-0.00788455 -0.457272 0.0
-0.00355831 -0.309231 0.0
-0.000666561 -0.0689915 0.0
0.000381672 0.00303339 0.0
0.00264189 0.0310661 0.0
0.0074856 0.0689285 0.0
0.0139186 0.10798 0.0
0.0208958 0.142771 0.0
0.0276812 0.171365 0.0
0.0338778 0.19381 0.0
0.0393417 0.210983 0.0
0.0440846 0.223956 0.0
0.0481944 0.233693 0.0
0.0517796 0.240941 0.0
0.0549375 0.246225 0.0
0.057742 0.249894 0.0
0.0602427 0.252169 0.0
0.0624709 0.253202 0.0
0.0644452 0.2531 0.0
0.0661777 0.251956 0.0
0.0676776 0.249853 0.0
0.0689539 0.246878 0.0
0.0700165 0.243119 0.0
0.070877 0.238667 0.0
0.0715488 0.233614 0.0
0.0720475 0.228054 0.0
0.0723899 0.22208 0.0
0.0725947 0.215783 0.0
0.0726814 0.209249 0.0
0.0726702 0.202558 0.0
0.0725813 0.195785 0.0
0.0724343 0.188996 0.0
0.072248 0.182245 0.0
0.0720396 0.175582 0.0
0.0718245 0.169042 0.0
0.0716159 0.162655 0.0
0.0714248 0.156439 0.0
0.0712596 0.150406 0.0
0.0711264 0.144562 0.0
0.0710291 0.138906 0.0
0.0709696 0.133434 0.0
0.070948 0.128136 0.0
0.0709629 0.123004 0.0
0.0710117 0.118025 0.0
0.0710913 0.113188 0.0
0.0711977 0.10848 0.0
0.071327 0.103889 0.0
0.0714748 0.0994062 0.0
0.0716369 0.0950198 0.0
0.0718095 0.0907208 0.0
0.0719887 0.0865006 0.0
0.0721709 0.0823515 0.0
0.0723529 0.0782664 0.0
0.0725317 0.0742385 0.0
0.0727043 0.0702618 0.0
0.0728683 0.0663306 0.0
0.0730212 0.0624394 0.0
0.0731606 0.0585834 0.0
0.0732844 0.0547575 0.0
0.0733904 0.0509575 0.0
0.0734765 0.0471789 0.0
0.0735409 0.0434178 0.0
0.0735816 0.0396704 0.0
0.0735967 0.0359332 0.0
0.0735842 0.0322029 0.0
0.0735426 0.0284764 0.0
0.07347 0.0247509 0.0
0.0733647 0.0210239 0.0
0.0732252 0.0172928 0.0
0.0730499 0.0135554 0.0
0.0728376 0.00980977 0.0
0.0725872 0.00605378 0.0
0.0722976 0.00228487 0.0
0.0719669 -0.00150251 0.0
0.0715934 -0.00530509 0.0
0.0711772 -0.00912475 0.0
0.0707181 -0.0129636 0.0
0.0702157 -0.0168238 0.0
0.0696697 -0.0207079 0.0
0.0690798 -0.0246185 0.0
0.0684459 -0.0285584 0.0
0.0677677 -0.0325308 0.0
0.0670453 -0.0365392 0.0
0.0662787 -0.0405873 0.0
0.0654681 -0.0446791 0.0
0.0646136 -0.0488192 0.0
0.0637155 -0.0530122 0.0
0.062774 -0.0572632 0.0
0.0617895 -0.0615778 0.0
0.0607622 -0.0659617 0.0
0.0596925 -0.0704207 0.0
0.0585806 -0.0749614 0.0
0.0574269 -0.0795899 0.0
0.0562315 -0.0843128 0.0
0.0549945 -0.0891366 0.0
0.0537159 -0.0940676 0.0
0.0523957 -0.0991116 0.0
0.0510335 -0.104274 0.0
0.049629 -0.10956 0.0
0.0481816 -0.114973 0.0
0.0466907 -0.120515 0.0
0.0451553 -0.126188 0.0
0.0435746 -0.131992 0.0
0.0419476 -0.137923 0.0
0.0402733 -0.143978 0.0
0.0385505 -0.150149 0.0
0.0367785 -0.156427 0.0
0.0349565 -0.1628 0.0
0.0330841 -0.169253 0.0
0.031161 -0.175771 0.0
0.0291876 -0.182332 0.0
0.0271647 -0.188917 0.0
0.0250935 -0.195501 0.0
0.0229761 -0.202063 0.0
0.0208151 -0.208581 0.0
0.0186137 -0.215038 0.0
0.0163757 -0.221432 0.0
0.0141051 -0.227785 0.0
0.0118044 -0.234179 0.0
0.00947175 -0.240824 0.0
0.00709205 -0.248237 0.0
0.00461839 -0.257631 0.0
0.00192895 -0.271763 0.0
-0.00127252 -0.29673 0.0
-0.004924 -0.339486 0.0
-0.00838133 -0.397438 0.0
-0.0109362 -0.45855 0.0
-0.0119443 -0.50551 0.0
-0.0109113 -0.515786 0.0
-0.00778007 -0.461432 0.0
-0.00350744 -0.313671 0.0
-0.000646435 -0.0703045 0.0
0.000356098 0.00229564 0.0
0.00252721 0.0273726 0.0
0.00727929 0.0630263 0.0
0.0137209 0.101008 0.0
0.0208303 0.135656 0.0
0.0278473 0.164676 0.0
0.0343358 0.187813 0.0
0.0401142 0.205738 0.0
0.0451654 0.219407 0.0
0.0495596 0.229737 0.0
0.0533982 0.237472 0.0
0.056779 0.243155 0.0
0.0597802 0.247158 0.0
0.0624575 0.249727 0.0
0.064847 0.251027 0.0
0.0669714 0.251177 0.0
0.0688451 0.250273 0.0
0.0704789 0.248402 0.0
0.0718822 0.24565 0.0
0.0730652 0.242102 0.0
0.0740391 0.237849 0.0
0.0748174 0.232982 0.0
0.0754151 0.227591 0.0
0.0758489 0.221768 0.0
0.0761371 0.215603 0.0
0.0762992 0.20918 0.0
0.0763553 0.202582 0.0
0.0763257 0.19588 0.0
0.0762303 0.189143 0.0
0.0760882 0.182427 0.0
0.0759172 0.17578 0.0
0.0757333 0.169243 0.0
0.0755507 0.162845 0.0
0.0753809 0.156609 0.0
0.0752335 0.150548 0.0
0.0751155 0.144671 0.0
0.0750316 0.138979 0.0
0.0749844 0.133468 0.0
0.0749749 0.128133 0.0
0.0750021 0.122965 0.0
0.0750642 0.117953 0.0
0.0751581 0.113086 0.0
0.0752802 0.108352 0.0
0.0754266 0.103741 0.0
0.075593 0.0992406 0.0
0.0757751 0.0948411 0.0
0.0759688 0.0905331 0.0
0.0761702 0.0863077 0.0
0.0763754 0.082157 0.0
0.0765809 0.0780734 0.0
0.0767834 0.0740501 0.0
0.0769799 0.0700809 0.0
0.0771674 0.0661598 0.0
0.0773434 0.0622813 0.0
0.0775052 0.0584402 0.0
0.0776505 0.0546316 0.0
0.0777769 0.0508509 0.0
0.0778823 0.0470938 0.0
0.0779645 0.0433562 0.0
0.0780215 0.0396343 0.0
0.0780513 0.0359245 0.0
0.0780519 0.0322234 0.0
0.0780215 0.028528 0.0
0.0779582 0.0248353 0.0
0.0778603 0.0211426 0.0
0.0777263 0.0174475 0.0
0.0775545 0.0137476 0.0
0.0773437 0.0100406 0.0
0.0770926 0.0063244 0.0
0.0768001 0.00259628 0.0
0.0764644 -0.00114758 0.0
0.0760844 -0.00490649 0.0
0.0756594 -0.00868218 0.0
0.0751889 -0.0124767 0.0
0.0746728 -0.0162922 0.0
0.0741106 -0.0201314 0.0
0.0735023 -0.0239968 0.0
0.0728475 -0.0278914 0.0
0.0721463 -0.0318184 0.0
0.0713985 -0.0357815 0.0
0.0706044 -0.0397843 0.0
0.069764 -0.0438311 0.0
0.0688775 -0.0479262 0.0
0.0679452 -0.0520746 0.0
0.0669672 -0.0562814 0.0
0.0659439 -0.0605519 0.0
0.0648756 -0.064892 0.0
0.0637625 -0.0693076 0.0
0.062605 -0.073805 0.0
0.061403 -0.0783906 0.0
0.0601568 -0.0830706 0.0
0.0588664 -0.0878515 0.0
0.0575316 -0.0927394 0.0
0.0561522 -0.0977401 0.0
0.0547277 -0.102859 0.0
0.0532577 -0.108101 0.0
0.0517414 -0.113468 0.0
0.0501779 -0.118965 0.0
0.0485661 -0.124592 0.0
0.046905 -0.130347 0.0
0.0451934 -0.136229 0.0
0.0434299 -0.142234 0.0
0.0416135 -0.148354 0.0
0.0397431 -0.154579 0.0
0.0378177 -0.1609 0.0
0.0358368 -0.1673 0.0
0.0338002 -0.173764 0.0
0.0317081 -0.180273 0.0
0.0295613 -0.186806 0.0
0.0273612 -0.19334 0.0
0.0251097 -0.199855 0.0
0.0228099 -0.206328 0.0
0.0204652 -0.212745 0.0
0.0180798 -0.219102 0.0
0.0156584 -0.225423 0.0
0.0132047 -0.231786 0.0
0.0107184 -0.238398 0.0
0.0081876 -0.245754 0.0
0.00557222 -0.255025 0.0
0.00276734 -0.268874 0.0
-0.00050766 -0.293142 0.0
-0.0042378 -0.335692 0.0
-0.00780257 -0.39421 0.0
-0.0104754 -0.45655 0.0
-0.0116167 -0.50536 0.0
-0.0107165 -0.517869 0.0
-0.00768754 -0.465509 0.0
-0.00345901 -0.318095 0.0
-0.000624849 -0.0715757 0.0
0.000329908 0.00160965 0.0
0.00240287 0.0238146 0.0
0.00703962 0.0571955 0.0
0.0134581 0.0939783 0.0
0.0206696 0.128365 0.0
0.0278948 0.157726 0.0
0.0346607 0.181509 0.0
0.0407478 0.200176 0.0
0.0461086 0.214557 0.0
0.0507934 0.225509 0.0
0.0548939 0.233762 0.0
0.0585063 0.239872 0.0
0.0617122 0.244234 0.0
0.0645727 0.247114 0.0
0.0671292 0.248694 0.0
0.0694085 0.249106 0.0
0.0714282 0.248451 0.0
0.0732006 0.246818 0.0
0.0747362 0.244295 0.0
0.0760451 0.240965 0.0
0.077139 0.236918 0.0
0.0780306 0.232243 0.0
0.0787348 0.227028 0.0
0.079268 0.221364 0.0
0.0796481 0.215338 0.0
0.0798942 0.209036 0.0
0.0800264 0.202537 0.0
0.0800648 0.195916 0.0
0.0800294 0.189238 0.0
0.0799398 0.182563 0.0
0.0798139 0.17594 0.0
0.0796686 0.169412 0.0
0.0795185 0.163009 0.0
0.0793761 0.156757 0.0
0.0792517 0.150672 0.0
0.0791532 0.144764 0.0
0.0790862 0.139036 0.0
0.0790544 0.133489 0.0
0.0790591 0.128117 0.0
0.0791004 0.122913 0.0
0.0791768 0.117867 0.0
0.0792857 0.112969 0.0
0.0794239 0.108209 0.0
0.0795875 0.103575 0.0
0.0797724 0.0990557 0.0
0.0799742 0.094642 0.0
0.0801888 0.0903239 0.0
0.080412 0.0860924 0.0
0.0806398 0.0819393 0.0
0.0808685 0.0778569 0.0
0.0810944 0.0738381 0.0
0.0813144 0.0698764 0.0
0.0815253 0.0659658 0.0
0.0817242 0.0621004 0.0
0.0819083 0.058275 0.0
0.0820751 0.0544846 0.0
0.082222 0.0507244 0.0
0.0823466 0.0469901 0.0
0.0824468 0.0432774 0.0
0.0825203 0.0395825 0.0
0.082565 0.0359017 0.0
0.0825789 0.0322316 0.0
0.0825599 0.028569 0.0
0.0825063 0.024911 0.0
0.0824162 0.0212547 0.0
0.082288 0.0175975 0.0
0.0821202 0.0139371 0.0
0.0819112 0.0102709 0.0
0.0816598 0.0065966 0.0
0.0813647 0.0029117 0.0
0.0810245 -0.000787242 0.0
0.0806381 -0.00450043 0.0
0.0802048 -0.00822987 0.0
0.0797238 -0.0119777 0.0
0.0791949 -0.0157462 0.0
0.0786177 -0.0195381 0.0
0.077992 -0.023356 0.0
0.0773176 -0.027203 0.0
0.0765944 -0.0310824 0.0
0.0758225 -0.0349979 0.0
0.075002 -0.0389532 0.0
0.0741328 -0.0429526 0.0
0.0732154 -0.0470007 0.0
0.0722498 -0.0511022 0.0
0.0712363 -0.0552623 0.0
0.0701752 -0.0594865 0.0
0.0690667 -0.0637805 0.0
0.0679109 -0.0681503 0.0
0.0667081 -0.072602 0.0
0.0654583 -0.0771419 0.0
0.0641616 -0.0817763 0.0
0.0628178 -0.0865115 0.0
0.0614266 -0.0913534 0.0
0.0599876 -0.0963077 0.0
0.0585004 -0.10138 0.0
0.056964 -0.106574 0.0
0.0553776 -0.111893 0.0
0.0537402 -0.11734 0.0
0.0520504 -0.122915 0.0
0.0503069 -0.128619 0.0
0.0485084 -0.134448 0.0
0.0466533 -0.140397 0.0
0.0447404 -0.146461 0.0
0.0427684 -0.15263 0.0
0.0407364 -0.158892 0.0
0.0386435 -0.165234 0.0
0.0364895 -0.17164 0.0
0.0342746 -0.178091 0.0
0.0319996 -0.184567 0.0
0.029666 -0.191046 0.0
0.0272759 -0.197508 0.0
0.0248325 -0.203932 0.0
0.0223397 -0.210303 0.0
0.0198021 -0.216621 0.0
0.0172251 -0.222906 0.0
0.0146134 -0.229238 0.0
0.0119685 -0.235815 0.0
0.00928158 -0.243119 0.0
0.00651789 -0.252281 0.0
0.00358468 -0.26588 0.0
0.000231027 -0.289508 0.0
-0.00357721 -0.331788 0.0
-0.00725305 -0.390873 0.0
-0.0100436 -0.454423 0.0
-0.0113156 -0.505074 0.0
-0.0105433 -0.519828 0.0
-0.00760899 -0.469513 0.0
-0.00341394 -0.322515 0.0
-0.000601887 -0.0728025 0.0
0.000303382 0.000976376 0.0
0.00227014 0.0204081 0.0
0.0067685 0.0514669 0.0
0.0131313 0.0869257 0.0
0.0204125 0.120925 0.0
0.0278197 0.150533 0.0
0.0348454 0.17491 0.0
0.0412327 0.194301 0.0
0.0469024 0.209401 0.0
0.0518825 0.220999 0.0
0.0562527 0.229801 0.0
0.0601056 0.236368 0.0
0.0635247 0.241113 0.0
0.0665758 0.244323 0.0
0.0693055 0.246199 0.0
0.0717453 0.246882 0.0
0.0739159 0.246484 0.0
0.075832 0.245097 0.0
0.077505 0.242808 0.0
0.0789459 0.239703 0.0
0.0801661 0.235867 0.0
0.0811782 0.23139 0.0
0.0819968 0.226358 0.0
0.0826376 0.22086 0.0
0.0831183 0.214982 0.0
0.0834576 0.208807 0.0
0.0836752 0.202417 0.0
0.083791 0.195883 0.0
0.0838251 0.189273 0.0
0.0837969 0.182646 0.0
0.083725 0.176055 0.0
0.0836264 0.169541 0.0
0.0835165 0.16314 0.0
0.0834083 0.156877 0.0
0.0833131 0.150772 0.0
0.0832396 0.144836 0.0
0.0831942 0.139076 0.0
0.0831815 0.133494 0.0
0.0832036 0.128085 0.0
0.0832613 0.122845 0.0
0.0833538 0.117765 0.0
0.083479 0.112837 0.0
0.083634 0.108048 0.0
0.0838152 0.10339 0.0
0.0840187 0.0988517 0.0
0.0842402 0.0944226 0.0
0.0844753 0.0900934 0.0
0.08472 0.0858549 0.0
0.08497 0.0816988 0.0
0.0852214 0.0776172 0.0
0.0854705 0.0736027 0.0
0.0857136 0.0696486 0.0
0.0859475 0.0657487 0.0
0.0861691 0.061897 0.0
0.0863753 0.0580881 0.0
0.0865633 0.0543167 0.0
0.0867306 0.0505781 0.0
0.0868745 0.0468677 0.0
0.0869926 0.0431814 0.0
0.0870827 0.0395149 0.0
0.0871424 0.0358648 0.0
0.0871697 0.0322274 0.0
0.0871625 0.0285994 0.0
0.0871188 0.0249778 0.0
0.0870368 0.0213598 0.0
0.0869149 0.0177425 0.0
0.0867513 0.0141234 0.0
0.0865446 0.0105001 0.0
0.0862935 0.00686991 0.0
0.0859965 0.00323042 0.0
0.0856524 -0.000421733 0.0
0.0852601 -0.00408731 0.0
0.0848189 -0.00776845 0.0
0.0843281 -0.0114674 0.0
0.0837873 -0.0151868 0.0
0.083196 -0.0189291 0.0
0.0825539 -0.0226973 0.0
0.081861 -0.0264944 0.0
0.0811171 -0.030324 0.0
0.0803222 -0.0341896 0.0
0.0794764 -0.0380952 0.0
0.0785797 -0.042045 0.0
0.0776325 -0.0460436 0.0
0.0766348 -0.050096 0.0
0.0755868 -0.0542071 0.0
0.0744888 -0.0583826 0.0
0.0733408 -0.062628 0.0
0.0721431 -0.0669494 0.0
0.0708957 -0.0713527 0.0
0.0695985 -0.0758443 0.0
0.0682515 -0.0804302 0.0
0.0668543 -0.0851166 0.0
0.0654066 -0.0899094 0.0
0.0639077 -0.094814 0.0
0.0623569 -0.0998354 0.0
0.0607533 -0.104978 0.0
0.0590957 -0.110245 0.0
0.0573829 -0.115638 0.0
0.0556133 -0.121158 0.0
0.0537854 -0.126805 0.0
0.0518976 -0.132575 0.0
0.0499483 -0.138465 0.0
0.047936 -0.144468 0.0
0.0458592 -0.150574 0.0
0.0437168 -0.156773 0.0
0.041508 -0.163051 0.0
0.0392326 -0.169393 0.0
0.0368905 -0.17578 0.0
0.0344828 -0.182194 0.0
0.032011 -0.188613 0.0
0.0294774 -0.195017 0.0
0.0268853 -0.201387 0.0
0.0242392 -0.207709 0.0
0.0215442 -0.213982 0.0
0.0188063 -0.22023 0.0
0.0160313 -0.226528 0.0
0.0132225 -0.233071 0.0
0.0103737 -0.240327 0.0
0.00745482 -0.249391 0.0
0.00438339 -0.262766 0.0
0.000945685 -0.28583 0.0
-0.00294425 -0.327767 0.0
-0.00673572 -0.387427 0.0
-0.0096441 -0.452171 0.0
-0.0110449 -0.504654 0.0
-0.0103955 -0.52167 0.0
-0.00754743 -0.473453 0.0
-0.00337378 -0.326943 0.0
-0.000577857 -0.0739822 0.0
0.000276821 0.000396191 0.0
0.00213044 0.017168 0.0
0.00646833 0.0458708 0.0
0.0127422 0.0798852 0.0
0.0200587 0.113367 0.0
0.027619 0.143123 0.0
0.0348838 0.16803 0.0
0.0415597 0.188118 0.0
0.0475348 0.20394 0.0
0.0528134 0.216202 0.0
0.0574603 0.225581 0.0
0.0615623 0.232634 0.0
0.0652035 0.237787 0.0
0.068453 0.241348 0.0
0.0713628 0.243534 0.0
0.0739689 0.244501 0.0
0.0762959 0.244367 0.0
0.078361 0.243232 0.0
0.0801771 0.241183 0.0
0.0817559 0.238307 0.0
0.083109 0.234689 0.0
0.084249 0.230416 0.0
0.0851898 0.225573 0.0
0.085947 0.220247 0.0
0.0865374 0.214523 0.0
0.0869795 0.208485 0.0
0.0872923 0.202209 0.0
0.0874956 0.195771 0.0
0.0876092 0.189237 0.0
0.0876525 0.182667 0.0
0.0876442 0.176114 0.0
0.0876016 0.169623 0.0
0.0875405 0.163229 0.0
0.0874746 0.156961 0.0
0.0874159 0.150841 0.0
0.0873738 0.144882 0.0
0.0873557 0.139094 0.0
0.0873669 0.133478 0.0
0.0874105 0.128035 0.0
0.0874879 0.12276 0.0
0.087599 0.117647 0.0
0.0877423 0.112687 0.0
0.0879155 0.10787 0.0
0.0881152 0.103187 0.0
0.0883377 0.0986284 0.0
0.088579 0.0941831 0.0
0.0888347 0.0898419 0.0
0.0891007 0.0855958 0.0
0.0893726 0.081436 0.0
0.0896463 0.0773547 0.0
0.089918 0.0733444 0.0
0.0901838 0.0693979 0.0
0.0904404 0.0655089 0.0
0.0906842 0.0616713 0.0
0.0909122 0.0578795 0.0
0.0911213 0.054128 0.0
0.0913087 0.050412 0.0
0.0914717 0.0467268 0.0
0.0916077 0.043068 0.0
0.0917143 0.0394315 0.0
0.0917891 0.0358136 0.0
0.0918299 0.0322104 0.0
0.0918346 0.0286188 0.0
0.0918011 0.0250355 0.0
0.0917276 0.0214575 0.0
0.0916122 0.017882 0.0
0.0914533 0.0143063 0.0
0.0912494 0.0107277 0.0
0.090999 0.00714374 0.0
0.0907008 0.00355169 0.0
0.0903534 -5.1535e-05 0.0
0.0899558 -0.00366768 0.0
0.0895074 -0.00729859 0.0
0.0890076 -0.0109467 0.0
0.0884556 -0.0146147 0.0
0.0878512 -0.0183054 0.0
0.0871939 -0.0220217 0.0
0.0864835 -0.0257668 0.0
0.08572 -0.0295442 0.0
0.0849033 -0.0333578 0.0
0.0840335 -0.0372113 0.0
0.0831106 -0.0411093 0.0
0.0821347 -0.0450562 0.0
0.081106 -0.049057 0.0
0.0800246 -0.0531168 0.0
0.0788906 -0.0572409 0.0
0.0777041 -0.0614352 0.0
0.0764652 -0.0657055 0.0
0.0751737 -0.0700577 0.0
0.0738295 -0.074498 0.0
0.0724324 -0.0790323 0.0
0.0709819 -0.0836668 0.0
0.0694774 -0.088407 0.0
0.0679182 -0.0932583 0.0
0.0663032 -0.0982254 0.0
0.0646314 -0.103312 0.0
0.0629013 -0.108522 0.0
0.0611115 -0.113857 0.0
0.0592602 -0.119318 0.0
0.0573457 -0.124903 0.0
0.0553662 -0.13061 0.0
0.0533198 -0.136435 0.0
0.0512048 -0.142371 0.0
0.0490197 -0.148409 0.0
0.0467633 -0.154539 0.0
0.0444346 -0.160748 0.0
0.0420333 -0.16702 0.0
0.0395596 -0.173338 0.0
0.0370143 -0.179683 0.0
0.0343991 -0.186037 0.0
0.0317167 -0.192377 0.0
0.0289707 -0.198688 0.0
0.0261657 -0.204957 0.0
0.0233076 -0.211182 0.0
0.0204032 -0.217388 0.0
0.0174594 -0.223651 0.0
0.014481 -0.230161 0.0
0.0114644 -0.237371 0.0
0.00838382 -0.246347 0.0
0.00516548 -0.259521 0.0
0.00163561 -0.282108 0.0
-0.00234269 -0.323621 0.0
-0.006254 -0.38387 0.0
-0.00928085 -0.449792 0.0
-0.0108092 -0.504103 0.0
-0.0102778 -0.523402 0.0
-0.00750706 -0.477341 0.0
-0.00334097 -0.331395 0.0
-0.00055338 -0.0751135 0.0
0.000250297 -0.000130909 0.0
0.00198502 0.0141068 0.0
0.00614193 0.0404373 0.0
0.0122936 0.0728932 0.0
0.0196092 0.105727 0.0
0.0272905 0.135522 0.0
0.0347706 0.160886 0.0
0.0417203 0.181636 0.0
0.0479948 0.198172 0.0
0.0535725 0.211114 0.0
0.0585018 0.221093 0.0
0.0628612 0.22866 0.0
0.0667331 0.234248 0.0
0.0701895 0.238181 0.0
0.0732868 0.240694 0.0
0.0760658 0.241956 0.0
0.0785551 0.242096 0.0
0.0807746 0.241219 0.0
0.0827396 0.239415 0.0
0.0844624 0.236773 0.0
0.0859552 0.233377 0.0
0.0872304 0.229313 0.0
0.0883017 0.224664 0.0
0.089184 0.219516 0.0
0.0898938 0.213954 0.0
0.0904486 0.208057 0.0
0.0908671 0.201905 0.0
0.0911685 0.19557 0.0
0.0913724 0.18912 0.0
0.091498 0.182615 0.0
0.0915639 0.176109 0.0
0.0915875 0.169647 0.0
0.091585 0.163268 0.0
0.0915706 0.157002 0.0
0.0915568 0.150873 0.0
0.0915538 0.144896 0.0
0.0915698 0.139082 0.0
0.0916109 0.133437 0.0
0.091681 0.127962 0.0
0.0917823 0.122654 0.0
0.0919155 0.117508 0.0
0.0920797 0.112517 0.0
0.0922731 0.107673 0.0
0.0924928 0.102965 0.0
0.0927354 0.0983853 0.0
0.092997 0.0939232 0.0
0.0932736 0.0895695 0.0
0.0935608 0.085315 0.0
0.0938544 0.0811512 0.0
0.0941502 0.0770699 0.0
0.0944441 0.0730635 0.0
0.0947323 0.0691247 0.0
0.095011 0.0652469 0.0
0.0952766 0.0614238 0.0
0.095526 0.0576496 0.0
0.0957558 0.0539189 0.0
0.095963 0.0502264 0.0
0.0961449 0.0465675 0.0
0.0962986 0.0429375 0.0
0.0964216 0.0393323 0.0
0.0965115 0.035748 0.0
0.0965659 0.0321807 0.0
0.0965826 0.0286271 0.0
0.0965594 0.0250837 0.0
0.0964946 0.0215476 0.0
0.0963861 0.0180157 0.0
0.0962323 0.0144852 0.0
0.0960316 0.0109534 0.0
0.0957824 0.00741754 0.0
0.0954835 0.00387492 0.0
0.0951335 0.000322601 0.0
0.0947315 -0.00324223 0.0
0.0942767 -0.00682102 0.0
0.0937686 -0.0104164 0.0
0.0932065 -0.0140311 0.0
0.0925899 -0.017668 0.0
0.0919184 -0.0213303 0.0
0.0911918 -0.0250212 0.0
0.0904099 -0.0287444 0.0
0.0895726 -0.0325037 0.0
0.08868 -0.036303 0.0
0.087732 -0.0401468 0.0
0.0867286 -0.0440396 0.0
0.08567 -0.0479863 0.0
0.0845562 -0.0519922 0.0
0.0833872 -0.0560625 0.0
0.082163 -0.060203 0.0
0.0808835 -0.0644193 0.0
0.0795485 -0.0687174 0.0
0.0781577 -0.0731033 0.0
0.0767106 -0.0775828 0.0
0.0752068 -0.0821619 0.0
0.0736452 -0.0868459 0.0
0.0720251 -0.09164 0.0
0.0703452 -0.0965488 0.0
0.068604 -0.101576 0.0
0.0668001 -0.106725 0.0
0.0649315 -0.111997 0.0
0.0629965 -0.117392 0.0
0.0609931 -0.12291 0.0
0.0589191 -0.128549 0.0
0.0567725 -0.134303 0.0
0.0545516 -0.140167 0.0
0.0522546 -0.146131 0.0
0.0498801 -0.152186 0.0
0.0474272 -0.158319 0.0
0.0448955 -0.164515 0.0
0.0422852 -0.170758 0.0
0.0395973 -0.17703 0.0
0.0368335 -0.183311 0.0
0.0339968 -0.189584 0.0
0.031091 -0.19583 0.0
0.0281213 -0.20204 0.0
0.0250942 -0.208213 0.0
0.0220172 -0.214375 0.0
0.0188984 -0.220601 0.0
0.0157444 -0.227078 0.0
0.0125542 -0.234247 0.0
0.00930596 -0.243142 0.0
0.00593256 -0.256134 0.0
0.00229664 -0.278329 0.0
-0.00177825 -0.319347 0.0
-0.00581033 -0.380201 0.0
-0.00895841 -0.447286 0.0
-0.0106146 -0.503424 0.0
-0.0101969 -0.525029 0.0
-0.00749364 -0.481187 0.0
-0.00331909 -0.335889 0.0
-0.000529515 -0.0761964 0.0
0.000223761 -0.00060495 0.0
0.00183508 0.0112348 0.0
0.00579257 0.0351949 0.0
0.0117892 0.0659873 0.0
0.019066 0.0980409 0.0
0.0268339 0.127759 0.0
0.034502 0.153501 0.0
0.0417072 0.174866 0.0
0.0482718 0.192102 0.0
0.0541469 0.20573 0.0
0.0593623 0.216332 0.0
0.0639861 0.224438 0.0
0.0680974 0.230487 0.0
0.0717693 0.234814 0.0
0.075062 0.237671 0.0
0.0780208 0.239241 0.0
0.0806787 0.239664 0.0
0.0830588 0.239051 0.0
0.0851785 0.237498 0.0
0.0870518 0.235094 0.0
0.0886911 0.231924 0.0
0.0901092 0.228072 0.0
0.0913192 0.223623 0.0
0.0923357 0.218659 0.0
0.0931745 0.213263 0.0
0.0938524 0.207515 0.0
0.0943875 0.201493 0.0
0.0947985 0.19527 0.0
0.0951042 0.188911 0.0
0.0953236 0.182479 0.0
0.0954751 0.176028 0.0
0.0955761 0.169604 0.0
0.0956431 0.163247 0.0
0.0956905 0.15699 0.0
0.0957312 0.150858 0.0
0.0957763 0.144869 0.0
0.0958344 0.139035 0.0
0.0959125 0.133365 0.0
0.0960154 0.127861 0.0
0.096146 0.122523 0.0
0.0963058 0.117347 0.0
0.0964946 0.112326 0.0
0.0967111 0.107454 0.0
0.096953 0.102722 0.0
0.0972174 0.0981214 0.0
0.0975006 0.0936423 0.0
0.0977987 0.0892757 0.0
0.0981075 0.0850127 0.0
0.0984229 0.0808445 0.0
0.0987406 0.0767631 0.0
0.0990566 0.0727604 0.0
0.0993667 0.0688294 0.0
0.0996671 0.064963 0.0
0.0999543 0.0611548 0.0
0.100225 0.0573989 0.0
0.100475 0.0536896 0.0
0.100701 0.0500216 0.0
0.100902 0.04639 0.0
0.101073 0.04279 0.0
0.101212 0.0392174 0.0
0.101317 0.0356681 0.0
0.101385 0.0321382 0.0
0.101414 0.0286241 0.0
0.101401 0.0251224 0.0
0.101345 0.0216298 0.0
0.101244 0.0181432 0.0
0.101095 0.0146598 0.0
0.100898 0.0111766 0.0
0.100651 0.00769079 0.0
0.100352 0.00419958 0.0
0.0999999 0.00069993 0.0
0.0995941 -0.00281173 0.0
0.0991338 -0.0063366 0.0
0.0986184 -0.00987734 0.0
0.0980471 -0.0134368 0.0
0.0974195 -0.017018 0.0
0.0967349 -0.0206243 0.0
0.0959932 -0.024259 0.0
0.0951941 -0.0279257 0.0
0.0943374 -0.0316285 0.0
0.0934231 -0.0353712 0.0
0.0924511 -0.0391585 0.0
0.0914214 -0.0429948 0.0
0.0903339 -0.0468851 0.0
0.0891886 -0.0508344 0.0
0.0879855 -0.0548482 0.0
0.0867243 -0.0589319 0.0
0.0854048 -0.0630914 0.0
0.0840267 -0.0673323 0.0
0.0825895 -0.0716605 0.0
0.0810927 -0.0760818 0.0
0.0795353 -0.0806017 0.0
0.0779163 -0.0852256 0.0
0.0762346 -0.0899584 0.0
0.0744888 -0.0948045 0.0
0.0726771 -0.0997674 0.0
0.0707977 -0.10485 0.0
0.0688486 -0.110054 0.0
0.0668277 -0.115379 0.0
0.0647327 -0.120825 0.0
0.0625613 -0.126389 0.0
0.0603115 -0.132067 0.0
0.057981 -0.137852 0.0
0.0555682 -0.143736 0.0
0.0530715 -0.14971 0.0
0.0504899 -0.155761 0.0
0.047823 -0.161875 0.0
0.0450711 -0.168036 0.0
0.0422351 -0.174228 0.0
0.039317 -0.180432 0.0
0.0363201 -0.18663 0.0
0.0332485 -0.192807 0.0
0.0301079 -0.198953 0.0
0.0269053 -0.20507 0.0
0.0236493 -0.211185 0.0
0.0203492 -0.217372 0.0
0.0170132 -0.223817 0.0
0.0136434 -0.230949 0.0
0.0102224 -0.239771 0.0
0.00669003 -0.252599 0.0
0.00292112 -0.27446 0.0
-0.00126132 -0.314959 0.0
-0.00540503 -0.376413 0.0
-0.00868233 -0.444649 0.0
-0.010469 -0.502619 0.0
-0.0101613 -0.52656 0.0
-0.00751483 -0.485006 0.0
-0.00331318 -0.340447 0.0
-0.000507902 -0.0772338 0.0
0.000198012 -0.00102671 0.0
0.00168311 0.00856018 0.0
0.00542447 0.0301707 0.0
0.0112337 0.0592057 0.0
0.0184328 0.0903465 0.0
0.02625 0.119868 0.0
0.0340755 0.145898 0.0
0.0415144 0.167825 0.0
0.0483562 0.185737 0.0
0.054524 0.200052 0.0
0.0600271 0.211291 0.0
0.0649211 0.219961 0.0
0.0692795 0.226494 0.0
0.0731754 0.231239 0.0
0.0766716 0.234458 0.0
0.0798178 0.236349 0.0
0.082651 0.237065 0.0
0.085198 0.236723 0.0
0.0874788 0.235426 0.0
0.0895089 0.233264 0.0
0.0913019 0.230323 0.0
0.0928704 0.226687 0.0
0.0942277 0.22244 0.0
0.0953877 0.217664 0.0
0.0963656 0.212441 0.0
0.0971774 0.206848 0.0
0.0978404 0.200963 0.0
0.0983726 0.194857 0.0
0.0987923 0.188598 0.0
0.0991178 0.182247 0.0
0.0993673 0.175859 0.0
0.099558 0.169481 0.0
0.0997063 0.163155 0.0
0.0998269 0.156915 0.0
0.0999331 0.150787 0.0
0.100036 0.144792 0.0
0.100146 0.138944 0.0
0.100269 0.133254 0.0
0.100413 0.127726 0.0
0.100579 0.122361 0.0
0.100771 0.117157 0.0
0.100989 0.112109 0.0
0.101233 0.107211 0.0
0.1015 0.102456 0.0
0.101789 0.0978348 0.0
0.102096 0.0933391 0.0
0.102417 0.0889598 0.0
0.102748 0.0846883 0.0
0.103086 0.0805158 0.0
0.103426 0.0764341 0.0
0.103763 0.0724354 0.0
0.104095 0.0685123 0.0
0.104417 0.0646576 0.0
0.104726 0.0608648 0.0
0.105016 0.0571278 0.0
0.105286 0.0534406 0.0
0.105532 0.0497979 0.0
0.105751 0.0461946 0.0
0.105939 0.0426258 0.0
0.106095 0.039087 0.0
0.106214 0.035574 0.0
0.106295 0.0320829 0.0
0.106336 0.0286098 0.0
0.106334 0.0251512 0.0
0.106287 0.0217038 0.0
0.106193 0.0182643 0.0
0.106051 0.0148296 0.0
0.105858 0.0113968 0.0
0.105613 0.0079629 0.0
0.105314 0.0045251 0.0
0.104961 0.00108006 0.0
0.104552 -0.00237701 0.0
0.104087 -0.00584635 0.0
0.103565 -0.00933067 0.0
0.102986 -0.012833 0.0
0.102348 -0.0163566 0.0
0.101652 -0.0199048 0.0
0.100896 -0.0234811 0.0
0.100081 -0.0270893 0.0
0.0992057 -0.0307333 0.0
0.0982708 -0.0344172 0.0
0.0972758 -0.0381456 0.0
0.0962207 -0.0419229 0.0
0.0951052 -0.0457541 0.0
0.0939293 -0.0496442 0.0
0.0926927 -0.0535986 0.0
0.0913951 -0.0576227 0.0
0.0900361 -0.0617222 0.0
0.0886153 -0.0659026 0.0
0.087132 -0.0701697 0.0
0.0855852 -0.074529 0.0
0.083974 -0.0789859 0.0
0.0822971 -0.0835456 0.0
0.0805531 -0.0882127 0.0
0.0787402 -0.0929914 0.0
0.0768565 -0.0978851 0.0
0.0748999 -0.102896 0.0
0.0728682 -0.108026 0.0
0.070759 -0.113276 0.0
0.0685697 -0.118644 0.0
0.066298 -0.124127 0.0
0.0639414 -0.129722 0.0
0.0614977 -0.135422 0.0
0.058965 -0.14122 0.0
0.0563417 -0.147106 0.0
0.0536267 -0.153068 0.0
0.0508195 -0.159094 0.0
0.0479205 -0.165167 0.0
0.0449309 -0.171272 0.0
0.0418527 -0.177391 0.0
0.0386894 -0.183509 0.0
0.0354456 -0.189612 0.0
0.0321274 -0.19569 0.0
0.0287427 -0.201747 0.0
0.0253008 -0.207811 0.0
0.0218124 -0.213958 0.0
0.0182876 -0.220371 0.0
0.0147314 -0.227469 0.0
0.0111306 -0.236229 0.0
0.00743114 -0.248909 0.0
0.00351445 -0.270464 0.0
-0.000786759 -0.310471 0.0
-0.00504744 -0.372496 0.0
-0.00846165 -0.441874 0.0
-0.0103828 -0.501686 0.0
-0.010182 -0.528002 0.0
-0.00758062 -0.488812 0.0
-0.00333016 -0.345092 0.0
-0.00049094 -0.0782326 0.0
0.000173276 -0.00139798 0.0
0.00153103 0.00608863 0.0
0.0050423 0.0253896 0.0
0.0106332 0.0525867 0.0
0.0177145 0.0826851 0.0
0.0255414 0.111886 0.0
0.0334904 0.138106 0.0
0.0411375 0.160531 0.0
0.0482398 0.179087 0.0
0.0546922 0.194082 0.0
0.0604818 0.205969 0.0
0.0656498 0.215221 0.0
0.0702621 0.222263 0.0
0.0743899 0.227446 0.0
0.0780979 0.231046 0.0
0.0814391 0.233274 0.0
0.0844548 0.234292 0.0
0.0871755 0.234228 0.0
0.089624 0.233191 0.0
0.0918178 0.231274 0.0
0.0937716 0.228565 0.0
0.0954985 0.225149 0.0
0.0970117 0.221108 0.0
0.0983246 0.216524 0.0
0.0994518 0.211476 0.0
0.100409 0.206044 0.0
0.101211 0.200301 0.0
0.101877 0.194321 0.0
0.102423 0.188169 0.0
0.102868 0.181906 0.0
0.103229 0.175589 0.0
0.103522 0.169266 0.0
0.103765 0.162979 0.0
0.103971 0.156764 0.0
0.104155 0.150648 0.0
0.104327 0.144655 0.0
0.104499 0.1388 0.0
0.104678 0.133096 0.0
0.10487 0.127549 0.0
0.105081 0.122161 0.0
0.105312 0.116933 0.0
0.105566 0.111861 0.0
0.105841 0.10694 0.0
0.106138 0.102163 0.0
0.106455 0.0975229 0.0
0.106787 0.0930116 0.0
0.107133 0.0886204 0.0
0.107489 0.0843408 0.0
0.10785 0.0801643 0.0
0.108213 0.0760828 0.0
0.108573 0.0720884 0.0
0.108927 0.0681735 0.0
0.10927 0.0643309 0.0
0.1096 0.0605541 0.0
0.109911 0.0568365 0.0
0.1102 0.0531722 0.0
0.110465 0.0495557 0.0
0.110701 0.0459816 0.0
0.110907 0.042445 0.0
0.111078 0.0389412 0.0
0.111212 0.0354659 0.0
0.111307 0.0320149 0.0
0.11136 0.0285842 0.0
0.111368 0.0251702 0.0
0.11133 0.0217695 0.0
0.111244 0.0183785 0.0
0.111108 0.0149942 0.0
0.110919 0.0116134 0.0
0.110677 0.00823324 0.0
0.11038 0.00485075 0.0
0.110025 0.00146274 0.0
0.109614 -0.00193931 0.0
0.109146 -0.00535145 0.0
0.108619 -0.00877742 0.0
0.108033 -0.0122207 0.0
0.107386 -0.0156846 0.0
0.106678 -0.0191726 0.0
0.105909 -0.0226885 0.0
0.105079 -0.026236 0.0
0.104186 -0.029819 0.0
0.103231 -0.0334418 0.0
0.102214 -0.0371088 0.0
0.101134 -0.0408247 0.0
0.0999916 -0.0445942 0.0
0.0987857 -0.0484224 0.0
0.0975163 -0.0523145 0.0
0.0961829 -0.0562759 0.0
0.0947848 -0.0603121 0.0
0.0933215 -0.0644285 0.0
0.0917919 -0.0686308 0.0
0.0901951 -0.0729242 0.0
0.0885296 -0.077314 0.0
0.086794 -0.0818051 0.0
0.0849866 -0.0864018 0.0
0.0831054 -0.0911082 0.0
0.0811481 -0.0959274 0.0
0.0791125 -0.100862 0.0
0.0769959 -0.105913 0.0
0.0747958 -0.11108 0.0
0.0725093 -0.116364 0.0
0.0701339 -0.12176 0.0
0.067667 -0.127265 0.0
0.0651061 -0.132874 0.0
0.0624493 -0.138579 0.0
0.0596947 -0.14437 0.0
0.0568413 -0.150236 0.0
0.0538887 -0.156166 0.0
0.0508372 -0.162144 0.0
0.047688 -0.168156 0.0
0.0444435 -0.174185 0.0
0.0411074 -0.180217 0.0
0.0376846 -0.186238 0.0
0.034182 -0.192242 0.0
0.030608 -0.198235 0.0
0.026973 -0.204245 0.0
0.0232888 -0.210351 0.0
0.0195678 -0.216732 0.0
0.0158174 -0.223801 0.0
0.0120288 -0.232508 0.0
0.00815335 -0.245055 0.0
0.00407752 -0.266325 0.0
-0.000354666 -0.305877 0.0
-0.0047441 -0.368441 0.0
-0.00830613 -0.438953 0.0
-0.010368 -0.500624 0.0
-0.0102725 -0.52936 0.0
-0.00770373 -0.492624 0.0
-0.00337921 -0.349856 0.0
-0.000481979 -0.0792055 0.0
0.000149643 -0.00172088 0.0
0.00138079 0.00382266 0.0
0.00465118 0.020874 0.0
0.00999438 0.0461683 0.0
0.0169176 0.0750989 0.0
0.0247124 0.10385 0.0
0.0327478 0.130157 0.0
0.0405736 0.153007 0.0
0.0479161 0.172166 0.0
0.0546412 0.187826 0.0
0.0607129 0.200364 0.0
0.0661561 0.210215 0.0
0.0710275 0.217786 0.0
0.0753944 0.223429 0.0
0.079322 0.227428 0.0
0.0828662 0.230006 0.0
0.0860719 0.231338 0.0
0.0889733 0.23156 0.0
0.0915964 0.230788 0.0
0.093961 0.229119 0.0
0.096083 0.226645 0.0
0.0979763 0.22345 0.0
0.0996541 0.219617 0.0
0.10113 0.215227 0.0
0.102417 0.210359 0.0
0.10353 0.205091 0.0
0.104484 0.199497 0.0
0.105296 0.193647 0.0
0.105982 0.187609 0.0
0.10656 0.181443 0.0
0.107046 0.175206 0.0
0.107456 0.168946 0.0
0.107806 0.162707 0.0
0.108112 0.156524 0.0
0.108386 0.150429 0.0
0.108641 0.144446 0.0
0.108887 0.138592 0.0
0.109132 0.13288 0.0
0.109384 0.12732 0.0
0.109647 0.121916 0.0
0.109926 0.116668 0.0
0.110223 0.111576 0.0
0.110537 0.106635 0.0
0.110869 0.101839 0.0
0.111218 0.0971821 0.0
0.11158 0.0926569 0.0
0.111954 0.0882551 0.0
0.112336 0.0839685 0.0
0.112723 0.0797889 0.0
0.11311 0.0757083 0.0
0.113494 0.0717187 0.0
0.11387 0.0678127 0.0
0.114235 0.0639829 0.0
0.114586 0.0602226 0.0
0.114917 0.0565252 0.0
0.115226 0.0528847 0.0
0.11551 0.0492952 0.0
0.115764 0.0457514 0.0
0.115986 0.042248 0.0
0.116172 0.0387804 0.0
0.116321 0.0353438 0.0
0.116429 0.0319342 0.0
0.116494 0.0285473 0.0
0.116513 0.0251794 0.0
0.116484 0.0218267 0.0
0.116406 0.0184858 0.0
0.116276 0.0151534 0.0
0.116092 0.0118261 0.0
0.115854 0.00850098 0.0
0.115559 0.00517495 0.0
0.115208 0.00184468 0.0
0.114797 -0.00149909 0.0
0.114325 -0.00485189 0.0
0.113792 -0.00821766 0.0
0.113198 -0.0116 0.0
0.112542 -0.0150024 0.0
0.111823 -0.0184285 0.0
0.111041 -0.0218819 0.0
0.110196 -0.0253666 0.0
0.109286 -0.0288865 0.0
0.108313 -0.0324459 0.0
0.107274 -0.0360491 0.0
0.10617 -0.0397009 0.0
0.105001 -0.043406 0.0
0.103766 -0.0471694 0.0
0.102464 -0.0509963 0.0
0.101095 -0.0548918 0.0
0.0996583 -0.0588613 0.0
0.0981524 -0.0629102 0.0
0.0965765 -0.0670437 0.0
0.0949291 -0.0712671 0.0
0.0932087 -0.0755853 0.0
0.0914135 -0.080003 0.0
0.0895415 -0.0845245 0.0
0.0875904 -0.0891533 0.0
0.0855577 -0.0938925 0.0
0.0834408 -0.0987442 0.0
0.0812369 -0.10371 0.0
0.078943 -0.108789 0.0
0.0765563 -0.113982 0.0
0.0740737 -0.119284 0.0
0.0714927 -0.124693 0.0
0.0688105 -0.130203 0.0
0.066025 -0.135807 0.0
0.0631345 -0.141496 0.0
0.0601377 -0.14726 0.0
0.0570342 -0.153086 0.0
0.0538243 -0.158962 0.0
0.0505095 -0.164873 0.0
0.0470923 -0.170805 0.0
0.0435767 -0.176744 0.0
0.0399681 -0.182679 0.0
0.0362738 -0.188605 0.0
0.0325031 -0.194528 0.0
0.0286672 -0.200481 0.0
0.0247795 -0.206543 0.0
0.020854 -0.212893 0.0
0.0169012 -0.219936 0.0
0.0129164 -0.228599 0.0
0.00885551 -0.241028 0.0
0.00460953 -0.262031 0.0
3.27649e-05 -0.301162 0.0
-0.00450126 -0.364232 0.0
-0.00822637 -0.435875 0.0
-0.0104391 -0.499427 0.0
-0.010449 -0.530642 0.0
-0.0078999 -0.49646 0.0
-0.0034722 -0.354772 0.0
-0.00048553 -0.080173 0.0
0.0001268 -0.00199731 0.0
0.00123394 0.00176083 0.0
0.00425642 0.016643 0.0
0.00932482 0.0399877 0.0
0.0160496 0.0676315 0.0
0.0237688 0.0958037 0.0
0.0318507 0.122087 0.0
0.0398221 0.14528 0.0
0.0473801 0.164993 0.0
0.054362 0.181293 0.0
0.0607078 0.19448 0.0
0.0664247 0.204939 0.0
0.0715581 0.213057 0.0
0.07617 0.219179 0.0
0.0803244 0.223596 0.0
0.0840792 0.22654 0.0
0.0874825 0.228195 0.0
0.0905721 0.228711 0.0
0.093377 0.228209 0.0
0.0959197 0.226791 0.0
0.0982176 0.224553 0.0
0.100286 0.22158 0.0
0.102137 0.217957 0.0
0.103785 0.213763 0.0
0.105243 0.209078 0.0
0.106523 0.203978 0.0
0.107642 0.198537 0.0
0.108613 0.192824 0.0
0.109453 0.186906 0.0
0.110178 0.180844 0.0
0.110803 0.174694 0.0
0.111345 0.168506 0.0
0.111818 0.162323 0.0
0.112238 0.156183 0.0
0.112617 0.150117 0.0
0.112967 0.144152 0.0
0.1133 0.138307 0.0
0.113624 0.132596 0.0
0.113947 0.12703 0.0
0.114275 0.121615 0.0
0.114611 0.116354 0.0
0.114959 0.111246 0.0
0.11532 0.106289 0.0
0.115694 0.101478 0.0
0.11608 0.0968077 0.0
0.116478 0.092271 0.0
0.116884 0.0878607 0.0
0.117296 0.0835688 0.0
0.117711 0.0793876 0.0
0.118124 0.075309 0.0
0.118533 0.0713254 0.0
0.118933 0.0674292 0.0
0.119321 0.0636131 0.0
0.119693 0.0598702 0.0
0.120045 0.0561939 0.0
0.120374 0.052578 0.0
0.120676 0.0490166 0.0
0.120948 0.045504 0.0
0.121186 0.0420349 0.0
0.121389 0.0386045 0.0
0.121551 0.035208 0.0
0.121673 0.0318409 0.0
0.121749 0.0284991 0.0
0.121779 0.0251785 0.0
0.12176 0.0218754 0.0
0.121689 0.0185859 0.0
0.121566 0.0153068 0.0
0.121387 0.0120345 0.0
0.121153 0.00876565 0.0
0.12086 0.00549706 0.0
0.120509 0.00222493 0.0
0.120098 -0.00105695 0.0
0.119624 -0.00434818 0.0
0.119087 -0.00765192 0.0
0.118487 -0.0109716 0.0
0.117823 -0.0143107 0.0
0.117094 -0.0176729 0.0
0.116301 -0.0210619 0.0
0.115441 -0.0244817 0.0
0.114516 -0.0279363 0.0
0.113523 -0.03143 0.0
0.112464 -0.0349671 0.0
0.111337 -0.0385523 0.0
0.110142 -0.0421903 0.0
0.108878 -0.0458859 0.0
0.107544 -0.0496443 0.0
0.10614 -0.0534705 0.0
0.104664 -0.0573698 0.0
0.103115 -0.0613472 0.0
0.101493 -0.0654079 0.0
0.099794 -0.0695569 0.0
0.0980177 -0.0737989 0.0
0.0961617 -0.0781383 0.0
0.0942235 -0.0825791 0.0
0.0922008 -0.0871248 0.0
0.0900906 -0.0917781 0.0
0.08789 -0.0965412 0.0
0.085596 -0.101415 0.0
0.0832054 -0.1064 0.0
0.0807151 -0.111494 0.0
0.0781218 -0.116696 0.0
0.0754226 -0.122001 0.0
0.0726149 -0.127405 0.0
0.0696963 -0.132901 0.0
0.0666648 -0.13848 0.0
0.0635193 -0.144133 0.0
0.0602593 -0.149849 0.0
0.0568852 -0.155615 0.0
0.0533986 -0.161419 0.0
0.0498022 -0.167246 0.0
0.0461003 -0.173086 0.0
0.0422986 -0.178927 0.0
0.0384052 -0.184768 0.0
0.0344299 -0.190618 0.0
0.0303851 -0.196511 0.0
0.0262856 -0.202527 0.0
0.0221473 -0.208846 0.0
0.0179834 -0.215867 0.0
0.0137931 -0.224493 0.0
0.00953719 -0.236817 0.0
0.00510939 -0.257568 0.0
0.000372829 -0.296312 0.0
-0.00432533 -0.35985 0.0
-0.00823393 -0.432623 0.0
-0.0106122 -0.498088 0.0
-0.0107309 -0.531852 0.0
-0.00818827 -0.500341 0.0
-0.00362411 -0.359883 0.0
-0.000507495 -0.081166 0.0
0.000104744 -0.00222883 0.0
0.00109117 -0.000101177 0.0
0.00386123 0.0127125 0.0
0.00863113 0.0340799 0.0
0.0151189 0.0603267 0.0
0.0227183 0.0877898 0.0
0.030804 0.113933 0.0
0.0388844 0.137382 0.0
0.0466291 0.157588 0.0
0.0538476 0.174497 0.0
0.0604554 0.188322 0.0
0.0664409 0.199394 0.0
0.0718366 0.208072 0.0
0.0766973 0.214691 0.0
0.0810847 0.219542 0.0
0.0850573 0.222866 0.0
0.0886657 0.224858 0.0
0.091951 0.225674 0.0
0.0949454 0.225446 0.0
0.0976738 0.224283 0.0
0.100156 0.222282 0.0
0.102407 0.219532 0.0
0.104441 0.216119 0.0
0.106272 0.212123 0.0
0.107911 0.207622 0.0
0.109371 0.202693 0.0
0.110667 0.197408 0.0
0.111811 0.191837 0.0
0.112819 0.186045 0.0
0.113705 0.180094 0.0
0.114485 0.174039 0.0
0.115173 0.167931 0.0
0.115785 0.161813 0.0
0.116334 0.155724 0.0
0.116833 0.149698 0.0
0.117294 0.14376 0.0
0.117729 0.137932 0.0
0.118145 0.13223 0.0
0.118552 0.126666 0.0
0.118956 0.121248 0.0
0.11936 0.11598 0.0
0.11977 0.110863 0.0
0.120186 0.105895 0.0
0.12061 0.101074 0.0
0.121042 0.0963935 0.0
0.121481 0.0918488 0.0
0.121925 0.0874328 0.0
0.122371 0.0831382 0.0
0.122818 0.0789574 0.0
0.123261 0.0748827 0.0
0.123697 0.0709066 0.0
0.124123 0.0670216 0.0
0.124536 0.0632204 0.0
0.12493 0.0594961 0.0
0.125304 0.0558421 0.0
0.125653 0.0522519 0.0
0.125974 0.0487195 0.0
0.126264 0.0452393 0.0
0.126519 0.0418057 0.0
0.126737 0.0384137 0.0
0.126915 0.0350584 0.0
0.127049 0.0317352 0.0
0.127137 0.0284397 0.0
0.127178 0.0251677 0.0
0.127168 0.0219154 0.0
0.127105 0.0186788 0.0
0.126988 0.0154543 0.0
0.126815 0.0122383 0.0
0.126585 0.00902725 0.0
0.126295 0.00581767 0.0
0.125944 0.00260575 0.0
0.125531 -0.000613544 0.0
0.125055 -0.00384154 0.0
0.124515 -0.00708142 0.0
0.123909 -0.0103366 0.0
0.123238 -0.0136105 0.0
0.1225 -0.0169069 0.0
0.121696 -0.0202295 0.0
0.120823 -0.0235823 0.0
0.119882 -0.0269694 0.0
0.118872 -0.030395 0.0
0.117793 -0.0338634 0.0
0.116643 -0.0373793 0.0
0.115422 -0.0409473 0.0
0.11413 -0.0445721 0.0
0.112764 -0.0482587 0.0
0.111324 -0.0520122 0.0
0.109809 -0.0558373 0.0
0.108217 -0.0597392 0.0
0.106547 -0.0637228 0.0
0.104796 -0.0677927 0.0
0.102963 -0.0719534 0.0
0.101044 -0.0762093 0.0
0.0990382 -0.0805639 0.0
0.0969417 -0.0850206 0.0
0.0947516 -0.089582 0.0
0.0924648 -0.0942499 0.0
0.0900778 -0.0990253 0.0
0.0875873 -0.103908 0.0
0.0849898 -0.108898 0.0
0.082282 -0.113991 0.0
0.0794606 -0.119186 0.0
0.076523 -0.124476 0.0
0.0734664 -0.129855 0.0
0.070289 -0.135317 0.0
0.0669895 -0.140852 0.0
0.0635674 -0.146449 0.0
0.0600231 -0.152097 0.0
0.0563584 -0.157785 0.0
0.0525761 -0.163501 0.0
0.0486808 -0.169234 0.0
0.0446788 -0.174976 0.0
0.0405785 -0.180726 0.0
0.0363908 -0.186497 0.0
0.0321289 -0.192325 0.0
0.0278091 -0.198293 0.0
0.0234491 -0.204582 0.0
0.019065 -0.211584 0.0
0.0146599 -0.220181 0.0
0.010199 -0.232412 0.0
0.00557796 -0.252924 0.0
0.000663405 -0.291304 0.0
-0.00422376 -0.355272 0.0
-0.00834122 -0.429175 0.0
-0.0109052 -0.496594 0.0
-0.0111401 -0.532993 0.0
-0.00859158 -0.504292 0.0
-0.00385345 -0.365234 0.0
-0.000555378 -0.0822289 0.0
8.77307e-05 -0.00242129 0.0
0.000950909 -0.00175829 0.0
0.00346031 0.00909018 0.0
0.00791806 0.0284746 0.0
0.0141348 0.0532275 0.0
0.0215703 0.0798542 0.0
0.0296151 0.105738 0.0
0.0377642 0.129348 0.0
0.0456627 0.149979 0.0
0.0530931 0.167456 0.0
0.0599465 0.181901 0.0
0.0661914 0.193585 0.0
0.0718463 0.202831 0.0
0.0769575 0.20996 0.0
0.0815823 0.215261 0.0
0.0857789 0.218978 0.0
0.0895995 0.221316 0.0
0.093088 0.222442 0.0
0.0962797 0.222493 0.0
0.0992019 0.221586 0.0
0.101876 0.219823 0.0
0.10432 0.217296 0.0
0.106546 0.214093 0.0
0.10857 0.210295 0.0
0.110401 0.205979 0.0
0.112054 0.201223 0.0
0.113539 0.196097 0.0
0.11487 0.190672 0.0
0.11606 0.185012 0.0
0.117123 0.179178 0.0
0.118073 0.173226 0.0
0.118924 0.167205 0.0
0.11969 0.161161 0.0
0.120385 0.155133 0.0
0.12102 0.149155 0.0
0.121608 0.143253 0.0
0.122159 0.137452 0.0
0.122683 0.131769 0.0
0.123188 0.126216 0.0
0.123681 0.120803 0.0
0.124167 0.115535 0.0
0.124649 0.110415 0.0
0.125132 0.105443 0.0
0.125616 0.100617 0.0
0.126102 0.0959321 0.0
0.126589 0.0913838 0.0
0.127077 0.0869659 0.0
0.127564 0.0826718 0.0
0.128047 0.0784942 0.0
0.128524 0.0744259 0.0
0.128992 0.0704595 0.0
0.129446 0.0665876 0.0
0.129885 0.0628031 0.0
0.130305 0.059099 0.0
0.130702 0.0554686 0.0
0.131073 0.0519055 0.0
0.131414 0.0484036 0.0
0.131722 0.0449569 0.0
0.131995 0.0415601 0.0
0.132229 0.0382077 0.0
0.132421 0.0348948 0.0
0.132568 0.0316167 0.0
0.132669 0.0283688 0.0
0.13272 0.0251468 0.0
0.13272 0.0219466 0.0
0.132666 0.0187641 0.0
0.132556 0.0155957 0.0
0.132388 0.0124374 0.0
0.132161 0.00928569 0.0
0.131874 0.0061368 0.0
0.131524 0.00298692 0.0
0.13111 -0.000168513 0.0
0.130632 -0.003332 0.0
0.130088 -0.0065065 0.0
0.129477 -0.00969543 0.0
0.128799 -0.0129024 0.0
0.128053 -0.016131 0.0
0.127237 -0.0193853 0.0
0.126352 -0.022669 0.0
0.125396 -0.0259862 0.0
0.124369 -0.0293413 0.0
0.12327 -0.0327384 0.0
0.122097 -0.0361822 0.0
0.120851 -0.0396771 0.0
0.11953 -0.0432279 0.0
0.118132 -0.0468393 0.0
0.116656 -0.0505162 0.0
0.115101 -0.0542633 0.0
0.113465 -0.0580854 0.0
0.111746 -0.0619871 0.0
0.109941 -0.0659731 0.0
0.108049 -0.0700474 0.0
0.106066 -0.0742142 0.0
0.10399 -0.0784769 0.0
0.101818 -0.0828385 0.0
0.0995451 -0.0873015 0.0
0.0971691 -0.0918676 0.0
0.094686 -0.0965376 0.0
0.0920922 -0.101312 0.0
0.0893839 -0.106189 0.0
0.0865576 -0.111166 0.0
0.0836099 -0.116242 0.0
0.0805378 -0.12141 0.0
0.0773386 -0.126665 0.0
0.0740103 -0.132001 0.0
0.0705514 -0.137409 0.0
0.0669615 -0.142879 0.0
0.063241 -0.148402 0.0
0.0593918 -0.153967 0.0
0.0554169 -0.159563 0.0
0.0513213 -0.165181 0.0
0.0471115 -0.170817 0.0
0.0427967 -0.17647 0.0
0.0383884 -0.182157 0.0
0.033901 -0.187916 0.0
0.0293521 -0.193833 0.0
0.0247615 -0.200091 0.0
0.0201479 -0.207077 0.0
0.0155182 -0.215653 0.0
0.0108421 -0.227803 0.0
0.00601569 -0.248086 0.0
0.000903238 -0.286116 0.0
-0.00420204 -0.350468 0.0
-0.00856037 -0.425503 0.0
-0.0113374 -0.494925 0.0
-0.0117014 -0.534063 0.0
-0.00913619 -0.508335 0.0
-0.00418248 -0.370883 0.0
-0.000638469 -0.0834228 0.0
6.92256e-05 -0.00257823 0.0
0.00081447 -0.00320974 0.0
0.00306764 0.00577909 0.0
0.00719802 0.0231976 0.0
0.01311 0.0463759 0.0
0.0203367 0.0720437 0.0
0.0282936 0.0975468 0.0
0.0364679 0.121215 0.0
0.0444829 0.142198 0.0
0.0520957 0.160194 0.0
0.0591735 0.175232 0.0
0.0656644 0.187518 0.0
0.0715717 0.197336 0.0
0.0769316 0.204985 0.0
0.0817961 0.210747 0.0
0.0862216 0.21487 0.0
0.0902609 0.217565 0.0
0.09396 0.219006 0.0
0.0973567 0.21934 0.0
0.100481 0.218691 0.0
0.103356 0.217167 0.0
0.106001 0.214864 0.0
0.108431 0.21187 0.0
0.110657 0.208268 0.0
0.112693 0.204138 0.0
0.11455 0.199555 0.0
0.116238 0.194592 0.0
0.11777 0.189315 0.0
0.119157 0.183792 0.0
0.120412 0.17808 0.0
0.121549 0.172237 0.0
0.122579 0.166312 0.0
0.123516 0.160351 0.0
0.124373 0.154393 0.0
0.125161 0.148472 0.0
0.125892 0.142617 0.0
0.126577 0.136853 0.0
0.127224 0.131197 0.0
0.127843 0.125664 0.0
0.128439 0.120265 0.0
0.12902 0.115007 0.0
0.129588 0.109892 0.0
0.130149 0.104923 0.0
0.130704 0.100098 0.0
0.131254 0.0954148 0.0
0.131799 0.0908682 0.0
0.132339 0.0864531 0.0
0.132874 0.0821636 0.0
0.1334 0.077993 0.0
0.133916 0.0739343 0.0
0.134419 0.0699804 0.0
0.134907 0.0661241 0.0
0.135376 0.0623585 0.0
0.135823 0.0586766 0.0
0.136245 0.0550718 0.0
0.136639 0.0515375 0.0
0.137002 0.0480675 0.0
0.137331 0.044656 0.0
0.137622 0.0412973 0.0
0.137872 0.037986 0.0
0.13808 0.0347169 0.0
0.138241 0.0314853 0.0
0.138355 0.0282863 0.0
0.138417 0.0251155 0.0
0.138426 0.0219688 0.0
0.138381 0.0188418 0.0
0.138278 0.0157308 0.0
0.138116 0.0126317 0.0
0.137893 0.0095408 0.0
0.137608 0.00645423 0.0
0.137259 0.00336809 0.0
0.136845 0.000278115 0.0
0.136364 -0.00281957 0.0
0.135817 -0.00592726 0.0
0.135201 -0.00904841 0.0
0.134516 -0.0121866 0.0
0.133761 -0.0153457 0.0
0.132936 -0.0185295 0.0
0.132038 -0.0217419 0.0
0.131067 -0.024987 0.0
0.130023 -0.028269 0.0
0.128903 -0.0315921 0.0
0.127708 -0.0349609 0.0
0.126436 -0.0383796 0.0
0.125085 -0.0418529 0.0
0.123654 -0.0453855 0.0
0.122141 -0.0489818 0.0
0.120545 -0.0526466 0.0
0.118863 -0.0563843 0.0
0.117094 -0.0601995 0.0
0.115234 -0.0640964 0.0
0.113281 -0.0680789 0.0
0.111232 -0.0721509 0.0
0.109083 -0.0763156 0.0
0.106832 -0.0805758 0.0
0.104474 -0.0849338 0.0
0.102006 -0.0893911 0.0
0.0994236 -0.0939486 0.0
0.0967229 -0.0986062 0.0
0.0939001 -0.103363 0.0
0.0909514 -0.108217 0.0
0.0878732 -0.113165 0.0
0.0846621 -0.118203 0.0
0.0813155 -0.123326 0.0
0.0778312 -0.128528 0.0
0.0742076 -0.1338 0.0
0.0704443 -0.139135 0.0
0.0665417 -0.144523 0.0
0.0625018 -0.149956 0.0
0.0583277 -0.155424 0.0
0.0540246 -0.160921 0.0
0.0495998 -0.166442 0.0
0.0450627 -0.171993 0.0
0.0404257 -0.17759 0.0
0.0357045 -0.183275 0.0
0.0309178 -0.189139 0.0
0.0260875 -0.195364 0.0
0.0212349 -0.202337 0.0
0.0163708 -0.210899 0.0
0.011469 -0.222979 0.0
0.00642472 -0.243039 0.0
0.00109286 -0.280718 0.0
-0.00426413 -0.345403 0.0
-0.00890256 -0.421571 0.0
-0.0119282 -0.493054 0.0
-0.0124413 -0.535057 0.0
-0.00985183 -0.512497 0.0
-0.00463733 -0.37689 0.0
-0.000767943 -0.0848292 0.0
5.04858e-05 -0.00269793 0.0
0.000682453 -0.00446723 0.0
0.00268766 0.00277823 0.0
0.00648269 0.0182731 0.0
0.0120578 0.0398134 0.0
0.0190308 0.0644065 0.0
0.0268512 0.0894067 0.0
0.0350041 0.113028 0.0
0.0430943 0.13428 0.0
0.0508555 0.152738 0.0
0.0581312 0.168335 0.0
0.0648497 0.181206 0.0
0.0709982 0.191592 0.0
0.0766016 0.199765 0.0
0.0817054 0.205998 0.0
0.0863626 0.210536 0.0
0.0906259 0.213596 0.0
0.0945424 0.215359 0.0
0.0981521 0.215981 0.0
0.101487 0.215592 0.0
0.104573 0.214306 0.0
0.107429 0.212224 0.0
0.110071 0.209438 0.0
0.112512 0.206032 0.0
0.114764 0.202087 0.0
0.116838 0.197677 0.0
0.118743 0.192877 0.0
0.120489 0.187752 0.0
0.122089 0.182368 0.0
0.123552 0.176785 0.0
0.124891 0.171057 0.0
0.126118 0.165235 0.0
0.127243 0.159365 0.0
0.12828 0.153485 0.0
0.129238 0.147632 0.0
0.13013 0.141834 0.0
0.130965 0.136116 0.0
0.131752 0.130498 0.0
0.1325 0.124996 0.0
0.133216 0.119621 0.0
0.133906 0.114381 0.0
0.134575 0.109281 0.0
0.135227 0.104323 0.0
0.135865 0.0995068 0.0
0.13649 0.0948313 0.0
0.137104 0.0902926 0.0
0.137706 0.0858861 0.0
0.138296 0.0816063 0.0
0.138873 0.0774471 0.0
0.139435 0.0734021 0.0
0.13998 0.0694643 0.0
0.140505 0.065627 0.0
0.141009 0.0618831 0.0
0.141488 0.058226 0.0
0.141939 0.054649 0.0
0.142359 0.0511457 0.0
0.142746 0.0477097 0.0
0.143096 0.0443351 0.0
0.143407 0.0410163 0.0
0.143676 0.0377476 0.0
0.1439 0.0345239 0.0
0.144076 0.0313401 0.0
0.144203 0.0281915 0.0
0.144277 0.0250734 0.0
0.144297 0.0219815 0.0
0.14426 0.0189115 0.0
0.144165 0.0158593 0.0
0.144009 0.0128209 0.0
0.143791 0.00979233 0.0
0.143509 0.00676972 0.0
0.143161 0.00374914 0.0
0.142746 0.000726311 0.0
0.142263 -0.00230437 0.0
0.141712 -0.00534388 0.0
0.141091 -0.00839564 0.0
0.1404 -0.0114634 0.0
0.139637 -0.0145509 0.0
0.1388 -0.0176621 0.0
0.13789 -0.0208009 0.0
0.136904 -0.0239714 0.0
0.135842 -0.0271777 0.0
0.134702 -0.0304241 0.0
0.133482 -0.0337146 0.0
0.132183 -0.0370539 0.0
0.130801 -0.0404462 0.0
0.129336 -0.043896 0.0
0.127785 -0.0474077 0.0
0.126146 -0.0509858 0.0
0.124417 -0.0546345 0.0
0.122596 -0.0583581 0.0
0.120678 -0.0621606 0.0
0.118662 -0.0660457 0.0
0.116544 -0.070017 0.0
0.114321 -0.0740775 0.0
0.111988 -0.0782297 0.0
0.109541 -0.0824758 0.0
0.106978 -0.0868172 0.0
0.104293 -0.0912547 0.0
0.101481 -0.0957883 0.0
0.0985403 -0.100417 0.0
0.0954652 -0.105139 0.0
0.0922521 -0.109952 0.0
0.0888978 -0.114851 0.0
0.0853992 -0.119833 0.0
0.0817539 -0.124891 0.0
0.0779605 -0.130019 0.0
0.0740183 -0.13521 0.0
0.0699279 -0.140455 0.0
0.065691 -0.145747 0.0
0.0613113 -0.151079 0.0
0.0567941 -0.156446 0.0
0.0521469 -0.161846 0.0
0.04738 -0.167286 0.0
0.0425065 -0.172786 0.0
0.0375431 -0.178394 0.0
0.03251 -0.1842 0.0
0.027431 -0.190393 0.0
0.0223301 -0.197354 0.0
0.0172218 -0.205909 0.0
0.0120839 -0.217929 0.0
0.00680934 -0.23777 0.0
0.00123539 -0.275081 0.0
-0.00441128 -0.340037 0.0
-0.00937666 -0.417334 0.0
-0.0126961 -0.490946 0.0
-0.0133874 -0.535961 0.0
-0.0107709 -0.516799 0.0
-0.00524771 -0.383325 0.0
-0.00095683 -0.0865539 0.0
3.4171e-05 -0.00278257 0.0
0.000561235 -0.00554159 0.0
0.00232887 7.97866e-05 0.0
0.00578194 0.0137234 0.0
0.01099 0.0335799 0.0
0.0176664 0.0569907 0.0
0.0253014 0.0813672 0.0
0.033384 0.104832 0.0
0.0415043 0.126266 0.0
0.0493747 0.145121 0.0
0.056817 0.161233 0.0
0.0637393 0.174666 0.0
0.0701127 0.185609 0.0
0.0759503 0.194307 0.0
0.0812894 0.201014 0.0
0.0861789 0.205974 0.0
0.0906699 0.209404 0.0
0.0948099 0.211494 0.0
0.0986401 0.212406 0.0
0.102194 0.212277 0.0
0.1055 0.211229 0.0
0.108577 0.209367 0.0
0.111443 0.206786 0.0
0.114111 0.203574 0.0
0.116592 0.199812 0.0
0.118895 0.195576 0.0
0.12103 0.190938 0.0
0.123007 0.185967 0.0
0.124834 0.180726 0.0
0.126522 0.175275 0.0
0.12808 0.169669 0.0
0.129519 0.163957 0.0
0.13085 0.158186 0.0
0.132084 0.152394 0.0
0.133231 0.146618 0.0
0.134301 0.140887 0.0
0.135304 0.135226 0.0
0.136249 0.129657 0.0
0.137143 0.124195 0.0
0.137995 0.118854 0.0
0.138811 0.113642 0.0
0.139596 0.108566 0.0
0.140353 0.103628 0.0
0.141088 0.0988297 0.0
0.141801 0.0941701 0.0
0.142494 0.0896466 0.0
0.143169 0.0852552 0.0
0.143825 0.0809912 0.0
0.144461 0.076849 0.0
0.145077 0.0728224 0.0
0.145671 0.0689052 0.0
0.146241 0.0650907 0.0
0.146784 0.0613722 0.0
0.147299 0.0577431 0.0
0.147783 0.0541969 0.0
0.148234 0.0507271 0.0
0.148647 0.0473275 0.0
0.149022 0.0439921 0.0
0.149356 0.0407151 0.0
0.149645 0.037491 0.0
0.149887 0.0343144 0.0
0.15008 0.0311802 0.0
0.150221 0.0280836 0.0
0.150308 0.0250198 0.0
0.150339 0.0219843 0.0
0.150312 0.0189727 0.0
0.150224 0.0159809 0.0
0.150075 0.0130046 0.0
0.149862 0.0100399 0.0
0.149583 0.0070829 0.0
0.149237 0.00412977 0.0
0.148821 0.00117646 0.0
0.148336 -0.00178695 0.0
0.147783 -0.00475673 0.0
0.147157 -0.00773723 0.0
0.146459 -0.0107325 0.0
0.145687 -0.0137463 0.0
0.144839 -0.0167827 0.0
0.143915 -0.0198455 0.0
0.142913 -0.0229388 0.0
0.141832 -0.0260667 0.0
0.14067 -0.0292331 0.0
0.139425 -0.0324424 0.0
0.138097 -0.0356987 0.0
0.136684 -0.0390062 0.0
0.135182 -0.0423693 0.0
0.133591 -0.0457922 0.0
0.131908 -0.049279 0.0
0.130129 -0.0528339 0.0
0.128253 -0.0564607 0.0
0.126276 -0.0601634 0.0
0.124194 -0.0639453 0.0
0.122004 -0.0678098 0.0
0.119703 -0.0717596 0.0
0.117285 -0.0757972 0.0
0.114747 -0.0799244 0.0
0.112085 -0.0841427 0.0
0.109293 -0.0884526 0.0
0.106368 -0.0928542 0.0
0.103305 -0.0973467 0.0
0.1001 -0.101929 0.0
0.0967478 -0.106597 0.0
0.0932459 -0.11135 0.0
0.0895908 -0.116181 0.0
0.08578 -0.121087 0.0
0.0818118 -0.126062 0.0
0.0776856 -0.131099 0.0
0.0734017 -0.136192 0.0
0.0689622 -0.141334 0.0
0.0643707 -0.146521 0.0
0.0596328 -0.151749 0.0
0.0547565 -0.157019 0.0
0.0497525 -0.162341 0.0
0.0446348 -0.167739 0.0
0.0394213 -0.173263 0.0
0.0341335 -0.17901 0.0
0.0287971 -0.185168 0.0
0.0234388 -0.19212 0.0
0.0180769 -0.200673 0.0
0.0126929 -0.212643 0.0
0.00717647 -0.232265 0.0
0.00133749 -0.269173 0.0
-0.00464052 -0.33432 0.0
-0.00998763 -0.412738 0.0
-0.0136568 -0.488554 0.0
-0.0145662 -0.536752 0.0
-0.0119272 -0.521262 0.0
-0.00604619 -0.390266 0.0
-0.00121979 -0.0887306 0.0
2.3783e-05 -0.00284051 0.0
0.000464047 -0.00645095 0.0
0.00198742 -0.00230183 0.0
0.00508093 0.00955849 0.0
0.00991099 0.0277067 0.0
0.0162568 0.0498418 0.0
0.0236595 0.0734784 0.0
0.0316212 0.0966769 0.0
0.0397229 0.118199 0.0
0.0476588 0.137381 0.0
0.0552304 0.153959 0.0
0.0623271 0.167922 0.0
0.0689039 0.179404 0.0
0.0749613 0.188617 0.0
0.0805281 0.195797 0.0
0.0856475 0.201181 0.0
0.0903679 0.204985 0.0
0.0947362 0.207405 0.0
0.098794 0.208607 0.0
0.102576 0.208739 0.0
0.106111 0.207927 0.0
0.109421 0.206282 0.0
0.112522 0.203904 0.0
0.115429 0.200882 0.0
0.118151 0.197301 0.0
0.120698 0.193236 0.0
0.123078 0.188762 0.0
0.125299 0.183946 0.0
0.127369 0.17885 0.0
0.129297 0.173536 0.0
0.131092 0.168056 0.0
0.132761 0.162461 0.0
0.134316 0.156796 0.0
0.135765 0.151101 0.0
0.137118 0.145411 0.0
0.138385 0.139757 0.0
0.139574 0.134164 0.0
0.140694 0.128654 0.0
0.141753 0.123244 0.0
0.142758 0.117947 0.0
0.143716 0.112775 0.0
0.144632 0.107732 0.0
0.145511 0.102824 0.0
0.146356 0.0980533 0.0
0.147171 0.0934185 0.0
0.147957 0.0889183 0.0
0.148716 0.0845496 0.0
0.149449 0.0803083 0.0
0.150155 0.0761893 0.0
0.150834 0.0721871 0.0
0.151485 0.0682957 0.0
0.152107 0.0645088 0.0
0.152697 0.06082 0.0
0.153255 0.0572228 0.0
0.153777 0.0537109 0.0
0.154262 0.0502778 0.0
0.154707 0.0469175 0.0
0.15511 0.0436239 0.0
0.155469 0.0403913 0.0
0.155781 0.037214 0.0
0.156043 0.0340866 0.0
0.156254 0.031004 0.0
0.156412 0.0279613 0.0
0.156513 0.0249535 0.0
0.156557 0.0219761 0.0
0.15654 0.0190246 0.0
0.156461 0.0160947 0.0
0.156319 0.0131822 0.0
0.156112 0.010283 0.0
0.155837 0.00739308 0.0
0.155494 0.00450862 0.0
0.155082 0.00162549 0.0
0.154598 -0.00126724 0.0
0.15404 -0.00416493 0.0
0.153408 -0.00707208 0.0
0.152701 -0.00999272 0.0
0.151918 -0.0129307 0.0
0.151057 -0.01589 0.0
0.150118 -0.0188744 0.0
0.149098 -0.0218879 0.0
0.147996 -0.0249343 0.0
0.14681 -0.0280179 0.0
0.145539 -0.0311425 0.0
0.144181 -0.0343122 0.0
0.142733 -0.0375312 0.0
0.141194 -0.0408035 0.0
0.13956 -0.0441331 0.0
0.13783 -0.047524 0.0
0.135999 -0.05098 0.0
0.134066 -0.0545049 0.0
0.132026 -0.0581021 0.0
0.129876 -0.0617749 0.0
0.127612 -0.0655263 0.0
0.125229 -0.069359 0.0
0.122724 -0.073275 0.0
0.120091 -0.0772763 0.0
0.117327 -0.081364 0.0
0.114426 -0.0855387 0.0
0.111383 -0.0898004 0.0
0.108194 -0.0941485 0.0
0.104855 -0.0985817 0.0
0.10136 -0.103098 0.0
0.0977066 -0.107694 0.0
0.0938908 -0.112366 0.0
0.0899102 -0.117111 0.0
0.0857627 -0.121923 0.0
0.0814476 -0.126797 0.0
0.0769653 -0.131728 0.0
0.0723178 -0.136711 0.0
0.0675088 -0.141744 0.0
0.0625442 -0.146824 0.0
0.0574323 -0.151956 0.0
0.0521845 -0.157153 0.0
0.0468156 -0.162442 0.0
0.0413445 -0.167876 0.0
0.0357942 -0.173559 0.0
0.0301924 -0.179681 0.0
0.0245684 -0.186625 0.0
0.018944 -0.195182 0.0
0.0133047 -0.207111 0.0
0.00753609 -0.226512 0.0
0.00141023 -0.262961 0.0
-0.00494316 -0.328201 0.0
-0.0107344 -0.407719 0.0
-0.0148208 -0.485817 0.0
-0.0160012 -0.537399 0.0
-0.0133539 -0.525902 0.0
-0.0070669 -0.397794 0.0
-0.00157264 -0.091523 0.0
1.18917e-05 -0.00287617 0.0
0.000363578 -0.00720721 0.0
0.00165533 -0.00436066 0.0
0.00440127 0.00577791 0.0
0.00883983 0.0222187 0.0
0.0148211 0.0430028 0.0
0.0219444 0.0657913 0.0
0.0297327 0.088614 0.0
0.0377631 0.11013 0.0
0.0457155 0.129562 0.0
0.0533736 0.146549 0.0
0.0606091 0.161 0.0
0.0673618 0.172996 0.0
0.0736196 0.18271 0.0
0.0794018 0.190356 0.0
0.0847453 0.19616 0.0
0.0896945 0.200337 0.0
0.0942944 0.203085 0.0
0.0985862 0.204578 0.0
0.102605 0.204968 0.0
0.10638 0.204389 0.0
0.109933 0.202958 0.0
0.113282 0.200778 0.0
0.11644 0.197944 0.0
0.119417 0.19454 0.0
0.122222 0.190645 0.0
0.124861 0.186333 0.0
0.127343 0.181672 0.0
0.129672 0.176724 0.0
0.131857 0.171549 0.0
0.133904 0.166201 0.0
0.135822 0.160729 0.0
0.137617 0.155178 0.0
0.139299 0.149588 0.0
0.140877 0.143994 0.0
0.142358 0.138426 0.0
0.143752 0.132912 0.0
0.145065 0.127472 0.0
0.146306 0.122125 0.0
0.147482 0.116885 0.0
0.1486 0.111762 0.0
0.149664 0.106765 0.0
0.15068 0.101897 0.0
0.151652 0.0971631 0.0
0.152583 0.0925626 0.0
0.153476 0.0880948 0.0
0.154333 0.0837572 0.0
0.155154 0.0795464 0.0
0.155941 0.075458 0.0
0.156694 0.0714868 0.0
0.157412 0.0676273 0.0
0.158094 0.0638736 0.0
0.158739 0.0602195 0.0
0.159346 0.0566589 0.0
0.159913 0.0531854 0.0
0.160438 0.049793 0.0
0.16092 0.0464754 0.0
0.161356 0.0432269 0.0
0.161744 0.0400415 0.0
0.162082 0.0369137 0.0
0.162368 0.0338381 0.0
0.1626 0.0308094 0.0
0.162776 0.0278227 0.0
0.162893 0.024873 0.0
0.162951 0.0219557 0.0
0.162946 0.0190662 0.0
0.162878 0.0162001 0.0
0.162744 0.0133531 0.0
0.162542 0.0105211 0.0
0.162272 0.00769982 0.0
0.161932 0.00488525 0.0
0.16152 0.00207282 0.0
0.161034 -0.000744962 0.0
0.160473 -0.00356789 0.0
0.159835 -0.00639944 0.0
0.159119 -0.00924329 0.0
0.158326 -0.0121032 0.0
0.157451 -0.0149829 0.0
0.156496 -0.0178863 0.0
0.155457 -0.0208171 0.0
0.154333 -0.0237793 0.0
0.153122 -0.0267767 0.0
0.151823 -0.0298132 0.0
0.150432 -0.0328927 0.0
0.148948 -0.0360192 0.0
0.147369 -0.0391964 0.0
0.14569 -0.0424283 0.0
0.14391 -0.0457184 0.0
0.142026 -0.0490705 0.0
0.140032 -0.0524879 0.0
0.137927 -0.0559739 0.0
0.135706 -0.0595316 0.0
0.133364 -0.0631637 0.0
0.130897 -0.0668725 0.0
0.128301 -0.0706602 0.0
0.125571 -0.0745282 0.0
0.122701 -0.0784778 0.0
0.119687 -0.0825095 0.0
0.116523 -0.0866234 0.0
0.113205 -0.0908188 0.0
0.109728 -0.0950947 0.0
0.106087 -0.0994492 0.0
0.102279 -0.10388 0.0
0.0982988 -0.108384 0.0
0.0941444 -0.112958 0.0
0.0898136 -0.117597 0.0
0.0853055 -0.122299 0.0
0.0806204 -0.127059 0.0
0.0757602 -0.131873 0.0
0.0707287 -0.136741 0.0
0.065532 -0.141665 0.0
0.0601788 -0.14665 0.0
0.0546812 -0.151713 0.0
0.0490546 -0.156886 0.0
0.0433192 -0.162226 0.0
0.0374995 -0.16784 0.0
0.0316251 -0.173924 0.0
0.0257278 -0.180861 0.0
0.0198331 -0.189427 0.0
0.0139306 -0.201324 0.0
0.00790169 -0.220502 0.0
0.00147007 -0.256414 0.0
-0.00530301 -0.321621 0.0
-0.0116074 -0.402203 0.0
-0.0161906 -0.482664 0.0
-0.0177097 -0.537853 0.0
-0.0150809 -0.530724 0.0
-0.00834348 -0.405996 0.0
-0.00203155 -0.0951272 0.0
-8.81055e-07 -0.00288717 0.0
0.000265029 -0.00781378 0.0
0.00134065 -0.00612145 0.0
0.00375667 0.00237676 0.0
0.00779752 0.0171405 0.0
0.0133809 0.0365164 0.0
0.0201774 0.0583579 0.0
0.0277377 0.0806988 0.0
0.0356407 0.102112 0.0
0.0435554 0.121714 0.0
0.0512507 0.139044 0.0
0.058583 0.153937 0.0
0.0654778 0.166412 0.0
0.0719109 0.176603 0.0
0.0778915 0.1847 0.0
0.0834494 0.190914 0.0
0.0886241 0.195458 0.0
0.0934572 0.19853 0.0
0.0979884 0.200309 0.0
0.102252 0.200954 0.0
0.106277 0.200604 0.0
0.110085 0.199382 0.0
0.113695 0.197396 0.0
0.117118 0.194745 0.0
0.120364 0.191515 0.0
0.123442 0.187788 0.0
0.126357 0.183637 0.0
0.129114 0.17913 0.0
0.131719 0.174331 0.0
0.134177 0.169299 0.0
0.136494 0.164087 0.0
0.138676 0.158744 0.0
0.14073 0.153314 0.0
0.142664 0.147837 0.0
0.144484 0.142348 0.0
0.146198 0.136877 0.0
0.147814 0.131452 0.0
0.149339 0.126094 0.0
0.150781 0.120821 0.0
0.152146 0.115648 0.0
0.15344 0.110587 0.0
0.154669 0.105646 0.0
0.155839 0.10083 0.0
0.156954 0.0961438 0.0
0.158016 0.0915879 0.0
0.159031 0.0871622 0.0
0.159999 0.0828651 0.0
0.160922 0.0786935 0.0
0.161802 0.0746437 0.0
0.16264 0.070711 0.0
0.163435 0.0668904 0.0
0.164187 0.0631762 0.0
0.164896 0.0595628 0.0
0.165561 0.056044 0.0
0.16618 0.052614 0.0
0.166752 0.0492667 0.0
0.167276 0.045996 0.0
0.16775 0.0427963 0.0
0.168173 0.0396616 0.0
0.168541 0.0365866 0.0
0.168855 0.0335656 0.0
0.169111 0.0305936 0.0
0.169308 0.0276655 0.0
0.169444 0.0247763 0.0
0.169518 0.0219213 0.0
0.169527 0.0190959 0.0
0.16947 0.0162957 0.0
0.169345 0.0135164 0.0
0.169151 0.0107535 0.0
0.168885 0.00800298 0.0
0.168547 0.00526051 0.0
0.168135 0.00252154 0.0
0.167647 -0.000219683 0.0
0.167081 -0.00296575 0.0
0.166436 -0.00571937 0.0
0.165712 -0.00848398 0.0
0.164907 -0.0112632 0.0
0.164019 -0.0140607 0.0
0.163046 -0.0168802 0.0
0.161987 -0.0197253 0.0
0.16084 -0.0226 0.0
0.159602 -0.0255078 0.0
0.158272 -0.0284526 0.0
0.156848 -0.0314381 0.0
0.155326 -0.0344679 0.0
0.153703 -0.0375457 0.0
0.151978 -0.0406751 0.0
0.150146 -0.0438596 0.0
0.148203 -0.0471024 0.0
0.146148 -0.0504069 0.0
0.143974 -0.053776 0.0
0.141678 -0.0572124 0.0
0.139256 -0.0607187 0.0
0.136702 -0.0642971 0.0
0.134012 -0.0679494 0.0
0.13118 -0.071677 0.0
0.128202 -0.075481 0.0
0.125072 -0.079362 0.0
0.121785 -0.0833199 0.0
0.118335 -0.0873544 0.0
0.114717 -0.0914645 0.0
0.110927 -0.0956487 0.0
0.10696 -0.0999052 0.0
0.102813 -0.104231 0.0
0.0984817 -0.108625 0.0
0.0939643 -0.113082 0.0
0.0892598 -0.117601 0.0
0.0843681 -0.122179 0.0
0.0792913 -0.126815 0.0
0.0740332 -0.13151 0.0
0.0686 -0.136266 0.0
0.0630009 -0.141096 0.0
0.0572482 -0.146017 0.0
0.0513586 -0.151066 0.0
0.0453532 -0.156305 0.0
0.0392581 -0.161846 0.0
0.0331049 -0.16789 0.0
0.0269281 -0.17482 0.0
0.0207568 -0.183402 0.0
0.014585 -0.195275 0.0
0.0082905 -0.214227 0.0
0.00153958 -0.249506 0.0
-0.00569472 -0.314522 0.0
-0.012586 -0.396107 0.0
-0.0177572 -0.479005 0.0
-0.0196991 -0.53805 0.0
-0.0171313 -0.535724 0.0
-0.00990634 -0.414959 0.0
-0.00261193 -0.0997706 0.0
-1.13244e-05 -0.00287495 0.0
0.000183037 -0.00828624 0.0
0.00107108 -0.00761262 0.0
0.00317059 -0.000647561 0.0
0.00680057 0.012494 0.0
0.0119572 0.0304229 0.0
0.0183818 0.0512305 0.0
0.0256585 0.0729892 0.0
0.0333736 0.0942033 0.0
0.0411907 0.11389 0.0
0.0488675 0.131495 0.0
0.0562478 0.146773 0.0
0.0632444 0.159684 0.0
0.0698215 0.17032 0.0
0.0759786 0.178844 0.0
0.0817373 0.185453 0.0
0.087131 0.190352 0.0
0.092197 0.193738 0.0
0.0969719 0.195795 0.0
0.101488 0.196687 0.0
0.105774 0.19656 0.0
0.10985 0.195541 0.0
0.113733 0.193744 0.0
0.117436 0.191271 0.0
0.120967 0.188211 0.0
0.124333 0.184648 0.0
0.127538 0.180656 0.0
0.130588 0.176304 0.0
0.133484 0.171656 0.0
0.136233 0.166769 0.0
0.138837 0.161696 0.0
0.141301 0.156487 0.0
0.143632 0.151185 0.0
0.145834 0.145829 0.0
0.147915 0.140454 0.0
0.14988 0.135091 0.0
0.151736 0.129766 0.0
0.153491 0.1245 0.0
0.155151 0.119313 0.0
0.156722 0.11422 0.0
0.158211 0.109232 0.0
0.159623 0.104359 0.0
0.160963 0.0996069 0.0
0.162236 0.0949796 0.0
0.163446 0.0904792 0.0
0.164597 0.0861062 0.0
0.16569 0.0818594 0.0
0.16673 0.0777365 0.0
0.167716 0.0737342 0.0
0.168651 0.0698483 0.0
0.169534 0.0660743 0.0
0.170367 0.0624069 0.0
0.17115 0.0588407 0.0
0.171881 0.05537 0.0
0.172561 0.0519891 0.0
0.173188 0.0486921 0.0
0.173761 0.0454732 0.0
0.17428 0.0423266 0.0
0.174742 0.0392468 0.0
0.175146 0.0362281 0.0
0.175492 0.0332654 0.0
0.175776 0.0303532 0.0
0.175998 0.0274866 0.0
0.176156 0.0246607 0.0
0.176249 0.0218708 0.0
0.176274 0.0191121 0.0
0.17623 0.0163802 0.0
0.176116 0.0136708 0.0
0.17593 0.0109795 0.0
0.17567 0.0083021 0.0
0.175335 0.00563434 0.0
0.174923 0.00297184 0.0
0.174432 0.000309544 0.0
0.173861 -0.00235781 0.0
0.173209 -0.00503125 0.0
0.172475 -0.00771409 0.0
0.171657 -0.0104099 0.0
0.170754 -0.0131223 0.0
0.169763 -0.0158548 0.0
0.168682 -0.0186111 0.0
0.16751 -0.0213948 0.0
0.166244 -0.0242095 0.0
0.164881 -0.0270588 0.0
0.16342 -0.0299461 0.0
0.161857 -0.0328749 0.0
0.16019 -0.0358488 0.0
0.158414 -0.0388709 0.0
0.156527 -0.0419446 0.0
0.154525 -0.045073 0.0
0.152403 -0.0482589 0.0
0.150158 -0.0515052 0.0
0.147785 -0.0548143 0.0
0.145279 -0.0581885 0.0
0.142635 -0.0616298 0.0
0.139848 -0.0651398 0.0
0.136913 -0.0687198 0.0
0.133824 -0.0723708 0.0
0.130575 -0.0760933 0.0
0.127161 -0.0798873 0.0
0.123577 -0.0837526 0.0
0.119816 -0.0876883 0.0
0.115875 -0.0916934 0.0
0.111747 -0.0957665 0.0
0.10743 -0.0999056 0.0
0.10292 -0.104109 0.0
0.0982137 -0.108375 0.0
0.0933103 -0.112701 0.0
0.0882096 -0.117087 0.0
0.0829134 -0.121534 0.0
0.0774256 -0.126045 0.0
0.0717527 -0.130625 0.0
0.0659039 -0.135289 0.0
0.0598925 -0.140059 0.0
0.0537357 -0.144977 0.0
0.0474558 -0.150109 0.0
0.0410808 -0.155572 0.0
0.0346441 -0.161574 0.0
0.028183 -0.168499 0.0
0.0217304 -0.1771 0.0
0.0152851 -0.18896 0.0
0.00872353 -0.207686 0.0
0.00164802 -0.242221 0.0
-0.00608224 -0.306843 0.0
-0.0136362 -0.389341 0.0
-0.0194966 -0.47474 0.0
-0.0219623 -0.537908 0.0
-0.019517 -0.540879 0.0
-0.0117791 -0.424766 0.0
-0.00332701 -0.10571 0.0
-1.80197e-05 -0.00284559 0.0
0.000124685 -0.00865264 0.0
0.00086108 -0.00887063 0.0
0.00265189 -0.00327984 0.0
0.00585873 0.00828949 0.0
0.0105734 0.024756 0.0
0.0165852 0.044461 0.0
0.0235205 0.0655467 0.0
0.0309824 0.0864688 0.0
0.0386353 0.106155 0.0
0.0462306 0.123959 0.0
0.0536028 0.139557 0.0
0.060654 0.152852 0.0
0.0673379 0.163892 0.0
0.0736444 0.17281 0.0
0.0795862 0.179787 0.0
0.0851896 0.185021 0.0
0.0904861 0.188707 0.0
0.095508 0.19103 0.0
0.100285 0.192159 0.0
0.104842 0.192246 0.0
0.109198 0.191422 0.0
0.11337 0.189808 0.0
0.117367 0.187507 0.0
0.121199 0.184613 0.0
0.124869 0.18121 0.0
0.128382 0.177375 0.0
0.13174 0.173178 0.0
0.134945 0.16868 0.0
0.138001 0.163941 0.0
0.140909 0.159012 0.0
0.143673 0.153943 0.0
0.146297 0.148775 0.0
0.148786 0.143548 0.0
0.151144 0.138297 0.0
0.153378 0.13305 0.0
0.155492 0.127835 0.0
0.157495 0.122674 0.0
0.15939 0.117584 0.0
0.161185 0.112583 0.0
0.162885 0.107681 0.0
0.164497 0.102888 0.0
0.166024 0.0982108 0.0
0.167472 0.0936543 0.0
0.168845 0.0892211 0.0
0.170147 0.0849118 0.0
0.171382 0.080726 0.0
0.17255 0.0766619 0.0
0.173656 0.0727166 0.0
0.174701 0.0688867 0.0
0.175685 0.0651678 0.0
0.17661 0.0615551 0.0
0.177477 0.0580436 0.0
0.178285 0.0546278 0.0
0.179034 0.0513024 0.0
0.179724 0.0480616 0.0
0.180355 0.0448998 0.0
0.180924 0.0418115 0.0
0.181433 0.0387911 0.0
0.181879 0.0358333 0.0
0.182261 0.0329327 0.0
0.182578 0.0300841 0.0
0.182829 0.0272826 0.0
0.183013 0.0245233 0.0
0.183127 0.0218014 0.0
0.183171 0.0191123 0.0
0.183143 0.0164516 0.0
0.183042 0.0138149 0.0
0.182865 0.0111978 0.0
0.182612 0.00859627 0.0
0.182281 0.00600608 0.0
0.18187 0.00342318 0.0
0.181376 0.00084322 0.0
0.1808 -0.00174406 0.0
0.180142 -0.00433478 0.0
0.179398 -0.00693297 0.0
0.178567 -0.00954231 0.0
0.177647 -0.0121664 0.0
0.176636 -0.0148087 0.0
0.175532 -0.0174727 0.0
0.174332 -0.0201618 0.0
0.173035 -0.0228795 0.0
0.171638 -0.0256292 0.0
0.170138 -0.0284141 0.0
0.168531 -0.0312376 0.0
0.166816 -0.0341029 0.0
0.164987 -0.0370129 0.0
0.163043 -0.0399708 0.0
0.160977 -0.0429793 0.0
0.158787 -0.0460411 0.0
0.156468 -0.0491587 0.0
0.154015 -0.0523344 0.0
0.151422 -0.0555702 0.0
0.148686 -0.0588678 0.0
0.1458 -0.0622287 0.0
0.142758 -0.0656541 0.0
0.139556 -0.0691448 0.0
0.136186 -0.0727011 0.0
0.132644 -0.0763234 0.0
0.128923 -0.0800113 0.0
0.125018 -0.0837643 0.0
0.120924 -0.0875816 0.0
0.116635 -0.0914621 0.0
0.112147 -0.0954048 0.0
0.107456 -0.0994086 0.0
0.10256 -0.103472 0.0
0.0974563 -0.107596 0.0
0.0921452 -0.111781 0.0
0.0866283 -0.116028 0.0
0.0809093 -0.120344 0.0
0.0749948 -0.124738 0.0
0.0688944 -0.129227 0.0
0.0626219 -0.133838 0.0
0.0561954 -0.138615 0.0
0.0496384 -0.143633 0.0
0.0429804 -0.149014 0.0
0.0362572 -0.154972 0.0
0.0295087 -0.161891 0.0
0.022772 -0.170517 0.0
0.0160516 -0.182376 0.0
0.00922539 -0.200882 0.0
0.00183135 -0.234556 0.0
-0.00641774 -0.298528 0.0
-0.0147078 -0.381811 0.0
-0.0213661 -0.469751 0.0
-0.0244736 -0.537323 0.0
-0.022234 -0.546148 0.0
-0.0139749 -0.435494 0.0
-0.00418614 -0.113223 0.0
-2.12274e-05 -0.00280633 0.0
8.88042e-05 -0.00894461 0.0
0.000704674 -0.0099309 0.0
0.00222377 -0.00552945 0.0
0.00502676 0.00452928 0.0
0.00927748 0.0195508 0.0
0.014826 0.0381061 0.0
0.0213535 0.0584388 0.0
0.0284885 0.0789797 0.0
0.0359025 0.0985771 0.0
0.0433454 0.116498 0.0
0.0506457 0.132345 0.0
0.0576977 0.145961 0.0
0.0644457 0.157351 0.0
0.0708697 0.16662 0.0
0.0769733 0.173931 0.0
0.0827743 0.179472 0.0
0.0882972 0.183436 0.0
0.0935683 0.186008 0.0
0.0986125 0.187361 0.0
0.103451 0.187649 0.0
0.108101 0.187012 0.0
0.112576 0.185572 0.0
0.116885 0.183437 0.0
0.121034 0.180703 0.0
0.125025 0.177458 0.0
0.128863 0.173778 0.0
0.132546 0.169733 0.0
0.136078 0.165388 0.0
0.139457 0.160798 0.0
0.142686 0.156018 0.0
0.145767 0.151093 0.0
0.148701 0.146066 0.0
0.151493 0.140976 0.0
0.154146 0.135857 0.0
0.156666 0.130737 0.0
0.159056 0.125643 0.0
0.161322 0.120597 0.0
0.16347 0.115617 0.0
0.165506 0.110719 0.0
0.167435 0.105915 0.0
0.169262 0.101215 0.0
0.170993 0.0966256 0.0
0.172632 0.0921523 0.0
0.174184 0.087798 0.0
0.175652 0.083564 0.0
0.177042 0.0794504 0.0
0.178354 0.0754558 0.0
0.179593 0.071578 0.0
0.18076 0.0678136 0.0
0.181858 0.064159 0.0
0.182887 0.0606096 0.0
0.183848 0.0571609 0.0
0.184743 0.0538077 0.0
0.185572 0.0505448 0.0
0.186334 0.0473668 0.0
0.187029 0.0442683 0.0
0.187658 0.041244 0.0
0.18822 0.0382884 0.0
0.188714 0.0353963 0.0
0.189139 0.0325624 0.0
0.189494 0.0297817 0.0
0.189779 0.0270493 0.0
0.189992 0.0243603 0.0
0.190132 0.0217101 0.0
0.190198 0.019094 0.0
0.190188 0.0165076 0.0
0.190102 0.0139467 0.0
0.189937 0.0114069 0.0
0.189693 0.00888416 0.0
0.189367 0.00637442 0.0
0.188959 0.0038738 0.0
0.188468 0.00137819 0.0
0.187889 -0.00112458 0.0
0.187223 -0.003629 0.0
0.186467 -0.00613921 0.0
0.185621 -0.0086588 0.0
0.184682 -0.0111912 0.0
0.183649 -0.0137397 0.0
0.182519 -0.0163078 0.0
0.18129 -0.0188986 0.0
0.17996 -0.0215154 0.0
0.178525 -0.0241614 0.0
0.176983 -0.0268397 0.0
0.175331 -0.0295533 0.0
0.173564 -0.0323053 0.0
0.171681 -0.0350983 0.0
0.169675 -0.0379352 0.0
0.167544 -0.0408186 0.0
0.165283 -0.0437507 0.0
0.162887 -0.0467339 0.0
0.160352 -0.0497702 0.0
0.157671 -0.0528614 0.0
0.15484 -0.0560089 0.0
0.151852 -0.0592141 0.0
0.148703 -0.0624779 0.0
0.145386 -0.065801 0.0
0.141894 -0.069184 0.0
0.138223 -0.0726268 0.0
0.134365 -0.0761293 0.0
0.130315 -0.0796913 0.0
0.126067 -0.0833122 0.0
0.121616 -0.0869915 0.0
0.116957 -0.0907285 0.0
0.112086 -0.0945231 0.0
0.107 -0.0983753 0.0
0.101696 -0.102286 0.0
0.0961754 -0.106258 0.0
0.090438 -0.110296 0.0
0.0844881 -0.114407 0.0
0.0783321 -0.118605 0.0
0.0719802 -0.122908 0.0
0.0654463 -0.12735 0.0
0.0587495 -0.13198 0.0
0.0519146 -0.136877 0.0
0.0449728 -0.142171 0.0
0.0379619 -0.148081 0.0
0.0309251 -0.154997 0.0
0.0239036 -0.163654 0.0
0.0169085 -0.175525 0.0
0.00982384 -0.193823 0.0
0.00213175 -0.226529 0.0
-0.00664141 -0.289533 0.0
-0.0157332 -0.373424 0.0
-0.0233009 -0.463912 0.0
-0.0271841 -0.536172 0.0
-0.0252577 -0.551466 0.0
-0.0164916 -0.447202 0.0
-0.00519309 -0.122602 0.0
-1.74208e-05 -0.00276767 0.0
9.18276e-05 -0.00920253 0.0
0.000642594 -0.0108396 0.0
0.00194865 -0.00744588 0.0
0.00437223 0.00121916 0.0
0.0081271 0.0148554 0.0
0.0131471 0.032233 0.0
0.0191883 0.0517431 0.0
0.0259119 0.0718168 0.0
0.0330025 0.0912355 0.0
0.0402133 0.109186 0.0
0.047371 0.125199 0.0
0.0543639 0.139062 0.0
0.0611282 0.150738 0.0
0.0676341 0.160303 0.0
0.0738753 0.167903 0.0
0.0798597 0.173715 0.0
0.0856033 0.177926 0.0
0.091125 0.180724 0.0
0.0964433 0.182282 0.0
0.101575 0.182758 0.0
0.106533 0.182295 0.0
0.111326 0.18102 0.0
0.115963 0.179043 0.0
0.120446 0.176465 0.0
0.124777 0.173373 0.0
0.128956 0.169846 0.0
0.132983 0.165954 0.0
0.136857 0.161761 0.0
0.140578 0.157325 0.0
0.144145 0.152695 0.0
0.147559 0.147921 0.0
0.15082 0.143042 0.0
0.153932 0.138097 0.0
0.156896 0.133118 0.0
0.159717 0.128135 0.0
0.162399 0.123173 0.0
0.164946 0.118254 0.0
0.167363 0.113395 0.0
0.169656 0.108613 0.0
0.171829 0.103919 0.0
0.173887 0.0993245 0.0
0.175837 0.0948356 0.0
0.177682 0.0904578 0.0
0.179428 0.0861948 0.0
0.181078 0.0820482 0.0
0.182637 0.0780185 0.0
0.184107 0.0741047 0.0
0.185493 0.0703049 0.0
0.186796 0.0666164 0.0
0.188018 0.0630359 0.0
0.189163 0.0595592 0.0
0.190231 0.056182 0.0
0.191223 0.0528996 0.0
0.19214 0.0497069 0.0
0.192984 0.046599 0.0
0.193754 0.0435706 0.0
0.19445 0.0406165 0.0
0.195072 0.0377316 0.0
0.195621 0.0349107 0.0
0.196095 0.0321488 0.0
0.196494 0.0294408 0.0
0.196818 0.026782 0.0
0.197065 0.0241677 0.0
0.197234 0.0215931 0.0
0.197325 0.0190539 0.0
0.197337 0.0165456 0.0
0.197268 0.0140639 0.0
0.197118 0.0116048 0.0
0.196884 0.00916419 0.0
0.196566 0.00673801 0.0
0.196162 0.00432232 0.0
0.19567 0.00191278 0.0
0.195088 -0.00049928 0.0
0.194414 -0.00291331 0.0
0.193647 -0.00533194 0.0
0.192785 -0.00775823 0.0
0.191828 -0.0101954 0.0
0.190772 -0.0126465 0.0
0.189615 -0.0151148 0.0
0.188356 -0.0176034 0.0
0.186991 -0.0201152 0.0
0.185517 -0.0226533 0.0
0.183932 -0.0252206 0.0
0.182231 -0.0278198 0.0
0.180412 -0.0304537 0.0
0.178471 -0.0331248 0.0
0.176404 -0.0358357 0.0
0.174205 -0.0385886 0.0
0.171871 -0.0413856 0.0
0.169397 -0.0442288 0.0
0.166777 -0.0471198 0.0
0.164006 -0.0500603 0.0
0.161079 -0.0530515 0.0
0.157989 -0.0560944 0.0
0.154731 -0.05919 0.0
0.151298 -0.0623388 0.0
0.147684 -0.065541 0.0
0.143883 -0.068797 0.0
0.139888 -0.0721066 0.0
0.135694 -0.0754696 0.0
0.131294 -0.0788858 0.0
0.126682 -0.0823551 0.0
0.121853 -0.0858776 0.0
0.116804 -0.0894536 0.0
0.11153 -0.0930846 0.0
0.106029 -0.0967727 0.0
0.1003 -0.100522 0.0
0.0943449 -0.10434 0.0
0.0881666 -0.108235 0.0
0.0817717 -0.112225 0.0
0.0751705 -0.116334 0.0
0.0683776 -0.120597 0.0
0.0614126 -0.125071 0.0
0.0543016 -0.12984 0.0
0.0470773 -0.135042 0.0
0.0397801 -0.140902 0.0
0.0324562 -0.147815 0.0
0.0251512 -0.156509 0.0
0.0178837 -0.168407 0.0
0.0105494 -0.186521 0.0
0.00259635 -0.218185 0.0
-0.00668231 -0.279825 0.0
-0.0166265 -0.364096 0.0
-0.0252119 -0.457087 0.0
-0.0300177 -0.534308 0.0
-0.028538 -0.556736 0.0
-0.0193088 -0.459927 0.0
-0.00634446 -0.134139 0.0
-2.29543e-06 -0.00274794 0.0
0.000150554 -0.00948433 0.0
0.000709866 -0.0116678 0.0
0.00187736 -0.00909115 0.0
0.00393661 -0.00161836 0.0
0.00715283 0.0107219 0.0
0.0115807 0.0269188 0.0
0.0170486 0.0455483 0.0
0.023265 0.0650715 0.0
0.0299373 0.0842179 0.0
0.0368283 0.102102 0.0
0.0437661 0.118188 0.0
0.0506355 0.132211 0.0
0.057365 0.144095 0.0
0.0639148 0.15389 0.0
0.0702676 0.161722 0.0
0.0764203 0.167758 0.0
0.0823784 0.172181 0.0
0.0881517 0.175175 0.0
0.093751 0.176914 0.0
0.0991863 0.177559 0.0
0.104466 0.177257 0.0
0.109594 0.176135 0.0
0.114576 0.17431 0.0
0.119411 0.171881 0.0
0.1241 0.168938 0.0
0.128639 0.165562 0.0
0.133027 0.161823 0.0
0.137262 0.157784 0.0
0.141341 0.153502 0.0
0.145262 0.149029 0.0
0.149025 0.14441 0.0
0.15263 0.139686 0.0
0.156077 0.134894 0.0
0.159369 0.130065 0.0
0.162507 0.125229 0.0
0.165495 0.120409 0.0
0.168338 0.115628 0.0
0.171039 0.110903 0.0
0.173603 0.106249 0.0
0.176036 0.101678 0.0
0.178341 0.0972015 0.0
0.180524 0.0928256 0.0
0.18259 0.0885562 0.0
0.184544 0.0843971 0.0
0.18639 0.0803502 0.0
0.188131 0.0764163 0.0
0.189773 0.0725949 0.0
0.191318 0.0688845 0.0
0.192769 0.0652827 0.0
0.194129 0.0617865 0.0
0.195401 0.0583923 0.0
0.196586 0.055096 0.0
0.197686 0.0518931 0.0
0.198703 0.0487791 0.0
0.199637 0.045749 0.0
0.20049 0.0427981 0.0
0.201261 0.0399212 0.0
0.201952 0.0371135 0.0
0.202562 0.03437 0.0
0.203092 0.0316857 0.0
0.203541 0.0290558 0.0
0.203909 0.0264758 0.0
0.204195 0.0239408 0.0
0.204399 0.0214465 0.0
0.204519 0.0189884 0.0
0.204556 0.0165623 0.0
0.204508 0.014164 0.0
0.204374 0.0117894 0.0
0.204153 0.00943457 0.0
0.203843 0.00709561 0.0
0.203444 0.0047686 0.0
0.202952 0.00244933 0.0
0.202366 0.000132067 0.0
0.201684 -0.00218824 0.0
0.200905 -0.00451162 0.0
0.200029 -0.00684079 0.0
0.199053 -0.00917875 0.0
0.197974 -0.0115285 0.0
0.196791 -0.013893 0.0
0.1955 -0.0162751 0.0
0.194099 -0.0186777 0.0
0.192586 -0.0211035 0.0
0.190956 -0.0235552 0.0
0.189206 -0.0260354 0.0
0.187333 -0.0285464 0.0
0.185333 -0.0310907 0.0
0.183201 -0.0336705 0.0
0.180934 -0.0362877 0.0
0.178526 -0.0389442 0.0
0.175972 -0.0416418 0.0
0.173267 -0.0443819 0.0
0.170405 -0.0471658 0.0
0.167381 -0.0499946 0.0
0.164189 -0.0528692 0.0
0.160822 -0.0557901 0.0
0.157274 -0.0587579 0.0
0.153538 -0.0617728 0.0
0.149609 -0.0648348 0.0
0.145479 -0.0679441 0.0
0.141142 -0.0711005 0.0
0.136592 -0.0743042 0.0
0.131822 -0.0775553 0.0
0.126827 -0.0808545 0.0
0.121603 -0.0842031 0.0
0.116145 -0.0876033 0.0
0.110451 -0.091059 0.0
0.10452 -0.0945758 0.0
0.0983519 -0.0981626 0.0
0.0919506 -0.101833 0.0
0.0853224 -0.105605 0.0
0.0784775 -0.109508 0.0
0.0714309 -0.113583 0.0
0.0642029 -0.117892 0.0
0.0568206 -0.122526 0.0
0.0493185 -0.12763 0.0
0.0417391 -0.133437 0.0
0.0341317 -0.140349 0.0
0.0265466 -0.149085 0.0
0.0190104 -0.161027 0.0
0.0114357 -0.178993 0.0
0.00327481 -0.2096 0.0
-0.00646141 -0.269395 0.0
-0.0172845 -0.353758 0.0
-0.0269838 -0.44914 0.0
-0.0328681 -0.531565 0.0
-0.0319963 -0.56183 0.0
-0.0223839 -0.473674 0.0
-0.00762835 -0.148112 0.0
2.59017e-05 -0.00277153 0.0
0.000269835 -0.00985749 0.0
0.000909098 -0.0124932 0.0
0.00200173 -0.0105259 0.0
0.00372793 -0.00396907 0.0
0.00638495 0.00719935 0.0
0.0101497 0.0222487 0.0
0.0149444 0.0399559 0.0
0.0205449 0.058847 0.0
0.026694 0.077621 0.0
0.0331706 0.0953313 0.0
0.0398075 0.111384 0.0
0.0464872 0.125466 0.0
0.0531302 0.137467 0.0
0.0596861 0.147412 0.0
0.066125 0.155409 0.0
0.072431 0.161613 0.0
0.0785977 0.166202 0.0
0.084624 0.169355 0.0
0.0905113 0.171247 0.0
0.0962619 0.17204 0.0
0.101877 0.171881 0.0
0.107358 0.170901 0.0
0.112702 0.169217 0.0
0.117908 0.166932 0.0
0.122972 0.164135 0.0
0.12789 0.160908 0.0
0.132658 0.157321 0.0
0.13727 0.153438 0.0
0.141724 0.149315 0.0
0.146016 0.145003 0.0
0.150144 0.140546 0.0
0.154107 0.135984 0.0
0.157905 0.131352 0.0
0.161538 0.126683 0.0
0.165008 0.122003 0.0
0.168317 0.117337 0.0
0.17147 0.112705 0.0
0.174469 0.108125 0.0
0.177318 0.103612 0.0
0.180024 0.0991775 0.0
0.182589 0.0948316 0.0
0.18502 0.0905817 0.0
0.18732 0.0864336 0.0
0.189495 0.0823911 0.0
0.191549 0.0784564 0.0
0.193487 0.0746307 0.0
0.195312 0.0709137 0.0
0.197028 0.0673043 0.0
0.19864 0.0638004 0.0
0.200149 0.0603994 0.0
0.201559 0.0570978 0.0
0.202872 0.0538922 0.0
0.20409 0.0507782 0.0
0.205216 0.0477516 0.0
0.20625 0.0448079 0.0
0.207194 0.0419423 0.0
0.20805 0.0391501 0.0
0.208817 0.0364267 0.0
0.209496 0.0337671 0.0
0.210088 0.0311667 0.0
0.210593 0.028621 0.0
0.211011 0.0261252 0.0
0.211341 0.023675 0.0
0.211584 0.0212659 0.0
0.211738 0.0188938 0.0
0.211804 0.0165544 0.0
0.21178 0.0142438 0.0
0.211665 0.011958 0.0
0.211459 0.0096932 0.0
0.21116 0.00744561 0.0
0.210767 0.00521159 0.0
0.210277 0.00298757 0.0
0.209687 0.000769677 0.0
0.208998 -0.0014547 0.0
0.20821 -0.00367902 0.0
0.20732 -0.00590692 0.0
0.206325 -0.00814144 0.0
0.205224 -0.0103855 0.0
0.204013 -0.0126418 0.0
0.20269 -0.014913 0.0
0.201253 -0.0172019 0.0
0.199698 -0.0195109 0.0
0.198023 -0.0218424 0.0
0.196223 -0.0241988 0.0
0.194295 -0.0265823 0.0
0.192235 -0.0289948 0.0
0.190039 -0.0314384 0.0
0.187701 -0.0339148 0.0
0.185218 -0.0364257 0.0
0.182584 -0.0389723 0.0
0.179794 -0.041556 0.0
0.176841 -0.0441778 0.0
0.173721 -0.0468385 0.0
0.170427 -0.0495388 0.0
0.166953 -0.0522791 0.0
0.163291 -0.0550597 0.0
0.159436 -0.0578807 0.0
0.155381 -0.0607423 0.0
0.151119 -0.0636444 0.0
0.146643 -0.0665872 0.0
0.141947 -0.0695709 0.0
0.137024 -0.0725961 0.0
0.131869 -0.075664 0.0
0.126476 -0.0787766 0.0
0.120841 -0.0819374 0.0
0.114962 -0.0851512 0.0
0.108836 -0.0884258 0.0
0.102463 -0.0917722 0.0
0.095848 -0.0952063 0.0
0.0889957 -0.0987509 0.0
0.0819166 -0.102438 0.0
0.0746258 -0.106316 0.0
0.0671441 -0.11045 0.0
0.0594993 -0.114941 0.0
0.0517275 -0.119941 0.0
0.0438733 -0.125692 0.0
0.0359892 -0.132602 0.0
0.0281301 -0.141388 0.0
0.0203304 -0.153388 0.0
0.0125222 -0.171248 0.0
0.00421486 -0.200876 0.0
-0.00589839 -0.258269 0.0
-0.0175879 -0.342372 0.0
-0.0284753 -0.43994 0.0
-0.0355976 -0.527759 0.0
-0.0355226 -0.566584 0.0
-0.0256508 -0.488405 0.0
-0.00902366 -0.164764 0.0
6.68276e-05 -0.00286425 0.0
0.000445161 -0.010387 0.0
0.00122215 -0.0133799 0.0
0.00228607 -0.0117957 0.0
0.00371662 -0.00585596 0.0
0.00580951 0.00433635 0.0
0.00883842 0.018318 0.0
0.0128507 0.0350796 0.0
0.0177174 0.0532561 0.0
0.0232328 0.0715473 0.0
0.0291989 0.0889624 0.0
0.0354556 0.104859 0.0
0.0418823 0.118885 0.0
0.048391 0.130897 0.0
0.0549185 0.140899 0.0
0.0614208 0.148981 0.0
0.0678675 0.155288 0.0
0.0742386 0.159989 0.0
0.0805204 0.163259 0.0
0.0867037 0.165272 0.0
0.0927814 0.166187 0.0
0.0987476 0.166153 0.0
0.104596 0.165301 0.0
0.110322 0.163748 0.0
0.115917 0.161599 0.0
0.121375 0.158945 0.0
0.12669 0.155866 0.0
0.131854 0.152432 0.0
0.136861 0.148707 0.0
0.141707 0.144747 0.0
0.146385 0.140601 0.0
0.150894 0.136311 0.0
0.155229 0.131919 0.0
0.159391 0.127457 0.0
0.163379 0.122957 0.0
0.167194 0.118444 0.0
0.170837 0.113943 0.0
0.174312 0.109472 0.0
0.177622 0.10505 0.0
0.18077 0.10069 0.0
0.18376 0.096404 0.0
0.186598 0.0922019 0.0
0.189288 0.0880912 0.0
0.191834 0.0840773 0.0
0.194242 0.0801643 0.0
0.196517 0.0763547 0.0
0.198662 0.0726497 0.0
0.200682 0.0690493 0.0
0.202582 0.0655527 0.0
0.204364 0.0621582 0.0
0.206033 0.0588634 0.0
0.207592 0.0556652 0.0
0.209043 0.0525604 0.0
0.210389 0.0495451 0.0
0.211633 0.0466153 0.0
0.212776 0.0437666 0.0
0.213821 0.0409948 0.0
0.214768 0.0382953 0.0
0.215618 0.0356636 0.0
0.216374 0.0330952 0.0
0.217035 0.0305855 0.0
0.217602 0.0281302 0.0
0.218075 0.0257248 0.0
0.218455 0.0233651 0.0
0.218741 0.0210468 0.0
0.218934 0.0187659 0.0
0.219032 0.0165184 0.0
0.219036 0.0143003 0.0
0.218944 0.0121079 0.0
0.218756 0.00993761 0.0
0.21847 0.00778576 0.0
0.218086 0.00564899 0.0
0.217602 0.00352405 0.0
0.217017 0.00140753 0.0
0.216327 -0.000713495 0.0
0.215528 -0.00283378 0.0
0.214622 -0.00495594 0.0
0.213607 -0.00708268 0.0
0.212481 -0.00921663 0.0
0.211242 -0.0113604 0.0
0.209886 -0.0135164 0.0
0.208412 -0.0156871 0.0
0.206816 -0.0178747 0.0
0.205094 -0.0200814 0.0
0.203243 -0.0223094 0.0
0.20126 -0.0245605 0.0
0.19914 -0.0268365 0.0
0.196879 -0.0291392 0.0
0.194472 -0.0314699 0.0
0.191914 -0.03383 0.0
0.189201 -0.0362206 0.0
0.186326 -0.0386427 0.0
0.183285 -0.0410971 0.0
0.18007 -0.0435844 0.0
0.176676 -0.0461049 0.0
0.173097 -0.048659 0.0
0.169325 -0.0512467 0.0
0.165354 -0.0538681 0.0
0.161178 -0.0565232 0.0
0.156788 -0.059212 0.0
0.152179 -0.0619346 0.0
0.147344 -0.0646916 0.0
0.142275 -0.0674839 0.0
0.136967 -0.0703132 0.0
0.131415 -0.0731822 0.0
0.125613 -0.0760954 0.0
0.119559 -0.0790591 0.0
0.11325 -0.0820826 0.0
0.106686 -0.0851793 0.0
0.0998696 -0.0883679 0.0
0.0928073 -0.0916747 0.0
0.0855085 -0.0951368 0.0
0.077988 -0.098806 0.0
0.0702669 -0.102756 0.0
0.0623735 -0.107096 0.0
0.0543449 -0.111985 0.0
0.0462274 -0.117676 0.0
0.0380769 -0.124583 0.0
0.0299529 -0.133423 0.0
0.021899 -0.145499 0.0
0.0138688 -0.163298 0.0
0.005452 -0.192101 0.0
-0.00492883 -0.24655 0.0
-0.017398 -0.329932 0.0
-0.0295198 -0.42937 0.0
-0.0380368 -0.522689 0.0
-0.0389755 -0.570789 0.0
-0.029019 -0.504028 0.0
-0.0105 -0.184288 0.0
0.000119691 -0.00305076 0.0
0.000664008 -0.0111231 0.0
0.00160882 -0.0143656 0.0
0.00265971 -0.0129248 0.0
0.00380602 -0.00730366 0.0
0.00532109 0.00217611 0.0
0.00754786 0.0152226 0.0
0.0106738 0.0310368 0.0
0.0146935 0.0484126 0.0
0.0194722 0.0660966 0.0
0.0248415 0.0830778 0.0
0.0306493 0.0986793 0.0
0.0367708 0.112516 0.0
0.0431067 0.124421 0.0
0.0495792 0.134375 0.0
0.0561282 0.142454 0.0
0.0627074 0.148789 0.0
0.0692815 0.153542 0.0
0.0758234 0.156882 0.0
0.0823116 0.158977 0.0
0.0887291 0.159986 0.0
0.0950612 0.160055 0.0
0.101295 0.159316 0.0
0.107419 0.157884 0.0
0.113422 0.155866 0.0
0.119292 0.15335 0.0
0.125021 0.150417 0.0
0.130599 0.147138 0.0
0.136018 0.143575 0.0
0.14127 0.139782 0.0
0.14635 0.135807 0.0
0.151253 0.131694 0.0
0.155975 0.127479 0.0
0.160514 0.123196 0.0
0.164869 0.118875 0.0
0.169041 0.11454 0.0
0.173029 0.110215 0.0
0.176838 0.105917 0.0
0.180469 0.101665 0.0
0.183925 0.0974705 0.0
0.187212 0.0933462 0.0
0.190333 0.0893011 0.0
0.193293 0.0853425 0.0
0.196096 0.081476 0.0
0.198748 0.0777056 0.0
0.201253 0.0740339 0.0
0.203616 0.0704622 0.0
0.205841 0.0669909 0.0
0.207934 0.0636192 0.0
0.209897 0.0603458 0.0
0.211735 0.0571685 0.0
0.213452 0.0540847 0.0
0.215051 0.0510913 0.0
0.216534 0.0481847 0.0
0.217904 0.0453613 0.0
0.219165 0.042617 0.0
0.220317 0.0399477 0.0
0.221363 0.0373492 0.0
0.222305 0.0348172 0.0
0.223144 0.0323475 0.0
0.22388 0.0299358 0.0
0.224515 0.0275777 0.0
0.22505 0.0252693 0.0
0.225484 0.0230063 0.0
0.225819 0.0207847 0.0
0.226054 0.0186006 0.0
0.226189 0.0164503 0.0
0.226224 0.01433 0.0
0.226158 0.012236 0.0
0.22599 0.0101651 0.0
0.225721 0.00811362 0.0
0.225348 0.00607849 0.0
0.22487 0.00405646 0.0
0.224286 0.00204399 0.0
0.223591 3.47913e-05 0.0
0.222784 -0.00197699 0.0
0.221866 -0.00398889 0.0
0.220835 -0.00600331 0.0
0.219687 -0.00802269 0.0
0.218422 -0.0100494 0.0
0.217036 -0.0120856 0.0
0.215526 -0.0141335 0.0
0.213889 -0.0161952 0.0
0.212122 -0.0182726 0.0
0.210222 -0.0203676 0.0
0.208185 -0.0224817 0.0
0.206006 -0.0246165 0.0
0.203681 -0.0267734 0.0
0.201206 -0.0289537 0.0
0.198576 -0.0311583 0.0
0.195785 -0.0333881 0.0
0.192829 -0.0356438 0.0
0.1897 -0.037926 0.0
0.186394 -0.0402349 0.0
0.182904 -0.0425708 0.0
0.179224 -0.0449336 0.0
0.175347 -0.0473233 0.0
0.171266 -0.0497399 0.0
0.166974 -0.0521831 0.0
0.162465 -0.0546531 0.0
0.15773 -0.05715 0.0
0.152764 -0.0596745 0.0
0.14756 -0.0622279 0.0
0.142111 -0.0648123 0.0
0.136411 -0.0674312 0.0
0.130457 -0.0700899 0.0
0.124243 -0.0727961 0.0
0.117767 -0.0755608 0.0
0.111029 -0.0783995 0.0
0.104032 -0.0813339 0.0
0.0967793 -0.0843939 0.0
0.0892814 -0.0876209 0.0
0.0815524 -0.0910724 0.0
0.0736128 -0.0948293 0.0
0.0654909 -0.0990074 0.0
0.057224 -0.103778 0.0
0.0488601 -0.109402 0.0
0.0404573 -0.116304 0.0
0.0320804 -0.125201 0.0
0.0237836 -0.13737 0.0
0.0155474 -0.155161 0.0
0.00702268 -0.183297 0.0
-0.00349078 -0.23446 0.0
-0.0165661 -0.316478 0.0
-0.0299309 -0.417338 0.0
-0.0399874 -0.516148 0.0
-0.0421825 -0.574197 0.0
-0.0323742 -0.520385 0.0
-0.0120179 -0.206806 0.0
0.000181867 -0.0033523 0.0
0.000901317 -0.0120853 0.0
0.00199531 -0.0154422 0.0
0.00299038 -0.0138942 0.0
0.00380773 -0.00829795 0.0
0.00470104 0.000762052 0.0
0.00606246 0.0130485 0.0
0.00821705 0.0279304 0.0
0.0113049 0.0444115 0.0
0.0152741 0.0613498 0.0
0.0199883 0.0777412 0.0
0.0253039 0.0928925 0.0
0.0310889 0.106397 0.0
0.03723 0.118064 0.0
0.0436334 0.127856 0.0
0.0502217 0.135835 0.0
0.0569317 0.142119 0.0
0.063712 0.146858 0.0
0.0705211 0.150215 0.0
0.0773248 0.152352 0.0
0.0840952 0.153424 0.0
0.0908084 0.153573 0.0
0.0974439 0.152929 0.0
0.103983 0.151608 0.0
0.110411 0.149712 0.0
0.116711 0.147332 0.0
0.122872 0.144546 0.0
0.12888 0.141424 0.0
0.134725 0.138026 0.0
0.140399 0.134405 0.0
0.145894 0.130609 0.0
0.151204 0.126679 0.0
0.156324 0.122651 0.0
0.161251 0.118557 0.0
0.165984 0.114425 0.0
0.170523 0.11028 0.0
0.174867 0.106142 0.0
0.179019 0.10203 0.0
0.18298 0.0979596 0.0
0.186755 0.0939441 0.0
0.190346 0.0899944 0.0
0.193759 0.0861194 0.0
0.196998 0.0823262 0.0
0.200066 0.0786202 0.0
0.202971 0.0750055 0.0
0.205715 0.0714846 0.0
0.208305 0.068059 0.0
0.210744 0.0647291 0.0
0.213038 0.0614946 0.0
0.215191 0.0583541 0.0
0.217207 0.0553059 0.0
0.21909 0.0523476 0.0
0.220844 0.0494762 0.0
0.222472 0.0466887 0.0
0.223977 0.0439816 0.0
0.225362 0.0413511 0.0
0.226629 0.0387935 0.0
0.227782 0.0363047 0.0
0.228821 0.0338808 0.0
0.229748 0.0315177 0.0
0.230566 0.0292114 0.0
0.231275 0.0269579 0.0
0.231876 0.0247532 0.0
0.232371 0.0225935 0.0
0.232759 0.0204749 0.0
0.23304 0.0183937 0.0
0.233216 0.0163463 0.0
0.233286 0.0143293 0.0
0.233249 0.0123391 0.0
0.233106 0.0103726 0.0
0.232855 0.00842659 0.0
0.232496 0.00649798 0.0
0.232027 0.00458388 0.0
0.231446 0.00268143 0.0
0.230751 0.000787319 0.0
0.229939 -0.00111139 0.0
0.229011 -0.00300824 0.0
0.227964 -0.00490556 0.0
0.226796 -0.00680559 0.0
0.225506 -0.00871047 0.0
0.22409 -0.0106222 0.0
0.222546 -0.0125428 0.0
0.22087 -0.014474 0.0
0.219061 -0.0164174 0.0
0.217113 -0.0183748 0.0
0.215023 -0.0203473 0.0
0.212787 -0.0223364 0.0
0.210402 -0.0243432 0.0
0.207861 -0.0263685 0.0
0.205161 -0.0284131 0.0
0.202296 -0.0304777 0.0
0.199261 -0.0325626 0.0
0.19605 -0.0346681 0.0
0.192658 -0.0367942 0.0
0.189077 -0.038941 0.0
0.185302 -0.0411082 0.0
0.181326 -0.0432956 0.0
0.177143 -0.0455029 0.0
0.172744 -0.04773 0.0
0.168124 -0.0499767 0.0
0.163276 -0.0522434 0.0
0.158192 -0.0545309 0.0
0.152865 -0.0568407 0.0
0.14729 -0.0591754 0.0
0.141461 -0.0615391 0.0
0.135371 -0.0639379 0.0
0.129018 -0.0663809 0.0
0.122399 -0.0688807 0.0
0.115511 -0.0714548 0.0
0.108358 -0.0741277 0.0
0.100943 -0.0769328 0.0
0.0932749 -0.0799158 0.0
0.0853665 -0.08314 0.0
0.0772377 -0.0866931 0.0
0.0689155 -0.0906995 0.0
0.060437 -0.0953402 0.0
0.0518498 -0.100889 0.0
0.0432136 -0.107779 0.0
0.034597 -0.116733 0.0
0.0260634 -0.129008 0.0
0.0176197 -0.146843 0.0
0.00899242 -0.174463 0.0
-0.00149064 -0.222298 0.0
-0.0149535 -0.302102 0.0
-0.0295113 -0.403791 0.0
-0.041225 -0.507924 0.0
-0.044942 -0.576508 0.0
-0.03558 -0.537244 0.0
-0.0135298 -0.232353 0.0
0.000248092 -0.00378225 0.0
0.00111658 -0.0132433 0.0
0.00227094 -0.0165325 0.0
0.00308758 -0.0146155 0.0
0.0034585 -0.00876487 0.0
0.00363245 0.000161741 0.0
0.00404642 0.0118734 0.0
0.00516768 0.0258296 0.0
0.00729262 0.0412995 0.0
0.0104387 0.0573466 0.0
0.0144901 0.0729789 0.0
0.0193133 0.0875161 0.0
0.024763 0.100538 0.0
0.030711 0.111833 0.0
0.0370481 0.121347 0.0
0.0436802 0.129124 0.0
0.0505273 0.135272 0.0
0.0575221 0.13993 0.0
0.0646087 0.143248 0.0
0.0717401 0.145384 0.0
0.078877 0.146485 0.0
0.0859861 0.146689 0.0
0.0930389 0.146124 0.0
0.10001 0.144902 0.0
0.106879 0.143123 0.0
0.113625 0.140875 0.0
0.120232 0.138236 0.0
0.126685 0.135273 0.0
0.132971 0.132045 0.0
0.139079 0.128604 0.0
0.145001 0.124994 0.0
0.150729 0.121257 0.0
0.156258 0.117425 0.0
0.161583 0.11353 0.0
0.166703 0.109599 0.0
0.171617 0.105654 0.0
0.176324 0.101716 0.0
0.180827 0.0978018 0.0
0.185127 0.0939265 0.0
0.189226 0.0901026 0.0
0.19313 0.0863405 0.0
0.196842 0.0826488 0.0
0.200366 0.0790342 0.0
0.203707 0.0755019 0.0
0.206871 0.0720559 0.0
0.209862 0.0686988 0.0
0.212685 0.065432 0.0
0.215345 0.0622562 0.0
0.217848 0.059171 0.0
0.220197 0.0561755 0.0
0.222398 0.0532679 0.0
0.224454 0.0504463 0.0
0.22637 0.047708 0.0
0.228149 0.04505 0.0
0.229795 0.0424693 0.0
0.231311 0.0399624 0.0
0.2327 0.0375257 0.0
0.233964 0.0351556 0.0
0.235107 0.0328482 0.0
0.236129 0.0306 0.0
0.237034 0.0284069 0.0
0.237822 0.0262654 0.0
0.238495 0.0241717 0.0
0.239053 0.0221221 0.0
0.239499 0.020113 0.0
0.239831 0.018141 0.0
0.240052 0.0162027 0.0
0.24016 0.0142947 0.0
0.240157 0.0124139 0.0
0.24004 0.0105573 0.0
0.239811 0.00872184 0.0
0.239469 0.00690479 0.0
0.239011 0.00510351 0.0
0.238438 0.00331556 0.0
0.237748 0.0015384 0.0
0.236936 -0.000238369 0.0
0.235998 -0.00201539 0.0
0.234937 -0.00379086 0.0
0.233752 -0.00556687 0.0
0.232438 -0.00734533 0.0
0.230995 -0.00912805 0.0
0.229418 -0.0109167 0.0
0.227707 -0.0127129 0.0
0.225856 -0.014518 0.0
0.223863 -0.0163333 0.0
0.221724 -0.01816 0.0
0.219435 -0.0199991 0.0
0.216991 -0.0218515 0.0
0.214389 -0.0237177 0.0
0.211624 -0.0255982 0.0
0.20869 -0.0274935 0.0
0.205582 -0.0294037 0.0
0.202294 -0.0313287 0.0
0.198821 -0.0332683 0.0
0.195157 -0.0352224 0.0
0.191296 -0.0371904 0.0
0.187231 -0.0391721 0.0
0.182955 -0.0411669 0.0
0.178461 -0.0431745 0.0
0.173744 -0.0451949 0.0
0.168796 -0.0472284 0.0
0.16361 -0.0492759 0.0
0.15818 -0.0513391 0.0
0.152499 -0.0534211 0.0
0.146562 -0.0555265 0.0
0.140363 -0.0576624 0.0
0.133898 -0.0598387 0.0
0.127164 -0.0620695 0.0
0.12016 -0.0643745 0.0
0.112886 -0.0667805 0.0
0.105345 -0.0693243 0.0
0.0975453 -0.0720559 0.0
0.0894973 -0.0750437 0.0
0.0812191 -0.0783823 0.0
0.0727357 -0.0822048 0.0
0.0640819 -0.0867025 0.0
0.0553038 -0.0921611 0.0
0.0464602 -0.0990265 0.0
0.0376204 -0.108029 0.0
0.0288535 -0.120412 0.0
0.020187 -0.138329 0.0
0.0114328 -0.165595 0.0
0.00115475 -0.210404 0.0
-0.0124155 -0.286962 0.0
-0.0280514 -0.388737 0.0
-0.0415002 -0.497815 0.0
-0.047023 -0.577377 0.0
-0.0384786 -0.554282 0.0
-0.0149806 -0.260864 0.0
0.000308976 -0.00433931 0.0
0.00124978 -0.0144955 0.0
0.00228341 -0.0174683 0.0
0.00269995 -0.0149129 0.0
0.0024208 -0.00855919 0.0
0.00171659 0.00048635 0.0
0.00108539 0.0117661 0.0
0.00114473 0.0247564 0.0
0.00233995 0.0390525 0.0
0.00471969 0.0540677 0.0
0.00816875 0.0687573 0.0
0.0125611 0.0825222 0.0
0.0177198 0.0949237 0.0
0.0235041 0.105716 0.0
0.0297973 0.114834 0.0
0.036491 0.122311 0.0
0.0434902 0.128239 0.0
0.0507133 0.132745 0.0
0.0580906 0.135969 0.0
0.0655629 0.138059 0.0
0.0730801 0.139155 0.0
0.0805993 0.13939 0.0
0.0880839 0.138886 0.0
0.095502 0.13775 0.0
0.102826 0.136081 0.0
0.110032 0.133964 0.0
0.117099 0.131473 0.0
0.12401 0.128673 0.0
0.130748 0.125621 0.0
0.137302 0.122366 0.0
0.14366 0.118952 0.0
0.149815 0.115416 0.0
0.155761 0.111792 0.0
0.161492 0.108107 0.0
0.167006 0.104388 0.0
0.172301 0.100656 0.0
0.177378 0.09693 0.0
0.182236 0.0932264 0.0
0.186879 0.0895591 0.0
0.19131 0.0859399 0.0
0.19553 0.0823787 0.0
0.199546 0.0788835 0.0
0.203361 0.0754607 0.0
0.206979 0.0721153 0.0
0.210407 0.0688511 0.0
0.21365 0.0656706 0.0
0.216711 0.0625754 0.0
0.219598 0.059566 0.0
0.222314 0.0566424 0.0
0.224865 0.0538037 0.0
0.227256 0.0510485 0.0
0.22949 0.0483748 0.0
0.231573 0.0457804 0.0
0.233509 0.0432626 0.0
0.235302 0.0408185 0.0
0.236954 0.0384449 0.0
0.238469 0.0361386 0.0
0.239851 0.0338962 0.0
0.241102 0.0317142 0.0
0.242224 0.0295891 0.0
0.24322 0.0275174 0.0
0.244092 0.0254955 0.0
0.24484 0.0235201 0.0
0.245468 0.0215877 0.0
0.245975 0.019695 0.0
0.246362 0.0178387 0.0
0.246631 0.0160156 0.0
0.246782 0.0142227 0.0
0.246814 0.0124571 0.0
0.246728 0.0107159 0.0
0.246524 0.00899639 0.0
0.246201 0.00729604 0.0
0.245758 0.00561245 0.0
0.245195 0.00394338 0.0
0.244509 0.00228659 0.0
0.243696 0.000638224 0.0
0.242755 -0.00101338 0.0
0.241685 -0.00266211 0.0
0.240485 -0.00430942 0.0
0.239152 -0.00595688 0.0
0.237685 -0.00760604 0.0
0.236081 -0.00925836 0.0
0.234337 -0.0109152 0.0
0.23245 -0.0125776 0.0
0.230416 -0.0142468 0.0
0.228232 -0.0159236 0.0
0.225894 -0.0176087 0.0
0.223398 -0.0193028 0.0
0.22074 -0.0210062 0.0
0.217915 -0.0227191 0.0
0.214919 -0.0244417 0.0
0.211745 -0.0261738 0.0
0.208389 -0.0279152 0.0
0.204845 -0.0296655 0.0
0.201108 -0.0314241 0.0
0.197171 -0.0331905 0.0
0.193029 -0.0349642 0.0
0.188675 -0.0367445 0.0
0.184102 -0.038531 0.0
0.179305 -0.0403236 0.0
0.174276 -0.0421228 0.0
0.16901 -0.0439294 0.0
0.1635 -0.0457454 0.0
0.15774 -0.0475742 0.0
0.151725 -0.0494211 0.0
0.14545 -0.0512935 0.0
0.138909 -0.0532025 0.0
0.132101 -0.0551634 0.0
0.125022 -0.0571976 0.0
0.117673 -0.0593342 0.0
0.110056 -0.0616126 0.0
0.102175 -0.0640867 0.0
0.0940401 -0.06683 0.0
0.085666 -0.0699435 0.0
0.077074 -0.0735683 0.0
0.068295 -0.0779062 0.0
0.059371 -0.0832553 0.0
0.050357 -0.0900746 0.0
0.0413196 -0.0991038 0.0
0.0323275 -0.111578 0.0
0.0234183 -0.129587 0.0
0.0144767 -0.156641 0.0
0.00452941 -0.199133 0.0
-0.00883224 -0.271302 0.0
-0.0253328 -0.372261 0.0
-0.0405362 -0.48564 0.0
-0.0481628 -0.576404 0.0
-0.0408894 -0.571073 0.0
-0.0163077 -0.292152 0.0
0.000348407 -0.00499668 0.0
0.00121474 -0.0156453 0.0
0.00182809 -0.0179655 0.0
0.00149788 -0.014502 0.0
0.000251938 -0.00744497 0.0
-0.001523 0.0018513 0.0
-0.00317137 0.0126807 0.0
-0.00405583 0.0246669 0.0
-0.00379297 0.037684 0.0
-0.00216513 0.0514287 0.0
0.000824473 0.0649577 0.0
0.00492575 0.0778282 0.0
0.00988678 0.0894981 0.0
0.0155721 0.0996716 0.0
0.0218669 0.10829 0.0
0.0286542 0.115374 0.0
0.0358286 0.121003 0.0
0.0432982 0.125289 0.0
0.0509818 0.128364 0.0
0.058809 0.130365 0.0
0.0667196 0.131422 0.0
0.0746617 0.131662 0.0
0.0825907 0.1312 0.0
0.0904679 0.13014 0.0
0.0982598 0.128575 0.0
0.105937 0.126586 0.0
0.113476 0.124245 0.0
0.120854 0.121612 0.0
0.128053 0.118743 0.0
0.135061 0.115683 0.0
0.141863 0.112474 0.0
0.148452 0.109151 0.0
0.154819 0.105744 0.0
0.160961 0.102282 0.0
0.166873 0.0987874 0.0
0.172554 0.0952807 0.0
0.178003 0.0917797 0.0
0.183221 0.0882996 0.0
0.188211 0.0848534 0.0
0.192974 0.0814522 0.0
0.197515 0.078105 0.0
0.201837 0.0748195 0.0
0.205945 0.0716017 0.0
0.209844 0.0684563 0.0
0.213539 0.0653869 0.0
0.217036 0.0623959 0.0
0.220339 0.0594849 0.0
0.223455 0.0566544 0.0
0.226388 0.0539045 0.0
0.229144 0.0512344 0.0
0.231729 0.048643 0.0
0.234145 0.0461285 0.0
0.2364 0.0436889 0.0
0.238496 0.0413218 0.0
0.240439 0.0390245 0.0
0.242231 0.0367941 0.0
0.243877 0.0346278 0.0
0.24538 0.0325222 0.0
0.246743 0.0304743 0.0
0.247969 0.0284808 0.0
0.24906 0.0265385 0.0
0.250019 0.0246441 0.0
0.250847 0.0227945 0.0
0.251547 0.0209865 0.0
0.252119 0.019217 0.0
0.252565 0.017483 0.0
0.252886 0.0157816 0.0
0.253082 0.01411 0.0
0.253154 0.0124654 0.0
0.253102 0.0108453 0.0
0.252926 0.00924718 0.0
0.252625 0.00766875 0.0
0.2522 0.00610786 0.0
0.251649 0.00456252 0.0
0.250972 0.00303097 0.0
0.250166 0.00151139 0.0
0.249226 -5.34022e-06 0.0
0.248149 -0.00152296 0.0
0.246938 -0.00303702 0.0
0.24559 -0.004549 0.0
0.244103 -0.00606022 0.0
0.242475 -0.00757195 0.0
0.240703 -0.00908525 0.0
0.238784 -0.0106011 0.0
0.236715 -0.0121203 0.0
0.234492 -0.0136434 0.0
0.232112 -0.0151711 0.0
0.22957 -0.0167035 0.0
0.226864 -0.0182409 0.0
0.223988 -0.0197833 0.0
0.220938 -0.0213305 0.0
0.217708 -0.0228821 0.0
0.214295 -0.0244378 0.0
0.210693 -0.0259969 0.0
0.206896 -0.0275586 0.0
0.202899 -0.0291224 0.0
0.198696 -0.0306874 0.0
0.194283 -0.032253 0.0
0.189652 -0.0338188 0.0
0.184798 -0.0353845 0.0
0.179715 -0.0369506 0.0
0.174398 -0.0385181 0.0
0.16884 -0.0400893 0.0
0.163037 -0.0416677 0.0
0.156984 -0.0432589 0.0
0.150675 -0.044871 0.0
0.144106 -0.0465159 0.0
0.137274 -0.0482097 0.0
0.130177 -0.0499752 0.0
0.122812 -0.051843 0.0
0.115181 -0.0538552 0.0
0.107287 -0.0560686 0.0
0.0991341 -0.0585609 0.0
0.0907344 -0.0614387 0.0
0.0821039 -0.0648506 0.0
0.0732672 -0.0690082 0.0
0.0642596 -0.0742217 0.0
0.0551288 -0.0809635 0.0
0.0459349 -0.0899835 0.0
0.0367414 -0.102513 0.0
0.0275887 -0.120591 0.0
0.018412 -0.14752 0.0
0.00871613 -0.188611 0.0
-0.00415712 -0.255589 0.0
-0.0210993 -0.354531 0.0
-0.0380202 -0.471245 0.0
-0.0480602 -0.573132 0.0
-0.0426055 -0.587073 0.0
-0.0174398 -0.3259 0.0
0.000340263 -0.00568534 0.0
0.000890366 -0.016373 0.0
0.000628914 -0.0175896 0.0
-0.000959247 -0.0129595 0.0
-0.00351239 -0.00518838 0.0
-0.00640931 0.00426659 0.0
-0.00897335 0.0144779 0.0
-0.0106327 0.0254137 0.0
-0.0110695 0.0371111 0.0
-0.0100742 0.0493784 0.0
-0.00762839 0.0615726 0.0
-0.00385339 0.073337 0.0
0.00108593 0.0840889 0.0
0.00686199 0.0936193 0.0
0.0132481 0.101661 0.0
0.0201825 0.108281 0.0
0.0275642 0.113539 0.0
0.0353025 0.117544 0.0
0.0433092 0.120419 0.0
0.051505 0.122287 0.0
0.0598206 0.123273 0.0
0.0681963 0.123493 0.0
0.07658 0.123056 0.0
0.0849262 0.122061 0.0
0.0931951 0.120594 0.0
0.101353 0.118733 0.0
0.10937 0.116543 0.0
0.117222 0.114084 0.0
0.124889 0.111404 0.0
0.132354 0.108549 0.0
0.139605 0.105555 0.0
0.146631 0.102455 0.0
0.153423 0.0992793 0.0
0.159977 0.0960517 0.0
0.166289 0.0927942 0.0
0.172356 0.0895258 0.0
0.178178 0.086263 0.0
0.183757 0.0830196 0.0
0.189093 0.0798078 0.0
0.19419 0.0766378 0.0
0.199051 0.073518 0.0
0.20368 0.0704555 0.0
0.208081 0.0674558 0.0
0.212261 0.0645234 0.0
0.216224 0.0616616 0.0
0.219976 0.0588727 0.0
0.223523 0.0561583 0.0
0.226869 0.0535189 0.0
0.230021 0.0509547 0.0
0.232984 0.048465 0.0
0.235763 0.0460488 0.0
0.238365 0.0437046 0.0
0.240792 0.0414306 0.0
0.243052 0.0392246 0.0
0.245147 0.0370842 0.0
0.247082 0.0350068 0.0
0.248861 0.0329897 0.0
0.250488 0.0310301 0.0
0.251966 0.0291251 0.0
0.253299 0.0272717 0.0
0.254488 0.0254669 0.0
0.255537 0.0237078 0.0
0.256448 0.0219915 0.0
0.257223 0.0203151 0.0
0.257864 0.0186758 0.0
0.258371 0.0170708 0.0
0.258747 0.0154975 0.0
0.258991 0.0139532 0.0
0.259106 0.0124356 0.0
0.259091 0.0109423 0.0
0.258946 0.00947107 0.0
0.258671 0.0080198 0.0
0.258267 0.00658659 0.0
0.257732 0.00516967 0.0
0.257066 0.00376748 0.0
0.256267 0.00237852 0.0
0.255334 0.00100034 0.0
0.25426 -0.000377422 0.0
0.253043 -0.0017539 0.0
0.251685 -0.00312619 0.0
0.250184 -0.0044954 0.0
0.248538 -0.00586263 0.0
0.246744 -0.00722873 0.0
0.2448 -0.00859442 0.0
0.242702 -0.00996026 0.0
0.240449 -0.0113267 0.0
0.238035 -0.012694 0.0
0.235458 -0.0140622 0.0
0.232713 -0.0154313 0.0
0.229797 -0.0168012 0.0
0.226706 -0.0181713 0.0
0.223436 -0.0195413 0.0
0.219981 -0.0209105 0.0
0.216337 -0.0222781 0.0
0.2125 -0.0236433 0.0
0.208465 -0.0250053 0.0
0.204226 -0.0263632 0.0
0.199779 -0.0277164 0.0
0.195119 -0.0290643 0.0
0.19024 -0.0304068 0.0
0.185139 -0.0317443 0.0
0.17981 -0.0330781 0.0
0.174249 -0.0344104 0.0
0.16845 -0.035745 0.0
0.16241 -0.0370878 0.0
0.156124 -0.0384473 0.0
0.149589 -0.0398357 0.0
0.142801 -0.0412699 0.0
0.135756 -0.0427732 0.0
0.128454 -0.0443777 0.0
0.120891 -0.0461268 0.0
0.113068 -0.0480795 0.0
0.104987 -0.0503166 0.0
0.0966528 -0.0529492 0.0
0.0880753 -0.056132 0.0
0.0792706 -0.0600853 0.0
0.0702642 -0.0651304 0.0
0.0610928 -0.0717526 0.0
0.0518053 -0.0807129 0.0
0.0424559 -0.0932405 0.0
0.0330828 -0.111337 0.0
0.0236541 -0.138168 0.0
0.0138798 -0.178493 0.0
0.0016911 -0.240645 0.0
-0.0150557 -0.335786 0.0
-0.0335975 -0.454527 0.0
-0.0463623 -0.567044 0.0
-0.0433841 -0.601593 0.0
-0.0182948 -0.361634 0.0
0.000245 -0.00627059 0.0
0.000107916 -0.0162008 0.0
-0.00161428 -0.0157782 0.0
-0.0049097 -0.00988735 0.0
-0.00905585 -0.00156124 0.0
-0.013147 0.00762757 0.0
-0.0164709 0.0170048 0.0
-0.018713 0.0267882 0.0
-0.019643 0.0371034 0.0
-0.0190937 0.0478415 0.0
-0.0170284 0.0585984 0.0
-0.013523 0.0690308 0.0
-0.0087372 0.07867 0.0
-0.00286384 0.0873889 0.0
0.00384349 0.0947981 0.0
0.0110793 0.100974 0.0
0.018726 0.105818 0.0
0.0267631 0.10949 0.0
0.0351117 0.112118 0.0
0.0436884 0.113816 0.0
0.0524184 0.114699 0.0
0.0612357 0.114875 0.0
0.0700815 0.114446 0.0
0.0789033 0.113504 0.0
0.0876553 0.11213 0.0
0.0962979 0.110396 0.0
0.104798 0.108363 0.0
0.113127 0.106083 0.0
0.121263 0.103602 0.0
0.129188 0.100961 0.0
0.136887 0.0981932 0.0
0.144349 0.0953296 0.0
0.151565 0.0923962 0.0
0.15853 0.089416 0.0
0.165239 0.0864089 0.0
0.171691 0.0833921 0.0
0.177884 0.0803807 0.0
0.18382 0.0773874 0.0
0.189501 0.0744234 0.0
0.194928 0.0714979 0.0
0.200107 0.0686186 0.0
0.205041 0.0657921 0.0
0.209734 0.0630236 0.0
0.214193 0.060317 0.0
0.218423 0.0576755 0.0
0.222428 0.0551012 0.0
0.226216 0.0525956 0.0
0.229792 0.0501593 0.0
0.233162 0.0477925 0.0
0.236332 0.0454946 0.0
0.239306 0.0432648 0.0
0.242092 0.0411018 0.0
0.244694 0.039004 0.0
0.247116 0.0369693 0.0
0.249365 0.0349957 0.0
0.251444 0.0330809 0.0
0.253358 0.0312225 0.0
0.255111 0.0294178 0.0
0.256706 0.0276642 0.0
0.258147 0.0259592 0.0
0.259437 0.0243 0.0
0.260578 0.0226839 0.0
0.261574 0.0211083 0.0
0.262427 0.0195707 0.0
0.263138 0.0180684 0.0
0.26371 0.016599 0.0
0.264144 0.0151601 0.0
0.26444 0.0137494 0.0
0.2646 0.0123646 0.0
0.264625 0.0110037 0.0
0.264515 0.00966471 0.0
0.26427 0.00834574 0.0
0.26389 0.0070451 0.0
0.263375 0.00576124 0.0
0.262724 0.00449278 0.0
0.261937 0.0032385 0.0
0.261013 0.00199722 0.0
0.259948 0.000764887 0.0
0.258735 -0.00046596 0.0
0.257374 -0.00169483 0.0
0.255866 -0.00291835 0.0
0.254211 -0.0041378 0.0
0.252404 -0.00535361 0.0
0.250445 -0.00656634 0.0
0.248331 -0.00777631 0.0
0.246058 -0.00898377 0.0
0.243623 -0.0101888 0.0
0.241025 -0.0113914 0.0
0.238258 -0.0125912 0.0
0.23532 -0.0137879 0.0
0.232208 -0.0149811 0.0
0.228917 -0.01617 0.0
0.225444 -0.0173539 0.0
0.221785 -0.0185319 0.0
0.217936 -0.0197032 0.0
0.213893 -0.0208669 0.0
0.209652 -0.0220221 0.0
0.20521 -0.0231682 0.0
0.200562 -0.0243046 0.0
0.195705 -0.0254313 0.0
0.190635 -0.0265488 0.0
0.185349 -0.0276582 0.0
0.179842 -0.0287622 0.0
0.174112 -0.0298645 0.0
0.168155 -0.0309712 0.0
0.161968 -0.0320909 0.0
0.155547 -0.0332359 0.0
0.148889 -0.0344233 0.0
0.14199 -0.0356766 0.0
0.134847 -0.0370282 0.0
0.127456 -0.0385222 0.0
0.119813 -0.0402185 0.0
0.111916 -0.0421997 0.0
0.103764 -0.0445795 0.0
0.095357 -0.0475172 0.0
0.0867012 -0.0512396 0.0
0.0778088 -0.0560772 0.0
0.0687016 -0.0625273 0.0
0.0594119 -0.071361 0.0
0.0499765 -0.0838075 0.0
0.0404166 -0.101837 0.0
0.0306877 -0.12851 0.0
0.0205585 -0.168247 0.0
0.00905449 -0.227198 0.0
-0.0069931 -0.316439 0.0
-0.0268572 -0.435469 0.0
-0.0426371 -0.557558 0.0
-0.0429267 -0.613768 0.0
-0.018773 -0.398702 0.0
6.12747e-06 -0.00652171 0.0
-0.00133505 -0.0144714 0.0
-0.00515756 -0.0119628 0.0
-0.0106024 -0.00496245 0.0
-0.016435 0.00349264 0.0
-0.0216049 0.0118347 0.0
-0.0255974 0.0201141 0.0
-0.0282855 0.0286091 0.0
-0.0295421 0.0374692 0.0
-0.0292595 0.0466438 0.0
-0.0274082 0.0558797 0.0
-0.0240475 0.0648835 0.0
-0.0193191 0.0733032 0.0
-0.0134023 0.0809655 0.0
-0.00649786 0.0876097 0.0
0.00118674 0.0932423 0.0
0.00931634 0.0977738 0.0
0.0177184 0.101095 0.0
0.0264367 0.103445 0.0
0.0354066 0.104942 0.0
0.0445574 0.105692 0.0
0.0538211 0.1058 0.0
0.0631333 0.105362 0.0
0.0724346 0.104464 0.0
0.0816723 0.10318 0.0
0.090801 0.101575 0.0
0.0997832 0.0997022 0.0
0.108588 0.0976093 0.0
0.11719 0.095337 0.0
0.125571 0.0929208 0.0
0.133713 0.0903915 0.0
0.141607 0.0877762 0.0
0.149242 0.0850985 0.0
0.156612 0.0823789 0.0
0.163713 0.0796354 0.0
0.170544 0.0768836 0.0
0.177102 0.0741369 0.0
0.18339 0.0714071 0.0
0.18941 0.0687041 0.0
0.195163 0.0660362 0.0
0.200654 0.0634106 0.0
0.205887 0.0608331 0.0
0.210868 0.0583084 0.0
0.215601 0.0558401 0.0
0.220093 0.0534312 0.0
0.224349 0.0510837 0.0
0.228375 0.0487989 0.0
0.232178 0.0465774 0.0
0.235763 0.0444193 0.0
0.239137 0.0423245 0.0
0.242305 0.0402919 0.0
0.245273 0.0383206 0.0
0.248048 0.0364091 0.0
0.250633 0.0345558 0.0
0.253035 0.0327587 0.0
0.255258 0.0310158 0.0
0.257307 0.029325 0.0
0.259186 0.0276839 0.0
0.260898 0.0260902 0.0
0.262449 0.0245416 0.0
0.263841 0.0230358 0.0
0.265077 0.0215702 0.0
0.26616 0.0201426 0.0
0.267093 0.0187506 0.0
0.267878 0.0173921 0.0
0.268517 0.0160647 0.0
0.269012 0.0147663 0.0
0.269364 0.013495 0.0
0.269574 0.0122487 0.0
0.269643 0.0110256 0.0
0.269572 0.00982391 0.0
0.269362 0.00864211 0.0
0.269012 0.00747866 0.0
0.268522 0.0063322 0.0
0.267893 0.00520153 0.0
0.267124 0.0040856 0.0
0.266215 0.00298349 0.0
0.265165 0.00189408 0.0
0.263969 0.000813243 0.0
0.262621 -0.00026424 0.0
0.261118 -0.00133918 0.0
0.259466 -0.00240868 0.0
0.257661 -0.00347213 0.0
0.255703 -0.00453032 0.0
0.253588 -0.00558316 0.0
0.251315 -0.0066309 0.0
0.248881 -0.0076735 0.0
0.246284 -0.00871068 0.0
0.243521 -0.00974204 0.0
0.240589 -0.0107672 0.0
0.237485 -0.0117857 0.0
0.234207 -0.0127966 0.0
0.230752 -0.0137992 0.0
0.227118 -0.0147926 0.0
0.2233 -0.0157759 0.0
0.219297 -0.0167483 0.0
0.215106 -0.017709 0.0
0.210724 -0.0186574 0.0
0.20615 -0.019593 0.0
0.20138 -0.0205159 0.0
0.196412 -0.0214265 0.0
0.191244 -0.0223262 0.0
0.185874 -0.0232176 0.0
0.180299 -0.0241046 0.0
0.174518 -0.0249931 0.0
0.168528 -0.0258917 0.0
0.162327 -0.0268123 0.0
0.15591 -0.0277717 0.0
0.149274 -0.0287931 0.0
0.142414 -0.0299083 0.0
0.135323 -0.0311607 0.0
0.127996 -0.0326102 0.0
0.120424 -0.034339 0.0
0.112598 -0.0364617 0.0
0.104509 -0.0391394 0.0
0.0961505 -0.042603 0.0
0.0875189 -0.0471897 0.0
0.0786169 -0.0534056 0.0
0.0694544 -0.0620304 0.0
0.0600438 -0.0742921 0.0
0.0503808 -0.0921295 0.0
0.0403984 -0.118506 0.0
0.0298881 -0.157611 0.0
0.0183192 -0.214761 0.0
0.00312766 -0.297636 0.0
-0.017177 -0.414102 0.0
-0.0363142 -0.544008 0.0
-0.0408437 -0.622499 0.0
-0.0187465 -0.436222 0.0
-0.000481074 -0.00604675 0.0
-0.00371772 -0.0103685 0.0
-0.010405 -0.00555587 0.0
-0.0183898 0.00206025 0.0
-0.0257844 0.0096971 0.0
-0.0317544 0.0167702 0.0
-0.0362714 0.0236882 0.0
-0.0392793 0.030731 0.0
-0.0407187 0.0380433 0.0
-0.0405411 0.0456094 0.0
-0.0387449 0.0532665 0.0
-0.0353924 0.0607834 0.0
-0.0306131 0.0678955 0.0
-0.0245747 0.074418 0.0
-0.0174724 0.0801506 0.0
-0.00951162 0.0850561 0.0
-0.000858247 0.089177 0.0
0.00815576 0.092276 0.0
0.0173254 0.0943768 0.0
0.0267102 0.0956558 0.0
0.0362879 0.0962497 0.0
0.0460008 0.0962662 0.0
0.0557821 0.0958026 0.0
0.0655644 0.0949398 0.0
0.0752872 0.0937441 0.0
0.0848992 0.0922704 0.0
0.0943586 0.0905651 0.0
0.103632 0.0886683 0.0
0.112693 0.0866149 0.0
0.12152 0.0844355 0.0
0.130097 0.0821569 0.0
0.138412 0.0798027 0.0
0.146455 0.0773936 0.0
0.154221 0.0749479 0.0
0.161705 0.0724814 0.0
0.168904 0.0700078 0.0
0.175819 0.0675393 0.0
0.182449 0.0650861 0.0
0.188798 0.0626571 0.0
0.194869 0.0602598 0.0
0.200664 0.0579005 0.0
0.206189 0.0555845 0.0
0.21145 0.053316 0.0
0.216451 0.0510983 0.0
0.221198 0.048934 0.0
0.225698 0.0468249 0.0
0.229957 0.0447723 0.0
0.233982 0.0427768 0.0
0.237778 0.0408385 0.0
0.241352 0.0389572 0.0
0.244711 0.0371324 0.0
0.247859 0.0353629 0.0
0.250804 0.0336476 0.0
0.253551 0.031985 0.0
0.256105 0.0303736 0.0
0.258472 0.0288115 0.0
0.260655 0.0272968 0.0
0.262661 0.0258276 0.0
0.264493 0.0244018 0.0
0.266155 0.0230174 0.0
0.267651 0.0216722 0.0
0.268984 0.0203642 0.0
0.270158 0.0190913 0.0
0.271175 0.0178515 0.0
0.272038 0.0166429 0.0
0.27275 0.0154634 0.0
0.273312 0.0143112 0.0
0.273725 0.0131846 0.0
0.273992 0.0120818 0.0
0.274114 0.0110013 0.0
0.274092 0.00994159 0.0
0.273925 0.00890119 0.0
0.273616 0.00787887 0.0
0.273164 0.00687346 0.0
0.272569 0.00588392 0.0
0.271832 0.00490934 0.0
0.270952 0.00394889 0.0
0.269929 0.0030018 0.0
0.268763 0.00206706 0.0
0.267452 0.00114204 0.0
0.265987 0.000221647 0.0
0.264364 -0.000693751 0.0
0.262586 -0.00160466 0.0
0.260655 -0.00250903 0.0
0.258571 -0.00340556 0.0
0.256331 -0.00429521 0.0
0.253933 -0.00517782 0.0
0.251377 -0.00605276 0.0
0.24866 -0.00691948 0.0
0.24578 -0.00777784 0.0
0.242736 -0.00862734 0.0
0.239526 -0.00946719 0.0
0.236149 -0.0102964 0.0
0.232602 -0.011114 0.0
0.228885 -0.0119194 0.0
0.224995 -0.012712 0.0
0.220932 -0.0134911 0.0
0.216694 -0.0142562 0.0
0.212282 -0.0150069 0.0
0.207693 -0.0157432 0.0
0.202927 -0.0164656 0.0
0.197984 -0.0171757 0.0
0.192862 -0.017876 0.0
0.18756 -0.0185704 0.0
0.182079 -0.0192646 0.0
0.176415 -0.0199666 0.0
0.170567 -0.0206879 0.0
0.164533 -0.0214443 0.0
0.158306 -0.0222578 0.0
0.151881 -0.0231588 0.0
0.145251 -0.0241892 0.0
0.138403 -0.0254068 0.0
0.131325 -0.026892 0.0
0.124 -0.0287577 0.0
0.11641 -0.031164 0.0
0.108532 -0.0343424 0.0
0.100346 -0.0386328 0.0
0.0918319 -0.0445462 0.0
0.0829718 -0.052867 0.0
0.0737451 -0.0648182 0.0
0.0641078 -0.082303 0.0
0.0539442 -0.108187 0.0
0.0429867 -0.146463 0.0
0.0307104 -0.202064 0.0
0.0160748 -0.280506 0.0
-0.00409702 -0.390756 0.0
-0.0266532 -0.525661 0.0
-0.0366004 -0.62637 0.0
-0.0180404 -0.473009 0.0
-0.00139373 -0.00417193 0.0
-0.00760301 -0.00279737 0.0
-0.0178993 0.00385667 0.0
-0.0281032 0.0108364 0.0
-0.0366518 0.016864 0.0
-0.0434014 0.022323 0.0
-0.0483674 0.0276184 0.0
-0.0515835 0.0330249 0.0
-0.0530722 0.0386776 0.0
-0.0528523 0.0445777 0.0
-0.0509634 0.0506132 0.0
-0.0474856 0.0566065 0.0
-0.0425461 0.0623536 0.0
-0.0363069 0.0676823 0.0
-0.0289566 0.0724338 0.0
-0.0206934 0.0765489 0.0
-0.0116896 0.080027 0.0
-0.00210269 0.082825 0.0
0.0077401 0.0848153 0.0
0.0176355 0.0859371 0.0
0.0276603 0.086366 0.0
0.037829 0.0862684 0.0
0.0480844 0.0857639 0.0
0.0583495 0.084931 0.0
0.0685547 0.083825 0.0
0.078643 0.0824893 0.0
0.0885695 0.0809603 0.0
0.0982992 0.0792702 0.0
0.107804 0.0774472 0.0
0.117064 0.0755168 0.0
0.126061 0.0735015 0.0
0.134783 0.0714213 0.0
0.14322 0.069294 0.0
0.151367 0.0671351 0.0
0.159219 0.0649586 0.0
0.166774 0.0627763 0.0
0.174031 0.0605987 0.0
0.180992 0.0584348 0.0
0.187659 0.0562924 0.0
0.194036 0.0541781 0.0
0.200125 0.0520974 0.0
0.205932 0.050055 0.0
0.211463 0.0480544 0.0
0.216723 0.0460988 0.0
0.221719 0.0441904 0.0
0.226457 0.0423308 0.0
0.230943 0.0405212 0.0
0.235184 0.0387622 0.0
0.239187 0.0370539 0.0
0.242958 0.0353962 0.0
0.246504 0.0337887 0.0
0.249832 0.0322304 0.0
0.252947 0.0307203 0.0
0.255855 0.0292573 0.0
0.258562 0.02784 0.0
0.261074 0.0264668 0.0
0.263396 0.0251361 0.0
0.265533 0.0238462 0.0
0.267489 0.0225954 0.0
0.269269 0.0213819 0.0
0.270876 0.0202039 0.0
0.272316 0.0190597 0.0
0.27359 0.0179474 0.0
0.274703 0.0168653 0.0
0.275657 0.0158118 0.0
0.276455 0.0147851 0.0
0.277099 0.0137837 0.0
0.277591 0.0128061 0.0
0.277933 0.0118508 0.0
0.278128 0.0109165 0.0
0.278175 0.0100018 0.0
0.278076 0.00910572 0.0
0.277833 0.00822703 0.0
0.277445 0.00736478 0.0
0.276915 0.0065181 0.0
0.276241 0.00568619 0.0
0.275424 0.00486834 0.0
0.274466 0.00406386 0.0
0.273364 0.00327207 0.0
0.272121 0.00249206 0.0
0.270734 0.00172311 0.0
0.269201 0.000961391 0.0
0.267513 0.000205492 0.0
0.265669 -0.000543933 0.0
0.26367 -0.00128797 0.0
0.261523 -0.00202546 0.0
0.259228 -0.00275469 0.0
0.256783 -0.00347455 0.0
0.254187 -0.0041844 0.0
0.251439 -0.00488513 0.0
0.248539 -0.00557622 0.0
0.245487 -0.00625676 0.0
0.242283 -0.0069255 0.0
0.238926 -0.00758125 0.0
0.235416 -0.00822401 0.0
0.231751 -0.00885353 0.0
0.227934 -0.00946934 0.0
0.223965 -0.010071 0.0
0.219843 -0.0106582 0.0
0.215571 -0.0112307 0.0
0.211147 -0.011789 0.0
0.206574 -0.0123349 0.0
0.20185 -0.0128709 0.0
0.196976 -0.0134007 0.0
0.191954 -0.0139297 0.0
0.186781 -0.0144651 0.0
0.181457 -0.0150173 0.0
0.175977 -0.0156008 0.0
0.170338 -0.0162356 0.0
0.164532 -0.0169501 0.0
0.158548 -0.0177832 0.0
0.152372 -0.0187896 0.0
0.145987 -0.0200457 0.0
0.139368 -0.0216601 0.0
0.132486 -0.0237891 0.0
0.125306 -0.0266603 0.0
0.117789 -0.0306117 0.0
0.109889 -0.0361531 0.0
0.101555 -0.0440664 0.0
0.0927242 -0.0555611 0.0
0.0832956 -0.0724941 0.0
0.0730803 -0.0976169 0.0
0.0617216 -0.134716 0.0
0.0486262 -0.188439 0.0
0.032947 -0.263817 0.0
0.0126634 -0.36699 0.0
-0.0125013 -0.501706 0.0
-0.0293904 -0.623488 0.0
-0.0163957 -0.507445 0.0
-0.00311128 0.000333093 0.0
-0.0131961 0.00899173 0.0
-0.0268704 0.0160382 0.0
-0.0391029 0.0210913 0.0
-0.0489415 0.0249962 0.0
-0.0564207 0.0284197 0.0
-0.0617248 0.0317917 0.0
-0.0650171 0.0353599 0.0
-0.0664176 0.0392318 0.0
-0.0660173 0.0434032 0.0
-0.0639033 0.0477847 0.0
-0.0601802 0.0522341 0.0
-0.0549813 0.0565877 0.0
-0.0484666 0.0606942 0.0
-0.0408179 0.0644229 0.0
-0.0322248 0.0677035 0.0
-0.0228604 0.0705043 0.0
-0.0128833 0.0727837 0.0
-0.00243171 0.0745623 0.0
0.0081682 0.0756948 0.0
0.0187298 0.076022 0.0
0.0293816 0.0757919 0.0
0.0401291 0.0752377 0.0
0.0508839 0.0744372 0.0
0.0615681 0.0734294 0.0
0.0721221 0.0722425 0.0
0.0825008 0.0709018 0.0
0.0926694 0.0694305 0.0
0.102601 0.0678504 0.0
0.112273 0.0661815 0.0
0.121671 0.064442 0.0
0.130782 0.0626483 0.0
0.139596 0.0608152 0.0
0.148107 0.0589558 0.0
0.156312 0.0570816 0.0
0.164207 0.0552027 0.0
0.171794 0.0533281 0.0
0.179073 0.0514654 0.0
0.186047 0.0496213 0.0
0.192718 0.0478014 0.0
0.199093 0.0460105 0.0
0.205175 0.0442525 0.0
0.21097 0.0425307 0.0
0.216485 0.0408476 0.0
0.221726 0.0392052 0.0
0.226699 0.037605 0.0
0.231412 0.036048 0.0
0.235871 0.0345348 0.0
0.240084 0.0330656 0.0
0.244057 0.0316402 0.0
0.247797 0.0302582 0.0
0.251312 0.0289191 0.0
0.254606 0.027622 0.0
0.257688 0.0263658 0.0
0.260562 0.0251496 0.0
0.263236 0.0239719 0.0
0.265714 0.0228314 0.0
0.268001 0.0217267 0.0
0.270103 0.0206565 0.0
0.272025 0.0196191 0.0
0.273771 0.0186131 0.0
0.275346 0.017637 0.0
0.276752 0.0166893 0.0
0.277994 0.0157685 0.0
0.279075 0.0148733 0.0
0.279999 0.0140022 0.0
0.280767 0.013154 0.0
0.281383 0.0123274 0.0
0.281849 0.0115211 0.0
0.282167 0.0107341 0.0
0.282339 0.00996525 0.0
0.282366 0.0092136 0.0
0.28225 0.00847825 0.0
0.281993 0.00775837 0.0
0.281595 0.00705324 0.0
0.281058 0.00636217 0.0
0.280382 0.00568456 0.0
0.279568 0.00501983 0.0
0.278618 0.00436741 0.0
0.277532 0.00372676 0.0
0.276309 0.00309737 0.0
0.274952 0.00247842 0.0
0.273458 0.00186949 0.0
0.271827 0.00126821 0.0
0.270052 0.000672809 0.0
0.268128 8.45653e-05 0.0
0.266055 -0.000496099 0.0
0.263837 -0.00107001 0.0
0.261482 -0.00163752 0.0
0.258994 -0.00219672 0.0
0.256376 -0.00274613 0.0
0.253625 -0.00328481 0.0
0.250743 -0.00381123 0.0
0.247728 -0.00432377 0.0
0.244582 -0.00482444 0.0
0.241306 -0.00531323 0.0
0.237903 -0.00578964 0.0
0.234376 -0.00625321 0.0
0.230724 -0.00670346 0.0
0.226951 -0.00713978 0.0
0.223057 -0.00756224 0.0
0.219042 -0.00797319 0.0
0.214909 -0.00837541 0.0
0.210659 -0.00877238 0.0
0.206292 -0.00916876 0.0
0.20181 -0.0095709 0.0
0.19721 -0.00998753 0.0
0.19249 -0.0104311 0.0
0.187643 -0.0109197 0.0
0.182662 -0.0114785 0.0
0.177534 -0.012143 0.0
0.172243 -0.0129632 0.0
0.166767 -0.0140101 0.0
0.161076 -0.0153856 0.0
0.155133 -0.0172386 0.0
0.148891 -0.0197889 0.0
0.142291 -0.023366 0.0
0.135263 -0.0284705 0.0
0.127718 -0.0358699 0.0
0.119535 -0.0467438 0.0
0.110533 -0.0628801 0.0
0.100405 -0.0868882 0.0
0.0886413 -0.122322 0.0
0.0744629 -0.173559 0.0
0.0568788 -0.245433 0.0
0.0348451 -0.343056 0.0
0.00675049 -0.47238 0.0
-0.0179558 -0.611218 0.0
-0.0134124 -0.537253 0.0
-0.0054294 0.00887378 0.0
-0.0200362 0.0251427 0.0
-0.0372378 0.0307631 0.0
-0.0515294 0.0328906 0.0
-0.0624721 0.0339782 0.0
-0.0704576 0.0349025 0.0
-0.0758934 0.0360488 0.0
-0.079087 0.0375889 0.0
-0.080255 0.0395713 0.0
-0.0795534 0.0419618 0.0
-0.0771108 0.0446695 0.0
-0.0730545 0.0475699 0.0
-0.0675257 0.0505242 0.0
-0.060683 0.0534003 0.0
-0.0527012 0.0560864 0.0
-0.0437619 0.0585076 0.0
-0.0340393 0.0606133 0.0
-0.0236937 0.062352 0.0
-0.0128548 0.0637036 0.0
-0.00161911 0.0647179 0.0
0.00966992 0.0651482 0.0
0.0208948 0.0647889 0.0
0.032186 0.064202 0.0
0.0434485 0.0634556 0.0
0.0546098 0.0625656 0.0
0.0656178 0.0615444 0.0
0.0764324 0.0604066 0.0
0.0870221 0.0591675 0.0
0.0973617 0.0578427 0.0
0.107431 0.0564471 0.0
0.117215 0.0549949 0.0
0.1267 0.0534991 0.0
0.13588 0.0519713 0.0
0.144746 0.050422 0.0
0.153296 0.0488608 0.0
0.161528 0.0472958 0.0
0.169442 0.0457344 0.0
0.17704 0.0441829 0.0
0.184323 0.0426467 0.0
0.191296 0.0411307 0.0
0.197965 0.0396387 0.0
0.204333 0.0381741 0.0
0.210407 0.0367395 0.0
0.216194 0.0353371 0.0
0.2217 0.0339687 0.0
0.226933 0.0326355 0.0
0.231899 0.0313383 0.0
0.236607 0.0300777 0.0
0.241063 0.0288539 0.0
0.245274 0.0276669 0.0
0.249249 0.0265163 0.0
0.252994 0.0254016 0.0
0.256517 0.0243223 0.0
0.259823 0.0232776 0.0
0.26292 0.0222664 0.0
0.265814 0.0212879 0.0
0.268511 0.0203409 0.0
0.271016 0.0194242 0.0
0.273336 0.0185368 0.0
0.275475 0.0176775 0.0
0.277439 0.0168449 0.0
0.279232 0.0160379 0.0
0.280859 0.0152553 0.0
0.282323 0.014496 0.0
0.283629 0.0137587 0.0
0.28478 0.0130424 0.0
0.285779 0.012346 0.0
0.28663 0.0116684 0.0
0.287336 0.0110087 0.0
0.287898 0.010366 0.0
0.28832 0.00973938 0.0
0.288605 0.00912808 0.0
0.288753 0.00853137 0.0
0.288767 0.00794856 0.0
0.288649 0.00737904 0.0
0.2884 0.00682225 0.0
0.288023 0.00627768 0.0
0.287518 0.00574485 0.0
0.286887 0.00522331 0.0
0.286132 0.0047126 0.0
0.285253 0.00421233 0.0
0.284253 0.00372206 0.0
0.283131 0.00324143 0.0
0.281889 0.00276986 0.0
0.280526 0.00230783 0.0
0.279045 0.00185444 0.0
0.277444 0.00140822 0.0
0.27572 0.000968026 0.0
0.273866 0.000533523 0.0
0.271879 0.000106811 0.0
0.269759 -0.000311342 0.0
0.267511 -0.000720964 0.0
0.265142 -0.0011233 0.0
0.262664 -0.00151962 0.0
0.260089 -0.00190683 0.0
0.257417 -0.00228373 0.0
0.25465 -0.00264937 0.0
0.251788 -0.00300348 0.0
0.248832 -0.00334567 0.0
0.245782 -0.00367467 0.0
0.242639 -0.00398985 0.0
0.239404 -0.0042961 0.0
0.236081 -0.00459616 0.0
0.232673 -0.00489292 0.0
0.229181 -0.00519014 0.0
0.225607 -0.00549282 0.0
0.221949 -0.00580741 0.0
0.218201 -0.00614378 0.0
0.214359 -0.00651799 0.0
0.210412 -0.00695205 0.0
0.206348 -0.00747736 0.0
0.202148 -0.00813858 0.0
0.19779 -0.00899988 0.0
0.19324 -0.0101548 0.0
0.188455 -0.0117418 0.0
0.18338 -0.0139678 0.0
0.177939 -0.0171467 0.0
0.172035 -0.0217579 0.0
0.165534 -0.0285364 0.0
0.158243 -0.0386036 0.0
0.149863 -0.0536379 0.0
0.139917 -0.0760563 0.0
0.127655 -0.109129 0.0
0.112012 -0.156931 0.0
0.0916962 -0.224161 0.0
0.065507 -0.316105 0.0
0.0330063 -0.438736 0.0
-0.000838057 -0.586312 0.0
-0.00843758 -0.559103 0.0
-0.00862504 0.0229282 0.0
-0.0286492 0.0457193 0.0
-0.0490789 0.0478178 0.0
-0.0647446 0.0457932 0.0
-0.0761134 0.043387 0.0
-0.0840614 0.0414272 0.0
-0.0892334 0.0401317 0.0
-0.0920621 0.0395284 0.0
-0.0928306 0.0395682 0.0
-0.09173 0.0401628 0.0
-0.0889055 0.0412015 0.0
-0.0844907 0.0425668 0.0
-0.0786258 0.0441335 0.0
-0.0714619 0.0457844 0.0
-0.0631627 0.0474213 0.0
-0.053901 0.0489717 0.0
-0.0438535 0.050379 0.0
-0.0331889 0.0515762 0.0
-0.0220156 0.0524673 0.0
-0.0103907 0.0530937 0.0
0.00156287 0.0535298 0.0
0.0135874 0.0531579 0.0
0.0255073 0.0526218 0.0
0.0373008 0.0519798 0.0
0.0489423 0.0512385 0.0
0.0604022 0.0504036 0.0
0.0716517 0.0494834 0.0
0.0826647 0.0484881 0.0
0.0934189 0.0474283 0.0
0.103896 0.0463149 0.0
0.114082 0.0451581 0.0
0.123964 0.0439676 0.0
0.133535 0.0427523 0.0
0.142789 0.0415202 0.0
0.151723 0.0402786 0.0
0.160335 0.0390338 0.0
0.168626 0.0377917 0.0
0.176597 0.0365571 0.0
0.184252 0.0353344 0.0
0.191594 0.0341273 0.0
0.198629 0.032939 0.0
0.205363 0.0317721 0.0
0.211801 0.0306288 0.0
0.217952 0.0295108 0.0
0.223821 0.0284196 0.0
0.229416 0.0273563 0.0
0.234746 0.0263214 0.0
0.239818 0.0253156 0.0
0.244639 0.0243389 0.0
0.249218 0.0233915 0.0
0.253561 0.0224731 0.0
0.257677 0.0215834 0.0
0.261574 0.020722 0.0
0.265257 0.0198882 0.0
0.268734 0.0190814 0.0
0.272013 0.0183008 0.0
0.275098 0.0175455 0.0
0.277998 0.0168148 0.0
0.280716 0.0161077 0.0
0.28326 0.0154234 0.0
0.285635 0.0147608 0.0
0.287844 0.0141191 0.0
0.289895 0.0134972 0.0
0.29179 0.0128945 0.0
0.293535 0.0123098 0.0
0.295133 0.0117424 0.0
0.296588 0.0111915 0.0
0.297903 0.0106562 0.0
0.299083 0.0101358 0.0
0.300129 0.00962957 0.0
0.301046 0.00913685 0.0
0.301835 0.008657 0.0
0.3025 0.00818945 0.0
0.303043 0.00773367 0.0
0.303466 0.00728915 0.0
0.303771 0.00685545 0.0
0.303961 0.00643216 0.0
0.304037 0.00601887 0.0
0.304002 0.00561522 0.0
0.303857 0.00522086 0.0
0.303604 0.00483546 0.0
0.303245 0.00445871 0.0
0.302781 0.00409034 0.0
0.302214 0.00373011 0.0
0.301546 0.00337804 0.0
0.300778 0.00303381 0.0
0.29991 0.00269705 0.0
0.298946 0.0023683 0.0
0.297885 0.00204798 0.0
0.296729 0.0017352 0.0
0.29548 0.00142935 0.0
0.294136 0.00112989 0.0
0.292696 0.000835236 0.0
0.291152 0.000543906 0.0
0.289497 0.000259553 0.0
0.287735 -1.65153e-05 0.0
0.285869 -0.000283774 0.0
0.283904 -0.000542239 0.0
0.281846 -0.000792549 0.0
0.279705 -0.00103684 0.0
0.277499 -0.00127769 0.0
0.275238 -0.00151322 0.0
0.272927 -0.00174413 0.0
0.270562 -0.00197231 0.0
0.268144 -0.00220082 0.0
0.265669 -0.00243349 0.0
0.263135 -0.00267401 0.0
0.260535 -0.00292951 0.0
0.257861 -0.00321608 0.0
0.255106 -0.00355171 0.0
0.252257 -0.00396399 0.0
0.249296 -0.00449198 0.0
0.2462 -0.00519218 0.0
0.242936 -0.00614804 0.0
0.239456 -0.00748455 0.0
0.235698 -0.00939091 0.0
0.231571 -0.0121558 0.0
0.226948 -0.0162214 0.0
0.221638 -0.0222629 0.0
0.215353 -0.0313012 0.0
0.207638 -0.0448451 0.0
0.197779 -0.0650436 0.0
0.184706 -0.0948064 0.0
0.166947 -0.137852 0.0
0.142761 -0.198738 0.0
0.11055 -0.283128 0.0
0.0697127 -0.398375 0.0
0.0235251 -0.546641 0.0
-5.44753e-05 -0.567595 0.0
-0.0130344 0.0445877 0.0
-0.0389814 0.070031 0.0
-0.0607748 0.0657291 0.0
-0.075618 0.0583909 0.0
-0.0855777 0.0521179 0.0
-0.0921117 0.0471783 0.0
-0.0960335 0.0434744 0.0
-0.0978304 0.0408115 0.0
-0.0977813 0.0390045 0.0
-0.0960496 0.0378943 0.0
-0.0927417 0.0373377 0.0
-0.0879557 0.0372299 0.0
-0.0818028 0.0374526 0.0
-0.0744018 0.0379005 0.0
-0.0658847 0.0384888 0.0
-0.0563978 0.0391557 0.0
-0.0461064 0.0398561 0.0
-0.035201 0.0405291 0.0
-0.0237694 0.0409094 0.0
-0.0117874 0.0410448 0.0
0.00076067 0.0410771 0.0
0.0134788 0.0408681 0.0
0.0259821 0.0404885 0.0
0.0383002 0.0400017 0.0
0.0504417 0.0394337 0.0
0.0623931 0.0387971 0.0
0.0741332 0.0381004 0.0
0.0856401 0.0373513 0.0
0.0968937 0.0365572 0.0
0.107877 0.0357255 0.0
0.118576 0.034863 0.0
0.12898 0.0339765 0.0
0.13908 0.0330719 0.0
0.148872 0.032155 0.0
0.158351 0.0312308 0.0
0.167517 0.030304 0.0
0.176369 0.0293786 0.0
0.18491 0.0284583 0.0
0.193142 0.0275462 0.0
0.20107 0.026645 0.0
0.208699 0.0257572 0.0
0.216035 0.0248847 0.0
0.223083 0.0240291 0.0
0.229852 0.0231918 0.0
0.236347 0.0223739 0.0
0.242578 0.0215761 0.0
0.24855 0.0207992 0.0
0.254273 0.0200435 0.0
0.259753 0.0193093 0.0
0.264999 0.0185965 0.0
0.270019 0.0179052 0.0
0.274819 0.0172351 0.0
0.279407 0.0165859 0.0
0.283791 0.0159573 0.0
0.287977 0.0153488 0.0
0.291972 0.0147599 0.0
0.295782 0.0141901 0.0
0.299415 0.0136386 0.0
0.302875 0.013105 0.0
0.306169 0.0125886 0.0
0.309301 0.0120887 0.0
0.312278 0.0116047 0.0
0.315103 0.0111358 0.0
0.317782 0.0106816 0.0
0.320319 0.0102412 0.0
0.322718 0.00981422 0.0
0.324983 0.00939993 0.0
0.327117 0.00899778 0.0
0.329124 0.00860723 0.0
0.331008 0.00822775 0.0
0.332771 0.00785886 0.0
0.334417 0.00750009 0.0
0.335947 0.00715101 0.0
0.337365 0.00681123 0.0
0.338674 0.00648036 0.0
0.339875 0.00615808 0.0
0.34097 0.00584404 0.0
0.341963 0.00553796 0.0
0.342855 0.00523955 0.0
0.343648 0.00494854 0.0
0.344344 0.00466467 0.0
0.344945 0.00438773 0.0
0.345452 0.0041175 0.0
0.345868 0.00385382 0.0
0.346194 0.00359659 0.0
0.346432 0.00334566 0.0
0.346584 0.00310094 0.0
0.34665 0.00286262 0.0
0.346634 0.0026308 0.0
0.346537 0.0024052 0.0
0.34636 0.00218553 0.0
0.346106 0.00197174 0.0
0.345774 0.00176452 0.0
0.345369 0.00156486 0.0
0.344891 0.00137121 0.0
0.344341 0.00118356 0.0
0.343721 0.00100166 0.0
0.343033 0.000825412 0.0
0.342277 0.000653929 0.0
0.34145 0.000484657 0.0
0.340543 0.000315017 0.0
0.339548 0.000148539 0.0
0.338469 -1.46488e-05 0.0
0.337307 -0.000175848 0.0
0.336066 -0.000337516 0.0
0.334747 -0.000503614 0.0
0.333359 -0.000681173 0.0
0.331916 -0.000878729 0.0
0.330424 -0.00110167 0.0
0.328874 -0.00136055 0.0
0.32725 -0.00168152 0.0
0.325534 -0.00209784 0.0
0.323701 -0.00265748 0.0
0.321714 -0.00343198 0.0
0.319523 -0.00452946 0.0
0.317049 -0.00611452 0.0
0.314183 -0.00843849 0.0
0.310752 -0.0118846 0.0
0.306495 -0.017033 0.0
0.300998 -0.0247493 0.0
0.293613 -0.0362969 0.0
0.283344 -0.0534641 0.0
0.268729 -0.0786975 0.0
0.247781 -0.115254 0.0
0.218101 -0.167469 0.0
0.177296 -0.241382 0.0
0.123909 -0.345896 0.0
0.0601209 -0.489144 0.0
0.0131291 -0.55452 0.0
-0.0188772 0.0764993 0.0
-0.0488898 0.094079 0.0
-0.0653567 0.0799414 0.0
-0.0732315 0.0668966 0.0
-0.0769123 0.0572528 0.0
-0.0782124 0.0498775 0.0
-0.0778487 0.0443333 0.0
-0.0762322 0.040133 0.0
-0.0735299 0.0369316 0.0
-0.0697951 0.0345006 0.0
-0.0650142 0.0326425 0.0
-0.0591808 0.0313057 0.0
-0.0523233 0.0303665 0.0
-0.0444708 0.0297332 0.0
-0.0356694 0.0293375 0.0
-0.0259779 0.0291287 0.0
-0.0154489 0.0290627 0.0
-0.00408172 0.02905 0.0
0.00794809 0.0289272 0.0
0.0203035 0.0286897 0.0
0.0328105 0.0283771 0.0
0.0454739 0.0281867 0.0
0.0582415 0.027899 0.0
0.0709779 0.0275367 0.0
0.0836144 0.0271208 0.0
0.0961102 0.0266628 0.0
0.108435 0.0261698 0.0
0.120563 0.0256468 0.0
0.132473 0.0250984 0.0
0.144145 0.0245285 0.0
0.155565 0.023941 0.0
0.16672 0.0233397 0.0
0.1776 0.022728 0.0
0.188199 0.0221091 0.0
0.19851 0.021486 0.0
0.208532 0.0208614 0.0
0.218263 0.0202379 0.0
0.227704 0.0196176 0.0
0.236856 0.0190026 0.0
0.245722 0.0183945 0.0
0.254306 0.017795 0.0
0.262612 0.0172052 0.0
0.270646 0.0166263 0.0
0.278412 0.0160592 0.0
0.285918 0.0155047 0.0
0.29317 0.0149633 0.0
0.300174 0.0144355 0.0
0.306937 0.0139217 0.0
0.313466 0.0134219 0.0
0.319767 0.0129364 0.0
0.325848 0.0124651 0.0
0.331715 0.012008 0.0
0.337375 0.0115649 0.0
0.342834 0.0111356 0.0
0.348099 0.0107199 0.0
0.353175 0.0103175 0.0
0.358069 0.00992801 0.0
0.362786 0.00955112 0.0
0.367332 0.00918644 0.0
0.371712 0.00883358 0.0
0.375931 0.00849213 0.0
0.379994 0.00816169 0.0
0.383905 0.00784184 0.0
0.387669 0.00753218 0.0
0.391291 0.00723229 0.0
0.394773 0.00694179 0.0
0.398121 0.00666028 0.0
0.401336 0.00638739 0.0
0.404424 0.00612276 0.0
0.407386 0.00586604 0.0
0.410227 0.00561691 0.0
0.412948 0.00537505 0.0
0.415554 0.00514018 0.0
0.418045 0.00491202 0.0
0.420426 0.00469032 0.0
0.422699 0.00447482 0.0
0.424865 0.00426531 0.0
0.426927 0.00406158 0.0
0.428888 0.00386341 0.0
0.430749 0.00367062 0.0
0.432513 0.00348304 0.0
0.434181 0.00330049 0.0
0.435755 0.00312283 0.0
0.437238 0.00294993 0.0
0.43863 0.0027817 0.0
0.439935 0.00261805 0.0
0.441153 0.00245891 0.0
0.442287 0.00230431 0.0
0.443338 0.00215425 0.0
0.444308 0.00200862 0.0
0.445199 0.00186731 0.0
0.446014 0.00173038 0.0
0.446753 0.00159812 0.0
0.447419 0.00147081 0.0
0.448014 0.00134808 0.0
0.448541 0.00122973 0.0
0.449 0.00111555 0.0
0.449395 0.0010054 0.0
0.449726 0.00089917 0.0
0.449994 0.00079769 0.0
0.450202 0.000701332 0.0
0.450351 0.000607459 0.0
0.450442 0.000515193 0.0
0.450474 0.000423464 0.0
0.450448 0.000330592 0.0
0.450362 0.000233316 0.0
0.450208 0.000124894 0.0
0.449968 -2.03801e-06 0.0
0.449633 -0.000151672 0.0
0.449209 -0.000336559 0.0
0.448699 -0.000570999 0.0
0.448086 -0.000879184 0.0
0.447341 -0.00129829 0.0
0.446421 -0.00188474 0.0
0.44526 -0.00272415 0.0
0.44376 -0.00394666 0.0
0.44177 -0.00574969 0.0
0.439058 -0.00843101 0.0
0.435264 -0.012435 0.0
0.429829 -0.0184148 0.0
0.421895 -0.0273127 0.0
0.410178 -0.0404621 0.0
0.392821 -0.0597277 0.0
0.367283 -0.087738 0.0
0.330328 -0.12835 0.0
0.278267 -0.187635 0.0
0.20769 -0.27568 0.0
0.118096 -0.405979 0.0
0.0343972 -0.506994 0.0
-0.0215943 0.116971 0.0
-0.040345 0.102371 0.0
-0.0304813 0.0782526 0.0
-0.0160425 0.0620215 0.0
-0.00143884 0.0512051 0.0
0.0123776 0.0434089 0.0
0.0251787 0.0376371 0.0
0.0371769 0.0332144 0.0
0.0485909 0.0297339 0.0
0.0596048 0.0269495 0.0
0.0703519 0.0246656 0.0
0.0809659 0.0228351 0.0
0.0915897 0.0213558 0.0
0.102323 0.0201581 0.0
0.113242 0.019192 0.0
0.124407 0.0184177 0.0
0.13586 0.0177922 0.0
0.147583 0.01723 0.0
0.159543 0.0167568 0.0
0.171715 0.016333 0.0
0.184026 0.0159154 0.0
0.196443 0.0155689 0.0
0.208952 0.01524 0.0
0.2215 0.014911 0.0
0.234032 0.0145784 0.0
0.246499 0.014242 0.0
0.258863 0.013902 0.0
0.271091 0.0135588 0.0
0.283155 0.0132128 0.0
0.295032 0.0128642 0.0
0.306704 0.0125138 0.0
0.318153 0.0121622 0.0
0.329369 0.0118101 0.0
0.340339 0.0114583 0.0
0.351057 0.0111077 0.0
0.361515 0.0107592 0.0
0.371711 0.0104134 0.0
0.381641 0.0100713 0.0
0.391304 0.00973359 0.0
0.400701 0.00940084 0.0
0.409832 0.00907369 0.0
0.4187 0.00875268 0.0
0.427307 0.00843827 0.0
0.435656 0.00813086 0.0
0.443753 0.00783076 0.0
0.4516 0.00753825 0.0
0.459203 0.00725352 0.0
0.466567 0.00697672 0.0
0.473697 0.00670795 0.0
0.480599 0.00644723 0.0
0.487278 0.00619458 0.0
0.493739 0.00594994 0.0
0.499989 0.00571325 0.0
0.506033 0.0054844 0.0
0.511876 0.00526325 0.0
0.517525 0.00504964 0.0
0.522983 0.00484341 0.0
0.528258 0.00464435 0.0
0.533353 0.00445226 0.0
0.538273 0.00426694 0.0
0.543025 0.00408816 0.0
0.547612 0.00391569 0.0
0.552039 0.00374931 0.0
0.556311 0.00358879 0.0
0.560431 0.0034339 0.0
0.564404 0.00328444 0.0
0.568234 0.00314016 0.0
0.571925 0.00300088 0.0
0.575481 0.00286637 0.0
0.578904 0.00273645 0.0
0.582199 0.00261092 0.0
0.585369 0.00248961 0.0
0.588417 0.00237235 0.0
0.591346 0.00225896 0.0
0.594159 0.00214931 0.0
0.596859 0.00204325 0.0
0.599449 0.00194064 0.0
0.601932 0.00184134 0.0
0.60431 0.00174525 0.0
0.606585 0.00165225 0.0
0.608761 0.00156222 0.0
0.610839 0.00147506 0.0
0.612822 0.00139068 0.0
0.614713 0.00130901 0.0
0.616513 0.00122997 0.0
0.618224 0.0011535 0.0
0.61985 0.00107957 0.0
0.621392 0.00100816 0.0
0.622852 0.000939224 0.0
0.624233 0.000872724 0.0
0.625536 0.000808618 0.0
0.626764 0.000746926 0.0
0.627918 0.000687732 0.0
0.629003 0.00063109 0.0
0.630018 0.000576889 0.0
0.630968 0.000525016 0.0
0.631853 0.000475364 0.0
0.632676 0.000427827 0.0
0.63344 0.000382294 0.0
0.634147 0.000338542 0.0
0.634803 0.000296696 0.0
0.635409 0.000256339 0.0
0.635968 0.000216949 0.0
0.63648 0.00017779 0.0
0.636944 0.000137762 0.0
0.637362 9.52584e-05 0.0
0.63773 4.87441e-05 0.0
0.638049 -4.74507e-06 0.0
0.638309 -7.42146e-05 0.0
0.63849 -0.000170927 0.0
0.638564 -0.00030072 0.0
0.638506 -0.000477871 0.0
0.638277 -0.000725683 0.0
0.637819 -0.00107999 0.0
0.637046 -0.00159523 0.0
0.635825 -0.00235373 0.0
0.633951 -0.00347928 0.0
0.631118 -0.00515636 0.0
0.626859 -0.00765674 0.0
0.620477 -0.0113753 0.0
0.610937 -0.0168789 0.0
0.596738 -0.0249787 0.0
0.575734 -0.0368511 0.0
0.544936 -0.054278 0.0
0.500241 -0.0801602 0.0
0.436097 -0.119619 0.0
0.345149 -0.18217 0.0
0.219245 -0.283991 0.0
0.0732794 -0.399317 0.0
0.0692825 0.0692825 0.0
0.188329 0.0497638 0.0
0.273709 0.0356161 0.0
0.336626 0.0273015 0.0
0.385938 0.0220099 0.0
0.426337 0.0183889 0.0
0.460459 0.0157336 0.0
0.489886 0.013693 0.0
0.515653 0.0120742 0.0
0.538488 0.0107606 0.0
0.558922 0.00967344 0.0
0.577365 0.00876996 0.0
0.594149 0.00801357 0.0
0.609539 0.00737671 0.0
0.623754 0.00683881 0.0
0.636977 0.00638358 0.0
0.649356 0.00599518 0.0
0.661005 0.00565433 0.0
0.672018 0.00535888 0.0
0.682477 0.0051002 0.0
0.692446 0.00486831 0.0
0.70198 0.00466574 0.0
0.71113 0.00448411 0.0
0.719931 0.00431727 0.0
0.72841 0.00416162 0.0
0.736587 0.00401483 0.0
0.744477 0.00387519 0.0
0.752093 0.0037414 0.0
0.759447 0.00361241 0.0
0.766547 0.00348742 0.0
0.7734 0.00336584 0.0
0.780013 0.00324722 0.0
0.786392 0.00313125 0.0
0.792541 0.00301773 0.0
0.798465 0.00290653 0.0
0.804169 0.00279759 0.0
0.809658 0.0026909 0.0
0.814935 0.00258646 0.0
0.820006 0.00248432 0.0
0.824875 0.00238453 0.0
0.829546 0.00228715 0.0
0.834026 0.00219222 0.0
0.838318 0.00209981 0.0
0.842427 0.00200997 0.0
0.84636 0.00192274 0.0
0.850121 0.00183814 0.0
0.853715 0.0017562 0.0
0.857148 0.00167693 0.0
0.860426 0.00160033 0.0
0.863552 0.00152638 0.0
0.866534 0.00145508 0.0
0.869375 0.00138638 0.0
0.872082 0.00132025 0.0
0.874659 0.00125665 0.0
0.877111 0.00119551 0.0
0.879443 0.00113679 0.0
0.881661 0.00108042 0.0
0.883767 0.00102633 0.0
0.885768 0.000974456 0.0
0.887667 0.00092472 0.0
0.889469 0.000877049 0.0
0.891177 0.000831368 0.0
0.892796 0.000787601 0.0
0.89433 0.000745672 0.0
0.895781 0.000705507 0.0
0.897153 0.000667031 0.0
0.898451 0.000630173 0.0
0.899676 0.000594863 0.0
0.900831 0.000561032 0.0
0.901921 0.000528617 0.0
0.902947 0.000497553 0.0
0.903913 0.000467781 0.0
0.90482 0.000439244 0.0
0.905671 0.000411889 0.0
0.906468 0.000385665 0.0
0.907215 0.000360523 0.0
0.907911 0.000336417 0.0
0.908561 0.000313304 0.0
0.909166 0.000291142 0.0
0.909727 0.000269893 0.0
0.910246 0.00024952 0.0
0.910726 0.000229989 0.0
0.911167 0.000211268 0.0
0.911571 0.00019333 0.0
0.911941 0.00017615 0.0
0.912277 0.000159708 0.0
0.91258 0.000143988 0.0
0.912853 0.000128977 0.0
0.913097 0.000114663 0.0
0.913313 0.000101028 0.0
0.913502 8.80611e-05 0.0
0.913666 7.57638e-05 0.0
0.913806 6.41511e-05 0.0
0.913923 5.32255e-05 0.0
0.914019 4.29569e-05 0.0
0.914095 3.33094e-05 0.0
0.914153 2.42448e-05 0.0
0.914193 1.57128e-05 0.0
0.914216 7.56904e-06 0.0
0.914223 -8.71235e-07 0.0
0.914213 -9.35678e-06 0.0
0.914186 -1.74617e-05 0.0
0.914143 -2.52867e-05 0.0
0.914085 -3.31181e-05 0.0
0.91401 -4.13875e-05 0.0
0.913918 -5.06702e-05 0.0
0.913806 -6.16644e-05 0.0
0.913669 -7.55687e-05 0.0
0.913499 -9.41156e-05 0.0
0.913286 -0.00011875 0.0
0.913013 -0.00015425 0.0
0.912653 -0.000205849 0.0
0.912166 -0.000281385 0.0
0.911492 -0.000392824 0.0
0.91054 -0.000558324 0.0
0.909177 -0.000805245 0.0
0.907197 -0.00117451 0.0
0.904296 -0.0017267 0.0
0.900019 -0.0025505 0.0
0.893694 -0.00377429 0.0
0.884337 -0.00558306 0.0
0.870508 -0.00824583 0.0
0.850094 -0.0121674 0.0
0.819929 -0.0179979 0.0
0.775058 -0.0268735 0.0
0.70724 -0.0409446 0.0
0.601819 -0.0644759 0.0
0.431691 -0.105653 0.0
0.163019 -0.163019 0.0
SCALARS pressure double 1
LOOKUP_TABLE default
0
1.8072e-05
3.51258e-05
5.52356e-05
7.30613e-05
8.24028e-05
7.84077e-05
5.87749e-05
2.40014e-05
-2.31401e-05
-7.8544e-05
-0.000137772
-0.000196877
-0.000252742
-0.00030294
-0.000346496
-0.000383427
-0.000414415
-0.000440571
-0.000463289
-0.000484154
-0.000504925
-0.000527284
-0.000552819
-0.000583402
-0.000620831
-0.000666626
-0.000721885
-0.000787257
-0.000863025
-0.000949341
-0.00104643
-0.00115479
-0.00127537
-0.00140931
-0.00155804
-0.00172364
-0.00190755
-0.00211055
-0.00233466
-0.00258182
-0.00285149
-0.00314334
-0.00345898
-0.00379884
-0.00416112
-0.00454445
-0.00494714
-0.00536698
-0.00580153
-0.00624802
-0.00670274
-0.00716191
-0.00762139
-0.00807671
-0.00852319
-0.00895597
-0.00937006
-0.00976043
-0.0101221
-0.01045
-0.0107393
-0.0109853
-0.0111835
-0.0113293
-0.0114186
-0.0114474
-0.011412
-0.0113087
-0.0111344
-0.0108859
-0.0105605
-0.0101555
-0.0096689
-0.00909872
-0.00844357
-0.00770254
-0.00687532
-0.00596233
-0.00496484
-0.00388506
-0.00272629
-0.00149298
-0.000193763
0.00116813
0.00259069
0.00406438
0.00557338
0.00710484
0.00864367
0.0101727
0.0116729
0.0131231
0.0145005
0.0157806
0.0169382
0.0179472
0.0187816
0.0194158
0.0198254
0.0199876
0.0198823
0.0195209
0.0189305
0.0181218
0.0171147
0.0159464
0.0146627
0.0133184
0.0119738
0.010688
0.0095368
0.00855589
0.00776903
0.0071822
0.00678624
0.00655978
0.00647286
0.00649116
0.00658022
0.00670924
0.00685373
0.00699645
0.00712703
0.0072405
0.00733531
0.00741069
0.00746209
0.0074797
9.62014e-06
1.48166e-05
2.70312e-05
4.19899e-05
5.49317e-05
6.0716e-05
5.50964e-05
3.5846e-05
3.16893e-06
-4.06414e-05
-9.20075e-05
-0.000146973
-0.000201945
-0.000254361
-0.000301772
-0.000343161
-0.000378697
-0.000409078
-0.000435365
-0.000458854
-0.000480995
-0.000503356
-0.000527625
-0.00055494
-0.000587051
-0.000625601
-0.000671987
-0.000727242
-0.000792015
-0.000866625
-0.000951317
-0.00104638
-0.0011524
-0.00127043
-0.00140146
-0.00154679
-0.00170885
-0.00188882
-0.00208702
-0.00230619
-0.00254893
-0.0028136
-0.0030993
-0.00340948
-0.00374487
-0.00410241
-0.00448122
-0.00487975
-0.00529593
-0.0057273
-0.006171
-0.00662358
-0.00708121
-0.00753975
-0.00799472
-0.00844141
-0.00887493
-0.00929027
-0.00968236
-0.0100461
-0.0103766
-0.0106688
-0.010918
-0.0111196
-0.0112691
-0.0113624
-0.0113954
-0.0113644
-0.0112658
-0.0110963
-0.0108529
-0.0105327
-0.0101333
-0.00965242
-0.00908829
-0.00843947
-0.00770503
-0.00688463
-0.00597861
-0.00498819
-0.00391564
-0.00276442
-0.00153376
-0.000242966
0.00110825
0.00251443
0.00396902
0.00546225
0.00697864
0.00850242
0.0100163
0.0115012
0.0129361
0.0142983
0.0155635
0.0167066
0.0177016
0.0185226
0.0191442
0.0195426
0.0196963
0.0195873
0.0191996
0.0186175
0.0178318
0.0168444
0.015697
0.0144349
0.0131147
0.0118012
0.0105628
0.00944076
0.00848973
0.00773863
0.00718849
0.0068269
0.00662966
0.00656458
0.00659602
0.00668943
0.00681502
0.00695007
0.00707948
0.00719481
0.00729254
0.00737218
0.00743423
0.00747759
0.00749718
-1.28109e-06
4.59144e-06
1.6001e-05
2.95119e-05
4.07458e-05
4.48629e-05
3.78392e-05
1.76331e-05
-1.5387e-05
-5.88077e-05
-0.000109004
-0.000162056
-0.00021448
-0.000263678
-0.000308221
-0.000346771
-0.000379754
-0.000408023
-0.000432714
-0.000455127
-0.000476636
-0.000498639
-0.000522796
-0.00055039
-0.000582888
-0.000621831
-0.000668472
-0.000723671
-0.000787939
-0.000861355
-0.000944208
-0.0010367
-0.00113907
-0.00125297
-0.00137967
-0.00151926
-0.00167685
-0.00185309
-0.00204449
-0.0022569
-0.00249672
-0.00275773
-0.00304137
-0.00334926
-0.00368211
-0.00403875
-0.00441788
-0.00481782
-0.00523647
-0.00567129
-0.00611928
-0.00657696
-0.00704039
-0.00750529
-0.00796708
-0.00842093
-0.00886184
-0.00928471
-0.00968438
-0.0100557
-0.0103936
-0.0106932
-0.0109496
-0.0111582
-0.0113146
-0.0114145
-0.0114541
-0.0114295
-0.0113373
-0.0111742
-0.0109373
-0.0106237
-0.0102311
-0.00975724
-0.00920037
-0.00855903
-0.00783226
-0.00701958
-0.006121
-0.00513759
-0.00407153
-0.00293578
-0.00173544
-0.000461071
0.000876875
0.0022705
0.0037114
0.005189
0.00668965
0.00819795
0.00969679
0.0111672
0.0125883
0.0139375
0.0151907
0.0163227
0.0173076
0.0181194
0.018733
0.0191249
0.0192751
0.0191689
0.0188014
0.0181869
0.01739
0.016426
0.0152981
0.0140467
0.0127317
0.0114202
0.0101781
0.00906916
0.00814513
0.00743119
0.0069287
0.00662244
0.00648358
0.00647481
0.0065562
0.00669032
0.00684602
0.00700051
0.00713949
0.0072561
0.00734898
0.00742051
0.00747507
0.00751733
0.00755027
-2.06404e-05
-1.11986e-05
2.12948e-06
1.63833e-05
2.71816e-05
2.97005e-05
2.01702e-05
-2.95546e-06
-3.8704e-05
-8.41032e-05
-0.000135121
-0.00018762
-0.000238085
-0.000284003
-0.000324478
-0.000358663
-0.000387207
-0.000411202
-0.00043199
-0.000451005
-0.000469689
-0.000489442
-0.00051161
-0.000538151
-0.00057025
-0.000609292
-0.000656264
-0.000711615
-0.00077573
-0.000847876
-0.000928069
-0.00101745
-0.00111473
-0.00122415
-0.00134732
-0.00147747
-0.00163125
-0.0018047
-0.00199568
-0.00220824
-0.00244606
-0.00270853
-0.00299589
-0.00330896
-0.00364817
-0.00401286
-0.00440166
-0.00481273
-0.00524372
-0.00569186
-0.00615388
-0.00662602
-0.00710413
-0.00758368
-0.00805988
-0.00852772
-0.00898204
-0.00941761
-0.00982919
-0.0102116
-0.0105598
-0.0108687
-0.0111337
-0.0113502
-0.0115139
-0.0116206
-0.0116665
-0.011648
-0.0115617
-0.0114046
-0.0111737
-0.0108666
-0.0104808
-0.0100143
-0.0094653
-0.0088324
-0.0081145
-0.00731111
-0.00642117
-0.00545809
-0.00442147
-0.00330507
-0.00211705
-0.000859574
0.000460806
0.00183649
0.00325865
0.00471663
0.00619753
0.00768648
0.00916674
0.0106196
0.0120246
0.0133593
0.0145998
0.015721
0.0166972
0.0175025
0.0181119
0.0185027
0.0186558
0.0185588
0.0182093
0.0176202
0.0168186
0.0158145
0.0147263
0.013493
0.0121877
0.0108788
0.00962871
0.00850463
0.00756279
0.00686965
0.00641078
0.00616328
0.00609542
0.00616423
0.00632356
0.00653046
0.00674958
0.00695542
0.00713256
0.00727451
0.0073817
0.00745938
0.00751602
0.0075626
0.00761303
-4.50622e-05
-3.12496e-05
-1.4686e-05
1.18743e-06
1.1471e-05
1.1252e-05
-2.74909e-06
-3.11673e-05
-7.19923e-05
-0.000121342
-0.000174545
-0.000227135
-0.000275551
-0.000317481
-0.000352235
-0.00038001
-0.000401727
-0.000418827
-0.000432995
-0.000445964
-0.000459409
-0.000474905
-0.000493925
-0.000518208
-0.000549308
-0.000588349
-0.000635923
-0.000691435
-0.000754906
-0.000826085
-0.000902895
-0.000990938
-0.00108026
-0.00118524
-0.00130631
-0.00143928
-0.0015921
-0.00176652
-0.00196269
-0.00218278
-0.00242933
-0.00270325
-0.00300488
-0.0033345
-0.00369207
-0.00407674
-0.00448692
-0.0049204
-0.00537446
-0.00584588
-0.00633097
-0.0068256
-0.0073253
-0.00782525
-0.00832043
-0.00880568
-0.00927572
-0.0097253
-0.0101492
-0.0105422
-0.0108995
-0.0112162
-0.0114876
-0.0117095
-0.0118778
-0.0119885
-0.0120381
-0.0120232
-0.0119406
-0.0117875
-0.0115612
-0.0112595
-0.0108801
-0.010421
-0.00988073
-0.00925763
-0.00855038
-0.00776025
-0.00689933
-0.00595693
-0.00493667
-0.00384027
-0.00267214
-0.00143644
-0.000139036
0.00121283
0.00261048
0.00404349
0.00549951
0.00696426
0.00842149
0.00985303
0.0112388
0.0125568
0.0137836
0.0148944
0.0158638
0.0166662
0.0172772
0.0176745
0.01784
0.017762
0.0174382
0.0168778
0.0161006
0.0151317
0.0140198
0.0128095
0.0115321
0.0102431
0.00899672
0.00786699
0.00691154
0.00618279
0.00574713
0.00554509
0.00554027
0.00568517
0.00592778
0.00621918
0.0065186
0.00679616
0.00703335
0.00722214
0.00736294
0.00746237
0.00753156
0.00758629
0.00765048
-7.35369e-05
-5.5055e-05
-3.48107e-05
-1.74461e-05
-8.76378e-06
-1.37146e-05
-3.47184e-05
-7.10202e-05
-0.00011915
-0.000174028
-0.000230206
-0.000282872
-0.000328495
-0.00036508
-0.000392263
-0.00041134
-0.000423635
-0.000431067
-0.000435813
-0.000440063
-0.000445889
-0.000455208
-0.000469797
-0.000491382
-0.000521257
-0.000559878
-0.000607505
-0.000663413
-0.000726864
-0.00079822
-0.000866741
-0.000956474
-0.00104877
-0.00115464
-0.00127758
-0.0014181
-0.00157998
-0.00176602
-0.0019777
-0.00221671
-0.00248484
-0.00278304
-0.00311154
-0.00347013
-0.0038581
-0.00427407
-0.00471594
-0.005181
-0.00566601
-0.00616726
-0.00668059
-0.00720153
-0.00772529
-0.00824686
-0.00876109
-0.00926278
-0.0097467
-0.0102077
-0.0106407
-0.0110407
-0.0114031
-0.0117234
-0.0119972
-0.0122205
-0.0123896
-0.0125008
-0.0125508
-0.0125367
-0.0124556
-0.0123049
-0.0120822
-0.0117855
-0.0114128
-0.0109623
-0.0104326
-0.00982205
-0.00913088
-0.00836793
-0.00752504
-0.00660341
-0.00560536
-0.00453338
-0.00339111
-0.00218291
-0.000914342
0.000407705
0.00177489
0.00317725
0.00460301
0.00603852
0.0074682
0.00887453
0.0102381
0.0115375
0.01275
0.0138514
0.0148167
0.0156211
0.0162406
0.0166536
0.0168424
0.0167955
0.0165096
0.0159912
0.0152565
0.0143316
0.0132553
0.0120714
0.0108083
0.00956838
0.00834297
0.00722746
0.00627001
0.00552305
0.00505914
0.0048885
0.0049293
0.00513424
0.00544728
0.00581483
0.00619148
0.00654292
0.0068468
0.00709213
0.00727751
0.00740892
0.00749799
0.00756272
0.0076331
-0.000105908
-8.24934e-05
-5.86696e-05
-4.07483e-05
-3.55973e-05
-4.7961e-05
-7.89004e-05
-0.000125748
-0.000183179
-0.000244706
-0.000304051
-0.000356132
-0.000397592
-0.000426902
-0.000444521
-0.000452521
-0.000452802
-0.000447909
-0.000440644
-0.000433789
-0.000429931
-0.000431412
-0.000440272
-0.000458215
-0.000486394
-0.0005246
-0.000573668
-0.000629157
-0.000691546
-0.000764375
-0.000840591
-0.000929857
-0.00103064
-0.00114695
-0.00128285
-0.00144084
-0.00162381
-0.00183436
-0.00207427
-0.00234492
-0.0026474
-0.00298213
-0.00334886
-0.00374671
-0.00417422
-0.00462931
-0.00510926
-0.00561079
-0.00613014
-0.00666317
-0.00720537
-0.00775201
-0.00829814
-0.00883872
-0.00936863
-0.0098828
-0.0103762
-0.0108439
-0.0112812
-0.0116835
-0.0120464
-0.0123658
-0.0126378
-0.0128588
-0.0130254
-0.0131343
-0.0131826
-0.0131676
-0.0130869
-0.0129381
-0.0127191
-0.0124282
-0.0120636
-0.0116239
-0.0111076
-0.0105135
-0.00984793
-0.00910451
-0.00828381
-0.00738704
-0.0064161
-0.00537349
-0.00426254
-0.00308741
-0.00185337
-0.000566891
0.000764156
0.00213037
0.00352064
0.00492207
0.0063199
0.00769741
0.00903602
0.0103153
0.0115133
0.0126066
0.0135711
0.0143827
0.0150182
0.0154564
0.0156801
0.0156774
0.0154438
0.0149835
0.0143101
0.0134471
0.012428
0.0112935
0.0100899
0.00888956
0.00770678
0.00664014
0.00570045
0.00496389
0.00446851
0.00429646
0.00436249
0.00460647
0.00496791
0.00539071
0.00582682
0.00623886
0.00660111
0.00689924
0.00712895
0.00729407
0.00740486
0.00747899
0.00754791
-0.000141985
-0.000113362
-8.65045e-05
-6.96864e-05
-7.07599e-05
-9.37907e-05
-0.000137852
-0.000197826
-0.000266201
-0.000334958
-0.000397041
-0.000447262
-0.000482664
-0.000502449
-0.000508339
-0.000502894
-0.000488741
-0.000469194
-0.0004478
-0.000428027
-0.000413029
-0.000405647
-0.000408148
-0.000422203
-0.000449298
-0.000485894
-0.000536349
-0.000597098
-0.000664507
-0.000741947
-0.000829017
-0.000930174
-0.00104807
-0.0011859
-0.00134726
-0.00153504
-0.00175176
-0.00199954
-0.00227981
-0.00259342
-0.00294067
-0.00332122
-0.00373409
-0.00417762
-0.0046496
-0.00514725
-0.00566724
-0.0062058
-0.00675877
-0.00732171
-0.00788993
-0.00845862
-0.00902287
-0.00957776
-0.0101184
-0.0106399
-0.0111378
-0.0116073
-0.0120442
-0.0124443
-0.0128038
-0.0131189
-0.0133861
-0.0136023
-0.0137643
-0.0138693
-0.0139149
-0.0138986
-0.0138182
-0.0136717
-0.0134574
-0.0131738
-0.0128194
-0.012393
-0.0118936
-0.0113223
-0.0106773
-0.00995704
-0.00916233
-0.00829438
-0.00735492
-0.00634629
-0.00527154
-0.00413457
-0.00294024
-0.00169458
-0.000404886
0.0009201
0.00227004
0.00363291
0.00499485
0.00634019
0.00765135
0.00890903
0.0100923
0.0111788
0.0121456
0.0129695
0.013628
0.0141006
0.0143703
0.0144248
0.0142584
0.0138733
0.0132804
0.0125003
0.0115627
0.0105065
0.00937816
0.00823377
0.00712221
0.00612211
0.00523618
0.00453288
0.00403655
0.00382933
0.00391264
0.00417622
0.00456126
0.00501283
0.00548281
0.00593273
0.00633477
0.00667175
0.00693627
0.00712919
0.00725822
0.00733881
0.00740017
-0.00018102
-0.000147011
-0.00011814
-0.000104784
-0.000115447
-0.000152816
-0.000213249
-0.00028867
-0.000369146
-0.000445122
-0.000508914
-0.000555461
-0.000582475
-0.000590292
-0.000582466
-0.000561395
-0.000530744
-0.000494771
-0.000457834
-0.000424173
-0.000397424
-0.000381085
-0.00037749
-0.000387533
-0.000414298
-0.000457455
-0.000511898
-0.000578473
-0.000656203
-0.000747202
-0.000853346
-0.000977947
-0.00112428
-0.00129542
-0.00149443
-0.00172383
-0.00198562
-0.00228122
-0.00261136
-0.00297613
-0.00337498
-0.00380674
-0.00426958
-0.00476114
-0.00527849
-0.00581827
-0.00637667
-0.00694959
-0.00753263
-0.00812125
-0.00871076
-0.00929646
-0.00987363
-0.0104376
-0.0109839
-0.011508
-0.0120057
-0.0124728
-0.0129057
-0.0133004
-0.0136536
-0.013962
-0.0142225
-0.0144324
-0.0145888
-0.0146895
-0.0147321
-0.0147146
-0.0146351
-0.0144919
-0.0142835
-0.0140087
-0.0136665
-0.0132559
-0.0127762
-0.0122265
-0.0116043
-0.01091
-0.0101445
-0.00930877
-0.00840452
-0.00743384
-0.00639952
-0.00530509
-0.00415501
-0.00295476
-0.00171103
-0.000431807
0.000873425
0.00219359
0.00351592
0.00482587
0.00610711
0.00734158
0.00850964
0.00959034
0.0105619
0.0114022
0.0120898
0.0126049
0.0129305
0.0130543
0.0129692
0.0126757
0.0121822
0.0115061
0.0106741
0.0097219
0.00869365
0.00764032
0.0066151
0.00567563
0.00486292
0.00424091
0.00379304
0.00357272
0.00363191
0.00389353
0.00427659
0.0047297
0.00520573
0.00566709
0.0060855
0.00644186
0.00672606
0.00693592
0.00707598
0.00715842
0.00720811
-0.000221379
-0.000182059
-0.000152732
-0.000145846
-0.000169976
-0.000225532
-0.000305407
-0.000398149
-0.000491303
-0.000573898
-0.000637867
-0.000678549
-0.000694432
-0.000688907
-0.000665236
-0.000626661
-0.000578038
-0.000524693
-0.000471708
-0.000424383
-0.00038622
-0.000362212
-0.000353823
-0.000368711
-0.000399179
-0.000446893
-0.000510123
-0.000589359
-0.000685196
-0.00079957
-0.000934863
-0.00109397
-0.00127983
-0.00149511
-0.00174217
-0.00202282
-0.00233828
-0.00268908
-0.00307513
-0.00349562
-0.00394915
-0.00443371
-0.00494677
-0.00548527
-0.00604579
-0.00662451
-0.00721737
-0.00782007
-0.0084282
-0.00903725
-0.00964273
-0.0102402
-0.0108252
-0.0113934
-0.0119409
-0.0124635
-0.0129574
-0.0134191
-0.0138451
-0.0142321
-0.0145772
-0.0148775
-0.0151302
-0.015333
-0.0154835
-0.0155796
-0.0156194
-0.015601
-0.015523
-0.015384
-0.0151826
-0.014918
-0.0145895
-0.0141966
-0.0137373
-0.0132088
-0.0126113
-0.0119453
-0.0112115
-0.0104108
-0.00954478
-0.00861527
-0.00762479
-0.00657651
-0.00547443
-0.00432347
-0.00312963
-0.00190011
-0.000643458
0.000630294
0.00190954
0.00318102
0.00442977
0.00563919
0.0067911
0.00786607
0.00884371
0.00970331
0.0104245
0.0109883
0.0113782
0.0115813
0.0115899
0.0114026
0.0110256
0.0104733
0.00976906
0.0089451
0.008042
0.0071071
0.00619161
0.0053477
0.00462152
0.00405502
0.00366587
0.00348609
0.00353205
0.00378383
0.00413862
0.00456899
0.00502503
0.00547207
0.00588304
0.00623797
0.00652477
0.0067385
0.00688052
0.00695946
0.00699516
-0.000260298
-0.00021613
-0.000188462
-0.000191585
-0.000233315
-0.000310781
-0.00041272
-0.000524043
-0.000629834
-0.000717949
-0.000780266
-0.000812935
-0.000815998
-0.000795577
-0.000754259
-0.000697003
-0.000629831
-0.000559424
-0.00049079
-0.000432107
-0.000383341
-0.000361208
-0.000355799
-0.000372503
-0.000409779
-0.000467886
-0.000546687
-0.000646954
-0.000769915
-0.000917433
-0.00109171
-0.00129511
-0.0015299
-0.00179798
-0.00210083
-0.00243935
-0.0028138
-0.0032238
-0.0036683
-0.00414566
-0.00465367
-0.00518961
-0.00575034
-0.00633234
-0.00693181
-0.0075447
-0.00816684
-0.00879394
-0.00942171
-0.0100459
-0.0106621
-0.0112665
-0.0118548
-0.0124232
-0.0129682
-0.013486
-0.0139734
-0.0144272
-0.0148444
-0.0152221
-0.0155578
-0.0158489
-0.0160932
-0.0162885
-0.0164328
-0.0165243
-0.0165614
-0.0165427
-0.0164667
-0.0163323
-0.0161387
-0.0158851
-0.0155711
-0.0151967
-0.0147565
-0.0142505
-0.0136793
-0.0130432
-0.0123429
-0.0115793
-0.0107537
-0.0098678
-0.00892375
-0.00792438
-0.00687322
-0.0057746
-0.00463382
-0.00345726
-0.00225249
-0.00102844
0.000204544
0.00143456
0.00264815
0.00383028
0.00496443
0.00603281
0.00701669
0.00789684
0.00865421
0.00927077
0.00973052
0.0100206
0.0101325
0.0100635
0.00981736
0.00940569
0.00884842
0.00817393
0.0074187
0.00662591
0.00584309
0.00511869
0.00449727
0.00401549
0.00369601
0.00355311
0.00358468
0.00381453
0.00414951
0.00453979
0.00495303
0.00536322
0.00574578
0.00608016
0.00635317
0.00655773
0.00669233
0.00676262
0.00678284
-0.000293654
-0.000245597
-0.000222212
-0.000239193
-0.000302566
-0.00040518
-0.000531096
-0.000661535
-0.000779347
-0.000871537
-0.000930218
-0.000952424
-0.000941582
-0.00090577
-0.000846272
-0.00077043
-0.000685147
-0.000600371
-0.000515876
-0.000455057
-0.000407799
-0.000384139
-0.000383771
-0.000408346
-0.000458262
-0.00053411
-0.000636549
-0.000766612
-0.000925619
-0.00111515
-0.00133687
-0.00159241
-0.00188312
-0.00220997
-0.0025734
-0.0029733
-0.00340895
-0.00387899
-0.00438155
-0.00491417
-0.00547399
-0.00605772
-0.0066618
-0.00728239
-0.00791551
-0.00855706
-0.00920292
-0.00984894
-0.0104911
-0.0111253
-0.0117477
-0.0123546
-0.0129424
-0.0135076
-0.014047
-0.0145574
-0.015036
-0.01548
-0.0158869
-0.016254
-0.0165793
-0.0168605
-0.0170957
-0.0172832
-0.0174211
-0.017508
-0.0175426
-0.0175235
-0.0174498
-0.0173205
-0.017135
-0.0168928
-0.0165936
-0.0162371
-0.0158157
-0.0153329
-0.0147887
-0.0141835
-0.0135179
-0.0127926
-0.0120088
-0.011168
-0.0102721
-0.00932348
-0.00832526
-0.00728118
-0.00619584
-0.00507475
-0.00392453
-0.00275295
-0.00156907
-0.000383365
0.000792279
0.00194451
0.00305859
0.00411852
0.00510735
0.00600753
0.0068015
0.0074724
0.00800496
0.0083865
0.00860807
0.00866558
0.00856091
0.00830285
0.00790782
0.0074001
0.00681159
0.00618069
0.00555021
0.00496424
0.00446387
0.0040824
0.00384042
0.00374361
0.0037797
0.00397104
0.00426468
0.00461034
0.00497936
0.0053424
0.00568045
0.00597855
0.00622382
0.00640775
0.00652572
0.00658046
0.00658944
-0.000315795
-0.000265351
-0.00024924
-0.000283918
-0.00037248
-0.000502629
-0.000653497
-0.000802818
-0.000931589
-0.00102635
-0.00107975
-0.00108963
-0.001068
-0.00101493
-0.000937326
-0.000845022
-0.000741453
-0.000648803
-0.000563545
-0.000498234
-0.000454487
-0.000436464
-0.000446268
-0.000485545
-0.000555501
-0.000657188
-0.000791607
-0.000959799
-0.00116283
-0.00140175
-0.00167748
-0.00199073
-0.00234183
-0.0027307
-0.00315671
-0.00361874
-0.00411509
-0.00464355
-0.00520146
-0.00578576
-0.00639303
-0.00701962
-0.00766168
-0.00831526
-0.00897634
-0.0096409
-0.010305
-0.0109647
-0.0116162
-0.0122559
-0.0128802
-0.013486
-0.0140698
-0.0146288
-0.0151601
-0.0156609
-0.0161289
-0.0165615
-0.0169566
-0.0173121
-0.0176261
-0.0178967
-0.0181224
-0.0183016
-0.0184329
-0.0185151
-0.018547
-0.0185276
-0.0184562
-0.0183321
-0.0181547
-0.0179239
-0.0176398
-0.0172983
-0.0168965
-0.0164371
-0.0159203
-0.0153463
-0.0147158
-0.0140293
-0.013288
-0.012493
-0.011646
-0.0107491
-0.00980495
-0.00881671
-0.00778829
-0.00672441
-0.00563069
-0.00451377
-0.00338142
-0.00224265
-0.00110774
1.1698e-05
0.00110278
0.00215142
0.00314256
0.00406049
0.0048893
0.0056135
0.00621877
0.00669288
0.00702665
0.00721501
0.00725806
0.00716195
0.00693962
0.00661112
0.00620343
0.00574958
0.00528686
0.00485401
0.00448743
0.00421656
0.00405922
0.00401853
0.00408385
0.0042402
0.00448587
0.00477518
0.00508408
0.00539056
0.00567718
0.00592991
0.00613732
0.00629115
0.00638722
0.00642839
0.00642666
-0.000319472
-0.000268674
-0.000262963
-0.000318769
-0.000435123
-0.000593993
-0.000769671
-0.000936867
-0.00107523
-0.00117121
-0.00121836
-0.00121717
-0.00118417
-0.00111561
-0.00102113
-0.000915223
-0.000806554
-0.000708325
-0.000625146
-0.000563729
-0.00052842
-0.000522871
-0.000549898
-0.00061162
-0.000709678
-0.000845351
-0.00101964
-0.00123332
-0.00148697
-0.0017809
-0.00211516
-0.00248943
-0.00290301
-0.00335474
-0.00384297
-0.00436561
-0.0049201
-0.00550349
-0.00611251
-0.00674358
-0.00739296
-0.00805675
-0.008731
-0.00941175
-0.0100951
-0.0107771
-0.0114541
-0.0121226
-0.012779
-0.01342
-0.0140426
-0.0146437
-0.0152207
-0.0157708
-0.0162917
-0.016781
-0.0172365
-0.0176564
-0.0180386
-0.0183814
-0.0186833
-0.0189428
-0.0191584
-0.019329
-0.0194534
-0.0195306
-0.0195597
-0.01954
-0.0194707
-0.0193514
-0.0191819
-0.018962
-0.0186921
-0.0183643
-0.0179821
-0.0175461
-0.0170564
-0.0165135
-0.0159178
-0.01527
-0.0145708
-0.0138215
-0.0130234
-0.0121783
-0.0112884
-0.0103563
-0.00938545
-0.00837964
-0.00734359
-0.00628285
-0.00520392
-0.00411437
-0.00302286
-0.00193925
-0.000874545
0.00015915
0.00114877
0.00208054
0.00294037
0.00371432
0.00438926
0.00495364
0.00539832
0.00571757
0.00590993
0.00597915
0.0059348
0.00579267
0.00557464
0.00530799
0.00502386
0.00475486
0.00453178
0.0043795
0.00431288
0.00433356
0.00442984
0.00458125
0.00478029
0.00501179
0.00525628
0.00549851
0.00572535
0.0059254
0.00608897
0.00620871
0.00628091
0.00630766
0.00629725
-0.000295973
-0.000247282
-0.000254933
-0.000334453
-0.000479832
-0.000667105
-0.000866189
-0.00104948
-0.00119588
-0.00129163
-0.00132962
-0.00132686
-0.00128159
-0.00119665
-0.00109057
-0.000979791
-0.000872525
-0.000777664
-0.000702097
-0.000651912
-0.000632138
-0.000646795
-0.000699093
-0.000791467
-0.000925706
-0.00110304
-0.00132419
-0.00158946
-0.00189874
-0.00225151
-0.00264685
-0.00308346
-0.00355957
-0.00407302
-0.00462125
-0.0052013
-0.00580991
-0.00644352
-0.00709839
-0.00777063
-0.00845627
-0.00915133
-0.00985186
-0.010554
-0.011254
-0.0119483
-0.0126334
-0.013306
-0.0139631
-0.0146017
-0.015219
-0.0158126
-0.01638
-0.0169189
-0.0174273
-0.0179032
-0.0183449
-0.0187506
-0.0191189
-0.0194482
-0.0197374
-0.0199851
-0.0201903
-0.0203519
-0.0204692
-0.0205412
-0.0205673
-0.0205469
-0.0204795
-0.0203647
-0.0202024
-0.0199926
-0.0197353
-0.0194218
-0.0190583
-0.0186449
-0.0181818
-0.0176692
-0.0171075
-0.0164974
-0.0158396
-0.015135
-0.0143849
-0.0135907
-0.0127543
-0.0118779
-0.0109643
-0.0100165
-0.00903846
-0.00803466
-0.0070104
-0.00597184
-0.0049261
-0.0038813
-0.00284656
-0.00183202
-0.000848683
9.16965e-05
0.000976948
0.00179485
0.00253368
0.00318279
0.0037334
0.00417938
0.00451807
0.00475104
0.00488471
0.00493073
0.00490587
0.00483149
0.00473225
0.00463411
0.00456158
0.00453437
0.00456393
0.0046507
0.00478346
0.00494265
0.00511156
0.00529195
0.00547339
0.00564939
0.00581271
0.00595592
0.006072
0.00615527
0.00620277
0.00621581
0.00619936
-0.000235509
-0.00019164
-0.000215113
-0.000319661
-0.000493587
-0.000707234
-0.000926953
-0.00112375
-0.00127669
-0.00137163
-0.00140762
-0.00139571
-0.00133374
-0.00124502
-0.00114193
-0.00103599
-0.000937015
-0.000853621
-0.00079332
-0.000762516
-0.000766621
-0.000809989
-0.000896026
-0.00102724
-0.0012053
-0.00143114
-0.00170502
-0.00202659
-0.00239496
-0.00280872
-0.00326601
-0.00376454
-0.0043016
-0.00487414
-0.00547879
-0.0061119
-0.00676964
-0.00744802
-0.00814298
-0.00885043
-0.00956633
-0.0102867
-0.0110078
-0.0117258
-0.0124372
-0.0131388
-0.0138273
-0.0145
-0.0151539
-0.0157865
-0.0163956
-0.0169788
-0.0175341
-0.0180597
-0.0185538
-0.0190148
-0.0194413
-0.0198319
-0.0201853
-0.0205005
-0.0207764
-0.0210119
-0.0212064
-0.0213589
-0.0214688
-0.0215355
-0.0215584
-0.0215371
-0.0214712
-0.0213606
-0.021205
-0.0210043
-0.0207581
-0.0204585
-0.0201131
-0.0197215
-0.0192838
-0.0188004
-0.0182715
-0.0176976
-0.0170796
-0.0164181
-0.0157143
-0.0149694
-0.014185
-0.0133629
-0.0125052
-0.0116146
-0.010694
-0.00974709
-0.00877797
-0.00779154
-0.00679344
-0.00579012
-0.0047889
-0.00379795
-0.00282624
-0.00188346
-0.000979766
-0.00012554
0.000669051
0.00139454
0.00204276
0.00260752
0.00308525
0.00347572
0.00378251
0.00401335
0.0041801
0.00429823
0.00438586
0.00446208
0.00454481
0.00464812
0.00477967
0.00493869
0.00511555
0.00529434
0.00546016
0.00558869
0.00571124
0.00582331
0.00592343
0.00600905
0.00607674
0.00612327
0.00614685
0.00614794
0.00612832
-0.000127906
-9.15907e-05
-0.000132505
-0.000261814
-0.000461927
-0.000698202
-0.000934411
-0.00114074
-0.00129879
-0.0013828
-0.00141668
-0.00139834
-0.00134224
-0.00126194
-0.00117014
-0.00107812
-0.000996094
-0.000933077
-0.00089701
-0.000894673
-0.000931721
-0.00101265
-0.00114085
-0.00131867
-0.00154744
-0.00182762
-0.00215886
-0.00254007
-0.00296954
-0.00344498
-0.00396363
-0.00452232
-0.00511753
-0.00574543
-0.00640202
-0.00708312
-0.00778446
-0.00850179
-0.00923086
-0.00996752
-0.0107077
-0.0114477
-0.0121837
-0.0129123
-0.0136302
-0.0143345
-0.0150223
-0.015691
-0.0163382
-0.0169618
-0.0175597
-0.0181301
-0.0186713
-0.0191817
-0.01966
-0.0201049
-0.0205152
-0.0208898
-0.0212278
-0.0215284
-0.0217906
-0.0220139
-0.0221974
-0.0223407
-0.0224432
-0.0225044
-0.022524
-0.0225016
-0.0224371
-0.0223301
-0.0221808
-0.0219893
-0.0217506
-0.0214655
-0.0211376
-0.0207668
-0.0203534
-0.0198975
-0.0193996
-0.0188601
-0.0182797
-0.0176592
-0.0169995
-0.0163016
-0.0155668
-0.0147967
-0.013993
-0.0131577
-0.0122931
-0.0114021
-0.0104878
-0.00955382
-0.00860455
-0.00764487
-0.00668036
-0.00571732
-0.00476276
-0.00382428
-0.00291004
-0.00202846
-0.001188
-0.000396761
0.000337975
0.00101026
0.00161603
0.00215361
0.00262414
0.00303185
0.00338399
0.00369044
0.00396296
0.00421383
0.00445424
0.00469238
0.00493161
0.00516922
0.00539619
0.0055985
0.00575983
0.00586949
0.00594572
0.00600016
0.00604096
0.00607154
0.00609279
0.00610454
0.00610642
0.00609803
0.00607795
3.64693e-05
6.27352e-05
3.84436e-06
-0.000148277
-0.000370462
-0.000624301
-0.00087213
-0.00108072
-0.00122627
-0.00130417
-0.00134875
-0.00134341
-0.00130311
-0.00124119
-0.00117023
-0.00110178
-0.00104642
-0.00101359
-0.00101155
-0.00104731
-0.00112659
-0.00125382
-0.00143218
-0.00166363
-0.00194904
-0.00228827
-0.00268025
-0.00312314
-0.00361442
-0.00415099
-0.00472927
-0.00534535
-0.005995
-0.00667382
-0.00737731
-0.00810091
-0.0088401
-0.00959046
-0.0103477
-0.0111077
-0.0118665
-0.0126205
-0.0133662
-0.0141004
-0.0148203
-0.015523
-0.0162061
-0.0168674
-0.0175049
-0.0181166
-0.018701
-0.0192564
-0.0197817
-0.0202755
-0.0207368
-0.0211645
-0.0215579
-0.0219161
-0.0222385
-0.0225242
-0.0227728
-0.0229837
-0.0231565
-0.0232907
-0.0233859
-0.0234417
-0.023458
-0.0234344
-0.0233708
-0.0232672
-0.0231235
-0.02294
-0.022709
-0.0224376
-0.0221262
-0.0217751
-0.0213843
-0.0209543
-0.0204854
-0.019978
-0.0194328
-0.0188505
-0.018232
-0.0175782
-0.0168901
-0.0161691
-0.0154165
-0.0146339
-0.0138231
-0.0129861
-0.0121253
-0.0112434
-0.0103433
-0.00942863
-0.00850341
-0.00757217
-0.00664003
-0.00571262
-0.00479607
-0.00389684
-0.00302158
-0.00217685
-0.0013688
-0.000602796
0.00011695
0.000787785
0.0014089
0.00198151
0.00250875
0.00299541
0.00344723
0.00386999
0.00426827
0.0046442
0.00499641
0.0053195
0.00560448
0.00584044
0.00601796
0.00613569
0.00615902
0.00616203
0.00615011
0.00613114
0.00611055
0.00609144
0.00607494
0.00605977
0.00604162
0.000265627
0.000279803
0.000203569
3.2014e-05
-0.00020678
-0.000472626
-0.000715246
-0.000908116
-0.00105043
-0.00115541
-0.00121387
-0.00122934
-0.00121385
-0.00117981
-0.00113955
-0.0011048
-0.00108639
-0.001094
-0.00113605
-0.00121955
-0.0013501
-0.00153184
-0.00176756
-0.00205872
-0.00240561
-0.00280739
-0.0032623
-0.00376774
-0.00432043
-0.00491655
-0.00555184
-0.00622176
-0.00692157
-0.00764642
-0.00839148
-0.00915195
-0.0099232
-0.0107008
-0.0114804
-0.012258
-0.01303
-0.0137928
-0.0145434
-0.0152788
-0.0159963
-0.0166936
-0.0173687
-0.0180195
-0.0186444
-0.0192419
-0.0198107
-0.0203496
-0.0208576
-0.0213337
-0.0217772
-0.0221874
-0.0225635
-0.0229052
-0.0232118
-0.0234829
-0.0237181
-0.0239171
-0.0240794
-0.0242047
-0.0242929
-0.0243436
-0.0243567
-0.0243319
-0.0242692
-0.0241685
-0.0240297
-0.0238529
-0.0236311
-0.0233722
-0.0230762
-0.0227433
-0.0223737
-0.0219675
-0.0215253
-0.0210476
-0.0205348
-0.0199878
-0.0194073
-0.0187942
-0.0181494
-0.017474
-0.0167691
-0.0160359
-0.0152758
-0.0144902
-0.0136808
-0.0128493
-0.0119979
-0.0111288
-0.0102446
-0.00934825
-0.00844321
-0.00753321
-0.00662244
-0.00571541
-0.00481692
-0.00393185
-0.00306501
-0.00222092
-0.0014035
-0.000615938
0.00013956
0.000861782
0.00155041
0.00220573
0.00282809
0.00341718
0.00397128
0.00448647
0.0049563
0.00537189
0.00572298
0.00599959
0.00619401
0.00630135
0.00632149
0.00629177
0.00623775
0.00617757
0.00612203
0.00607751
0.00604654
0.00602714
0.00601274
0.000564856
0.00056553
0.000473614
0.000286548
3.75967e-05
-0.000217252
-0.000451786
-0.000650743
-0.00080663
-0.000933051
-0.00101378
-0.00105779
-0.00107551
-0.00107849
-0.0010787
-0.00108779
-0.0011166
-0.00117481
-0.0012707
-0.00141108
-0.00160119
-0.00184475
-0.00214401
-0.00249984
-0.00291185
-0.00337853
-0.00389741
-0.00446519
-0.00507793
-0.0057312
-0.0064202
-0.00713991
-0.00788521
-0.00865098
-0.00943217
-0.0102239
-0.0110215
-0.0118206
-0.0126171
-0.0134071
-0.0141872
-0.0149541
-0.0157051
-0.0164374
-0.0171489
-0.0178375
-0.0185014
-0.0191392
-0.0197493
-0.0203307
-0.0208824
-0.0214036
-0.0218934
-0.0223512
-0.0227766
-0.0231691
-0.0235281
-0.0238535
-0.0241448
-0.0244017
-0.0246241
-0.0248116
-0.024964
-0.0250811
-0.0251627
-0.0252087
-0.0252189
-0.0251931
-0.0251313
-0.0250334
-0.0248992
-0.0247286
-0.0245158
-0.0242687
-0.0239872
-0.0236711
-0.0233208
-0.0229366
-0.0225188
-0.0220681
-0.0215849
-0.02107
-0.0205242
-0.0199481
-0.0193428
-0.0187091
-0.0180479
-0.0173603
-0.0166472
-0.0159096
-0.0151486
-0.0143654
-0.0135611
-0.012737
-0.0118945
-0.0110353
-0.0101611
-0.00927399
-0.00837642
-0.00747102
-0.00656071
-0.00564864
-0.00473813
-0.00383254
-0.00293518
-0.00204926
-0.00117781
-0.0003238
0.00050973
0.00131931
0.00210061
0.0028479
0.00355359
0.00420788
0.00479898
0.00531382
0.00573967
0.00606644
0.00628951
0.006413
0.00645319
0.00638191
0.00629432
0.0062028
0.00612095
0.00605758
0.00601614
0.00599454
0.00598492
0.000935724
0.000922326
0.000817308
0.00062009
0.000378862
0.000128585
-0.000107125
-0.000312947
-0.000495979
-0.000644183
-0.000754336
-0.000834097
-0.0008929
-0.000941573
-0.000991567
-0.00105417
-0.00113992
-0.00125816
-0.00141681
-0.00162221
-0.00187911
-0.00219062
-0.00255838
-0.00298257
-0.00346214
-0.0039949
-0.00457772
-0.00520671
-0.00587735
-0.00658473
-0.00732364
-0.00808873
-0.00887466
-0.00967614
-0.0104881
-0.0113056
-0.0121242
-0.0129395
-0.0137476
-0.0145451
-0.0153286
-0.0160952
-0.0168426
-0.0175683
-0.0182705
-0.0189475
-0.0195979
-0.0202204
-0.0208141
-0.0213781
-0.0219117
-0.0224144
-0.0228857
-0.0233252
-0.0237325
-0.0241076
-0.02445
-0.0247597
-0.0250364
-0.0252799
-0.0254902
-0.0256671
-0.0258104
-0.02592
-0.0259957
-0.0260375
-0.0260452
-0.0260187
-0.025958
-0.0258629
-0.0257334
-0.0255679
-0.0253643
-0.0251285
-0.0248604
-0.0245599
-0.0242273
-0.023863
-0.0234674
-0.0230411
-0.0225846
-0.0220986
-0.0215839
-0.0210413
-0.0204715
-0.0198754
-0.0192537
-0.0186074
-0.0179371
-0.0172436
-0.0165275
-0.0157893
-0.0150297
-0.0142491
-0.013448
-0.0126268
-0.011786
-0.0109263
-0.0100483
-0.00915299
-0.00824153
-0.00731532
-0.00637605
-0.00542575
-0.00446676
-0.00350184
-0.00253429
-0.00156809
-0.000608239
0.000338894
0.00126515
0.00216017
0.00301109
0.00380259
0.00451749
0.00513801
0.00564793
0.0060355
0.00629657
0.00643673
0.0064696
0.00640895
0.0063099
0.00620013
0.00610229
0.00602765
0.00597937
0.00595603
0.0059522
0.00137518
0.00134856
0.00123195
0.00103435
0.000796573
0.000546499
0.000303598
7.96472e-05
-0.000126207
-0.000300238
-0.000445272
-0.000567185
-0.000674324
-0.000776669
-0.000884942
-0.00100978
-0.00116111
-0.00134765
-0.00157672
-0.00185399
-0.00218352
-0.00256775
-0.00300759
-0.00350255
-0.0040509
-0.00464982
-0.0052956
-0.00598381
-0.00670953
-0.00746746
-0.00825212
-0.00905799
-0.00987959
-0.0107116
-0.0115491
-0.0123871
-0.0132215
-0.014048
-0.0148631
-0.0156634
-0.0164462
-0.0172088
-0.017949
-0.0186651
-0.0193553
-0.0200184
-0.0206533
-0.0212592
-0.0218352
-0.022381
-0.0228961
-0.0233801
-0.0238329
-0.0242544
-0.0246443
-0.0250026
-0.0253292
-0.0256241
-0.0258872
-0.0261184
-0.0263177
-0.0264849
-0.02662
-0.0267229
-0.0267935
-0.0268317
-0.0268375
-0.0268107
-0.0267513
-0.0266594
-0.026535
-0.0263729
-0.026179
-0.0259541
-0.0256984
-0.0254122
-0.0250958
-0.0247496
-0.024374
-0.0239696
-0.0235369
-0.0230768
-0.0225899
-0.022077
-0.0215388
-0.0209761
-0.0203897
-0.0197803
-0.0191484
-0.0184946
-0.0178192
-0.0171224
-0.0164043
-0.0156648
-0.0149037
-0.0141203
-0.0133143
-0.0124849
-0.0116314
-0.0107534
-0.00985017
-0.00892157
-0.00796762
-0.00698883
-0.00598629
-0.00496192
-0.00391869
-0.00286092
-0.00179474
-0.000728497
0.000326771
0.00135695
0.00234469
0.00326968
0.00410951
0.00484136
0.00544466
0.0059045
0.0062155
0.00638522
0.00643644
0.00640713
0.00628528
0.00616521
0.00606203
0.00598226
0.0059304
0.00590819
0.00591038
0.00187477
0.00183517
0.00170831
0.00151293
0.00127676
0.00102366
0.000771164
0.000523556
0.000293275
8.68493e-05
-9.87313e-05
-0.000268763
-0.000430767
-0.000593824
-0.000767737
-0.000962239
-0.00118636
-0.001448
-0.00175358
-0.00210799
-0.00251446
-0.00297468
-0.00348879
-0.00405563
-0.00467281
-0.00533693
-0.00604379
-0.00678856
-0.00756597
-0.0083705
-0.00919652
-0.0100384
-0.0108908
-0.0117483
-0.0126062
-0.0134599
-0.0143052
-0.0151383
-0.015956
-0.0167553
-0.0175337
-0.0182889
-0.0190192
-0.019723
-0.0203992
-0.0210467
-0.0216648
-0.0222529
-0.0228108
-0.0233381
-0.0238346
-0.0243003
-0.0247352
-0.0251393
-0.0255127
-0.0258553
-0.0261672
-0.0264485
-0.0266992
-0.0269193
-0.0271087
-0.0272674
-0.0273953
-0.0274925
-0.0275588
-0.0275942
-0.0275986
-0.0275719
-0.0275141
-0.0274251
-0.0273051
-0.0271491
-0.0269636
-0.0267487
-0.0265046
-0.0262315
-0.0259298
-0.0255999
-0.0252423
-0.0248575
-0.0244461
-0.0240089
-0.0235466
-0.0230599
-0.0225496
-0.0220164
-0.021461
-0.020884
-0.020286
-0.0196674
-0.0190283
-0.0183687
-0.0176884
-0.0169869
-0.0162633
-0.0155165
-0.0147452
-0.0139477
-0.0131223
-0.012267
-0.0113799
-0.0104591
-0.00950308
-0.00851078
-0.00748186
-0.006417
-0.00531835
-0.00418991
-0.00303811
-0.00187235
-0.000705552
0.000445414
0.00155963
0.00261248
0.00357672
0.00442446
0.0051302
0.0056748
0.00605
0.00626254
0.00633602
0.006306
0.00620429
0.00609288
0.00599465
0.00591646
0.00586634
0.00584679
0.00585398
0.00242242
0.00236454
0.00223412
0.00203919
0.00180101
0.00153916
0.00126864
0.00100076
0.000744438
0.00050165
0.000270794
4.74443e-05
-0.000175018
-0.00040466
-0.000650194
-0.000920244
-0.00122275
-0.00156453
-0.00195104
-0.00238618
-0.00287231
-0.00341026
-0.00399944
-0.00463799
-0.00532292
-0.00605034
-0.00681565
-0.00761368
-0.00843897
-0.00928586
-0.0101487
-0.0110219
-0.0119001
-0.0127784
-0.013652
-0.0145166
-0.0153685
-0.0162041
-0.0170206
-0.0178153
-0.0185861
-0.0193313
-0.0200492
-0.0207389
-0.0213995
-0.0220302
-0.0226308
-0.0232009
-0.0237404
-0.0242494
-0.0247279
-0.025176
-0.0255939
-0.0259817
-0.0263397
-0.0266679
-0.0269665
-0.0272355
-0.0274751
-0.0276853
-0.0278661
-0.0280174
-0.0281394
-0.0282318
-0.0282947
-0.0283279
-0.0283315
-0.0283054
-0.0282495
-0.0281637
-0.0280479
-0.0278986
-0.0277211
-0.0275156
-0.0272822
-0.0270211
-0.0267329
-0.0264177
-0.0260763
-0.025709
-0.0253166
-0.0248997
-0.024459
-0.0239954
-0.0235094
-0.0230019
-0.0224735
-0.0219249
-0.0213565
-0.0207686
-0.0201613
-0.0195346
-0.0188879
-0.0182206
-0.0175314
-0.0168189
-0.0160812
-0.0153159
-0.0145204
-0.0136916
-0.0128265
-0.0119218
-0.0109745
-0.00998193
-0.00894221
-0.00785459
-0.0067199
-0.00554126
-0.00432461
-0.0030795
-0.00181973
-0.000563838
0.000664694
0.00183782
0.00292405
0.00389066
0.00470693
0.00534856
0.00580277
0.00607313
0.00618278
0.00617436
0.00610551
0.00599212
0.00589752
0.00582686
0.00578215
0.00576629
0.00577732
0.00299757
0.00292494
0.00279073
0.00259434
0.00235124
0.00207732
0.00179013
0.00149915
0.00121137
0.000927996
0.000647682
0.00036667
7.92622e-05
-0.000221499
-0.000543105
-0.000892918
-0.00127763
-0.00170286
-0.00217293
-0.0026907
-0.00325758
-0.00387354
-0.00453723
-0.00524614
-0.00599676
-0.00678474
-0.00760517
-0.00845267
-0.00932166
-0.0102065
-0.0111015
-0.0120013
-0.0129007
-0.0137951
-0.0146799
-0.0155513
-0.0164057
-0.0172402
-0.0180522
-0.0188394
-0.0196001
-0.020333
-0.0210369
-0.0217111
-0.0223551
-0.0229685
-0.0235512
-0.0241034
-0.024625
-0.0251163
-0.0255776
-0.0260092
-0.0264112
-0.0267841
-0.027128
-0.0274432
-0.0277299
-0.0279881
-0.028218
-0.0284196
-0.0285931
-0.0287383
-0.0288552
-0.0289438
-0.0290041
-0.029036
-0.0290394
-0.0290143
-0.0289606
-0.0288782
-0.0287671
-0.0286242
-0.0284544
-0.0282577
-0.0280342
-0.0277843
-0.0275083
-0.0272067
-0.0268798
-0.0265282
-0.0261527
-0.0257538
-0.0253322
-0.0248887
-0.024424
-0.0239388
-0.0234339
-0.0229097
-0.0223667
-0.0218053
-0.0212255
-0.0206272
-0.02001
-0.0193728
-0.0187146
-0.0180334
-0.0173271
-0.016593
-0.0158277
-0.0150275
-0.0141884
-0.013306
-0.012376
-0.0113943
-0.0103574
-0.00926286
-0.00811005
-0.0069006
-0.00563933
-0.00433505
-0.00300144
-0.00165763
-0.000328575
0.000955261
0.00215897
0.00324541
0.00417869
0.00492884
0.00547743
0.00582335
0.00598725
0.00601233
0.00595581
0.00585529
0.00577192
0.00571188
0.00567425
0.00566229
0.00567567
0.00358193
0.00349631
0.00335763
0.00315702
0.00290492
0.00261721
0.00231381
0.00199846
0.00167627
0.00134904
0.00101596
0.000673972
0.000318376
-5.65993e-05
-0.000457131
-0.000889218
-0.0013582
-0.00186842
-0.00242297
-0.00302364
-0.00367085
-0.00436369
-0.00510011
-0.00587697
-0.00669028
-0.00753535
-0.00840701
-0.00929979
-0.010208
-0.0111262
-0.0120488
-0.0129706
-0.0138868
-0.0147929
-0.0156848
-0.0165591
-0.0174127
-0.0182428
-0.0190475
-0.0198248
-0.0205735
-0.0212925
-0.0219811
-0.022639
-0.023266
-0.023862
-0.0244271
-0.0249618
-0.0254663
-0.0259409
-0.0263861
-0.0268024
-0.02719
-0.0275494
-0.0278807
-0.0281844
-0.0284606
-0.0287094
-0.028931
-0.0291254
-0.0292927
-0.0294328
-0.0295458
-0.0296315
-0.02969
-0.0297212
-0.029725
-0.0297013
-0.0296502
-0.0295714
-0.0294648
-0.0293284
-0.029166
-0.0289776
-0.0287635
-0.0285239
-0.0282592
-0.0279698
-0.0276561
-0.0273187
-0.0269583
-0.0265753
-0.0261706
-0.0257448
-0.0252987
-0.0248329
-0.0243481
-0.0238449
-0.0233237
-0.022785
-0.0222287
-0.0216547
-0.0210627
-0.0204517
-0.0198204
-0.0191672
-0.0184895
-0.0177844
-0.0170484
-0.0162773
-0.0154663
-0.0146104
-0.013704
-0.0127419
-0.011719
-0.0106313
-0.00947629
-0.00825383
-0.00696702
-0.00562321
-0.004235
-0.00282104
-0.00140663
-2.35514e-05
0.00129082
0.00249567
0.00355017
0.00441844
0.00507553
0.00551374
0.00574788
0.00581671
0.00577785
0.00569577
0.00562552
0.0055726
0.00554105
0.00553216
0.00554616
0.00415586
0.00405844
0.00391451
0.00370715
0.00343986
0.0031465
0.00282433
0.00248126
0.00212194
0.00174835
0.00136012
0.00095499
0.000529279
7.84648e-05
-0.000402259
-0.00091747
-0.00147111
-0.00206617
-0.00270453
-0.00338684
-0.00411254
-0.00487991
-0.00568616
-0.00652761
-0.00739985
-0.00829792
-0.00921649
-0.01015
-0.011093
-0.0120399
-0.0129855
-0.0139248
-0.0148535
-0.0157674
-0.0166628
-0.0175366
-0.0183862
-0.0192094
-0.0200044
-0.02077
-0.0215051
-0.0222092
-0.0228819
-0.0235232
-0.0241331
-0.024712
-0.0252603
-0.0257783
-0.0262666
-0.0267258
-0.0271563
-0.0275587
-0.0279333
-0.0282806
-0.028601
-0.0288946
-0.0291617
-0.0294025
-0.0296171
-0.0298054
-0.0299677
-0.0301037
-0.0302136
-0.0302973
-0.0303546
-0.0303857
-0.0303903
-0.0303685
-0.0303203
-0.0302455
-0.0301429
-0.030013
-0.0298577
-0.0296773
-0.0294719
-0.029242
-0.0289877
-0.0287095
-0.0284079
-0.0280834
-0.0277365
-0.0273679
-0.0269782
-0.026568
-0.0261382
-0.0256892
-0.0252219
-0.0247367
-0.0242341
-0.0237146
-0.0231782
-0.0226248
-0.0220542
-0.0214654
-0.0208573
-0.0202282
-0.0195758
-0.0188971
-0.0181885
-0.0174456
-0.0166633
-0.0158359
-0.0149573
-0.0140211
-0.0130209
-0.0119511
-0.0108075
-0.00958776
-0.00829289
-0.00692812
-0.00550414
-0.00403815
-0.00255464
-0.00108555
0.000330358
0.00164946
0.00282658
0.00381996
0.00459755
0.00514399
0.00546699
0.00560125
0.00560763
0.00556228
0.00546786
0.00540987
0.00538263
0.00537515
0.00538806
0.00469993
0.00459169
0.00444152
0.00422671
0.00395503
0.00364747
0.00330377
0.0029306
0.00253217
0.00211054
0.00166582
0.00119655
0.000700124
0.000173284
-0.00038738
-0.000985006
-0.00162212
-0.00230037
-0.00302039
-0.00378174
-0.00458288
-0.00542129
-0.00629353
-0.00719543
-0.00812221
-0.00906871
-0.0100295
-0.0109991
-0.011972
-0.0129431
-0.0139073
-0.01486
-0.0157972
-0.0167152
-0.0176107
-0.0184811
-0.0193242
-0.0201382
-0.0209219
-0.0216743
-0.022395
-0.0230835
-0.0237401
-0.0243649
-0.0249582
-0.0255207
-0.0260528
-0.0265553
-0.0270288
-0.0274738
-0.027891
-0.028281
-0.0286441
-0.0289809
-0.0292917
-0.0295766
-0.029836
-0.03007
-0.0302787
-0.0304621
-0.0306203
-0.0307532
-0.0308608
-0.030943
-0.0309999
-0.0310312
-0.0310371
-0.0310175
-0.0309723
-0.0309016
-0.0308031
-0.0306794
-0.030531
-0.0303582
-0.0301611
-0.0299402
-0.0296956
-0.0294279
-0.0291374
-0.0288246
-0.02849
-0.0281343
-0.027758
-0.0273618
-0.0269463
-0.0265121
-0.0260599
-0.0255903
-0.0251037
-0.0246005
-0.0240808
-0.0235448
-0.0229921
-0.022422
-0.0218334
-0.021225
-0.0205944
-0.0199389
-0.019255
-0.0185384
-0.0177839
-0.0169855
-0.0161367
-0.0152303
-0.014259
-0.0132157
-0.0120944
-0.0108908
-0.00960324
-0.00823456
-0.00679279
-0.00529277
-0.00375711
-0.00221678
-0.000710712
0.000715673
0.00201362
0.00313582
0.0040429
0.00471079
0.005138
0.00535027
0.00539886
0.00534749
0.00527337
0.00522807
0.00520098
0.00519203
0.00520222
0.00519646
0.00507772
0.00491785
0.0046851
0.00442249
0.00410175
0.0037355
0.00333088
0.00289222
0.00242182
0.00192033
0.00138711
0.000820644
0.000218946
-0.000420006
-0.00109793
-0.00181594
-0.00257437
-0.00337265
-0.00420925
-0.00508173
-0.00598679
-0.00692041
-0.00787796
-0.00885439
-0.00984438
-0.0108425
-0.0118433
-0.0128415
-0.0138322
-0.0148108
-0.0157729
-0.016715
-0.0176338
-0.0185265
-0.019391
-0.0202254
-0.0210286
-0.0217997
-0.0225381
-0.0232437
-0.0239166
-0.0245572
-0.0251659
-0.0257433
-0.0262903
-0.0268075
-0.0272956
-0.0277555
-0.0281879
-0.0285932
-0.0289722
-0.0293253
-0.029653
-0.0299554
-0.030233
-0.0304859
-0.0307142
-0.030918
-0.0310974
-0.0312524
-0.0313828
-0.0314888
-0.0315702
-0.031627
-0.0316591
-0.0316665
-0.0316491
-0.0316071
-0.0315404
-0.0314467
-0.0313288
-0.0311869
-0.0310213
-0.0308321
-0.0306196
-0.0303842
-0.0301261
-0.0298459
-0.0295439
-0.0292207
-0.0288767
-0.0285126
-0.0281288
-0.0277261
-0.0273051
-0.0268662
-0.0264101
-0.0259372
-0.025448
-0.0249426
-0.0244211
-0.0238833
-0.0233287
-0.0227565
-0.0221653
-0.0215532
-0.0209177
-0.0202555
-0.0195626
-0.0188339
-0.0180636
-0.0172449
-0.0163702
-0.0154315
-0.0144207
-0.01333
-0.0121531
-0.0108861
-0.00952858
-0.00808567
-0.00656904
-0.00499847
-0.00340281
-0.00182
-0.000296079
0.00111756
0.00236868
0.00341058
0.00420989
0.00475455
0.00506012
0.00517171
0.00515927
0.00510346
0.00503657
0.00499738
0.00498379
0.00498991
0.00563089
0.00550233
0.00533241
0.00511678
0.00483597
0.00449664
0.00410564
0.00366854
0.0031893
0.00267036
0.00211287
0.00151703
0.000882398
0.000208246
-0.000506095
-0.00126095
-0.00205608
-0.00289055
-0.00376261
-0.00466972
-0.00560857
-0.00657515
-0.00756491
-0.00857285
-0.00959368
-0.010622
-0.0116524
-0.0126795
-0.0136985
-0.0147045
-0.0156933
-0.0166612
-0.0176049
-0.0185216
-0.019409
-0.0202654
-0.0210896
-0.0218807
-0.0226382
-0.0233621
-0.0240525
-0.02471
-0.025335
-0.0259284
-0.0264909
-0.0270234
-0.0275268
-0.028002
-0.0284498
-0.0288707
-0.0292657
-0.0296351
-0.0299794
-0.0302992
-0.0305946
-0.0308659
-0.0311133
-0.0313369
-0.0315367
-0.0317129
-0.0318653
-0.0319939
-0.0320988
-0.0321798
-0.0322369
-0.03227
-0.0322791
-0.0322643
-0.0322254
-0.0321626
-0.0320738
-0.0319615
-0.0318258
-0.031667
-0.0314853
-0.0312808
-0.031054
-0.0308051
-0.0305344
-0.0302425
-0.0299297
-0.0295966
-0.0292435
-0.0288712
-0.0284801
-0.0280707
-0.0276437
-0.0271995
-0.0267387
-0.0262615
-0.0257682
-0.025259
-0.0247338
-0.0241922
-0.0236335
-0.0230566
-0.0224599
-0.0218412
-0.0211976
-0.0205255
-0.01982
-0.0190758
-0.018286
-0.0174431
-0.0165387
-0.0155638
-0.0145095
-0.0133674
-0.0121313
-0.010798
-0.00936884
-0.00785198
-0.00626354
-0.00462919
-0.00298472
-0.00137555
0.000145418
0.00152186
0.0027002
0.00363762
0.00431089
0.00472444
0.004915
0.00494894
0.00490567
0.00481994
0.00477133
0.00475045
0.00475145
0.00598994
0.00585095
0.00568436
0.00546657
0.00517475
0.00481747
0.00440152
0.00393204
0.00341283
0.00284653
0.00223483
0.00157875
0.000878904
0.000135781
-0.000649975
-0.00147736
-0.00234484
-0.00325025
-0.00419076
-0.00516287
-0.00616245
-0.00718488
-0.00822511
-0.00927783
-0.0103376
-0.0113989
-0.0124565
-0.0135052
-0.0145403
-0.0155575
-0.016553
-0.0175232
-0.0184655
-0.0193776
-0.0202576
-0.0211043
-0.0219169
-0.022695
-0.0234385
-0.0241478
-0.0248232
-0.0254656
-0.0260758
-0.0266547
-0.0272033
-0.0277226
-0.0282136
-0.0286771
-0.0291139
-0.0295249
-0.0299107
-0.0302717
-0.0306086
-0.0309215
-0.0312109
-0.0314769
-0.0317197
-0.0319394
-0.032136
-0.0323095
-0.03246
-0.0325873
-0.0326914
-0.0327724
-0.0328301
-0.0328645
-0.0328755
-0.0328632
-0.0328276
-0.0327686
-0.0326846
-0.0325777
-0.032448
-0.0322957
-0.032121
-0.0319242
-0.0317055
-0.0314651
-0.0312035
-0.030921
-0.030618
-0.0302949
-0.0299522
-0.0295903
-0.0292098
-0.0288111
-0.0283948
-0.0279613
-0.027511
-0.0270444
-0.0265617
-0.0260631
-0.0255485
-0.0250177
-0.0244702
-0.0239052
-0.0233212
-0.0227165
-0.0220886
-0.0214342
-0.0207492
-0.0200283
-0.0192654
-0.018453
-0.0175827
-0.0166451
-0.0156302
-0.0145285
-0.0133313
-0.0120325
-0.0106301
-0.00912791
-0.00753794
-0.00588177
-0.00419191
-0.00251193
-0.000894983
0.000599602
0.00191214
0.00299054
0.00379984
0.00433155
0.0046101
0.00469189
0.00465212
0.00457116
0.00451942
0.00449015
0.00448559
0.00626495
0.00612101
0.00596284
0.00573344
0.00542876
0.00505349
0.00461311
0.00411225
0.00355461
0.00294307
0.00227987
0.00156685
0.000805664
-2.03282e-06
-0.000854346
-0.00174901
-0.00268326
-0.00365381
-0.00465678
-0.0056878
-0.00674201
-0.00781422
-0.00889896
-0.00999066
-0.0110837
-0.0121728
-0.0132525
-0.0143182
-0.0153652
-0.0163897
-0.0173882
-0.0183578
-0.0192961
-0.0202014
-0.0210723
-0.021908
-0.0227081
-0.0234727
-0.024202
-0.0248967
-0.0255576
-0.0261857
-0.0267818
-0.0273473
-0.0278831
-0.0283904
-0.0288701
-0.0293232
-0.0297505
-0.0301527
-0.0305304
-0.0308842
-0.0312145
-0.0315217
-0.0318059
-0.0320674
-0.0323064
-0.0325228
-0.0327167
-0.0328881
-0.033037
-0.0331634
-0.0332672
-0.0333484
-0.0334068
-0.0334426
-0.0334557
-0.033446
-0.0334136
-0.0333585
-0.033279
-0.0331772
-0.0330533
-0.0329072
-0.0327393
-0.0325498
-0.0323388
-0.0321066
-0.0318535
-0.0315798
-0.031286
-0.0309723
-0.0306392
-0.030287
-0.0299163
-0.0295275
-0.029121
-0.0286973
-0.0282567
-0.0277995
-0.0273262
-0.0268368
-0.0263314
-0.0258098
-0.0252718
-0.0247165
-0.0241431
-0.02355
-0.022935
-0.0222956
-0.021628
-0.0209277
-0.0201889
-0.0194047
-0.0185669
-0.0176661
-0.0166919
-0.0156336
-0.0144807
-0.0132243
-0.0118592
-0.0103848
-0.0088085
-0.00714706
-0.00542873
-0.00369399
-0.00199496
-0.000392672
0.00104808
0.00226655
0.00321591
0.00387398
0.00425211
0.00439875
0.00439309
0.00432279
0.00424653
0.00420161
0.00419033
0.00644791
0.00630968
0.00614323
0.00590524
0.00558869
0.00519646
0.00473304
0.00420265
0.00360893
0.00295507
0.00224388
0.00147801
0.000660118
-0.000207025
-0.00112035
-0.00207639
-0.00307126
-0.00410059
-0.00515959
-0.00624305
-0.00734548
-0.00846118
-0.00958432
-0.0107091
-0.01183
-0.0129415
-0.0140386
-0.0151166
-0.0161716
-0.0171997
-0.0181982
-0.0191644
-0.0200965
-0.0209931
-0.0218535
-0.0226772
-0.0234643
-0.0242151
-0.0249304
-0.0256109
-0.0262578
-0.0268723
-0.0274554
-0.0280085
-0.0285327
-0.0290291
-0.0294987
-0.0299425
-0.0303613
-0.0307558
-0.0311266
-0.0314741
-0.0317988
-0.0321009
-0.0323807
-0.0326384
-0.032874
-0.0330877
-0.0332794
-0.0334491
-0.0335968
-0.0337226
-0.0338262
-0.0339078
-0.0339672
-0.0340045
-0.0340196
-0.0340125
-0.0339832
-0.0339319
-0.0338568
-0.03376
-0.0336416
-0.0335015
-0.0333401
-0.0331574
-0.0329538
-0.0327293
-0.0324843
-0.0322191
-0.0319339
-0.0316291
-0.0313051
-0.0309621
-0.0306006
-0.030221
-0.0298236
-0.0294089
-0.0289772
-0.0285287
-0.0280639
-0.0275828
-0.0270855
-0.026572
-0.026042
-0.0254951
-0.0249304
-0.0243469
-0.0237427
-0.0231157
-0.0224628
-0.0217801
-0.0210624
-0.0203036
-0.0194959
-0.0186301
-0.017696
-0.0166819
-0.0155762
-0.0143678
-0.0130481
-0.0116125
-0.0100635
-0.00841248
-0.00668265
-0.00491026
-0.00314503
-0.0014483
0.000111325
0.00146538
0.00255565
0.00334609
0.00383429
0.00405885
0.00409707
0.00404431
0.00393871
0.00387853
0.00386038
0.00652619
0.00638791
0.00621856
0.00597489
0.00564847
0.00524115
0.00475681
0.00419938
0.0035726
0.00287998
0.00212494
0.00131092
0.000441533
-0.000479387
-0.00144766
-0.00245873
-0.00350765
-0.00458909
-0.00569739
-0.00682663
-0.00797073
-0.00912354
-0.010279
-0.0114311
-0.0125743
-0.0137031
-0.0148129
-0.0158992
-0.0169582
-0.0179868
-0.0189823
-0.0199427
-0.0208667
-0.0217533
-0.0226021
-0.0234131
-0.0241868
-0.0249239
-0.0256253
-0.0262923
-0.0269259
-0.0275276
-0.0280987
-0.0286404
-0.029154
-0.0296407
-0.0301013
-0.0305369
-0.0309482
-0.0313359
-0.0317006
-0.0320426
-0.0323624
-0.0326602
-0.0329362
-0.0331905
-0.0334233
-0.0336346
-0.0338244
-0.0339928
-0.0341396
-0.0342649
-0.0343686
-0.0344507
-0.0345111
-0.0345499
-0.0345671
-0.0345625
-0.0345364
-0.0344886
-0.0344179
-0.0343259
-0.0342126
-0.0340783
-0.0339231
-0.0337471
-0.0335504
-0.0333333
-0.0330961
-0.0328388
-0.0325619
-0.0322655
-0.0319501
-0.0316158
-0.031263
-0.0308921
-0.0305034
-0.0300972
-0.0296738
-0.0292334
-0.0287764
-0.0283029
-0.027813
-0.0273068
-0.026784
-0.0262443
-0.0256871
-0.0251116
-0.0245165
-0.0238998
-0.0232593
-0.0225914
-0.0218919
-0.0211553
-0.0203746
-0.0195412
-0.0186451
-0.0176745
-0.0166169
-0.0154596
-0.014191
-0.012803
-0.0112928
-0.00966667
-0.00794177
-0.00614924
-0.00433507
-0.00255943
-0.000893244
0.000588568
0.00181714
0.00274245
0.00334674
0.00365471
0.00373375
0.0036763
0.00357708
0.00351323
0.00348912
0.00649443
0.0063576
0.00618747
0.00594006
0.00560573
0.00518547
0.00468268
0.00410118
0.00344481
0.00271746
0.00192315
0.00106611
0.00015084
-0.000817824
-0.00183468
-0.00289416
-0.00399034
-0.00511703
-0.0062678
-0.00743608
-0.00861529
-0.00979892
-0.0109806
-0.0121544
-0.0133146
-0.014456
-0.015574
-0.0166646
-0.0177243
-0.0187502
-0.0197403
-0.020693
-0.0216072
-0.0224826
-0.023319
-0.024117
-0.0248772
-0.0256008
-0.0262888
-0.0269427
-0.0275639
-0.0281537
-0.0287137
-0.0292451
-0.0297491
-0.030227
-0.0306796
-0.0311079
-0.0315126
-0.0318943
-0.0322536
-0.0325908
-0.0329062
-0.0332002
-0.0334729
-0.0337243
-0.0339546
-0.0341639
-0.0343521
-0.0345192
-0.0346653
-0.0347903
-0.0348941
-0.0349768
-0.0350384
-0.0350788
-0.0350979
-0.0350959
-0.0350728
-0.0350285
-0.0349618
-0.0348744
-0.0347663
-0.0346375
-0.0344881
-0.0343184
-0.0341285
-0.0339185
-0.0336886
-0.033439
-0.0331699
-0.0328816
-0.0325744
-0.0322484
-0.0319039
-0.0315413
-0.0311608
-0.0307627
-0.0303472
-0.0299146
-0.029465
-0.0289987
-0.0285158
-0.0280162
-0.0275
-0.0269668
-0.0264163
-0.0258477
-0.0252602
-0.0246523
-0.0240221
-0.0233667
-0.0226827
-0.0219653
-0.0212084
-0.0204041
-0.0195431
-0.0186138
-0.0176035
-0.0164982
-0.0152843
-0.01395
-0.0124884
-0.0108997
-0.00919506
-0.00739966
-0.00555453
-0.00371718
-0.00195919
-0.00036045
0.00100062
0.00206035
0.00278504
0.00318433
0.00331695
0.00328087
0.00318033
0.00310763
0.00307508
0.00635582
0.00622157
0.00605172
0.00580183
0.00546123
0.00503014
0.00451155
0.00390914
0.00322692
0.00246915
0.00164044
0.00074575
-0.000209563
-0.00121975
-0.00227866
-0.00337981
-0.00451642
-0.0056815
-0.00686793
-0.0080686
-0.00927649
-0.0104848
-0.011687
-0.012877
-0.0140492
-0.0151986
-0.0163208
-0.017412
-0.0184692
-0.0194899
-0.0204724
-0.0214156
-0.0223188
-0.023182
-0.0240055
-0.0247902
-0.0255371
-0.0262474
-0.0269226
-0.0275641
-0.0281736
-0.0287525
-0.0293022
-0.0298242
-0.0303196
-0.0307896
-0.031235
-0.0316568
-0.0320556
-0.032432
-0.0327865
-0.0331194
-0.033431
-0.0337215
-0.0339912
-0.03424
-0.0344682
-0.0346756
-0.0348624
-0.0350285
-0.035174
-0.0352988
-0.0354029
-0.0354862
-0.0355489
-0.0355908
-0.035612
-0.0356124
-0.0355922
-0.0355512
-0.0354885
-0.0354055
-0.0353022
-0.0351787
-0.035035
-0.0348714
-0.0346879
-0.0344846
-0.0342617
-0.0340195
-0.0337579
-0.0334774
-0.033178
-0.0328599
-0.0325235
-0.0321689
-0.0317963
-0.031406
-0.0309981
-0.0305729
-0.0301306
-0.0296712
-0.0291949
-0.0287018
-0.0281917
-0.0276646
-0.0271201
-0.0265579
-0.0259771
-0.0253767
-0.0247552
-0.0241105
-0.0234396
-0.0227386
-0.0220023
-0.0212238
-0.0203944
-0.0195034
-0.0185381
-0.0174841
-0.0163261
-0.0150497
-0.0136437
-0.0121031
-0.0104326
-0.00865079
-0.00679275
-0.00491185
-0.0030787
-0.00137638
0.000108612
0.00129994
0.00214821
0.00264778
0.00284754
0.00284606
0.00275859
0.00266067
0.00261618
0.00611499
0.0059841
0.00581514
0.00556366
0.00521819
0.00477828
0.00424649
0.0036264
0.00292216
0.0021384
0.00128027
0.000353413
-0.000636031
-0.00168147
-0.00277592
-0.00391205
-0.00508232
-0.00627903
-0.00749448
-0.00872107
-0.00995142
-0.0111785
-0.0123956
-0.0135967
-0.0147762
-0.0159294
-0.017052
-0.0181407
-0.0191926
-0.0202057
-0.0211788
-0.022111
-0.0230021
-0.0238525
-0.0246629
-0.0254342
-0.0261679
-0.0268654
-0.0275283
-0.0281583
-0.0287568
-0.0293256
-0.029866
-0.0303794
-0.030867
-0.0313298
-0.0317688
-0.0321847
-0.0325782
-0.0329498
-0.0332999
-0.0336289
-0.0339371
-0.0342245
-0.0344915
-0.034738
-0.0349641
-0.0351699
-0.0353555
-0.0355207
-0.0356657
-0.0357903
-0.0358947
-0.0359787
-0.0360425
-0.0360859
-0.0361091
-0.0361119
-0.0360945
-0.0360566
-0.0359977
-0.035919
-0.0358203
-0.0357019
-0.0355637
-0.0354058
-0.0352285
-0.0350317
-0.0348155
-0.0345803
-0.034326
-0.0340528
-0.033761
-0.0334506
-0.0331219
-0.0327749
-0.03241
-0.0320273
-0.0316268
-0.0312089
-0.0307736
-0.030321
-0.0298513
-0.0293644
-0.0288604
-0.0283391
-0.0278004
-0.0272441
-0.0266694
-0.0260757
-0.0254619
-0.0248263
-0.0241666
-0.0234796
-0.022761
-0.0220049
-0.0212036
-0.0203474
-0.019424
-0.018419
-0.0173164
-0.0160998
-0.0147544
-0.0132701
-0.0116458
-0.00989267
-0.00803921
-0.00613332
-0.0042429
-0.0024524
-0.000854643
0.00046265
0.00143486
0.00204006
0.00231407
0.00235006
0.00226939
0.00215699
0.00210263
0.00577766
0.00565074
0.00548312
0.00523075
0.00488166
0.0044348
0.00389235
0.00325777
0.00253533
0.00173
0.000847405
-0.000106173
-0.0011239
-0.00219843
-0.00332201
-0.00448659
-0.00568394
-0.00690576
-0.00814384
-0.00939017
-0.0106371
-0.0118773
-0.0131042
-0.0143116
-0.0154941
-0.0166472
-0.0177669
-0.01885
-0.0198942
-0.0208978
-0.0218598
-0.0227799
-0.0236582
-0.0244954
-0.0252924
-0.0260505
-0.0267714
-0.0274566
-0.0281078
-0.0287268
-0.0293152
-0.0298745
-0.0304063
-0.0309119
-0.0313923
-0.0318487
-0.0322818
-0.0326924
-0.0330811
-0.0334483
-0.0337945
-0.0341199
-0.0344249
-0.0347095
-0.034974
-0.0352183
-0.0354426
-0.0356469
-0.0358313
-0.0359957
-0.0361402
-0.0362648
-0.0363695
-0.0364542
-0.0365191
-0.036564
-0.0365891
-0.0365943
-0.0365797
-0.0365444
-0.0364894
-0.0364147
-0.0363206
-0.036207
-0.036074
-0.0359217
-0.0357502
-0.0355596
-0.0353499
-0.0351214
-0.034874
-0.034608
-0.0343234
-0.0340204
-0.0336991
-0.0333597
-0.0330022
-0.0326268
-0.0322337
-0.0318229
-0.0313945
-0.0309486
-0.0304854
-0.0300047
-0.0295067
-0.0289913
-0.0284584
-0.0279077
-0.0273388
-0.0267514
-0.0261445
-0.0255169
-0.0248669
-0.0241919
-0.0234886
-0.0227519
-0.0219753
-0.02115
-0.0202648
-0.0193058
-0.0182567
-0.0170998
-0.0158176
-0.0143959
-0.0128273
-0.0111164
-0.00928389
-0.00737131
-0.00544222
-0.00358052
-0.00188349
-0.000448777
0.000644302
0.00135656
0.00170785
0.00178189
0.00170279
0.00158992
0.00152798
0.00535054
0.00522811
0.00506222
0.00480962
0.00445806
0.00400602
0.00345534
0.00280936
0.00207244
0.00124984
0.000347626
-0.000627379
-0.00166771
-0.00276536
-0.00391192
-0.00509868
-0.00631683
-0.00755755
-0.0088122
-0.0100724
-0.0113304
-0.0125786
-0.0138104
-0.0150197
-0.0162014
-0.0173508
-0.0184645
-0.0195396
-0.0205739
-0.0215663
-0.0225161
-0.0234231
-0.024288
-0.0251117
-0.0258953
-0.0266405
-0.0273488
-0.0280222
-0.0286624
-0.029271
-0.02985
-0.0304006
-0.0309245
-0.0314229
-0.0318968
-0.0323472
-0.0327749
-0.0331806
-0.0335649
-0.0339281
-0.0342706
-0.0345928
-0.0348947
-0.0351767
-0.0354388
-0.0356811
-0.0359037
-0.0361066
-0.0362899
-0.0364536
-0.0365977
-0.0367222
-0.0368272
-0.0369127
-0.0369786
-0.037025
-0.0370519
-0.0370593
-0.0370473
-0.037015
-0.0369635
-0.0368927
-0.0368028
-0.0366939
-0.0365659
-0.0364189
-0.0362531
-0.0360684
-0.0358649
-0.0356428
-0.0354021
-0.0351429
-0.0348654
-0.0345695
-0.0342554
-0.0339232
-0.033573
-0.0332048
-0.0328188
-0.0324151
-0.0319936
-0.0315544
-0.0310977
-0.0306233
-0.0301314
-0.0296219
-0.0290947
-0.0285497
-0.0279866
-0.0274051
-0.0268047
-0.0261844
-0.0255431
-0.0248787
-0.0241885
-0.0234686
-0.0227135
-0.0219155
-0.0210646
-0.0201478
-0.0191492
-0.0180505
-0.0168324
-0.015477
-0.0139717
-0.0123141
-0.0105175
-0.00861573
-0.00666665
-0.00475178
-0.00297086
-0.00142974
-0.000221451
0.000597482
0.00102997
0.00114975
0.00108524
0.000967938
0.000896786
0.00484118
0.00472369
0.00455992
0.00430773
0.0039548
0.00349926
0.00294267
0.00228824
0.0015404
0.00070466
-0.000212543
-0.00120391
-0.00226143
-0.00337653
-0.00454021
-0.00574323
-0.00697626
-0.00823007
-0.00949565
-0.0107644
-0.0120282
-0.0132797
-0.014512
-0.0157193
-0.0168965
-0.0180393
-0.0191443
-0.0202091
-0.0212318
-0.0222116
-0.023148
-0.0240414
-0.0248925
-0.0257025
-0.0264729
-0.0272053
-0.0279016
-0.0285637
-0.0291934
-0.0297924
-0.0303624
-0.030905
-0.0314216
-0.0319132
-0.0323811
-0.032826
-0.0332488
-0.0336499
-0.03403
-0.0343895
-0.0347286
-0.0350476
-0.0353468
-0.0356263
-0.0358861
-0.0361265
-0.0363475
-0.0365491
-0.0367313
-0.0368943
-0.0370381
-0.0371626
-0.0372679
-0.037354
-0.037421
-0.0374688
-0.0374975
-0.0375071
-0.0374976
-0.0374682
-0.03742
-0.037353
-0.0372672
-0.0371627
-0.0370394
-0.0368976
-0.0367371
-0.0365581
-0.0363606
-0.0361447
-0.0359104
-0.0356578
-0.0353869
-0.0350979
-0.0347908
-0.0344657
-0.0341226
-0.0337615
-0.0333825
-0.0329857
-0.0325711
-0.0321386
-0.0316884
-0.0312205
-0.0307348
-0.0302313
-0.02971
-0.0291708
-0.0286135
-0.028038
-0.0274439
-0.0268305
-0.0261971
-0.0255421
-0.0248636
-0.0241584
-0.023422
-0.022648
-0.0218275
-0.0209489
-0.0199971
-0.0189538
-0.0177988
-0.0165114
-0.0150746
-0.0134795
-0.0117317
-0.00985695
-0.00790611
-0.00595656
-0.00410846
-0.00247388
-0.00115808
-0.000234242
0.000283264
0.000456304
0.000413062
0.000295348
0.000213054
0.00425778
0.00414563
0.00398437
0.00373324
0.00338
0.00292256
0.00236224
0.00170214
0.000946755
0.000101763
-0.000826064
-0.00182903
-0.00289866
-0.00402588
-0.00520123
-0.00641498
-0.00765741
-0.00891891
-0.0101902
-0.0114625
-0.0127276
-0.0139779
-0.0152069
-0.0164086
-0.0175782
-0.0187116
-0.0198057
-0.0208583
-0.021868
-0.0228339
-0.0237563
-0.0246355
-0.0254726
-0.026269
-0.0270263
-0.0277463
-0.028431
-0.0290823
-0.029702
-0.0302919
-0.0308536
-0.0313887
-0.0318983
-0.0323838
-0.032846
-0.0332858
-0.0337039
-0.0341008
-0.034477
-0.0348329
-0.0351688
-0.0354849
-0.0357814
-0.0360584
-0.0363162
-0.0365547
-0.0367741
-0.0369744
-0.0371557
-0.0373181
-0.0374615
-0.037586
-0.0376916
-0.0377784
-0.0378464
-0.0378956
-0.037926
-0.0379376
-0.0379305
-0.037904
-0.037859
-0.0377956
-0.0377137
-0.0376134
-0.0374948
-0.0373578
-0.0372024
-0.0370289
-0.036837
-0.036627
-0.0363989
-0.0361526
-0.0358883
-0.0356059
-0.0353056
-0.0349873
-0.0346511
-0.0342969
-0.0339249
-0.0335349
-0.0331271
-0.0327014
-0.0322579
-0.0317964
-0.031317
-0.0308197
-0.0303045
-0.0297713
-0.02922
-0.0286506
-0.0280628
-0.0274562
-0.0268303
-0.026184
-0.025516
-0.0248238
-0.0241038
-0.0233508
-0.0225573
-0.0217129
-0.0208037
-0.0198123
-0.0187181
-0.0174986
-0.0161333
-0.0146075
-0.0129193
-0.0110861
-0.00915075
-0.0071849
-0.00528714
-0.00357363
-0.00216006
-0.00113522
-0.000530998
-0.000299285
-0.000315059
-0.000425048
-0.000523851
0.00360901
0.00350255
0.00334419
0.00309474
0.00274222
0.00228439
0.00172239
0.00105922
0.00029941
-0.000551208
-0.0014856
-0.00249574
-0.00357276
-0.0047072
-0.00588918
-0.0071086
-0.00835539
-0.00961969
-0.010892
-0.0121633
-0.0134255
-0.0146709
-0.015893
-0.017086
-0.0182453
-0.0193669
-0.0204482
-0.0214871
-0.0224824
-0.0234338
-0.0243414
-0.0252061
-0.0260291
-0.026812
-0.0275564
-0.0282644
-0.0289379
-0.0295789
-0.0301891
-0.0307704
-0.0313243
-0.0318523
-0.0323556
-0.0328352
-0.0332921
-0.0337271
-0.0341407
-0.0345336
-0.0349061
-0.0352586
-0.0355913
-0.0359046
-0.0361985
-0.0364733
-0.036729
-0.0369658
-0.0371837
-0.0373828
-0.0375632
-0.0377249
-0.037868
-0.0379925
-0.0380985
-0.0381859
-0.0382549
-0.0383054
-0.0383374
-0.0383511
-0.0383463
-0.0383225
-0.0382806
-0.0382206
-0.0381425
-0.0380463
-0.037932
-0.0377996
-0.0376492
-0.0374808
-0.0372945
-0.0370901
-0.0368679
-0.0366277
-0.0363696
-0.0360937
-0.0357999
-0.0354882
-0.0351587
-0.0348113
-0.0344461
-0.0340629
-0.0336619
-0.033243
-0.0328061
-0.0323512
-0.0318783
-0.0313874
-0.0308785
-0.0303515
-0.0298065
-0.0292433
-0.0286619
-0.0280621
-0.0274435
-0.0268056
-0.0261473
-0.0254668
-0.0247614
-0.024027
-0.0232572
-0.0224433
-0.0215727
-0.0206291
-0.0195923
-0.0184393
-0.0171464
-0.0156944
-0.0140743
-0.0122952
-0.0103912
-0.00842685
-0.00649728
-0.00472063
-0.00322104
-0.00210174
-0.00141239
-0.00112082
-0.00110956
-0.00122072
-0.00132542
0.00290383
0.00280334
0.00264825
0.00240109
0.00205026
0.00159345
0.00103166
0.00036782
-0.000393542
-0.00124646
-0.0021837
-0.00319696
-0.00427708
-0.00541426
-0.00659828
-0.00781878
-0.0090654
-0.0103281
-0.0115971
-0.0128636
-0.014119
-0.0153561
-0.0165682
-0.0177499
-0.0188965
-0.0200046
-0.0210714
-0.0220952
-0.0230753
-0.0240114
-0.024904
-0.025754
-0.0265629
-0.0273324
-0.0280644
-0.0287607
-0.0294234
-0.0300545
-0.0306558
-0.0312289
-0.0317754
-0.0322967
-0.0327938
-0.0332679
-0.0337198
-0.0341502
-0.0345596
-0.0349486
-0.0353176
-0.0356668
-0.0359966
-0.0363071
-0.0365985
-0.0368711
-0.0371248
-0.0373598
-0.0375763
-0.0377743
-0.0379538
-0.0381149
-0.0382577
-0.0383823
-0.0384886
-0.0385767
-0.0386466
-0.0386984
-0.038732
-0.0387476
-0.0387451
-0.0387239
-0.038685
-0.0386283
-0.0385537
-0.0384614
-0.0383512
-0.0382233
-0.0380776
-0.0379142
-0.037733
-0.0375341
-0.0373175
-0.0370831
-0.0368311
-0.0365613
-0.0362738
-0.0359686
-0.0356456
-0.0353049
-0.0349463
-0.0345699
-0.0341756
-0.0337634
-0.0333332
-0.032885
-0.0324188
-0.0319345
-0.0314321
-0.0309116
-0.030373
-0.0298163
-0.0292416
-0.0286487
-0.0280375
-0.0274076
-0.0267585
-0.0260888
-0.0253967
-0.0246789
-0.0239302
-0.0231433
-0.0223073
-0.0214073
-0.0204242
-0.0193346
-0.0181136
-0.0167378
-0.0151921
-0.0134773
-0.0116187
-0.00967269
-0.00772904
-0.00590583
-0.00433363
-0.00312873
-0.00235826
-0.00200715
-0.00196701
-0.00207469
-0.00218597
0.00215129
0.00205699
0.00190551
0.00166121
0.00131296
0.000858465
0.000298624
-0.000363711
-0.00112401
-0.00197621
-0.00291294
-0.00392568
-0.00500501
-0.0061409
-0.00732288
-0.00854034
-0.00978275
-0.0110399
-0.012302
-0.01356
-0.0148056
-0.0160314
-0.017231
-0.018399
-0.019531
-0.0206237
-0.0216748
-0.0226827
-0.0236468
-0.0245672
-0.0254444
-0.0262798
-0.0270747
-0.0278311
-0.0285508
-0.0292359
-0.0298883
-0.0305099
-0.0311026
-0.0316679
-0.0322074
-0.0327223
-0.0332137
-0.0336825
-0.0341296
-0.0345555
-0.0349609
-0.0353462
-0.0357117
-0.0360578
-0.0363846
-0.0366925
-0.0369815
-0.0372519
-0.0375037
-0.0377371
-0.0379522
-0.0381491
-0.0383278
-0.0384883
-0.0386309
-0.0387555
-0.0388621
-0.0389509
-0.0390217
-0.0390748
-0.03911
-0.0391274
-0.039127
-0.0391084
-0.0390723
-0.0390187
-0.0389476
-0.0388589
-0.0387527
-0.0386291
-0.0384878
-0.0383291
-0.0381529
-0.0379592
-0.0377479
-0.0375192
-0.0372729
-0.0370091
-0.0367277
-0.0364287
-0.0361121
-0.0357778
-0.0354258
-0.035056
-0.0346684
-0.0342629
-0.0338394
-0.033398
-0.0329385
-0.0324609
-0.0319652
-0.0314514
-0.0309195
-0.0303697
-0.0298018
-0.029216
-0.0286123
-0.0279905
-0.0273504
-0.026691
-0.0260111
-0.0253083
-0.0245785
-0.0238158
-0.0230107
-0.0221501
-0.0212163
-0.0201867
-0.0190354
-0.0177363
-0.016269
-0.0146267
-0.0128257
-0.0109132
-0.00897257
-0.00711965
-0.00548933
-0.00420921
-0.00336303
-0.00295305
-0.00288133
-0.0029815
-0.00309923
0.00136036
0.00127241
0.00112485
0.000883946
0.000539092
8.80785e-05
-0.000468261
-0.00112714
-0.00188404
-0.00273284
-0.00366606
-0.00467501
-0.00575013
-0.00688116
-0.00805747
-0.00926828
-0.0105029
-0.0117511
-0.013003
-0.0142495
-0.0154825
-0.0166945
-0.0178794
-0.0190318
-0.0201477
-0.0212239
-0.0222582
-0.0232494
-0.024197
-0.0251014
-0.0259633
-0.026784
-0.0275652
-0.0283087
-0.0290165
-0.0296907
-0.0303331
-0.0309457
-0.0315302
-0.0320881
-0.0326209
-0.0331296
-0.0336155
-0.0340793
-0.0345217
-0.0349434
-0.0353449
-0.0357265
-0.0360887
-0.0364317
-0.0367557
-0.037061
-0.0373477
-0.037616
-0.037866
-0.0380978
-0.0383116
-0.0385074
-0.0386853
-0.0388454
-0.0389877
-0.0391123
-0.0392193
-0.0393087
-0.0393805
-0.0394347
-0.0394714
-0.0394906
-0.0394923
-0.0394762
-0.0394428
-0.0393922
-0.0393243
-0.0392392
-0.0391368
-0.0390171
-0.0388801
-0.0387259
-0.0385544
-0.0383656
-0.0381595
-0.0379361
-0.0376954
-0.0374372
-0.0371617
-0.0368687
-0.0365583
-0.0362303
-0.0358847
-0.0355214
-0.0351404
-0.0347415
-0.0343248
-0.0338901
-0.0334374
-0.0329667
-0.0324779
-0.031971
-0.0314461
-0.0309033
-0.0303426
-0.0297642
-0.0291682
-0.0285545
-0.0279232
-0.0272738
-0.0266055
-0.0259165
-0.0252039
-0.0244628
-0.0236854
-0.0228604
-0.0219716
-0.0209978
-0.019913
-0.0186896
-0.0173027
-0.0157388
-0.0140052
-0.0121399
-0.0102183
-0.00835219
-0.00667877
-0.00533487
-0.00441955
-0.0039523
-0.00384727
-0.00393769
-0.00406078
0.00053982
0.000458328
0.000314966
7.79158e-05
-0.000262816
-0.000709314
-0.00126078
-0.00191448
-0.00266592
-0.00350896
-0.00443604
-0.00543837
-0.00650625
-0.00762932
-0.00879681
-0.00999785
-0.0112217
-0.012458
-0.0136969
-0.0149294
-0.0161474
-0.0173436
-0.0185119
-0.0196473
-0.0207458
-0.0218044
-0.0228212
-0.0237952
-0.0247261
-0.0256144
-0.0264609
-0.0272671
-0.0280348
-0.0287658
-0.0294621
-0.0301257
-0.0307586
-0.0313625
-0.0319391
-0.0324899
-0.0330162
-0.0335191
-0.0339996
-0.0344585
-0.0348965
-0.035314
-0.0357117
-0.0360899
-0.0364488
-0.0367888
-0.0371101
-0.0374129
-0.0376973
-0.0379636
-0.0382118
-0.0384421
-0.0386546
-0.0388494
-0.0390266
-0.0391862
-0.0393283
-0.039453
-0.0395603
-0.0396503
-0.039723
-0.0397785
-0.0398166
-0.0398376
-0.0398412
-0.0398274
-0.0397967
-0.0397489
-0.0396841
-0.0396023
-0.0395035
-0.0393877
-0.0392548
-0.0391048
-0.0389378
-0.0387537
-0.0385525
-0.0383342
-0.0380987
-0.037846
-0.0375761
-0.037289
-0.0369845
-0.0366626
-0.0363232
-0.0359663
-0.0355917
-0.0351995
-0.0347894
-0.0343615
-0.0339157
-0.0334519
-0.0329701
-0.0324703
-0.0319526
-0.031417
-0.0308638
-0.030293
-0.0297049
-0.0290996
-0.0284772
-0.0278376
-0.0271804
-0.0265045
-0.0258076
-0.0250861
-0.0243337
-0.0235406
-0.0226927
-0.0217703
-0.0207483
-0.019598
-0.0182917
-0.0168099
-0.0151515
-0.0133451
-0.0114569
-0.0095936
-0.00789216
-0.00649665
-0.00551988
-0.00499826
-0.00485931
-0.00493842
-0.00506556
-0.000301853
-0.000376831
-0.000515777
-0.000748566
-0.00108455
-0.00152564
-0.00207104
-0.00271808
-0.00346229
-0.00429753
-0.00521619
-0.00620945
-0.00726752
-0.00837996
-0.00953594
-0.0107245
-0.011935
-0.0131569
-0.0143806
-0.015597
-0.0167981
-0.0179768
-0.0191272
-0.0202443
-0.0213244
-0.0223648
-0.0233636
-0.0243201
-0.0252342
-0.0261063
-0.0269376
-0.0277296
-0.0284841
-0.0292029
-0.029888
-0.0305414
-0.0311651
-0.0317606
-0.0323296
-0.0328736
-0.0333937
-0.033891
-0.0343663
-0.0348205
-0.0352541
-0.0356677
-0.0360617
-0.0364364
-0.0367922
-0.0371293
-0.0374479
-0.0377483
-0.0380306
-0.0382949
-0.0385414
-0.0387703
-0.0389816
-0.0391754
-0.0393519
-0.039511
-0.039653
-0.0397778
-0.0398855
-0.0399761
-0.0400497
-0.0401063
-0.0401458
-0.0401684
-0.040174
-0.0401625
-0.0401342
-0.0400891
-0.0400273
-0.0399487
-0.0398532
-0.039741
-0.039612
-0.0394661
-0.0393033
-0.0391237
-0.0389271
-0.0387136
-0.0384832
-0.0382357
-0.0379712
-0.0376896
-0.0373909
-0.0370749
-0.0367416
-0.0363908
-0.0360226
-0.0356369
-0.0352334
-0.0348123
-0.0343733
-0.0339165
-0.0334418
-0.0329492
-0.0324388
-0.0319108
-0.0313652
-0.0308023
-0.0302223
-0.0296255
-0.0290122
-0.0283824
-0.027736
-0.0270725
-0.0263904
-0.025687
-0.0249571
-0.0241929
-0.023382
-0.0225066
-0.021543
-0.0204627
-0.0192357
-0.0178376
-0.01626
-0.0145218
-0.0126801
-0.0108343
-0.00911962
-0.00768508
-0.00665553
-0.00608359
-0.00591109
-0.0059777
-0.00610754
-0.0011566
-0.00122505
-0.00135939
-0.00158758
-0.00191829
-0.00235323
-0.00289157
-0.0035307
-0.00426617
-0.00509188
-0.00600022
-0.00698233
-0.00802842
-0.009128
-0.0102702
-0.0114442
-0.0126391
-0.0138447
-0.0150512
-0.0162498
-0.0174325
-0.0185924
-0.0197238
-0.0208218
-0.0218829
-0.0229045
-0.0238852
-0.024824
-0.0257212
-0.0265774
-0.0273937
-0.0281718
-0.0289133
-0.0296203
-0.0302946
-0.0309382
-0.031553
-0.0321405
-0.0327022
-0.0332396
-0.0337537
-0.0342455
-0.0347159
-0.0351654
-0.0355949
-0.0360045
-0.0363949
-0.0367663
-0.0371191
-0.0374533
-0.0377694
-0.0380674
-0.0383476
-0.0386101
-0.038855
-0.0390824
-0.0392926
-0.0394855
-0.0396614
-0.0398202
-0.039962
-0.0400869
-0.0401949
-0.0402862
-0.0403606
-0.0404183
-0.0404592
-0.0404834
-0.0404909
-0.0404815
-0.0404555
-0.040413
-0.040354
-0.0402784
-0.0401862
-0.0400774
-0.039952
-0.0398099
-0.0396512
-0.0394758
-0.0392836
-0.0390747
-0.0388491
-0.0386066
-0.0383472
-0.038071
-0.0377777
-0.0374674
-0.0371399
-0.0367952
-0.0364332
-0.0360538
-0.0356569
-0.0352424
-0.0348103
-0.0343604
-0.0338929
-0.0334076
-0.0329047
-0.0323843
-0.0318466
-0.0312918
-0.0307201
-0.0301321
-0.0295279
-0.0289079
-0.0282723
-0.0276209
-0.0269529
-0.0262661
-0.025557
-0.0248189
-0.0240415
-0.0232089
-0.0222992
-0.0212848
-0.0201345
-0.0188203
-0.0173269
-0.0156645
-0.0138801
-0.0120653
-0.0103514
-0.00889055
-0.00781754
-0.00720028
-0.00699538
-0.00704862
-0.00717976
-0.00201683
-0.00207877
-0.00220835
-0.00243167
-0.00275669
-0.00318486
-0.00371533
-0.00434551
-0.00507102
-0.00588579
-0.00678223
-0.0077515
-0.00878382
-0.00986872
-0.0109954
-0.0121529
-0.0133306
-0.0145182
-0.0157061
-0.0168856
-0.0180488
-0.019189
-0.0203005
-0.0213788
-0.0224206
-0.0234233
-0.0243855
-0.0253068
-0.0261873
-0.0270278
-0.0278294
-0.0285939
-0.0293229
-0.0300184
-0.0306823
-0.0313165
-0.0319226
-0.0325023
-0.0330571
-0.0335881
-0.0340964
-0.0345829
-0.0350484
-0.0354936
-0.0359189
-0.0363248
-0.0367117
-0.0370799
-0.0374296
-0.0377612
-0.0380747
-0.0383705
-0.0386486
-0.0389093
-0.0391527
-0.0393789
-0.0395879
-0.0397801
-0.0399553
-0.0401138
-0.0402555
-0.0403805
-0.040489
-0.0405808
-0.0406561
-0.0407149
-0.0407571
-0.0407829
-0.0407921
-0.0407847
-0.040761
-0.040721
-0.0406646
-0.0405918
-0.0405027
-0.0403971
-0.0402751
-0.0401366
-0.0399817
-0.0398103
-0.0396223
-0.0394177
-0.0391966
-0.0389588
-0.0387044
-0.0384332
-0.0381452
-0.0378403
-0.0375185
-0.0371797
-0.0368237
-0.0364504
-0.0360599
-0.035652
-0.0352266
-0.0347837
-0.0343233
-0.0338454
-0.0333501
-0.0328375
-0.0323077
-0.0317612
-0.0311981
-0.0306189
-0.030024
-0.029414
-0.0287891
-0.0281496
-0.027495
-0.026824
-0.026134
-0.0254198
-0.0246727
-0.023879
-0.0230189
-0.0220659
-0.0209889
-0.019757
-0.0183496
-0.0167681
-0.0150502
-0.0132782
-0.0115783
-0.0101035
-0.00899674
-0.00833991
-0.00810439
-0.00814362
-0.00827441
-0.00287548
-0.00293094
-0.00305562
-0.00327384
-0.00359285
-0.0040138
-0.00453578
-0.00515621
-0.00587078
-0.00667348
-0.00755676
-0.00851185
-0.00952899
-0.0105978
-0.0117074
-0.0128471
-0.0140063
-0.0151747
-0.016343
-0.0175024
-0.0186453
-0.0197651
-0.0208563
-0.0219147
-0.0229368
-0.0239205
-0.0248645
-0.0257684
-0.0266325
-0.0274575
-0.0282449
-0.0289961
-0.029713
-0.0303974
-0.0310513
-0.0316763
-0.0322742
-0.0328465
-0.0333944
-0.0339193
-0.034422
-0.0349034
-0.0353642
-0.035805
-0.0362264
-0.0366286
-0.0370121
-0.0373771
-0.037724
-0.0380529
-0.0383641
-0.0386577
-0.0389339
-0.0391929
-0.0394348
-0.0396598
-0.0398679
-0.0400592
-0.0402339
-0.0403921
-0.0405338
-0.040659
-0.0407678
-0.0408603
-0.0409364
-0.0409962
-0.0410397
-0.041067
-0.0410778
-0.0410724
-0.0410508
-0.0410131
-0.0409592
-0.0408892
-0.0408029
-0.0407003
-0.0405816
-0.0404465
-0.0402951
-0.0401274
-0.0399433
-0.0397429
-0.039526
-0.0392927
-0.0390429
-0.0387766
-0.0384936
-0.0381939
-0.0378775
-0.0375443
-0.0371941
-0.0368269
-0.0364426
-0.0360411
-0.0356224
-0.0351864
-0.0347331
-0.0342626
-0.0337748
-0.03327
-0.0327484
-0.0322101
-0.0316557
-0.0310856
-0.0305002
-0.0299002
-0.0292861
-0.0286582
-0.0280167
-0.0273608
-0.0266886
-0.0259964
-0.0252769
-0.0245185
-0.0237036
-0.0228075
-0.0217996
-0.0206476
-0.0193261
-0.017829
-0.0161845
-0.0144655
-0.0127916
-0.0113147
-0.010184
-0.00949383
-0.00923027
-0.00925574
-0.00938611
-0.00372608
-0.003775
-0.00389464
-0.00410764
-0.00442044
-0.00483386
-0.00534688
-0.00595697
-0.00665987
-0.00744964
-0.00831882
-0.0092587
-0.0102596
-0.0113112
-0.0124028
-0.0135236
-0.0146633
-0.0158117
-0.0169595
-0.0180982
-0.0192203
-0.0203194
-0.0213902
-0.0224284
-0.023431
-0.0243959
-0.0253219
-0.0262087
-0.0270567
-0.0278667
-0.0286402
-0.0293786
-0.0300838
-0.0307575
-0.0314017
-0.032018
-0.0326079
-0.033173
-0.0337144
-0.0342333
-0.0347306
-0.0352071
-0.0356633
-0.0361
-0.0365175
-0.0369161
-0.0372963
-0.0376584
-0.0380024
-0.0383288
-0.0386377
-0.0389292
-0.0392036
-0.039461
-0.0397016
-0.0399254
-0.0401325
-0.0403232
-0.0404975
-0.0406554
-0.040797
-0.0409224
-0.0410317
-0.0411248
-0.0412017
-0.0412626
-0.0413073
-0.0413359
-0.0413484
-0.0413448
-0.0413253
-0.0412897
-0.0412382
-0.0411706
-0.041087
-0.0409873
-0.0408716
-0.0407397
-0.0405916
-0.0404274
-0.040247
-0.0400504
-0.0398376
-0.0396085
-0.0393631
-0.0391013
-0.038823
-0.0385284
-0.0382171
-0.0378892
-0.0375447
-0.0371833
-0.036805
-0.0364099
-0.0359977
-0.0355685
-0.0351222
-0.0346589
-0.0341787
-0.0336817
-0.0331682
-0.0326384
-0.0320928
-0.0315318
-0.030956
-0.0303661
-0.0297627
-0.0291464
-0.0285177
-0.0278762
-0.027221
-0.0265491
-0.0258549
-0.0251287
-0.024355
-0.0235112
-0.0225679
-0.0214923
-0.0202552
-0.0188442
-0.0172782
-0.0156205
-0.0139831
-0.0125152
-0.0113701
-0.0106533
-0.0103646
-0.0103766
-0.0105053
-0.00456274
-0.00460476
-0.00471935
-0.00492711
-0.00523362
-0.00563932
-0.00614311
-0.00674246
-0.0074332
-0.00820945
-0.00906386
-0.0099878
-0.0109717
-0.0120053
-0.0130781
-0.0141795
-0.015299
-0.0164269
-0.0175538
-0.0186715
-0.0197726
-0.0208509
-0.0219012
-0.0229195
-0.0239027
-0.0248491
-0.0257574
-0.0266275
-0.0274599
-0.0282554
-0.0290154
-0.0297415
-0.0304354
-0.0310989
-0.0317337
-0.0323416
-0.0329239
-0.033482
-0.0340171
-0.0345303
-0.0350224
-0.035494
-0.0359459
-0.0363785
-0.0367923
-0.0371875
-0.0375645
-0.0379236
-0.0382651
-0.038589
-0.0388957
-0.0391853
-0.039458
-0.0397139
-0.0399531
-0.0401759
-0.0403822
-0.0405723
-0.0407461
-0.0409039
-0.0410455
-0.0411711
-0.0412808
-0.0413745
-0.0414522
-0.0415141
-0.04156
-0.0415899
-0.041604
-0.0416021
-0.0415845
-0.041551
-0.0415017
-0.0414365
-0.0413554
-0.0412583
-0.0411453
-0.0410164
-0.0408715
-0.0407105
-0.0405336
-0.0403406
-0.0401315
-0.0399063
-0.039665
-0.0394075
-0.0391338
-0.0388438
-0.0385375
-0.0382147
-0.0378755
-0.0375197
-0.0371473
-0.0367582
-0.0363524
-0.0359298
-0.0354904
-0.0350343
-0.0345616
-0.0340724
-0.033567
-0.0330457
-0.0325088
-0.031957
-0.0313908
-0.030811
-0.0302184
-0.0296137
-0.0289975
-0.0283701
-0.0277309
-0.0270781
-0.0264072
-0.0257103
-0.0249741
-0.0241782
-0.0232949
-0.0222914
-0.0211363
-0.0198114
-0.0183272
-0.0167374
-0.0151456
-0.0136967
-0.0125465
-0.0118095
-0.011499
-0.0114979
-0.011624
-0.00538042
-0.00541397
-0.00552417
-0.00572686
-0.00602712
-0.00642506
-0.00691948
-0.00750788
-0.00818615
-0.00894852
-0.00978775
-0.0106953
-0.0116618
-0.012677
-0.0137306
-0.014812
-0.0159112
-0.0170182
-0.0181241
-0.0192208
-0.020301
-0.0213586
-0.0223886
-0.0233872
-0.0243515
-0.0252797
-0.0261708
-0.0270248
-0.027842
-0.0286235
-0.0293706
-0.0300848
-0.0307679
-0.0314216
-0.0320475
-0.0326472
-0.0332222
-0.0337736
-0.0343027
-0.0348104
-0.0352974
-0.0357644
-0.0362121
-0.0366408
-0.0370509
-0.0374428
-0.0378168
-0.0381731
-0.038512
-0.0388337
-0.0391383
-0.039426
-0.0396971
-0.0399516
-0.0401897
-0.0404115
-0.0406171
-0.0408066
-0.0409801
-0.0411377
-0.0412794
-0.0414052
-0.0415153
-0.0416096
-0.0416882
-0.041751
-0.041798
-0.0418292
-0.0418447
-0.0418445
-0.0418287
-0.0417971
-0.0417498
-0.0416868
-0.0416081
-0.0415135
-0.0414031
-0.0412769
-0.0411348
-0.0409769
-0.0408031
-0.0406135
-0.0404079
-0.0401864
-0.0399489
-0.0396954
-0.0394259
-0.0391404
-0.0388387
-0.0385208
-0.0381867
-0.0378363
-0.0374695
-0.0370863
-0.0366866
-0.0362704
-0.0358378
-0.0353887
-0.0349234
-0.0344419
-0.0339445
-0.0334315
-0.0329035
-0.0323608
-0.0318043
-0.0312347
-0.0306528
-0.0300595
-0.0294557
-0.0288419
-0.0282182
-0.0275832
-0.026934
-0.026264
-0.0255619
-0.0248097
-0.0239817
-0.0230459
-0.0219693
-0.0207293
-0.0193286
-0.0178115
-0.0162728
-0.0148518
-0.0137049
-0.0129541
-0.012625
-0.0126115
-0.0127344
-0.00617259
-0.00619897
-0.00630462
-0.00650221
-0.00679623
-0.00718645
-0.0076715
-0.00824889
-0.00891459
-0.00966295
-0.0104868
-0.0113778
-0.0123266
-0.0133233
-0.0143575
-0.0154189
-0.0164976
-0.0175839
-0.0186689
-0.0197447
-0.0208041
-0.0218414
-0.0228516
-0.0238309
-0.0247768
-0.0256874
-0.0265619
-0.0274003
-0.028203
-0.028971
-0.0297057
-0.0304086
-0.0310813
-0.0317256
-0.0323429
-0.0329349
-0.0335028
-0.0340479
-0.0345712
-0.0350735
-0.0355557
-0.0360183
-0.0364619
-0.0368868
-0.0372935
-0.0376822
-0.0380533
-0.038407
-0.0387435
-0.0390629
-0.0393656
-0.0396516
-0.0399212
-0.0401744
-0.0404114
-0.0406323
-0.0408372
-0.0410263
-0.0411995
-0.041357
-0.0414988
-0.041625
-0.0417355
-0.0418304
-0.0419097
-0.0419734
-0.0420215
-0.042054
-0.0420708
-0.0420722
-0.042058
-0.0420282
-0.0419829
-0.0419219
-0.0418453
-0.041753
-0.041645
-0.0415213
-0.0413819
-0.0412268
-0.041056
-0.0408694
-0.040667
-0.0404489
-0.040215
-0.0399653
-0.0396997
-0.0394183
-0.039121
-0.0388077
-0.0384784
-0.038133
-0.0377716
-0.037394
-0.0370002
-0.0365903
-0.0361642
-0.035722
-0.0352638
-0.0347899
-0.0343004
-0.0337957
-0.0332764
-0.0327429
-0.0321959
-0.0316364
-0.0310651
-0.0304832
-0.0298916
-0.0292911
-0.0286822
-0.0280643
-0.0274352
-0.0267899
-0.026119
-0.0254066
-0.0246294
-0.0237565
-0.0227544
-0.0215968
-0.0202799
-0.0188388
-0.017359
-0.0159736
-0.0148377
-0.0140793
-0.013735
-0.0137099
-0.0138292
-0.00693561
-0.00695692
-0.00705658
-0.00724889
-0.00753676
-0.00791938
-0.00839518
-0.00896166
-0.00961486
-0.0103492
-0.0111578
-0.0120322
-0.0129634
-0.0139416
-0.0149565
-0.0159982
-0.0170565
-0.0181223
-0.0191867
-0.020242
-0.0212812
-0.0222986
-0.0232895
-0.0242503
-0.0251783
-0.026072
-0.0269305
-0.0277539
-0.0285427
-0.0292979
-0.0300207
-0.0307128
-0.0313756
-0.0320109
-0.0326201
-0.0332047
-0.0337659
-0.0343049
-0.0348226
-0.0353198
-0.0357974
-0.0362557
-0.0366953
-0.0371167
-0.0375201
-0.0379058
-0.0382741
-0.0386253
-0.0389595
-0.0392769
-0.0395778
-0.0398622
-0.0401304
-0.0403824
-0.0406184
-0.0408386
-0.0410429
-0.0412316
-0.0414046
-0.0415621
-0.041704
-0.0418305
-0.0419414
-0.0420369
-0.042117
-0.0421816
-0.0422307
-0.0422644
-0.0422825
-0.0422853
-0.0422727
-0.0422446
-0.042201
-0.0421419
-0.0420672
-0.041977
-0.0418712
-0.0417498
-0.0416129
-0.0414603
-0.0412921
-0.0411083
-0.040909
-0.040694
-0.0404633
-0.0402171
-0.0399552
-0.0396776
-0.0393844
-0.0390754
-0.0387506
-0.0384101
-0.0380537
-0.0376815
-0.0372934
-0.0368894
-0.0364696
-0.036034
-0.0355828
-0.0351162
-0.0346345
-0.034138
-0.0336272
-0.0331027
-0.0325652
-0.0320156
-0.0314549
-0.0308842
-0.0303046
-0.0297171
-0.0291225
-0.0285208
-0.0279106
-0.0272882
-0.0266457
-0.0259696
-0.0252387
-0.024424
-0.0234919
-0.0224137
-0.0211795
-0.0198161
-0.0183997
-0.0170562
-0.0159382
-0.0151778
-0.0148217
-0.0147862
-0.0149013
-0.00766783
-0.0076861
-0.00777499
-0.00796292
-0.00824496
-0.0086202
-0.00908698
-0.00964277
-0.0102837
-0.0110043
-0.0117978
-0.0126559
-0.0135698
-0.0145297
-0.0155257
-0.0165478
-0.0175864
-0.0186321
-0.0196764
-0.0207117
-0.0217313
-0.0227296
-0.0237018
-0.0246447
-0.0255556
-0.026433
-0.0272763
-0.0280855
-0.028861
-0.0296039
-0.0303155
-0.0309973
-0.0316508
-0.0322775
-0.032879
-0.0334565
-0.0340113
-0.0345445
-0.0350569
-0.0355493
-0.0360224
-0.0364767
-0.0369126
-0.0373305
-0.0377308
-0.0381136
-0.0384793
-0.0388281
-0.0391602
-0.0394758
-0.0397749
-0.0400579
-0.0403248
-0.0405758
-0.040811
-0.0410304
-0.0412343
-0.0414226
-0.0415955
-0.041753
-0.0418951
-0.0420218
-0.0421333
-0.0422294
-0.0423102
-0.0423756
-0.0424257
-0.0424605
-0.0424798
-0.042484
-0.0424728
-0.0424462
-0.0424042
-0.0423468
-0.042274
-0.0421857
-0.0420819
-0.0419626
-0.0418278
-0.0416776
-0.0415118
-0.0413306
-0.0411339
-0.0409217
-0.0406941
-0.0404511
-0.0401925
-0.0399185
-0.039629
-0.039324
-0.0390035
-0.0386675
-0.0383159
-0.0379487
-0.0375659
-0.0371676
-0.0367539
-0.0363247
-0.0358802
-0.0354208
-0.0349465
-0.0344579
-0.0339555
-0.0334398
-0.0329116
-0.0323719
-0.0318216
-0.0312619
-0.030694
-0.0301192
-0.0295384
-0.0289522
-0.0283598
-0.0277585
-0.0271422
-0.0264991
-0.0258105
-0.0250492
-0.0241826
-0.0231798
-0.0220263
-0.020741
-0.0193911
-0.0180946
-0.0170005
-0.0162433
-0.0158787
-0.0158337
-0.0159446
-0.00836548
-0.00838078
-0.00845921
-0.0086415
-0.00891764
-0.00928575
-0.00974382
-0.0102893
-0.0109183
-0.0116255
-0.0124042
-0.0132465
-0.0141434
-0.0150856
-0.0160631
-0.0170663
-0.0180856
-0.0191119
-0.0201369
-0.021153
-0.0221537
-0.0231335
-0.024088
-0.0250137
-0.0259083
-0.0267704
-0.0275992
-0.0283948
-0.0291578
-0.0298892
-0.0305901
-0.0312622
-0.0319068
-0.0325255
-0.0331196
-0.0336904
-0.0342392
-0.0347668
-0.0352741
-0.0357619
-0.0362308
-0.0366812
-0.0371136
-0.0375283
-0.0379256
-0.0383058
-0.038669
-0.0390156
-0.0393457
-0.0396595
-0.0399572
-0.0402388
-0.0405046
-0.0407546
-0.040989
-0.0412079
-0.0414114
-0.0415995
-0.0417723
-0.0419298
-0.0420722
-0.0421993
-0.0423112
-0.0424079
-0.0424894
-0.0425556
-0.0426067
-0.0426424
-0.0426629
-0.0426683
-0.0426584
-0.0426332
-0.0425928
-0.0425369
-0.0424657
-0.0423791
-0.0422771
-0.0421597
-0.0420269
-0.0418787
-0.0417151
-0.0415362
-0.0413419
-0.0411323
-0.0409074
-0.0406672
-0.0404118
-0.040141
-0.039855
-0.0395537
-0.0392371
-0.0389052
-0.0385581
-0.0381956
-0.0378179
-0.037425
-0.0370169
-0.0365938
-0.0361559
-0.0357032
-0.0352362
-0.0347553
-0.034261
-0.0337539
-0.0332348
-0.0327046
-0.0321645
-0.0316155
-0.0310592
-0.0304967
-0.0299293
-0.0293578
-0.0287823
-0.0282007
-0.0276083
-0.0269954
-0.0263452
-0.0256329
-0.0248268
-0.0238953
-0.0228197
-0.0216118
-0.0203303
-0.0190846
-0.0180192
-0.0172701
-0.0169
-0.0168468
-0.0169532
-0.00902447
-0.00903569
-0.00910999
-0.00928096
-0.00955187
-0.00991326
-0.010363
-0.0108986
-0.0115162
-0.0122105
-0.0129751
-0.013802
-0.0146826
-0.0156076
-0.0165674
-0.0175523
-0.0185531
-0.0195608
-0.0205672
-0.021565
-0.0225477
-0.02351
-0.0244475
-0.0253571
-0.0262363
-0.0270838
-0.0278989
-0.0286818
-0.029433
-0.0301534
-0.0308444
-0.0315073
-0.0321435
-0.0327546
-0.0333418
-0.0339063
-0.0344493
-0.0349717
-0.0354743
-0.0359577
-0.0364226
-0.0368694
-0.0372984
-0.03771
-0.0381046
-0.0384822
-0.0388432
-0.0391878
-0.0395161
-0.0398283
-0.0401245
-0.040405
-0.0406698
-0.040919
-0.0411528
-0.0413712
-0.0415744
-0.0417623
-0.0419351
-0.0420928
-0.0422353
-0.0423628
-0.0424752
-0.0425725
-0.0426546
-0.0427217
-0.0427736
-0.0428103
-0.0428318
-0.0428384
-0.0428297
-0.0428058
-0.0427666
-0.0427122
-0.0426424
-0.0425573
-0.0424569
-0.0423411
-0.0422101
-0.0420637
-0.0419021
-0.0417252
-0.0415331
-0.0413258
-0.0411033
-0.0408657
-0.040613
-0.0403452
-0.0400623
-0.0397643
-0.0394514
-0.0391233
-0.0387803
-0.0384223
-0.0380493
-0.0376614
-0.0372588
-0.0368414
-0.0364095
-0.0359634
-0.0355034
-0.0350298
-0.0345433
-0.0340445
-0.0335342
-0.0330134
-0.0324831
-0.0319446
-0.0313994
-0.0308489
-0.0302944
-0.0297371
-0.0291774
-0.0286143
-0.028044
-0.0274585
-0.0268433
-0.0261757
-0.0254255
-0.0245607
-0.0235594
-0.0224274
-0.0212148
-0.0200228
-0.0189903
-0.0182532
-0.0178806
-0.0178203
-0.0179224
-0.00964215
-0.00964946
-0.00972191
-0.00988047
-0.0101454
-0.0105004
-0.0109424
-0.0114686
-0.0120753
-0.0127574
-0.0135083
-0.0143206
-0.0151856
-0.0160942
-0.0170371
-0.0180047
-0.0189878
-0.0199778
-0.0209666
-0.021947
-0.0229127
-0.0238584
-0.0247801
-0.0256743
-0.0265391
-0.0273729
-0.0281752
-0.0289462
-0.0296863
-0.0303966
-0.0310782
-0.0317325
-0.0323609
-0.0329648
-0.0335455
-0.0341041
-0.0346417
-0.0351592
-0.0356573
-0.0361366
-0.0365977
-0.0370411
-0.037467
-0.0378758
-0.0382678
-0.0386431
-0.039002
-0.0393447
-0.0396714
-0.0399821
-0.0402771
-0.0405565
-0.0408204
-0.041069
-0.0413023
-0.0415203
-0.0417233
-0.0419111
-0.042084
-0.0422418
-0.0423846
-0.0425125
-0.0426254
-0.0427232
-0.0428061
-0.0428739
-0.0429266
-0.0429642
-0.0429867
-0.0429943
-0.0429867
-0.0429639
-0.0429259
-0.0428727
-0.0428042
-0.0427204
-0.0426214
-0.0425071
-0.0423775
-0.0422328
-0.0420728
-0.0418977
-0.0417075
-0.0415022
-0.0412819
-0.0410465
-0.0407963
-0.0405311
-0.040251
-0.0399561
-0.0396463
-0.0393218
-0.0389826
-0.0386286
-0.03826
-0.0378768
-0.0374792
-0.0370672
-0.0366411
-0.0362012
-0.0357477
-0.0352812
-0.0348022
-0.0343114
-0.0338095
-0.0332976
-0.0327769
-0.0322486
-0.0317141
-0.0311751
-0.0306331
-0.0300893
-0.0295447
-0.0289987
-0.0284489
-0.0278885
-0.027305
-0.026678
-0.0259791
-0.0251763
-0.0242456
-0.0231871
-0.0220431
-0.0209065
-0.0199101
-0.0191885
-0.0188161
-0.0187499
-0.0188476
-0.0102163
-0.0102196
-0.0102889
-0.0104441
-0.0106956
-0.0110451
-0.0114799
-0.0119974
-0.0125939
-0.0132644
-0.0140026
-0.0148009
-0.0156512
-0.0165443
-0.0174711
-0.0184223
-0.0193888
-0.0203621
-0.0213343
-0.0222984
-0.0232481
-0.0241784
-0.0250852
-0.0259653
-0.0268165
-0.0276376
-0.028428
-0.0291879
-0.0299177
-0.0306185
-0.0312914
-0.0319377
-0.0325588
-0.0331561
-0.0337307
-0.0342838
-0.0348163
-0.0353292
-0.0358231
-0.0362986
-0.0367562
-0.0371964
-0.0376194
-0.0380256
-0.0384152
-0.0387884
-0.0391454
-0.0394864
-0.0398116
-0.040121
-0.040415
-0.0406935
-0.0409567
-0.0412046
-0.0414375
-0.0416553
-0.0418581
-0.042046
-0.0422189
-0.042377
-0.0425202
-0.0426484
-0.0427618
-0.0428603
-0.0429438
-0.0430123
-0.0430657
-0.0431042
-0.0431275
-0.043136
-0.0431294
-0.0431077
-0.0430707
-0.0430185
-0.0429511
-0.0428685
-0.0427706
-0.0426576
-0.0425293
-0.0423859
-0.0422274
-0.0420538
-0.0418652
-0.0416616
-0.0414431
-0.0412097
-0.0409616
-0.0406987
-0.0404211
-0.0401289
-0.0398221
-0.0395007
-0.0391649
-0.0388146
-0.03845
-0.0380711
-0.0376781
-0.0372712
-0.0368505
-0.0364163
-0.0359691
-0.0355092
-0.0350373
-0.034554
-0.0340602
-0.0335569
-0.0330453
-0.0325268
-0.0320027
-0.0314747
-0.0309446
-0.0304137
-0.0298833
-0.0293535
-0.0288225
-0.028285
-0.0277304
-0.0271403
-0.0264882
-0.0257429
-0.0248785
-0.0238906
-0.0228141
-0.0217338
-0.0207759
-0.0200727
-0.0197028
-0.0196319
-0.0197253
-0.0107452
-0.0107445
-0.0108105
-0.010963
-0.011207
-0.011546
-0.0119742
-0.0124836
-0.0130706
-0.0137303
-0.0144564
-0.0152418
-0.0160781
-0.0169567
-0.0178685
-0.0188043
-0.0197553
-0.0207131
-0.0216699
-0.0226187
-0.0235537
-0.0244697
-0.0253626
-0.0262295
-0.0270683
-0.0278777
-0.0286571
-0.0294067
-0.0301271
-0.0308191
-0.0314839
-0.0321228
-0.0327372
-0.0333283
-0.0338972
-0.0344452
-0.034973
-0.0354816
-0.0359716
-0.0364436
-0.0368979
-0.0373352
-0.0377555
-0.0381593
-0.0385467
-0.038918
-0.0392733
-0.0396128
-0.0399367
-0.0402451
-0.0405381
-0.0408158
-0.0410784
-0.041326
-0.0415585
-0.0417762
-0.041979
-0.0421669
-0.04234
-0.0424984
-0.0426419
-0.0427706
-0.0428845
-0.0429835
-0.0430676
-0.0431368
-0.043191
-0.0432302
-0.0432543
-0.0432637
-0.0432579
-0.043237
-0.043201
-0.0431497
-0.0430832
-0.0430015
-0.0429046
-0.0427926
-0.0426654
-0.0425231
-0.0423657
-0.0421934
-0.0420061
-0.041804
-0.041587
-0.0413553
-0.041109
-0.0408481
-0.0405726
-0.0402827
-0.0399785
-0.0396599
-0.0393271
-0.0389801
-0.0386191
-0.0382442
-0.0378554
-0.0374531
-0.0370374
-0.0366086
-0.0361671
-0.0357135
-0.0352482
-0.0347721
-0.0342859
-0.0337908
-0.0332879
-0.0327786
-0.0322645
-0.0317471
-0.0312283
-0.0307097
-0.0301928
-0.029678
-0.0291644
-0.028648
-0.0281195
-0.0275629
-0.0269535
-0.0262611
-0.0254587
-0.0245379
-0.0235272
-0.0225032
-0.0215854
-0.0209031
-0.0205377
-0.0204631
-0.0205524
-0.0112277
-0.0112231
-0.0112856
-0.0114351
-0.0116761
-0.0120058
-0.0124241
-0.0129261
-0.0135043
-0.0141539
-0.0148689
-0.0156422
-0.0164657
-0.0173307
-0.0182285
-0.0191501
-0.0200867
-0.0210301
-0.0219727
-0.0229076
-0.0238289
-0.0247317
-0.0256121
-0.0264669
-0.0272943
-0.0280929
-0.0288623
-0.0296025
-0.0303142
-0.0309982
-0.0316556
-0.0322878
-0.0328959
-0.0334813
-0.0340451
-0.0345883
-0.0351118
-0.0356164
-0.0361028
-0.0365715
-0.0370229
-0.0374574
-0.0378754
-0.038277
-0.0386624
-0.039032
-0.0393858
-0.039724
-0.0400468
-0.0403542
-0.0406464
-0.0409236
-0.0411857
-0.041433
-0.0416654
-0.041883
-0.0420858
-0.0422739
-0.0424473
-0.042606
-0.0427499
-0.0428791
-0.0429935
-0.043093
-0.0431778
-0.0432476
-0.0433024
-0.0433423
-0.0433671
-0.0433772
-0.0433722
-0.0433521
-0.0433167
-0.0432662
-0.0432004
-0.0431195
-0.0430234
-0.0429121
-0.0427857
-0.0426443
-0.0424879
-0.0423165
-0.0421303
-0.0419293
-0.0417136
-0.0414833
-0.0412385
-0.0409792
-0.0407055
-0.0404176
-0.0401156
-0.0397994
-0.0394693
-0.0391252
-0.0387674
-0.0383959
-0.038011
-0.0376129
-0.0372017
-0.0367778
-0.0363417
-0.0358938
-0.0354348
-0.0349653
-0.0344863
-0.0339989
-0.0335042
-0.0330037
-0.032499
-0.0319916
-0.0314836
-0.0309766
-0.0304723
-0.0299717
-0.0294742
-0.028977
-0.0284723
-0.0279459
-0.0273753
-0.0267314
-0.0259866
-0.0251294
-0.0241821
-0.0232139
-0.022337
-0.0216774
-0.0213184
-0.0212411
-0.0213265
-0.0116632
-0.0116547
-0.0117136
-0.0118598
-0.0120977
-0.0124235
-0.0128332
-0.0133241
-0.0138942
-0.0145345
-0.0152392
-0.0160014
-0.016813
-0.0176656
-0.0185506
-0.0194591
-0.0203825
-0.0213128
-0.0222424
-0.0231646
-0.0240736
-0.0249644
-0.0258333
-0.0266772
-0.0274943
-0.0282832
-0.0290434
-0.0297752
-0.030479
-0.0311557
-0.0318064
-0.0324324
-0.0330349
-0.033615
-0.034174
-0.0347129
-0.0352324
-0.0357335
-0.0362166
-0.0366823
-0.037131
-0.0375631
-0.0379788
-0.0383785
-0.0387622
-0.0391303
-0.0394828
-0.0398199
-0.0401417
-0.0404484
-0.04074
-0.0410167
-0.0412786
-0.0415256
-0.041758
-0.0419756
-0.0421786
-0.0423669
-0.0425406
-0.0426997
-0.0428441
-0.0429737
-0.0430887
-0.0431888
-0.0432741
-0.0433445
-0.0434
-0.0434404
-0.0434658
-0.0434766
-0.0434722
-0.0434527
-0.0434179
-0.043368
-0.0433028
-0.0432224
-0.0431269
-0.0430162
-0.0428904
-0.0427496
-0.0425939
-0.0424232
-0.0422378
-0.0420377
-0.0418229
-0.0415937
-0.04135
-0.041092
-0.0408198
-0.0405335
-0.0402333
-0.0399191
-0.0395913
-0.0392497
-0.0388947
-0.0385263
-0.0381448
-0.0377503
-0.0373432
-0.0369238
-0.0364926
-0.0360499
-0.0355966
-0.0351333
-0.034661
-0.0341808
-0.0336938
-0.0332015
-0.0327056
-0.0322077
-0.0317098
-0.0312138
-0.0307214
-0.0302339
-0.0297514
-0.0292717
-0.0287886
-0.0282896
-0.027754
-0.0271544
-0.026463
-0.0256655
-0.0247789
-0.0238653
-0.0230298
-0.0223941
-0.022043
-0.021964
-0.0220456
-0.0120513
-0.012039
-0.0120942
-0.0122369
-0.0124715
-0.0127938
-0.0131986
-0.0136825
-0.0142413
-0.0148714
-0.0155667
-0.0163188
-0.0171195
-0.0179609
-0.0188342
-0.0197308
-0.0206423
-0.0215607
-0.0224787
-0.0233895
-0.0242874
-0.0251675
-0.0260261
-0.0268603
-0.0276681
-0.0284483
-0.0292004
-0.0299246
-0.0306213
-0.0312915
-0.0319362
-0.0325566
-0.0331539
-0.0337294
-0.0342841
-0.034819
-0.0353349
-0.0358327
-0.0363128
-0.0367758
-0.0372221
-0.0376521
-0.0380659
-0.0384638
-0.0388461
-0.0392128
-0.0395642
-0.0399004
-0.0402215
-0.0405276
-0.0408188
-0.0410952
-0.0413569
-0.0416039
-0.0418363
-0.0420541
-0.0422573
-0.0424459
-0.04262
-0.0427795
-0.0429244
-0.0430545
-0.04317
-0.0432707
-0.0433566
-0.0434275
-0.0434835
-0.0435246
-0.0435505
-0.0435618
-0.0435579
-0.0435388
-0.0435045
-0.043455
-0.0433902
-0.0433102
-0.043215
-0.0431047
-0.0429793
-0.0428389
-0.0426836
-0.0425134
-0.0423285
-0.0421289
-0.0419148
-0.0416863
-0.0414435
-0.0411865
-0.0409154
-0.0406304
-0.0403315
-0.0400191
-0.039693
-0.0393536
-0.0390009
-0.0386351
-0.0382565
-0.0378653
-0.0374618
-0.0370464
-0.0366195
-0.0361816
-0.0357335
-0.0352758
-0.0348097
-0.034336
-0.0338561
-0.0333716
-0.0328838
-0.0323948
-0.0319064
-0.0314206
-0.0309393
-0.030464
-0.0299953
-0.0295317
-0.0290682
-0.0285938
-0.02809
-0.0275308
-0.0268884
-0.0261467
-0.025318
-0.0244573
-0.023663
-0.0230523
-0.0227101
-0.0226302
-0.0227083
-0.0123921
-0.0123761
-0.0124275
-0.0125666
-0.0127979
-0.0131167
-0.0135173
-0.0139953
-0.014547
-0.0151681
-0.0158528
-0.0165942
-0.0173848
-0.018216
-0.0190791
-0.0199649
-0.0208657
-0.0217736
-0.0226812
-0.023582
-0.0244701
-0.0253408
-0.0261903
-0.0270158
-0.0278155
-0.0285881
-0.0293331
-0.0300506
-0.0307411
-0.0314054
-0.0320447
-0.0326602
-0.0332529
-0.0338242
-0.034375
-0.0349064
-0.0354191
-0.0359139
-0.0363914
-0.0368521
-0.0372962
-0.0377243
-0.0381364
-0.0385329
-0.0389139
-0.0392795
-0.03963
-0.0399655
-0.040286
-0.0405917
-0.0408826
-0.0411589
-0.0414206
-0.0416677
-0.0419002
-0.0421183
-0.0423218
-0.0425109
-0.0426854
-0.0428454
-0.0429907
-0.0431215
-0.0432375
-0.0433387
-0.0434251
-0.0434966
-0.0435531
-0.0435946
-0.043621
-0.0436327
-0.0436293
-0.0436105
-0.0435765
-0.0435272
-0.0434627
-0.0433829
-0.0432879
-0.0431777
-0.0430524
-0.0429122
-0.042757
-0.042587
-0.0424024
-0.0422031
-0.0419894
-0.0417613
-0.041519
-0.0412626
-0.0409922
-0.0407081
-0.0404103
-0.0400991
-0.0397745
-0.0394367
-0.0390859
-0.0387223
-0.0383462
-0.0379578
-0.0375574
-0.0371454
-0.0367223
-0.0362886
-0.0358451
-0.0353926
-0.0349319
-0.0344643
-0.0339909
-0.0335134
-0.0330333
-0.0325525
-0.0320729
-0.0315966
-0.0311256
-0.0306616
-0.0302056
-0.0297566
-0.0293108
-0.0288588
-0.0283836
-0.0278609
-0.0272636
-0.0265738
-0.0257997
-0.02499
-0.0242364
-0.023651
-0.0233189
-0.0232387
-0.0233136
-0.0126859
-0.0126663
-0.0127138
-0.0128491
-0.0130772
-0.0133928
-0.0137897
-0.0142628
-0.0148084
-0.0154219
-0.0160979
-0.0168298
-0.0176103
-0.0184312
-0.0192841
-0.0201608
-0.0210525
-0.0219512
-0.0228499
-0.023742
-0.0246217
-0.0254843
-0.0263256
-0.0271438
-0.0279365
-0.0287026
-0.0294414
-0.0301531
-0.0308382
-0.0314975
-0.0321321
-0.0327432
-0.0333319
-0.0338993
-0.0344467
-0.034975
-0.0354849
-0.0359771
-0.0364523
-0.0369109
-0.0373532
-0.0377796
-0.0381903
-0.0385855
-0.0389655
-0.0393303
-0.0396801
-0.0400151
-0.0403352
-0.0406407
-0.0409315
-0.0412078
-0.0414696
-0.0417169
-0.0419497
-0.0421681
-0.0423721
-0.0425616
-0.0427367
-0.0428972
-0.0430431
-0.0431744
-0.043291
-0.0433928
-0.0434797
-0.0435517
-0.0436086
-0.0436505
-0.0436773
-0.0436894
-0.0436861
-0.0436676
-0.0436338
-0.0435846
-0.0435201
-0.0434403
-0.0433452
-0.043235
-0.0431097
-0.0429694
-0.0428141
-0.0426441
-0.0424594
-0.0422601
-0.0420464
-0.0418184
-0.0415763
-0.0413202
-0.0410503
-0.0407666
-0.0404695
-0.0401591
-0.0398355
-0.039499
-0.0391497
-0.0387878
-0.0384136
-0.0380274
-0.0376296
-0.0372205
-0.0368007
-0.0363707
-0.0359313
-0.0354832
-0.0350274
-0.0345652
-0.0340978
-0.0336266
-0.0331535
-0.0326802
-0.0322087
-0.0317411
-0.0312797
-0.0308261
-0.0303817
-0.0299461
-0.0295164
-0.0290843
-0.028635
-0.0281454
-0.0275893
-0.0269476
-0.0262247
-0.0254639
-0.0247499
-0.0241902
-0.0238687
-0.0237889
-0.0238608
-0.0129333
-0.0129103
-0.0129538
-0.0130853
-0.0133101
-0.0136228
-0.0140164
-0.0144855
-0.0150259
-0.015633
-0.0163017
-0.0170255
-0.0177972
-0.018609
-0.0194526
-0.0203199
-0.0212025
-0.0220925
-0.0229828
-0.023867
-0.0247394
-0.0255954
-0.0264316
-0.027244
-0.028031
-0.0287916
-0.0295252
-0.030232
-0.0309125
-0.0315675
-0.0321981
-0.0328054
-0.0333906
-0.0339546
-0.0344991
-0.0350246
-0.0355321
-0.0360221
-0.0364953
-0.0369521
-0.0373928
-0.0378179
-0.0382274
-0.0386217
-0.0390009
-0.0393651
-0.0397144
-0.040049
-0.040369
-0.0406744
-0.0409653
-0.0412418
-0.0415038
-0.0417514
-0.0419847
-0.0422035
-0.042408
-0.0425981
-0.0427737
-0.0429348
-0.0430813
-0.0432132
-0.0433303
-0.0434327
-0.0435201
-0.0435926
-0.0436499
-0.0436922
-0.0437192
-0.0437315
-0.0437285
-0.04371
-0.0436762
-0.043627
-0.0435624
-0.0434824
-0.0433871
-0.0432766
-0.043151
-0.0430104
-0.0428548
-0.0426844
-0.0424994
-0.0422999
-0.0420859
-0.0418578
-0.0416155
-0.0413593
-0.0410894
-0.0408059
-0.0405091
-0.040199
-0.0398761
-0.0395403
-0.039192
-0.0388313
-0.0384586
-0.0380742
-0.0376784
-0.0372717
-0.0368546
-0.0364276
-0.0359916
-0.0355474
-0.035096
-0.0346385
-0.0341763
-0.0337109
-0.033244
-0.0327775
-0.0323134
-0.0318538
-0.031401
-0.030957
-0.0305232
-0.0300998
-0.0296845
-0.0292705
-0.0288443
-0.0283846
-0.027866
-0.0272687
-0.0265939
-0.0258794
-0.0252039
-0.0246696
-0.0243593
-0.0242804
-0.0243496
-0.0131352
-0.0131088
-0.0131483
-0.0132759
-0.0134975
-0.0138074
-0.0141983
-0.014664
-0.0152001
-0.0158019
-0.0164643
-0.0171811
-0.0179453
-0.0187492
-0.0195848
-0.0204439
-0.0213185
-0.0222008
-0.0230838
-0.0239611
-0.024827
-0.0256769
-0.026507
-0.0273141
-0.0280962
-0.0288523
-0.0295818
-0.0302847
-0.0309616
-0.0316132
-0.0322407
-0.0328451
-0.0334277
-0.0339898
-0.0345319
-0.0350552
-0.0355606
-0.0360488
-0.0365203
-0.0369756
-0.0374151
-0.037839
-0.0382476
-0.0386412
-0.0390198
-0.0393836
-0.0397327
-0.0400672
-0.0403872
-0.0406927
-0.0409839
-0.0412606
-0.0415231
-0.0417712
-0.042005
-0.0422243
-0.0424294
-0.0426201
-0.0427963
-0.0429581
-0.0431053
-0.0432377
-0.0433555
-0.0434584
-0.0435463
-0.0436192
-0.0436769
-0.0437194
-0.0437466
-0.0437591
-0.0437561
-0.0437376
-0.0437037
-0.0436543
-0.0435894
-0.0435091
-0.0434134
-0.0433024
-0.0431763
-0.0430351
-0.042879
-0.0427081
-0.0425225
-0.0423223
-0.0421079
-0.0418792
-0.0416365
-0.0413799
-0.0411096
-0.0408258
-0.0405288
-0.0402188
-0.039896
-0.0395606
-0.0392128
-0.0388528
-0.0384811
-0.0380979
-0.0377036
-0.0372987
-0.0368837
-0.0364592
-0.0360261
-0.0355851
-0.0351373
-0.0346839
-0.0342262
-0.0337658
-0.0333044
-0.032844
-0.0323865
-0.0319342
-0.0314893
-0.0310539
-0.0306297
-0.0302172
-0.0298149
-0.0294171
-0.0290116
-0.028579
-0.0280945
-0.0275379
-0.0269078
-0.0262373
-0.0255988
-0.0250896
-0.0247907
-0.0247132
-0.0247799
-0.0132927
-0.0132631
-0.0132986
-0.0134221
-0.0136403
-0.0139477
-0.0143361
-0.0147991
-0.0153317
-0.0159291
-0.0165863
-0.0172972
-0.018055
-0.0188521
-0.0196807
-0.0205328
-0.0214005
-0.0222761
-0.0231528
-0.024024
-0.0248843
-0.0257289
-0.026554
-0.0273566
-0.0281348
-0.0288871
-0.0296132
-0.0303129
-0.0309869
-0.0316358
-0.0322608
-0.0328629
-0.0334433
-0.0340032
-0.0345434
-0.035065
-0.0355689
-0.0360557
-0.036526
-0.0369802
-0.0374188
-0.037842
-0.0382501
-0.0386432
-0.0390215
-0.0393852
-0.0397343
-0.0400689
-0.0403891
-0.040695
-0.0409865
-0.0412637
-0.0415267
-0.0417755
-0.04201
-0.0422302
-0.0424361
-0.0426275
-0.0428045
-0.042967
-0.0431148
-0.0432479
-0.0433662
-0.0434696
-0.043558
-0.0436313
-0.0436894
-0.0437321
-0.0437595
-0.0437719
-0.0437689
-0.0437503
-0.0437161
-0.0436664
-0.0436011
-0.0435203
-0.043424
-0.0433123
-0.0431854
-0.0430435
-0.0428866
-0.0427149
-0.0425284
-0.0423275
-0.0421121
-0.0418826
-0.0416391
-0.0413818
-0.0411107
-0.0408263
-0.0405288
-0.0402184
-0.0398953
-0.0395597
-0.039212
-0.0388522
-0.0384809
-0.0380983
-0.037705
-0.0373013
-0.0368879
-0.0364652
-0.0360343
-0.0355958
-0.035151
-0.034701
-0.0342471
-0.033791
-0.0333344
-0.0328793
-0.0324277
-0.0319818
-0.0315439
-0.0311163
-0.0307007
-0.0302982
-0.0299075
-0.0295241
-0.0291372
-0.0287288
-0.0282752
-0.0277559
-0.0271674
-0.0265383
-0.0259352
-0.0254505
-0.0251632
-0.0250873
-0.0251517
-0.0134071
-0.0133745
-0.0134059
-0.0135252
-0.0137399
-0.0140447
-0.014431
-0.0148918
-0.0154215
-0.0160154
-0.0166683
-0.0173742
-0.0181265
-0.0189179
-0.0197405
-0.0205866
-0.0214484
-0.0223183
-0.0231895
-0.0240557
-0.0249112
-0.0257514
-0.0265725
-0.0273716
-0.0281464
-0.0288958
-0.0296192
-0.0303166
-0.0309883
-0.0316352
-0.0322583
-0.0328586
-0.0334374
-0.0339957
-0.0345346
-0.035055
-0.0355577
-0.0360435
-0.036513
-0.0369665
-0.0374045
-0.0378273
-0.0382351
-0.0386281
-0.0390064
-0.0393702
-0.0397195
-0.0400544
-0.040375
-0.0406814
-0.0409735
-0.0412514
-0.0415151
-0.0417646
-0.0419998
-0.0422208
-0.0424275
-0.0426197
-0.0427974
-0.0429606
-0.0431091
-0.0432429
-0.0433618
-0.0434658
-0.0435546
-0.0436282
-0.0436866
-0.0437295
-0.043757
-0.0437691
-0.043766
-0.0437471
-0.0437126
-0.0436624
-0.0435965
-0.0435151
-0.0434182
-0.043306
-0.0431784
-0.0430355
-0.0428776
-0.0427048
-0.0425172
-0.0423151
-0.0420987
-0.041868
-0.0416234
-0.041365
-0.0410927
-0.0408072
-0.0405088
-0.0401975
-0.0398738
-0.0395377
-0.0391895
-0.0388293
-0.0384579
-0.0380755
-0.0376825
-0.0372795
-0.0368669
-0.0364455
-0.036016
-0.0355795
-0.035137
-0.0346896
-0.0342388
-0.0337863
-0.0333337
-0.0328831
-0.0324365
-0.0319962
-0.0315646
-0.0311439
-0.030736
-0.0303422
-0.029962
-0.0295914
-0.0292211
-0.0288343
-0.0284087
-0.0279236
-0.0273736
-0.0267832
-0.0262139
-0.0257528
-0.0254772
-0.0254032
-0.0254655
-0.01348
-0.0134445
-0.0134717
-0.0135866
-0.0137976
-0.0140998
-0.0144843
-0.0149431
-0.0154706
-0.0160616
-0.0167109
-0.0174128
-0.0181605
-0.0189469
-0.0197645
-0.0206056
-0.0214623
-0.0223275
-0.0231942
-0.0240561
-0.0249078
-0.0257445
-0.0265625
-0.0273587
-0.0281311
-0.0288784
-0.0295999
-0.0302955
-0.0309658
-0.0316113
-0.0322331
-0.0328322
-0.0334099
-0.0339672
-0.0345052
-0.0350248
-0.0355269
-0.0360121
-0.0364811
-0.0369343
-0.0373721
-0.0377947
-0.0382025
-0.0385956
-0.0389742
-0.0393383
-0.0396881
-0.0400236
-0.0403448
-0.0406519
-0.0409448
-0.0412235
-0.041488
-0.0417384
-0.0419745
-0.0421964
-0.0424039
-0.042597
-0.0427756
-0.0429395
-0.0430888
-0.0432233
-0.0433428
-0.0434472
-0.0435365
-0.0436105
-0.0436691
-0.0437121
-0.0437396
-0.0437514
-0.0437481
-0.0437289
-0.0436938
-0.043643
-0.0435764
-0.0434941
-0.0433962
-0.0432829
-0.0431541
-0.04301
-0.0428507
-0.0426765
-0.0424875
-0.0422839
-0.0420659
-0.0418338
-0.0415876
-0.0413278
-0.0410547
-0.0407683
-0.0404687
-0.0401563
-0.0398314
-0.0394943
-0.0391452
-0.038784
-0.0384119
-0.0380291
-0.037636
-0.037233
-0.0368206
-0.0363997
-0.0359712
-0.0355359
-0.0350949
-0.0346495
-0.0342011
-0.0337513
-0.033302
-0.0328551
-0.0324127
-0.0319773
-0.031551
-0.0311363
-0.0307352
-0.0303492
-0.0299781
-0.0296189
-0.0292633
-0.028896
-0.0284956
-0.0280416
-0.027527
-0.0269728
-0.0264355
-0.0259973
-0.0257331
-0.0256612
-0.0257216
-0.0135131
-0.0134749
-0.0134979
-0.0136081
-0.0138152
-0.0141147
-0.0144972
-0.0149545
-0.0154801
-0.0160688
-0.0167152
-0.0174137
-0.0181576
-0.0189399
-0.0197533
-0.02059
-0.0214426
-0.0223038
-0.0231668
-0.0240254
-0.024874
-0.0257081
-0.0265238
-0.027318
-0.0280888
-0.0288346
-0.029555
-0.0302496
-0.030919
-0.0315638
-0.0321849
-0.0327835
-0.0333607
-0.0339176
-0.0344552
-0.0349744
-0.0354762
-0.0359613
-0.0364302
-0.0368834
-0.0373212
-0.0377441
-0.0381522
-0.0385457
-0.0389248
-0.0392895
-0.03964
-0.0399762
-0.0402983
-0.0406063
-0.0409001
-0.0411798
-0.0414454
-0.0416967
-0.0419339
-0.0421567
-0.0423652
-0.0425593
-0.0427388
-0.0429036
-0.0430536
-0.0431888
-0.0433089
-0.0434139
-0.0435036
-0.0435779
-0.0436366
-0.0436797
-0.0437071
-0.0437187
-0.043715
-0.0436953
-0.0436597
-0.0436081
-0.0435406
-0.0434573
-0.0433583
-0.0432436
-0.0431135
-0.0429679
-0.0428071
-0.0426313
-0.0424406
-0.0422352
-0.0420154
-0.0417813
-0.0415333
-0.0412716
-0.0409964
-0.040708
-0.0404065
-0.0400922
-0.0397656
-0.0394269
-0.0390766
-0.0387152
-0.0383426
-0.037959
-0.0375653
-0.0371619
-0.0367489
-0.0363277
-0.0358995
-0.0354648
-0.0350246
-0.0345803
-0.0341335
-0.0336858
-0.0332389
-0.0327949
-0.032356
-0.0319245
-0.0315027
-0.0310931
-0.0306979
-0.0303187
-0.0299557
-0.0296065
-0.0292639
-0.0289139
-0.0285363
-0.0281106
-0.0276286
-0.0271081
-0.026601
-0.0261847
-0.0259317
-0.0258621
-0.0259207
-0.0135083
-0.0134675
-0.0134863
-0.0135916
-0.0137944
-0.0140909
-0.0144715
-0.0149273
-0.0154514
-0.0160382
-0.0166822
-0.0173778
-0.0181185
-0.0188974
-0.0197072
-0.0205405
-0.0213897
-0.0222476
-0.0231077
-0.0239637
-0.0248101
-0.0256422
-0.0264564
-0.0272494
-0.0280192
-0.0287645
-0.0294843
-0.0301787
-0.0308479
-0.0314926
-0.0321138
-0.0327124
-0.0332896
-0.0338465
-0.0343842
-0.0349036
-0.0354056
-0.0358908
-0.03636
-0.0368136
-0.0372519
-0.0376753
-0.038084
-0.0384782
-0.038858
-0.0392236
-0.039575
-0.0399123
-0.0402354
-0.0405444
-0.0408394
-0.0411202
-0.0413869
-0.0416395
-0.0418778
-0.0421017
-0.0423113
-0.0425064
-0.0426869
-0.0428526
-0.0430035
-0.0431394
-0.0432601
-0.0433656
-0.0434557
-0.0435303
-0.0435892
-0.0436323
-0.0436595
-0.0436707
-0.0436667
-0.0436464
-0.0436101
-0.0435576
-0.0434891
-0.0434046
-0.0433043
-0.0431882
-0.0430565
-0.0429093
-0.0427467
-0.042569
-0.0423763
-0.0421689
-0.0419469
-0.0417107
-0.0414604
-0.0411964
-0.0409188
-0.040628
-0.0403242
-0.0400077
-0.0396789
-0.039338
-0.0389856
-0.0386219
-0.0382473
-0.0378621
-0.037467
-0.0370626
-0.0366501
-0.0362292
-0.0358008
-0.0353662
-0.0349259
-0.0344819
-0.0340361
-0.0335896
-0.0331443
-0.0327024
-0.0322661
-0.0318376
-0.0314195
-0.0310142
-0.030624
-0.0302505
-0.0298945
-0.0295541
-0.029223
-0.0288884
-0.0285312
-0.0281312
-0.0276792
-0.02719
-0.0267112
-0.0263157
-0.0260736
-0.0260063
-0.0260634
-0.0134676
-0.0134245
-0.0134389
-0.0135391
-0.0137372
-0.0140303
-0.0144087
-0.0148631
-0.0153858
-0.015971
-0.0166131
-0.0173063
-0.0180443
-0.0188203
-0.0196272
-0.0204574
-0.0213038
-0.0221593
-0.0230171
-0.0238711
-0.024716
-0.025547
-0.0263603
-0.0271528
-0.0279225
-0.0286677
-0.0293878
-0.0300826
-0.0307523
-0.0313976
-0.0320193
-0.0326185
-0.0331963
-0.0337538
-0.0342921
-0.0348121
-0.0353147
-0.0358006
-0.0362704
-0.0367247
-0.0371638
-0.037588
-0.0379976
-0.0383928
-0.0387737
-0.0391404
-0.039493
-0.0398314
-0.0401558
-0.0404662
-0.0407624
-0.0410446
-0.0413126
-0.0415664
-0.041806
-0.0420312
-0.042242
-0.0424382
-0.0426197
-0.0427864
-0.0429382
-0.0430748
-0.0431963
-0.0433023
-0.0433928
-0.0434676
-0.0435266
-0.0435696
-0.0435966
-0.0436075
-0.0436029
-0.043582
-0.0435449
-0.0434914
-0.0434218
-0.043336
-0.0432342
-0.0431166
-0.0429831
-0.042834
-0.0426694
-0.0424896
-0.0422947
-0.0420849
-0.0418605
-0.0416218
-0.0413689
-0.0411022
-0.040822
-0.0405284
-0.0402218
-0.0399026
-0.039571
-0.0392275
-0.0388724
-0.038506
-0.0381289
-0.0377414
-0.0373441
-0.0369378
-0.036523
-0.0361005
-0.0356711
-0.035236
-0.0347967
-0.0343538
-0.0339085
-0.0334625
-0.0330178
-0.0325773
-0.0321427
-0.0317165
-0.0313012
-0.0308992
-0.030513
-0.0301445
-0.0297945
-0.0294617
-0.0291406
-0.0288197
-0.0284807
-0.028104
-0.0276794
-0.0272192
-0.026767
-0.0263913
-0.0261597
-0.0260948
-0.0261504
-0.0133933
-0.0133479
-0.0133581
-0.0134528
-0.0136458
-0.013935
-0.0143109
-0.0147636
-0.0152851
-0.0158688
-0.0165092
-0.0172003
-0.017936
-0.0187095
-0.0195138
-0.0203417
-0.0211858
-0.0220392
-0.0228953
-0.023748
-0.0245919
-0.0254224
-0.0262355
-0.0270282
-0.0277983
-0.0285443
-0.0292653
-0.0299611
-0.030632
-0.0312784
-0.0319013
-0.0325017
-0.0330807
-0.0336393
-0.0341786
-0.0346997
-0.0352033
-0.0356903
-0.0361612
-0.0366165
-0.0370567
-0.0374821
-0.037893
-0.0382894
-0.0386716
-0.0390397
-0.0393936
-0.0397336
-0.0400594
-0.0403713
-0.040669
-0.0409527
-0.0412222
-0.0414775
-0.0417185
-0.0419451
-0.0421571
-0.0423546
-0.0425372
-0.0427049
-0.0428576
-0.0429951
-0.0431172
-0.0432237
-0.0433146
-0.0433896
-0.0434487
-0.0434916
-0.0435184
-0.0435288
-0.0435237
-0.0435021
-0.043464
-0.0434095
-0.0433386
-0.0432514
-0.043148
-0.0430286
-0.0428932
-0.042742
-0.0425752
-0.042393
-0.0421956
-0.0419833
-0.0417562
-0.0415146
-0.0412588
-0.0409891
-0.0407057
-0.040409
-0.0400993
-0.0397769
-0.0394421
-0.0390953
-0.0387369
-0.0383674
-0.0379872
-0.0375967
-0.0371966
-0.0367875
-0.0363701
-0.0359453
-0.0355138
-0.035077
-0.0346359
-0.0341919
-0.0337463
-0.0333014
-0.0328588
-0.0324194
-0.0319856
-0.0315607
-0.0311474
-0.030748
-0.0303649
-0.0300004
-0.0296554
-0.029329
-0.0290167
-0.0287078
-0.0283851
-0.0280296
-0.0276301
-0.0271967
-0.0267693
-0.0264123
-0.0261908
-0.0261282
-0.0261825
-0.0132877
-0.0132403
-0.0132461
-0.013335
-0.0135224
-0.0138072
-0.0141801
-0.0146309
-0.0151509
-0.0157332
-0.0163719
-0.0170612
-0.0177947
-0.0185661
-0.0193681
-0.0201939
-0.0210361
-0.0218879
-0.0227427
-0.0235946
-0.0244381
-0.0252686
-0.0260821
-0.0268756
-0.0276468
-0.0283941
-0.0291166
-0.0298141
-0.0304867
-0.0311349
-0.0317596
-0.0323617
-0.0329424
-0.0335026
-0.0340435
-0.0345661
-0.0350712
-0.0355596
-0.036032
-0.0364888
-0.0369305
-0.0373574
-0.0377697
-0.0381678
-0.0385516
-0.0389213
-0.0392769
-0.0396185
-0.0399461
-0.0402596
-0.0405591
-0.0408444
-0.0411156
-0.0413725
-0.041615
-0.0418431
-0.0420566
-0.0422553
-0.0424392
-0.042608
-0.0427617
-0.0429
-0.0430227
-0.0431298
-0.0432211
-0.0432963
-0.0433554
-0.0433983
-0.0434247
-0.0434346
-0.0434289
-0.0434065
-0.0433674
-0.0433117
-0.0432394
-0.0431507
-0.0430456
-0.0429242
-0.0427867
-0.0426333
-0.0424641
-0.0422793
-0.0420792
-0.0418639
-0.0416338
-0.0413891
-0.0411301
-0.040857
-0.0405701
-0.0402699
-0.0399565
-0.0396304
-0.0392919
-0.0389414
-0.0385793
-0.038206
-0.037822
-0.0374279
-0.0370243
-0.0366118
-0.0361911
-0.0357631
-0.0353288
-0.0348894
-0.0344459
-0.0339999
-0.0335529
-0.0331067
-0.0326631
-0.0322243
-0.0317929
-0.03137
-0.0309581
-0.0305601
-0.0301794
-0.0298179
-0.029477
-0.0291561
-0.0288513
-0.028553
-0.0282449
-0.0279084
-0.0275318
-0.0271233
-0.026719
-0.0263797
-0.0261677
-0.0261073
-0.0261605
-0.0131532
-0.0131041
-0.0131055
-0.0131883
-0.0133695
-0.0136492
-0.0140185
-0.0144668
-0.014985
-0.0155658
-0.0162028
-0.0168902
-0.0176218
-0.018391
-0.0191911
-0.0200149
-0.0208555
-0.021706
-0.0225599
-0.0234113
-0.0242548
-0.0250857
-0.0259001
-0.0266949
-0.0274677
-0.0282169
-0.0289416
-0.0296413
-0.0303162
-0.0309668
-0.0315938
-0.0321983
-0.0327811
-0.0333436
-0.0338865
-0.0344111
-0.0349182
-0.0354085
-0.0358827
-0.0363413
-0.0367848
-0.0372135
-0.0376278
-0.0380276
-0.0384133
-0.0387849
-0.0391425
-0.039486
-0.0398156
-0.040131
-0.0404324
-0.0407196
-0.0409926
-0.0412513
-0.0414955
-0.0417252
-0.0419402
-0.0421403
-0.0423255
-0.0424955
-0.0426502
-0.0427894
-0.0429129
-0.0430206
-0.0431122
-0.0431877
-0.0432468
-0.0432895
-0.0433155
-0.0433249
-0.0433185
-0.0432952
-0.043255
-0.0431981
-0.0431243
-0.0430339
-0.0429269
-0.0428035
-0.0426637
-0.0425078
-0.042336
-0.0421484
-0.0419453
-0.0417269
-0.0414935
-0.0412453
-0.0409827
-0.0407058
-0.0404152
-0.0401109
-0.0397935
-0.0394632
-0.0391205
-0.0387657
-0.0383993
-0.0380217
-0.0376334
-0.037235
-0.0368271
-0.0364105
-0.0359858
-0.0355539
-0.035116
-0.0346731
-0.0342265
-0.0337776
-0.0333281
-0.0328798
-0.0324347
-0.0319948
-0.0315625
-0.0311401
-0.0307306
-0.0303355
-0.0299563
-0.0295971
-0.0292593
-0.0289429
-0.0286445
-0.0283554
-0.0280603
-0.027741
-0.0273854
-0.0269997
-0.026617
-0.0262943
-0.0260914
-0.0260332
-0.0260852
-0.0129925
-0.0129418
-0.0129389
-0.0130153
-0.0131896
-0.0134634
-0.0138283
-0.0142736
-0.0147896
-0.0153684
-0.0160036
-0.016689
-0.0174185
-0.0181857
-0.0189837
-0.0198057
-0.0206447
-0.021494
-0.0223473
-0.0231985
-0.0240423
-0.024874
-0.0256897
-0.0264862
-0.0272611
-0.0280127
-0.02874
-0.0294426
-0.0301204
-0.0307738
-0.0314038
-0.032011
-0.0325967
-0.0331618
-0.0337073
-0.0342344
-0.0347438
-0.0352364
-0.0357129
-0.0361737
-0.0366194
-0.0370504
-0.0374668
-0.0378688
-0.0382567
-0.0386305
-0.0389903
-0.039336
-0.0396677
-0.0399853
-0.0402888
-0.0405781
-0.0408531
-0.0411137
-0.0413597
-0.0415912
-0.0418078
-0.0420095
-0.0421961
-0.0423674
-0.0425231
-0.0426633
-0.0427876
-0.0428958
-0.0429879
-0.0430636
-0.0431227
-0.0431652
-0.0431909
-0.0431997
-0.0431925
-0.0431683
-0.043127
-0.0430686
-0.0429933
-0.0429011
-0.0427921
-0.0426664
-0.0425242
-0.0423657
-0.042191
-0.0420004
-0.0417941
-0.0415722
-0.0413352
-0.0410833
-0.0408167
-0.0405357
-0.0402408
-0.0399322
-0.0396102
-0.0392753
-0.0389279
-0.0385682
-0.0381969
-0.0378144
-0.0374212
-0.0370178
-0.036605
-0.0361835
-0.035754
-0.0353176
-0.0348752
-0.034428
-0.0339774
-0.0335248
-0.033072
-0.0326208
-0.0321731
-0.0317312
-0.0312974
-0.0308742
-0.0304642
-0.0300699
-0.0296942
-0.0293375
-0.029002
-0.0286892
-0.0283962
-0.0281151
-0.0278316
-0.0275279
-0.0271914
-0.0268268
-0.0264642
-0.0261571
-0.0259627
-0.0259066
-0.0259576
-0.012808
-0.012756
-0.0127489
-0.0128186
-0.0129854
-0.0132524
-0.0136121
-0.0140536
-0.0145667
-0.0151431
-0.0157761
-0.0164592
-0.0171864
-0.0179513
-0.0187471
-0.0195672
-0.0204047
-0.0212529
-0.0221055
-0.0229566
-0.0238009
-0.0246336
-0.0254509
-0.0262495
-0.0270269
-0.0277813
-0.0285117
-0.0292175
-0.0298987
-0.0305557
-0.031189
-0.0317997
-0.0323886
-0.0329569
-0.0335055
-0.0340356
-0.0345478
-0.0350432
-0.0355224
-0.0359858
-0.0364341
-0.0368676
-0.0372865
-0.0376911
-0.0380815
-0.0384578
-0.03882
-0.0391682
-0.0395023
-0.0398223
-0.0401281
-0.0404196
-0.0406968
-0.0409596
-0.0412077
-0.041441
-0.0416594
-0.0418628
-0.0420509
-0.0422235
-0.0423804
-0.0425216
-0.0426467
-0.0427556
-0.0428481
-0.042924
-0.0429832
-0.0430255
-0.0430508
-0.043059
-0.043051
-0.0430257
-0.0429832
-0.0429234
-0.0428464
-0.0427523
-0.0426411
-0.0425131
-0.0423683
-0.0422069
-0.0420292
-0.0418353
-0.0416255
-0.0414
-0.0411591
-0.040903
-0.0406321
-0.0403467
-0.0400471
-0.0397337
-0.0394067
-0.0390667
-0.038714
-0.038349
-0.0379722
-0.0375842
-0.0371853
-0.0367764
-0.036358
-0.0359308
-0.0354958
-0.0350539
-0.0346062
-0.034154
-0.0336985
-0.0332414
-0.0327843
-0.0323292
-0.0318781
-0.0314333
-0.0309972
-0.0305722
-0.030161
-0.0297663
-0.0293908
-0.0290368
-0.028705
-0.0283949
-0.0281064
-0.0278323
-0.0275591
-0.0272694
-0.0269505
-0.0266054
-0.0262615
-0.025969
-0.0257827
-0.0257285
-0.0257786
-0.0126026
-0.0125495
-0.0125382
-0.0126009
-0.0127596
-0.013019
-0.0133724
-0.013809
-0.0143185
-0.0148919
-0.0155221
-0.0162025
-0.016927
-0.0176892
-0.0184827
-0.0193006
-0.0201363
-0.0209832
-0.0218351
-0.0226861
-0.0235309
-0.0243649
-0.0251839
-0.0259848
-0.026765
-0.0275226
-0.0282565
-0.028966
-0.0296511
-0.030312
-0.0309493
-0.0315638
-0.0321566
-0.0327286
-0.0332808
-0.0338143
-0.0343299
-0.0348285
-0.0353108
-0.0357773
-0.0362286
-0.0366649
-0.0370868
-0.0374942
-0.0378874
-0.0382665
-0.0386315
-0.0389824
-0.0393191
-0.0396418
-0.0399501
-0.0402442
-0.0405238
-0.0407888
-0.0410391
-0.0412745
-0.0414949
-0.0417
-0.0418897
-0.0420638
-0.0422221
-0.0423643
-0.0424903
-0.0425999
-0.0426928
-0.042769
-0.0428282
-0.0428703
-0.0428952
-0.0429027
-0.0428939
-0.0428676
-0.0428238
-0.0427624
-0.0426836
-0.0425875
-0.0424741
-0.0423435
-0.042196
-0.0420316
-0.0418506
-0.0416532
-0.0414397
-0.0412102
-0.0409651
-0.0407046
-0.0404291
-0.0401388
-0.0398342
-0.0395155
-0.0391831
-0.0388374
-0.0384789
-0.038108
-0.0377252
-0.037331
-0.0369259
-0.0365106
-0.0360858
-0.0356523
-0.035211
-0.0347629
-0.0343091
-0.0338509
-0.0333897
-0.0329271
-0.0324649
-0.0320051
-0.0315497
-0.0311011
-0.0306617
-0.0302341
-0.0298209
-0.0294249
-0.0290488
-0.0286951
-0.0283657
-0.0280601
-0.0277751
-0.027507
-0.0272429
-0.026966
-0.0266632
-0.0263362
-0.0260098
-0.0257311
-0.0255524
-0.0255
-0.0255492
-0.0123789
-0.0123251
-0.0123096
-0.0123652
-0.0125151
-0.0127658
-0.0131118
-0.0135426
-0.0140473
-0.0146169
-0.0152435
-0.0159207
-0.0166419
-0.0174011
-0.0181916
-0.0190069
-0.0198405
-0.0206859
-0.0215369
-0.0223876
-0.0232329
-0.024068
-0.0248888
-0.0256921
-0.0264753
-0.0272364
-0.0279741
-0.0286878
-0.0293771
-0.0300424
-0.0306841
-0.0313031
-0.0319002
-0.0324764
-0.0330327
-0.0335701
-0.0340896
-0.0345919
-0.0350777
-0.0355477
-0.0360024
-0.0364421
-0.0368672
-0.0372778
-0.0376742
-0.0380564
-0.0384245
-0.0387784
-0.0391181
-0.0394436
-0.0397548
-0.0400516
-0.0403338
-0.0406014
-0.0408541
-0.0410917
-0.0413142
-0.0415212
-0.0417127
-0.0418883
-0.042048
-0.0421914
-0.0423183
-0.0424286
-0.0425221
-0.0425986
-0.0426578
-0.0426998
-0.0427242
-0.0427311
-0.0427214
-0.042694
-0.0426488
-0.0425858
-0.0425052
-0.0424069
-0.0422911
-0.0421579
-0.0420074
-0.0418398
-0.0416554
-0.0414543
-0.0412368
-0.0410031
-0.0407534
-0.0404882
-0.0402077
-0.0399122
-0.0396021
-0.0392776
-0.0389394
-0.0385876
-0.0382228
-0.0378454
-0.0374558
-0.0370548
-0.0366428
-0.0362205
-0.0357886
-0.035348
-0.0348996
-0.0344444
-0.0339837
-0.0335186
-0.0330508
-0.0325819
-0.0321137
-0.0316482
-0.0311877
-0.0307343
-0.0302908
-0.0298597
-0.0294437
-0.0290456
-0.0286682
-0.0283139
-0.027985
-0.0276829
-0.0274022
-0.0271394
-0.0268834
-0.0266181
-0.0263302
-0.02602
-0.0257101
-0.0254444
-0.0252729
-0.0252221
-0.0252704
-0.0121397
-0.0120855
-0.012066
-0.0121143
-0.0122547
-0.0124958
-0.0128331
-0.0132567
-0.0137557
-0.0143203
-0.0149426
-0.0156156
-0.0163329
-0.0170883
-0.0178753
-0.0186875
-0.0195185
-0.0203618
-0.0212115
-0.0220617
-0.0229071
-0.0237432
-0.0245658
-0.0253716
-0.0261578
-0.0269226
-0.0276643
-0.0283824
-0.0290764
-0.0297465
-0.0303932
-0.031017
-0.0316189
-0.0321998
-0.0327608
-0.0333027
-0.0338264
-0.0343329
-0.0348228
-0.0352968
-0.0357553
-0.0361988
-0.0366275
-0.0370417
-0.0374416
-0.0378273
-0.0381988
-0.038556
-0.038899
-0.0392277
-0.039542
-0.0398417
-0.0401268
-0.0403971
-0.0406523
-0.0408924
-0.0411172
-0.0413263
-0.0415197
-0.041697
-0.0418581
-0.0420028
-0.0421308
-0.042242
-0.042336
-0.0424128
-0.0424722
-0.042514
-0.042538
-0.0425442
-0.0425336
-0.042505
-0.0424584
-0.0423938
-0.0423112
-0.0422106
-0.0420923
-0.0419563
-0.0418027
-0.0416318
-0.0414437
-0.0412387
-0.0410169
-0.0407787
-0.0405242
-0.0402539
-0.0399681
-0.0396669
-0.0393509
-0.0390203
-0.0386756
-0.0383172
-0.0379455
-0.037561
-0.0371642
-0.0367557
-0.0363361
-0.0359061
-0.0354663
-0.0350178
-0.0345615
-0.0340984
-0.0336299
-0.0331571
-0.0326818
-0.0322057
-0.0317305
-0.0312585
-0.0307918
-0.0303329
-0.0298844
-0.0294489
-0.0290293
-0.0286284
-0.0282488
-0.0278934
-0.0275641
-0.0272623
-0.0269881
-0.0267295
-0.0264808
-0.0262261
-0.025952
-0.0256576
-0.0253632
-0.0251099
-0.0249454
-0.024896
-0.0249435
-0.0118878
-0.0118333
-0.0118101
-0.0118509
-0.0119813
-0.0122117
-0.0125391
-0.0129542
-0.013446
-0.0140045
-0.0146213
-0.0152892
-0.0160017
-0.0167525
-0.0175352
-0.0183436
-0.0191712
-0.020012
-0.0208597
-0.0217089
-0.0225542
-0.0233909
-0.0242151
-0.0250232
-0.0258125
-0.0265809
-0.027327
-0.0280497
-0.0287487
-0.029424
-0.0300759
-0.0307051
-0.0313123
-0.0318985
-0.0324645
-0.0330114
-0.03354
-0.0340512
-0.0345457
-0.0350241
-0.0354869
-0.0359345
-0.0363674
-0.0367856
-0.0371894
-0.0375789
-0.0379541
-0.0383151
-0.0386616
-0.0389938
-0.0393114
-0.0396144
-0.0399026
-0.0401759
-0.0404339
-0.0406767
-0.0409039
-0.0411153
-0.0413107
-0.0414899
-0.0416526
-0.0417987
-0.0419279
-0.0420399
-0.0421346
-0.0422118
-0.0422713
-0.042313
-0.0423366
-0.0423421
-0.0423306
-0.0423008
-0.0422528
-0.0421864
-0.0421017
-0.0419989
-0.0418779
-0.041739
-0.0415822
-0.0414077
-0.0412157
-0.0410065
-0.0407802
-0.0405372
-0.0402777
-0.040002
-0.0397104
-0.0394032
-0.0390809
-0.0387437
-0.0383921
-0.0380265
-0.0376474
-0.0372552
-0.0368505
-0.0364338
-0.0360059
-0.0355674
-0.035119
-0.0346618
-0.0341968
-0.0337249
-0.0332477
-0.0327664
-0.0322827
-0.0317983
-0.0313153
-0.0308358
-0.0303621
-0.0298968
-0.0294423
-0.0290017
-0.0285776
-0.028173
-0.0277907
-0.0274334
-0.0271033
-0.0268019
-0.02653
-0.0262772
-0.0260353
-0.0257905
-0.0255292
-0.0252498
-0.0249703
-0.0247289
-0.024571
-0.0245231
-0.0245699
-0.0116257
-0.0115714
-0.0115447
-0.0115778
-0.0116978
-0.0119165
-0.0122327
-0.0126378
-0.0131209
-0.013672
-0.014282
-0.0149437
-0.0156502
-0.0163954
-0.0171729
-0.0179765
-0.0188
-0.0196373
-0.0204825
-0.0213299
-0.0221745
-0.0230115
-0.0238368
-0.0246471
-0.0254393
-0.0262114
-0.0269617
-0.0276892
-0.0283934
-0.0290742
-0.0297318
-0.0303668
-0.0309798
-0.0315717
-0.0321434
-0.0326958
-0.0332298
-0.0337463
-0.0342458
-0.0347291
-0.0351967
-0.0356491
-0.0360865
-0.0365091
-0.0369173
-0.037311
-0.0376904
-0.0380553
-0.0384058
-0.0387418
-0.0390631
-0.0393696
-0.0396612
-0.0399376
-0.0401988
-0.0404444
-0.0406742
-0.0408881
-0.0410857
-0.041267
-0.0414315
-0.0415791
-0.0417095
-0.0418226
-0.0419181
-0.0419957
-0.0420554
-0.042097
-0.0421202
-0.042125
-0.0421126
-0.0420816
-0.0420321
-0.0419639
-0.0418771
-0.0417718
-0.0416481
-0.0415061
-0.0413459
-0.0411677
-0.0409716
-0.040758
-0.040527
-0.0402789
-0.040014
-0.0397325
-0.0394348
-0.0391212
-0.0387921
-0.0384479
-0.0380889
-0.0377156
-0.0373284
-0.036928
-0.0365147
-0.0360892
-0.0356522
-0.0352045
-0.0347468
-0.03428
-0.0338054
-0.0333239
-0.0328371
-0.0323463
-0.0318532
-0.0313598
-0.030868
-0.0303801
-0.0298985
-0.0294257
-0.0289646
-0.0285179
-0.0280886
-0.0276796
-0.0272938
-0.026934
-0.0266023
-0.0263005
-0.0260284
-0.0257843
-0.0255474
-0.0253116
-0.0250626
-0.0247975
-0.0245324
-0.0243027
-0.0241514
-0.0241048
-0.0241509
-0.0113562
-0.0113023
-0.0112723
-0.011298
-0.0114069
-0.011613
-0.0119166
-0.0123101
-0.0127831
-0.013325
-0.013927
-0.014581
-0.0152804
-0.0160188
-0.0167899
-0.0175876
-0.018406
-0.0192389
-0.0200806
-0.0209256
-0.0217687
-0.0226053
-0.0234313
-0.0242433
-0.0250382
-0.0258137
-0.0265683
-0.0273007
-0.0280103
-0.0286968
-0.0293604
-0.0300016
-0.0306208
-0.031219
-0.0317968
-0.0323553
-0.0328953
-0.0334175
-0.0339227
-0.0344115
-0.0348844
-0.0353419
-0.0357844
-0.036212
-0.0366249
-0.0370233
-0.0374072
-0.0377766
-0.0381313
-0.0384715
-0.0387968
-0.0391072
-0.0394024
-0.0396824
-0.0399468
-0.0401955
-0.0404283
-0.0406448
-0.0408449
-0.0410283
-0.0411948
-0.041344
-0.0414759
-0.0415901
-0.0416864
-0.0417647
-0.0418246
-0.0418661
-0.0418891
-0.0418932
-0.0418798
-0.0418476
-0.0417965
-0.0417264
-0.0416375
-0.0415297
-0.0414031
-0.0412579
-0.0410941
-0.040912
-0.0407117
-0.0404934
-0.0402574
-0.040004
-0.0397333
-0.0394457
-0.0391416
-0.0388212
-0.0384849
-0.0381331
-0.0377662
-0.0373846
-0.0369889
-0.0365795
-0.036157
-0.035722
-0.0352753
-0.0348175
-0.0343496
-0.0338725
-0.0333874
-0.0328955
-0.0323981
-0.0318969
-0.0313936
-0.0308901
-0.0303886
-0.0298913
-0.0294009
-0.0289198
-0.028451
-0.0279975
-0.0275621
-0.027148
-0.0267581
-0.0263951
-0.0260615
-0.0257589
-0.0254878
-0.0252468
-0.0250165
-0.0247897
-0.0245526
-0.0243015
-0.0240507
-0.0238327
-0.0236881
-0.0236429
-0.0236884
-0.0110817
-0.0110286
-0.0109957
-0.0110139
-0.0111115
-0.011304
-0.0115937
-0.011974
-0.012435
-0.0129663
-0.0135585
-0.0142034
-0.0148942
-0.0156244
-0.0163879
-0.0171785
-0.0179905
-0.0188179
-0.019655
-0.0204965
-0.0213373
-0.0221728
-0.0229988
-0.0238119
-0.0246091
-0.0253879
-0.0261465
-0.0268838
-0.0275988
-0.0282913
-0.0289612
-0.0296088
-0.0302347
-0.0308396
-0.0314242
-0.0319893
-0.0325358
-0.0330643
-0.0335757
-0.0340706
-0.0345494
-0.0350127
-0.0354607
-0.0358937
-0.0363119
-0.0367155
-0.0371043
-0.0374785
-0.037838
-0.0381827
-0.0385124
-0.0388269
-0.0391262
-0.03941
-0.039678
-0.0399301
-0.040166
-0.0403854
-0.0405882
-0.040774
-0.0409426
-0.0410937
-0.0412271
-0.0413426
-0.0414399
-0.0415188
-0.0415791
-0.0416207
-0.0416434
-0.041647
-0.0416321
-0.0415988
-0.0415462
-0.0414743
-0.0413831
-0.0412727
-0.0411432
-0.0409946
-0.0408272
-0.0406409
-0.0404362
-0.0402131
-0.0399718
-0.0397127
-0.039436
-0.039142
-0.038831
-0.0385034
-0.0381594
-0.0377996
-0.0374242
-0.0370339
-0.0366289
-0.03621
-0.0357776
-0.0353324
-0.0348751
-0.0344066
-0.0339276
-0.0334394
-0.0329429
-0.0324396
-0.0319308
-0.0314183
-0.0309038
-0.0303893
-0.0298771
-0.0293695
-0.0288692
-0.028379
-0.0279017
-0.0274404
-0.0269982
-0.0265783
-0.0261835
-0.0258169
-0.0254808
-0.0251769
-0.024906
-0.024667
-0.0244439
-0.0242257
-0.0240001
-0.0237629
-0.0235265
-0.0233205
-0.0231829
-0.0231393
-0.0231843
-0.0108047
-0.0107526
-0.0107171
-0.0107281
-0.0108142
-0.0109924
-0.0112668
-0.0116323
-0.0120796
-0.0125983
-0.0131789
-0.0138131
-0.0144938
-0.0152142
-0.0159685
-0.0167506
-0.0175548
-0.0183754
-0.0192067
-0.0200435
-0.0208809
-0.0217143
-0.0225396
-0.0233531
-0.024152
-0.0249336
-0.0256961
-0.026438
-0.0271585
-0.027857
-0.0285334
-0.0291879
-0.0298209
-0.030433
-0.0310247
-0.031597
-0.0321506
-0.0326861
-0.0332044
-0.0337059
-0.0341912
-0.0346608
-0.0351149
-0.0355539
-0.035978
-0.0363871
-0.0367815
-0.037161
-0.0375256
-0.0378752
-0.0382097
-0.0385288
-0.0388325
-0.0391204
-0.0393923
-0.0396481
-0.0398874
-0.04011
-0.0403157
-0.0405041
-0.040675
-0.0408282
-0.0409633
-0.0410802
-0.0411786
-0.0412582
-0.041319
-0.0413607
-0.0413832
-0.0413864
-0.0413702
-0.0413358
-0.0412816
-0.0412078
-0.0411143
-0.0410013
-0.0408687
-0.0407166
-0.0405453
-0.0403548
-0.0401454
-0.0399172
-0.0396704
-0.0394054
-0.0391223
-0.0388215
-0.0385033
-0.038168
-0.037816
-0.0374476
-0.0370633
-0.0366636
-0.0362488
-0.0358197
-0.0353767
-0.0349206
-0.034452
-0.0339719
-0.0334811
-0.0329808
-0.0324721
-0.0319565
-0.0314354
-0.0309105
-0.0303838
-0.0298573
-0.0293335
-0.0288147
-0.0283037
-0.0278033
-0.0273166
-0.0268468
-0.026397
-0.0259704
-0.0255702
-0.0251993
-0.0248601
-0.0245545
-0.0242829
-0.0240433
-0.0238323
-0.0236204
-0.0234058
-0.0231825
-0.022961
-0.0227678
-0.022638
-0.0225963
-0.0226411
-0.0105274
-0.0104767
-0.0104391
-0.0104431
-0.0105175
-0.0106807
-0.0109386
-0.0112877
-0.0117194
-0.0122237
-0.0127908
-0.0134124
-0.014081
-0.0147901
-0.0155336
-0.0163056
-0.0171004
-0.0179126
-0.0187367
-0.0195676
-0.0204003
-0.0212305
-0.0220539
-0.0228671
-0.0236669
-0.0244508
-0.0252167
-0.0259631
-0.026689
-0.0273935
-0.0280766
-0.0287382
-0.0293786
-0.0299983
-0.0305978
-0.0311778
-0.0317391
-0.0322822
-0.0328079
-0.0333167
-0.0338092
-0.0342857
-0.0347466
-0.0351922
-0.0356226
-0.036038
-0.0364384
-0.0368237
-0.0371939
-0.037549
-0.0378886
-0.0382127
-0.0385211
-0.0388135
-0.0390898
-0.0393495
-0.0395926
-0.0398187
-0.0400275
-0.0402187
-0.0403922
-0.0405476
-0.0406846
-0.0408031
-0.0409027
-0.0409833
-0.0410447
-0.0410866
-0.0411089
-0.0411116
-0.0410944
-0.0410587
-0.041003
-0.0409272
-0.0408314
-0.0407156
-0.0405798
-0.0404242
-0.0402489
-0.040054
-0.0398397
-0.0396062
-0.0393537
-0.0390824
-0.0387927
-0.0384847
-0.0381589
-0.0378155
-0.0374549
-0.0370775
-0.0366837
-0.036274
-0.0358489
-0.0354088
-0.0349546
-0.0344868
-0.0340062
-0.0335136
-0.0330102
-0.0324969
-0.0319752
-0.0314463
-0.0309118
-0.0303737
-0.0298338
-0.0292944
-0.0287579
-0.0282269
-0.0277042
-0.0271928
-0.0266958
-0.0262165
-0.0257583
-0.0253244
-0.0249181
-0.0245424
-0.0241998
-0.0238922
-0.0236202
-0.0233824
-0.023176
-0.0229727
-0.0227699
-0.0225613
-0.0223557
-0.0221766
-0.0220556
-0.0220166
-0.0220613
-0.010252
-0.0102029
-0.0101635
-0.010161
-0.0102237
-0.0103715
-0.0106119
-0.010943
-0.0113572
-0.0118449
-0.0123966
-0.0130036
-0.0136583
-0.0143541
-0.0150849
-0.0158449
-0.0166287
-0.0174308
-0.0182461
-0.0190694
-0.0198961
-0.0207217
-0.0215422
-0.022354
-0.0231539
-0.0239394
-0.0247082
-0.0254587
-0.0261896
-0.0269002
-0.02759
-0.0282589
-0.0289071
-0.0295348
-0.0301425
-0.0307309
-0.0313004
-0.0318518
-0.0323857
-0.0329025
-0.0334027
-0.0338869
-0.0343552
-0.0348081
-0.0352455
-0.0356677
-0.0360746
-0.0364663
-0.0368427
-0.0372036
-0.037549
-0.0378785
-0.0381921
-0.0384894
-0.0387703
-0.0390344
-0.0392815
-0.0395114
-0.0397236
-0.039918
-0.0400943
-0.0402521
-0.0403913
-0.0405115
-0.0406126
-0.0406942
-0.0407563
-0.0407985
-0.0408207
-0.0408229
-0.0408048
-0.040768
-0.0407107
-0.0406329
-0.0405347
-0.040416
-0.040277
-0.0401177
-0.0399382
-0.0397387
-0.0395194
-0.0392803
-0.0390218
-0.0387441
-0.0384473
-0.0381319
-0.037798
-0.0374461
-0.0370765
-0.0366896
-0.0362857
-0.0358655
-0.0354293
-0.0349778
-0.0345115
-0.0340313
-0.0335378
-0.0330321
-0.0325151
-0.0319881
-0.0314523
-0.0309092
-0.0303605
-0.0298081
-0.0292541
-0.0287007
-0.0281506
-0.0276063
-0.0270709
-0.0265475
-0.0260394
-0.0255499
-0.0250824
-0.0246405
-0.0242275
-0.0238463
-0.0234999
-0.02319
-0.0229175
-0.0226816
-0.0224785
-0.0222834
-0.0220932
-0.0219004
-0.0217123
-0.0215491
-0.0214387
-0.0214033
-0.0214483
-0.00998038
-0.00993316
-0.0098925
-0.00988384
-0.00993514
-0.010067
-0.0102889
-0.0106006
-0.0109955
-0.0114647
-0.0119987
-0.0125889
-0.0132276
-0.0139081
-0.0146242
-0.0153704
-0.0161411
-0.0169313
-0.0177359
-0.01855
-0.019369
-0.0201886
-0.0210048
-0.021814
-0.022613
-0.0233992
-0.0241702
-0.0249243
-0.02566
-0.0263765
-0.027073
-0.0277494
-0.0284056
-0.0290417
-0.0296582
-0.0302554
-0.0308339
-0.0313942
-0.0319368
-0.0324624
-0.0329712
-0.0334637
-0.0339402
-0.0344009
-0.0348461
-0.0352757
-0.0356899
-0.0360886
-0.0364717
-0.0368391
-0.0371906
-0.0375261
-0.0378453
-0.038148
-0.0384339
-0.0387028
-0.0389543
-0.0391883
-0.0394043
-0.0396021
-0.0397814
-0.039942
-0.0400835
-0.0402057
-0.0403084
-0.0403912
-0.0404541
-0.0404967
-0.040519
-0.0405208
-0.0405019
-0.0404639
-0.040405
-0.0403252
-0.0402246
-0.040103
-0.0399607
-0.0397975
-0.0396138
-0.0394095
-0.0391849
-0.0389401
-0.0386753
-0.0383907
-0.0380867
-0.0377634
-0.0374211
-0.0370603
-0.0366812
-0.0362842
-0.0358698
-0.0354384
-0.0349905
-0.0345268
-0.0340478
-0.0335544
-0.0330474
-0.0325276
-0.0319962
-0.0314545
-0.0309037
-0.0303455
-0.0297816
-0.0292139
-0.0286447
-0.0280764
-0.0275116
-0.0269532
-0.0264042
-0.0258678
-0.0253476
-0.0248469
-0.0243695
-0.0239188
-0.0234983
-0.0231113
-0.0227604
-0.0224479
-0.0221747
-0.0219401
-0.021741
-0.0215536
-0.0213768
-0.0212011
-0.0210324
-0.0208876
-0.0207901
-0.0207597
-0.0208056
-0.00971428
-0.00966919
-0.0096277
-0.00961348
-0.00965366
-0.00976957
-0.00997223
-0.010263
-0.0106369
-0.0110854
-0.0115996
-0.0121708
-0.0127913
-0.0134542
-0.0141534
-0.0148835
-0.0156392
-0.0164154
-0.0172074
-0.0180103
-0.0188199
-0.0196318
-0.0204421
-0.0212473
-0.0220442
-0.0228301
-0.0236025
-0.0243595
-0.0250996
-0.0258217
-0.0265249
-0.0272088
-0.0278732
-0.0285182
-0.0291438
-0.0297504
-0.0303385
-0.0309084
-0.0314606
-0.0319956
-0.0325138
-0.0330154
-0.0335008
-0.0339703
-0.0344239
-0.0348617
-0.0352838
-0.0356901
-0.0360805
-0.036455
-0.0368133
-0.0371552
-0.0374806
-0.0377891
-0.0380806
-0.0383546
-0.038611
-0.0388494
-0.0390695
-0.0392711
-0.0394538
-0.0396174
-0.0397615
-0.0398859
-0.0399903
-0.0400746
-0.0401384
-0.0401816
-0.040204
-0.0402055
-0.0401859
-0.0401467
-0.0400863
-0.0400045
-0.0399014
-0.0397769
-0.0396311
-0.0394641
-0.0392759
-0.0390667
-0.0388366
-0.0385858
-0.0383145
-0.0380229
-0.0377112
-0.0373796
-0.0370286
-0.0366584
-0.0362693
-0.0358618
-0.0354362
-0.0349931
-0.0345329
-0.0340563
-0.033564
-0.0330566
-0.0325351
-0.0320005
-0.0314539
-0.0308965
-0.0303299
-0.0297555
-0.0291754
-0.0285915
-0.0280062
-0.0274219
-0.0268414
-0.0262678
-0.0257041
-0.0251539
-0.0246206
-0.0241079
-0.0236197
-0.0231594
-0.0227309
-0.0223374
-0.0219817
-0.0216661
-0.0213917
-0.0211578
-0.0209618
-0.0207852
-0.020622
-0.0204647
-0.0203178
-0.0201946
-0.0201133
-0.0200899
-0.0201374
-0.00945524
-0.00941249
-0.00937065
-0.00935147
-0.00938102
-0.00948101
-0.00966388
-0.00993268
-0.0102837
-0.0107097
-0.0112018
-0.0117516
-0.0123514
-0.0129944
-0.0136745
-0.0143862
-0.0151245
-0.0158845
-0.0166616
-0.0174513
-0.0182494
-0.0190517
-0.0198545
-0.0206542
-0.0214477
-0.022232
-0.0230049
-0.0237641
-0.024508
-0.0252353
-0.025945
-0.0266365
-0.0273093
-0.0279633
-0.0285986
-0.0292152
-0.0298134
-0.0303937
-0.0309562
-0.0315015
-0.0320297
-0.0325413
-0.0330365
-0.0335154
-0.0339783
-0.034425
-0.0348558
-0.0352704
-0.0356689
-0.0360511
-0.0364168
-0.0367658
-0.0370979
-0.0374128
-0.0377102
-0.0379899
-0.0382516
-0.0384948
-0.0387195
-0.0389252
-0.0391116
-0.0392784
-0.0394254
-0.0395523
-0.0396587
-0.0397446
-0.0398096
-0.0398535
-0.0398761
-0.0398774
-0.0398571
-0.0398169
-0.0397549
-0.0396712
-0.0395655
-0.0394381
-0.0392888
-0.0391178
-0.038925
-0.0387107
-0.038475
-0.038218
-0.0379399
-0.0376409
-0.0373212
-0.0369811
-0.0366209
-0.0362408
-0.0358413
-0.0354227
-0.0349854
-0.03453
-0.0340569
-0.0335668
-0.0330603
-0.0325383
-0.0320016
-0.0314513
-0.0308885
-0.0303146
-0.0297312
-0.0291398
-0.0285425
-0.0279414
-0.0273389
-0.0267376
-0.0261404
-0.0255505
-0.0249712
-0.0244061
-0.0238588
-0.0233332
-0.0228333
-0.0223628
-0.0219255
-0.0215249
-0.0211639
-0.0208449
-0.0205688
-0.020335
-0.0201395
-0.0199805
-0.0198297
-0.0196922
-0.0195703
-0.019473
-0.0194119
-0.0193985
-0.0194486
-0.00920465
-0.00916436
-0.00912262
-0.00909915
-0.00911871
-0.00920305
-0.0093658
-0.00961168
-0.00993845
-0.0103398
-0.0108076
-0.0113337
-0.0119104
-0.0125309
-0.0131893
-0.0138801
-0.0145986
-0.0153399
-0.0160998
-0.016874
-0.0176584
-0.0184492
-0.0192425
-0.0200349
-0.0208234
-0.0216049
-0.0223771
-0.0231376
-0.0238846
-0.0246167
-0.0253327
-0.0260316
-0.026713
-0.0273763
-0.0280216
-0.0286487
-0.0292578
-0.029849
-0.0304227
-0.030979
-0.0315183
-0.0320407
-0.0325465
-0.0330358
-0.0335087
-0.0339653
-0.0344055
-0.0348293
-0.0352365
-0.0356272
-0.0360009
-0.0363576
-0.0366971
-0.0370189
-0.0373229
-0.0376087
-0.0378761
-0.0381247
-0.0383543
-0.0385644
-0.0387549
-0.0389253
-0.0390755
-0.0392051
-0.0393138
-0.0394015
-0.0394678
-0.0395126
-0.0395357
-0.0395368
-0.039516
-0.0394748
-0.0394113
-0.0393256
-0.0392175
-0.039087
-0.0389341
-0.038759
-0.0385616
-0.038342
-0.0381005
-0.037837
-0.0375519
-0.0372452
-0.0369172
-0.0365682
-0.0361984
-0.0358081
-0.0353977
-0.0349675
-0.034518
-0.0340496
-0.033563
-0.0330586
-0.0325373
-0.0319999
-0.0314472
-0.0308804
-0.0303006
-0.0297094
-0.0291082
-0.0284988
-0.0278833
-0.027264
-0.0266433
-0.026024
-0.0254091
-0.0248019
-0.024206
-0.0236249
-0.0230627
-0.0225233
-0.0220108
-0.0215292
-0.0210824
-0.0206741
-0.0203074
-0.0199846
-0.019707
-0.0194739
-0.0192825
-0.0191324
-0.0189981
-0.0188838
-0.0187914
-0.0187254
-0.01869
-0.0186901
-0.0187442
-0.00896347
-0.00892581
-0.00888464
-0.00885761
-0.00886794
-0.00893711
-0.00907971
-0.00930196
-0.00960313
-0.00997803
-0.0104193
-0.0109192
-0.0114702
-0.0120657
-0.0126997
-0.013367
-0.0140629
-0.0147831
-0.0155232
-0.0162794
-0.0170478
-0.0178247
-0.0186065
-0.0193898
-0.0201715
-0.0209488
-0.021719
-0.0224797
-0.0232291
-0.0239654
-0.0246872
-0.0253934
-0.0260833
-0.0267563
-0.0274119
-0.02805
-0.0286706
-0.0292736
-0.0298591
-0.0304274
-0.0309785
-0.0315127
-0.03203
-0.0325306
-0.0330145
-0.0334818
-0.0339323
-0.0343661
-0.034783
-0.0351828
-0.0355654
-0.0359305
-0.0362779
-0.0366073
-0.0369184
-0.037211
-0.0374846
-0.0377391
-0.037974
-0.038189
-0.0383839
-0.0385583
-0.038712
-0.0388446
-0.0389559
-0.0390456
-0.0391135
-0.0391594
-0.039183
-0.0391843
-0.0391629
-0.0391207
-0.0390559
-0.0389681
-0.0388575
-0.038724
-0.0385675
-0.0383882
-0.038186
-0.037961
-0.0377135
-0.0374434
-0.0371509
-0.0368363
-0.0364998
-0.0361415
-0.0357617
-0.0353607
-0.0349389
-0.0344967
-0.0340344
-0.0335525
-0.0330517
-0.0325325
-0.0319956
-0.031442
-0.0308726
-0.0302885
-0.0296909
-0.0290813
-0.0284615
-0.0278332
-0.0271986
-0.02656
-0.0259201
-0.0252817
-0.0246481
-0.0240226
-0.023409
-0.0228111
-0.0222329
-0.0216787
-0.0211527
-0.0206592
-0.0202022
-0.0197855
-0.0194125
-0.0190857
-0.0188064
-0.0185744
-0.0183874
-0.0182446
-0.0181284
-0.0180404
-0.0179824
-0.0179544
-0.0179517
-0.0179702
-0.0180301
-0.00873262
-0.00869771
-0.00865753
-0.00862771
-0.00862969
-0.00868438
-0.00880704
-0.00900523
-0.00927971
-0.00962654
-0.0100392
-0.0105105
-0.0110332
-0.0116009
-0.0122077
-0.0128487
-0.0135193
-0.0142153
-0.014933
-0.0156686
-0.0164184
-0.017179
-0.0179469
-0.0187191
-0.0194922
-0.0202636
-0.0210303
-0.0217902
-0.022541
-0.0232807
-0.0240079
-0.0247213
-0.0254197
-0.0261024
-0.0267687
-0.0274183
-0.0280509
-0.0286664
-0.0292646
-0.0298457
-0.0304097
-0.0309565
-0.0314864
-0.0319992
-0.0324951
-0.032974
-0.0334358
-0.0338805
-0.0343079
-0.0347177
-0.0351099
-0.0354842
-0.0358403
-0.036178
-0.0364968
-0.0367967
-0.0370772
-0.0373379
-0.0375787
-0.0377991
-0.0379989
-0.0381776
-0.0383352
-0.0384711
-0.0385853
-0.0386773
-0.038747
-0.0387942
-0.0388186
-0.03882
-0.0387983
-0.0387551
-0.0386889
-0.0385992
-0.0384861
-0.0383495
-0.0381894
-0.0380058
-0.0377987
-0.0375682
-0.0373144
-0.0370375
-0.0367376
-0.0364148
-0.0360693
-0.0357013
-0.0353112
-0.0348992
-0.0344656
-0.0340107
-0.0335351
-0.0330392
-0.0325236
-0.0319889
-0.0314359
-0.0308654
-0.0302784
-0.0296762
-0.02906
-0.0284313
-0.0277919
-0.0271437
-0.026489
-0.0258302
-0.0251701
-0.0245117
-0.0238583
-0.0232135
-0.0225811
-0.0219652
-0.0213701
-0.0208001
-0.0202597
-0.0197534
-0.0192854
-0.0188597
-0.0184798
-0.0181484
-0.0178672
-0.0176362
-0.0174537
-0.0173181
-0.0172211
-0.0171626
-0.0171447
-0.0171626
-0.017201
-0.0172441
-0.0173121
-0.00851279
-0.00848067
-0.00844192
-0.00841006
-0.00840467
-0.00844577
-0.00854895
-0.00872295
-0.00896994
-0.00928724
-0.00966938
-0.0101097
-0.0106015
-0.0111385
-0.0117152
-0.0123268
-0.0129691
-0.0136381
-0.0143304
-0.0150424
-0.015771
-0.0165127
-0.0172644
-0.0180231
-0.0187857
-0.0195492
-0.0203111
-0.0210687
-0.0218198
-0.0225623
-0.0232944
-0.0240145
-0.0247213
-0.0254138
-0.0260911
-0.0267527
-0.0273979
-0.0280265
-0.0286383
-0.0292331
-0.0298108
-0.0303714
-0.0309147
-0.0314409
-0.0319498
-0.0324414
-0.0329155
-0.033372
-0.0338107
-0.0342315
-0.0346342
-0.0350185
-0.035384
-0.0357307
-0.036058
-0.0363658
-0.0366537
-0.0369214
-0.0371685
-0.0373948
-0.0375999
-0.0377834
-0.0379452
-0.0380849
-0.0382021
-0.0382968
-0.0383686
-0.0384172
-0.0384426
-0.0384445
-0.0384229
-0.0383779
-0.0383107
-0.0382193
-0.0381037
-0.0379641
-0.0378002
-0.0376122
-0.0374001
-0.037164
-0.0369039
-0.03662
-0.0363123
-0.035981
-0.0356263
-0.0352484
-0.0348476
-0.0344241
-0.0339782
-0.0335104
-0.033021
-0.0325105
-0.0319795
-0.0314286
-0.0308587
-0.0302707
-0.0296655
-0.0290444
-0.0284087
-0.02776
-0.0271002
-0.0264313
-0.0257556
-0.0250756
-0.0243943
-0.0237149
-0.0230406
-0.0223755
-0.0217233
-0.0210884
-0.0204753
-0.0198885
-0.0193327
-0.0188126
-0.0183327
-0.0178971
-0.0175097
-0.0171732
-0.0168896
-0.0166592
-0.0164811
-0.0163532
-0.0162764
-0.0162507
-0.0162792
-0.0163521
-0.0164417
-0.0165171
-0.0165963
-0.00830445
-0.0082751
-0.00823821
-0.00820509
-0.00819336
-0.0082219
-0.00830633
-0.00845631
-0.0086753
-0.00896191
-0.0093117
-0.00971879
-0.010177
-0.0106805
-0.0112241
-0.0118032
-0.012414
-0.0130529
-0.0137166
-0.0144021
-0.0151064
-0.0158265
-0.0165594
-0.0173022
-0.018052
-0.0188059
-0.0195611
-0.0203151
-0.0210654
-0.0218097
-0.0225459
-0.0232724
-0.0239874
-0.0246898
-0.0253784
-0.0260523
-0.0267107
-0.0273532
-0.0279793
-0.0285887
-0.0291811
-0.0297564
-0.0303144
-0.0308549
-0.0313779
-0.0318832
-0.0323706
-0.03284
-0.0332911
-0.0337239
-0.0341379
-0.034533
-0.0349089
-0.0352653
-0.0356018
-0.0359183
-0.0362143
-0.0364895
-0.0367435
-0.0369762
-0.0371871
-0.0373759
-0.0375423
-0.037686
-0.0378068
-0.0379044
-0.0379785
-0.0380289
-0.0380554
-0.0380579
-0.0380363
-0.0379903
-0.0379219
-0.0378287
-0.0377108
-0.037568
-0.0374004
-0.0372081
-0.0369909
-0.036749
-0.0364824
-0.0361912
-0.0358756
-0.0355356
-0.0351714
-0.0347833
-0.0343714
-0.0339361
-0.0334775
-0.0329962
-0.0324925
-0.0319669
-0.03142
-0.0308525
-0.0302651
-0.0296588
-0.0290347
-0.028394
-0.0277381
-0.0270687
-0.0263876
-0.0256971
-0.0249994
-0.0242974
-0.023594
-0.0228924
-0.0221964
-0.0215098
-0.0208368
-0.0201819
-0.0195497
-0.018945
-0.0183728
-0.0178379
-0.0173451
-0.0168988
-0.0165029
-0.0161606
-0.0158739
-0.0156437
-0.0154694
-0.0153501
-0.0152936
-0.0153044
-0.0153862
-0.0155242
-0.0156769
-0.0157942
-0.0158881
-0.008108
-0.00808118
-0.0080467
-0.00801302
-0.00799596
-0.00801309
-0.00807974
-0.00820619
-0.00839702
-0.00865206
-0.00896795
-0.0093397
-0.00976177
-0.0102289
-0.0107362
-0.0112796
-0.0118555
-0.0124609
-0.0130928
-0.0137485
-0.0144255
-0.015121
-0.0158323
-0.0165567
-0.0172914
-0.0180336
-0.0187804
-0.0195292
-0.0202774
-0.0210225
-0.0217622
-0.0224945
-0.0232176
-0.0239298
-0.0246298
-0.0253164
-0.0259886
-0.0266457
-0.0272869
-0.0279118
-0.0285199
-0.029111
-0.0296846
-0.0302406
-0.0307788
-0.0312989
-0.0318007
-0.0322841
-0.0327487
-0.0331943
-0.0336207
-0.0340276
-0.0344147
-0.0347817
-0.0351282
-0.0354541
-0.0357588
-0.0360422
-0.0363038
-0.0365434
-0.0367606
-0.0369551
-0.0371267
-0.0372749
-0.0373996
-0.0375004
-0.0375771
-0.0376296
-0.0376575
-0.0376607
-0.0376391
-0.0375925
-0.037523
-0.0374281
-0.0373077
-0.0371619
-0.0369906
-0.0367937
-0.0365714
-0.0363236
-0.0360504
-0.0357519
-0.0354281
-0.0350792
-0.0347053
-0.0343066
-0.0338834
-0.0334358
-0.0329642
-0.032469
-0.0319506
-0.0314094
-0.030846
-0.0302613
-0.0296558
-0.0290307
-0.028387
-0.027726
-0.0270492
-0.0263583
-0.0256553
-0.0249423
-0.0242219
-0.0234969
-0.0227704
-0.0220458
-0.021327
-0.0206179
-0.019923
-0.019247
-0.0185946
-0.017971
-0.0173813
-0.0168305
-0.0163237
-0.0158656
-0.0154603
-0.0151112
-0.0148207
-0.0145899
-0.0144188
-0.0143081
-0.0142727
-0.0143231
-0.0144649
-0.0146793
-0.0149086
-0.015079
-0.0151923
-0.007924
-0.00790051
-0.00786761
-0.00783375
-0.00781237
-0.0078194
-0.00786949
-0.00797321
-0.00813605
-0.00835896
-0.00863968
-0.00897415
-0.00935762
-0.0097854
-0.0102533
-0.0107576
-0.0112952
-0.0118635
-0.0124601
-0.0130826
-0.013729
-0.0143968
-0.0150837
-0.015787
-0.0165042
-0.0172324
-0.0179689
-0.0187109
-0.0194556
-0.0202004
-0.0209428
-0.0216804
-0.0224112
-0.0231332
-0.0238448
-0.0245444
-0.0252309
-0.0259032
-0.0265603
-0.0272016
-0.0278265
-0.0284343
-0.0290247
-0.0295974
-0.0301519
-0.030688
-0.0312054
-0.0317038
-0.032183
-0.0326426
-0.0330823
-0.033502
-0.0339012
-0.0342797
-0.0346371
-0.0349731
-0.0352874
-0.0355796
-0.0358495
-0.0360966
-0.0363207
-0.0365215
-0.0366986
-0.0368517
-0.0369807
-0.0370851
-0.0371648
-0.0372195
-0.0372491
-0.0372532
-0.0372319
-0.0371848
-0.0371143
-0.0370177
-0.036895
-0.0367462
-0.0365711
-0.0363698
-0.0361422
-0.0358885
-0.0356085
-0.0353025
-0.0349704
-0.0346123
-0.0342285
-0.033819
-0.0333841
-0.032924
-0.0324391
-0.0319296
-0.031396
-0.0308388
-0.0302586
-0.0296561
-0.0290321
-0.0283876
-0.0277238
-0.0270419
-0.0263435
-0.0256304
-0.0249046
-0.0241685
-0.0234245
-0.0226757
-0.0219252
-0.0211767
-0.0204341
-0.0197016
-0.0189838
-0.0182855
-0.0176119
-0.0169682
-0.0163597
-0.0157919
-0.01527
-0.0147989
-0.0143831
-0.0140261
-0.0137307
-0.0134983
-0.0133295
-0.0132265
-0.0132125
-0.0133051
-0.0135138
-0.0138162
-0.014137
-0.0143737
-0.0145117
-0.00775147
-0.00773074
-0.00770011
-0.00766681
-0.00764227
-0.00764062
-0.00767557
-0.00775767
-0.00789305
-0.00808363
-0.0083282
-0.00862369
-0.00896621
-0.00935182
-0.00977698
-0.0102387
-0.0107343
-0.0112619
-0.0118195
-0.0124054
-0.0130177
-0.0136546
-0.014314
-0.0149934
-0.0156905
-0.0164026
-0.0171268
-0.0178602
-0.0186
-0.0193434
-0.0200876
-0.0208299
-0.021568
-0.0222997
-0.0230229
-0.0237359
-0.0244372
-0.0251253
-0.0257991
-0.0264577
-0.0271003
-0.027726
-0.0283343
-0.0289247
-0.0294967
-0.03005
-0.0305842
-0.0310988
-0.0315936
-0.0320683
-0.0325225
-0.032956
-0.0333683
-0.0337592
-0.0341283
-0.0344754
-0.0348
-0.0351018
-0.0353805
-0.0356359
-0.0358675
-0.036075
-0.0362582
-0.0364168
-0.0365504
-0.0366588
-0.0367418
-0.0367991
-0.0368306
-0.0368359
-0.036815
-0.0367676
-0.0366962
-0.0365981
-0.0364732
-0.0363213
-0.0361425
-0.0359367
-0.0357039
-0.0354441
-0.0351574
-0.0348437
-0.0345031
-0.0341358
-0.0337418
-0.0333213
-0.0328745
-0.0324016
-0.031903
-0.0313789
-0.0308298
-0.0302562
-0.0296588
-0.0290381
-0.0283951
-0.0277307
-0.0270462
-0.0263429
-0.0256224
-0.0248865
-0.0241374
-0.0233773
-0.0226091
-0.0218357
-0.0210605
-0.0202872
-0.0195198
-0.0187629
-0.0180211
-0.0172996
-0.0166036
-0.0159385
-0.0153102
-0.0147241
-0.0141858
-0.0137004
-0.0132727
-0.0129065
-0.0126048
-0.0123694
-0.0122016
-0.012105
-0.0121121
-0.0122485
-0.0125299
-0.0129317
-0.01336
-0.0136775
-0.0138466
-0.00759018
-0.00757197
-0.00754386
-0.00751184
-0.00748526
-0.00747639
-0.00749776
-0.0075596
-0.00766839
-0.0078268
-0.00803458
-0.00828963
-0.008589
-0.00892965
-0.00930884
-0.00972431
-0.0101743
-0.0106573
-0.0111721
-0.0117175
-0.0122923
-0.0128949
-0.0135235
-0.0141763
-0.0148507
-0.0155442
-0.016254
-0.0169772
-0.0177106
-0.0184514
-0.0191964
-0.0199428
-0.0206879
-0.021429
-0.022164
-0.0228906
-0.0236071
-0.0243117
-0.025003
-0.0256797
-0.0263409
-0.0269856
-0.0276129
-0.0282222
-0.028813
-0.0293846
-0.0299367
-0.0304688
-0.0309804
-0.0314713
-0.0319411
-0.0323894
-0.0328159
-0.0332201
-0.0336019
-0.0339608
-0.0342966
-0.0346088
-0.0348972
-0.0351614
-0.0354011
-0.035616
-0.0358058
-0.0359703
-0.036109
-0.0362219
-0.0363086
-0.0363688
-0.0364024
-0.0364092
-0.036389
-0.0363415
-0.0362693
-0.0361697
-0.0360426
-0.0358879
-0.0357054
-0.0354951
-0.0352571
-0.0349912
-0.0346976
-0.0343761
-0.034027
-0.0336502
-0.0332459
-0.0328142
-0.0323554
-0.0318695
-0.0313569
-0.030818
-0.0302531
-0.0296629
-0.0290478
-0.0284086
-0.0277462
-0.0270616
-0.026356
-0.0256308
-0.0248877
-0.0241285
-0.0233554
-0.0225709
-0.0217777
-0.0209791
-0.0201783
-0.0193794
-0.0185865
-0.0178042
-0.0170375
-0.0162916
-0.015572
-0.0148845
-0.014235
-0.0136293
-0.0130731
-0.012572
-0.0121309
-0.011754
-0.0114444
-0.0112043
-0.0110356
-0.0109433
-0.01097
-0.0111503
-0.0115086
-0.0120203
-0.0125718
-0.0129863
-0.0131935
-0.00744022
-0.00742433
-0.00739801
-0.00736851
-0.00734088
-0.00732614
-0.00733558
-0.00737875
-0.00746214
-0.00758892
-0.0077596
-0.00797303
-0.00822725
-0.00852022
-0.00885018
-0.00921579
-0.00961614
-0.0100506
-0.0105186
-0.0110198
-0.0115532
-0.0121181
-0.0127128
-0.0133358
-0.0139849
-0.0146575
-0.0153509
-0.016062
-0.0167876
-0.0175245
-0.0182694
-0.0190192
-0.0197708
-0.0205213
-0.021268
-0.0220085
-0.0227406
-0.0234622
-0.0241717
-0.0248675
-0.0255483
-0.0262129
-0.0268603
-0.0274897
-0.0281004
-0.0286916
-0.0292628
-0.0298135
-0.0303433
-0.0308515
-0.031338
-0.0318022
-0.0322439
-0.0326626
-0.0330579
-0.0334297
-0.0337774
-0.0341008
-0.0343996
-0.0346733
-0.0349218
-0.0351447
-0.0353417
-0.0355126
-0.035657
-0.0357747
-0.0358654
-0.035929
-0.0359651
-0.0359737
-0.0359544
-0.035907
-0.035834
-0.0357331
-0.035604
-0.0354464
-0.0352603
-0.0350456
-0.0348023
-0.0345304
-0.0342298
-0.0339006
-0.0335429
-0.0331566
-0.0327419
-0.0322988
-0.0318277
-0.0313287
-0.030802
-0.030248
-0.0296672
-0.02906
-0.0284271
-0.0277691
-0.027087
-0.0263819
-0.0256549
-0.0249075
-0.0241413
-0.0233584
-0.022561
-0.0217515
-0.0209329
-0.0201083
-0.0192814
-0.0184562
-0.0176369
-0.0168284
-0.0160357
-0.0152644
-0.0145201
-0.0138089
-0.0131369
-0.0125101
-0.0119346
-0.0114162
-0.01096
-0.0105704
-0.010251
-0.0100041
-0.00983211
-0.00974137
-0.0097848
-0.0100071
-0.010444
-0.0110736
-0.0117632
-0.012291
-0.0125439
-0.00730148
-0.00728814
-0.00726577
-0.0072369
-0.00720845
-0.00718905
-0.00718827
-0.00721459
-0.0072741
-0.00737013
-0.00750377
-0.00767467
-0.00788193
-0.00812461
-0.00840208
-0.00871412
-0.00906086
-0.00944265
-0.00985985
-0.0103127
-0.0108011
-0.0113246
-0.0118822
-0.0124725
-0.0130935
-0.0137428
-0.0144176
-0.0151149
-0.0158312
-0.0165631
-0.017307
-0.0180595
-0.0188172
-0.0195768
-0.0203353
-0.0210899
-0.021838
-0.0225772
-0.0233056
-0.0240212
-0.0247225
-0.0254081
-0.0260767
-0.0267274
-0.0273591
-0.0279711
-0.0285627
-0.0291332
-0.0296822
-0.030209
-0.0307133
-0.0311946
-0.0316524
-0.0320866
-0.0324965
-0.032882
-0.0332426
-0.033578
-0.0338879
-0.034172
-0.0344299
-0.0346615
-0.0348663
-0.0350441
-0.0351946
-0.0353176
-0.0354128
-0.0354801
-0.0355191
-0.0355297
-0.0355117
-0.0354651
-0.0353903
-0.0352887
-0.0351578
-0.0349975
-0.0348079
-0.0345889
-0.0343404
-0.0340625
-0.033755
-0.033418
-0.0330516
-0.0326557
-0.0322306
-0.0317761
-0.0312927
-0.0307804
-0.0302395
-0.0296704
-0.0290734
-0.0284492
-0.0277982
-0.0271214
-0.0264194
-0.0256935
-0.0249449
-0.024175
-0.0233857
-0.0225788
-0.0217566
-0.0209218
-0.0200773
-0.0192263
-0.0183727
-0.0175205
-0.0166741
-0.0158386
-0.0150191
-0.0142213
-0.0134512
-0.012715
-0.0120191
-0.0113698
-0.0107734
-0.0102359
-0.00976266
-0.00935843
-0.00902682
-0.00877055
-0.00859242
-0.00849963
-0.00855517
-0.00881489
-0.00932849
-0.0100804
-0.0109199
-0.0115765
-0.0118831
-0.00717285
-0.00716174
-0.00714196
-0.00711496
-0.00708664
-0.00706402
-0.00705488
-0.00706639
-0.00710384
-0.00717035
-0.00726729
-0.00739505
-0.00755372
-0.00774359
-0.00796533
-0.00822005
-0.00850911
-0.00883402
-0.00919617
-0.00959663
-0.0100361
-0.0105146
-0.0110318
-0.0115864
-0.0121767
-0.0128004
-0.0134547
-0.0141364
-0.014842
-0.0155677
-0.0163097
-0.0170643
-0.0178277
-0.0185962
-0.0193665
-0.0201353
-0.0208998
-0.0216571
-0.022405
-0.0231413
-0.023864
-0.0245716
-0.0252625
-0.0259354
-0.0265894
-0.0272233
-0.0278365
-0.028428
-0.0289974
-0.029544
-0.0300672
-0.0305666
-0.0310419
-0.0314924
-0.031918
-0.0323181
-0.0326925
-0.0330407
-0.0333626
-0.0336578
-0.0339259
-0.0341667
-0.0343799
-0.0345652
-0.0347224
-0.0348511
-0.0349513
-0.0350226
-0.0350649
-0.0350779
-0.0350615
-0.0350155
-0.0349399
-0.0348374
-0.0347048
-0.034542
-0.034349
-0.0341258
-0.0338722
-0.0335883
-0.033274
-0.0329293
-0.0325542
-0.0321488
-0.0317132
-0.0312474
-0.0307516
-0.030226
-0.0296709
-0.0290866
-0.0284735
-0.0278321
-0.0271631
-0.0264673
-0.0257454
-0.0249987
-0.0242284
-0.023436
-0.0226232
-0.0217922
-0.0209451
-0.0200847
-0.019214
-0.0183364
-0.0174556
-0.0165758
-0.0157018
-0.0148385
-0.0139913
-0.0131661
-0.0123691
-0.0116067
-0.0108854
-0.010212
-0.00959292
-0.0090344
-0.00854211
-0.00812089
-0.00777458
-0.00750604
-0.00731824
-0.00721899
-0.00728014
-0.00756952
-0.00815333
-0.00902613
-0.0100227
-0.0108211
-0.0111889
-0.00705376
-0.00704459
-0.0070267
-0.0070016
-0.00697452
-0.00695007
-0.00693446
-0.0069333
-0.00695073
-0.00698922
-0.00705011
-0.00713432
-0.00724294
-0.00737756
-0.00754035
-0.00773395
-0.00796121
-0.00822498
-0.00852781
-0.00887181
-0.00925847
-0.00968852
-0.010162
-0.010678
-0.011235
-0.0118309
-0.0124627
-0.0131271
-0.0138206
-0.014539
-0.0152783
-0.0160344
-0.0168031
-0.0175804
-0.0183625
-0.0191458
-0.019927
-0.020703
-0.0214711
-0.0222287
-0.0229737
-0.0237042
-0.0244183
-0.0251147
-0.025792
-0.026449
-0.0270848
-0.0276986
-0.0282895
-0.028857
-0.0294003
-0.029919
-0.0304126
-0.0308807
-0.0313227
-0.0317385
-0.0321275
-0.0324895
-0.0328242
-0.0331311
-0.0334101
-0.0336609
-0.0338831
-0.0340765
-0.0342409
-0.034376
-0.0344815
-0.0345573
-0.0346032
-0.0346189
-0.0346043
-0.0345592
-0.0344834
-0.0343801
-0.0342459
-0.0340808
-0.0338845
-0.0336572
-0.0333986
-0.0331089
-0.0327878
-0.0324355
-0.0320519
-0.031637
-0.031191
-0.0307139
-0.0302058
-0.029667
-0.0290978
-0.0284983
-0.0278692
-0.0272108
-0.0265238
-0.0258091
-0.0250674
-0.0242999
-0.023508
-0.0226931
-0.0218569
-0.0210017
-0.0201297
-0.0192437
-0.0183466
-0.017442
-0.0165338
-0.0156262
-0.014724
-0.0138322
-0.0129566
-0.0121032
-0.0112781
-0.0104882
-0.00974021
-0.00904103
-0.00839742
-0.00781583
-0.00730215
-0.0068614
-0.00649751
-0.00621338
-0.00601198
-0.00590111
-0.00595935
-0.00626707
-0.00690886
-0.00789395
-0.00904737
-0.00999594
-0.0104314
-0.00694407
-0.00693656
-0.00692045
-0.00689695
-0.00687164
-0.00684637
-0.00682599
-0.00681437
-0.00681398
-0.00682617
-0.00685186
-0.00689228
-0.00694948
-0.00702646
-0.00712709
-0.00725577
-0.00741708
-0.0076154
-0.00785468
-0.00813813
-0.00846816
-0.00884621
-0.00927278
-0.0097474
-0.0102687
-0.0108346
-0.0114421
-0.0120879
-0.012768
-0.0134782
-0.0142141
-0.0149711
-0.0157448
-0.0165308
-0.0173247
-0.0181227
-0.018921
-0.0197161
-0.020505
-0.0212847
-0.0220528
-0.0228071
-0.0235454
-0.0242662
-0.0249679
-0.0256491
-0.0263088
-0.0269458
-0.0275594
-0.0281489
-0.0287134
-0.0292524
-0.0297654
-0.030252
-0.0307116
-0.0311439
-0.0315485
-0.0319251
-0.0322733
-0.0325928
-0.0328834
-0.0331448
-0.0333766
-0.0335788
-0.0337509
-0.0338927
-0.0340042
-0.0340849
-0.0341348
-0.0341536
-0.0341412
-0.0340972
-0.0340216
-0.0339177
-0.0337821
-0.0336147
-0.0334155
-0.0331842
-0.0329209
-0.0326254
-0.0322978
-0.0319379
-0.0315459
-0.0311218
-0.0306655
-0.0301772
-0.0296571
-0.0291052
-0.028522
-0.0279076
-0.0272626
-0.0265874
-0.0258827
-0.0251492
-0.0243879
-0.0235999
-0.0227865
-0.0219493
-0.02109
-0.0202108
-0.019314
-0.0184024
-0.017479
-0.0165475
-0.0156117
-0.014676
-0.0137452
-0.0128246
-0.0119199
-0.0110372
-0.0101832
-0.00936453
-0.00858833
-0.00786168
-0.00719159
-0.00658472
-0.00604716
-0.00558406
-0.00519944
-0.0048961
-0.00467671
-0.00454854
-0.00459328
-0.00490431
-0.00558532
-0.00666491
-0.007965
-0.00906493
-0.0095726
-0.00684359
-0.00683737
-0.0068231
-0.00680268
-0.00677756
-0.00675194
-0.00672847
-0.00670865
-0.00669276
-0.00668047
-0.00667188
-0.00666831
-0.00667273
-0.00668969
-0.00672494
-0.0067849
-0.00687611
-0.00700475
-0.00717629
-0.00739522
-0.00766494
-0.00798766
-0.00836439
-0.00879502
-0.0092784
-0.00981239
-0.0103941
-0.0110199
-0.0116856
-0.0123868
-0.0131186
-0.0138762
-0.0146546
-0.0154491
-0.016255
-0.0170679
-0.0178837
-0.0186984
-0.0195086
-0.0203111
-0.0211031
-0.021882
-0.0226455
-0.0233916
-0.0241186
-0.0248251
-0.0255096
-0.026171
-0.0268084
-0.0274208
-0.0280076
-0.028568
-0.0291014
-0.0296075
-0.0300855
-0.0305353
-0.0309563
-0.0313483
-0.0317109
-0.0320438
-0.0323467
-0.0326193
-0.0328614
-0.0330728
-0.0332532
-0.0334025
-0.0335202
-0.0336064
-0.0336607
-0.033683
-0.0336731
-0.0336307
-0.0335556
-0.033451
-0.0333143
-0.033145
-0.032943
-0.032708
-0.0324401
-0.0321392
-0.0318052
-0.0314381
-0.0310379
-0.0306047
-0.0301384
-0.0296392
-0.0291072
-0.0285426
-0.0279456
-0.0273166
-0.026656
-0.0259643
-0.0252422
-0.0244904
-0.0237098
-0.0229017
-0.0220673
-0.0212081
-0.020326
-0.0194232
-0.0185019
-0.017565
-0.0166156
-0.0156572
-0.0146939
-0.01373
-0.0127705
-0.0118207
-0.0108864
-0.00997385
-0.00908979
-0.00824119
-0.0074353
-0.00667941
-0.00598077
-0.00534624
-0.00478208
-0.00429358
-0.00388475
-0.00355823
-0.00331619
-0.00316463
-0.00318351
-0.00347924
-0.00417376
-0.00531944
-0.00674366
-0.00798616
-0.0085673
-0.00675191
-0.00674638
-0.00673319
-0.00671389
-0.00669043
-0.00666573
-0.00664106
-0.00661535
-0.00658623
-0.00655121
-0.00650917
-0.00646131
-0.0064115
-0.00636597
-0.00633259
-0.00632005
-0.00633711
-0.00639196
-0.00649176
-0.00664241
-0.00684838
-0.00711268
-0.00743687
-0.0078212
-0.00826465
-0.00876513
-0.00931963
-0.00992434
-0.0105749
-0.0112664
-0.0119937
-0.0127516
-0.0135347
-0.0143378
-0.0151558
-0.0159839
-0.0168174
-0.0176522
-0.0184844
-0.0193103
-0.0201269
-0.0209311
-0.0217206
-0.0224929
-0.0232463
-0.0239789
-0.0246892
-0.025376
-0.0260381
-0.0266745
-0.0272845
-0.0278672
-0.028422
-0.0289484
-0.0294459
-0.029914
-0.0303523
-0.0307604
-0.0311381
-0.0314851
-0.031801
-0.0320856
-0.0323386
-0.0325599
-0.0327491
-0.0329062
-0.0330308
-0.0331228
-0.033182
-0.0332083
-0.0332013
-0.033161
-0.0330871
-0.032981
-0.0328439
-0.032673
-0.0324685
-0.0322301
-0.0319579
-0.0316518
-0.0313117
-0.0309377
-0.0305296
-0.0300876
-0.0296116
-0.0291018
-0.0285583
-0.0279813
-0.027371
-0.0267278
-0.0260521
-0.0253443
-0.0246053
-0.0238356
-0.0230364
-0.0222086
-0.0213537
-0.0204732
-0.0195689
-0.0186429
-0.0176977
-0.016736
-0.015761
-0.0147762
-0.0137857
-0.0127938
-0.0118055
-0.0108263
-0.00986199
-0.00891897
-0.00800404
-0.00712434
-0.00628726
-0.00550031
-0.00477091
-0.00410614
-0.00351242
-0.00299514
-0.00255829
-0.00220428
-0.00193457
-0.00175345
-0.00173278
-0.00199161
-0.00266702
-0.00383887
-0.00535016
-0.00671377
-0.00736522
-0.00666865
-0.00666313
-0.00665051
-0.00663193
-0.00660942
-0.00658762
-0.00656353
-0.00653398
-0.00649361
-0.0064373
-0.00636229
-0.00626952
-0.00616379
-0.00605317
-0.00594789
-0.00585916
-0.0057982
-0.00577538
-0.00579974
-0.00587869
-0.00601783
-0.006221
-0.00649034
-0.0068264
-0.00722832
-0.007694
-0.00822028
-0.00880315
-0.00943791
-0.0101194
-0.010842
-0.0116001
-0.0123879
-0.0131997
-0.0140301
-0.0148736
-0.0157253
-0.0165807
-0.0174353
-0.0182852
-0.0191269
-0.0199573
-0.0207734
-0.0215728
-0.0223533
-0.0231129
-0.0238499
-0.0245629
-0.0252507
-0.025912
-0.0265461
-0.027152
-0.0277291
-0.0282767
-0.0287944
-0.0292816
-0.0297379
-0.030163
-0.0305566
-0.0309183
-0.0312478
-0.031545
-0.0318095
-0.0320413
-0.0322399
-0.0324053
-0.0325373
-0.0326356
-0.0327002
-0.0327307
-0.0327271
-0.0326892
-0.0326168
-0.03251
-0.0323725
-0.0322003
-0.0319936
-0.0317521
-0.031476
-0.031165
-0.0308192
-0.0304385
-0.0300229
-0.0295725
-0.0290873
-0.0285673
-0.0280128
-0.0274238
-0.0268007
-0.0261438
-0.0254536
-0.0247304
-0.0239751
-0.0231883
-0.022371
-0.0215244
-0.0206498
-0.0197487
-0.0188229
-0.0178746
-0.0169062
-0.0159205
-0.0149205
-0.0139098
-0.0128926
-0.0118731
-0.0108563
-0.00984769
-0.0088532
-0.00787924
-0.00693267
-0.00602074
-0.00515099
-0.00433107
-0.00356857
-0.00287076
-0.00224421
-0.00169439
-0.00122526
-0.000838919
-0.00053609
-0.000319182
-0.000245017
-0.000443316
-0.00106071
-0.00220712
-0.00375248
-0.00520076
-0.00591363
-0.00659311
-0.0065869
-0.00657476
-0.00655768
-0.00653817
-0.00651868
-0.00649612
-0.00646423
-0.00641405
-0.00633726
-0.00622919
-0.00609038
-0.00592668
-0.00574819
-0.00556772
-0.00539928
-0.00525671
-0.00515276
-0.00509846
-0.00510277
-0.0051725
-0.00531235
-0.00552499
-0.0058113
-0.00617052
-0.0066005
-0.00709792
-0.00765851
-0.00827723
-0.00894852
-0.00966644
-0.0104248
-0.0112175
-0.0120383
-0.0128813
-0.0137406
-0.014611
-0.0154873
-0.0163649
-0.0172393
-0.0181069
-0.018964
-0.0198075
-0.0206346
-0.0214429
-0.0222302
-0.0229947
-0.0237347
-0.0244488
-0.0251359
-0.0257948
-0.0264248
-0.0270249
-0.0275945
-0.0281331
-0.0286402
-0.0291153
-0.029558
-0.0299681
-0.0303452
-0.030689
-0.0309993
-0.0312759
-0.0315186
-0.0317272
-0.0319015
-0.0320413
-0.0321464
-0.0322167
-0.0322521
-0.0322522
-0.0322171
-0.0321464
-0.03204
-0.031902
-0.0317288
-0.0315202
-0.031276
-0.0309962
-0.0306808
-0.0303296
-0.0299428
-0.0295201
-0.0290618
-0.0285678
-0.0280382
-0.0274732
-0.0268729
-0.0262377
-0.0255678
-0.0248637
-0.0241259
-0.023355
-0.022552
-0.0217176
-0.020853
-0.0199596
-0.0190389
-0.0180926
-0.017123
-0.0161324
-0.0151235
-0.0140995
-0.0130639
-0.0120206
-0.0109741
-0.00992934
-0.00889165
-0.007867
-0.00686181
-0.00588297
-0.00493779
-0.00403388
-0.003179
-0.00238089
-0.00164696
-0.000983923
-0.00039733
0.000108951
0.000533187
0.000875535
0.00113522
0.00127436
0.00116147
0.000646239
-0.000412161
-0.00192234
-0.0034023
-0.00416066
-0.00652378
-0.0065162
-0.00650472
-0.00649009
-0.00647472
-0.00645863
-0.00643876
-0.00640565
-0.00634636
-0.00624902
-0.00610689
-0.0059202
-0.00569601
-0.00544668
-0.00518785
-0.00493648
-0.00470922
-0.00452126
-0.00438569
-0.0043131
-0.00431152
-0.00438648
-0.0045412
-0.00477684
-0.0050927
-0.00548658
-0.00595493
-0.00649318
-0.00709594
-0.00775724
-0.00847069
-0.00922968
-0.0100276
-0.0108577
-0.0117137
-0.0125893
-0.0134787
-0.0143765
-0.0152774
-0.016177
-0.0170708
-0.0179551
-0.0188265
-0.019682
-0.0205187
-0.0213344
-0.0221269
-0.0228946
-0.0236358
-0.0243493
-0.0250338
-0.0256883
-0.0263121
-0.0269044
-0.0274646
-0.0279922
-0.0284867
-0.0289477
-0.0293748
-0.0297679
-0.0301266
-0.0304506
-0.0307398
-0.030994
-0.031213
-0.0313966
-0.0315447
-0.0316571
-0.0317336
-0.0317742
-0.0317785
-0.0317466
-0.0316781
-0.0315727
-0.0314343
-0.0312604
-0.0310503
-0.0308038
-0.0305209
-0.0302015
-0.0298455
-0.0294529
-0.0290237
-0.028558
-0.0280558
-0.0275172
-0.0269424
-0.0263315
-0.0256849
-0.0250028
-0.0242857
-0.0235342
-0.0227488
-0.0219305
-0.02108
-0.0201986
-0.0192875
-0.0183484
-0.0173829
-0.0163932
-0.0153816
-0.0143509
-0.013304
-0.0122445
-0.0111763
-0.0101038
-0.00903168
-0.00796543
-0.00691087
-0.00587437
-0.0048628
-0.00388343
-0.00294389
-0.002052
-0.00121557
-0.000442122
0.000261521
0.000889746
0.00143881
0.00190751
0.00229753
0.00261182
0.00281597
0.00281687
0.00245209
0.00155341
0.000162958
-0.00127859
-0.00205846
-0.00645817
-0.00644862
-0.00643839
-0.00642761
-0.00641763
-0.00640723
-0.00639134
-0.00635749
-0.00628867
-0.00616945
-0.00599112
-0.00575383
-0.00546614
-0.00514294
-0.00480285
-0.00446587
-0.00415152
-0.00387749
-0.00365893
-0.00350804
-0.00343406
-0.00344335
-0.00353965
-0.00372434
-0.00399681
-0.0043547
-0.00479425
-0.00531053
-0.00589778
-0.00654957
-0.00725906
-0.00801917
-0.00882276
-0.00966274
-0.0105322
-0.0114246
-0.0123335
-0.0132531
-0.0141779
-0.0151029
-0.0160235
-0.0169356
-0.0178353
-0.0187195
-0.0195851
-0.0204296
-0.0212508
-0.0220466
-0.0228155
-0.0235558
-0.0242664
-0.0249461
-0.0255941
-0.0262097
-0.026792
-0.0273406
-0.027855
-0.0283347
-0.0287795
-0.029189
-0.029563
-0.0299012
-0.0302035
-0.0304697
-0.0306995
-0.0308929
-0.0310497
-0.0311698
-0.031253
-0.0312992
-0.0313082
-0.03128
-0.0312143
-0.0311112
-0.0309709
-0.0307974
-0.0305864
-0.0303381
-0.0300525
-0.0297295
-0.0293692
-0.0289715
-0.0285364
-0.0280639
-0.0275543
-0.0270074
-0.0264235
-0.0258029
-0.0251457
-0.0244524
-0.0237234
-0.0229591
-0.0221604
-0.0213279
-0.0204626
-0.0195657
-0.0186383
-0.0176821
-0.0166989
-0.0156905
-0.0146595
-0.0136083
-0.0125401
-0.0114582
-0.0103664
-0.00926895
-0.00817062
-0.00707662
-0.00599269
-0.00492506
-0.00388048
-0.00286611
-0.00188952
-0.000958479
-8.08003e-05
0.000735955
0.0014849
0.00216037
0.00275873
0.00327935
0.00372571
0.00410651
0.00437848
0.00452021
0.00435453
0.00369316
0.00251998
0.00120349
0.000435006
-0.00639256
-0.00638084
-0.0063731
-0.0063686
-0.00636691
-0.00636424
-0.00635318
-0.00631803
-0.00623774
-0.00609371
-0.0058757
-0.00558425
-0.00522976
-0.00482982
-0.0044061
-0.00398167
-0.00357883
-0.00321774
-0.00291553
-0.002686
-0.00253952
-0.00248327
-0.00252146
-0.0026557
-0.00288539
-0.00320801
-0.00361952
-0.00411466
-0.00468722
-0.00533031
-0.00603661
-0.00679857
-0.00760855
-0.008459
-0.00934255
-0.0102521
-0.011181
-0.0121229
-0.013072
-0.0140228
-0.0149705
-0.0159106
-0.016839
-0.0177523
-0.0186471
-0.0195208
-0.0203709
-0.0211953
-0.021992
-0.0227596
-0.0234967
-0.024202
-0.0248747
-0.0255138
-0.0261186
-0.0266887
-0.0272234
-0.0277223
-0.0281851
-0.0286115
-0.0290012
-0.029354
-0.0296698
-0.0299483
-0.0301894
-0.0303929
-0.0305589
-0.030687
-0.0307773
-0.0308296
-0.0308437
-0.0308196
-0.0307571
-0.0306562
-0.0305165
-0.0303426
-0.030131
-0.0298813
-0.0295936
-0.0292677
-0.0289036
-0.0285014
-0.0280611
-0.0275826
-0.0270662
-0.0265119
-0.0259199
-0.0252905
-0.0246238
-0.0239203
-0.0231804
-0.0224047
-0.0215938
-0.0207485
-0.0198698
-0.0189588
-0.0180168
-0.0170452
-0.0160457
-0.0150205
-0.0139717
-0.0129019
-0.0118141
-0.0107114
-0.00959766
-0.0084769
-0.0073537
-0.0062331
-0.00512063
-0.00402231
-0.00294467
-0.00189467
-0.000879671
9.27199e-05
0.00101481
0.00187911
0.00267876
0.00340808
0.0040635
0.00464462
0.00515566
0.00560692
0.00597409
0.00627458
0.00635301
0.00600894
0.00516067
0.0040711
0.0033565
-0.00632179
-0.00630838
-0.00630524
-0.00631041
-0.00632064
-0.00632821
-0.00632216
-0.00628363
-0.00618797
-0.0060145
-0.00575208
-0.00540229
-0.00497776
-0.00449881
-0.00399007
-0.0034775
-0.00298609
-0.00253825
-0.00215303
-0.0018457
-0.00162776
-0.0015071
-0.00148841
-0.00157349
-0.00176171
-0.0020504
-0.00243521
-0.00291047
-0.00346955
-0.00410508
-0.00480924
-0.00557399
-0.00639119
-0.00725283
-0.00815108
-0.00907843
-0.0100277
-0.0109923
-0.011966
-0.0129429
-0.0139179
-0.0148862
-0.0158435
-0.016786
-0.0177103
-0.0186134
-0.0194926
-0.0203456
-0.0211705
-0.0219655
-0.0227293
-0.0234604
-0.0241579
-0.0248209
-0.0254485
-0.0260403
-0.0265956
-0.0271139
-0.0275951
-0.0280386
-0.0284444
-0.0288121
-0.0291416
-0.0294328
-0.0296855
-0.0298996
-0.030075
-0.0302116
-0.0303093
-0.030368
-0.0303877
-0.0303681
-0.0303093
-0.0302111
-0.0300731
-0.0298986
-0.029687
-0.0294365
-0.0291472
-0.0288189
-0.0284518
-0.0280458
-0.027601
-0.0271173
-0.026595
-0.0260342
-0.0254351
-0.0247978
-0.0241227
-0.0234102
-0.0226607
-0.0218749
-0.0210533
-0.0201968
-0.0193062
-0.0183828
-0.0174278
-0.0164426
-0.0154289
-0.0143887
-0.0133241
-0.0122377
-0.0111323
-0.0100109
-0.00887715
-0.00773492
-0.00658854
-0.0054428
-0.00430294
-0.00317469
-0.00206422
-0.000978152
7.65054e-05
0.00109247
0.00206236
0.00297895
0.00383555
0.00462667
0.00534885
0.00600186
0.00659016
0.00712421
0.00760442
0.0080851
0.00845063
0.00850469
0.00809673
0.00734976
0.00674179
-0.00623904
-0.00622543
-0.00623008
-0.00624928
-0.00627549
-0.0062955
-0.00629381
-0.00624768
-0.00613026
-0.00592133
-0.00560889
-0.00519657
-0.00469952
-0.00414045
-0.00354671
-0.0029469
-0.00236837
-0.00183565
-0.0013695
-0.00098657
-0.00069937
-0.000516523
-0.000443123
-0.000481162
-0.000629976
-0.000886692
-0.00124664
-0.00170377
-0.00225096
-0.00288036
-0.00358367
-0.00435233
-0.00517773
-0.00605138
-0.006965
-0.00791067
-0.00888084
-0.00986845
-0.0108669
-0.0118701
-0.0128726
-0.0138692
-0.0148554
-0.0158271
-0.0167808
-0.0177132
-0.0186215
-0.0195032
-0.0203562
-0.0211788
-0.0219692
-0.0227262
-0.0234486
-0.0241355
-0.024786
-0.0253996
-0.0259756
-0.0265136
-0.0270132
-0.0274741
-0.0278961
-0.0282789
-0.0286224
-0.0289265
-0.029191
-0.0294159
-0.0296011
-0.0297465
-0.029852
-0.0299175
-0.0299431
-0.0299286
-0.0298739
-0.029779
-0.0296438
-0.0294686
-0.0292574
-0.0290067
-0.0287164
-0.0283865
-0.028017
-0.0276079
-0.0271594
-0.0266714
-0.0261442
-0.0255778
-0.0249725
-0.0243286
-0.0236463
-0.0229261
-0.0221685
-0.0213739
-0.0205432
-0.019677
-0.0187764
-0.0178424
-0.0168763
-0.0158795
-0.0148536
-0.0138006
-0.0127225
-0.0116217
-0.010501
-0.00936316
-0.00821165
-0.0070501
-0.00588256
-0.00471349
-0.00354775
-0.00239064
-0.00124786
-0.000125547
0.000969848
0.00203159
0.00305286
0.00402694
0.0049477
0.00581012
0.00661124
0.00735144
0.00803586
0.00867508
0.00928359
0.0099668
0.0106599
0.0111935
0.0113479
0.0110723
0.0106348
-0.00613562
-0.00612463
-0.00614152
-0.00617999
-0.00622642
-0.00626052
-0.00626178
-0.00620043
-0.00605096
-0.00580061
-0.00543209
-0.00495393
-0.0043837
-0.00374518
-0.00306831
-0.00238399
-0.00172163
-0.00110754
-0.000564056
-0.00010907
0.000243948
0.000485706
0.000610701
0.000616768
0.000504603
0.000277286
-6.01877e-05
-0.000501338
-0.00103859
-0.00166359
-0.00236754
-0.00314138
-0.00397604
-0.00486257
-0.00579225
-0.00675676
-0.00774817
-0.00875903
-0.00978244
-0.010812
-0.0118418
-0.0128667
-0.0138816
-0.0148825
-0.0158653
-0.0168269
-0.017764
-0.0186742
-0.0195552
-0.020405
-0.021222
-0.0220046
-0.0227519
-0.0234626
-0.0241359
-0.0247712
-0.0253679
-0.0259255
-0.0264436
-0.0269219
-0.0273602
-0.0277582
-0.0281159
-0.028433
-0.0287096
-0.0289454
-0.0291406
-0.029295
-0.0294085
-0.0294813
-0.0295131
-0.0295039
-0.0294538
-0.0293627
-0.0292305
-0.029057
-0.0288455
-0.0285951
-0.0283045
-0.0279735
-0.0276024
-0.0271911
-0.0267397
-0.0262484
-0.0257172
-0.0251463
-0.0245361
-0.0238867
-0.0231986
-0.0224721
-0.0217077
-0.020906
-0.0200678
-0.0191938
-0.0182849
-0.0173423
-0.0163671
-0.0153608
-0.014325
-0.0132615
-0.0121723
-0.0110596
-0.00992604
-0.00877432
-0.00760755
-0.00642912
-0.00524273
-0.00405245
-0.00286265
-0.0016781
-0.000503891
0.000654559
0.00179154
0.00290116
0.00397746
0.00501469
0.00600768
0.00695252
0.00784751
0.00869465
0.00950151
0.0102826
0.0110583
0.0119336
0.0130083
0.0141079
0.0149546
0.0152932
0.015103
-0.00600088
-0.00599707
-0.00603189
-0.0060956
-0.0061661
-0.0062102
-0.00620854
-0.00613167
-0.00595001
-0.00563811
-0.00520519
-0.00466025
-0.00401971
-0.0033045
-0.00254853
-0.0017845
-0.00104338
-0.000353096
0.000262653
0.000784833
0.00119909
0.00149549
0.00166809
0.00171457
0.00163563
0.00143457
0.00111673
0.000689
0.000159441
-0.000463114
-0.00116936
-0.00194978
-0.00279482
-0.0036951
-0.00464152
-0.00562533
-0.00663825
-0.00767252
-0.00872088
-0.00977665
-0.0108337
-0.0118864
-0.0129299
-0.0139594
-0.0149711
-0.0159613
-0.0169269
-0.0178652
-0.0187737
-0.0196504
-0.0204935
-0.0213015
-0.0220732
-0.0228074
-0.0235033
-0.0241602
-0.0247773
-0.0253543
-0.0258908
-0.0263864
-0.0268409
-0.0272541
-0.0276259
-0.0279561
-0.0282448
-0.0284918
-0.028697
-0.0288606
-0.0289825
-0.0290626
-0.029101
-0.0290976
-0.0290525
-0.0289656
-0.028837
-0.0286667
-0.0284549
-0.0282052
-0.0279148
-0.0275835
-0.0272115
-0.0267988
-0.0263455
-0.0258517
-0.0253176
-0.0247435
-0.0241295
-0.023476
-0.0227833
-0.0220519
-0.0212824
-0.0204753
-0.0196313
-0.0187512
-0.017836
-0.0168868
-0.0159048
-0.0148913
-0.0138479
-0.0127763
-0.0116785
-0.0105565
-0.00941281
-0.00824986
-0.00707052
-0.00587785
-0.00467518
-0.00346606
-0.00225434
-0.00104409
0.000160363
0.00135449
0.0025336
0.00369297
0.00482794
0.00593423
0.00700834
0.00804828
0.00905475
0.0100329
0.0109949
0.011963
0.0129738
0.01404
0.0155592
0.0173153
0.0189955
0.0201096
0.0202595
-0.00582281
-0.00583265
-0.00589226
-0.00598403
-0.0060704
-0.00612262
-0.00611689
-0.00601845
-0.00580087
-0.00544455
-0.00494885
-0.00432151
-0.00359954
-0.00281206
-0.00198352
-0.00114668
-0.000333613
0.000426251
0.00110789
0.00169127
0.00216121
0.00250712
0.00272263
0.00280515
0.00275545
0.00257702
0.00227554
0.00185836
0.00133399
0.000711759
1.44018e-06
-0.000786982
-0.00164354
-0.00255842
-0.00352215
-0.00452562
-0.00556023
-0.00661787
-0.00769102
-0.00877272
-0.00985658
-0.0109368
-0.0120081
-0.0130658
-0.0141056
-0.0151239
-0.0161173
-0.017083
-0.0180184
-0.0189213
-0.01979
-0.0206228
-0.0214184
-0.0221756
-0.0228936
-0.0235716
-0.0242088
-0.0248049
-0.0253594
-0.0258721
-0.0263426
-0.0267708
-0.0271566
-0.0274999
-0.0278006
-0.0280587
-0.0282742
-0.028447
-0.0285773
-0.0286651
-0.0287102
-0.0287129
-0.0286731
-0.0285909
-0.0284663
-0.0282994
-0.0280903
-0.02784
-0.0275507
-0.0272199
-0.0268478
-0.0264346
-0.0259802
-0.025485
-0.0249491
-0.0243728
-0.0237563
-0.0230999
-0.0224042
-0.0216695
-0.0208963
-0.0200854
-0.0192375
-0.0183533
-0.0174338
-0.0164801
-0.0154934
-0.014475
-0.0134264
-0.0123493
-0.0112454
-0.0101168
-0.00896562
-0.00779419
-0.00660506
-0.00540092
-0.00418465
-0.00295927
-0.00172797
-0.000494048
0.000739117
0.0019681
0.00318954
0.00440021
0.00559731
0.00677867
0.00794338
0.00909259
0.0102309
0.0113688
0.0125255
0.0137317
0.0150273
0.0164397
0.0184224
0.0209319
0.023609
0.0256893
0.0262947
-0.00558969
-0.00562162
-0.00571292
-0.00583239
-0.00593746
-0.00600115
-0.00598396
-0.00585818
-0.00559974
-0.00519271
-0.00463634
-0.00394386
-0.00314543
-0.00227332
-0.00137278
-0.000472488
0.000404525
0.00122626
0.00196642
0.00260412
0.00312346
0.00351316
0.00376628
0.00388001
0.00385509
0.00369526
0.00340657
0.0029968
0.00247496
0.00185083
0.00113463
0.000336785
-0.000532343
-0.00146258
-0.00244408
-0.00346743
-0.00452371
-0.00560454
-0.00670213
-0.00780926
-0.00891932
-0.0100263
-0.0111247
-0.0122097
-0.0132769
-0.0143223
-0.0153426
-0.0163348
-0.0172962
-0.0182245
-0.0191179
-0.0199747
-0.0207935
-0.021573
-0.0223124
-0.0230108
-0.0236676
-0.0242823
-0.0248544
-0.0253837
-0.0258698
-0.0263127
-0.0267123
-0.0270684
-0.027381
-0.0276501
-0.0278757
-0.0280579
-0.0281968
-0.0282922
-0.0283444
-0.0283533
-0.0283192
-0.0282419
-0.0281217
-0.0279587
-0.027753
-0.0275048
-0.0272155
-0.0268859
-0.0265146
-0.0261017
-0.0256473
-0.0251516
-0.024615
-0.0240377
-0.0234199
-0.0227621
-0.0220646
-0.0213281
-0.020553
-0.01974
-0.0188899
-0.0180035
-0.0170817
-0.0161256
-0.0151363
-0.0141152
-0.0130638
-0.0119835
-0.0108761
-0.00974341
-0.00858741
-0.0074102
-0.00621401
-0.00500114
-0.00377399
-0.00253499
-0.0012866
-3.12064e-05
0.00122888
0.00249157
0.00375511
0.00501827
0.00628063
0.00754303
0.00880829
0.0100823
0.011376
0.0127084
0.0141106
0.0156312
0.0173371
0.0193089
0.0216713
0.0251294
0.0290188
0.0323077
0.0335182
-0.00529338
-0.00536161
-0.0054925
-0.00564568
-0.00577319
-0.00584328
-0.00581185
-0.00565446
-0.00535078
-0.00488905
-0.00427106
-0.00351293
-0.00264464
-0.00170268
-0.00072991
0.000231169
0.00116413
0.00203951
0.0028301
0.00351473
0.00407682
0.00450426
0.00478944
0.00492918
0.00492426
0.0047787
0.00449899
0.00409338
0.00357134
0.00294308
0.00221925
0.00141065
0.000528013
-0.000418167
-0.00141773
-0.00246098
-0.00353871
-0.00464231
-0.00576373
-0.00689556
-0.00803097
-0.00916375
-0.0102883
-0.0113995
-0.0124928
-0.0135643
-0.0146104
-0.0156279
-0.0166142
-0.0175668
-0.0184839
-0.0193636
-0.0202045
-0.0210055
-0.0217654
-0.0224834
-0.023159
-0.0237915
-0.0243806
-0.0249259
-0.0254272
-0.0258843
-0.0262972
-0.0266658
-0.0269901
-0.02727
-0.0275057
-0.0276971
-0.0278444
-0.0279476
-0.0280069
-0.0280223
-0.027994
-0.027922
-0.0278066
-0.0276478
-0.0274459
-0.0272012
-0.0269139
-0.0265848
-0.0262151
-0.0258032
-0.0253497
-0.0248547
-0.0243184
-0.0237412
-0.0231233
-0.0224654
-0.0217676
-0.0210307
-0.0202552
-0.0194418
-0.0185912
-0.0177043
-0.016782
-0.0158254
-0.0148356
-0.013814
-0.0127618
-0.0116806
-0.0105719
-0.00943755
-0.00827917
-0.00709866
-0.00589793
-0.00467889
-0.00344344
-0.00219337
-0.000930338
0.000344232
0.00162928
0.00292425
0.00422932
0.0055457
0.00687608
0.0082253
0.0096014
0.0110172
0.0124931
0.0140611
0.0157711
0.0176978
0.0199424
0.0226145
0.0257627
0.0302194
0.0355772
0.0403983
0.0424174
-0.0049384
-0.00506376
-0.0052505
-0.00544391
-0.0055984
-0.00566633
-0.00561503
-0.00542062
-0.00506668
-0.0045462
-0.00386474
-0.00304123
-0.00210678
-0.00109979
-6.34883e-05
0.000960074
0.00193408
0.00285515
0.00368765
0.00441175
0.00501
0.00546927
0.0057809
0.0059413
0.00595139
0.00581563
0.00554101
0.00513627
0.00461133
0.00397682
0.00324376
0.00242326
0.00152637
0.000563877
-0.000453804
-0.00151672
-0.00261544
-0.00374113
-0.00488554
-0.00604107
-0.00720071
-0.00835808
-0.00950741
-0.0106435
-0.0117617
-0.0128578
-0.0139282
-0.0149697
-0.0159794
-0.0169551
-0.0178945
-0.0187958
-0.0196577
-0.0204788
-0.0212582
-0.0219949
-0.0226882
-0.0233377
-0.0239429
-0.0245035
-0.0250192
-0.02549
-0.0259157
-0.0262963
-0.0266318
-0.0269222
-0.0271677
-0.0273682
-0.0275238
-0.0276348
-0.0277012
-0.0277232
-0.0277008
-0.0276343
-0.0275239
-0.0273697
-0.027172
-0.026931
-0.0266472
-0.0263208
-0.0259519
-0.0255418
-0.0250902
-0.0245966
-0.0240617
-0.0234857
-0.0228689
-0.022212
-0.0215153
-0.0207793
-0.0200047
-0.0191923
-0.0183428
-0.017457
-0.0165359
-0.0155805
-0.0145919
-0.0135714
-0.0125203
-0.0114401
-0.0103321
-0.00919802
-0.00803929
-0.00685757
-0.00565445
-0.00443145
-0.00318995
-0.0019311
-0.000655718
0.000635837
0.00194386
0.00326953
0.00461528
0.00598527
0.00738608
0.00882777
0.0103254
0.0119017
0.0135905
0.0154434
0.0175383
0.0199897
0.0229539
0.0266137
0.0311269
0.0365137
0.0437715
0.0506134
0.0537379
-0.00455166
-0.00477157
-0.00502172
-0.00526063
-0.00543539
-0.00549868
-0.00542027
-0.0051807
-0.00476916
-0.00418432
-0.00343619
-0.00254668
-0.00154825
-0.000480325
0.000613996
0.00169292
0.00271922
0.00366018
0.00452381
0.00528092
0.0059095
0.00639532
0.00672806
0.00690375
0.00692379
0.0067933
0.00651991
0.00611289
0.00558256
0.0049399
0.00419624
0.00336297
0.00245137
0.00147247
0.00043691
-0.000645158
-0.00176411
-0.00291093
-0.0040772
-0.00525514
-0.0064376
-0.00761807
-0.00879064
-0.00994997
-0.0110913
-0.0122104
-0.0133035
-0.0143673
-0.0153989
-0.0163959
-0.017356
-0.0182776
-0.019159
-0.0199989
-0.0207963
-0.0215504
-0.0222604
-0.0229257
-0.023546
-0.0241209
-0.0246503
-0.0251339
-0.0255717
-0.0259638
-0.02631
-0.0266104
-0.0268653
-0.0270745
-0.0272384
-0.0273569
-0.0274304
-0.0274588
-0.0274425
-0.0273817
-0.0272764
-0.027127
-0.0269337
-0.0266969
-0.0264167
-0.0260937
-0.025728
-0.0253201
-0.0248701
-0.0243787
-0.0238464
-0.0232723
-0.0226576
-0.0220027
-0.0213081
-0.0205742
-0.0198017
-0.0189914
-0.0181441
-0.0172608
-0.0163421
-0.0153891
-0.014403
-0.013385
-0.0123364
-0.0112586
-0.0101528
-0.00902046
-0.00786289
-0.0066815
-0.0054776
-0.00425234
-0.00300659
-0.00174084
-0.000455054
0.000851542
0.0021807
0.00353552
0.00492103
0.00634488
0.00781843
0.0093584
0.0109892
0.0127469
0.0146847
0.0168823
0.0194582
0.0225846
0.0264951
0.031462
0.0377088
0.0452291
0.0543121
0.0639249
0.0686024
-0.0041975
-0.00453509
-0.00486414
-0.00515568
-0.00534458
-0.00538994
-0.00526899
-0.00496989
-0.00448901
-0.00383118
-0.00301094
-0.00205305
-0.000991199
0.000134829
0.00128243
0.00241032
0.00348141
0.00446336
0.00532953
0.00610457
0.00675949
0.00726814
0.00761713
0.00780276
0.00782769
0.00769809
0.00742234
0.00701019
0.00647232
0.00581998
0.00506473
0.00421816
0.00329175
0.0022967
0.00124382
0.00014344
-0.000994673
-0.00216134
-0.00334802
-0.00454678
-0.00575037
-0.00695215
-0.00814609
-0.00932677
-0.0104893
-0.0116294
-0.0127432
-0.0138274
-0.014879
-0.0158955
-0.0168746
-0.0178146
-0.0187138
-0.0195709
-0.0203849
-0.0211549
-0.0218801
-0.02256
-0.0231942
-0.0237823
-0.0243243
-0.0248198
-0.0252689
-0.0256715
-0.0260278
-0.0263377
-0.0266014
-0.026819
-0.0269906
-0.0271165
-0.0271968
-0.0272316
-0.0272213
-0.027166
-0.027066
-0.0269215
-0.0267328
-0.0265003
-0.0262241
-0.0259047
-0.0255425
-0.0251377
-0.0246907
-0.0242021
-0.0236714
-0.0231001
-0.022488
-0.021836
-0.0211446
-0.0204133
-0.0196435
-0.018836
-0.0179919
-0.017112
-0.0161966
-0.0152468
-0.0142639
-0.0132492
-0.0122038
-0.0111292
-0.0100266
-0.00889686
-0.00774133
-0.00656118
-0.00535749
-0.00413105
-0.00288229
-0.00161102
-0.000316305
0.0010038
0.0023526
0.00373533
0.00515992
0.00663814
0.00818718
0.00983213
0.0116096
0.0135737
0.0158042
0.0184203
0.0215987
0.0255938
0.0307492
0.0374669
0.0460917
0.0566706
0.0686272
0.0817473
0.0886781
-0.00403465
-0.0045166
-0.00493048
-0.00524757
-0.00541649
-0.00540979
-0.00521636
-0.00483367
-0.00426534
-0.00352163
-0.00262083
-0.00158981
-0.000462947
0.000720224
0.00191796
0.00308981
0.00419931
0.00521551
0.00611355
0.00687244
0.00754107
0.00807248
0.00843329
0.0086235
0.00864846
0.00851581
0.00823464
0.00781508
0.00726807
0.00660504
0.00583768
0.00497774
0.00403683
0.00302629
0.00195706
0.000839571
-0.000316267
-0.00150117
-0.00270647
-0.00392415
-0.00514685
-0.00636783
-0.00758099
-0.00878081
-0.00996237
-0.0111213
-0.0122536
-0.0133559
-0.0144253
-0.0154591
-0.0164552
-0.0174116
-0.0183267
-0.0191992
-0.0200279
-0.0208121
-0.021551
-0.0222439
-0.0228906
-0.0234907
-0.0240439
-0.0245502
-0.0250095
-0.0254219
-0.0257873
-0.0261058
-0.0263777
-0.026603
-0.0267819
-0.0269147
-0.0270014
-0.0270423
-0.0270378
-0.0269879
-0.026893
-0.0267533
-0.0265692
-0.0263409
-0.0260688
-0.0257533
-0.0253946
-0.0249932
-0.0245495
-0.0240637
-0.0235362
-0.0229677
-0.0223585
-0.0217087
-0.0210188
-0.0202906
-0.0195238
-0.0187194
-0.0178789
-0.0170034
-0.0160914
-0.0151449
-0.0141654
-0.013154
-0.0121122
-0.0110412
-0.00994219
-0.00881544
-0.00766219
-0.00648356
-0.00528042
-0.00405329
-0.0028022
-0.00152631
-0.000223629
0.00110897
0.00247647
0.00388646
0.00535018
0.00688422
0.00851285
0.0102717
0.0122131
0.014415
0.0169932
0.020121
0.024055
0.0291639
0.0359436
0.0449816
0.0568072
0.0715733
0.0885902
0.105771
0.116411
-0.00437961
-0.00501464
-0.00544111
-0.00569512
-0.00576403
-0.00564068
-0.00532593
-0.00482427
-0.00414356
-0.00329679
-0.00230373
-0.00119216
3.79994e-06
0.00124562
0.0024928
0.00370576
0.00484871
0.00589249
0.00681677
0.00759904
0.00823638
0.00879365
0.00916089
0.00935028
0.00937116
0.00923248
0.00894378
0.00851543
0.00795846
0.00728441
0.00650507
0.00563227
0.00467771
0.00365282
0.00256863
0.00143568
0.000263959
-0.000937162
-0.00215894
-0.00339327
-0.00463271
-0.00587046
-0.00710034
-0.00831679
-0.00951481
-0.01069
-0.0118383
-0.0129563
-0.014041
-0.0150898
-0.0161005
-0.017071
-0.0179998
-0.0188855
-0.0197271
-0.0205236
-0.0212742
-0.0219785
-0.022636
-0.0232464
-0.0238095
-0.0243253
-0.0247935
-0.0252144
-0.0255879
-0.0259141
-0.0261933
-0.0264255
-0.0266109
-0.0267498
-0.0268424
-0.0268889
-0.0268896
-0.0268447
-0.0267545
-0.0266194
-0.0264395
-0.0262154
-0.0259472
-0.0256353
-0.0252802
-0.0248822
-0.0244416
-0.0239588
-0.0234344
-0.0228687
-0.0222622
-0.0216152
-0.0209285
-0.020203
-0.0194393
-0.0186379
-0.0177991
-0.0169232
-0.0160137
-0.0150704
-0.014094
-0.0130859
-0.0120472
-0.0109801
-0.00988569
-0.00876159
-0.00761021
-0.00643277
-0.00522996
-0.00400209
-0.002749
-0.00146917
-0.000159044
0.00118558
0.0025716
0.00400919
0.00551342
0.00710659
0.00882164
0.0107074
0.0128364
0.0153173
0.0183134
0.0220693
0.0269468
0.0334646
0.0423222
0.0543631
0.0703986
0.0907965
0.11476
0.139167
0.155638
-0.00580088
-0.00646178
-0.00666379
-0.00665368
-0.00648248
-0.00614683
-0.00564746
-0.0049856
-0.00416567
-0.00319816
-0.0021003
-0.000899647
0.00037115
0.00167539
0.00297419
0.00422872
0.00540258
0.00646618
0.00741368
0.00822008
0.00885846
0.00941952
0.0097837
0.00996795
0.00998256
0.00983665
0.00953986
0.00910259
0.00853595
0.00785153
0.00706117
0.00617675
0.00521006
0.00417259
0.00307542
0.00192918
0.000743889
-0.000470992
-0.00170666
-0.00295497
-0.00420842
-0.00546016
-0.00670395
-0.0079342
-0.00914585
-0.0103344
-0.011496
-0.0126269
-0.0137243
-0.0147855
-0.0158081
-0.0167903
-0.0177305
-0.0186271
-0.0194792
-0.0202859
-0.0210463
-0.02176
-0.0224265
-0.0230455
-0.0236169
-0.0241405
-0.0246163
-0.0250443
-0.0254246
-0.0257573
-0.0260426
-0.0262807
-0.0264717
-0.0266159
-0.0267136
-0.0267649
-0.0267701
-0.0267296
-0.0266436
-0.0265124
-0.0263364
-0.0261158
-0.0258511
-0.0255426
-0.0251906
-0.0247956
-0.024358
-0.023878
-0.0233563
-0.0227933
-0.0221893
-0.021545
-0.020861
-0.0201379
-0.0193766
-0.0185775
-0.0177413
-0.0168688
-0.0159618
-0.015021
-0.0140475
-0.0130421
-0.0120058
-0.0109388
-0.00984178
-0.00871848
-0.00756836
-0.00639167
-0.00518878
-0.00395984
-0.00270537
-0.00142303
-0.000105393
0.0012512
0.00265649
0.00412346
0.00567156
0.00732999
0.00914229
0.0111736
0.0135219
0.0163346
0.0198339
0.024353
0.030383
0.0386265
0.0500367
0.0657964
0.0871509
0.114958
0.148749
0.184797
0.211058
-0.00948302
-0.00937671
-0.00870619
-0.00808109
-0.00750245
-0.00686142
-0.00613055
-0.00528688
-0.00431894
-0.00322855
-0.00202382
-0.000733752
0.00061207
0.00197937
0.00333099
0.00462871
0.00583379
0.00690368
0.00787804
0.00871828
0.00939566
0.00993075
0.0102876
0.0104673
0.010477
0.0103253
0.0100219
0.00957733
0.0090028
0.00830993
0.00751063
0.00661684
0.0056404
0.00459286
0.00348534
0.00232852
0.00113249
-9.326e-05
-0.00133989
-0.0025992
-0.00386366
-0.00512637
-0.00638107
-0.00762213
-0.00884447
-0.0100436
-0.0112155
-0.0123566
-0.013464
-0.0145348
-0.0155669
-0.0165583
-0.0175074
-0.0184127
-0.0192732
-0.0200879
-0.0208561
-0.0215773
-0.022251
-0.022877
-0.023455
-0.0239849
-0.0244668
-0.0249006
-0.0252865
-0.0256246
-0.025915
-0.0261579
-0.0263535
-0.0265021
-0.026604
-0.0266593
-0.0266684
-0.0266316
-0.0265491
-0.0264213
-0.0262485
-0.0260311
-0.0257693
-0.0254637
-0.0251145
-0.0247221
-0.024287
-0.0238096
-0.0232903
-0.0227295
-0.0221279
-0.0214859
-0.0208042
-0.0200833
-0.0193241
-0.0185272
-0.0176932
-0.0168233
-0.0159185
-0.0149799
-0.0140084
-0.013005
-0.0119705
-0.0109058
-0.00981169
-0.00868988
-0.00754084
-0.00636487
-0.00516191
-0.00393118
-0.00266987
-0.00137538
-4.82726e-05
0.00131903
0.00274515
0.00424446
0.00584137
0.00757321
0.00949623
0.0116951
0.0142975
0.0174963
0.0215812
0.0269845
0.0343399
0.0445518
0.0588591
0.0788573
0.106409
0.143302
0.19031
0.244481
0.289489
-0.0182722
-0.0134374
-0.0106581
-0.00914809
-0.00817446
-0.00725998
-0.00636231
-0.00540433
-0.00434928
-0.00318958
-0.00193264
-0.000588598
0.000806385
0.00221642
0.00360483
0.0049339
0.00616648
0.00727615
0.00826388
0.00910748
0.00979516
0.0103282
0.010685
0.0108644
0.0108727
0.0107185
0.0104116
0.00996275
0.0093832
0.00868472
0.00787929
0.00697894
0.00599555
0.00494073
0.00382566
0.00266106
0.00145705
0.000223171
-0.0010317
-0.00229933
-0.00357216
-0.00484325
-0.00610634
-0.00735573
-0.00858636
-0.00979367
-0.0109737
-0.0121228
-0.013238
-0.0143165
-0.0153562
-0.0163549
-0.0173111
-0.0182234
-0.0190907
-0.019912
-0.0206866
-0.0214139
-0.0220936
-0.0227253
-0.0233088
-0.0238441
-0.0243311
-0.0247698
-0.0251605
-0.025503
-0.0257978
-0.0260449
-0.0262446
-0.026397
-0.0265026
-0.0265615
-0.026574
-0.0265404
-0.0264611
-0.0263364
-0.0261665
-0.0259519
-0.0256929
-0.0253898
-0.0250431
-0.0246532
-0.0242205
-0.0237454
-0.0232283
-0.0226698
-0.0220703
-0.0214305
-0.0207508
-0.0200321
-0.0192749
-0.01848
-0.0176482
-0.0167804
-0.0158777
-0.014941
-0.0139714
-0.0129698
-0.0119372
-0.0108749
-0.00978316
-0.00866277
-0.00751468
-0.0063392
-0.00513601
-0.00390395
-0.00264062
-0.00134269
-4.13443e-06
0.00138636
0.00283678
0.00437013
0.00601781
0.00782626
0.00986521
0.0122396
0.0151076
0.0187069
0.0233924
0.0296892
0.0383617
0.0504994
0.067613
0.0917292
0.125459
0.171978
0.234621
0.314518
0.39634
-0.0366548
-0.0124229
-0.00750458
-0.006431
-0.00601099
-0.0055575
-0.00497439
-0.00423752
-0.00334496
-0.00230833
-0.0011459
0.000120824
0.0014543
0.00281507
0.00416354
0.00546022
0.00666829
0.00776259
0.00873323
0.00956227
0.0102386
0.010757
0.0111033
0.0112746
0.0112755
0.0111141
0.0107999
0.0103436
0.00975655
0.00905051
0.00823744
0.00732938
0.00633819
0.00527548
0.00415244
0.00297979
0.00176768
0.000525648
-0.000737408
-0.00201324
-0.00329426
-0.00457353
-0.00584475
-0.00710223
-0.00834085
-0.00955607
-0.0107439
-0.0119007
-0.0130234
-0.0141094
-0.0151562
-0.0161621
-0.0171252
-0.0180442
-0.018918
-0.0197456
-0.0205264
-0.0212597
-0.0219452
-0.0225824
-0.0231714
-0.0237119
-0.0242039
-0.0246475
-0.0250428
-0.0253899
-0.025689
-0.0259403
-0.0261439
-0.0263003
-0.0264096
-0.0264721
-0.026488
-0.0264578
-0.0263817
-0.0262601
-0.0260932
-0.0258815
-0.0256253
-0.025325
-0.0249809
-0.0245935
-0.0241633
-0.0236905
-0.0231758
-0.0226195
-0.0220223
-0.0213846
-0.0207071
-0.0199904
-0.0192352
-0.0184423
-0.0176125
-0.0167466
-0.0158458
-0.014911
-0.0139431
-0.0129432
-0.011912
-0.0108499
-0.00975865
-0.00863943
-0.00749237
-0.00631745
-0.00511415
-0.00388106
-0.0026156
-0.00131362
3.16192e-05
0.00143063
0.00289694
0.00445426
0.00613797
0.00800084
0.0101221
0.0126207
0.0156756
0.0195541
0.0246535
0.0315581
0.0411152
0.0545352
0.0735198
0.100432
0.138533
0.192312
0.267768
0.371567
0.504094
SCALARS velocity_magnitude double 1
LOOKUP_TABLE default
0.000104217
0.000200238
0.000169681
0.000111988
0.000334865
0.00074897
0.00124892
0.0017663
0.00224109
0.00262946
0.00290771
0.00307129
0.00313075
0.0031047
0.00301437
0.00288243
0.00273088
0.00257883
0.00244239
0.00233495
0.00226745
0.00224835
0.00228185
0.00236814
0.00250373
0.00268013
0.00288479
0.00310323
0.00332154
0.00352875
0.00371804
0.00388643
0.00403421
0.00416175
0.00426827
0.00435451
0.00441505
0.00443753
0.00441943
0.00436106
0.00424496
0.00405456
0.00379321
0.00346355
0.00305524
0.00256135
0.0019837
0.00132906
0.000651036
0.000580945
0.00140874
0.00242429
0.00354349
0.00475174
0.00604177
0.00740753
0.008843
0.0103419
0.0118978
0.0135038
0.0151531
0.0168386
0.0185532
0.0202901
0.0220422
0.0238029
0.0255653
0.0273229
0.0290691
0.0307972
0.0325004
0.0341714
0.0358026
0.0373857
0.0389116
0.04037
0.0417495
0.0430377
0.0442207
0.0452837
0.0462108
0.0469852
0.0475865
0.0480122
0.0482716
0.0483639
0.0482686
0.0479349
0.0473077
0.0463462
0.045017
0.0432915
0.0411456
0.0385609
0.0355249
0.0320337
0.0280922
0.0237165
0.0189368
0.0138065
0.00845648
0.00364567
0.00476465
0.00979512
0.0148616
0.0194764
0.0234098
0.0264821
0.0285421
0.0295191
0.029476
0.0284984
0.026661
0.0241255
0.0211113
0.0178527
0.014573
0.0114633
0.008665
0.00626215
0.00428407
0.00271787
0.00152622
0.000671466
0.000243677
0.000422414
0.000522193
0.000407065
0.000178789
8.00248e-05
0.000131803
0.000331781
0.00108943
0.0022746
0.00379009
0.00549329
0.00722319
0.00883175
0.0102043
0.0112685
0.0119948
0.0123915
0.0124978
0.0123698
0.0120679
0.0116552
0.0111941
0.010743
0.0103539
0.0100705
0.00992648
0.00994312
0.0101232
0.0104499
0.0108914
0.0114041
0.0119391
0.0124474
0.0128868
0.0132237
0.0134326
0.0134968
0.0134015
0.0131253
0.012653
0.0119605
0.0110017
0.00975074
0.00820748
0.00636144
0.00423233
0.00216567
0.00264792
0.00563387
0.00927812
0.0133359
0.0177502
0.0224865
0.0275129
0.0327972
0.0383059
0.0440029
0.049852
0.055817
0.0618623
0.0679533
0.0740568
0.0801415
0.0861776
0.0921376
0.0979956
0.103728
0.109312
0.114726
0.119953
0.124973
0.129769
0.134323
0.138621
0.142645
0.146378
0.149806
0.152909
0.155671
0.158074
0.160099
0.161727
0.16294
0.163719
0.16405
0.163921
0.163315
0.162152
0.16033
0.15779
0.154505
0.15048
0.145724
0.140231
0.133996
0.127014
0.119289
0.110828
0.101648
0.0917778
0.081255
0.0701358
0.0585015
0.0464803
0.0343124
0.0226017
0.013707
0.0153327
0.0252646
0.0365416
0.0474369
0.0573642
0.0659234
0.0727422
0.0774136
0.079684
0.0795955
0.077338
0.0731717
0.0674127
0.0604286
0.0526239
0.0444194
0.0362279
0.0284266
0.0213283
0.0151579
0.0100414
0.00601381
0.00304315
0.00104978
9.36339e-05
0.000386288
0.000114411
0.000242013
0.0012388
0.00278198
0.00475036
0.0069969
0.00936327
0.0116943
0.013851
0.0157211
0.0172261
0.0183247
0.019011
0.0193111
0.0192791
0.0189856
0.0185068
0.0179223
0.017311
0.0167468
0.0162937
0.0160003
0.0158969
0.0159878
0.0162469
0.0166236
0.0170499
0.0174505
0.0177497
0.0178775
0.0177738
0.0173788
0.0166455
0.015534
0.0139931
0.0120032
0.00958769
0.00682493
0.00426704
0.00458452
0.00843897
0.0135911
0.0194477
0.0258595
0.0327583
0.0400848
0.0477742
0.0557648
0.0639964
0.0724103
0.08095
0.0895609
0.0981908
0.106791
0.115314
0.12372
0.131969
0.140026
0.147858
0.155437
0.162738
0.169736
0.176412
0.182746
0.188722
0.194325
0.19954
0.204355
0.208757
0.212735
0.216275
0.219367
0.221997
0.224154
0.225823
0.22699
0.227642
0.227763
0.227338
0.226351
0.224773
0.222538
0.21959
0.21595
0.211653
0.206705
0.201098
0.194826
0.187886
0.180281
0.172011
0.163082
0.153505
0.143296
0.13248
0.121093
0.109187
0.0968352
0.0841441
0.0712791
0.0585116
0.0463268
0.0356485
0.0280297
0.0268204
0.0327428
0.0424689
0.0531596
0.0635622
0.0730431
0.0811484
0.0874349
0.0913812
0.0926917
0.0914584
0.0879302
0.0824199
0.0752972
0.0669736
0.0578847
0.0484703
0.0391535
0.0303212
0.022302
0.0153419
0.00957703
0.00502464
0.00167631
0.000361282
0.000105108
0.000781012
0.00255668
0.00493768
0.00763277
0.0104162
0.0131358
0.0156879
0.0179925
0.0199833
0.0216082
0.0228336
0.023648
0.0240633
0.0241166
0.023866
0.023383
0.0227482
0.0220459
0.0213584
0.0207586
0.0203015
0.0200143
0.0198931
0.0198983
0.0199548
0.0199655
0.019825
0.0194262
0.0186572
0.0174293
0.0156706
0.0133493
0.010529
0.00748788
0.00556175
0.00773426
0.0129703
0.0194785
0.0267891
0.0347459
0.0432532
0.0522108
0.061537
0.0711595
0.0810051
0.0909992
0.101071
0.111156
0.121193
0.131126
0.140904
0.150481
0.159815
0.168869
0.17761
0.18601
0.194044
0.201691
0.208933
0.215754
0.222144
0.22809
0.233586
0.238623
0.243197
0.247302
0.250935
0.254092
0.256769
0.258962
0.260668
0.261882
0.262599
0.262814
0.26252
0.261711
0.260379
0.258515
0.256088
0.253074
0.249497
0.245388
0.24075
0.235573
0.229853
0.223582
0.216753
0.209361
0.201405
0.192888
0.183813
0.174192
0.164042
0.153389
0.14227
0.130739
0.118869
0.106766
0.0945752
0.0825069
0.0708594
0.060044
0.050571
0.0430618
0.0387172
0.0390587
0.0438872
0.0511812
0.0594866
0.0677757
0.0754269
0.0819663
0.0866785
0.0889906
0.0888921
0.0865282
0.0821385
0.0760307
0.0685614
0.0601183
0.0511052
0.0419265
0.0329691
0.0245743
0.0169968
0.0103678
0.00475456
0.000621409
7.0834e-05
0.00159668
0.00428334
0.00754903
0.0109234
0.0141108
0.0169828
0.0195074
0.0216855
0.0235183
0.0249988
0.0261167
0.026866
0.027251
0.0272905
0.0270224
0.0265033
0.0258044
0.0250051
0.0241861
0.0234199
0.0227577
0.0222157
0.0217647
0.0213294
0.0207955
0.0200188
0.0188395
0.0171179
0.0147682
0.0118345
0.00867517
0.00674764
0.00905942
0.0148054
0.0220405
0.0301922
0.0390777
0.0485466
0.0584814
0.0687929
0.079396
0.0901997
0.101121
0.112085
0.12302
0.13386
0.144543
0.155015
0.165228
0.175138
0.184709
0.193908
0.20271
0.211092
0.219037
0.22653
0.233563
0.240127
0.246219
0.251836
0.256978
0.261646
0.265844
0.269573
0.27284
0.275646
0.277998
0.279899
0.281353
0.282363
0.282934
0.283065
0.282759
0.282016
0.280835
0.279213
0.277143
0.274611
0.271622
0.268196
0.264337
0.260038
0.255291
0.250086
0.244415
0.23827
0.231642
0.224527
0.216922
0.208829
0.200253
0.191204
0.181698
0.17176
0.161424
0.150739
0.139767
0.128592
0.117324
0.106099
0.095085
0.0844735
0.0744638
0.0652698
0.0572244
0.0503698
0.0462171
0.045178
0.0475602
0.0522168
0.0581879
0.0646048
0.0708137
0.0758831
0.0789647
0.0799266
0.0787937
0.0757081
0.0708943
0.0646373
0.0572669
0.0491443
0.0406453
0.0321345
0.0239188
0.0161724
0.00885803
0.00181833
0.000207658
0.00272116
0.00646465
0.0106501
0.0146386
0.0180972
0.0209495
0.023252
0.0250974
0.0265629
0.0276954
0.0285151
0.0290268
0.0292312
0.0291314
0.0287445
0.028109
0.0272809
0.0263276
0.0253195
0.0243179
0.023357
0.0224245
0.0214446
0.0202764
0.0187334
0.0166251
0.0138397
0.0105184
0.00767536
0.00839752
0.0137628
0.0212388
0.0297839
0.0391442
0.0491411
0.0596385
0.0705395
0.0817397
0.0931386
0.104648
0.116185
0.127671
0.139034
0.150208
0.161138
0.17177
0.182062
0.191975
0.201478
0.210546
0.21916
0.227305
0.234971
0.242154
0.248852
0.255065
0.260798
0.266056
0.270847
0.27518
0.279065
0.282512
0.285531
0.288133
0.290326
0.292122
0.293527
0.294551
0.295199
0.295478
0.295392
0.294943
0.294134
0.292964
0.291433
0.289535
0.287263
0.284621
0.281619
0.27825
0.274509
0.270386
0.265873
0.260961
0.255642
0.249907
0.243752
0.23717
0.230162
0.222726
0.21487
0.2066
0.197932
0.188887
0.179493
0.169786
0.159813
0.149633
0.139315
0.128938
0.118585
0.108339
0.0982709
0.0884443
0.0789297
0.0697542
0.0610702
0.0531417
0.0470901
0.0437621
0.0438007
0.0468371
0.0520125
0.0580852
0.063596
0.0675615
0.0696353
0.069732
0.0679108
0.0643304
0.0592259
0.0528934
0.045674
0.0379272
0.0299722
0.0219433
0.0134865
0.00341261
0.000450755
0.00418145
0.00913776
0.0142562
0.0187592
0.0223299
0.0249816
0.0268788
0.0282138
0.0291442
0.0297725
0.0301503
0.030293
0.0301953
0.0298443
0.0292383
0.0283969
0.027357
0.0261669
0.024877
0.0235223
0.0220986
0.0205364
0.0186885
0.0163531
0.0133724
0.0099338
0.00772415
0.010459
0.017398
0.0259753
0.0355049
0.045764
0.0565621
0.0677963
0.0793602
0.0911471
0.103063
0.115015
0.126917
0.138691
0.150266
0.16158
0.172576
0.183208
0.193435
0.203226
0.212555
0.221404
0.229759
0.237615
0.244969
0.251824
0.258186
0.264063
0.269468
0.274412
0.278912
0.282981
0.286635
0.289889
0.292758
0.295256
0.297396
0.29919
0.300649
0.301783
0.302598
0.303103
0.303302
0.303198
0.302795
0.302093
0.301091
0.299787
0.298177
0.296256
0.294026
0.291492
0.288648
0.285487
0.282002
0.278187
0.274033
0.269533
0.264681
0.25947
0.253896
0.247955
0.241647
0.234971
0.227933
0.22054
0.212801
0.204732
0.196351
0.187684
0.178758
0.169605
0.160259
0.150753
0.141116
0.131363
0.121499
0.111509
0.101372
0.0910533
0.0805504
0.0699365
0.0590732
0.0487727
0.0399877
0.0347119
0.0344107
0.0389435
0.0459367
0.0525194
0.0576326
0.060852
0.0620483
0.0612577
0.0586276
0.0543923
0.0488551
0.0423571
0.0351924
0.027371
0.0180859
0.00504444
0.000779188
0.00600656
0.0123203
0.0183446
0.0232194
0.0267096
0.0289606
0.0302646
0.0309214
0.0311708
0.0311712
0.0310031
0.0306877
0.0302049
0.0295237
0.0286257
0.0275082
0.0261828
0.0246699
0.0229861
0.0211226
0.0190179
0.0165462
0.0135812
0.0103219
0.00860873
0.0119638
0.0194864
0.0287344
0.0389919
0.0499177
0.0613302
0.0731212
0.0851722
0.0973853
0.109666
0.121921
0.134067
0.146026
0.157726
0.169105
0.180111
0.190698
0.20083
0.21048
0.219627
0.228257
0.236365
0.243951
0.251019
0.257578
0.263642
0.269226
0.274347
0.279026
0.283283
0.287136
0.290606
0.293712
0.296472
0.298903
0.301018
0.302833
0.304358
0.305604
0.306578
0.307289
0.30774
0.307937
0.30788
0.307572
0.307013
0.306201
0.305135
0.303811
0.302226
0.300383
0.298282
0.295921
0.293295
0.2904
0.287228
0.283776
0.280037
0.276007
0.271679
0.267051
0.262118
0.256879
0.251332
0.245478
0.239321
0.232863
0.226111
0.219072
0.211756
0.204173
0.196332
0.188241
0.179904
0.171318
0.16247
0.153332
0.143862
0.134003
0.123688
0.112845
0.101416
0.0893648
0.0766438
0.0634421
0.0495613
0.0363009
0.0252402
0.0214103
0.0273019
0.036544
0.0447741
0.0510506
0.0551325
0.0570102
0.0567882
0.0546613
0.0509014
0.0458189
0.0396435
0.0321921
0.0221767
0.00643383
0.00120346
0.00822385
0.0160049
0.0228533
0.0279112
0.0310988
0.0327328
0.0332502
0.0330646
0.0325005
0.0317714
0.030984
0.0301584
0.029249
0.0282043
0.0269877
0.0255671
0.0239194
0.0220272
0.0198679
0.0174008
0.0146084
0.011727
0.0102789
0.0131302
0.0203373
0.0297111
0.0403355
0.0517157
0.0636007
0.0758266
0.0882684
0.100826
0.113402
0.125905
0.138251
0.150363
0.162171
0.173613
0.184636
0.195197
0.205262
0.214806
0.223811
0.232268
0.240177
0.247542
0.254373
0.260685
0.266497
0.27183
0.276708
0.281156
0.285197
0.288856
0.292157
0.295121
0.29777
0.300122
0.302193
0.303998
0.30555
0.30686
0.307935
0.308783
0.30941
0.30982
0.310015
0.309997
0.309767
0.309326
0.308671
0.307803
0.30672
0.305419
0.303903
0.302174
0.300231
0.298071
0.295693
0.293091
0.290263
0.287206
0.283914
0.280387
0.276619
0.27261
0.268356
0.263857
0.259111
0.25412
0.248883
0.243402
0.237676
0.231707
0.225493
0.21903
0.212311
0.205321
0.198039
0.190432
0.182454
0.174046
0.165131
0.155622
0.145419
0.134426
0.122555
0.109741
0.0959539
0.081239
0.0656274
0.0494542
0.0325468
0.0163029
0.00907795
0.0211996
0.0327296
0.0418713
0.0484971
0.0527046
0.0546091
0.0543856
0.0522767
0.048545
0.0433168
0.0361768
0.0254186
0.00741398
0.0017382
0.0108501
0.0201531
0.0276832
0.0326955
0.0353376
0.0361301
0.035667
0.0344797
0.0329797
0.0314372
0.029982
0.0286217
0.0272908
0.0259201
0.0244399
0.0227784
0.0208776
0.0187059
0.0163084
0.0139354
0.0126874
0.0145892
0.0206591
0.0294735
0.0399763
0.0514932
0.0636456
0.0761856
0.0889453
0.101799
0.114641
0.127379
0.139926
0.152205
0.164144
0.175682
0.186766
0.197352
0.207407
0.216907
0.225836
0.234187
0.241963
0.249171
0.255825
0.261946
0.267556
0.272681
0.277349
0.28159
0.285432
0.288903
0.292031
0.29484
0.297354
0.299593
0.301577
0.30332
0.304838
0.306141
0.307238
0.308139
0.308849
0.309372
0.309712
0.309872
0.309854
0.309658
0.309286
0.308737
0.308011
0.307108
0.306029
0.304772
0.303343
0.301744
0.299974
0.298032
0.295916
0.293625
0.291158
0.288512
0.285687
0.282681
0.279493
0.276123
0.272569
0.268832
0.264911
0.260804
0.256512
0.252031
0.247356
0.24248
0.237393
0.232078
0.226511
0.22066
0.21448
0.207914
0.200891
0.193323
0.185107
0.176128
0.166263
0.155391
0.143402
0.130214
0.11579
0.100167
0.0834603
0.0659159
0.0477601
0.0294647
0.0110285
0.00891724
0.0230797
0.0344664
0.0429776
0.0489802
0.0525791
0.0539188
0.0532011
0.0506158
0.0461528
0.0391556
0.0276272
0.00793673
0.00239761
0.0138826
0.0246928
0.0327035
0.0374112
0.0392555
0.0389841
0.0373531
0.0350128
0.0324641
0.0300399
0.0278986
0.0260238
0.0243576
0.0228212
0.0212928
0.0196712
0.0179456
0.0162827
0.015416
0.0166246
0.0212045
0.0288124
0.0385936
0.0498015
0.0619135
0.0745706
0.0875293
0.100616
0.113698
0.126667
0.13943
0.151904
0.164017
0.175703
0.186908
0.197588
0.207706
0.217239
0.226171
0.234496
0.242215
0.24934
0.255887
0.261878
0.26734
0.272302
0.276797
0.280857
0.284514
0.287801
0.290749
0.293385
0.295735
0.297824
0.299672
0.301297
0.302715
0.303938
0.304978
0.305844
0.306544
0.307082
0.307464
0.307694
0.307774
0.307706
0.307493
0.307135
0.306634
0.305991
0.305206
0.30428
0.303215
0.302016
0.300686
0.299226
0.297637
0.29592
0.294074
0.2921
0.29
0.287772
0.285419
0.28294
0.280338
0.277612
0.274764
0.271794
0.268703
0.265487
0.262145
0.258671
0.255054
0.251283
0.247335
0.243184
0.238792
0.23411
0.229076
0.223611
0.217622
0.210998
0.203612
0.195327
0.185994
0.17547
0.163621
0.150343
0.135583
0.119364
0.101827
0.083259
0.064114
0.0450635
0.0270804
0.014304
0.0186643
0.0294596
0.0388256
0.0460158
0.0508317
0.0533535
0.0537218
0.0520225
0.0480861
0.0410412
0.0287656
0.00804901
0.00319291
0.0172918
0.0295168
0.0377575
0.0418844
0.0426812
0.0411354
0.0381631
0.0345284
0.0308241
0.0274577
0.0246354
0.0223761
0.0206642
0.0193991
0.0184274
0.0177092
0.0175863
0.0187529
0.0222351
0.0284041
0.0369469
0.047334
0.0589922
0.0714703
0.0844298
0.0976263
0.11088
0.124053
0.137034
0.149729
0.162055
0.173944
0.185335
0.196181
0.206442
0.216092
0.225112
0.233496
0.241245
0.248368
0.254884
0.260816
0.266192
0.271044
0.275408
0.27932
0.282815
0.285929
0.288696
0.291148
0.293314
0.295222
0.296893
0.298351
0.299611
0.30069
0.301601
0.302354
0.302959
0.303424
0.303754
0.303954
0.30403
0.303984
0.303819
0.303538
0.303143
0.302635
0.302017
0.301291
0.300457
0.299519
0.298478
0.297341
0.296113
0.294796
0.29339
0.291898
0.290322
0.288664
0.286926
0.285112
0.283224
0.281266
0.27924
0.277149
0.274996
0.272783
0.270509
0.268173
0.26577
0.263292
0.260726
0.258051
0.255241
0.252257
0.249051
0.24556
0.241706
0.237393
0.23251
0.226924
0.22049
0.213047
0.204426
0.194458
0.182983
0.16987
0.155036
0.138476
0.120308
0.100825
0.0805499
0.0603
0.0412953
0.0259955
0.0210747
0.0272818
0.0359688
0.043613
0.049218
0.0526086
0.0537927
0.0527255
0.049078
0.0418328
0.028948
0.00783447
0.00413012
0.0210169
0.0344861
0.0426696
0.0459356
0.0454499
0.0424423
0.0379757
0.0329153
0.0279471
0.0235796
0.020121
0.0178666
0.0169196
0.0170359
0.0179926
0.0198811
0.0231626
0.028342
0.0355611
0.0447551
0.0555272
0.0674534
0.0801301
0.0932385
0.106535
0.119837
0.133
0.14591
0.158471
0.170602
0.182234
0.193313
0.203793
0.213643
0.222839
0.231371
0.239238
0.246447
0.253016
0.258967
0.264329
0.269136
0.273424
0.277232
0.280599
0.283564
0.286164
0.288435
0.290409
0.292118
0.293587
0.294841
0.295901
0.296785
0.297508
0.298085
0.298527
0.298842
0.29904
0.299128
0.29911
0.298992
0.298779
0.298473
0.298079
0.297598
0.297034
0.296389
0.295665
0.294865
0.293993
0.29305
0.292043
0.290976
0.289853
0.288677
0.287451
0.286179
0.284864
0.28351
0.282122
0.280705
0.279265
0.277806
0.276334
0.274854
0.273371
0.271886
0.270402
0.268916
0.267423
0.265914
0.264371
0.262771
0.261079
0.259251
0.257229
0.254937
0.252285
0.249164
0.245445
0.240981
0.235607
0.229143
0.221399
0.212181
0.201305
0.188606
0.173964
0.157332
0.138778
0.118546
0.0971336
0.0753971
0.0546772
0.0371327
0.0267543
0.0273761
0.0340986
0.0415046
0.0475308
0.0515446
0.0533309
0.0526885
0.0491479
0.041639
0.028362
0.00738535
0.00520753
0.0249642
0.0394351
0.047252
0.0493866
0.0474107
0.042787
0.0367007
0.0300896
0.0237265
0.0183004
0.0145906
0.0136611
0.0153497
0.0185856
0.0227025
0.0278797
0.0343301
0.0423968
0.0520467
0.0630778
0.0751427
0.0878979
0.101043
0.114339
0.127601
0.140682
0.153463
0.165847
0.177753
0.189114
0.199877
0.21
0.219454
0.228222
0.236297
0.243683
0.250394
0.25645
0.261879
0.266715
0.270995
0.274758
0.278047
0.280902
0.283365
0.285475
0.287267
0.288777
0.290035
0.291068
0.291902
0.292558
0.293054
0.293408
0.293634
0.293743
0.293746
0.293652
0.29347
0.293205
0.292863
0.292449
0.291968
0.291424
0.290819
0.290158
0.289442
0.288675
0.28786
0.287
0.286099
0.28516
0.284191
0.283196
0.282176
0.281137
0.280082
0.279017
0.277947
0.276878
0.275817
0.274772
0.273749
0.272757
0.271803
0.270895
0.270039
0.26924
0.2685
0.267818
0.26719
0.266603
0.26604
0.265473
0.264865
0.264164
0.263305
0.262204
0.260762
0.258856
0.256347
0.253072
0.248852
0.243488
0.236771
0.228487
0.218422
0.206383
0.192209
0.175802
0.157167
0.136465
0.114103
0.0908474
0.0679911
0.0475836
0.0329209
0.0285073
0.0326455
0.0394023
0.0455981
0.050054
0.0522853
0.0519248
0.0483941
0.0406476
0.0271975
0.0068005
0.00641318
0.0290091
0.0441782
0.0513118
0.0520673
0.0484324
0.0420847
0.0342919
0.0260045
0.0180308
0.0113674
0.00930463
0.0133457
0.019218
0.0256048
0.032335
0.0399278
0.0486731
0.0587082
0.0699107
0.0820364
0.0947893
0.107895
0.121122
0.134284
0.147232
0.159847
0.172029
0.183696
0.194783
0.205236
0.215017
0.224099
0.232468
0.240121
0.247065
0.253318
0.258903
0.263853
0.268203
0.271995
0.27527
0.278072
0.280445
0.282431
0.28407
0.2854
0.286457
0.287271
0.287872
0.288285
0.288533
0.288636
0.288612
0.288474
0.288238
0.287914
0.287512
0.287041
0.286509
0.285922
0.285286
0.284606
0.283886
0.28313
0.282341
0.281523
0.280678
0.27981
0.278922
0.278016
0.277097
0.276169
0.275239
0.274311
0.273389
0.272476
0.271579
0.270703
0.269855
0.269044
0.268279
0.267569
0.266925
0.266355
0.265872
0.265484
0.2652
0.265028
0.264971
0.26503
0.265201
0.265474
0.265829
0.266237
0.266658
0.267037
0.267304
0.267369
0.267125
0.266442
0.265169
0.263133
0.26014
0.255979
0.250423
0.243237
0.234183
0.223039
0.209604
0.193733
0.175362
0.154561
0.13161
0.107118
0.0821962
0.0587333
0.0398316
0.0301381
0.0311
0.0370055
0.0432751
0.0480872
0.0506765
0.0505219
0.0469747
0.0390689
0.0256603
0.00616643
0.00772243
0.0330015
0.0485187
0.0546587
0.0538224
0.0484119
0.0402973
0.0307767
0.0207136
0.0108264
0.00397157
0.0110482
0.0198544
0.02808
0.0362717
0.0448541
0.0542431
0.0646166
0.075962
0.088107
0.100813
0.113834
0.12695
0.139977
0.152766
0.165194
0.177163
0.18859
0.199408
0.209566
0.219027
0.227764
0.235766
0.243033
0.249574
0.255408
0.260564
0.265074
0.268978
0.272317
0.275138
0.277484
0.279402
0.280934
0.282123
0.283008
0.283624
0.284005
0.28418
0.284177
0.284019
0.283728
0.283322
0.282818
0.282231
0.281573
0.280856
0.280089
0.27928
0.278437
0.277566
0.276673
0.275762
0.274837
0.273902
0.272959
0.272013
0.271064
0.270117
0.269174
0.268239
0.267314
0.266402
0.265512
0.264649
0.263816
0.263017
0.262259
0.26155
0.260897
0.260312
0.259805
0.259387
0.259072
0.258872
0.258799
0.258868
0.259089
0.259471
0.260022
0.260744
0.261636
0.262687
0.26388
0.265186
0.266564
0.267958
0.269293
0.270479
0.271403
0.271928
0.271897
0.271128
0.269417
0.266541
0.262257
0.256312
0.248448
0.238414
0.225975
0.21094
0.193183
0.172687
0.149606
0.124361
0.0978073
0.0715
0.0481677
0.0324487
0.0292067
0.0340824
0.0404712
0.0456575
0.04859
0.0486266
0.0450899
0.0371317
0.023955
0.00555298
0.00909663
0.0367736
0.0522575
0.0571125
0.0545189
0.0472852
0.0374602
0.0263344
0.0146288
0.00330488
0.0096821
0.0201858
0.0299815
0.0393998
0.0489279
0.0589355
0.0696605
0.0811522
0.0933146
0.105962
0.118882
0.131871
0.144749
0.15737
0.16961
0.181369
0.192564
0.203129
0.213012
0.222178
0.230601
0.238271
0.245188
0.251364
0.25682
0.261584
0.265694
0.269188
0.272112
0.274511
0.276432
0.277921
0.279024
0.279784
0.28024
0.280432
0.280392
0.280152
0.279742
0.279185
0.278506
0.277724
0.276858
0.275923
0.274933
0.273901
0.272838
0.271752
0.270652
0.269544
0.268434
0.267327
0.266226
0.265136
0.264057
0.262994
0.261949
0.260923
0.259919
0.25894
0.257988
0.257068
0.256184
0.255341
0.25454
0.253787
0.253088
0.25245
0.251882
0.251394
0.250997
0.250705
0.250531
0.250491
0.2506
0.250872
0.251325
0.251972
0.252826
0.253898
0.255192
0.256709
0.258444
0.260379
0.262488
0.264732
0.267055
0.269383
0.271624
0.273662
0.27536
0.276555
0.277059
0.276661
0.275126
0.272201
0.267617
0.261096
0.252362
0.241149
0.227226
0.210412
0.190613
0.16787
0.142436
0.114899
0.0864127
0.0591234
0.0371229
0.0274955
0.0305263
0.0371541
0.0428383
0.0461685
0.0464309
0.0429665
0.0350707
0.0222725
0.00501333
0.0104831
0.0401499
0.0552022
0.0585106
0.0540555
0.0450469
0.0337503
0.0215469
0.0105615
0.0102456
0.0203947
0.0311027
0.0415601
0.0519568
0.0625981
0.0737098
0.0853893
0.0975989
0.110207
0.123038
0.135907
0.148644
0.161106
0.17317
0.184734
0.195717
0.206052
0.215689
0.22459
0.232733
0.240106
0.246711
0.252561
0.257678
0.262091
0.265838
0.268959
0.271501
0.273511
0.275037
0.276126
0.276825
0.277178
0.277227
0.277012
0.276569
0.27593
0.275125
0.274183
0.273127
0.27198
0.270761
0.269488
0.268176
0.266838
0.265487
0.264133
0.262782
0.261444
0.260123
0.258824
0.25755
0.256306
0.255092
0.253911
0.252765
0.251654
0.25058
0.249545
0.248551
0.2476
0.246696
0.245844
0.245046
0.244303
0.24362
0.243005
0.242466
0.242013
0.241657
0.241411
0.24129
0.24131
0.241488
0.241841
0.242388
0.243148
0.244138
0.245374
0.246869
0.248633
0.250671
0.25298
0.255547
0.25835
0.261351
0.2645
0.267724
0.270932
0.274012
0.276824
0.279204
0.280961
0.281881
0.28172
0.280214
0.277083
0.27203
0.264756
0.25497
0.242401
0.22682
0.208069
0.186096
0.161012
0.133187
0.10341
0.0732208
0.045674
0.0273888
0.0263512
0.0333232
0.039745
0.0435959
0.0441555
0.0408411
0.033112
0.0207803
0.0045862
0.0118173
0.0429575
0.0571762
0.0587162
0.0523753
0.0417834
0.0296687
0.0183043
0.0136601
0.0206924
0.0314553
0.0426237
0.0537995
0.0650797
0.0766332
0.0885651
0.100881
0.113498
0.126276
0.139055
0.151679
0.164008
0.175921
0.18732
0.198121
0.208259
0.217683
0.226356
0.234255
0.24137
0.247704
0.253267
0.258085
0.262185
0.265607
0.268393
0.270588
0.272242
0.273403
0.27412
0.274442
0.274414
0.274079
0.273479
0.272651
0.271631
0.270451
0.26914
0.267724
0.266227
0.264671
0.263076
0.261456
0.259828
0.258204
0.256594
0.255008
0.253452
0.251932
0.250453
0.249018
0.24763
0.246289
0.244998
0.243755
0.242563
0.241421
0.240329
0.239288
0.238299
0.237364
0.236485
0.235666
0.23491
0.234218
0.233596
0.23305
0.232591
0.232228
0.231974
0.231843
0.231851
0.232016
0.232356
0.232891
0.233642
0.234631
0.235878
0.237402
0.239221
0.241349
0.243794
0.246559
0.249637
0.25301
0.256647
0.2605
0.264505
0.268575
0.272599
0.276442
0.279942
0.282908
0.285122
0.286338
0.286284
0.284667
0.281177
0.275494
0.267301
0.256292
0.242196
0.224796
0.203962
0.179695
0.152192
0.121961
0.0900334
0.0584689
0.0319485
0.0223199
0.0289494
0.0364798
0.0410627
0.0420236
0.0389395
0.0314575
0.0196158
0.00429929
0.013026
0.0450362
0.0580257
0.0576271
0.0494815
0.0379318
0.0262463
0.0185947
0.0212287
0.0311054
0.042574
0.0543652
0.0662634
0.078307
0.0905687
0.103071
0.115766
0.128551
0.141291
0.153846
0.166084
0.177889
0.189162
0.199822
0.209803
0.219055
0.227542
0.23524
0.24214
0.248243
0.253562
0.258121
0.261949
0.265085
0.267572
0.269456
0.270788
0.271616
0.271992
0.271964
0.271581
0.270888
0.269926
0.268738
0.267358
0.265823
0.264163
0.262407
0.26058
0.258707
0.256807
0.254899
0.252999
0.25112
0.249273
0.247468
0.245712
0.244011
0.242368
0.240787
0.239269
0.237815
0.236424
0.235096
0.233831
0.232627
0.231482
0.230398
0.229373
0.228406
0.2275
0.226655
0.225873
0.225159
0.224514
0.223945
0.223457
0.223061
0.222767
0.222589
0.222541
0.222641
0.222907
0.223358
0.224018
0.224908
0.226052
0.227474
0.229196
0.23124
0.233624
0.236361
0.239461
0.242922
0.246733
0.250871
0.255296
0.25995
0.264755
0.269606
0.274375
0.278905
0.283008
0.286466
0.289032
0.290431
0.290359
0.288495
0.284501
0.278033
0.268756
0.256356
0.240564
0.221181
0.198115
0.171434
0.141442
0.108825
0.0749514
0.0427431
0.0207977
0.0238476
0.0330267
0.0387018
0.0402193
0.0374471
0.0302674
0.0188821
0.00417284
0.0140318
0.0462471
0.057622
0.0552
0.0456877
0.0340804
0.024505
0.022711
0.0302236
0.0414543
0.053637
0.0660826
0.0786392
0.0913011
0.104076
0.116936
0.129804
0.142573
0.15512
0.167324
0.179074
0.190273
0.200842
0.210716
0.219845
0.228193
0.235737
0.242467
0.248386
0.253505
0.257848
0.261446
0.264336
0.266563
0.268173
0.269217
0.269746
0.269812
0.269465
0.268755
0.26773
0.266433
0.264907
0.263193
0.261325
0.259339
0.257264
0.255129
0.252959
0.250776
0.248601
0.246449
0.244335
0.242271
0.240267
0.23833
0.236465
0.234676
0.232966
0.231334
0.22978
0.228304
0.226904
0.225576
0.22432
0.223132
0.222011
0.220955
0.219963
0.219033
0.218167
0.217363
0.216624
0.215954
0.215355
0.214833
0.214394
0.214049
0.213809
0.213687
0.213698
0.21386
0.214191
0.214713
0.215448
0.216421
0.217656
0.21918
0.221018
0.223195
0.225733
0.228653
0.231967
0.235683
0.239798
0.244297
0.24915
0.25431
0.259708
0.265251
0.270819
0.276263
0.281403
0.286027
0.289887
0.292708
0.294181
0.293972
0.291729
0.287085
0.279675
0.269145
0.255175
0.237504
0.215957
0.190495
0.16127
0.128727
0.0937835
0.0582754
0.0268045
0.0182574
0.0290972
0.0364817
0.0388239
0.0364697
0.0296401
0.0186491
0.00421683
0.0147597
0.0464794
0.0558836
0.0516098
0.0414028
0.0307479
0.0250678
0.0290109
0.0393852
0.0516596
0.0645307
0.077584
0.0906941
0.103822
0.116936
0.129975
0.142854
0.155466
0.167703
0.179462
0.190648
0.201186
0.21101
0.220071
0.228334
0.235777
0.242389
0.248172
0.253138
0.257312
0.260723
0.26341
0.265416
0.266791
0.267584
0.267848
0.267637
0.267002
0.265995
0.264666
0.263061
0.261224
0.259199
0.257023
0.254734
0.252364
0.249942
0.247498
0.245053
0.24263
0.240247
0.237919
0.235658
0.233473
0.231373
0.229363
0.227445
0.225621
0.22389
0.222252
0.220703
0.219242
0.217863
0.216565
0.215342
0.214193
0.213112
0.212099
0.211151
0.210267
0.209447
0.208695
0.208009
0.207386
0.206833
0.206356
0.205963
0.205663
0.205467
0.205388
0.205442
0.205645
0.206017
0.206579
0.207353
0.208365
0.209641
0.211207
0.213092
0.215324
0.217928
0.220929
0.224347
0.228197
0.232485
0.237205
0.24234
0.247855
0.253693
0.259776
0.265997
0.272219
0.278272
0.283953
0.289022
0.293201
0.296183
0.297625
0.297161
0.294404
0.28896
0.280437
0.268468
0.252727
0.232965
0.209045
0.180995
0.149087
0.113959
0.0768788
0.0405331
0.0151724
0.0240884
0.0341188
0.0377483
0.0360057
0.0296036
0.0189311
0.00442693
0.0151511
0.0456482
0.0528563
0.0471392
0.0369232
0.0285474
0.0281857
0.0365082
0.0485051
0.0616459
0.0751446
0.0887204
0.102263
0.115712
0.12901
0.142084
0.154843
0.167189
0.179028
0.190271
0.200843
0.210681
0.219737
0.227976
0.235374
0.241923
0.247623
0.252489
0.256542
0.259813
0.262341
0.26417
0.265349
0.26593
0.265966
0.265511
0.264621
0.263348
0.261744
0.259858
0.257738
0.255427
0.252968
0.250399
0.247756
0.24507
0.242372
0.239686
0.237036
0.234441
0.231917
0.229476
0.227129
0.224882
0.222742
0.220709
0.218785
0.216969
0.215258
0.213648
0.212136
0.210717
0.209386
0.208138
0.206968
0.205873
0.204848
0.20389
0.202997
0.202168
0.201402
0.2007
0.200061
0.199486
0.198979
0.198548
0.198199
0.197941
0.197786
0.197745
0.197834
0.198069
0.198468
0.199052
0.199843
0.200866
0.202147
0.203713
0.205593
0.207818
0.210416
0.213416
0.216843
0.220718
0.225058
0.229868
0.235143
0.240861
0.246983
0.253445
0.260159
0.267003
0.273823
0.280428
0.286587
0.292031
0.296452
0.299504
0.300811
0.299967
0.296552
0.290138
0.280308
0.266679
0.248925
0.226818
0.200273
0.169416
0.134683
0.096993
0.0581307
0.0225657
0.0176027
0.0310173
0.0367114
0.0359297
0.030091
0.0196715
0.00478832
0.0151792
0.0436963
0.0487077
0.0420097
0.0326366
0.0280374
0.0330479
0.0442985
0.0575007
0.0713632
0.0853945
0.099387
0.113237
0.126874
0.140227
0.153214
0.16575
0.177746
0.189119
0.199797
0.209718
0.218835
0.227113
0.23453
0.241075
0.246751
0.25157
0.255555
0.258736
0.261153
0.262849
0.263875
0.264284
0.264129
0.263468
0.262356
0.260849
0.259
0.256862
0.254484
0.251914
0.249196
0.24637
0.243475
0.240547
0.237614
0.234707
0.231848
0.229058
0.226353
0.223748
0.221252
0.218873
0.216614
0.214478
0.212465
0.210572
0.208797
0.207134
0.205578
0.204124
0.202765
0.201496
0.200311
0.199204
0.198171
0.197207
0.196309
0.195475
0.194702
0.19399
0.193339
0.192751
0.192225
0.191768
0.191385
0.191082
0.190869
0.190756
0.190755
0.190879
0.191143
0.191566
0.192166
0.192965
0.193985
0.195252
0.196793
0.198637
0.200814
0.203355
0.206291
0.209652
0.213466
0.217756
0.222539
0.227823
0.233601
0.239852
0.246532
0.25357
0.260867
0.268288
0.275659
0.282765
0.289347
0.295104
0.299691
0.302723
0.303781
0.30242
0.298179
0.290594
0.279222
0.263665
0.243602
0.218839
0.18937
0.155465
0.117809
0.0777611
0.038119
0.0121129
0.0264378
0.0353149
0.0360049
0.0309396
0.0207607
0.00527248
0.0148151
0.0406575
0.0436172
0.0364725
0.0291398
0.0297674
0.0391814
0.0521786
0.0663076
0.0807646
0.0952217
0.109519
0.123559
0.137264
0.150558
0.163361
0.17559
0.187169
0.198026
0.208102
0.21735
0.225736
0.233236
0.239842
0.245554
0.250384
0.254356
0.257501
0.259856
0.261468
0.262386
0.262664
0.262359
0.261529
0.26023
0.258522
0.256459
0.254098
0.25149
0.248685
0.245731
0.242671
0.239546
0.236393
0.233245
0.230132
0.22708
0.224109
0.221238
0.218481
0.215847
0.213345
0.210977
0.208745
0.206649
0.204685
0.202848
0.201135
0.199537
0.198049
0.196663
0.195373
0.194171
0.193052
0.19201
0.19104
0.190137
0.189299
0.188523
0.187806
0.187149
0.186551
0.186014
0.185542
0.185137
0.184805
0.184554
0.184391
0.184326
0.184369
0.184534
0.184834
0.185285
0.185904
0.186712
0.187729
0.188979
0.190487
0.192281
0.19439
0.196846
0.199679
0.202924
0.206612
0.210774
0.215436
0.220618
0.22633
0.232567
0.239307
0.246502
0.254077
0.26192
0.269881
0.277766
0.285332
0.29229
0.2983
0.302974
0.305885
0.306566
0.304523
0.299251
0.290247
0.27704
0.25922
0.236482
0.208691
0.175961
0.13878
0.0982132
0.0563218
0.018269
0.0199814
0.0330524
0.0359292
0.0319392
0.0220568
0.00583484
0.0140289
0.036647
0.0377632
0.0308888
0.0271625
0.0333507
0.0457911
0.0600633
0.0749042
0.0898242
0.104594
0.119084
0.133203
0.146872
0.160012
0.172548
0.184404
0.195513
0.205816
0.215266
0.223828
0.23148
0.238211
0.244023
0.248926
0.252944
0.256107
0.258454
0.260031
0.260889
0.261082
0.260668
0.259707
0.258258
0.256383
0.254138
0.251583
0.248772
0.245758
0.242591
0.239317
0.235981
0.232622
0.229275
0.225971
0.222738
0.219598
0.216571
0.21367
0.210907
0.208287
0.205815
0.203491
0.201313
0.199279
0.197382
0.195616
0.193974
0.192449
0.191032
0.189716
0.188493
0.187357
0.186302
0.18532
0.184409
0.183564
0.182782
0.182061
0.181398
0.180794
0.18025
0.179767
0.179349
0.179001
0.178726
0.178532
0.178425
0.178416
0.178513
0.178727
0.179072
0.179562
0.180211
0.181038
0.182062
0.183302
0.184783
0.18653
0.188569
0.19093
0.193646
0.196749
0.200274
0.204257
0.208731
0.213727
0.219268
0.225369
0.232027
0.23922
0.246899
0.254982
0.263346
0.271823
0.280194
0.288187
0.295475
0.301675
0.306351
0.309021
0.309165
0.306235
0.299674
0.288938
0.273528
0.253029
0.227176
0.195927
0.159586
0.118986
0.0758176
0.0335849
0.0128317
0.0293291
0.0354002
0.0328762
0.0234097
0.00642444
0.0128256
0.0317897
0.0313649
0.0259047
0.0276132
0.0385072
0.0527304
0.0679048
0.0832767
0.0985315
0.113502
0.128079
0.142176
0.155715
0.16862
0.18082
0.192248
0.202846
0.212567
0.221375
0.229247
0.23617
0.242146
0.247185
0.251309
0.254548
0.256942
0.258537
0.259384
0.259538
0.259059
0.258008
0.256448
0.25444
0.252046
0.249326
0.246339
0.24314
0.239783
0.236317
0.232788
0.229238
0.225705
0.222223
0.21882
0.215521
0.212345
0.209306
0.206417
0.203683
0.201107
0.198691
0.196432
0.194324
0.192363
0.190541
0.188849
0.18728
0.185825
0.184475
0.183223
0.182061
0.180983
0.179983
0.179055
0.178196
0.177401
0.176669
0.175998
0.175386
0.174835
0.174345
0.173918
0.173558
0.173269
0.173055
0.172924
0.172881
0.172935
0.173095
0.173371
0.173773
0.174315
0.175009
0.17587
0.176916
0.178163
0.179632
0.181345
0.183327
0.185604
0.188205
0.191164
0.194515
0.198295
0.202543
0.207297
0.212593
0.21846
0.224918
0.231968
0.239591
0.247735
0.25631
0.265182
0.274161
0.283001
0.291392
0.298964
0.30528
0.30985
0.312129
0.311533
0.307453
0.299275
0.28641
0.268337
0.244657
0.215173
0.180005
0.139768
0.0958503
0.0510249
0.0132839
0.0239263
0.034158
0.0335569
0.0246829
0.00699579
0.0112371
0.0262207
0.0247559
0.022605
0.0304705
0.0444107
0.0598694
0.0756812
0.0914233
0.10689
0.121952
0.136516
0.1505
0.163828
0.176429
0.188236
0.199192
0.209247
0.218366
0.226522
0.233703
0.239908
0.245145
0.249437
0.252813
0.255311
0.256977
0.257864
0.258028
0.25753
0.256432
0.254799
0.252695
0.250185
0.247331
0.244196
0.240837
0.237311
0.233672
0.229966
0.226241
0.222535
0.218885
0.215321
0.211868
0.208548
0.205375
0.202361
0.199513
0.196833
0.194322
0.191977
0.189791
0.187759
0.185873
0.184123
0.182501
0.180998
0.179604
0.178313
0.177115
0.176004
0.174974
0.174019
0.173135
0.172319
0.171568
0.170879
0.170253
0.169689
0.169189
0.168753
0.168382
0.168081
0.167854
0.167705
0.167642
0.16767
0.167796
0.168028
0.168376
0.168848
0.169455
0.170209
0.171123
0.172209
0.173483
0.174962
0.176664
0.17861
0.180823
0.18333
0.186159
0.189345
0.192924
0.196935
0.201423
0.20643
0.212
0.218168
0.224962
0.232388
0.240429
0.249032
0.258099
0.267478
0.276956
0.28625
0.295009
0.302807
0.309149
0.313473
0.315164
0.313565
0.307995
0.297779
0.282289
0.260994
0.23354
0.19986
0.160346
0.116108
0.0694681
0.0255204
0.0171724
0.0318139
0.0337991
0.0257682
0.0075189
0.00931472
0.0201113
0.0186408
0.0223931
0.0353227
0.0509319
0.0671603
0.0833854
0.0993507
0.114912
0.129965
0.144424
0.158213
0.171258
0.183494
0.194861
0.205308
0.214797
0.2233
0.230801
0.237296
0.242795
0.247315
0.250886
0.253546
0.25534
0.25632
0.256544
0.256074
0.254973
0.253308
0.251146
0.248554
0.245597
0.242341
0.238847
0.235175
0.23138
0.227515
0.223627
0.21976
0.21595
0.212231
0.20863
0.205168
0.201862
0.198724
0.195759
0.192972
0.190361
0.187924
0.185653
0.183543
0.181583
0.179765
0.17808
0.176518
0.175069
0.173725
0.172479
0.171323
0.170251
0.169257
0.168338
0.16749
0.166709
0.165994
0.165344
0.164759
0.164239
0.163786
0.1634
0.163084
0.162843
0.16268
0.1626
0.162609
0.162713
0.162918
0.163231
0.16366
0.164213
0.164899
0.165728
0.16671
0.167856
0.169178
0.17069
0.172406
0.174343
0.176522
0.178962
0.181691
0.184737
0.188135
0.191923
0.196146
0.200852
0.206092
0.211917
0.218372
0.225491
0.233289
0.241752
0.250822
0.260392
0.270289
0.280269
0.290006
0.299094
0.307044
0.313286
0.317178
0.318021
0.315073
0.307577
0.294798
0.276074
0.250894
0.219005
0.180577
0.136457
0.0886215
0.0411566
0.0113565
0.0281188
0.0334697
0.0265976
0.00798407
0.00711308
0.0137489
0.0149049
0.0256396
0.041234
0.0578561
0.074556
0.0910136
0.10707
0.122618
0.137567
0.151838
0.165359
0.178059
0.189879
0.200766
0.210676
0.21958
0.227458
0.234303
0.240122
0.24493
0.248756
0.251635
0.253612
0.254739
0.255074
0.25468
0.253621
0.251966
0.249785
0.247146
0.244118
0.24077
0.237166
0.233369
0.229439
0.225429
0.221392
0.217373
0.213412
0.209543
0.205797
0.202195
0.198755
0.195489
0.192405
0.189505
0.186789
0.184252
0.181888
0.179689
0.177647
0.175751
0.173991
0.172357
0.170841
0.169433
0.168126
0.166911
0.165784
0.164739
0.163771
0.162878
0.162055
0.161302
0.160617
0.159999
0.15945
0.15897
0.158561
0.158224
0.157963
0.157782
0.157685
0.157676
0.157761
0.157945
0.158234
0.158635
0.159153
0.159797
0.160573
0.16149
0.162555
0.163778
0.165167
0.166734
0.16849
0.170447
0.172621
0.175029
0.177691
0.180633
0.183884
0.18748
0.191463
0.195882
0.200791
0.206251
0.212321
0.219057
0.226505
0.234686
0.243587
0.253148
0.263245
0.27368
0.284166
0.294328
0.30369
0.311685
0.317654
0.320864
0.320514
0.315772
0.305799
0.289805
0.267123
0.237309
0.200308
0.1567
0.108104
0.0579633
0.0148853
0.0231353
0.0324361
0.0271285
0.0083957
0.00470475
0.00809176
0.0159791
0.0311427
0.0479925
0.065113
0.0820355
0.0985678
0.114596
0.13003
0.14479
0.158798
0.171986
0.184288
0.195649
0.206022
0.215373
0.223677
0.230926
0.23712
0.242273
0.246409
0.249563
0.251779
0.253106
0.253604
0.253334
0.252364
0.250763
0.248602
0.245953
0.242887
0.239476
0.235788
0.231889
0.227841
0.223703
0.219529
0.215367
0.211261
0.207248
0.203358
0.199616
0.19604
0.192644
0.189436
0.186418
0.183588
0.180944
0.178478
0.176182
0.174047
0.172061
0.170215
0.168499
0.166902
0.165417
0.164036
0.16275
0.161555
0.160445
0.159415
0.158463
0.157585
0.15678
0.156047
0.155386
0.154796
0.154279
0.153835
0.153468
0.15318
0.152974
0.152853
0.152822
0.152886
0.153049
0.153316
0.153693
0.154186
0.1548
0.155542
0.156416
0.157431
0.158592
0.159906
0.16138
0.163022
0.16484
0.166843
0.169043
0.171451
0.174084
0.176961
0.180107
0.183553
0.187335
0.191501
0.196104
0.201207
0.206879
0.213194
0.22022
0.228012
0.2366
0.245973
0.256062
0.266721
0.277717
0.288713
0.299265
0.308816
0.316703
0.322164
0.324352
0.322361
0.315255
0.30212
0.282129
0.254653
0.219409
0.176702
0.127815
0.0757083
0.0268246
0.0170397
0.0304975
0.0273145
0.00876091
0.00229834
0.00745562
0.0213195
0.0379843
0.0553289
0.0726234
0.0895771
0.106049
0.121942
0.137174
0.151667
0.165346
0.178145
0.190002
0.200868
0.210701
0.219473
0.22717
0.233788
0.239337
0.243837
0.24732
0.249827
0.251408
0.25212
0.252025
0.25119
0.249686
0.247586
0.244964
0.241895
0.238451
0.234705
0.230727
0.226581
0.22233
0.218031
0.213736
0.209492
0.205337
0.201305
0.197422
0.193709
0.190179
0.186841
0.183697
0.180748
0.177988
0.175411
0.173008
0.170769
0.168684
0.166741
0.16493
0.163242
0.161668
0.1602
0.15883
0.157554
0.156365
0.15526
0.154236
0.15329
0.152421
0.151627
0.150908
0.150266
0.149699
0.149211
0.148802
0.148476
0.148235
0.148082
0.148022
0.148058
0.148195
0.148437
0.14879
0.149258
0.149846
0.15056
0.151404
0.152384
0.153504
0.15477
0.156187
0.157759
0.159492
0.161392
0.163463
0.165714
0.168154
0.170793
0.173645
0.176729
0.180071
0.183701
0.18766
0.191998
0.196778
0.202072
0.207961
0.214531
0.221866
0.230033
0.239068
0.24896
0.259625
0.270889
0.28247
0.293967
0.304849
0.314459
0.32202
0.326647
0.327368
0.323155
0.312972
0.29584
0.270941
0.237762
0.196336
0.147614
0.0941196
0.0412816
0.0109892
0.0275523
0.0271477
0.00909823
0.00178141
0.0130174
0.0285913
0.0456675
0.0630819
0.0803237
0.0971577
0.113455
0.129121
0.144072
0.15823
0.171522
0.183884
0.195257
0.205597
0.214868
0.22305
0.230134
0.236124
0.241036
0.244898
0.247748
0.249633
0.250608
0.250736
0.250083
0.248721
0.246724
0.244168
0.24113
0.237685
0.233909
0.229874
0.22565
0.221303
0.216892
0.212474
0.208097
0.203805
0.199632
0.195608
0.191754
0.188085
0.184612
0.181337
0.17826
0.175376
0.17268
0.17016
0.167808
0.165612
0.163561
0.161646
0.159855
0.15818
0.156614
0.155148
0.153778
0.152499
0.151307
0.150198
0.149171
0.148224
0.147356
0.146568
0.14586
0.145232
0.144686
0.144224
0.143848
0.143561
0.143366
0.143267
0.143267
0.14337
0.143581
0.143903
0.144342
0.144903
0.145589
0.146404
0.147355
0.148443
0.149675
0.151052
0.15258
0.15426
0.156096
0.158092
0.160251
0.162576
0.165072
0.167748
0.170611
0.173675
0.176958
0.180486
0.184291
0.188419
0.192925
0.19788
0.203368
0.209485
0.216333
0.22401
0.232596
0.242135
0.252608
0.263909
0.275824
0.288007
0.299971
0.311081
0.320557
0.327487
0.330842
0.32951
0.322339
0.3082
0.286086
0.255257
0.215466
0.167325
0.112922
0.056975
0.0114053
0.0236538
0.0266368
0.00942194
0.0041922
0.0201438
0.0367338
0.0538638
0.0711198
0.0881534
0.104751
0.120781
0.13614
0.150743
0.164508
0.177364
0.189248
0.200105
0.209895
0.218589
0.226171
0.23264
0.238006
0.242292
0.245532
0.247769
0.249057
0.249456
0.249032
0.247856
0.246004
0.243553
0.240581
0.237167
0.233389
0.229323
0.225042
0.220615
0.216106
0.211574
0.207072
0.202646
0.198334
0.194167
0.19017
0.186358
0.182744
0.17933
0.176118
0.173103
0.170278
0.167633
0.165159
0.162843
0.160676
0.158645
0.156741
0.154955
0.15328
0.151708
0.150233
0.148852
0.14756
0.146355
0.145235
0.144198
0.143244
0.142374
0.141588
0.140886
0.14027
0.139743
0.139305
0.138961
0.138712
0.138562
0.138515
0.138575
0.138745
0.139029
0.139432
0.139958
0.140611
0.141395
0.142315
0.143373
0.144573
0.145919
0.147412
0.149055
0.15085
0.152799
0.154903
0.157162
0.159578
0.162153
0.164891
0.167796
0.170876
0.174143
0.177616
0.181321
0.185294
0.189585
0.194257
0.199391
0.205086
0.211452
0.218612
0.226679
0.235747
0.245861
0.25699
0.268995
0.281603
0.294386
0.306747
0.317922
0.326982
0.332856
0.334357
0.33022
0.319174
0.300023
0.271798
0.233973
0.186816
0.131987
0.0736187
0.0208636
0.0187925
0.0256733
0.00969791
0.00694934
0.0275822
0.0452425
0.0623421
0.0793284
0.0960533
0.112329
0.128016
0.143005
0.157203
0.170528
0.182907
0.194279
0.204595
0.213816
0.221921
0.228899
0.234755
0.239504
0.243176
0.245811
0.247457
0.248172
0.248022
0.247077
0.245412
0.243105
0.240236
0.236887
0.233137
0.229066
0.22475
0.220261
0.215668
0.211033
0.206414
0.201858
0.197408
0.193097
0.188954
0.184995
0.181234
0.177676
0.174321
0.171167
0.168205
0.165427
0.162822
0.160378
0.158084
0.15593
0.153904
0.151998
0.150204
0.148515
0.146926
0.145432
0.14403
0.142717
0.141493
0.140355
0.139304
0.138339
0.137462
0.136674
0.135977
0.135371
0.134861
0.134447
0.134132
0.133921
0.133816
0.133821
0.133939
0.134175
0.134533
0.135016
0.135629
0.136375
0.137258
0.138281
0.139448
0.140761
0.142222
0.143833
0.145596
0.14751
0.149577
0.151795
0.154165
0.156685
0.159355
0.162175
0.165146
0.168272
0.17156
0.175022
0.178676
0.182551
0.186686
0.191137
0.195978
0.201301
0.207222
0.213872
0.221392
0.229914
0.239543
0.250321
0.262193
0.274971
0.288302
0.301648
0.314277
0.325264
0.333508
0.337754
0.336638
0.328746
0.312702
0.287307
0.251752
0.205962
0.151178
0.0909919
0.0334051
0.0130344
0.0241169
0.00989236
0.00969053
0.0350336
0.0538671
0.0709419
0.0876115
0.103967
0.11986
0.135149
0.149717
0.163465
0.176311
0.188181
0.199016
0.20877
0.21741
0.224919
0.231291
0.236537
0.240679
0.243751
0.245798
0.246874
0.247042
0.246371
0.244935
0.242813
0.240085
0.236834
0.233143
0.229094
0.224766
0.220235
0.215573
0.210848
0.206118
0.201438
0.196852
0.192398
0.188106
0.183996
0.180082
0.176373
0.172869
0.169568
0.166462
0.163543
0.160799
0.15822
0.155792
0.153505
0.151349
0.149315
0.147394
0.145579
0.143867
0.142251
0.140729
0.139299
0.13796
0.13671
0.13555
0.13448
0.133502
0.132616
0.131824
0.131129
0.130532
0.130037
0.129645
0.12936
0.129185
0.129124
0.129181
0.129358
0.12966
0.130091
0.130654
0.131353
0.132191
0.133173
0.134299
0.135575
0.137
0.138577
0.140307
0.14219
0.144226
0.146414
0.148753
0.15124
0.153873
0.156649
0.159566
0.162623
0.165819
0.169157
0.172643
0.176289
0.180115
0.184153
0.188447
0.19306
0.198077
0.203608
0.209786
0.216766
0.22471
0.233771
0.244059
0.255605
0.268315
0.281927
0.295983
0.309803
0.322485
0.332912
0.339781
0.341634
0.336923
0.324094
0.30172
0.268708
0.224635
0.170313
0.108791
0.047245
0.00772471
0.0219711
0.0100362
0.0123476
0.0423745
0.0624659
0.0795503
0.0958904
0.111843
0.127314
0.142164
0.156273
0.169538
0.181875
0.193212
0.203491
0.21267
0.220721
0.22763
0.233399
0.238042
0.241588
0.244075
0.245553
0.246081
0.245726
0.24456
0.242662
0.240113
0.236996
0.233397
0.229398
0.225083
0.220531
0.215818
0.211014
0.206184
0.201386
0.196667
0.19207
0.187627
0.183362
0.179291
0.175425
0.171765
0.16831
0.165053
0.161985
0.159095
0.156372
0.153803
0.151378
0.149084
0.146914
0.144859
0.142912
0.141067
0.139322
0.137672
0.136115
0.134652
0.13328
0.132002
0.130816
0.129725
0.12873
0.127832
0.127035
0.126341
0.125752
0.125271
0.124901
0.124645
0.124506
0.124488
0.124596
0.124831
0.125199
0.125702
0.126344
0.127129
0.12806
0.129139
0.130369
0.131752
0.133289
0.134982
0.136831
0.138835
0.140993
0.143304
0.145765
0.148373
0.151124
0.154014
0.157039
0.160195
0.163479
0.16689
0.170429
0.174104
0.177925
0.181916
0.186111
0.190563
0.195343
0.200551
0.206316
0.212794
0.220166
0.228619
0.238324
0.24939
0.261822
0.275463
0.289952
0.304685
0.318806
0.331203
0.340536
0.345268
0.343727
0.334185
0.314988
0.28476
0.242725
0.189257
0.126858
0.0619949
0.00955491
0.0192693
0.0101418
0.0148879
0.0495327
0.0709479
0.0880851
0.104102
0.119636
0.134661
0.149047
0.16267
0.175428
0.187235
0.198022
0.207732
0.216328
0.223786
0.230098
0.235268
0.239318
0.24228
0.244198
0.245127
0.245129
0.244275
0.242641
0.240309
0.237363
0.233887
0.229969
0.225693
0.221143
0.216397
0.211531
0.206612
0.201702
0.196854
0.192115
0.18752
0.183097
0.178865
0.174835
0.171013
0.167397
0.163981
0.160758
0.157716
0.154842
0.152126
0.149555
0.147118
0.144806
0.14261
0.140523
0.13854
0.136658
0.134872
0.133181
0.131585
0.130083
0.128676
0.127365
0.126151
0.125036
0.124022
0.123112
0.122308
0.121613
0.12103
0.120562
0.120212
0.119985
0.119884
0.11991
0.120068
0.120361
0.120794
0.12137
0.122091
0.122961
0.123983
0.125159
0.126492
0.127982
0.129631
0.131438
0.133405
0.135529
0.137809
0.140243
0.142827
0.145557
0.148429
0.151438
0.154577
0.157842
0.161227
0.164728
0.168343
0.172074
0.175926
0.179914
0.184063
0.188413
0.193024
0.197982
0.203404
0.20944
0.216277
0.224123
0.233193
0.243669
0.255651
0.269094
0.28375
0.299115
0.314401
0.328526
0.340133
0.347621
0.349202
0.34298
0.327082
0.299846
0.260141
0.2079
0.145083
0.0774794
0.018219
0.015929
0.0101366
0.0172889
0.0564571
0.0792494
0.0964847
0.112194
0.127308
0.141875
0.15578
0.168902
0.181138
0.192403
0.202629
0.211765
0.219775
0.226641
0.232359
0.23694
0.240408
0.2428
0.244167
0.244565
0.244063
0.242735
0.240659
0.237919
0.234603
0.230797
0.22659
0.222065
0.217308
0.212395
0.207399
0.202387
0.197417
0.192538
0.18779
0.183206
0.178808
0.17461
0.170618
0.166835
0.163254
0.159868
0.156667
0.153637
0.150768
0.148046
0.14546
0.143
0.140657
0.138426
0.136299
0.134273
0.132345
0.130513
0.128777
0.127137
0.125593
0.124147
0.122801
0.121556
0.120416
0.119382
0.118457
0.117646
0.116949
0.116372
0.115917
0.115589
0.11539
0.115323
0.115392
0.1156
0.115952
0.116449
0.117096
0.117896
0.118852
0.119965
0.121238
0.122672
0.124268
0.126027
0.127948
0.130031
0.132275
0.134676
0.137232
0.139938
0.142791
0.145786
0.148915
0.152173
0.155552
0.159047
0.16265
0.166357
0.170165
0.174076
0.178097
0.182243
0.186545
0.191049
0.195827
0.20098
0.206647
0.213007
0.220279
0.228707
0.238528
0.24993
0.262981
0.277558
0.293278
0.309446
0.325038
0.3387
0.348786
0.353405
0.350504
0.33799
0.31392
0.276807
0.226141
0.163335
0.0935029
0.0288388
0.0118943
0.00995512
0.0195334
0.0631079
0.0873221
0.104701
0.120125
0.134825
0.148932
0.162351
0.174964
0.18667
0.197387
0.207049
0.215609
0.223036
0.229315
0.234447
0.238448
0.241347
0.243187
0.24402
0.243909
0.242925
0.241145
0.238651
0.235531
0.231871
0.227762
0.22329
0.218544
0.213603
0.208546
0.203443
0.198356
0.193341
0.188442
0.183696
0.179128
0.174756
0.170589
0.166631
0.162879
0.159324
0.155957
0.152765
0.149736
0.146858
0.144118
0.141506
0.139013
0.136631
0.134355
0.132181
0.130105
0.128127
0.126244
0.124459
0.122771
0.121183
0.119696
0.118312
0.117035
0.115867
0.114812
0.113872
0.113051
0.112353
0.111781
0.111339
0.11103
0.110858
0.110826
0.110937
0.111196
0.111605
0.112167
0.112886
0.113765
0.114805
0.116009
0.117378
0.118913
0.120614
0.122483
0.124517
0.126715
0.129076
0.131596
0.134273
0.137101
0.140076
0.143192
0.146443
0.14982
0.153318
0.156927
0.16064
0.164451
0.168352
0.172342
0.176422
0.180602
0.1849
0.189352
0.194013
0.19897
0.204344
0.210302
0.217058
0.224868
0.234013
0.244751
0.257257
0.271539
0.287351
0.304118
0.3209
0.336375
0.348871
0.35641
0.356792
0.347714
0.326951
0.292658
0.243881
0.181475
0.109866
0.0404427
0.00732669
0.00960505
0.0216081
0.0694527
0.0951283
0.112697
0.127862
0.142159
0.155811
0.168745
0.180848
0.192024
0.202193
0.211293
0.219281
0.22613
0.231831
0.236388
0.239823
0.24217
0.243474
0.243793
0.243193
0.241749
0.23954
0.236653
0.233175
0.229197
0.224808
0.220098
0.215152
0.210051
0.20487
0.199676
0.194531
0.189483
0.184573
0.179832
0.175281
0.170934
0.166795
0.162864
0.159133
0.155594
0.152234
0.149041
0.146001
0.143102
0.140334
0.137686
0.13515
0.132722
0.130395
0.128167
0.126037
0.124003
0.122066
0.120228
0.11849
0.116854
0.115323
0.113901
0.11259
0.111393
0.110315
0.109359
0.108528
0.107827
0.107259
0.106829
0.106539
0.106393
0.106395
0.106549
0.106857
0.107324
0.107951
0.108742
0.109699
0.110824
0.112119
0.113584
0.11522
0.117026
0.119003
0.121148
0.123461
0.125938
0.128576
0.131371
0.134319
0.137414
0.140651
0.144022
0.14752
0.151136
0.154862
0.15869
0.162611
0.166616
0.1707
0.174861
0.1791
0.183431
0.187875
0.192477
0.197304
0.20246
0.208093
0.214405
0.221652
0.230135
0.24017
0.252023
0.26583
0.281494
0.298586
0.316274
0.333302
0.347993
0.358303
0.361899
0.356271
0.33892
0.307644
0.261036
0.199389
0.12643
0.0527558
0.00369247
0.00914397
0.0235037
0.075465
0.102637
0.120442
0.135377
0.149288
0.162495
0.174949
0.186548
0.197199
0.206826
0.215371
0.222795
0.229077
0.234211
0.238207
0.241092
0.242902
0.243689
0.243514
0.242446
0.240563
0.237949
0.234691
0.23088
0.226606
0.221961
0.217034
0.211909
0.206666
0.201378
0.19611
0.190917
0.185844
0.180929
0.176196
0.171662
0.167336
0.163218
0.159305
0.155587
0.152053
0.148689
0.145483
0.142422
0.139493
0.136686
0.133994
0.131409
0.128927
0.126543
0.124257
0.122067
0.119975
0.117981
0.116087
0.114296
0.112611
0.111035
0.109571
0.108224
0.106997
0.105894
0.10492
0.104078
0.103372
0.102807
0.102387
0.102115
0.101996
0.102032
0.102228
0.102586
0.10311
0.103803
0.104667
0.105703
0.106913
0.108299
0.10986
0.111596
0.113507
0.115592
0.117848
0.120273
0.122864
0.125618
0.12853
0.131596
0.13481
0.138165
0.141655
0.145271
0.149006
0.15285
0.156795
0.160829
0.164945
0.169134
0.173389
0.177709
0.182099
0.186573
0.191161
0.195917
0.200924
0.20631
0.212257
0.219011
0.226878
0.236207
0.247343
0.26054
0.27585
0.293006
0.31132
0.329626
0.346277
0.359182
0.365888
0.363693
0.349826
0.321729
0.277542
0.216989
0.143088
0.0656205
0.00693084
0.00856845
0.0252141
0.081123
0.109824
0.127911
0.142646
0.156192
0.168967
0.180954
0.192059
0.202194
0.211288
0.219289
0.226162
0.23189
0.236472
0.239923
0.242274
0.243567
0.243856
0.243207
0.241693
0.239394
0.236396
0.23279
0.228667
0.22412
0.21924
0.214115
0.20883
0.203462
0.198082
0.192749
0.187517
0.182427
0.177508
0.172783
0.168263
0.163953
0.159849
0.155946
0.15223
0.148691
0.145313
0.142085
0.138992
0.136024
0.133172
0.130428
0.127787
0.125245
0.122801
0.120452
0.1182
0.116045
0.113991
0.112039
0.110193
0.108456
0.106832
0.105326
0.10394
0.102681
0.101552
0.100557
0.0997022
0.0989906
0.0984271
0.0980161
0.0977617
0.0976677
0.0977379
0.0979758
0.0983845
0.0989671
0.0997257
0.100662
0.101779
0.103075
0.104552
0.10621
0.108047
0.110062
0.112254
0.114619
0.117156
0.11986
0.122728
0.125756
0.128937
0.132266
0.135738
0.139344
0.143078
0.14693
0.150891
0.154952
0.159102
0.163332
0.167631
0.171991
0.176407
0.180877
0.185408
0.19002
0.194753
0.199671
0.204882
0.210545
0.216884
0.224199
0.232857
0.243253
0.255745
0.270533
0.287521
0.306188
0.325494
0.34385
0.359149
0.368834
0.370022
0.359679
0.334891
0.293347
0.234197
0.159746
0.0789365
0.0134324
0.00782725
0.0267361
0.0864093
0.116667
0.135084
0.149653
0.162854
0.175215
0.186749
0.197374
0.207007
0.215583
0.223054
0.22939
0.23458
0.238627
0.241552
0.243388
0.244183
0.243996
0.242894
0.240954
0.23826
0.234901
0.230968
0.226554
0.221754
0.216657
0.211354
0.205925
0.200446
0.194985
0.189598
0.184333
0.179228
0.174307
0.169588
0.165077
0.160777
0.15668
0.152776
0.149055
0.1455
0.142099
0.138839
0.135706
0.132692
0.129787
0.126986
0.124285
0.121679
0.119169
0.116755
0.114437
0.112218
0.1101
0.108088
0.106184
0.104393
0.102719
0.101167
0.0997417
0.0984474
0.0972894
0.0962726
0.095402
0.0946825
0.0941189
0.093716
0.093478
0.093409
0.0935129
0.0937932
0.0942528
0.0948944
0.0957199
0.0967308
0.097928
0.0993115
0.100881
0.102636
0.104574
0.106694
0.108993
0.111467
0.114115
0.116931
0.119911
0.123052
0.126346
0.129789
0.133374
0.137094
0.140942
0.144909
0.148985
0.153162
0.157428
0.161773
0.166186
0.170657
0.175177
0.179741
0.184351
0.189017
0.193765
0.198646
0.203746
0.209198
0.215205
0.222046
0.230087
0.239758
0.251494
0.265632
0.282251
0.301016
0.321045
0.340844
0.358313
0.37082
0.375313
0.368501
0.347122
0.308411
0.250943
0.176301
0.0925639
0.0207907
0.00692128
0.0280691
0.0913099
0.123151
0.141946
0.156382
0.169263
0.181228
0.192327
0.202488
0.211636
0.219711
0.226669
0.232487
0.237157
0.240689
0.243106
0.244449
0.244767
0.244123
0.24259
0.240246
0.237179
0.233479
0.229239
0.224555
0.21952
0.214226
0.208759
0.2032
0.197622
0.19209
0.186656
0.181363
0.176244
0.17132
0.166603
0.162097
0.157799
0.153701
0.14979
0.146052
0.142474
0.139042
0.135742
0.132563
0.129495
0.126533
0.123669
0.120902
0.11823
0.115651
0.113168
0.110782
0.108496
0.106313
0.104238
0.102274
0.100426
0.0986993
0.0970989
0.0956299
0.0942979
0.0931082
0.0920663
0.0911779
0.0904483
0.0898828
0.0894864
0.0892639
0.0892194
0.0893569
0.0896798
0.090191
0.0908926
0.0917863
0.092873
0.0941526
0.0956247
0.0972882
0.0991412
0.101181
0.103406
0.105812
0.108396
0.111153
0.11408
0.117171
0.120422
0.123827
0.127381
0.131077
0.134908
0.138867
0.142946
0.147135
0.151425
0.155805
0.160265
0.164793
0.169377
0.174008
0.178677
0.18338
0.188121
0.192916
0.197801
0.202843
0.208154
0.213905
0.220354
0.22785
0.236837
0.247806
0.261208
0.277294
0.295927
0.316411
0.337383
0.356786
0.371934
0.379626
0.376324
0.358422
0.322704
0.267164
0.192659
0.106383
0.0287027
0.00586358
0.029215
0.0958145
0.12926
0.148482
0.16282
0.175406
0.186998
0.19768
0.207397
0.21608
0.223672
0.230138
0.235457
0.239628
0.242665
0.244597
0.245467
0.24533
0.244252
0.242308
0.239582
0.236163
0.232142
0.227616
0.22268
0.217428
0.211952
0.206336
0.20066
0.194993
0.189397
0.18392
0.178602
0.17347
0.168541
0.163822
0.159315
0.155013
0.150905
0.146978
0.143217
0.139608
0.136136
0.13279
0.129558
0.126433
0.123407
0.120478
0.117642
0.1149
0.11225
0.109696
0.107239
0.104883
0.102633
0.100491
0.0984646
0.0965572
0.0947746
0.0931226
0.0916069
0.0902337
0.089009
0.087939
0.0870299
0.0862876
0.085718
0.0853265
0.0851183
0.0850977
0.0852688
0.0856348
0.0861985
0.0869616
0.0879251
0.0890892
0.0904533
0.0920158
0.0937749
0.0957277
0.0978711
0.100202
0.102715
0.105407
0.108274
0.11131
0.114511
0.11787
0.121384
0.125046
0.12885
0.132789
0.136857
0.141044
0.145342
0.149743
0.154235
0.158808
0.16345
0.168149
0.172893
0.177672
0.182478
0.18731
0.192175
0.197098
0.202127
0.207353
0.212921
0.219058
0.22609
0.234454
0.244676
0.257297
0.272723
0.291024
0.311712
0.333589
0.354678
0.372268
0.383029
0.383188
0.368803
0.336205
0.282811
0.208743
0.120295
0.037044
0.00466306
0.0301773
0.0999156
0.134984
0.154683
0.16896
0.181277
0.192517
0.202805
0.212098
0.220336
0.227468
0.233462
0.238305
0.241999
0.244564
0.246032
0.246451
0.245881
0.244391
0.24206
0.238973
0.235221
0.230901
0.226107
0.220937
0.215484
0.20984
0.204088
0.198305
0.192558
0.186904
0.181389
0.176046
0.1709
0.165962
0.161238
0.156723
0.15241
0.148286
0.144335
0.140544
0.136897
0.13338
0.129982
0.126692
0.123505
0.120413
0.117415
0.114508
0.111692
0.108969
0.106341
0.103812
0.101384
0.0990629
0.0968532
0.0947603
0.0927898
0.0909477
0.0892403
0.0876741
0.0862558
0.0849923
0.0838904
0.0829572
0.0821993
0.0816231
0.0812347
0.0810395
0.0810422
0.0812468
0.0816567
0.0822741
0.0831004
0.0841358
0.0853797
0.0868304
0.0884857
0.0903424
0.0923969
0.094645
0.0970822
0.0997037
0.102505
0.10548
0.108624
0.111933
0.1154
0.11902
0.122788
0.126697
0.130741
0.134912
0.139205
0.14361
0.148117
0.152719
0.157402
0.162156
0.166968
0.171827
0.176719
0.181634
0.186568
0.19152
0.196504
0.201557
0.206747
0.212194
0.218094
0.224742
0.232558
0.242078
0.253908
0.268589
0.286391
0.307053
0.329575
0.352097
0.371916
0.385595
0.389142
0.378285
0.348908
0.297847
0.224487
0.134209
0.0457194
0.00333343
0.0309615
0.103609
0.140313
0.16054
0.174793
0.186868
0.19778
0.207696
0.216588
0.224403
0.231097
0.236643
0.241033
0.244274
0.246389
0.247417
0.247409
0.246429
0.244549
0.241851
0.238424
0.234361
0.229759
0.224716
0.219328
0.213691
0.207892
0.202015
0.196135
0.190314
0.184608
0.179056
0.173689
0.168527
0.163578
0.158842
0.154315
0.149984
0.145837
0.141857
0.138029
0.134338
0.13077
0.127316
0.123965
0.120712
0.117551
0.114481
0.1115
0.10861
0.105812
0.103109
0.100504
0.0980018
0.0956075
0.0933262
0.0911639
0.0891265
0.0872209
0.0854538
0.0838325
0.0823647
0.0810579
0.0799201
0.0789589
0.0781818
0.0775962
0.0772086
0.077025
0.0770504
0.0772888
0.0777435
0.0784162
0.0793077
0.0804174
0.0817438
0.0832841
0.0850349
0.0869918
0.0891501
0.0915046
0.0940498
0.0967801
0.09969
0.102774
0.106026
0.109441
0.113013
0.116737
0.120608
0.124619
0.128764
0.133037
0.137431
0.141938
0.14655
0.151256
0.156046
0.16091
0.165834
0.170805
0.175811
0.180839
0.185881
0.190931
0.195996
0.2011
0.206293
0.211672
0.217402
0.223746
0.231093
0.239973
0.251031
0.264919
0.282091
0.302525
0.325443
0.349145
0.370969
0.387398
0.394237
0.386893
0.36081
0.312244
0.239837
0.148049
0.0546442
0.00192043
0.0315744
0.106891
0.14524
0.166046
0.180314
0.192176
0.202783
0.21235
0.220865
0.228281
0.234561
0.239683
0.243643
0.246455
0.248145
0.248757
0.248346
0.246978
0.244731
0.241688
0.237942
0.233588
0.228723
0.223447
0.217858
0.212049
0.206108
0.200117
0.194146
0.188259
0.182502
0.176916
0.171524
0.166344
0.161379
0.156628
0.152083
0.147729
0.143553
0.139538
0.135667
0.131928
0.128306
0.124791
0.121376
0.118055
0.114823
0.11168
0.108624
0.105658
0.102782
0.100002
0.0973194
0.0947405
0.0922701
0.089914
0.0876784
0.0855701
0.0835963
0.0817647
0.0800834
0.0785609
0.0772058
0.076027
0.0750333
0.0742332
0.0736349
0.0732457
0.0730721
0.0731195
0.073392
0.0738925
0.0746225
0.0755818
0.0767689
0.078181
0.0798142
0.0816636
0.0837236
0.0859883
0.0884512
0.0911059
0.0939459
0.096965
0.100157
0.103516
0.107036
0.110711
0.114537
0.118508
0.122618
0.126861
0.131232
0.135724
0.14033
0.145041
0.149848
0.154742
0.159711
0.164744
0.169826
0.174945
0.180086
0.185239
0.190395
0.195554
0.200729
0.205956
0.211312
0.216931
0.223042
0.23
0.238313
0.248641
0.26172
0.278168
0.298199
0.321285
0.345918
0.369518
0.388514
0.398529
0.394662
0.37192
0.325984
0.254749
0.161745
0.0637407
0.000858084
0.0320242
0.109762
0.14976
0.171195
0.185519
0.197196
0.207523
0.216765
0.224926
0.231968
0.237858
0.242581
0.246138
0.248545
0.249835
0.250055
0.249264
0.247532
0.24494
0.241574
0.237529
0.232902
0.227793
0.222301
0.216525
0.210557
0.204486
0.198389
0.192336
0.186385
0.180583
0.174962
0.169545
0.164344
0.15936
0.154589
0.15002
0.145639
0.141429
0.137374
0.133457
0.129665
0.125986
0.122409
0.118927
0.115536
0.112232
0.109014
0.105882
0.102838
0.0998837
0.0970239
0.0942624
0.091604
0.0890545
0.0866199
0.084307
0.0821232
0.0800762
0.0781748
0.0764278
0.0748447
0.0734355
0.0722102
0.0711788
0.0703511
0.0697363
0.0693426
0.0691773
0.0692461
0.0695531
0.070101
0.0708906
0.0719207
0.0731887
0.0746904
0.0764202
0.0783719
0.0805384
0.0829123
0.0854859
0.0882518
0.0912025
0.0943311
0.0976309
0.101096
0.104719
0.108496
0.112422
0.11649
0.120696
0.125034
0.129499
0.134085
0.138784
0.143591
0.148496
0.153489
0.15856
0.163697
0.168888
0.174117
0.179371
0.184637
0.189902
0.195163
0.200424
0.205709
0.211075
0.216633
0.222576
0.22922
0.237043
0.2467
0.258981
0.274646
0.294132
0.317178
0.342502
0.367646
0.389017
0.402078
0.40163
0.382254
0.339055
0.269187
0.175239
0.0729421
0.00187162
0.0323214
0.112224
0.153868
0.175984
0.190406
0.201928
0.212
0.22094
0.228771
0.235464
0.24099
0.24534
0.248517
0.250545
0.25146
0.251313
0.250166
0.248093
0.245178
0.241511
0.237187
0.232306
0.22697
0.221278
0.215328
0.209214
0.203022
0.196828
0.190698
0.184689
0.178841
0.173187
0.167743
0.162519
0.157513
0.152718
0.148122
0.143708
0.13946
0.135361
0.131395
0.127548
0.123809
0.120168
0.116619
0.113157
0.109779
0.106486
0.103276
0.100154
0.09712
0.0941795
0.0913365
0.0885961
0.0859643
0.0834476
0.0810531
0.0787887
0.0766631
0.0746858
0.0728667
0.0712166
0.0697468
0.0684686
0.0673936
0.0665329
0.0658972
0.0654959
0.0653369
0.0654263
0.0657686
0.0663657
0.0672178
0.0683224
0.0696755
0.0712711
0.073102
0.0751601
0.0774367
0.0799229
0.0826097
0.0854885
0.0885511
0.0917896
0.095197
0.0987666
0.102492
0.106369
0.110391
0.114554
0.118852
0.123282
0.127837
0.132513
0.137303
0.142201
0.147198
0.152286
0.157455
0.162693
0.167988
0.173324
0.178689
0.184066
0.189444
0.194811
0.200168
0.205529
0.210933
0.216469
0.222299
0.228699
0.236109
0.245164
0.25668
0.271531
0.290363
0.313187
0.338976
0.365433
0.388981
0.404942
0.407839
0.391831
0.351456
0.283125
0.188483
0.0821896
0.00362469
0.0324801
0.114275
0.157559
0.18041
0.194972
0.206369
0.216211
0.224874
0.232401
0.238768
0.243956
0.247958
0.250782
0.252457
0.253022
0.252531
0.251053
0.248662
0.245447
0.241498
0.236915
0.231799
0.226252
0.220375
0.214265
0.208016
0.201712
0.195428
0.189227
0.183162
0.177272
0.171584
0.166112
0.160862
0.155831
0.151009
0.146382
0.141932
0.137643
0.133497
0.129479
0.125576
0.121775
0.118069
0.114451
0.110918
0.107467
0.104098
0.100811
0.0976088
0.0944946
0.091472
0.0885456
0.0857207
0.0830035
0.0804007
0.07792
0.0755699
0.0733597
0.0713
0.0694018
0.0676774
0.0661394
0.064801
0.0636756
0.062776
0.0621144
0.0617017
0.0615468
0.0616563
0.0620346
0.0626833
0.0636013
0.0647848
0.0662278
0.0679224
0.0698593
0.0720285
0.0744193
0.0770212
0.0798238
0.0828174
0.0859927
0.0893414
0.0928559
0.0965295
0.100356
0.10433
0.108446
0.112701
0.117089
0.121606
0.126248
0.131009
0.135885
0.14087
0.145956
0.151134
0.156396
0.161731
0.167125
0.172565
0.178037
0.183524
0.189012
0.194489
0.199948
0.205396
0.210859
0.216406
0.222169
0.228388
0.235458
0.243982
0.254783
0.268817
0.286916
0.30936
0.335407
0.362953
0.388474
0.407182
0.413333
0.400677
0.363191
0.296544
0.201436
0.091427
0.00553875
0.0325218
0.115909
0.16083
0.18447
0.199216
0.210521
0.220158
0.228568
0.235814
0.241882
0.246757
0.250436
0.252933
0.25428
0.25452
0.253711
0.251925
0.24924
0.245745
0.241536
0.236713
0.231379
0.225637
0.219589
0.213332
0.206958
0.200551
0.194183
0.187916
0.181799
0.175867
0.170144
0.164644
0.159367
0.154308
0.149455
0.144794
0.140306
0.135973
0.131779
0.127707
0.123746
0.119884
0.116112
0.112426
0.108822
0.105297
0.101852
0.098488
0.0952066
0.0920109
0.0889051
0.0858936
0.0829818
0.0801761
0.0774834
0.0749118
0.0724704
0.0701694
0.0680201
0.0660352
0.0642282
0.0626137
0.0612069
0.0600232
0.0590776
0.0583844
0.057956
0.0578026
0.0579316
0.0583472
0.0590503
0.0600384
0.0613059
0.0628445
0.0646439
0.0666925
0.0689778
0.0714871
0.0742083
0.0771293
0.0802394
0.0835285
0.0869875
0.0906086
0.0943848
0.09831
0.102379
0.106587
0.11093
0.115404
0.120005
0.124729
0.129573
0.134531
0.139598
0.144767
0.150031
0.155382
0.160808
0.166297
0.171837
0.177412
0.183006
0.188603
0.194189
0.199754
0.205297
0.210834
0.216417
0.222151
0.228241
0.235039
0.243106
0.253252
0.266487
0.283801
0.305737
0.33185
0.360271
0.387563
0.408855
0.418157
0.408821
0.374268
0.309431
0.214064
0.100607
0.00755083
0.0324652
0.117124
0.163681
0.188162
0.203139
0.214382
0.223841
0.232022
0.239012
0.244805
0.249392
0.252775
0.254971
0.256015
0.255955
0.254853
0.252782
0.249824
0.246072
0.241623
0.236579
0.231044
0.225122
0.218917
0.212524
0.206036
0.199533
0.193088
0.186758
0.180591
0.174619
0.168862
0.163331
0.158025
0.152936
0.148051
0.143353
0.138825
0.134447
0.130203
0.126077
0.122058
0.118134
0.114298
0.110544
0.106869
0.103272
0.099752
0.0963106
0.0929498
0.0896725
0.0864825
0.0833845
0.0803838
0.0774866
0.0747002
0.072033
0.0694947
0.0670961
0.0648498
0.0627697
0.0608711
0.0591708
0.0576861
0.0564351
0.0554354
0.0547037
0.0542547
0.0541
0.0542479
0.0547023
0.0554633
0.0565266
0.0578842
0.059525
0.0614358
0.0636022
0.0660091
0.0686417
0.0714857
0.0745278
0.0777561
0.0811596
0.0847289
0.0884557
0.0923331
0.096355
0.100516
0.104813
0.109241
0.113798
0.118479
0.123282
0.128203
0.133238
0.138383
0.143631
0.148977
0.154411
0.159923
0.165503
0.171138
0.176811
0.182508
0.188211
0.193905
0.199576
0.205219
0.210841
0.216478
0.222214
0.228221
0.234807
0.242487
0.252044
0.264513
0.281017
0.302343
0.328352
0.357444
0.386307
0.410017
0.422357
0.416293
0.384701
0.321782
0.226342
0.109689
0.00963635
0.0323142
0.117939
0.166105
0.191484
0.20674
0.217955
0.227261
0.235237
0.241994
0.247538
0.251863
0.254975
0.256895
0.257662
0.257327
0.255956
0.253623
0.250416
0.246427
0.241757
0.23651
0.23079
0.224704
0.218354
0.211836
0.205242
0.198652
0.192134
0.185746
0.179531
0.17352
0.167729
0.162167
0.15683
0.15171
0.146791
0.142055
0.137485
0.133061
0.128767
0.124587
0.12051
0.116525
0.112625
0.108805
0.105061
0.101392
0.0977987
0.0942811
0.0908414
0.0874826
0.0842082
0.0810226
0.077931
0.0749398
0.0720562
0.0692888
0.0666478
0.0641449
0.0617936
0.0596094
0.0576093
0.0558126
0.0542393
0.0529105
0.0518472
0.0510691
0.0505936
0.0504343
0.0506004
0.0510958
0.0519191
0.0530637
0.0545186
0.0562692
0.0582989
0.06059
0.0631244
0.065885
0.0688555
0.0720212
0.075369
0.0788874
0.0825664
0.0863978
0.0903745
0.0944908
0.0987419
0.103124
0.107634
0.112269
0.117026
0.121904
0.126898
0.132006
0.137224
0.142547
0.147968
0.153481
0.159075
0.164741
0.170465
0.176232
0.182027
0.187833
0.193631
0.199408
0.205153
0.210866
0.216571
0.222333
0.228294
0.234721
0.24208
0.251114
0.262866
0.278554
0.299191
0.32495
0.354522
0.384762
0.410721
0.425978
0.423127
0.394508
0.333596
0.238252
0.118641
0.0117776
0.0320629
0.118399
0.168085
0.194435
0.21002
0.221241
0.230419
0.238214
0.244764
0.250083
0.25417
0.257036
0.258706
0.259221
0.258636
0.257018
0.254447
0.251012
0.246807
0.241936
0.236502
0.230614
0.224378
0.217895
0.211263
0.204572
0.197901
0.191316
0.184873
0.178613
0.172563
0.166739
0.161145
0.155777
0.150623
0.145669
0.140895
0.136282
0.131812
0.127468
0.123235
0.119101
0.115056
0.111094
0.107209
0.103398
0.0996599
0.0959941
0.0924017
0.0888844
0.0854446
0.0820859
0.0788122
0.0756285
0.0725411
0.0695571
0.0666853
0.0639362
0.0613221
0.0588576
0.0565596
0.0544474
0.0525424
0.0508683
0.0494498
0.0483116
0.0474777
0.0469686
0.0468008
0.0469846
0.0475236
0.0484146
0.049648
0.0512087
0.053078
0.0552351
0.0576583
0.0603266
0.0632201
0.0663206
0.069612
0.0730803
0.0767135
0.0805014
0.0844357
0.0885095
0.0927174
0.097055
0.101519
0.106107
0.110817
0.115646
0.120594
0.125657
0.130833
0.13612
0.141512
0.147004
0.152591
0.158262
0.164008
0.169816
0.175672
0.181561
0.187464
0.193364
0.199244
0.20509
0.210898
0.21668
0.222487
0.228432
0.234744
0.241842
0.250421
0.261508
0.276394
0.296288
0.321669
0.351548
0.382976
0.411017
0.429065
0.429358
0.403709
0.344878
0.249781
0.127434
0.0139595
0.0317072
0.118553
0.169601
0.197007
0.212978
0.224241
0.233319
0.240956
0.247321
0.252439
0.256314
0.258959
0.260403
0.260691
0.259879
0.25804
0.255253
0.251611
0.24721
0.242156
0.236554
0.230513
0.224139
0.217536
0.2108
0.20402
0.197274
0.190627
0.184133
0.177829
0.171741
0.165883
0.160257
0.154857
0.14967
0.14468
0.139867
0.135212
0.130696
0.126303
0.122018
0.11783
0.113727
0.109705
0.105757
0.101881
0.0980758
0.0943401
0.0906747
0.0870813
0.0835619
0.0801195
0.0767578
0.0734815
0.0702963
0.0672095
0.0642295
0.0613672
0.0586353
0.0560493
0.0536276
0.0513916
0.0493656
0.0475768
0.0460544
0.0448281
0.0439268
0.0433759
0.0431949
0.0433958
0.0439819
0.0449474
0.0462786
0.0479554
0.0499536
0.0522475
0.0548111
0.0576197
0.0606508
0.0638845
0.0673033
0.0708926
0.0746399
0.0785352
0.0825702
0.0867384
0.0910347
0.0954554
0.0999976
0.10466
0.10944
0.114337
0.11935
0.124477
0.129717
0.135067
0.140524
0.146083
0.151738
0.15748
0.163301
0.169189
0.175129
0.181105
0.187102
0.193099
0.199078
0.205024
0.210928
0.216794
0.222657
0.22861
0.234846
0.241736
0.249922
0.260404
0.274514
0.29363
0.318529
0.348555
0.380993
0.410951
0.431661
0.435019
0.412327
0.355637
0.260923
0.136049
0.0161683
0.0312526
0.118422
0.170667
0.199181
0.215614
0.226956
0.235961
0.243464
0.249668
0.254609
0.258295
0.260744
0.261987
0.262072
0.261058
0.259019
0.256039
0.25221
0.247634
0.242414
0.23666
0.230481
0.223983
0.217271
0.21044
0.203579
0.196764
0.19006
0.183517
0.177172
0.171048
0.165156
0.159498
0.154066
0.148845
0.143819
0.138968
0.134271
0.129711
0.125271
0.120935
0.116694
0.112536
0.108456
0.104449
0.100511
0.0966409
0.0928378
0.0891021
0.0854348
0.0818376
0.078313
0.0748643
0.0714955
0.068212
0.0650205
0.0619295
0.0589495
0.0560938
0.0533784
0.0508229
0.0484509
0.0462896
0.0443705
0.0427278
0.0413975
0.040415
0.0398116
0.0396117
0.0398294
0.0404672
0.0415158
0.0429559
0.0447609
0.0468999
0.0493411
0.0520536
0.055009
0.0581823
0.0615517
0.065099
0.0688089
0.0726691
0.0766695
0.0808024
0.0850616
0.0894427
0.0939424
0.0985586
0.10329
0.108136
0.113097
0.118171
0.123358
0.128657
0.134065
0.139582
0.145201
0.15092
0.156729
0.162619
0.16858
0.174599
0.180658
0.186742
0.192831
0.198906
0.204949
0.210948
0.2169
0.22283
0.228809
0.235001
0.241729
0.249581
0.259517
0.272887
0.291209
0.315542
0.345571
0.378851
0.410563
0.433805
0.440146
0.420388
0.365885
0.271677
0.144469
0.0183916
0.0307076
0.118007
0.17133
0.200931
0.217921
0.229388
0.238348
0.245741
0.251807
0.256594
0.260115
0.262392
0.263458
0.263364
0.262171
0.259955
0.256803
0.252809
0.248075
0.242708
0.236818
0.230515
0.223906
0.217095
0.210179
0.203244
0.196366
0.189609
0.18302
0.176635
0.170476
0.164552
0.158862
0.153398
0.148144
0.143082
0.138193
0.133456
0.128853
0.124367
0.119984
0.115692
0.111482
0.107348
0.103284
0.0992871
0.0953557
0.0914885
0.0876855
0.0839473
0.080275
0.0766705
0.0731365
0.0696764
0.066295
0.0629983
0.0597945
0.0566936
0.0537088
0.0508566
0.0481576
0.045637
0.0433252
0.0412581
0.039476
0.0380226
0.0369416
0.0362728
0.0360468
0.0362808
0.0369763
0.038119
0.0396819
0.0416296
0.0439229
0.0465229
0.0493932
0.0525019
0.0558212
0.0593282
0.0630039
0.0668332
0.0708038
0.0749063
0.0791334
0.0834797
0.0879413
0.0925156
0.0972012
0.101998
0.106905
0.111923
0.117054
0.122295
0.127648
0.133111
0.138682
0.144358
0.150134
0.156004
0.161959
0.167989
0.174079
0.180217
0.186383
0.192558
0.198724
0.20486
0.210952
0.216992
0.222994
0.229013
0.235184
0.241789
0.249363
0.258811
0.271485
0.289012
0.31271
0.342618
0.376582
0.409893
0.435536
0.444772
0.427916
0.375636
0.282043
0.152683
0.0206183
0.0300793
0.117308
0.171616
0.202265
0.21988
0.231537
0.240482
0.247789
0.253739
0.258394
0.261775
0.263903
0.264816
0.264565
0.263216
0.260846
0.257543
0.253404
0.248532
0.243035
0.237024
0.230611
0.223903
0.217004
0.21001
0.203009
0.196073
0.189266
0.182635
0.176213
0.17002
0.164064
0.158343
0.152847
0.14756
0.142464
0.137538
0.132763
0.128119
0.123589
0.119161
0.114822
0.110563
0.106378
0.102261
0.0982095
0.0942206
0.0902931
0.0864266
0.0826211
0.0788771
0.075196
0.0715795
0.0680305
0.0645528
0.0611519
0.0578348
0.0546112
0.0514937
0.0484986
0.045647
0.0429654
0.0404871
0.0382525
0.0363088
0.0347089
0.0335079
0.0327567
0.0324954
0.0327455
0.0335068
0.0347578
0.0364608
0.0385686
0.0410316
0.0438027
0.0468399
0.0501073
0.0535756
0.0572207
0.0610238
0.0649699
0.0690476
0.0732481
0.0775649
0.0819934
0.0865306
0.0911746
0.0959245
0.100781
0.105744
0.110816
0.115997
0.121289
0.126691
0.132202
0.137822
0.143549
0.149378
0.155304
0.161318
0.16741
0.173568
0.179777
0.18602
0.192277
0.198528
0.204753
0.210934
0.21706
0.223137
0.229206
0.235376
0.241893
0.249235
0.258254
0.270279
0.287022
0.310036
0.339711
0.374213
0.408973
0.436889
0.44893
0.434939
0.384907
0.292027
0.160682
0.0228389
0.0293752
0.116334
0.171531
0.203208
0.221479
0.233393
0.242364
0.249609
0.255466
0.260013
0.263275
0.265278
0.26606
0.265677
0.264194
0.261691
0.258258
0.253993
0.249
0.24339
0.237275
0.230764
0.223969
0.216992
0.20993
0.202868
0.19588
0.189028
0.182357
0.175899
0.169673
0.163686
0.157935
0.152408
0.14709
0.14196
0.137
0.132187
0.127505
0.122935
0.118465
0.114082
0.109778
0.105546
0.10138
0.0972777
0.0932357
0.0892524
0.0853267
0.0814583
0.077647
0.0738933
0.0701984
0.0665641
0.0629934
0.0594906
0.0560619
0.0527157
0.0494638
0.0463216
0.04331
0.0404561
0.0377953
0.035372
0.0332412
0.0314666
0.0301179
0.0292622
0.0289531
0.029219
0.0300572
0.0314354
0.0333002
0.0355888
0.0382388
0.0411938
0.0444061
0.0478369
0.0514554
0.0552378
0.0591655
0.0632246
0.0674045
0.0716977
0.0760987
0.0806039
0.085211
0.089919
0.0947278
0.0996384
0.104652
0.109772
0.114999
0.120335
0.125781
0.131336
0.137001
0.142772
0.148649
0.154626
0.160694
0.166843
0.173062
0.179337
0.18565
0.191983
0.198314
0.204623
0.210889
0.217099
0.223252
0.229377
0.235562
0.242018
0.249171
0.257813
0.26924
0.285218
0.307513
0.336861
0.371766
0.407834
0.437897
0.452652
0.441481
0.393717
0.301636
0.168464
0.0250449
0.0286022
0.11509
0.171081
0.20377
0.222727
0.234948
0.243989
0.251204
0.25699
0.26145
0.264616
0.266516
0.267192
0.266698
0.265103
0.262489
0.258946
0.254574
0.249479
0.243772
0.237566
0.230972
0.2241
0.217055
0.209932
0.202816
0.195782
0.188888
0.18218
0.175688
0.169431
0.163414
0.157633
0.152077
0.146728
0.141567
0.136573
0.131727
0.127008
0.122401
0.117892
0.11347
0.109124
0.10485
0.10064
0.0964912
0.0924008
0.0883666
0.0843869
0.0804607
0.0765873
0.0727663
0.0689982
0.0652837
0.0616248
0.0580246
0.0544879
0.0510218
0.0476364
0.0443458
0.0411696
0.0381343
0.035276
0.0326425
0.0302957
0.0283122
0.0267802
0.0257897
0.0254156
0.0256973
0.0266282
0.0281587
0.0302128
0.0327067
0.0355623
0.0387136
0.0421079
0.0457046
0.0494727
0.0533892
0.0574369
0.0616032
0.0658792
0.0702585
0.0747371
0.0793123
0.083983
0.0887488
0.0936104
0.0985694
0.103628
0.10879
0.114057
0.119432
0.124917
0.130511
0.136214
0.142026
0.147945
0.153966
0.160082
0.166283
0.172558
0.178893
0.185272
0.191674
0.198079
0.204466
0.210813
0.217104
0.223332
0.229516
0.235728
0.242144
0.249145
0.257461
0.26834
0.283581
0.305135
0.334074
0.369261
0.4065
0.438589
0.455966
0.44757
0.402085
0.310882
0.176026
0.0272294
0.0277672
0.113586
0.170272
0.203956
0.223634
0.236203
0.245355
0.25257
0.258312
0.262708
0.265799
0.267619
0.268209
0.267627
0.265942
0.263237
0.259604
0.255144
0.249965
0.244177
0.237895
0.23123
0.224293
0.217189
0.210013
0.20285
0.195773
0.188841
0.182099
0.175576
0.169289
0.163243
0.157434
0.151849
0.146471
0.141281
0.136256
0.131377
0.126626
0.121985
0.117441
0.112983
0.108601
0.104288
0.100039
0.095849
0.0917156
0.0876359
0.0836079
0.0796298
0.0757004
0.0718185
0.0679836
0.0641955
0.0604551
0.056764
0.0531256
0.0495452
0.0460307
0.0425942
0.0392527
0.0360308
0.0329634
0.0300993
0.0275058
0.0252724
0.0235106
0.0223432
0.0218789
0.0221767
0.0232231
0.0249407
0.027219
0.0299463
0.0330265
0.0363849
0.0399654
0.0437273
0.0476412
0.0516861
0.0558468
0.0601128
0.0644769
0.0689345
0.0734827
0.0781203
0.0828472
0.087664
0.0925719
0.097573
0.102671
0.107868
0.11317
0.118578
0.124096
0.129723
0.13546
0.141307
0.147263
0.153323
0.159482
0.165729
0.172054
0.178443
0.184881
0.191347
0.19782
0.204279
0.210702
0.217069
0.22337
0.229616
0.235861
0.242257
0.249137
0.257171
0.267552
0.28209
0.302891
0.331353
0.36671
0.404996
0.438993
0.4589
0.45323
0.41003
0.319775
0.183371
0.0293866
0.0268764
0.111832
0.16911
0.203767
0.224199
0.237164
0.246463
0.253706
0.259431
0.263785
0.266825
0.268587
0.269113
0.268464
0.266711
0.263935
0.260231
0.255702
0.250455
0.244602
0.238258
0.231535
0.224544
0.21739
0.210168
0.202964
0.19585
0.188883
0.182109
0.175557
0.169242
0.163169
0.157333
0.151721
0.146316
0.141097
0.136044
0.131136
0.126355
0.121684
0.117109
0.112619
0.108205
0.103859
0.0995753
0.09535
0.0911793
0.0870602
0.0829901
0.0789669
0.0749885
0.071053
0.0671591
0.0633056
0.0594921
0.055719
0.0519879
0.048302
0.044667
0.0410917
0.03759
0.0341825
0.0309004
0.0277901
0.0249201
0.0223903
0.0203382
0.0189331
0.01834
0.0186543
0.0198512
0.0218044
0.0243508
0.027342
0.0306642
0.0342364
0.0380027
0.0419249
0.045977
0.0501411
0.0544051
0.058761
0.0632035
0.0677297
0.0723384
0.0770298
0.0818048
0.0866649
0.0916118
0.0966482
0.101778
0.107006
0.112335
0.117771
0.123316
0.128971
0.134736
0.140612
0.146599
0.152694
0.15889
0.165177
0.171546
0.177984
0.184475
0.190998
0.197533
0.204059
0.210552
0.21699
0.223361
0.229668
0.235953
0.242342
0.249127
0.25692
0.266851
0.280722
0.300768
0.328698
0.364126
0.40334
0.439132
0.461481
0.458485
0.417571
0.328328
0.190502
0.031512
0.0259362
0.109838
0.167603
0.203207
0.224423
0.237832
0.247317
0.254616
0.260345
0.264681
0.267692
0.269419
0.269903
0.269209
0.267408
0.26458
0.260826
0.256245
0.250948
0.245045
0.238653
0.231885
0.224849
0.217654
0.210394
0.203155
0.196008
0.189011
0.182208
0.175628
0.169287
0.163188
0.157326
0.151688
0.146257
0.141012
0.135933
0.131
0.126192
0.121495
0.116893
0.112376
0.107934
0.10356
0.0992479
0.0949929
0.090791
0.086639
0.0825338
0.0784727
0.0744531
0.0704725
0.0665285
0.0626193
0.0587431
0.0548991
0.0510871
0.0473083
0.0435656
0.0398646
0.0362147
0.0326312
0.0291388
0.0257766
0.022608
0.0197346
0.0173164
0.0155831
0.0147974
0.0151293
0.0165331
0.0187914
0.0216582
0.0249429
0.0285183
0.0323037
0.0362485
0.0403201
0.0444978
0.0487682
0.0531226
0.0575559
0.062065
0.0666489
0.0713078
0.0760431
0.080857
0.0857519
0.0907303
0.0957946
0.10095
0.1062
0.111552
0.117009
0.122575
0.128253
0.134041
0.13994
0.145953
0.152076
0.158304
0.164626
0.171032
0.177513
0.184051
0.190626
0.197217
0.203803
0.210359
0.216864
0.2233
0.229667
0.235994
0.242386
0.2491
0.256687
0.266215
0.279457
0.298755
0.326107
0.361515
0.401548
0.43903
0.463733
0.463358
0.42473
0.336556
0.197423
0.033602
0.0249522
0.107614
0.165759
0.202279
0.224305
0.238204
0.247917
0.255303
0.261058
0.265397
0.2684
0.270112
0.270577
0.269858
0.26803
0.265171
0.261385
0.256771
0.25144
0.245504
0.239078
0.232276
0.225205
0.217978
0.210689
0.20342
0.196244
0.18922
0.182391
0.175786
0.169419
0.163296
0.157409
0.151747
0.146292
0.141024
0.135922
0.130965
0.126135
0.121415
0.116791
0.112251
0.107787
0.10339
0.0990549
0.0947761
0.0905495
0.0863715
0.0822386
0.0781476
0.0740954
0.0700789
0.066095
0.062141
0.0582143
0.0543126
0.0504344
0.0465788
0.0427461
0.0389384
0.0351606
0.0314215
0.027737
0.0241349
0.020664
0.0174126
0.0145437
0.0123482
0.011254
0.0116056
0.0133149
0.0159759
0.019219
0.0228166
0.0266432
0.0306294
0.0347354
0.0389379
0.0432228
0.047582
0.0520106
0.0565063
0.0610683
0.0656971
0.0703944
0.0751628
0.0800054
0.084926
0.0899274
0.0950118
0.100185
0.105452
0.110818
0.11629
0.121872
0.127566
0.133371
0.139288
0.145321
0.151466
0.15772
0.164071
0.17051
0.177027
0.183606
0.190226
0.196867
0.203507
0.210122
0.216686
0.223184
0.229607
0.235978
0.242382
0.249041
0.256455
0.265622
0.278276
0.296838
0.323575
0.358885
0.399634
0.438703
0.465677
0.467873
0.431524
0.344472
0.204142
0.0356543
0.0239301
0.105172
0.163587
0.200988
0.223845
0.238281
0.248264
0.255767
0.261571
0.265935
0.26895
0.270667
0.271133
0.270411
0.268576
0.265707
0.261907
0.257278
0.25193
0.245975
0.239529
0.232706
0.22561
0.218361
0.211048
0.203756
0.196557
0.189509
0.182656
0.176027
0.169637
0.163491
0.157581
0.151895
0.146418
0.141129
0.136007
0.13103
0.12618
0.121441
0.116799
0.112242
0.10776
0.103346
0.0989941
0.0946979
0.0904534
0.0862567
0.0821039
0.0779915
0.0739159
0.0698736
0.0658609
0.0618744
0.0579106
0.0539663
0.0500391
0.0461262
0.0422255
0.0383363
0.034459
0.0305964
0.0267554
0.0229498
0.0192068
0.0155829
0.012203
0.00936388
0.00772777
0.00810302
0.0103047
0.013493
0.0171494
0.0210518
0.0251042
0.0292611
0.033499
0.0378048
0.0421721
0.0465978
0.0510808
0.0556212
0.0602201
0.0648796
0.0696023
0.0743918
0.0792522
0.0841881
0.0892038
0.0942999
0.0994826
0.104759
0.110134
0.115614
0.121204
0.126909
0.132725
0.138655
0.144701
0.150863
0.157138
0.163512
0.169977
0.176524
0.183139
0.189798
0.196482
0.20317
0.209836
0.216455
0.223009
0.229485
0.235898
0.242319
0.248939
0.256207
0.265052
0.277158
0.295001
0.321098
0.356237
0.39761
0.438171
0.467334
0.472048
0.437973
0.352092
0.210666
0.0376671
0.0228754
0.102523
0.161094
0.199336
0.223043
0.238059
0.248357
0.256009
0.261887
0.266295
0.269341
0.271084
0.27157
0.270866
0.269043
0.266183
0.262389
0.257763
0.252414
0.246455
0.240003
0.23317
0.226063
0.218799
0.21147
0.20416
0.196942
0.189874
0.183
0.17635
0.169938
0.16377
0.157838
0.152129
0.146633
0.141325
0.136185
0.131191
0.126325
0.121572
0.116916
0.112346
0.107852
0.103427
0.0990634
0.0947563
0.090501
0.0862931
0.0821286
0.0780037
0.0739145
0.0698571
0.0658274
0.0618216
0.0578355
0.0538652
0.0499082
0.04596
0.042017
0.0380763
0.0341353
0.0301925
0.0262474
0.022302
0.018363
0.014448
0.0106048
0.00699151
0.00431208
0.00471571
0.00777653
0.011577
0.0156104
0.0197557
0.0239737
0.028249
0.032575
0.0369475
0.0413655
0.0458307
0.0503447
0.0549094
0.0595274
0.0642017
0.0689355
0.0737332
0.0785995
0.0835399
0.0885601
0.0936591
0.0988434
0.104121
0.109497
0.114978
0.120571
0.12628
0.132101
0.138037
0.144091
0.150265
0.156554
0.162945
0.169431
0.176002
0.182646
0.189338
0.196059
0.202788
0.209499
0.216167
0.22277
0.229295
0.235749
0.24219
0.248783
0.255928
0.264489
0.276087
0.293233
0.318668
0.353575
0.395483
0.437447
0.468722
0.475905
0.444095
0.359429
0.217003
0.0396396
0.0217932
0.0996786
0.158289
0.197329
0.221897
0.237537
0.248193
0.256031
0.262007
0.266479
0.269576
0.271363
0.27189
0.271221
0.26943
0.266599
0.262829
0.258223
0.252889
0.246942
0.240497
0.233667
0.226559
0.21929
0.211952
0.204631
0.197399
0.190314
0.183422
0.176751
0.170319
0.16413
0.158178
0.15245
0.146935
0.14161
0.136454
0.131446
0.126568
0.121804
0.117138
0.112561
0.10806
0.103629
0.0992606
0.0949494
0.0906903
0.086479
0.0823113
0.0781831
0.0740903
0.0700288
0.0659945
0.0619832
0.0579905
0.0540123
0.0500458
0.0460859
0.0421285
0.0381696
0.0342058
0.0302333
0.026249
0.0222496
0.0182324
0.0141949
0.0101355
0.00605386
0.00196332
0.00223474
0.00638041
0.0105676
0.0147866
0.0190375
0.0233216
0.0276405
0.0319967
0.0363903
0.0408214
0.0452949
0.0498134
0.0543798
0.058997
0.0636687
0.0683984
0.0731907
0.0780503
0.0829833
0.0879977
0.0930899
0.098267
0.103537
0.108907
0.114382
0.11997
0.125678
0.131497
0.137434
0.14349
0.149668
0.155967
0.16237
0.16887
0.175459
0.182125
0.188844
0.195595
0.202359
0.209109
0.215818
0.222467
0.229035
0.235528
0.24199
0.248564
0.255607
0.263916
0.275046
0.291518
0.316279
0.350898
0.393263
0.436546
0.469857
0.47946
0.449907
0.366498
0.223163
0.0415714
0.0206887
0.0966505
0.155183
0.194969
0.220407
0.236711
0.247772
0.25583
0.261932
0.266489
0.269656
0.271504
0.27209
0.271476
0.269736
0.266952
0.263224
0.258654
0.253353
0.247432
0.241008
0.234193
0.227095
0.21983
0.212492
0.205166
0.197924
0.190827
0.183919
0.177231
0.17078
0.164571
0.158599
0.152854
0.147322
0.141982
0.136812
0.131793
0.126907
0.122135
0.117465
0.112884
0.108382
0.103951
0.0995836
0.0952748
0.0910193
0.0868125
0.0826501
0.0785279
0.0744418
0.0703876
0.0663613
0.0623585
0.0583753
0.0544079
0.0504526
0.0465051
0.0425618
0.0386192
0.0346745
0.0307253
0.0267702
0.0228094
0.0188461
0.0148906
0.0109722
0.00718913
0.00402616
0.00382447
0.00689677
0.0107542
0.0148191
0.0189791
0.0232011
0.0274732
0.0317913
0.0361527
0.0405554
0.0450029
0.0494971
0.0540404
0.0586356
0.063286
0.0679953
0.0727676
0.0776075
0.0825208
0.0875177
0.0925932
0.0977539
0.103009
0.108365
0.113827
0.119402
0.125101
0.130913
0.136844
0.142896
0.149073
0.155374
0.161783
0.168291
0.174892
0.181575
0.188314
0.195088
0.201881
0.208664
0.215408
0.222095
0.228702
0.235229
0.241712
0.248275
0.255233
0.26332
0.274019
0.289844
0.313922
0.348205
0.390954
0.435477
0.470756
0.48273
0.455425
0.373313
0.229153
0.0434627
0.0195668
0.0934513
0.151785
0.192262
0.218573
0.235578
0.247089
0.255406
0.261662
0.266325
0.26958
0.271509
0.272171
0.27163
0.269959
0.26724
0.263572
0.259056
0.253802
0.247923
0.241533
0.234746
0.22767
0.220418
0.213087
0.205762
0.198516
0.19141
0.184489
0.177785
0.171317
0.165091
0.159101
0.153339
0.147792
0.142438
0.137258
0.132231
0.127338
0.122564
0.117893
0.113313
0.108815
0.104389
0.10003
0.0957305
0.0914858
0.0872914
0.0831428
0.079036
0.0749668
0.0709313
0.0669256
0.0629457
0.0589879
0.0550489
0.0511254
0.0472141
0.0433126
0.0394193
0.0355336
0.0316568
0.0277933
0.0239525
0.0201537
0.0164372
0.0128919
0.00973476
0.00751414
0.00720659
0.00904479
0.0121117
0.0157249
0.0196032
0.0236336
0.0277657
0.0319752
0.0362486
0.0405792
0.0449647
0.0494043
0.0538987
0.0584494
0.0630589
0.0677304
0.0724675
0.0772744
0.0821563
0.087122
0.0921695
0.0973048
0.102536
0.10787
0.113311
0.118867
0.12455
0.130347
0.136265
0.142308
0.148477
0.154775
0.161183
0.167693
0.174299
0.180993
0.187746
0.194537
0.201351
0.208161
0.214933
0.221652
0.228292
0.23485
0.241353
0.247908
0.254795
0.262687
0.272991
0.288198
0.31159
0.345494
0.388562
0.434251
0.47143
0.485731
0.460666
0.379889
0.234984
0.0453143
0.0184325
0.0900937
0.148106
0.189213
0.216394
0.234135
0.246141
0.254758
0.261196
0.265988
0.269349
0.271377
0.272133
0.271683
0.270098
0.267462
0.26387
0.259425
0.254235
0.248412
0.24207
0.235322
0.228279
0.221051
0.213735
0.206417
0.199172
0.192062
0.185131
0.178415
0.171932
0.165688
0.159682
0.153906
0.148344
0.142979
0.13779
0.132757
0.127862
0.123088
0.11842
0.113847
0.109358
0.104943
0.100598
0.0963139
0.0920873
0.0879131
0.0837869
0.0797047
0.0756627
0.0716571
0.0676844
0.063741
0.059824
0.0559305
0.0520581
0.0482051
0.0443708
0.0405562
0.0367641
0.0330008
0.0292778
0.0256155
0.0220497
0.0186456
0.0155242
0.0129126
0.0112002
0.0108515
0.0120119
0.0143399
0.017391
0.0208673
0.0246048
0.0285158
0.032552
0.0366856
0.0409005
0.0451875
0.0495417
0.0539606
0.0584438
0.0629922
0.0676079
0.0722937
0.0770532
0.0818911
0.0868128
0.0918211
0.0969212
0.10212
0.107423
0.112836
0.118366
0.124022
0.129798
0.135698
0.141725
0.14788
0.154169
0.160569
0.167075
0.17368
0.180378
0.187138
0.19394
0.200768
0.207597
0.214391
0.221136
0.227803
0.234387
0.240908
0.247458
0.254286
0.262007
0.27195
0.286568
0.309276
0.342764
0.386088
0.432877
0.471894
0.488477
0.465643
0.386238
0.240664
0.0471271
0.0172906
0.0865909
0.144156
0.185828
0.213871
0.232378
0.244925
0.253881
0.260533
0.265477
0.268965
0.271108
0.271976
0.271633
0.270152
0.267615
0.264117
0.259759
0.254648
0.248895
0.242615
0.23592
0.22892
0.221725
0.214433
0.20713
0.199892
0.192781
0.185845
0.179118
0.172621
0.166363
0.160342
0.154552
0.148978
0.143603
0.138408
0.133372
0.128477
0.123706
0.119046
0.114483
0.110008
0.10561
0.101284
0.0970228
0.0928213
0.088675
0.0845795
0.0805312
0.0765262
0.0725614
0.0686335
0.0647397
0.0608776
0.0570454
0.0532417
0.0494667
0.0457218
0.0420105
0.0383395
0.0347201
0.0311704
0.0277196
0.0244146
0.0213314
0.0185921
0.0163858
0.0149691
0.014595
0.0153598
0.0171286
0.0196479
0.022684
0.0260711
0.0297031
0.0335138
0.0374619
0.0415211
0.0456752
0.0499139
0.0542311
0.0586236
0.0630904
0.0676318
0.0722496
0.0769466
0.0817264
0.0865932
0.0915511
0.0966051
0.101761
0.107025
0.112402
0.117898
0.123519
0.129266
0.135141
0.141147
0.147283
0.153552
0.159939
0.166434
0.173033
0.179728
0.186489
0.193293
0.200131
0.206972
0.213781
0.220545
0.227233
0.233837
0.240373
0.24692
0.253698
0.26127
0.270884
0.284943
0.30697
0.340011
0.383537
0.431361
0.472156
0.490981
0.470369
0.392373
0.246204
0.0489021
0.016146
0.0829567
0.139949
0.182113
0.211004
0.230303
0.243435
0.252773
0.259673
0.264794
0.268427
0.270702
0.271698
0.271479
0.270119
0.267699
0.26431
0.260054
0.255038
0.249371
0.243167
0.236537
0.229591
0.222439
0.215179
0.207898
0.200673
0.193566
0.186628
0.179894
0.173386
0.167115
0.16108
0.155277
0.149692
0.144309
0.139109
0.134072
0.12918
0.124417
0.119768
0.11522
0.110763
0.106388
0.102087
0.0978547
0.0936853
0.0895743
0.0855177
0.0815119
0.0775535
0.0736397
0.0697678
0.0659356
0.0621416
0.0583848
0.0546654
0.0509851
0.0473474
0.0437586
0.0402286
0.0367728
0.033414
0.0301868
0.0271423
0.0243556
0.0219347
0.0200247
0.0187964
0.0184032
0.0189129
0.0202717
0.0223388
0.024952
0.0279715
0.0312925
0.0348413
0.0385677
0.0424375
0.0464278
0.0505232
0.0547136
0.0589929
0.0633575
0.0678062
0.0723393
0.0769583
0.081666
0.0864659
0.0913619
0.0963586
0.101461
0.106676
0.112007
0.117461
0.123042
0.128753
0.134596
0.140573
0.146683
0.152926
0.159292
0.165772
0.172359
0.179042
0.185795
0.192598
0.199436
0.206283
0.213099
0.219877
0.226579
0.233198
0.239745
0.246289
0.253025
0.260465
0.269781
0.283311
0.304665
0.337231
0.380908
0.42971
0.472228
0.493255
0.474858
0.398306
0.251612
0.0506408
0.0150034
0.0792054
0.135497
0.178075
0.207793
0.227908
0.241666
0.25143
0.258613
0.263936
0.267734
0.27016
0.271299
0.271221
0.269998
0.267709
0.264447
0.260309
0.255403
0.249836
0.24372
0.237168
0.230288
0.223189
0.21597
0.208719
0.201513
0.194416
0.18748
0.180741
0.174225
0.167942
0.161896
0.156081
0.150487
0.145098
0.139894
0.134859
0.129973
0.12522
0.120585
0.116056
0.111622
0.107274
0.103005
0.0988072
0.0946765
0.0906081
0.0865981
0.0826432
0.0787404
0.0748872
0.0710815
0.0673219
0.0636075
0.0599385
0.0563165
0.0527445
0.049228
0.0457753
0.0423991
0.0391172
0.0359553
0.0329494
0.0301497
0.0276243
0.0254626
0.0237735
0.0226742
0.0222651
0.0225966
0.0236494
0.0253456
0.0275783
0.0302405
0.0332407
0.0365074
0.0399872
0.0436412
0.0474417
0.0513691
0.0554097
0.0595543
0.0637972
0.0681351
0.0725667
0.0770925
0.081714
0.0864341
0.0912561
0.0961843
0.101223
0.106379
0.111655
0.117058
0.122591
0.128258
0.134061
0.140001
0.146078
0.15229
0.158629
0.165087
0.171655
0.178318
0.185058
0.191853
0.198685
0.205528
0.212346
0.219129
0.225839
0.232468
0.239022
0.245562
0.25226
0.259585
0.26863
0.281662
0.302353
0.334421
0.378204
0.427929
0.472117
0.495309
0.479122
0.404048
0.256897
0.0523445
0.0138676
0.0753522
0.130813
0.173723
0.204241
0.225188
0.239613
0.249847
0.257348
0.262902
0.266887
0.26948
0.27078
0.270858
0.269787
0.267646
0.264525
0.260521
0.255739
0.250286
0.244273
0.23781
0.231008
0.223973
0.216804
0.20959
0.20241
0.195329
0.188399
0.18166
0.175137
0.168846
0.162789
0.156965
0.151363
0.145968
0.140763
0.135731
0.130853
0.126113
0.121496
0.11699
0.112584
0.108268
0.104035
0.0998781
0.0957924
0.0917734
0.0878174
0.0839212
0.0800822
0.0762984
0.0725683
0.0688909
0.0652663
0.0616956
0.0581815
0.0547283
0.0513428
0.0480352
0.0448193
0.0417145
0.0387471
0.035952
0.0333754
0.0310759
0.0291253
0.0276054
0.0265992
0.0261763
0.0263755
0.0271932
0.0285866
0.0304871
0.0328173
0.0355031
0.0384811
0.0416999
0.0451197
0.0487102
0.0524488
0.0563192
0.0603096
0.0644122
0.0686219
0.0729358
0.0773531
0.0818743
0.0865014
0.0912372
0.0960852
0.10105
0.106136
0.111347
0.11669
0.122166
0.127781
0.133536
0.139433
0.145469
0.151643
0.157948
0.164376
0.170917
0.177557
0.184276
0.191057
0.197875
0.204707
0.211521
0.218301
0.225011
0.231644
0.2382
0.244733
0.251398
0.258622
0.267423
0.279987
0.300028
0.331577
0.375424
0.426023
0.471831
0.497153
0.48317
0.409611
0.262067
0.0540145
0.0127431
0.0714127
0.125914
0.169066
0.20035
0.222141
0.237271
0.248018
0.255877
0.26169
0.265883
0.268663
0.270138
0.270387
0.269484
0.267506
0.264541
0.260686
0.256042
0.250718
0.244821
0.238461
0.231748
0.224787
0.217678
0.21051
0.203363
0.196303
0.189384
0.182648
0.176123
0.169825
0.16376
0.157928
0.152319
0.14692
0.141716
0.136689
0.131821
0.127097
0.122501
0.118021
0.113647
0.109367
0.105176
0.101065
0.0970304
0.0930672
0.089172
0.0853418
0.0815743
0.0778679
0.0742215
0.0706348
0.0671086
0.0636447
0.0602466
0.0569198
0.0536719
0.0505139
0.0474604
0.0445308
0.0417504
0.0391517
0.0367751
0.0346698
0.0328929
0.0315061
0.0305698
0.0301346
0.030231
0.0308628
0.0320071
0.0336209
0.0356499
0.0380373
0.0407304
0.0436833
0.0468579
0.0502238
0.0537573
0.0574403
0.0612593
0.0652047
0.0692697
0.0734502
0.0777442
0.0821511
0.086672
0.091309
0.096065
0.100944
0.10595
0.111087
0.116359
0.121771
0.127326
0.133024
0.138868
0.144856
0.150985
0.157249
0.16364
0.170147
0.176755
0.183448
0.190206
0.197004
0.20382
0.210624
0.217392
0.224096
0.230726
0.237276
0.243802
0.250435
0.25757
0.266151
0.278277
0.29768
0.328694
0.372568
0.423995
0.471377
0.498796
0.487013
0.415004
0.267132
0.055652
0.0116346
0.0674033
0.120816
0.164115
0.196124
0.218764
0.234632
0.245936
0.254193
0.260297
0.264722
0.267705
0.269373
0.269808
0.269087
0.267286
0.264493
0.260801
0.256311
0.251128
0.24536
0.239116
0.232503
0.225628
0.218589
0.211475
0.204369
0.197336
0.190435
0.183706
0.177182
0.17088
0.164809
0.15897
0.153356
0.147955
0.142753
0.137732
0.132877
0.12817
0.123599
0.119149
0.114809
0.110571
0.106425
0.102366
0.0983878
0.0944865
0.0906584
0.0869009
0.0832118
0.0795898
0.0760344
0.0725456
0.0691247
0.0657743
0.0624983
0.0593029
0.0561961
0.0531892
0.0502965
0.0475369
0.0449335
0.0425154
0.0403172
0.0383794
0.0367471
0.0354674
0.0345854
0.034139
0.0341527
0.0346336
0.0355706
0.0369372
0.0386963
0.0408063
0.0432251
0.045914
0.0488391
0.0519715
0.055288
0.0587699
0.0624027
0.0661758
0.0700811
0.0741135
0.0782698
0.0825486
0.0869502
0.0914758
0.0961279
0.10091
0.105825
0.110877
0.11607
0.121407
0.126892
0.132526
0.138309
0.144241
0.150317
0.156532
0.162877
0.169343
0.175913
0.182572
0.189299
0.196071
0.202863
0.209648
0.2164
0.223094
0.229712
0.236253
0.242763
0.249366
0.256421
0.264804
0.276522
0.295305
0.325769
0.369635
0.421848
0.470762
0.500247
0.490661
0.420237
0.272099
0.057258
0.0105465
0.0633411
0.115535
0.158883
0.191567
0.215055
0.231691
0.243595
0.25229
0.258719
0.263401
0.266607
0.268482
0.269119
0.268593
0.266984
0.264376
0.260862
0.256539
0.251512
0.245886
0.23977
0.233271
0.226492
0.219532
0.212483
0.205425
0.198428
0.191549
0.184833
0.178313
0.172011
0.165936
0.160093
0.154475
0.149073
0.143874
0.138862
0.13402
0.129334
0.124789
0.120371
0.116071
0.111877
0.107782
0.103779
0.0998625
0.0960285
0.0922733
0.0885944
0.0849898
0.0814585
0.0780001
0.0746151
0.0713052
0.0680732
0.0649236
0.0618623
0.0588979
0.056041
0.0533055
0.0507085
0.0482711
0.0460181
0.0439789
0.0421864
0.0406762
0.0394846
0.038646
0.0381892
0.0381345
0.0384904
0.0392524
0.040405
0.0419236
0.0437784
0.0459377
0.0483699
0.0510463
0.0539413
0.0570331
0.0603036
0.0637384
0.0673261
0.0710583
0.0749288
0.0789339
0.0830713
0.0873405
0.0917423
0.0962784
0.100951
0.105765
0.110721
0.115825
0.121078
0.126484
0.132044
0.137758
0.143624
0.149639
0.155797
0.162089
0.168505
0.17503
0.181646
0.188335
0.195072
0.201834
0.208593
0.215322
0.221998
0.228601
0.235129
0.241619
0.24819
0.25517
0.263376
0.274714
0.292893
0.322796
0.366624
0.419586
0.46999
0.501511
0.494121
0.425319
0.276977
0.0588335
0.00948324
0.0592439
0.110092
0.153381
0.186686
0.211013
0.228444
0.240988
0.250163
0.25695
0.261916
0.265366
0.267465
0.268317
0.268001
0.266598
0.264189
0.260865
0.256723
0.251865
0.246395
0.24042
0.234045
0.227374
0.220505
0.21353
0.206529
0.199574
0.192724
0.186026
0.179516
0.173217
0.167142
0.161296
0.155676
0.150275
0.145081
0.140078
0.135253
0.130589
0.126072
0.12169
0.117431
0.113285
0.109245
0.105302
0.101452
0.0976905
0.0940134
0.0904184
0.0869037
0.0834683
0.0801121
0.0768357
0.073641
0.070531
0.0675101
0.0645842
0.0617615
0.059052
0.0564684
0.054026
0.051743
0.0496409
0.0477438
0.0460783
0.0446725
0.0435547
0.0427515
0.0422854
0.042173
0.0424232
0.0430357
0.0440019
0.0453062
0.0469281
0.0488443
0.0510305
0.0534633
0.0561209
0.058984
0.0620363
0.0652638
0.0686555
0.0722028
0.0758992
0.0797404
0.0837237
0.087848
0.0921136
0.0965217
0.101074
0.105774
0.110625
0.115628
0.120787
0.126104
0.131581
0.137216
0.143008
0.148953
0.155045
0.161276
0.167634
0.174104
0.180671
0.187313
0.194008
0.200732
0.207457
0.214156
0.220806
0.227388
0.233898
0.240368
0.246908
0.253818
0.261859
0.272846
0.29044
0.319771
0.363534
0.417211
0.469067
0.502597
0.497402
0.430258
0.281772
0.0603788
0.00844894
0.0551301
0.104506
0.147626
0.181488
0.206638
0.224883
0.238106
0.247803
0.254985
0.260263
0.263977
0.266318
0.2674
0.267308
0.266122
0.263926
0.260806
0.256858
0.252183
0.246882
0.24106
0.234822
0.22827
0.221503
0.214611
0.207676
0.200772
0.193959
0.187285
0.18079
0.174498
0.168425
0.16258
0.156961
0.151562
0.146374
0.141383
0.136575
0.131934
0.127449
0.123104
0.11889
0.114795
0.110813
0.106935
0.103155
0.0994701
0.0958756
0.0923691
0.0889489
0.0856139
0.082364
0.0792
0.0761236
0.0731378
0.0702467
0.067456
0.0647731
0.0622072
0.0597693
0.057473
0.0553338
0.0533695
0.0515999
0.0500464
0.0487311
0.0476763
0.0469026
0.0464279
0.0462661
0.0464258
0.0469089
0.0477117
0.0488248
0.0502347
0.051925
0.0538776
0.0560745
0.0584981
0.0611321
0.0639623
0.0669761
0.0701634
0.0735159
0.0770273
0.0806931
0.0845104
0.0884778
0.0925952
0.0968634
0.101284
0.105859
0.110592
0.115484
0.120539
0.125757
0.13114
0.136686
0.142395
0.148261
0.154278
0.160438
0.16673
0.173138
0.179645
0.186233
0.192878
0.199555
0.206238
0.2129
0.219517
0.22607
0.232555
0.239002
0.245512
0.252362
0.260252
0.270909
0.287938
0.31669
0.360364
0.414723
0.467997
0.50351
0.50051
0.435064
0.286494
0.0618942
0.00744761
0.0510186
0.0988002
0.141636
0.175981
0.201932
0.221004
0.234942
0.245202
0.252817
0.258436
0.262439
0.265038
0.266364
0.26651
0.265555
0.263583
0.26068
0.25694
0.252459
0.24734
0.241684
0.235595
0.229174
0.22252
0.215722
0.208864
0.202019
0.19525
0.188608
0.182132
0.175852
0.169787
0.163945
0.158329
0.152935
0.147755
0.142777
0.137987
0.133373
0.128919
0.124615
0.120447
0.116407
0.112485
0.108675
0.10497
0.101365
0.0978574
0.0944434
0.0911214
0.0878905
0.0847502
0.0817012
0.0787451
0.0758846
0.0731234
0.0704666
0.0679207
0.0654937
0.0631953
0.0610368
0.0590312
0.0571932
0.0555387
0.0540848
0.052849
0.0518487
0.0511001
0.0506176
0.0504129
0.0504939
0.0508642
0.0515228
0.0524648
0.0536818
0.055163
0.0568956
0.0588664
0.0610617
0.0634687
0.0660756
0.0688719
0.0718487
0.0749985
0.0783155
0.0817957
0.0854361
0.0892353
0.0931928
0.0973094
0.101586
0.106026
0.110629
0.115399
0.120338
0.125447
0.130725
0.136173
0.141788
0.147565
0.153498
0.159578
0.165793
0.17213
0.17857
0.185094
0.191679
0.198302
0.204935
0.211552
0.218129
0.224646
0.2311
0.237517
0.243995
0.250793
0.258559
0.268899
0.285381
0.313547
0.35711
0.412126
0.466783
0.504256
0.503453
0.439743
0.291148
0.0633793
0.00648299
0.0469288
0.0929972
0.135427
0.170178
0.196897
0.216804
0.231487
0.242351
0.250437
0.25643
0.260745
0.263622
0.265208
0.265603
0.264892
0.263156
0.260483
0.256962
0.252689
0.247763
0.242286
0.236358
0.230081
0.22355
0.216858
0.210086
0.20331
0.196594
0.18999
0.183542
0.17728
0.171226
0.165391
0.159782
0.154395
0.149225
0.144262
0.139493
0.134905
0.130486
0.126223
0.122104
0.118121
0.114263
0.110523
0.106895
0.103374
0.0999564
0.0966382
0.0934177
0.0902935
0.0872653
0.0843332
0.0814986
0.0787636
0.0761314
0.0736064
0.0711941
0.0689012
0.0667357
0.0647071
0.0628259
0.0611039
0.059554
0.0581895
0.0570243
0.0560719
0.0553451
0.0548556
0.0546132
0.0546254
0.0548963
0.055427
0.0562153
0.0572569
0.058545
0.0600713
0.0618267
0.0638013
0.0659856
0.0683705
0.0709477
0.0737099
0.0766511
0.0797663
0.0830519
0.0865055
0.0901259
0.0939126
0.0978662
0.101988
0.106279
0.110743
0.115379
0.120191
0.125179
0.130342
0.135681
0.141191
0.146869
0.152707
0.158697
0.164827
0.171081
0.177444
0.183895
0.190413
0.196971
0.203546
0.21011
0.216638
0.223113
0.229529
0.235911
0.242353
0.249101
0.256766
0.266823
0.282762
0.310337
0.353772
0.40942
0.46543
0.50484
0.506236
0.444303
0.295743
0.0648334
0.00555859
0.0428803
0.0871222
0.129023
0.164091
0.191537
0.212279
0.227734
0.23924
0.247837
0.254237
0.25889
0.262064
0.263925
0.264583
0.264127
0.262641
0.260208
0.256918
0.252865
0.248145
0.242859
0.237105
0.230983
0.224588
0.218012
0.211338
0.204641
0.197987
0.19143
0.185016
0.178778
0.172741
0.166919
0.161319
0.155943
0.150785
0.145838
0.141091
0.136532
0.132149
0.12793
0.123862
0.119937
0.116145
0.112479
0.108931
0.105496
0.102171
0.0989512
0.0958346
0.0928194
0.0899048
0.0870907
0.0843779
0.0817679
0.0792633
0.0768675
0.0745849
0.0724209
0.0703821
0.0684759
0.0667107
0.0650959
0.0636415
0.0623581
0.0612563
0.0603467
0.0596393
0.0591434
0.0588677
0.0588194
0.0590024
0.0594188
0.0600688
0.0609505
0.0620605
0.0633939
0.0649452
0.0667078
0.0686753
0.0708414
0.0731999
0.0757457
0.0784741
0.0813815
0.0844652
0.0877234
0.0911554
0.0947609
0.0985407
0.102496
0.106628
0.110939
0.115431
0.120104
0.124959
0.129996
0.135214
0.140608
0.146176
0.151909
0.157797
0.163831
0.169993
0.176269
0.182638
0.189077
0.195563
0.20207
0.208572
0.215044
0.221469
0.22784
0.234182
0.240583
0.24728
0.254854
0.264685
0.28008
0.307057
0.350347
0.406606
0.46394
0.505267
0.508867
0.448751
0.300287
0.0662552
0.00467761
0.0388928
0.0812014
0.122445
0.157735
0.185859
0.207428
0.223676
0.235861
0.245007
0.251848
0.256866
0.260359
0.262511
0.263446
0.263257
0.262031
0.25985
0.256803
0.252981
0.248479
0.243395
0.237827
0.231873
0.225626
0.219178
0.212613
0.206005
0.199423
0.192923
0.186551
0.180345
0.17433
0.168526
0.16294
0.157578
0.152436
0.147508
0.142786
0.138257
0.133911
0.129737
0.125722
0.121858
0.118134
0.114542
0.111077
0.107731
0.1045
0.101381
0.0983697
0.0954649
0.092665
0.0899693
0.0873779
0.0848919
0.0825128
0.0802432
0.0780862
0.0760462
0.0741279
0.0723372
0.0706806
0.0691652
0.0677987
0.0665893
0.0655451
0.0646743
0.0639847
0.0634832
0.0631783
0.0630766
0.0631814
0.0634953
0.0640201
0.0647557
0.0657013
0.0668548
0.0682132
0.0697733
0.0715311
0.073483
0.0756251
0.0779544
0.0804678
0.0831632
0.0860391
0.0890946
0.0923296
0.0957444
0.0993401
0.103118
0.10708
0.111227
0.115561
0.120083
0.124794
0.129693
0.134777
0.140045
0.14549
0.151106
0.156882
0.162808
0.168868
0.175045
0.181321
0.187672
0.194075
0.200505
0.206936
0.213344
0.219711
0.22603
0.232326
0.238683
0.245328
0.252816
0.262462
0.277348
0.303699
0.346832
0.403686
0.462317
0.505542
0.511351
0.453094
0.304787
0.0676431
0.00384297
0.0349857
0.0752624
0.11572
0.151129
0.179872
0.20225
0.219306
0.232201
0.241935
0.249253
0.254666
0.258499
0.26096
0.262185
0.262276
0.26132
0.259402
0.256608
0.253029
0.248757
0.243887
0.238517
0.232742
0.226655
0.220348
0.213902
0.207396
0.200897
0.194463
0.188143
0.181976
0.175992
0.170211
0.164646
0.159301
0.154179
0.149273
0.144577
0.140081
0.135775
0.131647
0.127687
0.123884
0.120229
0.116715
0.113333
0.110078
0.106943
0.103926
0.101021
0.0982279
0.095543
0.0929655
0.0904948
0.0881311
0.0858751
0.0837283
0.081693
0.0797718
0.0779684
0.0762869
0.0747321
0.0733093
0.0720242
0.0708828
0.0698915
0.0690566
0.0683842
0.0678804
0.0675506
0.0674004
0.0674342
0.0676552
0.0680658
0.0686676
0.0694613
0.0704469
0.0716238
0.0729911
0.0745472
0.0762908
0.0782203
0.0803346
0.0826324
0.0851134
0.0877771
0.0906239
0.0936545
0.09687
0.100272
0.103862
0.107642
0.111614
0.115779
0.120138
0.124692
0.129439
0.134379
0.139506
0.144817
0.150303
0.155954
0.16176
0.167706
0.173774
0.179945
0.186198
0.192508
0.198851
0.205201
0.211536
0.217836
0.224097
0.23034
0.236648
0.243239
0.250646
0.260129
0.27458
0.300258
0.343224
0.400659
0.460563
0.505669
0.513694
0.45734
0.309252
0.0689947
0.0030573
0.0311783
0.0693338
0.108873
0.144292
0.173586
0.196748
0.21462
0.228254
0.238611
0.246442
0.25228
0.256478
0.259266
0.260795
0.261176
0.260502
0.258857
0.256327
0.253001
0.248969
0.244325
0.239164
0.233581
0.227667
0.221512
0.215199
0.208806
0.202401
0.196044
0.189786
0.183668
0.177723
0.171972
0.166433
0.161112
0.156013
0.151133
0.146467
0.142006
0.137741
0.133661
0.129757
0.126018
0.122435
0.118998
0.115702
0.112538
0.109501
0.106586
0.103789
0.101107
0.098537
0.0960769
0.0937256
0.0914822
0.0893466
0.0873193
0.0854013
0.0835942
0.0819003
0.0803223
0.0788633
0.077527
0.0763176
0.0752394
0.074297
0.0734953
0.0728392
0.0723337
0.0719826
0.0717896
0.0717597
0.0718965
0.0722031
0.0726821
0.0733355
0.0741648
0.0751712
0.0763556
0.0777187
0.0792609
0.0809829
0.0828852
0.0849686
0.087234
0.0896827
0.0923162
0.0951362
0.0981448
0.101344
0.104737
0.108324
0.112109
0.116093
0.120276
0.12466
0.129244
0.134024
0.138999
0.144161
0.149504
0.155019
0.160692
0.16651
0.172457
0.178511
0.184654
0.19086
0.197105
0.203365
0.209617
0.215842
0.222037
0.228222
0.234476
0.241011
0.248339
0.257672
0.27177
0.296732
0.339522
0.397526
0.45868
0.505651
0.515902
0.461497
0.313691
0.0703074
0.00232309
0.027489
0.0634453
0.101935
0.137246
0.167014
0.190926
0.209612
0.224008
0.235022
0.243402
0.249696
0.254285
0.257419
0.259268
0.259952
0.259569
0.258207
0.255951
0.252887
0.249107
0.2447
0.23976
0.23438
0.228651
0.222661
0.216494
0.210225
0.203927
0.197658
0.191473
0.185415
0.179517
0.173806
0.1683
0.163009
0.157939
0.153089
0.148457
0.144034
0.139813
0.135784
0.131937
0.128263
0.124752
0.121395
0.118184
0.115113
0.112174
0.109362
0.106673
0.104102
0.101646
0.0993023
0.0970686
0.0949432
0.092925
0.0910136
0.0892089
0.0875114
0.0859219
0.084442
0.0830734
0.0818185
0.0806799
0.0796605
0.0787636
0.0779927
0.0773516
0.076844
0.0764731
0.0762424
0.0761559
0.0762171
0.0764295
0.0767962
0.0773203
0.0780044
0.0788511
0.0798628
0.0810418
0.0823904
0.0839109
0.0856055
0.0874768
0.0895273
0.0917596
0.0941765
0.096781
0.0995761
0.102565
0.10575
0.109135
0.112722
0.116512
0.120508
0.124709
0.129114
0.133723
0.13853
0.14353
0.148717
0.154079
0.159607
0.165284
0.171095
0.177021
0.18304
0.18913
0.195267
0.201426
0.207585
0.213727
0.219847
0.225966
0.232162
0.238638
0.24589
0.255086
0.268889
0.293143
0.335719
0.394287
0.45667
0.505494
0.51798
0.465572
0.318114
0.0715785
0.00164311
0.0239355
0.0576271
0.094937
0.130018
0.160173
0.184789
0.204281
0.219455
0.231158
0.240121
0.246904
0.25191
0.255411
0.257595
0.258595
0.258514
0.257444
0.255471
0.25268
0.24916
0.245001
0.240293
0.235128
0.229596
0.223784
0.217774
0.211644
0.205465
0.199298
0.193198
0.18721
0.18137
0.175708
0.170244
0.16499
0.159956
0.155142
0.150547
0.146166
0.141991
0.138016
0.134229
0.130621
0.127184
0.123907
0.120783
0.117805
0.114964
0.112256
0.109674
0.107214
0.104871
0.102642
0.100523
0.0985134
0.0966096
0.0948105
0.0931151
0.0915226
0.0900328
0.0886462
0.0873632
0.0861849
0.0851128
0.0841486
0.0832945
0.0825526
0.0819258
0.0814168
0.0810284
0.0807636
0.0806259
0.0806186
0.0807452
0.0810092
0.0814141
0.0819635
0.0826609
0.0835099
0.0845142
0.0856774
0.0870032
0.0884956
0.0901584
0.0919957
0.0940115
0.0962099
0.0985952
0.101171
0.103943
0.106913
0.110085
0.113462
0.117048
0.120842
0.124847
0.129061
0.133482
0.138107
0.142931
0.147946
0.153142
0.158508
0.164031
0.169693
0.175476
0.181359
0.18732
0.193336
0.199382
0.205438
0.211487
0.217524
0.223571
0.229703
0.236118
0.243296
0.252366
0.265905
0.289508
0.331807
0.39094
0.454534
0.505201
0.519935
0.469575
0.322533
0.072805
0.00102242
0.020534
0.05191
0.087912
0.122635
0.153082
0.178347
0.198628
0.21459
0.227007
0.236586
0.243891
0.249341
0.253231
0.255768
0.257096
0.257328
0.25656
0.254878
0.252368
0.249119
0.245217
0.240752
0.235813
0.23049
0.224868
0.21903
0.213051
0.207004
0.200952
0.194949
0.189044
0.183275
0.177672
0.172259
0.167052
0.16206
0.157289
0.152737
0.148403
0.144279
0.14036
0.136635
0.133096
0.129734
0.126539
0.123503
0.120617
0.117875
0.11527
0.112794
0.110443
0.108212
0.106096
0.104091
0.102194
0.100401
0.0987105
0.0971203
0.0956286
0.0942342
0.0929363
0.0917345
0.0906288
0.0896195
0.0887074
0.0878935
0.0871793
0.0865665
0.0860571
0.0856534
0.085358
0.0851739
0.0851042
0.0851525
0.0853222
0.0856173
0.0860417
0.0865998
0.0872959
0.0881347
0.089121
0.0902597
0.091556
0.0930149
0.094642
0.0964424
0.0984218
0.100585
0.102938
0.105486
0.108233
0.111183
0.114341
0.117709
0.12129
0.125085
0.129092
0.133312
0.13774
0.142371
0.147199
0.152213
0.157403
0.162754
0.168252
0.173877
0.17961
0.185428
0.19131
0.197232
0.203174
0.209119
0.215064
0.221031
0.227094
0.233446
0.24055
0.249502
0.262803
0.285832
0.32778
0.387485
0.452274
0.504774
0.521774
0.473514
0.32696
0.0739845
0.000483319
0.0172997
0.0463246
0.080895
0.115128
0.145764
0.171612
0.192654
0.209406
0.222559
0.232784
0.240641
0.246565
0.250868
0.253775
0.255445
0.256001
0.255543
0.254161
0.251941
0.24897
0.245335
0.241123
0.236422
0.23132
0.225901
0.220246
0.214433
0.208533
0.202609
0.196717
0.190908
0.185222
0.179691
0.17434
0.169189
0.16425
0.159529
0.155028
0.150745
0.146678
0.142818
0.139159
0.135691
0.132405
0.129293
0.126345
0.123554
0.12091
0.118407
0.116037
0.113795
0.111673
0.109668
0.107773
0.105986
0.104301
0.102715
0.101227
0.0998316
0.0985284
0.0973152
0.0961906
0.0951536
0.0942039
0.0933411
0.0925655
0.0918778
0.0912789
0.0907703
0.0903534
0.0900305
0.0898045
0.0896782
0.0896548
0.089738
0.0899318
0.0902404
0.0906685
0.0912213
0.0919038
0.0927219
0.0936812
0.094788
0.0960485
0.0974692
0.0990566
0.100817
0.102758
0.104884
0.107203
0.10972
0.112441
0.115369
0.118509
0.121863
0.125434
0.129221
0.133223
0.137438
0.14186
0.146484
0.151299
0.156295
0.161459
0.166776
0.172228
0.177795
0.183456
0.18919
0.194974
0.200789
0.20662
0.212464
0.218343
0.224331
0.230616
0.237648
0.246489
0.259572
0.282113
0.32363
0.383921
0.449888
0.504219
0.523503
0.4774
0.331412
0.0751155
0.000282464
0.0142458
0.040901
0.0739226
0.10753
0.138242
0.164601
0.186366
0.203901
0.217805
0.228702
0.237143
0.243568
0.248308
0.251604
0.253631
0.254522
0.254383
0.253309
0.251387
0.248703
0.245343
0.241394
0.236941
0.232071
0.226867
0.22141
0.215776
0.210036
0.204255
0.19849
0.192791
0.187201
0.181755
0.17648
0.171397
0.16652
0.161858
0.157416
0.153193
0.149187
0.145392
0.141802
0.138408
0.135202
0.132174
0.129316
0.126619
0.124073
0.121672
0.119407
0.117271
0.115257
0.11336
0.111574
0.109893
0.108312
0.106829
0.105437
0.104135
0.102919
0.101787
0.100736
0.0997643
0.0988711
0.0980553
0.0973164
0.0966542
0.0960692
0.0955621
0.0951341
0.0947869
0.0945232
0.0943454
0.0942567
0.0942605
0.0943609
0.0945622
0.0948693
0.0952877
0.095823
0.0964814
0.0972694
0.0981939
0.099262
0.100481
0.101859
0.103402
0.105119
0.107017
0.109104
0.111385
0.113868
0.116557
0.119458
0.122573
0.125906
0.129458
0.133227
0.137212
0.141408
0.14581
0.150408
0.155193
0.160152
0.16527
0.170531
0.175916
0.181404
0.186975
0.192608
0.198283
0.203988
0.20972
0.215503
0.221409
0.227623
0.234584
0.24332
0.256203
0.278339
0.319352
0.380245
0.447376
0.503536
0.525128
0.481246
0.335906
0.0761982
0.000645006
0.0113837
0.0356684
0.0670321
0.0998775
0.130547
0.157331
0.179771
0.198074
0.212737
0.224328
0.233381
0.240336
0.245537
0.249243
0.251642
0.252879
0.253069
0.252311
0.250694
0.248304
0.245228
0.24155
0.237355
0.232728
0.227752
0.222505
0.217064
0.2115
0.205877
0.200253
0.19468
0.189202
0.183855
0.178669
0.173666
0.168864
0.164273
0.159898
0.155743
0.151806
0.148082
0.144566
0.141251
0.138127
0.135186
0.132419
0.129816
0.127369
0.125069
0.122908
0.120877
0.118969
0.117178
0.115497
0.11392
0.112441
0.111055
0.109758
0.108545
0.107412
0.106357
0.105376
0.104467
0.103628
0.102857
0.102153
0.101516
0.100944
0.10044
0.100002
0.0996337
0.0993361
0.0991118
0.0989636
0.0988947
0.0989091
0.0990111
0.0992057
0.0994983
0.099895
0.100402
0.101027
0.101776
0.102658
0.103681
0.104853
0.106181
0.107676
0.109345
0.111196
0.113236
0.115475
0.117916
0.120567
0.123432
0.126514
0.129815
0.133335
0.137073
0.141025
0.145186
0.149549
0.154104
0.158839
0.16374
0.168791
0.173976
0.179274
0.184666
0.190131
0.195653
0.201218
0.206828
0.212505
0.218323
0.224463
0.231351
0.239989
0.252687
0.274475
0.314962
0.376452
0.444734
0.502728
0.526658
0.485064
0.340463
0.0772354
0.00104563
0.00872408
0.0306544
0.060262
0.0922077
0.122709
0.149825
0.172883
0.191929
0.207349
0.219653
0.229341
0.236853
0.242541
0.246676
0.249463
0.251059
0.251588
0.251153
0.249847
0.247759
0.244974
0.241575
0.237648
0.233275
0.228538
0.223515
0.218281
0.212906
0.207457
0.20199
0.196559
0.191209
0.185977
0.180896
0.175988
0.171274
0.166765
0.162471
0.158393
0.154533
0.150888
0.147453
0.14422
0.141183
0.138332
0.135658
0.133151
0.130803
0.128604
0.126545
0.124619
0.122815
0.121128
0.119549
0.118073
0.116691
0.1154
0.114193
0.113066
0.112013
0.111032
0.110118
0.109268
0.108481
0.107753
0.107083
0.10647
0.105913
0.105411
0.104966
0.104579
0.104251
0.103985
0.103782
0.103647
0.103582
0.103592
0.103682
0.103857
0.104123
0.104488
0.104957
0.105539
0.106241
0.107074
0.108044
0.109161
0.110435
0.111874
0.113487
0.115284
0.117272
0.119458
0.12185
0.124452
0.12727
0.130305
0.13356
0.137033
0.140723
0.144625
0.148732
0.153036
0.157526
0.16219
0.167013
0.171978
0.177067
0.182262
0.187544
0.192896
0.198309
0.203784
0.209345
0.215067
0.221128
0.227945
0.236491
0.24902
0.270487
0.310472
0.37253
0.441955
0.501793
0.5281
0.488871
0.345109
0.0782341
0.00140868
0.00627818
0.0258855
0.0536509
0.0845614
0.114764
0.142109
0.165718
0.185471
0.201641
0.214665
0.225011
0.233104
0.239302
0.243888
0.247081
0.249049
0.249925
0.249821
0.248834
0.247053
0.244565
0.241454
0.237803
0.233694
0.229207
0.22442
0.219407
0.214238
0.208978
0.203685
0.198413
0.193208
0.188108
0.183147
0.178351
0.17374
0.169328
0.165126
0.161138
0.157366
0.153808
0.150461
0.147318
0.144372
0.141615
0.139036
0.136628
0.13438
0.132282
0.130326
0.128502
0.126801
0.125215
0.123737
0.122358
0.121071
0.119871
0.118751
0.117706
0.11673
0.115819
0.11497
0.114177
0.113439
0.112752
0.112115
0.111526
0.110983
0.110486
0.110035
0.109631
0.109277
0.108973
0.108722
0.108525
0.108387
0.108312
0.108304
0.108369
0.108513
0.108742
0.109063
0.109485
0.110015
0.110663
0.111437
0.112346
0.113402
0.114612
0.115987
0.117537
0.11927
0.121194
0.123318
0.125647
0.128187
0.130942
0.133915
0.137106
0.140514
0.144136
0.147967
0.152
0.156224
0.16063
0.165202
0.169927
0.174787
0.179765
0.184845
0.190012
0.195258
0.200584
0.206019
0.211636
0.217614
0.224359
0.232819
0.245191
0.266356
0.305877
0.368471
0.439032
0.500731
0.52946
0.492684
0.349872
0.079207
0.00172737
0.0040644
0.0213859
0.0472377
0.0769808
0.10675
0.134214
0.158295
0.17871
0.195612
0.209361
0.220379
0.229075
0.235807
0.240864
0.244478
0.246831
0.248065
0.2483
0.247637
0.24617
0.243986
0.241169
0.237802
0.233966
0.229741
0.225202
0.220424
0.215475
0.21042
0.205319
0.200224
0.195181
0.190232
0.185409
0.180741
0.17625
0.171951
0.167855
0.16397
0.160298
0.156838
0.153588
0.150543
0.147695
0.145036
0.142558
0.14025
0.138104
0.136109
0.134255
0.132533
0.130933
0.129447
0.128067
0.126783
0.125589
0.124477
0.123441
0.122474
0.121572
0.120729
0.11994
0.119202
0.118511
0.117864
0.117259
0.116693
0.116165
0.115675
0.115222
0.114807
0.114428
0.114088
0.113791
0.113537
0.113332
0.113177
0.113078
0.11304
0.113068
0.113169
0.11335
0.113619
0.113984
0.114453
0.115036
0.115743
0.116583
0.117566
0.118704
0.120004
0.121478
0.123134
0.124982
0.127027
0.129278
0.131739
0.134414
0.137305
0.140412
0.143735
0.147268
0.151006
0.154942
0.159066
0.163366
0.167827
0.172437
0.177178
0.182037
0.187
0.192061
0.197225
0.202521
0.208024
0.213912
0.220585
0.228963
0.241191
0.262071
0.301162
0.364259
0.435953
0.499536
0.530745
0.496523
0.354789
0.0801745
0.00200133
0.00215015
0.0171786
0.0410606
0.0695097
0.0987081
0.126173
0.150639
0.171661
0.189268
0.203735
0.215435
0.224753
0.232037
0.237586
0.241639
0.24439
0.245992
0.246573
0.246241
0.245093
0.243218
0.240701
0.237626
0.234072
0.230118
0.22584
0.22131
0.216596
0.211764
0.206871
0.20197
0.197109
0.192329
0.187664
0.183143
0.178789
0.17462
0.170648
0.16688
0.163322
0.159973
0.156831
0.153892
0.15115
0.148597
0.146224
0.144021
0.141979
0.140088
0.138338
0.136718
0.135219
0.133832
0.132547
0.131356
0.130251
0.129225
0.128269
0.127379
0.126548
0.12577
0.12504
0.124355
0.123709
0.1231
0.122525
0.121982
0.121469
0.120985
0.12053
0.120102
0.119703
0.119333
0.118994
0.118689
0.11842
0.118192
0.118009
0.117874
0.117794
0.117775
0.117823
0.117946
0.118152
0.11845
0.118848
0.119356
0.119984
0.120743
0.121643
0.122694
0.123906
0.125289
0.126853
0.128606
0.130556
0.132709
0.13507
0.137644
0.140431
0.143433
0.146646
0.150067
0.153691
0.157509
0.161511
0.165687
0.170022
0.174504
0.17912
0.183859
0.188718
0.193703
0.198846
0.204225
0.210017
0.216615
0.224916
0.237009
0.257619
0.296312
0.359876
0.432701
0.498201
0.531961
0.500408
0.359901
0.0811676
0.00223129
0.00109585
0.0132859
0.0351559
0.0621924
0.0906817
0.118024
0.142779
0.164342
0.182616
0.197788
0.210173
0.220124
0.22798
0.234037
0.238545
0.241708
0.243688
0.244623
0.244628
0.243804
0.242243
0.240032
0.237255
0.233991
0.230318
0.226312
0.222043
0.21758
0.212985
0.208318
0.203631
0.198971
0.19438
0.189893
0.185539
0.181343
0.177322
0.173491
0.169858
0.166428
0.163203
0.160183
0.157362
0.154735
0.152295
0.150034
0.147942
0.146008
0.144224
0.142579
0.141062
0.139664
0.138374
0.137184
0.136084
0.135067
0.134124
0.133247
0.132431
0.131668
0.130952
0.130279
0.129644
0.129042
0.12847
0.127925
0.127405
0.126906
0.126429
0.125971
0.125533
0.125114
0.124716
0.12434
0.123987
0.123662
0.123366
0.123103
0.122878
0.122697
0.122564
0.122486
0.12247
0.122524
0.122657
0.122875
0.12319
0.123611
0.124148
0.124812
0.125613
0.126561
0.127668
0.128943
0.130395
0.132033
0.133866
0.135899
0.138137
0.140586
0.143245
0.146116
0.149197
0.152484
0.15597
0.15965
0.163513
0.167549
0.171747
0.176096
0.18059
0.185226
0.190015
0.19499
0.200233
0.205921
0.212441
0.220669
0.232636
0.252985
0.291305
0.355297
0.429256
0.496714
0.53311
0.504365
0.365255
0.0822308
0.00242288
0.00199896
0.00972651
0.029555
0.0550724
0.0827162
0.109807
0.134748
0.156777
0.175672
0.191524
0.204588
0.21518
0.22362
0.230202
0.23518
0.238766
0.241134
0.242431
0.242778
0.242282
0.24104
0.23914
0.236667
0.233701
0.230319
0.226595
0.2226
0.218402
0.214062
0.209639
0.205184
0.200745
0.196364
0.192075
0.18791
0.183891
0.180039
0.176368
0.172888
0.169605
0.16652
0.163635
0.160944
0.158444
0.156128
0.153986
0.152011
0.150191
0.148518
0.146981
0.145569
0.144272
0.143081
0.141985
0.140976
0.140045
0.139183
0.138383
0.137638
0.136941
0.136286
0.135668
0.135082
0.134522
0.133986
0.13347
0.132971
0.132487
0.132016
0.131558
0.13111
0.130674
0.13025
0.129839
0.129444
0.129065
0.128705
0.128369
0.128061
0.127783
0.127543
0.127346
0.127198
0.127106
0.127079
0.127124
0.127251
0.127468
0.127787
0.128217
0.128768
0.129452
0.130279
0.131259
0.132404
0.133722
0.135222
0.136912
0.1388
0.140891
0.143188
0.145694
0.14841
0.151334
0.154463
0.157792
0.161315
0.165025
0.168912
0.17297
0.177194
0.181586
0.186158
0.190949
0.196043
0.201617
0.208055
0.216211
0.228061
0.248158
0.286117
0.350493
0.425589
0.495055
0.534191
0.508418
0.370906
0.0834252
0.00257916
0.00331147
0.00654281
0.0242887
0.0481933
0.0748591
0.101567
0.126582
0.148994
0.168452
0.184953
0.198683
0.209914
0.218946
0.226064
0.231524
0.235545
0.238311
0.239976
0.240671
0.240508
0.239589
0.238004
0.23584
0.233179
0.230096
0.226665
0.222957
0.219038
0.214969
0.210807
0.206604
0.202407
0.198257
0.194189
0.190233
0.186414
0.182753
0.179263
0.175956
0.172837
0.16991
0.167176
0.16463
0.16227
0.160087
0.158075
0.156225
0.154526
0.15297
0.151545
0.150241
0.149048
0.147955
0.146955
0.146036
0.14519
0.144409
0.143684
0.143009
0.142377
0.141781
0.141216
0.140677
0.140159
0.139658
0.13917
0.138692
0.138223
0.137759
0.137301
0.136845
0.136394
0.135946
0.135504
0.135067
0.134639
0.134221
0.133816
0.133428
0.13306
0.132718
0.132407
0.132132
0.131901
0.13172
0.131597
0.13154
0.131559
0.131662
0.131861
0.132164
0.132583
0.133129
0.133812
0.134643
0.135632
0.13679
0.138125
0.139646
0.141361
0.143276
0.145395
0.147721
0.150257
0.153001
0.155952
0.159106
0.16246
0.166009
0.169747
0.173676
0.177798
0.182133
0.18672
0.191649
0.197098
0.203448
0.211534
0.223274
0.243124
0.28072
0.34543
0.421665
0.493199
0.535201
0.512591
0.376918
0.0848326
0.0026984
0.00451906
0.0038655
0.0193889
0.0415992
0.0671593
0.0933518
0.118324
0.141026
0.160982
0.178089
0.192461
0.204324
0.213949
0.22161
0.227561
0.232026
0.235197
0.237237
0.238284
0.238459
0.237865
0.2366
0.234751
0.2324
0.229625
0.226498
0.223089
0.219463
0.21568
0.211798
0.207866
0.203931
0.200034
0.196208
0.192486
0.18889
0.185441
0.182155
0.179041
0.176107
0.173357
0.170791
0.168407
0.1662
0.164165
0.162294
0.160578
0.159009
0.157575
0.156268
0.155076
0.15399
0.153
0.152096
0.151268
0.150508
0.149807
0.149157
0.148552
0.147983
0.147445
0.146933
0.14644
0.145962
0.145494
0.145034
0.144578
0.144124
0.143668
0.14321
0.142748
0.142282
0.141813
0.141341
0.140867
0.140393
0.13992
0.13945
0.138987
0.138534
0.138095
0.137674
0.137278
0.136912
0.136582
0.136296
0.13606
0.135885
0.135777
0.135747
0.135804
0.135959
0.136223
0.136606
0.137119
0.137773
0.13858
0.139549
0.14069
0.142013
0.143526
0.145236
0.14715
0.14927
0.151601
0.154144
0.1569
0.159868
0.163046
0.166436
0.170039
0.173866
0.177938
0.182301
0.187047
0.192359
0.198614
0.206628
0.218264
0.237867
0.275084
0.340065
0.417439
0.49111
0.536128
0.516911
0.383361
0.0865592
0.00278278
0.00556994
0.00233023
0.0148917
0.0353325
0.0596661
0.0852102
0.11002
0.132912
0.153291
0.170951
0.185933
0.19841
0.208623
0.216828
0.223276
0.228191
0.231773
0.234192
0.235596
0.23611
0.235847
0.234905
0.233375
0.23134
0.22888
0.226066
0.222967
0.219649
0.216169
0.212584
0.208943
0.205291
0.201669
0.198109
0.194643
0.191293
0.188081
0.185021
0.182123
0.179396
0.176843
0.174464
0.172259
0.170222
0.168348
0.166631
0.165061
0.16363
0.162328
0.161146
0.160072
0.159098
0.158213
0.157408
0.156673
0.156
0.15538
0.154806
0.15427
0.153764
0.153284
0.152823
0.152376
0.151938
0.151504
0.151072
0.150637
0.150198
0.149751
0.149294
0.148826
0.148347
0.147859
0.147361
0.146852
0.146334
0.145809
0.145277
0.144742
0.144207
0.143675
0.14315
0.142637
0.142141
0.141667
0.141221
0.140812
0.140446
0.140131
0.139875
0.139689
0.139582
0.139564
0.139646
0.139839
0.140154
0.140602
0.141195
0.141945
0.142861
0.143955
0.145236
0.146713
0.148392
0.150282
0.152388
0.154713
0.157262
0.160038
0.163045
0.166293
0.169794
0.173577
0.177691
0.182235
0.187394
0.193545
0.201486
0.213021
0.232376
0.269177
0.334352
0.412859
0.488745
0.53695
0.521399
0.390313
0.0887389
0.00284061
0.00646762
0.00304109
0.010825
0.029426
0.052426
0.0771935
0.101717
0.124695
0.145413
0.163566
0.179115
0.192181
0.202967
0.211711
0.218653
0.224021
0.228017
0.230819
0.232581
0.233438
0.233507
0.232891
0.231684
0.229972
0.227834
0.225343
0.222566
0.219569
0.216408
0.213138
0.209808
0.20646
0.203135
0.199864
0.196678
0.193599
0.190648
0.187837
0.185179
0.182681
0.180346
0.178175
0.176166
0.174317
0.17262
0.171071
0.16966
0.168379
0.167218
0.166169
0.165221
0.164364
0.163589
0.162887
0.162248
0.161665
0.161128
0.16063
0.160164
0.159723
0.159301
0.158891
0.15849
0.158091
0.157692
0.157287
0.156874
0.15645
0.156012
0.155559
0.15509
0.154603
0.154096
0.153571
0.153028
0.152467
0.151891
0.1513
0.150696
0.150082
0.14946
0.148834
0.148207
0.147585
0.146971
0.146372
0.145793
0.14524
0.144722
0.144245
0.143819
0.143452
0.143154
0.142935
0.142806
0.142778
0.142864
0.143074
0.143422
0.14392
0.144579
0.145412
0.14643
0.147644
0.149065
0.150702
0.152565
0.154661
0.156999
0.15959
0.162447
0.16559
0.169053
0.172893
0.177211
0.1822
0.188235
0.1961
0.207537
0.226638
0.262965
0.328238
0.40786
0.486043
0.537637
0.526072
0.397857
0.0915365
0.0028762
0.00721637
0.00466428
0.00726329
0.0239126
0.0454852
0.0693545
0.0934691
0.116424
0.137391
0.155966
0.17203
0.185648
0.196984
0.206252
0.213683
0.2195
0.223908
0.227093
0.229215
0.230416
0.230818
0.230531
0.229652
0.228268
0.226459
0.2243
0.221858
0.219195
0.216369
0.213432
0.210431
0.20741
0.204404
0.201446
0.198564
0.195781
0.193114
0.190578
0.188184
0.185937
0.183842
0.1819
0.180108
0.178464
0.176962
0.175596
0.174357
0.173239
0.172231
0.171324
0.170509
0.169778
0.169119
0.168525
0.167987
0.167497
0.167046
0.166626
0.166232
0.165857
0.165493
0.165137
0.164781
0.164423
0.164058
0.163681
0.163291
0.162882
0.162455
0.162005
0.161533
0.161036
0.160512
0.159963
0.159388
0.158787
0.158163
0.157515
0.156844
0.156154
0.155446
0.154722
0.153986
0.153242
0.152492
0.151743
0.150998
0.150264
0.149546
0.148852
0.148189
0.147565
0.14699
0.146472
0.146022
0.145651
0.145371
0.145194
0.145133
0.145201
0.145412
0.145781
0.146321
0.147046
0.147972
0.149111
0.150478
0.152086
0.15395
0.156087
0.158517
0.161266
0.164376
0.16791
0.171978
0.176776
0.182681
0.190463
0.201805
0.220643
0.256418
0.321665
0.40237
0.482935
0.538144
0.530939
0.406082
0.0951489
0.00288717
0.00781827
0.00626653
0.0044454
0.0188308
0.0388908
0.0617476
0.0853328
0.108153
0.129272
0.148189
0.164707
0.17883
0.190682
0.200452
0.208356
0.214612
0.219428
0.222992
0.225473
0.227017
0.227754
0.227798
0.227249
0.226198
0.224727
0.222909
0.220812
0.218498
0.216022
0.213436
0.210786
0.208111
0.205447
0.202826
0.200273
0.19781
0.195453
0.193216
0.191109
0.189138
0.187306
0.185614
0.18406
0.18264
0.18135
0.180184
0.179133
0.17819
0.177346
0.176594
0.175922
0.175324
0.174789
0.17431
0.173878
0.173485
0.173123
0.172786
0.172467
0.172159
0.171856
0.171554
0.171246
0.170929
0.170599
0.170252
0.169884
0.169492
0.169075
0.16863
0.168154
0.167647
0.167107
0.166535
0.165929
0.165291
0.16462
0.163917
0.163183
0.16242
0.161628
0.16081
0.159967
0.159104
0.158223
0.157327
0.15642
0.155509
0.154596
0.153689
0.152794
0.151917
0.151068
0.150254
0.149485
0.148772
0.148126
0.147559
0.147085
0.146717
0.14647
0.146361
0.146406
0.146622
0.147027
0.147639
0.148478
0.149564
0.150916
0.15256
0.154522
0.156838
0.159557
0.162752
0.166539
0.171123
0.176882
0.184573
0.195819
0.214388
0.249511
0.314573
0.396307
0.479335
0.538411
0.535998
0.415077
0.0998048
0.00287497
0.00828826
0.0076876
0.00323604
0.0142249
0.0326883
0.0544284
0.0773678
0.0999403
0.12111
0.140282
0.157182
0.171753
0.184076
0.194314
0.202667
0.209345
0.214557
0.218493
0.221327
0.223213
0.224284
0.22466
0.224445
0.223733
0.222606
0.221139
0.2194
0.217448
0.215339
0.213123
0.210842
0.208535
0.206237
0.203976
0.201776
0.199657
0.197636
0.195723
0.193928
0.192256
0.19071
0.18929
0.187994
0.186819
0.185759
0.184809
0.183961
0.183209
0.182543
0.181955
0.181438
0.180982
0.18058
0.180222
0.179903
0.179613
0.179346
0.179095
0.178854
0.178617
0.178378
0.178132
0.177874
0.1776
0.177307
0.17699
0.176646
0.176272
0.175866
0.175426
0.174948
0.174432
0.173877
0.173282
0.172647
0.171973
0.171257
0.170501
0.169706
0.168871
0.167997
0.167087
0.166141
0.165162
0.164152
0.163113
0.16205
0.160964
0.159861
0.158746
0.157623
0.156499
0.15538
0.154275
0.153191
0.152139
0.151129
0.150173
0.149284
0.148476
0.147765
0.147169
0.146705
0.146394
0.146257
0.146316
0.146596
0.147123
0.147926
0.149035
0.150487
0.152328
0.154615
0.157431
0.160904
0.165246
0.170839
0.178428
0.189577
0.207869
0.242226
0.306903
0.389579
0.47514
0.538356
0.541231
0.42493
0.105762
0.00284565
0.00865354
0.00891232
0.0042178
0.0101509
0.0269195
0.0474537
0.0696389
0.0918518
0.112967
0.132299
0.149497
0.164447
0.177186
0.187848
0.196615
0.203691
0.209279
0.213575
0.216754
0.218975
0.220379
0.221088
0.22121
0.220842
0.220067
0.218961
0.217591
0.216017
0.214291
0.212462
0.210571
0.208655
0.206744
0.204867
0.203044
0.201295
0.199633
0.198069
0.19661
0.195261
0.194023
0.192897
0.19188
0.190969
0.190158
0.189442
0.188814
0.188266
0.187792
0.187382
0.18703
0.186727
0.186466
0.186239
0.186039
0.18586
0.185693
0.185533
0.185375
0.185213
0.18504
0.184854
0.184648
0.18442
0.184165
0.18388
0.183562
0.183208
0.182815
0.18238
0.181903
0.181378
0.180809
0.180194
0.179532
0.178822
0.178063
0.177256
0.176399
0.175494
0.174542
0.173541
0.172494
0.171402
0.170266
0.169088
0.167871
0.166616
0.165327
0.164008
0.162663
0.161297
0.159915
0.158524
0.157132
0.155746
0.154377
0.153035
0.151733
0.150486
0.149309
0.14822
0.147238
0.146386
0.145688
0.145171
0.144864
0.1448
0.145014
0.145547
0.146445
0.147763
0.149573
0.151969
0.155089
0.159156
0.164559
0.172031
0.183081
0.201093
0.234563
0.298597
0.382094
0.470237
0.537881
0.546601
0.435718
0.1133
0.00280641
0.00894505
0.00995587
0.00595986
0.0067663
0.0216404
0.0408886
0.0622179
0.0839606
0.104912
0.124301
0.141705
0.156951
0.170037
0.181066
0.190202
0.197641
0.20358
0.208216
0.211727
0.214276
0.216008
0.217049
0.217511
0.217492
0.217078
0.216343
0.215356
0.214173
0.212848
0.211426
0.209945
0.20844
0.206941
0.205471
0.20405
0.202694
0.201416
0.200225
0.199126
0.198122
0.197216
0.196405
0.195688
0.19506
0.194517
0.194052
0.193659
0.193332
0.193062
0.192843
0.192668
0.192529
0.19242
0.192332
0.19226
0.192197
0.192137
0.192075
0.192005
0.191922
0.19182
0.191697
0.191547
0.191367
0.191154
0.190903
0.190612
0.190279
0.189901
0.189475
0.188999
0.188473
0.187893
0.187258
0.186568
0.185822
0.185021
0.184162
0.183246
0.182272
0.181241
0.180153
0.179007
0.177804
0.176545
0.175232
0.173864
0.172445
0.170976
0.169459
0.167898
0.166296
0.164658
0.162989
0.161295
0.159583
0.157862
0.156141
0.154433
0.15275
0.151109
0.149526
0.148022
0.146622
0.14535
0.144238
0.14332
0.142633
0.142223
0.142137
0.142434
0.143182
0.144465
0.146391
0.149114
0.152869
0.158052
0.16539
0.176337
0.194071
0.226539
0.289609
0.373755
0.464497
0.536861
0.552044
0.447506
0.122712
0.00276772
0.00920298
0.0108586
0.00769664
0.00453902
0.0169332
0.0348111
0.0551864
0.0763484
0.097021
0.116356
0.133861
0.149311
0.162661
0.173987
0.183437
0.191192
0.197448
0.202398
0.206223
0.209088
0.211141
0.212513
0.213316
0.213652
0.213606
0.213254
0.212663
0.211888
0.210982
0.209985
0.208936
0.207865
0.206799
0.205759
0.204764
0.203826
0.202956
0.20216
0.201444
0.200809
0.200255
0.199781
0.199383
0.199058
0.1988
0.198603
0.198462
0.198369
0.198319
0.198304
0.198318
0.198354
0.198405
0.198466
0.19853
0.198592
0.198647
0.198688
0.198712
0.198713
0.198687
0.198631
0.198541
0.198413
0.198243
0.19803
0.197769
0.197459
0.197097
0.196681
0.196209
0.19568
0.195089
0.194436
0.19372
0.192941
0.192098
0.19119
0.190217
0.189177
0.188069
0.186895
0.185653
0.184343
0.182965
0.181519
0.180007
0.178428
0.176783
0.175075
0.173305
0.171476
0.16959
0.167652
0.165665
0.163637
0.161574
0.159485
0.157379
0.155269
0.15317
0.151098
0.149074
0.147123
0.145271
0.143552
0.142003
0.140669
0.1396
0.138857
0.138507
0.138633
0.139335
0.140738
0.143012
0.14641
0.151336
0.158517
0.169354
0.186819
0.2182
0.279905
0.364475
0.457782
0.535151
0.557467
0.460332
0.134289
0.00274794
0.00948552
0.0116894
0.00928297
0.00425629
0.0128888
0.0293041
0.0486344
0.0691055
0.0893806
0.108541
0.126031
0.141576
0.155094
0.166635
0.176328
0.184345
0.190873
0.196104
0.200219
0.203384
0.20575
0.207448
0.208594
0.209289
0.209621
0.209664
0.209483
0.209133
0.208663
0.208113
0.207516
0.206901
0.206292
0.205707
0.20516
0.204663
0.204224
0.203847
0.203536
0.20329
0.20311
0.202992
0.202932
0.202927
0.202971
0.203059
0.203184
0.203341
0.203523
0.203725
0.203939
0.204161
0.204384
0.204603
0.204812
0.205007
0.205182
0.205334
0.205458
0.205549
0.205605
0.20562
0.205594
0.205521
0.205399
0.205226
0.204998
0.204714
0.204371
0.203967
0.203499
0.202967
0.202366
0.201696
0.200956
0.200146
0.199264
0.198309
0.19728
0.196176
0.194996
0.193738
0.192403
0.190989
0.189496
0.187923
0.18627
0.184537
0.182724
0.180832
0.17886
0.176812
0.174688
0.172491
0.170224
0.167891
0.165499
0.163053
0.160563
0.158039
0.155494
0.152944
0.150408
0.14791
0.145479
0.143148
0.140957
0.138957
0.137204
0.135766
0.134725
0.134177
0.13424
0.13506
0.136827
0.139813
0.144439
0.15143
0.162145
0.179358
0.209625
0.269473
0.35418
0.44995
0.53258
0.562741
0.474203
0.148309
0.00277166
0.00986118
0.0125263
0.0107145
0.00544527
0.00962279
0.0244545
0.0426592
0.0623303
0.0820828
0.100937
0.118284
0.133801
0.147377
0.159037
0.168892
0.177102
0.183849
0.18932
0.193695
0.19714
0.199805
0.201824
0.203313
0.204373
0.205091
0.205541
0.205786
0.20588
0.205866
0.205783
0.205661
0.205525
0.205395
0.205287
0.205213
0.20518
0.205193
0.205257
0.205371
0.205535
0.205747
0.206003
0.2063
0.206631
0.206994
0.207381
0.207787
0.208207
0.208634
0.209064
0.20949
0.209908
0.210312
0.210698
0.211061
0.211397
0.211701
0.21197
0.2122
0.212387
0.212529
0.212622
0.212663
0.21265
0.212579
0.21245
0.212258
0.212003
0.211681
0.211291
0.210831
0.210298
0.209689
0.209003
0.208243
0.207404
0.206486
0.205486
0.204404
0.203238
0.201987
0.200649
0.199224
0.197709
0.196105
0.194409
0.192622
0.190741
0.188766
0.186697
0.184534
0.182276
0.179925
0.177481
0.174946
0.172324
0.169618
0.166832
0.163974
0.161053
0.158079
0.155067
0.152034
0.149003
0.146001
0.143063
0.14023
0.137553
0.135097
0.132936
0.131164
0.129892
0.129257
0.129428
0.13062
0.13313
0.137399
0.144159
0.15473
0.171705
0.20092
0.258337
0.342823
0.44086
0.528958
0.567696
0.489078
0.165011
0.00286503
0.0103966
0.0134356
0.0120152
0.00693581
0.00724944
0.0203388
0.0373594
0.0561259
0.0752248
0.0936317
0.110691
0.126046
0.139556
0.151223
0.161146
0.169471
0.176374
0.182036
0.186634
0.190333
0.193282
0.195614
0.197445
0.198875
0.199989
0.200859
0.201547
0.202101
0.202565
0.202971
0.203346
0.203712
0.204086
0.204478
0.204897
0.205349
0.205837
0.206361
0.20692
0.207513
0.208134
0.208782
0.20945
0.210134
0.210829
0.211529
0.212229
0.212924
0.213608
0.214277
0.214925
0.215549
0.216144
0.216706
0.217231
0.217715
0.218155
0.218548
0.21889
0.21918
0.219413
0.219587
0.219701
0.219752
0.219737
0.219654
0.219502
0.219278
0.218981
0.218609
0.218159
0.21763
0.217021
0.216328
0.215547
0.214679
0.213725
0.212681
0.211547
0.210321
0.209002
0.207587
0.206075
0.204464
0.202753
0.20094
0.199024
0.197002
0.194873
0.192637
0.190291
0.187836
0.18527
0.182593
0.179806
0.17691
0.173908
0.170802
0.167597
0.1643
0.16092
0.157468
0.153961
0.150418
0.146864
0.143334
0.139868
0.136519
0.133352
0.130451
0.127917
0.125876
0.124484
0.123935
0.124475
0.126431
0.130272
0.136744
0.147138
0.163886
0.192179
0.246599
0.330391
0.430383
0.524071
0.572119
0.504862
0.184587
0.0030531
0.0111429
0.0144554
0.0131957
0.00823585
0.00574887
0.0169911
0.0328209
0.0505933
0.0689052
0.0867123
0.103329
0.118372
0.131677
0.14323
0.153112
0.161464
0.168449
0.174245
0.179022
0.182944
0.186157
0.188791
0.190962
0.192765
0.194285
0.195591
0.196738
0.197774
0.198737
0.199655
0.200551
0.201442
0.202341
0.203256
0.204191
0.20515
0.206131
0.207134
0.208156
0.209193
0.210241
0.211294
0.212349
0.213398
0.214438
0.215463
0.216468
0.217448
0.2184
0.219317
0.220198
0.221036
0.22183
0.222576
0.22327
0.223909
0.224492
0.225015
0.225476
0.225872
0.226202
0.226464
0.226655
0.226773
0.226818
0.226786
0.226677
0.226489
0.226219
0.225867
0.22543
0.224906
0.224295
0.223591
0.222793
0.221902
0.220916
0.219834
0.218653
0.217372
0.215988
0.214501
0.212908
0.211207
0.209395
0.207471
0.205433
0.203279
0.201006
0.198612
0.196095
0.193454
0.190687
0.187793
0.184771
0.181621
0.178343
0.174938
0.171411
0.167765
0.164006
0.160144
0.156193
0.152168
0.148093
0.143998
0.139923
0.135919
0.132052
0.128408
0.125094
0.12225
0.120048
0.118708
0.118509
0.119817
0.12314
0.129246
0.139414
0.155938
0.183432
0.234486
0.316911
0.41841
0.517694
0.575744
0.521391
0.207155
0.00335723
0.0121189
0.0155706
0.0142123
0.00912989
0.0047624
0.0143881
0.029114
0.0458277
0.0632226
0.0802697
0.0962772
0.110846
0.123795
0.135097
0.144822
0.153098
0.160083
0.165945
0.170852
0.174959
0.178412
0.181335
0.183841
0.186022
0.187958
0.189713
0.191339
0.192878
0.194362
0.195816
0.197257
0.198697
0.200144
0.201603
0.203075
0.204559
0.206053
0.207552
0.209052
0.210549
0.212036
0.213508
0.21496
0.216386
0.217781
0.219141
0.220461
0.221736
0.222963
0.224137
0.225257
0.226318
0.227318
0.228254
0.229124
0.229925
0.230657
0.231315
0.2319
0.232409
0.232841
0.233194
0.233467
0.233657
0.233765
0.233788
0.233726
0.233576
0.233337
0.233008
0.232587
0.232072
0.231461
0.230752
0.229942
0.22903
0.228017
0.226898
0.225674
0.224342
0.222899
0.221344
0.219675
0.217889
0.215984
0.213957
0.211805
0.209527
0.207119
0.204579
0.201904
0.199092
0.19614
0.193046
0.189807
0.186424
0.182893
0.179217
0.175395
0.17143
0.167327
0.163091
0.158733
0.154266
0.149711
0.145093
0.140449
0.135826
0.131287
0.126918
0.122828
0.119163
0.116109
0.113911
0.112882
0.113433
0.116119
0.121752
0.131615
0.147897
0.174694
0.222303
0.302472
0.404868
0.509594
0.578258
0.538421
0.232747
0.00379038
0.0132903
0.0166878
0.0149381
0.00942253
0.00363605
0.012544
0.0263415
0.0419384
0.0582889
0.0744035
0.0896218
0.103543
0.115973
0.126876
0.136312
0.144401
0.151291
0.157145
0.162121
0.166371
0.170033
0.173229
0.176064
0.178626
0.180987
0.183207
0.185332
0.187396
0.189425
0.191439
0.193449
0.195461
0.19748
0.199504
0.201532
0.203559
0.205581
0.207591
0.209583
0.211551
0.213489
0.21539
0.217249
0.219061
0.22082
0.222522
0.224164
0.225741
0.22725
0.228688
0.230053
0.231342
0.232554
0.233686
0.234737
0.235706
0.236591
0.23739
0.238104
0.23873
0.239268
0.239716
0.240075
0.240342
0.240517
0.240598
0.240585
0.240477
0.240273
0.23997
0.239568
0.239066
0.238461
0.237753
0.236936
0.236007
0.234968
0.233818
0.232554
0.231175
0.229678
0.228061
0.226322
0.224458
0.222466
0.220344
0.218089
0.215697
0.213166
0.210493
0.207674
0.204706
0.201586
0.198311
0.194878
0.191285
0.187529
0.18361
0.179526
0.175278
0.170869
0.166302
0.161585
0.156727
0.151745
0.146661
0.141504
0.136318
0.13116
0.126109
0.121273
0.116796
0.112873
0.109764
0.107814
0.107481
0.109384
0.114392
0.123821
0.139795
0.165989
0.210407
0.287231
0.389748
0.499542
0.579289
0.555616
0.261294
0.00435029
0.0145493
0.0176169
0.0151554
0.00889494
0.00178416
0.011816
0.0247829
0.0391226
0.0542733
0.0692408
0.0834727
0.0965635
0.108297
0.118637
0.127639
0.135413
0.142102
0.147859
0.152836
0.157178
0.161015
0.164463
0.167618
0.170562
0.173359
0.176061
0.178704
0.181316
0.183916
0.186515
0.189118
0.191726
0.194337
0.196946
0.199548
0.202134
0.204698
0.207231
0.209726
0.212175
0.214572
0.21691
0.219183
0.221386
0.223515
0.225565
0.227533
0.229416
0.231212
0.232918
0.234533
0.236055
0.237483
0.238816
0.240052
0.241192
0.242235
0.243179
0.244025
0.244772
0.24542
0.245967
0.246415
0.246762
0.247007
0.247151
0.247191
0.247128
0.246961
0.246688
0.246309
0.245822
0.245226
0.244519
0.243697
0.242757
0.2417
0.240523
0.239227
0.237807
0.236263
0.234591
0.23279
0.230856
0.228787
0.226579
0.224231
0.221738
0.219096
0.216304
0.213357
0.21025
0.206982
0.203548
0.199945
0.19617
0.192219
0.188091
0.183783
0.179294
0.174626
0.169779
0.164758
0.159571
0.154229
0.148749
0.143156
0.137485
0.131786
0.126128
0.12061
0.115368
0.110593
0.106549
0.103603
0.102256
0.103195
0.107373
0.116167
0.131686
0.157309
0.199184
0.271446
0.373122
0.487328
0.578412
0.572535
0.292607
0.00500881
0.0156924
0.0180582
0.0145792
0.00744923
0.00239726
0.0130713
0.0249981
0.0378744
0.0514743
0.0649629
0.0779839
0.0900425
0.100881
0.110476
0.118879
0.126196
0.13256
0.138118
0.143016
0.147388
0.151358
0.155031
0.158496
0.161823
0.165066
0.168266
0.17145
0.174635
0.177831
0.18104
0.18426
0.187486
0.190709
0.193921
0.197112
0.200271
0.203388
0.206454
0.20946
0.212397
0.215258
0.218037
0.220728
0.223326
0.225827
0.228227
0.230525
0.232717
0.234802
0.236779
0.238646
0.240403
0.24205
0.243585
0.24501
0.246323
0.247526
0.248618
0.249599
0.25047
0.251231
0.251881
0.252421
0.25285
0.25317
0.253378
0.253475
0.253461
0.253334
0.253095
0.252742
0.252274
0.25169
0.25099
0.250171
0.249226
0.248154
0.246956
0.245632
0.244178
0.242593
0.240875
0.239019
0.237025
0.234888
0.232607
0.230177
0.227596
0.22486
0.221965
0.218907
0.215684
0.21229
0.208723
0.204978
0.201052
0.196942
0.192643
0.188155
0.183474
0.178601
0.173534
0.168278
0.162835
0.157214
0.151427
0.145493
0.13944
0.133306
0.12715
0.121054
0.115139
0.109578
0.104626
0.100649
0.0981741
0.0979504
0.10103
0.108898
0.123706
0.148664
0.188812
0.255622
0.355159
0.472776
0.575143
0.588617
0.326366
0.00569551
0.0163972
0.0176008
0.012995
0.00626547
0.00769955
0.0170332
0.0275483
0.0387268
0.0503956
0.0620433
0.0734382
0.0840959
0.0938705
0.102521
0.110146
0.116837
0.122731
0.12797
0.132691
0.137021
0.141072
0.144939
0.148699
0.152408
0.156108
0.159825
0.163573
0.167356
0.171174
0.175018
0.178879
0.182743
0.186597
0.190428
0.19422
0.197962
0.20164
0.205245
0.208765
0.212193
0.215521
0.218742
0.221852
0.224845
0.227718
0.230469
0.233096
0.235597
0.237971
0.240218
0.242338
0.244331
0.246196
0.247936
0.249549
0.251038
0.252403
0.253644
0.254763
0.255759
0.256635
0.257389
0.258024
0.258539
0.258934
0.25921
0.259367
0.259404
0.259322
0.259119
0.258796
0.258351
0.257784
0.257093
0.256278
0.255336
0.254261
0.253049
0.251704
0.250224
0.248607
0.24685
0.244951
0.242907
0.240715
0.238373
0.235877
0.233224
0.230411
0.227434
0.224289
0.220973
0.217481
0.213811
0.209959
0.20592
0.201692
0.197271
0.192655
0.187841
0.182827
0.177614
0.172201
0.166591
0.160789
0.154802
0.148645
0.142335
0.135903
0.129392
0.122866
0.116422
0.110206
0.104442
0.099469
0.0958072
0.0942379
0.0959081
0.102451
0.116148
0.140178
0.179032
0.240651
0.336124
0.455767
0.568937
0.603155
0.362097
0.00627537
0.0162011
0.0158605
0.0110392
0.00918944
0.0151995
0.0236739
0.032677
0.0419823
0.051511
0.0610225
0.0703429
0.0791537
0.0874358
0.094876
0.10158
0.107462
0.112714
0.117487
0.121913
0.126109
0.130177
0.134198
0.138235
0.142326
0.146494
0.150748
0.155085
0.159493
0.163959
0.168463
0.172986
0.177508
0.182008
0.186468
0.190872
0.195202
0.199446
0.203591
0.207627
0.211545
0.215338
0.218999
0.222524
0.225909
0.229152
0.23225
0.235203
0.23801
0.240671
0.243186
0.245556
0.247783
0.249866
0.251809
0.253611
0.255275
0.256801
0.258192
0.259449
0.260572
0.261564
0.262425
0.263156
0.263758
0.264232
0.264578
0.264797
0.264889
0.264854
0.264692
0.264402
0.263984
0.263438
0.262763
0.261957
0.261021
0.259949
0.258735
0.257379
0.255883
0.254244
0.252461
0.250531
0.248452
0.246222
0.243836
0.241294
0.238591
0.235724
0.232691
0.229487
0.226111
0.222558
0.218824
0.214908
0.210805
0.206513
0.202029
0.19735
0.192475
0.187401
0.182128
0.176655
0.170984
0.165117
0.159058
0.152816
0.146404
0.139838
0.13315
0.126383
0.119608
0.112935
0.10654
0.10071
0.0959107
0.0928955
0.0928556
0.0975774
0.109564
0.132123
0.169498
0.227378
0.316516
0.436296
0.559186
0.615267
0.399144
0.00652171
0.0145328
0.0130273
0.0117062
0.016802
0.0246339
0.0325546
0.0402312
0.0477145
0.0550614
0.0622394
0.0691964
0.0758062
0.0820673
0.0878504
0.0932498
0.0982166
0.102636
0.10677
0.110754
0.114701
0.118703
0.122829
0.12712
0.131592
0.136243
0.141057
0.14601
0.151072
0.156212
0.1614
0.166605
0.171799
0.176956
0.182054
0.187073
0.191994
0.196802
0.201485
0.206032
0.210435
0.214686
0.218781
0.222715
0.226486
0.230091
0.23353
0.236803
0.239911
0.242853
0.245632
0.248249
0.250706
0.253004
0.255147
0.257136
0.258973
0.26066
0.2622
0.263594
0.264845
0.265953
0.266921
0.267751
0.268442
0.268998
0.269417
0.269702
0.269852
0.269868
0.269751
0.2695
0.269116
0.268597
0.267944
0.267156
0.266232
0.265171
0.26397
0.262621
0.261122
0.259477
0.257685
0.255743
0.25365
0.251403
0.249
0.246438
0.243716
0.240829
0.237777
0.234557
0.231165
0.227599
0.223857
0.219936
0.215834
0.211549
0.207079
0.202422
0.197577
0.192543
0.187318
0.181904
0.176299
0.170506
0.164526
0.158364
0.152025
0.14552
0.138865
0.132085
0.125224
0.118354
0.111598
0.105166
0.0994305
0.0950409
0.0931218
0.0955227
0.105005
0.125203
0.16042
0.215541
0.297653
0.414459
0.545218
0.623838
0.436624
0.00606586
0.0110149
0.0117954
0.0185049
0.0275475
0.0359108
0.0433214
0.0498724
0.0557252
0.061023
0.0658672
0.0703367
0.0744779
0.0783706
0.0820329
0.0855863
0.0891812
0.0926357
0.0959539
0.099315
0.102863
0.106692
0.110859
0.115379
0.120234
0.125386
0.130788
0.136388
0.142133
0.147974
0.153867
0.15977
0.165647
0.171468
0.177206
0.182838
0.188345
0.193711
0.198924
0.203973
0.208851
0.21355
0.218068
0.2224
0.226546
0.230504
0.234275
0.23786
0.24126
0.244476
0.247512
0.250369
0.253051
0.255561
0.2579
0.260072
0.262081
0.263928
0.265616
0.267148
0.268527
0.269754
0.270832
0.271762
0.272547
0.273188
0.273686
0.274043
0.274259
0.274335
0.274272
0.27407
0.273729
0.27325
0.272633
0.271876
0.270981
0.269946
0.268771
0.267454
0.265987
0.264365
0.262591
0.260668
0.258594
0.256367
0.253986
0.25145
0.248756
0.245903
0.242889
0.239713
0.236373
0.232867
0.229195
0.225354
0.221343
0.217163
0.212812
0.208289
0.203594
0.198728
0.193689
0.188478
0.183095
0.177541
0.171817
0.165924
0.159863
0.153637
0.147251
0.140716
0.13405
0.127291
0.120509
0.113836
0.107526
0.102066
0.0983832
0.0981822
0.104324
0.12089
0.152641
0.204385
0.280966
0.390778
0.526336
0.627438
0.473352
0.00439858
0.0081013
0.0183101
0.03012
0.0403453
0.0488057
0.0556972
0.0612495
0.0656705
0.0691414
0.0718259
0.0738863
0.0754861
0.0768054
0.0780073
0.0792967
0.0808763
0.0828517
0.0851678
0.0877279
0.0906872
0.094198
0.0983237
0.103043
0.108288
0.11397
0.119996
0.126279
0.13274
0.139308
0.145924
0.152536
0.159103
0.165587
0.17196
0.178198
0.18428
0.190192
0.195921
0.201457
0.206795
0.211928
0.216854
0.221572
0.22608
0.230379
0.234471
0.238357
0.24204
0.245523
0.248809
0.251902
0.254805
0.257522
0.260057
0.262412
0.264593
0.266601
0.268441
0.270116
0.271629
0.272982
0.274178
0.27522
0.27611
0.27685
0.277441
0.277886
0.278186
0.278342
0.278355
0.278225
0.277955
0.277543
0.276991
0.276299
0.275467
0.274496
0.273384
0.272132
0.27074
0.269202
0.267514
0.265669
0.263673
0.261531
0.259242
0.256806
0.254221
0.251486
0.248601
0.245567
0.242382
0.239047
0.235559
0.23192
0.228131
0.224191
0.220101
0.215863
0.211476
0.206941
0.20226
0.197432
0.192458
0.18734
0.182077
0.176668
0.17111
0.165403
0.159542
0.153527
0.147357
0.141041
0.134605
0.128111
0.121702
0.115683
0.110704
0.108096
0.110424
0.121942
0.148182
0.194612
0.265866
0.367208
0.501861
0.624181
0.507709
0.00312906
0.0159684
0.0312928
0.0444284
0.0549553
0.0631741
0.069431
0.0740105
0.0771391
0.0790071
0.0797935
0.0796872
0.0788994
0.0776711
0.0762655
0.0749813
0.0741179
0.0739151
0.074602
0.0761342
0.0782952
0.0812877
0.0852704
0.0901669
0.0958254
0.102081
0.108782
0.115794
0.123006
0.130328
0.137683
0.145013
0.152268
0.15941
0.166408
0.173238
0.179881
0.186322
0.19255
0.198558
0.20434
0.209893
0.215215
0.220305
0.225165
0.229797
0.234203
0.238386
0.24235
0.246099
0.249638
0.25297
0.2561
0.259033
0.261773
0.264325
0.266693
0.26888
0.270892
0.272732
0.274403
0.27591
0.277255
0.278441
0.279471
0.280349
0.281075
0.281653
0.282085
0.282371
0.282515
0.282516
0.282378
0.2821
0.281683
0.28113
0.280439
0.279614
0.278652
0.277557
0.276327
0.274963
0.273464
0.271829
0.270053
0.268128
0.266056
0.263839
0.261487
0.259004
0.25639
0.253646
0.250772
0.247766
0.244629
0.241365
0.237974
0.234459
0.230822
0.227064
0.223185
0.219187
0.215072
0.210841
0.206496
0.202036
0.197463
0.192772
0.187961
0.183022
0.177949
0.17273
0.167354
0.161809
0.156088
0.1502
0.144197
0.138227
0.13266
0.12835
0.127167
0.132781
0.151063
0.188858
0.251938
0.344821
0.472429
0.611482
0.53742
0.010403
0.0321497
0.0483013
0.0611316
0.0711145
0.0786286
0.0840197
0.0875653
0.0894804
0.0899418
0.0891147
0.0871772
0.0843351
0.0808333
0.0769617
0.0730632
0.0695172
0.0667021
0.0649876
0.0647382
0.0658619
0.0680749
0.0718181
0.076905
0.0830463
0.0899634
0.0974211
0.105231
0.113248
0.121358
0.129475
0.137532
0.14548
0.153277
0.160895
0.16831
0.175506
0.182469
0.189192
0.195668
0.201894
0.207868
0.21359
0.219063
0.224287
0.229267
0.234007
0.238511
0.242783
0.24683
0.250656
0.254266
0.257667
0.260864
0.263861
0.266665
0.26928
0.271711
0.273964
0.276042
0.27795
0.279692
0.281273
0.282695
0.283962
0.285078
0.286046
0.286867
0.287546
0.288085
0.288485
0.288749
0.288879
0.288876
0.288743
0.288481
0.288091
0.287575
0.286935
0.286171
0.285285
0.284277
0.283149
0.281902
0.280536
0.279051
0.277448
0.275722
0.273867
0.271879
0.26976
0.267512
0.265144
0.262669
0.260096
0.257428
0.254664
0.251806
0.248854
0.24581
0.242672
0.239443
0.236126
0.232724
0.22924
0.225674
0.222025
0.218288
0.214458
0.210527
0.206483
0.202312
0.197995
0.193507
0.188821
0.183911
0.178763
0.173405
0.167976
0.162884
0.159173
0.159252
0.167943
0.192806
0.242191
0.322822
0.439975
0.586313
0.559166
0.0244968
0.0539539
0.0685221
0.0793025
0.087611
0.0937152
0.0978425
0.100189
0.100912
0.100137
0.0979886
0.0946077
0.0901653
0.0848706
0.0789829
0.0728255
0.066792
0.0613319
0.056899
0.0541009
0.0535526
0.054867
0.0584781
0.0639785
0.0708571
0.0786699
0.087078
0.095836
0.104769
0.113752
0.122694
0.13153
0.140212
0.148704
0.156979
0.165018
0.172809
0.180341
0.187609
0.19461
0.201342
0.207806
0.214005
0.21994
0.225618
0.231042
0.236217
0.24115
0.245847
0.250313
0.254555
0.25858
0.262393
0.266001
0.269411
0.272628
0.275657
0.278506
0.281178
0.28368
0.286016
0.288191
0.290209
0.292075
0.293793
0.295366
0.296799
0.298094
0.299254
0.300284
0.301185
0.30196
0.302611
0.303142
0.303553
0.303848
0.304029
0.304097
0.304054
0.303902
0.303643
0.303278
0.302809
0.302237
0.301565
0.300793
0.299923
0.298955
0.297892
0.296734
0.295483
0.294138
0.292697
0.291152
0.289497
0.287735
0.285869
0.283905
0.281848
0.279707
0.277502
0.275243
0.272932
0.270569
0.268153
0.265681
0.263149
0.260551
0.257881
0.255131
0.252288
0.249336
0.246255
0.243013
0.239573
0.235885
0.23189
0.227527
0.222753
0.217616
0.212426
0.2082
0.207616
0.216505
0.244699
0.303945
0.404428
0.547147
0.567595
0.0464538
0.0801492
0.0895204
0.0955383
0.100199
0.103491
0.105416
0.106002
0.105274
0.103255
0.0999756
0.0955106
0.0899688
0.083499
0.0763032
0.0686577
0.0609451
0.0536816
0.0473135
0.0427038
0.0410841
0.0430334
0.048108
0.0553808
0.0640264
0.0734718
0.0833509
0.0934309
0.103561
0.113639
0.123595
0.13338
0.142958
0.152305
0.161401
0.170236
0.178799
0.187087
0.195096
0.202828
0.210282
0.217463
0.224374
0.231019
0.237404
0.243535
0.249419
0.255062
0.26047
0.265651
0.270612
0.275359
0.279899
0.284239
0.288385
0.292345
0.296122
0.299725
0.303158
0.306427
0.309537
0.312493
0.3153
0.317962
0.320483
0.322867
0.325119
0.327241
0.329237
0.33111
0.332864
0.334501
0.336023
0.337434
0.338736
0.33993
0.34102
0.342008
0.342895
0.343683
0.344375
0.344972
0.345477
0.34589
0.346213
0.346448
0.346598
0.346662
0.346644
0.346545
0.346367
0.346111
0.345779
0.345372
0.344893
0.344343
0.343723
0.343034
0.342277
0.34145
0.340543
0.339548
0.338469
0.337307
0.336066
0.334748
0.333359
0.331917
0.330426
0.328877
0.327254
0.32554
0.323712
0.321733
0.319555
0.317108
0.314296
0.310979
0.306968
0.302014
0.295848
0.288344
0.280015
0.273275
0.27498
0.299498
0.36742
0.492825
0.554676
0.0787939
0.106024
0.103258
0.0991867
0.0958821
0.0927629
0.0895872
0.086151
0.0822836
0.0778566
0.0727488
0.0669508
0.0604967
0.0534951
0.0461843
0.0390299
0.0329136
0.0293353
0.0299992
0.0351472
0.0433796
0.0535011
0.0645788
0.0761324
0.0879028
0.0997401
0.111548
0.123261
0.134829
0.146217
0.157397
0.168346
0.179049
0.189493
0.19967
0.209573
0.2192
0.228548
0.237617
0.24641
0.254928
0.263175
0.271156
0.278875
0.286339
0.293552
0.300521
0.307253
0.313753
0.320029
0.326086
0.331932
0.337573
0.343015
0.348264
0.353325
0.358206
0.362911
0.367446
0.371817
0.376027
0.380081
0.383985
0.387743
0.391358
0.394834
0.398176
0.401387
0.40447
0.407428
0.410265
0.412983
0.415585
0.418074
0.420452
0.422722
0.424886
0.426947
0.428905
0.430765
0.432527
0.434193
0.435766
0.437248
0.438639
0.439943
0.44116
0.442293
0.443343
0.444313
0.445203
0.446017
0.446756
0.447421
0.448016
0.448542
0.449002
0.449396
0.449727
0.449995
0.450203
0.450352
0.450442
0.450475
0.450448
0.450362
0.450208
0.449968
0.449633
0.449209
0.448699
0.448087
0.447343
0.446425
0.445268
0.443778
0.441808
0.439139
0.435442
0.430223
0.422778
0.412169
0.397336
0.377617
0.354388
0.335618
0.345159
0.422807
0.508159
0.118947
0.110034
0.0839796
0.0640627
0.0512253
0.0451391
0.0452827
0.049853
0.0569665
0.0654142
0.0745505
0.0841244
0.0940465
0.10429
0.114857
0.125763
0.13702
0.148585
0.160421
0.17249
0.184713
0.197059
0.209507
0.222001
0.234485
0.24691
0.259236
0.27143
0.283463
0.295312
0.306959
0.318386
0.32958
0.340532
0.351232
0.361675
0.371857
0.381774
0.391425
0.400811
0.409933
0.418791
0.42739
0.435732
0.443822
0.451663
0.45926
0.466619
0.473745
0.480642
0.487317
0.493775
0.500022
0.506063
0.511903
0.517549
0.523006
0.528278
0.533371
0.53829
0.54304
0.547626
0.552052
0.556322
0.560441
0.564414
0.568243
0.571933
0.575488
0.578911
0.582205
0.585374
0.588422
0.59135
0.594163
0.596863
0.599453
0.601935
0.604312
0.606587
0.608763
0.610841
0.612824
0.614714
0.616514
0.618225
0.619851
0.621393
0.622853
0.624233
0.625536
0.626764
0.627919
0.629003
0.630018
0.630968
0.631853
0.632676
0.63344
0.634147
0.634803
0.63541
0.635968
0.63648
0.636944
0.637362
0.63773
0.638049
0.638309
0.63849
0.638564
0.638506
0.638277
0.63782
0.637048
0.635829
0.633961
0.631139
0.626906
0.620581
0.61117
0.59726
0.576912
0.547632
0.506622
0.452205
0.390274
0.358775
0.405986
0.0979802
0.194793
0.276016
0.337732
0.386565
0.426733
0.460728
0.490077
0.515794
0.538595
0.559005
0.577432
0.594203
0.609584
0.623792
0.637009
0.649383
0.661029
0.67204
0.682497
0.692463
0.701996
0.711144
0.719944
0.728422
0.736598
0.744487
0.752103
0.759456
0.766555
0.773407
0.78002
0.786398
0.792546
0.79847
0.804174
0.809662
0.814939
0.820009
0.824878
0.829549
0.834028
0.83832
0.84243
0.846362
0.850123
0.853717
0.85715
0.860427
0.863554
0.866535
0.869376
0.872083
0.87466
0.877112
0.879444
0.881661
0.883768
0.885769
0.887668
0.889469
0.891178
0.892797
0.89433
0.895781
0.897154
0.898451
0.899676
0.900832
0.901921
0.902947
0.903913
0.90482
0.905671
0.906468
0.907215
0.907912
0.908561
0.909166
0.909727
0.910246
0.910726
0.911167
0.911571
0.911941
0.912277
0.91258
0.912853
0.913097
0.913313
0.913502
0.913666
0.913806
0.913923
0.914019
0.914095
0.914153
0.914193
0.914216
0.914223
0.914213
0.914186
0.914143
0.914085
0.91401
0.913918
0.913806
0.913669
0.913499
0.913286
0.913013
0.912653
0.912166
0.911492
0.910541
0.909177
0.907198
0.904298
0.900022
0.893702
0.884354
0.870547
0.850181
0.820127
0.775524
0.708424
0.605263
0.444431
0.230544
