# vtk DataFile Version 3.0
Cavity flow at t=80
ASCII
DATASET STRUCTURED_POINTS
DIMENSIONS 129 129 1
ORIGIN 0 0 0
SPACING 0.00775194 0.00775194 1
POINT_DATA 16641
VECTORS velocity double
-3.12987e-05 2.24914e-06 0.0
-5.33487e-05 -9.24867e-06 0.0
-2.69304e-06 -4.14068e-05 0.0
0.000112915 -7.42013e-05 0.0
0.000286954 -9.9837e-05 0.0
0.000502717 -0.000115926 0.0
0.000740949 -0.000122305 0.0
0.000983212 -0.000119958 0.0
0.00121375 -0.000110577 0.0
0.00142056 -9.62337e-05 0.0
0.00159587 -7.90824e-05 0.0
0.00173607 -6.11142e-05 0.0
0.00184117 -4.39882e-05 0.0
0.0019141 -2.89413e-05 0.0
0.00195981 -1.67626e-05 0.0
0.00198439 -7.81638e-06 0.0
0.0019943 -2.10103e-06 0.0
0.00199576 6.50096e-07 0.0
0.00199432 7.84712e-07 0.0
0.00199463 -1.09371e-06 0.0
0.00199999 -4.26447e-06 0.0
0.00201226 -8.00626e-06 0.0
0.00203187 -1.15986e-05 0.0
0.00205784 -1.43771e-05 0.0
0.00208802 -1.5797e-05 0.0
0.0021193 -1.54882e-05 0.0
0.00214806 -1.32673e-05 0.0
0.00217047 -9.14336e-06 0.0
0.00218284 -3.22299e-06 0.0
0.00218186 4.19947e-06 0.0
0.00216445 1.32082e-05 0.0
0.00212787 2.33773e-05 0.0
0.00206977 3.47176e-05 0.0
0.00198756 4.74979e-05 0.0
0.00187934 6.07206e-05 0.0
0.00174275 7.58693e-05 0.0
0.0015745 9.23778e-05 0.0
0.00137313 0.000109002 0.0
0.00113666 0.00012746 0.0
0.00086244 0.000146763 0.0
0.000548759 0.000166918 0.0
0.000193839 0.000188002 0.0
-0.000203974 0.000209811 0.0
-0.000645926 0.000232142 0.0
-0.00113297 0.000254905 0.0
-0.00166578 0.000277901 0.0
-0.0022446 0.000300921 0.0
-0.00286928 0.000323756 0.0
-0.00353922 0.000346193 0.0
-0.00425344 0.00036802 0.0
-0.00501048 0.000389025 0.0
-0.00580851 0.000409002 0.0
-0.00664526 0.000427749 0.0
-0.00751808 0.000445074 0.0
-0.00842395 0.000460796 0.0
-0.00935949 0.000474744 0.0
-0.010321 0.00048676 0.0
-0.0113044 0.000496699 0.0
-0.0123056 0.000504426 0.0
-0.0133198 0.000509821 0.0
-0.0143424 0.000512772 0.0
-0.0153684 0.000513174 0.0
-0.0163925 0.000510929 0.0
-0.0174093 0.000505946 0.0
-0.0184134 0.000498129 0.0
-0.0193989 0.000487384 0.0
-0.0203599 0.00047361 0.0
-0.0212902 0.000456697 0.0
-0.0221834 0.000436519 0.0
-0.0230329 0.000412938 0.0
-0.0238316 0.000385792 0.0
-0.0245723 0.0003549 0.0
-0.0252473 0.000320068 0.0
-0.0258485 0.000281101 0.0
-0.0263674 0.000237824 0.0
-0.0267953 0.000190099 0.0
-0.0271233 0.00013787 0.0
-0.0273424 8.12804e-05 0.0
-0.02745 2.63385e-05 0.0
-0.0274481 -2.82369e-05 0.0
-0.0273258 -9.40789e-05 0.0
-0.0270641 -0.000167652 0.0
-0.0266498 -0.000246664 0.0
-0.0260732 -0.000329919 0.0
-0.0253267 -0.000416572 0.0
-0.0244043 -0.000505792 0.0
-0.0233019 -0.000596629 0.0
-0.0220173 -0.000687966 0.0
-0.0205509 -0.000778491 0.0
-0.0189057 -0.000866692 0.0
-0.0170881 -0.000950856 0.0
-0.0151082 -0.0010291 0.0
-0.0129797 -0.00109939 0.0
-0.0107207 -0.00115963 0.0
-0.00835337 -0.00120767 0.0
-0.00590458 -0.00124112 0.0
-0.00340723 -0.00125623 0.0
-0.00090692 -0.00124408 0.0
0.00151895 -0.00118179 0.0
0.00379431 -0.00109357 0.0
0.0058793 -0.000991426 0.0
0.00773489 -0.000864155 0.0
0.0093132 -0.000714163 0.0
0.0105764 -0.000549026 0.0
0.0114992 -0.000373798 0.0
0.0120704 -0.000197404 0.0
0.0122996 -3.17685e-05 0.0
0.0122156 0.000115787 0.0
0.0118532 0.000246633 0.0
0.011256 0.000350482 0.0
0.0104794 0.000426147 0.0
0.00957811 0.000475165 0.0
0.00860284 0.000500101 0.0
0.00759847 0.000504279 0.0
0.00660262 0.000491564 0.0
0.00564503 0.000466032 0.0
0.00474735 0.000431651 0.0
0.00392366 0.000392036 0.0
0.00318133 0.0003503 0.0
0.00252206 0.000308965 0.0
0.00194321 0.000269889 0.0
0.00143923 0.000234095 0.0
0.00100366 0.000201477 0.0
0.000631824 0.000170358 0.0
0.000324342 0.000137124 0.0
9.06793e-05 9.65403e-05 0.0
-5.02928e-05 4.44332e-05 0.0
-8.17381e-05 -1.29864e-05 0.0
-3.43755e-05 -3.43751e-05 0.0
-8.39222e-06 1.28906e-05 0.0
6.71211e-05 -0.000102403 0.0
0.000348651 -0.000280438 0.0
0.00085021 -0.000452336 0.0
0.00154171 -0.000587239 0.0
0.00237061 -0.000673187 0.0
0.00327565 -0.000708319 0.0
0.00419644 -0.000696991 0.0
0.00507987 -0.000647514 0.0
0.00588411 -0.000570342 0.0
0.00658034 -0.000476517 0.0
0.00715288 -0.000376424 0.0
0.00759803 -0.000278924 0.0
0.00792194 -0.000190845 0.0
0.00813816 -0.000116782 0.0
0.00826492 -5.91403e-05 0.0
0.0083226 -1.83734e-05 0.0
0.0083315 6.57489e-06 0.0
0.00830996 1.78374e-05 0.0
0.00827295 1.85546e-05 0.0
0.00823132 1.23568e-05 0.0
0.0081912 3.21842e-06 0.0
0.00815356 -4.78388e-06 0.0
0.00811423 -7.84286e-06 0.0
0.00806451 -2.77727e-06 0.0
0.00799206 1.26546e-05 0.0
0.00788219 3.97084e-05 0.0
0.00771908 7.85721e-05 0.0
0.00748677 0.000129009 0.0
0.00717017 0.00018955 0.0
0.00675519 0.000260243 0.0
0.00622928 0.000338835 0.0
0.00558165 0.000424987 0.0
0.00480079 0.000520307 0.0
0.00387748 0.000619437 0.0
0.00280357 0.000727658 0.0
0.00156911 0.000843294 0.0
0.000165549 0.000963026 0.0
-0.00141101 0.00108646 0.0
-0.00316298 0.00121395 0.0
-0.00509484 0.00134527 0.0
-0.0072098 0.00147953 0.0
-0.00950907 0.00161537 0.0
-0.0119919 0.0017514 0.0
-0.0146557 0.00188642 0.0
-0.0174955 0.00201907 0.0
-0.0205049 0.00214798 0.0
-0.0236754 0.00227183 0.0
-0.0269967 0.00238932 0.0
-0.0304568 0.00249922 0.0
-0.0340423 0.00260036 0.0
-0.0377382 0.00269165 0.0
-0.0415285 0.00277213 0.0
-0.0453959 0.0028409 0.0
-0.0493222 0.00289719 0.0
-0.0532887 0.00294033 0.0
-0.0572758 0.00296975 0.0
-0.0612636 0.00298497 0.0
-0.0652319 0.00298561 0.0
-0.0691604 0.00297136 0.0
-0.0730285 0.00294197 0.0
-0.0768158 0.00289724 0.0
-0.0805019 0.00283703 0.0
-0.0840663 0.00276119 0.0
-0.087489 0.00266958 0.0
-0.0907496 0.00256209 0.0
-0.0938283 0.00243855 0.0
-0.096705 0.00229879 0.0
-0.0993599 0.00214259 0.0
-0.101773 0.00196973 0.0
-0.103926 0.00177995 0.0
-0.105797 0.00157303 0.0
-0.107369 0.00134887 0.0
-0.108623 0.00110761 0.0
-0.109543 0.000849891 0.0
-0.110114 0.000577134 0.0
-0.110327 0.000292074 0.0
-0.11018 -1.05471e-06 0.0
-0.109641 -0.000323024 0.0
-0.108651 -0.000670413 0.0
-0.10718 -0.00104579 0.0
-0.105215 -0.00144249 0.0
-0.102745 -0.0018554 0.0
-0.0997626 -0.00228062 0.0
-0.0962604 -0.00271451 0.0
-0.0922374 -0.00315326 0.0
-0.0876964 -0.00359258 0.0
-0.0826454 -0.00402758 0.0
-0.077098 -0.00445274 0.0
-0.0710738 -0.00486187 0.0
-0.0645989 -0.00524811 0.0
-0.0577067 -0.00560397 0.0
-0.0504382 -0.00592151 0.0
-0.0428424 -0.00619237 0.0
-0.0349767 -0.00640793 0.0
-0.0269075 -0.00655883 0.0
-0.0187105 -0.0066329 0.0
-0.0104701 -0.00660804 0.0
-0.00228045 -0.00643338 0.0
0.00564847 -0.00604626 0.0
0.0130797 -0.00555501 0.0
0.0198823 -0.00495873 0.0
0.0259423 -0.00425785 0.0
0.0311509 -0.0034772 0.0
0.0354113 -0.00262879 0.0
0.0386412 -0.00174356 0.0
0.0407913 -0.000864828 0.0
0.0418619 -3.77998e-05 0.0
0.0419223 0.000702303 0.0
0.04108 0.00133424 0.0
0.0394568 0.00184218 0.0
0.0371945 0.00222272 0.0
0.0344433 0.00247902 0.0
0.0313531 0.00261995 0.0
0.0280658 0.00265902 0.0
0.024709 0.00261302 0.0
0.021391 0.00250035 0.0
0.0181984 0.0023396 0.0
0.0151952 0.00214826 0.0
0.0124238 0.00194173 0.0
0.00990742 0.00173231 0.0
0.00765513 0.00152796 0.0
0.00566759 0.00133072 0.0
0.00394552 0.00113502 0.0
0.00249859 0.000926882 0.0
0.0013521 0.000686939 0.0
0.000544484 0.000402627 0.0
0.00010393 0.000100822 0.0
-1.14321e-05 -8.01821e-05 0.0
2.96548e-05 -8.37186e-06 0.0
0.000243649 -0.000370648 0.0
0.000774572 -0.000824646 0.0
0.00161321 -0.00124832 0.0
0.00270974 -0.00157929 0.0
0.00398971 -0.00179 0.0
0.00536848 -0.00187532 0.0
0.00676294 -0.00184524 0.0
0.00809981 -0.00171957 0.0
0.00932069 -0.0015234 0.0
0.0103844 -0.00128338 0.0
0.0112671 -0.0010248 0.0
0.0119609 -0.000769491 0.0
0.0124713 -0.000534633 0.0
0.0128142 -0.000332131 0.0
0.0130123 -0.0001686 0.0
0.0130915 -4.58074e-05 0.0
0.0130783 3.83031e-05 0.0
0.0129966 8.93711e-05 0.0
0.0128658 0.000114818 0.0
0.0126998 0.000123692 0.0
0.0125056 0.000126271 0.0
0.0122821 0.000133222 0.0
0.0120211 0.000154535 0.0
0.011707 0.000198634 0.0
0.0113193 0.000271463 0.0
0.0108334 0.000376579 0.0
0.0102239 0.000514401 0.0
0.00946417 0.000685173 0.0
0.00853016 0.000884005 0.0
0.00739877 0.00111216 0.0
0.00604872 0.00136288 0.0
0.00446397 0.00163333 0.0
0.002627 0.0019298 0.0
0.000520101 0.00224015 0.0
-0.00186268 0.00256365 0.0
-0.00452216 0.00290124 0.0
-0.00746384 0.00325032 0.0
-0.010694 0.00360592 0.0
-0.0142156 0.00396798 0.0
-0.0180268 0.0043343 0.0
-0.0221227 0.00470139 0.0
-0.0264952 0.00506531 0.0
-0.031133 0.00542211 0.0
-0.0360215 0.00576799 0.0
-0.0411434 0.00609919 0.0
-0.0464782 0.00641213 0.0
-0.0520035 0.00670339 0.0
-0.0576943 0.00696984 0.0
-0.0635241 0.00720859 0.0
-0.0694647 0.00741711 0.0
-0.075487 0.00759315 0.0
-0.0815609 0.00773484 0.0
-0.087656 0.00784062 0.0
-0.0937414 0.00790927 0.0
-0.0997866 0.00793985 0.0
-0.105761 0.00793173 0.0
-0.111635 0.00788451 0.0
-0.117378 0.00779803 0.0
-0.122963 0.00767227 0.0
-0.128361 0.00750738 0.0
-0.133546 0.0073036 0.0
-0.13849 0.00706123 0.0
-0.143169 0.00678063 0.0
-0.147559 0.00646213 0.0
-0.151635 0.00610605 0.0
-0.155374 0.00571266 0.0
-0.158755 0.00528219 0.0
-0.161756 0.00481482 0.0
-0.164355 0.00431072 0.0
-0.166534 0.0037701 0.0
-0.168273 0.00319335 0.0
-0.169554 0.00258124 0.0
-0.17036 0.00193527 0.0
-0.170676 0.00125836 0.0
-0.170492 0.000555367 0.0
-0.169789 -0.00017572 0.0
-0.168512 -0.000957867 0.0
-0.166617 -0.00180047 0.0
-0.164107 -0.00269247 0.0
-0.160982 -0.00361976 0.0
-0.15724 -0.00457542 0.0
-0.152879 -0.00555278 0.0
-0.1479 -0.006545 0.0
-0.142308 -0.00754485 0.0
-0.136109 -0.00854443 0.0
-0.129317 -0.0095349 0.0
-0.121947 -0.0105064 0.0
-0.11402 -0.0114479 0.0
-0.105564 -0.0123471 0.0
-0.0966112 -0.0131907 0.0
-0.0872007 -0.0139641 0.0
-0.0773788 -0.0146517 0.0
-0.0671998 -0.015237 0.0
-0.0567261 -0.0157027 0.0
-0.0460291 -0.0160302 0.0
-0.0351901 -0.0161976 0.0
-0.0242989 -0.0161749 0.0
-0.0134479 -0.0159072 0.0
-0.00269337 -0.0152559 0.0
0.00774026 -0.0142103 0.0
0.0175325 -0.0128982 0.0
0.026508 -0.0113538 0.0
0.0345447 -0.00962657 0.0
0.041518 -0.00771307 0.0
0.0472948 -0.00566598 0.0
0.0517643 -0.00356197 0.0
0.0548436 -0.00149064 0.0
0.0564935 0.000444916 0.0
0.0567683 0.00215919 0.0
0.0558083 0.00360036 0.0
0.0537841 0.00475098 0.0
0.0508801 0.00560603 0.0
0.0472886 0.00617462 0.0
0.0432017 0.00647855 0.0
0.0388025 0.00654956 0.0
0.0342581 0.00642615 0.0
0.0297143 0.00615019 0.0
0.0252914 0.00576376 0.0
0.0210831 0.00530608 0.0
0.0171569 0.00481047 0.0
0.0135582 0.00430079 0.0
0.0103161 0.00378748 0.0
0.00745274 0.00326373 0.0
0.00499326 0.00270458 0.0
0.00297502 0.00207397 0.0
0.0014492 0.00134904 0.0
0.000469064 0.000575101 0.0
6.07902e-05 -3.08233e-05 0.0
6.05902e-05 -9.86167e-05 0.0
0.000401121 -0.000834928 0.0
0.00116105 -0.00165121 0.0
0.00228932 -0.00238866 0.0
0.00371057 -0.00295672 0.0
0.00533107 -0.00331304 0.0
0.00705044 -0.00345043 0.0
0.00877264 -0.00338678 0.0
0.010414 -0.00315627 0.0
0.0119082 -0.00280178 0.0
0.0132082 -0.00236866 0.0
0.0142859 -0.00189995 0.0
0.0151309 -0.00143307 0.0
0.015747 -0.00099768 0.0
0.0161497 -0.000614687 0.0
0.0163617 -0.000296023 0.0
0.0164093 -4.51935e-05 0.0
0.0163189 0.000141263 0.0
0.0161145 0.000272468 0.0
0.015816 0.000361088 0.0
0.015436 0.000423394 0.0
0.0149787 0.000478125 0.0
0.0144386 0.000544824 0.0
0.013801 0.000641643 0.0
0.0130425 0.000784023 0.0
0.0121341 0.000982338 0.0
0.011042 0.00124356 0.0
0.00973252 0.00156649 0.0
0.00817053 0.00195476 0.0
0.00632521 0.00239375 0.0
0.00416947 0.00288955 0.0
0.00167401 0.003431 0.0
-0.00117892 0.00400288 0.0
-0.00438933 0.00460763 0.0
-0.0079587 0.00523859 0.0
-0.0118969 0.00588615 0.0
-0.0162087 0.00655003 0.0
-0.0208922 0.00722677 0.0
-0.0259418 0.00790924 0.0
-0.0313475 0.00859188 0.0
-0.0370942 0.00926836 0.0
-0.0431625 0.00993151 0.0
-0.0495287 0.010574 0.0
-0.056166 0.0111885 0.0
-0.0630441 0.0117683 0.0
-0.0701303 0.0123069 0.0
-0.0773895 0.0127985 0.0
-0.0847852 0.0132379 0.0
-0.0922796 0.0136205 0.0
-0.0998341 0.0139423 0.0
-0.10741 0.0142001 0.0
-0.114969 0.0143915 0.0
-0.122473 0.0145144 0.0
-0.129885 0.0145678 0.0
-0.137168 0.014551 0.0
-0.144289 0.0144637 0.0
-0.151213 0.0143062 0.0
-0.157908 0.0140792 0.0
-0.164345 0.0137838 0.0
-0.170494 0.0134209 0.0
-0.17633 0.0129921 0.0
-0.181825 0.0124986 0.0
-0.186956 0.0119422 0.0
-0.191701 0.0113241 0.0
-0.196039 0.0106457 0.0
-0.199949 0.00990855 0.0
-0.203413 0.00911367 0.0
-0.206414 0.0082622 0.0
-0.208933 0.00735513 0.0
-0.210957 0.00639342 0.0
-0.212468 0.00537808 0.0
-0.213454 0.00431033 0.0
-0.213901 0.00319186 0.0
-0.213796 0.00202534 0.0
-0.213127 0.000815633 0.0
-0.211872 -0.000441406 0.0
-0.209985 -0.00176849 0.0
-0.207454 -0.00317369 0.0
-0.204299 -0.00463402 0.0
-0.200529 -0.00613917 0.0
-0.196146 -0.00768012 0.0
-0.191155 -0.00924891 0.0
-0.185558 -0.0108372 0.0
-0.179362 -0.0124358 0.0
-0.172574 -0.0140346 0.0
-0.165204 -0.0156225 0.0
-0.157267 -0.0171868 0.0
-0.148778 -0.0187134 0.0
-0.139759 -0.0201865 0.0
-0.130235 -0.0215888 0.0
-0.120236 -0.0229009 0.0
-0.109798 -0.0241019 0.0
-0.098965 -0.0251691 0.0
-0.0877856 -0.0260782 0.0
-0.0763177 -0.0268032 0.0
-0.0646281 -0.0273162 0.0
-0.052793 -0.0275857 0.0
-0.0408975 -0.0275734 0.0
-0.0290319 -0.0272252 0.0
-0.0172736 -0.0264507 0.0
-0.00563402 -0.0250886 0.0
0.00575095 -0.023197 0.0
0.0165236 -0.0208033 0.0
0.0264449 -0.0181351 0.0
0.0353969 -0.0151298 0.0
0.043226 -0.0118552 0.0
0.0497961 -0.00841228 0.0
0.0549811 -0.00490471 0.0
0.0586685 -0.00147832 0.0
0.0607762 0.00170002 0.0
0.0613376 0.0044581 0.0
0.0605104 0.00674468 0.0
0.0584864 0.00854036 0.0
0.0554697 0.00984845 0.0
0.0516685 0.0106929 0.0
0.0472878 0.0111151 0.0
0.0425227 0.0111699 0.0
0.0375525 0.0109205 0.0
0.0325352 0.0104336 0.0
0.0276052 0.00977462 0.0
0.0228713 0.009002 0.0
0.0184182 0.00816109 0.0
0.0143103 0.00727712 0.0
0.010599 0.00634877 0.0
0.00733232 0.00534572 0.0
0.00456585 0.00421755 0.0
0.00237305 0.00292408 0.0
0.000852931 0.00150031 0.0
0.000137604 0.000167572 0.0
8.29878e-05 -0.000242194 0.0
0.000526354 -0.00147525 0.0
0.00148009 -0.00272455 0.0
0.00285055 -0.00381406 0.0
0.0045327 -0.00463473 0.0
0.00641238 -0.00513521 0.0
0.00837535 -0.0053106 0.0
0.0103166 -0.00519009 0.0
0.0121473 -0.004825 0.0
0.0137981 -0.00427807 0.0
0.0152206 -0.0036148 0.0
0.016386 -0.00289697 0.0
0.0172831 -0.0021781 0.0
0.017915 -0.0015007 0.0
0.0182953 -0.000894714 0.0
0.0184446 -0.000377204 0.0
0.0183858 4.71547e-05 0.0
0.0181417 0.000383394 0.0
0.0177331 0.000643302 0.0
0.0171761 0.000845843 0.0
0.0164787 0.00101604 0.0
0.0156387 0.00118275 0.0
0.0146428 0.00137618 0.0
0.0134673 0.00162347 0.0
0.0120794 0.00194846 0.0
0.0104415 0.00236432 0.0
0.00851098 0.00288418 0.0
0.00624895 0.00349738 0.0
0.00361598 0.00421883 0.0
0.000571667 0.00501931 0.0
-0.00289409 0.00588549 0.0
-0.00677688 0.0068133 0.0
-0.0110856 0.00778226 0.0
-0.01583 0.00878306 0.0
-0.0210106 0.00981307 0.0
-0.0266218 0.010861 0.0
-0.0326536 0.0119188 0.0
-0.0390895 0.0129774 0.0
-0.045907 0.0140257 0.0
-0.053079 0.0150531 0.0
-0.0605736 0.0160485 0.0
-0.068355 0.017001 0.0
-0.0763841 0.0178999 0.0
-0.0846196 0.0187353 0.0
-0.093018 0.0194981 0.0
-0.101535 0.0201803 0.0
-0.110126 0.020775 0.0
-0.118745 0.0212765 0.0
-0.127349 0.0216799 0.0
-0.135893 0.0219818 0.0
-0.144336 0.0221797 0.0
-0.152637 0.0222722 0.0
-0.160758 0.0222587 0.0
-0.168662 0.0221395 0.0
-0.176315 0.0219158 0.0
-0.183685 0.0215892 0.0
-0.190743 0.0211618 0.0
-0.19746 0.0206363 0.0
-0.203812 0.0200155 0.0
-0.209776 0.0193025 0.0
-0.215331 0.0185004 0.0
-0.220457 0.0176123 0.0
-0.225139 0.0166414 0.0
-0.229359 0.0155905 0.0
-0.233105 0.0144625 0.0
-0.236362 0.0132598 0.0
-0.239121 0.0119848 0.0
-0.241369 0.0106395 0.0
-0.243097 0.00922583 0.0
-0.244297 0.00774538 0.0
-0.244959 0.00619983 0.0
-0.245075 0.00459091 0.0
-0.244637 0.00292065 0.0
-0.243638 0.00119141 0.0
-0.242061 -0.00059568 0.0
-0.239883 -0.00246363 0.0
-0.237103 -0.00441268 0.0
-0.233746 -0.00641806 0.0
-0.229819 -0.00847115 0.0
-0.225326 -0.0105649 0.0
-0.220272 -0.0126916 0.0
-0.214658 -0.014843 0.0
-0.208488 -0.0170094 0.0
-0.201768 -0.0191803 0.0
-0.194502 -0.0213436 0.0
-0.1867 -0.0234856 0.0
-0.17837 -0.0255906 0.0
-0.169527 -0.0276412 0.0
-0.160187 -0.0296176 0.0
-0.150372 -0.0314976 0.0
-0.140106 -0.033257 0.0
-0.12942 -0.0348688 0.0
-0.118352 -0.0363037 0.0
-0.106945 -0.0375301 0.0
-0.0952504 -0.0385137 0.0
-0.0833283 -0.0392174 0.0
-0.0712475 -0.0396006 0.0
-0.0590851 -0.0396165 0.0
-0.0469241 -0.0392088 0.0
-0.0348444 -0.0383052 0.0
-0.0229051 -0.036813 0.0
-0.0111262 -0.0346366 0.0
0.000491531 -0.0317541 0.0
0.0116315 -0.0282455 0.0
0.0219357 -0.0242755 0.0
0.0312749 -0.0198778 0.0
0.0395048 -0.0151896 0.0
0.046486 -0.0102937 0.0
0.0520769 -0.00536765 0.0
0.0561573 -0.000598738 0.0
0.0586012 0.00375154 0.0
0.0594305 0.00744923 0.0
0.0588318 0.0104584 0.0
0.0570051 0.0127738 0.0
0.054157 0.0144169 0.0
0.0504949 0.015434 0.0
0.0462205 0.0158905 0.0
0.0415251 0.0158657 0.0
0.0365844 0.0154464 0.0
0.0315555 0.0147207 0.0
0.0265748 0.0137705 0.0
0.0217572 0.0126633 0.0
0.0171979 0.011442 0.0
0.0129774 0.0101156 0.0
0.00916958 0.00865337 0.0
0.00585482 0.00699115 0.0
0.00313795 0.00506016 0.0
0.00117335 0.00284896 0.0
0.000201209 0.000506386 0.0
9.9511e-05 -0.000424693 0.0
0.000624959 -0.00226156 0.0
0.00173826 -0.00400528 0.0
0.00330759 -0.00547313 0.0
0.00519721 -0.00654743 0.0
0.00727104 -0.00717601 0.0
0.00940094 -0.00736267 0.0
0.0114745 -0.00715285 0.0
0.0134 -0.00661836 0.0
0.0151082 -0.00584378 0.0
0.0165523 -0.00491565 0.0
0.0177052 -0.00391447 0.0
0.0185569 -0.00290937 0.0
0.0191102 -0.00195464 0.0
0.0193771 -0.00108799 0.0
0.0193739 -0.000329981 0.0
0.0191176 0.000314995 0.0
0.0186255 0.000851728 0.0
0.0179135 0.00129556 0.0
0.016991 0.00167315 0.0
0.0158572 0.00201988 0.0
0.0145002 0.00237594 0.0
0.0128951 0.00278403 0.0
0.0110076 0.00327859 0.0
0.00879404 0.00389474 0.0
0.00620991 0.00464009 0.0
0.0032062 0.00554265 0.0
-0.000264655 0.00657179 0.0
-0.00420641 0.00771915 0.0
-0.0086115 0.0089684 0.0
-0.0134947 0.0102854 0.0
-0.0188632 0.0116647 0.0
-0.024713 0.0130895 0.0
-0.0310363 0.0145435 0.0
-0.0378177 0.0160146 0.0
-0.0450348 0.0174879 0.0
-0.0526594 0.0189485 0.0
-0.0606573 0.0203814 0.0
-0.0689894 0.0217713 0.0
-0.0776128 0.0231029 0.0
-0.0864812 0.0243618 0.0
-0.0955464 0.0255343 0.0
-0.104759 0.026608 0.0
-0.114068 0.0275718 0.0
-0.123424 0.0284161 0.0
-0.132778 0.0291329 0.0
-0.142081 0.0297161 0.0
-0.151287 0.0301609 0.0
-0.160352 0.0304642 0.0
-0.169235 0.0306243 0.0
-0.177895 0.0306409 0.0
-0.186298 0.0305148 0.0
-0.194409 0.0302481 0.0
-0.202198 0.0298435 0.0
-0.209638 0.0293047 0.0
-0.216704 0.028636 0.0
-0.223374 0.027842 0.0
-0.229628 0.0269278 0.0
-0.23545 0.0258984 0.0
-0.240826 0.024759 0.0
-0.245742 0.0235148 0.0
-0.250188 0.0221708 0.0
-0.254156 0.0207316 0.0
-0.257637 0.0192016 0.0
-0.260625 0.0175849 0.0
-0.263115 0.0158851 0.0
-0.265102 0.0141054 0.0
-0.266584 0.0122486 0.0
-0.267556 0.0103171 0.0
-0.268015 0.00831296 0.0
-0.267959 0.00623796 0.0
-0.267384 0.00409388 0.0
-0.266286 0.00188267 0.0
-0.264664 -0.000393016 0.0
-0.2625 -0.00275154 0.0
-0.259795 -0.00519093 0.0
-0.256572 -0.00768865 0.0
-0.252835 -0.0102364 0.0
-0.248586 -0.0128288 0.0
-0.243825 -0.01546 0.0
-0.238554 -0.0181226 0.0
-0.232772 -0.020808 0.0
-0.22648 -0.023506 0.0
-0.219679 -0.026205 0.0
-0.212372 -0.0288913 0.0
-0.204564 -0.031549 0.0
-0.19626 -0.0341601 0.0
-0.187471 -0.036704 0.0
-0.178208 -0.0391574 0.0
-0.168488 -0.0414938 0.0
-0.15833 -0.0436841 0.0
-0.147762 -0.0456959 0.0
-0.136813 -0.0474935 0.0
-0.125522 -0.0490382 0.0
-0.113934 -0.0502879 0.0
-0.102102 -0.0511973 0.0
-0.090087 -0.0517168 0.0
-0.0779569 -0.0517926 0.0
-0.0657859 -0.0513647 0.0
-0.0536483 -0.0503666 0.0
-0.0416118 -0.0487274 0.0
-0.0297311 -0.0463817 0.0
-0.0180641 -0.0432937 0.0
-0.00660176 -0.0393083 0.0
0.00454404 -0.0346628 0.0
0.0149863 -0.029272 0.0
0.0244715 -0.0235106 0.0
0.0328748 -0.0173573 0.0
0.0400378 -0.0110578 0.0
0.0458309 -0.0047821 0.0
0.0501103 0.0012116 0.0
0.0527504 0.0065198 0.0
0.0537929 0.010944 0.0
0.0534357 0.0144722 0.0
0.0518797 0.0171225 0.0
0.0493271 0.0189433 0.0
0.045975 0.0200076 0.0
0.0420126 0.0204063 0.0
0.0376181 0.020241 0.0
0.0329561 0.019617 0.0
0.0281758 0.0186352 0.0
0.0234101 0.017382 0.0
0.0187756 0.0159171 0.0
0.0143764 0.0142603 0.0
0.0103113 0.0123816 0.0
0.00668764 0.0102013 0.0
0.00364425 0.00761024 0.0
0.00138742 0.00452032 0.0
0.000243498 0.000951093 0.0
0.000112804 -0.000637008 0.0
0.000705893 -0.00316778 0.0
0.00195125 -0.00545772 0.0
0.00368234 -0.0073211 0.0
0.00573295 -0.00863968 0.0
0.00794458 -0.00936921 0.0
0.0101752 -0.00953 0.0
0.0123058 -0.00918965 0.0
0.0142432 -0.00844447 0.0
0.0159204 -0.0074031 0.0
0.0172938 -0.00617379 0.0
0.0183399 -0.00485535 0.0
0.0190509 -0.00353113 0.0
0.0194299 -0.00226526 0.0
0.0194863 -0.00110058 0.0
0.0192299 -5.78208e-05 0.0
0.0186716 0.000857433 0.0
0.0178237 0.00164926 0.0
0.0166947 0.00233899 0.0
0.015284 0.00296308 0.0
0.0135783 0.00356935 0.0
0.011553 0.00420886 0.0
0.00916849 0.0049407 0.0
0.00637976 0.00579807 0.0
0.00313217 0.00683643 0.0
-0.000626511 0.00804122 0.0
-0.00489886 0.00941759 0.0
-0.00967643 0.0109453 0.0
-0.014974 0.012585 0.0
-0.0207955 0.0143291 0.0
-0.0271338 0.0161462 0.0
-0.0339773 0.0180159 0.0
-0.0413057 0.0199164 0.0
-0.0490919 0.0218259 0.0
-0.0573026 0.0237243 0.0
-0.0658982 0.025591 0.0
-0.0748343 0.027406 0.0
-0.0840624 0.0291498 0.0
-0.0935308 0.0308034 0.0
-0.103186 0.0323494 0.0
-0.112974 0.0337716 0.0
-0.12284 0.0350557 0.0
-0.132731 0.0361894 0.0
-0.142593 0.0371622 0.0
-0.152377 0.037966 0.0
-0.162035 0.0385947 0.0
-0.171522 0.0390443 0.0
-0.180796 0.0393126 0.0
-0.189818 0.0393995 0.0
-0.198552 0.0393062 0.0
-0.206968 0.0390355 0.0
-0.215037 0.0385915 0.0
-0.222733 0.0379792 0.0
-0.230036 0.0372048 0.0
-0.236928 0.0362746 0.0
-0.243392 0.0351959 0.0
-0.249416 0.033976 0.0
-0.25499 0.0326223 0.0
-0.260106 0.0311421 0.0
-0.264758 0.0295427 0.0
-0.268942 0.027831 0.0
-0.272654 0.0260136 0.0
-0.275895 0.0240963 0.0
-0.278662 0.0220848 0.0
-0.280956 0.019984 0.0
-0.282778 0.017798 0.0
-0.284128 0.0155307 0.0
-0.285008 0.0131851 0.0
-0.285419 0.0107636 0.0
-0.285361 0.00826818 0.0
-0.284835 0.00570024 0.0
-0.28384 0.00306088 0.0
-0.282373 0.000351106 0.0
-0.280423 -0.00243391 0.0
-0.277994 -0.00530331 0.0
-0.275103 -0.00823457 0.0
-0.271752 -0.0112203 0.0
-0.267937 -0.0142562 0.0
-0.263658 -0.0173375 0.0
-0.258911 -0.0204588 0.0
-0.253693 -0.0236126 0.0
-0.248003 -0.0267903 0.0
-0.241838 -0.0299811 0.0
-0.235196 -0.0331724 0.0
-0.228078 -0.0363491 0.0
-0.220484 -0.0394936 0.0
-0.212417 -0.0425856 0.0
-0.203883 -0.0456018 0.0
-0.19489 -0.0485154 0.0
-0.18545 -0.0512962 0.0
-0.175579 -0.0539104 0.0
-0.165297 -0.0563203 0.0
-0.15463 -0.0584845 0.0
-0.14361 -0.0603575 0.0
-0.132277 -0.0618902 0.0
-0.120674 -0.0630293 0.0
-0.108857 -0.0637178 0.0
-0.0968833 -0.063895 0.0
-0.0848198 -0.0634968 0.0
-0.0727347 -0.0624571 0.0
-0.060697 -0.0607111 0.0
-0.0487747 -0.058201 0.0
-0.037036 -0.0548801 0.0
-0.0255318 -0.0506885 0.0
-0.0143163 -0.0456438 0.0
-0.00339089 -0.0396586 0.0
0.00703399 -0.033034 0.0
0.016558 -0.0257612 0.0
0.0249951 -0.018254 0.0
0.0322206 -0.0106046 0.0
0.0380961 -0.00312085 0.0
0.0424348 0.00387345 0.0
0.0451274 0.00985518 0.0
0.0463014 0.0147444 0.0
0.0461528 0.0185549 0.0
0.0448769 0.0213395 0.0
0.0426618 0.0231786 0.0
0.0396873 0.0241722 0.0
0.0361244 0.0244325 0.0
0.0321347 0.0240772 0.0
0.0278692 0.0232208 0.0
0.0234678 0.0219636 0.0
0.0190596 0.0203781 0.0
0.0147657 0.0184923 0.0
0.0107059 0.0162745 0.0
0.00701259 0.0136255 0.0
0.00385513 0.010387 0.0
0.00147886 0.00637669 0.0
0.000261457 0.00145605 0.0
0.000124688 -0.0008745 0.0
0.000776353 -0.00417504 0.0
0.0021328 -0.00705226 0.0
0.00399364 -0.00931849 0.0
0.00616267 -0.0108619 0.0
0.00845935 -0.0116553 0.0
0.0107285 -0.0117437 0.0
0.0128456 -0.0112236 0.0
0.0147177 -0.01022 0.0
0.016281 -0.008868 0.0
0.0174967 -0.00729799 0.0
0.0183457 -0.0056262 0.0
0.0188226 -0.00394822 0.0
0.0189304 -0.00233501 0.0
0.0186739 -0.000830651 0.0
0.0180553 0.000547247 0.0
0.0170808 0.00178516 0.0
0.0157583 0.00289184 0.0
0.0140861 0.00389766 0.0
0.01205 0.00485127 0.0
0.00962059 0.00581621 0.0
0.00675873 0.00684918 0.0
0.00340887 0.00803476 0.0
-0.000487845 0.00938947 0.0
-0.00493681 0.0109416 0.0
-0.00992861 0.0126865 0.0
-0.0154783 0.0145943 0.0
-0.0215873 0.0166552 0.0
-0.0282459 0.0188313 0.0
-0.0354378 0.0210962 0.0
-0.0431376 0.0234172 0.0
-0.051314 0.0257648 0.0
-0.0599288 0.0281107 0.0
-0.0689383 0.0304274 0.0
-0.0782939 0.0326891 0.0
-0.0879429 0.0348709 0.0
-0.0978301 0.0369494 0.0
-0.107898 0.0389025 0.0
-0.118089 0.0407102 0.0
-0.128346 0.0423546 0.0
-0.138611 0.0438201 0.0
-0.148832 0.0450937 0.0
-0.158955 0.0461649 0.0
-0.168931 0.0470258 0.0
-0.178716 0.0476713 0.0
-0.188267 0.0480984 0.0
-0.197546 0.0483066 0.0
-0.206519 0.0482973 0.0
-0.215157 0.048074 0.0
-0.223432 0.0476417 0.0
-0.231324 0.047007 0.0
-0.238812 0.0461772 0.0
-0.245883 0.045161 0.0
-0.252524 0.0439675 0.0
-0.258727 0.0426061 0.0
-0.264485 0.0410866 0.0
-0.269795 0.0394189 0.0
-0.274654 0.0376123 0.0
-0.279062 0.0356761 0.0
-0.28302 0.0336191 0.0
-0.286531 0.0314495 0.0
-0.289598 0.0291747 0.0
-0.292224 0.0268016 0.0
-0.294414 0.0243361 0.0
-0.296171 0.0217834 0.0
-0.297498 0.0191479 0.0
-0.2984 0.0164333 0.0
-0.298879 0.0136421 0.0
-0.298938 0.0107764 0.0
-0.298578 0.00783747 0.0
-0.297799 0.00482564 0.0
-0.2966 0.00174071 0.0
-0.294978 -0.00141791 0.0
-0.292932 -0.00466046 0.0
-0.290467 -0.00797014 0.0
-0.287585 -0.0113404 0.0
-0.284284 -0.0147675 0.0
-0.28056 -0.0182479 0.0
-0.276408 -0.0217775 0.0
-0.271823 -0.0253506 0.0
-0.266801 -0.02896 0.0
-0.261338 -0.0325967 0.0
-0.255428 -0.0362496 0.0
-0.249068 -0.0399051 0.0
-0.242256 -0.0435471 0.0
-0.234989 -0.0471564 0.0
-0.227268 -0.0507107 0.0
-0.219095 -0.0541842 0.0
-0.210473 -0.0575471 0.0
-0.201412 -0.0607658 0.0
-0.191922 -0.0638022 0.0
-0.182018 -0.066614 0.0
-0.171721 -0.0691542 0.0
-0.161057 -0.0713714 0.0
-0.150058 -0.0732096 0.0
-0.138761 -0.0746089 0.0
-0.127212 -0.0755052 0.0
-0.115462 -0.0758312 0.0
-0.103568 -0.0755179 0.0
-0.0915931 -0.074496 0.0
-0.0796033 -0.0726996 0.0
-0.0676682 -0.07007 0.0
-0.0558595 -0.0665585 0.0
-0.0442469 -0.0621269 0.0
-0.0329008 -0.0567669 0.0
-0.0218867 -0.0504751 0.0
-0.0112539 -0.0432752 0.0
-0.00103241 -0.0352656 0.0
0.00847972 -0.0266989 0.0
0.0169017 -0.0178072 0.0
0.024092 -0.00898402 0.0
0.0299532 -0.000463357 0.0
0.0342493 0.00720329 0.0
0.0369121 0.0135595 0.0
0.0381621 0.0186383 0.0
0.0381922 0.0225019 0.0
0.0371828 0.0252407 0.0
0.0353033 0.0269641 0.0
0.032714 0.0277928 0.0
0.0295675 0.027853 0.0
0.0260101 0.0272679 0.0
0.0221817 0.0261464 0.0
0.0182169 0.0245684 0.0
0.0142477 0.0225651 0.0
0.0104105 0.0200988 0.0
0.00685812 0.0170468 0.0
0.00378309 0.0131981 0.0
0.00145223 0.0082727 0.0
0.000256087 0.00197359 0.0
0.000136153 -0.00113534 0.0
0.000840466 -0.00527018 0.0
0.00229076 -0.00876386 0.0
0.00425159 -0.0114286 0.0
0.00649706 -0.0131664 0.0
0.00882585 -0.0139763 0.0
0.0110713 -0.0139373 0.0
0.0131052 -0.013181 0.0
0.0148361 -0.0118657 0.0
0.016205 -0.0101546 0.0
0.0171786 -0.00820065 0.0
0.017742 -0.00613593 0.0
0.0178919 -0.00406534 0.0
0.0176287 -0.0020625 0.0
0.0169483 -0.000166168 0.0
0.0158502 0.00159941 0.0
0.0143409 0.00321679 0.0
0.0124179 0.00470571 0.0
0.0100654 0.00610846 0.0
0.0072543 0.00748767 0.0
0.00393621 0.00892732 0.0
4.87014e-05 0.0104874 0.0
-0.00442165 0.0122167 0.0
-0.00946488 0.0141475 0.0
-0.0150995 0.0162672 0.0
-0.0213296 0.0185828 0.0
-0.0281436 0.0210618 0.0
-0.0355217 0.0236749 0.0
-0.0434342 0.0263825 0.0
-0.0518446 0.0291473 0.0
-0.0607101 0.0319315 0.0
-0.0699828 0.0346996 0.0
-0.0796102 0.0374182 0.0
-0.0895367 0.0400559 0.0
-0.0997039 0.0425833 0.0
-0.110052 0.0449735 0.0
-0.12052 0.0472019 0.0
-0.131048 0.0492464 0.0
-0.141578 0.0510877 0.0
-0.152054 0.0527096 0.0
-0.162422 0.0540989 0.0
-0.172633 0.0552456 0.0
-0.18264 0.0561426 0.0
-0.192401 0.0567858 0.0
-0.201879 0.0571739 0.0
-0.21104 0.0573082 0.0
-0.219857 0.0571923 0.0
-0.228304 0.0568319 0.0
-0.236361 0.0562344 0.0
-0.244013 0.0554088 0.0
-0.251247 0.0543652 0.0
-0.258054 0.0531147 0.0
-0.264429 0.0516689 0.0
-0.270368 0.0500398 0.0
-0.27587 0.0482393 0.0
-0.280938 0.0462794 0.0
-0.285574 0.0441716 0.0
-0.289783 0.0419269 0.0
-0.293569 0.0395557 0.0
-0.296939 0.0370677 0.0
-0.299898 0.0344715 0.0
-0.302453 0.0317749 0.0
-0.30461 0.0289848 0.0
-0.306375 0.0261071 0.0
-0.307752 0.0231465 0.0
-0.308747 0.0201071 0.0
-0.309362 0.0169916 0.0
-0.309602 0.0138021 0.0
-0.309466 0.0105397 0.0
-0.308956 0.00720438 0.0
-0.308072 0.0037954 0.0
-0.306811 0.000310603 0.0
-0.305168 -0.00325236 0.0
-0.303147 -0.00689297 0.0
-0.30075 -0.0105995 0.0
-0.297974 -0.0143693 0.0
-0.294813 -0.0182002 0.0
-0.291264 -0.0220895 0.0
-0.287319 -0.026033 0.0
-0.282973 -0.0300254 0.0
-0.27822 -0.0340596 0.0
-0.273055 -0.0381265 0.0
-0.26747 -0.0422144 0.0
-0.26146 -0.0463094 0.0
-0.255021 -0.0503943 0.0
-0.248148 -0.0544488 0.0
-0.240839 -0.0584489 0.0
-0.233091 -0.0623667 0.0
-0.224907 -0.0661699 0.0
-0.21629 -0.0698218 0.0
-0.207246 -0.0732808 0.0
-0.197785 -0.0765001 0.0
-0.187921 -0.0794281 0.0
-0.177675 -0.0820079 0.0
-0.16707 -0.0841777 0.0
-0.156136 -0.0858711 0.0
-0.144911 -0.0870174 0.0
-0.133437 -0.0875432 0.0
-0.121763 -0.0873734 0.0
-0.109944 -0.0864338 0.0
-0.0980422 -0.0846538 0.0
-0.086123 -0.0819702 0.0
-0.0742584 -0.0783314 0.0
-0.0625243 -0.0737007 0.0
-0.0509999 -0.0680636 0.0
-0.0397652 -0.0614271 0.0
-0.0288948 -0.0538263 0.0
-0.0184737 -0.045357 0.0
-0.00854749 -0.0360458 0.0
0.000807994 -0.0262377 0.0
0.00922111 -0.0161569 0.0
0.016368 -0.00629868 0.0
0.0221043 0.00300621 0.0
0.0262529 0.0109452 0.0
0.0288664 0.0173891 0.0
0.0301675 0.02242 0.0
0.0303481 0.0261513 0.0
0.0295747 0.0287062 0.0
0.0279996 0.0302151 0.0
0.0257664 0.0308105 0.0
0.0230137 0.0306205 0.0
0.0198778 0.0297581 0.0
0.0164946 0.0283048 0.0
0.0130028 0.0262895 0.0
0.00955054 0.0236639 0.0
0.00630583 0.0202788 0.0
0.00347471 0.0158722 0.0
0.00132715 0.010077 0.0
0.000231474 0.00246116 0.0
0.00014752 -0.00141901 0.0
0.000899372 -0.00644267 0.0
0.00242659 -0.0105689 0.0
0.00445639 -0.0136142 0.0
0.00673377 -0.0155036 0.0
0.00903861 -0.0162727 0.0
0.0111953 -0.016043 0.0
0.0130741 -0.014988 0.0
0.0145872 -0.0133028 0.0
0.0156812 -0.0111804 0.0
0.0163284 -0.00879556 0.0
0.0165177 -0.0062937 0.0
0.0162451 -0.00378484 0.0
0.0155048 -0.00133951 0.0
0.0142859 0.00101023 0.0
0.0125892 0.00321769 0.0
0.0104202 0.00527681 0.0
0.00776279 0.00722621 0.0
0.00458426 0.00911891 0.0
0.000830722 0.0110419 0.0
-0.00352274 0.0130446 0.0
-0.00846936 0.0152042 0.0
-0.0140288 0.0175297 0.0
-0.0202139 0.0200628 0.0
-0.0270172 0.0227899 0.0
-0.0344204 0.0256933 0.0
-0.0423911 0.028736 0.0
-0.0508889 0.0318767 0.0
-0.0598662 0.0350706 0.0
-0.0692707 0.0382741 0.0
-0.0790457 0.0414452 0.0
-0.0891322 0.0445449 0.0
-0.0994687 0.0475369 0.0
-0.109993 0.0503879 0.0
-0.120642 0.0530677 0.0
-0.131354 0.0555493 0.0
-0.14207 0.0578093 0.0
-0.15273 0.0598274 0.0
-0.16328 0.0615871 0.0
-0.173669 0.0630754 0.0
-0.183851 0.0642829 0.0
-0.193782 0.0652036 0.0
-0.203426 0.0658351 0.0
-0.212749 0.0661776 0.0
-0.221723 0.0662346 0.0
-0.230326 0.0660118 0.0
-0.238538 0.0655173 0.0
-0.246345 0.064761 0.0
-0.253737 0.0637545 0.0
-0.260707 0.0625103 0.0
-0.267251 0.061042 0.0
-0.27337 0.0593635 0.0
-0.279064 0.057489 0.0
-0.284338 0.0554326 0.0
-0.289197 0.0532083 0.0
-0.293648 0.0508293 0.0
-0.297698 0.0483081 0.0
-0.301356 0.0456565 0.0
-0.304629 0.0428853 0.0
-0.307525 0.0400042 0.0
-0.310053 0.0370217 0.0
-0.312219 0.0339454 0.0
-0.314029 0.0307815 0.0
-0.315489 0.0275353 0.0
-0.316604 0.0242108 0.0
-0.317378 0.0208109 0.0
-0.317812 0.0173378 0.0
-0.31791 0.0137924 0.0
-0.317671 0.0101748 0.0
-0.317095 0.00648391 0.0
-0.316182 0.00271806 0.0
-0.314929 -0.00112553 0.0
-0.313336 -0.00505159 0.0
-0.311402 -0.00904961 0.0
-0.309125 -0.0131167 0.0
-0.306502 -0.0172516 0.0
-0.303527 -0.0214529 0.0
-0.300195 -0.0257182 0.0
-0.2965 -0.0300439 0.0
-0.292436 -0.0344249 0.0
-0.287994 -0.0388543 0.0
-0.283169 -0.043323 0.0
-0.277952 -0.0478194 0.0
-0.272337 -0.052329 0.0
-0.266317 -0.0568343 0.0
-0.259885 -0.0613139 0.0
-0.253035 -0.0657428 0.0
-0.245764 -0.0700912 0.0
-0.238069 -0.074325 0.0
-0.229948 -0.078405 0.0
-0.221403 -0.0822863 0.0
-0.21244 -0.0859189 0.0
-0.203066 -0.0892468 0.0
-0.193293 -0.0922085 0.0
-0.183138 -0.0947368 0.0
-0.172624 -0.0967596 0.0
-0.161778 -0.0982002 0.0
-0.150634 -0.0989787 0.0
-0.139232 -0.0990139 0.0
-0.127619 -0.0982249 0.0
-0.115849 -0.096535 0.0
-0.103983 -0.0938744 0.0
-0.0920891 -0.0901853 0.0
-0.080244 -0.0854261 0.0
-0.0685298 -0.0795768 0.0
-0.0570347 -0.0726437 0.0
-0.0458494 -0.0646654 0.0
-0.0350678 -0.0557206 0.0
-0.0247686 -0.0459076 0.0
-0.0150501 -0.0354499 0.0
-0.00596476 -0.024443 0.0
0.00234284 -0.013467 0.0
0.00948332 -0.00270224 0.0
0.015058 0.00693035 0.0
0.0189927 0.0148557 0.0
0.0215083 0.0211367 0.0
0.0228248 0.0259375 0.0
0.0231153 0.0294029 0.0
0.0225315 0.0316774 0.0
0.0212118 0.0329011 0.0
0.0192891 0.0332052 0.0
0.0168956 0.0327028 0.0
0.0141663 0.0314725 0.0
0.011244 0.0295358 0.0
0.00828448 0.0268294 0.0
0.00546494 0.0231776 0.0
0.00299521 0.0182743 0.0
0.00113174 0.0116859 0.0
0.000193506 0.00288614 0.0
0.000158616 -0.00172515 0.0
0.000951751 -0.00768152 0.0
0.00253613 -0.0124416 0.0
0.00459959 -0.0158347 0.0
0.00685913 -0.01782 0.0
0.00907875 -0.0184808 0.0
0.011077 -0.0179898 0.0
0.0127254 -0.0165684 0.0
0.0139415 -0.0144515 0.0
0.0146782 -0.0118624 0.0
0.014913 -0.0089956 0.0
0.0146364 -0.00600634 0.0
0.0138404 -0.00300352 0.0
0.0125041 -4.43014e-05 0.0
0.010626 0.00281208 0.0
0.00821517 0.00552329 0.0
0.00526222 0.00809317 0.0
0.00172951 0.0106 0.0
-0.00240986 0.013063 0.0
-0.00714605 0.0155875 0.0
-0.0124967 0.0182031 0.0
-0.018487 0.0209827 0.0
-0.0251215 0.0239451 0.0
-0.0323897 0.0271007 0.0
-0.0402631 0.0304288 0.0
-0.0487013 0.0338957 0.0
-0.0576539 0.0374569 0.0
-0.0670643 0.041064 0.0
-0.0768717 0.044668 0.0
-0.0870129 0.0482221 0.0
-0.097423 0.0516823 0.0
-0.108037 0.055008 0.0
-0.118789 0.0581624 0.0
-0.129615 0.0611128 0.0
-0.140453 0.0638302 0.0
-0.151244 0.0662897 0.0
-0.16193 0.0684705 0.0
-0.17246 0.070356 0.0
-0.182785 0.0719337 0.0
-0.192862 0.0731951 0.0
-0.202653 0.0741354 0.0
-0.212124 0.0747536 0.0
-0.221247 0.0750521 0.0
-0.23 0.0750362 0.0
-0.238363 0.0747141 0.0
-0.246324 0.074096 0.0
-0.253874 0.0731945 0.0
-0.261006 0.0720232 0.0
-0.267719 0.0705973 0.0
-0.274014 0.0689325 0.0
-0.279895 0.067045 0.0
-0.285367 0.064951 0.0
-0.290438 0.0626664 0.0
-0.295116 0.060207 0.0
-0.29941 0.0575873 0.0
-0.30333 0.0548214 0.0
-0.306886 0.051922 0.0
-0.310086 0.0489009 0.0
-0.312941 0.0457686 0.0
-0.315458 0.0425342 0.0
-0.317644 0.0392058 0.0
-0.319507 0.03579 0.0
-0.321052 0.0322923 0.0
-0.322284 0.0287169 0.0
-0.323207 0.025067 0.0
-0.323824 0.0213446 0.0
-0.324135 0.0175507 0.0
-0.324144 0.0136855 0.0
-0.323849 0.00974799 0.0
-0.323251 0.00573645 0.0
-0.322347 0.00164826 0.0
-0.321135 -0.00251999 0.0
-0.319616 -0.0067689 0.0
-0.317792 -0.0110908 0.0
-0.315659 -0.0154854 0.0
-0.313213 -0.0199526 0.0
-0.310448 -0.0244915 0.0
-0.307359 -0.0291004 0.0
-0.303939 -0.0337763 0.0
-0.300182 -0.0385145 0.0
-0.296079 -0.0433087 0.0
-0.291623 -0.0481498 0.0
-0.286806 -0.0530266 0.0
-0.281618 -0.0579246 0.0
-0.276051 -0.0628259 0.0
-0.270097 -0.0677087 0.0
-0.263747 -0.0725473 0.0
-0.256994 -0.0773108 0.0
-0.249831 -0.0819637 0.0
-0.242254 -0.0864647 0.0
-0.234258 -0.0907668 0.0
-0.225843 -0.0948168 0.0
-0.217011 -0.0985556 0.0
-0.207766 -0.101917 0.0
-0.198118 -0.104831 0.0
-0.18808 -0.107218 0.0
-0.177671 -0.108997 0.0
-0.166915 -0.110082 0.0
-0.155843 -0.110385 0.0
-0.144492 -0.109818 0.0
-0.132908 -0.108296 0.0
-0.121144 -0.105743 0.0
-0.109263 -0.102091 0.0
-0.0973363 -0.0972916 0.0
-0.0854464 -0.0913153 0.0
-0.0736842 -0.0841626 0.0
-0.0621485 -0.0758675 0.0
-0.0509437 -0.0665049 0.0
-0.0401736 -0.0561926 0.0
-0.0299445 -0.0451127 0.0
-0.0203444 -0.0334656 0.0
-0.0114879 -0.0216086 0.0
-0.00344865 -0.00974047 0.0
0.00354998 0.00139524 0.0
0.00895989 0.0110463 0.0
0.0126992 0.0186912 0.0
0.0151139 0.0246518 0.0
0.0164116 0.0291004 0.0
0.0167647 0.0322106 0.0
0.0163174 0.0341349 0.0
0.0152025 0.0350091 0.0
0.0135504 0.0349447 0.0
0.0114961 0.0340141 0.0
0.0091848 0.0322278 0.0
0.0067766 0.0295051 0.0
0.00445196 0.025646 0.0
0.00241542 0.0203122 0.0
0.000896732 0.0130302 0.0
0.000148566 0.00322821 0.0
0.000168904 -0.00205267 0.0
0.000994429 -0.00897266 0.0
0.00261099 -0.0143514 0.0
0.00466607 -0.0180434 0.0
0.00685103 -0.0200558 0.0
0.00891762 -0.0205312 0.0
0.0106822 -0.0197022 0.0
0.0120205 -0.0178428 0.0
0.0128566 -0.0152294 0.0
0.0131502 -0.0121147 0.0
0.0128822 -0.00871009 0.0
0.0120411 -0.00517421 0.0
0.0106061 -0.0016046 0.0
0.00855918 0.00194 0.0
0.00591272 0.0053524 0.0
0.0026675 0.00863897 0.0
-0.0011935 0.0117914 0.0
-0.00564973 0.0148907 0.0
-0.0107034 0.0179654 0.0
-0.0163894 0.0211073 0.0
-0.0227253 0.0243699 0.0
-0.0297146 0.0277956 0.0
-0.0373412 0.0313932 0.0
-0.0455722 0.0351518 0.0
-0.0543601 0.039039 0.0
-0.0636473 0.0430109 0.0
-0.0733701 0.0470171 0.0
-0.0834612 0.0510053 0.0
-0.0938518 0.0549247 0.0
-0.104473 0.0587275 0.0
-0.115255 0.0623697 0.0
-0.126133 0.0658117 0.0
-0.137041 0.0690183 0.0
-0.147916 0.0719589 0.0
-0.158702 0.0746076 0.0
-0.169342 0.0769431 0.0
-0.179787 0.0789489 0.0
-0.189993 0.080613 0.0
-0.199918 0.0819277 0.0
-0.20953 0.0828898 0.0
-0.218798 0.0834998 0.0
-0.2277 0.0837618 0.0
-0.236216 0.0836834 0.0
-0.244333 0.0832746 0.0
-0.252042 0.0825483 0.0
-0.259338 0.0815189 0.0
-0.26622 0.0802027 0.0
-0.272689 0.0786167 0.0
-0.278751 0.0767788 0.0
-0.284412 0.0747072 0.0
-0.289681 0.0724199 0.0
-0.294568 0.0699345 0.0
-0.299082 0.0672679 0.0
-0.303235 0.0644364 0.0
-0.307037 0.0614548 0.0
-0.3105 0.058337 0.0
-0.313634 0.0550955 0.0
-0.316447 0.0517414 0.0
-0.31895 0.0482846 0.0
-0.321148 0.0447334 0.0
-0.32305 0.0410948 0.0
-0.324661 0.0373747 0.0
-0.325986 0.0335776 0.0
-0.327029 0.0297067 0.0
-0.327793 0.0257644 0.0
-0.328281 0.0217518 0.0
-0.328495 0.0176691 0.0
-0.328435 0.0135157 0.0
-0.328102 0.00928998 0.0
-0.327496 0.00498962 0.0
-0.326616 0.00061129 0.0
-0.325462 -0.00384903 0.0
-0.324035 -0.00838574 0.0
-0.322334 -0.0129983 0.0
-0.320358 -0.0176873 0.0
-0.318102 -0.0224534 0.0
-0.315561 -0.0272966 0.0
-0.312729 -0.0322158 0.0
-0.309601 -0.0372089 0.0
-0.306168 -0.0422717 0.0
-0.302424 -0.0473985 0.0
-0.298359 -0.052581 0.0
-0.293964 -0.0578081 0.0
-0.289229 -0.0630659 0.0
-0.284143 -0.0683366 0.0
-0.278697 -0.0735984 0.0
-0.272879 -0.0788252 0.0
-0.26668 -0.0839858 0.0
-0.260088 -0.0890435 0.0
-0.253094 -0.093956 0.0
-0.245691 -0.0986745 0.0
-0.237871 -0.103144 0.0
-0.22963 -0.107302 0.0
-0.220966 -0.11108 0.0
-0.21188 -0.114402 0.0
-0.202376 -0.117188 0.0
-0.192464 -0.119348 0.0
-0.182159 -0.120792 0.0
-0.171481 -0.121425 0.0
-0.160457 -0.121152 0.0
-0.149122 -0.11988 0.0
-0.137522 -0.117524 0.0
-0.125709 -0.114005 0.0
-0.11375 -0.109264 0.0
-0.101721 -0.103262 0.0
-0.0897122 -0.0959872 0.0
-0.0778252 -0.0874655 0.0
-0.0661723 -0.0777645 0.0
-0.0548731 -0.0670022 0.0
-0.0440509 -0.0553544 0.0
-0.033824 -0.0430508 0.0
-0.0243073 -0.0303966 0.0
-0.0155885 -0.0177106 0.0
-0.00776351 -0.00545831 0.0
-0.00110545 0.00583189 0.0
0.00400227 0.0150587 0.0
0.00754155 0.0223304 0.0
0.00981204 0.0278536 0.0
0.0110465 0.0318697 0.0
0.0114136 0.0345561 0.0
0.0110573 0.0360592 0.0
0.0101129 0.036491 0.0
0.00871786 0.0359171 0.0
0.00701931 0.0343348 0.0
0.00517933 0.0316464 0.0
0.0033764 0.0276324 0.0
0.00180211 0.0219367 0.0
0.000650852 0.0140757 0.0
0.000102499 0.00347928 0.0
0.000177593 -0.00239917 0.0
0.00102292 -0.010297 0.0
0.00263981 -0.0162605 0.0
0.00463632 -0.0201859 0.0
0.00668193 -0.0221438 0.0
0.00852058 -0.0223484 0.0
0.00997032 -0.0210994 0.0
0.0109135 -0.0187271 0.0
0.0112823 -0.0155501 0.0
0.0110419 -0.0118472 0.0
0.0101743 -0.00784204 0.0
0.00866278 -0.00368964 0.0
0.00646622 0.000542368 0.0
0.00359185 0.00471437 0.0
6.96012e-05 0.00874675 0.0
-0.00406497 0.0126244 0.0
-0.00877939 0.0163814 0.0
-0.0140997 0.0200772 0.0
-0.0200533 0.0237862 0.0
-0.0266576 0.0275767 0.0
-0.0339131 0.0314919 0.0
-0.0418019 0.0355518 0.0
-0.0502877 0.0397495 0.0
-0.0593192 0.0440581 0.0
-0.0688341 0.0484355 0.0
-0.0787637 0.0528312 0.0
-0.0890357 0.0571916 0.0
-0.0995772 0.0614633 0.0
-0.110316 0.0655957 0.0
-0.121181 0.0695422 0.0
-0.132104 0.0732608 0.0
-0.14302 0.0767144 0.0
-0.153868 0.079871 0.0
-0.16459 0.082704 0.0
-0.175134 0.0851917 0.0
-0.185452 0.0873177 0.0
-0.195503 0.0890705 0.0
-0.20525 0.0904436 0.0
-0.214662 0.0914348 0.0
-0.223714 0.0920461 0.0
-0.232385 0.0922837 0.0
-0.240663 0.0921567 0.0
-0.248535 0.0916775 0.0
-0.255999 0.0908608 0.0
-0.263051 0.0897232 0.0
-0.269694 0.088283 0.0
-0.275933 0.0865593 0.0
-0.281775 0.0845718 0.0
-0.287229 0.0823403 0.0
-0.292307 0.0798845 0.0
-0.297019 0.0772234 0.0
-0.301377 0.0743754 0.0
-0.305393 0.0713575 0.0
-0.309079 0.0681859 0.0
-0.312446 0.0648751 0.0
-0.315505 0.0614384 0.0
-0.318265 0.0578876 0.0
-0.320735 0.054233 0.0
-0.322924 0.0504836 0.0
-0.324838 0.0466469 0.0
-0.326484 0.0427289 0.0
-0.327867 0.0387345 0.0
-0.328991 0.0346675 0.0
-0.329862 0.0305304 0.0
-0.330481 0.0263246 0.0
-0.330852 0.0220506 0.0
-0.330976 0.0177082 0.0
-0.330855 0.013296 0.0
-0.330491 0.00881209 0.0
-0.329883 0.00425369 0.0
-0.329033 -0.000382666 0.0
-0.327943 -0.0050996 0.0
-0.326613 -0.00989223 0.0
-0.325043 -0.0147625 0.0
-0.323229 -0.0197125 0.0
-0.32117 -0.0247436 0.0
-0.318861 -0.0298569 0.0
-0.316296 -0.0350521 0.0
-0.313469 -0.0403279 0.0
-0.310373 -0.0456812 0.0
-0.306999 -0.051107 0.0
-0.303339 -0.0565978 0.0
-0.299382 -0.0621433 0.0
-0.295118 -0.0677302 0.0
-0.290534 -0.0733413 0.0
-0.285619 -0.0789552 0.0
-0.280359 -0.0845461 0.0
-0.274741 -0.0900827 0.0
-0.268751 -0.0955282 0.0
-0.262376 -0.10084 0.0
-0.255603 -0.105967 0.0
-0.248421 -0.110854 0.0
-0.240816 -0.115437 0.0
-0.232782 -0.119644 0.0
-0.224311 -0.123396 0.0
-0.215398 -0.12661 0.0
-0.206045 -0.129191 0.0
-0.196255 -0.131044 0.0
-0.186039 -0.132068 0.0
-0.175412 -0.13216 0.0
-0.164399 -0.13122 0.0
-0.153034 -0.12915 0.0
-0.141361 -0.125865 0.0
-0.129435 -0.12129 0.0
-0.117325 -0.115374 0.0
-0.105117 -0.108092 0.0
-0.0929095 -0.0994551 0.0
-0.080818 -0.0895192 0.0
-0.0689716 -0.0783932 0.0
-0.0575099 -0.0662474 0.0
-0.0465768 -0.0533177 0.0
-0.0363137 -0.0399095 0.0
-0.0268466 -0.0263835 0.0
-0.0182888 -0.0131681 0.0
-0.01072 -0.000685211 0.0
-0.00447287 0.0102209 0.0
0.000223797 0.0189322 0.0
0.00351539 0.0256898 0.0
0.00560821 0.0307062 0.0
0.00674014 0.0342206 0.0
0.00708671 0.0364043 0.0
0.00679947 0.0373775 0.0
0.00602377 0.0372014 0.0
0.00491071 0.0358621 0.0
0.00362262 0.0332472 0.0
0.00233195 0.0291252 0.0
0.00121202 0.0231381 0.0
0.000418009 0.0148195 0.0
5.99976e-05 0.00364177 0.0
0.000183706 -0.00276047 0.0
0.00103188 -0.0116292 0.0
0.00260946 -0.0181228 0.0
0.00448851 -0.0221992 0.0
0.0063218 -0.0240094 0.0
0.00785057 -0.0238502 0.0
0.00889834 -0.0220951 0.0
0.00935633 -0.0191326 0.0
0.00916496 -0.015322 0.0
0.0082924 -0.0109623 0.0
0.00671433 -0.00628127 0.0
0.00439585 -0.00142038 0.0
0.00132342 0.0035421 0.0
-0.00243219 0.00834461 0.0
-0.0067817 0.0129883 0.0
-0.0117132 0.0174489 0.0
-0.0172505 0.0218087 0.0
-0.0234129 0.0261327 0.0
-0.0302161 0.0304875 0.0
-0.0376601 0.0349236 0.0
-0.0457262 0.0394665 0.0
-0.0543772 0.044117 0.0
-0.0635601 0.048853 0.0
-0.0732103 0.0536363 0.0
-0.083256 0.058418 0.0
-0.0936222 0.0631444 0.0
-0.104233 0.067761 0.0
-0.115013 0.0722156 0.0
-0.125891 0.0764596 0.0
-0.136797 0.0804492 0.0
-0.147666 0.084146 0.0
-0.158437 0.0875168 0.0
-0.169055 0.0905343 0.0
-0.179469 0.0931766 0.0
-0.189633 0.0954275 0.0
-0.199509 0.097276 0.0
-0.209062 0.0987164 0.0
-0.218265 0.0997477 0.0
-0.227096 0.100374 0.0
-0.235539 0.100601 0.0
-0.243581 0.100442 0.0
-0.251216 0.0999106 0.0
-0.258443 0.0990227 0.0
-0.265261 0.0977972 0.0
-0.271676 0.0962541 0.0
-0.277696 0.0944144 0.0
-0.283328 0.0922994 0.0
-0.288585 0.0899306 0.0
-0.293478 0.0873289 0.0
-0.298019 0.0845147 0.0
-0.302222 0.0815075 0.0
-0.306098 0.0783255 0.0
-0.30966 0.0749856 0.0
-0.312919 0.0715033 0.0
-0.315887 0.0678925 0.0
-0.318573 0.0641659 0.0
-0.320987 0.0603342 0.0
-0.323138 0.0564071 0.0
-0.325032 0.0523925 0.0
-0.326677 0.0482971 0.0
-0.328079 0.0441263 0.0
-0.329243 0.0398842 0.0
-0.330174 0.0355738 0.0
-0.330877 0.031197 0.0
-0.331355 0.0267547 0.0
-0.33161 0.022247 0.0
-0.331647 0.0176729 0.0
-0.331468 0.0130309 0.0
-0.331074 0.0083186 0.0
-0.330467 0.00353301 0.0
-0.329649 -0.00132927 0.0
-0.328624 -0.00626915 0.0
-0.327392 -0.0112849 0.0
-0.325952 -0.0163796 0.0
-0.324304 -0.0215564 0.0
-0.322445 -0.0268181 0.0
-0.32037 -0.0321665 0.0
-0.318076 -0.0376025 0.0
-0.315554 -0.0431258 0.0
-0.3128 -0.0487343 0.0
-0.309803 -0.054424 0.0
-0.306556 -0.0601885 0.0
-0.303046 -0.0660186 0.0
-0.299263 -0.0719019 0.0
-0.295194 -0.0778223 0.0
-0.290825 -0.0837591 0.0
-0.28614 -0.0896871 0.0
-0.281124 -0.0955758 0.0
-0.27576 -0.101389 0.0
-0.270032 -0.107083 0.0
-0.26392 -0.112608 0.0
-0.257409 -0.117907 0.0
-0.250482 -0.122915 0.0
-0.243121 -0.12756 0.0
-0.235314 -0.131759 0.0
-0.227047 -0.135426 0.0
-0.218311 -0.138464 0.0
-0.209101 -0.140772 0.0
-0.199415 -0.142243 0.0
-0.18926 -0.142768 0.0
-0.178647 -0.142237 0.0
-0.167598 -0.140546 0.0
-0.156145 -0.137595 0.0
-0.144334 -0.133298 0.0
-0.132222 -0.127587 0.0
-0.119886 -0.120423 0.0
-0.107419 -0.111799 0.0
-0.0949334 -0.101753 0.0
-0.0825619 -0.0903778 0.0
-0.0704546 -0.0778318 0.0
-0.0587759 -0.0643451 0.0
-0.0476961 -0.0502251 0.0
-0.0373802 -0.0358509 0.0
-0.0279755 -0.0216632 0.0
-0.0196035 -0.00813098 0.0
-0.0124221 0.00423819 0.0
-0.00668621 0.0144824 0.0
-0.00242997 0.0225917 0.0
0.000551523 0.02873 0.0
0.00244273 0.0331737 0.0
0.00345002 0.0360974 0.0
0.00376795 0.0376537 0.0
0.00356004 0.0379088 0.0
0.00298583 0.036842 0.0
0.00220839 0.0343327 0.0
0.00139185 0.0301468 0.0
0.000688666 0.0239396 0.0
0.000215943 0.0152848 0.0
2.43619e-05 0.00372613 0.0
0.000186138 -0.00313031 0.0
0.00101551 -0.0129369 0.0
0.00250618 -0.0198833 0.0
0.00420033 -0.0240119 0.0
0.00574071 -0.0255704 0.0
0.00687126 -0.0249486 0.0
0.00742442 -0.0225977 0.0
0.00730152 -0.0189651 0.0
0.00645122 -0.0144478 0.0
0.00484134 -0.00935403 0.0
0.00243606 -0.0039062 0.0
-0.000797561 0.00175665 0.0
-0.0047416 0.00738154 0.0
-0.00926894 0.0127881 0.0
-0.0143809 0.0180062 0.0
-0.0200868 0.0230683 0.0
-0.0264054 0.0280453 0.0
-0.0333481 0.0330011 0.0
-0.0409141 0.0379883 0.0
-0.0490855 0.0430383 0.0
-0.0578258 0.0481583 0.0
-0.0670823 0.0533328 0.0
-0.0767901 0.0585279 0.0
-0.0868765 0.0636979 0.0
-0.0972646 0.0687903 0.0
-0.107877 0.0737506 0.0
-0.118637 0.0785258 0.0
-0.129473 0.0830663 0.0
-0.140313 0.087327 0.0
-0.151093 0.0912683 0.0
-0.161754 0.0948563 0.0
-0.172239 0.0980632 0.0
-0.1825 0.100867 0.0
-0.192494 0.103251 0.0
-0.202183 0.105206 0.0
-0.211536 0.106726 0.0
-0.220528 0.107812 0.0
-0.22914 0.108467 0.0
-0.237358 0.108702 0.0
-0.245172 0.108529 0.0
-0.252579 0.107964 0.0
-0.259578 0.107024 0.0
-0.266173 0.105731 0.0
-0.272371 0.104105 0.0
-0.278179 0.10217 0.0
-0.283609 0.099948 0.0
-0.288673 0.0974622 0.0
-0.293383 0.0947347 0.0
-0.297753 0.0917872 0.0
-0.301795 0.0886401 0.0
-0.305524 0.0853127 0.0
-0.30895 0.0818229 0.0
-0.312087 0.0781869 0.0
-0.314945 0.0744196 0.0
-0.317535 0.0705342 0.0
-0.319867 0.0665424 0.0
-0.321949 0.0624544 0.0
-0.323791 0.0582788 0.0
-0.325399 0.0540231 0.0
-0.326781 0.0496932 0.0
-0.327942 0.0452938 0.0
-0.32889 0.0408284 0.0
-0.329629 0.0362996 0.0
-0.330164 0.0317088 0.0
-0.330499 0.0270564 0.0
-0.33064 0.0223419 0.0
-0.330589 0.0175642 0.0
-0.330351 0.0127213 0.0
-0.329927 0.00781058 0.0
-0.329322 0.00282871 0.0
-0.328536 -0.0022281 0.0
-0.327574 -0.00735796 0.0
-0.326439 -0.0125635 0.0
-0.32513 -0.017849 0.0
-0.323646 -0.0232187 0.0
-0.321985 -0.0286762 0.0
-0.320144 -0.0342245 0.0
-0.318117 -0.0398658 0.0
-0.3159 -0.0456006 0.0
-0.313486 -0.0514283 0.0
-0.310866 -0.057346 0.0
-0.308032 -0.0633486 0.0
-0.304971 -0.0694282 0.0
-0.301673 -0.0755736 0.0
-0.298123 -0.0817699 0.0
-0.294306 -0.0879979 0.0
-0.290205 -0.0942336 0.0
-0.285803 -0.100447 0.0
-0.28108 -0.106604 0.0
-0.276016 -0.112661 0.0
-0.270589 -0.118568 0.0
-0.264777 -0.12427 0.0
-0.258558 -0.1297 0.0
-0.251909 -0.134785 0.0
-0.244808 -0.139442 0.0
-0.237236 -0.143582 0.0
-0.229172 -0.147106 0.0
-0.220603 -0.149909 0.0
-0.211517 -0.151878 0.0
-0.201906 -0.152898 0.0
-0.191773 -0.152853 0.0
-0.181126 -0.151626 0.0
-0.169985 -0.149108 0.0
-0.158381 -0.145199 0.0
-0.146361 -0.139817 0.0
-0.13399 -0.132901 0.0
-0.12135 -0.124427 0.0
-0.108548 -0.114412 0.0
-0.0957123 -0.102926 0.0
-0.0829976 -0.0901059 0.0
-0.0705806 -0.0761669 0.0
-0.0586558 -0.0614079 0.0
-0.0474256 -0.0462142 0.0
-0.0370844 -0.0310459 0.0
-0.027797 -0.0164076 0.0
-0.0196677 -0.00279594 0.0
-0.0129621 0.00907511 0.0
-0.00781835 0.018599 0.0
-0.00404211 0.025965 0.0
-0.0014266 0.031432 0.0
0.000229875 0.0351753 0.0
0.00111704 0.0373707 0.0
0.00142503 0.0380918 0.0
0.00133314 0.0373251 0.0
0.00100843 0.0349518 0.0
0.000607062 0.0307457 0.0
0.000261365 0.0243896 0.0
5.58875e-05 0.015513 0.0
-2.54193e-06 0.00374796 0.0
0.000183708 -0.00350015 0.0
0.000967916 -0.0141807 0.0
0.00231652 -0.0214789 0.0
0.00375076 -0.0255447 0.0
0.00491114 -0.0267383 0.0
0.00554985 -0.0255499 0.0
0.00551101 -0.0225106 0.0
0.00470579 -0.0181241 0.0
0.00308975 -0.0128225 0.0
0.000619505 -0.0068992 0.0
-0.00271753 -0.000618704 0.0
-0.00678813 0.00577337 0.0
-0.0114596 0.0119803 0.0
-0.016713 0.0179701 0.0
-0.0225493 0.0237725 0.0
-0.0289786 0.0294372 0.0
-0.0360107 0.035027 0.0
-0.043644 0.0405953 0.0
-0.0518617 0.0461778 0.0
-0.0606292 0.0517876 0.0
-0.0698957 0.0574157 0.0
-0.0795977 0.0630338 0.0
-0.0896629 0.0685999 0.0
-0.100015 0.0740639 0.0
-0.110575 0.0793724 0.0
-0.121266 0.0844725 0.0
-0.132016 0.0893138 0.0
-0.142753 0.0938508 0.0
-0.153413 0.098043 0.0
-0.163936 0.101856 0.0
-0.174269 0.105261 0.0
-0.184363 0.108237 0.0
-0.194177 0.110768 0.0
-0.203675 0.112842 0.0
-0.212827 0.114457 0.0
-0.221611 0.115613 0.0
-0.23001 0.116316 0.0
-0.23801 0.116576 0.0
-0.245605 0.116407 0.0
-0.252794 0.115827 0.0
-0.259576 0.114855 0.0
-0.265957 0.113513 0.0
-0.271945 0.111825 0.0
-0.27755 0.109813 0.0
-0.282783 0.107503 0.0
-0.287657 0.104919 0.0
-0.292184 0.102083 0.0
-0.29638 0.0990193 0.0
-0.300256 0.0957489 0.0
-0.303827 0.092292 0.0
-0.307106 0.0886675 0.0
-0.310104 0.0848927 0.0
-0.312834 0.0809832 0.0
-0.315305 0.0769531 0.0
-0.31753 0.072815 0.0
-0.319516 0.0685799 0.0
-0.321274 0.0642572 0.0
-0.322811 0.0598551 0.0
-0.324137 0.0553803 0.0
-0.325257 0.0508383 0.0
-0.32618 0.0462332 0.0
-0.326912 0.0415683 0.0
-0.327459 0.0368455 0.0
-0.327827 0.0320658 0.0
-0.328021 0.0272292 0.0
-0.328046 0.0223351 0.0
-0.327907 0.0173817 0.0
-0.327609 0.0123668 0.0
-0.327155 0.00728741 0.0
-0.326549 0.00214015 0.0
-0.325795 -0.00307913 0.0
-0.324896 -0.00836728 0.0
-0.323855 -0.0137303 0.0
-0.322673 -0.0191736 0.0
-0.321349 -0.0247024 0.0
-0.31988 -0.0303215 0.0
-0.318266 -0.036035 0.0
-0.316502 -0.0418461 0.0
-0.314582 -0.0477568 0.0
-0.312501 -0.0537675 0.0
-0.310251 -0.0598769 0.0
-0.307822 -0.0660811 0.0
-0.305204 -0.0723739 0.0
-0.302385 -0.0787457 0.0
-0.29935 -0.0851831 0.0
-0.296083 -0.0916686 0.0
-0.292566 -0.0981798 0.0
-0.28878 -0.104689 0.0
-0.284704 -0.111162 0.0
-0.280313 -0.117557 0.0
-0.275584 -0.123828 0.0
-0.270489 -0.129917 0.0
-0.265001 -0.13576 0.0
-0.259092 -0.141283 0.0
-0.252733 -0.146404 0.0
-0.245896 -0.151031 0.0
-0.238554 -0.155063 0.0
-0.230683 -0.158393 0.0
-0.222259 -0.160904 0.0
-0.213265 -0.162475 0.0
-0.203692 -0.162983 0.0
-0.193533 -0.162302 0.0
-0.182797 -0.160311 0.0
-0.171501 -0.156897 0.0
-0.159678 -0.151962 0.0
-0.147378 -0.145427 0.0
-0.134674 -0.137246 0.0
-0.121659 -0.127411 0.0
-0.108455 -0.115966 0.0
-0.0952127 -0.103022 0.0
-0.0821127 -0.0887675 0.0
-0.0693641 -0.0734806 0.0
-0.057198 -0.0575377 0.0
-0.0458537 -0.0414079 0.0
-0.0355566 -0.02563 0.0
-0.0264914 -0.010768 0.0
-0.0187915 0.00264169 0.0
-0.0126569 0.013754 0.0
-0.00807965 0.0224565 0.0
-0.00478109 0.0290265 0.0
-0.00252931 0.0336726 0.0
-0.00111309 0.03657 0.0
-0.000331726 0.037803 0.0
2.57971e-06 0.0373714 0.0
6.43794e-05 0.0351684 0.0
6.43428e-06 0.0309884 0.0
-5.43731e-05 0.0245534 0.0
-5.76428e-05 0.0155579 0.0
-2.08035e-05 0.00372461 0.0
0.000175215 -0.00385908 0.0
0.000883482 -0.0153142 0.0
0.00202833 -0.0228388 0.0
0.00312159 -0.0267123 0.0
0.00381005 -0.0274195 0.0
0.00385945 -0.0255568 0.0
0.00312779 -0.0217332 0.0
0.00153453 -0.016503 0.0
-0.000956916 -0.0103361 0.0
-0.00431652 -0.00355575 0.0
-0.00846334 0.0035217 0.0
-0.0132698 0.01051 0.0
-0.0186435 0.0172888 0.0
-0.0245795 0.0238511 0.0
-0.031085 0.0302334 0.0
-0.0381671 0.0364877 0.0
-0.0458246 0.0426661 0.0
-0.0540421 0.0488072 0.0
-0.0627879 0.0549294 0.0
-0.0720143 0.0610298 0.0
-0.0816602 0.067086 0.0
-0.0916554 0.0730607 0.0
-0.101924 0.0789071 0.0
-0.112389 0.0845734 0.0
-0.122974 0.0900075 0.0
-0.133604 0.0951592 0.0
-0.14421 0.0999824 0.0
-0.154727 0.104436 0.0
-0.165096 0.108486 0.0
-0.175263 0.112103 0.0
-0.185182 0.115266 0.0
-0.194811 0.117957 0.0
-0.204117 0.120168 0.0
-0.213072 0.121895 0.0
-0.221654 0.123139 0.0
-0.229846 0.123907 0.0
-0.237638 0.124212 0.0
-0.245024 0.124067 0.0
-0.252004 0.123491 0.0
-0.258579 0.122506 0.0
-0.264756 0.121135 0.0
-0.270543 0.119402 0.0
-0.275951 0.117332 0.0
-0.280991 0.114951 0.0
-0.285677 0.112284 0.0
-0.290022 0.109356 0.0
-0.29404 0.106191 0.0
-0.297745 0.102812 0.0
-0.301151 0.0992389 0.0
-0.304271 0.0954927 0.0
-0.307117 0.0915913 0.0
-0.309701 0.0875514 0.0
-0.312035 0.0833882 0.0
-0.31413 0.079115 0.0
-0.315997 0.0747438 0.0
-0.317644 0.0702852 0.0
-0.319083 0.065748 0.0
-0.320321 0.0611399 0.0
-0.321367 0.0564672 0.0
-0.32223 0.0517348 0.0
-0.322917 0.0469467 0.0
-0.323436 0.0421055 0.0
-0.323794 0.0372128 0.0
-0.323997 0.0322692 0.0
-0.324051 0.0272744 0.0
-0.323963 0.0222271 0.0
-0.323738 0.0171256 0.0
-0.323381 0.0119671 0.0
-0.322896 0.00674843 0.0
-0.322289 0.00146602 0.0
-0.321564 -0.00388408 0.0
-0.320724 -0.00930024 0.0
-0.319773 -0.0147896 0.0
-0.318711 -0.0203589 0.0
-0.317538 -0.0260143 0.0
-0.316254 -0.0317618 0.0
-0.314856 -0.0376066 0.0
-0.313342 -0.043553 0.0
-0.311707 -0.0496044 0.0
-0.309946 -0.0557624 0.0
-0.308051 -0.0620273 0.0
-0.306013 -0.0683967 0.0
-0.303823 -0.0748661 0.0
-0.301469 -0.0814276 0.0
-0.298935 -0.0880699 0.0
-0.296207 -0.0947775 0.0
-0.293264 -0.10153 0.0
-0.290087 -0.108302 0.0
-0.286652 -0.11506 0.0
-0.282934 -0.121767 0.0
-0.278904 -0.128377 0.0
-0.274534 -0.134833 0.0
-0.26979 -0.141075 0.0
-0.26464 -0.147027 0.0
-0.259049 -0.15261 0.0
-0.25298 -0.15773 0.0
-0.246401 -0.162286 0.0
-0.239275 -0.166168 0.0
-0.231571 -0.169256 0.0
-0.223261 -0.171426 0.0
-0.214322 -0.172546 0.0
-0.204737 -0.172482 0.0
-0.194499 -0.171104 0.0
-0.183613 -0.168286 0.0
-0.172096 -0.163912 0.0
-0.159986 -0.157886 0.0
-0.147338 -0.150139 0.0
-0.134233 -0.140637 0.0
-0.120782 -0.129395 0.0
-0.107126 -0.116492 0.0
-0.0934412 -0.102083 0.0
-0.0799405 -0.0864146 0.0
-0.0668711 -0.0698393 0.0
-0.0545043 -0.0528174 0.0
-0.0431157 -0.035906 0.0
-0.0329523 -0.0197206 0.0
-0.0241895 -0.00486848 0.0
-0.0170521 0.00799217 0.0
-0.0116087 0.0181977 0.0
-0.00761631 0.0259943 0.0
-0.00479306 0.0316297 0.0
-0.00289171 0.0352953 0.0
-0.00169075 0.0370954 0.0
-0.000990047 0.037044 0.0
-0.000610629 0.0350546 0.0
-0.000402587 0.0309521 0.0
-0.000257668 0.0245056 0.0
-0.000125432 0.0154768 0.0
-3.01698e-05 0.00367364 0.0
0.000159491 -0.00419378 0.0
0.00075724 -0.0162855 0.0
0.00163166 -0.0238867 0.0
0.00229892 -0.0274249 0.0
0.00242059 -0.0275171 0.0
0.00178099 -0.024869 0.0
0.000251587 -0.0201599 0.0
-0.00220087 -0.0140306 0.0
-0.00554044 -0.0069775 0.0
-0.0097381 0.000642912 0.0
-0.0146446 0.00837635 0.0
-0.0201102 0.0159274 0.0
-0.0261221 0.0232572 0.0
-0.0326784 0.030375 0.0
-0.0397825 0.0373189 0.0
-0.0474327 0.0441344 0.0
-0.0556159 0.0508601 0.0
-0.0643038 0.0575185 0.0
-0.0734523 0.0641124 0.0
-0.0830043 0.0706252 0.0
-0.0928925 0.0770248 0.0
-0.103043 0.0832681 0.0
-0.113381 0.0893061 0.0
-0.12383 0.0950878 0.0
-0.134316 0.100564 0.0
-0.14477 0.105687 0.0
-0.155127 0.110418 0.0
-0.165329 0.11472 0.0
-0.175324 0.118565 0.0
-0.185063 0.121931 0.0
-0.194508 0.124802 0.0
-0.203626 0.127168 0.0
-0.212388 0.129025 0.0
-0.220774 0.130378 0.0
-0.228769 0.131232 0.0
-0.236363 0.1316 0.0
-0.243551 0.131499 0.0
-0.250333 0.130948 0.0
-0.256712 0.129969 0.0
-0.262694 0.128586 0.0
-0.268288 0.126826 0.0
-0.273505 0.124715 0.0
-0.278358 0.122279 0.0
-0.282859 0.119545 0.0
-0.287022 0.116539 0.0
-0.290862 0.113286 0.0
-0.294393 0.10981 0.0
-0.297628 0.106133 0.0
-0.30058 0.102276 0.0
-0.303263 0.0982584 0.0
-0.30569 0.094098 0.0
-0.307872 0.089811 0.0
-0.309821 0.0854119 0.0
-0.311548 0.0809138 0.0
-0.313065 0.0763281 0.0
-0.314381 0.0716649 0.0
-0.315507 0.0669327 0.0
-0.316453 0.0621387 0.0
-0.317227 0.0572889 0.0
-0.317839 0.0523878 0.0
-0.318297 0.047439 0.0
-0.318609 0.0424446 0.0
-0.318783 0.0374058 0.0
-0.318827 0.032323 0.0
-0.318747 0.0271952 0.0
-0.31855 0.022021 0.0
-0.318242 0.0167981 0.0
-0.317828 0.0115234 0.0
-0.317314 0.00619357 0.0
-0.316705 0.000804725 0.0
-0.316005 -0.00464707 0.0
-0.31522 -0.010162 0.0
-0.314351 -0.0157482 0.0
-0.313401 -0.0214133 0.0
-0.312369 -0.0271645 0.0
-0.311255 -0.0330089 0.0
-0.31006 -0.0389527 0.0
-0.308779 -0.0450014 0.0
-0.307411 -0.0511596 0.0
-0.305949 -0.0574303 0.0
-0.304389 -0.0638151 0.0
-0.302721 -0.0703137 0.0
-0.300937 -0.076923 0.0
-0.299025 -0.0836375 0.0
-0.296971 -0.0904477 0.0
-0.294758 -0.0973406 0.0
-0.29237 -0.104298 0.0
-0.289783 -0.111297 0.0
-0.286974 -0.118308 0.0
-0.283916 -0.125296 0.0
-0.280579 -0.132215 0.0
-0.276929 -0.139015 0.0
-0.272931 -0.145634 0.0
-0.268548 -0.152001 0.0
-0.263739 -0.158036 0.0
-0.258461 -0.163648 0.0
-0.252674 -0.168735 0.0
-0.246334 -0.173185 0.0
-0.239399 -0.176878 0.0
-0.231831 -0.179683 0.0
-0.223595 -0.181464 0.0
-0.214663 -0.182081 0.0
-0.205013 -0.181393 0.0
-0.194636 -0.179261 0.0
-0.183536 -0.175554 0.0
-0.171733 -0.170158 0.0
-0.159269 -0.162979 0.0
-0.14621 -0.15396 0.0
-0.13265 -0.143083 0.0
-0.118717 -0.130393 0.0
-0.104579 -0.116006 0.0
-0.0904416 -0.100129 0.0
-0.0765563 -0.0830791 0.0
-0.0632122 -0.0652887 0.0
-0.0507236 -0.0473119 0.0
-0.0394034 -0.0297984 0.0
-0.0295208 -0.0134361 0.0
-0.0212453 0.00114684 0.0
-0.0147687 0.013123 0.0
-0.0100132 0.0223212 0.0
-0.00660101 0.0290674 0.0
-0.00423428 0.0335896 0.0
-0.0026576 0.0360235 0.0
-0.00165038 0.036408 0.0
-0.00102439 0.0346852 0.0
-0.000627724 0.0307168 0.0
-0.000353241 0.0243215 0.0
-0.000149354 0.0153248 0.0
-3.12187e-05 0.00361225 0.0
0.000135446 -0.00448872 0.0
0.000585224 -0.0170381 0.0
0.00111964 -0.024543 0.0
0.00127427 -0.0275905 0.0
0.000733426 -0.0269323 0.0
-0.000692142 -0.0233887 0.0
-0.00306197 -0.0177411 0.0
-0.00635795 -0.010701 0.0
-0.0105491 -0.00277636 0.0
-0.0155028 0.00559316 0.0
-0.0210491 0.0138788 0.0
-0.0271227 0.0219641 0.0
-0.0337137 0.0298234 0.0
-0.0408219 0.0374732 0.0
-0.0484449 0.0449478 0.0
-0.0565715 0.0522823 0.0
-0.0651768 0.0595008 0.0
-0.0742216 0.0666105 0.0
-0.0836531 0.0736004 0.0
-0.0934079 0.0804439 0.0
-0.103416 0.0871021 0.0
-0.113603 0.0935288 0.0
-0.123895 0.099675 0.0
-0.134219 0.105492 0.0
-0.144507 0.110934 0.0
-0.154695 0.115959 0.0
-0.164724 0.120533 0.0
-0.174542 0.124625 0.0
-0.184102 0.128215 0.0
-0.193366 0.131285 0.0
-0.202299 0.133827 0.0
-0.210876 0.135837 0.0
-0.219076 0.137318 0.0
-0.226884 0.138279 0.0
-0.234291 0.138732 0.0
-0.241292 0.138695 0.0
-0.247888 0.138188 0.0
-0.254081 0.137234 0.0
-0.259878 0.135859 0.0
-0.265289 0.134089 0.0
-0.270323 0.131952 0.0
-0.274995 0.129477 0.0
-0.279316 0.12669 0.0
-0.283301 0.12362 0.0
-0.286963 0.120291 0.0
-0.290318 0.116729 0.0
-0.293379 0.112958 0.0
-0.29616 0.109 0.0
-0.298674 0.104875 0.0
-0.300935 0.100603 0.0
-0.302955 0.0962 0.0
-0.304746 0.0916827 0.0
-0.306322 0.0870649 0.0
-0.307693 0.0823594 0.0
-0.308871 0.0775773 0.0
-0.309868 0.0727282 0.0
-0.310693 0.0678204 0.0
-0.311357 0.0628606 0.0
-0.31187 0.0578544 0.0
-0.312242 0.0528061 0.0
-0.312482 0.0477185 0.0
-0.312598 0.0425937 0.0
-0.312599 0.0374323 0.0
-0.312493 0.0322341 0.0
-0.312287 0.0269979 0.0
-0.311987 0.0217217 0.0
-0.311601 0.0164028 0.0
-0.311134 0.0110378 0.0
-0.310592 0.00562302 0.0
-0.30998 0.00015427 0.0
-0.309304 -0.00537219 0.0
-0.308567 -0.0109589 0.0
-0.307773 -0.0166146 0.0
-0.306923 -0.0223476 0.0
-0.306019 -0.0281663 0.0
-0.305061 -0.0340784 0.0
-0.304049 -0.0400911 0.0
-0.302981 -0.0462111 0.0
-0.301855 -0.052444 0.0
-0.300669 -0.0587943 0.0
-0.299415 -0.0652652 0.0
-0.298088 -0.0718579 0.0
-0.29668 -0.0785713 0.0
-0.29518 -0.0854019 0.0
-0.293574 -0.0923429 0.0
-0.291848 -0.0993835 0.0
-0.289983 -0.106509 0.0
-0.287958 -0.113698 0.0
-0.285749 -0.120926 0.0
-0.283328 -0.128158 0.0
-0.280662 -0.135356 0.0
-0.277718 -0.142469 0.0
-0.274456 -0.149439 0.0
-0.270836 -0.1562 0.0
-0.266811 -0.162672 0.0
-0.262336 -0.168766 0.0
-0.25736 -0.174381 0.0
-0.251833 -0.179406 0.0
-0.245706 -0.183719 0.0
-0.238928 -0.187186 0.0
-0.231456 -0.189669 0.0
-0.223247 -0.191018 0.0
-0.214268 -0.191085 0.0
-0.204495 -0.189718 0.0
-0.193917 -0.186774 0.0
-0.18254 -0.182118 0.0
-0.170388 -0.175635 0.0
-0.157511 -0.16724 0.0
-0.143987 -0.156886 0.0
-0.129929 -0.14458 0.0
-0.115488 -0.130398 0.0
-0.100861 -0.114502 0.0
-0.0862906 -0.0971619 0.0
-0.07207 -0.0787706 0.0
-0.0585329 -0.0598556 0.0
-0.0460351 -0.0410726 0.0
-0.0349147 -0.0231649 0.0
-0.0254349 -0.00687969 0.0
-0.0178341 0.00707204 0.0
-0.0121443 0.017927 0.0
-0.00806087 0.025966 0.0
-0.00520892 0.0314723 0.0
-0.0032769 0.0346321 0.0
-0.00200978 0.0355251 0.0
-0.00120008 0.0341324 0.0
-0.000685528 0.0303584 0.0
-0.000351354 0.0240712 0.0
-0.000134116 0.0151539 0.0
-2.50655e-05 0.00355597 0.0
0.000102109 -0.00472627 0.0
0.000364862 -0.0175131 0.0
0.00048923 -0.0247268 0.0
4.48897e-05 -0.027117 0.0
-0.00123943 -0.0255807 0.0
-0.00348143 -0.0210728 0.0
-0.00668459 -0.014484 0.0
-0.0108044 -0.00654223 0.0
-0.0157747 0.00222633 0.0
-0.0214024 0.0111719 0.0
-0.0275291 0.019973 0.0
-0.0341466 0.0285611 0.0
-0.0412502 0.0369212 0.0
-0.0488363 0.0450696 0.0
-0.0568947 0.0530328 0.0
-0.0654042 0.0608334 0.0
-0.0743302 0.0684811 0.0
-0.0836249 0.0759697 0.0
-0.0932299 0.0832775 0.0
-0.103079 0.0903703 0.0
-0.1131 0.0972052 0.0
-0.123223 0.103735 0.0
-0.133375 0.109913 0.0
-0.143489 0.115693 0.0
-0.153502 0.121034 0.0
-0.163355 0.1259 0.0
-0.172996 0.130262 0.0
-0.18238 0.134097 0.0
-0.191467 0.13739 0.0
-0.200224 0.14013 0.0
-0.208625 0.142316 0.0
-0.216649 0.143949 0.0
-0.224281 0.145039 0.0
-0.231513 0.145599 0.0
-0.23834 0.145646 0.0
-0.244761 0.145203 0.0
-0.25078 0.144294 0.0
-0.256404 0.142944 0.0
-0.261641 0.141182 0.0
-0.266502 0.139037 0.0
-0.271 0.136537 0.0
-0.275148 0.133711 0.0
-0.278959 0.130589 0.0
-0.282449 0.127196 0.0
-0.28563 0.123559 0.0
-0.288518 0.119704 0.0
-0.291127 0.115653 0.0
-0.293471 0.111429 0.0
-0.295563 0.107052 0.0
-0.297416 0.10254 0.0
-0.299045 0.0979113 0.0
-0.300462 0.09318 0.0
-0.301679 0.0883606 0.0
-0.30271 0.0834654 0.0
-0.303565 0.078505 0.0
-0.304258 0.0734889 0.0
-0.304798 0.0684249 0.0
-0.305197 0.0633194 0.0
-0.305466 0.0581776 0.0
-0.305614 0.0530031 0.0
-0.305651 0.0477986 0.0
-0.305587 0.0425654 0.0
-0.305429 0.0373037 0.0
-0.305185 0.032013 0.0
-0.304864 0.0266914 0.0
-0.304471 0.0213365 0.0
-0.304015 0.0159451 0.0
-0.3035 0.0105136 0.0
-0.302932 0.00503772 0.0
-0.302318 -0.000486918 0.0
-0.301661 -0.00606382 0.0
-0.300967 -0.011698 0.0
-0.300238 -0.0173986 0.0
-0.299477 -0.0231748 0.0
-0.298685 -0.0290353 0.0
-0.297864 -0.0349887 0.0
-0.297014 -0.0410431 0.0
-0.296134 -0.047206 0.0
-0.295225 -0.0534843 0.0
-0.294282 -0.0598836 0.0
-0.293303 -0.0664084 0.0
-0.292282 -0.0730619 0.0
-0.291213 -0.0798448 0.0
-0.290086 -0.0867559 0.0
-0.28889 -0.0937907 0.0
-0.28761 -0.100941 0.0
-0.28623 -0.108196 0.0
-0.284729 -0.115537 0.0
-0.283082 -0.122942 0.0
-0.281262 -0.130383 0.0
-0.279238 -0.137821 0.0
-0.276971 -0.145213 0.0
-0.274423 -0.152504 0.0
-0.271549 -0.15963 0.0
-0.2683 -0.166515 0.0
-0.264624 -0.173074 0.0
-0.260466 -0.179207 0.0
-0.255769 -0.184804 0.0
-0.250475 -0.189743 0.0
-0.244526 -0.193889 0.0
-0.237865 -0.197099 0.0
-0.230441 -0.199221 0.0
-0.222205 -0.200096 0.0
-0.213122 -0.199563 0.0
-0.203165 -0.197464 0.0
-0.192324 -0.193647 0.0
-0.180607 -0.187975 0.0
-0.168047 -0.180337 0.0
-0.154705 -0.170655 0.0
-0.140676 -0.158899 0.0
-0.126095 -0.145102 0.0
-0.111141 -0.129379 0.0
-0.0960455 -0.11195 0.0
-0.0810928 -0.0931555 0.0
-0.066621 -0.0734796 0.0
-0.0530107 -0.0535568 0.0
-0.0406576 -0.0341541 0.0
-0.0299205 -0.0161074 0.0
-0.021028 -0.000193685 0.0
-0.0142036 0.0126785 0.0
-0.00933117 0.0222586 0.0
-0.0059318 0.0289283 0.0
-0.00363102 0.0329433 0.0
-0.00212639 0.0344422 0.0
-0.00117831 0.0334576 0.0
-0.000602878 0.0299432 0.0
-0.000267386 0.0238167 0.0
-8.60036e-05 0.0150098 0.0
-1.29366e-05 0.00351797 0.0
5.87995e-05 -0.00488718 0.0
9.57453e-05 -0.0176519 0.0
-0.000256837 -0.0243598 0.0
-0.0013692 -0.0259273 0.0
-0.00343535 -0.0234199 0.0
-0.00650244 -0.0179244 0.0
-0.0105347 -0.0103969 0.0
-0.0154766 -0.00156772 0.0
-0.0211306 0.00787621 0.0
-0.0272965 0.0173155 0.0
-0.0339356 0.0265952 0.0
-0.041033 0.0356539 0.0
-0.048581 0.0444799 0.0
-0.0565692 0.0530851 0.0
-0.0649793 0.0614859 0.0
-0.0737813 0.0696919 0.0
-0.0829328 0.0777001 0.0
-0.0923802 0.085493 0.0
-0.102062 0.0930409 0.0
-0.111911 0.100304 0.0
-0.121857 0.107239 0.0
-0.131832 0.113799 0.0
-0.14177 0.119939 0.0
-0.151606 0.125618 0.0
-0.161285 0.1308 0.0
-0.170753 0.135455 0.0
-0.179966 0.139561 0.0
-0.188884 0.1431 0.0
-0.197474 0.146064 0.0
-0.205708 0.148449 0.0
-0.213568 0.150258 0.0
-0.221037 0.1515 0.0
-0.228107 0.15219 0.0
-0.234772 0.152345 0.0
-0.241032 0.151987 0.0
-0.24689 0.151142 0.0
-0.252353 0.149837 0.0
-0.257428 0.1481 0.0
-0.262127 0.145962 0.0
-0.266462 0.143453 0.0
-0.270445 0.140602 0.0
-0.274091 0.13744 0.0
-0.277414 0.133994 0.0
-0.280428 0.130293 0.0
-0.283148 0.126363 0.0
-0.285589 0.122229 0.0
-0.287764 0.117913 0.0
-0.289689 0.113438 0.0
-0.291377 0.108824 0.0
-0.292843 0.104088 0.0
-0.2941 0.099249 0.0
-0.295161 0.0943207 0.0
-0.296041 0.089317 0.0
-0.296751 0.0842499 0.0
-0.297305 0.0791299 0.0
-0.297715 0.073966 0.0
-0.297992 0.0687654 0.0
-0.298148 0.0635343 0.0
-0.298194 0.0582771 0.0
-0.298139 0.0529972 0.0
-0.297994 0.0476966 0.0
-0.297767 0.042376 0.0
-0.297467 0.0370353 0.0
-0.297103 0.0316732 0.0
-0.29668 0.0262874 0.0
-0.296207 0.0208751 0.0
-0.29569 0.0154325 0.0
-0.295134 0.00995547 0.0
-0.294545 0.00443955 0.0
-0.293928 -0.00111995 0.0
-0.293289 -0.00672641 0.0
-0.292632 -0.0123871 0.0
-0.291959 -0.0181114 0.0
-0.291273 -0.023909 0.0
-0.290577 -0.0297892 0.0
-0.289872 -0.035761 0.0
-0.28916 -0.0418331 0.0
-0.288442 -0.0480139 0.0
-0.287717 -0.0543111 0.0
-0.286985 -0.0607315 0.0
-0.286243 -0.067281 0.0
-0.285488 -0.0739644 0.0
-0.284716 -0.0807843 0.0
-0.283918 -0.0877416 0.0
-0.283084 -0.0948345 0.0
-0.282204 -0.102058 0.0
-0.28126 -0.109403 0.0
-0.280234 -0.116857 0.0
-0.279103 -0.1244 0.0
-0.27784 -0.132008 0.0
-0.276413 -0.139648 0.0
-0.274785 -0.14728 0.0
-0.272916 -0.154854 0.0
-0.270759 -0.162311 0.0
-0.268262 -0.16958 0.0
-0.265371 -0.176577 0.0
-0.262024 -0.183208 0.0
-0.25816 -0.189364 0.0
-0.253713 -0.194924 0.0
-0.248616 -0.199754 0.0
-0.242803 -0.203708 0.0
-0.236212 -0.206629 0.0
-0.228782 -0.208353 0.0
-0.220464 -0.208708 0.0
-0.211216 -0.207524 0.0
-0.201013 -0.204631 0.0
-0.189847 -0.199874 0.0
-0.177732 -0.193113 0.0
-0.164713 -0.184241 0.0
-0.150865 -0.17319 0.0
-0.136304 -0.159952 0.0
-0.121193 -0.144594 0.0
-0.105745 -0.12728 0.0
-0.0902288 -0.108294 0.0
-0.0749759 -0.0880656 0.0
-0.0603711 -0.0671858 0.0
-0.046838 -0.0464112 0.0
-0.0347977 -0.0266277 0.0
-0.0246045 -0.00875904 0.0
-0.0165412 0.00635609 0.0
-0.0106457 0.0178131 0.0
-0.0065668 0.0258956 0.0
-0.0038372 0.0309457 0.0
-0.00208358 0.0331815 0.0
-0.00101676 0.0327033 0.0
-0.000416915 0.0295222 0.0
-0.000121685 0.023607 0.0
-1.28567e-05 0.0149293 0.0
3.75073e-06 0.00350878 0.0
6.44881e-06 -0.00495243 0.0
-0.000218701 -0.0173984 0.0
-0.00110538 -0.023374 0.0
-0.00292769 -0.0239785 0.0
-0.00578777 -0.0204425 0.0
-0.00967119 -0.0139513 0.0
-0.0145035 -0.00550534 0.0
-0.0201446 0.00412362 0.0
-0.0263699 0.0140643 0.0
-0.0330389 0.0239624 0.0
-0.0401365 0.033685 0.0
-0.0476527 0.0431778 0.0
-0.055577 0.0524282 0.0
-0.0638929 0.061441 0.0
-0.0725744 0.0702217 0.0
-0.0815844 0.0787681 0.0
-0.090875 0.0870659 0.0
-0.100389 0.0950891 0.0
-0.110065 0.102802 0.0
-0.119835 0.110162 0.0
-0.129634 0.117126 0.0
-0.139396 0.123649 0.0
-0.149059 0.12969 0.0
-0.158568 0.135212 0.0
-0.16787 0.140186 0.0
-0.17692 0.144587 0.0
-0.185678 0.1484 0.0
-0.194111 0.151612 0.0
-0.202192 0.154222 0.0
-0.2099 0.156233 0.0
-0.217219 0.157653 0.0
-0.22414 0.158496 0.0
-0.230658 0.158781 0.0
-0.236771 0.158531 0.0
-0.242482 0.157772 0.0
-0.247797 0.156531 0.0
-0.252724 0.154838 0.0
-0.257273 0.152724 0.0
-0.261456 0.150221 0.0
-0.265286 0.147359 0.0
-0.268777 0.14417 0.0
-0.271943 0.140684 0.0
-0.274799 0.136929 0.0
-0.277359 0.132933 0.0
-0.279639 0.128723 0.0
-0.281653 0.124324 0.0
-0.283417 0.119758 0.0
-0.284945 0.115047 0.0
-0.286252 0.110211 0.0
-0.287353 0.105268 0.0
-0.288262 0.100235 0.0
-0.288992 0.095127 0.0
-0.289559 0.089957 0.0
-0.289976 0.0847367 0.0
-0.290255 0.0794761 0.0
-0.290409 0.0741835 0.0
-0.29045 0.0688661 0.0
-0.290389 0.063529 0.0
-0.290238 0.0581765 0.0
-0.290005 0.052811 0.0
-0.289702 0.0474341 0.0
-0.289336 0.0420459 0.0
-0.288916 0.0366456 0.0
-0.288449 0.0312313 0.0
-0.287942 0.0258004 0.0
-0.287403 0.0203493 0.0
-0.286836 0.0148739 0.0
-0.286247 0.00936962 0.0
-0.285642 0.00383142 0.0
-0.285025 -0.0017456 0.0
-0.284401 -0.00736405 0.0
-0.283774 -0.0130336 0.0
-0.283148 -0.0187641 0.0
-0.282524 -0.0245653 0.0
-0.281907 -0.0304467 0.0
-0.281297 -0.0364177 0.0
-0.280698 -0.0424874 0.0
-0.280112 -0.0486646 0.0
-0.279539 -0.0549579 0.0
-0.278981 -0.0613751 0.0
-0.278436 -0.0679233 0.0
-0.277904 -0.0746086 0.0
-0.277382 -0.0814356 0.0
-0.276863 -0.0884073 0.0
-0.27634 -0.0955244 0.0
-0.275805 -0.102785 0.0
-0.275242 -0.110183 0.0
-0.274635 -0.11771 0.0
-0.273964 -0.12535 0.0
-0.273202 -0.133083 0.0
-0.272319 -0.140883 0.0
-0.27128 -0.148713 0.0
-0.270042 -0.156529 0.0
-0.26856 -0.164277 0.0
-0.26678 -0.171891 0.0
-0.264644 -0.179293 0.0
-0.262089 -0.186393 0.0
-0.259047 -0.193085 0.0
-0.255445 -0.199251 0.0
-0.251211 -0.204758 0.0
-0.246269 -0.209458 0.0
-0.240546 -0.213194 0.0
-0.233971 -0.215793 0.0
-0.22648 -0.217077 0.0
-0.218018 -0.216864 0.0
-0.208544 -0.214968 0.0
-0.198033 -0.211214 0.0
-0.186482 -0.205438 0.0
-0.173917 -0.197501 0.0
-0.160395 -0.1873 0.0
-0.146012 -0.174785 0.0
-0.13091 -0.159974 0.0
-0.115283 -0.142975 0.0
-0.0993833 -0.124014 0.0
-0.0835259 -0.103456 0.0
-0.0680894 -0.0818366 0.0
-0.0535079 -0.059875 0.0
-0.0402459 -0.0384662 0.0
-0.028743 -0.0186166 0.0
-0.0193044 -0.00128835 0.0
-0.012199 0.0124566 0.0
-0.00729234 0.0222666 0.0
-0.00403551 0.0285882 0.0
-0.00198415 0.031734 0.0
-0.000787027 0.0318869 0.0
-0.000173307 0.029125 0.0
6.05885e-05 0.023475 0.0
7.47784e-05 0.0149382 0.0
2.27395e-05 0.00353527 0.0
-5.41441e-05 -0.00490474 0.0
-0.000573625 -0.0167015 0.0
-0.00203342 -0.0217244 0.0
-0.00458363 -0.0212555 0.0
-0.00823058 -0.0166584 0.0
-0.0128977 -0.00918481 0.0
-0.0184867 0.000149465 0.0
-0.0247377 0.0103609 0.0
-0.0314274 0.0207421 0.0
-0.038531 0.0310572 0.0
-0.0460267 0.0411834 0.0
-0.0538996 0.0510684 0.0
-0.0621335 0.0606957 0.0
-0.0707055 0.0700614 0.0
-0.0795834 0.0791607 0.0
-0.0887248 0.0879804 0.0
-0.0980782 0.0964975 0.0
-0.107586 0.104679 0.0
-0.117185 0.112486 0.0
-0.126812 0.119876 0.0
-0.136405 0.126804 0.0
-0.145903 0.133231 0.0
-0.155249 0.139118 0.0
-0.164394 0.144437 0.0
-0.17329 0.14916 0.0
-0.1819 0.153272 0.0
-0.190188 0.156761 0.0
-0.198128 0.159624 0.0
-0.205698 0.161862 0.0
-0.212883 0.163485 0.0
-0.21967 0.164508 0.0
-0.226056 0.164948 0.0
-0.232037 0.164828 0.0
-0.237616 0.164176 0.0
-0.242799 0.16302 0.0
-0.247591 0.16139 0.0
-0.252005 0.159319 0.0
-0.256051 0.156838 0.0
-0.259741 0.15398 0.0
-0.26309 0.150778 0.0
-0.266111 0.147263 0.0
-0.26882 0.143466 0.0
-0.271232 0.139414 0.0
-0.273362 0.135138 0.0
-0.275225 0.130662 0.0
-0.276837 0.126012 0.0
-0.278214 0.12121 0.0
-0.279372 0.116279 0.0
-0.280324 0.111238 0.0
-0.281088 0.106105 0.0
-0.281678 0.100896 0.0
-0.282108 0.0956268 0.0
-0.282393 0.0903091 0.0
-0.282546 0.0849545 0.0
-0.282581 0.0795724 0.0
-0.282511 0.0741707 0.0
-0.282347 0.0687557 0.0
-0.2821 0.063332 0.0
-0.281781 0.0579031 0.0
-0.2814 0.0524709 0.0
-0.280965 0.047036 0.0
-0.280485 0.0415981 0.0
-0.279968 0.0361557 0.0
-0.27942 0.0307063 0.0
-0.278847 0.0252466 0.0
-0.278257 0.0197728 0.0
-0.277653 0.0142802 0.0
-0.277042 0.00876366 0.0
-0.276427 0.00321764 0.0
-0.275812 -0.00236398 0.0
-0.275202 -0.00798005 0.0
-0.274602 -0.0136447 0.0
-0.274013 -0.0193679 0.0
-0.273439 -0.0251588 0.0
-0.272883 -0.031027 0.0
-0.272348 -0.036982 0.0
-0.271837 -0.043033 0.0
-0.271353 -0.0491893 0.0
-0.270899 -0.0554599 0.0
-0.270477 -0.0618534 0.0
-0.270089 -0.068378 0.0
-0.269734 -0.0750409 0.0
-0.269411 -0.0818484 0.0
-0.269119 -0.0888056 0.0
-0.268852 -0.0959156 0.0
-0.268602 -0.103179 0.0
-0.268359 -0.110594 0.0
-0.268109 -0.118155 0.0
-0.267833 -0.125852 0.0
-0.267509 -0.133668 0.0
-0.267108 -0.141582 0.0
-0.266595 -0.149565 0.0
-0.265932 -0.157577 0.0
-0.26507 -0.165571 0.0
-0.263958 -0.173488 0.0
-0.262536 -0.181254 0.0
-0.260738 -0.188785 0.0
-0.258491 -0.195981 0.0
-0.255721 -0.202727 0.0
-0.252345 -0.208892 0.0
-0.248282 -0.21433 0.0
-0.243448 -0.21888 0.0
-0.237762 -0.222368 0.0
-0.231147 -0.224608 0.0
-0.223535 -0.225407 0.0
-0.214868 -0.224567 0.0
-0.205104 -0.22189 0.0
-0.194225 -0.217191 0.0
-0.182235 -0.210302 0.0
-0.169173 -0.201084 0.0
-0.155114 -0.189444 0.0
-0.140181 -0.175351 0.0
-0.124545 -0.158861 0.0
-0.108439 -0.140134 0.0
-0.0921592 -0.119473 0.0
-0.0760707 -0.097345 0.0
-0.060603 -0.0744156 0.0
-0.0462359 -0.0515546 0.0
-0.0334593 -0.0298077 0.0
-0.0227016 -0.0102936 0.0
-0.0143008 0.00595562 0.0
-0.00832231 0.0178825 0.0
-0.00438339 0.0257766 0.0
-0.00194299 0.0300539 0.0
-0.000568837 0.0309957 0.0
7.58282e-05 0.0287578 0.0
0.000248985 0.0234352 0.0
0.000164941 0.0150479 0.0
4.2277e-05 0.00360029 0.0
-0.000122608 -0.00472798 0.0
-0.00095845 -0.0155229 0.0
-0.00301223 -0.0193894 0.0
-0.00629372 -0.0177588 0.0
-0.0107144 -0.0120876 0.0
-0.0161459 -0.00365698 0.0
-0.0223518 0.00641649 0.0
-0.0290712 0.0170642 0.0
-0.0361921 0.0278493 0.0
-0.0436817 0.0385432 0.0
-0.0515201 0.0490315 0.0
-0.0596895 0.0592626 0.0
-0.068169 0.0692149 0.0
-0.0769304 0.0788756 0.0
-0.0859363 0.0882303 0.0
-0.0951409 0.0972568 0.0
-0.104491 0.105925 0.0
-0.113929 0.114197 0.0
-0.123395 0.122033 0.0
-0.132828 0.129389 0.0
-0.14217 0.136225 0.0
-0.151365 0.142503 0.0
-0.160363 0.148191 0.0
-0.169119 0.153264 0.0
-0.177592 0.157703 0.0
-0.18575 0.161496 0.0
-0.193563 0.164639 0.0
-0.201011 0.167133 0.0
-0.208075 0.168987 0.0
-0.214745 0.170215 0.0
-0.221015 0.170835 0.0
-0.22688 0.170871 0.0
-0.232344 0.17035 0.0
-0.237409 0.1693 0.0
-0.242084 0.167754 0.0
-0.246378 0.165743 0.0
-0.250302 0.163303 0.0
-0.253868 0.160465 0.0
-0.257089 0.157265 0.0
-0.259981 0.153734 0.0
-0.262557 0.149906 0.0
-0.264834 0.145809 0.0
-0.266828 0.141476 0.0
-0.268553 0.136932 0.0
-0.270027 0.132205 0.0
-0.271266 0.12732 0.0
-0.272285 0.122299 0.0
-0.273102 0.117164 0.0
-0.273732 0.111935 0.0
-0.274191 0.10663 0.0
-0.274495 0.101264 0.0
-0.274658 0.0958522 0.0
-0.274696 0.0904061 0.0
-0.274621 0.0849365 0.0
-0.274448 0.0794523 0.0
-0.274188 0.0739606 0.0
-0.273853 0.0684668 0.0
-0.273454 0.0629749 0.0
-0.273 0.0574875 0.0
-0.272501 0.0520057 0.0
-0.271964 0.0465295 0.0
-0.271397 0.0410578 0.0
-0.270807 0.0355883 0.0
-0.2702 0.0301181 0.0
-0.26958 0.0246434 0.0
-0.268955 0.0191598 0.0
-0.268327 0.0136622 0.0
-0.267702 0.00814519 0.0
-0.267083 0.00260289 0.0
-0.266476 -0.00297131 0.0
-0.265883 -0.00857602 0.0
-0.265306 -0.0142267 0.0
-0.264747 -0.0199329 0.0
-0.264211 -0.0257037 0.0
-0.263701 -0.0315484 0.0
-0.26322 -0.0374762 0.0
-0.262774 -0.0434965 0.0
-0.262364 -0.0496187 0.0
-0.261997 -0.0558521 0.0
-0.261674 -0.0622057 0.0
-0.2614 -0.0686884 0.0
-0.261177 -0.0753087 0.0
-0.261006 -0.0820743 0.0
-0.260886 -0.0889919 0.0
-0.260816 -0.0960669 0.0
-0.260791 -0.103303 0.0
-0.260803 -0.110701 0.0
-0.260843 -0.118259 0.0
-0.260894 -0.125972 0.0
-0.260936 -0.133829 0.0
-0.260946 -0.141813 0.0
-0.26089 -0.149901 0.0
-0.260733 -0.158062 0.0
-0.260427 -0.166253 0.0
-0.259923 -0.174423 0.0
-0.259159 -0.182505 0.0
-0.258069 -0.190423 0.0
-0.256579 -0.19808 0.0
-0.254609 -0.205369 0.0
-0.252073 -0.212161 0.0
-0.248881 -0.218314 0.0
-0.244943 -0.223667 0.0
-0.240165 -0.228044 0.0
-0.23446 -0.231252 0.0
-0.227746 -0.23309 0.0
-0.219949 -0.233347 0.0
-0.211013 -0.231809 0.0
-0.200899 -0.228266 0.0
-0.189594 -0.222522 0.0
-0.177114 -0.214405 0.0
-0.163516 -0.203779 0.0
-0.148899 -0.190567 0.0
-0.133414 -0.174766 0.0
-0.117271 -0.156477 0.0
-0.100748 -0.135933 0.0
-0.0841906 -0.113531 0.0
-0.0680172 -0.0898705 0.0
-0.0527106 -0.0657733 0.0
-0.0387921 -0.0422842 0.0
-0.0267642 -0.0206027 0.0
-0.0169937 -0.00190657 0.0
-0.00979362 0.0125661 0.0
-0.0050213 0.0223817 0.0
-0.00207295 0.02806 0.0
-0.000443261 0.0299858 0.0
0.000277043 0.0284028 0.0
0.000413993 0.0234801 0.0
0.000246789 0.0152543 0.0
6.04063e-05 0.00370297 0.0
-0.000196103 -0.00440927 0.0
-0.00135959 -0.0138423 0.0
-0.00401081 -0.016365 0.0
-0.00800669 -0.0135058 0.0
-0.0131595 -0.00676716 0.0
-0.0192555 0.00255026 0.0
-0.0259806 0.0131402 0.0
-0.0331116 0.024191 0.0
-0.0406049 0.0353367 0.0
-0.0484261 0.0463666 0.0
-0.0565517 0.0571719 0.0
-0.0649598 0.0676997 0.0
-0.0736248 0.0779223 0.0
-0.0825139 0.0878187 0.0
-0.0915867 0.0973659 0.0
-0.100795 0.106534 0.0
-0.110087 0.115289 0.0
-0.119404 0.123589 0.0
-0.12869 0.131393 0.0
-0.137888 0.13866 0.0
-0.146945 0.145352 0.0
-0.15581 0.151436 0.0
-0.164439 0.156885 0.0
-0.172791 0.161678 0.0
-0.180832 0.165804 0.0
-0.188535 0.169255 0.0
-0.195875 0.172034 0.0
-0.202836 0.174147 0.0
-0.209406 0.175607 0.0
-0.215575 0.176435 0.0
-0.221343 0.176652 0.0
-0.226708 0.176285 0.0
-0.231674 0.175365 0.0
-0.236248 0.173924 0.0
-0.24044 0.171995 0.0
-0.244258 0.169614 0.0
-0.247716 0.166814 0.0
-0.250827 0.163631 0.0
-0.253605 0.160099 0.0
-0.256066 0.156252 0.0
-0.258224 0.152123 0.0
-0.260097 0.147742 0.0
-0.2617 0.14314 0.0
-0.26305 0.138344 0.0
-0.264165 0.133382 0.0
-0.265062 0.128278 0.0
-0.265757 0.123055 0.0
-0.266267 0.117735 0.0
-0.26661 0.112337 0.0
-0.266801 0.106879 0.0
-0.266856 0.101375 0.0
-0.26679 0.0958397 0.0
-0.266619 0.0902846 0.0
-0.266354 0.0847194 0.0
-0.26601 0.0791521 0.0
-0.265598 0.0735889 0.0
-0.265129 0.0680344 0.0
-0.264612 0.0624915 0.0
-0.264057 0.0569621 0.0
-0.263472 0.0514463 0.0
-0.262863 0.0459433 0.0
-0.262237 0.0404513 0.0
-0.2616 0.0349674 0.0
-0.260957 0.0294881 0.0
-0.260311 0.024009 0.0
-0.259668 0.0185254 0.0
-0.259031 0.0130319 0.0
-0.258404 0.0075229 0.0
-0.25779 0.00199251 0.0
-0.257193 -0.00356511 0.0
-0.256615 -0.00915353 0.0
-0.256057 -0.0147849 0.0
-0.255521 -0.0204684 0.0
-0.255013 -0.026213 0.0
-0.254534 -0.0320276 0.0
-0.254091 -0.0379211 0.0
-0.253687 -0.0439028 0.0
-0.253326 -0.0499819 0.0
-0.253015 -0.0561676 0.0
-0.252758 -0.0624695 0.0
-0.25256 -0.0688969 0.0
-0.252425 -0.0754588 0.0
-0.252356 -0.0821642 0.0
-0.252357 -0.0890214 0.0
-0.252427 -0.0960375 0.0
-0.252565 -0.103219 0.0
-0.252767 -0.11057 0.0
-0.253027 -0.118092 0.0
-0.253333 -0.125783 0.0
-0.253668 -0.13364 0.0
-0.254012 -0.141649 0.0
-0.254337 -0.149796 0.0
-0.254608 -0.158054 0.0
-0.254785 -0.16639 0.0
-0.254816 -0.174759 0.0
-0.254644 -0.183105 0.0
-0.254202 -0.191355 0.0
-0.253415 -0.199424 0.0
-0.252201 -0.207209 0.0
-0.25047 -0.214588 0.0
-0.248127 -0.221422 0.0
-0.245073 -0.227552 0.0
-0.241208 -0.232802 0.0
-0.236431 -0.236976 0.0
-0.230648 -0.239864 0.0
-0.223771 -0.241246 0.0
-0.215727 -0.240891 0.0
-0.206458 -0.238567 0.0
-0.195932 -0.234053 0.0
-0.184145 -0.227141 0.0
-0.171131 -0.217656 0.0
-0.156967 -0.205472 0.0
-0.141782 -0.190532 0.0
-0.125763 -0.172873 0.0
-0.109164 -0.152659 0.0
-0.0923137 -0.130213 0.0
-0.0756137 -0.106062 0.0
-0.05954 -0.0809625 0.0
-0.0446243 -0.0559292 0.0
-0.0314118 -0.032198 0.0
-0.020385 -0.0111087 0.0
-0.0119212 0.00610445 0.0
-0.00609126 0.0182412 0.0
-0.00247819 0.0256391 0.0
-0.000485198 0.028784 0.0
0.000382292 0.0280168 0.0
0.000530253 0.0235812 0.0
0.000310541 0.0155401 0.0
7.53494e-05 0.00383873 0.0
-0.000271952 -0.00394122 0.0
-0.00176487 -0.0116539 0.0
-0.00500321 -0.0126638 0.0
-0.00968534 -0.00852899 0.0
-0.0155377 -0.000738811 0.0
-0.0221819 0.00926217 0.0
-0.0293008 0.0202722 0.0
-0.0367969 0.031686 0.0
-0.044614 0.043152 0.0
-0.0527157 0.0544743 0.0
-0.0610752 0.0655493 0.0
-0.069667 0.0763223 0.0
-0.0784617 0.0867594 0.0
-0.0874233 0.0968324 0.0
-0.0965091 0.106511 0.0
-0.105671 0.11576 0.0
-0.114856 0.12454 0.0
-0.12401 0.13281 0.0
-0.13308 0.140528 0.0
-0.142013 0.147656 0.0
-0.15076 0.15416 0.0
-0.159277 0.16001 0.0
-0.167524 0.165186 0.0
-0.175465 0.169672 0.0
-0.183073 0.17346 0.0
-0.190324 0.176552 0.0
-0.197198 0.178952 0.0
-0.203684 0.180675 0.0
-0.209772 0.181737 0.0
-0.215459 0.182162 0.0
-0.220744 0.181976 0.0
-0.225629 0.181211 0.0
-0.230121 0.179898 0.0
-0.234227 0.178073 0.0
-0.237959 0.17577 0.0
-0.241327 0.173026 0.0
-0.244346 0.169878 0.0
-0.247028 0.16636 0.0
-0.24939 0.162509 0.0
-0.251447 0.158359 0.0
-0.253217 0.153943 0.0
-0.254714 0.149292 0.0
-0.255959 0.144437 0.0
-0.256967 0.139406 0.0
-0.257757 0.134225 0.0
-0.258346 0.12892 0.0
-0.258753 0.123514 0.0
-0.258994 0.118028 0.0
-0.259088 0.11248 0.0
-0.25905 0.106888 0.0
-0.258896 0.101267 0.0
-0.258642 0.0956281 0.0
-0.258301 0.0899836 0.0
-0.257887 0.0843419 0.0
-0.257411 0.0787099 0.0
-0.256885 0.073093 0.0
-0.256318 0.0674945 0.0
-0.25572 0.0619165 0.0
-0.255097 0.0563597 0.0
-0.254458 0.0508235 0.0
-0.253807 0.0453062 0.0
-0.253149 0.0398052 0.0
-0.25249 0.0343171 0.0
-0.251832 0.0288376 0.0
-0.25118 0.0233622 0.0
-0.250537 0.0178855 0.0
-0.249904 0.0124022 0.0
-0.249285 0.00690645 0.0
-0.248683 0.00139237 0.0
-0.248099 -0.0041458 0.0
-0.247536 -0.00971452 0.0
-0.246994 -0.0153237 0.0
-0.246477 -0.0209819 0.0
-0.245988 -0.0266975 0.0
-0.24553 -0.0324789 0.0
-0.245109 -0.0383347 0.0
-0.244728 -0.0442736 0.0
-0.244395 -0.0503046 0.0
-0.244114 -0.0564367 0.0
-0.243892 -0.0626794 0.0
-0.243735 -0.0690422 0.0
-0.243649 -0.0755348 0.0
-0.243639 -0.0821666 0.0
-0.243711 -0.0889472 0.0
-0.243867 -0.0958855 0.0
-0.24411 -0.10299 0.0
-0.244439 -0.110267 0.0
-0.24485 -0.117723 0.0
-0.245338 -0.125359 0.0
-0.24589 -0.133176 0.0
-0.246489 -0.141169 0.0
-0.247113 -0.149327 0.0
-0.247732 -0.157632 0.0
-0.248308 -0.166059 0.0
-0.248795 -0.174572 0.0
-0.249137 -0.183122 0.0
-0.249271 -0.191647 0.0
-0.249121 -0.200069 0.0
-0.248605 -0.208294 0.0
-0.24763 -0.216208 0.0
-0.246098 -0.223677 0.0
-0.243903 -0.230546 0.0
-0.240937 -0.236639 0.0
-0.237091 -0.241761 0.0
-0.232256 -0.245697 0.0
-0.226332 -0.248214 0.0
-0.219228 -0.249071 0.0
-0.21087 -0.248015 0.0
-0.201204 -0.244798 0.0
-0.190206 -0.23918 0.0
-0.177887 -0.230949 0.0
-0.1643 -0.219929 0.0
-0.149551 -0.206009 0.0
-0.133803 -0.189163 0.0
-0.117287 -0.169483 0.0
-0.100309 -0.147218 0.0
-0.0832541 -0.122812 0.0
-0.0665861 -0.0969533 0.0
-0.0508395 -0.0706008 0.0
-0.036589 -0.0449894 0.0
-0.0243854 -0.0215477 0.0
-0.0146267 -0.00167908 0.0
-0.00763157 0.0131996 0.0
-0.00322493 0.022661 0.0
-0.000750153 0.0272944 0.0
0.000354981 0.0275338 0.0
0.00057801 0.0236933 0.0
0.000348672 0.0158771 0.0
8.57592e-05 0.00399984 0.0
-0.000347838 -0.00332143 0.0
-0.0021645 -0.00896415 0.0
-0.00597213 -0.00830765 0.0
-0.011313 -0.00286214 0.0
-0.0177229 0.00585654 0.0
-0.0247829 0.016371 0.0
-0.0322708 0.0277702 0.0
-0.0400902 0.0395037 0.0
-0.0481848 0.051246 0.0
-0.0565178 0.062815 0.0
-0.0650607 0.074111 0.0
-0.073785 0.0850768 0.0
-0.0826584 0.095673 0.0
-0.0916429 0.105865 0.0
-0.100695 0.115616 0.0
-0.109767 0.124888 0.0
-0.118807 0.133638 0.0
-0.127765 0.141825 0.0
-0.136591 0.149409 0.0
-0.145236 0.156354 0.0
-0.153658 0.16263 0.0
-0.161815 0.168214 0.0
-0.169673 0.173087 0.0
-0.177204 0.177242 0.0
-0.184381 0.180675 0.0
-0.191187 0.183393 0.0
-0.197608 0.185406 0.0
-0.203633 0.186732 0.0
-0.209257 0.187393 0.0
-0.21448 0.187415 0.0
-0.219303 0.18683 0.0
-0.223732 0.185671 0.0
-0.227773 0.183972 0.0
-0.231437 0.18177 0.0
-0.234734 0.179102 0.0
-0.237679 0.176007 0.0
-0.240285 0.172521 0.0
-0.242567 0.168682 0.0
-0.244542 0.164525 0.0
-0.246226 0.160085 0.0
-0.247637 0.155397 0.0
-0.248793 0.150492 0.0
-0.249712 0.1454 0.0
-0.250413 0.140151 0.0
-0.250914 0.134771 0.0
-0.251234 0.129284 0.0
-0.251391 0.123715 0.0
-0.251404 0.118082 0.0
-0.251289 0.112405 0.0
-0.251063 0.1067 0.0
-0.250741 0.10098 0.0
-0.250339 0.0952579 0.0
-0.249869 0.0895431 0.0
-0.249344 0.0838433 0.0
-0.248775 0.0781642 0.0
-0.248173 0.0725099 0.0
-0.247544 0.0668827 0.0
-0.246898 0.0612837 0.0
-0.24624 0.0557123 0.0
-0.245576 0.0501671 0.0
-0.24491 0.0446457 0.0
-0.244247 0.0391445 0.0
-0.243588 0.0336597 0.0
-0.242937 0.0281865 0.0
-0.242295 0.0227199 0.0
-0.241665 0.0172544 0.0
-0.241049 0.0117845 0.0
-0.240448 0.00630419 0.0
-0.239864 0.000807655 0.0
-0.239297 -0.00471097 0.0
-0.238751 -0.0102593 0.0
-0.238225 -0.015846 0.0
-0.237723 -0.021479 0.0
-0.237247 -0.0271657 0.0
-0.236802 -0.032914 0.0
-0.236391 -0.0387318 0.0
-0.236021 -0.0446272 0.0
-0.235696 -0.0506086 0.0
-0.235425 -0.0566849 0.0
-0.235213 -0.0628651 0.0
-0.235068 -0.0691586 0.0
-0.234997 -0.0755753 0.0
-0.235008 -0.082125 0.0
-0.235107 -0.088818 0.0
-0.235301 -0.0956646 0.0
-0.235595 -0.102675 0.0
-0.235991 -0.109857 0.0
-0.23649 -0.117221 0.0
-0.23709 -0.124773 0.0
-0.237783 -0.132517 0.0
-0.23856 -0.140453 0.0
-0.239401 -0.148578 0.0
-0.240282 -0.156881 0.0
-0.241171 -0.165345 0.0
-0.242027 -0.173943 0.0
-0.242799 -0.182636 0.0
-0.243426 -0.191372 0.0
-0.243835 -0.200084 0.0
-0.243945 -0.208686 0.0
-0.243664 -0.217073 0.0
-0.24289 -0.225119 0.0
-0.241513 -0.232675 0.0
-0.239418 -0.23957 0.0
-0.236488 -0.245608 0.0
-0.232602 -0.250571 0.0
-0.227647 -0.25422 0.0
-0.221516 -0.2563 0.0
-0.214117 -0.256543 0.0
-0.205377 -0.254675 0.0
-0.19525 -0.250428 0.0
-0.183723 -0.243548 0.0
-0.170825 -0.233815 0.0
-0.156636 -0.221062 0.0
-0.141295 -0.205199 0.0
-0.125008 -0.186249 0.0
-0.108057 -0.16438 0.0
-0.0908072 -0.139955 0.0
-0.0737078 -0.113578 0.0
-0.0572881 -0.0861422 0.0
-0.0421354 -0.0588513 0.0
-0.0288434 -0.0331814 0.0
-0.0179231 -0.0107244 0.0
-0.00976085 0.00708756 0.0
-0.00437343 0.018979 0.0
-0.00127615 0.0254043 0.0
0.000171594 0.026871 0.0
0.000545601 0.023759 0.0
0.000356951 0.0162293 0.0
9.09312e-05 0.00417653 0.0
-0.000420908 -0.00255268 0.0
-0.00254639 -0.00579076 0.0
-0.00689153 -0.00332828 0.0
-0.0127898 0.0033977 0.0
-0.0196448 0.0128615 0.0
-0.0270663 0.0238476 0.0
-0.0348763 0.0355915 0.0
-0.0429728 0.0475984 0.0
-0.0512981 0.0595711 0.0
-0.0598149 0.0713397 0.0
-0.0684931 0.0828073 0.0
-0.0773024 0.093914 0.0
-0.0862085 0.104615 0.0
-0.0951723 0.114871 0.0
-0.10415 0.12464 0.0
-0.113096 0.133881 0.0
-0.12196 0.14255 0.0
-0.130696 0.150607 0.0
-0.139257 0.158013 0.0
-0.147599 0.164738 0.0
-0.155684 0.170753 0.0
-0.163477 0.176041 0.0
-0.170947 0.180589 0.0
-0.17807 0.184393 0.0
-0.184825 0.187457 0.0
-0.191198 0.189791 0.0
-0.197179 0.191409 0.0
-0.20276 0.192335 0.0
-0.207941 0.192594 0.0
-0.212721 0.192217 0.0
-0.217105 0.191236 0.0
-0.221101 0.189689 0.0
-0.224716 0.187611 0.0
-0.227963 0.185041 0.0
-0.230853 0.182019 0.0
-0.233402 0.178583 0.0
-0.235624 0.174772 0.0
-0.237536 0.170624 0.0
-0.239154 0.166176 0.0
-0.240497 0.161462 0.0
-0.241584 0.156518 0.0
-0.242432 0.151376 0.0
-0.243062 0.146066 0.0
-0.243493 0.140617 0.0
-0.243744 0.135057 0.0
-0.243834 0.129409 0.0
-0.243782 0.123696 0.0
-0.243606 0.117937 0.0
-0.243323 0.112152 0.0
-0.24295 0.106353 0.0
-0.242501 0.100556 0.0
-0.241991 0.0947694 0.0
-0.241432 0.0890027 0.0
-0.240835 0.083262 0.0
-0.24021 0.0775519 0.0
-0.239565 0.0718751 0.0
-0.238909 0.0662327 0.0
-0.238246 0.0606245 0.0
-0.237581 0.0550492 0.0
-0.23692 0.0495043 0.0
-0.236263 0.0439864 0.0
-0.235615 0.0384915 0.0
-0.234976 0.033015 0.0
-0.234348 0.027552 0.0
-0.233732 0.022097 0.0
-0.233129 0.0166445 0.0
-0.232539 0.0111886 0.0
-0.231964 0.0057236 0.0
-0.231404 0.00024354 0.0
-0.23086 -0.00525714 0.0
-0.230332 -0.0107868 0.0
-0.229823 -0.0163532 0.0
-0.229334 -0.0219631 0.0
-0.228868 -0.0276233 0.0
-0.228429 -0.0333409 0.0
-0.228022 -0.039123 0.0
-0.227651 -0.0449771 0.0
-0.227323 -0.0509108 0.0
-0.227045 -0.0569324 0.0
-0.226824 -0.0630505 0.0
-0.226668 -0.069274 0.0
-0.226586 -0.0756126 0.0
-0.226587 -0.0820764 0.0
-0.226678 -0.0886759 0.0
-0.226869 -0.095422 0.0
-0.227167 -0.102326 0.0
-0.227578 -0.109399 0.0
-0.228106 -0.116652 0.0
-0.228754 -0.124095 0.0
-0.22952 -0.131736 0.0
-0.230398 -0.139581 0.0
-0.231375 -0.147632 0.0
-0.232434 -0.155887 0.0
-0.233549 -0.164336 0.0
-0.234684 -0.172961 0.0
-0.235795 -0.181735 0.0
-0.236825 -0.190616 0.0
-0.237708 -0.199548 0.0
-0.238363 -0.208456 0.0
-0.238699 -0.217247 0.0
-0.238616 -0.225803 0.0
-0.238001 -0.233984 0.0
-0.236733 -0.241624 0.0
-0.234687 -0.248531 0.0
-0.231734 -0.254486 0.0
-0.227748 -0.259246 0.0
-0.222606 -0.262546 0.0
-0.2162 -0.264102 0.0
-0.208435 -0.26362 0.0
-0.199245 -0.260801 0.0
-0.188593 -0.255355 0.0
-0.176481 -0.247017 0.0
-0.162965 -0.235565 0.0
-0.148155 -0.220847 0.0
-0.132232 -0.202812 0.0
-0.115451 -0.181548 0.0
-0.0981562 -0.157332 0.0
-0.0807784 -0.130679 0.0
-0.0638383 -0.102402 0.0
-0.0479301 -0.0736527 0.0
-0.0336842 -0.0459178 0.0
-0.0216877 -0.0209048 0.0
-0.0123312 -0.000250745 0.0
-0.00587302 0.0144717 0.0
-0.00206114 0.0230024 0.0
-0.000173539 0.0259375 0.0
0.000429874 0.0237151 0.0
0.000334512 0.0165573 0.0
9.08198e-05 0.00435828 0.0
-0.000489654 -0.00164212 0.0
-0.00290524 -0.00216025 0.0
-0.00772297 0.00220409 0.0
-0.0140591 0.0100998 0.0
-0.0212748 0.0202301 0.0
-0.0290214 0.0316471 0.0
-0.0371094 0.0436899 0.0
-0.0454369 0.0559239 0.0
-0.0539467 0.0680807 0.0
-0.0626014 0.0800017 0.0
-0.0713699 0.0915921 0.0
-0.0802205 0.102789 0.0
-0.0891179 0.113544 0.0
-0.0980227 0.123811 0.0
-0.106892 0.133547 0.0
-0.115681 0.142708 0.0
-0.124345 0.15125 0.0
-0.132838 0.159135 0.0
-0.141119 0.166327 0.0
-0.149149 0.172797 0.0
-0.156893 0.178523 0.0
-0.164321 0.183491 0.0
-0.171406 0.187694 0.0
-0.178129 0.191134 0.0
-0.184474 0.193817 0.0
-0.190428 0.195759 0.0
-0.195986 0.196979 0.0
-0.201143 0.197504 0.0
-0.205899 0.197363 0.0
-0.210259 0.196589 0.0
-0.214229 0.195218 0.0
-0.217816 0.193289 0.0
-0.221032 0.190841 0.0
-0.223888 0.187914 0.0
-0.2264 0.184548 0.0
-0.228582 0.180784 0.0
-0.23045 0.176661 0.0
-0.232022 0.172219 0.0
-0.233317 0.167494 0.0
-0.234352 0.162523 0.0
-0.235149 0.15734 0.0
-0.235726 0.151979 0.0
-0.236104 0.14647 0.0
-0.236303 0.140842 0.0
-0.236343 0.135122 0.0
-0.236243 0.129333 0.0
-0.236023 0.123498 0.0
-0.235699 0.117635 0.0
-0.235289 0.111761 0.0
-0.234809 0.10589 0.0
-0.234272 0.100034 0.0
-0.233692 0.0942012 0.0
-0.23308 0.0883997 0.0
-0.232446 0.0826339 0.0
-0.231798 0.0769072 0.0
-0.231143 0.0712207 0.0
-0.230488 0.0655745 0.0
-0.229835 0.0599672 0.0
-0.229189 0.0543962 0.0
-0.228552 0.0488583 0.0
-0.227925 0.0433494 0.0
-0.22731 0.0378649 0.0
-0.226707 0.0323998 0.0
-0.226116 0.0269486 0.0
-0.225538 0.0215059 0.0
-0.224971 0.0160659 0.0
-0.224416 0.0106229 0.0
-0.223874 0.00517124 0.0
-0.223343 -0.000295023 0.0
-0.222825 -0.00578094 0.0
-0.22232 -0.0112954 0.0
-0.221828 -0.0168451 0.0
-0.221353 -0.0224358 0.0
-0.220895 -0.0280737 0.0
-0.22046 -0.0337648 0.0
-0.220051 -0.0395155 0.0
-0.219674 -0.0453325 0.0
-0.219335 -0.0512227 0.0
-0.21904 -0.0571936 0.0
-0.218797 -0.063253 0.0
-0.218615 -0.0694093 0.0
-0.218502 -0.0756717 0.0
-0.218469 -0.08205 0.0
-0.218525 -0.0885547 0.0
-0.218681 -0.095197 0.0
-0.218945 -0.101989 0.0
-0.219328 -0.108943 0.0
-0.219837 -0.116071 0.0
-0.220477 -0.123387 0.0
-0.221253 -0.130902 0.0
-0.222163 -0.138627 0.0
-0.223202 -0.146569 0.0
-0.224358 -0.154734 0.0
-0.225612 -0.16312 0.0
-0.226937 -0.171718 0.0
-0.228293 -0.180511 0.0
-0.229633 -0.18947 0.0
-0.230895 -0.19855 0.0
-0.232005 -0.20769 0.0
-0.232874 -0.216807 0.0
-0.233403 -0.225797 0.0
-0.233479 -0.234529 0.0
-0.232978 -0.242847 0.0
-0.231771 -0.250562 0.0
-0.229718 -0.257459 0.0
-0.226683 -0.263294 0.0
-0.222531 -0.267793 0.0
-0.217133 -0.27066 0.0
-0.210378 -0.271582 0.0
-0.202175 -0.270232 0.0
-0.192465 -0.266287 0.0
-0.181224 -0.259436 0.0
-0.168478 -0.249407 0.0
-0.154312 -0.235982 0.0
-0.138875 -0.219037 0.0
-0.122399 -0.19858 0.0
-0.105199 -0.174795 0.0
-0.0876861 -0.148105 0.0
-0.0703679 -0.119233 0.0
-0.0538373 -0.0892599 0.0
-0.0387436 -0.0596502 0.0
-0.0257241 -0.0321885 0.0
-0.0152919 -0.00875569 0.0
-0.00779258 0.0090191 0.0
-0.00312191 0.0199725 0.0
-0.000680914 0.0246389 0.0
0.000233181 0.0234962 0.0
0.000283239 0.0168215 0.0
8.59569e-05 0.00453506 0.0
-0.000555041 -0.000597428 0.0
-0.00322236 0.00187796 0.0
-0.00840423 0.00816548 0.0
-0.0150896 0.0171599 0.0
-0.0226283 0.0279244 0.0
-0.0306538 0.0397248 0.0
-0.0389727 0.0520192 0.0
-0.0474846 0.064434 0.0
-0.0561334 0.0767292 0.0
-0.064882 0.0887566 0.0
-0.0736986 0.100422 0.0
-0.0825506 0.111661 0.0
-0.0914024 0.122421 0.0
-0.100215 0.132652 0.0
-0.108947 0.142308 0.0
-0.117556 0.151345 0.0
-0.125998 0.15972 0.0
-0.134235 0.167395 0.0
-0.142226 0.174339 0.0
-0.149938 0.180526 0.0
-0.15734 0.185939 0.0
-0.164406 0.190568 0.0
-0.171114 0.194411 0.0
-0.177448 0.197474 0.0
-0.183395 0.199768 0.0
-0.188947 0.201314 0.0
-0.1941 0.202134 0.0
-0.198853 0.202258 0.0
-0.203208 0.20172 0.0
-0.207171 0.200555 0.0
-0.21075 0.198801 0.0
-0.213955 0.196499 0.0
-0.216798 0.19369 0.0
-0.219293 0.190416 0.0
-0.221454 0.186719 0.0
-0.223299 0.18264 0.0
-0.224844 0.17822 0.0
-0.22611 0.173498 0.0
-0.227114 0.168513 0.0
-0.227877 0.163302 0.0
-0.22842 0.1579 0.0
-0.228763 0.15234 0.0
-0.228927 0.146652 0.0
-0.228933 0.140866 0.0
-0.228801 0.135007 0.0
-0.228551 0.129099 0.0
-0.228201 0.123162 0.0
-0.227768 0.117215 0.0
-0.227269 0.111273 0.0
-0.226719 0.105348 0.0
-0.226131 0.0994509 0.0
-0.225516 0.0935892 0.0
-0.224885 0.0877681 0.0
-0.224244 0.0819913 0.0
-0.223603 0.0762602 0.0
-0.222965 0.0705749 0.0
-0.222334 0.064934 0.0
-0.221714 0.059335 0.0
-0.221106 0.0537745 0.0
-0.220511 0.0482483 0.0
-0.21993 0.0427517 0.0
-0.219362 0.0372796 0.0
-0.218807 0.0318267 0.0
-0.218264 0.0263873 0.0
-0.217731 0.0209558 0.0
-0.217208 0.0155266 0.0
-0.216695 0.010094 0.0
-0.216189 0.00465241 0.0
-0.215693 -0.000803764 0.0
-0.215204 -0.00627929 0.0
-0.214723 -0.011783 0.0
-0.214251 -0.0173205 0.0
-0.21379 -0.022897 0.0
-0.213342 -0.0285176 0.0
-0.212911 -0.0341876 0.0
-0.2125 -0.0399127 0.0
-0.212114 -0.0456984 0.0
-0.211759 -0.0515511 0.0
-0.211442 -0.0574772 0.0
-0.211171 -0.0634837 0.0
-0.210953 -0.0695784 0.0
-0.210798 -0.0757697 0.0
-0.210717 -0.0820667 0.0
-0.210719 -0.0884795 0.0
-0.210816 -0.0950193 0.0
-0.21102 -0.101698 0.0
-0.211342 -0.108529 0.0
-0.211792 -0.115526 0.0
-0.212379 -0.122704 0.0
-0.213113 -0.130077 0.0
-0.213996 -0.137659 0.0
-0.215029 -0.145465 0.0
-0.216208 -0.153504 0.0
-0.217521 -0.161783 0.0
-0.218948 -0.170303 0.0
-0.220459 -0.179058 0.0
-0.222015 -0.188029 0.0
-0.22356 -0.197185 0.0
-0.225027 -0.206478 0.0
-0.226335 -0.215841 0.0
-0.227387 -0.225182 0.0
-0.228072 -0.234383 0.0
-0.228266 -0.243298 0.0
-0.227835 -0.251749 0.0
-0.226635 -0.259525 0.0
-0.224518 -0.266381 0.0
-0.221336 -0.272041 0.0
-0.216946 -0.2762 0.0
-0.211217 -0.278526 0.0
-0.204037 -0.27867 0.0
-0.195321 -0.276275 0.0
-0.185019 -0.27099 0.0
-0.17313 -0.262488 0.0
-0.159706 -0.250491 0.0
-0.14487 -0.234801 0.0
-0.12882 -0.215343 0.0
-0.111846 -0.192207 0.0
-0.0943343 -0.165718 0.0
-0.0767745 -0.136499 0.0
-0.0597537 -0.105546 0.0
-0.0439354 -0.0742765 0.0
-0.0300048 -0.0445124 0.0
-0.0185677 -0.018301 0.0
-0.00999704 0.00249438 0.0
-0.00438668 0.0162162 0.0
-0.001323 0.0228906 0.0
-3.27797e-05 0.0230402 0.0
0.000208419 0.0169862 0.0
7.75229e-05 0.00469854 0.0
-0.000609641 0.000567253 0.0
-0.0034665 0.00623745 0.0
-0.00893587 0.0144572 0.0
-0.0159176 0.0245353 0.0
-0.0237242 0.0358943 0.0
-0.0319756 0.0480316 0.0
-0.0404759 0.0605316 0.0
-0.0491254 0.0730829 0.0
-0.057869 0.0854728 0.0
-0.0666696 0.0975622 0.0
-0.075495 0.109259 0.0
-0.0843121 0.120494 0.0
-0.0930855 0.131213 0.0
-0.101777 0.141364 0.0
-0.110347 0.150898 0.0
-0.118755 0.159772 0.0
-0.126962 0.167943 0.0
-0.134931 0.175377 0.0
-0.142627 0.182045 0.0
-0.15002 0.187925 0.0
-0.157082 0.193005 0.0
-0.163793 0.197279 0.0
-0.170134 0.20075 0.0
-0.176091 0.203427 0.0
-0.181656 0.205327 0.0
-0.186823 0.206474 0.0
-0.191591 0.206894 0.0
-0.195961 0.206621 0.0
-0.199938 0.205689 0.0
-0.203528 0.204139 0.0
-0.206742 0.20201 0.0
-0.209591 0.199344 0.0
-0.212089 0.196185 0.0
-0.21425 0.192577 0.0
-0.216091 0.188561 0.0
-0.217629 0.184181 0.0
-0.218884 0.179479 0.0
-0.219876 0.174495 0.0
-0.220624 0.169268 0.0
-0.22115 0.163836 0.0
-0.221475 0.158234 0.0
-0.221621 0.152495 0.0
-0.221609 0.146649 0.0
-0.22146 0.140726 0.0
-0.221194 0.134749 0.0
-0.220831 0.128743 0.0
-0.220389 0.122726 0.0
-0.219884 0.116714 0.0
-0.219332 0.110723 0.0
-0.218747 0.104762 0.0
-0.218139 0.0988409 0.0
-0.21752 0.0929648 0.0
-0.216896 0.0871378 0.0
-0.216277 0.0813616 0.0
-0.215665 0.0756363 0.0
-0.215065 0.0699606 0.0
-0.214479 0.0643319 0.0
-0.213908 0.0587466 0.0
-0.213354 0.0532004 0.0
-0.212814 0.0476885 0.0
-0.21229 0.0422057 0.0
-0.211778 0.0367464 0.0
-0.211279 0.031305 0.0
-0.210789 0.0258759 0.0
-0.210308 0.0204534 0.0
-0.209834 0.0150321 0.0
-0.209365 0.00960636 0.0
-0.208901 0.00417092 0.0
-0.208441 -0.0012795 0.0
-0.207984 -0.0067495 0.0
-0.20753 -0.0122473 0.0
-0.20708 -0.0177777 0.0
-0.206636 -0.0233452 0.0
-0.206199 -0.0289541 0.0
-0.205773 -0.0346091 0.0
-0.20536 -0.0403147 0.0
-0.204967 -0.0460759 0.0
-0.204597 -0.051898 0.0
-0.204257 -0.0577866 0.0
-0.203955 -0.0637479 0.0
-0.203699 -0.0697885 0.0
-0.203497 -0.0759161 0.0
-0.20336 -0.0821389 0.0
-0.203298 -0.0884664 0.0
-0.203324 -0.0949091 0.0
-0.20345 -0.101479 0.0
-0.203688 -0.108189 0.0
-0.204051 -0.115053 0.0
-0.204552 -0.122088 0.0
-0.205202 -0.129309 0.0
-0.20601 -0.136736 0.0
-0.206982 -0.144383 0.0
-0.20812 -0.152269 0.0
-0.209419 -0.160405 0.0
-0.210869 -0.168803 0.0
-0.212449 -0.177466 0.0
-0.214127 -0.186387 0.0
-0.215859 -0.19555 0.0
-0.217586 -0.204919 0.0
-0.219234 -0.214444 0.0
-0.220712 -0.224048 0.0
-0.221915 -0.233629 0.0
-0.222719 -0.243054 0.0
-0.22299 -0.252155 0.0
-0.222579 -0.26073 0.0
-0.22133 -0.26854 0.0
-0.219085 -0.275308 0.0
-0.215686 -0.280722 0.0
-0.210983 -0.284436 0.0
-0.204843 -0.28608 0.0
-0.197157 -0.285268 0.0
-0.187849 -0.281607 0.0
-0.176887 -0.274722 0.0
-0.164293 -0.264274 0.0
-0.150157 -0.249991 0.0
-0.134648 -0.231713 0.0
-0.118022 -0.209436 0.0
-0.10064 -0.183382 0.0
-0.0829693 -0.154065 0.0
-0.0655854 -0.122384 0.0
-0.0491572 -0.089685 0.0
-0.0344019 -0.0577898 0.0
-0.0219909 -0.0288716 0.0
-0.0123906 -0.00510599 0.0
-0.00585004 0.0116656 0.0
-0.0020916 0.020619 0.0
-0.000359827 0.0222898 0.0
0.000114511 0.0170211 0.0
6.6487e-05 0.00484255 0.0
-0.000648771 0.00182566 0.0
-0.00365081 0.0108379 0.0
-0.00934756 0.0210229 0.0
-0.0165635 0.0321673 0.0
-0.0245786 0.044084 0.0
-0.0330012 0.0565159 0.0
-0.0416329 0.0691793 0.0
-0.0503742 0.0818259 0.0
-0.05917 0.0942693 0.0
-0.0679832 0.106379 0.0
-0.076781 0.118065 0.0
-0.0855304 0.129255 0.0
-0.0941965 0.139892 0.0
-0.102742 0.149922 0.0
-0.11113 0.159297 0.0
-0.119322 0.167973 0.0
-0.127282 0.175909 0.0
-0.134977 0.183074 0.0
-0.142374 0.189442 0.0
-0.149449 0.194995 0.0
-0.156178 0.199726 0.0
-0.162542 0.203632 0.0
-0.168526 0.206722 0.0
-0.174122 0.209008 0.0
-0.179321 0.210511 0.0
-0.184122 0.211259 0.0
-0.188526 0.211281 0.0
-0.192535 0.210613 0.0
-0.196156 0.209295 0.0
-0.199399 0.207366 0.0
-0.202274 0.204871 0.0
-0.204794 0.201852 0.0
-0.206974 0.198355 0.0
-0.208831 0.194424 0.0
-0.210381 0.190105 0.0
-0.211645 0.18544 0.0
-0.212642 0.180472 0.0
-0.213392 0.175244 0.0
-0.213919 0.169794 0.0
-0.214242 0.16416 0.0
-0.214385 0.158378 0.0
-0.21437 0.152481 0.0
-0.214218 0.146499 0.0
-0.213951 0.140459 0.0
-0.213587 0.134387 0.0
-0.213147 0.128302 0.0
-0.212647 0.122224 0.0
-0.212103 0.116167 0.0
-0.21153 0.110144 0.0
-0.210938 0.104164 0.0
-0.210339 0.0982326 0.0
-0.20974 0.0923551 0.0
-0.209149 0.0865332 0.0
-0.20857 0.0807671 0.0
-0.208006 0.0750554 0.0
-0.207461 0.0693955 0.0
-0.206933 0.0637836 0.0
-0.206424 0.0582153 0.0
-0.205933 0.0526855 0.0
-0.205457 0.0471888 0.0
-0.204996 0.0417194 0.0
-0.204546 0.0362718 0.0
-0.204107 0.0308402 0.0
-0.203675 0.0254189 0.0
-0.203248 0.0200025 0.0
-0.202824 0.0145854 0.0
-0.202402 0.00916267 0.0
-0.201981 0.0037291 0.0
-0.201559 -0.00172015 0.0
-0.201135 -0.00718938 0.0
-0.20071 -0.012686 0.0
-0.200285 -0.0182144 0.0
-0.199859 -0.0237782 0.0
-0.199436 -0.0293811 0.0
-0.199018 -0.0350269 0.0
-0.198608 -0.0407196 0.0
-0.198209 -0.0464632 0.0
-0.197828 -0.0522621 0.0
-0.197468 -0.0581211 0.0
-0.197138 -0.0640454 0.0
-0.196845 -0.0700409 0.0
-0.196597 -0.0761138 0.0
-0.196403 -0.0822718 0.0
-0.196275 -0.0885231 0.0
-0.196224 -0.0948774 0.0
-0.196264 -0.101346 0.0
-0.196406 -0.107941 0.0
-0.196667 -0.114677 0.0
-0.197059 -0.12157 0.0
-0.197597 -0.128639 0.0
-0.198294 -0.135901 0.0
-0.199161 -0.143378 0.0
-0.200206 -0.151091 0.0
-0.201431 -0.159058 0.0
-0.202835 -0.167297 0.0
-0.204405 -0.175822 0.0
-0.20612 -0.184638 0.0
-0.207946 -0.193741 0.0
-0.209835 -0.203112 0.0
-0.211722 -0.212716 0.0
-0.213526 -0.222494 0.0
-0.215147 -0.23236 0.0
-0.216468 -0.242198 0.0
-0.217354 -0.251855 0.0
-0.217655 -0.26114 0.0
-0.217211 -0.269823 0.0
-0.215853 -0.277629 0.0
-0.213411 -0.284243 0.0
-0.209718 -0.28931 0.0
-0.204621 -0.292443 0.0
-0.197985 -0.293226 0.0
-0.189709 -0.291233 0.0
-0.17973 -0.286038 0.0
-0.16804 -0.277242 0.0
-0.154694 -0.264504 0.0
-0.139826 -0.247577 0.0
-0.123662 -0.226361 0.0
-0.106532 -0.200969 0.0
-0.0888759 -0.171804 0.0
-0.0712531 -0.139651 0.0
-0.0543301 -0.105769 0.0
-0.0388472 -0.0719443 0.0
-0.0255378 -0.0404374 0.0
-0.0149899 -0.0136885 0.0
-0.00751202 0.00622963 0.0
-0.0029669 0.0177514 0.0
-0.000734447 0.0211931 0.0
6.98861e-06 0.016902 0.0
5.38309e-05 0.00496287 0.0
-0.000676858 0.00315129 0.0
-0.00378594 0.0156234 0.0
-0.00965173 0.0277999 0.0
-0.0170402 0.0399946 0.0
-0.0252052 0.0524368 0.0
-0.0337458 0.0651263 0.0
-0.0424607 0.0779155 0.0
-0.0512496 0.0906198 0.0
-0.0600573 0.103079 0.0
-0.0688461 0.115172 0.0
-0.0775831 0.126807 0.0
-0.0862354 0.137914 0.0
-0.0947687 0.148432 0.0
-0.103148 0.158307 0.0
-0.111336 0.167489 0.0
-0.1193 0.175936 0.0
-0.127005 0.183611 0.0
-0.134421 0.190483 0.0
-0.141521 0.196531 0.0
-0.148282 0.201742 0.0
-0.154684 0.20611 0.0
-0.160711 0.20964 0.0
-0.166353 0.212341 0.0
-0.171601 0.214232 0.0
-0.176453 0.215338 0.0
-0.180907 0.215687 0.0
-0.184967 0.215315 0.0
-0.188638 0.214259 0.0
-0.191928 0.212561 0.0
-0.194848 0.210263 0.0
-0.197409 0.207411 0.0
-0.199628 0.204051 0.0
-0.201519 0.200228 0.0
-0.2031 0.19599 0.0
-0.204391 0.191381 0.0
-0.205411 0.186447 0.0
-0.206181 0.181232 0.0
-0.206725 0.175778 0.0
-0.207063 0.170124 0.0
-0.207218 0.164309 0.0
-0.207214 0.158368 0.0
-0.207073 0.152334 0.0
-0.206815 0.146237 0.0
-0.206463 0.140102 0.0
-0.206035 0.133953 0.0
-0.205549 0.12781 0.0
-0.205022 0.121689 0.0
-0.204468 0.115604 0.0
-0.203899 0.109565 0.0
-0.203326 0.103579 0.0
-0.202758 0.0976501 0.0
-0.2022 0.0917817 0.0
-0.201659 0.0859738 0.0
-0.201136 0.0802249 0.0
-0.200634 0.0745323 0.0
-0.200153 0.0688922 0.0
-0.199694 0.0632997 0.0
-0.199253 0.0577497 0.0
-0.19883 0.0522366 0.0
-0.198422 0.0467543 0.0
-0.198027 0.0412971 0.0
-0.197641 0.0358591 0.0
-0.197262 0.0304346 0.0
-0.196888 0.0250181 0.0
-0.196516 0.0196041 0.0
-0.196143 0.0141877 0.0
-0.195769 0.00876391 0.0
-0.19539 0.00332796 0.0
-0.195007 -0.00212462 0.0
-0.194618 -0.00759744 0.0
-0.194223 -0.0130974 0.0
-0.193823 -0.0186284 0.0
-0.19342 -0.0241933 0.0
-0.193013 -0.0297954 0.0
-0.192607 -0.0354377 0.0
-0.192202 -0.0411235 0.0
-0.191804 -0.0468561 0.0
-0.191415 -0.0526392 0.0
-0.191042 -0.0584766 0.0
-0.190689 -0.0643726 0.0
-0.190364 -0.0703321 0.0
-0.190075 -0.0763604 0.0
-0.189829 -0.0824639 0.0
-0.189639 -0.0886498 0.0
-0.189513 -0.0949267 0.0
-0.189466 -0.101305 0.0
-0.18951 -0.107795 0.0
-0.189661 -0.114412 0.0
-0.189934 -0.121171 0.0
-0.190344 -0.12809 0.0
-0.190907 -0.13519 0.0
-0.191639 -0.142492 0.0
-0.192552 -0.15002 0.0
-0.193656 -0.157799 0.0
-0.194956 -0.165853 0.0
-0.196449 -0.174203 0.0
-0.198125 -0.182866 0.0
-0.19996 -0.191851 0.0
-0.201919 -0.201155 0.0
-0.203947 -0.210758 0.0
-0.205975 -0.22062 0.0
-0.207913 -0.230675 0.0
-0.209649 -0.240825 0.0
-0.211054 -0.250936 0.0
-0.21198 -0.260832 0.0
-0.212263 -0.270293 0.0
-0.211728 -0.279052 0.0
-0.210194 -0.286796 0.0
-0.207479 -0.293165 0.0
-0.203409 -0.297755 0.0
-0.197829 -0.30013 0.0
-0.190607 -0.299827 0.0
-0.181653 -0.296377 0.0
-0.170925 -0.289322 0.0
-0.158445 -0.278251 0.0
-0.144311 -0.262832 0.0
-0.128714 -0.242867 0.0
-0.111949 -0.218359 0.0
-0.0944286 -0.189591 0.0
-0.0766889 -0.157227 0.0
-0.0593878 -0.122417 0.0
-0.0432798 -0.0868868 0.0
-0.0291501 -0.052934 0.0
-0.0176818 -0.023208 0.0
-0.00924374 -0.00016685 0.0
-0.00388931 0.0142483 0.0
-0.00114073 0.0197152 0.0
-0.000111446 0.0166092 0.0
4.03236e-05 0.00505702 0.0
-0.000695541 0.00452369 0.0
-0.00387641 0.020541 0.0
-0.00985548 0.0347272 0.0
-0.0173576 0.0479579 0.0
-0.0256173 0.0608982 0.0
-0.0342253 0.0738136 0.0
-0.0429776 0.0866954 0.0
-0.0517726 0.0994237 0.0
-0.0605544 0.111865 0.0
-0.0692849 0.123905 0.0
-0.0779308 0.135456 0.0
-0.0864597 0.146446 0.0
-0.0948382 0.156812 0.0
-0.103032 0.1665 0.0
-0.111008 0.175461 0.0
-0.118734 0.183654 0.0
-0.126178 0.191043 0.0
-0.133315 0.197603 0.0
-0.14012 0.203315 0.0
-0.146572 0.20817 0.0
-0.152655 0.212167 0.0
-0.158358 0.215313 0.0
-0.163671 0.217622 0.0
-0.168589 0.219118 0.0
-0.173111 0.219826 0.0
-0.177238 0.219781 0.0
-0.180976 0.219019 0.0
-0.184331 0.217581 0.0
-0.187313 0.215511 0.0
-0.189935 0.212854 0.0
-0.19221 0.209657 0.0
-0.194154 0.205967 0.0
-0.195784 0.201833 0.0
-0.197119 0.197301 0.0
-0.198179 0.19242 0.0
-0.198987 0.187235 0.0
-0.199563 0.181791 0.0
-0.199931 0.17613 0.0
-0.200113 0.170293 0.0
-0.200133 0.164317 0.0
-0.200015 0.158238 0.0
-0.199779 0.152088 0.0
-0.199448 0.145895 0.0
-0.199042 0.139685 0.0
-0.198578 0.133479 0.0
-0.198075 0.127295 0.0
-0.197547 0.121149 0.0
-0.197007 0.11505 0.0
-0.196465 0.109008 0.0
-0.195931 0.103028 0.0
-0.19541 0.0971119 0.0
-0.194909 0.0912608 0.0
-0.194429 0.0854733 0.0
-0.193973 0.0797465 0.0
-0.193541 0.0740764 0.0
-0.193131 0.068458 0.0
-0.192743 0.0628858 0.0
-0.192374 0.057354 0.0
-0.192021 0.0518563 0.0
-0.191681 0.0463868 0.0
-0.191351 0.0409394 0.0
-0.191028 0.0355082 0.0
-0.190709 0.0300877 0.0
-0.190391 0.0246726 0.0
-0.190071 0.0192577 0.0
-0.189748 0.0138382 0.0
-0.189419 0.00840968 0.0
-0.189083 0.00296754 0.0
-0.188738 -0.00249268 0.0
-0.188384 -0.00797271 0.0
-0.18802 -0.0134799 0.0
-0.187648 -0.0190174 0.0
-0.187269 -0.0245878 0.0
-0.186882 -0.0301937 0.0
-0.186491 -0.0358375 0.0
-0.186097 -0.0415219 0.0
-0.185704 -0.0472496 0.0
-0.185315 -0.0530235 0.0
-0.184933 -0.0588468 0.0
-0.184566 -0.0647228 0.0
-0.184217 -0.0706555 0.0
-0.183894 -0.0766491 0.0
-0.183606 -0.082709 0.0
-0.18336 -0.0888412 0.0
-0.183168 -0.0950529 0.0
-0.18304 -0.101353 0.0
-0.182991 -0.107752 0.0
-0.183034 -0.114262 0.0
-0.183186 -0.120897 0.0
-0.183463 -0.127677 0.0
-0.183882 -0.13462 0.0
-0.184461 -0.14175 0.0
-0.185218 -0.149092 0.0
-0.186167 -0.156674 0.0
-0.18732 -0.164525 0.0
-0.188684 -0.172674 0.0
-0.190256 -0.181147 0.0
-0.192026 -0.189965 0.0
-0.19397 -0.199139 0.0
-0.196047 -0.208667 0.0
-0.1982 -0.218529 0.0
-0.200351 -0.228678 0.0
-0.202399 -0.239038 0.0
-0.204222 -0.249495 0.0
-0.205676 -0.259892 0.0
-0.206598 -0.270026 0.0
-0.206809 -0.279642 0.0
-0.206119 -0.288431 0.0
-0.204334 -0.296031 0.0
-0.201262 -0.30203 0.0
-0.196724 -0.305972 0.0
-0.190565 -0.307364 0.0
-0.182663 -0.305695 0.0
-0.172943 -0.300452 0.0
-0.161391 -0.291153 0.0
-0.148071 -0.277384 0.0
-0.133135 -0.258848 0.0
-0.116842 -0.235436 0.0
-0.0995715 -0.207305 0.0
-0.0818338 -0.17499 0.0
-0.0642709 -0.139518 0.0
-0.047641 -0.102524 0.0
-0.0327635 -0.066304 0.0
-0.0204004 -0.0336692 0.0
-0.0110703 -0.00747377 0.0
-0.0049364 0.0100669 0.0
-0.00160546 0.0178171 0.0
-0.000247748 0.0161203 0.0
2.45223e-05 0.00512187 0.0
-0.000705436 0.00592467 0.0
-0.00392481 0.0255403 0.0
-0.00996455 0.0417467 0.0
-0.0175253 0.0560013 0.0
-0.0258278 0.069417 0.0
-0.0344563 0.0825313 0.0
-0.0432034 0.095477 0.0
-0.0519659 0.1082 0.0
-0.0606871 0.120592 0.0
-0.0693281 0.13255 0.0
-0.0778558 0.143986 0.0
-0.086238 0.154828 0.0
-0.0944423 0.165013 0.0
-0.102436 0.174487 0.0
-0.110189 0.183202 0.0
-0.117669 0.191119 0.0
-0.12485 0.198204 0.0
-0.131708 0.204436 0.0
-0.138221 0.2098 0.0
-0.144372 0.214289 0.0
-0.150147 0.217907 0.0
-0.155537 0.220665 0.0
-0.160536 0.222581 0.0
-0.16514 0.223681 0.0
-0.16935 0.223995 0.0
-0.173171 0.22356 0.0
-0.176608 0.222415 0.0
-0.17967 0.220603 0.0
-0.182369 0.21817 0.0
-0.184717 0.215165 0.0
-0.186731 0.211634 0.0
-0.188427 0.207629 0.0
-0.189824 0.203198 0.0
-0.190942 0.198389 0.0
-0.191801 0.193253 0.0
-0.192426 0.187835 0.0
-0.192838 0.18218 0.0
-0.193061 0.176332 0.0
-0.193119 0.170331 0.0
-0.193035 0.164215 0.0
-0.192832 0.158018 0.0
-0.192531 0.151772 0.0
-0.192155 0.145503 0.0
-0.191722 0.139236 0.0
-0.191249 0.132991 0.0
-0.190752 0.126783 0.0
-0.190245 0.120625 0.0
-0.189738 0.114526 0.0
-0.18924 0.108493 0.0
-0.188759 0.102528 0.0
-0.188299 0.0966318 0.0
-0.187863 0.0908038 0.0
-0.187453 0.0850409 0.0
-0.187069 0.0793389 0.0
-0.18671 0.0736926 0.0
-0.186374 0.0680962 0.0
-0.186058 0.0625436 0.0
-0.18576 0.0570284 0.0
-0.185475 0.0515442 0.0
-0.185201 0.0460848 0.0
-0.184933 0.0406442 0.0
-0.18467 0.0352167 0.0
-0.184406 0.0297969 0.0
-0.184141 0.0243797 0.0
-0.183871 0.0189605 0.0
-0.183593 0.0135347 0.0
-0.183307 0.00809808 0.0
-0.183011 0.00264667 0.0
-0.182704 -0.00282371 0.0
-0.182385 -0.00831448 0.0
-0.182054 -0.0138323 0.0
-0.181711 -0.0193798 0.0
-0.181358 -0.0249592 0.0
-0.180994 -0.0305726 0.0
-0.180622 -0.036222 0.0
-0.180243 -0.0419097 0.0
-0.17986 -0.0476377 0.0
-0.179477 -0.0534084 0.0
-0.179095 -0.0592243 0.0
-0.178721 -0.0650879 0.0
-0.178357 -0.0710022 0.0
-0.178011 -0.0769708 0.0
-0.17769 -0.0829977 0.0
-0.1774 -0.0890878 0.0
-0.177152 -0.0952471 0.0
-0.176955 -0.101483 0.0
-0.176822 -0.107804 0.0
-0.176767 -0.114221 0.0
-0.176805 -0.120749 0.0
-0.176952 -0.127402 0.0
-0.177227 -0.134201 0.0
-0.177649 -0.141167 0.0
-0.178238 -0.148328 0.0
-0.179012 -0.155714 0.0
-0.17999 -0.163355 0.0
-0.181184 -0.171287 0.0
-0.182603 -0.179543 0.0
-0.184247 -0.188155 0.0
-0.186103 -0.197149 0.0
-0.188146 -0.206537 0.0
-0.190332 -0.21632 0.0
-0.192597 -0.226472 0.0
-0.194853 -0.23694 0.0
-0.196989 -0.247634 0.0
-0.198869 -0.25842 0.0
-0.200333 -0.269113 0.0
-0.201202 -0.279476 0.0
-0.20128 -0.289209 0.0
-0.200363 -0.297955 0.0
-0.198243 -0.305298 0.0
-0.194721 -0.310764 0.0
-0.189616 -0.313837 0.0
-0.182777 -0.313964 0.0
-0.174096 -0.310584 0.0
-0.163524 -0.303145 0.0
-0.151084 -0.291152 0.0
-0.136892 -0.274209 0.0
-0.121169 -0.252092 0.0
-0.104257 -0.224831 0.0
-0.086637 -0.192822 0.0
-0.0689294 -0.156956 0.0
-0.0518887 -0.118756 0.0
-0.0363606 -0.0804774 0.0
-0.0231804 -0.0450391 0.0
-0.0129937 -0.0156207 0.0
-0.00605565 0.00514191 0.0
-0.0021015 0.015457 0.0
-0.000393075 0.0154142 0.0
8.10243e-06 0.0051545 0.0
-0.000706992 0.0073371 0.0
-0.00393352 0.0305737 0.0
-0.00998467 0.0488041 0.0
-0.0175527 0.0640727 0.0
-0.0258504 0.0779458 0.0
-0.0344559 0.0912365 0.0
-0.0431584 0.104221 0.0
-0.051853 0.116912 0.0
-0.0604818 0.129229 0.0
-0.0690053 0.141077 0.0
-0.0773905 0.152371 0.0
-0.0856055 0.163039 0.0
-0.0936191 0.173019 0.0
-0.101401 0.182256 0.0
-0.108921 0.190705 0.0
-0.116151 0.198327 0.0
-0.123068 0.205094 0.0
-0.129649 0.210985 0.0
-0.135875 0.21599 0.0
-0.141733 0.220107 0.0
-0.147211 0.223342 0.0
-0.152301 0.22571 0.0
-0.157 0.227233 0.0
-0.161308 0.22794 0.0
-0.165225 0.227864 0.0
-0.168759 0.227045 0.0
-0.171917 0.225524 0.0
-0.174708 0.223348 0.0
-0.177147 0.220563 0.0
-0.179247 0.217221 0.0
-0.181025 0.21337 0.0
-0.182499 0.209063 0.0
-0.18369 0.20435 0.0
-0.184618 0.199282 0.0
-0.185305 0.193908 0.0
-0.185776 0.188275 0.0
-0.186053 0.182429 0.0
-0.18616 0.176413 0.0
-0.186122 0.170269 0.0
-0.185961 0.164032 0.0
-0.185701 0.157737 0.0
-0.185363 0.151414 0.0
-0.184966 0.145088 0.0
-0.184529 0.138781 0.0
-0.184068 0.132512 0.0
-0.183597 0.126294 0.0
-0.183127 0.120137 0.0
-0.182668 0.114048 0.0
-0.182227 0.108032 0.0
-0.181808 0.102089 0.0
-0.181416 0.0962184 0.0
-0.181052 0.0904171 0.0
-0.180715 0.084681 0.0
-0.180405 0.0790046 0.0
-0.180119 0.0733819 0.0
-0.179855 0.0678065 0.0
-0.179609 0.0622716 0.0
-0.179378 0.0567706 0.0
-0.179158 0.051297 0.0
-0.178945 0.0458447 0.0
-0.178735 0.0404077 0.0
-0.178526 0.0349806 0.0
-0.178315 0.0295582 0.0
-0.178097 0.0241359 0.0
-0.177873 0.0187092 0.0
-0.177638 0.0132741 0.0
-0.177392 0.00782672 0.0
-0.177134 0.00236361 0.0
-0.176863 -0.00311856 0.0
-0.176578 -0.00862297 0.0
-0.176279 -0.014154 0.0
-0.175966 -0.0197141 0.0
-0.175639 -0.0253052 0.0
-0.175301 -0.0309291 0.0
-0.174951 -0.0365875 0.0
-0.174592 -0.0422821 0.0
-0.174225 -0.0480147 0.0
-0.173853 -0.0537872 0.0
-0.173478 -0.0596013 0.0
-0.173105 -0.065459 0.0
-0.172736 -0.0713627 0.0
-0.172378 -0.0773149 0.0
-0.172034 -0.0833187 0.0
-0.171713 -0.0893778 0.0
-0.171422 -0.0954969 0.0
-0.171169 -0.101682 0.0
-0.170967 -0.10794 0.0
-0.170827 -0.114281 0.0
-0.170763 -0.120716 0.0
-0.170791 -0.127259 0.0
-0.170931 -0.133929 0.0
-0.1712 -0.140747 0.0
-0.17162 -0.147739 0.0
-0.172213 -0.154935 0.0
-0.173001 -0.162369 0.0
-0.174002 -0.170078 0.0
-0.175233 -0.178102 0.0
-0.176704 -0.186482 0.0
-0.178414 -0.195255 0.0
-0.180352 -0.20445 0.0
-0.182489 -0.214084 0.0
-0.184775 -0.224156 0.0
-0.18714 -0.234635 0.0
-0.189484 -0.245458 0.0
-0.191684 -0.256516 0.0
-0.193587 -0.267649 0.0
-0.195017 -0.27864 0.0
-0.195777 -0.289206 0.0
-0.195654 -0.298999 0.0
-0.194427 -0.307601 0.0
-0.19188 -0.31453 0.0
-0.187806 -0.319249 0.0
-0.182027 -0.321171 0.0
-0.174401 -0.319684 0.0
-0.164844 -0.314174 0.0
-0.15334 -0.304065 0.0
-0.139965 -0.288863 0.0
-0.124899 -0.268228 0.0
-0.108447 -0.242059 0.0
-0.0910547 -0.210608 0.0
-0.0733171 -0.174616 0.0
-0.0559781 -0.135476 0.0
-0.0398993 -0.0953646 0.0
-0.025975 -0.0572563 0.0
-0.0149587 -0.0246066 0.0
-0.00720195 -0.000567002 0.0
-0.00260957 0.0126194 0.0
-0.0005443 0.0144782 0.0
-8.75264e-06 0.00515385 0.0
-0.000700737 0.00874483 0.0
-0.00390516 0.0355969 0.0
-0.00992197 0.0558489 0.0
-0.0174499 0.072124 0.0
-0.0256986 0.0864408 0.0
-0.0342414 0.0998897 0.0
-0.0428636 0.112893 0.0
-0.0514581 0.12553 0.0
-0.0599657 0.137748 0.0
-0.0683465 0.149463 0.0
-0.0765675 0.160592 0.0
-0.0845975 0.171064 0.0
-0.0924064 0.180817 0.0
-0.0999651 0.189798 0.0
-0.107246 0.197963 0.0
-0.114224 0.205277 0.0
-0.120876 0.211713 0.0
-0.127183 0.217254 0.0
-0.13313 0.221894 0.0
-0.138703 0.225634 0.0
-0.143895 0.228484 0.0
-0.148699 0.230463 0.0
-0.153114 0.231595 0.0
-0.157142 0.231913 0.0
-0.160785 0.231453 0.0
-0.164052 0.230257 0.0
-0.166951 0.228369 0.0
-0.169494 0.225838 0.0
-0.171695 0.222713 0.0
-0.173571 0.219046 0.0
-0.175138 0.21489 0.0
-0.176416 0.210297 0.0
-0.177427 0.205318 0.0
-0.178192 0.200007 0.0
-0.178734 0.194413 0.0
-0.179077 0.188583 0.0
-0.179246 0.182566 0.0
-0.179264 0.176402 0.0
-0.179156 0.170133 0.0
-0.178944 0.163795 0.0
-0.178651 0.157421 0.0
-0.178298 0.151038 0.0
-0.177902 0.144671 0.0
-0.17748 0.13834 0.0
-0.177048 0.13206 0.0
-0.176617 0.125844 0.0
-0.176198 0.119698 0.0
-0.175797 0.113628 0.0
-0.17542 0.107635 0.0
-0.175071 0.101719 0.0
-0.17475 0.0958763 0.0
-0.174459 0.0901034 0.0
-0.174195 0.0843945 0.0
-0.173957 0.0787431 0.0
-0.173742 0.0731425 0.0
-0.173546 0.0675857 0.0
-0.173365 0.0620658 0.0
-0.173196 0.056576 0.0
-0.173035 0.0511098 0.0
-0.172877 0.0456613 0.0
-0.17272 0.0402247 0.0
-0.172561 0.0347949 0.0
-0.172395 0.029367 0.0
-0.172222 0.0239368 0.0
-0.172039 0.0185001 0.0
-0.171843 0.0130534 0.0
-0.171635 0.00759321 0.0
-0.171412 0.00211643 0.0
-0.171175 -0.00337983 0.0
-0.170922 -0.00889935 0.0
-0.170654 -0.0144453 0.0
-0.17037 -0.0200197 0.0
-0.170072 -0.0256244 0.0
-0.16976 -0.0312608 0.0
-0.169435 -0.0369304 0.0
-0.169099 -0.0426348 0.0
-0.168752 -0.0483754 0.0
-0.168398 -0.0541534 0.0
-0.168037 -0.0599704 0.0
-0.167672 -0.0658278 0.0
-0.167307 -0.0717273 0.0
-0.166946 -0.0776706 0.0
-0.166592 -0.0836599 0.0
-0.166252 -0.0896981 0.0
-0.165931 -0.0957885 0.0
-0.165638 -0.101936 0.0
-0.165382 -0.108145 0.0
-0.165173 -0.114425 0.0
-0.165024 -0.120784 0.0
-0.16495 -0.127236 0.0
-0.164967 -0.133796 0.0
-0.165096 -0.140483 0.0
-0.165357 -0.147322 0.0
-0.165773 -0.154343 0.0
-0.166368 -0.161578 0.0
-0.167167 -0.169069 0.0
-0.16819 -0.176857 0.0
-0.169456 -0.184991 0.0
-0.170977 -0.193516 0.0
-0.172753 -0.202476 0.0
-0.17477 -0.211905 0.0
-0.176997 -0.221823 0.0
-0.179377 -0.232224 0.0
-0.18183 -0.243072 0.0
-0.184245 -0.254287 0.0
-0.186482 -0.265738 0.0
-0.188371 -0.277232 0.0
-0.189717 -0.288509 0.0
-0.190302 -0.299234 0.0
-0.189898 -0.308996 0.0
-0.18827 -0.317311 0.0
-0.18519 -0.323622 0.0
-0.180453 -0.327315 0.0
-0.173885 -0.327733 0.0
-0.165365 -0.324202 0.0
-0.15484 -0.316066 0.0
-0.142342 -0.302735 0.0
-0.128011 -0.283753 0.0
-0.112111 -0.258886 0.0
-0.0950495 -0.228235 0.0
-0.0773927 -0.192384 0.0
-0.0598664 -0.152574 0.0
-0.043337 -0.110875 0.0
-0.0287402 -0.070267 0.0
-0.0169229 -0.0344295 0.0
-0.00839895 -0.00702474 0.0
-0.00319119 0.00927699 0.0
-0.000724967 0.0132891 0.0
-3.13411e-05 0.00511375 0.0
-0.000687301 0.0101329 0.0
-0.00384268 0.0405687 0.0
-0.009783 0.0628343 0.0
-0.0172273 0.0801109 0.0
-0.0253867 0.094862 0.0
-0.0338304 0.108455 0.0
-0.0423397 0.121459 0.0
-0.0508049 0.134023 0.0
-0.0591655 0.146123 0.0
-0.0673813 0.157684 0.0
-0.0754192 0.168629 0.0
-0.0832488 0.178887 0.0
-0.0908412 0.188396 0.0
-0.0981688 0.197106 0.0
-0.105206 0.204974 0.0
-0.111929 0.211968 0.0
-0.118319 0.218064 0.0
-0.124357 0.223249 0.0
-0.13003 0.22752 0.0
-0.135329 0.230881 0.0
-0.140246 0.233346 0.0
-0.144778 0.234937 0.0
-0.148924 0.235683 0.0
-0.152688 0.235617 0.0
-0.156076 0.23478 0.0
-0.159094 0.233215 0.0
-0.161755 0.23097 0.0
-0.164072 0.228096 0.0
-0.166058 0.224643 0.0
-0.167732 0.220666 0.0
-0.169113 0.216218 0.0
-0.17022 0.211354 0.0
-0.171075 0.206127 0.0
-0.171702 0.20059 0.0
-0.172124 0.194794 0.0
-0.172365 0.188787 0.0
-0.17245 0.182616 0.0
-0.172404 0.176324 0.0
-0.172249 0.169949 0.0
-0.172008 0.163528 0.0
-0.171703 0.157091 0.0
-0.171353 0.150664 0.0
-0.170975 0.144271 0.0
-0.170585 0.137928 0.0
-0.170195 0.13165 0.0
-0.169815 0.125444 0.0
-0.169454 0.119317 0.0
-0.169118 0.113271 0.0
-0.16881 0.107306 0.0
-0.168531 0.101419 0.0
-0.168283 0.0956067 0.0
-0.168063 0.0898621 0.0
-0.16787 0.0841792 0.0
-0.1677 0.0785509 0.0
-0.167551 0.0729699 0.0
-0.167417 0.0674288 0.0
-0.167296 0.0619207 0.0
-0.167183 0.0564388 0.0
-0.167074 0.0509767 0.0
-0.166966 0.0455288 0.0
-0.166855 0.0400895 0.0
-0.166739 0.0346541 0.0
-0.166615 0.0292182 0.0
-0.16648 0.0237778 0.0
-0.166334 0.0183292 0.0
-0.166173 0.0128691 0.0
-0.165999 0.00739447 0.0
-0.165809 0.00190255 0.0
-0.165603 -0.0036093 0.0
-0.165381 -0.00914476 0.0
-0.165143 -0.0147064 0.0
-0.164889 -0.0202961 0.0
-0.164619 -0.0259154 0.0
-0.164335 -0.0315656 0.0
-0.164038 -0.0372482 0.0
-0.163727 -0.0429642 0.0
-0.163404 -0.048715 0.0
-0.163071 -0.0545016 0.0
-0.162729 -0.060325 0.0
-0.162381 -0.0661864 0.0
-0.162027 -0.0720869 0.0
-0.161672 -0.0780275 0.0
-0.161319 -0.0840099 0.0
-0.160971 -0.0900359 0.0
-0.160635 -0.0961077 0.0
-0.160316 -0.102229 0.0
-0.160021 -0.108403 0.0
-0.15976 -0.114637 0.0
-0.159545 -0.120937 0.0
-0.159386 -0.127315 0.0
-0.159301 -0.133784 0.0
-0.159307 -0.14036 0.0
-0.159425 -0.147067 0.0
-0.159676 -0.15393 0.0
-0.160087 -0.160984 0.0
-0.160684 -0.168268 0.0
-0.161493 -0.175826 0.0
-0.162539 -0.18371 0.0
-0.163842 -0.191973 0.0
-0.165414 -0.20067 0.0
-0.167257 -0.20985 0.0
-0.169355 -0.219553 0.0
-0.17167 -0.229798 0.0
-0.174139 -0.240576 0.0
-0.176669 -0.251838 0.0
-0.179135 -0.263485 0.0
-0.181378 -0.275354 0.0
-0.183208 -0.287212 0.0
-0.184409 -0.298744 0.0
-0.184745 -0.309554 0.0
-0.183968 -0.319158 0.0
-0.181833 -0.32699 0.0
-0.178106 -0.332411 0.0
-0.172585 -0.334726 0.0
-0.165111 -0.333202 0.0
-0.155593 -0.327109 0.0
-0.144021 -0.315761 0.0
-0.130491 -0.298587 0.0
-0.115226 -0.275217 0.0
-0.0985918 -0.245598 0.0
-0.0811212 -0.210148 0.0
-0.0635169 -0.16994 0.0
-0.0466421 -0.126912 0.0
-0.0314637 -0.0840047 0.0
-0.0189137 -0.0450592 0.0
-0.00964878 -0.0141839 0.0
-0.00380885 0.00538851 0.0
-0.000917756 0.0118203 0.0
-5.56051e-05 0.00502681 0.0
-0.000667396 0.0114876 0.0
-0.00374925 0.0454512 0.0
-0.00957456 0.0697174 0.0
-0.0168953 0.0879929 0.0
-0.0249287 0.103173 0.0
-0.0332403 0.116899 0.0
-0.0416073 0.129891 0.0
-0.0499171 0.142366 0.0
-0.0581078 0.154331 0.0
-0.0661388 0.165723 0.0
-0.0739771 0.176467 0.0
-0.0815932 0.186495 0.0
-0.0889593 0.195746 0.0
-0.0960492 0.204173 0.0
-0.102839 0.211734 0.0
-0.109308 0.2184 0.0
-0.115437 0.22415 0.0
-0.121211 0.228975 0.0
-0.126619 0.232875 0.0
-0.131653 0.235857 0.0
-0.136307 0.23794 0.0
-0.14058 0.239148 0.0
-0.144473 0.239512 0.0
-0.14799 0.23907 0.0
-0.151139 0.237864 0.0
-0.153929 0.23594 0.0
-0.156373 0.233349 0.0
-0.158483 0.230143 0.0
-0.160276 0.226376 0.0
-0.161771 0.222102 0.0
-0.162987 0.217378 0.0
-0.163946 0.212259 0.0
-0.164669 0.206801 0.0
-0.165181 0.201055 0.0
-0.165506 0.195075 0.0
-0.165669 0.188909 0.0
-0.165693 0.182603 0.0
-0.165603 0.1762 0.0
-0.165422 0.169737 0.0
-0.165171 0.163249 0.0
-0.164871 0.156765 0.0
-0.16454 0.150309 0.0
-0.164194 0.143902 0.0
-0.163846 0.137559 0.0
-0.163507 0.13129 0.0
-0.163186 0.125103 0.0
-0.162889 0.119 0.0
-0.16262 0.112982 0.0
-0.162381 0.107048 0.0
-0.162173 0.101191 0.0
-0.161994 0.0954076 0.0
-0.161842 0.08969 0.0
-0.161715 0.084031 0.0
-0.161608 0.078423 0.0
-0.161518 0.0728584 0.0
-0.161441 0.0673297 0.0
-0.161373 0.0618299 0.0
-0.161309 0.0563524 0.0
-0.161245 0.0508912 0.0
-0.16118 0.0454408 0.0
-0.16111 0.0399961 0.0
-0.161031 0.0345527 0.0
-0.160942 0.0291067 0.0
-0.160842 0.0236542 0.0
-0.160728 0.0181921 0.0
-0.160599 0.0127174 0.0
-0.160455 0.0072274 0.0
-0.160295 0.00171951 0.0
-0.160118 -0.0038086 0.0
-0.159925 -0.00936035 0.0
-0.159716 -0.0149381 0.0
-0.159492 -0.0205434 0.0
-0.159251 -0.0261777 0.0
-0.158996 -0.0318424 0.0
-0.158727 -0.0375386 0.0
-0.158444 -0.0432675 0.0
-0.158148 -0.04903 0.0
-0.157841 -0.0548271 0.0
-0.157523 -0.0606595 0.0
-0.157195 -0.0665281 0.0
-0.15686 -0.0724336 0.0
-0.156519 -0.0783767 0.0
-0.156175 -0.0843582 0.0
-0.155831 -0.0903792 0.0
-0.155491 -0.0964412 0.0
-0.155159 -0.102546 0.0
-0.154842 -0.108697 0.0
-0.154547 -0.114899 0.0
-0.154282 -0.121156 0.0
-0.154059 -0.127477 0.0
-0.153892 -0.133874 0.0
-0.153796 -0.14036 0.0
-0.15379 -0.146955 0.0
-0.153896 -0.153684 0.0
-0.154139 -0.160577 0.0
-0.154545 -0.167672 0.0
-0.155145 -0.175013 0.0
-0.155967 -0.182655 0.0
-0.157039 -0.190654 0.0
-0.158382 -0.199073 0.0
-0.160012 -0.207975 0.0
-0.161926 -0.217416 0.0
-0.164107 -0.227439 0.0
-0.166511 -0.238062 0.0
-0.169063 -0.249269 0.0
-0.171657 -0.260995 0.0
-0.174148 -0.27311 0.0
-0.176359 -0.285415 0.0
-0.178076 -0.297622 0.0
-0.179062 -0.309354 0.0
-0.17906 -0.320136 0.0
-0.177806 -0.3294 0.0
-0.175046 -0.336488 0.0
-0.170546 -0.34067 0.0
-0.164114 -0.341163 0.0
-0.155619 -0.337162 0.0
-0.145009 -0.32789 0.0
-0.132336 -0.312661 0.0
-0.117778 -0.290968 0.0
-0.101659 -0.2626 0.0
-0.0844734 -0.227801 0.0
-0.0668969 -0.187467 0.0
-0.0497817 -0.143376 0.0
-0.0341155 -0.0983863 0.0
-0.0209008 -0.0564423 0.0
-0.0109205 -0.022046 0.0
-0.0044351 0.0009252 0.0
-0.00110638 0.0100638 0.0
-7.82072e-05 0.004893 0.0
-0.000641775 0.0127967 0.0
-0.00362814 0.0502103 0.0
-0.00930357 0.0764591 0.0
-0.0164645 0.0957329 0.0
-0.0243384 0.11134 0.0
-0.0324881 0.125194 0.0
-0.0406865 0.138162 0.0
-0.0488176 0.150536 0.0
-0.0568181 0.162352 0.0
-0.0646469 0.173561 0.0
-0.0722715 0.184091 0.0
-0.079663 0.193877 0.0
-0.0867947 0.202861 0.0
-0.0936421 0.210995 0.0
-0.100183 0.218242 0.0
-0.106398 0.224575 0.0
-0.11227 0.229976 0.0
-0.117786 0.23444 0.0
-0.122937 0.237969 0.0
-0.127715 0.240575 0.0
-0.132118 0.242279 0.0
-0.136146 0.243109 0.0
-0.1398 0.243098 0.0
-0.143087 0.242288 0.0
-0.146016 0.240722 0.0
-0.148595 0.238451 0.0
-0.150839 0.235526 0.0
-0.152763 0.232001 0.0
-0.154384 0.227932 0.0
-0.155721 0.223377 0.0
-0.156794 0.218392 0.0
-0.157626 0.213035 0.0
-0.158239 0.207362 0.0
-0.158658 0.201426 0.0
-0.158908 0.195279 0.0
-0.159012 0.188972 0.0
-0.158995 0.182548 0.0
-0.15888 0.17605 0.0
-0.15869 0.169515 0.0
-0.158445 0.162975 0.0
-0.158164 0.156458 0.0
-0.157865 0.149985 0.0
-0.15756 0.143575 0.0
-0.157262 0.13724 0.0
-0.15698 0.130988 0.0
-0.156721 0.124825 0.0
-0.15649 0.11875 0.0
-0.156289 0.112762 0.0
-0.156118 0.106858 0.0
-0.155976 0.101031 0.0
-0.155863 0.0952753 0.0
-0.155774 0.0895822 0.0
-0.155707 0.0839441 0.0
-0.155657 0.0783531 0.0
-0.15562 0.0728014 0.0
-0.155592 0.0672814 0.0
-0.155569 0.0617865 0.0
-0.155547 0.0563102 0.0
-0.155524 0.0508468 0.0
-0.155495 0.0453911 0.0
-0.155458 0.0399387 0.0
-0.155412 0.0344853 0.0
-0.155354 0.0290274 0.0
-0.155283 0.0235616 0.0
-0.155197 0.0180851 0.0
-0.155096 0.0125951 0.0
-0.15498 0.00708912 0.0
-0.154847 0.00156501 0.0
-0.154698 -0.00397943 0.0
-0.154533 -0.00954735 0.0
-0.154352 -0.0151409 0.0
-0.154156 -0.0207617 0.0
-0.153945 -0.026411 0.0
-0.153719 -0.0320902 0.0
-0.153479 -0.0378003 0.0
-0.153225 -0.0435424 0.0
-0.152958 -0.0493175 0.0
-0.152679 -0.0551263 0.0
-0.152388 -0.0609694 0.0
-0.152086 -0.0668475 0.0
-0.151774 -0.0727609 0.0
-0.151454 -0.0787101 0.0
-0.151128 -0.0846954 0.0
-0.150796 -0.0907174 0.0
-0.150463 -0.0967767 0.0
-0.150131 -0.102874 0.0
-0.149804 -0.109012 0.0
-0.14949 -0.115193 0.0
-0.149194 -0.121421 0.0
-0.148926 -0.127702 0.0
-0.148697 -0.134045 0.0
-0.148521 -0.140461 0.0
-0.148414 -0.146967 0.0
-0.148396 -0.153584 0.0
-0.148492 -0.160339 0.0
-0.148727 -0.167267 0.0
-0.149132 -0.174413 0.0
-0.149738 -0.181827 0.0
-0.150578 -0.18957 0.0
-0.151682 -0.197709 0.0
-0.153073 -0.206318 0.0
-0.154767 -0.215465 0.0
-0.15676 -0.225215 0.0
-0.159029 -0.235613 0.0
-0.161521 -0.246674 0.0
-0.164149 -0.258368 0.0
-0.166789 -0.270606 0.0
-0.169276 -0.283223 0.0
-0.171407 -0.295966 0.0
-0.172946 -0.308485 0.0
-0.173631 -0.320322 0.0
-0.173187 -0.330912 0.0
-0.171338 -0.339586 0.0
-0.167822 -0.345588 0.0
-0.162415 -0.348084 0.0
-0.154947 -0.346204 0.0
-0.145323 -0.339081 0.0
-0.13355 -0.325916 0.0
-0.119761 -0.306062 0.0
-0.104235 -0.279151 0.0
-0.0874262 -0.245245 0.0
-0.0699776 -0.205049 0.0
-0.0527242 -0.160162 0.0
-0.0366629 -0.113327 0.0
-0.0228504 -0.0685288 0.0
-0.0121822 -0.0306079 0.0
-0.00507662 -0.00410387 0.0
-0.00132051 0.008008 0.0
-0.000107354 0.00470744 0.0
-0.000611208 0.0140497 0.0
-0.00348266 0.0548151 0.0
-0.0089769 0.0830239 0.0
-0.0159452 0.103297 0.0
-0.0236293 0.119333 0.0
-0.0315905 0.133311 0.0
-0.0395965 0.146249 0.0
-0.0475283 0.158512 0.0
-0.0553209 0.17017 0.0
-0.0629326 0.181184 0.0
-0.0703313 0.191491 0.0
-0.077489 0.201027 0.0
-0.08438 0.209735 0.0
-0.0909813 0.21757 0.0
-0.0972721 0.224499 0.0
-0.103234 0.230495 0.0
-0.108854 0.235547 0.0
-0.114118 0.23965 0.0
-0.11902 0.242811 0.0
-0.123554 0.245045 0.0
-0.127718 0.246376 0.0
-0.131513 0.246834 0.0
-0.134943 0.246457 0.0
-0.138016 0.245288 0.0
-0.140739 0.243374 0.0
-0.143126 0.240766 0.0
-0.14519 0.237519 0.0
-0.146946 0.233688 0.0
-0.148414 0.229333 0.0
-0.149612 0.224511 0.0
-0.150563 0.219282 0.0
-0.151288 0.213703 0.0
-0.151811 0.207831 0.0
-0.152157 0.201721 0.0
-0.152349 0.195426 0.0
-0.152413 0.188993 0.0
-0.152371 0.182468 0.0
-0.152248 0.175892 0.0
-0.152063 0.169299 0.0
-0.151837 0.16272 0.0
-0.151586 0.156182 0.0
-0.151327 0.149702 0.0
-0.151071 0.143297 0.0
-0.150828 0.136977 0.0
-0.150607 0.130748 0.0
-0.150411 0.124611 0.0
-0.150245 0.118566 0.0
-0.150109 0.112609 0.0
-0.150002 0.106734 0.0
-0.149924 0.100935 0.0
-0.14987 0.0952043 0.0
-0.149839 0.0895327 0.0
-0.149824 0.0839121 0.0
-0.149824 0.0783344 0.0
-0.149833 0.0727919 0.0
-0.149847 0.0672772 0.0
-0.149863 0.0617837 0.0
-0.149877 0.0563055 0.0
-0.149886 0.0508372 0.0
-0.149889 0.0453741 0.0
-0.149881 0.0399119 0.0
-0.149862 0.034447 0.0
-0.14983 0.028976 0.0
-0.149785 0.0234961 0.0
-0.149724 0.0180045 0.0
-0.149648 0.0124989 0.0
-0.149557 0.00697709 0.0
-0.149449 0.00143696 0.0
-0.149326 -0.00412343 0.0
-0.149187 -0.00970704 0.0
-0.149033 -0.0153159 0.0
-0.148865 -0.0209516 0.0
-0.148682 -0.0266155 0.0
-0.148485 -0.0323087 0.0
-0.148274 -0.0380325 0.0
-0.14805 -0.0437878 0.0
-0.147814 -0.0495756 0.0
-0.147565 -0.0553966 0.0
-0.147303 -0.0612513 0.0
-0.147031 -0.0671402 0.0
-0.146747 -0.0730636 0.0
-0.146452 -0.0790216 0.0
-0.146149 -0.0850143 0.0
-0.145837 -0.0910417 0.0
-0.145519 -0.0971039 0.0
-0.145197 -0.103201 0.0
-0.144874 -0.109335 0.0
-0.144554 -0.115506 0.0
-0.144243 -0.121716 0.0
-0.143947 -0.127971 0.0
-0.143676 -0.134277 0.0
-0.143441 -0.140641 0.0
-0.143256 -0.147079 0.0
-0.143139 -0.153606 0.0
-0.143112 -0.160248 0.0
-0.143199 -0.167036 0.0
-0.14343 -0.174009 0.0
-0.143837 -0.181217 0.0
-0.144455 -0.188721 0.0
-0.14532 -0.19659 0.0
-0.146464 -0.204902 0.0
-0.147913 -0.213739 0.0
-0.14968 -0.223181 0.0
-0.151761 -0.233298 0.0
-0.154123 -0.244135 0.0
-0.156703 -0.255699 0.0
-0.159397 -0.267941 0.0
-0.162059 -0.280738 0.0
-0.164501 -0.293878 0.0
-0.166494 -0.307042 0.0
-0.167774 -0.319799 0.0
-0.168059 -0.331594 0.0
-0.167053 -0.341759 0.0
-0.164474 -0.349511 0.0
-0.160063 -0.353979 0.0
-0.153612 -0.354229 0.0
-0.144986 -0.349307 0.0
-0.134145 -0.338303 0.0
-0.121176 -0.320434 0.0
-0.106312 -0.295169 0.0
-0.089963 -0.262384 0.0
-0.0727361 -0.222585 0.0
-0.0554432 -0.177173 0.0
-0.0390814 -0.12874 0.0
-0.0247486 -0.0812614 0.0
-0.013442 -0.0398501 0.0
-0.0057393 -0.00966994 0.0
-0.00155286 0.00563152 0.0
-0.000141092 0.00445899 0.0
-0.000576459 0.0152374 0.0
-0.00331607 0.0592385 0.0
-0.00860128 0.0893799 0.0
-0.0153475 0.110656 0.0
-0.0228147 0.127126 0.0
-0.0305632 0.141228 0.0
-0.038356 0.154131 0.0
-0.0460704 0.166276 0.0
-0.0536395 0.177767 0.0
-0.0610213 0.18858 0.0
-0.0681839 0.198657 0.0
-0.0751001 0.207935 0.0
-0.0817456 0.216363 0.0
-0.0880983 0.223896 0.0
-0.0941392 0.230504 0.0
-0.0998518 0.236165 0.0
-0.105223 0.240868 0.0
-0.110242 0.244613 0.0
-0.114903 0.247411 0.0
-0.119202 0.249279 0.0
-0.123139 0.250243 0.0
-0.126714 0.250338 0.0
-0.129935 0.249604 0.0
-0.132807 0.248086 0.0
-0.135343 0.245835 0.0
-0.137553 0.242902 0.0
-0.139454 0.239346 0.0
-0.141061 0.235225 0.0
-0.142393 0.230597 0.0
-0.143472 0.225524 0.0
-0.144318 0.220066 0.0
-0.144955 0.214281 0.0
-0.145406 0.208227 0.0
-0.145695 0.20196 0.0
-0.145847 0.195531 0.0
-0.145886 0.18899 0.0
-0.145835 0.182379 0.0
-0.145716 0.175738 0.0
-0.145548 0.1691 0.0
-0.14535 0.162495 0.0
-0.145138 0.155945 0.0
-0.144924 0.149467 0.0
-0.144721 0.143074 0.0
-0.144536 0.136773 0.0
-0.144375 0.130569 0.0
-0.144242 0.124461 0.0
-0.144139 0.118446 0.0
-0.144064 0.112518 0.0
-0.144018 0.106672 0.0
-0.143996 0.100898 0.0
-0.143997 0.0951887 0.0
-0.144015 0.0895349 0.0
-0.144047 0.0839281 0.0
-0.144089 0.07836 0.0
-0.144137 0.072823 0.0
-0.144187 0.0673102 0.0
-0.144236 0.0618152 0.0
-0.14428 0.0563324 0.0
-0.144317 0.0508569 0.0
-0.144345 0.0453843 0.0
-0.144362 0.0399109 0.0
-0.144366 0.0344333 0.0
-0.144357 0.0289486 0.0
-0.144333 0.0234541 0.0
-0.144294 0.0179474 0.0
-0.144241 0.0124264 0.0
-0.144172 0.00688906 0.0
-0.144088 0.00133347 0.0
-0.143989 -0.00424217 0.0
-0.143875 -0.00984068 0.0
-0.143747 -0.0154641 0.0
-0.143605 -0.0211138 0.0
-0.14345 -0.0267914 0.0
-0.143282 -0.032498 0.0
-0.143101 -0.0382348 0.0
-0.142907 -0.0440029 0.0
-0.142701 -0.0498031 0.0
-0.142483 -0.0556362 0.0
-0.142253 -0.0615028 0.0
-0.142012 -0.0674033 0.0
-0.141758 -0.0733378 0.0
-0.141494 -0.0793063 0.0
-0.141218 -0.0853088 0.0
-0.140932 -0.0913449 0.0
-0.140636 -0.0974143 0.0
-0.140333 -0.103517 0.0
-0.140023 -0.109652 0.0
-0.139709 -0.115821 0.0
-0.139396 -0.122025 0.0
-0.139088 -0.128266 0.0
-0.138792 -0.134548 0.0
-0.138518 -0.140879 0.0
-0.138277 -0.147267 0.0
-0.138085 -0.153727 0.0
-0.137959 -0.16028 0.0
-0.137924 -0.166952 0.0
-0.138005 -0.17378 0.0
-0.138236 -0.180809 0.0
-0.138651 -0.188096 0.0
-0.139289 -0.195712 0.0
-0.140188 -0.203737 0.0
-0.141383 -0.212259 0.0
-0.142902 -0.221374 0.0
-0.144755 -0.231171 0.0
-0.146933 -0.241722 0.0
-0.149394 -0.253071 0.0
-0.152058 -0.26521 0.0
-0.154802 -0.278062 0.0
-0.157455 -0.291459 0.0
-0.1598 -0.305124 0.0
-0.161579 -0.318657 0.0
-0.162504 -0.331527 0.0
-0.162269 -0.343067 0.0
-0.160566 -0.352484 0.0
-0.15711 -0.358872 0.0
-0.151657 -0.36124 0.0
-0.144028 -0.358551 0.0
-0.134141 -0.349786 0.0
-0.122032 -0.334029 0.0
-0.107888 -0.310582 0.0
-0.0920733 -0.279134 0.0
-0.075155 -0.23998 0.0
-0.0579168 -0.194309 0.0
-0.0413485 -0.144534 0.0
-0.0265782 -0.0945705 0.0
-0.0146912 -0.0497346 0.0
-0.00641073 -0.0157686 0.0
-0.00178819 0.00292119 0.0
-0.000174268 0.00414363 0.0
-0.000538264 0.0163521 0.0
-0.00313153 0.0634567 0.0
-0.00818319 0.0954986 0.0
-0.0146809 0.117781 0.0
-0.0219068 0.134694 0.0
-0.0294212 0.148923 0.0
-0.0369824 0.16179 0.0
-0.0444635 0.173813 0.0
-0.0517958 0.185132 0.0
-0.0589367 0.195738 0.0
-0.0658548 0.205579 0.0
-0.0725235 0.214598 0.0
-0.0789197 0.222742 0.0
-0.0850227 0.229973 0.0
-0.0908146 0.23626 0.0
-0.0962804 0.241587 0.0
-0.101408 0.245945 0.0
-0.106189 0.249337 0.0
-0.110618 0.251777 0.0
-0.114692 0.253285 0.0
-0.118412 0.253892 0.0
-0.121781 0.253634 0.0
-0.124805 0.252553 0.0
-0.127492 0.250698 0.0
-0.129854 0.248121 0.0
-0.131904 0.244877 0.0
-0.133658 0.241026 0.0
-0.135132 0.236627 0.0
-0.136347 0.231742 0.0
-0.137322 0.226433 0.0
-0.138081 0.220761 0.0
-0.138645 0.214786 0.0
-0.13904 0.208567 0.0
-0.139289 0.202158 0.0
-0.139415 0.195612 0.0
-0.139443 0.188976 0.0
-0.139394 0.182292 0.0
-0.139289 0.175599 0.0
-0.139147 0.168929 0.0
-0.138984 0.162306 0.0
-0.138816 0.155752 0.0
-0.138653 0.149283 0.0
-0.138504 0.142906 0.0
-0.138377 0.136629 0.0
-0.138276 0.130452 0.0
-0.138202 0.124372 0.0
-0.138157 0.118386 0.0
-0.13814 0.112486 0.0
-0.138147 0.106665 0.0
-0.138177 0.100913 0.0
-0.138224 0.0952219 0.0
-0.138286 0.0895822 0.0
-0.138359 0.0839853 0.0
-0.138437 0.0784232 0.0
-0.138517 0.0728885 0.0
-0.138597 0.0673744 0.0
-0.138673 0.0618751 0.0
-0.138742 0.0563854 0.0
-0.138802 0.0509009 0.0
-0.138851 0.0454174 0.0
-0.138888 0.0399317 0.0
-0.138912 0.0344408 0.0
-0.138922 0.0289419 0.0
-0.138918 0.0234328 0.0
-0.138899 0.0179113 0.0
-0.138865 0.0123753 0.0
-0.138817 0.00682311 0.0
-0.138755 0.00125287 0.0
-0.138678 -0.00433709 0.0
-0.138588 -0.0099495 0.0
-0.138485 -0.0155863 0.0
-0.138369 -0.0212492 0.0
-0.138241 -0.0269394 0.0
-0.138101 -0.0326584 0.0
-0.137949 -0.0384074 0.0
-0.137785 -0.0441874 0.0
-0.13761 -0.0499994 0.0
-0.137424 -0.0558443 0.0
-0.137226 -0.0617225 0.0
-0.137017 -0.0676346 0.0
-0.136796 -0.0735807 0.0
-0.136564 -0.0795607 0.0
-0.136319 -0.0855745 0.0
-0.136063 -0.0916215 0.0
-0.135795 -0.0977011 0.0
-0.135516 -0.103813 0.0
-0.135227 -0.109956 0.0
-0.134929 -0.116129 0.0
-0.134625 -0.122334 0.0
-0.134319 -0.128572 0.0
-0.134014 -0.134843 0.0
-0.133719 -0.141153 0.0
-0.133442 -0.14751 0.0
-0.133196 -0.153923 0.0
-0.132997 -0.160409 0.0
-0.132864 -0.166991 0.0
-0.132823 -0.1737 0.0
-0.132903 -0.180578 0.0
-0.133139 -0.187676 0.0
-0.13357 -0.195063 0.0
-0.134237 -0.202819 0.0
-0.135183 -0.211036 0.0
-0.136443 -0.219818 0.0
-0.138046 -0.22927 0.0
-0.14 -0.239491 0.0
-0.142285 -0.250556 0.0
-0.144847 -0.262499 0.0
-0.147586 -0.27529 0.0
-0.150355 -0.28881 0.0
-0.152954 -0.30283 0.0
-0.155134 -0.316992 0.0
-0.156608 -0.330793 0.0
-0.157061 -0.343583 0.0
-0.156168 -0.354563 0.0
-0.153617 -0.3628 0.0
-0.14913 -0.367253 0.0
-0.142488 -0.366808 0.0
-0.133563 -0.360341 0.0
-0.122344 -0.346802 0.0
-0.108968 -0.325329 0.0
-0.093753 -0.295417 0.0
-0.0772222 -0.257146 0.0
-0.0601271 -0.211476 0.0
-0.0434436 -0.160618 0.0
-0.0283186 -0.108381 0.0
-0.0159118 -0.0602175 0.0
-0.00708284 -0.0223952 0.0
-0.00202484 -0.000132728 0.0
-0.000205286 0.00376408 0.0
-0.000497324 0.0173877 0.0
-0.00293203 0.0674491 0.0
-0.00772883 0.101355 0.0
-0.0139547 0.124649 0.0
-0.0209174 0.142015 0.0
-0.0281788 0.156378 0.0
-0.035492 0.16921 0.0
-0.0427261 0.181109 0.0
-0.0498103 0.192253 0.0
-0.0567012 0.202649 0.0
-0.0633677 0.212253 0.0
-0.0697844 0.221009 0.0
-0.0759288 0.228871 0.0
-0.0817816 0.2358 0.0
-0.0873261 0.24177 0.0
-0.0925487 0.246766 0.0
-0.0974386 0.250784 0.0
-0.101988 0.253829 0.0
-0.106194 0.255919 0.0
-0.110053 0.257077 0.0
-0.113567 0.257335 0.0
-0.116741 0.256733 0.0
-0.119581 0.255317 0.0
-0.122097 0.253137 0.0
-0.1243 0.250247 0.0
-0.126204 0.246705 0.0
-0.127826 0.242573 0.0
-0.129183 0.237911 0.0
-0.130295 0.232784 0.0
-0.131183 0.227254 0.0
-0.131869 0.221384 0.0
-0.132376 0.215235 0.0
-0.132728 0.208865 0.0
-0.132949 0.20233 0.0
-0.133062 0.19568 0.0
-0.13309 0.188963 0.0
-0.133052 0.182219 0.0
-0.13297 0.175485 0.0
-0.13286 0.168791 0.0
-0.132738 0.162159 0.0
-0.132616 0.155609 0.0
-0.132504 0.149152 0.0
-0.132411 0.142795 0.0
-0.13234 0.136542 0.0
-0.132295 0.130392 0.0
-0.132278 0.124341 0.0
-0.132287 0.118381 0.0
-0.132321 0.112507 0.0
-0.132376 0.106707 0.0
-0.13245 0.100974 0.0
-0.132539 0.0952972 0.0
-0.132638 0.0896679 0.0
-0.132744 0.0840774 0.0
-0.132852 0.0785179 0.0
-0.13296 0.0729823 0.0
-0.133064 0.0674643 0.0
-0.133162 0.0619585 0.0
-0.133251 0.0564601 0.0
-0.13333 0.050965 0.0
-0.133397 0.0454696 0.0
-0.133451 0.039971 0.0
-0.133492 0.0344663 0.0
-0.133519 0.0289534 0.0
-0.133532 0.0234299 0.0
-0.13353 0.017894 0.0
-0.133515 0.0123438 0.0
-0.133486 0.00677761 0.0
-0.133444 0.00119372 0.0
-0.133389 -0.00440946 0.0
-0.133322 -0.0100346 0.0
-0.133242 -0.0156838 0.0
-0.133151 -0.0213585 0.0
-0.133049 -0.0270603 0.0
-0.132936 -0.0327905 0.0
-0.132813 -0.0385505 0.0
-0.132679 -0.0443415 0.0
-0.132535 -0.0501644 0.0
-0.13238 -0.0560203 0.0
-0.132215 -0.0619096 0.0
-0.132039 -0.067833 0.0
-0.131851 -0.0737906 0.0
-0.131652 -0.0797825 0.0
-0.131441 -0.0858083 0.0
-0.131218 -0.0918674 0.0
-0.130981 -0.0979592 0.0
-0.130732 -0.104083 0.0
-0.13047 -0.110237 0.0
-0.130196 -0.11642 0.0
-0.12991 -0.122633 0.0
-0.129615 -0.128874 0.0
-0.129315 -0.135145 0.0
-0.129014 -0.141448 0.0
-0.128719 -0.147787 0.0
-0.12844 -0.154171 0.0
-0.128189 -0.160611 0.0
-0.127984 -0.167127 0.0
-0.127847 -0.173744 0.0
-0.127804 -0.180498 0.0
-0.127887 -0.187437 0.0
-0.128136 -0.194624 0.0
-0.128592 -0.202135 0.0
-0.129301 -0.210065 0.0
-0.130307 -0.218521 0.0
-0.13165 -0.227621 0.0
-0.133354 -0.237483 0.0
-0.135421 -0.248212 0.0
-0.137822 -0.259881 0.0
-0.140484 -0.272507 0.0
-0.143283 -0.286024 0.0
-0.146041 -0.300258 0.0
-0.148525 -0.314899 0.0
-0.150454 -0.329484 0.0
-0.151508 -0.343386 0.0
-0.151351 -0.355811 0.0
-0.149647 -0.365809 0.0
-0.146084 -0.372294 0.0
-0.140408 -0.374084 0.0
-0.132444 -0.369954 0.0
-0.122134 -0.358719 0.0
-0.109564 -0.339357 0.0
-0.0950036 -0.311166 0.0
-0.0789311 -0.274001 0.0
-0.062061 -0.228586 0.0
-0.0453488 -0.176904 0.0
-0.0299505 -0.122619 0.0
-0.0170848 -0.0712526 0.0
-0.00773496 -0.0295389 0.0
-0.00226019 -0.00352182 0.0
-0.000242677 0.00331612 0.0
-0.000454294 0.0183393 0.0
-0.0027204 0.0711982 0.0
-0.00724402 0.106926 0.0
-0.0131774 0.131237 0.0
-0.0198577 0.14907 0.0
-0.0268492 0.163576 0.0
-0.0339004 0.176376 0.0
-0.0408757 0.188152 0.0
-0.047702 0.19912 0.0
-0.0543353 0.209306 0.0
-0.0607449 0.218672 0.0
-0.0669059 0.227168 0.0
-0.072797 0.234748 0.0
-0.0784 0.241378 0.0
-0.0836994 0.247035 0.0
-0.0886826 0.251706 0.0
-0.0933401 0.255391 0.0
-0.0976655 0.258098 0.0
-0.101655 0.259846 0.0
-0.105309 0.260662 0.0
-0.108628 0.260583 0.0
-0.111618 0.25965 0.0
-0.114287 0.25791 0.0
-0.116644 0.255417 0.0
-0.118701 0.252227 0.0
-0.120474 0.248402 0.0
-0.121978 0.244002 0.0
-0.123232 0.239093 0.0
-0.124255 0.233738 0.0
-0.125069 0.228002 0.0
-0.125696 0.221949 0.0
-0.126159 0.21564 0.0
-0.126481 0.209134 0.0
-0.126686 0.202486 0.0
-0.126795 0.195746 0.0
-0.126831 0.18896 0.0
-0.126813 0.182167 0.0
-0.126759 0.175402 0.0
-0.126686 0.168691 0.0
-0.126607 0.162057 0.0
-0.126533 0.155515 0.0
-0.126472 0.149073 0.0
-0.126432 0.142739 0.0
-0.126415 0.136511 0.0
-0.126423 0.130387 0.0
-0.126457 0.124362 0.0
-0.126514 0.118427 0.0
-0.126594 0.112574 0.0
-0.126691 0.106793 0.0
-0.126804 0.101075 0.0
-0.126927 0.0954085 0.0
-0.127058 0.089786 0.0
-0.127191 0.0841985 0.0
-0.127324 0.0786385 0.0
-0.127454 0.0730994 0.0
-0.127578 0.0675753 0.0
-0.127694 0.0620611 0.0
-0.1278 0.0565525 0.0
-0.127894 0.0510458 0.0
-0.127976 0.0455379 0.0
-0.128045 0.0400259 0.0
-0.1281 0.0345076 0.0
-0.128142 0.0289808 0.0
-0.12817 0.0234435 0.0
-0.128185 0.017894 0.0
-0.128187 0.0123304 0.0
-0.128176 0.00675124 0.0
-0.128153 0.00115482 0.0
-0.128118 -0.0044604 0.0
-0.128072 -0.0100971 0.0
-0.128016 -0.0157573 0.0
-0.127949 -0.0214426 0.0
-0.127872 -0.0271547 0.0
-0.127786 -0.032895 0.0
-0.12769 -0.0386649 0.0
-0.127586 -0.0444657 0.0
-0.127472 -0.0502985 0.0
-0.127348 -0.0561643 0.0
-0.127215 -0.062064 0.0
-0.127072 -0.067998 0.0
-0.126918 -0.0739667 0.0
-0.126754 -0.0799701 0.0
-0.126577 -0.0860081 0.0
-0.126388 -0.0920801 0.0
-0.126186 -0.0981851 0.0
-0.12597 -0.104322 0.0
-0.125739 -0.11049 0.0
-0.125493 -0.116687 0.0
-0.125233 -0.122912 0.0
-0.12496 -0.129164 0.0
-0.124674 -0.135442 0.0
-0.124379 -0.141747 0.0
-0.124081 -0.148081 0.0
-0.123786 -0.154451 0.0
-0.123505 -0.160863 0.0
-0.123251 -0.167334 0.0
-0.123042 -0.173883 0.0
-0.122903 -0.180541 0.0
-0.122862 -0.187351 0.0
-0.122956 -0.194368 0.0
-0.123226 -0.201665 0.0
-0.123719 -0.209333 0.0
-0.124485 -0.217481 0.0
-0.12557 -0.226234 0.0
-0.127013 -0.235724 0.0
-0.128836 -0.246081 0.0
-0.131031 -0.257415 0.0
-0.133553 -0.269789 0.0
-0.136306 -0.28319 0.0
-0.139137 -0.297503 0.0
-0.141832 -0.312475 0.0
-0.144121 -0.32769 0.0
-0.145688 -0.342557 0.0
-0.146187 -0.356297 0.0
-0.145263 -0.367951 0.0
-0.142576 -0.3764 0.0
-0.137834 -0.380396 0.0
-0.13082 -0.378619 0.0
-0.121427 -0.369758 0.0
-0.109691 -0.352623 0.0
-0.0958321 -0.326319 0.0
-0.0802801 -0.290472 0.0
-0.06371 -0.245555 0.0
-0.0470512 -0.193306 0.0
-0.0314604 -0.137206 0.0
-0.018203 -0.0827885 0.0
-0.00837478 -0.037181 0.0
-0.00249609 -0.00723316 0.0
-0.000279791 0.00279365 0.0
-0.000409778 0.0192034 0.0
-0.00249929 0.0746898 0.0
-0.00673423 0.112193 0.0
-0.012357 0.137526 0.0
-0.0187378 0.155842 0.0
-0.0254448 0.170503 0.0
-0.0322215 0.183277 0.0
-0.038928 0.194932 0.0
-0.0454884 0.205726 0.0
-0.0518581 0.215703 0.0
-0.0580064 0.224833 0.0
-0.0639093 0.233071 0.0
-0.0695465 0.240374 0.0
-0.0749007 0.24671 0.0
-0.0799576 0.25206 0.0
-0.0847057 0.256413 0.0
-0.0891364 0.259772 0.0
-0.0932442 0.262149 0.0
-0.0970265 0.263566 0.0
-0.100483 0.264052 0.0
-0.103618 0.263647 0.0
-0.106435 0.262394 0.0
-0.108944 0.260343 0.0
-0.111154 0.257551 0.0
-0.113079 0.254076 0.0
-0.114732 0.24998 0.0
-0.116131 0.245327 0.0
-0.117294 0.240184 0.0
-0.118242 0.234617 0.0
-0.118994 0.22869 0.0
-0.119574 0.222468 0.0
-0.120003 0.216014 0.0
-0.120306 0.209385 0.0
-0.120503 0.202637 0.0
-0.120617 0.195818 0.0
-0.120668 0.188974 0.0
-0.120675 0.182142 0.0
-0.120654 0.175353 0.0
-0.12062 0.168633 0.0
-0.120585 0.162001 0.0
-0.120558 0.15547 0.0
-0.120548 0.149047 0.0
-0.120558 0.142734 0.0
-0.12059 0.136531 0.0
-0.120647 0.130432 0.0
-0.120727 0.12443 0.0
-0.120828 0.118517 0.0
-0.120947 0.112683 0.0
-0.121081 0.106917 0.0
-0.121226 0.101209 0.0
-0.121378 0.09555 0.0
-0.121535 0.0899309 0.0
-0.121691 0.0843434 0.0
-0.121844 0.0787803 0.0
-0.121992 0.0732354 0.0
-0.122132 0.0677033 0.0
-0.122263 0.0621792 0.0
-0.122382 0.0566594 0.0
-0.122489 0.0511405 0.0
-0.122584 0.0456197 0.0
-0.122665 0.0400945 0.0
-0.122734 0.0345628 0.0
-0.122789 0.0290227 0.0
-0.122831 0.0234722 0.0
-0.122861 0.0179099 0.0
-0.122879 0.012334 0.0
-0.122885 0.00674291 0.0
-0.12288 0.00113514 0.0
-0.122864 -0.0044909 0.0
-0.122839 -0.0101379 0.0
-0.122804 -0.0158078 0.0
-0.122761 -0.0215026 0.0
-0.122709 -0.0272237 0.0
-0.122648 -0.0329728 0.0
-0.122579 -0.0387513 0.0
-0.122503 -0.0445607 0.0
-0.122418 -0.0504022 0.0
-0.122325 -0.0562769 0.0
-0.122224 -0.0621858 0.0
-0.122114 -0.0681295 0.0
-0.121994 -0.0741086 0.0
-0.121864 -0.0801231 0.0
-0.121722 -0.0861729 0.0
-0.121569 -0.0922577 0.0
-0.121402 -0.0983764 0.0
-0.121221 -0.104528 0.0
-0.121025 -0.110711 0.0
-0.120813 -0.116924 0.0
-0.120583 -0.123165 0.0
-0.120337 -0.129431 0.0
-0.120074 -0.135723 0.0
-0.119797 -0.142038 0.0
-0.119507 -0.148378 0.0
-0.119211 -0.154745 0.0
-0.118916 -0.161145 0.0
-0.118633 -0.167589 0.0
-0.118376 -0.174092 0.0
-0.118167 -0.180681 0.0
-0.118029 -0.187389 0.0
-0.117997 -0.194268 0.0
-0.11811 -0.201382 0.0
-0.118413 -0.208819 0.0
-0.118958 -0.216684 0.0
-0.119798 -0.225106 0.0
-0.120982 -0.234225 0.0
-0.122546 -0.244193 0.0
-0.124506 -0.255149 0.0
-0.126841 -0.267198 0.0
-0.129483 -0.280385 0.0
-0.132308 -0.294653 0.0
-0.135126 -0.309812 0.0
-0.137685 -0.325505 0.0
-0.139675 -0.341184 0.0
-0.140747 -0.356098 0.0
-0.140531 -0.369291 0.0
-0.138664 -0.379616 0.0
-0.134816 -0.38577 0.0
-0.128731 -0.386345 0.0
-0.120254 -0.379903 0.0
-0.109372 -0.365095 0.0
-0.0962506 -0.340828 0.0
-0.0812728 -0.306494 0.0
-0.0650701 -0.262307 0.0
-0.0485414 -0.209742 0.0
-0.0328368 -0.152066 0.0
-0.0192569 -0.0947662 0.0
-0.00899684 -0.0452916 0.0
-0.00273151 -0.0112666 0.0
-0.000317286 0.00219658 0.0
-0.000364324 0.0199775 0.0
-0.00227112 0.077912 0.0
-0.00620454 0.117139 0.0
-0.0115011 0.143499 0.0
-0.0175674 0.162316 0.0
-0.0239769 0.177145 0.0
-0.0304687 0.189903 0.0
-0.0368978 0.201442 0.0
-0.0431858 0.212065 0.0
-0.0492869 0.221835 0.0
-0.0551708 0.230733 0.0
-0.060814 0.238717 0.0
-0.0661973 0.245748 0.0
-0.0713043 0.251797 0.0
-0.0761218 0.256847 0.0
-0.0806391 0.260891 0.0
-0.0848487 0.263934 0.0
-0.0887458 0.265992 0.0
-0.0923284 0.267088 0.0
-0.0955975 0.267256 0.0
-0.0985566 0.266537 0.0
-0.101212 0.264976 0.0
-0.103571 0.262628 0.0
-0.105646 0.25955 0.0
-0.107448 0.255803 0.0
-0.108994 0.251451 0.0
-0.1103 0.246561 0.0
-0.111384 0.241198 0.0
-0.112267 0.235432 0.0
-0.112968 0.229329 0.0
-0.113511 0.222952 0.0
-0.113917 0.216366 0.0
-0.114208 0.209627 0.0
-0.114406 0.20279 0.0
-0.11453 0.195904 0.0
-0.114602 0.189011 0.0
-0.114637 0.182147 0.0
-0.114651 0.175341 0.0
-0.114657 0.168617 0.0
-0.114666 0.161991 0.0
-0.114686 0.155474 0.0
-0.114722 0.149069 0.0
-0.114779 0.142779 0.0
-0.114857 0.136598 0.0
-0.114958 0.130522 0.0
-0.115078 0.124541 0.0
-0.115217 0.118646 0.0
-0.11537 0.112826 0.0
-0.115535 0.107072 0.0
-0.115707 0.101372 0.0
-0.115884 0.0957165 0.0
-0.116061 0.0900978 0.0
-0.116235 0.0845076 0.0
-0.116405 0.0789392 0.0
-0.116567 0.0733867 0.0
-0.11672 0.0678451 0.0
-0.116863 0.0623102 0.0
-0.116993 0.0567785 0.0
-0.117112 0.0512471 0.0
-0.117217 0.0457134 0.0
-0.11731 0.0401752 0.0
-0.11739 0.0346305 0.0
-0.117457 0.0290777 0.0
-0.117513 0.023515 0.0
-0.117557 0.0179408 0.0
-0.117589 0.0123536 0.0
-0.117612 0.00675176 0.0
-0.117624 0.00113383 0.0
-0.117627 -0.00450178 0.0
-0.117622 -0.0101578 0.0
-0.117608 -0.0158363 0.0
-0.117587 -0.0215391 0.0
-0.117558 -0.027268 0.0
-0.117523 -0.0330246 0.0
-0.11748 -0.0388105 0.0
-0.117431 -0.0446273 0.0
-0.117375 -0.0504763 0.0
-0.117312 -0.0563587 0.0
-0.117242 -0.0622757 0.0
-0.117163 -0.0682281 0.0
-0.117077 -0.0742165 0.0
-0.116981 -0.0802412 0.0
-0.116875 -0.0863023 0.0
-0.116757 -0.0923993 0.0
-0.116627 -0.0985317 0.0
-0.116482 -0.104698 0.0
-0.116323 -0.110897 0.0
-0.116146 -0.117127 0.0
-0.115951 -0.123386 0.0
-0.115737 -0.129671 0.0
-0.115503 -0.13598 0.0
-0.115251 -0.142311 0.0
-0.114981 -0.148664 0.0
-0.114696 -0.155039 0.0
-0.114402 -0.16144 0.0
-0.114107 -0.167873 0.0
-0.113822 -0.17435 0.0
-0.113565 -0.180891 0.0
-0.113357 -0.187525 0.0
-0.113227 -0.194294 0.0
-0.113211 -0.201259 0.0
-0.113352 -0.208497 0.0
-0.113703 -0.216111 0.0
-0.114317 -0.224225 0.0
-0.115252 -0.232987 0.0
-0.116557 -0.242562 0.0
-0.118264 -0.253113 0.0
-0.120378 -0.264786 0.0
-0.122859 -0.277675 0.0
-0.125611 -0.291787 0.0
-0.128473 -0.306998 0.0
-0.131215 -0.323019 0.0
-0.13354 -0.339355 0.0
-0.135101 -0.355294 0.0
-0.135518 -0.369893 0.0
-0.134406 -0.381992 0.0
-0.131407 -0.39024 0.0
-0.126222 -0.393145 0.0
-0.118651 -0.389151 0.0
-0.108631 -0.37675 0.0
-0.0962756 -0.35465 0.0
-0.0819171 -0.322008 0.0
-0.0661416 -0.278771 0.0
-0.0498137 -0.226134 0.0
-0.0340701 -0.167121 0.0
-0.0202364 -0.107124 0.0
-0.00959377 -0.0538365 0.0
-0.00296401 -0.0156167 0.0
-0.000355416 0.00152387 0.0
-0.000318429 0.0206602 0.0
-0.00203814 0.0808558 0.0
-0.00565966 0.12175 0.0
-0.0106167 0.149142 0.0
-0.0163553 0.168478 0.0
-0.022456 0.183493 0.0
-0.0286537 0.196245 0.0
-0.0347985 0.207674 0.0
-0.0408086 0.218131 0.0
-0.0466375 0.227699 0.0
-0.0522548 0.23637 0.0
-0.0576376 0.244106 0.0
-0.0627677 0.250872 0.0
-0.0676296 0.256642 0.0
-0.0722109 0.261401 0.0
-0.076502 0.265146 0.0
-0.0804961 0.267884 0.0
-0.0841891 0.269633 0.0
-0.0875797 0.270421 0.0
-0.0906693 0.270282 0.0
-0.0934619 0.269262 0.0
-0.0959639 0.267408 0.0
-0.098184 0.264776 0.0
-0.100133 0.261426 0.0
-0.101825 0.257421 0.0
-0.103274 0.252828 0.0
-0.104497 0.247713 0.0
-0.105512 0.242146 0.0
-0.10634 0.236195 0.0
-0.107 0.229928 0.0
-0.107515 0.22341 0.0
-0.107904 0.216704 0.0
-0.108191 0.209866 0.0
-0.108395 0.202952 0.0
-0.108535 0.196007 0.0
-0.10863 0.189073 0.0
-0.108696 0.182184 0.0
-0.108746 0.175368 0.0
-0.108792 0.168643 0.0
-0.108843 0.162026 0.0
-0.108907 0.155523 0.0
-0.108987 0.149137 0.0
-0.109087 0.142867 0.0
-0.109206 0.136708 0.0
-0.109345 0.130651 0.0
-0.109501 0.124688 0.0
-0.109672 0.118808 0.0
-0.109854 0.113 0.0
-0.110045 0.107253 0.0
-0.110239 0.101557 0.0
-0.110435 0.0959032 0.0
-0.11063 0.0902823 0.0
-0.110819 0.0846873 0.0
-0.111002 0.0791117 0.0
-0.111175 0.0735502 0.0
-0.111339 0.0679981 0.0
-0.111491 0.0624517 0.0
-0.111631 0.0569079 0.0
-0.111759 0.0513639 0.0
-0.111874 0.0458175 0.0
-0.111977 0.0402667 0.0
-0.112068 0.0347097 0.0
-0.112147 0.029145 0.0
-0.112215 0.0235709 0.0
-0.112272 0.0179859 0.0
-0.112319 0.0123885 0.0
-0.112357 0.0067771 0.0
-0.112386 0.00115021 0.0
-0.112408 -0.00449377 0.0
-0.112421 -0.0101576 0.0
-0.112428 -0.0158433 0.0
-0.112428 -0.021553 0.0
-0.112423 -0.0272885 0.0
-0.112411 -0.0330514 0.0
-0.112394 -0.0388435 0.0
-0.112371 -0.0446664 0.0
-0.112343 -0.0505216 0.0
-0.112308 -0.0564106 0.0
-0.112268 -0.0623345 0.0
-0.112221 -0.0682943 0.0
-0.112167 -0.074291 0.0
-0.112105 -0.0803249 0.0
-0.112034 -0.0863962 0.0
-0.111952 -0.0925049 0.0
-0.111858 -0.0986502 0.0
-0.111751 -0.104831 0.0
-0.111628 -0.111046 0.0
-0.111489 -0.117294 0.0
-0.111331 -0.123572 0.0
-0.111153 -0.129877 0.0
-0.110954 -0.136206 0.0
-0.110732 -0.142558 0.0
-0.110489 -0.14893 0.0
-0.110225 -0.155322 0.0
-0.109944 -0.161733 0.0
-0.109651 -0.168168 0.0
-0.109356 -0.174634 0.0
-0.109072 -0.181148 0.0
-0.108816 -0.187731 0.0
-0.108614 -0.19442 0.0
-0.108498 -0.201266 0.0
-0.108507 -0.208339 0.0
-0.108691 -0.215734 0.0
-0.109106 -0.223572 0.0
-0.109811 -0.232 0.0
-0.110865 -0.24119 0.0
-0.112315 -0.251327 0.0
-0.114187 -0.262587 0.0
-0.116467 -0.275113 0.0
-0.119092 -0.288972 0.0
-0.121928 -0.304113 0.0
-0.124773 -0.320317 0.0
-0.127348 -0.337156 0.0
-0.129314 -0.353966 0.0
-0.130286 -0.369832 0.0
-0.129863 -0.383589 0.0
-0.127659 -0.393848 0.0
-0.123338 -0.399044 0.0
-0.116655 -0.397506 0.0
-0.107497 -0.387572 0.0
-0.0959273 -0.367752 0.0
-0.0822248 -0.336966 0.0
-0.0669286 -0.294885 0.0
-0.0508656 -0.242411 0.0
-0.0351533 -0.1823 0.0
-0.0211329 -0.119799 0.0
-0.0101587 -0.0627781 0.0
-0.00319077 -0.0202729 0.0
-0.00039391 0.00077455 0.0
-0.000272536 0.0212512 0.0
-0.00180239 0.0835144 0.0
-0.00510393 0.126015 0.0
-0.00971007 0.15444 0.0
-0.0151096 0.174317 0.0
-0.0208918 0.189537 0.0
-0.0267877 0.202295 0.0
-0.0326422 0.213623 0.0
-0.0383704 0.22392 0.0
-0.0439243 0.233293 0.0
-0.0492735 0.241743 0.0
-0.0543959 0.249238 0.0
-0.059274 0.255748 0.0
-0.0638931 0.261247 0.0
-0.0682419 0.265726 0.0
-0.0723114 0.269182 0.0
-0.0760955 0.271626 0.0
-0.0795908 0.273079 0.0
-0.0827965 0.273571 0.0
-0.0857145 0.27314 0.0
-0.088349 0.271832 0.0
-0.0907069 0.269698 0.0
-0.0927969 0.266797 0.0
-0.0946303 0.263189 0.0
-0.0962202 0.25894 0.0
-0.0975815 0.254119 0.0
-0.098731 0.248794 0.0
-0.0996868 0.243036 0.0
-0.100468 0.236914 0.0
-0.101095 0.230497 0.0
-0.101589 0.223849 0.0
-0.101969 0.217034 0.0
-0.102256 0.21011 0.0
-0.102471 0.203127 0.0
-0.10263 0.196132 0.0
-0.102751 0.189164 0.0
-0.102848 0.182256 0.0
-0.102934 0.175432 0.0
-0.103019 0.16871 0.0
-0.103111 0.162102 0.0
-0.103215 0.155614 0.0
-0.103335 0.149246 0.0
-0.103473 0.142995 0.0
-0.103629 0.136855 0.0
-0.103801 0.130815 0.0
-0.103988 0.124867 0.0
-0.104186 0.118998 0.0
-0.104392 0.113198 0.0
-0.104604 0.107456 0.0
-0.104817 0.101762 0.0
-0.105028 0.0961063 0.0
-0.105236 0.090481 0.0
-0.105437 0.0848793 0.0
-0.10563 0.0792951 0.0
-0.105813 0.0737235 0.0
-0.105985 0.0681603 0.0
-0.106145 0.0626021 0.0
-0.106294 0.057046 0.0
-0.10643 0.0514896 0.0
-0.106554 0.045931 0.0
-0.106666 0.0403682 0.0
-0.106767 0.0347998 0.0
-0.106857 0.029224 0.0
-0.106937 0.0236395 0.0
-0.107007 0.0180448 0.0
-0.107068 0.0124382 0.0
-0.107121 0.0068184 0.0
-0.107167 0.00118371 0.0
-0.107206 -0.00446746 0.0
-0.107238 -0.0101379 0.0
-0.107264 -0.0158298 0.0
-0.107286 -0.0215451 0.0
-0.107302 -0.0272859 0.0
-0.107313 -0.0330539 0.0
-0.107321 -0.038851 0.0
-0.107323 -0.0446788 0.0
-0.107322 -0.0505391 0.0
-0.107316 -0.0564333 0.0
-0.107305 -0.0623629 0.0
-0.107288 -0.068329 0.0
-0.107266 -0.0743327 0.0
-0.107237 -0.0803747 0.0
-0.107199 -0.0864552 0.0
-0.107153 -0.0925744 0.0
-0.107095 -0.0987319 0.0
-0.107025 -0.104927 0.0
-0.106941 -0.111158 0.0
-0.10684 -0.117423 0.0
-0.106721 -0.12372 0.0
-0.106581 -0.130046 0.0
-0.106418 -0.136399 0.0
-0.106232 -0.142774 0.0
-0.106022 -0.149169 0.0
-0.105786 -0.155582 0.0
-0.105528 -0.162012 0.0
-0.10525 -0.168459 0.0
-0.104959 -0.174929 0.0
-0.104665 -0.181432 0.0
-0.104383 -0.187985 0.0
-0.104132 -0.194619 0.0
-0.103942 -0.201375 0.0
-0.103848 -0.208315 0.0
-0.103895 -0.215527 0.0
-0.104137 -0.223122 0.0
-0.104636 -0.231246 0.0
-0.105456 -0.240072 0.0
-0.106655 -0.249796 0.0
-0.108276 -0.260624 0.0
-0.110331 -0.272739 0.0
-0.112785 -0.286268 0.0
-0.115537 -0.301229 0.0
-0.118413 -0.317481 0.0
-0.121159 -0.334671 0.0
-0.123448 -0.352197 0.0
-0.124897 -0.369181 0.0
-0.125093 -0.384467 0.0
-0.123626 -0.396641 0.0
-0.120126 -0.404072 0.0
-0.114305 -0.404981 0.0
-0.106003 -0.397556 0.0
-0.0952293 -0.380112 0.0
-0.0822113 -0.351327 0.0
-0.0674388 -0.310593 0.0
-0.0516979 -0.258507 0.0
-0.0360821 -0.197533 0.0
-0.0219397 -0.132729 0.0
-0.0106859 -0.0720756 0.0
-0.00340904 -0.0252202 0.0
-0.000432303 -5.1661e-05 0.0
-0.00022704 0.0217508 0.0
-0.00156574 0.0858834 0.0
-0.00454137 0.129923 0.0
-0.00878723 0.159384 0.0
-0.0138378 0.179824 0.0
-0.019293 0.195268 0.0
-0.0248806 0.208047 0.0
-0.0304401 0.219285 0.0
-0.0358831 0.229429 0.0
-0.0411601 0.238614 0.0
-0.0462407 0.246851 0.0
-0.0511032 0.254115 0.0
-0.0557308 0.260377 0.0
-0.0601099 0.265617 0.0
-0.0642298 0.269825 0.0
-0.0680822 0.273004 0.0
-0.0716617 0.275167 0.0
-0.0749655 0.276337 0.0
-0.0779932 0.276546 0.0
-0.0807469 0.275836 0.0
-0.0832313 0.274254 0.0
-0.0854531 0.271855 0.0
-0.0874215 0.268698 0.0
-0.0891476 0.264847 0.0
-0.0906443 0.260369 0.0
-0.0919266 0.255334 0.0
-0.0930109 0.249813 0.0
-0.0939149 0.243877 0.0
-0.0946573 0.237597 0.0
-0.0952578 0.231041 0.0
-0.0957361 0.224276 0.0
-0.096112 0.217364 0.0
-0.0964047 0.210361 0.0
-0.0966327 0.203318 0.0
-0.0968129 0.19628 0.0
-0.0969606 0.189285 0.0
-0.0970891 0.182361 0.0
-0.0972097 0.175533 0.0
-0.0973313 0.168815 0.0
-0.0974605 0.162218 0.0
-0.097602 0.155744 0.0
-0.0977583 0.149393 0.0
-0.0979304 0.143159 0.0
-0.0981177 0.137034 0.0
-0.0983187 0.131009 0.0
-0.098531 0.125072 0.0
-0.0987518 0.119212 0.0
-0.0989779 0.113417 0.0
-0.0992062 0.107677 0.0
-0.0994337 0.101982 0.0
-0.0996577 0.0963222 0.0
-0.0998759 0.0906909 0.0
-0.100086 0.085081 0.0
-0.100287 0.0794872 0.0
-0.100478 0.0739049 0.0
-0.100657 0.0683302 0.0
-0.100824 0.06276 0.0
-0.10098 0.0571919 0.0
-0.101123 0.0516236 0.0
-0.101255 0.0460533 0.0
-0.101377 0.0404793 0.0
-0.101487 0.0349001 0.0
-0.101588 0.0293143 0.0
-0.101679 0.0237204 0.0
-0.101762 0.0181169 0.0
-0.101837 0.0125024 0.0
-0.101905 0.00687524 0.0
-0.101966 0.00123386 0.0
-0.102022 -0.00442337 0.0
-0.102072 -0.0100993 0.0
-0.102118 -0.0157961 0.0
-0.10216 -0.0215161 0.0
-0.102197 -0.0272611 0.0
-0.102231 -0.033033 0.0
-0.102262 -0.0388339 0.0
-0.10229 -0.0446654 0.0
-0.102314 -0.0505295 0.0
-0.102335 -0.0564279 0.0
-0.102353 -0.0623619 0.0
-0.102366 -0.0683331 0.0
-0.102374 -0.0743426 0.0
-0.102377 -0.0803913 0.0
-0.102373 -0.0864799 0.0
-0.102361 -0.0926085 0.0
-0.102339 -0.098777 0.0
-0.102306 -0.104985 0.0
-0.10226 -0.111231 0.0
-0.102198 -0.117513 0.0
-0.102118 -0.123829 0.0
-0.102017 -0.130177 0.0
-0.101895 -0.136553 0.0
-0.101747 -0.142953 0.0
-0.101574 -0.149374 0.0
-0.101372 -0.155813 0.0
-0.101144 -0.162267 0.0
-0.100891 -0.168735 0.0
-0.100616 -0.175219 0.0
-0.100327 -0.181725 0.0
-0.100035 -0.188266 0.0
-0.0997572 -0.194866 0.0
-0.0995168 -0.201558 0.0
-0.0993455 -0.208397 0.0
-0.0992841 -0.215459 0.0
-0.0993838 -0.222848 0.0
-0.0997043 -0.230701 0.0
-0.100312 -0.239189 0.0
-0.101274 -0.248518 0.0
-0.102647 -0.258909 0.0
-0.104463 -0.270582 0.0
-0.106715 -0.283719 0.0
-0.109336 -0.298406 0.0
-0.112181 -0.314583 0.0
-0.115025 -0.331979 0.0
-0.117559 -0.350065 0.0
-0.119408 -0.368015 0.0
-0.120151 -0.384694 0.0
-0.11936 -0.398673 0.0
-0.116633 -0.408266 0.0
-0.111643 -0.411596 0.0
-0.104182 -0.406705 0.0
-0.0942076 -0.391712 0.0
-0.0818949 -0.365057 0.0
-0.0676829 -0.325847 0.0
-0.0523147 -0.274362 0.0
-0.0368551 -0.212753 0.0
-0.0226521 -0.145855 0.0
-0.0111704 -0.081686 0.0
-0.00361556 -0.0304415 0.0
-0.000469392 -0.000953354 0.0
-0.000182298 0.0221601 0.0
-0.00132991 0.0879603 0.0
-0.00397568 0.133467 0.0
-0.00785365 0.163964 0.0
-0.0125468 0.184988 0.0
-0.0176677 0.200679 0.0
-0.0229414 0.213497 0.0
-0.0282021 0.224656 0.0
-0.0333575 0.234657 0.0
-0.0383566 0.243663 0.0
-0.0431684 0.251695 0.0
-0.047772 0.258737 0.0
-0.0521512 0.264762 0.0
-0.0562931 0.269753 0.0
-0.0601877 0.273703 0.0
-0.0638276 0.276618 0.0
-0.0672079 0.278513 0.0
-0.070326 0.279413 0.0
-0.073182 0.279354 0.0
-0.0757784 0.278379 0.0
-0.0781198 0.276538 0.0
-0.0802133 0.273887 0.0
-0.0820677 0.270489 0.0
-0.0836941 0.266409 0.0
-0.0851054 0.261715 0.0
-0.0863162 0.256481 0.0
-0.0873424 0.250777 0.0
-0.0882013 0.244676 0.0
-0.088911 0.23825 0.0
-0.0894904 0.231568 0.0
-0.0899584 0.224696 0.0
-0.0903339 0.217695 0.0
-0.0906349 0.210623 0.0
-0.0908786 0.203528 0.0
-0.0910807 0.196453 0.0
-0.0912553 0.189434 0.0
-0.0914144 0.182499 0.0
-0.0915678 0.175669 0.0
-0.0917235 0.168957 0.0
-0.0918869 0.162369 0.0
-0.0920617 0.155909 0.0
-0.0922498 0.149572 0.0
-0.0924515 0.143353 0.0
-0.0926659 0.137242 0.0
-0.0928911 0.131228 0.0
-0.0931248 0.125299 0.0
-0.093364 0.119445 0.0
-0.0936059 0.113652 0.0
-0.0938476 0.107912 0.0
-0.0940864 0.102213 0.0
-0.0943199 0.0965482 0.0
-0.0945462 0.0909093 0.0
-0.0947636 0.0852903 0.0
-0.0949709 0.0796862 0.0
-0.0951673 0.0740927 0.0
-0.0953524 0.0685065 0.0
-0.0955258 0.0629246 0.0
-0.0956878 0.0573448 0.0
-0.0958385 0.0517651 0.0
-0.0959785 0.0461838 0.0
-0.0961081 0.0405995 0.0
-0.0962282 0.0350106 0.0
-0.0963393 0.0294157 0.0
-0.0964421 0.0238134 0.0
-0.0965374 0.0182022 0.0
-0.096626 0.0125807 0.0
-0.0967084 0.00694728 0.0
-0.0967854 0.00130029 0.0
-0.0968576 -0.00436194 0.0
-0.0969257 -0.0100422 0.0
-0.0969901 -0.015743 0.0
-0.0970513 -0.0214664 0.0
-0.0971098 -0.0272145 0.0
-0.0971658 -0.0329894 0.0
-0.0972196 -0.0387929 0.0
-0.0972712 -0.0446271 0.0
-0.0973208 -0.0504939 0.0
-0.0973682 -0.0563951 0.0
-0.097413 -0.0623324 0.0
-0.097455 -0.0683074 0.0
-0.0974933 -0.0743215 0.0
-0.0975273 -0.0803757 0.0
-0.0975558 -0.0864709 0.0
-0.0975776 -0.0926077 0.0
-0.097591 -0.098786 0.0
-0.0975944 -0.105005 0.0
-0.0975855 -0.111265 0.0
-0.0975622 -0.117564 0.0
-0.097522 -0.123899 0.0
-0.0974623 -0.130267 0.0
-0.0973804 -0.136667 0.0
-0.0972738 -0.143093 0.0
-0.0971401 -0.149542 0.0
-0.0969776 -0.156009 0.0
-0.0967852 -0.162491 0.0
-0.0965633 -0.168986 0.0
-0.096314 -0.175492 0.0
-0.0960421 -0.182013 0.0
-0.0957559 -0.188557 0.0
-0.0954686 -0.195141 0.0
-0.0951996 -0.201793 0.0
-0.0949757 -0.208558 0.0
-0.0948332 -0.215502 0.0
-0.0948188 -0.22272 0.0
-0.0949897 -0.230338 0.0
-0.095412 -0.238522 0.0
-0.0961568 -0.247478 0.0
-0.0972913 -0.257441 0.0
-0.0988662 -0.268659 0.0
-0.100898 -0.281358 0.0
-0.103351 -0.295694 0.0
-0.106113 -0.311687 0.0
-0.108991 -0.329154 0.0
-0.111698 -0.347649 0.0
-0.113871 -0.366409 0.0
-0.115091 -0.384337 0.0
-0.114911 -0.400001 0.0
-0.112906 -0.41167 0.0
-0.10871 -0.417378 0.0
-0.102069 -0.415026 0.0
-0.0928903 -0.402544 0.0
-0.0812962 -0.378132 0.0
-0.0676743 -0.340606 0.0
-0.0527224 -0.289923 0.0
-0.0374731 -0.227901 0.0
-0.0232675 -0.159115 0.0
-0.0116092 -0.0915655 0.0
-0.00380951 -0.0359165 0.0
-0.000505598 -0.00192834 0.0
-0.000138649 0.0224811 0.0
-0.0010965 0.0897449 0.0
-0.00341035 0.136642 0.0
-0.00691445 0.16817 0.0
-0.0112429 0.189803 0.0
-0.0160231 0.205766 0.0
-0.0209783 0.218639 0.0
-0.0259372 0.229732 0.0
-0.0308034 0.239602 0.0
-0.0355239 0.248437 0.0
-0.0400676 0.256276 0.0
-0.0444136 0.263106 0.0
-0.0485465 0.268905 0.0
-0.0524543 0.273659 0.0
-0.0561275 0.277365 0.0
-0.0595593 0.280028 0.0
-0.0627452 0.281668 0.0
-0.0656833 0.282313 0.0
-0.0683737 0.282 0.0
-0.0708191 0.280774 0.0
-0.0730243 0.278688 0.0
-0.0749961 0.275801 0.0
-0.0767434 0.272176 0.0
-0.0782772 0.267881 0.0
-0.0796098 0.262987 0.0
-0.0807556 0.257566 0.0
-0.0817299 0.251692 0.0
-0.0825495 0.245439 0.0
-0.0832317 0.238879 0.0
-0.0837945 0.232081 0.0
-0.084256 0.225112 0.0
-0.0846339 0.218033 0.0
-0.0849451 0.210898 0.0
-0.0852056 0.203757 0.0
-0.0854299 0.19665 0.0
-0.0856306 0.189612 0.0
-0.0858187 0.182669 0.0
-0.0860027 0.175837 0.0
-0.0861895 0.169131 0.0
-0.0863836 0.162553 0.0
-0.0865879 0.156105 0.0
-0.0868036 0.149781 0.0
-0.0870305 0.143573 0.0
-0.0872676 0.137473 0.0
-0.0875129 0.131467 0.0
-0.0877638 0.125544 0.0
-0.0880178 0.119693 0.0
-0.088272 0.113901 0.0
-0.088524 0.108157 0.0
-0.0887713 0.102454 0.0
-0.089012 0.0967818 0.0
-0.0892443 0.0911343 0.0
-0.0894671 0.0855055 0.0
-0.0896795 0.0798907 0.0
-0.0898808 0.074286 0.0
-0.0900709 0.0686883 0.0
-0.0902498 0.0630951 0.0
-0.0904178 0.0575042 0.0
-0.0905752 0.0519138 0.0
-0.0907227 0.0463225 0.0
-0.0908607 0.0407286 0.0
-0.0909901 0.0351309 0.0
-0.0911115 0.0295279 0.0
-0.0912256 0.0239182 0.0
-0.0913333 0.0183004 0.0
-0.0914351 0.0126729 0.0
-0.0915319 0.00703425 0.0
-0.0916242 0.00138266 0.0
-0.0917127 -0.00428355 0.0
-0.0917981 -0.00996723 0.0
-0.0918808 -0.0156709 0.0
-0.0919613 -0.0213968 0.0
-0.09204 -0.027147 0.0
-0.0921173 -0.0329236 0.0
-0.0921934 -0.0387288 0.0
-0.0922685 -0.0445645 0.0
-0.0923425 -0.0504329 0.0
-0.0924154 -0.0563358 0.0
-0.092487 -0.0622752 0.0
-0.0925568 -0.0682528 0.0
-0.0926243 -0.0742702 0.0
-0.0926887 -0.0803286 0.0
-0.0927489 -0.0864293 0.0
-0.0928038 -0.0925728 0.0
-0.0928516 -0.0987596 0.0
-0.0928908 -0.104989 0.0
-0.0929191 -0.111262 0.0
-0.0929343 -0.117575 0.0
-0.0929339 -0.123928 0.0
-0.092915 -0.130317 0.0
-0.0928748 -0.13674 0.0
-0.0928103 -0.143192 0.0
-0.0927189 -0.149669 0.0
-0.092598 -0.156166 0.0
-0.0924457 -0.162679 0.0
-0.0922612 -0.169204 0.0
-0.092045 -0.175739 0.0
-0.0917999 -0.182283 0.0
-0.0915316 -0.188841 0.0
-0.0912501 -0.195425 0.0
-0.0909707 -0.202057 0.0
-0.090716 -0.208773 0.0
-0.0905173 -0.215629 0.0
-0.0904164 -0.222708 0.0
-0.0904663 -0.230128 0.0
-0.0907313 -0.238045 0.0
-0.0912835 -0.246659 0.0
-0.0921971 -0.256212 0.0
-0.0935366 -0.266973 0.0
-0.0953403 -0.279208 0.0
-0.0975997 -0.293132 0.0
-0.100238 -0.308847 0.0
-0.103093 -0.326262 0.0
-0.105907 -0.34502 0.0
-0.108335 -0.364437 0.0
-0.10996 -0.383464 0.0
-0.110329 -0.400684 0.0
-0.108992 -0.414331 0.0
-0.105548 -0.422358 0.0
-0.0996999 -0.422535 0.0
-0.0913069 -0.412607 0.0
-0.0804379 -0.390532 0.0
-0.0674287 -0.354837 0.0
-0.0529301 -0.305143 0.0
-0.0379394 -0.242921 0.0
-0.023785 -0.172455 0.0
-0.0119998 -0.101669 0.0
-0.00398933 -0.0416231 0.0
-0.000540544 -0.00297448 0.0
-9.64704e-05 0.0227162 0.0
-0.000867139 0.0912383 0.0
-0.00284871 0.139444 0.0
-0.00597444 0.171998 0.0
-0.00993214 0.194261 0.0
-0.0143661 0.210521 0.0
-0.0189988 0.223472 0.0
-0.0236533 0.234514 0.0
-0.0282293 0.244263 0.0
-0.0326713 0.252939 0.0
-0.0369476 0.260594 0.0
-0.0410378 0.267223 0.0
-0.0449269 0.272809 0.0
-0.0486036 0.27734 0.0
-0.0520591 0.280813 0.0
-0.0552871 0.28324 0.0
-0.0582836 0.28464 0.0
-0.0610468 0.285043 0.0
-0.0635772 0.284491 0.0
-0.0658774 0.283029 0.0
-0.0679524 0.280714 0.0
-0.0698088 0.277604 0.0
-0.0714553 0.273767 0.0
-0.0729025 0.269271 0.0
-0.0741624 0.264189 0.0
-0.0752488 0.258595 0.0
-0.0761766 0.252565 0.0
-0.0769616 0.246171 0.0
-0.0776206 0.239488 0.0
-0.0781704 0.232585 0.0
-0.0786282 0.225528 0.0
-0.0790104 0.218377 0.0
-0.079333 0.211187 0.0
-0.0796107 0.204006 0.0
-0.0798565 0.196872 0.0
-0.0800821 0.189817 0.0
-0.0802971 0.182866 0.0
-0.080509 0.176036 0.0
-0.0807236 0.169334 0.0
-0.0809448 0.162765 0.0
-0.0811746 0.156327 0.0
-0.0814139 0.150013 0.0
-0.0816621 0.143816 0.0
-0.0819178 0.137723 0.0
-0.0821792 0.131723 0.0
-0.0824438 0.125804 0.0
-0.0827091 0.119953 0.0
-0.0829727 0.114159 0.0
-0.0832322 0.108411 0.0
-0.0834858 0.102701 0.0
-0.0837316 0.0970211 0.0
-0.0839684 0.0913642 0.0
-0.0841952 0.0857252 0.0
-0.0844115 0.0800996 0.0
-0.0846169 0.0744839 0.0
-0.0848115 0.0688752 0.0
-0.0849953 0.0632711 0.0
-0.085169 0.0576698 0.0
-0.0853328 0.0520696 0.0
-0.0854876 0.0464689 0.0
-0.0856339 0.0408665 0.0
-0.0857726 0.0352609 0.0
-0.0859042 0.0296508 0.0
-0.0860296 0.0240348 0.0
-0.0861494 0.0184113 0.0
-0.0862645 0.0127789 0.0
-0.0863754 0.00713594 0.0
-0.0864828 0.00148072 0.0
-0.0865873 -0.0041885 0.0
-0.0866896 -0.00987461 0.0
-0.0867903 -0.0155802 0.0
-0.0868896 -0.0213075 0.0
-0.0869882 -0.0270589 0.0
-0.0870863 -0.0328363 0.0
-0.0871842 -0.0386421 0.0
-0.087282 -0.0444783 0.0
-0.0873799 -0.0503472 0.0
-0.0874777 -0.0562508 0.0
-0.0875753 -0.0621911 0.0
-0.0876724 -0.0681701 0.0
-0.0877683 -0.0741895 0.0
-0.0878623 -0.0802509 0.0
-0.0879535 -0.0863555 0.0
-0.0880407 -0.0925045 0.0
-0.0881223 -0.0986983 0.0
-0.0881966 -0.104937 0.0
-0.0882616 -0.111221 0.0
-0.0883149 -0.117548 0.0
-0.0883539 -0.123917 0.0
-0.0883759 -0.130325 0.0
-0.0883778 -0.13677 0.0
-0.0883564 -0.143247 0.0
-0.0883086 -0.149752 0.0
-0.0882315 -0.15628 0.0
-0.0881225 -0.162826 0.0
-0.0879797 -0.169385 0.0
-0.0878025 -0.175952 0.0
-0.0875919 -0.182525 0.0
-0.0873514 -0.189107 0.0
-0.0870881 -0.195704 0.0
-0.086814 -0.202332 0.0
-0.0865474 -0.209019 0.0
-0.0863148 -0.215814 0.0
-0.0861528 -0.222787 0.0
-0.0861096 -0.230043 0.0
-0.0862456 -0.237729 0.0
-0.0866322 -0.246036 0.0
-0.087347 -0.255207 0.0
-0.0884643 -0.265522 0.0
-0.0900403 -0.277279 0.0
-0.0920924 -0.290749 0.0
-0.0945758 -0.306108 0.0
-0.0973619 -0.32336 0.0
-0.100225 -0.342245 0.0
-0.102842 -0.362168 0.0
-0.104805 -0.382144 0.0
-0.105659 -0.400782 0.0
-0.104932 -0.416297 0.0
-0.102195 -0.426572 0.0
-0.0971103 -0.429253 0.0
-0.0894873 -0.421905 0.0
-0.0793439 -0.402247 0.0
-0.0669635 -0.368512 0.0
-0.0529488 -0.319981 0.0
-0.0382591 -0.257763 0.0
-0.0242053 -0.185821 0.0
-0.0123409 -0.111953 0.0
-0.00415369 -0.0475373 0.0
-0.000573857 -0.00408888 0.0
-5.63449e-05 0.022869 0.0
-0.000643689 0.0924434 0.0
-0.00229408 0.141871 0.0
-0.00503823 0.175441 0.0
-0.00861988 0.198357 0.0
-0.0127027 0.214942 0.0
-0.0170094 0.22799 0.0
-0.0213578 0.238998 0.0
-0.0256428 0.24864 0.0
-0.0298067 0.257168 0.0
-0.033817 0.264652 0.0
-0.0376532 0.271092 0.0
-0.041301 0.276477 0.0
-0.0447498 0.280797 0.0
-0.0479913 0.284053 0.0
-0.0510196 0.286256 0.0
-0.0538311 0.287431 0.0
-0.0564243 0.287609 0.0
-0.0587999 0.286831 0.0
-0.0609604 0.285149 0.0
-0.0629107 0.282619 0.0
-0.0646572 0.279302 0.0
-0.0662084 0.275267 0.0
-0.0675744 0.270585 0.0
-0.0687668 0.265329 0.0
-0.0697988 0.259575 0.0
-0.0706844 0.253399 0.0
-0.0714388 0.246876 0.0
-0.0720778 0.240081 0.0
-0.0726174 0.233082 0.0
-0.0730734 0.225945 0.0
-0.0734613 0.21873 0.0
-0.0737957 0.211491 0.0
-0.0740901 0.204274 0.0
-0.0743565 0.197116 0.0
-0.0746051 0.190047 0.0
-0.0748446 0.183091 0.0
-0.0750815 0.17626 0.0
-0.0753207 0.169563 0.0
-0.0755653 0.163001 0.0
-0.0758168 0.156572 0.0
-0.0760757 0.150267 0.0
-0.0763413 0.144076 0.0
-0.076612 0.137989 0.0
-0.0768859 0.131993 0.0
-0.0771609 0.126074 0.0
-0.0774346 0.120222 0.0
-0.0777049 0.114424 0.0
-0.0779697 0.10867 0.0
-0.0782275 0.102953 0.0
-0.0784768 0.0972643 0.0
-0.0787167 0.0915977 0.0
-0.0789465 0.0859484 0.0
-0.0791658 0.0803121 0.0
-0.0793746 0.0746857 0.0
-0.0795731 0.0690664 0.0
-0.0797615 0.0634522 0.0
-0.0799406 0.0578413 0.0
-0.0801107 0.0522321 0.0
-0.0802727 0.0466232 0.0
-0.0804272 0.0410132 0.0
-0.0805751 0.0354007 0.0
-0.0807169 0.0297845 0.0
-0.0808534 0.0241631 0.0
-0.0809854 0.0185349 0.0
-0.0811136 0.0128985 0.0
-0.0812384 0.00725217 0.0
-0.0813608 0.00159424 0.0
-0.0814811 -0.00407709 0.0
-0.0816001 -0.0097647 0.0
-0.0817183 -0.0154713 0.0
-0.0818362 -0.0211992 0.0
-0.0819542 -0.0269506 0.0
-0.0820727 -0.0327279 0.0
-0.0821919 -0.0385333 0.0
-0.0823121 -0.0443691 0.0
-0.0824333 -0.0502374 0.0
-0.0825555 -0.0561405 0.0
-0.0826785 -0.0620807 0.0
-0.0828022 -0.0680599 0.0
-0.0829258 -0.0740801 0.0
-0.0830489 -0.0801431 0.0
-0.0831704 -0.0862505 0.0
-0.0832892 -0.0924035 0.0
-0.0834039 -0.098603 0.0
-0.0835128 -0.104849 0.0
-0.0836139 -0.111142 0.0
-0.0837048 -0.117482 0.0
-0.0837831 -0.123865 0.0
-0.0838458 -0.130292 0.0
-0.0838898 -0.136757 0.0
-0.0839119 -0.143259 0.0
-0.0839087 -0.149791 0.0
-0.0838769 -0.15635 0.0
-0.0838133 -0.162929 0.0
-0.0837156 -0.169522 0.0
-0.0835818 -0.176125 0.0
-0.0834117 -0.182733 0.0
-0.083207 -0.189345 0.0
-0.0829723 -0.195964 0.0
-0.0827166 -0.202601 0.0
-0.0824543 -0.209278 0.0
-0.0822073 -0.216034 0.0
-0.0820071 -0.222928 0.0
-0.0818966 -0.230055 0.0
-0.0819316 -0.237546 0.0
-0.0821804 -0.245583 0.0
-0.0827214 -0.254404 0.0
-0.0836352 -0.264294 0.0
-0.0849921 -0.275574 0.0
-0.0868316 -0.288562 0.0
-0.0891389 -0.303504 0.0
-0.0918197 -0.320497 0.0
-0.0946813 -0.339383 0.0
-0.0974271 -0.359667 0.0
-0.0996661 -0.380442 0.0
-0.100941 -0.400356 0.0
-0.100769 -0.417621 0.0
-0.0986925 -0.430061 0.0
-0.0943353 -0.435206 0.0
-0.0874618 -0.430448 0.0
-0.0780389 -0.41327 0.0
-0.0662974 -0.38161 0.0
-0.052791 -0.334404 0.0
-0.0384391 -0.272382 0.0
-0.0245305 -0.199165 0.0
-0.0126316 -0.122373 0.0
-0.00430158 -0.0536344 0.0
-0.000605235 -0.00526798 0.0
-1.9441e-05 0.0229448 0.0
-0.000428725 0.0933643 0.0
-0.00174989 0.143922 0.0
-0.00411032 0.178495 0.0
-0.00731135 0.202086 0.0
-0.0110386 0.219023 0.0
-0.0150163 0.232194 0.0
-0.019057 0.243184 0.0
-0.0230509 0.252732 0.0
-0.0269374 0.261126 0.0
-0.030683 0.26845 0.0
-0.0342673 0.274715 0.0
-0.0376766 0.279912 0.0
-0.0409005 0.284035 0.0
-0.0439315 0.287087 0.0
-0.046764 0.289083 0.0
-0.0493949 0.290047 0.0
-0.0518227 0.290014 0.0
-0.0540481 0.289027 0.0
-0.0560738 0.28714 0.0
-0.0579043 0.284409 0.0
-0.0595459 0.2809 0.0
-0.0610066 0.276681 0.0
-0.0622961 0.271826 0.0
-0.0634254 0.266409 0.0
-0.064407 0.260508 0.0
-0.0652541 0.254199 0.0
-0.0659812 0.247558 0.0
-0.0666028 0.24066 0.0
-0.067134 0.233573 0.0
-0.0675895 0.226365 0.0
-0.0679836 0.219092 0.0
-0.0683297 0.211809 0.0
-0.0686401 0.20456 0.0
-0.0689255 0.197381 0.0
-0.0691951 0.1903 0.0
-0.0694565 0.183339 0.0
-0.0697153 0.176508 0.0
-0.0699757 0.169815 0.0
-0.0702401 0.163259 0.0
-0.0705097 0.156836 0.0
-0.0707846 0.150537 0.0
-0.0710639 0.144351 0.0
-0.0713461 0.138267 0.0
-0.0716295 0.132272 0.0
-0.0719119 0.126352 0.0
-0.0721914 0.120497 0.0
-0.072466 0.114694 0.0
-0.0727342 0.108934 0.0
-0.0729945 0.103208 0.0
-0.0732459 0.0975101 0.0
-0.0734877 0.0918336 0.0
-0.0737195 0.086174 0.0
-0.0739411 0.0805274 0.0
-0.0741528 0.0748908 0.0
-0.0743548 0.0692617 0.0
-0.0745476 0.0636382 0.0
-0.0747318 0.0580186 0.0
-0.0749081 0.0524013 0.0
-0.0750772 0.0467851 0.0
-0.0752399 0.0411685 0.0
-0.0753968 0.0355502 0.0
-0.0755488 0.0299289 0.0
-0.0756965 0.024303 0.0
-0.0758405 0.0186711 0.0
-0.0759816 0.0130316 0.0
-0.0761204 0.00738277 0.0
-0.0762574 0.00172299 0.0
-0.0763933 -0.00394957 0.0
-0.0765287 -0.00963779 0.0
-0.0766642 -0.0153444 0.0
-0.0768003 -0.021072 0.0
-0.0769375 -0.0268227 0.0
-0.077076 -0.0325989 0.0
-0.0772162 -0.0384029 0.0
-0.0773583 -0.0442372 0.0
-0.0775024 -0.0501039 0.0
-0.0776486 -0.0560056 0.0
-0.0777966 -0.0619444 0.0
-0.0779464 -0.0679227 0.0
-0.0780973 -0.0739426 0.0
-0.0782489 -0.080006 0.0
-0.0784002 -0.0861148 0.0
-0.0785501 -0.0922705 0.0
-0.0786974 -0.0984741 0.0
-0.0788403 -0.104726 0.0
-0.078977 -0.111028 0.0
-0.0791051 -0.117377 0.0
-0.0792222 -0.123774 0.0
-0.0793253 -0.130217 0.0
-0.0794115 -0.136702 0.0
-0.0794772 -0.143226 0.0
-0.0795191 -0.149785 0.0
-0.0795336 -0.156374 0.0
-0.0795172 -0.162985 0.0
-0.0794668 -0.169614 0.0
-0.0793798 -0.176254 0.0
-0.079255 -0.182899 0.0
-0.0790923 -0.189546 0.0
-0.0788946 -0.196195 0.0
-0.078668 -0.202853 0.0
-0.0784235 -0.209534 0.0
-0.078179 -0.21627 0.0
-0.077961 -0.223111 0.0
-0.0778068 -0.230137 0.0
-0.077767 -0.237468 0.0
-0.0779056 -0.245273 0.0
-0.0782995 -0.253779 0.0
-0.0790324 -0.263272 0.0
-0.0801847 -0.274087 0.0
-0.0818144 -0.28658 0.0
-0.0839337 -0.30106 0.0
-0.0864816 -0.317712 0.0
-0.0893 -0.336487 0.0
-0.0921222 -0.356995 0.0
-0.0945773 -0.37842 0.0
-0.0962139 -0.399467 0.0
-0.0965402 -0.418356 0.0
-0.0950756 -0.432867 0.0
-0.0914088 -0.440424 0.0
-0.0852605 -0.438252 0.0
-0.0765478 -0.423602 0.0
-0.0654499 -0.394118 0.0
-0.0524706 -0.348382 0.0
-0.0384873 -0.286739 0.0
-0.0247638 -0.21244 0.0
-0.0128722 -0.132888 0.0
-0.00443239 -0.059889 0.0
-0.000634439 -0.00650765 0.0
1.23426e-05 0.0229519 0.0
-0.00022577 0.0940046 0.0
-0.00121997 0.145597 0.0
-0.0031953 0.181156 0.0
-0.00601149 0.205443 0.0
-0.00937897 0.222761 0.0
-0.0130247 0.236079 0.0
-0.0167566 0.247071 0.0
-0.0204593 0.256542 0.0
-0.0240694 0.264813 0.0
-0.027552 0.271991 0.0
-0.0308867 0.278093 0.0
-0.03406 0.283116 0.0
-0.0370621 0.287057 0.0
-0.039886 0.28992 0.0
-0.0425265 0.291723 0.0
-0.0449806 0.292492 0.0
-0.0472471 0.292263 0.0
-0.0493267 0.291083 0.0
-0.051222 0.289005 0.0
-0.0529371 0.286089 0.0
-0.0544781 0.282402 0.0
-0.0558526 0.278014 0.0
-0.0570696 0.272999 0.0
-0.0581396 0.267435 0.0
-0.0590742 0.261398 0.0
-0.0598859 0.254967 0.0
-0.060588 0.248219 0.0
-0.0611942 0.241227 0.0
-0.0617183 0.234061 0.0
-0.0621741 0.226788 0.0
-0.0625744 0.219464 0.0
-0.0629316 0.212141 0.0
-0.0632566 0.204864 0.0
-0.0635592 0.197666 0.0
-0.0638475 0.190574 0.0
-0.064128 0.183607 0.0
-0.0644057 0.176776 0.0
-0.0646839 0.170085 0.0
-0.0649648 0.163534 0.0
-0.065249 0.157115 0.0
-0.0655364 0.15082 0.0
-0.0658261 0.144637 0.0
-0.0661168 0.138554 0.0
-0.0664067 0.132558 0.0
-0.066694 0.126636 0.0
-0.0669769 0.120776 0.0
-0.0672539 0.114966 0.0
-0.0675237 0.109199 0.0
-0.0677851 0.103465 0.0
-0.0680373 0.0977573 0.0
-0.0682801 0.092071 0.0
-0.0685131 0.0864015 0.0
-0.0687364 0.080745 0.0
-0.0689505 0.0750989 0.0
-0.0691556 0.0694608 0.0
-0.0693524 0.0638288 0.0
-0.0695416 0.0582014 0.0
-0.0697239 0.0525771 0.0
-0.0699 0.0469546 0.0
-0.0700707 0.0413324 0.0
-0.0702367 0.0357093 0.0
-0.0703988 0.0300838 0.0
-0.0705575 0.0244545 0.0
-0.0707135 0.0188197 0.0
-0.0708675 0.013178 0.0
-0.07102 0.0075276 0.0
-0.0711716 0.00186681 0.0
-0.0713229 -0.00380616 0.0
-0.0714745 -0.00949414 0.0
-0.0716271 -0.0152 0.0
-0.0717811 -0.0209262 0.0
-0.0719371 -0.0266753 0.0
-0.0720954 -0.0324495 0.0
-0.0722563 -0.0382512 0.0
-0.07242 -0.044083 0.0
-0.0725868 -0.0499472 0.0
-0.0727566 -0.0558463 0.0
-0.0729293 -0.0617828 0.0
-0.0731048 -0.0677591 0.0
-0.0732827 -0.0737774 0.0
-0.0734623 -0.07984 0.0
-0.073643 -0.0859489 0.0
-0.0738237 -0.0921058 0.0
-0.074003 -0.0983121 0.0
-0.0741796 -0.104569 0.0
-0.0743514 -0.110877 0.0
-0.0745163 -0.117235 0.0
-0.0746719 -0.123644 0.0
-0.0748153 -0.130101 0.0
-0.0749434 -0.136604 0.0
-0.0750529 -0.143149 0.0
-0.0751402 -0.149733 0.0
-0.0752016 -0.15635 0.0
-0.0752334 -0.162994 0.0
-0.0752321 -0.169658 0.0
-0.0751946 -0.176335 0.0
-0.0751185 -0.183019 0.0
-0.0750029 -0.189704 0.0
-0.0748488 -0.196389 0.0
-0.07466 -0.203074 0.0
-0.0744448 -0.209772 0.0
-0.0742171 -0.216504 0.0
-0.0739988 -0.223313 0.0
-0.0738221 -0.230266 0.0
-0.0737318 -0.23747 0.0
-0.0737867 -0.245078 0.0
-0.0740604 -0.253306 0.0
-0.0746373 -0.262434 0.0
-0.0756038 -0.272806 0.0
-0.0770331 -0.284802 0.0
-0.0789607 -0.29879 0.0
-0.081357 -0.315038 0.0
-0.0840987 -0.333601 0.0
-0.0869518 -0.354206 0.0
-0.0895694 -0.376137 0.0
-0.091511 -0.398171 0.0
-0.0922808 -0.418555 0.0
-0.0913792 -0.435034 0.0
-0.0883633 -0.44494 0.0
-0.0829124 -0.445335 0.0
-0.0748956 -0.433248 0.0
-0.0644409 -0.406025 0.0
-0.052002 -0.361893 0.0
-0.0384132 -0.3008 0.0
-0.0249097 -0.225606 0.0
-0.0130639 -0.143459 0.0
-0.0045458 -0.0662757 0.0
-0.000661277 -0.00780336 0.0
4.39626e-05 0.0228956 0.0
-3.45277e-05 0.0943775 0.0
-0.000712001 0.146896 0.0
-0.00229864 0.183419 0.0
-0.00472502 0.208422 0.0
-0.00772843 0.226153 0.0
-0.0110396 0.239644 0.0
-0.0144614 0.25066 0.0
-0.0178732 0.260068 0.0
-0.021208 0.268232 0.0
-0.0244294 0.275276 0.0
-0.0275168 0.28123 0.0
-0.0304568 0.286093 0.0
-0.0332401 0.289866 0.0
-0.0358602 0.292555 0.0
-0.0383121 0.29418 0.0
-0.0405932 0.294769 0.0
-0.0427022 0.294361 0.0
-0.0446398 0.293002 0.0
-0.0464085 0.290749 0.0
-0.0480121 0.287664 0.0
-0.0494563 0.283813 0.0
-0.0507482 0.27927 0.0
-0.0518962 0.274109 0.0
-0.05291 0.268409 0.0
-0.0538003 0.262249 0.0
-0.0545789 0.255707 0.0
-0.0552579 0.24886 0.0
-0.05585 0.241784 0.0
-0.0563679 0.234547 0.0
-0.056824 0.227214 0.0
-0.0572302 0.219844 0.0
-0.0575974 0.212486 0.0
-0.0579356 0.205182 0.0
-0.0582534 0.197967 0.0
-0.0585579 0.190865 0.0
-0.0588548 0.183893 0.0
-0.0591483 0.177061 0.0
-0.0594412 0.170372 0.0
-0.0597351 0.163822 0.0
-0.0600307 0.157406 0.0
-0.0603275 0.151113 0.0
-0.0606247 0.144931 0.0
-0.0609209 0.138847 0.0
-0.0612148 0.132849 0.0
-0.0615046 0.126922 0.0
-0.061789 0.121056 0.0
-0.0620666 0.11524 0.0
-0.0623363 0.109464 0.0
-0.0625975 0.103722 0.0
-0.0628496 0.0980048 0.0
-0.0630924 0.092309 0.0
-0.0633259 0.08663 0.0
-0.0635504 0.0809644 0.0
-0.0637664 0.0753095 0.0
-0.0639743 0.0696632 0.0
-0.0641748 0.0640238 0.0
-0.0643688 0.0583896 0.0
-0.0645569 0.0527593 0.0
-0.0647398 0.0471315 0.0
-0.0649184 0.0415048 0.0
-0.0650934 0.0358779 0.0
-0.0652654 0.0302493 0.0
-0.0654351 0.0246174 0.0
-0.065603 0.0189808 0.0
-0.0657698 0.0133377 0.0
-0.0659359 0.00768652 0.0
-0.0661019 0.0020255 0.0
-0.0662684 -0.00364708 0.0
-0.066436 -0.00933397 0.0
-0.0666054 -0.0150381 0.0
-0.0667772 -0.0207622 0.0
-0.0669518 -0.0265086 0.0
-0.0671297 -0.0322799 0.0
-0.0673111 -0.0380785 0.0
-0.0674963 -0.0439068 0.0
-0.0676855 -0.0497675 0.0
-0.0678787 -0.0556631 0.0
-0.0680759 -0.0615961 0.0
-0.068277 -0.0675692 0.0
-0.0684815 -0.0735849 0.0
-0.068689 -0.0796454 0.0
-0.0688987 -0.085753 0.0
-0.0691098 -0.0919098 0.0
-0.069321 -0.0981175 0.0
-0.0695308 -0.104377 0.0
-0.0697375 -0.11069 0.0
-0.0699389 -0.117056 0.0
-0.0701327 -0.123474 0.0
-0.0703161 -0.129944 0.0
-0.0704861 -0.136463 0.0
-0.0706393 -0.143028 0.0
-0.0707722 -0.149635 0.0
-0.070881 -0.156278 0.0
-0.0709619 -0.162953 0.0
-0.0710109 -0.169651 0.0
-0.0710247 -0.176365 0.0
-0.0710002 -0.183089 0.0
-0.0709355 -0.189815 0.0
-0.0708302 -0.196538 0.0
-0.0706864 -0.203258 0.0
-0.0705098 -0.20998 0.0
-0.0703109 -0.216722 0.0
-0.0701076 -0.223516 0.0
-0.0699269 -0.23042 0.0
-0.069808 -0.237525 0.0
-0.0698041 -0.244972 0.0
-0.0699841 -0.252959 0.0
-0.0704305 -0.261758 0.0
-0.0712334 -0.271713 0.0
-0.0724766 -0.283223 0.0
-0.0742158 -0.296703 0.0
-0.0764496 -0.312495 0.0
-0.0790895 -0.330762 0.0
-0.0819351 -0.351346 0.0
-0.0846674 -0.373646 0.0
-0.0868614 -0.396526 0.0
-0.088022 -0.41827 0.0
-0.0876348 -0.436608 0.0
-0.0852292 -0.448788 0.0
-0.0804456 -0.451722 0.0
-0.0731068 -0.442216 0.0
-0.0632905 -0.417327 0.0
-0.0514005 -0.37492 0.0
-0.0382267 -0.314535 0.0
-0.0249736 -0.238627 0.0
-0.0132081 -0.154049 0.0
-0.00464183 -0.0727696 0.0
-0.000685609 -0.00915025 0.0
7.72505e-05 0.0227744 0.0
0.000140891 0.0945136 0.0
-0.000234731 0.147813 0.0
-0.00142525 0.185279 0.0
-0.00345612 0.211019 0.0
-0.0060911 0.229194 0.0
-0.00906495 0.242888 0.0
-0.0121757 0.253948 0.0
-0.015297 0.263312 0.0
-0.0183578 0.271383 0.0
-0.02132 0.278309 0.0
-0.0241623 0.284127 0.0
-0.0268717 0.288845 0.0
-0.0294391 0.292464 0.0
-0.0318584 0.294996 0.0
-0.034125 0.296459 0.0
-0.0362363 0.296883 0.0
-0.0381912 0.296311 0.0
-0.0399904 0.294789 0.0
-0.0416359 0.292377 0.0
-0.0431314 0.289136 0.0
-0.0444821 0.285136 0.0
-0.0456944 0.280451 0.0
-0.0467762 0.275157 0.0
-0.0477363 0.269334 0.0
-0.0485846 0.263062 0.0
-0.0493318 0.256419 0.0
-0.049989 0.249484 0.0
-0.0505679 0.242331 0.0
-0.0510798 0.235029 0.0
-0.0515361 0.227644 0.0
-0.0519474 0.220231 0.0
-0.0523234 0.212841 0.0
-0.0526731 0.205515 0.0
-0.0530039 0.198283 0.0
-0.0533221 0.191171 0.0
-0.0536326 0.184194 0.0
-0.0539389 0.17736 0.0
-0.0542435 0.17067 0.0
-0.0545475 0.164121 0.0
-0.0548513 0.157706 0.0
-0.0551545 0.151413 0.0
-0.0554564 0.14523 0.0
-0.0557557 0.139144 0.0
-0.0560512 0.133141 0.0
-0.0563415 0.12721 0.0
-0.0566255 0.121337 0.0
-0.0569021 0.115513 0.0
-0.0571705 0.109729 0.0
-0.0574304 0.103978 0.0
-0.0576813 0.0982518 0.0
-0.0579234 0.0925469 0.0
-0.0581567 0.086859 0.0
-0.0583819 0.081185 0.0
-0.0585992 0.0755222 0.0
-0.0588096 0.0698688 0.0
-0.0590136 0.0642228 0.0
-0.059212 0.0585829 0.0
-0.0594056 0.0529477 0.0
-0.0595952 0.0473157 0.0
-0.0597815 0.0416856 0.0
-0.0599652 0.0360559 0.0
-0.060147 0.0304251 0.0
-0.0603274 0.0247918 0.0
-0.0605071 0.0191541 0.0
-0.0606865 0.0135106 0.0
-0.0608662 0.00785944 0.0
-0.0610465 0.00219895 0.0
-0.061228 -0.00347253 0.0
-0.0614114 -0.00915749 0.0
-0.0615975 -0.0148591 0.0
-0.0617869 -0.02058 0.0
-0.0619801 -0.026323 0.0
-0.0621774 -0.0320904 0.0
-0.0623792 -0.0378848 0.0
-0.0625858 -0.0437087 0.0
-0.0627972 -0.0495649 0.0
-0.0630138 -0.0554559 0.0
-0.0632354 -0.0613845 0.0
-0.0634618 -0.0673533 0.0
-0.0636929 -0.0733651 0.0
-0.0639281 -0.0794224 0.0
-0.0641668 -0.0855276 0.0
-0.0644082 -0.0916829 0.0
-0.064651 -0.0978904 0.0
-0.0648939 -0.104152 0.0
-0.0651353 -0.110468 0.0
-0.065373 -0.116839 0.0
-0.0656048 -0.123265 0.0
-0.0658281 -0.129746 0.0
-0.0660399 -0.136279 0.0
-0.0662368 -0.142861 0.0
-0.0664155 -0.149489 0.0
-0.066572 -0.156158 0.0
-0.0667024 -0.162862 0.0
-0.0668028 -0.169593 0.0
-0.0668693 -0.176343 0.0
-0.0668985 -0.183106 0.0
-0.0668877 -0.189873 0.0
-0.0668355 -0.196637 0.0
-0.0667425 -0.203395 0.0
-0.066612 -0.21015 0.0
-0.066452 -0.216911 0.0
-0.0662765 -0.223706 0.0
-0.066108 -0.23058 0.0
-0.06598 -0.237612 0.0
-0.06594 -0.244928 0.0
-0.0660514 -0.252711 0.0
-0.0663932 -0.261218 0.0
-0.0670563 -0.270787 0.0
-0.0681316 -0.28183 0.0
-0.0696911 -0.294797 0.0
-0.0717589 -0.310099 0.0
-0.0742791 -0.327998 0.0
-0.0770862 -0.348457 0.0
-0.0798915 -0.370998 0.0
-0.0822899 -0.394582 0.0
-0.0837913 -0.417552 0.0
-0.0838713 -0.437633 0.0
-0.0820349 -0.452004 0.0
-0.0778866 -0.457437 0.0
-0.0712049 -0.450522 0.0
-0.0620185 -0.428024 0.0
-0.0506813 -0.38745 0.0
-0.0379384 -0.327922 0.0
-0.0249612 -0.251471 0.0
-0.0133071 -0.164625 0.0
-0.00472073 -0.0793462 0.0
-0.000707341 -0.0105432 0.0
0.000108164 0.022589 0.0
0.000311982 0.0944315 0.0
0.000217661 0.148365 0.0
-0.00058838 0.186724 0.0
-0.00221047 0.213228 0.0
-0.00447102 0.231881 0.0
-0.00710464 0.245808 0.0
-0.00990345 0.256938 0.0
-0.0127346 0.266275 0.0
-0.0155229 0.274269 0.0
-0.0182278 0.28109 0.0
-0.0208274 0.286788 0.0
-0.0233086 0.291375 0.0
-0.0256629 0.294856 0.0
-0.0278842 0.297244 0.0
-0.0299684 0.298561 0.0
-0.031913 0.298837 0.0
-0.0337169 0.298116 0.0
-0.0353806 0.296447 0.0
-0.0369059 0.29389 0.0
-0.0382962 0.290508 0.0
-0.0395561 0.286374 0.0
-0.0406915 0.281561 0.0
-0.0417093 0.276147 0.0
-0.0426177 0.270213 0.0
-0.0434257 0.263839 0.0
-0.0441428 0.257106 0.0
-0.0447791 0.250091 0.0
-0.0453451 0.242869 0.0
-0.0458511 0.235509 0.0
-0.0463069 0.228076 0.0
-0.0467222 0.220626 0.0
-0.0471057 0.213207 0.0
-0.0474649 0.205858 0.0
-0.0478065 0.198612 0.0
-0.048136 0.19149 0.0
-0.0484574 0.184507 0.0
-0.0487737 0.17767 0.0
-0.049087 0.170978 0.0
-0.0493982 0.164428 0.0
-0.0497075 0.158012 0.0
-0.0500145 0.151717 0.0
-0.0503186 0.145532 0.0
-0.0506186 0.139442 0.0
-0.0509137 0.133434 0.0
-0.0512026 0.127496 0.0
-0.0514845 0.121617 0.0
-0.0517587 0.115785 0.0
-0.0520246 0.109992 0.0
-0.052282 0.104232 0.0
-0.0525309 0.0984973 0.0
-0.0527715 0.092784 0.0
-0.0530041 0.087088 0.0
-0.0532293 0.0814064 0.0
-0.0534477 0.0757367 0.0
-0.05366 0.070077 0.0
-0.053867 0.0644256 0.0
-0.0540695 0.0587811 0.0
-0.0542684 0.053142 0.0
-0.0544643 0.0475069 0.0
-0.054658 0.0418744 0.0
-0.0548501 0.036243 0.0
-0.0550414 0.0306111 0.0
-0.0552324 0.0249772 0.0
-0.0554237 0.0193396 0.0
-0.0556156 0.0136966 0.0
-0.0558087 0.00804629 0.0
-0.0560033 0.00238706 0.0
-0.0561997 -0.00328272 0.0
-0.0563988 -0.00896487 0.0
-0.0566014 -0.0146629 0.0
-0.0568083 -0.0203798 0.0
-0.05702 -0.0261183 0.0
-0.0572367 -0.0318809 0.0
-0.0574589 -0.0376702 0.0
-0.0576867 -0.0434888 0.0
-0.0579205 -0.0493395 0.0
-0.0581604 -0.0552249 0.0
-0.0584063 -0.0611479 0.0
-0.0586582 -0.0671115 0.0
-0.0589159 -0.0731183 0.0
-0.0591788 -0.0791711 0.0
-0.0594464 -0.0852725 0.0
-0.059718 -0.091425 0.0
-0.0599924 -0.0976309 0.0
-0.0602684 -0.103892 0.0
-0.0605444 -0.11021 0.0
-0.0608184 -0.116585 0.0
-0.0610882 -0.123018 0.0
-0.0613512 -0.129507 0.0
-0.0616048 -0.136052 0.0
-0.0618455 -0.14265 0.0
-0.06207 -0.149297 0.0
-0.0622745 -0.155989 0.0
-0.0624549 -0.16272 0.0
-0.0626074 -0.169482 0.0
-0.0627278 -0.176267 0.0
-0.0628124 -0.183068 0.0
-0.0628579 -0.189876 0.0
-0.0628622 -0.196682 0.0
-0.0628244 -0.203481 0.0
-0.0627464 -0.210272 0.0
-0.0626336 -0.217062 0.0
-0.0624968 -0.223868 0.0
-0.0623542 -0.230729 0.0
-0.0622343 -0.237711 0.0
-0.0621787 -0.244925 0.0
-0.0622448 -0.252537 0.0
-0.0625072 -0.260788 0.0
-0.0630548 -0.270006 0.0
-0.063983 -0.280607 0.0
-0.0653762 -0.293067 0.0
-0.0672804 -0.307857 0.0
-0.0696701 -0.325331 0.0
-0.0724146 -0.345573 0.0
-0.0752575 -0.368234 0.0
-0.0778169 -0.392388 0.0
-0.0796126 -0.416449 0.0
-0.0801143 -0.438155 0.0
-0.0788062 -0.454628 0.0
-0.0752601 -0.462509 0.0
-0.0692124 -0.45818 0.0
-0.0606441 -0.438121 0.0
-0.0498598 -0.399475 0.0
-0.0375592 -0.340941 0.0
-0.0248791 -0.264109 0.0
-0.0133638 -0.175156 0.0
-0.00478303 -0.0859825 0.0
-0.000726424 -0.011977 0.0
0.000137571 0.0223432 0.0
0.000480438 0.0941306 0.0
0.000653635 0.148587 0.0
0.000211253 0.18775 0.0
-0.000999558 0.215034 0.0
-0.00287329 0.234209 0.0
-0.00516227 0.248403 0.0
-0.00764785 0.259627 0.0
-0.0101894 0.268958 0.0
-0.0127064 0.276892 0.0
-0.0151561 0.283622 0.0
-0.0175153 0.289214 0.0
-0.0197709 0.293685 0.0
-0.0219146 0.297044 0.0
-0.0239406 0.299304 0.0
-0.0258452 0.30049 0.0
-0.0276257 0.300633 0.0
-0.0292812 0.299779 0.0
-0.0308121 0.297978 0.0
-0.0322198 0.295292 0.0
-0.0335073 0.291784 0.0
-0.0346786 0.287529 0.0
-0.035739 0.282601 0.0
-0.0366948 0.27708 0.0
-0.037553 0.271047 0.0
-0.0383218 0.264582 0.0
-0.0390096 0.257768 0.0
-0.0396255 0.250681 0.0
-0.0401787 0.243397 0.0
-0.0406782 0.235986 0.0
-0.0411329 0.22851 0.0
-0.041551 0.221025 0.0
-0.0419402 0.21358 0.0
-0.0423071 0.206212 0.0
-0.0426574 0.198951 0.0
-0.0429956 0.191819 0.0
-0.0433253 0.18483 0.0
-0.0436491 0.177988 0.0
-0.0439684 0.171293 0.0
-0.044284 0.164741 0.0
-0.0445962 0.158321 0.0
-0.0449046 0.152023 0.0
-0.0452086 0.145834 0.0
-0.0455073 0.139739 0.0
-0.0458 0.133725 0.0
-0.0460859 0.12778 0.0
-0.0463643 0.121893 0.0
-0.0466347 0.116053 0.0
-0.046897 0.110252 0.0
-0.047151 0.104483 0.0
-0.0473971 0.0987407 0.0
-0.0476354 0.0930195 0.0
-0.0478666 0.0873162 0.0
-0.0480912 0.0816279 0.0
-0.0483101 0.0759523 0.0
-0.0485239 0.0702875 0.0
-0.0487335 0.0646318 0.0
-0.0489397 0.0589837 0.0
-0.0491434 0.0533419 0.0
-0.0493452 0.0477048 0.0
-0.0495459 0.0420709 0.0
-0.0497462 0.0364389 0.0
-0.0499467 0.030807 0.0
-0.0501478 0.0251736 0.0
-0.0503502 0.019537 0.0
-0.0505544 0.0138954 0.0
-0.0507608 0.00824696 0.0
-0.0509696 0.00258988 0.0
-0.0511809 -0.00307783 0.0
-0.0513955 -0.00875615 0.0
-0.0516148 -0.0144497 0.0
-0.0518393 -0.0201616 0.0
-0.0520694 -0.0258948 0.0
-0.0523056 -0.0316516 0.0
-0.0525481 -0.0374349 0.0
-0.0527973 -0.0432471 0.0
-0.0530534 -0.0490912 0.0
-0.0533167 -0.05497 0.0
-0.0535871 -0.0608864 0.0
-0.0538646 -0.0668435 0.0
-0.0541489 -0.0728442 0.0
-0.0544397 -0.0788914 0.0
-0.0547364 -0.0849878 0.0
-0.0550382 -0.0911362 0.0
-0.0553444 -0.0973391 0.0
-0.0556535 -0.103599 0.0
-0.0559641 -0.109916 0.0
-0.0562744 -0.116294 0.0
-0.0565823 -0.122731 0.0
-0.0568852 -0.129228 0.0
-0.0571806 -0.135783 0.0
-0.0574652 -0.142394 0.0
-0.0577357 -0.149058 0.0
-0.0579884 -0.155771 0.0
-0.0582194 -0.162526 0.0
-0.0584245 -0.169317 0.0
-0.0585998 -0.176136 0.0
-0.0587411 -0.182974 0.0
-0.0588448 -0.189821 0.0
-0.0589082 -0.196669 0.0
-0.0589294 -0.203511 0.0
-0.0589089 -0.210342 0.0
-0.0588502 -0.217164 0.0
-0.0587611 -0.223991 0.0
-0.0586562 -0.230853 0.0
-0.0585593 -0.237804 0.0
-0.0585064 -0.244941 0.0
-0.0585487 -0.252413 0.0
-0.0587553 -0.260443 0.0
-0.0592119 -0.269347 0.0
-0.0600153 -0.279535 0.0
-0.0612587 -0.291503 0.0
-0.0630067 -0.305769 0.0
-0.0652613 -0.322774 0.0
-0.0679256 -0.342721 0.0
-0.0707767 -0.365392 0.0
-0.0734592 -0.389988 0.0
-0.0755063 -0.415007 0.0
-0.0763863 -0.438215 0.0
-0.0755664 -0.456695 0.0
-0.0725889 -0.466965 0.0
-0.0671504 -0.465209 0.0
-0.0591856 -0.447624 0.0
-0.0489509 -0.41099 0.0
-0.0371 -0.353577 0.0
-0.0247342 -0.276519 0.0
-0.0133811 -0.185615 0.0
-0.00482945 -0.0926564 0.0
-0.000742853 -0.0134462 0.0
0.00016527 0.0220404 0.0
0.000643605 0.0936122 0.0
0.00108179 0.148494 0.0
0.000981962 0.188385 0.0
0.00016724 0.216424 0.0
-0.00130725 0.236167 0.0
-0.00324227 0.250669 0.0
-0.00541214 0.262017 0.0
-0.00766413 0.271363 0.0
-0.00991145 0.279252 0.0
-0.0121078 0.285908 0.0
-0.0142289 0.291409 0.0
-0.0162612 0.295779 0.0
-0.0181968 0.29903 0.0
-0.02003 0.301178 0.0
-0.0217572 0.302248 0.0
-0.0233761 0.302275 0.0
-0.0248856 0.301303 0.0
-0.0262858 0.299386 0.0
-0.027578 0.296584 0.0
-0.0287646 0.292966 0.0
-0.0298492 0.288604 0.0
-0.0308362 0.283574 0.0
-0.0317312 0.277958 0.0
-0.0325404 0.271836 0.0
-0.0332707 0.265292 0.0
-0.0339297 0.258405 0.0
-0.0345253 0.251255 0.0
-0.0350653 0.243917 0.0
-0.0355578 0.236459 0.0
-0.0360102 0.228944 0.0
-0.0364299 0.221429 0.0
-0.0368232 0.213959 0.0
-0.0371958 0.206572 0.0
-0.0375525 0.199298 0.0
-0.0378972 0.192156 0.0
-0.0382328 0.185158 0.0
-0.0385614 0.178311 0.0
-0.0388842 0.171612 0.0
-0.039202 0.165055 0.0
-0.0395147 0.158632 0.0
-0.0398223 0.152329 0.0
-0.0401241 0.146134 0.0
-0.0404196 0.140033 0.0
-0.0407083 0.134012 0.0
-0.0409895 0.12806 0.0
-0.041263 0.122165 0.0
-0.0415285 0.116317 0.0
-0.0417861 0.110508 0.0
-0.0420358 0.104731 0.0
-0.0422781 0.0989811 0.0
-0.0425135 0.0932529 0.0
-0.0427426 0.0875432 0.0
-0.0429661 0.0818492 0.0
-0.0431848 0.0761687 0.0
-0.0433996 0.0704998 0.0
-0.0436113 0.0648409 0.0
-0.0438207 0.0591904 0.0
-0.0440287 0.0535469 0.0
-0.044236 0.0479089 0.0
-0.0444433 0.0422748 0.0
-0.0446512 0.0366432 0.0
-0.0448603 0.0310123 0.0
-0.0450712 0.0253804 0.0
-0.0452844 0.0197457 0.0
-0.0455002 0.0141066 0.0
-0.0457192 0.00846107 0.0
-0.0459417 0.00280719 0.0
-0.046168 -0.00285752 0.0
-0.0463988 -0.00853106 0.0
-0.0466351 -0.0142192 0.0
-0.0468774 -0.0199253 0.0
-0.0471261 -0.0256522 0.0
-0.0473817 -0.0314024 0.0
-0.0476447 -0.0371786 0.0
-0.0479153 -0.0429835 0.0
-0.048194 -0.04882 0.0
-0.0484808 -0.0546911 0.0
-0.0487759 -0.0605998 0.0
-0.0490791 -0.0665494 0.0
-0.0493904 -0.0725428 0.0
-0.0497092 -0.0785832 0.0
-0.0500352 -0.0846734 0.0
-0.0503676 -0.0908164 0.0
-0.0507056 -0.0970148 0.0
-0.0510481 -0.103271 0.0
-0.0513936 -0.109588 0.0
-0.0517404 -0.115966 0.0
-0.0520864 -0.122405 0.0
-0.0524294 -0.128907 0.0
-0.0527667 -0.13547 0.0
-0.0530955 -0.142093 0.0
-0.0534122 -0.148772 0.0
-0.0537135 -0.155503 0.0
-0.0539953 -0.162281 0.0
-0.0542537 -0.169099 0.0
-0.0544846 -0.175948 0.0
-0.0546837 -0.182821 0.0
-0.0548473 -0.189707 0.0
-0.0549719 -0.196596 0.0
-0.0550553 -0.20348 0.0
-0.0550965 -0.210352 0.0
-0.0550974 -0.217212 0.0
-0.0550636 -0.224067 0.0
-0.0550064 -0.230939 0.0
-0.0549454 -0.237875 0.0
-0.0549112 -0.244957 0.0
-0.0549491 -0.252316 0.0
-0.055122 -0.26016 0.0
-0.0555112 -0.268784 0.0
-0.0562126 -0.278593 0.0
-0.0573251 -0.290089 0.0
-0.0589282 -0.303832 0.0
-0.0610485 -0.320337 0.0
-0.0636209 -0.339921 0.0
-0.0664567 -0.362505 0.0
-0.0692293 -0.38742 0.0
-0.0714891 -0.413267 0.0
-0.0727066 -0.437857 0.0
-0.0723363 -0.458243 0.0
-0.0698937 -0.470837 0.0
-0.0650384 -0.471631 0.0
-0.0576607 -0.456545 0.0
-0.047969 -0.421996 0.0
-0.0365718 -0.365819 0.0
-0.0245333 -0.288681 0.0
-0.0133625 -0.195977 0.0
-0.00486089 -0.0993477 0.0
-0.000756666 -0.0149458 0.0
0.00019109 0.021684 0.0
0.000799911 0.0928814 0.0
0.00149794 0.148088 0.0
0.00173662 0.188652 0.0
0.0012975 0.217412 0.0
0.000213164 0.237739 0.0
-0.00135296 0.252599 0.0
-0.00320029 0.264104 0.0
-0.0051618 0.273488 0.0
-0.00714052 0.281352 0.0
-0.00908549 0.287949 0.0
-0.0109706 0.293374 0.0
-0.012782 0.297657 0.0
-0.0145116 0.300816 0.0
-0.0161542 0.302867 0.0
-0.0177062 0.303838 0.0
-0.0191655 0.303763 0.0
-0.0205308 0.302689 0.0
-0.0218022 0.300671 0.0
-0.0229805 0.29777 0.0
-0.0240678 0.294054 0.0
-0.025067 0.289599 0.0
-0.0259819 0.284481 0.0
-0.026817 0.278781 0.0
-0.0275777 0.272583 0.0
-0.02827 0.265968 0.0
-0.0289003 0.259018 0.0
-0.0294753 0.251813 0.0
-0.0300016 0.244426 0.0
-0.0304862 0.236927 0.0
-0.0309353 0.229378 0.0
-0.031355 0.221834 0.0
-0.0317507 0.214342 0.0
-0.0321271 0.206938 0.0
-0.0324882 0.19965 0.0
-0.0328371 0.192497 0.0
-0.0331763 0.185492 0.0
-0.0335074 0.178637 0.0
-0.0338315 0.171932 0.0
-0.0341491 0.16537 0.0
-0.0344603 0.158941 0.0
-0.034765 0.152632 0.0
-0.0350628 0.14643 0.0
-0.0353535 0.140322 0.0
-0.0356365 0.134294 0.0
-0.0359118 0.128335 0.0
-0.0361791 0.122431 0.0
-0.0364385 0.116576 0.0
-0.0366903 0.110759 0.0
-0.0369348 0.104975 0.0
-0.0371726 0.0992177 0.0
-0.0374042 0.0934833 0.0
-0.0376305 0.0877681 0.0
-0.0378522 0.0820695 0.0
-0.0380701 0.0763852 0.0
-0.0382853 0.0707133 0.0
-0.0384985 0.0650523 0.0
-0.0387106 0.0594005 0.0
-0.0389223 0.0537565 0.0
-0.0391345 0.0481187 0.0
-0.0393478 0.0424856 0.0
-0.0395629 0.0368555 0.0
-0.0397803 0.0312266 0.0
-0.0400005 0.0255972 0.0
-0.0402239 0.0199655 0.0
-0.040451 0.0143298 0.0
-0.0406821 0.00868804 0.0
-0.0409178 0.00303847 0.0
-0.0411592 -0.00262111 0.0
-0.0414066 -0.0082892 0.0
-0.0416601 -0.0139712 0.0
-0.0419203 -0.0196707 0.0
-0.0421877 -0.0253905 0.0
-0.0424629 -0.0311332 0.0
-0.0427464 -0.0369014 0.0
-0.0430386 -0.0426979 0.0
-0.0433399 -0.0485257 0.0
-0.0436505 -0.0543879 0.0
-0.0439705 -0.0602879 0.0
-0.0442999 -0.0662287 0.0
-0.0446384 -0.0722138 0.0
-0.0449856 -0.0782461 0.0
-0.0453411 -0.0843289 0.0
-0.0457044 -0.0904651 0.0
-0.0460747 -0.0966578 0.0
-0.0464508 -0.10291 0.0
-0.0468315 -0.109223 0.0
-0.0472151 -0.1156 0.0
-0.0475996 -0.122041 0.0
-0.0479829 -0.128546 0.0
-0.0483625 -0.135115 0.0
-0.0487356 -0.141747 0.0
-0.0490989 -0.148438 0.0
-0.0494491 -0.155186 0.0
-0.0497822 -0.161984 0.0
-0.0500945 -0.168826 0.0
-0.0503817 -0.175704 0.0
-0.0506397 -0.182609 0.0
-0.0508644 -0.189531 0.0
-0.0510522 -0.196459 0.0
-0.0512001 -0.203385 0.0
-0.0513064 -0.210299 0.0
-0.0513717 -0.217198 0.0
-0.0513996 -0.224086 0.0
-0.0513985 -0.230978 0.0
-0.0513843 -0.237912 0.0
-0.0513828 -0.244956 0.0
-0.0514335 -0.252228 0.0
-0.0515931 -0.259915 0.0
-0.0519373 -0.268295 0.0
-0.0525594 -0.277758 0.0
-0.0535614 -0.288809 0.0
-0.055034 -0.302036 0.0
-0.0570249 -0.318022 0.0
-0.0594993 -0.33719 0.0
-0.0623018 -0.359598 0.0
-0.0651366 -0.38472 0.0
-0.0675744 -0.41127 0.0
-0.0690918 -0.43712 0.0
-0.0691341 -0.459308 0.0
-0.0671933 -0.474155 0.0
-0.0628945 -0.477468 0.0
-0.0560854 -0.464895 0.0
-0.0469279 -0.432495 0.0
-0.035985 -0.37766 0.0
-0.0242836 -0.30058 0.0
-0.0133114 -0.206221 0.0
-0.00487841 -0.106038 0.0
-0.000767936 -0.0164704 0.0
0.000214975 0.021278 0.0
0.000948515 0.0919451 0.0
0.00189955 0.147376 0.0
0.0024714 0.188554 0.0
0.00240382 0.218016 0.0
0.00169496 0.238927 0.0
0.000491831 0.254179 0.0
-0.0010208 0.265884 0.0
-0.00268615 0.275336 0.0
-0.00439634 0.283193 0.0
-0.00609152 0.289748 0.0
-0.00774261 0.295111 0.0
-0.00933511 0.299324 0.0
-0.0108609 0.302405 0.0
-0.0123147 0.304375 0.0
-0.0136934 0.305261 0.0
-0.0149947 0.3051 0.0
-0.0162175 0.30394 0.0
-0.0173614 0.301835 0.0
-0.0184272 0.298849 0.0
-0.0194163 0.295051 0.0
-0.020331 0.290516 0.0
-0.0211744 0.285322 0.0
-0.0219501 0.279551 0.0
-0.0226627 0.273287 0.0
-0.023317 0.266611 0.0
-0.0239183 0.259607 0.0
-0.0244722 0.252353 0.0
-0.0249841 0.244924 0.0
-0.0254598 0.237389 0.0
-0.0259043 0.22981 0.0
-0.0263225 0.222241 0.0
-0.0267189 0.214728 0.0
-0.0270973 0.207307 0.0
-0.0274608 0.200005 0.0
-0.0278119 0.192842 0.0
-0.0281525 0.185827 0.0
-0.0284841 0.178965 0.0
-0.0288073 0.172252 0.0
-0.0291227 0.165683 0.0
-0.0294305 0.159247 0.0
-0.0297305 0.152931 0.0
-0.0300226 0.146722 0.0
-0.0303068 0.140606 0.0
-0.0305828 0.13457 0.0
-0.0308507 0.128602 0.0
-0.0311107 0.122691 0.0
-0.031363 0.116828 0.0
-0.031608 0.111004 0.0
-0.0318464 0.105213 0.0
-0.0320787 0.0994498 0.0
-0.0323058 0.09371 0.0
-0.0325285 0.0879904 0.0
-0.0327477 0.0822881 0.0
-0.0329643 0.0766011 0.0
-0.0331791 0.0709274 0.0
-0.0333931 0.0652654 0.0
-0.0336072 0.0596135 0.0
-0.033822 0.0539702 0.0
-0.0340385 0.0483338 0.0
-0.0342573 0.0427027 0.0
-0.034479 0.0370752 0.0
-0.0347042 0.0314494 0.0
-0.0349333 0.0258237 0.0
-0.0351668 0.020196 0.0
-0.0354052 0.0145647 0.0
-0.0356488 0.00892789 0.0
-0.0358983 0.00328382 0.0
-0.0361544 -0.00236901 0.0
-0.0364174 -0.00803078 0.0
-0.0366876 -0.013706 0.0
-0.0369655 -0.019398 0.0
-0.0372516 -0.0251097 0.0
-0.0375465 -0.0308439 0.0
-0.0378506 -0.036603 0.0
-0.0381646 -0.04239 0.0
-0.0384888 -0.048208 0.0
-0.0388235 -0.0540603 0.0
-0.0391688 -0.0599502 0.0
-0.0395247 -0.0658812 0.0
-0.0398908 -0.0718567 0.0
-0.0402668 -0.0778799 0.0
-0.0406524 -0.083954 0.0
-0.0410469 -0.0900822 0.0
-0.0414498 -0.0962676 0.0
-0.04186 -0.102513 0.0
-0.0422763 -0.108822 0.0
-0.0426971 -0.115196 0.0
-0.0431205 -0.121636 0.0
-0.0435445 -0.128143 0.0
-0.0439667 -0.134716 0.0
-0.0443846 -0.141355 0.0
-0.0447949 -0.148057 0.0
-0.0451944 -0.154818 0.0
-0.0455794 -0.161633 0.0
-0.0459461 -0.168497 0.0
-0.0462904 -0.175401 0.0
-0.0466081 -0.182336 0.0
-0.0468951 -0.189292 0.0
-0.0471476 -0.196258 0.0
-0.0473622 -0.203224 0.0
-0.0475366 -0.210179 0.0
-0.0476702 -0.217119 0.0
-0.047765 -0.224042 0.0
-0.0478272 -0.23096 0.0
-0.0478692 -0.237902 0.0
-0.0479126 -0.244924 0.0
-0.0479914 -0.252131 0.0
-0.048156 -0.259689 0.0
-0.0484761 -0.267857 0.0
-0.0490411 -0.277009 0.0
-0.0499534 -0.287644 0.0
-0.0513119 -0.30037 0.0
-0.0531823 -0.315826 0.0
-0.0555569 -0.334536 0.0
-0.0583133 -0.356693 0.0
-0.0611872 -0.381916 0.0
-0.0637725 -0.40905 0.0
-0.0655554 -0.436039 0.0
-0.0659752 -0.459927 0.0
-0.064504 -0.476948 0.0
-0.060735 -0.482742 0.0
-0.054475 -0.47269 0.0
-0.0458407 -0.442492 0.0
-0.0353499 -0.389097 0.0
-0.0239918 -0.312203 0.0
-0.0132317 -0.216331 0.0
-0.00488315 -0.11271 0.0
-0.000776768 -0.0180151 0.0
0.000236941 0.020826 0.0
0.00108897 0.0908115 0.0
0.00228498 0.146362 0.0
0.00318353 0.188097 0.0
0.00348301 0.218241 0.0
0.00314721 0.239747 0.0
0.00229949 0.255411 0.0
0.00111585 0.267349 0.0
-0.00024684 0.276899 0.0
-0.00168292 0.284777 0.0
-0.00312857 0.291305 0.0
-0.00454696 0.296623 0.0
-0.00592233 0.30078 0.0
-0.00724607 0.303798 0.0
-0.00851286 0.305702 0.0
-0.00971966 0.306519 0.0
-0.0108644 0.306288 0.0
-0.0119458 0.305056 0.0
-0.0129633 0.30288 0.0
-0.0139173 0.299824 0.0
-0.0148089 0.295957 0.0
-0.0156397 0.291355 0.0
-0.0164119 0.286098 0.0
-0.0171285 0.280267 0.0
-0.0177928 0.273947 0.0
-0.0184088 0.267221 0.0
-0.0189806 0.26017 0.0
-0.0195126 0.252875 0.0
-0.0200093 0.24541 0.0
-0.0204748 0.237844 0.0
-0.0209134 0.230238 0.0
-0.0213287 0.222646 0.0
-0.0217242 0.215114 0.0
-0.0221028 0.207677 0.0
-0.0224667 0.200362 0.0
-0.0228181 0.193187 0.0
-0.0231582 0.186162 0.0
-0.0234882 0.179291 0.0
-0.0238088 0.17257 0.0
-0.0241202 0.165992 0.0
-0.0244227 0.159548 0.0
-0.0247165 0.153223 0.0
-0.0250014 0.147006 0.0
-0.0252776 0.140882 0.0
-0.0255453 0.134838 0.0
-0.0258047 0.128862 0.0
-0.0260562 0.122943 0.0
-0.0263003 0.117072 0.0
-0.0265376 0.111242 0.0
-0.0267689 0.105445 0.0
-0.026995 0.0996764 0.0
-0.0272167 0.0939323 0.0
-0.027435 0.0882092 0.0
-0.0276509 0.0825044 0.0
-0.0278653 0.0768158 0.0
-0.0280791 0.0711414 0.0
-0.0282932 0.0654796 0.0
-0.0285084 0.0598287 0.0
-0.0287258 0.0541872 0.0
-0.0289459 0.0485534 0.0
-0.0291695 0.0429255 0.0
-0.0293973 0.0373018 0.0
-0.0296297 0.0316804 0.0
-0.0298673 0.0260595 0.0
-0.0301106 0.0204371 0.0
-0.0303601 0.0148115 0.0
-0.030616 0.0091808 0.0
-0.0308791 0.00354345 0.0
-0.0311496 -0.00210202 0.0
-0.031428 -0.00775627 0.0
-0.0317148 -0.0134235 0.0
-0.0320104 -0.019107 0.0
-0.0323152 -0.0248097 0.0
-0.0326299 -0.0305343 0.0
-0.032955 -0.0362833 0.0
-0.0332909 -0.0420597 0.0
-0.0336383 -0.0478667 0.0
-0.0339975 -0.0537077 0.0
-0.0343684 -0.0595864 0.0
-0.0347512 -0.0655064 0.0
-0.0351454 -0.0714712 0.0
-0.0355507 -0.0774841 0.0
-0.0359668 -0.0835483 0.0
-0.036393 -0.089667 0.0
-0.036829 -0.0958439 0.0
-0.0372738 -0.102082 0.0
-0.0377263 -0.108385 0.0
-0.0381848 -0.114754 0.0
-0.0386475 -0.121192 0.0
-0.0391127 -0.127698 0.0
-0.0395781 -0.134273 0.0
-0.0400411 -0.140917 0.0
-0.040499 -0.147627 0.0
-0.0409483 -0.154399 0.0
-0.0413857 -0.16123 0.0
-0.0418074 -0.168112 0.0
-0.0422095 -0.175039 0.0
-0.0425879 -0.182001 0.0
-0.0429384 -0.188989 0.0
-0.043257 -0.19599 0.0
-0.0435402 -0.202994 0.0
-0.0437851 -0.20999 0.0
-0.0439903 -0.21697 0.0
-0.0441564 -0.223931 0.0
-0.0442879 -0.230878 0.0
-0.0443942 -0.237835 0.0
-0.044493 -0.244849 0.0
-0.0446132 -0.252007 0.0
-0.0447993 -0.259462 0.0
-0.0451148 -0.267449 0.0
-0.0456438 -0.276323 0.0
-0.0464874 -0.286574 0.0
-0.0477496 -0.298819 0.0
-0.0495109 -0.313745 0.0
-0.051788 -0.331965 0.0
-0.05449 -0.353805 0.0
-0.0573846 -0.379036 0.0
-0.0600911 -0.406639 0.0
-0.0621081 -0.434651 0.0
-0.0628728 -0.460131 0.0
-0.0618403 -0.479248 0.0
-0.0585743 -0.487477 0.0
-0.0528432 -0.479946 0.0
-0.0447193 -0.451995 0.0
-0.0346762 -0.400128 0.0
-0.0236649 -0.323541 0.0
-0.0131269 -0.22629 0.0
-0.00487634 -0.119349 0.0
-0.000783295 -0.0195751 0.0
0.00025702 0.0203321 0.0
0.00122103 0.0894894 0.0
0.00265308 0.145056 0.0
0.00387088 0.187287 0.0
0.00453237 0.218091 0.0
0.00456692 0.240199 0.0
0.00407362 0.2563 0.0
0.00321703 0.2685 0.0
0.00215178 0.278176 0.0
0.000989674 0.286098 0.0
-0.000201698 0.292621 0.0
-0.00138619 0.29791 0.0
-0.00254552 0.302027 0.0
-0.00366875 0.304998 0.0
-0.00474963 0.30685 0.0
-0.00578573 0.307614 0.0
-0.00677492 0.307327 0.0
-0.00771569 0.306039 0.0
-0.00860741 0.303807 0.0
-0.00945016 0.300694 0.0
-0.0102446 0.296773 0.0
-0.0109916 0.292118 0.0
-0.0116927 0.286809 0.0
-0.0123497 0.28093 0.0
-0.0129653 0.274564 0.0
-0.0135424 0.267796 0.0
-0.0140839 0.260708 0.0
-0.0145932 0.253379 0.0
-0.0150734 0.245883 0.0
-0.0155276 0.23829 0.0
-0.0159589 0.230661 0.0
-0.0163698 0.223049 0.0
-0.0167629 0.2155 0.0
-0.0171399 0.208047 0.0
-0.0175027 0.200719 0.0
-0.0178524 0.193532 0.0
-0.0181903 0.186496 0.0
-0.018517 0.179614 0.0
-0.0188332 0.172883 0.0
-0.019139 0.166296 0.0
-0.0194348 0.159842 0.0
-0.0197207 0.153509 0.0
-0.0199971 0.147282 0.0
-0.0202641 0.141149 0.0
-0.0205223 0.135096 0.0
-0.020772 0.129112 0.0
-0.0210139 0.123186 0.0
-0.0212488 0.117308 0.0
-0.0214774 0.111472 0.0
-0.0217006 0.105669 0.0
-0.0219195 0.0998967 0.0
-0.022135 0.0941492 0.0
-0.0223482 0.0884237 0.0
-0.0225599 0.0827175 0.0
-0.0227713 0.0770284 0.0
-0.0229832 0.0713544 0.0
-0.0231966 0.065694 0.0
-0.0234123 0.0600453 0.0
-0.0236313 0.0544069 0.0
-0.0238543 0.0487769 0.0
-0.0240821 0.0431535 0.0
-0.0243152 0.0375348 0.0
-0.0245543 0.031919 0.0
-0.0248 0.0263042 0.0
-0.0250526 0.0206884 0.0
-0.0253127 0.0150697 0.0
-0.0255806 0.00944649 0.0
-0.0258568 0.00381702 0.0
-0.0261416 -0.0018202 0.0
-0.0264355 -0.00746575 0.0
-0.0267388 -0.0131238 0.0
-0.0270522 -0.0187977 0.0
-0.0273759 -0.0244904 0.0
-0.0277105 -0.0302043 0.0
-0.0280567 -0.0359421 0.0
-0.0284149 -0.0417067 0.0
-0.0287858 -0.0475014 0.0
-0.0291697 -0.05333 0.0
-0.0295668 -0.0591961 0.0
-0.0299769 -0.0651038 0.0
-0.0303998 -0.0710566 0.0
-0.030835 -0.0770581 0.0
-0.031282 -0.0831112 0.0
-0.0317406 -0.0892193 0.0
-0.0322102 -0.095386 0.0
-0.0326902 -0.101615 0.0
-0.0331794 -0.10791 0.0
-0.0336762 -0.114274 0.0
-0.0341789 -0.120707 0.0
-0.0346858 -0.127211 0.0
-0.0351948 -0.133786 0.0
-0.0357038 -0.140432 0.0
-0.0362097 -0.147147 0.0
-0.0367095 -0.153929 0.0
-0.0371999 -0.160772 0.0
-0.0376774 -0.167671 0.0
-0.0381381 -0.174618 0.0
-0.038578 -0.181604 0.0
-0.0389929 -0.18862 0.0
-0.039379 -0.195654 0.0
-0.0397324 -0.202693 0.0
-0.04005 -0.209728 0.0
-0.0403297 -0.216747 0.0
-0.0405711 -0.223746 0.0
-0.0407769 -0.230726 0.0
-0.0409543 -0.237704 0.0
-0.0411176 -0.244718 0.0
-0.041291 -0.251844 0.0
-0.0415134 -0.259216 0.0
-0.0418418 -0.267051 0.0
-0.0423546 -0.27568 0.0
-0.0431499 -0.285579 0.0
-0.0443345 -0.297368 0.0
-0.0460002 -0.31177 0.0
-0.0481854 -0.329479 0.0
-0.0508288 -0.350946 0.0
-0.0537299 -0.376099 0.0
-0.0565351 -0.404064 0.0
-0.0587584 -0.432985 0.0
-0.0598377 -0.459953 0.0
-0.0592143 -0.481082 0.0
-0.0564252 -0.491698 0.0
-0.0512022 -0.486679 0.0
-0.0435749 -0.461013 0.0
-0.033973 -0.410755 0.0
-0.0233092 -0.334589 0.0
-0.0130007 -0.236089 0.0
-0.00485927 -0.125943 0.0
-0.000787674 -0.0211461 0.0
0.000275254 0.0197998 0.0
0.00134454 0.0879884 0.0
0.00300303 0.143467 0.0
0.00453178 0.18613 0.0
0.00554956 0.217568 0.0
0.00595143 0.240285 0.0
0.0058115 0.256847 0.0
0.00528147 0.269339 0.0
0.00451369 0.27917 0.0
0.00362383 0.287156 0.0
0.00268375 0.293694 0.0
0.0017325 0.298973 0.0
0.000790944 0.303066 0.0
-0.000130559 0.306004 0.0
-0.00102618 0.30782 0.0
-0.00189232 0.308546 0.0
-0.00272659 0.308219 0.0
-0.00352712 0.306889 0.0
-0.00429316 0.304615 0.0
-0.00502463 0.301461 0.0
-0.00572177 0.297498 0.0
-0.00638497 0.292803 0.0
-0.00701459 0.287455 0.0
-0.00761148 0.281538 0.0
-0.00817749 0.275138 0.0
-0.00871464 0.268337 0.0
-0.00922491 0.261219 0.0
-0.00971028 0.253863 0.0
-0.0101728 0.246342 0.0
-0.0106144 0.238727 0.0
-0.011037 0.231078 0.0
-0.0114422 0.223449 0.0
-0.0118313 0.215883 0.0
-0.0122054 0.208415 0.0
-0.0125652 0.201073 0.0
-0.0129117 0.193874 0.0
-0.0132457 0.186826 0.0
-0.0135676 0.179933 0.0
-0.0138779 0.173191 0.0
-0.0141767 0.166593 0.0
-0.0144643 0.160129 0.0
-0.0147412 0.153785 0.0
-0.0150077 0.147549 0.0
-0.0152644 0.141406 0.0
-0.0155118 0.135345 0.0
-0.0157507 0.129353 0.0
-0.0159821 0.123419 0.0
-0.0162067 0.117535 0.0
-0.0164256 0.111693 0.0
-0.0166399 0.105886 0.0
-0.0168507 0.10011 0.0
-0.017059 0.09436 0.0
-0.0172661 0.0886332 0.0
-0.0174728 0.0829266 0.0
-0.0176804 0.0772382 0.0
-0.0178895 0.0715658 0.0
-0.0181013 0.0659078 0.0
-0.0183166 0.0602626 0.0
-0.0185364 0.0546284 0.0
-0.0187615 0.0490034 0.0
-0.0189926 0.0433858 0.0
-0.0192304 0.0377735 0.0
-0.0194756 0.0321646 0.0
-0.0197286 0.0265572 0.0
-0.0199899 0.0209493 0.0
-0.0202601 0.0153391 0.0
-0.0205396 0.00972458 0.0
-0.0208286 0.00410421 0.0
-0.0211275 -0.00152361 0.0
-0.0214368 -0.00715924 0.0
-0.0217568 -0.0128069 0.0
-0.022088 -0.0184701 0.0
-0.0224308 -0.0241515 0.0
-0.0227856 -0.0298537 0.0
-0.0231531 -0.0355791 0.0
-0.0235339 -0.0413306 0.0
-0.0239287 -0.0471118 0.0
-0.0243378 -0.0529265 0.0
-0.0247614 -0.0587788 0.0
-0.0251995 -0.0646729 0.0
-0.0256516 -0.0706125 0.0
-0.0261172 -0.0766013 0.0
-0.0265958 -0.0826422 0.0
-0.0270872 -0.0887383 0.0
-0.0275911 -0.0948934 0.0
-0.0281069 -0.101112 0.0
-0.0286334 -0.107398 0.0
-0.0291692 -0.113754 0.0
-0.0297126 -0.120181 0.0
-0.0302618 -0.126681 0.0
-0.0308152 -0.133254 0.0
-0.0313706 -0.1399 0.0
-0.0319254 -0.146619 0.0
-0.0324763 -0.153407 0.0
-0.0330204 -0.16026 0.0
-0.0335544 -0.167172 0.0
-0.0340746 -0.174136 0.0
-0.0345769 -0.181144 0.0
-0.0350574 -0.188185 0.0
-0.0355122 -0.195248 0.0
-0.0359374 -0.20232 0.0
-0.0363296 -0.209391 0.0
-0.0366863 -0.216448 0.0
-0.0370063 -0.223484 0.0
-0.0372909 -0.230498 0.0
-0.0375453 -0.2375 0.0
-0.0377808 -0.244523 0.0
-0.0380177 -0.251629 0.0
-0.0382893 -0.258937 0.0
-0.0386466 -0.266644 0.0
-0.0391618 -0.275059 0.0
-0.0399285 -0.284638 0.0
-0.0410543 -0.295999 0.0
-0.0426394 -0.309888 0.0
-0.0447408 -0.327073 0.0
-0.0473248 -0.348124 0.0
-0.0502222 -0.373122 0.0
-0.0531074 -0.401351 0.0
-0.0555123 -0.43107 0.0
-0.0568786 -0.459422 0.0
-0.0566365 -0.482478 0.0
-0.054299 -0.495428 0.0
-0.0495633 -0.492908 0.0
-0.0424177 -0.469557 0.0
-0.0332486 -0.420982 0.0
-0.0229309 -0.345344 0.0
-0.0128567 -0.245717 0.0
-0.00483321 -0.13248 0.0
-0.000790077 -0.0227238 0.0
0.000291679 0.0192329 0.0
0.00145941 0.0863183 0.0
0.00333418 0.141604 0.0
0.0051648 0.184634 0.0
0.00653256 0.216679 0.0
0.00729841 0.240006 0.0
0.00751082 0.257053 0.0
0.00730744 0.269866 0.0
0.00683722 0.27988 0.0
0.00621868 0.287954 0.0
0.00552829 0.294527 0.0
0.00480891 0.299811 0.0
0.00408349 0.303895 0.0
0.00336313 0.306817 0.0
0.00265355 0.308613 0.0
0.00195853 0.309315 0.0
0.00128035 0.308962 0.0
0.000620569 0.307606 0.0
-1.9745e-05 0.305304 0.0
-0.000639782 0.302123 0.0
-0.00123915 0.298133 0.0
-0.00181801 0.29341 0.0
-0.00237548 0.288034 0.0
-0.00291109 0.282091 0.0
-0.00342631 0.275666 0.0
-0.00392245 0.268842 0.0
-0.00440022 0.261702 0.0
-0.00486042 0.254325 0.0
-0.00530393 0.246786 0.0
-0.00573159 0.239153 0.0
-0.0061441 0.231487 0.0
-0.00654207 0.223842 0.0
-0.00692593 0.216262 0.0
-0.00729566 0.20878 0.0
-0.00765112 0.201424 0.0
-0.00799283 0.194211 0.0
-0.00832146 0.187151 0.0
-0.0086372 0.180245 0.0
-0.00894021 0.173492 0.0
-0.00923073 0.166882 0.0
-0.00950907 0.160406 0.0
-0.00977571 0.154051 0.0
-0.0100313 0.147804 0.0
-0.0102764 0.141652 0.0
-0.0105121 0.135582 0.0
-0.0107392 0.129582 0.0
-0.0109589 0.123641 0.0
-0.0111723 0.117751 0.0
-0.0113805 0.111904 0.0
-0.0115849 0.106093 0.0
-0.0117865 0.100315 0.0
-0.0119868 0.0945636 0.0
-0.0121868 0.0888366 0.0
-0.0123877 0.0831309 0.0
-0.0125905 0.0774442 0.0
-0.012796 0.0717745 0.0
-0.0130053 0.0661201 0.0
-0.0132192 0.0604796 0.0
-0.0134389 0.0548509 0.0
-0.0136652 0.0492323 0.0
-0.0138988 0.0436217 0.0
-0.0141405 0.0380171 0.0
-0.0143909 0.0324166 0.0
-0.0146506 0.026818 0.0
-0.0149201 0.0212194 0.0
-0.0151998 0.0156189 0.0
-0.0154903 0.0100146 0.0
-0.0157918 0.00440473 0.0
-0.0161046 -0.00121237 0.0
-0.0164291 -0.0068367 0.0
-0.0167659 -0.0124726 0.0
-0.0171152 -0.0181237 0.0
-0.0174773 -0.0237929 0.0
-0.0178525 -0.0294823 0.0
-0.0182416 -0.035194 0.0
-0.0186453 -0.0409311 0.0
-0.0190644 -0.0466974 0.0
-0.0194991 -0.052497 0.0
-0.0199498 -0.0583341 0.0
-0.0204163 -0.0642131 0.0
-0.0208982 -0.0701383 0.0
-0.0213948 -0.0761133 0.0
-0.0219056 -0.0821408 0.0
-0.0224305 -0.0882234 0.0
-0.0229692 -0.0943656 0.0
-0.0235215 -0.100572 0.0
-0.0240861 -0.106847 0.0
-0.0246617 -0.113193 0.0
-0.0252463 -0.119613 0.0
-0.0258386 -0.126107 0.0
-0.0264371 -0.132675 0.0
-0.0270398 -0.13932 0.0
-0.0276441 -0.14604 0.0
-0.0282469 -0.152832 0.0
-0.0288455 -0.159692 0.0
-0.0294368 -0.166614 0.0
-0.0300173 -0.173593 0.0
-0.0305831 -0.180619 0.0
-0.0311302 -0.187682 0.0
-0.031655 -0.194771 0.0
-0.0321535 -0.201874 0.0
-0.0326221 -0.208977 0.0
-0.0330581 -0.216069 0.0
-0.0334596 -0.223141 0.0
-0.0338268 -0.230189 0.0
-0.0341633 -0.237218 0.0
-0.0344779 -0.244255 0.0
-0.0347871 -0.251351 0.0
-0.0351195 -0.258611 0.0
-0.03552 -0.266212 0.0
-0.0360545 -0.274441 0.0
-0.0368114 -0.283732 0.0
-0.037897 -0.294693 0.0
-0.0394174 -0.308088 0.0
-0.0414453 -0.324744 0.0
-0.0439719 -0.345343 0.0
-0.0468588 -0.370119 0.0
-0.0498089 -0.398518 0.0
-0.052374 -0.428932 0.0
-0.0540022 -0.458565 0.0
-0.0541155 -0.483464 0.0
-0.0522052 -0.498691 0.0
-0.0479362 -0.49865 0.0
-0.0412567 -0.47764 0.0
-0.0325109 -0.430814 0.0
-0.0225359 -0.355805 0.0
-0.0126983 -0.255168 0.0
-0.00479947 -0.138951 0.0
-0.000790691 -0.0243046 0.0
0.000306331 0.0186349 0.0
0.00156557 0.0844894 0.0
0.003646 0.139477 0.0
0.00576874 0.182806 0.0
0.00747955 0.215428 0.0
0.00860564 0.239366 0.0
0.00916933 0.256917 0.0
0.00929296 0.270082 0.0
0.00912078 0.280307 0.0
0.00877332 0.288493 0.0
0.00833168 0.29512 0.0
0.00784284 0.300426 0.0
0.00733208 0.304516 0.0
0.00681159 0.307437 0.0
0.00628739 0.309227 0.0
0.0057632 0.30992 0.0
0.00524123 0.309557 0.0
0.00472303 0.308189 0.0
0.00420996 0.305875 0.0
0.00370313 0.302679 0.0
0.00320346 0.298675 0.0
0.00271187 0.293938 0.0
0.00222904 0.288547 0.0
0.00175549 0.282588 0.0
0.00129167 0.276148 0.0
0.00083774 0.26931 0.0
0.000393796 0.262156 0.0
-3.99484e-05 0.254765 0.0
-0.000463122 0.247212 0.0
-0.000875334 0.239566 0.0
-0.00127627 0.231888 0.0
-0.00166559 0.22423 0.0
-0.00204295 0.216636 0.0
-0.00240717 0.20914 0.0
-0.0027568 0.201769 0.0
-0.0030923 0.194543 0.0
-0.0034144 0.18747 0.0
-0.00372285 0.180551 0.0
-0.00401758 0.173784 0.0
-0.00429875 0.167161 0.0
-0.00456674 0.160673 0.0
-0.00482213 0.154306 0.0
-0.00506569 0.148048 0.0
-0.0052984 0.141886 0.0
-0.00552132 0.135807 0.0
-0.00573567 0.129798 0.0
-0.00594273 0.123851 0.0
-0.00614384 0.117955 0.0
-0.00634039 0.112104 0.0
-0.00653376 0.106291 0.0
-0.00672532 0.100511 0.0
-0.00691643 0.0947591 0.0
-0.00710839 0.089033 0.0
-0.00730244 0.0833294 0.0
-0.00749964 0.0776458 0.0
-0.00770064 0.0719796 0.0
-0.00790628 0.06633 0.0
-0.00811786 0.0606953 0.0
-0.00833652 0.0550736 0.0
-0.00856312 0.0494626 0.0
-0.00879846 0.0438604 0.0
-0.00904324 0.0382649 0.0
-0.00929813 0.0326741 0.0
-0.00956375 0.0270858 0.0
-0.00984065 0.021498 0.0
-0.0101293 0.0159088 0.0
-0.0104302 0.0103162 0.0
-0.0107438 0.00471828 0.0
-0.0110703 -0.000886607 0.0
-0.01141 -0.00649818 0.0
-0.0117634 -0.0121208 0.0
-0.012131 -0.0177585 0.0
-0.0125127 -0.0234144 0.0
-0.0129085 -0.0290898 0.0
-0.0133194 -0.0347865 0.0
-0.0137465 -0.0405077 0.0
-0.0141904 -0.0462578 0.0
-0.0146512 -0.0520409 0.0
-0.0151294 -0.0578614 0.0
-0.0156247 -0.0637239 0.0
-0.0161369 -0.0696333 0.0
-0.0166652 -0.0755934 0.0
-0.0172088 -0.0816063 0.0
-0.0177677 -0.0876742 0.0
-0.018342 -0.0938017 0.0
-0.0189315 -0.099994 0.0
-0.019535 -0.106256 0.0
-0.020151 -0.112592 0.0
-0.0207777 -0.119003 0.0
-0.0214138 -0.125489 0.0
-0.0220581 -0.132051 0.0
-0.0227089 -0.138691 0.0
-0.0233636 -0.14541 0.0
-0.0240192 -0.152204 0.0
-0.0246731 -0.159068 0.0
-0.0253226 -0.165997 0.0
-0.0259645 -0.172987 0.0
-0.0265947 -0.180029 0.0
-0.0272095 -0.187111 0.0
-0.0278056 -0.194222 0.0
-0.0283788 -0.201351 0.0
-0.0289257 -0.208484 0.0
-0.029443 -0.215609 0.0
-0.0299286 -0.222714 0.0
-0.0303818 -0.229795 0.0
-0.030805 -0.236853 0.0
-0.0312044 -0.243906 0.0
-0.0315938 -0.251001 0.0
-0.0319971 -0.258226 0.0
-0.0324537 -0.26574 0.0
-0.0330231 -0.273809 0.0
-0.0337878 -0.282843 0.0
-0.0348512 -0.293434 0.0
-0.0363233 -0.306355 0.0
-0.0382894 -0.322483 0.0
-0.0407633 -0.342603 0.0
-0.0436358 -0.367099 0.0
-0.0466389 -0.395585 0.0
-0.0493458 -0.426594 0.0
-0.0512133 -0.457408 0.0
-0.0516579 -0.484063 0.0
-0.0501518 -0.501508 0.0
-0.0463292 -0.503924 0.0
-0.0401 -0.485274 0.0
-0.031767 -0.440258 0.0
-0.0221295 -0.365973 0.0
-0.0125288 -0.264438 0.0
-0.00475932 -0.145349 0.0
-0.000789709 -0.025885 0.0
0.000319241 0.0180093 0.0
0.00166299 0.0825119 0.0
0.00393803 0.137099 0.0
0.00634249 0.180657 0.0
0.00838881 0.21382 0.0
0.009871 0.238365 0.0
0.0107847 0.25644 0.0
0.0112358 0.269984 0.0
0.0113626 0.28045 0.0
0.0112865 0.288773 0.0
0.0110931 0.295475 0.0
0.0108338 0.300819 0.0
0.0105365 0.30493 0.0
0.0102148 0.307865 0.0
0.00987532 0.309663 0.0
0.00952171 0.310362 0.0
0.00915616 0.310003 0.0
0.00878022 0.308637 0.0
0.0083954 0.306324 0.0
0.0080031 0.303129 0.0
0.00760468 0.299124 0.0
0.0072016 0.294384 0.0
0.00679495 0.28899 0.0
0.00638586 0.283027 0.0
0.00597588 0.276583 0.0
0.00556633 0.269739 0.0
0.00515841 0.262579 0.0
0.00475343 0.255181 0.0
0.00435282 0.24762 0.0
0.00395806 0.239965 0.0
0.00357062 0.232277 0.0
0.00319199 0.224608 0.0
0.00282376 0.217003 0.0
0.00246734 0.209494 0.0
0.00212379 0.202109 0.0
0.00179416 0.194869 0.0
0.00147909 0.187781 0.0
0.00117873 0.180848 0.0
0.000893141 0.174067 0.0
0.000622179 0.16743 0.0
0.000365398 0.160929 0.0
0.000122082 0.154549 0.0
-0.000108709 0.14828 0.0
-0.000328093 0.142107 0.0
-0.000537376 0.136018 0.0
-0.000738003 0.130002 0.0
-0.000931488 0.124048 0.0
-0.00111939 0.118147 0.0
-0.00130325 0.112293 0.0
-0.00148464 0.106477 0.0
-0.00166506 0.100696 0.0
-0.00184598 0.0949455 0.0
-0.0020288 0.0892215 0.0
-0.00221488 0.0835212 0.0
-0.00240549 0.0778419 0.0
-0.00260096 0.07218 0.0
-0.002802 0.0665363 0.0
-0.00301031 0.0609089 0.0
-0.00322709 0.0552954 0.0
-0.00345319 0.0496935 0.0
-0.00368938 0.0441011 0.0
-0.00393643 0.0385161 0.0
-0.00419503 0.0329364 0.0
-0.00446587 0.0273599 0.0
-0.00474954 0.0217845 0.0
-0.00504658 0.0162081 0.0
-0.0053575 0.0106287 0.0
-0.0056827 0.00504449 0.0
-0.00602248 -0.000546553 0.0
-0.0063771 -0.00614388 0.0
-0.00674707 -0.0117517 0.0
-0.0071329 -0.0173742 0.0
-0.00753421 -0.0230157 0.0
-0.00795082 -0.0286761 0.0
-0.00838403 -0.034356 0.0
-0.00883504 -0.04006 0.0
-0.00930422 -0.0457925 0.0
-0.00979169 -0.0515578 0.0
-0.0102977 -0.0573603 0.0
-0.0108223 -0.063205 0.0
-0.0113653 -0.069097 0.0
-0.0119257 -0.075041 0.0
-0.0125026 -0.0810382 0.0
-0.0130962 -0.0870897 0.0
-0.0137069 -0.0932011 0.0
-0.0143342 -0.0993779 0.0
-0.0149773 -0.105626 0.0
-0.0156347 -0.111949 0.0
-0.0163042 -0.11835 0.0
-0.0169848 -0.124826 0.0
-0.0176757 -0.131379 0.0
-0.0183755 -0.138012 0.0
-0.0190816 -0.144727 0.0
-0.0197909 -0.151521 0.0
-0.020501 -0.158387 0.0
-0.0212097 -0.16532 0.0
-0.0219139 -0.172318 0.0
-0.0226097 -0.179372 0.0
-0.0232934 -0.186469 0.0
-0.023962 -0.193599 0.0
-0.0246115 -0.200751 0.0
-0.0252381 -0.20791 0.0
-0.0258388 -0.215064 0.0
-0.026411 -0.222201 0.0
-0.0269534 -0.229312 0.0
-0.027467 -0.236398 0.0
-0.0279566 -0.243472 0.0
-0.028433 -0.25057 0.0
-0.0289162 -0.25777 0.0
-0.0294404 -0.265215 0.0
-0.0300587 -0.273146 0.0
-0.0308475 -0.281951 0.0
-0.0319064 -0.292203 0.0
-0.0333465 -0.304674 0.0
-0.0352635 -0.320281 0.0
-0.0376913 -0.339904 0.0
-0.0405483 -0.36407 0.0
-0.0435954 -0.392565 0.0
-0.0464285 -0.424074 0.0
-0.0485154 -0.455973 0.0
-0.0492692 -0.484299 0.0
-0.0481454 -0.503902 0.0
-0.0447497 -0.508749 0.0
-0.038955 -0.492473 0.0
-0.0310232 -0.449324 0.0
-0.0217166 -0.375851 0.0
-0.0123513 -0.273526 0.0
-0.00471399 -0.151668 0.0
-0.00078733 -0.027462 0.0
0.000330441 0.0173596 0.0
0.00175162 0.0803967 0.0
0.00420986 0.134481 0.0
0.00688503 0.178196 0.0
0.00925865 0.211861 0.0
0.0110923 0.237008 0.0
0.0123546 0.255622 0.0
0.0131337 0.269572 0.0
0.0135604 0.280309 0.0
0.0137566 0.288795 0.0
0.0138115 0.295591 0.0
0.013781 0.300992 0.0
0.0136962 0.305139 0.0
0.0135725 0.308101 0.0
0.013417 0.309921 0.0
0.0132338 0.31064 0.0
0.0130249 0.310299 0.0
0.0127919 0.30895 0.0
0.0125364 0.306652 0.0
0.0122601 0.30347 0.0
0.0119645 0.299476 0.0
0.0116516 0.294747 0.0
0.0113231 0.289362 0.0
0.0109808 0.283407 0.0
0.0106272 0.276967 0.0
0.0102644 0.270127 0.0
0.00989492 0.262968 0.0
0.00952102 0.25557 0.0
0.00914522 0.248007 0.0
0.00877009 0.240348 0.0
0.0083982 0.232653 0.0
0.0080321 0.224976 0.0
0.00767427 0.217361 0.0
0.00732674 0.20984 0.0
0.0069911 0.202442 0.0
0.00666916 0.195187 0.0
0.00636225 0.188085 0.0
0.0060709 0.181136 0.0
0.0057953 0.17434 0.0
0.00553533 0.167688 0.0
0.00529052 0.161172 0.0
0.00506005 0.15478 0.0
0.00484283 0.148498 0.0
0.00463753 0.142314 0.0
0.00444262 0.136215 0.0
0.00425647 0.130191 0.0
0.00407734 0.124231 0.0
0.00390348 0.118326 0.0
0.00373315 0.112468 0.0
0.00356464 0.106652 0.0
0.0033963 0.100871 0.0
0.00322658 0.0951217 0.0
0.00305403 0.0894007 0.0
0.00287734 0.0837047 0.0
0.00269543 0.0780308 0.0
0.00250689 0.072375 0.0
0.00231054 0.0667386 0.0
0.00210569 0.0611198 0.0
0.00189137 0.0555157 0.0
0.00166653 0.0499241 0.0
0.00143026 0.0443429 0.0
0.00118173 0.0387699 0.0
0.000920155 0.0332029 0.0
0.000644803 0.0276397 0.0
0.000354965 0.0220783 0.0
4.99698e-05 0.0165164 0.0
-0.00027062 0.010952 0.0
-0.000607097 0.00538298 0.0
-0.000959847 -0.000192479 0.0
-0.00132894 -0.0057742 0.0
-0.00171474 -0.0113655 0.0
-0.00211822 -0.016971 0.0
-0.00253902 -0.0225968 0.0
-0.00297677 -0.0282406 0.0
-0.00343298 -0.0339021 0.0
-0.00390863 -0.0395873 0.0
-0.00440369 -0.0453009 0.0
-0.00491821 -0.0510474 0.0
-0.00545234 -0.0568307 0.0
-0.00600635 -0.062656 0.0
-0.00658034 -0.0685289 0.0
-0.00717332 -0.0744557 0.0
-0.0077841 -0.0804358 0.0
-0.0084132 -0.0864693 0.0
-0.00906102 -0.0925629 0.0
-0.00972699 -0.0987227 0.0
-0.0104104 -0.104954 0.0
-0.0111098 -0.111264 0.0
-0.011823 -0.117653 0.0
-0.0125489 -0.124116 0.0
-0.0132874 -0.130659 0.0
-0.0140371 -0.137283 0.0
-0.0147955 -0.143992 0.0
-0.0155594 -0.150783 0.0
-0.0163267 -0.157647 0.0
-0.0170957 -0.164582 0.0
-0.0178634 -0.171585 0.0
-0.0186258 -0.178647 0.0
-0.0193797 -0.185756 0.0
-0.0201221 -0.192901 0.0
-0.0208493 -0.200072 0.0
-0.0215575 -0.207254 0.0
-0.0222435 -0.214434 0.0
-0.0229045 -0.221598 0.0
-0.0235388 -0.228738 0.0
-0.0241466 -0.235851 0.0
-0.0247309 -0.242945 0.0
-0.0253003 -0.250051 0.0
-0.0258714 -0.257235 0.0
-0.0264733 -0.264624 0.0
-0.0271533 -0.272439 0.0
-0.0279815 -0.281042 0.0
-0.0290523 -0.290982 0.0
-0.0304768 -0.303029 0.0
-0.0323581 -0.318127 0.0
-0.034748 -0.33724 0.0
-0.0375906 -0.361034 0.0
-0.0406752 -0.389468 0.0
-0.0436217 -0.421391 0.0
-0.0459102 -0.454281 0.0
-0.0469532 -0.484195 0.0
-0.0461913 -0.505892 0.0
-0.0432037 -0.513142 0.0
-0.0378277 -0.499251 0.0
-0.0302853 -0.45802 0.0
-0.021302 -0.385445 0.0
-0.0121687 -0.28243 0.0
-0.00466468 -0.157905 0.0
-0.000783753 -0.0290331 0.0
0.00033996 0.0166892 0.0
0.00183144 0.0781544 0.0
0.00446111 0.131636 0.0
0.00739533 0.175432 0.0
0.0100874 0.209559 0.0
0.0122673 0.235296 0.0
0.0138762 0.254462 0.0
0.0149839 0.268845 0.0
0.015712 0.279881 0.0
0.0161815 0.288557 0.0
0.0164852 0.295471 0.0
0.0166833 0.300946 0.0
0.0168103 0.305144 0.0
0.0168837 0.308147 0.0
0.0169119 0.310003 0.0
0.016899 0.310755 0.0
0.0168471 0.310445 0.0
0.0167578 0.309126 0.0
0.0166328 0.306856 0.0
0.0164738 0.303701 0.0
0.0162828 0.299732 0.0
0.0160622 0.295025 0.0
0.0158141 0.289661 0.0
0.0155411 0.283723 0.0
0.0152463 0.277299 0.0
0.0149331 0.270471 0.0
0.0146046 0.263322 0.0
0.0142643 0.255931 0.0
0.0139158 0.248371 0.0
0.0135627 0.240712 0.0
0.0132086 0.233015 0.0
0.012857 0.225332 0.0
0.0125112 0.217708 0.0
0.0121741 0.210177 0.0
0.011848 0.202766 0.0
0.0115352 0.195497 0.0
0.0112377 0.188379 0.0
0.0109564 0.181415 0.0
0.0106916 0.174602 0.0
0.0104434 0.167935 0.0
0.0102112 0.161403 0.0
0.00999424 0.154996 0.0
0.00979121 0.148701 0.0
0.00960063 0.142506 0.0
0.00942076 0.136398 0.0
0.00924977 0.130366 0.0
0.00908572 0.1244 0.0
0.00892667 0.11849 0.0
0.00877067 0.11263 0.0
0.00861588 0.106813 0.0
0.00846051 0.101033 0.0
0.0083029 0.0952867 0.0
0.00814152 0.0895697 0.0
0.00797499 0.083879 0.0
0.00780202 0.0782115 0.0
0.00762105 0.0725639 0.0
0.0074308 0.0669364 0.0
0.00723057 0.0613271 0.0
0.0070195 0.0557338 0.0
0.00679657 0.0501539 0.0
0.00656081 0.0445852 0.0
0.00631131 0.0390256 0.0
0.00604724 0.0334728 0.0
0.00576781 0.0279246 0.0
0.00547228 0.0223788 0.0
0.00516003 0.0168331 0.0
0.00483053 0.0112853 0.0
0.00448334 0.0057333 0.0
0.00411815 0.000175167 0.0
0.00373517 -0.00538974 0.0
0.00333456 -0.0109636 0.0
0.00291586 -0.0165508 0.0
0.0024771 -0.0221574 0.0
0.00201666 -0.0277817 0.0
0.00153557 -0.0334236 0.0
0.0010346 -0.0390891 0.0
0.000513331 -0.0447828 0.0
-2.86589e-05 -0.050509 0.0
-0.00059129 -0.0562723 0.0
-0.00117458 -0.0620771 0.0
-0.00177924 -0.0679291 0.0
-0.00240481 -0.0738369 0.0
-0.00305023 -0.0797984 0.0
-0.00371594 -0.0858119 0.0
-0.0044019 -0.0918865 0.0
-0.0051072 -0.0980278 0.0
-0.00583136 -0.104242 0.0
-0.00657347 -0.110535 0.0
-0.007331 -0.116911 0.0
-0.00810318 -0.12336 0.0
-0.00889033 -0.129889 0.0
-0.00969091 -0.136502 0.0
-0.0105026 -0.143203 0.0
-0.0113221 -0.149989 0.0
-0.0121475 -0.156849 0.0
-0.0129778 -0.163781 0.0
-0.0138103 -0.170785 0.0
-0.0146406 -0.177854 0.0
-0.0154658 -0.18497 0.0
-0.0162835 -0.192126 0.0
-0.01709 -0.199313 0.0
-0.0178813 -0.206514 0.0
-0.0186545 -0.213715 0.0
-0.0194067 -0.220904 0.0
-0.0201356 -0.22807 0.0
-0.0208407 -0.235207 0.0
-0.0215239 -0.242321 0.0
-0.0221917 -0.249437 0.0
-0.0228577 -0.256612 0.0
-0.0235466 -0.263957 0.0
-0.0242999 -0.271673 0.0
-0.0251812 -0.280098 0.0
-0.0262796 -0.289757 0.0
-0.0277043 -0.301406 0.0
-0.0295639 -0.31601 0.0
-0.0319251 -0.334606 0.0
-0.0347562 -0.357994 0.0
-0.0378745 -0.386305 0.0
-0.0409238 -0.418558 0.0
-0.0433987 -0.45235 0.0
-0.0447127 -0.483768 0.0
-0.0442938 -0.507499 0.0
-0.0416965 -0.51712 0.0
-0.0367237 -0.505622 0.0
-0.0295584 -0.466357 0.0
-0.0208896 -0.39476 0.0
-0.0119837 -0.291154 0.0
-0.00461252 -0.164056 0.0
-0.000779176 -0.030596 0.0
0.000347829 0.0160014 0.0
0.00190241 0.0757962 0.0
0.00469141 0.128575 0.0
0.00787244 0.172377 0.0
0.0108733 0.206921 0.0
0.0133936 0.233234 0.0
0.015347 0.252962 0.0
0.0167835 0.267802 0.0
0.0178146 0.279165 0.0
0.0185589 0.288059 0.0
0.0191122 0.295112 0.0
0.0195389 0.300679 0.0
0.0198774 0.304945 0.0
0.0201476 0.308002 0.0
0.0203591 0.309908 0.0
0.0205164 0.310706 0.0
0.0206219 0.310441 0.0
0.0206771 0.309165 0.0
0.0206838 0.306936 0.0
0.0206438 0.30382 0.0
0.0205595 0.299888 0.0
0.0204333 0.295216 0.0
0.0202681 0.289883 0.0
0.0200671 0.283975 0.0
0.019834 0.277575 0.0
0.0195731 0.270769 0.0
0.0192885 0.263638 0.0
0.0189847 0.25626 0.0
0.0186662 0.24871 0.0
0.0183377 0.241056 0.0
0.0180037 0.23336 0.0
0.0176688 0.225674 0.0
0.0173371 0.218044 0.0
0.0170122 0.210503 0.0
0.0166972 0.203081 0.0
0.0163951 0.195798 0.0
0.0161082 0.188663 0.0
0.0158378 0.181682 0.0
0.0155847 0.174852 0.0
0.015349 0.168168 0.0
0.0151301 0.161621 0.0
0.0149272 0.155199 0.0
0.014739 0.14889 0.0
0.0145636 0.142683 0.0
0.0143994 0.136565 0.0
0.0142442 0.130525 0.0
0.0140959 0.124553 0.0
0.0139523 0.11864 0.0
0.0138115 0.112778 0.0
0.0136712 0.10696 0.0
0.0135296 0.101183 0.0
0.013385 0.0954396 0.0
0.0132356 0.0897276 0.0
0.01308 0.0840433 0.0
0.0129167 0.0783835 0.0
0.0127441 0.0727455 0.0
0.0125609 0.0671282 0.0
0.0123663 0.0615301 0.0
0.0121594 0.0559488 0.0
0.0119391 0.050382 0.0
0.0117045 0.0448275 0.0
0.0114547 0.0392828 0.0
0.0111887 0.0337458 0.0
0.0109057 0.0282141 0.0
0.0106049 0.0226856 0.0
0.0102857 0.0171579 0.0
0.00994734 0.0116285 0.0
0.0095895 0.00609522 0.0
0.00921191 0.000556052 0.0
0.00881478 -0.00499049 0.0
0.00839818 -0.0105456 0.0
0.00796146 -0.0161133 0.0
0.00750308 -0.0216977 0.0
0.00702187 -0.0272997 0.0
0.0065183 -0.0329209 0.0
0.00599302 -0.0385655 0.0
0.0054461 -0.0442381 0.0
0.0048775 -0.049943 0.0
0.00428712 -0.0556852 0.0
0.00367499 -0.0614688 0.0
0.00304131 -0.0672991 0.0
0.00238436 -0.0731844 0.0
0.00170254 -0.0791236 0.0
0.000998028 -0.0851164 0.0
0.000272909 -0.0911709 0.0
-0.00047235 -0.0972928 0.0
-0.00123735 -0.103487 0.0
-0.0020221 -0.109762 0.0
-0.00282479 -0.116123 0.0
-0.00364468 -0.122556 0.0
-0.0044817 -0.129069 0.0
-0.00533403 -0.135669 0.0
-0.00619985 -0.142359 0.0
-0.00707584 -0.149138 0.0
-0.00796053 -0.15599 0.0
-0.00885352 -0.162917 0.0
-0.00975198 -0.169919 0.0
-0.0106515 -0.176991 0.0
-0.0115492 -0.184111 0.0
-0.0124438 -0.191274 0.0
-0.0133311 -0.198472 0.0
-0.0142072 -0.205688 0.0
-0.0150695 -0.212906 0.0
-0.015915 -0.220115 0.0
-0.016741 -0.227303 0.0
-0.0175465 -0.234462 0.0
-0.0183325 -0.241597 0.0
-0.0191036 -0.248723 0.0
-0.0198707 -0.255893 0.0
-0.0206547 -0.263203 0.0
-0.0214918 -0.270837 0.0
-0.0224392 -0.279106 0.0
-0.0235798 -0.28851 0.0
-0.02502 -0.299788 0.0
-0.0268717 -0.313917 0.0
-0.0292145 -0.331995 0.0
-0.0320387 -0.354949 0.0
-0.0351885 -0.383082 0.0
-0.0383323 -0.415588 0.0
-0.0409805 -0.450197 0.0
-0.0425492 -0.483039 0.0
-0.0424559 -0.508741 0.0
-0.040232 -0.5207 0.0
-0.0356475 -0.511599 0.0
-0.0288469 -0.474345 0.0
-0.0204833 -0.403805 0.0
-0.0117988 -0.2997 0.0
-0.00455857 -0.170121 0.0
-0.000773791 -0.032149 0.0
0.000354077 0.0152995 0.0
0.00196453 0.073333 0.0
0.00490041 0.125314 0.0
0.00831535 0.169043 0.0
0.0116148 0.203955 0.0
0.0144689 0.230826 0.0
0.016764 0.251122 0.0
0.0185293 0.26644 0.0
0.0198649 0.27816 0.0
0.0208859 0.287299 0.0
0.0216901 0.294515 0.0
0.022346 0.300194 0.0
0.0228959 0.304542 0.0
0.0233626 0.307668 0.0
0.0237571 0.309636 0.0
0.0240848 0.310492 0.0
0.0243482 0.310285 0.0
0.0245489 0.309065 0.0
0.0246887 0.30689 0.0
0.0247695 0.303825 0.0
0.0247939 0.299943 0.0
0.0247646 0.295317 0.0
0.024685 0.290027 0.0
0.0245588 0.284158 0.0
0.0243906 0.277793 0.0
0.0241851 0.271017 0.0
0.0239476 0.263911 0.0
0.0236833 0.256554 0.0
0.0233978 0.249019 0.0
0.0230967 0.241376 0.0
0.0227855 0.233685 0.0
0.0224696 0.226 0.0
0.0221541 0.218365 0.0
0.0218434 0.210817 0.0
0.0215413 0.203384 0.0
0.0212513 0.196087 0.0
0.0209762 0.188936 0.0
0.0207179 0.181938 0.0
0.0204774 0.17509 0.0
0.0202548 0.168389 0.0
0.0200499 0.161824 0.0
0.0198616 0.155386 0.0
0.0196886 0.149064 0.0
0.0195291 0.142844 0.0
0.019381 0.136716 0.0
0.0192422 0.130668 0.0
0.0191102 0.12469 0.0
0.0189828 0.118773 0.0
0.0188577 0.11291 0.0
0.0187327 0.107093 0.0
0.0186057 0.101318 0.0
0.0184749 0.0955795 0.0
0.0183383 0.0898736 0.0
0.0181944 0.0841968 0.0
0.0180416 0.0785461 0.0
0.0178783 0.0729188 0.0
0.0177031 0.0673133 0.0
0.0175151 0.0617278 0.0
0.0173132 0.0561601 0.0
0.0170964 0.0506079 0.0
0.0168638 0.0450689 0.0
0.0166143 0.0395407 0.0
0.0163471 0.0340211 0.0
0.0160611 0.0285078 0.0
0.0157557 0.0229983 0.0
0.0154299 0.0174902 0.0
0.0150832 0.0119812 0.0
0.014715 0.00646857 0.0
0.0143252 0.000950094 0.0
0.013914 -0.00457616 0.0
0.0134814 -0.0101106 0.0
0.0130268 -0.0156568 0.0
0.012549 -0.021218 0.0
0.0120474 -0.0267965 0.0
0.0115218 -0.0323949 0.0
0.0109726 -0.038017 0.0
0.0104 -0.043667 0.0
0.00980394 -0.0493494 0.0
0.00918443 -0.0550689 0.0
0.00854138 -0.0608299 0.0
0.00787466 -0.0666376 0.0
0.00718324 -0.0724975 0.0
0.00646648 -0.0784119 0.0
0.00572578 -0.084383 0.0
0.00496294 -0.0904164 0.0
0.00417886 -0.096518 0.0
0.0033742 -0.102693 0.0
0.00254892 -0.108947 0.0
0.00170004 -0.115287 0.0
0.000829201 -0.121701 0.0
-5.90784e-05 -0.128199 0.0
-0.000963699 -0.134783 0.0
-0.00188378 -0.141459 0.0
-0.0028173 -0.148228 0.0
-0.00376297 -0.155069 0.0
-0.00471994 -0.161987 0.0
-0.00568552 -0.168984 0.0
-0.00665534 -0.176056 0.0
-0.00762714 -0.183176 0.0
-0.00860014 -0.190341 0.0
-0.00956994 -0.197547 0.0
-0.0105326 -0.204774 0.0
-0.0114859 -0.212004 0.0
-0.0124269 -0.219231 0.0
-0.0133524 -0.226437 0.0
-0.0142613 -0.233614 0.0
-0.0151535 -0.240766 0.0
-0.0160323 -0.247904 0.0
-0.0169063 -0.255071 0.0
-0.0177928 -0.262354 0.0
-0.0187231 -0.269918 0.0
-0.0197482 -0.278052 0.0
-0.0209448 -0.287227 0.0
-0.0224151 -0.298161 0.0
-0.0242728 -0.311835 0.0
-0.026608 -0.3294 0.0
-0.029431 -0.351898 0.0
-0.0326121 -0.379803 0.0
-0.0358442 -0.412492 0.0
-0.0386545 -0.447835 0.0
-0.0404635 -0.482023 0.0
-0.0406799 -0.509633 0.0
-0.0388136 -0.523897 0.0
-0.0346029 -0.517197 0.0
-0.0281548 -0.481996 0.0
-0.0200864 -0.412586 0.0
-0.0116162 -0.308074 0.0
-0.00450386 -0.176101 0.0
-0.000767787 -0.0336906 0.0
0.000358735 0.0145867 0.0
0.00201779 0.0707763 0.0
0.00508778 0.121864 0.0
0.00872311 0.165442 0.0
0.0123099 0.20067 0.0
0.0154905 0.228076 0.0
0.0181239 0.248943 0.0
0.0202179 0.26476 0.0
0.0218595 0.276863 0.0
0.0231593 0.286275 0.0
0.024216 0.293678 0.0
0.0251021 0.299488 0.0
0.0258637 0.303936 0.0
0.0265268 0.307145 0.0
0.0271044 0.309187 0.0
0.0276027 0.310115 0.0
0.0280246 0.309977 0.0
0.0283719 0.308824 0.0
0.0286463 0.306716 0.0
0.0288498 0.303715 0.0
0.0289852 0.299893 0.0
0.0290554 0.295325 0.0
0.0290643 0.29009 0.0
0.0290162 0.28427 0.0
0.028916 0.27795 0.0
0.0287694 0.271213 0.0
0.0285824 0.26414 0.0
0.028361 0.256811 0.0
0.0281117 0.249297 0.0
0.0278411 0.24167 0.0
0.0275555 0.233988 0.0
0.0272614 0.226307 0.0
0.0269645 0.218671 0.0
0.02667 0.211117 0.0
0.0263826 0.203674 0.0
0.0261064 0.196363 0.0
0.0258445 0.189197 0.0
0.0255994 0.182181 0.0
0.0253723 0.175315 0.0
0.0251637 0.168595 0.0
0.0249733 0.162013 0.0
0.0248002 0.155559 0.0
0.024643 0.149222 0.0
0.0244997 0.142989 0.0
0.0243682 0.136851 0.0
0.0242462 0.130795 0.0
0.0241312 0.124811 0.0
0.0240205 0.118891 0.0
0.0239119 0.113026 0.0
0.0238028 0.107211 0.0
0.0236912 0.101439 0.0
0.0235749 0.0957058 0.0
0.023452 0.0900069 0.0
0.0233206 0.0843388 0.0
0.0231792 0.0786984 0.0
0.0230261 0.073083 0.0
0.0228598 0.0674906 0.0
0.0226792 0.0619192 0.0
0.0224832 0.0563666 0.0
0.0222708 0.0508305 0.0
0.022041 0.0453087 0.0
0.0217927 0.0397987 0.0
0.021525 0.0342982 0.0
0.0212368 0.0288048 0.0
0.0209274 0.0233162 0.0
0.0205958 0.0178297 0.0
0.0202413 0.0123429 0.0
0.0198634 0.00685293 0.0
0.0194619 0.00135704 0.0
0.0190372 -0.0041471 0.0
0.0185892 -0.00965909 0.0
0.0181174 -0.0151819 0.0
0.0176208 -0.0207186 0.0
0.0170988 -0.0262723 0.0
0.0165513 -0.0318461 0.0
0.0159783 -0.0374437 0.0
0.0153799 -0.0430693 0.0
0.0147561 -0.0487273 0.0
0.0141069 -0.0544223 0.0
0.0134323 -0.0601588 0.0
0.012732 -0.0659417 0.0
0.0120057 -0.0717757 0.0
0.0112532 -0.0776645 0.0
0.0104754 -0.0836118 0.0
0.00967329 -0.0896226 0.0
0.00884778 -0.0957021 0.0
0.0079993 -0.101855 0.0
0.00712779 -0.108087 0.0
0.00623234 -0.114402 0.0
0.0053144 -0.120797 0.0
0.00437721 -0.127277 0.0
0.00342242 -0.133845 0.0
0.00245022 -0.140504 0.0
0.00145785 -0.147257 0.0
0.000447692 -0.154085 0.0
-0.00057454 -0.160993 0.0
-0.00160764 -0.16798 0.0
-0.00264893 -0.175049 0.0
-0.0036967 -0.182163 0.0
-0.00474984 -0.189327 0.0
-0.00580366 -0.196538 0.0
-0.0068545 -0.20377 0.0
-0.00790095 -0.211008 0.0
-0.00893958 -0.218247 0.0
-0.00996695 -0.225467 0.0
-0.0109821 -0.23266 0.0
-0.0119839 -0.239827 0.0
-0.0129746 -0.246974 0.0
-0.0139607 -0.254141 0.0
-0.0149563 -0.261402 0.0
-0.0159884 -0.268908 0.0
-0.0171019 -0.276924 0.0
-0.0183672 -0.285893 0.0
-0.0198816 -0.296509 0.0
-0.0217588 -0.309751 0.0
-0.0240976 -0.32681 0.0
-0.0269264 -0.348836 0.0
-0.0301398 -0.37647 0.0
-0.0334558 -0.409276 0.0
-0.0364188 -0.445277 0.0
-0.0384555 -0.480735 0.0
-0.0389672 -0.510193 0.0
-0.0374439 -0.526727 0.0
-0.0335933 -0.522428 0.0
-0.0274855 -0.48932 0.0
-0.019702 -0.421113 0.0
-0.0114383 -0.31628 0.0
-0.00444934 -0.181996 0.0
-0.000761342 -0.0352197 0.0
0.000361835 0.0138662 0.0
0.00206219 0.0681375 0.0
0.0052532 0.118242 0.0
0.00909474 0.161587 0.0
0.0129569 0.197076 0.0
0.0164559 0.224991 0.0
0.0194235 0.246427 0.0
0.0218454 0.262759 0.0
0.0237946 0.275273 0.0
0.0253754 0.284985 0.0
0.0266866 0.2926 0.0
0.0278042 0.298563 0.0
0.0287782 0.303126 0.0
0.029638 0.306432 0.0
0.0303988 0.308562 0.0
0.0310681 0.309573 0.0
0.0316493 0.309516 0.0
0.0321443 0.308443 0.0
0.0325549 0.306412 0.0
0.0328832 0.303487 0.0
0.0331321 0.299738 0.0
0.0333047 0.295238 0.0
0.0334053 0.290067 0.0
0.0334385 0.284307 0.0
0.03341 0.278041 0.0
0.033326 0.271352 0.0
0.033193 0.264321 0.0
0.0330182 0.257026 0.0
0.0328087 0.249541 0.0
0.0325719 0.241934 0.0
0.0323152 0.234266 0.0
0.0320457 0.226592 0.0
0.03177 0.218958 0.0
0.0314942 0.2114 0.0
0.0312235 0.203949 0.0
0.0309627 0.196625 0.0
0.0307156 0.189444 0.0
0.0304849 0.18241 0.0
0.0302722 0.175526 0.0
0.0300783 0.168787 0.0
0.0299031 0.162187 0.0
0.0297457 0.155716 0.0
0.0296047 0.149363 0.0
0.0294781 0.143118 0.0
0.0293637 0.136968 0.0
0.029259 0.130904 0.0
0.0291613 0.124914 0.0
0.029068 0.118991 0.0
0.0289764 0.113126 0.0
0.028884 0.107313 0.0
0.0287885 0.101545 0.0
0.0286875 0.0958175 0.0
0.028579 0.0901266 0.0
0.0284611 0.0844683 0.0
0.0283319 0.0788394 0.0
0.0281898 0.0732372 0.0
0.0280333 0.0676592 0.0
0.0278611 0.0621034 0.0
0.027672 0.0565675 0.0
0.0274649 0.0510492 0.0
0.0272387 0.0455461 0.0
0.0269925 0.0400559 0.0
0.026725 0.0345762 0.0
0.0264355 0.0291045 0.0
0.0261229 0.0236385 0.0
0.0257864 0.0181755 0.0
0.025425 0.0127129 0.0
0.0250382 0.00724766 0.0
0.0246256 0.0017764 0.0
0.0241881 -0.00370409 0.0
0.0237257 -0.00919171 0.0
0.0232374 -0.0146892 0.0
0.0227226 -0.0201998 0.0
0.0221805 -0.025727 0.0
0.021611 -0.0312743 0.0
0.0210141 -0.0368455 0.0
0.0203899 -0.0424448 0.0
0.0197383 -0.0480764 0.0
0.0190593 -0.053745 0.0
0.0183529 -0.059455 0.0
0.0176191 -0.0652112 0.0
0.0168576 -0.0710183 0.0
0.0160686 -0.0768804 0.0
0.0152526 -0.0828021 0.0
0.0144103 -0.088788 0.0
0.0135422 -0.0948432 0.0
0.0126489 -0.100972 0.0
0.0117304 -0.10718 0.0
0.0107869 -0.11347 0.0
0.00981956 -0.119844 0.0
0.00883012 -0.126304 0.0
0.00781986 -0.132853 0.0
0.00678915 -0.139493 0.0
0.00573766 -0.146224 0.0
0.00466771 -0.153037 0.0
0.00358323 -0.159933 0.0
0.00248587 -0.166909 0.0
0.00137222 -0.173965 0.0
0.000244507 -0.181072 0.0
-0.000890168 -0.188231 0.0
-0.00202907 -0.195441 0.0
-0.00317004 -0.202674 0.0
-0.00431176 -0.209915 0.0
-0.0054502 -0.217163 0.0
-0.00658183 -0.224393 0.0
-0.00770595 -0.231595 0.0
-0.00882063 -0.238775 0.0
-0.00992693 -0.245929 0.0
-0.0110299 -0.253097 0.0
-0.0121408 -0.26034 0.0
-0.0132825 -0.267796 0.0
-0.0144943 -0.27571 0.0
-0.0158402 -0.284496 0.0
-0.0174119 -0.294821 0.0
-0.019322 -0.307652 0.0
-0.0216757 -0.324216 0.0
-0.0245177 -0.345759 0.0
-0.0277661 -0.373085 0.0
-0.031163 -0.405948 0.0
-0.0342712 -0.442534 0.0
-0.0365244 -0.479189 0.0
-0.0373185 -0.510434 0.0
-0.0361246 -0.529203 0.0
-0.0326212 -0.527306 0.0
-0.0268418 -0.49633 0.0
-0.0193327 -0.429397 0.0
-0.0112668 -0.324326 0.0
-0.0043959 -0.187809 0.0
-0.000754628 -0.0367357 0.0
0.000363415 0.0131409 0.0
0.00209775 0.0654281 0.0
0.00539641 0.114462 0.0
0.00942932 0.157493 0.0
0.013554 0.193184 0.0
0.0173622 0.221576 0.0
0.0206592 0.243577 0.0
0.0234079 0.260439 0.0
0.0256658 0.273387 0.0
0.0275299 0.283426 0.0
0.029098 0.29128 0.0
0.0304488 0.297415 0.0
0.0316363 0.302112 0.0
0.0326934 0.305529 0.0
0.0336379 0.307759 0.0
0.0344787 0.308865 0.0
0.03522 0.308901 0.0
0.035864 0.307919 0.0
0.0364126 0.305977 0.0
0.036868 0.303138 0.0
0.0372329 0.299472 0.0
0.037511 0.295053 0.0
0.0377066 0.289957 0.0
0.0378249 0.284266 0.0
0.0378718 0.278064 0.0
0.0378542 0.271431 0.0
0.0377794 0.26445 0.0
0.037655 0.257197 0.0
0.0374891 0.249746 0.0
0.0372899 0.242165 0.0
0.0370655 0.234516 0.0
0.0368238 0.226854 0.0
0.0365723 0.219224 0.0
0.0363177 0.211665 0.0
0.0360661 0.204206 0.0
0.0358227 0.196872 0.0
0.035592 0.189675 0.0
0.035377 0.182624 0.0
0.0351798 0.175721 0.0
0.0350015 0.168964 0.0
0.0348422 0.162345 0.0
0.034701 0.155856 0.0
0.0345767 0.149488 0.0
0.0344673 0.143229 0.0
0.0343704 0.137068 0.0
0.0342834 0.130995 0.0
0.0342036 0.125 0.0
0.0341281 0.119074 0.0
0.0340541 0.113209 0.0
0.033979 0.107398 0.0
0.0339001 0.101634 0.0
0.0338152 0.0959139 0.0
0.0337219 0.090232 0.0
0.0336182 0.0845846 0.0
0.0335022 0.0789684 0.0
0.0333721 0.0733805 0.0
0.0332263 0.0678183 0.0
0.0330634 0.0622795 0.0
0.032882 0.0567618 0.0
0.0326812 0.0512628 0.0
0.0324596 0.0457802 0.0
0.0322162 0.0403115 0.0
0.03195 0.0348542 0.0
0.03166 0.0294061 0.0
0.0313452 0.0239644 0.0
0.0310046 0.0185268 0.0
0.0306375 0.0130903 0.0
0.0302428 0.00765185 0.0
0.0298201 0.0022075 0.0
0.0293707 -0.00324822 0.0
0.0288949 -0.00870929 0.0
0.0283908 -0.0141793 0.0
0.0278578 -0.0196619 0.0
0.0272957 -0.0251608 0.0
0.0267043 -0.0306797 0.0
0.0260836 -0.0362225 0.0
0.0254335 -0.0417934 0.0
0.0247542 -0.0473968 0.0
0.0240455 -0.0530369 0.0
0.0233074 -0.0587186 0.0
0.0225399 -0.0644463 0.0
0.0217431 -0.0702249 0.0
0.0209171 -0.0760588 0.0
0.0200622 -0.0819528 0.0
0.0191789 -0.0879116 0.0
0.0182676 -0.0939402 0.0
0.0173288 -0.100043 0.0
0.0163628 -0.106225 0.0
0.01537 -0.112489 0.0
0.0143514 -0.118839 0.0
0.0133079 -0.125276 0.0
0.0122406 -0.131803 0.0
0.0111502 -0.138422 0.0
0.0100372 -0.145131 0.0
0.0089034 -0.151927 0.0
0.00775099 -0.158807 0.0
0.00658128 -0.165768 0.0
0.00539417 -0.172805 0.0
0.00419246 -0.179902 0.0
0.00298084 -0.187054 0.0
0.00175809 -0.194256 0.0
0.000524002 -0.201484 0.0
-0.000715685 -0.208724 0.0
-0.00195566 -0.215976 0.0
-0.00319401 -0.22321 0.0
-0.00442997 -0.230418 0.0
-0.00566049 -0.237607 0.0
-0.00688617 -0.244765 0.0
-0.00811062 -0.251933 0.0
-0.00934238 -0.25916 0.0
-0.0106009 -0.266575 0.0
-0.01192 -0.2744 0.0
-0.0133574 -0.283022 0.0
-0.014999 -0.293081 0.0
-0.0169548 -0.305526 0.0
-0.0193348 -0.321608 0.0
-0.0221982 -0.342661 0.0
-0.025485 -0.369647 0.0
-0.0289613 -0.402513 0.0
-0.0322086 -0.439614 0.0
-0.034669 -0.477395 0.0
-0.0357338 -0.510369 0.0
-0.0348572 -0.531339 0.0
-0.0316888 -0.531843 0.0
-0.0262265 -0.503035 0.0
-0.0189812 -0.437446 0.0
-0.0111035 -0.332221 0.0
-0.00434438 -0.193544 0.0
-0.000747811 -0.0382381 0.0
0.000363512 0.012414 0.0
0.0021245 0.0626597 0.0
0.00551714 0.110539 0.0
0.00972595 0.153174 0.0
0.0140993 0.189004 0.0
0.0182068 0.217839 0.0
0.0218274 0.240396 0.0
0.024901 0.257797 0.0
0.0274686 0.271202 0.0
0.0296183 0.281596 0.0
0.0314459 0.289713 0.0
0.033032 0.296044 0.0
0.0344344 0.300893 0.0
0.0356897 0.304436 0.0
0.0368186 0.306779 0.0
0.0378317 0.307992 0.0
0.0387341 0.308131 0.0
0.0395285 0.307251 0.0
0.040217 0.305408 0.0
0.0408017 0.302667 0.0
0.0412856 0.299095 0.0
0.0416723 0.294765 0.0
0.0419666 0.289755 0.0
0.0421737 0.284143 0.0
0.0423002 0.278013 0.0
0.0423533 0.271446 0.0
0.0423408 0.264522 0.0
0.0422712 0.257318 0.0
0.0421531 0.249908 0.0
0.0419955 0.242359 0.0
0.0418071 0.234734 0.0
0.0415968 0.227088 0.0
0.0413726 0.219466 0.0
0.0411422 0.211908 0.0
0.0409121 0.204445 0.0
0.0406884 0.1971 0.0
0.0404758 0.18989 0.0
0.0402781 0.182822 0.0
0.0400977 0.175901 0.0
0.039936 0.169124 0.0
0.0397934 0.162486 0.0
0.0396691 0.15598 0.0
0.0395621 0.149595 0.0
0.0394702 0.143323 0.0
0.0393912 0.137151 0.0
0.0393224 0.131069 0.0
0.0392608 0.125068 0.0
0.0392036 0.119139 0.0
0.0391478 0.113274 0.0
0.0390905 0.107465 0.0
0.039029 0.101707 0.0
0.0389609 0.0959943 0.0
0.0388835 0.0903222 0.0
0.0387949 0.0846867 0.0
0.0386929 0.0790843 0.0
0.0385756 0.073512 0.0
0.0384414 0.0679669 0.0
0.0382886 0.0624466 0.0
0.038116 0.0569487 0.0
0.0379223 0.0514706 0.0
0.0377063 0.04601 0.0
0.0374668 0.0405645 0.0
0.0372027 0.0351315 0.0
0.0369131 0.0297085 0.0
0.036597 0.024293 0.0
0.0362535 0.0188823 0.0
0.0358818 0.0134737 0.0
0.035481 0.00806392 0.0
0.0350505 0.00264867 0.0
0.0345904 -0.00277997 0.0
0.0341008 -0.00821197 0.0
0.0335806 -0.0136523 0.0
0.0330295 -0.0191049 0.0
0.0324475 -0.0245736 0.0
0.0318343 -0.0300622 0.0
0.0311899 -0.0355748 0.0
0.0305142 -0.0411154 0.0
0.0298072 -0.0466884 0.0
0.0290688 -0.0522982 0.0
0.0282992 -0.0579495 0.0
0.0274981 -0.0636469 0.0
0.0266658 -0.0693951 0.0
0.0258024 -0.075199 0.0
0.0249081 -0.0810633 0.0
0.0239832 -0.0869929 0.0
0.0230282 -0.0929926 0.0
0.0220434 -0.0990672 0.0
0.0210293 -0.105221 0.0
0.0199862 -0.111457 0.0
0.0189149 -0.11778 0.0
0.0178161 -0.124192 0.0
0.0166907 -0.130695 0.0
0.0155394 -0.137289 0.0
0.014363 -0.143974 0.0
0.0131627 -0.150749 0.0
0.0119401 -0.15761 0.0
0.0106964 -0.164552 0.0
0.00943262 -0.17157 0.0
0.00815092 -0.178654 0.0
0.00685391 -0.185794 0.0
0.00554254 -0.192982 0.0
0.00421893 -0.200201 0.0
0.00288763 -0.207436 0.0
0.00154794 -0.214683 0.0
0.000199618 -0.221915 0.0
-0.0011512 -0.229125 0.0
-0.00250026 -0.23632 0.0
-0.00384903 -0.243478 0.0
-0.00519918 -0.250646 0.0
-0.00655706 -0.257858 0.0
-0.00793909 -0.265237 0.0
-0.00937387 -0.272984 0.0
-0.010913 -0.281462 0.0
-0.0126362 -0.291277 0.0
-0.0146501 -0.30336 0.0
-0.0170679 -0.318976 0.0
-0.0199613 -0.339537 0.0
-0.023291 -0.366155 0.0
-0.0268464 -0.398973 0.0
-0.0302281 -0.436525 0.0
-0.0328875 -0.475364 0.0
-0.0342129 -0.51001 0.0
-0.0336424 -0.533145 0.0
-0.0307979 -0.536049 0.0
-0.0256416 -0.509448 0.0
-0.0186494 -0.445271 0.0
-0.0109503 -0.339973 0.0
-0.00429558 -0.199206 0.0
-0.000741046 -0.039727 0.0
0.00036217 0.0116883 0.0
0.00214252 0.059844 0.0
0.00561523 0.106489 0.0
0.00998378 0.148646 0.0
0.0145912 0.184551 0.0
0.0189867 0.21379 0.0
0.0229242 0.236888 0.0
0.02632 0.254836 0.0
0.0291978 0.268718 0.0
0.0316355 0.279493 0.0
0.0337253 0.287899 0.0
0.0355491 0.294449 0.0
0.0371683 0.299467 0.0
0.0386232 0.303151 0.0
0.0399374 0.30562 0.0
0.0411236 0.306951 0.0
0.0421883 0.307205 0.0
0.0431347 0.306436 0.0
0.043965 0.304704 0.0
0.0446815 0.30207 0.0
0.0452874 0.298602 0.0
0.0457862 0.294372 0.0
0.0461828 0.289457 0.0
0.0464829 0.283934 0.0
0.0466933 0.277886 0.0
0.0468216 0.271393 0.0
0.0468761 0.264534 0.0
0.0468658 0.257386 0.0
0.0468001 0.250024 0.0
0.0466884 0.242513 0.0
0.0465403 0.234917 0.0
0.0463652 0.22729 0.0
0.046172 0.21968 0.0
0.0459689 0.212127 0.0
0.0457633 0.204662 0.0
0.0455616 0.197309 0.0
0.0453694 0.190086 0.0
0.0451907 0.183003 0.0
0.0450286 0.176063 0.0
0.0448847 0.169267 0.0
0.0447596 0.162611 0.0
0.0446531 0.156086 0.0
0.0445638 0.149685 0.0
0.0444901 0.143398 0.0
0.0444294 0.137215 0.0
0.0443791 0.131124 0.0
0.0443363 0.125117 0.0
0.0442978 0.119186 0.0
0.0442606 0.11332 0.0
0.0442217 0.107515 0.0
0.0441783 0.101762 0.0
0.0441275 0.096058 0.0
0.0440668 0.0903965 0.0
0.043994 0.0847739 0.0
0.0439068 0.0791864 0.0
0.0438032 0.0736308 0.0
0.0436814 0.0681041 0.0
0.0435398 0.0626038 0.0
0.0433769 0.0571271 0.0
0.0431912 0.0516716 0.0
0.0429816 0.0462347 0.0
0.0427469 0.040814 0.0
0.042486 0.0354069 0.0
0.0421977 0.0300109 0.0
0.0418813 0.0246232 0.0
0.0415357 0.0192412 0.0
0.0411603 0.013862 0.0
0.0407546 0.0084822 0.0
0.040318 0.00309753 0.0
0.0398483 -0.00229906 0.0
0.0393447 -0.00769957 0.0
0.0388086 -0.0131083 0.0
0.0382398 -0.0185291 0.0
0.0376383 -0.0239658 0.0
0.0370037 -0.0294223 0.0
0.036336 -0.0349026 0.0
0.035635 -0.0404109 0.0
0.0349006 -0.0459515 0.0
0.0341329 -0.051529 0.0
0.0333318 -0.0571479 0.0
0.0324972 -0.0628129 0.0
0.0316294 -0.0685289 0.0
0.0307283 -0.0743007 0.0
0.0297942 -0.0801332 0.0
0.0288274 -0.0860313 0.0
0.0278282 -0.0919999 0.0
0.0267969 -0.0980437 0.0
0.0257339 -0.104167 0.0
0.0246396 -0.110374 0.0
0.0235145 -0.116668 0.0
0.0223594 -0.123051 0.0
0.0211747 -0.129526 0.0
0.0199612 -0.136093 0.0
0.0187197 -0.142752 0.0
0.0174511 -0.149502 0.0
0.0161566 -0.156339 0.0
0.0148372 -0.163259 0.0
0.0134942 -0.170256 0.0
0.0121293 -0.177321 0.0
0.0107444 -0.184445 0.0
0.00934113 -0.191617 0.0
0.00792175 -0.198823 0.0
0.00648912 -0.20605 0.0
0.00504476 -0.213286 0.0
0.00359138 -0.220512 0.0
0.0021323 -0.227719 0.0
0.00066401 -0.234908 0.0
-0.000812448 -0.242064 0.0
-0.00229206 -0.24923 0.0
-0.00378116 -0.256427 0.0
-0.00529287 -0.263774 0.0
-0.00685107 -0.271454 0.0
-0.00850153 -0.279802 0.0
-0.0103176 -0.289397 0.0
-0.0124015 -0.301143 0.0
-0.0148683 -0.316309 0.0
-0.0178004 -0.336378 0.0
-0.0211781 -0.362607 0.0
-0.0248134 -0.395331 0.0
-0.0283261 -0.433273 0.0
-0.0311779 -0.473105 0.0
-0.032755 -0.509366 0.0
-0.0324806 -0.534634 0.0
-0.0299496 -0.539936 0.0
-0.025089 -0.515578 0.0
-0.0183396 -0.452882 0.0
-0.0108086 -0.347591 0.0
-0.00425024 -0.204801 0.0
-0.000734484 -0.0412025 0.0
0.000359437 0.0109667 0.0
0.00215189 0.0569928 0.0
0.00569053 0.102329 0.0
0.0102021 0.143926 0.0
0.0150277 0.179838 0.0
0.0196991 0.209436 0.0
0.0239456 0.233058 0.0
0.0276602 0.251556 0.0
0.0308481 0.265933 0.0
0.0335758 0.277113 0.0
0.0359308 0.285834 0.0
0.0379952 0.292625 0.0
0.0398334 0.297833 0.0
0.0414894 0.301674 0.0
0.0429901 0.304282 0.0
0.0443507 0.305742 0.0
0.045579 0.30612 0.0
0.046679 0.305474 0.0
0.0476532 0.303861 0.0
0.0485042 0.301345 0.0
0.0492351 0.297991 0.0
0.0498496 0.29387 0.0
0.0503526 0.289059 0.0
0.05075 0.283634 0.0
0.0510489 0.277676 0.0
0.0512571 0.271265 0.0
0.0513836 0.26448 0.0
0.0514376 0.257397 0.0
0.051429 0.250088 0.0
0.051368 0.242622 0.0
0.0512647 0.23506 0.0
0.0511291 0.227458 0.0
0.0509708 0.219864 0.0
0.0507987 0.212318 0.0
0.0506208 0.204854 0.0
0.0504441 0.197495 0.0
0.0502746 0.190261 0.0
0.0501171 0.183163 0.0
0.0499749 0.176207 0.0
0.0498501 0.169392 0.0
0.0497438 0.162717 0.0
0.0496559 0.156175 0.0
0.0495852 0.149757 0.0
0.0495301 0.143455 0.0
0.0494883 0.13726 0.0
0.0494571 0.13116 0.0
0.0494334 0.125148 0.0
0.0494141 0.119213 0.0
0.049396 0.113348 0.0
0.049376 0.107546 0.0
0.0493511 0.1018 0.0
0.0493183 0.0961042 0.0
0.049275 0.0904542 0.0
0.0492188 0.0848453 0.0
0.0491471 0.0792738 0.0
0.0490581 0.0737361 0.0
0.0489496 0.0682291 0.0
0.0488199 0.0627501 0.0
0.0486675 0.0572962 0.0
0.0484909 0.0518648 0.0
0.0482887 0.0464533 0.0
0.0480597 0.0410592 0.0
0.0478028 0.0356797 0.0
0.0475168 0.0303123 0.0
0.0472007 0.0249542 0.0
0.0468538 0.0196026 0.0
0.0464752 0.0142545 0.0
0.0460642 0.00890641 0.0
0.0456199 0.00355423 0.0
0.0451407 -0.00180678 0.0
0.0446258 -0.00717332 0.0
0.0440757 -0.0125483 0.0
0.0434907 -0.0179353 0.0
0.0428707 -0.023338 0.0
0.0422155 -0.0287603 0.0
0.0415251 -0.0342063 0.0
0.0407993 -0.0396803 0.0
0.040038 -0.0451865 0.0
0.0392412 -0.0507295 0.0
0.0384088 -0.0563139 0.0
0.0375409 -0.0619445 0.0
0.0366375 -0.0676261 0.0
0.0356987 -0.0733636 0.0
0.0347246 -0.0791621 0.0
0.0337155 -0.0850265 0.0
0.0326717 -0.0909616 0.0
0.0315933 -0.0969723 0.0
0.0304808 -0.103063 0.0
0.0293344 -0.109237 0.0
0.0281547 -0.115499 0.0
0.0269421 -0.121851 0.0
0.025697 -0.128295 0.0
0.0244201 -0.134833 0.0
0.0231119 -0.141463 0.0
0.0217732 -0.148184 0.0
0.020405 -0.154994 0.0
0.019008 -0.161888 0.0
0.0175836 -0.16886 0.0
0.0161331 -0.175902 0.0
0.014658 -0.183004 0.0
0.0131601 -0.190156 0.0
0.0116414 -0.197345 0.0
0.0101042 -0.204558 0.0
0.00855081 -0.21178 0.0
0.00698382 -0.218997 0.0
0.00540595 -0.226197 0.0
0.00381843 -0.233375 0.0
0.00222344 -0.240526 0.0
0.000614873 -0.24768 0.0
-0.00101125 -0.254862 0.0
-0.00265817 -0.262181 0.0
-0.00434712 -0.2698 0.0
-0.00611786 -0.278035 0.0
-0.00803724 -0.287429 0.0
-0.0102026 -0.298861 0.0
-0.0127295 -0.313597 0.0
-0.0157095 -0.333178 0.0
-0.0191409 -0.358998 0.0
-0.0228577 -0.391588 0.0
-0.0264992 -0.429862 0.0
-0.0295379 -0.470625 0.0
-0.0313591 -0.508448 0.0
-0.0313719 -0.535814 0.0
-0.0291451 -0.543514 0.0
-0.0245705 -0.521435 0.0
-0.0180534 -0.460291 0.0
-0.0106799 -0.355086 0.0
-0.00420911 -0.210335 0.0
-0.000728267 -0.0426653 0.0
0.000355368 0.0102519 0.0
0.00215274 0.0541178 0.0
0.00574301 0.0980753 0.0
0.0103801 0.139032 0.0
0.0154074 0.17488 0.0
0.0203411 0.204789 0.0
0.0248877 0.228912 0.0
0.0289167 0.247959 0.0
0.0324139 0.262845 0.0
0.0354333 0.274454 0.0
0.0380563 0.283516 0.0
0.0403643 0.290571 0.0
0.0424241 0.295989 0.0
0.0442833 0.300003 0.0
0.0459722 0.302763 0.0
0.0475086 0.304364 0.0
0.0489019 0.304877 0.0
0.0501572 0.304362 0.0
0.0512776 0.302879 0.0
0.0522659 0.300488 0.0
0.0531249 0.297257 0.0
0.0538588 0.293256 0.0
0.0544724 0.288557 0.0
0.0549717 0.283239 0.0
0.0553639 0.27738 0.0
0.0556573 0.27106 0.0
0.0558608 0.264356 0.0
0.0559844 0.257343 0.0
0.0560383 0.250096 0.0
0.0560331 0.24268 0.0
0.0559795 0.235158 0.0
0.0558882 0.227587 0.0
0.0557692 0.220013 0.0
0.0556321 0.212479 0.0
0.0554855 0.205018 0.0
0.055337 0.197656 0.0
0.0551931 0.190414 0.0
0.0550591 0.183303 0.0
0.054939 0.17633 0.0
0.0548351 0.169498 0.0
0.0547489 0.162804 0.0
0.0546806 0.156244 0.0
0.0546295 0.14981 0.0
0.0545938 0.143494 0.0
0.0545715 0.137286 0.0
0.0545598 0.131177 0.0
0.0545557 0.125159 0.0
0.0545561 0.119221 0.0
0.0545576 0.113357 0.0
0.0545569 0.107558 0.0
0.0545511 0.101819 0.0
0.0545369 0.0961324 0.0
0.0545116 0.0904945 0.0
0.0544726 0.0849003 0.0
0.0544173 0.0793457 0.0
0.0543435 0.073827 0.0
0.0542492 0.068341 0.0
0.0541324 0.0628846 0.0
0.0539914 0.057455 0.0
0.0538247 0.0520493 0.0
0.0536308 0.0466649 0.0
0.0534084 0.041299 0.0
0.0531564 0.035949 0.0
0.0528734 0.030612 0.0
0.0525586 0.0252854 0.0
0.052211 0.0199661 0.0
0.0518298 0.014651 0.0
0.0514139 0.00933681 0.0
0.0509624 0.00401964 0.0
0.0504742 -0.0013047 0.0
0.0499486 -0.00663487 0.0
0.0493856 -0.0119737 0.0
0.0487854 -0.0173246 0.0
0.0481479 -0.0226911 0.0
0.0474729 -0.0280771 0.0
0.0467605 -0.0334867 0.0
0.0460105 -0.0389241 0.0
0.0452229 -0.0443937 0.0
0.0443974 -0.0499 0.0
0.0435341 -0.0554477 0.0
0.0426331 -0.0610416 0.0
0.0416942 -0.0666866 0.0
0.0407175 -0.0723877 0.0
0.0397033 -0.0781498 0.0
0.0386517 -0.0839781 0.0
0.0375628 -0.0898773 0.0
0.036437 -0.0958524 0.0
0.0352743 -0.101908 0.0
0.0340752 -0.108047 0.0
0.0328399 -0.114274 0.0
0.0315687 -0.120592 0.0
0.030262 -0.127003 0.0
0.0289203 -0.133507 0.0
0.0275439 -0.140104 0.0
0.0261335 -0.146794 0.0
0.0246897 -0.153573 0.0
0.0232133 -0.160436 0.0
0.0217053 -0.167379 0.0
0.0201668 -0.174393 0.0
0.0185991 -0.18147 0.0
0.0170039 -0.188598 0.0
0.015383 -0.195765 0.0
0.0137384 -0.202957 0.0
0.0120725 -0.210161 0.0
0.0103878 -0.217364 0.0
0.00868693 -0.224552 0.0
0.00697216 -0.231718 0.0
0.00524568 -0.238861 0.0
0.00350714 -0.245997 0.0
0.0017528 -0.253164 0.0
-3.04923e-05 -0.260449 0.0
-0.00185782 -0.268016 0.0
-0.0037572 -0.276149 0.0
-0.0057899 -0.285363 0.0
-0.00804773 -0.296504 0.0
-0.0106455 -0.310829 0.0
-0.0136826 -0.329928 0.0
-0.0171739 -0.355325 0.0
-0.0209747 -0.387743 0.0
-0.0247437 -0.426296 0.0
-0.0279649 -0.467931 0.0
-0.0300237 -0.507262 0.0
-0.0303161 -0.536694 0.0
-0.028385 -0.546791 0.0
-0.0240874 -0.52703 0.0
-0.0177926 -0.467508 0.0
-0.0105657 -0.36247 0.0
-0.00417287 -0.215815 0.0
-0.000722536 -0.0441161 0.0
0.00035002 0.00954651 0.0
0.00214523 0.0512306 0.0
0.0057727 0.0937448 0.0
0.0105175 0.13398 0.0
0.0157287 0.169693 0.0
0.0209101 0.199861 0.0
0.0257465 0.224456 0.0
0.0300841 0.244047 0.0
0.0338891 0.259454 0.0
0.0372014 0.271513 0.0
0.0400953 0.28094 0.0
0.0426502 0.288284 0.0
0.0449346 0.293932 0.0
0.0469993 0.298137 0.0
0.0488783 0.301062 0.0
0.050592 0.302815 0.0
0.0521521 0.303473 0.0
0.0535647 0.303099 0.0
0.0548337 0.301753 0.0
0.0559619 0.299498 0.0
0.0569526 0.296398 0.0
0.0578097 0.292524 0.0
0.0585382 0.287947 0.0
0.0591441 0.282744 0.0
0.0596348 0.276993 0.0
0.0600187 0.27077 0.0
0.0603049 0.264155 0.0
0.0605037 0.257222 0.0
0.0606257 0.250042 0.0
0.0606819 0.242683 0.0
0.0606835 0.235207 0.0
0.0606415 0.227671 0.0
0.0605667 0.220123 0.0
0.0604691 0.212604 0.0
0.0603579 0.20515 0.0
0.0602412 0.197789 0.0
0.0601263 0.19054 0.0
0.0600187 0.183418 0.0
0.0599229 0.176431 0.0
0.059842 0.169582 0.0
0.0597777 0.162871 0.0
0.0597305 0.156293 0.0
0.0596999 0.149842 0.0
0.0596846 0.143512 0.0
0.0596825 0.137292 0.0
0.059691 0.131174 0.0
0.0597071 0.12515 0.0
0.0597276 0.119209 0.0
0.0597491 0.113345 0.0
0.0597684 0.107551 0.0
0.0597821 0.101818 0.0
0.0597871 0.096142 0.0
0.0597804 0.0905169 0.0
0.0597593 0.0849382 0.0
0.059721 0.0794014 0.0
0.0596633 0.0739029 0.0
0.0595838 0.068439 0.0
0.0594807 0.0630066 0.0
0.059352 0.0576027 0.0
0.0591961 0.0522243 0.0
0.0590114 0.0468685 0.0
0.0587965 0.0415326 0.0
0.0585502 0.0362138 0.0
0.0582713 0.0309091 0.0
0.0579585 0.0256158 0.0
0.057611 0.0203308 0.0
0.0572277 0.0150509 0.0
0.0568077 0.00977282 0.0
0.05635 0.00449287 0.0
0.0558534 -0.000793153 0.0
0.0553176 -0.00608497 0.0
0.0547424 -0.0113855 0.0
0.0541278 -0.0166979 0.0
0.0534737 -0.022026 0.0
0.0527798 -0.0273734 0.0
0.0520462 -0.0327443 0.0
0.0512727 -0.0381429 0.0
0.0504592 -0.0435736 0.0
0.0496056 -0.049041 0.0
0.0487118 -0.0545497 0.0
0.0477777 -0.0601045 0.0
0.0468035 -0.0657105 0.0
0.0457892 -0.0713727 0.0
0.0447347 -0.0770961 0.0
0.0436403 -0.0828857 0.0
0.0425062 -0.0887466 0.0
0.0413323 -0.0946834 0.0
0.040119 -0.100701 0.0
0.0388663 -0.106802 0.0
0.0375746 -0.112992 0.0
0.0362438 -0.119273 0.0
0.0348744 -0.125646 0.0
0.0334665 -0.132114 0.0
0.0320204 -0.138675 0.0
0.0305365 -0.145329 0.0
0.0290154 -0.152073 0.0
0.0274575 -0.158902 0.0
0.0258636 -0.165812 0.0
0.0242347 -0.172794 0.0
0.022572 -0.179839 0.0
0.0208767 -0.186938 0.0
0.0191507 -0.194077 0.0
0.0173958 -0.201245 0.0
0.0156142 -0.208426 0.0
0.0138083 -0.215608 0.0
0.0119809 -0.222779 0.0
0.0101343 -0.22993 0.0
0.00827107 -0.23706 0.0
0.00639225 -0.244182 0.0
0.00449704 -0.25133 0.0
0.00258029 -0.258582 0.0
0.000619957 -0.266095 0.0
-0.00141497 -0.274136 0.0
-0.00357048 -0.283188 0.0
-0.00593134 -0.29406 0.0
-0.00861056 -0.307996 0.0
-0.011714 -0.326621 0.0
-0.0152718 -0.351583 0.0
-0.0191598 -0.383796 0.0
-0.0230558 -0.422578 0.0
-0.0264563 -0.465028 0.0
-0.0287474 -0.505816 0.0
-0.0293127 -0.537283 0.0
-0.02767 -0.549776 0.0
-0.0236409 -0.532371 0.0
-0.0175588 -0.474544 0.0
-0.0104673 -0.369752 0.0
-0.00414223 -0.221251 0.0
-0.000717426 -0.045556 0.0
0.000343459 0.00885304 0.0
0.00212956 0.0483428 0.0
0.00577974 0.089355 0.0
0.0106137 0.128791 0.0
0.0159903 0.164294 0.0
0.0214034 0.194666 0.0
0.026518 0.219701 0.0
0.0311574 0.239825 0.0
0.0352676 0.255761 0.0
0.0388736 0.268288 0.0
0.0420408 0.278104 0.0
0.0448459 0.28576 0.0
0.0473581 0.291659 0.0
0.0496311 0.296072 0.0
0.0517024 0.299177 0.0
0.0535955 0.301094 0.0
0.0553242 0.301906 0.0
0.0568962 0.301681 0.0
0.0583161 0.300482 0.0
0.0595873 0.29837 0.0
0.060713 0.29541 0.0
0.0616974 0.291671 0.0
0.0625453 0.287224 0.0
0.0632629 0.282144 0.0
0.0638574 0.276508 0.0
0.0643373 0.270392 0.0
0.0647122 0.263873 0.0
0.0649922 0.257025 0.0
0.0651883 0.24992 0.0
0.0653119 0.242625 0.0
0.0653745 0.235201 0.0
0.0653875 0.227706 0.0
0.0653622 0.220188 0.0
0.0653091 0.21269 0.0
0.0652379 0.205247 0.0
0.0651573 0.197889 0.0
0.065075 0.190637 0.0
0.0649971 0.183506 0.0
0.0649287 0.176507 0.0
0.0648731 0.169642 0.0
0.0648327 0.162915 0.0
0.0648083 0.15632 0.0
0.0647997 0.149854 0.0
0.0648059 0.143509 0.0
0.064825 0.137278 0.0
0.0648545 0.131151 0.0
0.0648914 0.12512 0.0
0.0649326 0.119177 0.0
0.0649748 0.113314 0.0
0.0650145 0.107523 0.0
0.0650483 0.101798 0.0
0.065073 0.0961324 0.0
0.0650855 0.0905207 0.0
0.0650829 0.0849582 0.0
0.0650623 0.0794402 0.0
0.0650213 0.0739628 0.0
0.0649575 0.0685223 0.0
0.0648688 0.0631153 0.0
0.0647532 0.0577384 0.0
0.0646089 0.0523888 0.0
0.0644343 0.0470633 0.0
0.0642278 0.0417592 0.0
0.0639882 0.0364733 0.0
0.063714 0.0312028 0.0
0.0634042 0.0259447 0.0
0.0630576 0.020696 0.0
0.0626731 0.0154534 0.0
0.0622498 0.0102136 0.0
0.0617867 0.00497298 0.0
0.0612826 -0.000272625 0.0
0.0607372 -0.00552425 0.0
0.0601506 -0.0107843 0.0
0.0595224 -0.0160562 0.0
0.0588524 -0.0213435 0.0
0.0581405 -0.0266501 0.0
0.0573864 -0.03198 0.0
0.0565901 -0.0373374 0.0
0.0557513 -0.0427268 0.0
0.05487 -0.0481528 0.0
0.053946 -0.05362 0.0
0.0529794 -0.0591335 0.0
0.05197 -0.064698 0.0
0.050918 -0.0703188 0.0
0.0498233 -0.0760009 0.0
0.048686 -0.0817493 0.0
0.0475062 -0.087569 0.0
0.046284 -0.0934649 0.0
0.0450195 -0.0994413 0.0
0.0437126 -0.105502 0.0
0.0423635 -0.111651 0.0
0.0409722 -0.117891 0.0
0.0395388 -0.124225 0.0
0.0380634 -0.130652 0.0
0.036546 -0.137173 0.0
0.034987 -0.143788 0.0
0.0333865 -0.150492 0.0
0.0317449 -0.157283 0.0
0.0300629 -0.164155 0.0
0.0283412 -0.1711 0.0
0.0265807 -0.17811 0.0
0.0247827 -0.185174 0.0
0.0229485 -0.192281 0.0
0.0210801 -0.199418 0.0
0.0191796 -0.206571 0.0
0.0172492 -0.213727 0.0
0.0152916 -0.220875 0.0
0.0133095 -0.228005 0.0
0.0113055 -0.235117 0.0
0.00928133 -0.242221 0.0
0.00723756 -0.249351 0.0
0.00517155 -0.256578 0.0
0.00307239 -0.264039 0.0
0.000908176 -0.271992 0.0
-0.00137417 -0.280894 0.0
-0.00384828 -0.29152 0.0
-0.00661935 -0.305086 0.0
-0.00979832 -0.323248 0.0
-0.0134295 -0.347767 0.0
-0.0174084 -0.379745 0.0
-0.021432 -0.418709 0.0
-0.0250094 -0.461919 0.0
-0.0275285 -0.504114 0.0
-0.0283612 -0.537586 0.0
-0.0270004 -0.552477 0.0
-0.0232324 -0.537468 0.0
-0.0173535 -0.481409 0.0
-0.0103861 -0.376947 0.0
-0.00411788 -0.22665 0.0
-0.000713073 -0.0469865 0.0
0.000335756 0.00817382 0.0
0.00210598 0.0454657 0.0
0.00576438 0.0849235 0.0
0.0106685 0.123485 0.0
0.0161908 0.158702 0.0
0.0218186 0.189217 0.0
0.0271983 0.214655 0.0
0.0321313 0.235299 0.0
0.036543 0.251766 0.0
0.0404424 0.264777 0.0
0.0438853 0.275004 0.0
0.0469438 0.282997 0.0
0.0496871 0.289167 0.0
0.0521716 0.293806 0.0
0.0544378 0.297105 0.0
0.0565125 0.299197 0.0
0.0584119 0.300174 0.0
0.0601456 0.300107 0.0
0.061719 0.299062 0.0
0.0631361 0.297101 0.0
0.0644005 0.294288 0.0
0.0655163 0.290692 0.0
0.0664883 0.286382 0.0
0.0673226 0.281433 0.0
0.0680265 0.27592 0.0
0.0686085 0.269918 0.0
0.0690781 0.263502 0.0
0.0694457 0.256748 0.0
0.0697224 0.249725 0.0
0.0699198 0.242499 0.0
0.0700497 0.235134 0.0
0.0701239 0.227686 0.0
0.070154 0.220203 0.0
0.0701509 0.21273 0.0
0.0701249 0.205304 0.0
0.0700852 0.197953 0.0
0.0700397 0.190701 0.0
0.0699954 0.183564 0.0
0.0699577 0.176555 0.0
0.0699305 0.169677 0.0
0.0699164 0.162934 0.0
0.0699169 0.156324 0.0
0.0699322 0.149843 0.0
0.0699614 0.143485 0.0
0.0700028 0.137242 0.0
0.0700543 0.131106 0.0
0.0701129 0.125069 0.0
0.0701756 0.119124 0.0
0.070239 0.113262 0.0
0.0702997 0.107475 0.0
0.0703542 0.101758 0.0
0.0703992 0.096103 0.0
0.0704314 0.0905054 0.0
0.0704479 0.0849598 0.0
0.0704457 0.0794615 0.0
0.0704221 0.0740062 0.0
0.0703746 0.0685902 0.0
0.0703011 0.0632097 0.0
0.0701993 0.0578614 0.0
0.0700675 0.052542 0.0
0.0699037 0.0472485 0.0
0.0697065 0.0419777 0.0
0.0694744 0.0367266 0.0
0.0692059 0.0314922 0.0
0.0688998 0.0262713 0.0
0.0685549 0.0210609 0.0
0.0681702 0.0158577 0.0
0.0677445 0.0106583 0.0
0.0672768 0.0054591 0.0
0.0667661 0.000256106 0.0
0.066212 -0.00495345 0.0
0.0656146 -0.0101711 0.0
0.0649736 -0.0154002 0.0
0.0642887 -0.0206445 0.0
0.0635594 -0.0259079 0.0
0.0627857 -0.0311943 0.0
0.0619672 -0.0365082 0.0
0.0611037 -0.0418538 0.0
0.0601952 -0.0472359 0.0
0.0592415 -0.0526592 0.0
0.0582425 -0.0581286 0.0
0.0571983 -0.0636492 0.0
0.0561087 -0.069226 0.0
0.0549737 -0.0748641 0.0
0.0537935 -0.0805686 0.0
0.0525679 -0.0863444 0.0
0.051297 -0.0921964 0.0
0.0499807 -0.0981289 0.0
0.0486189 -0.104146 0.0
0.0472116 -0.110251 0.0
0.0457588 -0.116447 0.0
0.0442602 -0.122737 0.0
0.0427158 -0.12912 0.0
0.0411256 -0.135598 0.0
0.0394895 -0.142168 0.0
0.0378077 -0.148829 0.0
0.0360804 -0.155577 0.0
0.0343079 -0.162406 0.0
0.0324907 -0.169309 0.0
0.0306297 -0.176279 0.0
0.0287259 -0.183303 0.0
0.0267806 -0.190372 0.0
0.0247955 -0.197473 0.0
0.0227726 -0.204592 0.0
0.0207141 -0.211717 0.0
0.0186228 -0.218836 0.0
0.0165013 -0.22594 0.0
0.0143525 -0.233029 0.0
0.0121787 -0.240112 0.0
0.00998119 -0.24722 0.0
0.00775877 -0.254421 0.0
0.00550493 -0.261843 0.0
0.00320114 -0.26972 0.0
0.000796043 -0.278478 0.0
-0.00179371 -0.288871 0.0
-0.00466677 -0.30209 0.0
-0.00793051 -0.319801 0.0
-0.0116422 -0.343871 0.0
-0.0157163 -0.375588 0.0
-0.0198686 -0.41469 0.0
-0.0236215 -0.458607 0.0
-0.0263652 -0.502163 0.0
-0.0274609 -0.537609 0.0
-0.0263764 -0.554899 0.0
-0.0228628 -0.542327 0.0
-0.0171783 -0.488113 0.0
-0.0103235 -0.384065 0.0
-0.00410053 -0.232023 0.0
-0.000709612 -0.0484092 0.0
0.000326989 0.00751108 0.0
0.00207478 0.0426104 0.0
0.00572701 0.0804681 0.0
0.0106821 0.118081 0.0
0.0163296 0.152936 0.0
0.0221534 0.183531 0.0
0.0277837 0.209331 0.0
0.0330006 0.230473 0.0
0.0377088 0.247472 0.0
0.0419006 0.26098 0.0
0.0456207 0.271638 0.0
0.0489358 0.279989 0.0
0.0519138 0.286454 0.0
0.054613 0.291336 0.0
0.0570771 0.294845 0.0
0.0593359 0.297124 0.0
0.0614085 0.298275 0.0
0.0633062 0.298375 0.0
0.0650358 0.297491 0.0
0.0666021 0.295688 0.0
0.0680088 0.29303 0.0
0.0692601 0.289583 0.0
0.070361 0.285418 0.0
0.0713174 0.280607 0.0
0.0721365 0.275223 0.0
0.0728268 0.269342 0.0
0.0733976 0.263038 0.0
0.0738595 0.256383 0.0
0.0742236 0.249448 0.0
0.0745017 0.2423 0.0
0.0747057 0.235 0.0
0.0748477 0.227604 0.0
0.0749396 0.220163 0.0
0.0749927 0.212721 0.0
0.0750176 0.205315 0.0
0.075024 0.197976 0.0
0.0750204 0.190727 0.0
0.0750141 0.183589 0.0
0.075011 0.176571 0.0
0.0750156 0.169683 0.0
0.075031 0.162927 0.0
0.075059 0.156303 0.0
0.0751002 0.149808 0.0
0.0751542 0.143437 0.0
0.0752196 0.137183 0.0
0.0752943 0.131039 0.0
0.0753757 0.124997 0.0
0.0754608 0.119049 0.0
0.0755462 0.113188 0.0
0.0756286 0.107406 0.0
0.0757044 0.101697 0.0
0.0757703 0.0960533 0.0
0.0758229 0.0904703 0.0
0.0758591 0.0849423 0.0
0.0758758 0.0794645 0.0
0.0758702 0.0740324 0.0
0.0758398 0.0686419 0.0
0.0757822 0.0632892 0.0
0.075695 0.0579708 0.0
0.0755764 0.0526832 0.0
0.0754243 0.0474231 0.0
0.0752372 0.0421874 0.0
0.0750134 0.0369729 0.0
0.0747514 0.0317764 0.0
0.07445 0.0265947 0.0
0.0741078 0.0214246 0.0
0.0737236 0.0162629 0.0
0.0732964 0.0111061 0.0
0.0728249 0.00595047 0.0
0.0723084 0.000792023 0.0
0.0717466 -0.00437342 0.0
0.0711394 -0.00954657 0.0
0.0704866 -0.0147308 0.0
0.0697875 -0.0199298 0.0
0.0690417 -0.0251476 0.0
0.0682489 -0.0303881 0.0
0.0674089 -0.0356558 0.0
0.0665213 -0.0409552 0.0
0.0655861 -0.0462908 0.0
0.0646031 -0.0516675 0.0
0.0635721 -0.0570903 0.0
0.0624932 -0.0625642 0.0
0.0613662 -0.0680943 0.0
0.0601911 -0.0736857 0.0
0.0589678 -0.0793434 0.0
0.0576962 -0.0850724 0.0
0.0563762 -0.0908774 0.0
0.0550076 -0.0967629 0.0
0.0535903 -0.102733 0.0
0.052124 -0.108791 0.0
0.0506085 -0.114939 0.0
0.0490435 -0.121181 0.0
0.0474287 -0.127516 0.0
0.045764 -0.133946 0.0
0.0440491 -0.140469 0.0
0.0422839 -0.147082 0.0
0.0404685 -0.153782 0.0
0.038603 -0.160563 0.0
0.0366878 -0.16742 0.0
0.0347234 -0.174343 0.0
0.0327108 -0.181323 0.0
0.0306511 -0.188348 0.0
0.0285459 -0.195407 0.0
0.026397 -0.202487 0.0
0.0242068 -0.209574 0.0
0.0219778 -0.216658 0.0
0.019713 -0.223731 0.0
0.0174154 -0.230791 0.0
0.0150877 -0.237848 0.0
0.0127318 -0.244931 0.0
0.0103478 -0.252104 0.0
0.00793142 -0.25949 0.0
0.00547015 -0.267308 0.0
0.00293178 -0.275947 0.0
0.000230412 -0.286112 0.0
-0.00274807 -0.298998 0.0
-0.00610583 -0.316272 0.0
-0.00990531 -0.339889 0.0
-0.0140791 -0.371322 0.0
-0.018362 -0.410521 0.0
-0.0222896 -0.455096 0.0
-0.0252556 -0.499965 0.0
-0.0266108 -0.537356 0.0
-0.0257983 -0.557049 0.0
-0.0225331 -0.546956 0.0
-0.0170346 -0.494666 0.0
-0.0102809 -0.39112 0.0
-0.0040909 -0.237381 0.0
-0.000707181 -0.049826 0.0
0.000317241 0.00686685 0.0
0.00203629 0.0397878 0.0
0.00566813 0.0760067 0.0
0.0106545 0.112601 0.0
0.0164059 0.147017 0.0
0.0224058 0.177627 0.0
0.0282707 0.20374 0.0
0.0337602 0.225357 0.0
0.0387585 0.242882 0.0
0.0432405 0.256897 0.0
0.0472388 0.268003 0.0
0.0508131 0.276734 0.0
0.0540294 0.283514 0.0
0.0569469 0.288659 0.0
0.0596121 0.292393 0.0
0.0620579 0.294872 0.0
0.0643062 0.296206 0.0
0.0663706 0.296481 0.0
0.0682593 0.295767 0.0
0.0699779 0.294128 0.0
0.0715307 0.291631 0.0
0.072922 0.28834 0.0
0.0741566 0.284326 0.0
0.0752406 0.279659 0.0
0.0761809 0.274412 0.0
0.0769858 0.268658 0.0
0.0776647 0.262472 0.0
0.0782279 0.255924 0.0
0.0786867 0.249085 0.0
0.0790527 0.24202 0.0
0.0793381 0.234791 0.0
0.0795552 0.227454 0.0
0.0797159 0.22006 0.0
0.0798319 0.212654 0.0
0.0799141 0.205274 0.0
0.0799726 0.197951 0.0
0.0800163 0.190712 0.0
0.0800531 0.183574 0.0
0.0800892 0.176553 0.0
0.0801297 0.169657 0.0
0.0801781 0.16289 0.0
0.0802367 0.156254 0.0
0.0803067 0.149746 0.0
0.0803878 0.143363 0.0
0.080479 0.137099 0.0
0.0805786 0.130948 0.0
0.0806842 0.124901 0.0
0.0807928 0.118951 0.0
0.0809012 0.113092 0.0
0.0810061 0.107315 0.0
0.081104 0.101614 0.0
0.0811915 0.0959826 0.0
0.0812651 0.0904148 0.0
0.0813216 0.0849052 0.0
0.0813578 0.0794486 0.0
0.081371 0.0740406 0.0
0.0813583 0.0686768 0.0
0.0813172 0.0633531 0.0
0.0812453 0.0580659 0.0
0.0811406 0.0528115 0.0
0.081001 0.0475865 0.0
0.0808247 0.0423875 0.0
0.0806101 0.0372113 0.0
0.0803555 0.0320545 0.0
0.0800596 0.0269139 0.0
0.079721 0.0217862 0.0
0.0793384 0.0166681 0.0
0.0789105 0.011556 0.0
0.0784363 0.00644624 0.0
0.0779147 0.00133433 0.0
0.077346 -0.00378519 0.0
0.0767302 -0.00891184 0.0
0.0760665 -0.0140489 0.0
0.0753541 -0.0192002 0.0
0.0745926 -0.0243698 0.0
0.0737814 -0.0295619 0.0
0.0729204 -0.0347809 0.0
0.0720092 -0.0400313 0.0
0.0710477 -0.0453179 0.0
0.0700357 -0.0506454 0.0
0.0689732 -0.0560189 0.0
0.0678598 -0.0614434 0.0
0.0666957 -0.0669239 0.0
0.0654804 -0.0724657 0.0
0.0642141 -0.0780737 0.0
0.0628963 -0.0837527 0.0
0.0615269 -0.0895077 0.0
0.0601056 -0.0953428 0.0
0.058632 -0.101262 0.0
0.0571058 -0.107269 0.0
0.0555266 -0.113366 0.0
0.0538938 -0.119556 0.0
0.0522072 -0.12584 0.0
0.0504662 -0.132217 0.0
0.0486706 -0.138687 0.0
0.0468199 -0.145248 0.0
0.044914 -0.151895 0.0
0.042953 -0.158624 0.0
0.0409369 -0.165428 0.0
0.0388661 -0.172299 0.0
0.0367415 -0.179229 0.0
0.034564 -0.186205 0.0
0.0323351 -0.193216 0.0
0.0300566 -0.20025 0.0
0.0277308 -0.207295 0.0
0.0253602 -0.214339 0.0
0.022948 -0.221374 0.0
0.0204973 -0.2284 0.0
0.0180113 -0.235425 0.0
0.0154925 -0.242478 0.0
0.012942 -0.249622 0.0
0.0103574 -0.256972 0.0
0.00772969 -0.264738 0.0
0.00503541 -0.273284 0.0
0.00221613 -0.283253 0.0
-0.00086072 -0.295802 0.0
-0.00432 -0.312652 0.0
-0.00821437 -0.335816 0.0
-0.0124929 -0.366943 0.0
-0.0169086 -0.406201 0.0
-0.021011 -0.451386 0.0
-0.0241979 -0.497522 0.0
-0.02581 -0.536832 0.0
-0.0252662 -0.55893 0.0
-0.0222443 -0.551362 0.0
-0.016924 -0.501079 0.0
-0.0102596 -0.398125 0.0
-0.00408976 -0.242735 0.0
-0.000705923 -0.0512391 0.0
0.000306599 0.00624301 0.0
0.0019909 0.0370083 0.0
0.00558839 0.0715569 0.0
0.0105863 0.107067 0.0
0.0164194 0.140966 0.0
0.0225744 0.171522 0.0
0.0286561 0.197899 0.0
0.0344053 0.21996 0.0
0.0396856 0.238 0.0
0.0444544 0.252527 0.0
0.0487307 0.264098 0.0
0.0525665 0.273229 0.0
0.0560246 0.280345 0.0
0.0591641 0.285771 0.0
0.0620338 0.289746 0.0
0.0646698 0.292437 0.0
0.0670968 0.293966 0.0
0.0693307 0.294424 0.0
0.0713815 0.293885 0.0
0.0732557 0.292417 0.0
0.0749584 0.290086 0.0
0.076494 0.286958 0.0
0.0778675 0.2831 0.0
0.0790846 0.278583 0.0
0.0801522 0.273479 0.0
0.0810784 0.26786 0.0
0.0818724 0.261797 0.0
0.0825444 0.255363 0.0
0.0831054 0.248626 0.0
0.0835672 0.241651 0.0
0.0839418 0.234499 0.0
0.0842416 0.227228 0.0
0.0844786 0.219888 0.0
0.0846649 0.212524 0.0
0.0848114 0.205175 0.0
0.0849287 0.197874 0.0
0.085026 0.190648 0.0
0.0851115 0.183516 0.0
0.0851921 0.176494 0.0
0.0852732 0.169593 0.0
0.0853589 0.162819 0.0
0.085452 0.156173 0.0
0.0855538 0.149655 0.0
0.0856649 0.143262 0.0
0.0857844 0.13699 0.0
0.085911 0.130831 0.0
0.0860424 0.12478 0.0
0.086176 0.11883 0.0
0.0863087 0.112972 0.0
0.0864372 0.107201 0.0
0.0865581 0.101509 0.0
0.0866679 0.0958902 0.0
0.0867633 0.0903383 0.0
0.0868408 0.0848477 0.0
0.0868973 0.0794133 0.0
0.0869298 0.0740303 0.0
0.0869355 0.0686942 0.0
0.0869116 0.0634007 0.0
0.0868558 0.058146 0.0
0.0867657 0.0529262 0.0
0.0866393 0.0477378 0.0
0.0864747 0.0425772 0.0
0.08627 0.037441 0.0
0.0860236 0.0323258 0.0
0.0857341 0.0272282 0.0
0.0854 0.0221448 0.0
0.0850199 0.0170723 0.0
0.0845926 0.0120071 0.0
0.0841167 0.00694538 0.0
0.0835911 0.00188239 0.0
0.0830166 -0.00319003 0.0
0.0823933 -0.00826794 0.0
0.0817196 -0.0133553 0.0
0.0809946 -0.0184564 0.0
0.0802177 -0.0235752 0.0
0.0793886 -0.0287163 0.0
0.078507 -0.0338839 0.0
0.0775727 -0.0390828 0.0
0.0765854 -0.0443176 0.0
0.0755449 -0.0495932 0.0
0.0744511 -0.0549147 0.0
0.0733037 -0.0602869 0.0
0.0721025 -0.065715 0.0
0.0708473 -0.0712042 0.0
0.0695378 -0.0767593 0.0
0.0681737 -0.0823852 0.0
0.0667545 -0.0880866 0.0
0.0652799 -0.0938679 0.0
0.0637494 -0.0997329 0.0
0.0621623 -0.105685 0.0
0.0605183 -0.111727 0.0
0.0588165 -0.117861 0.0
0.0570564 -0.124088 0.0
0.0552374 -0.130409 0.0
0.053359 -0.136821 0.0
0.0514205 -0.143324 0.0
0.0494218 -0.149914 0.0
0.0473624 -0.156585 0.0
0.0452425 -0.163331 0.0
0.0430623 -0.170145 0.0
0.0408224 -0.177018 0.0
0.0385236 -0.183939 0.0
0.0361673 -0.190897 0.0
0.0337553 -0.197879 0.0
0.0312898 -0.204874 0.0
0.0287735 -0.211872 0.0
0.0262095 -0.218865 0.0
0.0236013 -0.225851 0.0
0.0209525 -0.232839 0.0
0.0182662 -0.239859 0.0
0.0155445 -0.246969 0.0
0.0127864 -0.254282 0.0
0.00998579 -0.261999 0.0
0.00712512 -0.270468 0.0
0.00416216 -0.280287 0.0
0.000983672 -0.292512 0.0
-0.00256684 -0.308931 0.0
-0.00656495 -0.331643 0.0
-0.0109538 -0.362448 0.0
-0.0155051 -0.401729 0.0
-0.019783 -0.447477 0.0
-0.02319 -0.494837 0.0
-0.0250577 -0.536037 0.0
-0.0247799 -0.560546 0.0
-0.0219973 -0.555551 0.0
-0.0168479 -0.50736 0.0
-0.0102613 -0.405095 0.0
-0.0040979 -0.248099 0.0
-0.000705988 -0.052651 0.0
0.000295158 0.00564126 0.0
0.00193904 0.0342818 0.0
0.00548859 0.0671363 0.0
0.0104781 0.1015 0.0
0.0163702 0.134808 0.0
0.022658 0.165237 0.0
0.0289371 0.191822 0.0
0.0349312 0.214293 0.0
0.0404839 0.232834 0.0
0.0455345 0.247874 0.0
0.0500878 0.259922 0.0
0.0541866 0.269471 0.0
0.0578893 0.276942 0.0
0.0612545 0.282669 0.0
0.0643325 0.2869 0.0
0.0671621 0.289817 0.0
0.0697709 0.29155 0.0
0.0721773 0.292199 0.0
0.0743934 0.291843 0.0
0.0764268 0.290552 0.0
0.0782833 0.288392 0.0
0.0799678 0.285431 0.0
0.0814852 0.281736 0.0
0.0828412 0.277375 0.0
0.0840425 0.272419 0.0
0.0850969 0.266939 0.0
0.0860133 0.261007 0.0
0.0868017 0.254693 0.0
0.087473 0.248064 0.0
0.0880386 0.241185 0.0
0.0885107 0.234118 0.0
0.0889014 0.226919 0.0
0.089223 0.219639 0.0
0.0894874 0.212323 0.0
0.089706 0.205011 0.0
0.0898893 0.197738 0.0
0.0900472 0.190529 0.0
0.090188 0.183408 0.0
0.090319 0.176391 0.0
0.0904462 0.169489 0.0
0.0905741 0.16271 0.0
0.0907059 0.156057 0.0
0.0908437 0.149532 0.0
0.090988 0.143131 0.0
0.0911388 0.136851 0.0
0.0912949 0.130687 0.0
0.0914544 0.124633 0.0
0.0916148 0.118683 0.0
0.0917733 0.112828 0.0
0.0919268 0.107063 0.0
0.0920719 0.101381 0.0
0.0922051 0.0957753 0.0
0.0923231 0.0902399 0.0
0.0924225 0.0847692 0.0
0.0925 0.0793578 0.0
0.0925526 0.0740008 0.0
0.0925773 0.0686934 0.0
0.0925714 0.0634313 0.0
0.0925322 0.0582104 0.0
0.0924576 0.0530266 0.0
0.0923451 0.0478763 0.0
0.0921928 0.0427557 0.0
0.0919989 0.0376612 0.0
0.0917616 0.0325893 0.0
0.0914793 0.0275365 0.0
0.0911506 0.0224993 0.0
0.0907741 0.0174743 0.0
0.0903485 0.0124579 0.0
0.0898727 0.00744624 0.0
0.0893456 0.00243432 0.0
0.0887669 -0.00258873 0.0
0.0881362 -0.00761523 0.0
0.0874522 -0.0126503 0.0
0.0867145 -0.0176985 0.0
0.0859225 -0.0227641 0.0
0.0850758 -0.0278516 0.0
0.0841741 -0.0329653 0.0
0.0832171 -0.03811 0.0
0.0822045 -0.0432904 0.0
0.0811361 -0.0485114 0.0
0.0800114 -0.053778 0.0
0.0788303 -0.0590951 0.0
0.0775924 -0.0644678 0.0
0.0762973 -0.0699011 0.0
0.0749446 -0.0754001 0.0
0.0735339 -0.0809695 0.0
0.0720646 -0.0866139 0.0
0.0705362 -0.0923375 0.0
0.0689479 -0.0981443 0.0
0.0672991 -0.104038 0.0
0.0655889 -0.11002 0.0
0.0638167 -0.116094 0.0
0.0619816 -0.12226 0.0
0.0600827 -0.128519 0.0
0.0581193 -0.134869 0.0
0.0560908 -0.141309 0.0
0.0539965 -0.147835 0.0
0.0518361 -0.154443 0.0
0.0496094 -0.161126 0.0
0.0473164 -0.167877 0.0
0.0449577 -0.174688 0.0
0.042534 -0.181547 0.0
0.0400464 -0.188445 0.0
0.0374969 -0.195369 0.0
0.0348875 -0.202309 0.0
0.0322211 -0.209254 0.0
0.0295009 -0.216198 0.0
0.0267307 -0.223139 0.0
0.0239143 -0.230086 0.0
0.0210557 -0.237067 0.0
0.0181577 -0.244141 0.0
0.015221 -0.251415 0.0
0.0122415 -0.259085 0.0
0.00920579 -0.267485 0.0
0.00608089 -0.277182 0.0
0.00278853 -0.289146 0.0
-0.000850937 -0.305107 0.0
-0.00495399 -0.327366 0.0
-0.00945796 -0.357832 0.0
-0.014148 -0.397104 0.0
-0.0186026 -0.44337 0.0
-0.0222299 -0.49191 0.0
-0.0243526 -0.534974 0.0
-0.0243396 -0.5619 0.0
-0.0217931 -0.559526 0.0
-0.0168079 -0.51352 0.0
-0.0102875 -0.412042 0.0
-0.00411619 -0.253486 0.0
-0.000707533 -0.0540645 0.0
0.000283015 0.00506309 0.0
0.00188119 0.031618 0.0
0.00536965 0.0627621 0.0
0.010331 0.0959231 0.0
0.0162586 0.128565 0.0
0.0226557 0.158796 0.0
0.0291114 0.185529 0.0
0.0353338 0.208369 0.0
0.0411473 0.227391 0.0
0.046473 0.242941 0.0
0.0513007 0.255474 0.0
0.0556633 0.265457 0.0
0.0596133 0.273303 0.0
0.0632076 0.279348 0.0
0.0664976 0.283853 0.0
0.0695244 0.287008 0.0
0.0723184 0.288956 0.0
0.0749008 0.289804 0.0
0.0772854 0.289637 0.0
0.0794817 0.288528 0.0
0.0814961 0.286545 0.0
0.0833339 0.283756 0.0
0.0850005 0.280227 0.0
0.0865012 0.276027 0.0
0.0878426 0.271224 0.0
0.0890322 0.26589 0.0
0.0900786 0.260094 0.0
0.0909915 0.253905 0.0
0.0917813 0.247391 0.0
0.0924595 0.240615 0.0
0.0930377 0.233638 0.0
0.0935282 0.226518 0.0
0.093943 0.219304 0.0
0.0942942 0.212043 0.0
0.0945931 0.204774 0.0
0.0948506 0.197534 0.0
0.0950766 0.190349 0.0
0.0952799 0.183244 0.0
0.0954682 0.176236 0.0
0.0956477 0.169337 0.0
0.0958235 0.162558 0.0
0.0959993 0.155902 0.0
0.0961774 0.149371 0.0
0.0963593 0.142965 0.0
0.0965449 0.13668 0.0
0.0967336 0.130513 0.0
0.0969238 0.124458 0.0
0.0971134 0.118508 0.0
0.0972998 0.112658 0.0
0.0974799 0.1069 0.0
0.0976506 0.101228 0.0
0.0978086 0.0956367 0.0
0.0979503 0.0901187 0.0
0.0980725 0.0846688 0.0
0.0981719 0.0792813 0.0
0.0982454 0.0739512 0.0
0.0982899 0.0686737 0.0
0.0983027 0.0634442 0.0
0.098281 0.0582583 0.0
0.0982224 0.053112 0.0
0.0981246 0.0480012 0.0
0.0979855 0.0429222 0.0
0.0978031 0.0378711 0.0
0.0975756 0.0328443 0.0
0.0973013 0.0278381 0.0
0.0969788 0.022849 0.0
0.0966067 0.0178733 0.0
0.0961839 0.0129073 0.0
0.0957095 0.00794705 0.0
0.0951828 0.0029874 0.0
0.094601 -0.00198131 0.0
0.0939626 -0.00695355 0.0
0.0932686 -0.011934 0.0
0.0925185 -0.016927 0.0
0.0917119 -0.021937 0.0
0.0908483 -0.0269684 0.0
0.0899272 -0.0320257 0.0
0.0889482 -0.0371137 0.0
0.087911 -0.042237 0.0
0.086815 -0.0474005 0.0
0.08566 -0.0526092 0.0
0.0844455 -0.0578681 0.0
0.0831711 -0.0631823 0.0
0.0818362 -0.0685566 0.0
0.0804403 -0.073996 0.0
0.0789828 -0.0795053 0.0
0.0774629 -0.0850889 0.0
0.07588 -0.0907511 0.0
0.0742331 -0.0964956 0.0
0.0725214 -0.102326 0.0
0.070744 -0.108244 0.0
0.0688998 -0.114253 0.0
0.0669878 -0.120354 0.0
0.0650071 -0.126546 0.0
0.0629566 -0.132829 0.0
0.0608355 -0.1392 0.0
0.0586431 -0.145658 0.0
0.0563786 -0.152196 0.0
0.0540419 -0.15881 0.0
0.0516328 -0.165492 0.0
0.0491517 -0.172233 0.0
0.0465991 -0.179025 0.0
0.0439764 -0.185856 0.0
0.0412851 -0.192717 0.0
0.0385275 -0.199595 0.0
0.0357065 -0.206481 0.0
0.0328254 -0.21337 0.0
0.0298884 -0.22026 0.0
0.0268997 -0.22716 0.0
0.0238637 -0.234099 0.0
0.0207844 -0.241132 0.0
0.0176638 -0.248367 0.0
0.0144999 -0.255991 0.0
0.0112828 -0.264327 0.0
0.00798691 -0.27392 0.0
0.00455187 -0.285682 0.0
0.000819878 -0.3012 0.0
-0.00337417 -0.322976 0.0
-0.00800152 -0.353091 0.0
-0.012834 -0.392322 0.0
-0.0174671 -0.439064 0.0
-0.0213155 -0.48874 0.0
-0.0236936 -0.533643 0.0
-0.0239451 -0.562992 0.0
-0.0216326 -0.563292 0.0
-0.0168056 -0.519566 0.0
-0.0103398 -0.418983 0.0
-0.00414552 -0.258911 0.0
-0.000710725 -0.0554828 0.0
0.000270271 0.0045098 0.0
0.00181785 0.0290255 0.0
0.00523267 0.0584513 0.0
0.0101463 0.0903588 0.0
0.0160857 0.122262 0.0
0.0225674 0.15222 0.0
0.0291772 0.17904 0.0
0.0356093 0.202205 0.0
0.0416702 0.221682 0.0
0.0472624 0.237732 0.0
0.0523607 0.250756 0.0
0.0569863 0.261187 0.0
0.0611855 0.269424 0.0
0.0650122 0.275806 0.0
0.0685178 0.280599 0.0
0.0717456 0.284007 0.0
0.0747285 0.286181 0.0
0.0774903 0.287236 0.0
0.0800471 0.287264 0.0
0.0824099 0.286342 0.0
0.0845864 0.28454 0.0
0.0865824 0.281927 0.0
0.0884033 0.278569 0.0
0.0900547 0.274533 0.0
0.0915429 0.269888 0.0
0.0928749 0.264704 0.0
0.0940591 0.259049 0.0
0.0951047 0.252991 0.0
0.0960218 0.246597 0.0
0.0968213 0.23993 0.0
0.0975149 0.233051 0.0
0.0981144 0.226015 0.0
0.0986318 0.218874 0.0
0.0990789 0.211674 0.0
0.0994672 0.204456 0.0
0.0998076 0.197254 0.0
0.10011 0.1901 0.0
0.100384 0.183016 0.0
0.100637 0.176022 0.0
0.100876 0.169132 0.0
0.101106 0.162357 0.0
0.101332 0.155701 0.0
0.101556 0.149169 0.0
0.10178 0.142761 0.0
0.102005 0.136474 0.0
0.10223 0.130306 0.0
0.102454 0.124251 0.0
0.102676 0.118304 0.0
0.102892 0.112459 0.0
0.103101 0.10671 0.0
0.103299 0.10105 0.0
0.103484 0.0954732 0.0
0.103651 0.0899736 0.0
0.103797 0.0845454 0.0
0.103919 0.0791829 0.0
0.104015 0.0738809 0.0
0.10408 0.0686343 0.0
0.104112 0.0634386 0.0
0.104109 0.0582891 0.0
0.104067 0.0531816 0.0
0.103984 0.0481118 0.0
0.103859 0.0430759 0.0
0.103689 0.0380699 0.0
0.103472 0.0330899 0.0
0.103207 0.0281322 0.0
0.102891 0.023193 0.0
0.102524 0.0182684 0.0
0.102105 0.0133547 0.0
0.101631 0.00844758 0.0
0.101103 0.00354204 0.0
0.100517 -0.00136882 0.0
0.0998737 -0.00628405 0.0
0.0991716 -0.0112073 0.0
0.0984109 -0.0161428 0.0
0.097591 -0.0210947 0.0
0.0967116 -0.0260676 0.0
0.095772 -0.0310659 0.0
0.0947719 -0.0360944 0.0
0.0937107 -0.0411578 0.0
0.0925879 -0.046261 0.0
0.0914031 -0.0514089 0.0
0.0901555 -0.0566065 0.0
0.0888448 -0.0618587 0.0
0.0874701 -0.0671706 0.0
0.0860308 -0.0725469 0.0
0.0845261 -0.0779922 0.0
0.0829552 -0.0835112 0.0
0.081317 -0.0891077 0.0
0.0796106 -0.0947857 0.0
0.077835 -0.100548 0.0
0.0759888 -0.106398 0.0
0.0740711 -0.112337 0.0
0.0720804 -0.118367 0.0
0.0700157 -0.124487 0.0
0.0678758 -0.130697 0.0
0.0656596 -0.136995 0.0
0.0633661 -0.143377 0.0
0.0609946 -0.14984 0.0
0.0585446 -0.156379 0.0
0.0560158 -0.162985 0.0
0.0534085 -0.169651 0.0
0.0507232 -0.176369 0.0
0.0479611 -0.183128 0.0
0.0451237 -0.189917 0.0
0.0422133 -0.196727 0.0
0.039233 -0.203548 0.0
0.0361863 -0.210375 0.0
0.0330774 -0.217208 0.0
0.0299113 -0.224057 0.0
0.026693 -0.230948 0.0
0.0234272 -0.237938 0.0
0.0201173 -0.24513 0.0
0.0167633 -0.252709 0.0
0.0133585 -0.260987 0.0
0.0098824 -0.270488 0.0
0.00628608 -0.282082 0.0
0.00245277 -0.297235 0.0
-0.00182939 -0.318466 0.0
-0.00658257 -0.348221 0.0
-0.01156 -0.387382 0.0
-0.0163736 -0.434557 0.0
-0.0204446 -0.485328 0.0
-0.0230795 -0.532042 0.0
-0.0235963 -0.563824 0.0
-0.0215166 -0.566853 0.0
-0.0168428 -0.525506 0.0
-0.0104201 -0.425931 0.0
-0.00418689 -0.264391 0.0
-0.000715746 -0.0569093 0.0
0.00025703 0.0039825 0.0
0.00174959 0.0265126 0.0
0.00507886 0.0542201 0.0
0.00992562 0.0848297 0.0
0.0158527 0.115925 0.0
0.0223933 0.145535 0.0
0.0291332 0.172375 0.0
0.0357547 0.195816 0.0
0.0420472 0.215717 0.0
0.0478955 0.232256 0.0
0.0532585 0.245771 0.0
0.0581454 0.256659 0.0
0.0625946 0.265304 0.0
0.0666562 0.272038 0.0
0.0703811 0.277136 0.0
0.0738137 0.280809 0.0
0.0769892 0.283219 0.0
0.0799342 0.28449 0.0
0.0826669 0.28472 0.0
0.0852003 0.28399 0.0
0.0875431 0.282373 0.0
0.089702 0.279939 0.0
0.0916828 0.276755 0.0
0.093491 0.272887 0.0
0.0951326 0.268404 0.0
0.0966145 0.263374 0.0
0.0979444 0.257865 0.0
0.0991311 0.251943 0.0
0.100184 0.245675 0.0
0.101115 0.239123 0.0
0.101933 0.232347 0.0
0.102652 0.225402 0.0
0.103281 0.21834 0.0
0.103834 0.211208 0.0
0.104322 0.204046 0.0
0.104754 0.196891 0.0
0.105143 0.189773 0.0
0.105496 0.182716 0.0
0.105822 0.175743 0.0
0.106128 0.168867 0.0
0.10642 0.1621 0.0
0.106702 0.15545 0.0
0.106978 0.148921 0.0
0.10725 0.142514 0.0
0.107519 0.136228 0.0
0.107785 0.130061 0.0
0.108047 0.124009 0.0
0.108305 0.118067 0.0
0.108555 0.112229 0.0
0.108795 0.10649 0.0
0.109023 0.100843 0.0
0.109236 0.0952831 0.0
0.109429 0.0898031 0.0
0.109601 0.0843978 0.0
0.109748 0.0790614 0.0
0.109866 0.0737886 0.0
0.109953 0.0685743 0.0
0.110006 0.0634136 0.0
0.110022 0.0583018 0.0
0.109998 0.0532345 0.0
0.109932 0.0482074 0.0
0.109821 0.0432162 0.0
0.109664 0.0382569 0.0
0.109458 0.0333254 0.0
0.109203 0.028418 0.0
0.108895 0.0235305 0.0
0.108533 0.0186591 0.0
0.108117 0.0137998 0.0
0.107645 0.00894815 0.0
0.107116 0.00409945 0.0
0.106527 -0.000752318 0.0
0.105878 -0.0056082 0.0
0.105169 -0.0104718 0.0
0.104399 -0.0153471 0.0
0.103567 -0.0202384 0.0
0.102672 -0.0251501 0.0
0.101715 -0.0300867 0.0
0.100695 -0.0350529 0.0
0.0996104 -0.0400535 0.0
0.0984613 -0.0450933 0.0
0.0972469 -0.0501772 0.0
0.0959666 -0.0553102 0.0
0.0946196 -0.0604972 0.0
0.093205 -0.0657429 0.0
0.0917221 -0.0710523 0.0
0.0901698 -0.0764298 0.0
0.0885471 -0.0818799 0.0
0.0868529 -0.0874066 0.0
0.085086 -0.0930136 0.0
0.083245 -0.0987039 0.0
0.0813287 -0.10448 0.0
0.0793357 -0.110345 0.0
0.0772644 -0.116298 0.0
0.0751135 -0.12234 0.0
0.0728817 -0.128472 0.0
0.0705676 -0.13469 0.0
0.0681702 -0.140991 0.0
0.0656885 -0.147373 0.0
0.0631217 -0.153829 0.0
0.0604696 -0.160354 0.0
0.0577323 -0.166938 0.0
0.0549101 -0.173575 0.0
0.0520042 -0.180254 0.0
0.0490162 -0.186965 0.0
0.0459485 -0.1937 0.0
0.042804 -0.20045 0.0
0.0395866 -0.20721 0.0
0.0363009 -0.21398 0.0
0.0329522 -0.220771 0.0
0.0295461 -0.22761 0.0
0.0260885 -0.234553 0.0
0.0225839 -0.241701 0.0
0.0190343 -0.249235 0.0
0.0154359 -0.257458 0.0
0.0117729 -0.266878 0.0
0.00800614 -0.278329 0.0
0.00404475 -0.293193 0.0
-0.000328254 -0.313852 0.0
-0.0051931 -0.343217 0.0
-0.0103218 -0.382281 0.0
-0.015319 -0.429848 0.0
-0.019615 -0.48167 0.0
-0.0225088 -0.530171 0.0
-0.0232928 -0.564395 0.0
-0.021446 -0.570209 0.0
-0.0169211 -0.531349 0.0
-0.0105303 -0.432902 0.0
-0.00424136 -0.269942 0.0
-0.000722785 -0.0583478 0.0
0.000243397 0.00348208 0.0
0.001677 0.0240869 0.0
0.00490958 0.050084 0.0
0.00967075 0.0793579 0.0
0.0155613 0.109579 0.0
0.0221346 0.138767 0.0
0.0289788 0.165559 0.0
0.0357673 0.189222 0.0
0.0422737 0.209512 0.0
0.0483655 0.226521 0.0
0.0539855 0.240524 0.0
0.0591301 0.251876 0.0
0.063829 0.260939 0.0
0.0681275 0.268043 0.0
0.0720747 0.27346 0.0
0.0757157 0.277412 0.0
0.0790879 0.280069 0.0
0.0822199 0.281564 0.0
0.0851326 0.282001 0.0
0.0878406 0.281467 0.0
0.0903543 0.280039 0.0
0.0926811 0.277787 0.0
0.0948272 0.27478 0.0
0.0967983 0.271083 0.0
0.0986002 0.266765 0.0
0.100239 0.261892 0.0
0.101723 0.256533 0.0
0.10306 0.250752 0.0
0.104259 0.244614 0.0
0.10533 0.238182 0.0
0.106283 0.231515 0.0
0.10713 0.224668 0.0
0.107883 0.217692 0.0
0.108552 0.210634 0.0
0.109149 0.203536 0.0
0.109684 0.196433 0.0
0.110168 0.189358 0.0
0.11061 0.182336 0.0
0.111018 0.175389 0.0
0.1114 0.168533 0.0
0.111762 0.161781 0.0
0.112108 0.155141 0.0
0.112443 0.148619 0.0
0.11277 0.142217 0.0
0.113089 0.135936 0.0
0.113401 0.129774 0.0
0.113706 0.123728 0.0
0.114003 0.117793 0.0
0.11429 0.111965 0.0
0.114565 0.106238 0.0
0.114826 0.100607 0.0
0.115069 0.0950642 0.0
0.115292 0.0896054 0.0
0.115491 0.0842244 0.0
0.115664 0.0789155 0.0
0.115807 0.0736733 0.0
0.115917 0.0684925 0.0
0.115991 0.0633683 0.0
0.116027 0.0582956 0.0
0.116022 0.05327 0.0
0.115973 0.048287 0.0
0.115878 0.0433421 0.0
0.115735 0.0384312 0.0
0.115541 0.0335501 0.0
0.115296 0.0286947 0.0
0.114997 0.023861 0.0
0.114642 0.0190448 0.0
0.11423 0.014242 0.0
0.11376 0.00944819 0.0
0.11323 0.00465876 0.0
0.112639 -0.000131822 0.0
0.111985 -0.00492649 0.0
0.111269 -0.00972818 0.0
0.11049 -0.014541 0.0
0.109646 -0.019369 0.0
0.108738 -0.0242169 0.0
0.107764 -0.029089 0.0
0.106724 -0.03399 0.0
0.105617 -0.0389247 0.0
0.104442 -0.043898 0.0
0.103198 -0.0489146 0.0
0.101885 -0.0539795 0.0
0.100502 -0.0590975 0.0
0.0990471 -0.0642734 0.0
0.0975201 -0.0695119 0.0
0.0959197 -0.0748174 0.0
0.0942445 -0.0801944 0.0
0.0924932 -0.0856467 0.0
0.0906646 -0.0911779 0.0
0.088757 -0.0967911 0.0
0.0867689 -0.102489 0.0
0.0846986 -0.108273 0.0
0.0825447 -0.114144 0.0
0.0803053 -0.120104 0.0
0.077979 -0.12615 0.0
0.0755643 -0.132282 0.0
0.0730598 -0.138497 0.0
0.0704645 -0.144791 0.0
0.0677775 -0.151158 0.0
0.0649983 -0.157593 0.0
0.0621269 -0.16409 0.0
0.0591637 -0.170638 0.0
0.0561096 -0.17723 0.0
0.0529664 -0.183857 0.0
0.0497364 -0.19051 0.0
0.0464227 -0.197182 0.0
0.0430296 -0.203867 0.0
0.0395617 -0.210568 0.0
0.0360251 -0.217296 0.0
0.0324259 -0.224079 0.0
0.0287709 -0.230971 0.0
0.0250661 -0.238073 0.0
0.0213153 -0.245562 0.0
0.0175173 -0.253734 0.0
0.0136608 -0.263082 0.0
0.00971401 -0.274411 0.0
0.00560213 -0.289038 0.0
0.00113626 -0.309169 0.0
-0.00383098 -0.338068 0.0
-0.00911732 -0.377015 0.0
-0.0143006 -0.424934 0.0
-0.018824 -0.477765 0.0
-0.02198 -0.528026 0.0
-0.0230343 -0.564701 0.0
-0.0214217 -0.573362 0.0
-0.0170424 -0.5371 0.0
-0.0106723 -0.439911 0.0
-0.00431006 -0.275584 0.0
-0.000732048 -0.0598026 0.0
0.000229477 0.00300921 0.0
0.00160068 0.021755 0.0
0.00472629 0.0460577 0.0
0.00938388 0.0739654 0.0
0.0152138 0.103251 0.0
0.0217926 0.131943 0.0
0.0287143 0.158617 0.0
0.0356455 0.182444 0.0
0.0423458 0.203083 0.0
0.0486661 0.220538 0.0
0.0545331 0.235019 0.0
0.0599301 0.246838 0.0
0.064877 0.256331 0.0
0.0694132 0.263816 0.0
0.0735853 0.269567 0.0
0.0774382 0.273811 0.0
0.0810108 0.276725 0.0
0.0843339 0.278452 0.0
0.0874307 0.279103 0.0
0.0903178 0.27877 0.0
0.0930069 0.277534 0.0
0.0955067 0.275466 0.0
0.0978239 0.272637 0.0
0.0999642 0.269114 0.0
0.101933 0.264963 0.0
0.103738 0.260251 0.0
0.105384 0.255044 0.0
0.106879 0.249408 0.0
0.108233 0.243406 0.0
0.109454 0.237099 0.0
0.110553 0.230546 0.0
0.11154 0.223802 0.0
0.112426 0.216919 0.0
0.113222 0.209942 0.0
0.113939 0.202914 0.0
0.114588 0.195871 0.0
0.115178 0.188846 0.0
0.115719 0.181865 0.0
0.116219 0.174951 0.0
0.116687 0.168121 0.0
0.117127 0.16139 0.0
0.117547 0.154766 0.0
0.117949 0.148257 0.0
0.118337 0.141865 0.0
0.118712 0.135594 0.0
0.119077 0.12944 0.0
0.11943 0.123403 0.0
0.119772 0.117479 0.0
0.120101 0.111663 0.0
0.120414 0.105951 0.0
0.120711 0.100336 0.0
0.120988 0.0948141 0.0
0.121243 0.0893782 0.0
0.121472 0.0840232 0.0
0.121672 0.0787434 0.0
0.121842 0.0735333 0.0
0.121977 0.0683876 0.0
0.122074 0.0633013 0.0
0.122131 0.0582693 0.0
0.122146 0.053287 0.0
0.122115 0.0483496 0.0
0.122037 0.0434528 0.0
0.121909 0.038592 0.0
0.121728 0.0337631 0.0
0.121494 0.0289617 0.0
0.121204 0.0241836 0.0
0.120856 0.0194247 0.0
0.12045 0.0146806 0.0
0.119982 0.00994701 0.0
0.119453 0.00521923 0.0
0.11886 0.00049206 0.0
0.118202 -0.00423946 0.0
0.11748 -0.00897712 0.0
0.116693 -0.013725 0.0
0.115838 -0.0184873 0.0
0.114916 -0.0232685 0.0
0.113926 -0.0280732 0.0
0.112867 -0.032906 0.0
0.111737 -0.0377717 0.0
0.110536 -0.0426751 0.0
0.109263 -0.047621 0.0
0.107917 -0.0526142 0.0
0.106498 -0.0576594 0.0
0.105002 -0.0627615 0.0
0.103431 -0.067925 0.0
0.101781 -0.0731543 0.0
0.100053 -0.0784537 0.0
0.0982433 -0.0838268 0.0
0.0963516 -0.0892773 0.0
0.0943758 -0.0948082 0.0
0.0923141 -0.100422 0.0
0.0901648 -0.10612 0.0
0.0879259 -0.111904 0.0
0.0855956 -0.117774 0.0
0.0831722 -0.12373 0.0
0.0806539 -0.129769 0.0
0.0780392 -0.13589 0.0
0.0753269 -0.142089 0.0
0.072516 -0.148361 0.0
0.0696058 -0.154701 0.0
0.0665962 -0.161101 0.0
0.0634875 -0.167555 0.0
0.0602807 -0.174053 0.0
0.0569775 -0.180588 0.0
0.0535803 -0.187152 0.0
0.0500924 -0.193738 0.0
0.0465182 -0.200343 0.0
0.0428629 -0.206969 0.0
0.0391327 -0.213629 0.0
0.0353349 -0.220349 0.0
0.031477 -0.227187 0.0
0.0275663 -0.234242 0.0
0.0236085 -0.241685 0.0
0.0196052 -0.249809 0.0
0.0155485 -0.259093 0.0
0.0114131 -0.270318 0.0
0.00713612 -0.284742 0.0
0.00257018 -0.304432 0.0
-0.00249898 -0.332768 0.0
-0.0079447 -0.371582 0.0
-0.0133152 -0.419812 0.0
-0.0180691 -0.473609 0.0
-0.0214914 -0.525604 0.0
-0.0228202 -0.56474 0.0
-0.0214444 -0.576311 0.0
-0.0172083 -0.542766 0.0
-0.0108483 -0.446975 0.0
-0.00439422 -0.281336 0.0
-0.000743753 -0.0612784 0.0
0.000215375 0.00256436 0.0
0.00152126 0.0195228 0.0
0.00453057 0.042155 0.0
0.00906744 0.0686737 0.0
0.014813 0.0969674 0.0
0.0213696 0.125091 0.0
0.0283405 0.151576 0.0
0.0353882 0.175506 0.0
0.0422601 0.196449 0.0
0.0487915 0.214321 0.0
0.0548934 0.229267 0.0
0.0605354 0.241551 0.0
0.0657267 0.25148 0.0
0.0705002 0.259357 0.0
0.0748989 0.265455 0.0
0.0789667 0.270002 0.0
0.0827435 0.273185 0.0
0.0862619 0.275151 0.0
0.089547 0.276022 0.0
0.0926177 0.275894 0.0
0.0954872 0.274851 0.0
0.0981653 0.272971 0.0
0.100659 0.270322 0.0
0.102975 0.266973 0.0
0.105119 0.262991 0.0
0.107096 0.258442 0.0
0.108913 0.253391 0.0
0.110576 0.247902 0.0
0.112095 0.242039 0.0
0.113477 0.235862 0.0
0.114732 0.229429 0.0
0.115869 0.222795 0.0
0.1169 0.21601 0.0
0.117835 0.209121 0.0
0.118683 0.20217 0.0
0.119457 0.195194 0.0
0.120164 0.188226 0.0
0.120815 0.181293 0.0
0.121419 0.174419 0.0
0.121982 0.167623 0.0
0.122511 0.160918 0.0
0.123012 0.154317 0.0
0.12349 0.147826 0.0
0.123948 0.141451 0.0
0.124388 0.135193 0.0
0.124812 0.129053 0.0
0.12522 0.123029 0.0
0.125612 0.117119 0.0
0.125987 0.111319 0.0
0.126345 0.105624 0.0
0.126682 0.100029 0.0
0.126996 0.0945295 0.0
0.127286 0.0891187 0.0
0.127547 0.0837917 0.0
0.127779 0.0785429 0.0
0.127977 0.0733667 0.0
0.128138 0.0682579 0.0
0.12826 0.0632112 0.0
0.128341 0.0582216 0.0
0.128377 0.0532842 0.0
0.128366 0.0483943 0.0
0.128305 0.0435472 0.0
0.128193 0.0387384 0.0
0.128026 0.0339634 0.0
0.127804 0.0292179 0.0
0.127524 0.0244975 0.0
0.127185 0.019798 0.0
0.126784 0.0151149 0.0
0.12632 0.0104438 0.0
0.125792 0.00578021 0.0
0.125197 0.00111862 0.0
0.124537 -0.00354789 0.0
0.123809 -0.00821937 0.0
0.123014 -0.0128998 0.0
0.12215 -0.0175937 0.0
0.121215 -0.0223054 0.0
0.120209 -0.0270397 0.0
0.11913 -0.0318012 0.0
0.117978 -0.0365946 0.0
0.116751 -0.0414247 0.0
0.115448 -0.0462962 0.0
0.114069 -0.051214 0.0
0.112612 -0.0561826 0.0
0.111076 -0.0612068 0.0
0.109459 -0.0662911 0.0
0.10776 -0.0714396 0.0
0.105977 -0.0766566 0.0
0.104108 -0.0819458 0.0
0.102152 -0.0873105 0.0
0.100106 -0.0927536 0.0
0.0979691 -0.0982777 0.0
0.0957385 -0.103884 0.0
0.0934124 -0.109575 0.0
0.0909886 -0.11535 0.0
0.0884652 -0.121208 0.0
0.0858403 -0.127148 0.0
0.0831122 -0.133169 0.0
0.0802794 -0.139266 0.0
0.0773408 -0.145435 0.0
0.0742957 -0.151672 0.0
0.0711437 -0.157969 0.0
0.0678851 -0.16432 0.0
0.064521 -0.170717 0.0
0.0610529 -0.177153 0.0
0.0574835 -0.183621 0.0
0.0538161 -0.190114 0.0
0.0500555 -0.196632 0.0
0.0462072 -0.203177 0.0
0.042278 -0.209762 0.0
0.0382758 -0.216416 0.0
0.0342093 -0.223196 0.0
0.030087 -0.2302 0.0
0.0259166 -0.237599 0.0
0.0217021 -0.245678 0.0
0.0174395 -0.254906 0.0
0.013109 -0.266039 0.0
0.00865877 -0.280293 0.0
0.00397001 -0.299626 0.0
-0.00120326 -0.327332 0.0
-0.00679542 -0.365981 0.0
-0.012358 -0.41448 0.0
-0.017347 -0.469198 0.0
-0.0210407 -0.522899 0.0
-0.0226496 -0.564508 0.0
-0.0215146 -0.579054 0.0
-0.0174207 -0.548353 0.0
-0.0110605 -0.454109 0.0
-0.00449513 -0.287222 0.0
-0.000758129 -0.0627803 0.0
0.000201193 0.00214779 0.0
0.00143939 0.0173953 0.0
0.00432407 0.0383885 0.0
0.00872408 0.0635033 0.0
0.0143619 0.0907544 0.0
0.0208684 0.118241 0.0
0.0278592 0.144464 0.0
0.0349953 0.168434 0.0
0.0420144 0.18963 0.0
0.048737 0.207886 0.0
0.055059 0.223279 0.0
0.060936 0.236021 0.0
0.0663664 0.246388 0.0
0.0713753 0.254667 0.0
0.0760011 0.261121 0.0
0.0802863 0.265983 0.0
0.0842707 0.269443 0.0
0.0879883 0.271657 0.0
0.0914663 0.272753 0.0
0.0947252 0.272833 0.0
0.0977801 0.271988 0.0
0.100642 0.270295 0.0
0.103319 0.267827 0.0
0.105817 0.264654 0.0
0.108142 0.260842 0.0
0.1103 0.256456 0.0
0.112297 0.251563 0.0
0.114138 0.246225 0.0
0.115831 0.240505 0.0
0.117384 0.234462 0.0
0.118806 0.228153 0.0
0.120106 0.221634 0.0
0.121293 0.214953 0.0
0.122378 0.208158 0.0
0.12337 0.201291 0.0
0.12428 0.194389 0.0
0.125117 0.187486 0.0
0.12589 0.180609 0.0
0.126607 0.173783 0.0
0.127277 0.167026 0.0
0.127906 0.160356 0.0
0.128499 0.153784 0.0
0.129063 0.147318 0.0
0.129599 0.140964 0.0
0.130112 0.134726 0.0
0.130603 0.128605 0.0
0.131073 0.122599 0.0
0.131522 0.116708 0.0
0.13195 0.110927 0.0
0.132356 0.105253 0.0
0.132738 0.0996814 0.0
0.133095 0.0942066 0.0
0.133423 0.0888236 0.0
0.133721 0.0835271 0.0
0.133986 0.0783114 0.0
0.134215 0.0731712 0.0
0.134406 0.0681012 0.0
0.134555 0.0630961 0.0
0.134661 0.0581508 0.0
0.13472 0.0532602 0.0
0.134729 0.0484196 0.0
0.134688 0.0436241 0.0
0.134593 0.0388691 0.0
0.134442 0.0341501 0.0
0.134233 0.0294624 0.0
0.133964 0.0248018 0.0
0.133633 0.0201637 0.0
0.133239 0.0155438 0.0
0.13278 0.0109377 0.0
0.132254 0.00634072 0.0
0.131659 0.00174746 0.0
0.130996 -0.00285297 0.0
0.130265 -0.00745577 0.0
0.129463 -0.012066 0.0
0.128588 -0.0166884 0.0
0.12764 -0.0213277 0.0
0.126618 -0.0259885 0.0
0.125519 -0.0306754 0.0
0.124344 -0.0353931 0.0
0.123091 -0.0401464 0.0
0.121759 -0.04494 0.0
0.120346 -0.0497784 0.0
0.118852 -0.0546665 0.0
0.117274 -0.0596085 0.0
0.11561 -0.0646091 0.0
0.11386 -0.0696723 0.0
0.112021 -0.074802 0.0
0.110092 -0.0800021 0.0
0.10807 -0.0852756 0.0
0.105952 -0.0906255 0.0
0.103738 -0.0960542 0.0
0.101424 -0.101563 0.0
0.099008 -0.107154 0.0
0.096488 -0.112827 0.0
0.0938618 -0.118581 0.0
0.0911271 -0.124416 0.0
0.0882822 -0.130328 0.0
0.0853254 -0.136317 0.0
0.0822554 -0.142376 0.0
0.0790712 -0.148502 0.0
0.0757726 -0.154688 0.0
0.0723598 -0.160929 0.0
0.0688336 -0.167217 0.0
0.0651958 -0.173547 0.0
0.061449 -0.179911 0.0
0.0575969 -0.186305 0.0
0.0536444 -0.192728 0.0
0.0495975 -0.199185 0.0
0.0454637 -0.20569 0.0
0.0412514 -0.212273 0.0
0.0369705 -0.218991 0.0
0.0326309 -0.225943 0.0
0.0282421 -0.233297 0.0
0.0238106 -0.241334 0.0
0.0193362 -0.250513 0.0
0.0148046 -0.26157 0.0
0.0101733 -0.275681 0.0
0.00534012 -0.294717 0.0
6.15829e-05 -0.321789 0.0
-0.00566509 -0.360205 0.0
-0.0114258 -0.408933 0.0
-0.0166544 -0.464527 0.0
-0.0206255 -0.519905 0.0
-0.0225215 -0.563997 0.0
-0.0216328 -0.581589 0.0
-0.0176814 -0.553863 0.0
-0.0113112 -0.461329 0.0
-0.00461421 -0.293264 0.0
-0.000775418 -0.0643138 0.0
0.000187029 0.00175957 0.0
0.00135571 0.0153766 0.0
0.00410852 0.0347697 0.0
0.00835667 0.058474 0.0
0.0138641 0.0846384 0.0
0.0202924 0.111422 0.0
0.0272727 0.137312 0.0
0.0344677 0.161255 0.0
0.041607 0.18265 0.0
0.0484984 0.201252 0.0
0.055023 0.217067 0.0
0.0611227 0.230256 0.0
0.0667845 0.241061 0.0
0.072025 0.249745 0.0
0.0768774 0.256565 0.0
0.0813814 0.26175 0.0
0.0855762 0.265496 0.0
0.0894969 0.267966 0.0
0.0931722 0.269291 0.0
0.0966243 0.269583 0.0
0.0998699 0.268936 0.0
0.102921 0.267433 0.0
0.105787 0.265146 0.0
0.108475 0.262149 0.0
0.110989 0.258507 0.0
0.113336 0.254286 0.0
0.115521 0.249552 0.0
0.117549 0.244367 0.0
0.119427 0.238792 0.0
0.121162 0.232886 0.0
0.122762 0.226707 0.0
0.124235 0.220307 0.0
0.125591 0.213737 0.0
0.126839 0.207043 0.0
0.127987 0.200266 0.0
0.129046 0.193446 0.0
0.130024 0.186614 0.0
0.130931 0.179801 0.0
0.131775 0.17303 0.0
0.132564 0.166321 0.0
0.133303 0.159693 0.0
0.134 0.153157 0.0
0.134659 0.146723 0.0
0.135284 0.140397 0.0
0.135879 0.134185 0.0
0.136446 0.128088 0.0
0.136986 0.122106 0.0
0.1375 0.116238 0.0
0.137988 0.110481 0.0
0.138449 0.104832 0.0
0.138882 0.0992872 0.0
0.139285 0.093841 0.0
0.139657 0.0884889 0.0
0.139995 0.0832256 0.0
0.140298 0.0780458 0.0
0.140561 0.0729441 0.0
0.140784 0.0679152 0.0
0.140963 0.0629539 0.0
0.141095 0.0580549 0.0
0.141179 0.0532132 0.0
0.141212 0.0484239 0.0
0.141191 0.0436821 0.0
0.141115 0.038983 0.0
0.14098 0.0343219 0.0
0.140786 0.0296942 0.0
0.140529 0.0250954 0.0
0.140209 0.020521 0.0
0.139823 0.0159664 0.0
0.13937 0.0114272 0.0
0.138848 0.00689886 0.0
0.138257 0.00237572 0.0
0.137593 -0.00215484 0.0
0.136857 -0.00668587 0.0
0.136046 -0.011223 0.0
0.13516 -0.0157711 0.0
0.134198 -0.020335 0.0
0.133159 -0.0249191 0.0
0.132041 -0.0295283 0.0
0.130842 -0.034167 0.0
0.129563 -0.0388399 0.0
0.1282 -0.0435517 0.0
0.126753 -0.048307 0.0
0.12522 -0.0531102 0.0
0.123599 -0.0579658 0.0
0.121889 -0.0628781 0.0
0.120087 -0.067851 0.0
0.118191 -0.0728885 0.0
0.116199 -0.0779941 0.0
0.114109 -0.083171 0.0
0.111918 -0.0884219 0.0
0.109624 -0.0937492 0.0
0.107224 -0.0991545 0.0
0.104716 -0.104639 0.0
0.102097 -0.110203 0.0
0.0993651 -0.115846 0.0
0.0965176 -0.121568 0.0
0.0935524 -0.127366 0.0
0.090468 -0.133238 0.0
0.0872626 -0.139179 0.0
0.0839355 -0.145187 0.0
0.080486 -0.151255 0.0
0.0769143 -0.157378 0.0
0.0732214 -0.163549 0.0
0.069409 -0.169764 0.0
0.0654798 -0.176017 0.0
0.0614377 -0.182304 0.0
0.0572879 -0.188627 0.0
0.0530368 -0.194989 0.0
0.0486926 -0.201408 0.0
0.0442645 -0.207915 0.0
0.0397633 -0.214567 0.0
0.0352006 -0.221464 0.0
0.0305876 -0.228774 0.0
0.0259334 -0.236772 0.0
0.0212413 -0.245908 0.0
0.0165019 -0.256904 0.0
0.0116803 -0.270895 0.0
0.00668786 -0.289677 0.0
0.00130556 -0.316168 0.0
-0.00455033 -0.354243 0.0
-0.0105159 -0.403168 0.0
-0.0159882 -0.459591 0.0
-0.0202433 -0.516615 0.0
-0.0224345 -0.5632 0.0
-0.0217992 -0.58391 0.0
-0.0179922 -0.5593 0.0
-0.0116028 -0.468651 0.0
-0.00475295 -0.299489 0.0
-0.000795875 -0.0658851 0.0
0.000172979 0.00139956 0.0
0.00127087 0.01347 0.0
0.00388565 0.0313086 0.0
0.00796824 0.0536043 0.0
0.0133236 0.0786453 0.0
0.0196459 0.104665 0.0
0.0265846 0.13015 0.0
0.033807 0.154 0.0
0.0410375 0.175536 0.0
0.0480725 0.194439 0.0
0.0547794 0.210647 0.0
0.0610868 0.224268 0.0
0.0669699 0.235504 0.0
0.0724361 0.244595 0.0
0.0775127 0.251786 0.0
0.0822357 0.257302 0.0
0.0866433 0.261342 0.0
0.0907707 0.264072 0.0
0.0946475 0.265632 0.0
0.0982978 0.26614 0.0
0.10174 0.265693 0.0
0.104987 0.264378 0.0
0.108048 0.262273 0.0
0.110932 0.259451 0.0
0.113643 0.255979 0.0
0.116187 0.251923 0.0
0.118569 0.247349 0.0
0.120794 0.242317 0.0
0.122867 0.23689 0.0
0.124796 0.231125 0.0
0.126585 0.225078 0.0
0.128244 0.218803 0.0
0.129781 0.212348 0.0
0.131203 0.205761 0.0
0.132521 0.199082 0.0
0.133741 0.19235 0.0
0.134875 0.185598 0.0
0.135929 0.178856 0.0
0.136911 0.172148 0.0
0.137831 0.165496 0.0
0.138693 0.158917 0.0
0.139505 0.152424 0.0
0.140271 0.14603 0.0
0.140996 0.13974 0.0
0.141683 0.13356 0.0
0.142335 0.127494 0.0
0.142954 0.121541 0.0
0.143541 0.115702 0.0
0.144096 0.109974 0.0
0.144619 0.104355 0.0
0.145109 0.098841 0.0
0.145566 0.0934274 0.0
0.145986 0.0881098 0.0
0.14637 0.0828831 0.0
0.146714 0.0777422 0.0
0.147016 0.0726818 0.0
0.147274 0.0676968 0.0
0.147486 0.0627817 0.0
0.147648 0.0579316 0.0
0.14776 0.0531412 0.0
0.147818 0.0484054 0.0
0.14782 0.0437195 0.0
0.147763 0.0390785 0.0
0.147647 0.0344775 0.0
0.147468 0.029912 0.0
0.147225 0.0253773 0.0
0.146916 0.0208687 0.0
0.146539 0.0163816 0.0
0.146092 0.0119114 0.0
0.145575 0.00745337 0.0
0.144986 0.00300169 0.0
0.144322 -0.00145351 0.0
0.143581 -0.00590941 0.0
0.142763 -0.0103706 0.0
0.141867 -0.0148416 0.0
0.140891 -0.0193271 0.0
0.139835 -0.0238315 0.0
0.138697 -0.0283596 0.0
0.137476 -0.0329158 0.0
0.136169 -0.0375047 0.0
0.134775 -0.0421309 0.0
0.133294 -0.0467989 0.0
0.131721 -0.051513 0.0
0.130057 -0.0562776 0.0
0.128298 -0.0610968 0.0
0.126443 -0.0659746 0.0
0.124488 -0.0709146 0.0
0.122432 -0.0759203 0.0
0.120272 -0.0809948 0.0
0.118006 -0.0861408 0.0
0.11563 -0.0913604 0.0
0.113142 -0.0966554 0.0
0.110539 -0.102027 0.0
0.107818 -0.107476 0.0
0.104978 -0.113001 0.0
0.102014 -0.118602 0.0
0.0989253 -0.124278 0.0
0.0957095 -0.130026 0.0
0.0923652 -0.135842 0.0
0.088891 -0.141723 0.0
0.0852864 -0.147665 0.0
0.0815515 -0.153661 0.0
0.0776872 -0.159709 0.0
0.0736952 -0.165801 0.0
0.0695786 -0.171935 0.0
0.0653412 -0.178108 0.0
0.0609887 -0.184321 0.0
0.056528 -0.190583 0.0
0.0519677 -0.19691 0.0
0.047318 -0.203336 0.0
0.0425908 -0.209919 0.0
0.0377992 -0.216759 0.0
0.0329563 -0.224023 0.0
0.0280737 -0.231985 0.0
0.023158 -0.241087 0.0
0.0182044 -0.252032 0.0
0.0131849 -0.265925 0.0
0.00802314 -0.284493 0.0
0.0025346 -0.310482 0.0
-0.0034511 -0.348088 0.0
-0.00962542 -0.397184 0.0
-0.015344 -0.454385 0.0
-0.0198904 -0.51302 0.0
-0.0223866 -0.562107 0.0
-0.0220139 -0.586011 0.0
-0.0183547 -0.564666 0.0
-0.011938 -0.476091 0.0
-0.00491294 -0.305923 0.0
-0.000819771 -0.0675008 0.0
0.000159132 0.00106745 0.0
0.00118548 0.0116779 0.0
0.00365726 0.0280142 0.0
0.00756195 0.0489114 0.0
0.0127446 0.0728001 0.0
0.0189332 0.0979993 0.0
0.0257986 0.123012 0.0
0.0330158 0.146698 0.0
0.0403063 0.168317 0.0
0.047457 0.187473 0.0
0.0543232 0.20404 0.0
0.0608202 0.218071 0.0
0.0669115 0.229727 0.0
0.0725954 0.239222 0.0
0.0778918 0.246786 0.0
0.0828329 0.252638 0.0
0.0874546 0.256977 0.0
0.0917915 0.259973 0.0
0.0958743 0.261772 0.0
0.0997278 0.262496 0.0
0.103372 0.26225 0.0
0.10682 0.261125 0.0
0.110084 0.259201 0.0
0.113171 0.256552 0.0
0.116088 0.253249 0.0
0.118838 0.249358 0.0
0.121427 0.244943 0.0
0.123858 0.240066 0.0
0.126137 0.234788 0.0
0.128269 0.229166 0.0
0.13026 0.223256 0.0
0.132117 0.217109 0.0
0.133847 0.210776 0.0
0.135457 0.204301 0.0
0.136957 0.197726 0.0
0.138353 0.191089 0.0
0.139654 0.184425 0.0
0.140868 0.177761 0.0
0.142003 0.171124 0.0
0.143066 0.164537 0.0
0.144064 0.158015 0.0
0.145003 0.151575 0.0
0.145888 0.145228 0.0
0.146724 0.138981 0.0
0.147514 0.132842 0.0
0.148262 0.126813 0.0
0.14897 0.120896 0.0
0.149639 0.115092 0.0
0.15027 0.109399 0.0
0.150863 0.103815 0.0
0.151417 0.0983364 0.0
0.151933 0.0929599 0.0
0.152409 0.0876809 0.0
0.152843 0.0824946 0.0
0.153234 0.0773962 0.0
0.153579 0.0723805 0.0
0.153876 0.0674424 0.0
0.154124 0.0625766 0.0
0.15432 0.057778 0.0
0.154462 0.0530414 0.0
0.154548 0.0483618 0.0
0.154575 0.0437343 0.0
0.154541 0.0391537 0.0
0.154444 0.0346154 0.0
0.154283 0.0301144 0.0
0.154055 0.0256461 0.0
0.153758 0.0212058 0.0
0.153391 0.0167886 0.0
0.152952 0.0123899 0.0
0.152439 0.00800462 0.0
0.151852 0.00362726 0.0
0.151186 -0.000749752 0.0
0.150442 -0.00512742 0.0
0.149617 -0.00950956 0.0
0.148711 -0.0139004 0.0
0.147722 -0.0183043 0.0
0.14665 -0.0227258 0.0
0.145492 -0.0271693 0.0
0.144247 -0.0316393 0.0
0.142913 -0.0361404 0.0
0.141488 -0.040677 0.0
0.13997 -0.0452534 0.0
0.138358 -0.049874 0.0
0.136649 -0.0545429 0.0
0.13484 -0.0592641 0.0
0.13293 -0.0640415 0.0
0.130915 -0.0688786 0.0
0.128794 -0.0737788 0.0
0.126562 -0.078745 0.0
0.124218 -0.0837798 0.0
0.121758 -0.0888855 0.0
0.119179 -0.0940636 0.0
0.116479 -0.0993154 0.0
0.113654 -0.104641 0.0
0.110701 -0.110042 0.0
0.107618 -0.115515 0.0
0.104403 -0.121061 0.0
0.101052 -0.126676 0.0
0.0975649 -0.132359 0.0
0.0939397 -0.138106 0.0
0.0901759 -0.143913 0.0
0.0862735 -0.149776 0.0
0.0822333 -0.15569 0.0
0.0780571 -0.161652 0.0
0.0737481 -0.167658 0.0
0.0693104 -0.173709 0.0
0.0647498 -0.179807 0.0
0.060074 -0.185961 0.0
0.055292 -0.19219 0.0
0.0504151 -0.198529 0.0
0.0454563 -0.205039 0.0
0.04043 -0.21182 0.0
0.0353515 -0.21904 0.0
0.0302349 -0.226969 0.0
0.0250902 -0.236043 0.0
0.0199171 -0.24695 0.0
0.0146936 -0.260764 0.0
0.00935392 -0.279152 0.0
0.00374868 -0.304729 0.0
-0.00236748 -0.341739 0.0
-0.00874662 -0.390979 0.0
-0.0147158 -0.448902 0.0
-0.0195624 -0.50911 0.0
-0.0223753 -0.560708 0.0
-0.0222763 -0.587882 0.0
-0.0187705 -0.56996 0.0
-0.0123194 -0.483665 0.0
-0.00509595 -0.312598 0.0
-0.000847402 -0.069168 0.0
0.000145573 0.000762749 0.0
0.00110016 0.0100017 0.0
0.00342508 0.0248937 0.0
0.00714103 0.0444113 0.0
0.0121316 0.067127 0.0
0.0181596 0.0914557 0.0
0.0249197 0.11593 0.0
0.0320975 0.139385 0.0
0.0394146 0.161022 0.0
0.0466506 0.180381 0.0
0.0536498 0.197268 0.0
0.0603153 0.211681 0.0
0.0665992 0.223741 0.0
0.0724898 0.233633 0.0
0.0779998 0.241568 0.0
0.0831562 0.247758 0.0
0.0879921 0.252399 0.0
0.092541 0.255665 0.0
0.0968334 0.257705 0.0
0.100895 0.258648 0.0
0.104747 0.258603 0.0
0.108404 0.257666 0.0
0.111877 0.255922 0.0
0.115176 0.253446 0.0
0.118305 0.25031 0.0
0.121271 0.246582 0.0
0.124075 0.242326 0.0
0.126724 0.237604 0.0
0.129219 0.232476 0.0
0.131567 0.226999 0.0
0.133771 0.221228 0.0
0.135838 0.215214 0.0
0.137774 0.209006 0.0
0.139585 0.202649 0.0
0.14128 0.196185 0.0
0.142864 0.18965 0.0
0.144347 0.18308 0.0
0.145735 0.176503 0.0
0.147035 0.169946 0.0
0.148256 0.163431 0.0
0.149402 0.156976 0.0
0.150481 0.150597 0.0
0.151498 0.144305 0.0
0.152457 0.138109 0.0
0.153362 0.132018 0.0
0.154217 0.126034 0.0
0.155024 0.12016 0.0
0.155785 0.114398 0.0
0.156501 0.108746 0.0
0.157172 0.103203 0.0
0.1578 0.0977659 0.0
0.158383 0.0924316 0.0
0.15892 0.087196 0.0
0.159411 0.0820546 0.0
0.159854 0.0770027 0.0
0.160248 0.0720355 0.0
0.160589 0.0671478 0.0
0.160878 0.0623346 0.0
0.161111 0.0575907 0.0
0.161287 0.052911 0.0
0.161403 0.0482905 0.0
0.161458 0.043724 0.0
0.161449 0.0392067 0.0
0.161374 0.0347336 0.0
0.161232 0.0302998 0.0
0.161021 0.0259005 0.0
0.160738 0.021531 0.0
0.160382 0.0171864 0.0
0.159951 0.012862 0.0
0.159443 0.00855259 0.0
0.158858 0.00425295 0.0
0.158191 -4.34207e-05 0.0
0.157442 -0.00434037 0.0
0.156611 -0.00864053 0.0
0.155695 -0.012948 0.0
0.154694 -0.017267 0.0
0.153606 -0.0216019 0.0
0.152428 -0.0259572 0.0
0.151159 -0.0303373 0.0
0.149797 -0.0347465 0.0
0.14834 -0.0391892 0.0
0.146786 -0.0436696 0.0
0.145132 -0.048192 0.0
0.143377 -0.0527603 0.0
0.141517 -0.0573784 0.0
0.13955 -0.06205 0.0
0.137474 -0.0667787 0.0
0.135284 -0.0715675 0.0
0.132979 -0.0764194 0.0
0.130555 -0.0813369 0.0
0.128008 -0.086322 0.0
0.125336 -0.0913765 0.0
0.122536 -0.0965016 0.0
0.119603 -0.101698 0.0
0.116536 -0.106965 0.0
0.113331 -0.112303 0.0
0.109985 -0.117711 0.0
0.106497 -0.123187 0.0
0.102863 -0.128728 0.0
0.0990832 -0.134332 0.0
0.0951563 -0.139996 0.0
0.0910822 -0.145716 0.0
0.0868618 -0.151489 0.0
0.0824969 -0.157312 0.0
0.0779907 -0.163183 0.0
0.0733478 -0.169104 0.0
0.0685741 -0.175078 0.0
0.0636779 -0.181117 0.0
0.0586689 -0.187242 0.0
0.0535593 -0.19349 0.0
0.0483632 -0.199923 0.0
0.0430969 -0.206644 0.0
0.0377773 -0.213819 0.0
0.0324214 -0.221718 0.0
0.0270424 -0.23077 0.0
0.0216448 -0.241651 0.0
0.0162132 -0.255408 0.0
0.010692 -0.273648 0.0
0.00494515 -0.298881 0.0
-0.00130224 -0.335224 0.0
-0.00786778 -0.38455 0.0
-0.0140962 -0.443133 0.0
-0.0192543 -0.504874 0.0
-0.0223975 -0.558988 0.0
-0.0225858 -0.589512 0.0
-0.0192413 -0.57518 0.0
-0.0127499 -0.491388 0.0
-0.00530389 -0.319545 0.0
-0.000879111 -0.0708945 0.0
0.000132379 0.000484799 0.0
0.00101547 0.00844197 0.0
0.00319085 0.0219532 0.0
0.0067087 0.0401181 0.0
0.0114892 0.0616491 0.0
0.0173305 0.0850644 0.0
0.0239529 0.108939 0.0
0.0310562 0.132095 0.0
0.0383645 0.153687 0.0
0.0456528 0.173192 0.0
0.0527557 0.190354 0.0
0.0595655 0.205119 0.0
0.066023 0.217562 0.0
0.0721067 0.227838 0.0
0.0778215 0.236139 0.0
0.0831885 0.242664 0.0
0.0882374 0.247608 0.0
0.0929996 0.251145 0.0
0.0975052 0.253427 0.0
0.10178 0.254589 0.0
0.105845 0.254745 0.0
0.109717 0.253996 0.0
0.113408 0.252428 0.0
0.116926 0.250123 0.0
0.120278 0.247152 0.0
0.123467 0.243585 0.0
0.126498 0.239487 0.0
0.129373 0.23492 0.0
0.132097 0.229942 0.0
0.134671 0.224611 0.0
0.1371 0.218981 0.0
0.13939 0.213103 0.0
0.141545 0.207025 0.0
0.14357 0.200792 0.0
0.145473 0.194444 0.0
0.14726 0.188019 0.0
0.148938 0.181551 0.0
0.150514 0.175069 0.0
0.151994 0.1686 0.0
0.153385 0.162166 0.0
0.154694 0.155786 0.0
0.155927 0.149476 0.0
0.157088 0.143248 0.0
0.158182 0.137113 0.0
0.159214 0.131077 0.0
0.160188 0.125146 0.0
0.161105 0.119324 0.0
0.161968 0.11361 0.0
0.16278 0.108006 0.0
0.163539 0.102511 0.0
0.164248 0.0971215 0.0
0.164906 0.0918351 0.0
0.165513 0.0866482 0.0
0.166068 0.0815566 0.0
0.16657 0.076556 0.0
0.167017 0.0716415 0.0
0.167409 0.0668084 0.0
0.167743 0.0620515 0.0
0.168017 0.0573659 0.0
0.168231 0.0527465 0.0
0.168381 0.0481882 0.0
0.168467 0.043686 0.0
0.168486 0.0392349 0.0
0.168436 0.0348299 0.0
0.168315 0.0304662 0.0
0.168122 0.0261389 0.0
0.167855 0.0218431 0.0
0.167511 0.017574 0.0
0.167089 0.0133268 0.0
0.166588 0.00909659 0.0
0.166005 0.00487809 0.0
0.165337 0.0006654 0.0
0.164585 -0.00354841 0.0
0.163748 -0.00776372 0.0
0.162823 -0.0119845 0.0
0.161809 -0.0162151 0.0
0.160704 -0.0204598 0.0
0.159505 -0.024723 0.0
0.158212 -0.029009 0.0
0.156821 -0.0333221 0.0
0.155331 -0.0376665 0.0
0.153739 -0.0420463 0.0
0.152043 -0.0464656 0.0
0.15024 -0.0509283 0.0
0.148328 -0.0554381 0.0
0.146303 -0.0599986 0.0
0.144162 -0.064613 0.0
0.141903 -0.0692846 0.0
0.139522 -0.074016 0.0
0.137016 -0.0788096 0.0
0.134381 -0.0836676 0.0
0.131613 -0.0885916 0.0
0.12871 -0.0935828 0.0
0.125668 -0.0986418 0.0
0.122483 -0.103769 0.0
0.119152 -0.108964 0.0
0.115673 -0.114226 0.0
0.112043 -0.119554 0.0
0.10826 -0.124945 0.0
0.104322 -0.130398 0.0
0.100229 -0.13591 0.0
0.095979 -0.141478 0.0
0.0915744 -0.147101 0.0
0.0870166 -0.152776 0.0
0.0823089 -0.158504 0.0
0.0774561 -0.164286 0.0
0.0724646 -0.17013 0.0
0.067343 -0.176047 0.0
0.062102 -0.182062 0.0
0.0567545 -0.188213 0.0
0.051316 -0.194565 0.0
0.0458042 -0.201223 0.0
0.0402383 -0.208354 0.0
0.0346378 -0.216226 0.0
0.0290195 -0.225265 0.0
0.0233922 -0.236132 0.0
0.017747 -0.24985 0.0
0.0120372 -0.267975 0.0
0.00613695 -0.292907 0.0
-0.000239871 -0.328573 0.0
-0.00698516 -0.37789 0.0
-0.01348 -0.43707 0.0
-0.0189608 -0.500298 0.0
-0.0224497 -0.556932 0.0
-0.0229413 -0.590888 0.0
-0.0197684 -0.580321 0.0
-0.0132327 -0.499274 0.0
-0.00553898 -0.326799 0.0
-0.000915328 -0.0726889 0.0
0.000119628 0.000232793 0.0
0.000931982 0.00699853 0.0
0.00295619 0.019197 0.0
0.00626816 0.0360444 0.0
0.0108222 0.0563881 0.0
0.0164514 0.0788549 0.0
0.0229041 0.102073 0.0
0.0298966 0.124865 0.0
0.0371589 0.146347 0.0
0.0444637 0.165939 0.0
0.0516382 0.183329 0.0
0.0585647 0.198408 0.0
0.0651736 0.211207 0.0
0.0714337 0.221849 0.0
0.0773418 0.230504 0.0
0.0829128 0.23736 0.0
0.0881718 0.242604 0.0
0.0931478 0.24641 0.0
0.0978693 0.248934 0.0
0.102362 0.250314 0.0
0.106647 0.25067 0.0
0.110741 0.250105 0.0
0.114657 0.248712 0.0
0.118403 0.246574 0.0
0.121986 0.243766 0.0
0.125409 0.240358 0.0
0.128676 0.236416 0.0
0.13179 0.232002 0.0
0.134751 0.227175 0.0
0.137564 0.221991 0.0
0.140231 0.216505 0.0
0.142756 0.210766 0.0
0.145142 0.204822 0.0
0.147396 0.198717 0.0
0.149521 0.192491 0.0
0.151524 0.186182 0.0
0.153411 0.179823 0.0
0.155188 0.173444 0.0
0.156862 0.167071 0.0
0.158438 0.160727 0.0
0.159923 0.154431 0.0
0.161322 0.148199 0.0
0.162641 0.142045 0.0
0.163884 0.135978 0.0
0.165056 0.130007 0.0
0.16616 0.124138 0.0
0.1672 0.118375 0.0
0.168177 0.112719 0.0
0.169094 0.10717 0.0
0.169952 0.101729 0.0
0.170751 0.0963942 0.0
0.171494 0.0911621 0.0
0.172178 0.0860299 0.0
0.172804 0.0809937 0.0
0.173372 0.0760495 0.0
0.17388 0.0711927 0.0
0.174327 0.0664187 0.0
0.174712 0.0617225 0.0
0.175033 0.0570992 0.0
0.175289 0.0525439 0.0
0.175478 0.0480515 0.0
0.175598 0.0436171 0.0
0.175647 0.0392355 0.0
0.175625 0.034902 0.0
0.175528 0.0306115 0.0
0.175356 0.0263592 0.0
0.175106 0.0221403 0.0
0.174776 0.0179499 0.0
0.174365 0.0137832 0.0
0.173872 0.00963547 0.0
0.173292 0.00550175 0.0
0.172625 0.00137625 0.0
0.17187 -0.00275238 0.0
0.171028 -0.00687954 0.0
0.170094 -0.01101 0.0
0.169067 -0.0151483 0.0
0.167944 -0.0192989 0.0
0.166724 -0.0234659 0.0
0.165405 -0.0276536 0.0
0.163985 -0.0318662 0.0
0.16246 -0.0361077 0.0
0.160829 -0.0403822 0.0
0.159089 -0.0446935 0.0
0.157237 -0.0490455 0.0
0.15527 -0.0534416 0.0
0.153185 -0.0578853 0.0
0.150979 -0.0623798 0.0
0.148648 -0.066928 0.0
0.146189 -0.0715326 0.0
0.143599 -0.0761959 0.0
0.140873 -0.08092 0.0
0.138007 -0.0857065 0.0
0.134999 -0.0905565 0.0
0.131844 -0.095471 0.0
0.12854 -0.10045 0.0
0.125081 -0.105494 0.0
0.121466 -0.110602 0.0
0.117692 -0.115773 0.0
0.113756 -0.121006 0.0
0.109657 -0.126299 0.0
0.105393 -0.131651 0.0
0.100965 -0.137059 0.0
0.0963725 -0.142523 0.0
0.091618 -0.148042 0.0
0.0867049 -0.153618 0.0
0.0816381 -0.159253 0.0
0.0764245 -0.164958 0.0
0.0710731 -0.170746 0.0
0.0655953 -0.176644 0.0
0.0600052 -0.182693 0.0
0.0543194 -0.188961 0.0
0.0485573 -0.195554 0.0
0.0427401 -0.202641 0.0
0.0368901 -0.210489 0.0
0.0310273 -0.219521 0.0
0.0251651 -0.230387 0.0
0.0193002 -0.244086 0.0
0.0133943 -0.262123 0.0
0.00733222 -0.286796 0.0
0.000831403 -0.321807 0.0
-0.00608931 -0.37099 0.0
-0.0128603 -0.430704 0.0
-0.0186757 -0.495368 0.0
-0.0225274 -0.554521 0.0
-0.0233414 -0.591994 0.0
-0.0203536 -0.585376 0.0
-0.0137713 -0.507336 0.0
-0.00580386 -0.334398 0.0
-0.000956635 -0.0745609 0.0
0.000107386 5.7798e-06 0.0
0.000850186 0.00567039 0.0
0.00272268 0.0166284 0.0
0.00582248 0.0322012 0.0
0.0101351 0.0513646 0.0
0.0155281 0.0728563 0.0
0.0217791 0.095368 0.0
0.0286237 0.117733 0.0
0.035801 0.139039 0.0
0.043084 0.158659 0.0
0.0502947 0.176224 0.0
0.057307 0.191574 0.0
0.0640419 0.204697 0.0
0.0704587 0.215682 0.0
0.076546 0.224676 0.0
0.0823119 0.231852 0.0
0.0877765 0.237389 0.0
0.0929653 0.24146 0.0
0.0979049 0.244223 0.0
0.10262 0.245818 0.0
0.107131 0.24637 0.0
0.111454 0.245987 0.0
0.115603 0.244766 0.0
0.119586 0.242792 0.0
0.12341 0.240143 0.0
0.127077 0.236891 0.0
0.130591 0.233102 0.0
0.133954 0.22884 0.0
0.137166 0.224163 0.0
0.140229 0.219127 0.0
0.143146 0.213786 0.0
0.145918 0.208188 0.0
0.148549 0.202382 0.0
0.151043 0.196409 0.0
0.153404 0.190312 0.0
0.155637 0.184125 0.0
0.157747 0.177883 0.0
0.15974 0.171614 0.0
0.161621 0.165346 0.0
0.163397 0.1591 0.0
0.165072 0.152897 0.0
0.166652 0.146753 0.0
0.168142 0.140681 0.0
0.169547 0.134693 0.0
0.170871 0.128796 0.0
0.172119 0.122998 0.0
0.173292 0.117302 0.0
0.174395 0.111711 0.0
0.175429 0.106227 0.0
0.176395 0.100848 0.0
0.177296 0.0955748 0.0
0.178131 0.0904038 0.0
0.178902 0.0853328 0.0
0.179609 0.0803582 0.0
0.18025 0.0754762 0.0
0.180825 0.0706825 0.0
0.181334 0.0659727 0.0
0.181776 0.061342 0.0
0.182149 0.0567856 0.0
0.182452 0.0522987 0.0
0.182684 0.0478763 0.0
0.182842 0.0435135 0.0
0.182926 0.0392053 0.0
0.182934 0.0349468 0.0
0.182865 0.0307331 0.0
0.182715 0.0265593 0.0
0.182485 0.0224206 0.0
0.182172 0.0183123 0.0
0.181774 0.0142295 0.0
0.181289 0.0101676 0.0
0.180716 0.00612174 0.0
0.180054 0.0020863 0.0
0.179298 -0.00195255 0.0
0.178449 -0.00598741 0.0
0.177505 -0.0100236 0.0
0.176463 -0.0140657 0.0
0.175322 -0.0181181 0.0
0.17408 -0.0221848 0.0
0.172734 -0.0262699 0.0
0.171282 -0.0303775 0.0
0.169722 -0.0345116 0.0
0.168051 -0.0386759 0.0
0.166265 -0.0428742 0.0
0.164363 -0.0471102 0.0
0.16234 -0.0513871 0.0
0.160193 -0.0557084 0.0
0.15792 -0.060077 0.0
0.155516 -0.0644957 0.0
0.152977 -0.0689672 0.0
0.1503 -0.0734936 0.0
0.147481 -0.078077 0.0
0.144516 -0.0827189 0.0
0.1414 -0.0874205 0.0
0.138131 -0.0921829 0.0
0.134704 -0.0970064 0.0
0.131115 -0.101891 0.0
0.127362 -0.106837 0.0
0.123441 -0.111843 0.0
0.11935 -0.116909 0.0
0.115087 -0.122034 0.0
0.11065 -0.127216 0.0
0.10604 -0.132455 0.0
0.101257 -0.137751 0.0
0.0963027 -0.143105 0.0
0.0911808 -0.14852 0.0
0.0858966 -0.154 0.0
0.0804572 -0.159558 0.0
0.0748722 -0.16521 0.0
0.0691537 -0.170984 0.0
0.0633168 -0.176926 0.0
0.0573794 -0.183105 0.0
0.0513626 -0.189631 0.0
0.0452897 -0.196674 0.0
0.0391856 -0.204502 0.0
0.0330736 -0.213533 0.0
0.0269714 -0.22441 0.0
0.0208812 -0.238108 0.0
0.0147723 -0.256087 0.0
0.00854203 -0.28054 0.0
0.00192225 -0.314941 0.0
-0.00517223 -0.36384 0.0
-0.0122293 -0.424026 0.0
-0.0183912 -0.490069 0.0
-0.0226252 -0.551735 0.0
-0.0237839 -0.592807 0.0
-0.0209983 -0.590336 0.0
-0.0143698 -0.515587 0.0
-0.00610179 -0.342382 0.0
-0.00100388 -0.0765214 0.0
9.56689e-05 -0.000197274 0.0
0.000770493 0.00445583 0.0
0.00249172 0.0142493 0.0
0.00537448 0.0285978 0.0
0.00943237 0.0465975 0.0
0.014566 0.0670969 0.0
0.0205835 0.0888588 0.0
0.0272426 0.110738 0.0
0.0342941 0.131805 0.0
0.0415145 0.15139 0.0
0.0487231 0.169074 0.0
0.0557871 0.184648 0.0
0.0626191 0.198057 0.0
0.0691697 0.209356 0.0
0.0754191 0.218666 0.0
0.0813685 0.226146 0.0
0.0870322 0.231966 0.0
0.0924317 0.236295 0.0
0.0975905 0.23929 0.0
0.102531 0.241096 0.0
0.107274 0.241839 0.0
0.111835 0.241634 0.0
0.116226 0.240579 0.0
0.120455 0.238765 0.0
0.12453 0.236272 0.0
0.128452 0.233172 0.0
0.132224 0.229535 0.0
0.135846 0.225422 0.0
0.13932 0.220894 0.0
0.142646 0.216006 0.0
0.145825 0.210811 0.0
0.148858 0.205357 0.0
0.151747 0.199692 0.0
0.154495 0.193857 0.0
0.157106 0.187893 0.0
0.159582 0.181835 0.0
0.161929 0.175716 0.0
0.164152 0.169566 0.0
0.166254 0.163411 0.0
0.168242 0.157273 0.0
0.170121 0.151172 0.0
0.171896 0.145124 0.0
0.173571 0.139145 0.0
0.175152 0.133244 0.0
0.176642 0.127431 0.0
0.178045 0.121713 0.0
0.179365 0.116094 0.0
0.180605 0.110577 0.0
0.181767 0.105165 0.0
0.182853 0.0998573 0.0
0.183865 0.0946531 0.0
0.184804 0.0895509 0.0
0.185671 0.0845482 0.0
0.186465 0.0796419 0.0
0.187188 0.0748285 0.0
0.187839 0.0701039 0.0
0.188417 0.065464 0.0
0.188922 0.0609041 0.0
0.189353 0.0564197 0.0
0.189709 0.052006 0.0
0.189988 0.0476582 0.0
0.19019 0.0433713 0.0
0.190313 0.0391406 0.0
0.190355 0.0349612 0.0
0.190315 0.0308281 0.0
0.190192 0.0267367 0.0
0.189984 0.022682 0.0
0.189689 0.0186594 0.0
0.189305 0.014664 0.0
0.188832 0.0106912 0.0
0.188266 0.00673621 0.0
0.187608 0.00279316 0.0
0.186852 -0.0011489 0.0
0.185997 -0.00508684 0.0
0.185043 -0.00902475 0.0
0.183986 -0.0129667 0.0
0.182827 -0.0169167 0.0
0.181562 -0.0208789 0.0
0.180189 -0.0248571 0.0
0.178706 -0.0288552 0.0
0.177109 -0.032877 0.0
0.175396 -0.0369262 0.0
0.173564 -0.0410064 0.0
0.17161 -0.045121 0.0
0.16953 -0.0492733 0.0
0.16732 -0.0534663 0.0
0.164978 -0.0577031 0.0
0.162498 -0.0619862 0.0
0.159878 -0.0663181 0.0
0.157113 -0.0707009 0.0
0.154199 -0.0751367 0.0
0.151132 -0.0796269 0.0
0.147908 -0.0841728 0.0
0.144522 -0.0887755 0.0
0.140971 -0.0934354 0.0
0.137251 -0.0981531 0.0
0.133357 -0.102929 0.0
0.129288 -0.107762 0.0
0.12504 -0.112652 0.0
0.120611 -0.117599 0.0
0.115999 -0.122603 0.0
0.111205 -0.127664 0.0
0.106229 -0.132783 0.0
0.101072 -0.137963 0.0
0.095739 -0.143207 0.0
0.0902346 -0.148524 0.0
0.0845666 -0.153927 0.0
0.078745 -0.159435 0.0
0.0727827 -0.165079 0.0
0.0666957 -0.170908 0.0
0.0605033 -0.176994 0.0
0.0542282 -0.18345 0.0
0.0478958 -0.190449 0.0
0.0415336 -0.19826 0.0
0.0351683 -0.207298 0.0
0.0288215 -0.218196 0.0
0.0225008 -0.23191 0.0
0.0161825 -0.249857 0.0
0.00977639 -0.274134 0.0
0.00304252 -0.307994 0.0
-0.00422355 -0.356427 0.0
-0.0115766 -0.417029 0.0
-0.0180975 -0.484383 0.0
-0.0227362 -0.548548 0.0
-0.0242663 -0.593305 0.0
-0.0217043 -0.595186 0.0
-0.0150332 -0.524037 0.0
-0.00643708 -0.350797 0.0
-0.00105836 -0.0785836 0.0
8.46009e-05 -0.000377543 0.0
0.000693427 0.00335245 0.0
0.00226465 0.0120602 0.0
0.00492674 0.025242 0.0
0.00871779 0.0421043 0.0
0.0135699 0.0616043 0.0
0.0193225 0.0825814 0.0
0.0257575 0.103922 0.0
0.032641 0.124686 0.0
0.0397557 0.144173 0.0
0.0469209 0.161917 0.0
0.0539993 0.177662 0.0
0.0608964 0.191313 0.0
0.0675547 0.20289 0.0
0.0739464 0.21249 0.0
0.0800654 0.220254 0.0
0.0859199 0.226341 0.0
0.0915263 0.230915 0.0
0.0969047 0.234133 0.0
0.102075 0.236141 0.0
0.107056 0.23707 0.0
0.111861 0.237036 0.0
0.116503 0.236144 0.0
0.120989 0.234485 0.0
0.125325 0.232142 0.0
0.129513 0.229192 0.0
0.133554 0.225702 0.0
0.137449 0.221738 0.0
0.141197 0.217357 0.0
0.144798 0.212617 0.0
0.148251 0.207568 0.0
0.151558 0.202261 0.0
0.154718 0.196739 0.0
0.157733 0.191046 0.0
0.160606 0.18522 0.0
0.16334 0.179297 0.0
0.165937 0.173309 0.0
0.168403 0.167285 0.0
0.170741 0.161251 0.0
0.172956 0.155229 0.0
0.175052 0.14924 0.0
0.177035 0.143299 0.0
0.178909 0.137421 0.0
0.180678 0.131618 0.0
0.182347 0.125899 0.0
0.183919 0.12027 0.0
0.185398 0.114738 0.0
0.186787 0.109305 0.0
0.188089 0.103974 0.0
0.189306 0.0987454 0.0
0.19044 0.0936191 0.0
0.191493 0.0885936 0.0
0.192465 0.0836669 0.0
0.193357 0.0788362 0.0
0.19417 0.0740982 0.0
0.194904 0.0694493 0.0
0.195559 0.0648855 0.0
0.196134 0.0604023 0.0
0.19663 0.0559955 0.0
0.197044 0.0516603 0.0
0.197376 0.047392 0.0
0.197626 0.043186 0.0
0.197792 0.0390374 0.0
0.197872 0.0349415 0.0
0.197866 0.0308934 0.0
0.197773 0.0268885 0.0
0.197589 0.0229219 0.0
0.197315 0.0189889 0.0
0.196948 0.015085 0.0
0.196486 0.0112053 0.0
0.195929 0.00734492 0.0
0.195274 0.00349839 0.0
0.194517 -0.000342072 0.0
0.193657 -0.00417888 0.0
0.192694 -0.00801425 0.0
0.191624 -0.0118517 0.0
0.190447 -0.0156951 0.0
0.18916 -0.0195482 0.0
0.18776 -0.0234148 0.0
0.186244 -0.0272986 0.0
0.184611 -0.0312032 0.0
0.182856 -0.0351322 0.0
0.180976 -0.0390889 0.0
0.178969 -0.0430767 0.0
0.17683 -0.0470987 0.0
0.174556 -0.0511577 0.0
0.172144 -0.0552565 0.0
0.169588 -0.0593977 0.0
0.166885 -0.0635836 0.0
0.164031 -0.0678162 0.0
0.161021 -0.0720975 0.0
0.157851 -0.0764289 0.0
0.154516 -0.0808118 0.0
0.151013 -0.0852472 0.0
0.147336 -0.0897358 0.0
0.143482 -0.0942784 0.0
0.139447 -0.0988751 0.0
0.135228 -0.103526 0.0
0.130822 -0.108232 0.0
0.126225 -0.112993 0.0
0.121438 -0.11781 0.0
0.116458 -0.122684 0.0
0.111288 -0.127617 0.0
0.105928 -0.132613 0.0
0.100382 -0.137678 0.0
0.0946557 -0.142823 0.0
0.0887574 -0.148062 0.0
0.0826973 -0.153418 0.0
0.0764892 -0.158925 0.0
0.0701499 -0.164635 0.0
0.0637001 -0.170624 0.0
0.0571639 -0.177008 0.0
0.0505691 -0.183964 0.0
0.0439457 -0.19176 0.0
0.0373237 -0.200811 0.0
0.0307286 -0.211741 0.0
0.0241732 -0.225489 0.0
0.0176402 -0.243427 0.0
0.0110496 -0.267567 0.0
0.00419929 -0.300977 0.0
-0.0032351 -0.348744 0.0
-0.0108873 -0.409707 0.0
-0.0177814 -0.478289 0.0
-0.0228516 -0.544933 0.0
-0.0247851 -0.593457 0.0
-0.0224739 -0.599907 0.0
-0.0157676 -0.532693 0.0
-0.00681553 -0.359688 0.0
-0.00112208 -0.0807641 0.0
7.42444e-05 -0.000536386 0.0
0.00061938 0.00235733 0.0
0.00204255 0.0100609 0.0
0.00448128 0.0221404 0.0
0.00799449 0.0379016 0.0
0.0125439 0.0564055 0.0
0.0180001 0.0765714 0.0
0.0241718 0.0973249 0.0
0.0308433 0.117728 0.0
0.037807 0.137053 0.0
0.0448849 0.154794 0.0
0.0519373 0.170654 0.0
0.0588642 0.184497 0.0
0.0656012 0.196311 0.0
0.0721127 0.206167 0.0
0.0783851 0.214186 0.0
0.0844202 0.220519 0.0
0.0902286 0.225322 0.0
0.0958259 0.22875 0.0
0.101229 0.230951 0.0
0.106453 0.232056 0.0
0.11151 0.232187 0.0
0.116413 0.231449 0.0
0.121166 0.22994 0.0
0.125774 0.227743 0.0
0.130239 0.224937 0.0
0.134562 0.221592 0.0
0.138742 0.217773 0.0
0.142777 0.213539 0.0
0.146665 0.208946 0.0
0.150406 0.204045 0.0
0.153998 0.198885 0.0
0.157442 0.193511 0.0
0.160738 0.187963 0.0
0.163887 0.182281 0.0
0.166891 0.176499 0.0
0.169752 0.170648 0.0
0.172475 0.164758 0.0
0.175062 0.158853 0.0
0.177517 0.152957 0.0
0.179844 0.147088 0.0
0.182049 0.141263 0.0
0.184134 0.135497 0.0
0.186105 0.129802 0.0
0.187965 0.124186 0.0
0.189719 0.118657 0.0
0.191369 0.113221 0.0
0.19292 0.107882 0.0
0.194374 0.102642 0.0
0.195733 0.0975016 0.0
0.197 0.092462 0.0
0.198176 0.0875218 0.0
0.199263 0.0826792 0.0
0.200263 0.077932 0.0
0.201175 0.073277 0.0
0.202001 0.0687108 0.0
0.20274 0.0642298 0.0
0.203393 0.0598298 0.0
0.203959 0.0555066 0.0
0.204438 0.0512557 0.0
0.20483 0.0470726 0.0
0.205133 0.0429527 0.0
0.205346 0.0388914 0.0
0.205469 0.0348838 0.0
0.205501 0.0309254 0.0
0.20544 0.0270115 0.0
0.205284 0.0231375 0.0
0.205033 0.0192987 0.0
0.204685 0.0154905 0.0
0.204238 0.0117083 0.0
0.20369 0.0079473 0.0
0.203039 0.00420251 0.0
0.202282 0.000467561 0.0
0.201418 -0.00326456 0.0
0.200446 -0.00699319 0.0
0.199364 -0.0107217 0.0
0.19817 -0.0144537 0.0
0.19686 -0.0181928 0.0
0.195433 -0.0219429 0.0
0.193886 -0.0257073 0.0
0.192214 -0.0294896 0.0
0.190417 -0.0332931 0.0
0.188489 -0.037121 0.0
0.186428 -0.0409764 0.0
0.18423 -0.0448622 0.0
0.181891 -0.0487813 0.0
0.179407 -0.0527361 0.0
0.176774 -0.0567292 0.0
0.173987 -0.0607626 0.0
0.171042 -0.0648384 0.0
0.167935 -0.0689583 0.0
0.164661 -0.0731239 0.0
0.161216 -0.0773364 0.0
0.157594 -0.081597 0.0
0.153791 -0.0859066 0.0
0.149803 -0.090266 0.0
0.145626 -0.0946759 0.0
0.141257 -0.0991369 0.0
0.136692 -0.10365 0.0
0.131928 -0.108216 0.0
0.126964 -0.112836 0.0
0.121799 -0.117513 0.0
0.116434 -0.122251 0.0
0.11087 -0.127054 0.0
0.105112 -0.131932 0.0
0.0991637 -0.136895 0.0
0.0930348 -0.141962 0.0
0.086736 -0.147159 0.0
0.0802815 -0.152522 0.0
0.0736891 -0.158107 0.0
0.0669808 -0.163994 0.0
0.0601824 -0.170304 0.0
0.0533235 -0.177215 0.0
0.0464368 -0.184999 0.0
0.0395555 -0.194068 0.0
0.0327092 -0.205042 0.0
0.0259157 -0.218839 0.0
0.0191653 -0.236793 0.0
0.0123886 -0.260833 0.0
0.00539416 -0.293866 0.0
-0.00220628 -0.34082 0.0
-0.0101365 -0.402049 0.0
-0.0174263 -0.471764 0.0
-0.0229606 -0.540854 0.0
-0.0253362 -0.593227 0.0
-0.0233099 -0.604475 0.0
-0.0165811 -0.541561 0.0
-0.00724524 -0.369109 0.0
-0.00119816 -0.0830843 0.0
6.46492e-05 -0.000675279 0.0
0.000548631 0.00146711 0.0
0.00182609 0.00825054 0.0
0.00403928 0.0192989 0.0
0.00726416 0.0340051 0.0
0.0114897 0.0515271 0.0
0.0166181 0.0708651 0.0
0.0224865 0.0909911 0.0
0.0289004 0.110977 0.0
0.0356656 0.130075 0.0
0.0426096 0.14775 0.0
0.049593 0.163663 0.0
0.056512 0.177642 0.0
0.063296 0.189645 0.0
0.0699024 0.199715 0.0
0.0763101 0.207958 0.0
0.0825137 0.214509 0.0
0.0885178 0.219519 0.0
0.0943325 0.223141 0.0
0.0999702 0.22552 0.0
0.105443 0.226791 0.0
0.110761 0.227076 0.0
0.115933 0.226486 0.0
0.120964 0.225119 0.0
0.125857 0.223063 0.0
0.130612 0.220397 0.0
0.135229 0.217193 0.0
0.139706 0.213516 0.0
0.14404 0.209427 0.0
0.148229 0.20498 0.0
0.15227 0.200228 0.0
0.156161 0.195218 0.0
0.159902 0.189994 0.0
0.163491 0.184596 0.0
0.166929 0.179062 0.0
0.170216 0.173427 0.0
0.173355 0.16772 0.0
0.176347 0.161971 0.0
0.179195 0.156205 0.0
0.181904 0.150442 0.0
0.184475 0.144703 0.0
0.186914 0.139005 0.0
0.189224 0.13336 0.0
0.19141 0.127782 0.0
0.193474 0.12228 0.0
0.195422 0.116861 0.0
0.197256 0.111532 0.0
0.19898 0.106296 0.0
0.200596 0.101157 0.0
0.202109 0.0961149 0.0
0.203519 0.0911713 0.0
0.20483 0.0863254 0.0
0.206043 0.0815757 0.0
0.207159 0.0769201 0.0
0.208179 0.072356 0.0
0.209105 0.0678803 0.0
0.209937 0.0634894 0.0
0.210675 0.0591795 0.0
0.211319 0.0549465 0.0
0.211869 0.0507863 0.0
0.212326 0.0466944 0.0
0.212687 0.0426663 0.0
0.212954 0.0386977 0.0
0.213124 0.0347839 0.0
0.213198 0.0309203 0.0
0.213173 0.0271025 0.0
0.213049 0.0233259 0.0
0.212825 0.0195859 0.0
0.212498 0.0158782 0.0
0.212067 0.0121982 0.0
0.211531 0.00854156 0.0
0.210887 0.00490376 0.0
0.210131 0.00127936 0.0
0.209264 -0.00234526 0.0
0.208286 -0.00596252 0.0
0.207192 -0.00957699 0.0
0.205981 -0.0131925 0.0
0.204649 -0.0168127 0.0
0.203194 -0.0204411 0.0
0.201614 -0.0240809 0.0
0.199905 -0.0277356 0.0
0.198063 -0.0314082 0.0
0.196087 -0.0351017 0.0
0.193971 -0.0388191 0.0
0.191713 -0.0425632 0.0
0.189308 -0.0463364 0.0
0.186753 -0.0501412 0.0
0.184041 -0.0539798 0.0
0.18117 -0.0578544 0.0
0.178135 -0.0617667 0.0
0.174931 -0.0657185 0.0
0.171553 -0.0697113 0.0
0.167996 -0.0737463 0.0
0.164255 -0.0778247 0.0
0.160327 -0.0819476 0.0
0.156205 -0.0861161 0.0
0.151887 -0.090331 0.0
0.147368 -0.0945934 0.0
0.142645 -0.0989048 0.0
0.137715 -0.103267 0.0
0.132576 -0.107682 0.0
0.127227 -0.112154 0.0
0.121668 -0.116687 0.0
0.115902 -0.121289 0.0
0.109932 -0.125969 0.0
0.103764 -0.130742 0.0
0.0974058 -0.135629 0.0
0.0908696 -0.140657 0.0
0.08417 -0.145869 0.0
0.0773257 -0.151323 0.0
0.0703597 -0.157104 0.0
0.0632994 -0.163335 0.0
0.0561763 -0.170201 0.0
0.0490256 -0.177975 0.0
0.0418834 -0.187069 0.0
0.0347833 -0.198095 0.0
0.0277481 -0.211957 0.0
0.0207751 -0.229952 0.0
0.013805 -0.253928 0.0
0.0066541 -0.286626 0.0
-0.00110679 -0.332699 0.0
-0.0093086 -0.394038 0.0
-0.0170159 -0.464778 0.0
-0.0230511 -0.536271 0.0
-0.0259149 -0.59257 0.0
-0.024216 -0.608856 0.0
-0.0174843 -0.55064 0.0
-0.00773752 -0.379112 0.0
-0.00129136 -0.0855738 0.0
5.58294e-05 -0.000795756 0.0
0.000481246 0.000678188 0.0
0.00161529 0.00662796 0.0
0.00360053 0.0167231 0.0
0.00652632 0.0304303 0.0
0.0104067 0.046996 0.0
0.015175 0.0654996 0.0
0.0206988 0.0849645 0.0
0.0268083 0.10448 0.0
0.0333256 0.12329 0.0
0.0400871 0.14083 0.0
0.0469563 0.15673 0.0
0.0538273 0.170785 0.0
0.0606247 0.182921 0.0
0.0672992 0.193158 0.0
0.0738224 0.201584 0.0
0.0801813 0.20832 0.0
0.0863736 0.213511 0.0
0.0924034 0.217304 0.0
0.098278 0.219844 0.0
0.104005 0.221266 0.0
0.109592 0.221695 0.0
0.115044 0.221243 0.0
0.120364 0.220011 0.0
0.125553 0.218089 0.0
0.130611 0.215558 0.0
0.135535 0.212491 0.0
0.140322 0.208954 0.0
0.144968 0.205008 0.0
0.149471 0.200708 0.0
0.153825 0.196105 0.0
0.158029 0.191246 0.0
0.162079 0.186175 0.0
0.165974 0.180931 0.0
0.169713 0.175551 0.0
0.173296 0.170068 0.0
0.176724 0.164513 0.0
0.179998 0.158913 0.0
0.183121 0.153292 0.0
0.186095 0.147673 0.0
0.188924 0.142073 0.0
0.191609 0.13651 0.0
0.194157 0.130998 0.0
0.196569 0.125548 0.0
0.19885 0.12017 0.0
0.201003 0.114871 0.0
0.203032 0.109659 0.0
0.204941 0.104537 0.0
0.206732 0.099508 0.0
0.208409 0.0945743 0.0
0.209973 0.0897365 0.0
0.211429 0.0849943 0.0
0.212776 0.0803465 0.0
0.214018 0.0757914 0.0
0.215156 0.0713267 0.0
0.21619 0.0669494 0.0
0.217123 0.0626563 0.0
0.217953 0.0584439 0.0
0.218683 0.0543083 0.0
0.219311 0.0502455 0.0
0.219839 0.0462513 0.0
0.220265 0.0423214 0.0
0.22059 0.0384515 0.0
0.220812 0.0346371 0.0
0.220932 0.030874 0.0
0.220948 0.0271576 0.0
0.220859 0.0234837 0.0
0.220664 0.0198477 0.0
0.220362 0.0162455 0.0
0.219951 0.0126726 0.0
0.219429 0.00912507 0.0
0.218795 0.00559852 0.0
0.218048 0.00208789 0.0
0.217182 -0.00142146 0.0
0.216196 -0.00492171 0.0
0.215089 -0.00841708 0.0
0.213859 -0.0119112 0.0
0.212504 -0.0154074 0.0
0.211021 -0.018909 0.0
0.209408 -0.0224191 0.0
0.20766 -0.0259408 0.0
0.205776 -0.0294771 0.0
0.20375 -0.0330309 0.0
0.20158 -0.0366047 0.0
0.199262 -0.0402011 0.0
0.196791 -0.0438226 0.0
0.194164 -0.0474714 0.0
0.191374 -0.0511495 0.0
0.188419 -0.0548589 0.0
0.185294 -0.0586013 0.0
0.181992 -0.0623783 0.0
0.178511 -0.0661913 0.0
0.174843 -0.0700418 0.0
0.170985 -0.0739308 0.0
0.166932 -0.0778596 0.0
0.162678 -0.0818294 0.0
0.15822 -0.0858414 0.0
0.153554 -0.0898973 0.0
0.148675 -0.0939988 0.0
0.14358 -0.0981485 0.0
0.138269 -0.10235 0.0
0.132739 -0.106607 0.0
0.12699 -0.110927 0.0
0.121025 -0.115318 0.0
0.114847 -0.119792 0.0
0.108462 -0.124366 0.0
0.101879 -0.129063 0.0
0.0951091 -0.133916 0.0
0.0881681 -0.138969 0.0
0.0810753 -0.144286 0.0
0.0738547 -0.149954 0.0
0.066535 -0.156104 0.0
0.0591497 -0.162923 0.0
0.0517358 -0.170688 0.0
0.0443325 -0.17981 0.0
0.0369768 -0.190898 0.0
0.029696 -0.204838 0.0
0.0224936 -0.222895 0.0
0.0153203 -0.246841 0.0
0.00800435 -0.279246 0.0
9.291e-05 -0.324406 0.0
-0.0083775 -0.385658 0.0
-0.0165289 -0.457299 0.0
-0.0231073 -0.531136 0.0
-0.0265147 -0.591434 0.0
-0.0251968 -0.613009 0.0
-0.0184908 -0.559924 0.0
-0.00830805 -0.389758 0.0
-0.00140874 -0.0882739 0.0
4.77736e-05 -0.000899358 0.0
0.000416929 -1.27802e-05 0.0
0.00140897 0.00519285 0.0
0.00316253 0.0144194 0.0
0.00577699 0.0271937 0.0
0.00928929 0.0428398 0.0
0.0136639 0.0605128 0.0
0.0188005 0.0792907 0.0
0.0245571 0.0982878 0.0
0.0307756 0.116746 0.0
0.0373047 0.134083 0.0
0.044013 0.1499 0.0
0.0507948 0.163963 0.0
0.0575707 0.17617 0.0
0.0642855 0.18652 0.0
0.0709032 0.195081 0.0
0.0774032 0.201964 0.0
0.0837758 0.207303 0.0
0.0900181 0.211241 0.0
0.0961314 0.21392 0.0
0.102118 0.215476 0.0
0.107982 0.216035 0.0
0.113724 0.21571 0.0
0.119344 0.214604 0.0
0.124843 0.212809 0.0
0.130216 0.210407 0.0
0.13546 0.207473 0.0
0.140571 0.204074 0.0
0.145544 0.200269 0.0
0.150373 0.196115 0.0
0.155053 0.191662 0.0
0.159582 0.186957 0.0
0.163954 0.182042 0.0
0.168167 0.176955 0.0
0.17222 0.171734 0.0
0.176111 0.16641 0.0
0.179841 0.161013 0.0
0.183409 0.155569 0.0
0.186818 0.150103 0.0
0.19007 0.144636 0.0
0.193166 0.139185 0.0
0.196111 0.133768 0.0
0.198907 0.128397 0.0
0.201557 0.123086 0.0
0.204066 0.117842 0.0
0.206436 0.112675 0.0
0.208672 0.10759 0.0
0.210776 0.102592 0.0
0.212753 0.0976848 0.0
0.214604 0.0928694 0.0
0.216333 0.0881474 0.0
0.217943 0.0835185 0.0
0.219435 0.0789821 0.0
0.220813 0.0745367 0.0
0.222076 0.0701801 0.0
0.223228 0.0659098 0.0
0.224269 0.0617228 0.0
0.2252 0.0576158 0.0
0.226021 0.0535851 0.0
0.226735 0.0496269 0.0
0.22734 0.0457374 0.0
0.227836 0.0419123 0.0
0.228225 0.0381475 0.0
0.228504 0.0344389 0.0
0.228675 0.0307821 0.0
0.228736 0.027173 0.0
0.228686 0.0236073 0.0
0.228524 0.0200808 0.0
0.228249 0.0165894 0.0
0.22786 0.013129 0.0
0.227355 0.00969534 0.0
0.226733 0.0062844 0.0
0.225991 0.00289108 0.0
0.225126 -0.000494 0.0
0.224135 -0.00387163 0.0
0.223017 -0.00724281 0.0
0.221772 -0.0106104 0.0
0.220396 -0.0139775 0.0
0.218887 -0.0173471 0.0
0.217242 -0.0207222 0.0
0.215457 -0.0241057 0.0
0.21353 -0.0275003 0.0
0.211456 -0.0309086 0.0
0.209233 -0.0343332 0.0
0.206855 -0.0377763 0.0
0.204318 -0.0412403 0.0
0.20162 -0.0447271 0.0
0.198753 -0.0482386 0.0
0.195715 -0.0517766 0.0
0.1925 -0.0553427 0.0
0.189103 -0.0589385 0.0
0.185519 -0.0625653 0.0
0.181743 -0.0662243 0.0
0.17777 -0.0699169 0.0
0.173594 -0.0736444 0.0
0.169211 -0.0774082 0.0
0.164616 -0.0812098 0.0
0.159805 -0.0850512 0.0
0.154774 -0.0889348 0.0
0.14952 -0.0928639 0.0
0.14404 -0.0968428 0.0
0.138334 -0.100877 0.0
0.1324 -0.104975 0.0
0.126242 -0.109146 0.0
0.119862 -0.113405 0.0
0.113267 -0.117772 0.0
0.106465 -0.122272 0.0
0.0994683 -0.126941 0.0
0.0922925 -0.131828 0.0
0.0849577 -0.137 0.0
0.0774886 -0.142551 0.0
0.069915 -0.148615 0.0
0.0622717 -0.155384 0.0
0.0545979 -0.163139 0.0
0.046935 -0.172293 0.0
0.0393231 -0.183448 0.0
0.0317931 -0.197478 0.0
0.0243541 -0.215614 0.0
0.0169654 -0.23956 0.0
0.00947174 -0.271718 0.0
0.00142495 -0.315976 0.0
-0.00730809 -0.376885 0.0
-0.0159371 -0.449292 0.0
-0.0231082 -0.525393 0.0
-0.0271266 -0.589751 0.0
-0.0262573 -0.61688 0.0
-0.019618 -0.569399 0.0
-0.00897818 -0.401105 0.0
-0.00156047 -0.0912431 0.0
4.06906e-05 -0.000987821 0.0
0.000354813 -0.000607593 0.0
0.00120388 0.00394656 0.0
0.00271929 0.0123967 0.0
0.00500684 0.0243144 0.0
0.00812505 0.0390887 0.0
0.0120698 0.0559447 0.0
0.016775 0.0740169 0.0
0.0221289 0.0924511 0.0
0.0279971 0.110496 0.0
0.0342435 0.127558 0.0
0.0407441 0.143216 0.0
0.0473952 0.157213 0.0
0.0541148 0.169423 0.0
0.0608418 0.179824 0.0
0.0675332 0.188467 0.0
0.0741601 0.195451 0.0
0.0807048 0.200899 0.0
0.0871569 0.20495 0.0
0.0935105 0.207744 0.0
0.0997627 0.209414 0.0
0.105911 0.210086 0.0
0.111954 0.209875 0.0
0.117887 0.208885 0.0
0.123708 0.207209 0.0
0.12941 0.204931 0.0
0.134988 0.202126 0.0
0.140437 0.198861 0.0
0.145749 0.195197 0.0
0.150918 0.191189 0.0
0.155937 0.186888 0.0
0.160803 0.182338 0.0
0.165509 0.177582 0.0
0.170053 0.172658 0.0
0.174431 0.1676 0.0
0.178642 0.162441 0.0
0.182685 0.157209 0.0
0.186559 0.15193 0.0
0.190265 0.146627 0.0
0.193805 0.14132 0.0
0.197181 0.136028 0.0
0.200395 0.130766 0.0
0.20345 0.125548 0.0
0.20635 0.120385 0.0
0.209097 0.115287 0.0
0.211695 0.110262 0.0
0.214147 0.105315 0.0
0.216458 0.100452 0.0
0.21863 0.0956766 0.0
0.220666 0.0909901 0.0
0.222569 0.086394 0.0
0.224343 0.0818886 0.0
0.225989 0.0774734 0.0
0.22751 0.0731471 0.0
0.228908 0.068908 0.0
0.230185 0.0647536 0.0
0.231342 0.0606812 0.0
0.232381 0.0566878 0.0
0.233302 0.0527699 0.0
0.234107 0.0489241 0.0
0.234796 0.0451465 0.0
0.235369 0.0414333 0.0
0.235826 0.0377806 0.0
0.236168 0.0341842 0.0
0.236394 0.0306402 0.0
0.236504 0.0271445 0.0
0.236497 0.0236931 0.0
0.236372 0.0202819 0.0
0.236128 0.016907 0.0
0.235764 0.0135644 0.0
0.235278 0.0102503 0.0
0.234669 0.00696065 0.0
0.233935 0.00369108 0.0
0.233071 0.000435306 0.0
0.232076 -0.00281537 0.0
0.230951 -0.00605699 0.0
0.229693 -0.00929251 0.0
0.228298 -0.0125249 0.0
0.226765 -0.015757 0.0
0.225089 -0.0189915 0.0
0.223269 -0.0222312 0.0
0.2213 -0.0254785 0.0
0.219179 -0.0287359 0.0
0.216903 -0.0320056 0.0
0.214466 -0.0352898 0.0
0.211866 -0.0385904 0.0
0.209098 -0.0419094 0.0
0.206156 -0.0452484 0.0
0.203037 -0.0486091 0.0
0.199734 -0.0519928 0.0
0.196244 -0.0554011 0.0
0.19256 -0.0588352 0.0
0.188678 -0.0622963 0.0
0.184593 -0.0657859 0.0
0.180298 -0.0693052 0.0
0.17579 -0.072856 0.0
0.171063 -0.07644 0.0
0.166112 -0.0800596 0.0
0.160935 -0.0837178 0.0
0.155527 -0.0874187 0.0
0.149886 -0.0911673 0.0
0.144011 -0.0949707 0.0
0.137901 -0.098838 0.0
0.131558 -0.102782 0.0
0.124986 -0.106818 0.0
0.11819 -0.110969 0.0
0.111179 -0.115263 0.0
0.103966 -0.11974 0.0
0.0965653 -0.124453 0.0
0.0889985 -0.129473 0.0
0.0812906 -0.1349 0.0
0.073472 -0.140873 0.0
0.0655786 -0.147589 0.0
0.057651 -0.155333 0.0
0.0497326 -0.164518 0.0
0.0418656 -0.175744 0.0
0.0340842 -0.189871 0.0
0.0264014 -0.2081 0.0
0.0187847 -0.232069 0.0
0.0110982 -0.264028 0.0
0.00292781 -0.307449 0.0
-0.00606419 -0.367687 0.0
-0.0152057 -0.440719 0.0
-0.0230252 -0.518976 0.0
-0.0277363 -0.587439 0.0
-0.027402 -0.620395 0.0
-0.0208872 -0.579038 0.0
-0.00977623 -0.413218 0.0
-0.00176069 -0.0945643 0.0
3.41386e-05 -0.00106265 0.0
0.000293615 -0.00110636 0.0
0.000995585 0.00289429 0.0
0.00226027 0.0106689 0.0
0.00419879 0.0218161 0.0
0.00689125 0.0357763 0.0
0.0103661 0.0518376 0.0
0.0145933 0.0691916 0.0
0.0194945 0.0870213 0.0
0.0249615 0.10459 0.0
0.0308759 0.121302 0.0
0.0371237 0.136723 0.0
0.0436044 0.150575 0.0
0.0502342 0.162712 0.0
0.0569469 0.173096 0.0
0.063692 0.18176 0.0
0.0704325 0.188791 0.0
0.0771418 0.194305 0.0
0.0838012 0.198433 0.0
0.0903974 0.201311 0.0
0.0969205 0.203071 0.0
0.103363 0.203838 0.0
0.109716 0.203726 0.0
0.115975 0.202841 0.0
0.12213 0.201277 0.0
0.128176 0.199116 0.0
0.134102 0.196436 0.0
0.139902 0.193303 0.0
0.145567 0.189779 0.0
0.151089 0.185917 0.0
0.156461 0.181768 0.0
0.161676 0.177377 0.0
0.166729 0.172784 0.0
0.171614 0.168026 0.0
0.176329 0.163139 0.0
0.180871 0.158151 0.0
0.185237 0.153091 0.0
0.189427 0.147984 0.0
0.193441 0.142853 0.0
0.197279 0.137716 0.0
0.200945 0.132592 0.0
0.204438 0.127495 0.0
0.207763 0.122439 0.0
0.210921 0.117436 0.0
0.213916 0.112494 0.0
0.216751 0.107621 0.0
0.21943 0.102824 0.0
0.221956 0.0981071 0.0
0.224333 0.0934739 0.0
0.226562 0.0889269 0.0
0.228649 0.0844673 0.0
0.230595 0.0800956 0.0
0.232404 0.0758116 0.0
0.234077 0.0716143 0.0
0.235618 0.067502 0.0
0.237028 0.0634727 0.0
0.238309 0.0595239 0.0
0.239462 0.0556527 0.0
0.24049 0.0518561 0.0
0.241393 0.0481306 0.0
0.242171 0.0444728 0.0
0.242826 0.040879 0.0
0.243358 0.0373454 0.0
0.243767 0.0338683 0.0
0.244054 0.0304438 0.0
0.244217 0.027068 0.0
0.244257 0.0237372 0.0
0.244172 0.0204474 0.0
0.243963 0.017195 0.0
0.243627 0.0139762 0.0
0.243164 0.0107873 0.0
0.242572 0.00762484 0.0
0.241848 0.00448512 0.0
0.24099 0.00136344 0.0
0.239996 -0.00175497 0.0
0.238864 -0.0048613 0.0
0.237594 -0.00795905 0.0
0.236181 -0.0110511 0.0
0.234624 -0.0141401 0.0
0.23292 -0.0172285 0.0
0.231065 -0.0203188 0.0
0.229056 -0.0234133 0.0
0.22689 -0.0265142 0.0
0.224563 -0.0296235 0.0
0.22207 -0.0327432 0.0
0.219408 -0.0358749 0.0
0.216572 -0.0390204 0.0
0.213557 -0.0421812 0.0
0.210359 -0.0453587 0.0
0.206973 -0.0485542 0.0
0.203392 -0.0517691 0.0
0.199613 -0.0550045 0.0
0.19563 -0.0582616 0.0
0.191437 -0.0615419 0.0
0.187029 -0.0648468 0.0
0.182401 -0.0681781 0.0
0.177548 -0.0715379 0.0
0.172466 -0.074929 0.0
0.16715 -0.078355 0.0
0.161597 -0.0818206 0.0
0.155804 -0.0853318 0.0
0.14977 -0.088897 0.0
0.143495 -0.0925266 0.0
0.13698 -0.0962349 0.0
0.130228 -0.10004 0.0
0.123245 -0.103967 0.0
0.11604 -0.108048 0.0
0.108625 -0.112326 0.0
0.101015 -0.116857 0.0
0.0932308 -0.121718 0.0
0.0852983 -0.127015 0.0
0.077248 -0.13289 0.0
0.0691165 -0.139548 0.0
0.0609452 -0.147276 0.0
0.0527785 -0.15649 0.0
0.0446604 -0.167787 0.0
0.0366271 -0.182013 0.0
0.0286945 -0.200342 0.0
0.0208364 -0.224352 0.0
0.0129337 -0.256156 0.0
0.00464377 -0.29886 0.0
-0.00459957 -0.35804 0.0
-0.0142849 -0.431539 0.0
-0.0228171 -0.511804 0.0
-0.0283217 -0.584396 0.0
-0.0286332 -0.623461 0.0
-0.0223231 -0.588797 0.0
-0.0107385 -0.426154 0.0
-0.00202829 -0.0983533 0.0
2.8018e-05 -0.0011248 0.0
0.000230978 -0.00150664 0.0
0.000775548 0.00204803 0.0
0.00176756 0.00925844 0.0
0.0033244 0.0197312 0.0
0.00555049 0.0329426 0.0
0.00850976 0.0482371 0.0
0.0122105 0.0648641 0.0
0.0166094 0.0820488 0.0
0.0216268 0.0990786 0.0
0.0271637 0.115363 0.0
0.0331176 0.130461 0.0
0.039392 0.144082 0.0
0.0459022 0.156065 0.0
0.052577 0.166355 0.0
0.0593585 0.174973 0.0
0.066201 0.181994 0.0
0.0730688 0.187524 0.0
0.0799342 0.191689 0.0
0.0867758 0.194618 0.0
0.093576 0.196441 0.0
0.100321 0.197281 0.0
0.106997 0.197253 0.0
0.113592 0.196461 0.0
0.120097 0.194998 0.0
0.126498 0.192949 0.0
0.132787 0.190389 0.0
0.138952 0.187386 0.0
0.144983 0.184 0.0
0.150871 0.180286 0.0
0.156608 0.176291 0.0
0.162185 0.172061 0.0
0.167595 0.167636 0.0
0.172834 0.16305 0.0
0.177896 0.158338 0.0
0.182778 0.153528 0.0
0.187477 0.148648 0.0
0.191993 0.143722 0.0
0.196324 0.13877 0.0
0.20047 0.133813 0.0
0.204434 0.128866 0.0
0.208216 0.123945 0.0
0.211818 0.119062 0.0
0.215244 0.114229 0.0
0.218496 0.109454 0.0
0.221577 0.104745 0.0
0.224491 0.100108 0.0
0.227241 0.0955477 0.0
0.22983 0.0910679 0.0
0.232262 0.0866711 0.0
0.23454 0.0823587 0.0
0.236667 0.0781312 0.0
0.238646 0.0739887 0.0
0.240479 0.0699303 0.0
0.24217 0.0659547 0.0
0.24372 0.06206 0.0
0.245132 0.0582439 0.0
0.246407 0.0545039 0.0
0.247547 0.0508371 0.0
0.248554 0.0472403 0.0
0.249428 0.0437103 0.0
0.250171 0.0402437 0.0
0.250782 0.0368368 0.0
0.251264 0.0334862 0.0
0.251615 0.0301882 0.0
0.251836 0.0269392 0.0
0.251927 0.0237355 0.0
0.251887 0.0205736 0.0
0.251715 0.0174499 0.0
0.251411 0.0143609 0.0
0.250974 0.0113032 0.0
0.250402 0.00827364 0.0
0.249693 0.00526882 0.0
0.248846 0.00228462 0.0
0.247856 -0.00069176 0.0
0.246719 -0.00365678 0.0
0.245438 -0.00661126 0.0
0.244009 -0.00955752 0.0
0.24243 -0.0124979 0.0
0.240699 -0.0154348 0.0
0.238812 -0.0183704 0.0
0.236765 -0.0213067 0.0
0.234556 -0.0242457 0.0
0.232181 -0.0271892 0.0
0.229635 -0.0301388 0.0
0.226914 -0.0330963 0.0
0.224014 -0.0360629 0.0
0.22093 -0.03904 0.0
0.217657 -0.042029 0.0
0.21419 -0.0450308 0.0
0.210525 -0.0480468 0.0
0.206655 -0.051078 0.0
0.202576 -0.0541256 0.0
0.198283 -0.057191 0.0
0.193768 -0.0602758 0.0
0.189029 -0.0633819 0.0
0.18406 -0.0665117 0.0
0.178855 -0.0696684 0.0
0.173412 -0.0728562 0.0
0.167726 -0.0760804 0.0
0.161794 -0.0793482 0.0
0.155616 -0.0826688 0.0
0.149191 -0.0860543 0.0
0.14252 -0.0895207 0.0
0.135606 -0.0930886 0.0
0.128455 -0.096785 0.0
0.121074 -0.100645 0.0
0.113477 -0.104716 0.0
0.105678 -0.109058 0.0
0.0976973 -0.113753 0.0
0.0895601 -0.11891 0.0
0.0812972 -0.124681 0.0
0.0729448 -0.131273 0.0
0.0645444 -0.138979 0.0
0.056141 -0.148217 0.0
0.0477792 -0.15958 0.0
0.0394961 -0.173903 0.0
0.03131 -0.192333 0.0
0.0232003 -0.216393 0.0
0.0150645 -0.248076 0.0
0.0066094 -0.290195 0.0
-0.00287798 -0.347975 0.0
-0.0130951 -0.421702 0.0
-0.0224249 -0.503779 0.0
-0.0288485 -0.580492 0.0
-0.0299471 -0.625955 0.0
-0.0239527 -0.598608 0.0
-0.0119096 -0.439971 0.0
-0.00238751 -0.102769 0.0
2.21117e-05 -0.00117493 0.0
0.000163174 -0.00180053 0.0
0.000530564 0.00142997 0.0
0.00121369 0.00820137 0.0
0.00234017 0.018105 0.0
0.00404582 0.0306371 0.0
0.00643616 0.045193 0.0
0.00955986 0.0610837 0.0
0.0134094 0.0775806 0.0
0.0179345 0.0940044 0.0
0.0230556 0.109779 0.0
0.0286817 0.124465 0.0
0.034721 0.137764 0.0
0.0410878 0.149506 0.0
0.0477062 0.159622 0.0
0.0545108 0.168121 0.0
0.061447 0.175068 0.0
0.0684695 0.18056 0.0
0.0755414 0.184715 0.0
0.0826322 0.187659 0.0
0.0897166 0.189515 0.0
0.0967729 0.190406 0.0
0.103782 0.190443 0.0
0.110728 0.189729 0.0
0.117594 0.188358 0.0
0.124366 0.186414 0.0
0.13103 0.183971 0.0
0.137574 0.181096 0.0
0.143984 0.177848 0.0
0.150251 0.174282 0.0
0.156364 0.170445 0.0
0.162314 0.16638 0.0
0.168094 0.162127 0.0
0.173696 0.157719 0.0
0.179115 0.153188 0.0
0.184347 0.148564 0.0
0.189388 0.143872 0.0
0.194238 0.139134 0.0
0.198894 0.134371 0.0
0.203356 0.129603 0.0
0.207626 0.124843 0.0
0.211704 0.120108 0.0
0.215592 0.115409 0.0
0.219293 0.110756 0.0
0.222809 0.106159 0.0
0.226144 0.101624 0.0
0.2293 0.0971584 0.0
0.232281 0.0927661 0.0
0.235091 0.0884508 0.0
0.237732 0.0842151 0.0
0.240208 0.0800606 0.0
0.242522 0.075988 0.0
0.244678 0.0719973 0.0
0.246679 0.0680881 0.0
0.248526 0.064259 0.0
0.250223 0.0605086 0.0
0.251772 0.0568347 0.0
0.253174 0.053235 0.0
0.254433 0.0497069 0.0
0.25555 0.0462474 0.0
0.256525 0.0428536 0.0
0.257361 0.0395221 0.0
0.258057 0.0362498 0.0
0.258616 0.0330333 0.0
0.259037 0.0298691 0.0
0.25932 0.0267539 0.0
0.259466 0.0236842 0.0
0.259474 0.0206568 0.0
0.259344 0.0176682 0.0
0.259075 0.0147153 0.0
0.258667 0.0117949 0.0
0.258117 0.00890396 0.0
0.257425 0.0060394 0.0
0.256588 0.00319764 0.0
0.255602 0.000371995 0.0
0.254465 -0.00244691 0.0
0.253178 -0.00525249 0.0
0.251738 -0.00804731 0.0
0.250142 -0.0108336 0.0
0.248387 -0.0136135 0.0
0.246471 -0.0163888 0.0
0.244391 -0.0191616 0.0
0.242143 -0.0219333 0.0
0.239723 -0.0247058 0.0
0.237127 -0.0274803 0.0
0.234351 -0.0302583 0.0
0.231391 -0.033041 0.0
0.228243 -0.0358295 0.0
0.224901 -0.0386248 0.0
0.221361 -0.0414281 0.0
0.217617 -0.0442402 0.0
0.213664 -0.0470623 0.0
0.209497 -0.0498955 0.0
0.205111 -0.0527412 0.0
0.200501 -0.0556011 0.0
0.195661 -0.0584772 0.0
0.190586 -0.0613723 0.0
0.185273 -0.0642899 0.0
0.179716 -0.0672347 0.0
0.173913 -0.0702128 0.0
0.16786 -0.0732321 0.0
0.161557 -0.0763032 0.0
0.155002 -0.0794395 0.0
0.148196 -0.0826587 0.0
0.141143 -0.0859836 0.0
0.133848 -0.0894436 0.0
0.126318 -0.0930771 0.0
0.118566 -0.096934 0.0
0.110604 -0.10108 0.0
0.102454 -0.1056 0.0
0.094139 -0.110611 0.0
0.0856889 -0.116268 0.0
0.0771393 -0.122784 0.0
0.0685307 -0.130459 0.0
0.0599075 -0.139711 0.0
0.0513135 -0.15113 0.0
0.0427857 -0.165542 0.0
0.0343432 -0.184066 0.0
0.0259693 -0.208177 0.0
0.017576 -0.239764 0.0
0.00890291 -0.281379 0.0
-0.000815466 -0.337585 0.0
-0.0115489 -0.411141 0.0
-0.021773 -0.494785 0.0
-0.0292653 -0.57557 0.0
-0.0313299 -0.627714 0.0
-0.0258017 -0.608371 0.0
-0.0133412 -0.454711 0.0
-0.00286787 -0.108024 0.0
1.6084e-05 -0.00121313 0.0
8.47724e-05 -0.00197208 0.0
0.000241393 0.00107751 0.0
0.0005592 0.00755289 0.0
0.0011847 0.0170015 0.0
0.00229722 0.0289225 0.0
0.00405497 0.0427596 0.0
0.00654903 0.0578994 0.0
0.00980718 0.0736572 0.0
0.0138074 0.0894025 0.0
0.018486 0.104581 0.0
0.0237619 0.118761 0.0
0.0295474 0.131644 0.0
0.0357559 0.143051 0.0
0.0423067 0.152907 0.0
0.049127 0.161211 0.0
0.0561531 0.168016 0.0
0.06333 0.173412 0.0
0.0706111 0.17751 0.0
0.0779566 0.180428 0.0
0.0853329 0.182286 0.0
0.0927108 0.183201 0.0
0.100065 0.183284 0.0
0.107372 0.182635 0.0
0.114613 0.181346 0.0
0.121769 0.179499 0.0
0.128822 0.177168 0.0
0.135757 0.174419 0.0
0.14256 0.171311 0.0
0.149218 0.167895 0.0
0.155718 0.164219 0.0
0.162052 0.160323 0.0
0.16821 0.156247 0.0
0.174185 0.152022 0.0
0.179969 0.147681 0.0
0.185559 0.14325 0.0
0.190951 0.138753 0.0
0.196142 0.134213 0.0
0.20113 0.129648 0.0
0.205915 0.125078 0.0
0.210498 0.120516 0.0
0.214878 0.115977 0.0
0.219058 0.111471 0.0
0.223041 0.10701 0.0
0.226827 0.102602 0.0
0.230422 0.0982526 0.0
0.233826 0.0939691 0.0
0.237045 0.0897557 0.0
0.240081 0.0856159 0.0
0.242937 0.0815523 0.0
0.245618 0.0775665 0.0
0.248126 0.0736594 0.0
0.250465 0.0698311 0.0
0.252638 0.0660813 0.0
0.254648 0.0624089 0.0
0.256497 0.0588125 0.0
0.258188 0.0552904 0.0
0.259725 0.0518404 0.0
0.261107 0.04846 0.0
0.262339 0.0451466 0.0
0.26342 0.0418974 0.0
0.264354 0.0387095 0.0
0.26514 0.0355797 0.0
0.26578 0.0325049 0.0
0.266274 0.0294821 0.0
0.266624 0.0265079 0.0
0.266829 0.0235793 0.0
0.266889 0.0206932 0.0
0.266805 0.0178464 0.0
0.266575 0.015036 0.0
0.266198 0.012259 0.0
0.265675 0.0095128 0.0
0.265003 0.00679455 0.0
0.264181 0.00410155 0.0
0.263206 0.00142983 0.0
0.262073 -0.00123538 0.0
0.260782 -0.00388605 0.0
0.259333 -0.00652375 0.0
0.257722 -0.00915039 0.0
0.255947 -0.0117678 0.0
0.254006 -0.0143777 0.0
0.251896 -0.0169817 0.0
0.249612 -0.0195812 0.0
0.247152 -0.0221776 0.0
0.244511 -0.0247722 0.0
0.241687 -0.027366 0.0
0.238673 -0.0299601 0.0
0.235467 -0.0325554 0.0
0.232062 -0.0351527 0.0
0.228456 -0.037753 0.0
0.224642 -0.0403572 0.0
0.220615 -0.0429661 0.0
0.216371 -0.045581 0.0
0.211905 -0.0482032 0.0
0.207211 -0.0508345 0.0
0.202284 -0.0534771 0.0
0.19712 -0.056134 0.0
0.191715 -0.0588092 0.0
0.186064 -0.0615078 0.0
0.180164 -0.0642365 0.0
0.174012 -0.0670043 0.0
0.167607 -0.0698227 0.0
0.160949 -0.0727064 0.0
0.154037 -0.0756748 0.0
0.146875 -0.0787526 0.0
0.139468 -0.0819718 0.0
0.131822 -0.0853734 0.0
0.123948 -0.0890108 0.0
0.11586 -0.0929533 0.0
0.107575 -0.0972917 0.0
0.099117 -0.102146 0.0
0.0905135 -0.107679 0.0
0.0817981 -0.114108 0.0
0.0730095 -0.121738 0.0
0.0641898 -0.130989 0.0
0.0553807 -0.142449 0.0
0.0466171 -0.156932 0.0
0.0379164 -0.175533 0.0
0.0292623 -0.199682 0.0
0.0205758 -0.231179 0.0
0.0116302 -0.272345 0.0
0.00170396 -0.326974 0.0
-0.00953191 -0.399783 0.0
-0.0207591 -0.484692 0.0
-0.0294946 -0.569435 0.0
-0.0327487 -0.62853 0.0
-0.0278886 -0.617943 0.0
-0.015089 -0.470399 0.0
-0.00350316 -0.114395 0.0
8.31202e-06 -0.00123752 0.0
-1.60131e-05 -0.00199205 0.0
-0.000124209 0.00104905 0.0
-0.000251988 0.00739132 0.0
-0.000221011 0.0165066 0.0
0.00020507 0.0278788 0.0
0.00125187 0.0409987 0.0
0.0030583 0.0553598 0.0
0.00568958 0.0703074 0.0
0.00914775 0.0852939 0.0
0.0133738 0.0997849 0.0
0.0182933 0.113362 0.0
0.0238209 0.12573 0.0
0.0298684 0.136709 0.0
0.0363501 0.146217 0.0
0.0431862 0.154245 0.0
0.0503041 0.160838 0.0
0.0576392 0.166078 0.0
0.0651351 0.170067 0.0
0.0727428 0.172917 0.0
0.08042 0.174743 0.0
0.0881298 0.175657 0.0
0.0958399 0.175765 0.0
0.103522 0.175165 0.0
0.11115 0.173947 0.0
0.118702 0.172191 0.0
0.126156 0.169969 0.0
0.133495 0.167345 0.0
0.140702 0.164376 0.0
0.147761 0.161113 0.0
0.15466 0.157601 0.0
0.161387 0.15388 0.0
0.167932 0.149987 0.0
0.174288 0.145953 0.0
0.180445 0.141808 0.0
0.186401 0.137577 0.0
0.192149 0.133285 0.0
0.197687 0.128951 0.0
0.203013 0.124595 0.0
0.208126 0.120233 0.0
0.213027 0.115879 0.0
0.217715 0.111546 0.0
0.222192 0.107245 0.0
0.226461 0.102986 0.0
0.230523 0.0987769 0.0
0.234381 0.0946245 0.0
0.238039 0.0905344 0.0
0.2415 0.086511 0.0
0.244767 0.0825578 0.0
0.247844 0.0786772 0.0
0.250734 0.0748709 0.0
0.253441 0.07114 0.0
0.255968 0.0674846 0.0
0.258318 0.0639045 0.0
0.260495 0.0603989 0.0
0.262502 0.0569666 0.0
0.264341 0.0536059 0.0
0.266015 0.0503149 0.0
0.267526 0.0470914 0.0
0.268877 0.0439331 0.0
0.270069 0.0408372 0.0
0.271104 0.0378011 0.0
0.271984 0.034822 0.0
0.27271 0.0318969 0.0
0.273282 0.029023 0.0
0.273702 0.0261974 0.0
0.27397 0.023417 0.0
0.274086 0.0206791 0.0
0.27405 0.0179808 0.0
0.273863 0.0153194 0.0
0.273522 0.0126922 0.0
0.273029 0.0100967 0.0
0.272381 0.00753058 0.0
0.271577 0.00499146 0.0
0.270616 0.00247637 0.0
0.26949 -2.44696e-05 0.0
0.2682 -0.0025152 0.0
0.266745 -0.00499043 0.0
0.265125 -0.00745215 0.0
0.263335 -0.00990199 0.0
0.261374 -0.0123414 0.0
0.259238 -0.0147718 0.0
0.256925 -0.0171944 0.0
0.254431 -0.0196102 0.0
0.251753 -0.0220204 0.0
0.248885 -0.0244258 0.0
0.245826 -0.0268273 0.0
0.24257 -0.0292255 0.0
0.239113 -0.0316212 0.0
0.23545 -0.0340152 0.0
0.231577 -0.0364081 0.0
0.227489 -0.038801 0.0
0.223182 -0.0411948 0.0
0.21865 -0.043591 0.0
0.213889 -0.0459915 0.0
0.208894 -0.0483986 0.0
0.203661 -0.0508156 0.0
0.198186 -0.0532469 0.0
0.192465 -0.0556979 0.0
0.186495 -0.0581762 0.0
0.180273 -0.0606914 0.0
0.173798 -0.0632559 0.0
0.167069 -0.0658858 0.0
0.160087 -0.0686019 0.0
0.152855 -0.0714308 0.0
0.145375 -0.0744064 0.0
0.137655 -0.0775727 0.0
0.129703 -0.0809859 0.0
0.121532 -0.0847192 0.0
0.113158 -0.0888674 0.0
0.104602 -0.093556 0.0
0.0958883 -0.0989517 0.0
0.0870481 -0.105279 0.0
0.0781164 -0.112846 0.0
0.0691318 -0.122076 0.0
0.0601319 -0.133553 0.0
0.051147 -0.148079 0.0
0.0421899 -0.166727 0.0
0.0332407 -0.190884 0.0
0.0242226 -0.222272 0.0
0.0149398 -0.263024 0.0
0.00481346 -0.316243 0.0
-0.00690921 -0.387555 0.0
-0.0192422 -0.47336 0.0
-0.0294192 -0.561855 0.0
-0.0341391 -0.628136 0.0
-0.0302146 -0.627122 0.0
-0.0172056 -0.487029 0.0
-0.00432909 -0.122228 0.0
-7.36921e-06 -0.00123846 0.0
-0.000169779 -0.00180437 0.0
-0.000631663 0.00143146 0.0
-0.00130704 0.00781208 0.0
-0.00196573 0.0167135 0.0
-0.00231945 0.0275995 0.0
-0.00209372 0.0400055 0.0
-0.00105793 0.0535108 0.0
0.000921323 0.0675458 0.0
0.00383522 0.0816834 0.0
0.00761929 0.0953853 0.0
0.0121997 0.108262 0.0
0.0174853 0.120017 0.0
0.023385 0.130475 0.0
0.0298083 0.139546 0.0
0.0366698 0.147218 0.0
0.0438884 0.153528 0.0
0.0513905 0.158551 0.0
0.0591101 0.162379 0.0
0.0669896 0.165118 0.0
0.0749778 0.166876 0.0
0.0830304 0.167761 0.0
0.091108 0.167873 0.0
0.099176 0.167307 0.0
0.107203 0.166149 0.0
0.115163 0.164477 0.0
0.123031 0.162361 0.0
0.130784 0.159861 0.0
0.138405 0.157033 0.0
0.145876 0.153926 0.0
0.153182 0.150583 0.0
0.16031 0.147042 0.0
0.16725 0.143339 0.0
0.173993 0.139503 0.0
0.18053 0.135563 0.0
0.186856 0.131542 0.0
0.192965 0.127463 0.0
0.198855 0.123345 0.0
0.204524 0.119207 0.0
0.209969 0.115062 0.0
0.215191 0.110926 0.0
0.220191 0.10681 0.0
0.224969 0.102725 0.0
0.229527 0.0986792 0.0
0.233868 0.0946807 0.0
0.237994 0.090736 0.0
0.241908 0.0868503 0.0
0.245615 0.0830279 0.0
0.249117 0.0792721 0.0
0.252417 0.0755855 0.0
0.25552 0.0719696 0.0
0.258429 0.0684255 0.0
0.261148 0.0649535 0.0
0.26368 0.0615535 0.0
0.266028 0.0582248 0.0
0.268195 0.0549664 0.0
0.270186 0.0517769 0.0
0.272001 0.0486544 0.0
0.273645 0.0455971 0.0
0.275119 0.0426026 0.0
0.276425 0.0396688 0.0
0.277567 0.036793 0.0
0.278544 0.0339728 0.0
0.279359 0.0312054 0.0
0.280013 0.0284882 0.0
0.280507 0.0258185 0.0
0.280841 0.0231936 0.0
0.281017 0.0206109 0.0
0.281033 0.0180679 0.0
0.280892 0.015562 0.0
0.280591 0.0130908 0.0
0.28013 0.0106521 0.0
0.27951 0.00824383 0.0
0.278728 0.0058639 0.0
0.277783 0.00351015 0.0
0.276671 0.00117844 0.0
0.275389 -0.00114486 0.0
0.273935 -0.00345217 0.0
0.272309 -0.00574393 0.0
0.270509 -0.00802136 0.0
0.268534 -0.0102857 0.0
0.26638 -0.012538 0.0
0.264045 -0.0147794 0.0
0.261524 -0.0170107 0.0
0.258816 -0.0192328 0.0
0.255916 -0.0214463 0.0
0.252821 -0.0236519 0.0
0.249526 -0.0258502 0.0
0.246028 -0.0280417 0.0
0.242323 -0.030227 0.0
0.238406 -0.0324068 0.0
0.234274 -0.034582 0.0
0.229921 -0.0367536 0.0
0.225344 -0.0389231 0.0
0.220538 -0.0410924 0.0
0.215499 -0.043264 0.0
0.210223 -0.0454416 0.0
0.204707 -0.0476296 0.0
0.198947 -0.0498342 0.0
0.192941 -0.0520633 0.0
0.186685 -0.0543272 0.0
0.18018 -0.0566394 0.0
0.173423 -0.0590169 0.0
0.166416 -0.0614817 0.0
0.15916 -0.064062 0.0
0.151658 -0.0667937 0.0
0.143916 -0.069723 0.0
0.135941 -0.0729088 0.0
0.127743 -0.0764275 0.0
0.119336 -0.0803781 0.0
0.110737 -0.08489 0.0
0.101967 -0.0901349 0.0
0.0930542 -0.0963426 0.0
0.0840273 -0.103824 0.0
0.0749193 -0.113005 0.0
0.0657617 -0.124466 0.0
0.0565777 -0.138997 0.0
0.0473724 -0.157647 0.0
0.0381186 -0.181761 0.0
0.0287367 -0.212995 0.0
0.0190526 -0.253334 0.0
0.00865226 -0.305406 0.0
-0.00353981 -0.374478 0.0
-0.0170117 -0.460633 0.0
-0.0288644 -0.552552 0.0
-0.03539 -0.626193 0.0
-0.0327499 -0.635629 0.0
-0.0197313 -0.504549 0.0
-0.00537936 -0.131936 0.0
-3.90204e-05 -0.00119207 0.0
-0.000418073 -0.0013093 0.0
-0.00137627 0.00235647 0.0
-0.00275209 0.00893826 0.0
-0.00422491 0.0177188 0.0
-0.00543539 0.0281584 0.0
-0.00605791 0.0398434 0.0
-0.00583192 0.0524111 0.0
-0.00460051 0.0654349 0.0
-0.002293 0.078573 0.0
0.00108149 0.0913372 0.0
0.00538242 0.103428 0.0
0.0104722 0.114474 0.0
0.0162617 0.124328 0.0
0.0226538 0.132878 0.0
0.0295623 0.140116 0.0
0.036899 0.146075 0.0
0.0445823 0.150819 0.0
0.0525385 0.154435 0.0
0.0607013 0.15702 0.0
0.0690121 0.158675 0.0
0.0774187 0.159502 0.0
0.0858751 0.159597 0.0
0.0943403 0.159049 0.0
0.102778 0.157941 0.0
0.111156 0.156347 0.0
0.119447 0.154333 0.0
0.127625 0.151957 0.0
0.135668 0.149273 0.0
0.143558 0.146326 0.0
0.151278 0.143157 0.0
0.158815 0.139803 0.0
0.166155 0.136297 0.0
0.17329 0.132668 0.0
0.180211 0.12894 0.0
0.186911 0.125138 0.0
0.193386 0.121282 0.0
0.199631 0.117391 0.0
0.205644 0.11348 0.0
0.211424 0.109564 0.0
0.21697 0.105656 0.0
0.222282 0.101768 0.0
0.227362 0.097909 0.0
0.232212 0.0940874 0.0
0.236833 0.0903104 0.0
0.241229 0.0865843 0.0
0.245402 0.082914 0.0
0.249357 0.0793036 0.0
0.253095 0.0757562 0.0
0.256622 0.0722743 0.0
0.25994 0.0688595 0.0
0.263053 0.0655128 0.0
0.265966 0.0622347 0.0
0.268682 0.059025 0.0
0.271204 0.0558834 0.0
0.273535 0.0528088 0.0
0.27568 0.0498 0.0
0.27764 0.0468554 0.0
0.279419 0.0439734 0.0
0.281019 0.0411519 0.0
0.282443 0.0383888 0.0
0.283694 0.0356818 0.0
0.284772 0.0330286 0.0
0.285679 0.0304268 0.0
0.286418 0.027874 0.0
0.286989 0.0253677 0.0
0.287394 0.0229055 0.0
0.287632 0.0204851 0.0
0.287705 0.018104 0.0
0.287613 0.01576 0.0
0.287356 0.0134511 0.0
0.286933 0.0111751 0.0
0.286344 0.00893034 0.0
0.285588 0.00671496 0.0
0.284665 0.00452742 0.0
0.283572 0.00236553 0.0
0.282302 0.000220171 0.0
0.280854 -0.00191486 0.0
0.279231 -0.00403214 0.0
0.27743 -0.0061328 0.0
0.275449 -0.0082179 0.0
0.273286 -0.0102884 0.0
0.270937 -0.012345 0.0
0.268401 -0.0143886 0.0
0.265674 -0.0164197 0.0
0.262754 -0.0184389 0.0
0.259636 -0.0204465 0.0
0.256318 -0.0224432 0.0
0.252797 -0.0244292 0.0
0.249067 -0.0264052 0.0
0.245127 -0.0283716 0.0
0.240972 -0.0303294 0.0
0.236598 -0.0322796 0.0
0.232002 -0.0342237 0.0
0.22718 -0.0361637 0.0
0.222128 -0.0381023 0.0
0.216844 -0.0400433 0.0
0.211324 -0.0419916 0.0
0.205565 -0.0439536 0.0
0.199566 -0.0459378 0.0
0.193323 -0.047955 0.0
0.186837 -0.0500192 0.0
0.180105 -0.0521486 0.0
0.173128 -0.0543661 0.0
0.165908 -0.056701 0.0
0.158446 -0.0591909 0.0
0.150746 -0.0618837 0.0
0.142813 -0.0648406 0.0
0.134656 -0.0681407 0.0
0.126285 -0.0718861 0.0
0.117712 -0.07621 0.0
0.108954 -0.0812883 0.0
0.100033 -0.0873546 0.0
0.0909706 -0.0947233 0.0
0.0817927 -0.10382 0.0
0.0725214 -0.115222 0.0
0.06317 -0.129706 0.0
0.0537326 -0.148296 0.0
0.044171 -0.172297 0.0
0.0343988 -0.203305 0.0
0.0242555 -0.243196 0.0
0.0134046 -0.294292 0.0
0.000764128 -0.360759 0.0
-0.0137867 -0.446329 0.0
-0.0275872 -0.541203 0.0
-0.036325 -0.622279 0.0
-0.0354163 -0.643092 0.0
-0.0226798 -0.522841 0.0
-0.00668002 -0.143996 0.0
-9.57125e-05 -0.00105734 0.0
-0.000809505 -0.000351185 0.0
-0.0024661 0.00401315 0.0
-0.00474307 0.0109344 0.0
-0.00718164 0.0196341 0.0
-0.00933675 0.0296087 0.0
-0.0108408 0.0405196 0.0
-0.0114191 0.0520872 0.0
-0.0108999 0.0640082 0.0
-0.00919866 0.0759909 0.0
-0.00631969 0.0876658 0.0
-0.00232288 0.0988021 0.0
0.00266633 0.109022 0.0
0.0084366 0.118221 0.0
0.0148539 0.126175 0.0
0.0218503 0.132913 0.0
0.0293335 0.138458 0.0
0.0372192 0.142867 0.0
0.0454285 0.146221 0.0
0.0538888 0.14861 0.0
0.0625345 0.150129 0.0
0.0713068 0.15087 0.0
0.0801529 0.150927 0.0
0.0890258 0.150382 0.0
0.0978838 0.149313 0.0
0.10669 0.147791 0.0
0.115412 0.145877 0.0
0.124022 0.143626 0.0
0.132494 0.141088 0.0
0.14081 0.138305 0.0
0.148949 0.135318 0.0
0.156898 0.132158 0.0
0.164642 0.128857 0.0
0.172172 0.125443 0.0
0.179479 0.121938 0.0
0.186555 0.118364 0.0
0.193396 0.114741 0.0
0.199997 0.111086 0.0
0.206356 0.107413 0.0
0.21247 0.103736 0.0
0.218341 0.100068 0.0
0.223966 0.0964182 0.0
0.229349 0.0927961 0.0
0.23449 0.0892094 0.0
0.239393 0.085665 0.0
0.244058 0.0821684 0.0
0.24849 0.0787244 0.0
0.252693 0.0753368 0.0
0.256668 0.0720087 0.0
0.260422 0.0687422 0.0
0.263956 0.065539 0.0
0.267275 0.0624002 0.0
0.270384 0.0593262 0.0
0.273285 0.056317 0.0
0.275982 0.0533723 0.0
0.278479 0.0504912 0.0
0.28078 0.0476727 0.0
0.282887 0.0449154 0.0
0.284803 0.0422177 0.0
0.286533 0.0395779 0.0
0.288077 0.0369941 0.0
0.289439 0.0344643 0.0
0.290621 0.0319863 0.0
0.291624 0.0295579 0.0
0.292451 0.0271771 0.0
0.293103 0.0248415 0.0
0.293581 0.0225491 0.0
0.293887 0.0202976 0.0
0.29402 0.0180851 0.0
0.293982 0.0159094 0.0
0.293772 0.0137687 0.0
0.293392 0.0116612 0.0
0.29284 0.00958522 0.0
0.292116 0.00753937 0.0
0.29122 0.00552229 0.0
0.290151 0.00353259 0.0
0.288907 0.0015672 0.0
0.287478 -0.000385764 0.0
0.285865 -0.00232469 0.0
0.284071 -0.00424503 0.0
0.282094 -0.00614768 0.0
0.279932 -0.00803343 0.0
0.277584 -0.00990295 0.0
0.275046 -0.0117568 0.0
0.272317 -0.0135954 0.0
0.269393 -0.0154191 0.0
0.266273 -0.0172283 0.0
0.262952 -0.0190234 0.0
0.25943 -0.0208046 0.0
0.255702 -0.0225724 0.0
0.251765 -0.0243274 0.0
0.247617 -0.0260704 0.0
0.243255 -0.0278024 0.0
0.238675 -0.0295251 0.0
0.233875 -0.0312404 0.0
0.228853 -0.0329514 0.0
0.223605 -0.0346619 0.0
0.218129 -0.0363771 0.0
0.212423 -0.0381036 0.0
0.206485 -0.0398504 0.0
0.200314 -0.0416286 0.0
0.193908 -0.0434528 0.0
0.187266 -0.0453417 0.0
0.180389 -0.0473189 0.0
0.173276 -0.0494147 0.0
0.165928 -0.0516677 0.0
0.158348 -0.0541269 0.0
0.150538 -0.0568554 0.0
0.142504 -0.059934 0.0
0.13425 -0.0634673 0.0
0.125785 -0.0675914 0.0
0.117121 -0.0724851 0.0
0.10827 -0.0783849 0.0
0.0992463 -0.0856073 0.0
0.0900652 -0.0945771 0.0
0.0807368 -0.105866 0.0
0.071261 -0.120235 0.0
0.0616164 -0.138684 0.0
0.0517483 -0.162479 0.0
0.0415547 -0.193158 0.0
0.0308682 -0.232514 0.0
0.0193933 -0.282649 0.0
0.00631547 -0.346684 0.0
-0.00926093 -0.430277 0.0
-0.0252649 -0.52745 0.0
-0.0366798 -0.615879 0.0
-0.038064 -0.649017 0.0
-0.0260205 -0.541697 0.0
-0.00824244 -0.158918 0.0
-0.000191895 -0.000769732 0.0
-0.00140689 0.00129 0.0
-0.00402715 0.00664882 0.0
-0.00745025 0.0139988 0.0
-0.0110253 0.0225833 0.0
-0.0142153 0.0320046 0.0
-0.0166255 0.0420379 0.0
-0.0179845 0.0525063 0.0
-0.0181265 0.0632119 0.0
-0.0169728 0.0739322 0.0
-0.0145255 0.0843983 0.0
-0.010843 0.0943903 0.0
-0.00603538 0.103637 0.0
-0.000232721 0.112033 0.0
0.00634803 0.119365 0.0
0.013512 0.125563 0.0
0.0211905 0.130646 0.0
0.0293101 0.134673 0.0
0.0377946 0.137721 0.0
0.0465691 0.139875 0.0
0.0555634 0.141223 0.0
0.0647131 0.141854 0.0
0.0739596 0.141851 0.0
0.0832499 0.141294 0.0
0.0925368 0.140256 0.0
0.101778 0.1388 0.0
0.110938 0.136985 0.0
0.119985 0.134861 0.0
0.128892 0.132473 0.0
0.137636 0.129861 0.0
0.146197 0.127061 0.0
0.154559 0.124104 0.0
0.162709 0.121018 0.0
0.170634 0.117827 0.0
0.178327 0.114554 0.0
0.185779 0.111219 0.0
0.192985 0.107839 0.0
0.199941 0.10443 0.0
0.206644 0.101007 0.0
0.213092 0.0975799 0.0
0.219284 0.0941616 0.0
0.225222 0.0907611 0.0
0.230906 0.0873869 0.0
0.236337 0.0840461 0.0
0.241518 0.0807449 0.0
0.246452 0.0774887 0.0
0.251142 0.0742818 0.0
0.255592 0.0711278 0.0
0.259804 0.0680294 0.0
0.263783 0.0649889 0.0
0.267534 0.0620078 0.0
0.271059 0.059087 0.0
0.274363 0.0562272 0.0
0.277449 0.0534284 0.0
0.280323 0.0506903 0.0
0.282986 0.0480122 0.0
0.285444 0.0453933 0.0
0.2877 0.0428323 0.0
0.289756 0.0403278 0.0
0.291616 0.0378784 0.0
0.293283 0.0354822 0.0
0.29476 0.0331376 0.0
0.296048 0.0308426 0.0
0.297151 0.0285953 0.0
0.29807 0.0263938 0.0
0.298807 0.024236 0.0
0.299363 0.0221201 0.0
0.299741 0.0200442 0.0
0.29994 0.0180063 0.0
0.299961 0.0160047 0.0
0.299806 0.0140378 0.0
0.299475 0.012104 0.0
0.298967 0.0102019 0.0
0.298284 0.00833005 0.0
0.297424 0.00648745 0.0
0.296387 0.00467301 0.0
0.295173 0.00288525 0.0
0.293778 0.00111972 0.0
0.292194 -0.000633073 0.0
0.290422 -0.00237072 0.0
0.288466 -0.00408899 0.0
0.286324 -0.00578859 0.0
0.283995 -0.00747008 0.0
0.281477 -0.00913379 0.0
0.278768 -0.0107801 0.0
0.275867 -0.0124093 0.0
0.272771 -0.0140216 0.0
0.269478 -0.0156174 0.0
0.265987 -0.0171968 0.0
0.262295 -0.0187603 0.0
0.258401 -0.0203084 0.0
0.254301 -0.0218419 0.0
0.249995 -0.023362 0.0
0.245479 -0.0248703 0.0
0.240753 -0.0263689 0.0
0.235813 -0.0278609 0.0
0.230659 -0.0293503 0.0
0.225289 -0.0308424 0.0
0.2197 -0.0323442 0.0
0.213893 -0.0338646 0.0
0.207865 -0.0354152 0.0
0.201616 -0.0370108 0.0
0.195144 -0.0386703 0.0
0.188448 -0.0404177 0.0
0.181529 -0.0422837 0.0
0.174385 -0.0443075 0.0
0.167017 -0.0465387 0.0
0.159424 -0.0490412 0.0
0.151608 -0.051897 0.0
0.143569 -0.0552119 0.0
0.13531 -0.0591239 0.0
0.126835 -0.0638131 0.0
0.118147 -0.0695179 0.0
0.109251 -0.0765545 0.0
0.100148 -0.0853454 0.0
0.0908331 -0.0964541 0.0
0.0812885 -0.110626 0.0
0.0714726 -0.128833 0.0
0.0613081 -0.152298 0.0
0.0506692 -0.182506 0.0
0.0393691 -0.221179 0.0
0.027131 -0.270271 0.0
0.0134347 -0.332287 0.0
-0.00313934 -0.412523 0.0
-0.0214331 -0.510907 0.0
-0.0360681 -0.606373 0.0
-0.0404441 -0.652763 0.0
-0.0296583 -0.56078 0.0
-0.0100553 -0.177216 0.0
-0.000347866 -0.00022997 0.0
-0.00229231 0.00390968 0.0
-0.00621031 0.0105674 0.0
-0.0110605 0.0183535 0.0
-0.0159489 0.0266921 0.0
-0.0202545 0.0353914 0.0
-0.0235787 0.0443856 0.0
-0.0256756 0.0536146 0.0
-0.0264065 0.0629764 0.0
-0.0257146 0.072322 0.0
-0.0236129 0.0814596 0.0
-0.0201674 0.090201 0.0
-0.0154897 0.0983408 0.0
-0.00971846 0.105755 0.0
-0.00299748 0.112341 0.0
0.00446539 0.11796 0.0
0.0124515 0.122585 0.0
0.0208625 0.126204 0.0
0.0296552 0.128913 0.0
0.038765 0.130799 0.0
0.0481232 0.131947 0.0
0.0576628 0.132441 0.0
0.0673202 0.13236 0.0
0.077037 0.131778 0.0
0.0867601 0.130762 0.0
0.0964429 0.12937 0.0
0.106045 0.127654 0.0
0.115532 0.125659 0.0
0.124874 0.123426 0.0
0.134046 0.120992 0.0
0.143029 0.118387 0.0
0.151804 0.115641 0.0
0.160357 0.112778 0.0
0.168676 0.109822 0.0
0.176751 0.106791 0.0
0.184576 0.103705 0.0
0.192144 0.100579 0.0
0.199452 0.0974276 0.0
0.206495 0.0942632 0.0
0.213273 0.0910973 0.0
0.219784 0.0879398 0.0
0.22603 0.0847995 0.0
0.232011 0.0816839 0.0
0.237729 0.0785997 0.0
0.243187 0.0755526 0.0
0.248387 0.0725473 0.0
0.253332 0.069588 0.0
0.258026 0.066678 0.0
0.262473 0.0638197 0.0
0.266677 0.0610154 0.0
0.270642 0.0582663 0.0
0.274372 0.0555736 0.0
0.277871 0.0529377 0.0
0.281143 0.0503588 0.0
0.284193 0.0478367 0.0
0.287024 0.0453707 0.0
0.289641 0.0429603 0.0
0.292047 0.0406042 0.0
0.294245 0.0383014 0.0
0.296239 0.0360505 0.0
0.298032 0.03385 0.0
0.299627 0.0316982 0.0
0.301027 0.0295936 0.0
0.302234 0.0275345 0.0
0.30325 0.025519 0.0
0.304079 0.0235456 0.0
0.30472 0.0216124 0.0
0.305177 0.0197178 0.0
0.305451 0.0178602 0.0
0.305542 0.0160381 0.0
0.305451 0.0142498 0.0
0.305181 0.0124942 0.0
0.30473 0.0107698 0.0
0.3041 0.00907571 0.0
0.303291 0.00741079 0.0
0.302303 0.00577417 0.0
0.301136 0.00416501 0.0
0.29979 0.00258185 0.0
0.298259 0.00101914 0.0
0.296538 -0.000529528 0.0
0.294627 -0.00206331 0.0
0.292531 -0.00357716 0.0
0.290251 -0.00507185 0.0
0.287784 -0.00654724 0.0
0.28513 -0.00800389 0.0
0.282288 -0.00944193 0.0
0.279257 -0.0108616 0.0
0.276035 -0.012263 0.0
0.272621 -0.0136465 0.0
0.269015 -0.0150125 0.0
0.265215 -0.0163615 0.0
0.26122 -0.0176942 0.0
0.257029 -0.019012 0.0
0.252641 -0.0203164 0.0
0.248054 -0.0216096 0.0
0.243268 -0.0228949 0.0
0.238282 -0.0241761 0.0
0.233095 -0.0254589 0.0
0.227705 -0.0267501 0.0
0.222113 -0.0280589 0.0
0.216317 -0.0293968 0.0
0.210316 -0.0307786 0.0
0.204109 -0.0322231 0.0
0.197694 -0.0337545 0.0
0.191069 -0.0354032 0.0
0.184233 -0.0372082 0.0
0.177183 -0.0392193 0.0
0.169915 -0.0415003 0.0
0.162427 -0.0441333 0.0
0.154715 -0.0472243 0.0
0.146773 -0.0509114 0.0
0.138597 -0.0553749 0.0
0.130181 -0.0608523 0.0
0.121515 -0.067658 0.0
0.112586 -0.0762092 0.0
0.103369 -0.0870587 0.0
0.0938249 -0.100933 0.0
0.0838856 -0.118771 0.0
0.0734447 -0.141754 0.0
0.0623445 -0.171311 0.0
0.0503694 -0.209099 0.0
0.0372379 -0.256982 0.0
0.0225335 -0.317176 0.0
0.00499168 -0.393518 0.0
-0.0154868 -0.491139 0.0
-0.0339615 -0.593031 0.0
-0.0421799 -0.653511 0.0
-0.0334118 -0.579586 0.0
-0.0120767 -0.199348 0.0
-0.00059245 0.000710347 0.0
-0.00357405 0.00789541 0.0
-0.00919715 0.0161228 0.0
-0.015778 0.0242291 0.0
-0.0221469 0.0320738 0.0
-0.027626 0.0397943 0.0
-0.0318464 0.0475273 0.0
-0.0346138 0.0553372 0.0
-0.0358379 0.0632088 0.0
-0.0354998 0.0710596 0.0
-0.0336371 0.0787576 0.0
-0.0303318 0.0861521 0.0
-0.0257034 0.0930836 0.0
-0.0198957 0.099433 0.0
-0.0130598 0.105106 0.0
-0.00535379 0.110026 0.0
0.00303272 0.114146 0.0
0.0118654 0.1174 0.0
0.0210267 0.119764 0.0
0.0305035 0.121362 0.0
0.0402449 0.122285 0.0
0.0501884 0.12262 0.0
0.0602682 0.122444 0.0
0.0704204 0.121826 0.0
0.0805861 0.120826 0.0
0.090714 0.119495 0.0
0.10076 0.11788 0.0
0.110687 0.116019 0.0
0.120462 0.113948 0.0
0.130061 0.111698 0.0
0.139461 0.109298 0.0
0.148645 0.106772 0.0
0.157596 0.104143 0.0
0.166303 0.101431 0.0
0.174757 0.098653 0.0
0.182949 0.0958264 0.0
0.190873 0.092965 0.0
0.198526 0.0900816 0.0
0.205904 0.0871875 0.0
0.213006 0.0842931 0.0
0.219832 0.081407 0.0
0.226381 0.0785374 0.0
0.232655 0.075691 0.0
0.238655 0.0728739 0.0
0.244385 0.0700912 0.0
0.249847 0.0673472 0.0
0.255044 0.0646457 0.0
0.25998 0.0619896 0.0
0.26466 0.0593814 0.0
0.269087 0.0568229 0.0
0.273265 0.0543155 0.0
0.2772 0.0518602 0.0
0.280894 0.0494574 0.0
0.284354 0.0471074 0.0
0.287582 0.04481 0.0
0.290583 0.0425647 0.0
0.293362 0.040371 0.0
0.295922 0.038228 0.0
0.298266 0.0361346 0.0
0.3004 0.0340897 0.0
0.302326 0.0320919 0.0
0.304047 0.0301399 0.0
0.305567 0.0282323 0.0
0.306888 0.0263675 0.0
0.308013 0.0245441 0.0
0.308945 0.0227605 0.0
0.309686 0.0210153 0.0
0.310237 0.0193069 0.0
0.310601 0.017634 0.0
0.310779 0.0159952 0.0
0.310772 0.0143892 0.0
0.310583 0.0128149 0.0
0.310211 0.0112711 0.0
0.309659 0.00975682 0.0
0.308927 0.00827121 0.0
0.308015 0.00681349 0.0
0.306925 0.00538292 0.0
0.305656 0.00397873 0.0
0.30421 0.00259931 0.0
0.302582 0.00124018 0.0
0.300764 -0.000104328 0.0
0.298757 -0.00143415 0.0
0.296569 -0.00274633 0.0
0.294201 -0.00403794 0.0
0.291652 -0.00531066 0.0
0.288923 -0.00656406 0.0
0.286014 -0.00779843 0.0
0.282923 -0.00901403 0.0
0.279652 -0.0102109 0.0
0.2762 -0.0113896 0.0
0.272566 -0.0125507 0.0
0.268751 -0.0136949 0.0
0.264754 -0.0148234 0.0
0.260576 -0.015938 0.0
0.256215 -0.0170408 0.0
0.251672 -0.018135 0.0
0.246947 -0.0192247 0.0
0.242039 -0.0203152 0.0
0.236948 -0.0214135 0.0
0.231673 -0.0225285 0.0
0.226214 -0.0236717 0.0
0.220569 -0.0248575 0.0
0.214737 -0.0261045 0.0
0.208715 -0.0274362 0.0
0.2025 -0.0288824 0.0
0.196089 -0.0304816 0.0
0.189476 -0.0322826 0.0
0.182655 -0.0343484 0.0
0.175618 -0.0367598 0.0
0.168354 -0.0396219 0.0
0.160853 -0.0430711 0.0
0.153099 -0.0472857 0.0
0.145075 -0.0525004 0.0
0.136755 -0.0590243 0.0
0.128107 -0.0672661 0.0
0.119086 -0.0777639 0.0
0.109623 -0.0912206 0.0
0.0996192 -0.10854 0.0
0.0889297 -0.130855 0.0
0.0773553 -0.159536 0.0
0.0646348 -0.196178 0.0
0.0504451 -0.242581 0.0
0.0343794 -0.300807 0.0
0.0157594 -0.373725 0.0
-0.00684514 -0.467849 0.0
-0.0296612 -0.575031 0.0
-0.0427299 -0.650224 0.0
-0.0369892 -0.597382 0.0
-0.0142259 -0.22565 0.0
-0.000970956 0.00227375 0.0
-0.00539878 0.0137414 0.0
-0.0132052 0.0237063 0.0
-0.0218247 0.0318459 0.0
-0.0298114 0.0388128 0.0
-0.0364829 0.0452059 0.0
-0.0415438 0.051397 0.0
-0.0448819 0.0575729 0.0
-0.0464769 0.0637921 0.0
-0.0463628 0.0700243 0.0
-0.0446134 0.0761809 0.0
-0.0413341 0.0821441 0.0
-0.036657 0.0877862 0.0
-0.0307326 0.0929984 0.0
-0.0237186 0.0976911 0.0
-0.0157768 0.101794 0.0
-0.00706429 0.10528 0.0
0.00224707 0.108122 0.0
0.0119136 0.110214 0.0
0.0218157 0.111533 0.0
0.0319697 0.112219 0.0
0.0423362 0.112376 0.0
0.0528529 0.112091 0.0
0.0634508 0.111429 0.0
0.0740655 0.110442 0.0
0.084641 0.109175 0.0
0.0951301 0.107665 0.0
0.105494 0.105944 0.0
0.115698 0.104042 0.0
0.125718 0.101986 0.0
0.135529 0.0997991 0.0
0.145113 0.0975033 0.0
0.154455 0.0951178 0.0
0.163543 0.0926603 0.0
0.172367 0.0901462 0.0
0.180919 0.0875897 0.0
0.189192 0.0850034 0.0
0.197184 0.0823986 0.0
0.204891 0.0797853 0.0
0.212311 0.0771726 0.0
0.219445 0.0745684 0.0
0.226292 0.0719797 0.0
0.232855 0.0694127 0.0
0.239134 0.0668725 0.0
0.245133 0.064364 0.0
0.250854 0.061891 0.0
0.256302 0.0594567 0.0
0.26148 0.057064 0.0
0.266393 0.0547149 0.0
0.271044 0.0524112 0.0
0.275439 0.0501542 0.0
0.279581 0.0479448 0.0
0.283476 0.0457834 0.0
0.287128 0.0436703 0.0
0.290541 0.0416054 0.0
0.293721 0.0395883 0.0
0.296671 0.0376186 0.0
0.299397 0.0356954 0.0
0.301901 0.033818 0.0
0.304188 0.0319854 0.0
0.306262 0.0301963 0.0
0.308127 0.0284496 0.0
0.309786 0.0267441 0.0
0.311242 0.0250785 0.0
0.312498 0.0234515 0.0
0.313557 0.0218618 0.0
0.314423 0.020308 0.0
0.315097 0.018789 0.0
0.315582 0.0173034 0.0
0.31588 0.0158501 0.0
0.315992 0.014428 0.0
0.315922 0.013036 0.0
0.31567 0.0116733 0.0
0.315238 0.0103388 0.0
0.314628 0.00903191 0.0
0.31384 0.00775179 0.0
0.312878 0.00649781 0.0
0.31174 0.00526933 0.0
0.31043 0.0040655 0.0
0.308947 0.002885 0.0
0.307291 0.0017253 0.0
0.305454 0.00058024 0.0
0.303431 -0.000549724 0.0
0.30123 -0.00166577 0.0
0.29886 -0.0027643 0.0
0.296321 -0.00384288 0.0
0.293614 -0.00490295 0.0
0.29074 -0.00594479 0.0
0.287699 -0.00696778 0.0
0.284491 -0.00797297 0.0
0.281119 -0.00896098 0.0
0.277581 -0.00993229 0.0
0.27388 -0.0108882 0.0
0.270016 -0.0118303 0.0
0.265989 -0.0127607 0.0
0.261799 -0.0136826 0.0
0.257447 -0.0145999 0.0
0.252933 -0.0155179 0.0
0.248257 -0.0164434 0.0
0.243418 -0.017385 0.0
0.238416 -0.0183537 0.0
0.233249 -0.0193636 0.0
0.227915 -0.0204323 0.0
0.222411 -0.0215825 0.0
0.216732 -0.022843 0.0
0.210873 -0.0242507 0.0
0.204825 -0.0258529 0.0
0.198579 -0.0277108 0.0
0.192122 -0.0299028 0.0
0.185437 -0.0325312 0.0
0.178506 -0.0357291 0.0
0.171302 -0.0396704 0.0
0.163795 -0.0445837 0.0
0.155944 -0.0507696 0.0
0.147694 -0.0586236 0.0
0.138973 -0.0686641 0.0
0.129681 -0.081565 0.0
0.119677 -0.0981883 0.0
0.108772 -0.119612 0.0
0.0967136 -0.147145 0.0
0.0831824 -0.182318 0.0
0.0678031 -0.226873 0.0
0.0501581 -0.282804 0.0
0.029737 -0.352687 0.0
0.00500306 -0.441548 0.0
-0.0221207 -0.551391 0.0
-0.0413271 -0.641588 0.0
-0.0399587 -0.613127 0.0
-0.0163758 -0.256252 0.0
-0.0015546 0.00479931 0.0
-0.00796846 0.0220576 0.0
-0.0184964 0.0337245 0.0
-0.0294356 0.0413863 0.0
-0.0391169 0.0469405 0.0
-0.0469347 0.0515674 0.0
-0.0527235 0.0558851 0.0
-0.0564876 0.060187 0.0
-0.0582978 0.0645833 0.0
-0.0582544 0.0690757 0.0
-0.0564759 0.0736015 0.0
-0.0530958 0.078064 0.0
-0.0482617 0.0823552 0.0
-0.0421321 0.0863754 0.0
-0.0348707 0.0900386 0.0
-0.0266423 0.0932759 0.0
-0.0176062 0.0960487 0.0
-0.00790728 0.0983424 0.0
0.0022918 0.100128 0.0
0.0127511 0.101257 0.0
0.0233724 0.101719 0.0
0.0341938 0.101688 0.0
0.0451703 0.101285 0.0
0.0562287 0.100577 0.0
0.0672999 0.0996078 0.0
0.0783248 0.0984096 0.0
0.0892549 0.0970115 0.0
0.10005 0.0954388 0.0
0.110678 0.0937151 0.0
0.121109 0.0918617 0.0
0.131323 0.0898982 0.0
0.141301 0.0878426 0.0
0.151026 0.085711 0.0
0.160487 0.0835183 0.0
0.169673 0.0812778 0.0
0.178578 0.0790015 0.0
0.187196 0.0767004 0.0
0.195521 0.0743841 0.0
0.203553 0.0720615 0.0
0.211289 0.0697402 0.0
0.218729 0.0674273 0.0
0.225874 0.0651288 0.0
0.232725 0.0628502 0.0
0.239285 0.060596 0.0
0.245556 0.0583704 0.0
0.251542 0.0561768 0.0
0.257247 0.0540181 0.0
0.262675 0.0518967 0.0
0.26783 0.0498146 0.0
0.272716 0.0477734 0.0
0.27734 0.0457741 0.0
0.281705 0.0438175 0.0
0.285817 0.0419043 0.0
0.28968 0.0400345 0.0
0.293299 0.0382082 0.0
0.29668 0.036425 0.0
0.299827 0.0346847 0.0
0.302745 0.0329865 0.0
0.305438 0.0313297 0.0
0.307911 0.0297136 0.0
0.310167 0.028137 0.0
0.312212 0.0265992 0.0
0.31405 0.0250988 0.0
0.315682 0.0236349 0.0
0.317115 0.0222064 0.0
0.31835 0.0208121 0.0
0.319391 0.0194509 0.0
0.320242 0.0181217 0.0
0.320904 0.0168234 0.0
0.321382 0.0155551 0.0
0.321676 0.0143157 0.0
0.321791 0.0131044 0.0
0.321727 0.0119203 0.0
0.321488 0.0107626 0.0
0.321076 0.00963071 0.0
0.320493 0.00852385 0.0
0.31974 0.00744144 0.0
0.31882 0.00638288 0.0
0.317734 0.00534753 0.0
0.316485 0.00433463 0.0
0.315075 0.00334322 0.0
0.313502 0.00237203 0.0
0.311766 0.00141719 0.0
0.30986 0.000474754 0.0
0.307778 -0.000453485 0.0
0.305532 -0.00136902 0.0
0.303133 -0.00227012 0.0
0.300583 -0.00315393 0.0
0.297884 -0.00401855 0.0
0.295037 -0.00486731 0.0
0.292043 -0.00570031 0.0
0.288904 -0.00651702 0.0
0.285621 -0.00731927 0.0
0.282195 -0.00810869 0.0
0.278627 -0.00888701 0.0
0.274918 -0.00965715 0.0
0.271067 -0.010423 0.0
0.267076 -0.0111896 0.0
0.262944 -0.0119635 0.0
0.258671 -0.0127529 0.0
0.254256 -0.0135683 0.0
0.249697 -0.0144228 0.0
0.244991 -0.0153332 0.0
0.240134 -0.0163206 0.0
0.23512 -0.0174123 0.0
0.229941 -0.0186432 0.0
0.224586 -0.0200584 0.0
0.219043 -0.0217158 0.0
0.213293 -0.0236905 0.0
0.207314 -0.0260803 0.0
0.201079 -0.0290128 0.0
0.19455 -0.0326548 0.0
0.187683 -0.0372253 0.0
0.180418 -0.0430118 0.0
0.172678 -0.0503915 0.0
0.164359 -0.0598565 0.0
0.155323 -0.0720439 0.0
0.145384 -0.0877663 0.0
0.134293 -0.108039 0.0
0.121734 -0.1341 0.0
0.107312 -0.16741 0.0
0.0905703 -0.20966 0.0
0.0710157 -0.262817 0.0
0.0481228 -0.32936 0.0
0.021142 -0.413161 0.0
-0.0103497 -0.521164 0.0
-0.0369798 -0.625979 0.0
-0.0417182 -0.625365 0.0
-0.0183433 -0.290971 0.0
-0.00245636 0.00881027 0.0
-0.0115644 0.0335685 0.0
-0.0253791 0.046556 0.0
-0.038833 0.0529479 0.0
-0.0501671 0.0563944 0.0
-0.0589719 0.0587361 0.0
-0.0652826 0.0608159 0.0
-0.0692588 0.0629965 0.0
-0.0710818 0.065407 0.0
-0.0709271 0.068054 0.0
-0.0689609 0.0708786 0.0
-0.0653446 0.0737905 0.0
-0.0602407 0.0766907 0.0
-0.053815 0.0794847 0.0
-0.0462354 0.0820883 0.0
-0.0376691 0.0844314 0.0
-0.0282762 0.0864641 0.0
-0.0182019 0.0881537 0.0
-0.00756995 0.0894858 0.0
0.00345517 0.0904151 0.0
0.0146628 0.0907319 0.0
0.0259989 0.0905175 0.0
0.0374754 0.0900031 0.0
0.0490177 0.0892589 0.0
0.0605563 0.0883167 0.0
0.0720339 0.0871982 0.0
0.0834038 0.0859228 0.0
0.0946273 0.0845087 0.0
0.105672 0.082973 0.0
0.116512 0.0813322 0.0
0.127124 0.0796017 0.0
0.137491 0.0777956 0.0
0.147596 0.0759273 0.0
0.157429 0.0740086 0.0
0.166979 0.0720508 0.0
0.176239 0.0700636 0.0
0.185203 0.0680564 0.0
0.193868 0.0660372 0.0
0.202232 0.0640134 0.0
0.210292 0.0619917 0.0
0.21805 0.0599779 0.0
0.225506 0.0579772 0.0
0.232663 0.0559943 0.0
0.239522 0.0540331 0.0
0.246086 0.0520972 0.0
0.25236 0.0501896 0.0
0.258348 0.0483126 0.0
0.264054 0.0464686 0.0
0.269483 0.0446591 0.0
0.274639 0.0428855 0.0
0.279529 0.0411488 0.0
0.284157 0.0394498 0.0
0.288528 0.0377889 0.0
0.292649 0.0361663 0.0
0.296524 0.0345821 0.0
0.300158 0.033036 0.0
0.303557 0.0315277 0.0
0.306726 0.0300567 0.0
0.30967 0.0286224 0.0
0.312394 0.0272242 0.0
0.314903 0.0258611 0.0
0.3172 0.0245325 0.0
0.319291 0.0232372 0.0
0.32118 0.0219745 0.0
0.322871 0.0207434 0.0
0.324368 0.019543 0.0
0.325675 0.0183722 0.0
0.326795 0.0172302 0.0
0.327731 0.016116 0.0
0.328488 0.0150288 0.0
0.329067 0.0139677 0.0
0.329473 0.012932 0.0
0.329708 0.0119209 0.0
0.329776 0.0109337 0.0
0.329678 0.00996987 0.0
0.329417 0.00902872 0.0
0.328997 0.00810969 0.0
0.328419 0.00721224 0.0
0.327687 0.00633581 0.0
0.326802 0.00547982 0.0
0.325768 0.00464363 0.0
0.324585 0.00382655 0.0
0.323256 0.00302735 0.0
0.321782 0.00224576 0.0
0.320161 0.00147781 0.0
0.318387 0.000720153 0.0
0.316453 -2.5852e-05 0.0
0.314364 -0.000760134 0.0
0.312136 -0.00148557 0.0
0.309782 -0.00219826 0.0
0.307302 -0.00289623 0.0
0.304697 -0.00357732 0.0
0.301967 -0.00424615 0.0
0.299115 -0.00490374 0.0
0.296142 -0.00555046 0.0
0.293047 -0.00618956 0.0
0.289832 -0.00682457 0.0
0.286495 -0.00746039 0.0
0.283038 -0.00810327 0.0
0.279459 -0.00876098 0.0
0.275757 -0.00944313 0.0
0.27193 -0.0101618 0.0
0.267974 -0.0109324 0.0
0.263884 -0.0117745 0.0
0.259653 -0.0127132 0.0
0.25527 -0.0137808 0.0
0.250723 -0.0150193 0.0
0.245994 -0.0164825 0.0
0.241061 -0.018241 0.0
0.235896 -0.0203861 0.0
0.230463 -0.0230376 0.0
0.224713 -0.0263521 0.0
0.218587 -0.0305353 0.0
0.212006 -0.0358563 0.0
0.204867 -0.0426673 0.0
0.197031 -0.0514265 0.0
0.188318 -0.0627248 0.0
0.178487 -0.0773148 0.0
0.167225 -0.0961381 0.0
0.154132 -0.120348 0.0
0.138723 -0.151329 0.0
0.120437 -0.190714 0.0
0.0986808 -0.240453 0.0
0.0728858 -0.303037 0.0
0.0425455 -0.382163 0.0
0.00650332 -0.484627 0.0
-0.0281093 -0.601272 0.0
-0.0413879 -0.632055 0.0
-0.0198649 -0.329179 0.0
-0.00385952 0.0151261 0.0
-0.0165821 0.0490833 0.0
-0.0341858 0.0624595 0.0
-0.050134 0.0664467 0.0
-0.0628381 0.0669338 0.0
-0.0722573 0.0664205 0.0
-0.0787159 0.0659008 0.0
-0.0825688 0.0657406 0.0
-0.0841208 0.066038 0.0
-0.0836227 0.0667701 0.0
-0.0812828 0.0678565 0.0
-0.0772822 0.0691957 0.0
-0.0717903 0.0706897 0.0
-0.0649759 0.0722457 0.0
-0.0570074 0.0737792 0.0
-0.0480519 0.0752186 0.0
-0.03827 0.0765023 0.0
-0.0278058 0.0775768 0.0
-0.0167725 0.0783975 0.0
-0.00526179 0.0789676 0.0
0.006551 0.079159 0.0
0.0185082 0.0787972 0.0
0.0305482 0.0782068 0.0
0.0426068 0.0774542 0.0
0.0546295 0.0765602 0.0
0.0665693 0.0755373 0.0
0.0783857 0.0743974 0.0
0.0900438 0.0731525 0.0
0.101514 0.0718143 0.0
0.11277 0.0703948 0.0
0.123791 0.0689053 0.0
0.13456 0.0673566 0.0
0.145062 0.0657587 0.0
0.155286 0.0641212 0.0
0.165221 0.0624526 0.0
0.174862 0.0607611 0.0
0.184203 0.0590538 0.0
0.19324 0.0573375 0.0
0.201972 0.0556181 0.0
0.210397 0.053901 0.0
0.218517 0.0521912 0.0
0.226331 0.0504929 0.0
0.233844 0.04881 0.0
0.241056 0.0471458 0.0
0.247973 0.0455032 0.0
0.254598 0.0438847 0.0
0.260935 0.0422925 0.0
0.26699 0.0407283 0.0
0.272767 0.0391936 0.0
0.278272 0.0376895 0.0
0.28351 0.036217 0.0
0.288487 0.0347767 0.0
0.293208 0.0333689 0.0
0.29768 0.0319939 0.0
0.301908 0.0306518 0.0
0.305898 0.0293423 0.0
0.309655 0.0280653 0.0
0.313184 0.0268203 0.0
0.316492 0.0256069 0.0
0.319584 0.0244245 0.0
0.322464 0.0232724 0.0
0.325137 0.02215 0.0
0.327609 0.0210565 0.0
0.329885 0.0199911 0.0
0.331967 0.0189531 0.0
0.333862 0.0179417 0.0
0.335573 0.0169561 0.0
0.337104 0.0159954 0.0
0.338459 0.0150591 0.0
0.339642 0.0141462 0.0
0.340657 0.0132562 0.0
0.341506 0.0123883 0.0
0.342193 0.011542 0.0
0.342722 0.0107166 0.0
0.343095 0.00991152 0.0
0.343317 0.00912631 0.0
0.343389 0.00836044 0.0
0.343314 0.00761341 0.0
0.343096 0.00688474 0.0
0.342738 0.00617393 0.0
0.342242 0.0054805 0.0
0.34161 0.00480392 0.0
0.340845 0.00414363 0.0
0.33995 0.00349926 0.0
0.338925 0.00286964 0.0
0.337773 0.00225479 0.0
0.336494 0.00165244 0.0
0.335086 0.00105904 0.0
0.333537 0.000471195 0.0
0.331844 -0.000107438 0.0
0.330014 -0.000677548 0.0
0.328066 -0.00124306 0.0
0.326016 -0.00179981 0.0
0.323863 -0.00234586 0.0
0.321608 -0.00287937 0.0
0.319248 -0.00340628 0.0
0.316785 -0.00392878 0.0
0.314217 -0.00445179 0.0
0.311544 -0.00498147 0.0
0.308765 -0.005525 0.0
0.305879 -0.00609104 0.0
0.302882 -0.0066904 0.0
0.299771 -0.0073368 0.0
0.296539 -0.00804782 0.0
0.293176 -0.0088461 0.0
0.289672 -0.00976087 0.0
0.28601 -0.01083 0.0
0.28217 -0.0121027 0.0
0.278124 -0.0136429 0.0
0.27384 -0.0155344 0.0
0.269271 -0.0178865 0.0
0.26436 -0.0208425 0.0
0.25903 -0.0245898 0.0
0.253183 -0.0293738 0.0
0.246688 -0.0355145 0.0
0.239371 -0.0434267 0.0
0.231004 -0.0536444 0.0
0.221286 -0.0668468 0.0
0.209829 -0.0838869 0.0
0.196142 -0.105819 0.0
0.179624 -0.133931 0.0
0.159582 -0.169785 0.0
0.135273 -0.215316 0.0
0.105977 -0.273082 0.0
0.0711003 -0.3469 0.0
0.03027 -0.443018 0.0
-0.0130322 -0.564968 0.0
-0.037769 -0.630345 0.0
-0.0205688 -0.369613 0.0
-0.00606966 0.0250553 0.0
-0.0235731 0.0693802 0.0
-0.0451663 0.0813597 0.0
-0.0630793 0.0814078 0.0
-0.0763682 0.0779658 0.0
-0.0856045 0.074044 0.0
-0.0915055 0.0706371 0.0
-0.0946526 0.0680042 0.0
-0.0954711 0.066145 0.0
-0.0942717 0.0649655 0.0
-0.091287 0.0643365 0.0
-0.0866962 0.0641242 0.0
-0.0806586 0.0642317 0.0
-0.0733353 0.064566 0.0
-0.064886 0.0650411 0.0
-0.055471 0.0655863 0.0
-0.0452494 0.0661311 0.0
-0.0343646 0.0665989 0.0
-0.0229058 0.0668834 0.0
-0.0109392 0.0670044 0.0
0.00147266 0.0668976 0.0
0.0141111 0.066463 0.0
0.026751 0.0658612 0.0
0.0393513 0.0651409 0.0
0.0518816 0.0643206 0.0
0.0643087 0.06341 0.0
0.0765998 0.0624173 0.0
0.0887244 0.06135 0.0
0.100655 0.060216 0.0
0.112369 0.059023 0.0
0.123846 0.0577789 0.0
0.135069 0.0564912 0.0
0.146024 0.055167 0.0
0.1567 0.0538133 0.0
0.167089 0.0524364 0.0
0.177183 0.0510424 0.0
0.186978 0.0496367 0.0
0.196471 0.0482246 0.0
0.205659 0.0468107 0.0
0.214543 0.0453991 0.0
0.223123 0.0439937 0.0
0.231401 0.042598 0.0
0.239379 0.0412149 0.0
0.24706 0.0398472 0.0
0.254448 0.0384971 0.0
0.261547 0.0371669 0.0
0.268362 0.0358581 0.0
0.274898 0.0345723 0.0
0.28116 0.0333106 0.0
0.287153 0.032074 0.0
0.292885 0.0308633 0.0
0.298359 0.029679 0.0
0.303583 0.0285215 0.0
0.308561 0.0273909 0.0
0.313301 0.0262874 0.0
0.317807 0.0252109 0.0
0.322086 0.0241611 0.0
0.326142 0.0231379 0.0
0.329983 0.0221408 0.0
0.333613 0.0211694 0.0
0.337037 0.0202232 0.0
0.340261 0.0193016 0.0
0.343289 0.0184042 0.0
0.346127 0.0175302 0.0
0.34878 0.016679 0.0
0.35125 0.0158501 0.0
0.353544 0.0150428 0.0
0.355665 0.0142565 0.0
0.357618 0.0134905 0.0
0.359405 0.0127443 0.0
0.361032 0.0120173 0.0
0.362501 0.011309 0.0
0.363816 0.0106188 0.0
0.364981 0.0099462 0.0
0.365999 0.0092908 0.0
0.366872 0.00865213 0.0
0.367605 0.00802976 0.0
0.3682 0.00742327 0.0
0.368661 0.00683226 0.0
0.368989 0.00625632 0.0
0.369189 0.00569504 0.0
0.369262 0.00514804 0.0
0.369211 0.00461493 0.0
0.369039 0.00409536 0.0
0.368748 0.00358887 0.0
0.368341 0.0030952 0.0
0.367818 0.00261339 0.0
0.367183 0.00214259 0.0
0.366435 0.00168368 0.0
0.365575 0.00123279 0.0
0.3646 0.000786844 0.0
0.3635 0.000341449 0.0
0.362265 -9.90953e-05 0.0
0.360906 -0.00053553 0.0
0.359444 -0.000971784 0.0
0.357893 -0.00140326 0.0
0.356252 -0.00182739 0.0
0.354518 -0.00225106 0.0
0.35269 -0.00268092 0.0
0.350766 -0.00312335 0.0
0.348745 -0.00358577 0.0
0.346624 -0.00407747 0.0
0.344395 -0.00461028 0.0
0.342053 -0.0051995 0.0
0.339586 -0.00586489 0.0
0.33698 -0.00663206 0.0
0.334218 -0.00753428 0.0
0.331274 -0.0086149 0.0
0.328119 -0.00993043 0.0
0.324712 -0.0115547 0.0
0.320999 -0.0135843 0.0
0.316911 -0.0161455 0.0
0.312357 -0.0194034 0.0
0.307217 -0.0235732 0.0
0.301332 -0.0289348 0.0
0.294492 -0.0358499 0.0
0.286422 -0.0447831 0.0
0.276757 -0.0563256 0.0
0.265029 -0.0712237 0.0
0.250645 -0.0904111 0.0
0.232877 -0.115053 0.0
0.210868 -0.146613 0.0
0.183678 -0.186989 0.0
0.150371 -0.238807 0.0
0.110188 -0.306116 0.0
0.0629158 -0.395698 0.0
0.00996133 -0.51603 0.0
-0.02862 -0.615964 0.0
-0.0198161 -0.409998 0.0
-0.00961415 0.0407391 0.0
-0.0332582 0.0948438 0.0
-0.0581083 0.102339 0.0
-0.0762852 0.0965179 0.0
-0.088325 0.0881843 0.0
-0.095721 0.0804577 0.0
-0.0996739 0.0740773 0.0
-0.10099 0.0690274 0.0
-0.100177 0.0651268 0.0
-0.0975651 0.0621727 0.0
-0.0933832 0.0599627 0.0
-0.0877716 0.0582956 0.0
-0.0808482 0.0570993 0.0
-0.0727523 0.0562793 0.0
-0.0636152 0.0557413 0.0
-0.0535713 0.0554272 0.0
-0.0427619 0.0552592 0.0
-0.0313281 0.0551521 0.0
-0.0193213 0.0548645 0.0
-0.006734 0.0544695 0.0
0.00628411 0.0540026 0.0
0.0194693 0.0535344 0.0
0.0326607 0.0529586 0.0
0.0458079 0.052296 0.0
0.0588782 0.051565 0.0
0.0718404 0.0507762 0.0
0.0846648 0.0499357 0.0
0.0973233 0.0490484 0.0
0.109791 0.0481189 0.0
0.122045 0.0471517 0.0
0.134068 0.0461511 0.0
0.145842 0.0451218 0.0
0.157355 0.0440683 0.0
0.168596 0.042995 0.0
0.179556 0.0419061 0.0
0.190228 0.0408058 0.0
0.200609 0.0396977 0.0
0.210694 0.0385856 0.0
0.220483 0.0374727 0.0
0.229974 0.0363621 0.0
0.239168 0.0352567 0.0
0.248066 0.0341589 0.0
0.256671 0.033071 0.0
0.264986 0.0319951 0.0
0.273014 0.030933 0.0
0.28076 0.0298862 0.0
0.288228 0.0288562 0.0
0.295422 0.0278439 0.0
0.302348 0.0268505 0.0
0.309012 0.0258767 0.0
0.315418 0.0249231 0.0
0.321573 0.0239901 0.0
0.327482 0.0230781 0.0
0.33315 0.0221873 0.0
0.338584 0.0213177 0.0
0.343789 0.0204694 0.0
0.34877 0.0196423 0.0
0.353534 0.0188361 0.0
0.358086 0.0180506 0.0
0.36243 0.0172855 0.0
0.366573 0.0165404 0.0
0.370518 0.015815 0.0
0.374272 0.0151087 0.0
0.377838 0.0144213 0.0
0.381222 0.0137521 0.0
0.384427 0.0131008 0.0
0.387459 0.0124668 0.0
0.39032 0.0118497 0.0
0.393016 0.011249 0.0
0.395551 0.0106642 0.0
0.397926 0.010095 0.0
0.400148 0.00954079 0.0
0.402218 0.0090013 0.0
0.404141 0.00847609 0.0
0.40592 0.00796479 0.0
0.407557 0.00746705 0.0
0.409057 0.00698251 0.0
0.410421 0.00651085 0.0
0.411654 0.00605174 0.0
0.412757 0.00560485 0.0
0.413734 0.00516988 0.0
0.414588 0.00474652 0.0
0.41532 0.0043345 0.0
0.415935 0.00393355 0.0
0.416433 0.0035434 0.0
0.416817 0.00316372 0.0
0.417091 0.00279403 0.0
0.417254 0.00243397 0.0
0.417311 0.00208345 0.0
0.417263 0.00174107 0.0
0.41711 0.00140599 0.0
0.416854 0.00107929 0.0
0.416495 0.000756491 0.0
0.416028 0.000434058 0.0
0.415442 0.00010727 0.0
0.414731 -0.000219739 0.0
0.413911 -0.000549988 0.0
0.412998 -0.000881361 0.0
0.411994 -0.00121882 0.0
0.410899 -0.00156706 0.0
0.40971 -0.00193189 0.0
0.408421 -0.00232089 0.0
0.407026 -0.0027439 0.0
0.405517 -0.00321369 0.0
0.40388 -0.00374685 0.0
0.4021 -0.00436494 0.0
0.400157 -0.00509599 0.0
0.398024 -0.00597654 0.0
0.395665 -0.00705423 0.0
0.393032 -0.00839126 0.0
0.390067 -0.0100688 0.0
0.386686 -0.0121929 0.0
0.382786 -0.0149015 0.0
0.378225 -0.0183739 0.0
0.372817 -0.022842 0.0
0.366319 -0.0286048 0.0
0.358407 -0.0360451 0.0
0.348659 -0.0456507 0.0
0.336528 -0.0580408 0.0
0.321321 -0.0740022 0.0
0.30217 -0.0945425 0.0
0.278038 -0.120982 0.0
0.247733 -0.155125 0.0
0.209997 -0.199628 0.0
0.163679 -0.258794 0.0
0.108137 -0.340206 0.0
0.0447052 -0.455136 0.0
-0.0109004 -0.582671 0.0
-0.0165907 -0.446405 0.0
-0.0153802 0.0657335 0.0
-0.0462107 0.124324 0.0
-0.0709363 0.122435 0.0
-0.0850397 0.108703 0.0
-0.0918686 0.0948683 0.0
-0.0940697 0.083371 0.0
-0.0933046 0.0743518 0.0
-0.0905159 0.0672805 0.0
-0.086178 0.0617222 0.0
-0.0805634 0.0573511 0.0
-0.0738579 0.0538969 0.0
-0.0661256 0.0510174 0.0
-0.0574109 0.0487393 0.0
-0.0478204 0.046953 0.0
-0.0374228 0.0455327 0.0
-0.0262876 0.0444567 0.0
-0.0144767 0.0436094 0.0
-0.00198868 0.0428801 0.0
0.0109994 0.0421416 0.0
0.0242291 0.0413754 0.0
0.0376256 0.040682 0.0
0.051181 0.0401144 0.0
0.0648394 0.0395287 0.0
0.0785071 0.0389109 0.0
0.092122 0.038265 0.0
0.105641 0.0375951 0.0
0.11903 0.0369034 0.0
0.132261 0.0361914 0.0
0.145309 0.0354603 0.0
0.158153 0.0347116 0.0
0.170775 0.0339467 0.0
0.183159 0.0331675 0.0
0.195293 0.032376 0.0
0.207165 0.0315743 0.0
0.218767 0.0307646 0.0
0.230093 0.0299491 0.0
0.241137 0.0291301 0.0
0.251895 0.0283096 0.0
0.262365 0.0274898 0.0
0.272547 0.0266725 0.0
0.28244 0.0258597 0.0
0.292044 0.0250529 0.0
0.301362 0.0242537 0.0
0.310396 0.0234636 0.0
0.319149 0.0226837 0.0
0.327624 0.0219151 0.0
0.335825 0.0211589 0.0
0.343755 0.0204159 0.0
0.351421 0.0196867 0.0
0.358826 0.018972 0.0
0.365975 0.0182723 0.0
0.372873 0.0175878 0.0
0.379526 0.0169188 0.0
0.385939 0.0162656 0.0
0.392116 0.0156282 0.0
0.398063 0.0150066 0.0
0.403786 0.0144008 0.0
0.409289 0.0138107 0.0
0.414578 0.013236 0.0
0.419657 0.0126766 0.0
0.424531 0.0121323 0.0
0.429206 0.0116028 0.0
0.433686 0.0110877 0.0
0.437975 0.0105868 0.0
0.442078 0.0100998 0.0
0.445999 0.00962622 0.0
0.449743 0.00916582 0.0
0.453314 0.00871823 0.0
0.456715 0.0082831 0.0
0.459951 0.00786011 0.0
0.463025 0.00744893 0.0
0.465942 0.00704924 0.0
0.468703 0.00666074 0.0
0.471314 0.00628312 0.0
0.473777 0.00591612 0.0
0.476096 0.00555944 0.0
0.478274 0.00521284 0.0
0.480314 0.00487605 0.0
0.482219 0.00454882 0.0
0.483992 0.0042309 0.0
0.485637 0.00392207 0.0
0.487156 0.0036221 0.0
0.488551 0.0033308 0.0
0.489826 0.00304801 0.0
0.490983 0.00277363 0.0
0.492025 0.00250727 0.0
0.492954 0.00224857 0.0
0.493772 0.00199723 0.0
0.494483 0.00175298 0.0
0.495087 0.00151524 0.0
0.495588 0.0012836 0.0
0.495988 0.00105799 0.0
0.496288 0.000836736 0.0
0.496489 0.000618891 0.0
0.496593 0.000405258 0.0
0.496597 0.000189771 0.0
0.496494 -3.67116e-05 0.0
0.496285 -0.000272491 0.0
0.495976 -0.000515256 0.0
0.495567 -0.000766829 0.0
0.495056 -0.00103119 0.0
0.494437 -0.00131409 0.0
0.493704 -0.0016232 0.0
0.492848 -0.00196857 0.0
0.491856 -0.00236326 0.0
0.490711 -0.00282425 0.0
0.489391 -0.00337361 0.0
0.487866 -0.00404004 0.0
0.486095 -0.00486096 0.0
0.484028 -0.00588507 0.0
0.481595 -0.00717577 0.0
0.478704 -0.00881543 0.0
0.475237 -0.0109109 0.0
0.471033 -0.0136 0.0
0.465885 -0.0170606 0.0
0.459517 -0.02152 0.0
0.451569 -0.0272691 0.0
0.441568 -0.0346781 0.0
0.428906 -0.0442206 0.0
0.412799 -0.0565081 0.0
0.392261 -0.0723484 0.0
0.36607 -0.092852 0.0
0.332758 -0.119639 0.0
0.290648 -0.155268 0.0
0.237991 -0.204177 0.0
0.173361 -0.274652 0.0
0.0971192 -0.381017 0.0
0.0200284 -0.524094 0.0
-0.00813352 -0.471129 0.0
-0.0241696 0.105283 0.0
-0.0599719 0.151407 0.0
-0.0736988 0.133804 0.0
-0.0735722 0.11131 0.0
-0.0671226 0.0926402 0.0
-0.0577219 0.0783995 0.0
-0.0470517 0.0678879 0.0
-0.0358683 0.0597723 0.0
-0.024356 0.0533803 0.0
-0.0125545 0.0482769 0.0
-0.000412444 0.0441237 0.0
0.0119816 0.0406643 0.0
0.0245203 0.037839 0.0
0.0372554 0.0355278 0.0
0.0502092 0.0336065 0.0
0.0634026 0.0320544 0.0
0.0768481 0.0307554 0.0
0.0904937 0.0296006 0.0
0.104295 0.0286313 0.0
0.118203 0.0277479 0.0
0.132153 0.026963 0.0
0.146135 0.0262962 0.0
0.160135 0.0256888 0.0
0.174106 0.0251115 0.0
0.188004 0.0245518 0.0
0.20179 0.0240035 0.0
0.215433 0.0234625 0.0
0.228909 0.0229257 0.0
0.242196 0.0223911 0.0
0.255276 0.0218569 0.0
0.268133 0.0213222 0.0
0.280754 0.0207863 0.0
0.293129 0.0202492 0.0
0.305247 0.019711 0.0
0.3171 0.0191721 0.0
0.328683 0.0186333 0.0
0.33999 0.0180951 0.0
0.351018 0.0175586 0.0
0.361763 0.0170246 0.0
0.372226 0.0164939 0.0
0.382404 0.0159675 0.0
0.392298 0.0154463 0.0
0.401909 0.0149311 0.0
0.411238 0.0144226 0.0
0.420289 0.0139216 0.0
0.429062 0.0134286 0.0
0.437563 0.0129443 0.0
0.445793 0.0124692 0.0
0.453757 0.0120036 0.0
0.46146 0.0115479 0.0
0.468905 0.0111025 0.0
0.476096 0.0106674 0.0
0.48304 0.0102429 0.0
0.48974 0.00982913 0.0
0.496201 0.00942605 0.0
0.502429 0.00903369 0.0
0.508428 0.00865201 0.0
0.514203 0.00828092 0.0
0.51976 0.00792033 0.0
0.525103 0.00757007 0.0
0.530238 0.00722999 0.0
0.535168 0.00689989 0.0
0.5399 0.00657956 0.0
0.544437 0.0062688 0.0
0.548784 0.00596737 0.0
0.552946 0.00567503 0.0
0.556927 0.00539156 0.0
0.560733 0.0051167 0.0
0.564366 0.00485023 0.0
0.567831 0.00459191 0.0
0.571132 0.0043415 0.0
0.574274 0.0040988 0.0
0.57726 0.00386358 0.0
0.580094 0.00363563 0.0
0.58278 0.00341475 0.0
0.585321 0.00320075 0.0
0.587721 0.00299344 0.0
0.589984 0.00279264 0.0
0.592113 0.00259816 0.0
0.594111 0.00240983 0.0
0.595982 0.0022275 0.0
0.597729 0.00205099 0.0
0.599356 0.0018802 0.0
0.600864 0.00171506 0.0
0.602258 0.00155577 0.0
0.60354 0.00140167 0.0
0.604712 0.00125247 0.0
0.605779 0.00110797 0.0
0.606743 0.000967963 0.0
0.607607 0.000832144 0.0
0.608372 0.000700229 0.0
0.609042 0.000571882 0.0
0.609618 0.000446313 0.0
0.610104 0.000322625 0.0
0.610502 0.000199409 0.0
0.61082 7.36379e-05 0.0
0.611057 -5.48556e-05 0.0
0.611203 -0.000190868 0.0
0.611248 -0.000332742 0.0
0.611189 -0.000481478 0.0
0.611023 -0.000639638 0.0
0.610748 -0.000811089 0.0
0.610355 -0.0010011 0.0
0.609837 -0.0012166 0.0
0.609181 -0.00146664 0.0
0.608368 -0.001763 0.0
0.607374 -0.00212097 0.0
0.606167 -0.00256043 0.0
0.604704 -0.00310723 0.0
0.602928 -0.0037949 0.0
0.600762 -0.00466693 0.0
0.598108 -0.00577954 0.0
0.594834 -0.0072052 0.0
0.590768 -0.0090369 0.0
0.585686 -0.0113935 0.0
0.579293 -0.0144263 0.0
0.571206 -0.0183275 0.0
0.560929 -0.0233418 0.0
0.547819 -0.0297842 0.0
0.531049 -0.0380687 0.0
0.509562 -0.0487627 0.0
0.482007 -0.0626918 0.0
0.446678 -0.081158 0.0
0.401446 -0.106407 0.0
0.34374 -0.142674 0.0
0.270686 -0.198471 0.0
0.179988 -0.290258 0.0
0.0761879 -0.433962 0.0
0.0111755 -0.468087 0.0
-0.0283245 0.157778 0.0
-0.0461401 0.152531 0.0
-0.0173036 0.117571 0.0
0.0192096 0.0909035 0.0
0.0536971 0.0721096 0.0
0.0845032 0.0587233 0.0
0.11221 0.0491874 0.0
0.137526 0.0419727 0.0
0.160846 0.0363479 0.0
0.182492 0.0318618 0.0
0.202702 0.0281872 0.0
0.221694 0.0252149 0.0
0.239676 0.0227677 0.0
0.2568 0.02074 0.0
0.273192 0.0190478 0.0
0.288968 0.0176436 0.0
0.304226 0.0164627 0.0
0.319027 0.0154471 0.0
0.333422 0.014588 0.0
0.347459 0.0138457 0.0
0.361171 0.0132037 0.0
0.374591 0.0126537 0.0
0.38775 0.012173 0.0
0.400663 0.0117426 0.0
0.413336 0.0113493 0.0
0.425772 0.0109843 0.0
0.437969 0.0106412 0.0
0.449925 0.0103152 0.0
0.461638 0.0100026 0.0
0.473103 0.00970042 0.0
0.484318 0.00940654 0.0
0.495279 0.00911926 0.0
0.505984 0.00883735 0.0
0.516429 0.00855996 0.0
0.526612 0.00828652 0.0
0.536531 0.00801669 0.0
0.546186 0.00775032 0.0
0.555574 0.00748738 0.0
0.564696 0.00722794 0.0
0.573552 0.00697217 0.0
0.582143 0.00672025 0.0
0.59047 0.0064724 0.0
0.598536 0.00622886 0.0
0.606341 0.00598986 0.0
0.613889 0.00575562 0.0
0.621184 0.00552637 0.0
0.628228 0.00530227 0.0
0.635025 0.0050835 0.0
0.64158 0.00487019 0.0
0.647897 0.00466244 0.0
0.653979 0.00446034 0.0
0.659833 0.00426394 0.0
0.665463 0.00407325 0.0
0.670874 0.00388829 0.0
0.67607 0.00370902 0.0
0.681058 0.0035354 0.0
0.685842 0.00336736 0.0
0.690427 0.00320482 0.0
0.694819 0.0030477 0.0
0.699023 0.00289587 0.0
0.703043 0.00274921 0.0
0.706886 0.00260761 0.0
0.710555 0.00247092 0.0
0.714057 0.00233901 0.0
0.717395 0.00221173 0.0
0.720574 0.00208894 0.0
0.7236 0.00197049 0.0
0.726476 0.00185626 0.0
0.729208 0.00174609 0.0
0.731799 0.00163986 0.0
0.734254 0.00153742 0.0
0.736576 0.00143866 0.0
0.73877 0.00134344 0.0
0.740841 0.00125167 0.0
0.74279 0.00116321 0.0
0.744623 0.00107796 0.0
0.746344 0.000995823 0.0
0.747954 0.000916691 0.0
0.749459 0.000840469 0.0
0.750861 0.000767062 0.0
0.752164 0.00069638 0.0
0.753371 0.000628332 0.0
0.754485 0.000562813 0.0
0.755509 0.000499638 0.0
0.756448 0.000438393 0.0
0.757306 0.00037944 0.0
0.758085 0.000322812 0.0
0.758787 0.000268416 0.0
0.759415 0.000216107 0.0
0.75997 0.000165701 0.0
0.760454 0.000116993 0.0
0.76087 6.97077e-05 0.0
0.761218 2.33744e-05 0.0
0.761501 -2.27492e-05 0.0
0.761717 -7.014e-05 0.0
0.761863 -0.000120181 0.0
0.761935 -0.000170567 0.0
0.761936 -0.000221413 0.0
0.761864 -0.000275351 0.0
0.761718 -0.000333677 0.0
0.761494 -0.000397842 0.0
0.761187 -0.00046985 0.0
0.760789 -0.000552435 0.0
0.760291 -0.000649234 0.0
0.759679 -0.000765019 0.0
0.758933 -0.000906014 0.0
0.758029 -0.00108031 0.0
0.756933 -0.00129843 0.0
0.755601 -0.001574 0.0
0.753974 -0.00192466 0.0
0.751976 -0.00237322 0.0
0.749506 -0.00294896 0.0
0.746433 -0.00368939 0.0
0.742588 -0.00464231 0.0
0.737751 -0.00586825 0.0
0.731636 -0.00744364 0.0
0.723877 -0.00946489 0.0
0.714005 -0.0120545 0.0
0.701414 -0.015371 0.0
0.68533 -0.019628 0.0
0.664746 -0.0251325 0.0
0.638347 -0.0323677 0.0
0.604372 -0.0421776 0.0
0.560407 -0.0561902 0.0
0.503017 -0.077796 0.0
0.427068 -0.114346 0.0
0.324664 -0.181281 0.0
0.187624 -0.3021 0.0
0.0547994 -0.402112 0.0
0.093051 0.093051 0.0
0.257113 0.0710108 0.0
0.377745 0.0496218 0.0
0.463726 0.0363589 0.0
0.527989 0.0279039 0.0
0.578002 0.0221095 0.0
0.618104 0.0179927 0.0
0.651026 0.0149291 0.0
0.678527 0.0125713 0.0
0.701808 0.0107105 0.0
0.721728 0.00920919 0.0
0.738933 0.00799592 0.0
0.753933 0.00700441 0.0
0.767125 0.00618747 0.0
0.778823 0.00551012 0.0
0.789281 0.00494755 0.0
0.798705 0.00447657 0.0
0.807259 0.00407809 0.0
0.815079 0.0037419 0.0
0.822277 0.00345616 0.0
0.828946 0.00321283 0.0
0.835165 0.00300591 0.0
0.840999 0.00282814 0.0
0.8465 0.00267311 0.0
0.85171 0.00253593 0.0
0.856658 0.00241292 0.0
0.861373 0.00230129 0.0
0.865873 0.00219886 0.0
0.870175 0.00210388 0.0
0.874294 0.00201498 0.0
0.87824 0.00193105 0.0
0.882023 0.00185123 0.0
0.885649 0.00177482 0.0
0.889125 0.00170133 0.0
0.892456 0.00163034 0.0
0.895648 0.00156156 0.0
0.898705 0.00149479 0.0
0.901629 0.00142988 0.0
0.904426 0.00136672 0.0
0.907098 0.00130526 0.0
0.909649 0.00124545 0.0
0.912081 0.00118729 0.0
0.914399 0.00113076 0.0
0.916606 0.00107588 0.0
0.918705 0.00102266 0.0
0.920698 0.000971096 0.0
0.922591 0.000921206 0.0
0.924385 0.000872991 0.0
0.926084 0.000826454 0.0
0.927692 0.000781588 0.0
0.929212 0.000738386 0.0
0.930648 0.00069683 0.0
0.932001 0.000656901 0.0
0.933277 0.000618572 0.0
0.934477 0.000581813 0.0
0.935606 0.000546589 0.0
0.936665 0.00051286 0.0
0.937658 0.000480585 0.0
0.938589 0.00044972 0.0
0.939459 0.000420217 0.0
0.940271 0.000392029 0.0
0.941028 0.000365107 0.0
0.941733 0.000339401 0.0
0.942387 0.000314862 0.0
0.942993 0.000291442 0.0
0.943554 0.000269093 0.0
0.944071 0.000247767 0.0
0.944546 0.00022742 0.0
0.944981 0.000208008 0.0
0.945379 0.000189488 0.0
0.94574 0.000171823 0.0
0.946067 0.000154972 0.0
0.946361 0.000138902 0.0
0.946623 0.000123577 0.0
0.946856 0.000108967 0.0
0.94706 9.50399e-05 0.0
0.947237 8.17677e-05 0.0
0.947387 6.91227e-05 0.0
0.947514 5.70786e-05 0.0
0.947616 4.56104e-05 0.0
0.947697 3.46931e-05 0.0
0.947756 2.42978e-05 0.0
0.947794 1.43692e-05 0.0
0.947813 4.71975e-06 0.0
0.947813 -5.25185e-06 0.0
0.947793 -1.47423e-05 0.0
0.947754 -2.36111e-05 0.0
0.947699 -3.18846e-05 0.0
0.947627 -3.96318e-05 0.0
0.947541 -4.69346e-05 0.0
0.94744 -5.38826e-05 0.0
0.947326 -6.05878e-05 0.0
0.947198 -6.72051e-05 0.0
0.947057 -7.39006e-05 0.0
0.946902 -8.06417e-05 0.0
0.946734 -8.72753e-05 0.0
0.946553 -9.43347e-05 0.0
0.946356 -0.000101935 0.0
0.946144 -0.000110628 0.0
0.945912 -0.000120803 0.0
0.945659 -0.000132862 0.0
0.945379 -0.000147348 0.0
0.945066 -0.000165002 0.0
0.944714 -0.000186823 0.0
0.944313 -0.000214126 0.0
0.943851 -0.00024863 0.0
0.943309 -0.000292574 0.0
0.942668 -0.000348862 0.0
0.941898 -0.000421254 0.0
0.940962 -0.000514607 0.0
0.939812 -0.000635164 0.0
0.938386 -0.000790917 0.0
0.936603 -0.000992035 0.0
0.93436 -0.00125137 0.0
0.931523 -0.00158509 0.0
0.927925 -0.0020134 0.0
0.92335 -0.00256161 0.0
0.917526 -0.00326178 0.0
0.910109 -0.00415575 0.0
0.900652 -0.00530145 0.0
0.888563 -0.00678698 0.0
0.873013 -0.00876331 0.0
0.852728 -0.0115218 0.0
0.825526 -0.0156796 0.0
0.787228 -0.0226187 0.0
0.729132 -0.0354777 0.0
0.63252 -0.0611337 0.0
0.459349 -0.112037 0.0
0.173656 -0.173656 0.0
SCALARS pressure double 1
LOOKUP_TABLE default
0
1.62069e-05
3.495e-05
5.29917e-05
6.47437e-05
6.61996e-05
5.5057e-05
3.05611e-05
-6.74649e-06
-5.53485e-05
-0.000113114
-0.000177655
-0.000246645
-0.000318059
-0.000390336
-0.000462464
-0.000533989
-0.000604976
-0.000675909
-0.000747728
-0.000821666
-0.000899155
-0.000981725
-0.00107091
-0.00116819
-0.00127488
-0.00139217
-0.00152106
-0.00166241
-0.00181696
-0.00198539
-0.00216831
-0.00236636
-0.00258013
-0.00281005
-0.00305682
-0.00332057
-0.00360121
-0.00389921
-0.00421399
-0.00454493
-0.00489123
-0.00525185
-0.00562541
-0.00601017
-0.00640406
-0.00680473
-0.00720946
-0.00761523
-0.0080187
-0.00841624
-0.00880399
-0.00917783
-0.00953345
-0.00986639
-0.0101721
-0.0104458
-0.0106829
-0.0108787
-0.0110285
-0.0111279
-0.0111725
-0.0111581
-0.0110806
-0.0109366
-0.0107226
-0.0104356
-0.0100731
-0.00963301
-0.00911377
-0.00851439
-0.00783458
-0.00707478
-0.00623632
-0.00532153
-0.00433393
-0.00327842
-0.00216163
-0.000992957
0.000222157
0.00147278
0.00275046
0.00404452
0.00534283
0.00663204
0.00789769
0.00912439
0.010296
0.0113958
0.0124069
0.0133127
0.0140968
0.0147442
0.015241
0.0155756
0.0157387
0.0157241
0.0155293
0.0151621
0.0146451
0.0139956
0.0132299
0.0123716
0.011449
0.0104928
0.00953445
0.00860377
0.00772753
0.00692929
0.00622447
0.00562036
0.0051177
0.00471218
0.00439581
0.00415822
0.0039878
0.00387274
0.00380179
0.00376481
0.00375307
0.00375947
0.00377858
0.00380656
0.00384098
0.00388034
0.00392305
0.00396571
0.00400093
0.00401657
-1.25346e-06
7.98085e-06
2.13487e-05
3.35932e-05
4.03991e-05
3.8493e-05
2.5812e-05
1.52634e-06
-3.40828e-05
-7.98567e-05
-0.000134057
-0.000194678
-0.000259727
-0.000327448
-0.000396474
-0.000465908
-0.000535342
-0.000604831
-0.000674752
-0.000745942
-0.00081952
-0.000896762
-0.000979037
-0.00106773
-0.00116419
-0.00126964
-0.00138519
-0.00151183
-0.00165041
-0.00180168
-0.0019664
-0.00214519
-0.00233873
-0.0025477
-0.00277237
-0.00301379
-0.00327195
-0.00354642
-0.00383861
-0.00414736
-0.00447216
-0.00481232
-0.00516685
-0.00553443
-0.00591341
-0.00630179
-0.00669728
-0.00709722
-0.00749865
-0.00789828
-0.00829255
-0.00867761
-0.0090494
-0.00940363
-0.00973585
-0.0100415
-0.0103159
-0.0105544
-0.0107523
-0.010905
-0.0110079
-0.0110567
-0.0110471
-0.0109753
-0.0108374
-0.0106302
-0.0103507
-0.00999634
-0.00956495
-0.00905499
-0.00846546
-0.00779604
-0.00704713
-0.00621997
-0.00531681
-0.00434097
-0.00329707
-0.00219011
-0.00103521
0.000161078
0.00139483
0.00265565
0.00393254
0.0052134
0.00648499
0.00773301
0.00894221
0.0100966
0.0111798
0.0121751
0.013066
0.0138365
0.0144718
0.0149584
0.0152849
0.0154426
0.0154257
0.0152322
0.0148636
0.0143614
0.0137346
0.0129933
0.0121621
0.0112696
0.0103456
0.00942113
0.00852599
0.00768496
0.00691651
0.00624058
0.0056623
0.00518136
0.00479294
0.00448889
0.00425895
0.00409192
0.00397655
0.00390232
0.00385981
0.00384103
0.00383948
0.00385012
0.00386932
0.00389457
0.00392413
0.00395629
0.00398845
0.00401606
0.00403221
-1.71216e-05
-4.41849e-06
8.62727e-06
1.89821e-05
2.35796e-05
1.98407e-05
6.03236e-06
-1.8567e-05
-5.36947e-05
-9.82806e-05
-0.000150713
-0.000209133
-0.000271697
-0.000336792
-0.000403179
-0.000470064
-0.00053712
-0.000604438
-0.000672371
-0.000741771
-0.000813679
-0.000889291
-0.00096989
-0.00105678
-0.00115121
-0.00125434
-0.00136724
-0.00149082
-0.00162595
-0.00177331
-0.00193382
-0.00210792
-0.00229645
-0.00250052
-0.00271916
-0.00295544
-0.00320849
-0.00347813
-0.00376491
-0.00406857
-0.00438866
-0.00472453
-0.00507523
-0.00543952
-0.00581581
-0.00620218
-0.00659637
-0.00699577
-0.00739745
-0.00779813
-0.00819426
-0.00858198
-0.00895719
-0.0093156
-0.00965273
-0.00996395
-0.0102446
-0.0104898
-0.010695
-0.0108555
-0.0109666
-0.011024
-0.0110233
-0.0109606
-0.0108322
-0.0106347
-0.0103651
-0.0100207
-0.00959945
-0.00909972
-0.00852044
-0.00786122
-0.00712233
-0.00630485
-0.00541074
-0.00444293
-0.00340675
-0.00232255
-0.00118428
-3.52672e-08
0.00122158
0.00247062
0.00373608
0.00500587
0.00626679
0.00750461
0.00870418
0.00984962
0.0109246
0.0119124
0.0127968
0.0135618
0.0141926
0.0146759
0.0150004
0.0151575
0.0151422
0.0149533
0.0145948
0.0140776
0.0134623
0.0127379
0.0119222
0.0110456
0.0101372
0.00922884
0.00835137
0.00753205
0.00679133
0.00614055
0.00558898
0.00513466
0.00477157
0.00449044
0.00428016
0.00412896
0.00402539
0.00395902
0.00392079
0.00390318
0.00390024
0.00390745
0.0039216
0.00394056
0.00396307
0.00398827
0.00401526
0.00404256
0.00406793
-3.5486e-05
-1.73369e-05
-2.0681e-06
8.63933e-06
1.25936e-05
7.77694e-06
-7.18193e-06
-3.27631e-05
-6.85342e-05
-0.000113307
-0.000165395
-0.00022291
-0.000284022
-0.00034717
-0.000411194
-0.000475404
-0.000539595
-0.000603853
-0.000668781
-0.000735203
-0.000804161
-0.000876846
-0.000954523
-0.00103845
-0.00112984
-0.00122979
-0.0013393
-0.00145917
-0.00159042
-0.00173327
-0.00188951
-0.00205859
-0.00224167
-0.0024416
-0.00265652
-0.00288813
-0.00313687
-0.00340295
-0.00368665
-0.00398793
-0.00430649
-0.00464174
-0.00499282
-0.00535852
-0.0057373
-0.00612727
-0.00652616
-0.00693135
-0.00733985
-0.00774835
-0.00815319
-0.00855046
-0.00893595
-0.00930527
-0.00965382
-0.00997688
-0.0102697
-0.0105273
-0.0107451
-0.0109181
-0.0110418
-0.0111116
-0.0111234
-0.011073
-0.0109566
-0.010771
-0.0105131
-0.0101802
-0.00977019
-0.00928146
-0.00871289
-0.00806396
-0.00733477
-0.00652606
-0.00563934
-0.00468323
-0.00367477
-0.00260339
-0.00147708
-0.000303993
0.000907017
0.00214606
0.00340217
0.00466329
0.00591628
0.007147
0.0083404
0.00948069
0.0105516
0.0115366
0.0124193
0.0131839
0.0138156
0.014301
0.0146289
0.0147909
0.0147822
0.0146025
0.0142569
0.0137579
0.0131263
0.0124048
0.0116045
0.0107432
0.00984497
0.00894516
0.00807616
0.00726634
0.00654
0.00591311
0.00538967
0.0049661
0.0046354
0.00438672
0.00420731
0.00408404
0.00400452
0.00395775
0.00393455
0.00392758
0.00393127
0.00394163
0.00395605
0.00397308
0.00399232
0.00401418
0.00403969
0.00407031
0.00410794
-5.11636e-05
-2.77923e-05
-9.50165e-06
2.47871e-06
6.37785e-06
5.60976e-07
-1.59849e-05
-4.33984e-05
-8.09278e-05
-0.000127103
-0.000180012
-0.000237607
-0.000297977
-0.000359551
-0.000421223
-0.000482409
-0.000543046
-0.000603395
-0.000664263
-0.00072653
-0.000791316
-0.000859875
-0.000933516
-0.00101349
-0.00110102
-0.00119707
-0.00130275
-0.00141831
-0.00154603
-0.00168333
-0.00183619
-0.00200204
-0.00218215
-0.00237817
-0.0025905
-0.0028201
-0.0030677
-0.00333379
-0.0036187
-0.00392251
-0.00424501
-0.0045857
-0.00494372
-0.00531788
-0.00570658
-0.00610788
-0.00651941
-0.00693842
-0.00736179
-0.00778605
-0.00820737
-0.00862167
-0.00902456
-0.00941149
-0.00977769
-0.0101183
-0.0104284
-0.0107031
-0.0109374
-0.0111265
-0.0112658
-0.0113506
-0.0113768
-0.0113402
-0.0112373
-0.0110645
-0.010819
-0.0104982
-0.0100999
-0.00962246
-0.00906486
-0.00842646
-0.00770719
-0.0069072
-0.00603525
-0.00510645
-0.00410971
-0.00305072
-0.00193649
-0.000774918
0.000425206
0.00165408
0.00290085
0.00415356
0.00539923
0.00662384
0.0078125
0.00894959
0.0100189
0.0110042
0.011889
0.0126576
0.0132951
0.0137883
0.0141259
0.0142997
0.0143048
0.0141412
0.0138143
0.013336
0.0127254
0.0120074
0.0111928
0.0103596
0.00947335
0.00858309
0.00772144
0.00691687
0.00619625
0.0055783
0.00507991
0.00468735
0.00439197
0.004181
0.00403973
0.00395316
0.0039073
0.00389007
0.00389162
0.00390441
0.00392298
0.00394374
0.00396464
0.003985
0.00400535
0.00402736
0.00405387
0.00408888
0.0041377
-6.16872e-05
-3.38702e-05
-1.26658e-05
6.34644e-07
4.35383e-06
-2.90447e-06
-2.1799e-05
-5.20437e-05
-9.24445e-05
-0.000141119
-0.000195815
-0.000254237
-0.000314328
-0.000374474
-0.000433618
-0.000491299
-0.000547648
-0.00060332
-0.000659142
-0.000716171
-0.000775689
-0.000839076
-0.000907773
-0.000982999
-0.00106615
-0.00115773
-0.00125995
-0.00136977
-0.00149552
-0.00163129
-0.00178077
-0.00194451
-0.00212357
-0.00231928
-0.00253267
-0.00276478
-0.00301649
-0.00328847
-0.00358113
-0.00389462
-0.00422876
-0.00458301
-0.00495646
-0.00534778
-0.00575525
-0.00617671
-0.00660959
-0.0070509
-0.00749727
-0.00794497
-0.00838995
-0.00882785
-0.0092541
-0.00966391
-0.0100524
-0.0104145
-0.0107452
-0.0110395
-0.0112924
-0.0114992
-0.0116551
-0.0117556
-0.0117966
-0.011774
-0.0116844
-0.0115244
-0.0112912
-0.0109823
-0.0105957
-0.0101298
-0.00958366
-0.00895657
-0.0082486
-0.00746206
-0.00661791
-0.00570175
-0.00471814
-0.00367256
-0.00257163
-0.00142293
-0.000235051
0.00098239
0.00221874
0.00346226
0.00470019
0.00591875
0.0071033
0.00823843
0.0093082
0.0102964
0.0111869
0.011964
0.0126128
0.0131202
0.013475
0.0136687
0.0136965
0.0135583
0.0132589
0.0128093
0.0122259
0.0115302
0.0107449
0.00990652
0.00903675
0.00816547
0.0073175
0.00651994
0.00580473
0.00519099
0.00469626
0.00433168
0.00406974
0.00389625
0.00379472
0.00374814
0.0037407
0.0037588
0.00379156
0.00383082
0.00387093
0.00390839
0.00394155
0.0039703
0.00399593
0.00402118
0.00405029
0.00408924
0.00414596
-6.58323e-05
-3.43241e-05
-1.07148e-05
3.43183e-06
6.36499e-06
-3.14443e-06
-2.53805e-05
-5.95515e-05
-0.000103915
-0.000156074
-0.000213349
-0.000273139
-0.000333212
-0.000391904
-0.000448221
-0.000501868
-0.000553444
-0.000603709
-0.00065363
-0.000704522
-0.000757909
-0.000815312
-0.000878542
-0.000948372
-0.00102746
-0.0011133
-0.00121374
-0.00132307
-0.00144539
-0.00158054
-0.00173004
-0.00189519
-0.00207733
-0.00227788
-0.00249816
-0.00273935
-0.00300243
-0.00328816
-0.00359696
-0.00392895
-0.00428382
-0.00466091
-0.00505906
-0.00547673
-0.00591189
-0.00636207
-0.00682436
-0.00729547
-0.00777168
-0.00824895
-0.00872295
-0.00918906
-0.00964249
-0.0100783
-0.0104914
-0.0108767
-0.0112291
-0.0115437
-0.0118155
-0.0120396
-0.0122117
-0.0123272
-0.0123823
-0.012373
-0.012296
-0.0121482
-0.0119269
-0.0116298
-0.0112552
-0.0108015
-0.0102678
-0.00965344
-0.00895807
-0.00820108
-0.00737056
-0.00646901
-0.00550051
-0.0044703
-0.00338466
-0.00225089
-0.00107727
0.000126854
0.00135113
0.00258415
0.00381346
0.00502563
0.00620634
0.00734051
0.00841252
0.00940643
0.0103063
0.0110966
0.0117628
0.0122914
0.0126715
0.0128944
0.0129552
0.0128531
0.0125923
0.0121822
0.0116379
0.0109787
0.0102282
0.00941549
0.0085682
0.00771499
0.00689269
0.00610734
0.00540362
0.00479471
0.00430002
0.00394281
0.00370854
0.00356734
0.00350179
0.00349298
0.00352324
0.00357741
0.00364335
0.00371204
0.00377731
0.00383547
0.00388492
0.00392583
0.00395999
0.00399075
0.00402332
0.004065
0.00412543
-6.27286e-05
-2.81342e-05
-2.78885e-06
1.14317e-05
1.26614e-05
-1.5725e-07
-2.68778e-05
-6.61144e-05
-0.000115481
-0.000171983
-0.000232462
-0.000293979
-0.000354125
-0.000411201
-0.000464297
-0.000513557
-0.000560061
-0.000604339
-0.000647726
-0.000691865
-0.000738684
-0.000789473
-0.000847716
-0.000910835
-0.000988007
-0.0010731
-0.00117038
-0.00127969
-0.00140264
-0.00154038
-0.0016944
-0.00186626
-0.00205755
-0.00226984
-0.0025046
-0.00276307
-0.00304626
-0.00335485
-0.00368916
-0.00404909
-0.0044341
-0.0048432
-0.00527492
-0.0057273
-0.00619793
-0.00668394
-0.00718202
-0.00768847
-0.00819926
-0.00871001
-0.00921612
-0.00971276
-0.010195
-0.0106577
-0.0110958
-0.0115041
-0.0118778
-0.0122117
-0.0125012
-0.0127416
-0.0129286
-0.013058
-0.013126
-0.013129
-0.013064
-0.0129279
-0.0127185
-0.0124337
-0.0120718
-0.0116317
-0.0111124
-0.0105136
-0.00984174
-0.00910282
-0.00828932
-0.00740503
-0.00645417
-0.0054418
-0.00437393
-0.00325752
-0.00210052
-0.000911894
0.000298396
0.00151934
0.00273891
0.00394412
0.00512109
0.00625517
0.00733114
0.00833344
0.00924645
0.0100549
0.0107444
0.0113017
0.0117155
0.0119773
0.0120817
0.0120273
0.0118172
0.0114596
0.0109677
0.0103594
0.00965684
0.00888628
0.0080757
0.00725535
0.00645927
0.00569863
0.00502317
0.00442204
0.00393664
0.00357061
0.00334948
0.00323172
0.00319458
0.003217
0.00327967
0.00336598
0.00346263
0.00355964
0.00365013
0.00372997
0.00379729
0.00385222
0.00389662
0.00393412
0.00397033
0.00401321
0.00407315
-5.13834e-05
-1.4196e-05
1.21437e-05
2.54897e-05
2.39014e-05
6.55909e-06
-2.58692e-05
-7.13052e-05
-0.000126632
-0.0001882
-0.000252337
-0.000315772
-0.000375936
-0.000431134
-0.000480655
-0.000525816
-0.000566757
-0.000604661
-0.000641212
-0.000678313
-0.000719121
-0.000761788
-0.000817473
-0.000879443
-0.000952942
-0.00103789
-0.00113595
-0.00124831
-0.00137645
-0.00152196
-0.00168655
-0.00187199
-0.00208002
-0.0023123
-0.00257028
-0.00285516
-0.0031678
-0.00350865
-0.00387775
-0.00427464
-0.00469841
-0.00514761
-0.00562032
-0.00611411
-0.00662609
-0.00715295
-0.00769098
-0.00823609
-0.00878393
-0.00932985
-0.00986905
-0.0103966
-0.0109073
-0.0113963
-0.0118583
-0.0122885
-0.0126818
-0.0130336
-0.0133393
-0.0135945
-0.013795
-0.0139371
-0.0140171
-0.0140319
-0.0139785
-0.0138544
-0.0136574
-0.0133858
-0.013038
-0.0126133
-0.012111
-0.0115307
-0.0108844
-0.0101632
-0.00936882
-0.00850434
-0.00757375
-0.00658189
-0.00553443
-0.00443799
-0.0033001
-0.00212928
-0.000935044
0.000272106
0.00148067
0.00267818
0.00385131
0.00498594
0.00606737
0.00708051
0.00801018
0.00884145
0.00956009
0.0101531
0.0106091
0.0109194
0.011078
0.0110829
0.0109361
0.0106444
0.0102192
0.00967659
0.00903713
0.00832501
0.0075672
0.00679271
0.00603139
0.00530943
0.0046633
0.00408872
0.0036223
0.00325767
0.00302276
0.00292213
0.00290427
0.00294884
0.00303549
0.00314661
0.00326795
0.00338867
0.00350117
0.00360069
0.0036849
0.00375355
0.00380827
0.00385253
0.0038919
0.00393436
0.0039902
-3.04551e-05
8.85854e-06
3.53905e-05
4.67985e-05
4.11571e-05
1.79946e-05
-2.13813e-05
-7.40949e-05
-0.000136223
-0.000203422
-0.000271505
-0.000336892
-0.000396895
-0.000449815
-0.000496091
-0.00053703
-0.000572276
-0.000603814
-0.000633832
-0.000663299
-0.000699341
-0.000740632
-0.000791864
-0.000853355
-0.000927287
-0.00101507
-0.00111831
-0.00123866
-0.00137787
-0.0015378
-0.00172034
-0.00192738
-0.0021607
-0.00242187
-0.00271221
-0.00303267
-0.0033838
-0.00376568
-0.0041779
-0.00461953
-0.00508914
-0.00558475
-0.00610392
-0.00664372
-0.00720079
-0.00777136
-0.00835136
-0.00893638
-0.0095218
-0.0101028
-0.0106745
-0.0112318
-0.0117698
-0.0122834
-0.0127676
-0.0132178
-0.0136291
-0.013997
-0.0143174
-0.014586
-0.0147991
-0.0149531
-0.0150447
-0.0150711
-0.0150296
-0.014918
-0.0147343
-0.0144771
-0.0141452
-0.013738
-0.0132555
-0.0126986
-0.0120736
-0.0113733
-0.0106006
-0.00975847
-0.00885078
-0.00788206
-0.00685766
-0.00578378
-0.0046675
-0.00351686
-0.00234081
-0.00114929
4.68045e-05
0.00123565
0.00240455
0.00354004
0.00462803
0.005654
0.00660329
0.00746142
0.00821447
0.00884959
0.0093555
0.00972309
0.00994604
0.0100214
0.00995012
0.00973742
0.00939304
0.00893119
0.00837039
0.00773291
0.00704409
0.00633138
0.00562314
0.00494697
0.00433033
0.00379106
0.00335742
0.00301469
0.002771
0.002666
0.00265597
0.00271235
0.00281296
0.00293959
0.00307732
0.00321471
0.00334352
0.00345834
0.00355624
0.00363641
0.00369995
0.00374989
0.00379136
0.00383185
0.00388086
1.83009e-06
4.27422e-05
6.8588e-05
7.6912e-05
6.59194e-05
3.5625e-05
-1.18913e-05
-7.2853e-05
-0.000142472
-0.000215694
-0.000287843
-0.000355082
-0.000414705
-0.000465438
-0.000509346
-0.000545633
-0.00057504
-0.000600652
-0.000624463
-0.000650811
-0.000683165
-0.000723514
-0.000774654
-0.000838529
-0.000917196
-0.00101259
-0.00112664
-0.00126134
-0.00141869
-0.00160073
-0.00180945
-0.00204668
-0.00231409
-0.00261303
-0.00294448
-0.00330899
-0.00370666
-0.00413704
-0.00459918
-0.00509156
-0.00561218
-0.00615851
-0.00672757
-0.00731592
-0.00791978
-0.00853502
-0.00915723
-0.0097818
-0.0104039
-0.0110188
-0.0116213
-0.0122067
-0.0127699
-0.0133061
-0.0138107
-0.0142789
-0.0147065
-0.0150891
-0.0154229
-0.015704
-0.0159289
-0.0160944
-0.0161976
-0.0162358
-0.0162066
-0.0161082
-0.0159389
-0.0156974
-0.015383
-0.0149951
-0.0145338
-0.0140034
-0.0133995
-0.012722
-0.0119731
-0.0111557
-0.0102734
-0.00933032
-0.00833149
-0.00728269
-0.0061905
-0.0050624
-0.00390675
-0.00273283
-0.00155086
-0.00037194
0.000791961
0.00192811
0.00302315
0.00406325
0.00503435
0.00592252
0.00671422
0.00739686
0.00795917
0.00839185
0.00868806
0.00884403
0.00885951
0.00873823
0.00848811
0.00812136
0.00765436
0.00710726
0.00650339
0.00586841
0.00522914
0.00461227
0.00404311
0.00354281
0.00313036
0.00281272
0.0026038
0.00248131
0.00246598
0.00252465
0.0026288
0.00276099
0.00290584
0.00305157
0.00318949
0.00331365
0.00342046
0.00350848
0.00357814
0.0036318
0.00367388
0.003711
0.00375147
4.76755e-05
8.95265e-05
0.000113713
0.00011775
0.0001001
6.14134e-05
4.67772e-06
-6.53398e-05
-0.000142949
-0.000222398
-0.000298563
-0.000367396
-0.000426031
-0.000475905
-0.000516959
-0.000549619
-0.000572958
-0.000593792
-0.000614837
-0.000639885
-0.000672185
-0.000714626
-0.000770033
-0.000840951
-0.0009298
-0.00103891
-0.00117056
-0.00132698
-0.00151037
-0.00172279
-0.00196617
-0.00224216
-0.00255212
-0.00289701
-0.00327735
-0.00369316
-0.00414393
-0.00462863
-0.00514566
-0.00569292
-0.00626779
-0.00686721
-0.00748769
-0.00812538
-0.00877612
-0.00943549
-0.0100989
-0.0107615
-0.0114186
-0.0120653
-0.0126966
-0.0133078
-0.0138941
-0.014451
-0.0149739
-0.0154586
-0.0159009
-0.016297
-0.0166432
-0.016936
-0.0171723
-0.0173491
-0.0174638
-0.017514
-0.0174978
-0.0174133
-0.0172593
-0.0170347
-0.016739
-0.0163722
-0.0159344
-0.0154282
-0.0148478
-0.014195
-0.0134719
-0.0126814
-0.0118265
-0.0109114
-0.00994046
-0.00891912
-0.00785341
-0.0067502
-0.00561721
-0.00446302
-0.00329707
-0.0021297
-0.00097205
0.000163983
0.00126584
0.00232049
0.00331459
0.00423482
0.00506815
0.00580229
0.00642609
0.00693007
0.00730694
0.00755211
0.00766416
0.0076453
0.00750158
0.00724314
0.00688406
0.00644216
0.00593848
0.00539653
0.00484125
0.00429783
0.00379021
0.00333949
0.0029629
0.0026713
0.00247139
0.00235756
0.00233968
0.00239663
0.00249327
0.00262158
0.00276433
0.00290985
0.00304917
0.00317592
0.00328601
0.00337732
0.00344958
0.00350441
0.00354536
0.003578
0.0036092
0.00010966
0.000151609
0.000173063
0.000171582
0.000146019
9.78054e-05
3.09543e-05
-4.87087e-05
-0.000134584
-0.000220268
-0.000300263
-0.000370502
-0.000429135
-0.000479473
-0.00051561
-0.000544051
-0.00056463
-0.000584008
-0.00060539
-0.000632498
-0.000668922
-0.000718044
-0.000783058
-0.000866954
-0.000972548
-0.00110251
-0.00125937
-0.00144551
-0.00166315
-0.00191426
-0.00220052
-0.00252325
-0.00288336
-0.00328129
-0.00371697
-0.00418977
-0.00469856
-0.00524161
-0.00581672
-0.00642116
-0.00705178
-0.007705
-0.00837692
-0.00906333
-0.00975981
-0.0104617
-0.0111644
-0.011863
-0.0125528
-0.0132289
-0.0138867
-0.0145215
-0.0151288
-0.0157043
-0.0162438
-0.0167434
-0.0171992
-0.0176076
-0.0179653
-0.0182691
-0.0185163
-0.0187041
-0.0188303
-0.0188927
-0.0188896
-0.0188196
-0.0186815
-0.0184746
-0.0181986
-0.0178536
-0.0174404
-0.0169577
-0.0164021
-0.0157754
-0.0150798
-0.0143178
-0.0134923
-0.0126071
-0.0116663
-0.0106746
-0.00963762
-0.00856161
-0.00745359
-0.00632137
-0.00517362
-0.00401978
-0.00287013
-0.00173566
-0.000628022
0.000440617
0.00145775
0.00241075
0.00328721
0.00407523
0.00476385
0.00534353
0.00580655
0.00614759
0.00636409
0.00645676
0.00642982
0.00629122
0.00605265
0.0057294
0.00533996
0.00490535
0.00444827
0.00399195
0.00355884
0.00316909
0.00283928
0.00258097
0.00240035
0.00229707
0.00226836
0.00231848
0.00240941
0.00252695
0.00265893
0.00279624
0.0029295
0.00305213
0.0031596
0.0032493
0.00332031
0.00337348
0.00341152
0.00343887
0.00346095
0.000190645
0.000231642
0.000249198
0.00024099
0.000206377
0.0001477
7.0089e-05
-1.95394e-05
-0.000113702
-0.000205421
-0.000288821
-0.000359189
-0.000421213
-0.000468049
-0.000501397
-0.000527909
-0.000549838
-0.000571569
-0.000597215
-0.000630896
-0.000676608
-0.000738161
-0.000819151
-0.000922947
-0.00105269
-0.00121128
-0.00140139
-0.00162539
-0.00188538
-0.00218305
-0.00251972
-0.00289624
-0.00331293
-0.00376962
-0.00426556
-0.00479946
-0.00536948
-0.00597327
-0.006608
-0.00727038
-0.00795677
-0.00866319
-0.00938538
-0.0101189
-0.0108591
-0.0116014
-0.0123409
-0.0130729
-0.0137928
-0.0144959
-0.0151777
-0.0158338
-0.01646
-0.0170523
-0.0176066
-0.0181195
-0.0185873
-0.0190069
-0.0193752
-0.0196893
-0.0199468
-0.0201452
-0.0202826
-0.0203571
-0.0203672
-0.0203117
-0.0201898
-0.0200009
-0.0197449
-0.0194221
-0.0190335
-0.0185743
-0.0180441
-0.0174445
-0.0167775
-0.0160454
-0.0152509
-0.0143973
-0.0134884
-0.0125284
-0.0115223
-0.0104757
-0.00939492
-0.00828704
-0.00715985
-0.00602189
-0.0048825
-0.0037517
-0.00264015
-0.00155909
-0.000520104
0.000465005
0.0013845
0.00222701
0.00298188
0.00363957
0.00419209
0.00463343
0.00496002
0.00517111
0.0052691
0.00525976
0.00515231
0.00495938
0.00469663
0.00438236
0.00403662
0.00368033
0.00333403
0.00301653
0.00274365
0.00252694
0.00237293
0.00228254
0.00225125
0.00228022
0.00236308
0.0024723
0.00259116
0.00271362
0.00283415
0.00294645
0.00304573
0.00312903
0.00319495
0.0032437
0.00327719
0.00329881
0.00331259
0.000293646
0.000332426
0.000344859
0.000328791
0.000284183
0.000214378
0.000125672
2.60638e-05
-7.61256e-05
-0.000173578
-0.000260481
-0.000331927
-0.000391586
-0.000437789
-0.000473346
-0.000502386
-0.000528866
-0.00055724
-0.000592053
-0.000637827
-0.000698952
-0.000779621
-0.000883773
-0.00101507
-0.00117684
-0.0013721
-0.00160349
-0.00187323
-0.00218313
-0.0025345
-0.00292813
-0.00336428
-0.00384265
-0.00436236
-0.00492198
-0.00551952
-0.00615249
-0.00681791
-0.0075124
-0.0082322
-0.00897325
-0.00973125
-0.0105017
-0.01128
-0.0120614
-0.0128413
-0.0136149
-0.0143776
-0.0151249
-0.0158524
-0.0165557
-0.0172309
-0.0178738
-0.0184807
-0.0190481
-0.0195727
-0.0200511
-0.0204806
-0.0208583
-0.0211817
-0.0214487
-0.021657
-0.021805
-0.0218911
-0.0219141
-0.0218729
-0.021767
-0.0215959
-0.0213598
-0.021059
-0.020694
-0.0202585
-0.0197541
-0.0191822
-0.0185446
-0.0178434
-0.017081
-0.0162604
-0.0153849
-0.0144582
-0.0134849
-0.0124698
-0.0114186
-0.0103375
-0.00923339
-0.00811395
-0.00698751
-0.00586309
-0.00475031
-0.00365937
-0.00260089
-0.00158575
-0.0006249
0.000270919
0.00109146
0.00182734
0.00247038
0.00301406
0.00345387
0.00378774
0.00401631
0.0041432
0.00417516
0.00412202
0.00399653
0.00381394
0.00359139
0.0033471
0.0030993
0.00286507
0.00265917
0.00249286
0.00237314
0.00230236
0.00227863
0.00229718
0.00235993
0.00244956
0.00255213
0.00265985
0.0027636
0.00286037
0.00294649
0.00301912
0.00307648
0.00311833
0.0031459
0.0031617
0.00316843
0.000421666
0.000456763
0.000462832
0.000437914
0.000382631
0.000301368
0.000201572
9.22628e-05
-1.72663e-05
-0.000119722
-0.000205498
-0.000280086
-0.000341428
-0.000390722
-0.000431132
-0.00046682
-0.000502344
-0.000542531
-0.000592303
-0.000656547
-0.000739993
-0.000847135
-0.000982154
-0.00114886
-0.00135067
-0.00159051
-0.00187085
-0.00219362
-0.00256019
-0.00297135
-0.00342731
-0.00392768
-0.00447144
-0.00505703
-0.00568232
-0.00634466
-0.00704095
-0.00776768
-0.00852096
-0.00929666
-0.0100904
-0.0108976
-0.0117137
-0.0125339
-0.0133536
-0.0141681
-0.0149729
-0.0157634
-0.0165353
-0.0172844
-0.0180067
-0.0186983
-0.0193557
-0.0199752
-0.0205537
-0.0210881
-0.0215755
-0.0220134
-0.0223991
-0.0227307
-0.023006
-0.0232233
-0.023381
-0.023478
-0.0235131
-0.0234856
-0.023395
-0.0232412
-0.0230245
-0.0227454
-0.0224019
-0.0219902
-0.0215117
-0.0209677
-0.0203599
-0.0196902
-0.0189607
-0.0181741
-0.0173332
-0.0164414
-0.0155025
-0.0145208
-0.0135013
-0.0124492
-0.0113708
-0.0102728
-0.00916233
-0.0080475
-0.00693684
-0.00583947
-0.00476494
-0.00372315
-0.00272416
-0.00177797
-0.000894291
-8.22286e-05
0.000650033
0.00129559
0.00184916
0.00230748
0.00266956
0.00293698
0.00311402
0.00320773
0.00322782
0.00318635
0.00309728
0.0029758
0.00283748
0.00269726
0.00256845
0.00246174
0.0023844
0.00233995
0.00232832
0.00234659
0.00239013
0.00245971
0.0025416
0.0026281
0.00271291
0.00279201
0.00286172
0.00292021
0.00296615
0.0029991
0.00301973
0.00302976
0.00303129
0.000577494
0.000607271
0.000605779
0.000571233
0.000504909
0.000412221
0.000301681
0.000182955
6.8545e-05
-3.09654e-05
-0.00012179
-0.000202744
-0.000269484
-0.000325479
-0.000374731
-0.000421833
-0.00047177
-0.000529741
-0.000601004
-0.000690746
-0.000803949
-0.000945295
-0.00111907
-0.0013291
-0.0015787
-0.00187058
-0.00220689
-0.00258911
-0.0030181
-0.00349404
-0.00401648
-0.00458433
-0.00519589
-0.0058489
-0.00654059
-0.0072677
-0.00802659
-0.00881328
-0.00962351
-0.0104528
-0.0112966
-0.0121502
-0.0130088
-0.0138678
-0.0147226
-0.0155685
-0.0164012
-0.0172163
-0.0180098
-0.0187777
-0.0195163
-0.0202219
-0.0208912
-0.021521
-0.0221085
-0.0226507
-0.0231452
-0.0235897
-0.023982
-0.0243201
-0.0246024
-0.0248274
-0.0249937
-0.0251004
-0.0251467
-0.0251319
-0.0250558
-0.0249184
-0.02472
-0.0244614
-0.0241385
-0.02375
-0.023297
-0.0227808
-0.0222028
-0.0215648
-0.0208687
-0.0201166
-0.0193112
-0.0184552
-0.017552
-0.0166054
-0.0156194
-0.0145987
-0.0135486
-0.0124748
-0.0113836
-0.010282
-0.00917732
-0.00807767
-0.00699148
-0.00592758
-0.00489504
-0.00390303
-0.00296058
-0.00207639
-0.00125848
-0.000513976
0.000151282
0.000732994
0.00122872
0.00163813
0.00196317
0.00220814
0.00237969
0.00248662
0.00253952
0.0025503
0.00253152
0.00249561
0.00245404
0.0024165
0.00239022
0.00237961
0.0023862
0.00240894
0.00244442
0.0024931
0.00255368
0.002617
0.00267937
0.00273747
0.00278858
0.00283091
0.00286347
0.00288611
0.00289949
0.00290473
0.00290262
0.000763459
0.000786159
0.000776016
0.000731324
0.000653919
0.000550199
0.000429801
0.000306992
0.000190712
8.4435e-05
-1.45756e-05
-0.000100886
-0.000175727
-0.00024241
-0.00030526
-0.000369223
-0.000439623
-0.000521966
-0.000621774
-0.000744435
-0.000895069
-0.00107841
-0.0012987
-0.00155963
-0.00186424
-0.00221492
-0.00261333
-0.00306044
-0.00355648
-0.00410099
-0.00469282
-0.0053302
-0.00601075
-0.00673158
-0.0074893
-0.00828015
-0.00910002
-0.00994454
-0.0108092
-0.0116892
-0.0125799
-0.0134765
-0.0143744
-0.0152687
-0.016155
-0.017029
-0.0178863
-0.0187228
-0.0195348
-0.0203184
-0.0210703
-0.0217871
-0.0224658
-0.0231035
-0.0236975
-0.0242454
-0.0247449
-0.0251941
-0.025591
-0.0259341
-0.0262218
-0.026453
-0.0266266
-0.0267418
-0.0267979
-0.0267947
-0.0267318
-0.0266096
-0.0264283
-0.0261887
-0.0258855
-0.0255192
-0.0250911
-0.0246021
-0.0240536
-0.0234471
-0.0227843
-0.022067
-0.0212974
-0.020478
-0.0196115
-0.0187011
-0.0177503
-0.016763
-0.0157436
-0.0146969
-0.0136283
-0.0125436
-0.0114492
-0.010352
-0.0092592
-0.00817864
-0.0071183
-0.00608641
-0.00509122
-0.00414082
-0.00324295
-0.00240472
-0.00163237
-0.000930986
-0.000304254
0.000245778
0.000718882
0.00111676
0.00144306
0.0017033
0.00190464
0.00205551
0.00216522
0.0022433
0.00229896
0.00234045
0.00237451
0.00240608
0.00243811
0.00247185
0.00250749
0.00254627
0.00258076
0.00261984
0.00265821
0.00269353
0.00272407
0.00274871
0.00276695
0.00277891
0.00278516
0.00278626
0.00278211
0.000981154
0.000994969
0.000975256
0.000920193
0.000831884
0.000718604
0.000594016
0.000466898
0.00034611
0.000229469
0.000121782
2.58836e-05
-6.11782e-05
-0.000143286
-0.000225128
-0.000311952
-0.000409347
-0.000523038
-0.000658704
-0.000821818
-0.0010175
-0.00125039
-0.00152453
-0.00184333
-0.00220944
-0.00262476
-0.00309041
-0.00360674
-0.00417331
-0.004789
-0.00545198
-0.0061598
-0.00690946
-0.00769747
-0.00851995
-0.00937268
-0.0102512
-0.0111508
-0.0120667
-0.0129942
-0.0139283
-0.0148644
-0.0157977
-0.0167237
-0.017638
-0.0185363
-0.0194147
-0.0202693
-0.0210964
-0.0218926
-0.0226548
-0.0233799
-0.0240651
-0.024708
-0.0253061
-0.0258574
-0.0263598
-0.0268116
-0.0272113
-0.0275574
-0.0278489
-0.0280847
-0.028264
-0.0283862
-0.0284509
-0.0284578
-0.0284068
-0.0282983
-0.0281326
-0.0279104
-0.0276258
-0.0272808
-0.0268766
-0.0264141
-0.0258944
-0.0253189
-0.0246889
-0.0240062
-0.0232725
-0.0224898
-0.0216606
-0.0207873
-0.0198729
-0.0189206
-0.017934
-0.016917
-0.0158742
-0.0148102
-0.0137304
-0.0126406
-0.0115468
-0.0104557
-0.00937425
-0.00830953
-0.00726894
-0.00625987
-0.00528955
-0.00436493
-0.00349238
-0.00267755
-0.00192512
-0.0012386
-0.000620171
-7.05322e-05
0.000411126
0.000827117
0.00118115
0.00147813
0.00172387
0.00192472
0.00208723
0.00221772
0.00232193
0.00240482
0.00247041
0.00252181
0.00256125
0.00258972
0.0026095
0.00262839
0.00264328
0.0026554
0.00266467
0.00267097
0.00267449
0.00267569
0.0026751
0.00267284
0.00266817
0.00123111
0.00123429
0.00120433
0.00113904
0.0010414
0.000922054
0.000791291
0.000658125
0.000528603
0.000401528
0.000284213
0.000175193
7.13893e-05
-3.13706e-05
-0.000138037
-0.000254079
-0.000385257
-0.000537402
-0.00071623
-0.000927161
-0.00117517
-0.00146465
-0.00179933
-0.00218217
-0.00261533
-0.00310012
-0.00363706
-0.00422581
-0.00486528
-0.00555365
-0.00628844
-0.00706659
-0.00788452
-0.00873825
-0.00962345
-0.0105355
-0.0114697
-0.0124211
-0.0133849
-0.0143561
-0.0153298
-0.0163015
-0.0172664
-0.0182202
-0.0191586
-0.0200777
-0.0209735
-0.0218425
-0.0226813
-0.0234868
-0.0242561
-0.0249865
-0.0256755
-0.0263209
-0.0269206
-0.0274728
-0.0279758
-0.0284281
-0.0288286
-0.029176
-0.0294695
-0.0297083
-0.0298917
-0.0300195
-0.0300912
-0.0301067
-0.0300663
-0.02997
-0.0298184
-0.0296121
-0.0293446
-0.0290198
-0.0286384
-0.0282013
-0.0277094
-0.027164
-0.0265662
-0.0259174
-0.0252191
-0.024473
-0.0236811
-0.0228453
-0.0219681
-0.021052
-0.0200999
-0.019115
-0.0181008
-0.0170611
-0.0160002
-0.0149228
-0.0138338
-0.0127387
-0.0116432
-0.0105535
-0.0094759
-0.00841695
-0.00738324
-0.00638131
-0.00541747
-0.00449766
-0.00362728
-0.00281102
-0.0020527
-0.00135518
-0.000720263
-0.000148654
0.000360004
0.000807062
0.00119474
0.001526
0.00180432
0.00203363
0.00221811
0.00236217
0.00247037
0.0025474
0.00259814
0.00262803
0.0026451
0.00263662
0.0026281
0.00261768
0.00260607
0.00259428
0.00258328
0.00257401
0.00256703
0.00256214
0.00255825
0.00151241
0.0015035
0.00146273
0.00138728
0.00128252
0.00115693
0.00101995
0.000879049
0.000736927
0.000600254
0.000469589
0.000343161
0.000217654
8.86827e-05
-4.88797e-05
-0.000200629
-0.000372384
-0.000569963
-0.00079898
-0.00106466
-0.0013717
-0.00172411
-0.00212515
-0.00257726
-0.00308198
-0.00364
-0.00425115
-0.00491443
-0.00562806
-0.00638957
-0.00719587
-0.00804334
-0.0089279
-0.00984514
-0.0107904
-0.0117587
-0.0127452
-0.0137447
-0.0147525
-0.0157634
-0.0167728
-0.017776
-0.0187685
-0.019746
-0.0207046
-0.0216405
-0.0225499
-0.0234298
-0.0242769
-0.0250883
-0.0258616
-0.0265943
-0.0272842
-0.0279294
-0.0285281
-0.0290789
-0.0295803
-0.0300311
-0.0304304
-0.0307773
-0.0310711
-0.0313112
-0.0314973
-0.0316291
-0.0317064
-0.0317292
-0.0316978
-0.0316123
-0.0314732
-0.0312812
-0.0310297
-0.0307237
-0.0303638
-0.0299509
-0.0294857
-0.0289692
-0.0284024
-0.0277865
-0.0271228
-0.0264126
-0.0256575
-0.0248592
-0.0240194
-0.0231403
-0.0222239
-0.0212728
-0.0202897
-0.0192775
-0.0182395
-0.0171793
-0.0161007
-0.0150081
-0.0139062
-0.0127997
-0.0116941
-0.010595
-0.00950806
-0.00843931
-0.00739475
-0.00638035
-0.00540191
-0.00446499
-0.00357473
-0.00273582
-0.00195236
-0.00122785
-0.000565077
3.38453e-05
0.000567537
0.00103537
0.00143752
0.00177503
0.00204999
0.00226557
0.00242624
0.00253766
0.00260661
0.00264043
0.00264556
0.00263046
0.00260499
0.00257455
0.0025436
0.00251478
0.0024901
0.00247103
0.0024582
0.00245121
0.00244903
0.00182215
0.00179953
0.00174715
0.00166335
0.00155175
0.00141979
0.00127644
0.00112516
0.000971462
0.000821084
0.000672831
0.0005243
0.000371876
0.000211001
3.64517e-05
-0.000157389
-0.000376282
-0.000625899
-0.000911619
-0.00123834
-0.00161033
-0.0020311
-0.00250336
-0.0030289
-0.00360862
-0.00424252
-0.00492973
-0.00566857
-0.00645661
-0.00729077
-0.00816741
-0.0090824
-0.0100312
-0.0110092
-0.0120112
-0.0130323
-0.0140672
-0.015111
-0.0161586
-0.0172051
-0.0182459
-0.0192763
-0.0202922
-0.0212894
-0.0222642
-0.0232129
-0.0241323
-0.0250194
-0.0258712
-0.0266854
-0.0274595
-0.0281915
-0.0288795
-0.029522
-0.0301174
-0.0306645
-0.0311622
-0.0316096
-0.032006
-0.0323507
-0.0326432
-0.0328832
-0.0330705
-0.0332049
-0.0332864
-0.0333152
-0.0332914
-0.0332153
-0.0330873
-0.0329078
-0.0326711
-0.0323827
-0.0320431
-0.0316529
-0.0312129
-0.0307239
-0.0301868
-0.0296025
-0.0289721
-0.0282968
-0.0275777
-0.0268161
-0.0260135
-0.0251714
-0.0242914
-0.0233754
-0.0224253
-0.0214432
-0.0204315
-0.0193929
-0.0183301
-0.0172464
-0.0161452
-0.0150304
-0.0139061
-0.0127769
-0.0116477
-0.0105236
-0.00941011
-0.00831301
-0.00723819
-0.00619171
-0.00517969
-0.00420827
-0.0032835
-0.0024113
-0.00159739
-0.000847115
-0.0001654
0.000443497
0.000976206
0.00143056
0.00180594
0.00210368
0.00232736
0.00248298
0.0025788
0.00262497
0.00263307
0.00261734
0.00256994
0.00252095
0.00247264
0.0024285
0.00239144
0.00236358
0.00234529
0.00233656
0.00233682
0.00215531
0.0021173
0.00205416
0.00196238
0.00184382
0.00170395
0.0015482
0.00138863
0.00122395
0.00105698
0.000887049
0.000711677
0.000527114
0.00032873
0.000111308
-0.000130678
-0.000402808
-0.000710477
-0.0010587
-0.0014519
-0.00189384
-0.00238742
-0.00293468
-0.00353674
-0.00419379
-0.00490512
-0.00566918
-0.00648361
-0.00734539
-0.00825087
-0.0091959
-0.0101759
-0.0111861
-0.0122214
-0.0132766
-0.0143465
-0.0154258
-0.0165096
-0.0175927
-0.0186705
-0.0197383
-0.0207917
-0.0218268
-0.0228395
-0.0238264
-0.0247842
-0.0257098
-0.0266005
-0.0274537
-0.0282674
-0.0290393
-0.0297679
-0.0304515
-0.0310888
-0.0316787
-0.0322201
-0.0327123
-0.0331546
-0.0335465
-0.0338875
-0.0341774
-0.034416
-0.0346032
-0.0347391
-0.0348236
-0.0348571
-0.0348397
-0.0347717
-0.0346535
-0.0344849
-0.0342618
-0.0339898
-0.0336691
-0.0333002
-0.0328839
-0.0324208
-0.0319116
-0.0313573
-0.0307587
-0.0301166
-0.0294322
-0.0287063
-0.0279401
-0.0271346
-0.026291
-0.0254106
-0.0244947
-0.0235447
-0.0225622
-0.0215488
-0.0205065
-0.0194375
-0.018344
-0.0172289
-0.0160951
-0.0149461
-0.0137857
-0.0126183
-0.0114486
-0.0102818
-0.00912362
-0.00798034
-0.00685864
-0.0057657
-0.00470912
-0.00369687
-0.00273719
-0.00183844
-0.00100887
-0.000256339
0.000412128
0.000990837
0.00147603
0.00186653
0.00216429
0.0023748
0.00250712
0.0025733
0.00258729
0.00256267
0.00251258
0.00245129
0.00238874
0.00233147
0.0022836
0.00224793
0.0022248
0.00221489
0.00221771
0.00250509
0.00245107
0.00237731
0.00227779
0.00215232
0.00200478
0.00184244
0.00166848
0.00148773
0.00130009
0.00110419
0.000897281
0.000675534
0.00043433
0.000168561
-0.00012709
-0.000457899
-0.000828863
-0.0012445
-0.0017087
-0.00222454
-0.00279429
-0.00341924
-0.00409981
-0.00483544
-0.00562472
-0.00646542
-0.00735457
-0.00828857
-0.00926326
-0.0102741
-0.0113161
-0.0123842
-0.013473
-0.0145774
-0.0156919
-0.0168113
-0.0179306
-0.0190449
-0.0201495
-0.0212399
-0.022312
-0.023362
-0.0243862
-0.0253813
-0.0263443
-0.0272725
-0.0281634
-0.029015
-0.0298251
-0.0305922
-0.0313148
-0.0319917
-0.0326218
-0.0332042
-0.0337382
-0.0342233
-0.0346591
-0.0350452
-0.0353813
-0.0356675
-0.0359036
-0.0360897
-0.036226
-0.0363125
-0.0363497
-0.0363376
-0.0362769
-0.0361679
-0.0360071
-0.0357973
-0.0355406
-0.0352374
-0.0348883
-0.034494
-0.034055
-0.033572
-0.0330458
-0.032477
-0.0318665
-0.0312149
-0.0305232
-0.029792
-0.0290221
-0.0282144
-0.0273695
-0.0264883
-0.0255716
-0.0246202
-0.0236351
-0.0226173
-0.0215679
-0.0204884
-0.0193804
-0.0182459
-0.017087
-0.0159066
-0.014708
-0.0134949
-0.012272
-0.0110445
-0.00981837
-0.00860057
-0.0073989
-0.00622203
-0.00507954
-0.00398179
-0.00293976
-0.00196478
-0.00106814
-0.000260521
0.000448667
0.00105214
0.00154561
0.00192869
0.0022055
0.00238499
0.00248057
0.00250903
0.0024891
0.00244118
0.00236354
0.00228846
0.00222015
0.00216312
0.00212057
0.00209342
0.00208242
0.00208751
0.00286324
0.00279278
0.00270843
0.00260092
0.00246762
0.0023101
0.00213898
0.00195238
0.00175306
0.00154118
0.00131523
0.00107236
0.000808744
0.000519886
0.000200893
-0.000153235
-0.000547352
-0.000985947
-0.00147295
-0.00201157
-0.00260422
-0.00325238
-0.00395662
-0.00471659
-0.00553101
-0.00639778
-0.00731402
-0.00827618
-0.00928013
-0.0103213
-0.0113947
-0.0124951
-0.0136172
-0.0147556
-0.0159048
-0.0170595
-0.0182146
-0.0193649
-0.0205058
-0.0216327
-0.0227414
-0.0238279
-0.0248887
-0.0259203
-0.0269198
-0.0278845
-0.028812
-0.0297001
-0.0305469
-0.0313509
-0.0321107
-0.0328252
-0.0334933
-0.0341144
-0.0346879
-0.0352131
-0.0356899
-0.0361181
-0.0364973
-0.0368278
-0.0371093
-0.0373422
-0.0375264
-0.0376623
-0.03775
-0.0377899
-0.0377823
-0.0377277
-0.0376264
-0.0374739
-0.0372759
-0.0370332
-0.0367461
-0.0364152
-0.0360411
-0.0356244
-0.0351656
-0.0346654
-0.0341244
-0.0335432
-0.0329226
-0.0322631
-0.0315652
-0.0308294
-0.0300563
-0.0292462
-0.0283995
-0.0275164
-0.0265974
-0.0256425
-0.0246522
-0.0236268
-0.0225666
-0.0214724
-0.0203449
-0.0191855
-0.0179956
-0.0167775
-0.0155341
-0.0142688
-0.0129863
-0.0116921
-0.0103929
-0.00909663
-0.00781268
-0.00655171
-0.00532572
-0.00414787
-0.0030322
-0.00199317
-0.00104502
-0.000200925
0.000528013
0.00113394
0.0016134
0.00196831
0.00220657
0.00234199
0.00239318
0.00238153
0.00232776
0.00225031
0.00216833
0.00209148
0.00202682
0.00197846
0.0019477
0.00193546
0.00194215
0.00322008
0.00313308
0.00303807
0.00292167
0.00277716
0.00261703
0.00243404
0.0022312
0.00201007
0.00177044
0.00151063
0.00122778
0.000918143
0.000577434
0.000201078
-0.000215498
-0.000676629
-0.00118619
-0.00174744
-0.00236287
-0.00303409
-0.00376183
-0.00454589
-0.00538514
-0.0062776
-0.00722049
-0.00821034
-0.00924305
-0.010314
-0.0114183
-0.0125506
-0.0137055
-0.0148775
-0.016061
-0.0172506
-0.0184409
-0.019627
-0.0208038
-0.0219668
-0.0231116
-0.0242343
-0.0253311
-0.0263987
-0.027434
-0.0284344
-0.0293975
-0.0303211
-0.0312035
-0.0320431
-0.0328387
-0.0335891
-0.0342936
-0.0349515
-0.0355622
-0.0361255
-0.036641
-0.0371086
-0.0375283
-0.0379002
-0.0382242
-0.0385007
-0.0387297
-0.0389116
-0.0390465
-0.0391348
-0.0391768
-0.039173
-0.0391236
-0.039029
-0.0388848
-0.0386975
-0.0384675
-0.0381951
-0.0378809
-0.0375253
-0.0371289
-0.0366923
-0.0362159
-0.0357005
-0.0351465
-0.0345545
-0.0339249
-0.0332581
-0.0325545
-0.0318143
-0.0310376
-0.0302245
-0.0293748
-0.0284884
-0.027565
-0.0266043
-0.0256058
-0.0245693
-0.0234943
-0.0223809
-0.0212291
-0.0200395
-0.0188131
-0.0175516
-0.0162575
-0.0149344
-0.0135871
-0.0122218
-0.0108461
-0.00946956
-0.00810348
-0.00676097
-0.00545687
-0.00420746
-0.00303002
-0.00194212
-0.000960648
-0.000100651
0.000626065
0.00121238
0.0016572
0.00196642
0.00215321
0.00223724
0.00224282
0.00219622
0.00212412
0.00202851
0.00194361
0.00187237
0.00181866
0.0017845
0.0017706
0.00177793
0.00356501
0.00346173
0.00335611
0.00323057
0.00308492
0.00291376
0.00271642
0.00249439
0.00224838
0.00197777
0.00168073
0.00135441
0.000995255
0.000599252
0.000162244
-0.000319824
-0.000850678
-0.00143351
-0.00207082
-0.00276432
-0.00351483
-0.00432226
-0.00518564
-0.0061031
-0.00707195
-0.00808879
-0.00914958
-0.0102497
-0.0113843
-0.0125478
-0.013735
-0.01494
-0.0161574
-0.0173815
-0.0186069
-0.0198283
-0.0210407
-0.0222395
-0.0234201
-0.0245786
-0.0257111
-0.0268142
-0.0278849
-0.0289204
-0.0299185
-0.0308769
-0.031794
-0.0326683
-0.0334985
-0.0342838
-0.0350233
-0.0357164
-0.0363628
-0.0369622
-0.0375145
-0.0380195
-0.0384775
-0.0388884
-0.0392525
-0.0395699
-0.039841
-0.040066
-0.0402451
-0.0403788
-0.0404673
-0.0405111
-0.0405104
-0.0404656
-0.040377
-0.0402408
-0.0400634
-0.039845
-0.039586
-0.0392869
-0.0389481
-0.0385702
-0.0381537
-0.0376991
-0.0372069
-0.0366777
-0.0361118
-0.0355097
-0.0348717
-0.0341979
-0.0334885
-0.0327434
-0.0319623
-0.031145
-0.0302908
-0.0293991
-0.028469
-0.0274996
-0.0264898
-0.0254385
-0.0243448
-0.0232078
-0.022027
-0.0208023
-0.0195342
-0.0182241
-0.0168744
-0.0154889
-0.0140728
-0.0126334
-0.0111797
-0.00972313
-0.00827741
-0.00685849
-0.00548441
-0.00417478
-0.00295016
-0.00183097
-0.000836212
1.81206e-05
0.000720763
0.00126688
0.00165942
0.00190986
0.00203781
0.00206922
0.00203307
0.00195639
0.00186222
0.00177446
0.00169775
0.00163891
0.00160111
0.00158492
0.00159173
0.00388701
0.00376788
0.00365122
0.00352078
0.00337032
0.00318795
0.00297452
0.00273096
0.00245747
0.00215314
0.00181605
0.00144346
0.00103203
0.000578128
7.80969e-05
-0.000471529
-0.00107379
-0.00173113
-0.00244525
-0.00321705
-0.00404652
-0.00493277
-0.00587404
-0.00686775
-0.00791055
-0.00899845
-0.0101269
-0.0112908
-0.0124849
-0.0137036
-0.0149412
-0.0161919
-0.01745
-0.01871
-0.0199665
-0.0212143
-0.0224486
-0.0236649
-0.0248589
-0.0260269
-0.0271653
-0.0282711
-0.0293414
-0.030374
-0.0313668
-0.0323181
-0.0332263
-0.0340905
-0.0349096
-0.035683
-0.0364103
-0.0370911
-0.0377253
-0.0383128
-0.0388537
-0.0393481
-0.0397962
-0.0401982
-0.0405545
-0.0408653
-0.041131
-0.0413519
-0.0415283
-0.0416607
-0.0417492
-0.0417944
-0.0417966
-0.041756
-0.0416729
-0.0415443
-0.0413759
-0.0411682
-0.0409214
-0.040636
-0.0403125
-0.0399513
-0.0395529
-0.0391179
-0.0386467
-0.0381398
-0.0375976
-0.0370205
-0.0364086
-0.0357622
-0.0350811
-0.0343653
-0.0336143
-0.0328276
-0.0320045
-0.0311438
-0.0302445
-0.0293051
-0.028324
-0.0272995
-0.0262299
-0.0251135
-0.0239487
-0.0227344
-0.02147
-0.0201556
-0.0187925
-0.0173831
-0.0159315
-0.0144441
-0.012929
-0.0113975
-0.00986313
-0.00834246
-0.00685466
-0.00542121
-0.00406518
-0.00281019
-0.0016791
-0.00069216
0.00013486
0.000792764
0.00128071
0.0016074
0.00179123
0.00185887
0.00184233
0.00177498
0.00168924
0.00158623
0.00150206
0.00143754
0.00139533
0.00137602
0.00138105
0.00417539
0.00404088
0.00391645
0.00378495
0.00362413
0.00342858
0.00319726
0.00293021
0.00262714
0.00228694
0.00190766
0.00148672
0.00102109
0.000507588
-5.68941e-05
-0.000675153
-0.00134949
-0.00208155
-0.00287222
-0.00372154
-0.00462868
-0.00559196
-0.00660886
-0.0076761
-0.00878971
-0.00994514
-0.0111374
-0.012361
-0.0136104
-0.0148797
-0.016163
-0.0174546
-0.0187488
-0.02004
-0.0213229
-0.0225926
-0.0238443
-0.0250738
-0.0262771
-0.0274507
-0.0285915
-0.0296965
-0.0307635
-0.0317904
-0.0327754
-0.0337173
-0.0346149
-0.0354673
-0.036274
-0.0370346
-0.0377489
-0.0384168
-0.0390384
-0.0396138
-0.0401432
-0.040627
-0.0410654
-0.0414587
-0.0418074
-0.0421119
-0.0423724
-0.0425894
-0.0427633
-0.0428943
-0.0429829
-0.0430295
-0.0430343
-0.0429976
-0.0429198
-0.0427982
-0.0426384
-0.0424404
-0.0422047
-0.0419317
-0.0416219
-0.0412757
-0.0408936
-0.0404761
-0.0400237
-0.0395369
-0.0390159
-0.0384611
-0.0378728
-0.037251
-0.0365957
-0.0359067
-0.0351834
-0.0344253
-0.0336314
-0.0328006
-0.0319313
-0.0310219
-0.0300704
-0.0290746
-0.0280321
-0.0269405
-0.0257976
-0.024601
-0.0233492
-0.0220409
-0.0206762
-0.0192562
-0.0177837
-0.0162636
-0.0147032
-0.0131125
-0.0115049
-0.00989684
-0.00830798
-0.00676103
-0.00528108
-0.00389455
-0.00262784
-0.00150543
-0.000547777
0.000231077
0.000825727
0.00124111
0.0014932
0.00160812
0.00161935
0.00156288
0.00147068
0.0013703
0.00128303
0.00121304
0.00116532
0.00114194
0.00114398
0.00442035
0.00427374
0.0041464
0.00400585
0.0038344
0.0036246
0.00337407
0.00308208
0.00274793
0.00237036
0.00194748
0.0014769
0.000955993
0.000382071
-0.000247348
-0.00093435
-0.00168046
-0.00248648
-0.00335247
-0.00427762
-0.00526029
-0.00629799
-0.0073875
-0.00852487
-0.00970554
-0.0109245
-0.0121762
-0.013455
-0.014755
-0.0160702
-0.0173946
-0.0187223
-0.0200478
-0.0213654
-0.0226702
-0.0239573
-0.0252222
-0.0264608
-0.0276696
-0.0288453
-0.0299851
-0.0310865
-0.0321474
-0.0331662
-0.0341414
-0.0350722
-0.0359576
-0.0367972
-0.0375906
-0.0383378
-0.0390387
-0.0396935
-0.0403024
-0.0408659
-0.0413841
-0.0418575
-0.0422866
-0.0426717
-0.0430133
-0.0433118
-0.0435676
-0.043781
-0.0439526
-0.0440826
-0.0441714
-0.0442193
-0.0442266
-0.0441938
-0.0441209
-0.0440061
-0.0438541
-0.0436651
-0.0434396
-0.0431778
-0.0428804
-0.0425476
-0.0421801
-0.0417782
-0.0413426
-0.0408735
-0.0403713
-0.0398365
-0.0392691
-0.0386694
-0.0380371
-0.0373722
-0.0366741
-0.0359421
-0.0351753
-0.0343723
-0.0335317
-0.0326515
-0.0317294
-0.030763
-0.0297494
-0.0286857
-0.0275688
-0.0263957
-0.0251636
-0.0238704
-0.0225146
-0.0210961
-0.019616
-0.0180779
-0.0164875
-0.0148538
-0.0131888
-0.0115085
-0.00983257
-0.00818422
-0.00658993
-0.00507839
-0.00367914
-0.00242072
-0.00132829
-0.000421066
0.00029035
0.000806196
0.00113887
0.00131269
0.00136155
0.00132449
0.00123989
0.00114121
0.00104252
0.000964536
0.000909846
0.000881177
0.00087908
0.00461044
0.00445558
0.00432086
0.00417243
0.00399044
0.00376588
0.00349536
0.00317756
0.00281144
0.00239568
0.00192849
0.00140778
0.000831349
0.00019707
-0.000496872
-0.00125181
-0.00206847
-0.00294681
-0.00388604
-0.0048845
-0.00593976
-0.00704859
-0.00820704
-0.00941056
-0.0106541
-0.011932
-0.0132387
-0.0145679
-0.0159137
-0.0172699
-0.0186304
-0.0199895
-0.0213414
-0.022681
-0.0240032
-0.0253034
-0.0265774
-0.0278215
-0.0290323
-0.0302068
-0.0313427
-0.0324378
-0.0334904
-0.0344991
-0.035463
-0.0363813
-0.0372535
-0.0380795
-0.0388592
-0.0395926
-0.0402801
-0.040922
-0.0415186
-0.0420705
-0.042578
-0.0430417
-0.043462
-0.0438395
-0.0441745
-0.0444676
-0.0447192
-0.0449296
-0.0450992
-0.0452284
-0.0453176
-0.045367
-0.045377
-0.0453478
-0.0452798
-0.0451714
-0.0450266
-0.044846
-0.0446296
-0.0443781
-0.0440918
-0.0437711
-0.0434166
-0.0430286
-0.0426078
-0.0421544
-0.0416689
-0.0411516
-0.0406028
-0.0400225
-0.0394107
-0.0387671
-0.0380915
-0.037383
-0.0366408
-0.0358635
-0.0350496
-0.034197
-0.0333034
-0.0323662
-0.0313821
-0.0303478
-0.0292597
-0.0281141
-0.0269075
-0.0256365
-0.0242985
-0.0228919
-0.0214164
-0.0198738
-0.0182682
-0.0166068
-0.0149004
-0.0131637
-0.0114156
-0.00967934
-0.00798214
-0.0063543
-0.00482801
-0.00343547
-0.00220646
-0.00116551
-0.000328922
0.00029806
0.000723179
0.000967686
0.0010647
0.00105509
0.000981331
0.000880712
0.000775589
0.000689933
0.000627575
0.000592221
0.000585012
0.00473413
0.00457169
0.00443111
0.00427558
0.00408322
0.00384374
0.00355292
0.00320893
0.00281055
0.00235642
0.00184495
0.00127437
0.000642964
-5.07888e-05
-0.000808003
-0.00162924
-0.0025144
-0.00346261
-0.00447222
-0.00554077
-0.00666503
-0.00784106
-0.00906427
-0.0103295
-0.0116312
-0.0129634
-0.0143201
-0.0156948
-0.0170814
-0.0184736
-0.0198654
-0.0212511
-0.0226249
-0.0239819
-0.0253173
-0.0266266
-0.027906
-0.029152
-0.0303616
-0.0315322
-0.0326617
-0.0337483
-0.0347906
-0.0357878
-0.0367391
-0.037644
-0.0385025
-0.0393145
-0.0400803
-0.0408001
-0.0414745
-0.0421038
-0.0426886
-0.0432295
-0.043727
-0.0441817
-0.044594
-0.0449646
-0.0452938
-0.0455821
-0.04583
-0.0460379
-0.046206
-0.0463348
-0.0464246
-0.0464756
-0.0464883
-0.0464628
-0.0463995
-0.0462971
-0.0461593
-0.0459863
-0.0457785
-0.0455362
-0.0452599
-0.0449501
-0.0446072
-0.0442316
-0.0438239
-0.0433844
-0.0429136
-0.0424117
-0.0418791
-0.0413158
-0.0407219
-0.0400972
-0.0394414
-0.0387538
-0.0380335
-0.0372793
-0.0364898
-0.0356628
-0.0347961
-0.0338869
-0.0329319
-0.0319274
-0.0308696
-0.0297543
-0.028577
-0.0273337
-0.0260206
-0.0246347
-0.0231743
-0.0216392
-0.0200319
-0.0183577
-0.0166254
-0.014848
-0.0130434
-0.0112339
-0.00944683
-0.00771339
-0.00606783
-0.00454554
-0.00318062
-0.00200294
-0.00103476
-0.000287497
0.000240984
0.000567632
0.0007234
0.000749671
0.000692002
0.000592294
0.000481176
0.000388298
0.000317117
0.000273486
0.000260401
0.0047836
0.00461547
0.00447015
0.00430806
0.00410556
0.00385121
0.00354012
0.00317006
0.00273965
0.00224759
0.00169249
0.001073
0.000387895
-0.000363701
-0.00118218
-0.00206733
-0.00301822
-0.00403315
-0.00510963
-0.00624443
-0.00743356
-0.0086724
-0.00995574
-0.0112779
-0.0126329
-0.0140143
-0.0154159
-0.0168311
-0.0182535
-0.0196768
-0.0210951
-0.0225026
-0.023894
-0.0252641
-0.0266086
-0.0279234
-0.0292047
-0.0304495
-0.0316551
-0.0328192
-0.0339402
-0.0350165
-0.0360472
-0.0370317
-0.0379695
-0.0388606
-0.039705
-0.0405031
-0.0412551
-0.0419617
-0.0426234
-0.0432408
-0.0438145
-0.0443452
-0.0448335
-0.04528
-0.0456852
-0.0460496
-0.0463737
-0.046658
-0.0469029
-0.0471087
-0.0472758
-0.0474045
-0.0474952
-0.0475481
-0.0475636
-0.0475418
-0.0474829
-0.0473864
-0.047255
-0.0470891
-0.0468891
-0.0466553
-0.0463882
-0.0460881
-0.0457556
-0.0453911
-0.044995
-0.0445677
-0.0441098
-0.0436214
-0.0431029
-0.0425545
-0.0419762
-0.041368
-0.0407294
-0.0400601
-0.0393592
-0.0386256
-0.0378579
-0.0370542
-0.0362123
-0.0353293
-0.0344022
-0.033427
-0.0323997
-0.0313158
-0.0301704
-0.0289586
-0.0276757
-0.0263175
-0.0248808
-0.0233639
-0.021767
-0.0200935
-0.01835
-0.0165477
-0.0147022
-0.0128349
-0.0109721
-0.0091455
-0.00739057
-0.0057453
-0.00424769
-0.00293274
-0.00182883
-0.000953995
-0.000312566
0.000106964
0.000332078
0.000403493
0.000369431
0.000278045
0.00017135
5.95226e-05
-2.35765e-05
-7.64338e-05
-9.63247e-05
0.00475381
0.00458179
0.00443261
0.00426442
0.00405203
0.00378308
0.00345205
0.00305642
0.00259468
0.00206564
0.00146818
0.000801344
6.44663e-05
-0.000742687
-0.00161978
-0.00256581
-0.00357904
-0.00465694
-0.00579626
-0.00699297
-0.00824239
-0.00953925
-0.0108778
-0.0122518
-0.0136549
-0.0150805
-0.0165218
-0.0179723
-0.0194256
-0.0208752
-0.0223153
-0.0237402
-0.0251447
-0.0265241
-0.027874
-0.0291907
-0.0304709
-0.0317117
-0.0329108
-0.0340665
-0.0351771
-0.0362418
-0.0372598
-0.0382308
-0.0391547
-0.0400317
-0.0408621
-0.0416464
-0.0423852
-0.0430791
-0.0437288
-0.0443351
-0.0448986
-0.04542
-0.0458999
-0.0463391
-0.0467379
-0.047097
-0.0474168
-0.0476977
-0.0479401
-0.0481445
-0.048311
-0.0484401
-0.0485319
-0.0485869
-0.0486052
-0.0485871
-0.0485326
-0.0484415
-0.0483163
-0.0481571
-0.0479643
-0.0477383
-0.0474795
-0.0471883
-0.0468651
-0.0465104
-0.0461247
-0.0457083
-0.0452617
-0.0447852
-0.044279
-0.0437436
-0.0431788
-0.0425848
-0.0419612
-0.0413077
-0.0406237
-0.0399081
-0.0391597
-0.0383768
-0.0375572
-0.0366984
-0.0357972
-0.03485
-0.0338525
-0.0328001
-0.0316875
-0.0305095
-0.0292604
-0.0279352
-0.0265292
-0.025039
-0.0234631
-0.0218025
-0.0200615
-0.0182489
-0.0163783
-0.0144687
-0.0125454
-0.0106395
-0.00878696
-0.00702773
-0.00540313
-0.00395294
-0.00271159
-0.00170402
-0.000941708
-0.000419622
-0.000115054
1.06137e-05
6.66205e-06
-7.52599e-05
-0.000190734
-0.000306163
-0.00039797
-0.00046001
-0.000487357
0.00464131
0.00446704
0.00431483
0.00414095
0.00391902
0.00363586
0.00328549
0.00286511
0.00237317
0.00180857
0.00117049
0.000458419
-0.000327762
-0.00118763
-0.00212012
-0.00312347
-0.00419514
-0.00533182
-0.00652949
-0.00778339
-0.00908819
-0.010438
-0.0118266
-0.0132472
-0.0146932
-0.0161577
-0.0176337
-0.0191145
-0.0205936
-0.0220648
-0.0235221
-0.0249602
-0.0263739
-0.0277587
-0.0291107
-0.0304262
-0.0317025
-0.0329369
-0.0341276
-0.035273
-0.036372
-0.037424
-0.0384286
-0.0393857
-0.0402956
-0.0411586
-0.0419752
-0.0427462
-0.0434723
-0.0441543
-0.0447928
-0.0453888
-0.045943
-0.046456
-0.0469285
-0.0473612
-0.0477546
-0.0481091
-0.0484253
-0.0487035
-0.0489441
-0.0491474
-0.0493138
-0.0494435
-0.0495367
-0.0495939
-0.0496152
-0.0496009
-0.0495501
-0.0494646
-0.0493452
-0.0491923
-0.0490062
-0.0487874
-0.0485362
-0.0482531
-0.0479384
-0.0475926
-0.0472161
-0.0468094
-0.0463728
-0.0459067
-0.0454114
-0.0448871
-0.0443341
-0.0437524
-0.0431418
-0.042502
-0.0418325
-0.0411325
-0.0404009
-0.0396363
-0.0388366
-0.0379995
-0.0371221
-0.0362008
-0.0352316
-0.0342097
-0.0331299
-0.0319865
-0.0307734
-0.0294845
-0.0281143
-0.0266577
-0.0251115
-0.0234743
-0.0217483
-0.0199392
-0.0180583
-0.0161221
-0.0141539
-0.0121835
-0.0102467
-0.00838456
-0.00664103
-0.00506015
-0.00368215
-0.00253899
-0.00164977
-0.00101681
-0.000623386
-0.000434364
-0.000400511
-0.00046654
-0.000580893
-0.000703977
-0.000806673
-0.000879152
-0.00091474
0.00444419
0.00426922
0.00411471
0.0039356
0.00370453
0.00340774
0.00303885
0.00259484
0.00207413
0.00147578
0.000799263
4.45014e-05
-0.000788057
-0.00169734
-0.00268159
-0.00373826
-0.00486408
-0.00605497
-0.00730618
-0.0086123
-0.00996734
-0.0113649
-0.0127982
-0.0142602
-0.0157438
-0.0172419
-0.0187475
-0.0202537
-0.021754
-0.0232421
-0.0247125
-0.0261596
-0.0275787
-0.0289656
-0.0303165
-0.0316282
-0.0328982
-0.0341242
-0.0353047
-0.0364385
-0.0375249
-0.0385635
-0.0395542
-0.0404973
-0.0413932
-0.0422425
-0.0430459
-0.0438042
-0.0445184
-0.0451892
-0.0458175
-0.0464041
-0.0469498
-0.0474554
-0.0479214
-0.0483485
-0.0487371
-0.0490879
-0.0494011
-0.0496772
-0.0499164
-0.0501192
-0.0502858
-0.0504164
-0.0505113
-0.0505708
-0.050595
-0.0505844
-0.0505377
-0.0504572
-0.0503433
-0.0501963
-0.0500165
-0.0498044
-0.0495602
-0.0492845
-0.0489776
-0.0486398
-0.0482717
-0.0478736
-0.0474459
-0.0469891
-0.0465033
-0.0459889
-0.0454461
-0.044875
-0.0442756
-0.0436475
-0.0429906
-0.042304
-0.041587
-0.0408382
-0.0400559
-0.0392381
-0.038382
-0.0374844
-0.0365414
-0.0355484
-0.0345003
-0.0333912
-0.0322147
-0.0309642
-0.029633
-0.0282151
-0.0267054
-0.0251005
-0.0234
-0.021607
-0.0197298
-0.0177822
-0.0157847
-0.0137653
-0.0117588
-0.00980647
-0.00795419
-0.00624958
-0.00473824
-0.00345901
-0.00243892
-0.00168832
-0.00119756
-0.000936233
-0.000856367
-0.000899758
-0.00100803
-0.0011314
-0.00125177
-0.00133632
-0.00138102
0.00416207
0.00398782
0.00383174
0.00364785
0.00340817
0.00309847
0.00271207
0.00224579
0.00169805
0.00106805
0.0003556
-0.000438952
-0.00131461
-0.00226967
-0.00330167
-0.00440737
-0.00558274
-0.00682303
-0.00812277
-0.00947592
-0.0108759
-0.0123159
-0.0137886
-0.0152866
-0.0168026
-0.0183293
-0.0198594
-0.0213862
-0.0229031
-0.024404
-0.0258833
-0.0273358
-0.028757
-0.0301428
-0.0314899
-0.0327954
-0.034057
-0.0352729
-0.0364419
-0.0375631
-0.0386361
-0.0396609
-0.0406376
-0.0415668
-0.042449
-0.043285
-0.0440758
-0.0448222
-0.0455253
-0.0461858
-0.0468048
-0.047383
-0.0479212
-0.0484201
-0.0488805
-0.0493027
-0.0496874
-0.050035
-0.0503459
-0.0506204
-0.0508588
-0.0510614
-0.0512284
-0.0513601
-0.0514568
-0.0515186
-0.0515459
-0.0515388
-0.0514964
-0.0514206
-0.0513119
-0.0511704
-0.0509965
-0.0507906
-0.050553
-0.0502841
-0.0499843
-0.0496539
-0.0492934
-0.0489031
-0.0484835
-0.0480349
-0.0475576
-0.0470519
-0.0465181
-0.0459563
-0.0453665
-0.0447486
-0.0441024
-0.0434274
-0.0427228
-0.0419877
-0.0412205
-0.0404195
-0.0395822
-0.0387058
-0.0377867
-0.0368205
-0.0358023
-0.0347262
-0.0335858
-0.0323742
-0.031084
-0.029708
-0.0282398
-0.0266741
-0.0250081
-0.0232422
-0.0213814
-0.0194366
-0.0174252
-0.0153725
-0.0133116
-0.0112833
-0.00933427
-0.00751511
-0.00587614
-0.00446279
-0.00331005
-0.00243682
-0.00184143
-0.0014995
-0.00136579
-0.00138084
-0.0014818
-0.00161458
-0.00174103
-0.0018352
-0.00188917
0.00379595
0.00362376
0.0034668
0.00327867
0.00303099
0.00270923
0.00230649
0.00181949
0.00124666
0.00058738
-0.000158245
-0.000989424
-0.00190463
-0.00290156
-0.00397709
-0.00512729
-0.00634746
-0.00763215
-0.00897529
-0.0103702
-0.0118099
-0.0132869
-0.0147937
-0.0163225
-0.0178658
-0.0194161
-0.0209661
-0.0225089
-0.0240381
-0.0255477
-0.0270321
-0.0284866
-0.0299067
-0.0312887
-0.0326296
-0.0339268
-0.0351783
-0.0363828
-0.0375392
-0.0386471
-0.0397064
-0.0407172
-0.04168
-0.0425955
-0.0434644
-0.0442879
-0.0450667
-0.0458021
-0.0464948
-0.047146
-0.0477565
-0.0483271
-0.0488587
-0.0493519
-0.0498073
-0.0502255
-0.0506069
-0.0509519
-0.0512609
-0.0515343
-0.0517721
-0.0519749
-0.0521426
-0.0522757
-0.0523742
-0.0524385
-0.0524687
-0.052465
-0.0524267
-0.0523555
-0.0522516
-0.0521154
-0.051947
-0.051747
-0.0515155
-0.051253
-0.0509598
-0.0506362
-0.0502827
-0.0498996
-0.0494873
-0.0490462
-0.0485765
-0.0480786
-0.0475527
-0.0469991
-0.0464177
-0.0458086
-0.0451717
-0.0445066
-0.0438127
-0.0430893
-0.0423351
-0.0415487
-0.0407279
-0.0398702
-0.0389724
-0.0380306
-0.03704
-0.035995
-0.0348894
-0.033716
-0.0324671
-0.0311348
-0.0297114
-0.0281901
-0.0265657
-0.024836
-0.0230031
-0.0210741
-0.0190634
-0.0169929
-0.0148934
-0.0128041
-0.010772
-0.00884941
-0.00709077
-0.0055476
-0.00426268
-0.00326377
-0.00255791
-0.00212795
-0.0019328
-0.00191301
-0.00200146
-0.00213638
-0.00227188
-0.00237671
-0.00244071
0.00334818
0.00317925
0.00302211
0.0028303
0.00257532
0.00224247
0.0018247
0.00131868
0.00072287
3.68415e-05
-0.000739007
-0.00160347
-0.0025545
-0.00358923
-0.00470391
-0.00589397
-0.00715406
-0.00847812
-0.00985949
-0.011291
-0.012765
-0.0142739
-0.0158095
-0.0173641
-0.0189297
-0.0204988
-0.0220641
-0.0236186
-0.0251561
-0.0266706
-0.0281568
-0.0296101
-0.0310263
-0.0324021
-0.0337347
-0.0350219
-0.036262
-0.037454
-0.0385971
-0.0396912
-0.0407365
-0.0417334
-0.0426825
-0.0435848
-0.0444411
-0.0452526
-0.0460203
-0.0467453
-0.0474287
-0.0480714
-0.0486742
-0.0492382
-0.0497639
-0.0502521
-0.0507033
-0.051118
-0.0514966
-0.0518396
-0.0521472
-0.0524197
-0.0526574
-0.0528605
-0.0530292
-0.0531636
-0.0532641
-0.0533308
-0.0533638
-0.0533636
-0.0533293
-0.0532624
-0.0531631
-0.0530318
-0.0528687
-0.0526742
-0.0524484
-0.0521919
-0.0519048
-0.0515876
-0.0512406
-0.0508642
-0.0504586
-0.0500243
-0.0495616
-0.0490707
-0.048552
-0.0480056
-0.0474318
-0.0468305
-0.0462016
-0.0455451
-0.0448604
-0.0441471
-0.0434041
-0.0426302
-0.0418236
-0.0409823
-0.0401034
-0.0391833
-0.0382178
-0.0372016
-0.0361287
-0.034992
-0.0337837
-0.0324955
-0.0311186
-0.029645
-0.0280676
-0.0263816
-0.024586
-0.0226847
-0.0206882
-0.0186149
-0.0164924
-0.0143579
-0.0122573
-0.0102441
-0.0083758
-0.00670934
-0.00529496
-0.00416932
-0.00334876
-0.00282436
-0.00256051
-0.00249906
-0.00256941
-0.00270234
-0.00284213
-0.00296216
-0.00303732
0.00282229
0.00265773
0.00250106
0.00230618
0.00204465
0.00170176
0.00127037
0.000747135
0.000130583
-0.000579545
-0.00138255
-0.00227684
-0.00325988
-0.00432826
-0.00547765
-0.00670288
-0.00799802
-0.00935642
-0.0107709
-0.0122337
-0.013737
-0.0152725
-0.0168321
-0.0184074
-0.0199907
-0.0215741
-0.0231503
-0.0247126
-0.0262546
-0.0277706
-0.0292554
-0.0307047
-0.0321147
-0.0334822
-0.0348048
-0.0360805
-0.0373081
-0.0384867
-0.0396161
-0.0406962
-0.0417276
-0.0427107
-0.0436465
-0.0445361
-0.0453804
-0.0461807
-0.0469381
-0.0476536
-0.0483284
-0.0489634
-0.0495595
-0.0501174
-0.050638
-0.0511218
-0.0515694
-0.0519812
-0.0523576
-0.0526989
-0.0530054
-0.0532774
-0.0535151
-0.0537187
-0.0538884
-0.0540244
-0.0541268
-0.0541959
-0.0542317
-0.0542347
-0.0542042
-0.0541414
-0.0540466
-0.0539199
-0.0537618
-0.0535724
-0.0533521
-0.0531012
-0.05282
-0.0525087
-0.0521678
-0.0517976
-0.0513983
-0.0509704
-0.0505141
-0.0500297
-0.0495175
-0.0489778
-0.0484107
-0.0478163
-0.0471946
-0.0465456
-0.045869
-0.0451643
-0.0444309
-0.0436679
-0.0428737
-0.0420466
-0.0411841
-0.0402833
-0.0393403
-0.0383502
-0.0373075
-0.0362054
-0.0350361
-0.0337911
-0.0324611
-0.031037
-0.0295101
-0.0278735
-0.0261231
-0.0242595
-0.0222894
-0.0202274
-0.0180973
-0.0159333
-0.0137797
-0.01169
-0.00972375
-0.00794259
-0.00640364
-0.0051523
-0.00421456
-0.00359056
-0.00325147
-0.00314192
-0.00318931
-0.00331849
-0.00346686
-0.00359652
-0.00368235
0.00222281
0.00206359
0.00190805
0.00171073
0.00144347
0.00109164
0.000648117
0.000109541
-0.000525462
-0.00125698
-0.00208403
-0.00300464
-0.00401584
-0.00511371
-0.00629338
-0.00754914
-0.00887449
-0.0102623
-0.0117048
-0.013194
-0.0147215
-0.0162788
-0.0178574
-0.0194489
-0.0210453
-0.0226388
-0.024222
-0.0257883
-0.0273314
-0.0288457
-0.0303264
-0.0317693
-0.0331709
-0.0345284
-0.0358394
-0.0371026
-0.0383169
-0.0394817
-0.040597
-0.041663
-0.0426806
-0.0436503
-0.0445734
-0.0454508
-0.0462838
-0.0470736
-0.0478214
-0.0485283
-0.0491952
-0.0498233
-0.0504133
-0.050966
-0.0514821
-0.0519621
-0.0524065
-0.0528158
-0.0531903
-0.0535303
-0.053836
-0.0541078
-0.0543457
-0.0545499
-0.0547207
-0.0548581
-0.0549625
-0.0550338
-0.0550725
-0.0550785
-0.0550516
-0.0549927
-0.054902
-0.0547799
-0.0546264
-0.054442
-0.0542269
-0.0539813
-0.0537055
-0.0533999
-0.0530648
-0.0527004
-0.0523071
-0.0518851
-0.0514349
-0.0509565
-0.0504504
-0.0499168
-0.0493559
-0.0487678
-0.0481526
-0.0475103
-0.0468408
-0.0461438
-0.0454188
-0.044665
-0.0438815
-0.0430667
-0.0422187
-0.0413348
-0.0404116
-0.0394451
-0.0384299
-0.0373597
-0.0362271
-0.0350237
-0.0337398
-0.0323656
-0.0308912
-0.0293078
-0.0276087
-0.0257913
-0.0238583
-0.0218204
-0.0196972
-0.0175193
-0.0153284
-0.0131771
-0.0111262
-0.00924077
-0.00758418
-0.00621022
-0.00515465
-0.00442737
-0.00400748
-0.00384388
-0.00386336
-0.00398559
-0.00414034
-0.00427981
-0.00437648
0.00155514
0.00140214
0.00124833
0.00104921
0.000777077
0.000417458
-3.6698e-05
-0.000588704
-0.00123984
-0.00199002
-0.002838
-0.00378145
-0.004817
-0.00594025
-0.00714585
-0.00842758
-0.00977846
-0.0111909
-0.0126567
-0.0141674
-0.0157143
-0.0172886
-0.0188817
-0.020485
-0.0220904
-0.02369
-0.0252765
-0.0268434
-0.0283844
-0.0298944
-0.0313685
-0.0328029
-0.0341943
-0.0355402
-0.0368386
-0.0380883
-0.0392886
-0.0404393
-0.0415404
-0.0425926
-0.0435966
-0.0445534
-0.0454642
-0.0463301
-0.0471526
-0.0479326
-0.0486715
-0.0493704
-0.0500303
-0.0506521
-0.0512367
-0.0517847
-0.0522968
-0.0527735
-0.0532152
-0.0536224
-0.0539953
-0.0543342
-0.0546394
-0.0549109
-0.0551491
-0.0553541
-0.0555259
-0.0556649
-0.0557711
-0.0558447
-0.0558859
-0.0558949
-0.0558714
-0.0558162
-0.0557295
-0.0556116
-0.0554626
-0.0552828
-0.0550726
-0.0548321
-0.0545616
-0.0542613
-0.0539317
-0.0535729
-0.0531852
-0.052769
-0.0523244
-0.0518518
-0.0513515
-0.0508236
-0.0502685
-0.0496862
-0.0490769
-0.0484408
-0.0477777
-0.0470875
-0.0463699
-0.0456244
-0.0448502
-0.0440461
-0.0432106
-0.0423415
-0.0414359
-0.0404902
-0.0394997
-0.0384587
-0.0373602
-0.0361959
-0.0349564
-0.0336314
-0.0322101
-0.0306822
-0.0290387
-0.027274
-0.0253872
-0.0233847
-0.0212819
-0.0191051
-0.0168927
-0.0146954
-0.012574
-0.0105963
-0.00883084
-0.00733934
-0.00616718
-0.00533449
-0.0048293
-0.00460618
-0.00459263
-0.00470393
-0.00486196
-0.00501062
-0.00511891
0.00082537
0.00067935
0.000527861
0.000327587
5.14279e-05
-0.000314818
-0.000778089
-0.00134162
-0.00200659
-0.00277274
-0.00363858
-0.00460146
-0.00565763
-0.00680226
-0.00802956
-0.00933287
-0.0107047
-0.0121372
-0.0136216
-0.0151492
-0.016711
-0.018298
-0.0199014
-0.0215124
-0.0231228
-0.0247249
-0.0263114
-0.0278758
-0.0294121
-0.0309151
-0.0323805
-0.0338046
-0.0351843
-0.0365174
-0.0378023
-0.039038
-0.040224
-0.0413603
-0.0424473
-0.0434858
-0.0444767
-0.045421
-0.0463201
-0.0471753
-0.0479877
-0.0487588
-0.0494895
-0.0501812
-0.0508346
-0.0514508
-0.0520304
-0.0525743
-0.0530828
-0.0535566
-0.053996
-0.0544013
-0.0547729
-0.0551109
-0.0554156
-0.0556871
-0.0559256
-0.0561313
-0.0563042
-0.0564446
-0.0565526
-0.0566284
-0.056672
-0.0566838
-0.0566635
-0.0566118
-0.0565288
-0.0564149
-0.0562702
-0.0560949
-0.0558893
-0.0556536
-0.0553881
-0.055093
-0.0547686
-0.0544151
-0.0540329
-0.0536221
-0.053183
-0.0527159
-0.0522211
-0.0516988
-0.0511491
-0.0505724
-0.0499687
-0.0493383
-0.0486811
-0.0479972
-0.0472863
-0.0465481
-0.0457821
-0.0449874
-0.0441628
-0.0433066
-0.0424165
-0.0414892
-0.0405208
-0.0395062
-0.0384388
-0.0373109
-0.0361135
-0.0348359
-0.0334671
-0.0319954
-0.0304102
-0.0287032
-0.0268699
-0.0249127
-0.0228423
-0.0206806
-0.018462
-0.0162343
-0.0140575
-0.0120007
-0.0101368
-0.0085347
-0.00724906
-0.00631045
-0.00571669
-0.00542924
-0.00537775
-0.00547413
-0.00563279
-0.00578839
-0.00590985
4.01405e-05
-9.82562e-05
-0.000246881
-0.000447673
-0.000727002
-0.00109872
-0.00156961
-0.0021428
-0.00281936
-0.00359886
-0.00447958
-0.00545858
-0.00653177
-0.00769394
-0.00893891
-0.0102596
-0.0116482
-0.0130962
-0.0145949
-0.0161351
-0.0177076
-0.0193032
-0.0209128
-0.0225277
-0.0241397
-0.025741
-0.0273245
-0.0288836
-0.0304127
-0.0319068
-0.0333616
-0.0347738
-0.0361406
-0.03746
-0.0387306
-0.0399518
-0.0411233
-0.0422454
-0.0433185
-0.0443436
-0.0453217
-0.0462542
-0.0471422
-0.0479872
-0.0487904
-0.049553
-0.0502763
-0.0509612
-0.0516088
-0.0522198
-0.0527951
-0.0533352
-0.0538406
-0.0543117
-0.054749
-0.0551527
-0.0555231
-0.0558603
-0.0561646
-0.0564361
-0.056675
-0.0568814
-0.0570554
-0.0571972
-0.0573068
-0.0573846
-0.0574306
-0.057445
-0.0574277
-0.0573793
-0.0572999
-0.0571897
-0.057049
-0.056878
-0.0566768
-0.0564458
-0.056185
-0.0558949
-0.0555755
-0.0552272
-0.0548501
-0.0544446
-0.0540109
-0.0535491
-0.0530596
-0.0525426
-0.0519983
-0.0514269
-0.0508286
-0.0502036
-0.049552
-0.0488739
-0.0481692
-0.0474377
-0.0466791
-0.0458928
-0.0450779
-0.0442331
-0.0433565
-0.0424455
-0.0414967
-0.0405056
-0.0394665
-0.0383721
-0.0372138
-0.0359814
-0.0346634
-0.0332476
-0.0317219
-0.0300756
-0.0283014
-0.0263975
-0.0243702
-0.0222364
-0.0200262
-0.0177836
-0.0155667
-0.0134449
-0.0114945
-0.00979031
-0.00839604
-0.00735269
-0.00666842
-0.00631277
-0.00621896
-0.00629699
-0.00645489
-0.00662015
-0.00675179
-0.000793539
-0.000923768
-0.00106902
-0.00126972
-0.00155138
-0.00192746
-0.00240451
-0.00298555
-0.00367153
-0.00446185
-0.0053546
-0.00634657
-0.00743336
-0.00860942
-0.00986821
-0.0112023
-0.0126035
-0.0140632
-0.015572
-0.0171208
-0.0187
-0.0203004
-0.0219126
-0.0235281
-0.0251384
-0.026736
-0.0283137
-0.0298652
-0.031385
-0.0328683
-0.034311
-0.03571
-0.0370629
-0.0383679
-0.0396239
-0.0408304
-0.0419873
-0.0430952
-0.0441547
-0.0451668
-0.0461327
-0.0470538
-0.0479314
-0.0487667
-0.0495612
-0.0503161
-0.0510324
-0.0517112
-0.0523535
-0.0529599
-0.0535311
-0.0540677
-0.0545703
-0.0550391
-0.0554744
-0.0558767
-0.056246
-0.0565825
-0.0568865
-0.057158
-0.0573973
-0.0576043
-0.0577793
-0.0579223
-0.0580336
-0.0581132
-0.0581614
-0.0581782
-0.0581638
-0.0581185
-0.0580424
-0.0579359
-0.057799
-0.057632
-0.057435
-0.0572084
-0.0569523
-0.0566668
-0.0563523
-0.056009
-0.055637
-0.0552366
-0.054808
-0.0543514
-0.0538671
-0.0533553
-0.0528162
-0.05225
-0.051657
-0.0510373
-0.0503911
-0.0497185
-0.0490196
-0.0482943
-0.0475425
-0.0467638
-0.0459576
-0.0451229
-0.0442583
-0.0433617
-0.0424303
-0.0414603
-0.0404465
-0.0393826
-0.0382604
-0.0370702
-0.0358008
-0.0344395
-0.0329731
-0.0313894
-0.0296781
-0.0278339
-0.0258585
-0.0237642
-0.0215759
-0.0193333
-0.0170916
-0.0149195
-0.0128954
-0.0110992
-0.00960284
-0.00845755
-0.00768226
-0.00725555
-0.00711565
-0.0071719
-0.00732663
-0.00749933
-0.00764193
-0.00166841
-0.00179003
-0.00193145
-0.00213145
-0.00241464
-0.00279399
-0.00327582
-0.00386299
-0.00455632
-0.00535508
-0.00625716
-0.00725911
-0.00835626
-0.00954278
-0.0108118
-0.0121556
-0.0135657
-0.0150331
-0.0165484
-0.0181021
-0.0196844
-0.0212861
-0.0228977
-0.0245106
-0.0261165
-0.0277077
-0.0292773
-0.0308191
-0.0323278
-0.0337987
-0.035228
-0.036613
-0.0379512
-0.0392413
-0.0404823
-0.041674
-0.0428165
-0.0439104
-0.0449565
-0.0459561
-0.0469104
-0.0478207
-0.0486883
-0.0495147
-0.0503011
-0.0510487
-0.0517586
-0.0524318
-0.0530691
-0.0536712
-0.0542387
-0.0547722
-0.0552721
-0.0557387
-0.0561724
-0.0565733
-0.0569416
-0.0572775
-0.0575811
-0.0578527
-0.0580922
-0.0582998
-0.0584757
-0.0586199
-0.0587327
-0.0588141
-0.0588643
-0.0588834
-0.0588716
-0.0588292
-0.0587563
-0.0586532
-0.0585199
-0.0583567
-0.0581638
-0.0579414
-0.0576896
-0.0574087
-0.0570989
-0.0567604
-0.0563933
-0.0559978
-0.0555743
-0.0551228
-0.0546436
-0.0541369
-0.053603
-0.053042
-0.0524541
-0.0518396
-0.0511987
-0.0505315
-0.0498382
-0.0491188
-0.0483734
-0.0476017
-0.0468034
-0.0459779
-0.045124
-0.0442402
-0.0433243
-0.042373
-0.041382
-0.0403455
-0.0392564
-0.0381054
-0.0368816
-0.0355726
-0.0341645
-0.0326436
-0.0309975
-0.0292176
-0.0273016
-0.0252565
-0.0231023
-0.0208737
-0.0186222
-0.0164148
-0.0143305
-0.0124537
-0.0108632
-0.00962034
-0.00875492
-0.00825539
-0.00806621
-0.0080974
-0.00824645
-0.00842504
-0.00857838
-0.0025771
-0.00268975
-0.00282692
-0.00302567
-0.00330962
-0.00369122
-0.00417651
-0.00476818
-0.00546693
-0.00627188
-0.00718075
-0.0081899
-0.00929442
-0.0104882
-0.0117641
-0.0131142
-0.0145297
-0.0160014
-0.0175197
-0.0190749
-0.0206571
-0.0222569
-0.023865
-0.0254726
-0.0270715
-0.0286541
-0.0302136
-0.0317439
-0.0332399
-0.0346972
-0.0361122
-0.0374823
-0.0388054
-0.0400802
-0.0413061
-0.042483
-0.0436113
-0.0446915
-0.0457248
-0.0467123
-0.0476554
-0.0485554
-0.0494137
-0.0502316
-0.0510105
-0.0517513
-0.0524553
-0.0531232
-0.0537559
-0.054354
-0.0549182
-0.0554488
-0.0559462
-0.0564108
-0.0568428
-0.0572424
-0.0576098
-0.0579451
-0.0582484
-0.0585199
-0.0587597
-0.0589678
-0.0591445
-0.0592898
-0.0594039
-0.0594869
-0.059539
-0.0595603
-0.059551
-0.0595113
-0.0594414
-0.0593414
-0.0592116
-0.059052
-0.058863
-0.0586446
-0.058397
-0.0581205
-0.0578152
-0.0574813
-0.0571189
-0.0567283
-0.0563097
-0.0558632
-0.055389
-0.0548874
-0.0543585
-0.0538026
-0.0532199
-0.0526106
-0.0519749
-0.0513131
-0.0506253
-0.0499117
-0.0491723
-0.0484073
-0.0476164
-0.0467992
-0.0459551
-0.0450829
-0.0441807
-0.0432462
-0.0422755
-0.0412638
-0.0402047
-0.0390896
-0.0379084
-0.0366488
-0.0352969
-0.0338381
-0.0322581
-0.0305457
-0.0286944
-0.0267069
-0.0245975
-0.0223959
-0.020149
-0.0179211
-0.0157908
-0.0138453
-0.0121701
-0.0108354
-0.00988216
-0.00930914
-0.00906819
-0.00907135
-0.00921227
-0.00939532
-0.00955895
-0.00351223
-0.00361564
-0.00374818
-0.00394516
-0.00422915
-0.00461204
-0.00509956
-0.00569423
-0.00639659
-0.00720565
-0.00811898
-0.00913275
-0.0102419
-0.01144
-0.0127198
-0.014073
-0.0154908
-0.0169636
-0.0184818
-0.0200354
-0.0216146
-0.0232099
-0.0248118
-0.0264117
-0.0280014
-0.0295734
-0.031121
-0.0326384
-0.0341205
-0.0355632
-0.0369631
-0.0383178
-0.0396254
-0.0408848
-0.0420957
-0.0432579
-0.0443722
-0.0454391
-0.04646
-0.0474359
-0.0483683
-0.0492586
-0.050108
-0.050918
-0.0516898
-0.0524243
-0.0531227
-0.0537857
-0.0544142
-0.0550086
-0.0555696
-0.0560974
-0.0565926
-0.0570553
-0.0574857
-0.057884
-0.0582505
-0.0585851
-0.0588881
-0.0591595
-0.0593995
-0.0596081
-0.0597855
-0.0599318
-0.0600472
-0.0601316
-0.0601854
-0.0602087
-0.0602017
-0.0601646
-0.0600974
-0.0600005
-0.0598739
-0.0597178
-0.0595324
-0.0593179
-0.0590743
-0.058802
-0.058501
-0.0581715
-0.0578138
-0.0574279
-0.0570141
-0.0565724
-0.0561032
-0.0556066
-0.0550828
-0.054532
-0.0539544
-0.0533503
-0.0527199
-0.0520633
-0.051381
-0.0506731
-0.0499397
-0.0491811
-0.0483972
-0.0475878
-0.0467527
-0.0458909
-0.0450013
-0.0440817
-0.0431293
-0.04214
-0.0411079
-0.0400257
-0.0388838
-0.0376705
-0.0363721
-0.0349736
-0.0334595
-0.031816
-0.0300335
-0.0281101
-0.0260548
-0.0238918
-0.021663
-0.0194288
-0.0172667
-0.0152655
-0.0135158
-0.0120964
-0.0110588
-0.0104128
-0.0101184
-0.0100909
-0.0102214
-0.0104075
-0.0105808
-0.00446652
-0.00456052
-0.00468809
-0.00488279
-0.00516615
-0.00554945
-0.00603807
-0.00663433
-0.00733866
-0.00814992
-0.00906557
-0.0100816
-0.0111928
-0.0123926
-0.0136735
-0.015027
-0.0164442
-0.0179153
-0.0194306
-0.02098
-0.0225536
-0.0241418
-0.0257354
-0.0273255
-0.0289041
-0.0304639
-0.0319983
-0.0335015
-0.0349688
-0.0363961
-0.0377804
-0.0391193
-0.0404112
-0.0416552
-0.0428511
-0.043999
-0.0450996
-0.0461537
-0.0471625
-0.0481274
-0.0490496
-0.0499306
-0.0507718
-0.0515743
-0.0523393
-0.053068
-0.0537611
-0.0544196
-0.055044
-0.055635
-0.0561929
-0.0567182
-0.0572112
-0.057672
-0.0581009
-0.0584981
-0.0588636
-0.0591976
-0.0595002
-0.0597715
-0.0600116
-0.0602206
-0.0603986
-0.0605458
-0.0606622
-0.060748
-0.0608034
-0.0608285
-0.0608237
-0.0607889
-0.0607244
-0.0606303
-0.0605068
-0.060354
-0.060172
-0.0599611
-0.0597214
-0.0594531
-0.0591562
-0.0588311
-0.0584778
-0.0580965
-0.0576873
-0.0572505
-0.0567862
-0.0562945
-0.0557757
-0.05523
-0.0546575
-0.0540586
-0.0534334
-0.0527822
-0.0521054
-0.0514031
-0.0506756
-0.0499233
-0.0491461
-0.0483443
-0.0475175
-0.0466655
-0.0457872
-0.0448813
-0.0439453
-0.042976
-0.0419684
-0.040916
-0.0398101
-0.0386399
-0.037392
-0.0360513
-0.0346017
-0.0330275
-0.0313162
-0.0294617
-0.0274681
-0.0253539
-0.0231555
-0.0209288
-0.0187489
-0.0167051
-0.014892
-0.0133961
-0.0122791
-0.0115615
-0.0112127
-0.0111526
-0.0112706
-0.0114583
-0.0116405
-0.00543288
-0.00551734
-0.00563965
-0.00583164
-0.00611374
-0.00649663
-0.00698531
-0.00758191
-0.00828669
-0.00909843
-0.0100145
-0.0110307
-0.0121416
-0.0133407
-0.0146202
-0.0159716
-0.0173856
-0.0188525
-0.0203624
-0.0219052
-0.023471
-0.0250501
-0.0266333
-0.0282119
-0.029778
-0.0313241
-0.0328441
-0.0343322
-0.0357839
-0.0371954
-0.0385636
-0.0398865
-0.0411628
-0.0423915
-0.0435727
-0.0447065
-0.0457938
-0.0468355
-0.0478328
-0.0487871
-0.0496997
-0.0505719
-0.0514052
-0.0522006
-0.0529594
-0.0536825
-0.0543707
-0.0550249
-0.0556455
-0.0562332
-0.0567883
-0.0573111
-0.0578019
-0.058261
-0.0586884
-0.0590844
-0.0594489
-0.0597823
-0.0600845
-0.0603556
-0.0605957
-0.060805
-0.0609836
-0.0611315
-0.061249
-0.0613361
-0.0613929
-0.0614197
-0.0614168
-0.0613843
-0.0613222
-0.0612308
-0.0611101
-0.0609604
-0.0607817
-0.0605743
-0.0603382
-0.0600737
-0.0597809
-0.0594599
-0.0591108
-0.058734
-0.0583294
-0.0578972
-0.0574377
-0.0569509
-0.056437
-0.0558964
-0.055329
-0.0547353
-0.0541154
-0.0534696
-0.0527983
-0.0521016
-0.0513801
-0.0506339
-0.0498634
-0.0490687
-0.04825
-0.047407
-0.0465393
-0.0456458
-0.0447248
-0.0437736
-0.0427881
-0.0417628
-0.0406898
-0.0395592
-0.0383585
-0.0370727
-0.0356854
-0.0341797
-0.0325406
-0.0307585
-0.0288326
-0.0267758
-0.0246188
-0.0224123
-0.0202282
-0.018155
-0.0162903
-0.014727
-0.0135362
-0.0127498
-0.0123467
-0.0122523
-0.012356
-0.0125438
-0.0127344
-0.00640448
-0.00647936
-0.00659614
-0.00678498
-0.00706526
-0.00744698
-0.0079348
-0.00853059
-0.00923449
-0.0100452
-0.0109598
-0.0119743
-0.013083
-0.0142793
-0.0155552
-0.0169021
-0.0183108
-0.0197713
-0.0212737
-0.0228079
-0.024364
-0.0259322
-0.0275034
-0.0290691
-0.0306212
-0.0321527
-0.0336573
-0.0351297
-0.0365653
-0.0379605
-0.0393125
-0.0406195
-0.0418801
-0.0430938
-0.0442605
-0.0453807
-0.0464552
-0.0474849
-0.0484712
-0.0494154
-0.0503187
-0.0511827
-0.0520085
-0.0527972
-0.0535501
-0.0542679
-0.0549515
-0.0556016
-0.0562186
-0.0568032
-0.0573555
-0.057876
-0.0583648
-0.0588221
-0.0592481
-0.0596428
-0.0600065
-0.0603391
-0.0606408
-0.0609117
-0.0611519
-0.0613614
-0.0615404
-0.061689
-0.0618074
-0.0618956
-0.0619538
-0.0619821
-0.0619811
-0.0619506
-0.0618908
-0.0618019
-0.0616839
-0.061537
-0.0613615
-0.0611573
-0.0609247
-0.0606638
-0.0603748
-0.0600577
-0.0597129
-0.0593402
-0.0589401
-0.0585125
-0.0580576
-0.0575756
-0.0570667
-0.056531
-0.0559687
-0.0553802
-0.0547656
-0.0541252
-0.0534594
-0.0527685
-0.0520529
-0.0513129
-0.0505489
-0.0497613
-0.0489503
-0.048116
-0.0472581
-0.0463762
-0.0454689
-0.0445341
-0.0435687
-0.0425679
-0.0415248
-0.0404307
-0.0392736
-0.0380395
-0.0367118
-0.0352728
-0.0337059
-0.031998
-0.0301442
-0.028152
-0.0260459
-0.0238714
-0.0216959
-0.0196063
-0.0177019
-0.0160808
-0.0148232
-0.0139715
-0.0135148
-0.0133853
-0.013473
-0.0136597
-0.0138576
-0.00737481
-0.00744011
-0.00755113
-0.00773644
-0.00801435
-0.00839423
-0.00888034
-0.00947431
-0.0101761
-0.0109844
-0.0118962
-0.0129072
-0.014012
-0.0152035
-0.0164739
-0.0178145
-0.0192159
-0.0206681
-0.0221612
-0.0236851
-0.0252298
-0.0267856
-0.0283436
-0.0298951
-0.0314323
-0.0329483
-0.034437
-0.0358931
-0.0373123
-0.0386911
-0.0400269
-0.041318
-0.0425632
-0.0437621
-0.0449148
-0.0460217
-0.0470838
-0.0481021
-0.0490778
-0.0500124
-0.050907
-0.0517631
-0.0525818
-0.0533643
-0.0541115
-0.0548243
-0.0555036
-0.0561497
-0.0567634
-0.0573449
-0.0578946
-0.0584128
-0.0588996
-0.0593552
-0.0597798
-0.0601733
-0.060536
-0.060868
-0.0611692
-0.0614398
-0.0616799
-0.0618896
-0.062069
-0.0622182
-0.0623373
-0.0624265
-0.0624859
-0.0625157
-0.0625164
-0.0624878
-0.0624302
-0.0623435
-0.0622281
-0.0620839
-0.0619112
-0.0617101
-0.0614808
-0.0612234
-0.060938
-0.0606247
-0.0602838
-0.0599153
-0.0595194
-0.0590962
-0.0586458
-0.0581685
-0.0576644
-0.0571336
-0.0565765
-0.0559931
-0.0553838
-0.0547489
-0.0540886
-0.0534034
-0.0526937
-0.0519599
-0.0512025
-0.0504219
-0.0496184
-0.0487924
-0.047944
-0.0470728
-0.0461781
-0.0452585
-0.0443113
-0.0433328
-0.042317
-0.0412561
-0.0401394
-0.0389535
-0.0376821
-0.0363075
-0.0348115
-0.0331785
-0.0313998
-0.0294776
-0.0274307
-0.0252985
-0.0231436
-0.0210503
-0.019118
-0.0174495
-0.0161325
-0.0152199
-0.0147114
-0.0145463
-0.0146167
-0.0148008
-0.0150053
-0.00833772
-0.00839353
-0.00849856
-0.00867994
-0.00895498
-0.00933241
-0.00981606
-0.0104073
-0.011106
-0.0119106
-0.0128182
-0.0138245
-0.0149237
-0.0161089
-0.0173722
-0.0187048
-0.0200972
-0.0215396
-0.0230219
-0.0245339
-0.0260659
-0.0276082
-0.0291518
-0.0306883
-0.0322099
-0.0337098
-0.0351821
-0.0366217
-0.0380243
-0.0393867
-0.0407064
-0.0419819
-0.043212
-0.0443965
-0.0455356
-0.0466297
-0.0476799
-0.0486872
-0.0496529
-0.0505783
-0.0514646
-0.0523132
-0.0531252
-0.0539017
-0.0546436
-0.0553518
-0.0560268
-0.0566693
-0.0572796
-0.0578583
-0.0584055
-0.0589214
-0.0594063
-0.0598603
-0.0602834
-0.0606758
-0.0610376
-0.0613688
-0.0616695
-0.0619398
-0.0621798
-0.0623896
-0.0625693
-0.062719
-0.0628388
-0.0629289
-0.0629894
-0.0630205
-0.0630227
-0.062996
-0.0629403
-0.0628558
-0.0627426
-0.062601
-0.062431
-0.0622328
-0.0620066
-0.0617524
-0.0614704
-0.0611607
-0.0608236
-0.060459
-0.0600672
-0.0596482
-0.0592023
-0.0587295
-0.0582301
-0.0577042
-0.057152
-0.0565738
-0.0559697
-0.0553402
-0.0546855
-0.0540061
-0.0533024
-0.0525748
-0.0518238
-0.0510501
-0.0502541
-0.0494362
-0.0485967
-0.0477358
-0.0468529
-0.0459473
-0.0450169
-0.0440586
-0.0430677
-0.0420372
-0.0409576
-0.0398163
-0.0385979
-0.0372847
-0.0358575
-0.0342991
-0.032597
-0.0307489
-0.0287677
-0.0266869
-0.0245636
-0.0224784
-0.0205301
-0.0188245
-0.0174563
-0.0164881
-0.0159299
-0.0157294
-0.0157816
-0.0159619
-0.016172
-0.00928753
-0.00933391
-0.00943275
-0.00960982
-0.0098815
-0.0102559
-0.0107364
-0.0113242
-0.0120189
-0.0128189
-0.0137212
-0.0147214
-0.0158137
-0.0169913
-0.0182461
-0.0195693
-0.0209514
-0.0223826
-0.0238528
-0.0253519
-0.0268702
-0.028398
-0.0299264
-0.0314472
-0.0329527
-0.0344362
-0.0358918
-0.0373147
-0.0387008
-0.0400469
-0.0413508
-0.0426109
-0.0438264
-0.044997
-0.0461229
-0.0472048
-0.0482436
-0.0492404
-0.0501965
-0.0511131
-0.0519916
-0.0528331
-0.0536388
-0.0544096
-0.0551465
-0.0558501
-0.0565212
-0.0571601
-0.0577674
-0.0583432
-0.058888
-0.0594018
-0.0598848
-0.0603371
-0.0607589
-0.0611501
-0.0615109
-0.0618414
-0.0621416
-0.0624115
-0.0626514
-0.0628612
-0.0630412
-0.0631913
-0.0633118
-0.0634027
-0.0634642
-0.0634964
-0.0635002
-0.063475
-0.0634211
-0.0633386
-0.0632276
-0.0630884
-0.0629209
-0.0627254
-0.062502
-0.0622509
-0.0619721
-0.0616658
-0.0613322
-0.0609714
-0.0605834
-0.0601685
-0.0597269
-0.0592585
-0.0587636
-0.0582424
-0.0576951
-0.057122
-0.0565231
-0.055899
-0.0552499
-0.0545762
-0.0538784
-0.053157
-0.0524126
-0.0516457
-0.050857
-0.050047
-0.0492163
-0.0483651
-0.0474935
-0.0466008
-0.0456859
-0.0447463
-0.043778
-0.0427753
-0.0417296
-0.0406296
-0.0394606
-0.0382054
-0.0368446
-0.0353592
-0.0337341
-0.0319627
-0.0300525
-0.0280308
-0.0259488
-0.0238828
-0.0219299
-0.0201976
-0.0187867
-0.0177686
-0.0171638
-0.0169285
-0.0169617
-0.0171373
-0.017352
-0.0102191
-0.010256
-0.0103484
-0.0105208
-0.0107886
-0.0111595
-0.0116363
-0.01222
-0.0129099
-0.0137044
-0.0146004
-0.0155935
-0.0166779
-0.0178467
-0.0190919
-0.0204046
-0.0217753
-0.0231943
-0.0246514
-0.0261367
-0.0276404
-0.0291531
-0.0306658
-0.0321704
-0.0336595
-0.0351264
-0.0365653
-0.0379716
-0.0393414
-0.0406715
-0.0419599
-0.0432051
-0.0444063
-0.0455634
-0.0466767
-0.0477468
-0.0487747
-0.0497616
-0.0507086
-0.051617
-0.052488
-0.0533228
-0.0541225
-0.0548879
-0.05562
-0.0563194
-0.0569866
-0.0576222
-0.0582264
-0.0587996
-0.059342
-0.0598538
-0.0603349
-0.0607857
-0.0612061
-0.0615962
-0.0619561
-0.0622858
-0.0625854
-0.062855
-0.0630947
-0.0633046
-0.0634847
-0.0636352
-0.0637563
-0.0638479
-0.0639103
-0.0639436
-0.0639486
-0.063925
-0.0638727
-0.063792
-0.0636831
-0.063546
-0.0633808
-0.0631878
-0.0629671
-0.0627188
-0.0624431
-0.06214
-0.0618097
-0.0614524
-0.0610682
-0.0606571
-0.0602195
-0.0597554
-0.0592649
-0.0587483
-0.0582057
-0.0576375
-0.0570438
-0.0564249
-0.0557813
-0.0551133
-0.0544215
-0.0537063
-0.0529683
-0.0522083
-0.0514268
-0.0506246
-0.0498024
-0.0489606
-0.0480996
-0.0472192
-0.0463186
-0.0453962
-0.0444487
-0.0434714
-0.0424568
-0.0413947
-0.0402717
-0.0390709
-0.0377733
-0.0363588
-0.0348101
-0.0331168
-0.0312813
-0.0293249
-0.0272928
-0.025256
-0.0233092
-0.0215606
-0.0201156
-0.0190539
-0.018406
-0.0181372
-0.018151
-0.0183208
-0.0185392
-0.0111281
-0.0111546
-0.0112406
-0.0114079
-0.0116714
-0.0120383
-0.0125109
-0.0130899
-0.0137744
-0.0145628
-0.0154518
-0.016437
-0.0175126
-0.0186717
-0.0199063
-0.0212076
-0.0225661
-0.023972
-0.0254153
-0.0268862
-0.0283748
-0.0298718
-0.0313685
-0.0328568
-0.0343293
-0.0357795
-0.0372019
-0.0385918
-0.0399455
-0.04126
-0.0425333
-0.043764
-0.0449516
-0.0460957
-0.0471969
-0.0482559
-0.0492734
-0.0502508
-0.0511892
-0.0520897
-0.0529537
-0.0537822
-0.0545762
-0.0553365
-0.0560641
-0.0567594
-0.057423
-0.0580553
-0.0586567
-0.0592274
-0.0597675
-0.0602772
-0.0607567
-0.0612059
-0.061625
-0.062014
-0.0623729
-0.0627019
-0.063001
-0.0632702
-0.0635097
-0.0637196
-0.0638999
-0.0640507
-0.0641722
-0.0642645
-0.0643277
-0.064362
-0.0643682
-0.0643459
-0.0642952
-0.0642162
-0.064109
-0.0639739
-0.0638109
-0.0636202
-0.063402
-0.0631563
-0.0628833
-0.0625832
-0.0622561
-0.061902
-0.0615213
-0.0611139
-0.0606801
-0.06022
-0.0597338
-0.0592216
-0.0586836
-0.0581201
-0.0575314
-0.0569178
-0.0562796
-0.0556172
-0.0549312
-0.0542221
-0.0534906
-0.0527373
-0.051963
-0.0511685
-0.0503545
-0.0495219
-0.0486711
-0.0478022
-0.0469151
-0.0460086
-0.0450802
-0.0441261
-0.04314
-0.0421128
-0.0410322
-0.0398824
-0.0386445
-0.0372982
-0.0358244
-0.0342094
-0.0324511
-0.0305649
-0.0285898
-0.0265914
-0.0246607
-0.0229056
-0.0214352
-0.0203365
-0.0196495
-0.0193487
-0.0193432
-0.0195064
-0.0197275
-0.0120094
-0.0120272
-0.0121051
-0.0122665
-0.0125253
-0.0128877
-0.0133558
-0.0139297
-0.0146084
-0.01539
-0.0162714
-0.0172481
-0.0183142
-0.019463
-0.0206863
-0.0219755
-0.0233211
-0.0247133
-0.0261424
-0.0275983
-0.0290715
-0.0305526
-0.0320331
-0.033505
-0.034961
-0.0363948
-0.0378009
-0.0391747
-0.0405127
-0.0418121
-0.0430708
-0.0442877
-0.045462
-0.0465939
-0.0476836
-0.0487318
-0.0497396
-0.050708
-0.0516382
-0.0525314
-0.0533887
-0.0542111
-0.0549998
-0.0557553
-0.0564785
-0.05717
-0.0578302
-0.0584595
-0.0590581
-0.0596263
-0.0601643
-0.0606721
-0.0611499
-0.0615976
-0.0620154
-0.0624033
-0.0627614
-0.0630897
-0.0633882
-0.0636571
-0.0638964
-0.0641062
-0.0642866
-0.0644378
-0.0645597
-0.0646526
-0.0647165
-0.0647516
-0.0647589
-0.0647379
-0.0646885
-0.064611
-0.0645055
-0.0643722
-0.0642112
-0.0640226
-0.0638066
-0.0635633
-0.0632929
-0.0629955
-0.0626713
-0.0623204
-0.0619429
-0.0615389
-0.0611087
-0.0606524
-0.0601702
-0.0596622
-0.0591286
-0.0585697
-0.0579858
-0.0573772
-0.0567443
-0.0560874
-0.0554072
-0.0547041
-0.0539789
-0.0532323
-0.052465
-0.0516781
-0.0508722
-0.0500485
-0.0492074
-0.0483496
-0.0474752
-0.0465835
-0.0456729
-0.0447401
-0.0437801
-0.0427849
-0.0417434
-0.0406408
-0.0394591
-0.0381778
-0.0367766
-0.0352392
-0.0335594
-0.031747
-0.0298348
-0.0278826
-0.0259772
-0.0242252
-0.022738
-0.0216089
-0.0208872
-0.0205563
-0.0205317
-0.0206877
-0.0209107
-0.0128598
-0.0128718
-0.0129365
-0.0130922
-0.013346
-0.0137038
-0.014167
-0.0147355
-0.015408
-0.0161825
-0.0170558
-0.0180235
-0.0190797
-0.0202175
-0.0214291
-0.0227057
-0.0240379
-0.0254162
-0.0268306
-0.0282714
-0.0297289
-0.0311942
-0.0326585
-0.0341141
-0.0355538
-0.0369714
-0.0383616
-0.0397198
-0.0410427
-0.0423274
-0.0435721
-0.0447757
-0.0459376
-0.0470577
-0.0481364
-0.0491746
-0.0501731
-0.0511331
-0.0520556
-0.0529418
-0.0537928
-0.0546096
-0.0553931
-0.0561442
-0.0568633
-0.0575511
-0.0582081
-0.0588344
-0.0594305
-0.0599964
-0.0605323
-0.0610383
-0.0615144
-0.0619608
-0.0623774
-0.0627642
-0.0631215
-0.0634491
-0.0637471
-0.0640156
-0.0642547
-0.0644645
-0.064645
-0.0647964
-0.0649187
-0.0650121
-0.0650767
-0.0651126
-0.0651209
-0.0651009
-0.0650527
-0.0649766
-0.0648726
-0.0647409
-0.0645817
-0.064395
-0.0641811
-0.06394
-0.0636719
-0.063377
-0.0630555
-0.0627073
-0.0623328
-0.0619321
-0.0615053
-0.0610525
-0.060574
-0.06007
-0.0595406
-0.0589861
-0.0584068
-0.057803
-0.0571752
-0.0565237
-0.055849
-0.0551518
-0.0544328
-0.0536927
-0.0529324
-0.0521528
-0.051355
-0.0505398
-0.0497082
-0.048861
-0.0479986
-0.0471208
-0.0462265
-0.0453135
-0.0443774
-0.0434116
-0.042406
-0.0413473
-0.0402181
-0.0389983
-0.0376669
-0.0362056
-0.0346044
-0.0328681
-0.0310235
-0.0291244
-0.0272525
-0.0255122
-0.0240164
-0.0228639
-0.022112
-0.0217534
-0.0217102
-0.0218585
-0.0220825
-0.0136742
-0.0136791
-0.0137378
-0.0138808
-0.0141297
-0.0144826
-0.0149408
-0.0155037
-0.0161698
-0.016937
-0.017802
-0.0187602
-0.0198061
-0.0209327
-0.0221322
-0.0233959
-0.0247146
-0.0260786
-0.0274782
-0.0289038
-0.0303457
-0.0317952
-0.0332435
-0.0346831
-0.0361069
-0.0375087
-0.0388834
-0.0402266
-0.0415349
-0.0428056
-0.044037
-0.045228
-0.0463779
-0.0474869
-0.0485554
-0.0495841
-0.0505739
-0.0515258
-0.0524411
-0.0533208
-0.0541659
-0.0549774
-0.0557562
-0.0565029
-0.0572182
-0.0579026
-0.0585565
-0.0591801
-0.0597737
-0.0603374
-0.0608714
-0.0613756
-0.0618502
-0.0622953
-0.0627107
-0.0630966
-0.0634531
-0.06378
-0.0640776
-0.0643458
-0.0645847
-0.0647944
-0.064975
-0.0651266
-0.0652493
-0.0653431
-0.0654083
-0.0654449
-0.065454
-0.065435
-0.065388
-0.0653131
-0.0652104
-0.0650802
-0.0649225
-0.0647375
-0.0645254
-0.0642863
-0.0640204
-0.0637277
-0.0634086
-0.063063
-0.0626913
-0.0622934
-0.0618697
-0.0614202
-0.0609452
-0.0604449
-0.0599194
-0.0593691
-0.0587941
-0.058195
-0.057572
-0.0569256
-0.0562564
-0.0555649
-0.0548519
-0.0541182
-0.0533646
-0.0525922
-0.0518021
-0.0509952
-0.0501728
-0.0493357
-0.0484847
-0.04762
-0.0467411
-0.0458463
-0.0449323
-0.0439933
-0.0430208
-0.0420025
-0.0409221
-0.0397602
-0.0384954
-0.0371079
-0.0355846
-0.0339258
-0.0321523
-0.0303117
-0.0284805
-0.0267601
-0.0252637
-0.0240943
-0.023317
-0.0229333
-0.0228722
-0.0230124
-0.0232368
-0.0144489
-0.0144467
-0.0145014
-0.0146339
-0.0148729
-0.015221
-0.0156741
-0.0162313
-0.0168909
-0.0176506
-0.018507
-0.0194557
-0.0204911
-0.0216063
-0.0227935
-0.0240442
-0.0253491
-0.0266989
-0.0280837
-0.0294941
-0.0309207
-0.0323545
-0.0337872
-0.0352111
-0.0366194
-0.0380061
-0.0393659
-0.0406947
-0.041989
-0.0432465
-0.0444652
-0.0456442
-0.0467829
-0.0478815
-0.0489403
-0.04996
-0.0509417
-0.0518862
-0.0527947
-0.0536683
-0.0545078
-0.0553144
-0.0560887
-0.0568314
-0.0575431
-0.0582243
-0.0588753
-0.0594963
-0.0600876
-0.0606493
-0.0611814
-0.061684
-0.0621572
-0.062601
-0.0630154
-0.0634005
-0.0637561
-0.0640825
-0.0643796
-0.0646475
-0.0648863
-0.065096
-0.0652767
-0.0654285
-0.0655514
-0.0656457
-0.0657114
-0.0657486
-0.0657584
-0.0657403
-0.0656942
-0.0656204
-0.0655189
-0.06539
-0.0652337
-0.0650502
-0.0648397
-0.0646024
-0.0643383
-0.0640477
-0.0637307
-0.0633874
-0.0630181
-0.0626229
-0.062202
-0.0617556
-0.0612838
-0.0607868
-0.060265
-0.0597185
-0.0591477
-0.0585529
-0.0579345
-0.0572929
-0.0566289
-0.0559429
-0.0552357
-0.0545081
-0.0537611
-0.0529957
-0.052213
-0.0514142
-0.0506006
-0.0497732
-0.0489331
-0.0480807
-0.0472161
-0.0463383
-0.0454446
-0.0445304
-0.0435882
-0.0426071
-0.041572
-0.0404642
-0.0392626
-0.0379462
-0.0364993
-0.0349182
-0.033218
-0.0314404
-0.0296562
-0.0279629
-0.0264732
-0.0252935
-0.0244956
-0.0240895
-0.0240115
-0.0241435
-0.0243674
-0.0151806
-0.0151713
-0.0152212
-0.0153507
-0.0155755
-0.0159161
-0.0163641
-0.0169155
-0.0175686
-0.0183207
-0.0191685
-0.0201076
-0.0211324
-0.022236
-0.0234109
-0.0246485
-0.0259398
-0.0272754
-0.0286456
-0.0300411
-0.0314525
-0.0328711
-0.0342886
-0.0356974
-0.0370908
-0.0384628
-0.0398085
-0.0411235
-0.0424047
-0.0436495
-0.0448563
-0.0460241
-0.0471523
-0.0482411
-0.0492909
-0.0503023
-0.0512763
-0.0522139
-0.0531161
-0.053984
-0.0548184
-0.0556204
-0.0563905
-0.0571295
-0.0578379
-0.058516
-0.0591643
-0.0597829
-0.0603721
-0.0609318
-0.0614623
-0.0619634
-0.0624353
-0.062878
-0.0632914
-0.0636756
-0.0640307
-0.0643565
-0.0646532
-0.0649209
-0.0651595
-0.0653692
-0.06555
-0.0657019
-0.0658252
-0.0659199
-0.0659861
-0.0660238
-0.066034
-0.0660167
-0.0659715
-0.0658987
-0.0657982
-0.0656704
-0.0655153
-0.0653332
-0.0651241
-0.0648882
-0.0646258
-0.0643369
-0.0640218
-0.0636806
-0.0633135
-0.0629206
-0.0625022
-0.0620585
-0.0615895
-0.0610957
-0.0605772
-0.0600342
-0.0594672
-0.0588764
-0.0582623
-0.0576254
-0.0569662
-0.0562854
-0.0555837
-0.054862
-0.0541213
-0.0533626
-0.0525871
-0.0517961
-0.050991
-0.0501729
-0.0493431
-0.0485024
-0.0476513
-0.0467891
-0.0459142
-0.0450228
-0.0441085
-0.0431615
-0.0421683
-0.041111
-0.0399688
-0.0387203
-0.0373478
-0.0358437
-0.0342182
-0.0325069
-0.0307748
-0.0291151
-0.027639
-0.0264551
-0.0256413
-0.0252158
-0.025122
-0.0252457
-0.0254685
-0.0158668
-0.0158506
-0.0158951
-0.0160206
-0.0162423
-0.0165675
-0.0170083
-0.0175541
-0.0182006
-0.0189452
-0.0197844
-0.0207139
-0.021728
-0.0228202
-0.0239828
-0.0252075
-0.0264853
-0.0278068
-0.0291627
-0.0305436
-0.0319403
-0.0333441
-0.0347469
-0.0361412
-0.0375204
-0.0388785
-0.0402106
-0.0415127
-0.0427815
-0.0440145
-0.0452101
-0.0463674
-0.0474859
-0.0485656
-0.0496069
-0.0506107
-0.0515776
-0.0525088
-0.0534052
-0.0542678
-0.0550975
-0.0558951
-0.0566614
-0.057397
-0.0581022
-0.0587776
-0.0594234
-0.0600398
-0.060627
-0.061185
-0.0617139
-0.0622137
-0.0626844
-0.063126
-0.0635386
-0.0639221
-0.0642765
-0.064602
-0.0648984
-0.0651658
-0.0654043
-0.065614
-0.0657949
-0.065947
-0.0660706
-0.0661656
-0.0662322
-0.0662706
-0.0662809
-0.0662644
-0.06622
-0.066148
-0.0660484
-0.0659215
-0.0657675
-0.0655864
-0.0653785
-0.0651439
-0.0648829
-0.0645955
-0.064282
-0.0639425
-0.0635773
-0.0631865
-0.0627703
-0.0623289
-0.0618626
-0.0613715
-0.0608559
-0.0603162
-0.0597526
-0.0591655
-0.0585554
-0.0579227
-0.057268
-0.0565921
-0.0558956
-0.0551795
-0.0544447
-0.0536924
-0.0529238
-0.0521403
-0.0513432
-0.050534
-0.049714
-0.0488844
-0.0480458
-0.0471984
-0.0463409
-0.0454704
-0.0445817
-0.0436661
-0.0427114
-0.0417009
-0.0406145
-0.0394305
-0.0381297
-0.0367013
-0.0351509
-0.0335083
-0.0318325
-0.030212
-0.0287556
-0.0275734
-0.0267484
-0.0263063
-0.026198
-0.0263135
-0.0265347
-0.0165057
-0.0164826
-0.0165215
-0.0166423
-0.01686
-0.0171815
-0.0176082
-0.018145
-0.0187852
-0.0195224
-0.020353
-0.0212729
-0.0222765
-0.0233573
-0.0245078
-0.0257197
-0.0269841
-0.028292
-0.0296339
-0.0310006
-0.0323831
-0.0337727
-0.0351615
-0.0365419
-0.0379075
-0.0392525
-0.040572
-0.0418619
-0.043119
-0.0443411
-0.0455264
-0.0466739
-0.0477833
-0.0488547
-0.0498883
-0.0508849
-0.0518454
-0.0527707
-0.0536617
-0.0545195
-0.0553448
-0.0561385
-0.0569013
-0.0576336
-0.0583361
-0.0590089
-0.0596524
-0.0602668
-0.0608522
-0.0614086
-0.0619361
-0.0624347
-0.0629043
-0.0633451
-0.0637569
-0.0641398
-0.0644938
-0.0648188
-0.065115
-0.0653823
-0.0656207
-0.0658304
-0.0660114
-0.0661638
-0.0662876
-0.0663829
-0.0664499
-0.0664887
-0.0664994
-0.0664834
-0.0664397
-0.0663683
-0.0662695
-0.0661434
-0.0659902
-0.06581
-0.0656031
-0.0653696
-0.0651096
-0.0648235
-0.0645113
-0.0641733
-0.0638097
-0.0634206
-0.0630062
-0.0625669
-0.0621028
-0.0616141
-0.0611012
-0.0605642
-0.0600037
-0.0594199
-0.0588134
-0.0581846
-0.0575341
-0.0568626
-0.0561709
-0.05546
-0.0547308
-0.0539846
-0.0532225
-0.052446
-0.0516566
-0.0508558
-0.0500452
-0.049226
-0.0483993
-0.0475655
-0.0467241
-0.0458729
-0.0450077
-0.044121
-0.0432017
-0.0422345
-0.0412002
-0.040077
-0.0388448
-0.0374902
-0.0360145
-0.034442
-0.0328258
-0.0312491
-0.0298179
-0.0286429
-0.0278112
-0.0273554
-0.027234
-0.0273415
-0.0275605
-0.0170957
-0.0170659
-0.017099
-0.0172147
-0.0174279
-0.017745
-0.0181672
-0.0186929
-0.019321
-0.0200507
-0.0208728
-0.0217832
-0.0227765
-0.023846
-0.0249845
-0.0261839
-0.0274354
-0.0287299
-0.0300583
-0.0314114
-0.0327802
-0.0341563
-0.0355316
-0.036899
-0.0382518
-0.0395845
-0.0408921
-0.0421707
-0.0434171
-0.0446289
-0.0458047
-0.0469433
-0.0480445
-0.0491081
-0.0501347
-0.0511248
-0.0520794
-0.0529993
-0.0538855
-0.0547388
-0.0555602
-0.0563503
-0.0571098
-0.0578393
-0.0585392
-0.0592097
-0.0598512
-0.0604638
-0.0610475
-0.0616025
-0.0621288
-0.0626263
-0.0630951
-0.0635351
-0.0639463
-0.0643287
-0.0646823
-0.0650071
-0.0653031
-0.0655703
-0.0658087
-0.0660185
-0.0661996
-0.0663522
-0.0664762
-0.0665718
-0.0666392
-0.0666783
-0.0666894
-0.0666739
-0.0666307
-0.0665598
-0.0664616
-0.0663361
-0.0661835
-0.066004
-0.0657979
-0.0655652
-0.0653061
-0.065021
-0.0647098
-0.064373
-0.0640106
-0.0636229
-0.0632101
-0.0627724
-0.0623101
-0.0618235
-0.0613128
-0.0607783
-0.0602204
-0.0596396
-0.0590362
-0.0584108
-0.057764
-0.0570966
-0.0564094
-0.0557032
-0.0549792
-0.0542386
-0.0534826
-0.0527127
-0.0519306
-0.0511377
-0.0503358
-0.0495264
-0.0487109
-0.0478898
-0.0470634
-0.04623
-0.0453863
-0.044526
-0.0436393
-0.0427121
-0.0417261
-0.0406602
-0.0394932
-0.0382099
-0.0368079
-0.035306
-0.0337517
-0.0322228
-0.0308217
-0.0296588
-0.0288245
-0.0283581
-0.028225
-0.0283247
-0.0285412
-0.0176358
-0.0175996
-0.0176268
-0.017737
-0.0179451
-0.0182575
-0.0186747
-0.0191948
-0.0198151
-0.0205316
-0.0213427
-0.0222436
-0.0232269
-0.0242853
-0.0254121
-0.0265993
-0.0278381
-0.0291197
-0.0304351
-0.031775
-0.0331309
-0.0344941
-0.0358567
-0.0372118
-0.0385527
-0.0398739
-0.0411705
-0.0424387
-0.0436752
-0.0448778
-0.0460449
-0.0471754
-0.048269
-0.0493257
-0.0503458
-0.0513301
-0.0522794
-0.0531944
-0.0540762
-0.0549256
-0.0557434
-0.0565303
-0.0572869
-0.0580138
-0.0587114
-0.0593799
-0.0600195
-0.0606305
-0.0612129
-0.0617667
-0.0622919
-0.0627886
-0.0632566
-0.063696
-0.0641067
-0.0644888
-0.0648421
-0.0651667
-0.0654626
-0.0657298
-0.0659683
-0.0661782
-0.0663595
-0.0665122
-0.0666365
-0.0667324
-0.0668
-0.0668395
-0.0668508
-0.0668358
-0.0667929
-0.0667226
-0.0666247
-0.0664997
-0.0663476
-0.0661686
-0.0659629
-0.0657308
-0.0654724
-0.0651879
-0.0648776
-0.0645416
-0.0641801
-0.0637935
-0.0633819
-0.0629455
-0.0624847
-0.0619997
-0.0614907
-0.0609583
-0.0604026
-0.0598242
-0.0592235
-0.0586011
-0.0579577
-0.0572939
-0.0566105
-0.0559087
-0.0551894
-0.0544539
-0.0537035
-0.0529398
-0.0521644
-0.051379
-0.0505853
-0.0497851
-0.0489799
-0.0481707
-0.0473581
-0.0465411
-0.0457172
-0.0448811
-0.0440243
-0.0431338
-0.0421926
-0.0411802
-0.0400751
-0.0388602
-0.0375301
-0.0360988
-0.0346079
-0.0331298
-0.031763
-0.0306166
-0.0297839
-0.0293096
-0.0291663
-0.0292585
-0.0294722
-0.0181254
-0.0180831
-0.0181043
-0.0182088
-0.0184114
-0.0187185
-0.0191305
-0.0196449
-0.0202582
-0.0209671
-0.0217681
-0.0226567
-0.0236273
-0.0246741
-0.0257896
-0.0269649
-0.0281915
-0.0294607
-0.0307635
-0.032091
-0.0334345
-0.0347856
-0.0361364
-0.0374798
-0.0388097
-0.0401203
-0.0414069
-0.0426655
-0.0438931
-0.0450873
-0.0462466
-0.0473698
-0.0484567
-0.0495071
-0.0505215
-0.0515006
-0.0524451
-0.0533558
-0.0542337
-0.0550796
-0.0558942
-0.0566782
-0.0574323
-0.058157
-0.0588525
-0.0595192
-0.0601573
-0.0607669
-0.0613481
-0.0619009
-0.0624253
-0.0629213
-0.0633887
-0.0638277
-0.0642381
-0.0646199
-0.064973
-0.0652976
-0.0655935
-0.0658607
-0.0660994
-0.0663094
-0.0664909
-0.0666439
-0.0667685
-0.0668646
-0.0669325
-0.0669722
-0.0669839
-0.0669691
-0.0669266
-0.0668565
-0.066759
-0.0666342
-0.0664824
-0.0663037
-0.0660984
-0.0658666
-0.0656086
-0.0653245
-0.0650147
-0.0646792
-0.0643183
-0.0639324
-0.0635215
-0.0630861
-0.0626263
-0.0621425
-0.061635
-0.0611041
-0.0605502
-0.0599737
-0.0593753
-0.0587554
-0.0581147
-0.057454
-0.0567741
-0.0560761
-0.055361
-0.0546301
-0.0538848
-0.0531267
-0.0523575
-0.0515789
-0.0507929
-0.0500012
-0.0492056
-0.0484075
-0.0476076
-0.0468057
-0.0459999
-0.045186
-0.0443565
-0.0434998
-0.0426
-0.0416373
-0.0405904
-0.039441
-0.0381806
-0.036819
-0.0353924
-0.0339675
-0.0326384
-0.0315126
-0.030685
-0.0302056
-0.0300535
-0.0301387
-0.0303493
-0.0185644
-0.0185162
-0.0185315
-0.0186299
-0.0188266
-0.0191281
-0.0195346
-0.0200431
-0.0206498
-0.0213511
-0.0221431
-0.0230215
-0.023981
-0.0250156
-0.0261182
-0.0272808
-0.0284951
-0.0297521
-0.0310429
-0.0323588
-0.0336907
-0.0350305
-0.03637
-0.0377027
-0.0390224
-0.0403234
-0.0416009
-0.042851
-0.0440706
-0.0452573
-0.0464096
-0.0475264
-0.0486072
-0.0496521
-0.0506615
-0.051636
-0.0525763
-0.0534833
-0.0543577
-0.0552005
-0.0560124
-0.056794
-0.0575458
-0.0582685
-0.0589623
-0.0596275
-0.0602644
-0.0608729
-0.0614531
-0.0620051
-0.0625289
-0.0630243
-0.0634914
-0.0639301
-0.0643403
-0.064722
-0.0650751
-0.0653997
-0.0656958
-0.0659632
-0.066202
-0.0664123
-0.0665941
-0.0667473
-0.0668721
-0.0669686
-0.0670367
-0.0670766
-0.0670885
-0.067074
-0.0670317
-0.0669618
-0.0668644
-0.0667397
-0.066588
-0.0664094
-0.0662042
-0.0659725
-0.0657147
-0.0654308
-0.0651211
-0.0647858
-0.0644252
-0.0640396
-0.0636292
-0.0631943
-0.0627352
-0.0622521
-0.0617455
-0.0612156
-0.060663
-0.0600881
-0.0594914
-0.0588734
-0.058235
-0.0575768
-0.0568998
-0.056205
-0.0554935
-0.0547667
-0.0540259
-0.0532729
-0.0525093
-0.051737
-0.0509579
-0.0501741
-0.0493873
-0.0485993
-0.0478112
-0.0470232
-0.0462341
-0.0454404
-0.0446359
-0.0438101
-0.0429484
-0.0420319
-0.0410396
-0.0399522
-0.038759
-0.0374659
-0.0361037
-0.0347336
-0.0334451
-0.0323433
-0.0315242
-0.0310422
-0.0308828
-0.0309615
-0.0311688
-0.0189528
-0.0188991
-0.0189084
-0.0190005
-0.019191
-0.0194866
-0.0198872
-0.0203898
-0.02099
-0.0216839
-0.0224674
-0.0233362
-0.0242852
-0.0253084
-0.0263989
-0.0275491
-0.0287507
-0.0299951
-0.0312735
-0.0325771
-0.0338974
-0.0352262
-0.0365562
-0.0378798
-0.0391905
-0.0404829
-0.0417522
-0.0429947
-0.0442072
-0.0453874
-0.0465336
-0.0476448
-0.0487205
-0.0497606
-0.0507654
-0.0517359
-0.0526727
-0.0535765
-0.0544481
-0.0552882
-0.0560977
-0.0568772
-0.0576273
-0.0583483
-0.0590407
-0.0597047
-0.0603405
-0.0609481
-0.0615277
-0.0620791
-0.0626025
-0.0630976
-0.0635646
-0.0640032
-0.0644134
-0.0647951
-0.0651484
-0.0654731
-0.0657694
-0.0660371
-0.0662762
-0.0664868
-0.0666689
-0.0668224
-0.0669475
-0.0670442
-0.0671126
-0.0671527
-0.0671648
-0.0671504
-0.0671083
-0.0670385
-0.0669411
-0.0668164
-0.0666645
-0.0664859
-0.0662805
-0.0660488
-0.0657908
-0.0655068
-0.065197
-0.0648616
-0.0645009
-0.0641152
-0.0637048
-0.06327
-0.0628111
-0.0623284
-0.0618222
-0.0612929
-0.0607411
-0.0601671
-0.0595715
-0.058955
-0.0583182
-0.057662
-0.0569873
-0.0562951
-0.0555867
-0.0548633
-0.0541264
-0.0533778
-0.0526191
-0.0518524
-0.0510796
-0.0503029
-0.0495243
-0.0487456
-0.0479683
-0.047193
-0.046419
-0.0456439
-0.0448621
-0.0440645
-0.0432378
-0.042364
-0.0414227
-0.040394
-0.0392652
-0.0380387
-0.0367405
-0.0354263
-0.0341806
-0.0331058
-0.0322982
-0.0318161
-0.0316509
-0.0317235
-0.0319273
-0.0192911
-0.0192322
-0.0192355
-0.0193212
-0.0195052
-0.0197944
-0.0201889
-0.0206853
-0.0212791
-0.0219658
-0.0227413
-0.023601
-0.02454
-0.0255524
-0.0266315
-0.0277698
-0.0289593
-0.0301916
-0.0314581
-0.0327501
-0.0340591
-0.0353772
-0.0366968
-0.0380106
-0.0393123
-0.0405964
-0.0418582
-0.0430937
-0.0442998
-0.0454743
-0.0466153
-0.0477219
-0.0487936
-0.0498306
-0.0508327
-0.0518002
-0.0527342
-0.0536353
-0.0545044
-0.0553424
-0.05615
-0.0569278
-0.0576764
-0.0583961
-0.0590874
-0.0597505
-0.0603856
-0.0609926
-0.0615717
-0.0621229
-0.062646
-0.0631411
-0.0636081
-0.0640468
-0.0644572
-0.0648391
-0.0651926
-0.0655177
-0.0658143
-0.0660824
-0.066322
-0.0665329
-0.0667154
-0.0668693
-0.0669947
-0.0670916
-0.0671603
-0.0672006
-0.0672127
-0.0671985
-0.0671565
-0.0670866
-0.066989
-0.0668641
-0.0667121
-0.0665331
-0.0663275
-0.0660954
-0.065837
-0.0655526
-0.0652424
-0.0649065
-0.0645454
-0.0641593
-0.0637485
-0.0633134
-0.0628543
-0.0623714
-0.0618651
-0.0613359
-0.0607843
-0.0602107
-0.0596158
-0.059
-0.0583643
-0.0577094
-0.0570364
-0.0563462
-0.0556401
-0.0549194
-0.0541858
-0.0534409
-0.0526865
-0.0519247
-0.0511575
-0.0503872
-0.0496159
-0.0488457
-0.0480782
-0.0473144
-0.0465542
-0.0457959
-0.0450348
-0.044263
-0.0434683
-0.042634
-0.0417401
-0.0407666
-0.0396992
-0.0385371
-0.037302
-0.0360441
-0.034843
-0.0337977
-0.0330043
-0.0325243
-0.0323546
-0.0324218
-0.032622
-0.01958
-0.0195161
-0.0195136
-0.0195927
-0.0197698
-0.0200523
-0.0204404
-0.0209305
-0.0215178
-0.0221974
-0.0229651
-0.0238161
-0.0247455
-0.0257476
-0.0268157
-0.0279427
-0.0291207
-0.0303414
-0.0315965
-0.0328773
-0.0341756
-0.0354834
-0.0367931
-0.0380978
-0.039391
-0.0406674
-0.0419221
-0.0431513
-0.0443517
-0.045521
-0.0466575
-0.04776
-0.0488281
-0.0498617
-0.0508608
-0.0518259
-0.0527576
-0.0536568
-0.0545243
-0.0553608
-0.0561671
-0.0569438
-0.0576914
-0.0584103
-0.059101
-0.0597636
-0.0603982
-0.061005
-0.061584
-0.0621351
-0.0626583
-0.0631536
-0.0636208
-0.0640599
-0.0644708
-0.0648535
-0.0652078
-0.0655334
-0.0658306
-0.0660992
-0.0663392
-0.0665507
-0.0667335
-0.0668878
-0.0670136
-0.0671108
-0.0671797
-0.0672202
-0.0672324
-0.0672184
-0.0671763
-0.0671063
-0.0670084
-0.066883
-0.0667306
-0.0665512
-0.0663451
-0.0661124
-0.0658535
-0.0655684
-0.0652575
-0.0649208
-0.0645587
-0.0641718
-0.0637603
-0.0633245
-0.0628647
-0.0623811
-0.0618742
-0.0613446
-0.0607926
-0.0602189
-0.0596239
-0.0590084
-0.0583731
-0.0577189
-0.0570468
-0.0563579
-0.0556534
-0.0549348
-0.0542037
-0.0534618
-0.052711
-0.0519533
-0.051191
-0.0504263
-0.0496615
-0.0488988
-0.0481401
-0.0473867
-0.0466391
-0.045896
-0.0451537
-0.0444054
-0.0436399
-0.0428418
-0.0419918
-0.0410701
-0.0400609
-0.0389609
-0.0377875
-0.0365859
-0.0354306
-0.0344169
-0.0336401
-0.0331642
-0.0329913
-0.0330536
-0.0332503
-0.0198205
-0.019752
-0.0197437
-0.0198161
-0.019986
-0.0202613
-0.0206426
-0.0211261
-0.0217068
-0.0223794
-0.0231394
-0.023982
-0.0249021
-0.0258942
-0.0269519
-0.028068
-0.0292348
-0.0304444
-0.0316885
-0.0329586
-0.0342465
-0.0355445
-0.036845
-0.038141
-0.0394264
-0.0406955
-0.0419438
-0.0431671
-0.0443624
-0.0455272
-0.0466597
-0.0477588
-0.0488239
-0.0498548
-0.0508517
-0.0518148
-0.052745
-0.0536428
-0.0545091
-0.0553447
-0.0561501
-0.0569261
-0.0576732
-0.0583918
-0.0590822
-0.0597446
-0.0603792
-0.0609861
-0.0615653
-0.0621167
-0.0626403
-0.063136
-0.0636037
-0.0640433
-0.0644548
-0.064838
-0.0651928
-0.0655191
-0.0658169
-0.0660861
-0.0663266
-0.0665386
-0.0667219
-0.0668766
-0.0670027
-0.0671002
-0.0671692
-0.0672098
-0.067222
-0.0672078
-0.0671656
-0.0670956
-0.0669981
-0.066873
-0.0667203
-0.0665404
-0.0663336
-0.0661001
-0.0658403
-0.0655544
-0.0652424
-0.0649044
-0.0645409
-0.0641529
-0.0637402
-0.0633033
-0.0628424
-0.0623577
-0.0618496
-0.0613188
-0.060766
-0.0601915
-0.0595959
-0.0589799
-0.0583443
-0.0576901
-0.0570183
-0.05633
-0.0556264
-0.0549092
-0.0541798
-0.0534401
-0.052692
-0.0519377
-0.0511794
-0.0504195
-0.0496603
-0.0489042
-0.0481534
-0.0474094
-0.0466731
-0.0459437
-0.0452184
-0.0444914
-0.0437526
-0.0429876
-0.0421783
-0.0413047
-0.0403506
-0.0393101
-0.0381968
-0.037051
-0.0359422
-0.0349617
-0.0342035
-0.0337336
-0.0335589
-0.0336167
-0.03381
-0.0200139
-0.0199411
-0.0199271
-0.0199926
-0.0201549
-0.0204227
-0.0207968
-0.0212734
-0.0218472
-0.0225127
-0.0232651
-0.0240993
-0.0250104
-0.0259929
-0.0270403
-0.0281458
-0.0293019
-0.0305008
-0.0317341
-0.0329939
-0.0342719
-0.0355605
-0.0368522
-0.0381401
-0.039418
-0.0406805
-0.0419228
-0.0431409
-0.0443317
-0.0454925
-0.0466217
-0.047718
-0.0487807
-0.0498096
-0.0508048
-0.0517667
-0.0526958
-0.0535928
-0.0544586
-0.0552937
-0.0560988
-0.0568747
-0.0576217
-0.0583403
-0.0590309
-0.0596936
-0.0603285
-0.0609358
-0.0615155
-0.0620675
-0.0625917
-0.0630881
-0.0635566
-0.063997
-0.0644093
-0.0647933
-0.0651488
-0.0654759
-0.0657744
-0.0660444
-0.0662856
-0.0664982
-0.066682
-0.0668372
-0.0669637
-0.0670614
-0.0671306
-0.0671712
-0.0671834
-0.0671691
-0.0671267
-0.0670563
-0.0669581
-0.0668322
-0.0666787
-0.0664979
-0.06629
-0.0660554
-0.0657944
-0.0655071
-0.065194
-0.0648556
-0.0644918
-0.0641026
-0.0636884
-0.06325
-0.0627876
-0.0623012
-0.0617909
-0.0612587
-0.0607044
-0.0601287
-0.0595318
-0.0589145
-0.058278
-0.0576231
-0.0569508
-0.0562623
-0.0555589
-0.0548421
-0.0541137
-0.0533754
-0.0526293
-0.0518775
-0.0511223
-0.0503663
-0.0496119
-0.0488615
-0.0481176
-0.0473819
-0.0466556
-0.0459385
-0.0452285
-0.0445206
-0.043806
-0.0430714
-0.0422995
-0.0414709
-0.0405685
-0.0395847
-0.0385296
-0.0374388
-0.0363768
-0.0354308
-0.0346931
-0.0342309
-0.0340554
-0.0341095
-0.0342994
-0.0201615
-0.0200848
-0.0200653
-0.0201238
-0.0202783
-0.020538
-0.0209043
-0.0213736
-0.0219402
-0.0225984
-0.0233431
-0.024169
-0.0250713
-0.0260441
-0.0270816
-0.0281767
-0.0293223
-0.0305106
-0.0317337
-0.0329834
-0.0342518
-0.0355314
-0.0368146
-0.0380948
-0.0393658
-0.0406222
-0.041859
-0.0430725
-0.0442592
-0.0454167
-0.0465432
-0.0476372
-0.0486982
-0.0497258
-0.05072
-0.0516812
-0.0526098
-0.0535067
-0.0543723
-0.0552075
-0.0560129
-0.0567891
-0.0575365
-0.0582557
-0.0589468
-0.0596101
-0.0602458
-0.0608539
-0.0614345
-0.0619874
-0.0625126
-0.06301
-0.0634794
-0.0639209
-0.0643342
-0.0647192
-0.0650758
-0.0654039
-0.0657033
-0.0659741
-0.0662162
-0.0664295
-0.066614
-0.0667697
-0.0668966
-0.0669947
-0.0670641
-0.0671048
-0.0671168
-0.0671025
-0.0670597
-0.0669888
-0.0668899
-0.0667631
-0.0666086
-0.0664267
-0.0662176
-0.0659816
-0.065719
-0.0654301
-0.0651151
-0.0647745
-0.0644084
-0.064017
-0.0636008
-0.0631602
-0.0626958
-0.0622081
-0.0616978
-0.0611641
-0.0606079
-0.0600305
-0.0594317
-0.0588119
-0.0581738
-0.0575177
-0.0568443
-0.0561545
-0.0554505
-0.0547335
-0.0540052
-0.0532674
-0.0525223
-0.0517721
-0.0510193
-0.0502662
-0.0495156
-0.04877
-0.0480319
-0.0473034
-0.046586
-0.0458798
-0.0451836
-0.0444929
-0.0438002
-0.0430932
-0.0423557
-0.0415687
-0.0407149
-0.0397849
-0.0387859
-0.037749
-0.0367338
-0.0358233
-0.0351074
-0.0346544
-0.0344794
-0.0345302
-0.0347168
-0.0202651
-0.0201849
-0.0201599
-0.0202113
-0.0203576
-0.0206089
-0.0209669
-0.0214282
-0.0219872
-0.0226379
-0.0233747
-0.0241923
-0.0250855
-0.0260489
-0.0270764
-0.0281613
-0.0292965
-0.0304745
-0.0316874
-0.0329273
-0.0341864
-0.0354572
-0.0367324
-0.0380052
-0.0392697
-0.0405203
-0.0417522
-0.0429614
-0.0441447
-0.0452995
-0.0464238
-0.0475162
-0.0485761
-0.0496029
-0.0505968
-0.0515579
-0.0524867
-0.0533839
-0.0542501
-0.055086
-0.0558921
-0.0566691
-0.0574175
-0.0581376
-0.0588298
-0.0594942
-0.060131
-0.0607403
-0.0613221
-0.0618762
-0.0624027
-0.0629014
-0.0633722
-0.063815
-0.0642296
-0.0646158
-0.0649737
-0.0653029
-0.0656035
-0.0658754
-0.0661184
-0.0663326
-0.0665179
-0.0666743
-0.0668017
-0.0669002
-0.0669698
-0.0670105
-0.0670225
-0.0670079
-0.0669648
-0.0668933
-0.0667936
-0.0666659
-0.0665103
-0.0663271
-0.0661165
-0.0658789
-0.0656144
-0.0653235
-0.0650063
-0.0646633
-0.0642946
-0.0639007
-0.0634818
-0.0630385
-0.0625712
-0.0620804
-0.0615666
-0.06103
-0.0604713
-0.0598913
-0.059291
-0.0586715
-0.0580318
-0.0573739
-0.0566988
-0.0560065
-0.055301
-0.0545831
-0.0538539
-0.0531157
-0.0523708
-0.0516213
-0.0508698
-0.0501188
-0.0493711
-0.0486293
-0.047896
-0.0471736
-0.0464638
-0.0457673
-0.0450831
-0.0444079
-0.0437349
-0.043053
-0.042347
-0.0415985
-0.0407901
-0.0399111
-0.0389658
-0.0379814
-0.0370128
-0.0361384
-0.0354456
-0.0350032
-0.0348296
-0.0348778
-0.0350613
-0.0203264
-0.0202431
-0.0202129
-0.0202571
-0.0203949
-0.0206372
-0.0209863
-0.0214391
-0.02199
-0.0226327
-0.0233612
-0.0241702
-0.0250544
-0.0260082
-0.0270257
-0.0281004
-0.0292253
-0.0303929
-0.0315957
-0.0328259
-0.0340759
-0.0353381
-0.0366054
-0.0378713
-0.0391295
-0.0403747
-0.0416021
-0.0428076
-0.043988
-0.0451405
-0.0462632
-0.0473546
-0.0484139
-0.0494407
-0.0504348
-0.0513965
-0.0523261
-0.0532243
-0.0540916
-0.0549286
-0.0557361
-0.0565145
-0.0572643
-0.0579859
-0.0586795
-0.0593455
-0.0599839
-0.0605948
-0.0611781
-0.0617339
-0.062262
-0.0627624
-0.0632348
-0.0636792
-0.0640954
-0.0644832
-0.0648425
-0.0651732
-0.0654751
-0.0657482
-0.0659924
-0.0662076
-0.0663938
-0.0665509
-0.066679
-0.0667779
-0.0668478
-0.0668887
-0.0669005
-0.0668857
-0.0668421
-0.06677
-0.0666694
-0.0665406
-0.0663838
-0.0661991
-0.0659869
-0.0657474
-0.0654808
-0.0651875
-0.0648678
-0.064522
-0.0641505
-0.0637535
-0.0633315
-0.0628849
-0.0624141
-0.0619197
-0.0614022
-0.060862
-0.0602997
-0.0597162
-0.0591122
-0.0584886
-0.0578458
-0.0571853
-0.0565084
-0.0558171
-0.0551103
-0.054391
-0.0536598
-0.0529201
-0.0521746
-0.0514248
-0.0506736
-0.0499237
-0.0491778
-0.0484387
-0.0477092
-0.0469918
-0.0462885
-0.0456003
-0.0449268
-0.0442654
-0.04361
-0.0429508
-0.0422735
-0.0415605
-0.0407944
-0.0399634
-0.0390695
-0.0381362
-0.0372135
-0.0363756
-0.035707
-0.0352764
-0.0351052
-0.0351512
-0.0353319
-0.0203476
-0.0202615
-0.0202262
-0.0202632
-0.0203923
-0.020625
-0.0209645
-0.0214082
-0.0219503
-0.0225844
-0.0233043
-0.0241044
-0.0249792
-0.0259233
-0.0269306
-0.0279949
-0.0291093
-0.0302666
-0.0314593
-0.0326798
-0.0339206
-0.0351744
-0.0364341
-0.0376931
-0.0389453
-0.0401855
-0.0414087
-0.0426109
-0.0437887
-0.0449395
-0.0460611
-0.047152
-0.0482114
-0.0492387
-0.0502336
-0.0511965
-0.0521275
-0.0530273
-0.0538963
-0.0547352
-0.0555445
-0.0563248
-0.0570766
-0.0578002
-0.0584958
-0.0591638
-0.0598042
-0.0604171
-0.0610025
-0.0615603
-0.0620905
-0.0625928
-0.0630672
-0.0635135
-0.0639315
-0.0643212
-0.0646822
-0.0650146
-0.0653181
-0.0655927
-0.0658382
-0.0660546
-0.0662418
-0.0663998
-0.0665286
-0.0666281
-0.0666983
-0.0667393
-0.0667511
-0.0667359
-0.0666918
-0.066619
-0.0665175
-0.0663876
-0.0662293
-0.066043
-0.0658289
-0.0655872
-0.0653183
-0.0650224
-0.0646999
-0.064351
-0.0639761
-0.0635757
-0.06315
-0.0626995
-0.0622248
-0.0617263
-0.0612045
-0.06066
-0.0600934
-0.0595055
-0.058897
-0.0582689
-0.057622
-0.0569575
-0.0562767
-0.055581
-0.0548714
-0.0541499
-0.0534193
-0.0526798
-0.0519335
-0.0511823
-0.0504302
-0.0496806
-0.0489353
-0.048198
-0.0474712
-0.0467577
-0.0460597
-0.0453785
-0.0447142
-0.0440649
-0.0434253
-0.0427865
-0.0421353
-0.0414549
-0.0407281
-0.0399424
-0.0390975
-0.0382134
-0.0373359
-0.0365347
-0.0358912
-0.0354734
-0.0353056
-0.0353499
-0.0355279
-0.0203308
-0.0202423
-0.0202022
-0.0202319
-0.0203519
-0.0205745
-0.0209038
-0.0213376
-0.0218701
-0.0224949
-0.0232056
-0.0239963
-0.0248614
-0.0257953
-0.0267923
-0.0278459
-0.0289496
-0.0300963
-0.0312788
-0.0324895
-0.0337211
-0.0349664
-0.0362184
-0.0374707
-0.0387172
-0.0399524
-0.0411717
-0.042371
-0.0435467
-0.0446961
-0.0458171
-0.0469082
-0.0479681
-0.0489965
-0.0499929
-0.0509575
-0.0518906
-0.0527925
-0.0536639
-0.0545052
-0.055317
-0.0560998
-0.0568541
-0.0575802
-0.0582784
-0.0589489
-0.0595918
-0.0602072
-0.0607951
-0.0613553
-0.0618879
-0.0623926
-0.0628693
-0.0633179
-0.0637381
-0.0641299
-0.064493
-0.0648273
-0.0651326
-0.0654088
-0.0656559
-0.0658737
-0.0660621
-0.0662211
-0.0663507
-0.0664508
-0.0665215
-0.0665628
-0.0665746
-0.0665585
-0.0665141
-0.0664406
-0.0663381
-0.0662069
-0.0660471
-0.065859
-0.0656428
-0.0653987
-0.0651272
-0.0648283
-0.0645026
-0.0641503
-0.0637717
-0.0633673
-0.0629375
-0.0624827
-0.0620035
-0.0615002
-0.0609735
-0.060424
-0.0598523
-0.0592593
-0.0586456
-0.0580123
-0.0573604
-0.0566909
-0.0560051
-0.0553046
-0.0545908
-0.0538654
-0.0531306
-0.052388
-0.0516401
-0.0508903
-0.0501391
-0.0493894
-0.0486433
-0.0479068
-0.0471815
-0.0464708
-0.0457769
-0.0451015
-0.0444451
-0.0438062
-0.0431805
-0.0425601
-0.0419326
-0.0412821
-0.0405917
-0.0398483
-0.03905
-0.0382134
-0.0373803
-0.0366157
-0.0359978
-0.0355938
-0.0354302
-0.0354736
-0.0356491
-0.0202783
-0.0201877
-0.020143
-0.0201655
-0.0202761
-0.0204882
-0.0208065
-0.0212294
-0.0217516
-0.0223664
-0.0230671
-0.0238478
-0.0247026
-0.0256259
-0.026612
-0.0276546
-0.0287473
-0.0298831
-0.031055
-0.0322557
-0.0334779
-0.0347146
-0.0359589
-0.0372044
-0.0384451
-0.0396757
-0.0408913
-0.0420878
-0.0432617
-0.0444102
-0.045531
-0.0466226
-0.0476837
-0.0487137
-0.0497121
-0.0506791
-0.0516148
-0.0525196
-0.0533939
-0.0542383
-0.0550532
-0.0558391
-0.0565965
-0.0573257
-0.058027
-0.0587005
-0.0593465
-0.0599648
-0.0605556
-0.0611188
-0.0616542
-0.0621616
-0.0626411
-0.0630923
-0.0635151
-0.0639093
-0.0642747
-0.0646112
-0.0649186
-0.0651968
-0.0654456
-0.0656649
-0.0658547
-0.0660149
-0.0661454
-0.0662463
-0.0663175
-0.066359
-0.066371
-0.0663537
-0.066309
-0.0662348
-0.0661313
-0.0659987
-0.0658373
-0.0656472
-0.0654287
-0.0651821
-0.0649076
-0.0646055
-0.0642763
-0.0639201
-0.0635375
-0.0631287
-0.0626943
-0.0622346
-0.0617502
-0.0612416
-0.0607094
-0.0601542
-0.0595767
-0.0589777
-0.0583581
-0.0577188
-0.0570608
-0.0563854
-0.0556939
-0.0549877
-0.0542684
-0.0535379
-0.0527982
-0.0520514
-0.0512999
-0.0505463
-0.0497931
-0.0490434
-0.0483006
-0.0475651
-0.0468397
-0.0461308
-0.0454397
-0.0447689
-0.044119
-0.0434891
-0.0428756
-0.0422715
-0.0416653
-0.0410422
-0.0403854
-0.0396817
-0.0389275
-0.0381366
-0.0373467
-0.0366187
-0.036027
-0.0356377
-0.035479
-0.0355218
-0.0356953
-0.0201924
-0.0201002
-0.0200512
-0.0200665
-0.0201675
-0.0203685
-0.020675
-0.0210863
-0.0215971
-0.0222009
-0.0228909
-0.0236608
-0.0245046
-0.0254167
-0.0263913
-0.0274223
-0.0285035
-0.029628
-0.0307889
-0.0319791
-0.0331917
-0.0344195
-0.0356559
-0.0368945
-0.0381294
-0.0393552
-0.0405672
-0.0417611
-0.0429335
-0.0440813
-0.0452024
-0.0462949
-0.0473577
-0.0483898
-0.0493909
-0.0503609
-0.0512998
-0.052208
-0.0530859
-0.053934
-0.0547526
-0.0555423
-0.0563034
-0.0570363
-0.0577413
-0.0584184
-0.0590679
-0.0596898
-0.060284
-0.0608505
-0.0613892
-0.0618999
-0.0623825
-0.0628367
-0.0632624
-0.0636594
-0.0640275
-0.0643665
-0.0646762
-0.0649566
-0.0652073
-0.0654285
-0.0656198
-0.0657814
-0.065913
-0.0660147
-0.0660864
-0.0661283
-0.0661402
-0.0661224
-0.0660772
-0.0660021
-0.0658975
-0.0657634
-0.0656002
-0.0654079
-0.0651869
-0.0649375
-0.0646598
-0.0643542
-0.0640211
-0.0636608
-0.0632736
-0.06286
-0.0624204
-0.0619553
-0.0614652
-0.0609507
-0.0604123
-0.0598507
-0.0592667
-0.058661
-0.0580346
-0.0573884
-0.0567235
-0.0560412
-0.0553428
-0.05463
-0.0539043
-0.0531676
-0.052422
-0.0516698
-0.0509133
-0.0501553
-0.0493984
-0.0486458
-0.0479005
-0.0471654
-0.0464446
-0.0457376
-0.0450479
-0.0443804
-0.0437357
-0.0431133
-0.0425104
-0.0419207
-0.0413337
-0.0407354
-0.0401098
-0.0394431
-0.0387305
-0.0379835
-0.0372357
-0.0365438
-0.0359788
-0.0356049
-0.035452
-0.0354948
-0.0356664
-0.0200757
-0.0199823
-0.0199292
-0.0199374
-0.0200286
-0.0202179
-0.020512
-0.0209106
-0.0214091
-0.0220008
-0.0226791
-0.0234372
-0.0242693
-0.0251694
-0.0261318
-0.0271506
-0.0282195
-0.029332
-0.0304814
-0.0316607
-0.0328631
-0.0340816
-0.0353098
-0.0365412
-0.0377701
-0.0389912
-0.0401995
-0.0413909
-0.0425619
-0.0437094
-0.044831
-0.0459248
-0.0469896
-0.0480244
-0.0490287
-0.0500022
-0.050945
-0.0518573
-0.0527395
-0.0535918
-0.0544149
-0.0552089
-0.0559744
-0.0567116
-0.0574209
-0.0581022
-0.0587559
-0.0593818
-0.05998
-0.0605504
-0.0610928
-0.0616072
-0.0620933
-0.062551
-0.06298
-0.0633802
-0.0637513
-0.0640931
-0.0644055
-0.0646883
-0.0649413
-0.0651645
-0.0653576
-0.0655206
-0.0656535
-0.0657561
-0.0658285
-0.0658707
-0.0658827
-0.0658644
-0.0658186
-0.0657427
-0.0656369
-0.0655013
-0.065336
-0.0651415
-0.0649178
-0.0646652
-0.0643841
-0.0640747
-0.0637374
-0.0633724
-0.0629803
-0.0625615
-0.0621162
-0.0616452
-0.0611488
-0.0606277
-0.0600824
-0.0595138
-0.0589224
-0.0583092
-0.0576751
-0.0570211
-0.0563484
-0.0556583
-0.0549522
-0.0542316
-0.0534984
-0.0527545
-0.0520019
-0.0512431
-0.0504806
-0.049717
-0.0489553
-0.0481984
-0.0474497
-0.0467124
-0.0459899
-0.0452852
-0.0446007
-0.0439357
-0.0432949
-0.0426787
-0.0420848
-0.0415077
-0.0409379
-0.0403621
-0.039765
-0.0391328
-0.0384596
-0.0377544
-0.0370476
-0.0363916
-0.0358535
-0.0354958
-0.0353494
-0.0353927
-0.0355628
-0.0199306
-0.0198364
-0.0197795
-0.0197808
-0.0198621
-0.0200393
-0.0203201
-0.020705
-0.02119
-0.0217687
-0.022434
-0.0231794
-0.0239986
-0.0248858
-0.0258352
-0.0268409
-0.0278968
-0.0289966
-0.0301337
-0.0313014
-0.032493
-0.0337017
-0.0349211
-0.036145
-0.0373676
-0.0385836
-0.0397882
-0.0409771
-0.0421468
-0.043294
-0.0444164
-0.0455119
-0.0465791
-0.047617
-0.048625
-0.0496026
-0.0505499
-0.0514669
-0.052354
-0.0532113
-0.0540394
-0.0548386
-0.0556091
-0.0563513
-0.0570655
-0.0577517
-0.05841
-0.0590406
-0.0596434
-0.0602182
-0.0607649
-0.0612835
-0.0617737
-0.0622352
-0.062668
-0.0630717
-0.0634462
-0.0637912
-0.0641066
-0.0643921
-0.0646477
-0.064873
-0.0650681
-0.0652329
-0.0653671
-0.0654709
-0.065544
-0.0655866
-0.0655986
-0.0655801
-0.0655337
-0.0654569
-0.0653498
-0.0652125
-0.0650452
-0.0648481
-0.0646215
-0.0643656
-0.0640808
-0.0637672
-0.0634254
-0.0630555
-0.062658
-0.0622334
-0.061782
-0.0613044
-0.0608012
-0.0602728
-0.05972
-0.0591435
-0.0585441
-0.0579226
-0.0572799
-0.0566173
-0.0559358
-0.0552369
-0.0545219
-0.0537926
-0.0530508
-0.0522985
-0.0515379
-0.0507714
-0.0500016
-0.0492313
-0.0484635
-0.0477013
-0.0469481
-0.0462071
-0.0454819
-0.0447757
-0.0440916
-0.0434328
-0.0427965
-0.0421851
-0.0415986
-0.0410324
-0.0404779
-0.0399225
-0.0393516
-0.0387514
-0.0381153
-0.0374502
-0.0367831
-0.0361624
-0.0356515
-0.0353106
-0.0351714
-0.0352158
-0.0353847
-0.0197598
-0.0196653
-0.0196049
-0.0195994
-0.0196706
-0.0198353
-0.020102
-0.0204723
-0.0209427
-0.0215069
-0.0221581
-0.0228896
-0.0236948
-0.024568
-0.0255033
-0.0264949
-0.0275369
-0.028623
-0.029747
-0.0309023
-0.0320823
-0.0332805
-0.0344905
-0.0357063
-0.0369222
-0.0381328
-0.0393334
-0.0405197
-0.0416879
-0.042835
-0.0439583
-0.0450557
-0.0461257
-0.0471672
-0.0481793
-0.0491616
-0.0501139
-0.0510363
-0.0519289
-0.052792
-0.0536258
-0.0544307
-0.055207
-0.0559549
-0.0566747
-0.0573664
-0.0580302
-0.058666
-0.0592739
-0.0598537
-0.0604054
-0.0609287
-0.0614234
-0.0618893
-0.0623263
-0.062734
-0.0631123
-0.0634608
-0.0637795
-0.0640681
-0.0643265
-0.0645544
-0.0647517
-0.0649183
-0.0650542
-0.0651591
-0.0652332
-0.0652763
-0.0652885
-0.0652697
-0.0652227
-0.065145
-0.0650365
-0.0648974
-0.0647279
-0.0645282
-0.0642985
-0.0640391
-0.0637502
-0.0634322
-0.0630854
-0.0627102
-0.0623069
-0.061876
-0.061418
-0.0609333
-0.0604226
-0.0598864
-0.0593254
-0.0587403
-0.058132
-0.0575013
-0.0568493
-0.056177
-0.0554859
-0.0547771
-0.0540523
-0.0533132
-0.0525617
-0.0517999
-0.05103
-0.0502546
-0.0494764
-0.0486982
-0.0479231
-0.0471544
-0.0463954
-0.0456497
-0.0449207
-0.0442119
-0.0435265
-0.0428675
-0.0422372
-0.0416323
-0.0410518
-0.040495
-0.0399539
-0.0394169
-0.0388699
-0.0382995
-0.0376981
-0.0370712
-0.0364426
-0.0358569
-0.0353733
-0.0350499
-0.0349185
-0.0349645
-0.0351327
-0.019566
-0.0194714
-0.019408
-0.0193958
-0.019457
-0.0196087
-0.0198607
-0.0202153
-0.0206697
-0.0212183
-0.021854
-0.0225701
-0.0233602
-0.0242181
-0.0251381
-0.0261144
-0.0271413
-0.0282128
-0.0293226
-0.0304644
-0.0316319
-0.0328187
-0.0340186
-0.0352256
-0.0364342
-0.037639
-0.0388352
-0.0400185
-0.0411852
-0.0423321
-0.0434564
-0.0445559
-0.045629
-0.0466743
-0.047691
-0.0486785
-0.0496365
-0.0505649
-0.0514637
-0.0523331
-0.0531734
-0.0539848
-0.0547676
-0.0555219
-0.056248
-0.056946
-0.0576159
-0.0582577
-0.0588714
-0.0594568
-0.060014
-0.0605425
-0.0610423
-0.0615132
-0.0619548
-0.062367
-0.0627495
-0.063102
-0.0634244
-0.0637164
-0.0639779
-0.0642086
-0.0644084
-0.0645772
-0.0647148
-0.0648212
-0.0648963
-0.06494
-0.0649524
-0.0649334
-0.0648859
-0.0648072
-0.0646973
-0.0645563
-0.0643845
-0.064182
-0.063949
-0.0636858
-0.0633927
-0.0630699
-0.0627179
-0.0623369
-0.0619274
-0.0614898
-0.0610246
-0.0605323
-0.0600134
-0.0594687
-0.0588987
-0.0583043
-0.0576863
-0.0570457
-0.0563834
-0.0557006
-0.0549987
-0.0542792
-0.0535435
-0.0527935
-0.0520312
-0.0512588
-0.0504785
-0.049693
-0.0489051
-0.0481178
-0.0473342
-0.0465577
-0.0457918
-0.0450401
-0.0443061
-0.0435935
-0.0429056
-0.0422455
-0.0416155
-0.0410173
-0.0404445
-0.0398954
-0.039366
-0.0388455
-0.0383204
-0.0377775
-0.0372089
-0.0366183
-0.0360269
-0.0354755
-0.0350195
-0.0347141
-0.0345913
-0.0346394
-0.0348074
-0.0193516
-0.0192573
-0.0191912
-0.0191728
-0.0192239
-0.0193624
-0.0195989
-0.0199368
-0.0203741
-0.0209055
-0.0215243
-0.0222236
-0.0229969
-0.0238382
-0.0247415
-0.0257013
-0.0267119
-0.0277673
-0.0288617
-0.0299889
-0.0311428
-0.0323172
-0.0335061
-0.0347035
-0.035904
-0.0371023
-0.0382936
-0.0394737
-0.0406386
-0.0417851
-0.0429104
-0.0440121
-0.0450885
-0.046138
-0.0471597
-0.0481529
-0.049117
-0.050052
-0.0509577
-0.0518342
-0.0526818
-0.0535004
-0.0542904
-0.055052
-0.0557852
-0.0564901
-0.0571668
-0.0578153
-0.0584355
-0.0590273
-0.0595905
-0.0601249
-0.0606304
-0.0611067
-0.0615536
-0.0619707
-0.0623579
-0.0627148
-0.0630413
-0.0633371
-0.0636021
-0.0638359
-0.0640385
-0.0642097
-0.0643493
-0.0644573
-0.0645335
-0.064578
-0.0645907
-0.0645716
-0.0645236
-0.0644439
-0.0643325
-0.0641896
-0.0640153
-0.0638099
-0.0635734
-0.0633062
-0.0630086
-0.0626807
-0.0623231
-0.061936
-0.0615198
-0.061075
-0.0606021
-0.0601016
-0.059574
-0.0590201
-0.0584405
-0.057836
-0.0572075
-0.056556
-0.0558826
-0.0551884
-0.0544748
-0.0537434
-0.0529958
-0.0522338
-0.0514596
-0.0506753
-0.0498835
-0.0490868
-0.048288
-0.0474903
-0.046697
-0.0459115
-0.0451375
-0.0443785
-0.0436384
-0.0429208
-0.0422292
-0.0415668
-0.0409361
-0.0403388
-0.0397754
-0.0392336
-0.0387146
-0.0382088
-0.0377035
-0.037186
-0.0366481
-0.0360921
-0.0355367
-0.0350191
-0.0345908
-0.034304
-0.0341904
-0.0342412
-0.0344093
-0.0191192
-0.0190258
-0.0189574
-0.0189328
-0.018974
-0.019099
-0.0193195
-0.0196397
-0.0200586
-0.0205714
-0.0211716
-0.0218526
-0.0226076
-0.0234306
-0.0243158
-0.0252575
-0.0262502
-0.0272883
-0.0283659
-0.0294772
-0.0306162
-0.031777
-0.0329537
-0.0341405
-0.035332
-0.0365231
-0.0377089
-0.0388851
-0.0400479
-0.0411938
-0.04232
-0.043424
-0.0445037
-0.0455577
-0.0465848
-0.0475841
-0.048555
-0.0494971
-0.0504104
-0.0512947
-0.0521502
-0.0529769
-0.0537749
-0.0545445
-0.0552855
-0.0559982
-0.0566826
-0.0573385
-0.0579659
-0.0585647
-0.0591347
-0.0596758
-0.0601876
-0.0606699
-0.0611225
-0.0615452
-0.0619375
-0.0622993
-0.0626304
-0.0629304
-0.0631992
-0.0634365
-0.0636421
-0.063816
-0.0639579
-0.0640677
-0.0641453
-0.0641907
-0.0642038
-0.0641846
-0.0641361
-0.0640554
-0.0639426
-0.0637977
-0.0636208
-0.0634123
-0.0631722
-0.0629007
-0.0625983
-0.0622651
-0.0619015
-0.0615079
-0.0610846
-0.0606322
-0.060151
-0.0596417
-0.0591048
-0.058541
-0.0579511
-0.0573358
-0.056696
-0.0560328
-0.0553472
-0.0546406
-0.0539144
-0.0531701
-0.0524095
-0.0516345
-0.0508472
-0.0500499
-0.0492453
-0.0484361
-0.0476253
-0.046816
-0.0460117
-0.045216
-0.0444325
-0.0436652
-0.0429177
-0.042194
-0.0414975
-0.0408316
-0.0401991
-0.0396016
-0.0390397
-0.0385113
-0.038
-0.0375071
-0.0370198
-0.0365257
-0.0360164
-0.0354933
-0.0349727
-0.0344883
-0.0340878
-0.0338202
-0.0337166
-0.0337706
-0.0339393
-0.0188715
-0.0187792
-0.0187089
-0.0186787
-0.01871
-0.0188214
-0.0190253
-0.0193269
-0.0197261
-0.0202188
-0.0207988
-0.0214597
-0.0221947
-0.0229978
-0.0238631
-0.0247851
-0.0257583
-0.0267774
-0.0278367
-0.0289306
-0.0300533
-0.0311991
-0.0323623
-0.0335374
-0.0347189
-0.0359017
-0.0370812
-0.038253
-0.0394131
-0.0405581
-0.041685
-0.0427911
-0.0438743
-0.044933
-0.0459657
-0.0469715
-0.0479496
-0.0488996
-0.0498211
-0.0507139
-0.0515781
-0.0524136
-0.0532205
-0.0539989
-0.0547487
-0.05547
-0.0561628
-0.0568269
-0.0574624
-0.058069
-0.0586465
-0.0591948
-0.0597136
-0.0602026
-0.0606616
-0.0610903
-0.0614884
-0.0618556
-0.0621917
-0.0624963
-0.0627693
-0.0630105
-0.0632196
-0.0633964
-0.0635408
-0.0636527
-0.0637319
-0.0637784
-0.0637921
-0.0637729
-0.0637238
-0.0636421
-0.0635278
-0.0633808
-0.0632014
-0.0629896
-0.0627456
-0.0624698
-0.0621623
-0.0618235
-0.0614536
-0.0610531
-0.0606223
-0.0601617
-0.0596718
-0.0591531
-0.0586063
-0.0580319
-0.0574309
-0.056804
-0.0561521
-0.0554763
-0.0547778
-0.0540579
-0.053318
-0.0525598
-0.0517851
-0.0509959
-0.0501944
-0.049383
-0.0485644
-0.0477415
-0.0469173
-0.0460952
-0.0452787
-0.0444715
-0.0436774
-0.0429004
-0.0421444
-0.0414132
-0.0407108
-0.0400404
-0.0394048
-0.0388063
-0.0382456
-0.0377228
-0.0372219
-0.0367407
-0.0362696
-0.0357971
-0.0353146
-0.0348226
-0.0343355
-0.0338838
-0.0335112
-0.0332635
-0.0331705
-0.0332283
-0.0333982
-0.0186109
-0.0185201
-0.0184483
-0.0184128
-0.0184345
-0.0185323
-0.0187191
-0.0190013
-0.0193796
-0.0198506
-0.0204088
-0.0210477
-0.0217608
-0.0225421
-0.0233856
-0.0242861
-0.0252381
-0.0262363
-0.0272756
-0.0283503
-0.0294551
-0.0305845
-0.0317328
-0.0328947
-0.034065
-0.0352386
-0.0364109
-0.0375774
-0.0387343
-0.0398779
-0.041005
-0.0421131
-0.0431998
-0.0442633
-0.0453019
-0.0463146
-0.0473004
-0.0482587
-0.0491891
-0.0500912
-0.0509649
-0.05181
-0.0526266
-0.0534147
-0.0541741
-0.0549049
-0.0556069
-0.0562802
-0.0569245
-0.0575397
-0.0581255
-0.0586818
-0.0592083
-0.0597048
-0.0601708
-0.0606062
-0.0610106
-0.0613837
-0.0617253
-0.062035
-0.0623127
-0.0625581
-0.062771
-0.0629511
-0.0630983
-0.0632125
-0.0632936
-0.0633414
-0.0633559
-0.063337
-0.0632866
-0.0632042
-0.0630885
-0.0629395
-0.0627573
-0.0625422
-0.0622943
-0.0620138
-0.061701
-0.0613563
-0.0609798
-0.060572
-0.0601332
-0.059664
-0.0591648
-0.0586362
-0.0580788
-0.0574933
-0.0568805
-0.0562412
-0.0555764
-0.0548872
-0.0541748
-0.0534406
-0.0526861
-0.0519129
-0.0511231
-0.0503185
-0.0495017
-0.048675
-0.0478412
-0.0470034
-0.0461646
-0.0453285
-0.0444985
-0.0436785
-0.0428725
-0.0420846
-0.0413188
-0.0405791
-0.0398695
-0.0391934
-0.0385538
-0.0379529
-0.0373916
-0.0368691
-0.0363833
-0.0359105
-0.0354538
-0.035001
-0.0345434
-0.034081
-0.0336262
-0.0332065
-0.0328619
-0.0326346
-0.0325529
-0.0326152
-0.0327868
-0.0183399
-0.0182508
-0.0181779
-0.0181376
-0.0181501
-0.0182342
-0.0184036
-0.0186656
-0.0190218
-0.0194697
-0.0200043
-0.0206193
-0.0213086
-0.022066
-0.0228858
-0.0237626
-0.0246914
-0.0256669
-0.0266842
-0.027738
-0.0288231
-0.0299342
-0.031066
-0.0322133
-0.033371
-0.0345342
-0.0356981
-0.0368585
-0.0380113
-0.0391529
-0.04028
-0.0413898
-0.0424799
-0.0435481
-0.0445929
-0.0456128
-0.0466068
-0.047574
-0.0485138
-0.0494259
-0.0503098
-0.0511655
-0.0519927
-0.0527913
-0.0535612
-0.0543023
-0.0550146
-0.0556979
-0.0563519
-0.0569765
-0.0575716
-0.0581367
-0.0586717
-0.0591762
-0.05965
-0.0600927
-0.060504
-0.0608836
-0.0612313
-0.0615467
-0.0618295
-0.0620796
-0.0622966
-0.0624804
-0.0626308
-0.0627476
-0.0628307
-0.06288
-0.0628955
-0.0628771
-0.0628253
-0.0627423
-0.0626252
-0.0624741
-0.0622892
-0.0620706
-0.0618186
-0.0615333
-0.061215
-0.060864
-0.0604806
-0.0600651
-0.059618
-0.0591397
-0.0586308
-0.0580917
-0.0575231
-0.0569258
-0.0563004
-0.055648
-0.0549695
-0.0542661
-0.0535389
-0.0527894
-0.0520193
-0.0512302
-0.0504241
-0.0496031
-0.0487698
-0.0479266
-0.0470764
-0.0462224
-0.0453679
-0.0445164
-0.0436716
-0.0428376
-0.0420185
-0.0412184
-0.0404416
-0.0396922
-0.0389742
-0.0382912
-0.0376464
-0.0370422
-0.0364796
-0.0359587
-0.0354781
-0.0350157
-0.0345728
-0.034138
-0.0337036
-0.0332691
-0.0328453
-0.0324571
-0.0321405
-0.0319342
-0.0318647
-0.031932
-0.0321059
-0.0180606
-0.0179737
-0.0179002
-0.0178554
-0.0178591
-0.0179297
-0.0180815
-0.0183226
-0.0186557
-0.019079
-0.0195881
-0.0201774
-0.0208407
-0.0215721
-0.0223659
-0.023217
-0.0241203
-0.025071
-0.0260642
-0.027095
-0.0281584
-0.0292495
-0.030363
-0.031494
-0.0326376
-0.0337889
-0.0349433
-0.0360965
-0.0372443
-0.0383832
-0.0395097
-0.0406209
-0.0417141
-0.0427872
-0.0438382
-0.0448655
-0.0458681
-0.0468447
-0.0477947
-0.0487174
-0.0496124
-0.0504793
-0.051318
-0.0521281
-0.0529094
-0.0536619
-0.0543854
-0.0550795
-0.0557443
-0.0563793
-0.0569843
-0.0575591
-0.0581034
-0.0586168
-0.059099
-0.0595498
-0.0599687
-0.0603555
-0.0607098
-0.0610314
-0.0613199
-0.0615751
-0.0617967
-0.0619845
-0.0621384
-0.0622581
-0.0623435
-0.0623945
-0.0624111
-0.0623931
-0.0623407
-0.0622569
-0.0621384
-0.0619852
-0.0617975
-0.0615754
-0.0613191
-0.0610288
-0.0607048
-0.0603472
-0.0599566
-0.0595331
-0.0590772
-0.0585894
-0.0580701
-0.05752
-0.0569397
-0.0563299
-0.0556913
-0.0550251
-0.0543321
-0.0536135
-0.0528707
-0.0521051
-0.0513183
-0.0505122
-0.0496888
-0.0488503
-0.0479993
-0.0471385
-0.0462708
-0.0453994
-0.0445278
-0.0436596
-0.0427989
-0.0419496
-0.041116
-0.0403025
-0.0395134
-0.038753
-0.0380255
-0.0373346
-0.0366835
-0.0360747
-0.0355096
-0.034988
-0.0345075
-0.0340618
-0.0336282
-0.0332092
-0.0327962
-0.0323878
-0.0319938
-0.0316364
-0.0313479
-0.0311632
-0.0311066
-0.0311796
-0.0313565
-0.0177753
-0.0176909
-0.0176172
-0.0175685
-0.0175638
-0.0176212
-0.0177552
-0.017975
-0.0182839
-0.0186812
-0.0191632
-0.0197246
-0.0203598
-0.0210628
-0.0218284
-0.0226514
-0.023527
-0.0244505
-0.0254174
-0.0264229
-0.0274625
-0.0285314
-0.0296247
-0.0307376
-0.0318654
-0.0330033
-0.0341467
-0.0352915
-0.0364334
-0.0375688
-0.038694
-0.0398061
-0.0409022
-0.04198
-0.0430372
-0.0440723
-0.0450837
-0.0460703
-0.047031
-0.047965
-0.0488719
-0.049751
-0.050602
-0.0514245
-0.0522183
-0.0529831
-0.0537187
-0.0544248
-0.0551012
-0.0557475
-0.0563635
-0.0569488
-0.0575033
-0.0580264
-0.0585179
-0.0589775
-0.0594047
-0.0597993
-0.0601609
-0.0604892
-0.0607839
-0.0610448
-0.0612714
-0.0614638
-0.0616215
-0.0617444
-0.0618324
-0.0618854
-0.0619032
-0.0618858
-0.0618331
-0.0617486
-0.0616286
-0.0614733
-0.0612827
-0.061057
-0.0607963
-0.0605008
-0.0601708
-0.0598066
-0.0594083
-0.0589765
-0.0585115
-0.0580137
-0.0574837
-0.056922
-0.0563293
-0.0557063
-0.055054
-0.0543731
-0.0536648
-0.0529303
-0.052171
-0.0513883
-0.0505839
-0.0497598
-0.0489181
-0.0480611
-0.0471913
-0.0463116
-0.0454251
-0.0445351
-0.0436452
-0.0427592
-0.0418812
-0.0410153
-0.0401661
-0.0393379
-0.0385352
-0.0377627
-0.0370244
-0.0363243
-0.0356658
-0.0350514
-0.0344826
-0.0339596
-0.0334804
-0.0330423
-0.0326191
-0.0322151
-0.0318218
-0.0314381
-0.0310726
-0.0307452
-0.0304848
-0.0303222
-0.0302793
-0.0303588
-0.0305393
-0.0174862
-0.0174045
-0.0173309
-0.0172789
-0.0172663
-0.0173108
-0.0174273
-0.0176252
-0.0179091
-0.0182791
-0.0187322
-0.0192638
-0.0198686
-0.020541
-0.0212758
-0.0220681
-0.0229135
-0.0238073
-0.0247454
-0.0257233
-0.0267368
-0.0277812
-0.0288522
-0.029945
-0.0310551
-0.0321779
-0.0333089
-0.0344439
-0.0355788
-0.0367096
-0.0378329
-0.0389453
-0.0400439
-0.0411262
-0.0421898
-0.0432327
-0.0442533
-0.0452502
-0.0462222
-0.0471683
-0.0480877
-0.0489798
-0.0498441
-0.05068
-0.0514873
-0.0522654
-0.0530142
-0.0537332
-0.0544222
-0.0550809
-0.0557088
-0.0563057
-0.0568712
-0.0574049
-0.0579066
-0.0583757
-0.058812
-0.0592151
-0.0595847
-0.0599204
-0.0602219
-0.0604889
-0.0607211
-0.0609183
-0.0610803
-0.0612068
-0.0612977
-0.0613529
-0.0613722
-0.0613555
-0.0613028
-0.0612176
-0.0610963
-0.0609388
-0.0607454
-0.0605159
-0.0602508
-0.05995
-0.0596138
-0.0592426
-0.0588365
-0.058396
-0.0579214
-0.0574133
-0.056872
-0.0562982
-0.0556926
-0.055056
-0.0543891
-0.0536929
-0.0529686
-0.0522174
-0.0514407
-0.05064
-0.0498172
-0.0489741
-0.048113
-0.0472363
-0.0463467
-0.0454471
-0.0445406
-0.0436308
-0.0427213
-0.0418162
-0.0409196
-0.0400359
-0.0391696
-0.0383255
-0.0375081
-0.036722
-0.0359718
-0.0352613
-0.0345942
-0.0339731
-0.0333996
-0.0328742
-0.0323954
-0.0319611
-0.0315468
-0.0311568
-0.0307817
-0.0304208
-0.0300824
-0.0297843
-0.029552
-0.0294121
-0.0293837
-0.0294702
-0.0296551
-0.017195
-0.0171163
-0.0170434
-0.0169886
-0.0169686
-0.0170008
-0.0170998
-0.0172757
-0.0175339
-0.0178753
-0.0182979
-0.0187977
-0.0193697
-0.0200089
-0.0207104
-0.0214695
-0.0222818
-0.0231433
-0.0240499
-0.0249977
-0.0259825
-0.0270001
-0.0280464
-0.029117
-0.0302074
-0.0313133
-0.0324303
-0.033554
-0.0346805
-0.0358058
-0.0369262
-0.0380384
-0.0391391
-0.0402256
-0.0412954
-0.0423463
-0.0433764
-0.044384
-0.0453678
-0.0463266
-0.0472594
-0.0481654
-0.0490438
-0.0498941
-0.0507158
-0.0515083
-0.0522713
-0.0530044
-0.0537071
-0.0543791
-0.05502
-0.0556294
-0.0562069
-0.0567522
-0.0572648
-0.0577444
-0.0581906
-0.058603
-0.0589812
-0.059325
-0.0596339
-0.0599076
-0.0601459
-0.0603485
-0.0605152
-0.0606457
-0.0607399
-0.0607975
-0.0608186
-0.0608028
-0.0607502
-0.0606646
-0.0605419
-0.0603824
-0.060186
-0.0599529
-0.0596831
-0.0593769
-0.0590344
-0.058656
-0.0582418
-0.0577923
-0.0573079
-0.0567889
-0.056236
-0.0556496
-0.0550306
-0.0543796
-0.0536976
-0.0529855
-0.0522445
-0.0514758
-0.0506809
-0.0498614
-0.0490191
-0.0481562
-0.0472747
-0.0463773
-0.0454667
-0.044546
-0.0436184
-0.0426876
-0.0417574
-0.0408319
-0.0399155
-0.0390126
-0.0381281
-0.0372666
-0.0364332
-0.0356324
-0.0348689
-0.0341469
-0.03347
-0.0328409
-0.0322616
-0.0317322
-0.0312516
-0.0308162
-0.0304174
-0.0300366
-0.029677
-0.0293371
-0.0290243
-0.0287545
-0.02855
-0.0284334
-0.0284203
-0.0285146
-0.0287048
-0.0169037
-0.0168282
-0.0167563
-0.0166992
-0.0166726
-0.016693
-0.0167749
-0.0169287
-0.0171606
-0.0174725
-0.0178629
-0.0183288
-0.0188658
-0.0194693
-0.0201347
-0.0208577
-0.0216342
-0.0224605
-0.0233329
-0.0242476
-0.0252011
-0.0261894
-0.0272086
-0.0282546
-0.0293232
-0.0304102
-0.0315113
-0.0326223
-0.0337391
-0.0348576
-0.0359742
-0.0370853
-0.0381875
-0.039278
-0.0403538
-0.0414127
-0.0424525
-0.0434713
-0.0444675
-0.0454396
-0.0463865
-0.0473072
-0.0482007
-0.0490664
-0.0499035
-0.0507115
-0.0514898
-0.052238
-0.0529555
-0.0536419
-0.0542968
-0.0549198
-0.0555104
-0.0560682
-0.0565927
-0.0570836
-0.0575405
-0.057963
-0.0583507
-0.0587031
-0.0590201
-0.0593012
-0.0595462
-0.0597547
-0.0599266
-0.0600615
-0.0601593
-0.0602198
-0.0602428
-0.0602283
-0.060176
-0.0600899
-0.0599661
-0.0598045
-0.0596053
-0.0593684
-0.059094
-0.0587822
-0.0584333
-0.0580474
-0.057625
-0.0571662
-0.0566715
-0.0561414
-0.0555764
-0.0549771
-0.0543441
-0.0536783
-0.0529806
-0.0522519
-0.0514935
-0.0507066
-0.0498927
-0.0490536
-0.048191
-0.0473072
-0.0464045
-0.0454854
-0.0445528
-0.0436099
-0.0426601
-0.0417071
-0.0407549
-0.0398078
-0.0388702
-0.037947
-0.0370429
-0.0361629
-0.035312
-0.0344953
-0.0337173
-0.0329824
-0.0322944
-0.0316562
-0.0310698
-0.0305355
-0.030052
-0.0296158
-0.0292259
-0.0288539
-0.0285083
-0.0281877
-0.027899
-0.0276565
-0.0274796
-0.0273867
-0.0273897
-0.0274926
-0.0276888
-0.0166138
-0.0165417
-0.0164712
-0.0164124
-0.0163799
-0.0163891
-0.0164543
-0.0165863
-0.0167915
-0.0170728
-0.0174297
-0.0178598
-0.0183595
-0.0189246
-0.0195511
-0.020235
-0.0209727
-0.0217607
-0.0225958
-0.0234747
-0.024394
-0.0253502
-0.0263397
-0.0273587
-0.0284032
-0.0294692
-0.0305526
-0.0316491
-0.0327546
-0.0338652
-0.034977
-0.0360862
-0.0371894
-0.0382833
-0.0393651
-0.0404319
-0.0414816
-0.0425118
-0.0435208
-0.0445068
-0.0454686
-0.0464048
-0.0473144
-0.0481964
-0.04905
-0.0498745
-0.0506693
-0.0514336
-0.0521671
-0.0528691
-0.0535391
-0.0541767
-0.0547814
-0.0553527
-0.0558901
-0.0563933
-0.0568618
-0.0572952
-0.0576931
-0.0580551
-0.0583808
-0.05867
-0.0589222
-0.0591372
-0.0593147
-0.0594545
-0.0595563
-0.0596201
-0.0596455
-0.0596324
-0.0595807
-0.0594941
-0.0593692
-0.0592058
-0.0590037
-0.0587631
-0.058484
-0.0581666
-0.0578111
-0.0574178
-0.0569868
-0.0565185
-0.0560134
-0.0554718
-0.0548944
-0.0542816
-0.0536343
-0.0529531
-0.0522391
-0.0514933
-0.0507168
-0.049911
-0.0490775
-0.048218
-0.0473343
-0.0464288
-0.0455038
-0.0445621
-0.0436065
-0.0426404
-0.0416672
-0.0406909
-0.0397156
-0.0387457
-0.0377858
-0.0368408
-0.0359158
-0.0350159
-0.0341464
-0.0333122
-0.0325184
-0.0317694
-0.0310691
-0.0304205
-0.0298258
-0.0292854
-0.0287984
-0.0283622
-0.027973
-0.0276094
-0.0272767
-0.0269737
-0.0267074
-0.0264911
-0.0263414
-0.0262725
-0.0262924
-0.0264046
-0.0266079
-0.0163268
-0.0162583
-0.0161895
-0.0161296
-0.0160919
-0.0160907
-0.0161399
-0.0162502
-0.0164286
-0.0166785
-0.0170006
-0.0173931
-0.0178531
-0.0183772
-0.0189618
-0.0196036
-0.0202993
-0.0210459
-0.0218406
-0.0226805
-0.0235626
-0.0244838
-0.0254408
-0.0264302
-0.0274483
-0.0284911
-0.0295547
-0.0306349
-0.0317277
-0.032829
-0.0339348
-0.0350412
-0.0361446
-0.0372416
-0.038329
-0.0394038
-0.0404634
-0.0415054
-0.0425276
-0.0435282
-0.0445055
-0.045458
-0.0463845
-0.0472839
-0.0481551
-0.0489972
-0.0498095
-0.0505912
-0.0513417
-0.0520604
-0.0527467
-0.0534001
-0.0540199
-0.0546058
-0.0551572
-0.0556736
-0.0561546
-0.0565998
-0.0570088
-0.057381
-0.0577163
-0.0580141
-0.0582742
-0.0584963
-0.05868
-0.0588252
-0.0589315
-0.0589989
-0.0590271
-0.059016
-0.0589655
-0.0588772
-0.0587519
-0.0585868
-0.0583821
-0.0581378
-0.0578541
-0.057531
-0.0571689
-0.0567678
-0.0563281
-0.0558502
-0.0553344
-0.0547811
-0.0541908
-0.0535643
-0.0529022
-0.0522053
-0.0514745
-0.050711
-0.0499159
-0.0490906
-0.0482368
-0.0473561
-0.0464507
-0.0455226
-0.0445746
-0.0436093
-0.0426297
-0.0416394
-0.0406419
-0.0396411
-0.0386415
-0.0376475
-0.036664
-0.0356961
-0.0347489
-0.0338278
-0.0329382
-0.0320853
-0.0312743
-0.0305098
-0.0297957
-0.0291355
-0.0285311
-0.0279832
-0.0274912
-0.0270528
-0.0266647
-0.0263046
-0.0259837
-0.0256964
-0.0254504
-0.0252589
-0.0251357
-0.0250911
-0.0251287
-0.025251
-0.0254623
-0.0160441
-0.0159792
-0.0159125
-0.0158521
-0.0158098
-0.0157992
-0.0158331
-0.0159221
-0.0160736
-0.0162917
-0.0165777
-0.0169308
-0.0173489
-0.0178294
-0.0183692
-0.0189657
-0.0196161
-0.0203179
-0.0210688
-0.0218664
-0.0227081
-0.0235913
-0.0245131
-0.0254702
-0.0264592
-0.0274766
-0.0285183
-0.0295804
-0.0306588
-0.0317493
-0.0328479
-0.0339507
-0.0350536
-0.0361531
-0.0372458
-0.0383284
-0.039398
-0.040452
-0.0414879
-0.0425036
-0.0434971
-0.0444668
-0.0454111
-0.0463288
-0.0472185
-0.0480794
-0.0489103
-0.0497106
-0.0504794
-0.0512159
-0.0519196
-0.0525898
-0.053226
-0.0538275
-0.0543939
-0.0549245
-0.0554191
-0.055877
-0.0562979
-0.0566813
-0.0570268
-0.057334
-0.0576027
-0.0578325
-0.058023
-0.0581741
-0.0582854
-0.0583568
-0.0583881
-0.0583792
-0.0583301
-0.0582408
-0.058115
-0.0579484
-0.0577411
-0.0574932
-0.0572049
-0.0568762
-0.0565073
-0.0560986
-0.0556501
-0.0551623
-0.0546356
-0.0540703
-0.0534671
-0.0528265
-0.0521492
-0.0514361
-0.0506882
-0.0499065
-0.0490923
-0.048247
-0.0473722
-0.0464698
-0.0455419
-0.0445906
-0.0436187
-0.042629
-0.0416246
-0.0406091
-0.0395862
-0.03856
-0.0375349
-0.0365157
-0.0355074
-0.0345152
-0.0335445
-0.0326008
-0.0316898
-0.0308168
-0.0299871
-0.0292056
-0.0284764
-0.027803
-0.0271874
-0.0266306
-0.0261317
-0.0256886
-0.0252982
-0.0249449
-0.0246317
-0.024357
-0.024129
-0.0239604
-0.023863
-0.0238429
-0.0238989
-0.0240321
-0.0242525
-0.0157667
-0.0157056
-0.0156412
-0.0155808
-0.0155348
-0.0155155
-0.015535
-0.0156034
-0.0157282
-0.0159141
-0.0161631
-0.0164752
-0.0168492
-0.0172833
-0.0177753
-0.0183232
-0.0189248
-0.0195784
-0.0202821
-0.021034
-0.021832
-0.022674
-0.0235575
-0.0244795
-0.0254369
-0.0264264
-0.0274441
-0.0284861
-0.0295484
-0.0306268
-0.031717
-0.032815
-0.0339167
-0.0350182
-0.0361158
-0.0372061
-0.0382858
-0.039352
-0.0404019
-0.0414332
-0.0424436
-0.0434312
-0.0443943
-0.0453311
-0.0462405
-0.0471212
-0.0479719
-0.0487919
-0.04958
-0.0503356
-0.0510579
-0.0517462
-0.0523998
-0.053018
-0.0536004
-0.0541464
-0.0546554
-0.055127
-0.0555607
-0.0559561
-0.0563127
-0.0566302
-0.0569081
-0.0571462
-0.0573441
-0.0575016
-0.0576185
-0.0576944
-0.0577292
-0.0577228
-0.0576751
-0.0575858
-0.0574596
-0.0572915
-0.0570818
-0.0568304
-0.0565375
-0.0562032
-0.0558276
-0.0554111
-0.0549538
-0.054456
-0.0539182
-0.0533408
-0.0527244
-0.0520694
-0.0513768
-0.0506473
-0.0498818
-0.0490816
-0.0482478
-0.047382
-0.0464858
-0.0455611
-0.04461
-0.0436349
-0.0426385
-0.0416236
-0.0405935
-0.039552
-0.0385027
-0.03745
-0.0363985
-0.035353
-0.0343186
-0.0333009
-0.0323053
-0.0313377
-0.0304037
-0.0295091
-0.0286593
-0.0278593
-0.0271135
-0.0264252
-0.0257969
-0.0252295
-0.0247219
-0.0242717
-0.0238736
-0.023533
-0.023222
-0.0229564
-0.0227437
-0.022596
-0.0225233
-0.0225277
-0.0226029
-0.0227478
-0.0229786
-0.0154956
-0.0154384
-0.0153767
-0.0153167
-0.0152678
-0.0152408
-0.0152468
-0.0152953
-0.0153939
-0.0155473
-0.0157584
-0.016028
-0.0163558
-0.0167409
-0.0171821
-0.017678
-0.0182273
-0.018829
-0.0194819
-0.0201845
-0.0209354
-0.021733
-0.022575
-0.023459
-0.0243822
-0.0253414
-0.0263329
-0.0273529
-0.0283973
-0.029462
-0.0305426
-0.0316348
-0.0327344
-0.0338373
-0.0349395
-0.0360373
-0.0371271
-0.0382056
-0.03927
-0.0403174
-0.0413453
-0.0423516
-0.0433342
-0.0442913
-0.0452213
-0.0461228
-0.0469945
-0.0478352
-0.048644
-0.0494198
-0.0501619
-0.0508693
-0.0515415
-0.0521777
-0.0527772
-0.0533395
-0.0538641
-0.0543503
-0.0547978
-0.055206
-0.0555746
-0.055903
-0.0561909
-0.0564381
-0.0566441
-0.0568086
-0.0569315
-0.0570124
-0.0570511
-0.0570476
-0.0570016
-0.056913
-0.0567863
-0.056617
-0.0564049
-0.0561502
-0.0558528
-0.055513
-0.0551308
-0.0547066
-0.0542404
-0.0537327
-0.0531837
-0.0525941
-0.0519643
-0.0512948
-0.0505866
-0.0498404
-0.0490572
-0.0482381
-0.0473845
-0.0464978
-0.0455797
-0.0446323
-0.0436575
-0.042658
-0.0416364
-0.0405957
-0.0395392
-0.0384708
-0.0373943
-0.0363142
-0.0352352
-0.0341622
-0.0331007
-0.0320561
-0.0310344
-0.0300414
-0.0290831
-0.0281653
-0.0272938
-0.0264736
-0.0257094
-0.0250047
-0.0243619
-0.0237821
-0.0232644
-0.0228064
-0.0224037
-0.0220598
-0.0217527
-0.0214946
-0.0212948
-0.0211658
-0.0211166
-0.0211453
-0.0212405
-0.0213981
-0.0216406
-0.0152316
-0.0151783
-0.0151195
-0.0150605
-0.0150094
-0.0149757
-0.0149692
-0.0149988
-0.0150716
-0.0151926
-0.0153652
-0.0155909
-0.0158705
-0.016204
-0.0165912
-0.0170317
-0.0175252
-0.0180713
-0.0186695
-0.0193192
-0.0200195
-0.0207692
-0.0215667
-0.0224098
-0.023296
-0.0242224
-0.0251854
-0.0261814
-0.0272063
-0.0282558
-0.0293255
-0.0304109
-0.0315076
-0.0326113
-0.0337177
-0.0348228
-0.0359226
-0.0370138
-0.0380928
-0.0391568
-0.0402028
-0.0412285
-0.0422314
-0.0432097
-0.0441613
-0.0450847
-0.0459785
-0.0468412
-0.0476717
-0.0484689
-0.0492319
-0.0499598
-0.0506517
-0.0513069
-0.0519247
-0.0525044
-0.0530455
-0.0535475
-0.0540096
-0.0544316
-0.0548129
-0.0551532
-0.0554519
-0.0557088
-0.0559235
-0.0560957
-0.0562251
-0.0563116
-0.0563548
-0.0563545
-0.0563106
-0.0562228
-0.0560962
-0.0559258
-0.0557117
-0.0554538
-0.0551522
-0.054807
-0.0544183
-0.0539863
-0.0535113
-0.0529936
-0.0524336
-0.0518317
-0.0511884
-0.0505044
-0.0497805
-0.0490174
-0.0482163
-0.0473781
-0.0465044
-0.0455966
-0.0446564
-0.0436858
-0.0426871
-0.0416626
-0.0406153
-0.0395482
-0.0384648
-0.0373688
-0.0362643
-0.0351559
-0.0340484
-0.0329469
-0.031857
-0.0307845
-0.0297352
-0.0287154
-0.0277312
-0.0267886
-0.0258936
-0.0250515
-0.024267
-0.0235439
-0.0228848
-0.0222908
-0.0217611
-0.0212936
-0.0208847
-0.0205325
-0.0202257
-0.0199722
-0.0197824
-0.0196697
-0.0196424
-0.0196954
-0.0198113
-0.0199826
-0.0202383
-0.0149754
-0.014926
-0.0148703
-0.0148127
-0.0147602
-0.0147208
-0.0147029
-0.0147145
-0.0147622
-0.014851
-0.0149845
-0.0151652
-0.0153947
-0.015674
-0.0160042
-0.0163859
-0.0168198
-0.0173064
-0.0178462
-0.0184392
-0.0190852
-0.0197837
-0.0205334
-0.0213326
-0.0221791
-0.0230702
-0.0240026
-0.0249726
-0.0259762
-0.027009
-0.0280666
-0.0291442
-0.0302373
-0.0313412
-0.0324514
-0.0335635
-0.0346735
-0.0357773
-0.0368714
-0.0379524
-0.0390171
-0.0400628
-0.041087
-0.0420872
-0.0430614
-0.0440078
-0.0449246
-0.0458104
-0.0466639
-0.0474837
-0.0482688
-0.0490182
-0.049731
-0.0504063
-0.0510435
-0.0516418
-0.0522005
-0.0527191
-0.053197
-0.0536336
-0.0540286
-0.0543814
-0.0546917
-0.0549591
-0.0551832
-0.0553638
-0.0555004
-0.0555929
-0.0556411
-0.0556446
-0.0556033
-0.0555169
-0.0553902
-0.0552191
-0.0550032
-0.0547424
-0.0544368
-0.0540864
-0.0536913
-0.0532518
-0.0527681
-0.0522406
-0.0516695
-0.0510554
-0.0503987
-0.0497002
-0.0489605
-0.0481806
-0.0473614
-0.0465041
-0.0456102
-0.044681
-0.0437185
-0.0427246
-0.0417015
-0.0406519
-0.0395785
-0.0384845
-0.0373736
-0.0362494
-0.0351162
-0.0339788
-0.0328419
-0.031711
-0.0305916
-0.0294898
-0.0284117
-0.0273635
-0.0263518
-0.0253828
-0.0244624
-0.0235964
-0.0227897
-0.0220461
-0.0213683
-0.0207577
-0.0202137
-0.0197341
-0.0193159
-0.0189554
-0.0186416
-0.0183898
-0.0182066
-0.0181072
-0.0181
-0.0181768
-0.0183146
-0.0185008
-0.0187713
-0.0147275
-0.014682
-0.0146295
-0.0145738
-0.0145206
-0.0144764
-0.0144483
-0.014443
-0.0144664
-0.0145233
-0.0146174
-0.0147519
-0.0149294
-0.0151522
-0.0154223
-0.0157417
-0.0161122
-0.0165355
-0.0170129
-0.0175454
-0.0181336
-0.0187773
-0.0194759
-0.0202283
-0.0210324
-0.0218858
-0.0227854
-0.0237275
-0.0247082
-0.0257229
-0.0267672
-0.0278361
-0.0289247
-0.0300283
-0.0311419
-0.0322609
-0.0333809
-0.0344976
-0.035607
-0.0367054
-0.0377894
-0.0388558
-0.0399019
-0.040925
-0.0419228
-0.0428931
-0.0438341
-0.0447441
-0.0456215
-0.046465
-0.0472734
-0.0480455
-0.0487803
-0.049477
-0.0501346
-0.0507525
-0.0513299
-0.0518661
-0.0523607
-0.052813
-0.0532225
-0.0535888
-0.0539115
-0.0541901
-0.0544244
-0.0546139
-0.0547584
-0.0548576
-0.0549112
-0.0549192
-0.0548811
-0.054797
-0.0546691
-0.0544981
-0.0542809
-0.0540175
-0.0537081
-0.0533528
-0.0529516
-0.0525048
-0.0520126
-0.0514753
-0.0508934
-0.0502672
-0.0495972
-0.0488842
-0.0481289
-0.0473322
-0.046495
-0.0456187
-0.0447045
-0.043754
-0.0427691
-0.0417517
-0.0407042
-0.0396291
-0.0385294
-0.0374083
-0.0362694
-0.0351166
-0.0339542
-0.032787
-0.03162
-0.0304586
-0.0293088
-0.0281765
-0.0270681
-0.0259902
-0.0249493
-0.0239519
-0.0230043
-0.0221122
-0.0212808
-0.0205143
-0.0198154
-0.0191854
-0.0186241
-0.0181294
-0.0176982
-0.0173278
-0.0170024
-0.0167483
-0.0165673
-0.0164774
-0.0164878
-0.0165881
-0.0167489
-0.0169517
-0.0172391
-0.0144882
-0.0144465
-0.0143974
-0.014344
-0.0142907
-0.0142427
-0.0142056
-0.0141846
-0.0141846
-0.0142098
-0.0142643
-0.0143517
-0.0144755
-0.0146392
-0.0148462
-0.0150998
-0.0154033
-0.0157593
-0.0161705
-0.0166387
-0.0171652
-0.0177507
-0.0183952
-0.0190977
-0.0198568
-0.0206702
-0.0215349
-0.0224473
-0.0234034
-0.0243988
-0.0254286
-0.0264878
-0.0275714
-0.028674
-0.0297908
-0.0309165
-0.0320466
-0.0331762
-0.0343012
-0.0354175
-0.0365213
-0.0376091
-0.0386779
-0.0397247
-0.0407468
-0.0417421
-0.0427082
-0.0436434
-0.044546
-0.0454143
-0.0462471
-0.047043
-0.047801
-0.04852
-0.0491992
-0.0498377
-0.0504348
-0.0509898
-0.0515019
-0.0519708
-0.0523958
-0.0527765
-0.0531123
-0.053403
-0.0536481
-0.0538473
-0.0540003
-0.0541068
-0.0541666
-0.0541794
-0.0541451
-0.0540636
-0.0539351
-0.0537645
-0.0535463
-0.0532807
-0.0529679
-0.0526079
-0.0522009
-0.0517471
-0.0512466
-0.0506999
-0.0501073
-0.0494693
-0.0487863
-0.0480591
-0.0472883
-0.0464749
-0.04562
-0.0447247
-0.0437904
-0.0428187
-0.0418115
-0.0407707
-0.0396987
-0.0385982
-0.0374721
-0.0363237
-0.0351565
-0.0339747
-0.0327827
-0.0315851
-0.0303873
-0.0291947
-0.0280133
-0.0268494
-0.0257095
-0.0246002
-0.0235284
-0.0225007
-0.0215236
-0.0206031
-0.0197445
-0.0189522
-0.0182291
-0.0175767
-0.0169946
-0.0164808
-0.0160323
-0.0156466
-0.0153108
-0.0150483
-0.0148637
-0.0147783
-0.0148034
-0.0149269
-0.0151123
-0.0153338
-0.0156406
-0.0142576
-0.0142197
-0.0141741
-0.0141234
-0.0140707
-0.0140199
-0.0139748
-0.0139392
-0.0139167
-0.0139108
-0.0139255
-0.0139649
-0.0140333
-0.0141355
-0.0142764
-0.0144608
-0.0146934
-0.0149784
-0.0153194
-0.0157194
-0.0161807
-0.0167046
-0.0172918
-0.0179417
-0.0186532
-0.0194243
-0.0202521
-0.0211332
-0.0220634
-0.0230381
-0.0240525
-0.0251013
-0.0261791
-0.0272805
-0.0284001
-0.0295325
-0.0306726
-0.0318154
-0.0329563
-0.0340908
-0.0352149
-0.0363248
-0.0374169
-0.0384881
-0.0395356
-0.0405566
-0.0415489
-0.0425104
-0.043439
-0.0443332
-0.0451914
-0.0460123
-0.0467945
-0.047537
-0.0482388
-0.048899
-0.0495168
-0.0500914
-0.0506222
-0.0511086
-0.0515499
-0.0519458
-0.0522957
-0.0525992
-0.0528559
-0.0530655
-0.0532277
-0.0533421
-0.0534086
-0.0534268
-0.0533967
-0.053318
-0.0531906
-0.0530203
-0.0528013
-0.0525339
-0.052218
-0.0518537
-0.0514413
-0.0509808
-0.0504725
-0.0499167
-0.0493138
-0.0486642
-0.0479685
-0.0472273
-0.0464415
-0.0456118
-0.0447394
-0.0438254
-0.0428713
-0.0418787
-0.0408493
-0.0397853
-0.0386891
-0.0375633
-0.0364108
-0.035235
-0.0340396
-0.0328286
-0.0316065
-0.0303782
-0.029149
-0.0279244
-0.0267107
-0.025514
-0.0243411
-0.0231989
-0.0220943
-0.0210342
-0.0200253
-0.0190737
-0.018185
-0.0173638
-0.0166131
-0.0159345
-0.0153277
-0.0147904
-0.0143188
-0.0139072
-0.0135712
-0.0132889
-0.0130931
-0.0130066
-0.0130431
-0.0131892
-0.0134018
-0.0136452
-0.0139743
-0.0140358
-0.0140016
-0.0139597
-0.0139119
-0.0138605
-0.0138077
-0.0137558
-0.0137067
-0.0136626
-0.0136261
-0.0136008
-0.0135912
-0.0136026
-0.013641
-0.0137128
-0.0138247
-0.0139827
-0.0141928
-0.0144598
-0.0147879
-0.0151805
-0.0156396
-0.0161664
-0.016761
-0.0174226
-0.0181494
-0.0189385
-0.0197867
-0.0206896
-0.0216427
-0.0226408
-0.0236785
-0.0247501
-0.0258499
-0.0269722
-0.0281111
-0.0292614
-0.0304176
-0.0315747
-0.0327279
-0.0338727
-0.0350052
-0.0361214
-0.0372178
-0.0382913
-0.039339
-0.0403584
-0.041347
-0.0423028
-0.0432239
-0.0441085
-0.0449553
-0.0457628
-0.0465298
-0.0472553
-0.0479382
-0.0485776
-0.0491729
-0.0497232
-0.050228
-0.0506866
-0.0510985
-0.0514632
-0.0517803
-0.0520494
-0.0522701
-0.0524421
-0.0525652
-0.052639
-0.0526633
-0.0526379
-0.0525625
-0.0524369
-0.0522672
-0.0520479
-0.051779
-0.0514605
-0.0510925
-0.050675
-0.0502083
-0.0496925
-0.0491281
-0.0485153
-0.0478547
-0.0471467
-0.046392
-0.0455915
-0.044746
-0.0438565
-0.0429243
-0.0419508
-0.0409376
-0.0398866
-0.0387998
-0.0376796
-0.0365288
-0.0353502
-0.0341472
-0.0329236
-0.0316835
-0.0304313
-0.0291719
-0.0279108
-0.0266537
-0.0254067
-0.0241762
-0.0229691
-0.0217923
-0.020653
-0.0195582
-0.0185148
-0.0175293
-0.0166072
-0.0157533
-0.0149711
-0.014262
-0.013626
-0.0130608
-0.0125625
-0.0121265
-0.0117664
-0.0114635
-0.0112507
-0.011157
-0.0112009
-0.0113695
-0.0116126
-0.0118823
-0.0122376
-0.0138226
-0.0137921
-0.0137539
-0.0137094
-0.0136599
-0.0136061
-0.0135484
-0.0134868
-0.0134219
-0.0133551
-0.0132896
-0.0132301
-0.0131827
-0.013155
-0.0131549
-0.0131908
-0.0132708
-0.0134022
-0.0135915
-0.0138442
-0.0141647
-0.0145559
-0.0150196
-0.0155565
-0.016166
-0.0168466
-0.0175955
-0.0184094
-0.0192841
-0.0202147
-0.0211959
-0.0222219
-0.023287
-0.024385
-0.0255098
-0.0266554
-0.027816
-0.0289858
-0.0301594
-0.0313316
-0.0324978
-0.0336534
-0.0347943
-0.0359166
-0.0370169
-0.0380922
-0.0391394
-0.0401561
-0.0411399
-0.0420888
-0.0430009
-0.0438745
-0.0447082
-0.0455007
-0.0462508
-0.0469573
-0.0476194
-0.0482363
-0.048807
-0.0493311
-0.0498078
-0.0502365
-0.0506169
-0.0509484
-0.0512306
-0.0514631
-0.0516457
-0.0517781
-0.0518598
-0.0518908
-0.0518708
-0.0517994
-0.0516764
-0.0515073
-0.0512883
-0.0510185
-0.0506979
-0.0503266
-0.0499046
-0.0494321
-0.0489095
-0.0483369
-0.0477148
-0.0470436
-0.0463239
-0.0455564
-0.0447418
-0.043881
-0.0429751
-0.0420252
-0.041033
-0.0399998
-0.0389277
-0.0378186
-0.036675
-0.0354996
-0.0342954
-0.0330656
-0.0318141
-0.0305449
-0.0292627
-0.0279722
-0.026679
-0.0253888
-0.0241077
-0.0228425
-0.0215998
-0.0203868
-0.0192108
-0.018079
-0.0169983
-0.0159754
-0.0150162
-0.0141256
-0.0133071
-0.0125625
-0.0118918
-0.0112931
-0.0107627
-0.0102966
-0.0099012
-0.00956908
-0.00933092
-0.00922219
-0.00926843
-0.00945934
-0.00973748
-0.0100397
-0.010426
-0.0136178
-0.0135908
-0.0135565
-0.0135157
-0.0134686
-0.0134146
-0.013352
-0.0132788
-0.0131937
-0.0130969
-0.0129908
-0.0128803
-0.0127725
-0.0126762
-0.0126014
-0.0125582
-0.0125566
-0.0126058
-0.0127141
-0.0128881
-0.0131334
-0.0134538
-0.013852
-0.014329
-0.0148846
-0.0155173
-0.0162248
-0.0170035
-0.017849
-0.0187565
-0.0197202
-0.0207344
-0.0217928
-0.0228889
-0.0240163
-0.0251687
-0.0263398
-0.0275234
-0.0287139
-0.0299057
-0.0310937
-0.0322729
-0.0334391
-0.034588
-0.0357158
-0.0368193
-0.0378952
-0.0389407
-0.0399534
-0.0409309
-0.0418713
-0.0427728
-0.0436336
-0.0444525
-0.045228
-0.0459591
-0.0466448
-0.047284
-0.0478761
-0.0484202
-0.0489158
-0.0493623
-0.049759
-0.0501057
-0.0504017
-0.0506469
-0.0508408
-0.050983
-0.0510735
-0.0511118
-0.0510979
-0.0510314
-0.0509125
-0.0507423
-0.0505248
-0.0502549
-0.0499328
-0.0495587
-0.0491328
-0.0486553
-0.0481263
-0.0475462
-0.0469154
-0.0462344
-0.0455037
-0.0447239
-0.0438959
-0.0430206
-0.042099
-0.0411323
-0.040122
-0.0390697
-0.0379772
-0.0368466
-0.0356804
-0.0344811
-0.0332518
-0.0319958
-0.0307169
-0.0294191
-0.028107
-0.0267856
-0.0254601
-0.0241365
-0.0228209
-0.0215199
-0.0202404
-0.0189896
-0.0177748
-0.0166033
-0.0154823
-0.0144184
-0.0134179
-0.0124856
-0.0116254
-0.0108393
-0.0101273
-0.00948779
-0.00891758
-0.00841343
-0.00797445
-0.00760066
-0.00732616
-0.00719225
-0.00723393
-0.00744625
-0.00776532
-0.00810865
-0.00853226
-0.0134208
-0.0133972
-0.013367
-0.0133302
-0.0132862
-0.0132327
-0.013166
-0.0130819
-0.0129771
-0.0128501
-0.0127028
-0.0125401
-0.01237
-0.0122029
-0.0120505
-0.0119251
-0.0118388
-0.0118026
-0.0118266
-0.011919
-0.0120863
-0.0123337
-0.0126641
-0.0130794
-0.0135795
-0.0141633
-0.0148283
-0.015571
-0.0163869
-0.0172708
-0.0182171
-0.0192193
-0.0202709
-0.0213653
-0.0224955
-0.0236549
-0.0248367
-0.0260346
-0.0272424
-0.0284541
-0.0296644
-0.0308679
-0.0320598
-0.0332359
-0.0343919
-0.0355242
-0.0366295
-0.0377046
-0.0387469
-0.0397539
-0.0407234
-0.0416534
-0.0425422
-0.0433883
-0.0441901
-0.0449466
-0.0456566
-0.0463191
-0.0469332
-0.0474983
-0.0480136
-0.0484784
-0.0488924
-0.0492549
-0.0495655
-0.0498239
-0.0500298
-0.0501827
-0.0502825
-0.0503289
-0.0503216
-0.0502606
-0.0501457
-0.0499769
-0.0497607
-0.049491
-0.0491681
-0.0487919
-0.0483628
-0.0478808
-0.0473462
-0.0467594
-0.0461206
-0.0454305
-0.0446895
-0.0438984
-0.0430579
-0.0421689
-0.0412324
-0.0402498
-0.0392225
-0.0381519
-0.0370401
-0.0358889
-0.034701
-0.0334788
-0.0322253
-0.0309439
-0.0296383
-0.0283125
-0.0269711
-0.025619
-0.0242614
-0.0229042
-0.0215536
-0.020216
-0.0188985
-0.0176083
-0.0163525
-0.0151386
-0.0139738
-0.012865
-0.0118182
-0.0108388
-0.00993053
-0.0090956
-0.00833429
-0.00764501
-0.00702492
-0.00647131
-0.00598377
-0.00554966
-0.0052261
-0.00505356
-0.00508076
-0.00531232
-0.00567923
-0.00607506
-0.00654394
-0.013231
-0.013211
-0.0131849
-0.0131526
-0.0131123
-0.0130599
-0.0129897
-0.0128951
-0.0127704
-0.0126129
-0.0124233
-0.0122069
-0.0119725
-0.0117322
-0.0114996
-0.0112892
-0.0111152
-0.0109909
-0.0109279
-0.0109361
-0.0110233
-0.0111955
-0.0114566
-0.0118087
-0.0122523
-0.0127863
-0.0134083
-0.0141146
-0.0149007
-0.0157611
-0.0166898
-0.0176802
-0.0187254
-0.0198183
-0.0209516
-0.0221184
-0.0233114
-0.024524
-0.0257494
-0.0269816
-0.0282146
-0.0294428
-0.0306611
-0.0318649
-0.0330496
-0.0342114
-0.0353467
-0.0364521
-0.0375246
-0.0385617
-0.039561
-0.0405203
-0.0414378
-0.0423117
-0.0431406
-0.0439232
-0.0446582
-0.0453447
-0.0459817
-0.0465684
-0.047104
-0.047588
-0.0480198
-0.0483989
-0.0487248
-0.0489972
-0.0492157
-0.0493799
-0.0494897
-0.0495448
-0.049545
-0.04949
-0.0493798
-0.0492139
-0.0489991
-0.0487302
-0.048407
-0.0480295
-0.0475978
-0.0471121
-0.0465727
-0.0459799
-0.0453341
-0.0446357
-0.0438855
-0.0430839
-0.0422318
-0.0413302
-0.04038
-0.0393826
-0.0383393
-0.0372516
-0.0361215
-0.0349511
-0.0337425
-0.0324985
-0.031222
-0.0299163
-0.0285849
-0.0272321
-0.025862
-0.0244797
-0.0230903
-0.0216996
-0.0203137
-0.018939
-0.0175824
-0.0162509
-0.014952
-0.0136928
-0.0124806
-0.0113223
-0.010224
-0.009191
-0.00822726
-0.00733501
-0.00651461
-0.00576452
-0.00508202
-0.00446489
-0.00391519
-0.00340933
-0.00301822
-0.00278792
-0.00278592
-0.00303175
-0.00345386
-0.00391662
-0.00444075
-0.0130473
-0.0130308
-0.0130094
-0.0129821
-0.012946
-0.0128954
-0.012822
-0.0127168
-0.0125718
-0.0123826
-0.0121494
-0.0118774
-0.0115767
-0.0112608
-0.0109455
-0.0106476
-0.0103835
-0.0101686
-0.0100164
-0.00993846
-0.00994386
-0.0100395
-0.0102302
-0.0105183
-0.0109048
-0.0113887
-0.0119675
-0.0126375
-0.0133939
-0.0142311
-0.0151426
-0.0161216
-0.0171608
-0.0182526
-0.0193896
-0.0205642
-0.021769
-0.0229966
-0.0242403
-0.0254934
-0.0267495
-0.028003
-0.0292482
-0.0304801
-0.0316941
-0.0328859
-0.0340516
-0.0351877
-0.0362911
-0.0373589
-0.0383886
-0.0393778
-0.0403245
-0.041227
-0.0420836
-0.0428928
-0.0436536
-0.0443647
-0.0450251
-0.0456341
-0.0461908
-0.0466946
-0.0471449
-0.0475412
-0.047883
-0.04817
-0.0484017
-0.048578
-0.0486985
-0.0487629
-0.0487712
-0.048723
-0.0486182
-0.0484565
-0.0482426
-0.0479756
-0.0476529
-0.0472748
-0.0468414
-0.0463529
-0.0458095
-0.0452116
-0.0445597
-0.0438542
-0.0430956
-0.0422847
-0.0414222
-0.0405091
-0.0395465
-0.0385354
-0.0374775
-0.0363741
-0.0352271
-0.0340387
-0.0328109
-0.0315465
-0.0302483
-0.0289195
-0.0275637
-0.0261848
-0.0247871
-0.0233754
-0.0219548
-0.0205309
-0.0191095
-0.0176971
-0.0163004
-0.0149262
-0.0135818
-0.0122743
-0.0110108
-0.00979803
-0.00864216
-0.00754839
-0.00652062
-0.00556106
-0.00467
-0.00384578
-0.00308538
-0.00238569
-0.00174512
-0.00117767
-0.000685785
-0.000370474
-0.000317829
-0.000568151
-0.00105178
-0.00159874
-0.00219016
-0.0128683
-0.0128556
-0.0128394
-0.0128179
-0.0127868
-0.0127382
-0.0126615
-0.012545
-0.0123787
-0.0121562
-0.0118774
-0.0115477
-0.0111782
-0.0107844
-0.0103842
-0.00999667
-0.00964054
-0.00933333
-0.00909051
-0.00892514
-0.00884771
-0.00886612
-0.00898578
-0.00920979
-0.00953917
-0.00997308
-0.010509
-0.0111432
-0.0118705
-0.0126851
-0.0135801
-0.0145484
-0.0155822
-0.0166738
-0.017815
-0.0189981
-0.0202151
-0.0214585
-0.0227208
-0.0239953
-0.0252751
-0.0265542
-0.0278267
-0.0290872
-0.0303308
-0.031553
-0.0327497
-0.033917
-0.0350517
-0.0361506
-0.0372111
-0.0382307
-0.0392072
-0.0401386
-0.0410234
-0.0418599
-0.0426469
-0.0433831
-0.0440676
-0.0446994
-0.0452777
-0.0458018
-0.0462712
-0.0466853
-0.0470437
-0.0473458
-0.0475915
-0.0477804
-0.0479122
-0.0479867
-0.0480037
-0.0479631
-0.0478648
-0.0477087
-0.0474953
-0.047231
-0.0469097
-0.0465318
-0.0460975
-0.045607
-0.0450606
-0.0444587
-0.0438017
-0.04309
-0.0423243
-0.0415053
-0.0406337
-0.0397105
-0.0387367
-0.0377135
-0.0366423
-0.0355247
-0.0343625
-0.0331576
-0.0319123
-0.030629
-0.0293107
-0.0279604
-0.0265816
-0.0251781
-0.023754
-0.022314
-0.0208629
-0.0194062
-0.0179497
-0.0164993
-0.0150615
-0.0136431
-0.0122509
-0.0108919
-0.00957283
-0.00830028
-0.00708014
-0.00591743
-0.00481581
-0.00377732
-0.00280198
-0.0018879
-0.0010318
-0.000230381
0.000518065
0.00118432
0.00180188
0.00223351
0.00236615
0.00212872
0.00158093
0.000930876
0.000258323
-0.0126922
-0.0126839
-0.0126738
-0.0126591
-0.0126336
-0.0125872
-0.0125065
-0.0123775
-0.0121876
-0.0119296
-0.0116025
-0.0112126
-0.0107721
-0.0102983
-0.00981126
-0.00933249
-0.00888304
-0.00848254
-0.00814835
-0.00789514
-0.00773468
-0.00767585
-0.00772479
-0.00788506
-0.00815793
-0.00854262
-0.00903661
-0.00963586
-0.0103351
-0.011128
-0.0120076
-0.0129661
-0.0139956
-0.0150876
-0.016234
-0.0174263
-0.0186562
-0.0199159
-0.0211975
-0.0224938
-0.0237978
-0.0251029
-0.026403
-0.0276925
-0.0289661
-0.0302191
-0.0314469
-0.0326458
-0.0338121
-0.0349424
-0.0360341
-0.0370843
-0.0380909
-0.0390518
-0.0399651
-0.0408293
-0.0416429
-0.0424047
-0.0431136
-0.0437687
-0.0443691
-0.0449141
-0.0454031
-0.0458355
-0.0462108
-0.0465288
-0.0467889
-0.046991
-0.0471347
-0.0472199
-0.0472464
-0.0472141
-0.0471228
-0.0469724
-0.0467627
-0.0465006
-0.0461812
-0.0458044
-0.0453701
-0.0448786
-0.0443302
-0.0437253
-0.0430643
-0.0423477
-0.0415762
-0.0407503
-0.039871
-0.0389391
-0.0379557
-0.036922
-0.0358393
-0.0347092
-0.0335334
-0.0323138
-0.0310527
-0.0297525
-0.0284159
-0.0270459
-0.0256458
-0.0242193
-0.0227703
-0.0213033
-0.0198229
-0.0183342
-0.0168427
-0.0153542
-0.0138747
-0.0124106
-0.0109684
-0.00955452
-0.00817548
-0.00683734
-0.00554558
-0.00430476
-0.00311813
-0.00198721
-0.000911556
0.000111224
0.00108465
0.00201146
0.00289012
0.00370139
0.0044782
0.00506671
0.00532091
0.00512623
0.00451989
0.00374903
0.00298056
-0.0125169
-0.012514
-0.0125114
-0.0125049
-0.0124858
-0.012441
-0.0123546
-0.0122108
-0.0119944
-0.0116976
-0.0113193
-0.0108663
-0.0103524
-0.00979674
-0.00922162
-0.00865077
-0.00810755
-0.00761366
-0.00718832
-0.00684773
-0.00660492
-0.00646974
-0.00644899
-0.00654669
-0.00676433
-0.00710118
-0.00755461
-0.00812039
-0.00879294
-0.00956563
-0.010431
-0.0113811
-0.0124073
-0.013501
-0.0146534
-0.0158557
-0.0170993
-0.0183759
-0.0196774
-0.020996
-0.0223246
-0.0236561
-0.0249842
-0.0263029
-0.0276067
-0.0288906
-0.0301499
-0.0313804
-0.0325784
-0.0337405
-0.0348634
-0.0359446
-0.0369815
-0.037972
-0.0389141
-0.0398062
-0.0406468
-0.0414344
-0.0421681
-0.0428468
-0.0434696
-0.0440359
-0.0445448
-0.044996
-0.0453888
-0.045723
-0.0459981
-0.0462139
-0.0463702
-0.0464667
-0.0465033
-0.0464799
-0.0463964
-0.0462527
-0.0460487
-0.0457876
-0.0454716
-0.0450967
-0.0446634
-0.044172
-0.0436227
-0.0430159
-0.0423522
-0.0416319
-0.0408559
-0.0400246
-0.0391391
-0.0382001
-0.0372087
-0.0361661
-0.0350737
-0.033933
-0.0327455
-0.0315134
-0.0302385
-0.0289234
-0.0275705
-0.0261828
-0.0247633
-0.0233157
-0.0218436
-0.0203511
-0.0188426
-0.017323
-0.0157972
-0.0142706
-0.0127488
-0.0112377
-0.0097432
-0.0082712
-0.00682751
-0.00541755
-0.00404613
-0.00271704
-0.00143273
-0.000193855
0.00100099
0.00215517
0.003273
0.00435725
0.00540412
0.00639515
0.00738112
0.00818016
0.00861538
0.0085124
0.0078682
0.00696496
0.0060867
-0.0123391
-0.0123433
-0.012351
-0.0123551
-0.0123432
-0.0122985
-0.0122026
-0.0120412
-0.0117937
-0.0114541
-0.0110212
-0.0105023
-0.00991293
-0.00927405
-0.00861017
-0.00794724
-0.00731076
-0.00672441
-0.00620915
-0.00578266
-0.00545915
-0.00524939
-0.00516084
-0.00519791
-0.0053623
-0.0056533
-0.00606816
-0.00660239
-0.00725012
-0.00800435
-0.00885723
-0.0098003
-0.0108247
-0.0119212
-0.0130807
-0.014294
-0.0155522
-0.0168464
-0.0181683
-0.0195097
-0.0208631
-0.0222213
-0.0235776
-0.0249257
-0.0262598
-0.0275747
-0.0288655
-0.0301278
-0.0313576
-0.0325513
-0.0337056
-0.0348177
-0.035885
-0.0369052
-0.0378762
-0.0387963
-0.0396639
-0.0404777
-0.0412363
-0.0419388
-0.0425843
-0.0431721
-0.0437013
-0.0441715
-0.0445822
-0.044933
-0.0452236
-0.0454536
-0.0456229
-0.0457313
-0.0457786
-0.0457648
-0.0456898
-0.0455536
-0.0453563
-0.0450982
-0.0447853
-0.0444133
-0.0439819
-0.0434915
-0.0429424
-0.042335
-0.0416698
-0.0409473
-0.0401681
-0.039333
-0.0384428
-0.0374984
-0.0365008
-0.0354513
-0.0343511
-0.0332016
-0.0320047
-0.030762
-0.0294755
-0.0281476
-0.0267807
-0.0253775
-0.0239409
-0.0224742
-0.0209809
-0.0194648
-0.0179298
-0.0163804
-0.0148211
-0.0132567
-0.0116923
-0.0101331
-0.00858409
-0.00705057
-0.00553739
-0.00404904
-0.00258925
-0.00116067
0.000235523
0.00160013
0.00293617
0.00424878
0.00554412
0.00682652
0.00809295
0.00932434
0.0105408
0.0116338
0.012335
0.0123996
0.0117624
0.0107289
0.00973091
-0.0121541
-0.0121683
-0.0121885
-0.0122052
-0.0122032
-0.0121618
-0.0120574
-0.0118654
-0.0115783
-0.0111917
-0.0107008
-0.0101135
-0.009447
-0.00872442
-0.00797206
-0.00721805
-0.00648991
-0.00581316
-0.00521032
-0.00470044
-0.00429888
-0.00401724
-0.0038636
-0.00384277
-0.00395661
-0.0042044
-0.00458322
-0.00508833
-0.00571353
-0.00645141
-0.00729373
-0.00823157
-0.00925564
-0.0103564
-0.0115242
-0.0127496
-0.014023
-0.0153356
-0.0166784
-0.018043
-0.0194216
-0.0208067
-0.0221913
-0.0235688
-0.0249332
-0.0262791
-0.0276013
-0.0288952
-0.0301567
-0.0313819
-0.0325675
-0.0337104
-0.034808
-0.0358578
-0.0368576
-0.0378057
-0.0387004
-0.0395401
-0.0403238
-0.0410502
-0.0417185
-0.0423279
-0.0428776
-0.0433671
-0.043796
-0.0441637
-0.04447
-0.0447147
-0.0448975
-0.0450182
-0.0450768
-0.0450732
-0.0450074
-0.0448795
-0.0446894
-0.0444371
-0.0441264
-0.0437584
-0.04333
-0.0428418
-0.042294
-0.0416872
-0.0410218
-0.0402984
-0.0395176
-0.0386802
-0.037787
-0.036839
-0.0358371
-0.0347825
-0.0336765
-0.0325205
-0.0313162
-0.0300652
-0.0287695
-0.0274312
-0.0260526
-0.0246362
-0.0231848
-0.0217013
-0.0201889
-0.018651
-0.0170913
-0.0155135
-0.0139218
-0.0123201
-0.0107129
-0.00910445
-0.00749896
-0.00590056
-0.00431295
-0.00273928
-0.00118181
0.000358494
0.00188239
0.00339288
0.0048955
0.00639827
0.00791044
0.0094395
0.0109856
0.0125356
0.0140223
0.0155098
0.0165866
0.0169281
0.0163775
0.0152403
0.0141211
-0.0119575
-0.0119859
-0.0120217
-0.0120522
-0.0120589
-0.012018
-0.0119034
-0.0116908
-0.0113644
-0.0109129
-0.0103503
-0.00969252
-0.0089483
-0.00814276
-0.00730318
-0.00646024
-0.00564325
-0.00487929
-0.00419232
-0.00360265
-0.00312665
-0.00277673
-0.00256158
-0.00248633
-0.002553
-0.00276082
-0.0031067
-0.0035856
-0.00419094
-0.00491493
-0.00574888
-0.00668348
-0.00770898
-0.00881543
-0.00999282
-0.0112312
-0.0125209
-0.0138524
-0.0152166
-0.0166048
-0.0180089
-0.0194209
-0.0208337
-0.0222406
-0.0236352
-0.0250118
-0.0263651
-0.0276904
-0.0289832
-0.0302397
-0.0314562
-0.0326297
-0.0337572
-0.0348363
-0.0358648
-0.0368406
-0.0377621
-0.0386278
-0.0394364
-0.0401867
-0.0408777
-0.0415088
-0.042079
-0.042588
-0.0430351
-0.04342
-0.0437424
-0.044002
-0.0441986
-0.0443321
-0.0444025
-0.0444096
-0.0443537
-0.0442346
-0.0440526
-0.0438079
-0.0435007
-0.0431367
-0.0427122
-0.0422271
-0.0416819
-0.0410769
-0.0404126
-0.0396898
-0.0389089
-0.0380709
-0.0371764
-0.0362265
-0.0352221
-0.0341645
-0.0330548
-0.0318944
-0.0306849
-0.0294279
-0.0281253
-0.026779
-0.0253911
-0.023964
-0.0225002
-0.0210022
-0.019473
-0.0179155
-0.0163329
-0.0147283
-0.0131052
-0.011467
-0.00981695
-0.00815843
-0.00649451
-0.00482791
-0.00316084
-0.00149468
0.000170358
0.00183565
0.0035047
0.00518371
0.00688197
0.00861177
0.010387
0.0122196
0.0141116
0.0160429
0.0179494
0.0199138
0.0214983
0.0222675
0.0219308
0.020754
0.0195268
-0.0117462
-0.0117955
-0.0118505
-0.0118961
-0.0119106
-0.0118673
-0.0117378
-0.0114973
-0.0111286
-0.0106244
-0.00999129
-0.00924137
-0.00841082
-0.00752556
-0.00660075
-0.00567233
-0.00477053
-0.00392372
-0.00315716
-0.00249226
-0.00194634
-0.00153259
-0.00126024
-0.00113477
-0.0011583
-0.00132998
-0.0016465
-0.00210251
-0.00269103
-0.00340387
-0.0042319
-0.00516538
-0.00619414
-0.00730784
-0.00849609
-0.00974858
-0.0110553
-0.0124063
-0.0137924
-0.0152044
-0.0166339
-0.0180729
-0.0195139
-0.0209498
-0.0223742
-0.0237812
-0.0251652
-0.0265214
-0.0278451
-0.0291323
-0.0303792
-0.0315827
-0.0327398
-0.0338478
-0.0349044
-0.0359076
-0.0368557
-0.0377469
-0.0385801
-0.0393541
-0.0400677
-0.0407203
-0.0413111
-0.0418394
-0.0423049
-0.042707
-0.0430456
-0.0433203
-0.0435311
-0.0436777
-0.0437603
-0.0437787
-0.0437331
-0.0436236
-0.0434503
-0.0432136
-0.0429138
-0.0425521
-0.0421327
-0.0416519
-0.0411103
-0.0405084
-0.0398467
-0.0391258
-0.0383464
-0.0375092
-0.0366152
-0.0356652
-0.0346603
-0.0336015
-0.0324902
-0.0313275
-0.0301151
-0.0288544
-0.0275472
-0.0261952
-0.0248005
-0.0233651
-0.0218911
-0.0203811
-0.0188373
-0.0172623
-0.0156586
-0.014029
-0.0123759
-0.0107018
-0.00900907
-0.0072998
-0.00557563
-0.00383763
-0.00208605
-0.000319978
0.00146304
0.00326756
0.00510089
0.00697371
0.00890064
0.0109002
0.0129932
0.0151986
0.0175246
0.0199531
0.0224179
0.0249265
0.0272122
0.0286157
0.0286826
0.0275843
0.026285
-0.011519
-0.0115985
-0.0116777
-0.0117402
-0.0117616
-0.0117122
-0.0115625
-0.0112873
-0.0108703
-0.010306
-0.00960144
-0.008774
-0.00785244
-0.00687288
-0.00586338
-0.00485496
-0.00387363
-0.00294939
-0.0021087
-0.00137398
-0.000763426
-0.000290981
3.35892e-05
0.00020448
0.000219501
7.96137e-05
-0.000211594
-0.000648407
-0.00122345
-0.0019281
-0.00275279
-0.00368738
-0.0047213
-0.00584382
-0.00704419
-0.00831177
-0.00963616
-0.0110073
-0.0124155
-0.0138514
-0.0153064
-0.0167721
-0.0182409
-0.0197054
-0.0211592
-0.0225959
-0.0240101
-0.0253964
-0.0267503
-0.0280676
-0.0293443
-0.0305772
-0.0317631
-0.0328993
-0.0339835
-0.0350135
-0.0359875
-0.0369039
-0.0377613
-0.0385585
-0.0392944
-0.0399682
-0.0405793
-0.0411269
-0.0416105
-0.0420299
-0.0423847
-0.0426747
-0.0428998
-0.0430598
-0.0431548
-0.0431849
-0.0431501
-0.0430506
-0.0428867
-0.0426587
-0.0423669
-0.0420118
-0.0415957
-0.0411203
-0.0405835
-0.0399858
-0.0393278
-0.0386102
-0.0378337
-0.036999
-0.036107
-0.0351587
-0.034155
-0.033097
-0.031986
-0.0308231
-0.0296098
-0.0283476
-0.027038
-0.0256826
-0.0242833
-0.0228418
-0.0213601
-0.0198402
-0.018284
-0.0166935
-0.0150708
-0.0134176
-0.0117358
-0.0100267
-0.00829158
-0.00653097
-0.00474487
-0.00293232
-0.00109116
0.000782401
0.00269429
0.00465327
0.00667168
0.00876635
0.0109593
0.0132776
0.0157521
0.0184125
0.0212772
0.0243367
0.0275327
0.0307009
0.0339087
0.0362047
0.036937
0.0361051
0.0348017
-0.0112801
-0.0114022
-0.0115121
-0.0115936
-0.0116203
-0.0115606
-0.0113842
-0.0110668
-0.0105939
-0.00996259
-0.00918236
-0.00827359
-0.00726641
-0.00619647
-0.0051
-0.00401214
-0.00295728
-0.00196171
-0.00105304
-0.000254543
0.000414798
0.000940306
0.00131163
0.00152264
0.00157114
0.00145828
0.00118799
0.000766379
0.000201262
-0.000498302
-0.00132235
-0.00226032
-0.00330128
-0.00443413
-0.00564781
-0.00693136
-0.00827409
-0.00966564
-0.0110961
-0.0125559
-0.014036
-0.0155281
-0.0170242
-0.0185168
-0.0199992
-0.021465
-0.0229083
-0.0243241
-0.0257073
-0.0270536
-0.0283592
-0.0296205
-0.0308344
-0.031998
-0.0331089
-0.034165
-0.0351642
-0.0361051
-0.036986
-0.0378059
-0.0385636
-0.0392583
-0.0398892
-0.0404557
-0.0409574
-0.0413939
-0.0417648
-0.0420701
-0.0423095
-0.042483
-0.0425908
-0.0426327
-0.0426091
-0.04252
-0.0423659
-0.0421471
-0.0418639
-0.041517
-0.041107
-0.0406357
-0.0401047
-0.0395124
-0.0388593
-0.0381463
-0.0373739
-0.0365431
-0.0356546
-0.0347095
-0.0337086
-0.0326531
-0.0315441
-0.0303829
-0.0291707
-0.0279089
-0.0265989
-0.0252422
-0.0238403
-0.0223948
-0.0209074
-0.0193796
-0.0178129
-0.0162089
-0.0145688
-0.0128937
-0.0111844
-0.00944118
-0.00766387
-0.00585142
-0.00400178
-0.0021116
-0.00017579
0.00181303
0.00386518
0.00599479
0.00822083
0.0105682
0.0130689
0.0157618
0.0186915
0.0219025
0.0254278
0.0292674
0.0333538
0.037494
0.0418007
0.045295
0.0470394
0.0467491
0.0455522
-0.0110426
-0.0112243
-0.0113726
-0.0114747
-0.0115041
-0.0114279
-0.0112163
-0.0108471
-0.0103091
-0.00960286
-0.00874118
-0.00774731
-0.0066532
-0.00549599
-0.0043148
-0.00314932
-0.00202973
-0.000969151
1.03429e-06
0.000856962
0.00157902
0.00215173
0.00256405
0.00280955
0.00288609
0.00279516
0.00254112
0.00213054
0.00157168
0.000874031
4.79526e-05
-0.000895619
-0.00194541
-0.00309002
-0.00431806
-0.0056183
-0.0069798
-0.00839196
-0.00984458
-0.011328
-0.0128329
-0.0143508
-0.0158734
-0.0173932
-0.0189033
-0.0203971
-0.0218687
-0.0233126
-0.024724
-0.0260984
-0.0274317
-0.0287204
-0.0299611
-0.031151
-0.0322877
-0.0333688
-0.0343924
-0.0353568
-0.0362605
-0.0371023
-0.0378811
-0.038596
-0.0392463
-0.0398313
-0.0403506
-0.0408038
-0.0411907
-0.041511
-0.0417647
-0.0419517
-0.0420722
-0.0421262
-0.0421139
-0.0420356
-0.0418916
-0.0416824
-0.0414083
-0.04107
-0.040668
-0.0402033
-0.0396767
-0.0390905
-0.0384432
-0.0377359
-0.0369688
-0.036143
-0.0352593
-0.0343186
-0.033322
-0.0322704
-0.031165
-0.0300069
-0.0287974
-0.0275376
-0.0262288
-0.0248725
-0.0234698
-0.0220221
-0.0205306
-0.0189966
-0.0174212
-0.0158052
-0.0141492
-0.0124535
-0.0107179
-0.00894129
-0.00712203
-0.0052572
-0.00334245
-0.00137157
0.000664043
0.00277612
0.00498042
0.00729785
0.00975584
0.0123898
0.0152447
0.0183749
0.0218436
0.025716
0.0300462
0.0348539
0.0400888
0.0455964
0.0509888
0.0561628
0.0593762
0.0600075
0.0590831
-0.0108347
-0.0110991
-0.0112943
-0.0114175
-0.0114437
-0.0113409
-0.0110814
-0.0106473
-0.010032
-0.00924077
-0.00829025
-0.00720669
-0.00602403
-0.00478087
-0.00351765
-0.00227444
-0.00108829
1.60377e-05
0.0010416
0.00194879
0.00271771
0.00333195
0.00377949
0.00405363
0.00415255
0.00407825
0.00383566
0.00343186
0.0028756
0.00217677
0.00134608
0.000394828
-0.000665431
-0.00182301
-0.00306625
-0.00438371
-0.0057642
-0.00719691
-0.00867145
-0.0101779
-0.011707
-0.0132498
-0.014798
-0.016344
-0.0178805
-0.0194011
-0.0208996
-0.0223705
-0.0238087
-0.0252097
-0.0265694
-0.027884
-0.0291503
-0.0303653
-0.0315264
-0.0326313
-0.0336781
-0.034665
-0.0355905
-0.0364532
-0.0372522
-0.0379866
-0.0386555
-0.0392583
-0.0397947
-0.0402642
-0.0406665
-0.0410016
-0.0412693
-0.0414697
-0.0416028
-0.0416688
-0.041668
-0.0416005
-0.0414668
-0.0412673
-0.0410025
-0.040673
-0.0402795
-0.0398226
-0.0393032
-0.0387216
-0.0380799
-0.0373795
-0.0366183
-0.0357985
-0.0349204
-0.0339852
-0.0329939
-0.0319473
-0.0308465
-0.0296928
-0.028487
-0.0272305
-0.0259243
-0.0245696
-0.0231674
-0.0217187
-0.0202246
-0.0186857
-0.0171028
-0.0154761
-0.0138054
-0.0120902
-0.0103291
-0.00851966
-0.00665855
-0.0047407
-0.00275915
-0.000704403
0.00143631
0.00367996
0.0060489
0.0085724
0.0112885
0.0142458
0.0175058
0.0211432
0.0252451
0.0299042
0.0352038
0.0411895
0.0478247
0.0549251
0.0620555
0.0692049
0.0743932
0.0764407
0.0760244
-0.0107117
-0.0110888
-0.0113391
-0.011479
-0.0114892
-0.0113416
-0.0110142
-0.0104958
-0.00978629
-0.00889667
-0.0078476
-0.00666825
-0.00539431
-0.00406546
-0.00272272
-0.00140616
-0.000152653
0.00100539
0.00205268
0.003006
0.00381693
0.00446785
0.00494509
0.00524199
0.00535749
0.00529445
0.00505853
0.00465739
0.00410023
0.00339731
0.00255969
0.00159891
0.000526812
-0.000644684
-0.00190372
-0.00323863
-0.00463805
-0.00609098
-0.00758687
-0.00911567
-0.0106679
-0.0122345
-0.0138071
-0.0153778
-0.0169395
-0.0184853
-0.0200092
-0.0215054
-0.0229688
-0.0243948
-0.0257793
-0.0271183
-0.0284085
-0.029647
-0.0308311
-0.0319585
-0.0330271
-0.0340351
-0.0349811
-0.0358636
-0.0366818
-0.0374345
-0.0381211
-0.0387409
-0.0392935
-0.0397786
-0.0401958
-0.0405451
-0.0408264
-0.0410397
-0.0411851
-0.0412629
-0.0412732
-0.0412165
-0.041093
-0.0409033
-0.0406479
-0.0403273
-0.0399422
-0.0394934
-0.0389816
-0.0384075
-0.0377722
-0.0370751
-0.0363198
-0.0355069
-0.034635
-0.0337057
-0.0327205
-0.0316794
-0.0305839
-0.0294353
-0.0282341
-0.0269817
-0.0256788
-0.0243266
-0.0229257
-0.021477
-0.0199811
-0.0184382
-0.0168487
-0.0152121
-0.0135276
-0.0117936
-0.0100075
-0.00816553
-0.00626239
-0.00429068
-0.00224046
-9.84276e-05
0.002153
0.00453697
0.00708372
0.00983264
0.0128346
0.0161547
0.0198749
0.0240954
0.0289339
0.0345188
0.0409725
0.0483794
0.0567343
0.0658729
0.0754065
0.0845529
0.092552
0.0966949
0.0971211
-0.0107753
-0.011303
-0.0116111
-0.0117505
-0.011716
-0.0114904
-0.0110625
-0.010431
-0.00960379
-0.00859772
-0.00743729
-0.00615388
-0.00478436
-0.00336883
-0.00194827
-0.000562242
0.000753208
0.0019667
0.00305155
0.00400925
0.00485989
0.00554469
0.00604663
0.0063604
0.00648671
0.00642974
0.00619599
0.00579371
0.00523251
0.00452299
0.00367646
0.0027047
0.00161976
0.000433745
-0.000841307
-0.00219357
-0.00361151
-0.00508401
-0.00660036
-0.00815039
-0.00972446
-0.0113135
-0.0129089
-0.0145028
-0.0160878
-0.0176571
-0.0192044
-0.0207241
-0.0222109
-0.02366
-0.0250673
-0.0264288
-0.0277412
-0.0290014
-0.0302067
-0.0313548
-0.0324435
-0.0334711
-0.0344361
-0.0353371
-0.0361729
-0.0369428
-0.0376458
-0.0382815
-0.0388494
-0.039349
-0.0397803
-0.040143
-0.0404371
-0.0406627
-0.0408199
-0.0409089
-0.04093
-0.0408836
-0.04077
-0.0405898
-0.0403434
-0.0400315
-0.0396548
-0.039214
-0.0387097
-0.0381429
-0.0375142
-0.0368243
-0.0360746
-0.0352646
-0.0343971
-0.0334731
-0.0324952
-0.0314596
-0.0303694
-0.0292264
-0.0280302
-0.026782
-0.0254831
-0.0241338
-0.0227348
-0.0212865
-0.0197892
-0.0182428
-0.0166471
-0.0150011
-0.0133031
-0.0115507
-0.00973984
-0.0078653
-0.00591964
-0.00389291
-0.0017718
0.000461284
0.00282946
0.00536302
0.00810146
0.0110961
0.0144131
0.0181373
0.0223754
0.0272586
0.0329428
0.0396015
0.0474083
0.0565012
0.0669224
0.0785295
0.0908808
0.103072
0.114523
0.121574
0.123307
-0.0112079
-0.0119292
-0.0122771
-0.012368
-0.0122292
-0.0118665
-0.0112864
-0.0104999
-0.00952295
-0.00837714
-0.00708919
-0.00569101
-0.0042196
-0.00271475
-0.00121672
0.000235864
0.00160832
0.00287123
0.00400023
0.00497296
0.00582615
0.00654696
0.00706884
0.00739356
0.00752522
0.00746964
0.00723417
0.00682759
0.00625984
0.00554177
0.00468491
0.00370123
0.00260294
0.00140228
0.000111431
-0.00125765
-0.00269331
-0.00418431
-0.00571985
-0.00728964
-0.00888395
-0.0104936
-0.0121099
-0.013725
-0.0153313
-0.0169219
-0.0184906
-0.0200315
-0.0215394
-0.0230094
-0.0244373
-0.0258192
-0.0271516
-0.0284314
-0.0296559
-0.0308227
-0.0319296
-0.032975
-0.0339571
-0.0348748
-0.0357267
-0.0365121
-0.0372302
-0.0378804
-0.0384621
-0.0389751
-0.0394192
-0.0397942
-0.0401002
-0.0403371
-0.0405052
-0.0406047
-0.0406358
-0.040599
-0.0404947
-0.0403233
-0.0400855
-0.0397819
-0.039413
-0.0389797
-0.0384827
-0.0379227
-0.0373006
-0.0366172
-0.0358733
-0.0350697
-0.0342077
-0.033288
-0.0323094
-0.0312775
-0.0301919
-0.0290559
-0.0278642
-0.0266202
-0.0253255
-0.0239794
-0.0225825
-0.0211348
-0.0196362
-0.0180864
-0.0164846
-0.0148293
-0.013118
-0.011347
-0.00951133
-0.00760379
-0.00561479
-0.0035315
-0.00133691
0.000991354
0.00348268
0.00617548
0.00911983
0.0123807
0.0160421
0.0202115
0.0250247
0.0306495
0.0372873
0.0451668
0.0545274
0.0655804
0.0784437
0.0930384
0.108958
0.125337
0.140569
0.152041
0.155837
-0.0123379
-0.013283
-0.0135906
-0.0135155
-0.0131554
-0.0125565
-0.0117475
-0.0107495
-0.00958294
-0.00827007
-0.00683636
-0.00531086
-0.00372952
-0.00213098
-0.000554091
0.000963526
0.00238869
0.00369471
0.00486284
0.00586833
0.00671411
0.00746234
0.00799617
0.00832573
0.00845811
0.00840032
0.00816033
0.00774728
0.00717136
0.00644364
0.0055758
0.00457996
0.00346844
0.00225362
0.000947773
-0.000437048
-0.0018891
-0.00339706
-0.00495005
-0.0065377
-0.00815019
-0.00977827
-0.0114133
-0.0130471
-0.0146722
-0.0162817
-0.0178692
-0.0194288
-0.0209553
-0.0224437
-0.0238898
-0.0252895
-0.0266394
-0.0279364
-0.0291778
-0.030361
-0.031484
-0.0325449
-0.0335422
-0.0344745
-0.0353407
-0.0361398
-0.0368711
-0.0375341
-0.0381281
-0.038653
-0.0391085
-0.0394945
-0.039811
-0.0400581
-0.040236
-0.0403448
-0.040385
-0.0403568
-0.0402609
-0.0400975
-0.0398675
-0.0395713
-0.0392096
-0.0387832
-0.0382928
-0.0377392
-0.0371232
-0.0364456
-0.0357073
-0.0349092
-0.0340522
-0.0331372
-0.0321646
-0.0311367
-0.0300536
-0.0289135
-0.0277233
-0.0264825
-0.0251939
-0.0238507
-0.0224562
-0.0210092
-0.0195093
-0.0179558
-0.0163478
-0.0146829
-0.0129581
-0.0111684
-0.00930749
-0.0073663
-0.00533289
-0.00319132
-0.000920544
0.0015071
0.00412787
0.00698918
0.0101528
0.0136989
0.0177313
0.0223827
0.0278213
0.0342565
0.0419414
0.0511701
0.0622624
0.0755272
0.0911947
0.109303
0.129534
0.150997
0.171879
0.189595
0.196581
-0.0147748
-0.015882
-0.0158952
-0.0153911
-0.0145995
-0.0136136
-0.0124751
-0.0112007
-0.00980305
-0.00829786
-0.0067038
-0.00503955
-0.0033407
-0.00164412
1.40805e-05
0.00159631
0.00307026
0.00441028
0.00561629
0.00664708
0.00752984
0.00827806
0.00881336
0.00914286
0.00927311
0.00921123
0.00896542
0.00854507
0.00796057
0.00722316
0.00634466
0.0053373
0.00421351
0.00298575
0.00166638
0.000267521
-0.00119902
-0.00272184
-0.00429002
-0.00589314
-0.00752131
-0.00916525
-0.0108162
-0.0124661
-0.0141073
-0.0157328
-0.0173363
-0.0189118
-0.0204541
-0.0219581
-0.0234195
-0.0248344
-0.0261993
-0.0275109
-0.0287665
-0.0299637
-0.0311003
-0.0321745
-0.0331847
-0.0341295
-0.0350078
-0.0358187
-0.0365615
-0.0372354
-0.03784
-0.0383752
-0.0388405
-0.039236
-0.0395616
-0.0398175
-0.0400039
-0.0401209
-0.0401689
-0.0401484
-0.0400597
-0.0399034
-0.0396802
-0.0393905
-0.0390352
-0.0386148
-0.0381303
-0.0375824
-0.0369718
-0.0362995
-0.0355663
-0.0347731
-0.0339207
-0.0330101
-0.0320421
-0.0310179
-0.0299381
-0.0288033
-0.0276155
-0.0263747
-0.0250787
-0.0237353
-0.0223451
-0.0208991
-0.0193974
-0.01784
-0.0162253
-0.0145507
-0.0128121
-0.0110036
-0.00911705
-0.00714173
-0.00506309
-0.00286192
-0.000512872
0.00201732
0.00477224
0.00780885
0.0112014
0.0150461
0.0194676
0.0246253
0.0307219
0.0380103
0.0468001
0.0574576
0.0703964
0.0860488
0.104805
0.126907
0.152275
0.18026
0.209244
0.235445
0.248444
-0.019744
-0.0205198
-0.0195186
-0.0180576
-0.0165057
-0.0149437
-0.0133783
-0.0117785
-0.0101267
-0.00842176
-0.00667189
-0.0048659
-0.00305001
-0.00125815
0.000480221
0.0021238
0.00364151
0.00499299
0.00625125
0.00733319
0.0082423
0.00897724
0.00951021
0.00983847
0.00996623
0.00990028
0.00964897
0.00922189
0.00862964
0.00788362
0.00699578
0.00597846
0.00484417
0.00360545
0.0022747
0.000864111
-0.000614469
-0.0021496
-0.00373032
-0.00534616
-0.00698721
-0.00864414
-0.0103082
-0.0119712
-0.0136255
-0.0152642
-0.0168808
-0.0184694
-0.0200245
-0.0215414
-0.0230155
-0.0244428
-0.02582
-0.0271436
-0.0284111
-0.0296199
-0.0307678
-0.0318531
-0.032874
-0.0338293
-0.0347178
-0.0355386
-0.0362909
-0.036974
-0.0375877
-0.0381315
-0.0386052
-0.0390088
-0.0393422
-0.0396057
-0.0397993
-0.0399233
-0.0399782
-0.0399642
-0.0398819
-0.0397318
-0.0395144
-0.0392305
-0.0388807
-0.0384658
-0.0379865
-0.0374436
-0.0368379
-0.0361704
-0.0354418
-0.034653
-0.0338049
-0.0328983
-0.0319342
-0.0309136
-0.0298371
-0.0287058
-0.0275205
-0.0262817
-0.0249897
-0.0236459
-0.022247
-0.0207992
-0.0192945
-0.0177326
-0.0161112
-0.014427
-0.0126749
-0.0108478
-0.00893617
-0.00692719
-0.00480381
-0.0025435
-0.000116588
0.00251587
0.00540483
0.00861679
0.0122383
0.0163817
0.0211918
0.0268542
0.0336048
0.0417393
0.0516229
0.0636958
0.0784729
0.0965301
0.118468
0.144839
0.176023
0.212003
0.25188
0.291941
0.316954
-0.0301192
-0.0280963
-0.0242604
-0.0209913
-0.0183188
-0.0160529
-0.0140584
-0.0121644
-0.0102988
-0.00843691
-0.00658918
-0.0046569
-0.0027521
-0.00089382
0.00089151
0.00258284
0.00414339
0.00555332
0.00682051
0.00791604
0.00883525
0.00956951
0.010102
0.0104291
0.0105546
0.0104849
0.0102288
0.00979587
0.00919706
0.00844386
0.00754833
0.00652289
0.00538011
0.00413257
0.00279272
0.00137278
-0.000115398
-0.00166033
-0.00325103
-0.00487702
-0.00652836
-0.0081957
-0.00987025
-0.0115438
-0.0132088
-0.0148581
-0.0164854
-0.0180845
-0.0196502
-0.0211776
-0.0226621
-0.0240998
-0.0254871
-0.0268208
-0.0280981
-0.0293166
-0.030474
-0.0315686
-0.0325986
-0.0335628
-0.03446
-0.0352891
-0.0360496
-0.0367408
-0.0373622
-0.0379134
-0.0383945
-0.0388051
-0.0391454
-0.0394155
-0.0396155
-0.0397458
-0.0398067
-0.0397986
-0.0397219
-0.0395773
-0.0393654
-0.0390867
-0.0387419
-0.0383319
-0.0378574
-0.0373191
-0.036718
-0.0360549
-0.0353307
-0.0345461
-0.033702
-0.0327992
-0.0318388
-0.0308215
-0.0297484
-0.02862
-0.0274373
-0.0262007
-0.0249112
-0.0235689
-0.0221685
-0.0207121
-0.019203
-0.0176366
-0.0160092
-0.0143164
-0.0125522
-0.0107083
-0.00877385
-0.00673414
-0.00456977
-0.00225513
0.000243445
0.00297008
0.00598243
0.00935561
0.0131872
0.0176035
0.0227671
0.0288859
0.0362243
0.0451144
0.0559693
0.0692953
0.0857036
0.105919
0.130787
0.161279
0.198506
0.243746
0.298251
0.360639
0.411117
-0.0539098
-0.0375895
-0.0275651
-0.0219573
-0.0183373
-0.0158038
-0.0136135
-0.0116137
-0.00969364
-0.00780228
-0.00591395
-0.00399828
-0.00210109
-0.000249497
0.00153011
0.00321236
0.00476651
0.00617483
0.00743097
0.00851703
0.00942518
0.0101459
0.0106673
0.0109852
0.0111022
0.0110243
0.01076
0.0103189
0.00971192
0.00895054
0.00804681
0.00701314
0.00586207
0.00460616
0.00325784
0.00182932
0.000332443
-0.00122132
-0.00282097
-0.00445603
-0.00611657
-0.0077932
-0.00947713
-0.0111602
-0.0128346
-0.0144935
-0.0161303
-0.0177391
-0.0193143
-0.0208511
-0.0223451
-0.0237921
-0.0251887
-0.0265315
-0.0278179
-0.0290452
-0.0302113
-0.0313144
-0.0323528
-0.0333252
-0.0342303
-0.0350673
-0.0358354
-0.036534
-0.0371625
-0.0377208
-0.0382086
-0.0386259
-0.0389726
-0.0392489
-0.039455
-0.0395912
-0.0396578
-0.0396552
-0.039584
-0.0394447
-0.0392378
-0.0389641
-0.0386242
-0.0382188
-0.0377488
-0.037215
-0.0366182
-0.0359594
-0.03524
-0.0344594
-0.0336191
-0.03272
-0.0317631
-0.0307492
-0.0296791
-0.0285536
-0.0273733
-0.0261384
-0.0248481
-0.023502
-0.0221022
-0.0206472
-0.0191367
-0.0175676
-0.0159361
-0.0142372
-0.0124641
-0.0106077
-0.00865611
-0.00659314
-0.00439761
-0.00204155
0.000511742
0.00331026
0.00641664
0.00991229
0.0139028
0.0185242
0.0239514
0.0304077
0.038176
0.0476127
0.059163
0.0733798
0.0909483
0.112722
0.139786
0.173582
0.216187
0.270909
0.343293
0.440237
0.545896
-0.107191
-0.0366776
-0.0189919
-0.0141186
-0.0122109
-0.0109833
-0.00975807
-0.00844505
-0.00703087
-0.00552304
-0.00393099
-0.00226395
-0.000566807
0.00112137
0.00276571
0.00433398
0.00579465
0.007126
0.0083142
0.009343
0.0102011
0.0108776
0.0113619
0.0116491
0.01174
0.0116394
0.0113548
0.0108954
0.0102715
0.00949445
0.00857596
0.00752823
0.00636367
0.00509468
0.00373361
0.00229255
0.000783323
-0.000782666
-0.00239445
-0.00404156
-0.00571408
-0.00740262
-0.0090984
-0.0107932
-0.0124793
-0.0141498
-0.015798
-0.0174181
-0.0190045
-0.0205523
-0.022057
-0.0235146
-0.0249216
-0.0262746
-0.0275709
-0.0288079
-0.0299835
-0.0310958
-0.0321432
-0.0331243
-0.0340379
-0.0348831
-0.0356591
-0.0363653
-0.0370014
-0.0375669
-0.0380617
-0.0384857
-0.0388389
-0.0391216
-0.0393338
-0.0394758
-0.0395481
-0.0395511
-0.0394852
-0.039351
-0.0391491
-0.0388802
-0.0385449
-0.0381441
-0.0376784
-0.0371488
-0.036556
-0.0359008
-0.0351835
-0.0344064
-0.0335698
-0.0326743
-0.0317209
-0.0307102
-0.0296432
-0.0285205
-0.0273427
-0.0261098
-0.0248218
-0.0234785
-0.0220805
-0.0206271
-0.0191171
-0.0175479
-0.0159156
-0.0142151
-0.0124392
-0.0105786
-0.00862065
-0.00654883
-0.00434112
-0.00196863
0.000606584
0.00343406
0.00657836
0.0101233
0.0141774
0.0188803
0.0244111
0.0309979
0.0389298
0.0485707
0.0603769
0.0749201
0.0929226
0.115319
0.14338
0.178978
0.225182
0.287527
0.376419
0.509953
0.709622
SCALARS velocity_magnitude double 1
LOOKUP_TABLE default
3.13794e-05
5.41444e-05
4.14943e-05
0.000135114
0.000303825
0.000515911
0.000750975
0.000990502
0.00121877
0.00142381
0.00159783
0.00173715
0.0018417
0.00191432
0.00195988
0.0019844
0.00199431
0.00199576
0.00199432
0.00199463
0.00199999
0.00201228
0.0020319
0.00205789
0.00208808
0.00211936
0.0021481
0.00217049
0.00218284
0.00218186
0.00216449
0.002128
0.00207006
0.00198813
0.00188032
0.0017444
0.00157721
0.00137744
0.00114379
0.000874838
0.000573584
0.000270034
0.000292619
0.000686375
0.00116129
0.0016888
0.00226468
0.00288748
0.00355612
0.00426933
0.00502556
0.00582289
0.00665901
0.00753124
0.00843654
0.00937152
0.0103325
0.0113154
0.0123159
0.0133296
0.0143516
0.0153769
0.0164004
0.0174167
0.0184201
0.019405
0.0203654
0.0212951
0.0221877
0.0230366
0.0238347
0.0245749
0.0252493
0.02585
0.0263684
0.026796
0.0271236
0.0273425
0.02745
0.0274482
0.027326
0.0270646
0.0266509
0.0260753
0.0253301
0.0244096
0.0233096
0.0220281
0.0205656
0.0189255
0.0171146
0.0151432
0.0130262
0.0107832
0.00844021
0.00603361
0.00363144
0.00153955
0.00192454
0.00394876
0.00596231
0.00778301
0.00934055
0.0105906
0.0115053
0.012072
0.0122996
0.0122161
0.0118557
0.0112615
0.0104881
0.00958989
0.00861737
0.00761518
0.0066209
0.00566423
0.00476693
0.0039432
0.00320055
0.00254092
0.00196186
0.00145814
0.00102368
0.000654388
0.000352138
0.000132449
6.71094e-05
8.27633e-05
4.86141e-05
1.53817e-05
0.00012244
0.000447441
0.00096305
0.00164976
0.00246434
0.00335136
0.00425393
0.00512098
0.00591169
0.00659757
0.00716278
0.00760315
0.00792424
0.008139
0.00826513
0.00832262
0.0083315
0.00830997
0.00827297
0.00823133
0.0081912
0.00815356
0.00811424
0.00806451
0.00799207
0.00788229
0.00771948
0.00748788
0.00717267
0.0067602
0.00623849
0.00559781
0.0048289
0.00392665
0.00289646
0.00178136
0.000977152
0.00178083
0.00338794
0.00526945
0.00736004
0.0096453
0.0121192
0.0147766
0.0176117
0.0206171
0.0237842
0.0271022
0.0305591
0.0341414
0.0378341
0.0416209
0.0454847
0.0494073
0.0533697
0.0573527
0.0613362
0.0653002
0.0692242
0.0730877
0.0768704
0.0805519
0.0841117
0.0875297
0.0907858
0.0938599
0.0967323
0.099383
0.101792
0.103941
0.105809
0.107378
0.108629
0.109546
0.110116
0.110328
0.11018
0.109641
0.108653
0.107185
0.105225
0.102762
0.0997886
0.0962987
0.0922913
0.0877699
0.0827435
0.0772265
0.0712399
0.0648117
0.0579782
0.0507846
0.0432876
0.0355588
0.0276953
0.0198514
0.012381
0.0068256
0.0082742
0.0142105
0.0204914
0.0262894
0.0313444
0.0355087
0.0386805
0.0408004
0.0418619
0.0419281
0.0411016
0.0394998
0.0372609
0.0345324
0.0314624
0.0281915
0.0248468
0.0215366
0.0183482
0.0153463
0.0125746
0.0100577
0.00780613
0.00582172
0.00410553
0.00266497
0.00151659
0.000677178
0.000144798
8.0993e-05
3.08139e-05
0.000443559
0.00113137
0.00203979
0.00313638
0.00437286
0.0056866
0.00701016
0.00828033
0.00944436
0.0104634
0.0113136
0.0119856
0.0124828
0.0128185
0.0130134
0.0130916
0.0130784
0.0129969
0.0128663
0.0127004
0.0125062
0.0122829
0.0120221
0.0117087
0.0113225
0.01084
0.0102368
0.00948894
0.00857584
0.00748189
0.00620036
0.0047534
0.00325964
0.00229973
0.00316889
0.00537282
0.00814086
0.0112856
0.014759
0.0185405
0.0226167
0.0269751
0.0316016
0.0364804
0.041593
0.0469184
0.0524337
0.0581138
0.0639318
0.0698596
0.0758679
0.0819269
0.0880059
0.0940745
0.100102
0.106058
0.111913
0.117637
0.123202
0.128581
0.133745
0.13867
0.14333
0.1477
0.151758
0.155479
0.158843
0.161827
0.164412
0.166577
0.168304
0.169574
0.170371
0.170681
0.170493
0.169789
0.168514
0.166626
0.164129
0.161023
0.157307
0.15298
0.148045
0.142508
0.136377
0.129668
0.122399
0.114594
0.106284
0.0975075
0.0883117
0.0787538
0.0689056
0.0588594
0.0487406
0.0387389
0.0291901
0.0208299
0.0154918
0.0161816
0.0217658
0.0288372
0.0358609
0.0422284
0.047633
0.0518867
0.0548639
0.0564953
0.0568093
0.0559243
0.0539935
0.051188
0.04769
0.0436847
0.0393513
0.0348556
0.0303441
0.0259399
0.0217405
0.0178185
0.014224
0.0109894
0.00813604
0.00567868
0.00362658
0.00197992
0.000742133
6.81581e-05
0.000115743
0.000926285
0.00201855
0.00330858
0.00474452
0.00627666
0.00784947
0.00940369
0.0108818
0.0122334
0.0134189
0.0144117
0.0151986
0.0157786
0.0161614
0.0163643
0.0164093
0.0163195
0.0161168
0.0158201
0.0154418
0.0149863
0.0144489
0.0138159
0.0130661
0.0121737
0.0111118
0.00985778
0.00840111
0.00676301
0.00507286
0.0038176
0.00417288
0.00636368
0.00952805
0.0132733
0.0174821
0.0221068
0.0271207
0.0325036
0.0382346
0.0442903
0.0506449
0.0572695
0.0641331
0.0712019
0.0784407
0.0858124
0.0932793
0.100803
0.108345
0.115866
0.12333
0.130699
0.137938
0.145012
0.151888
0.158534
0.164922
0.171022
0.176808
0.182254
0.187337
0.192036
0.196328
0.200195
0.203618
0.206579
0.209063
0.211053
0.212536
0.213498
0.213925
0.213806
0.213128
0.211872
0.209993
0.207478
0.204352
0.200623
0.196297
0.191378
0.185874
0.179792
0.173143
0.165941
0.158203
0.14995
0.141209
0.132012
0.122397
0.112413
0.102115
0.0915771
0.0808876
0.0701639
0.0595657
0.0493244
0.0398003
0.0315914
0.0257134
0.0238993
0.026567
0.0320658
0.0384948
0.0448223
0.0505016
0.0551995
0.0586872
0.0608
0.0614994
0.0608851
0.0591067
0.0563372
0.0527633
0.0485765
0.0439653
0.0391081
0.0341672
0.0292847
0.0245791
0.0201453
0.0160543
0.012355
0.00907412
0.00621568
0.00376585
0.00172581
0.00021683
0.000256018
0.00156633
0.00310062
0.00476158
0.00648275
0.00821517
0.0099171
0.0115486
0.0130705
0.0144461
0.0156439
0.0166401
0.0174198
0.0179777
0.0183172
0.0184485
0.0183859
0.0181458
0.0177448
0.0171969
0.01651
0.0156834
0.0147073
0.0135648
0.0122356
0.0107059
0.00898639
0.00716108
0.00555642
0.00505176
0.00655857
0.00960975
0.0135445
0.0181034
0.0231892
0.0287521
0.0347609
0.0411873
0.0480018
0.0551722
0.0626635
0.0704375
0.0784534
0.0866688
0.0950396
0.103521
0.112068
0.120636
0.129181
0.137659
0.14603
0.154254
0.162292
0.170109
0.177672
0.18495
0.191913
0.198535
0.204792
0.210662
0.216124
0.22116
0.225753
0.229888
0.233553
0.236734
0.239421
0.241603
0.243272
0.244419
0.245037
0.245118
0.244655
0.24364
0.242062
0.239896
0.237144
0.233834
0.229975
0.225574
0.220637
0.21517
0.209181
0.202678
0.19567
0.188171
0.180196
0.171766
0.162902
0.153635
0.143999
0.134035
0.123795
0.113339
0.102742
0.0920957
0.0815132
0.0711373
0.061149
0.0517824
0.0433571
0.0363797
0.0317579
0.0305467
0.0327181
0.0370573
0.0423244
0.0476121
0.0523528
0.0561605
0.0587212
0.0598955
0.0597542
0.0584188
0.0560431
0.0528009
0.0488758
0.0444528
0.0397116
0.0348203
0.0299307
0.0251741
0.0206565
0.0164542
0.012608
0.00911894
0.00595415
0.00308112
0.000544896
0.000436196
0.00234632
0.00436621
0.00639494
0.00835942
0.0102158
0.011941
0.0135214
0.0149453
0.016199
0.0172668
0.0181328
0.0187836
0.0192099
0.0194076
0.0193767
0.0191202
0.018645
0.0179603
0.0170731
0.0159853
0.0146935
0.0131922
0.0114855
0.00961791
0.00775199
0.00640318
0.00657711
0.00879086
0.0124334
0.0169675
0.0221785
0.0279655
0.0342748
0.0410688
0.0483111
0.0559648
0.0639899
0.0723431
0.0809783
0.0898471
0.0988995
0.108085
0.117353
0.126653
0.135936
0.145155
0.154264
0.16322
0.171983
0.180515
0.18878
0.196748
0.204389
0.211676
0.218588
0.225102
0.231202
0.23687
0.242095
0.246865
0.251169
0.255
0.258351
0.261217
0.263594
0.265477
0.266865
0.267755
0.268144
0.268032
0.267415
0.266293
0.264664
0.262514
0.259847
0.256687
0.253042
0.248916
0.244315
0.239241
0.2337
0.227696
0.221236
0.214328
0.206982
0.199211
0.19103
0.182459
0.173522
0.164246
0.154666
0.144822
0.134761
0.124539
0.114219
0.103876
0.0935935
0.0834632
0.0735863
0.0640773
0.0550927
0.0469112
0.0398588
0.0349593
0.0328852
0.0339352
0.0371757
0.0415367
0.0460797
0.0501249
0.0531518
0.0548949
0.0553608
0.0546323
0.0528394
0.0501398
0.0467063
0.0427179
0.0383527
0.0337809
0.0291576
0.0246145
0.0202494
0.016113
0.012198
0.00843779
0.00472845
0.000981768
0.000646919
0.00324548
0.00579604
0.00819501
0.0103687
0.0122841
0.0139411
0.0153584
0.0165583
0.0175575
0.0183627
0.0189717
0.0193753
0.0195615
0.0195173
0.01923
0.0186913
0.0178999
0.0168578
0.0155685
0.0140396
0.0122958
0.010415
0.00862085
0.00751979
0.00806559
0.0106155
0.0146093
0.0195603
0.0252542
0.0315744
0.0384582
0.0458565
0.0537251
0.0620196
0.0706928
0.0796948
0.088973
0.0984726
0.108138
0.117914
0.127744
0.137576
0.147356
0.157036
0.166568
0.17591
0.185021
0.193864
0.202405
0.210617
0.218472
0.225948
0.233026
0.239689
0.245924
0.25172
0.257068
0.261964
0.266401
0.270378
0.273893
0.276945
0.279536
0.281666
0.283337
0.284552
0.285313
0.285622
0.285481
0.284892
0.283856
0.282373
0.280433
0.278045
0.275227
0.271983
0.268316
0.264227
0.259718
0.25479
0.249446
0.243689
0.237524
0.230956
0.223993
0.216644
0.20892
0.200838
0.192414
0.183669
0.174628
0.16532
0.155779
0.146039
0.136143
0.126134
0.116056
0.105954
0.0958709
0.0858485
0.0759363
0.0662079
0.0567556
0.0478363
0.0398033
0.0337746
0.0306236
0.030951
0.0339209
0.0382237
0.0426112
0.046191
0.0485923
0.049743
0.0496921
0.0485518
0.0464691
0.043611
0.0401541
0.0362753
0.0321425
0.0279023
0.0236642
0.0194802
0.0153241
0.0110793
0.00654593
0.00147934
0.000883345
0.00424661
0.00736771
0.0101382
0.0124884
0.0144016
0.0159065
0.0170581
0.0179182
0.0185395
0.0189577
0.019189
0.0192323
0.0190739
0.0186924
0.0180635
0.0171738
0.0160215
0.0146154
0.0129899
0.0112421
0.00962246
0.00872798
0.00940214
0.0120038
0.0161098
0.0212737
0.0272655
0.0339477
0.0412418
0.0490838
0.0574191
0.0661942
0.0753546
0.084844
0.0946041
0.104575
0.114697
0.124909
0.135154
0.145373
0.155513
0.165523
0.175355
0.184965
0.194314
0.203367
0.212092
0.220462
0.228455
0.236051
0.243236
0.249996
0.256324
0.262212
0.267658
0.272659
0.277217
0.281333
0.28501
0.288252
0.291064
0.293451
0.295418
0.296971
0.298114
0.298852
0.299191
0.299133
0.298681
0.297838
0.296605
0.294981
0.292969
0.290577
0.287809
0.284668
0.281153
0.277264
0.273002
0.268368
0.263363
0.257987
0.252245
0.246139
0.239674
0.232857
0.225695
0.218199
0.210379
0.202249
0.193825
0.185123
0.176163
0.166964
0.157547
0.147932
0.138137
0.128177
0.118063
0.107805
0.0974104
0.0868925
0.0762728
0.065612
0.055016
0.0447145
0.0352807
0.0280131
0.0245512
0.0257126
0.0299568
0.0349986
0.0393239
0.0424704
0.0443281
0.0449406
0.0444228
0.042926
0.0406206
0.0376837
0.0342879
0.0305853
0.0266867
0.0226349
0.0183747
0.0137296
0.0083992
0.00199014
0.00114348
0.00533678
0.0090583
0.0121938
0.0146821
0.0165298
0.0177995
0.0185872
0.0189975
0.0191238
0.0190356
0.0187731
0.018348
0.017749
0.0169491
0.0159307
0.0146973
0.0132796
0.011774
0.0104255
0.00975658
0.0104875
0.0129923
0.0170216
0.022195
0.0282891
0.0351519
0.0426883
0.050819
0.0594763
0.0685954
0.078113
0.0879654
0.0980882
0.108417
0.118886
0.129433
0.139996
0.150514
0.160931
0.171195
0.181257
0.191074
0.200606
0.209819
0.218683
0.227174
0.235271
0.242959
0.250225
0.257062
0.263464
0.269429
0.274959
0.280056
0.284725
0.28897
0.2928
0.296222
0.299243
0.301873
0.304118
0.305986
0.307485
0.308622
0.309401
0.309829
0.309909
0.309645
0.30904
0.308095
0.306811
0.305186
0.303225
0.300937
0.29832
0.295375
0.2921
0.288496
0.284562
0.280297
0.275704
0.270781
0.26553
0.259953
0.254052
0.24783
0.241291
0.234439
0.22728
0.21982
0.212064
0.204018
0.195688
0.187078
0.178192
0.16903
0.159591
0.149868
0.139852
0.129532
0.118896
0.107936
0.0966493
0.0850508
0.0731749
0.0610915
0.0489749
0.0370454
0.0262501
0.018603
0.0175381
0.0223078
0.0284431
0.0336994
0.0375863
0.0400612
0.0412155
0.0411938
0.0401646
0.0383046
0.0357864
0.0327602
0.0293294
0.0255185
0.0212366
0.0162481
0.010164
0.00247202
0.00142666
0.00650514
0.0108439
0.014325
0.0169028
0.0186145
0.019563
0.019889
0.0197421
0.0192589
0.0185467
0.0176761
0.0166801
0.0155625
0.0143216
0.0129939
0.0116801
0.0106056
0.0102064
0.0110731
0.0135119
0.017404
0.0224521
0.0284801
0.0353456
0.0429524
0.0512129
0.0600483
0.0693824
0.0791412
0.0892521
0.0996433
0.110244
0.120985
0.131798
0.142617
0.153381
0.164029
0.174509
0.184769
0.194765
0.204458
0.213814
0.222804
0.231405
0.239599
0.247372
0.254716
0.261624
0.268096
0.274134
0.279741
0.284924
0.289691
0.294051
0.298015
0.301592
0.304795
0.307633
0.310116
0.312255
0.314058
0.315534
0.316688
0.317528
0.318059
0.318285
0.318209
0.317834
0.317161
0.316193
0.314931
0.313377
0.311533
0.309403
0.306987
0.304284
0.301295
0.298019
0.294455
0.290603
0.286464
0.282036
0.277319
0.272314
0.267019
0.261436
0.255564
0.249401
0.242947
0.2362
0.229157
0.221812
0.21416
0.206191
0.197893
0.18925
0.180243
0.170849
0.161043
0.150798
0.140089
0.128895
0.117204
0.105018
0.0923584
0.0792703
0.0658372
0.0521632
0.0385124
0.0251603
0.0136693
0.0098608
0.0165763
0.0241125
0.0301557
0.0345503
0.0374012
0.0388732
0.0391462
0.0384013
0.0368094
0.0345138
0.0316037
0.0280793
0.0238131
0.0185182
0.0117406
0.00289262
0.00173243
0.00774026
0.0126975
0.0164892
0.0190945
0.0205904
0.0211266
0.0208914
0.0200802
0.0188724
0.017416
0.0158209
0.0141625
0.0125042
0.0109918
0.00989928
0.00965351
0.0107402
0.0132834
0.0171475
0.0220799
0.027965
0.0347052
0.042232
0.0504681
0.0593358
0.0687531
0.0786376
0.0889072
0.0994818
0.110283
0.121234
0.132263
0.1433
0.154277
0.165133
0.175811
0.186259
0.19643
0.206285
0.215788
0.22491
0.23363
0.24193
0.249798
0.257227
0.264215
0.270761
0.276871
0.282552
0.287813
0.292665
0.297122
0.301195
0.304898
0.308244
0.311247
0.313919
0.31627
0.318312
0.320055
0.321505
0.322672
0.323561
0.324178
0.324526
0.32461
0.324433
0.323996
0.323301
0.322351
0.321145
0.319688
0.317985
0.316039
0.313848
0.311412
0.308733
0.30581
0.302642
0.29923
0.295571
0.291666
0.287513
0.28311
0.278455
0.273543
0.268371
0.262933
0.257222
0.251228
0.244939
0.238342
0.231417
0.224143
0.216494
0.20844
0.199947
0.190976
0.181488
0.171443
0.160803
0.149536
0.137623
0.125058
0.11186
0.098073
0.0837744
0.0690763
0.0541464
0.0391643
0.0244725
0.010333
0.00381432
0.0142232
0.0225972
0.0289161
0.0334092
0.0363122
0.0378345
0.0381674
0.0374799
0.0359044
0.0335111
0.0302733
0.0260296
0.0204553
0.013061
0.00323163
0.00205961
0.0090276
0.014587
0.018637
0.0211936
0.0223843
0.0224118
0.0215141
0.0199306
0.01788
0.0155505
0.0131058
0.0107268
0.00877628
0.00797549
0.00904142
0.0118517
0.0159264
0.0209122
0.0267232
0.0333216
0.0406885
0.0487842
0.0575541
0.0669258
0.0768175
0.0871423
0.0978127
0.108742
0.119848
0.131049
0.14227
0.153439
0.164491
0.175364
0.186002
0.196358
0.206387
0.216054
0.22533
0.23419
0.242618
0.250601
0.258134
0.265216
0.271849
0.278039
0.283796
0.289132
0.294061
0.298596
0.302755
0.306553
0.310005
0.313127
0.315933
0.318436
0.32065
0.322584
0.324249
0.325653
0.326805
0.32771
0.328375
0.328804
0.329001
0.32897
0.328713
0.328234
0.327534
0.326616
0.325484
0.324143
0.322596
0.320846
0.318893
0.316739
0.314384
0.311829
0.309073
0.306116
0.302957
0.299594
0.296024
0.292245
0.288251
0.284036
0.279592
0.274908
0.269971
0.264765
0.259271
0.253463
0.247315
0.240792
0.233857
0.226465
0.21857
0.210118
0.201058
0.191334
0.180898
0.169705
0.157726
0.144949
0.131384
0.117077
0.102108
0.0866046
0.0707432
0.0547488
0.0389204
0.0235938
0.00949027
0.00593574
0.0155814
0.0235695
0.0295314
0.0337299
0.0363922
0.0377164
0.0378664
0.03696
0.0350449
0.0320674
0.0278379
0.0220106
0.0140907
0.00348079
0.00240573
0.0103477
0.0164734
0.0207115
0.02313
0.0239176
0.0233365
0.0216751
0.0192119
0.0161951
0.0128458
0.00941579
0.00648892
0.00592678
0.00874703
0.0132627
0.0185857
0.0245335
0.0311114
0.0383549
0.04628
0.0548756
0.0641005
0.073891
0.0841673
0.0948412
0.105822
0.117019
0.128345
0.139717
0.151058
0.162295
0.173363
0.1842
0.194755
0.20498
0.214837
0.224293
0.233324
0.24191
0.250038
0.257704
0.264905
0.271645
0.277931
0.283775
0.289191
0.294193
0.298799
0.303026
0.306894
0.310419
0.313619
0.316511
0.319111
0.321431
0.323487
0.325288
0.326846
0.32817
0.329268
0.330147
0.330813
0.331272
0.331528
0.331586
0.331449
0.331122
0.330608
0.329911
0.329034
0.327983
0.326763
0.325378
0.32383
0.322122
0.320256
0.318232
0.316052
0.313716
0.311224
0.308574
0.305764
0.30279
0.299648
0.296331
0.29283
0.289132
0.285224
0.281087
0.276699
0.272032
0.267055
0.261729
0.256012
0.249853
0.243197
0.235984
0.22815
0.219626
0.210347
0.200248
0.189274
0.177383
0.164549
0.150776
0.136101
0.120604
0.104415
0.0877274
0.0707968
0.0539578
0.0376408
0.0225362
0.0107418
0.0111568
0.0189335
0.0259292
0.0312142
0.0348781
0.0370877
0.0379909
0.037686
0.0361967
0.0334439
0.0292184
0.0231698
0.0148254
0.00364227
0.00276657
0.0116749
0.0183097
0.0226484
0.0248277
0.0251091
0.0238196
0.0212978
0.0178538
0.0137454
0.00919438
0.00461963
0.00378126
0.00869184
0.0146522
0.0210158
0.0278064
0.0350868
0.0429244
0.0513609
0.0604027
0.0700227
0.0801654
0.0907557
0.101707
0.112926
0.124322
0.135805
0.147291
0.158699
0.169958
0.181002
0.191771
0.202215
0.21229
0.221961
0.231197
0.239978
0.248289
0.256123
0.263477
0.270355
0.276764
0.282715
0.288224
0.293307
0.297983
0.302273
0.306195
0.309771
0.31302
0.31596
0.318609
0.320984
0.3231
0.324971
0.326609
0.328024
0.329228
0.330228
0.331033
0.33165
0.332085
0.332344
0.332433
0.332356
0.332118
0.331724
0.331178
0.330486
0.329652
0.328683
0.327586
0.326364
0.32502
0.323558
0.321981
0.32029
0.318488
0.316573
0.314547
0.312408
0.310154
0.30778
0.30528
0.302646
0.299867
0.296927
0.293808
0.290489
0.28694
0.283128
0.279015
0.274553
0.269691
0.264368
0.258519
0.252071
0.244948
0.237069
0.228355
0.218729
0.208119
0.19647
0.183742
0.169925
0.155041
0.139162
0.122412
0.104984
0.0871487
0.0692638
0.0517935
0.0353825
0.0212229
0.0131252
0.0159513
0.022722
0.0287353
0.0332635
0.0362619
0.0378418
0.0380756
0.0369628
0.0344037
0.0301789
0.0239495
0.0152863
0.00372621
0.00313584
0.0129767
0.0200407
0.0243765
0.0262069
0.0258775
0.0237861
0.0203221
0.0158227
0.0105326
0.00460356
0.00192923
0.00877325
0.015794
0.0230442
0.030588
0.0385199
0.0469166
0.0558307
0.0652815
0.0752532
0.0856996
0.0965517
0.107726
0.119132
0.130677
0.142271
0.153828
0.165269
0.176519
0.187515
0.198198
0.208519
0.218437
0.227917
0.236934
0.245471
0.253516
0.261065
0.268119
0.274686
0.280776
0.286404
0.291588
0.296348
0.300706
0.304682
0.308299
0.311579
0.314543
0.317211
0.319602
0.321732
0.323618
0.325275
0.326715
0.327951
0.328994
0.329853
0.330537
0.331055
0.331414
0.331621
0.331683
0.331605
0.331394
0.331056
0.330596
0.33002
0.329334
0.328544
0.327657
0.32668
0.325619
0.324478
0.323259
0.321968
0.320605
0.319175
0.317676
0.316111
0.314478
0.312774
0.310995
0.309133
0.30718
0.305121
0.302941
0.300617
0.298123
0.295427
0.292489
0.289265
0.285701
0.281736
0.277303
0.272324
0.266718
0.260396
0.253267
0.245237
0.236214
0.226115
0.214866
0.202411
0.188722
0.173805
0.157711
0.140551
0.122506
0.103841
0.0849201
0.0662189
0.0483642
0.0322782
0.0198654
0.0158232
0.0201754
0.0262778
0.0314643
0.0351761
0.0373874
0.0381184
0.0373489
0.0349663
0.0307517
0.024391
0.0155131
0.00374796
0.00350497
0.0142137
0.0216034
0.0258186
0.0271856
0.0261457
0.0231754
0.018725
0.0131895
0.00692695
0.00278707
0.00891126
0.0165786
0.0245408
0.0327659
0.0413075
0.0502361
0.0596052
0.0694408
0.0797362
0.0904543
0.101533
0.112895
0.124452
0.136113
0.147787
0.15939
0.17084
0.182066
0.193002
0.203592
0.213788
0.223549
0.232845
0.241652
0.249956
0.257748
0.265026
0.271795
0.278066
0.283851
0.289169
0.294039
0.298484
0.302528
0.306193
0.309504
0.312483
0.315153
0.317536
0.31965
0.321514
0.323146
0.32456
0.325771
0.326793
0.327637
0.328314
0.328834
0.329206
0.329441
0.329544
0.329525
0.329391
0.329149
0.328806
0.328368
0.327842
0.327236
0.326556
0.325809
0.325004
0.324146
0.323242
0.322297
0.321314
0.3203
0.319256
0.318187
0.317093
0.315976
0.314835
0.313668
0.31247
0.311234
0.309948
0.3086
0.307171
0.305636
0.303966
0.302125
0.300071
0.297752
0.295109
0.292075
0.288575
0.284522
0.279826
0.274388
0.268105
0.260871
0.252581
0.243134
0.232442
0.22043
0.207049
0.192285
0.176166
0.158779
0.140282
0.120922
0.101048
0.0811308
0.0617833
0.0438311
0.0285963
0.0189762
0.0186915
0.0238657
0.0294176
0.0337675
0.036587
0.0378045
0.0373714
0.0351685
0.0309884
0.0245535
0.015558
0.00372467
0.00386305
0.0153397
0.0229286
0.0268941
0.027683
0.0258466
0.0219571
0.0165742
0.0103803
0.00559247
0.00916682
0.0169277
0.0254261
0.0342494
0.0433628
0.0528023
0.0626122
0.0728196
0.083424
0.0943965
0.105683
0.117212
0.128899
0.140656
0.152394
0.164028
0.175479
0.186674
0.19755
0.208049
0.218125
0.22774
0.236863
0.245475
0.253561
0.261117
0.268142
0.274644
0.280635
0.286131
0.291152
0.29572
0.299859
0.303594
0.306951
0.309954
0.312628
0.314996
0.317081
0.318904
0.320483
0.321838
0.322985
0.32394
0.324716
0.325327
0.325786
0.326103
0.32629
0.326357
0.326312
0.326165
0.325925
0.3256
0.325197
0.324725
0.32419
0.323602
0.322967
0.322292
0.321587
0.320859
0.320115
0.31936
0.318602
0.317845
0.317094
0.316354
0.315629
0.314922
0.314233
0.313564
0.312912
0.312272
0.311639
0.311
0.310342
0.309644
0.308882
0.308024
0.307031
0.305858
0.304448
0.30274
0.300659
0.298124
0.295042
0.291314
0.286832
0.281483
0.275147
0.267708
0.259049
0.249066
0.237664
0.224774
0.210357
0.194415
0.177007
0.158261
0.138391
0.11772
0.0966916
0.0758973
0.0561089
0.0384026
0.0246746
0.0188321
0.0215851
0.0270871
0.0319908
0.0354136
0.0371339
0.0370573
0.0350599
0.0309547
0.0245069
0.0154773
0.00367376
0.00419681
0.0163031
0.0239424
0.0275211
0.0276234
0.0249327
0.0201615
0.0142021
0.00890966
0.0097593
0.0168709
0.0256535
0.0349752
0.0446153
0.0545467
0.0647897
0.075365
0.0862749
0.0974969
0.108985
0.120672
0.132482
0.144329
0.156126
0.167791
0.179243
0.190411
0.201233
0.211651
0.22162
0.231104
0.240073
0.248508
0.256397
0.263737
0.270529
0.276784
0.282513
0.287737
0.292476
0.296755
0.300598
0.304032
0.307083
0.309779
0.312145
0.314206
0.315985
0.317504
0.318784
0.319845
0.320704
0.321378
0.321884
0.322235
0.322446
0.322529
0.322496
0.322358
0.322127
0.321812
0.321424
0.320971
0.320462
0.319905
0.31931
0.318685
0.318037
0.317374
0.316706
0.31604
0.315384
0.314745
0.314131
0.313548
0.313001
0.312497
0.312041
0.311639
0.311293
0.311006
0.31078
0.310613
0.310501
0.310439
0.310415
0.310416
0.310421
0.310405
0.310334
0.31017
0.309863
0.309355
0.308581
0.307463
0.305914
0.303835
0.30112
0.297653
0.293311
0.287965
0.281485
0.27374
0.264608
0.253978
0.241756
0.227879
0.212323
0.195112
0.176341
0.156186
0.134928
0.112973
0.0908757
0.0693635
0.0494021
0.0324347
0.0212762
0.0197567
0.0244643
0.0298075
0.0338555
0.0361214
0.0364454
0.0347003
0.0307232
0.024324
0.0153255
0.00361239
0.00449076
0.0170482
0.0245685
0.02762
0.0269423
0.0233989
0.0180034
0.0124473
0.0109083
0.0164809
0.0252128
0.0349008
0.0450117
0.0554136
0.0660849
0.077031
0.0882517
0.0997287
0.111422
0.123273
0.135209
0.14715
0.159013
0.170714
0.182178
0.193332
0.204113
0.214468
0.224349
0.233722
0.242558
0.250839
0.258555
0.265702
0.272285
0.278313
0.283803
0.288774
0.293248
0.297251
0.300809
0.303951
0.306705
0.309097
0.311156
0.312906
0.314374
0.315581
0.316552
0.317305
0.317862
0.318239
0.318455
0.318525
0.318465
0.318288
0.318009
0.317639
0.317191
0.316676
0.316104
0.315487
0.314833
0.314151
0.313452
0.312743
0.312033
0.31133
0.310643
0.30998
0.309351
0.308762
0.308221
0.307735
0.307312
0.306958
0.30668
0.306485
0.306377
0.306363
0.306446
0.306627
0.306908
0.307286
0.307755
0.308305
0.308924
0.309592
0.310283
0.310965
0.311596
0.312129
0.312503
0.312651
0.312491
0.311933
0.310874
0.309203
0.306796
0.303522
0.299242
0.293815
0.287096
0.278947
0.269237
0.257852
0.244703
0.229737
0.212945
0.194383
0.174187
0.15259
0.129948
0.106766
0.0837186
0.0616943
0.0419005
0.0263489
0.0191851
0.0216532
0.0271884
0.0319005
0.0347868
0.0355819
0.0341535
0.0303661
0.0240738
0.0151545
0.00355606
0.00472738
0.0175169
0.0247316
0.0271171
0.0256107
0.0213584
0.0159521
0.0126308
0.0159311
0.0241428
0.0340114
0.0445166
0.0553602
0.0664549
0.0777784
0.0893219
0.101067
0.11298
0.125008
0.137084
0.149132
0.161074
0.172828
0.18432
0.195479
0.206241
0.216555
0.226373
0.23566
0.244389
0.252543
0.260111
0.267092
0.273491
0.279318
0.284591
0.289329
0.293557
0.297302
0.300591
0.303453
0.305917
0.308012
0.309768
0.31121
0.312365
0.313258
0.313913
0.314352
0.314597
0.314666
0.314579
0.314353
0.314006
0.313552
0.313007
0.312384
0.311696
0.310957
0.310176
0.309366
0.308537
0.307698
0.306859
0.30603
0.305218
0.304433
0.303682
0.302974
0.302318
0.301722
0.301195
0.300742
0.300372
0.300093
0.299912
0.299836
0.299873
0.30003
0.300313
0.300727
0.301276
0.301961
0.302781
0.303734
0.304809
0.305997
0.307277
0.308627
0.310013
0.311397
0.31273
0.313952
0.314993
0.315772
0.316197
0.316161
0.315548
0.31423
0.312067
0.308914
0.304618
0.299021
0.29197
0.283316
0.272924
0.260679
0.246498
0.230341
0.212223
0.192235
0.170562
0.147505
0.123507
0.0991847
0.0753556
0.0530994
0.0339807
0.0210289
0.019039
0.0241354
0.0295302
0.0331428
0.0345077
0.0334783
0.0299493
0.0238182
0.01501
0.00351799
0.00488754
0.0176521
0.0243611
0.0259635
0.0236705
0.0190674
0.0148012
0.0155558
0.0225508
0.0323253
0.0431153
0.0543591
0.0658678
0.0775764
0.0894585
0.101492
0.113645
0.12587
0.138106
0.150283
0.162325
0.174155
0.185698
0.196886
0.207657
0.217956
0.227739
0.23697
0.245623
0.253679
0.26113
0.267974
0.274216
0.279869
0.28495
0.28948
0.293484
0.29699
0.300026
0.302623
0.304811
0.30662
0.308079
0.309219
0.310065
0.310646
0.310985
0.311107
0.311036
0.310791
0.310395
0.309865
0.309221
0.308479
0.307655
0.306765
0.305823
0.304842
0.303835
0.302813
0.301787
0.300767
0.299764
0.298786
0.297843
0.296942
0.296092
0.295302
0.294579
0.293931
0.293366
0.292894
0.29252
0.292253
0.2921
0.29207
0.29217
0.29241
0.292798
0.29334
0.294044
0.294914
0.295955
0.297166
0.298547
0.300091
0.301788
0.303622
0.305571
0.307605
0.309686
0.311767
0.313788
0.315682
0.317367
0.318749
0.319721
0.320165
0.319946
0.318923
0.316939
0.313834
0.309439
0.303584
0.296105
0.286845
0.275665
0.262453
0.247133
0.229684
0.210151
0.188667
0.165475
0.140957
0.115659
0.090325
0.0659378
0.0438168
0.0261171
0.0177204
0.0207518
0.0267152
0.0311827
0.0332469
0.0327191
0.0295252
0.0236073
0.0149293
0.00350878
0.00495244
0.0173998
0.0234001
0.0241565
0.021246
0.0169756
0.0155133
0.0205623
0.029886
0.0408138
0.0523986
0.0643047
0.0764037
0.0886414
0.100986
0.113404
0.125852
0.138275
0.150607
0.162776
0.174709
0.186334
0.197581
0.20839
0.218706
0.228487
0.237694
0.246303
0.254295
0.261661
0.2684
0.274518
0.280026
0.284944
0.289292
0.293096
0.296385
0.299189
0.301539
0.303466
0.305002
0.306178
0.307024
0.30757
0.307844
0.307872
0.30768
0.307294
0.306735
0.306028
0.305191
0.304246
0.303211
0.302103
0.300939
0.299734
0.298502
0.297257
0.296011
0.294775
0.293559
0.292375
0.29123
0.290135
0.289096
0.288122
0.287221
0.286401
0.285668
0.28503
0.284496
0.284073
0.283769
0.28359
0.283546
0.283645
0.283896
0.284308
0.28489
0.285652
0.286601
0.287745
0.289089
0.290635
0.292385
0.294335
0.296477
0.298798
0.301278
0.303892
0.306603
0.309367
0.312128
0.314819
0.317361
0.31966
0.32161
0.32309
0.323965
0.324088
0.323298
0.321425
0.318291
0.313713
0.307509
0.299503
0.289531
0.277453
0.263161
0.246592
0.227748
0.20671
0.183663
0.158923
0.132965
0.106458
0.0803001
0.0556721
0.0342453
0.0193473
0.0174351
0.0234303
0.0288717
0.031796
0.0318966
0.0291256
0.0234751
0.0149384
0.00353534
0.00490503
0.0167113
0.0218194
0.0217441
0.0185808
0.0158339
0.0184873
0.0268198
0.0376552
0.0494893
0.0617619
0.0742506
0.0868593
0.0995383
0.112249
0.124951
0.13759
0.150108
0.162436
0.174504
0.186241
0.19758
0.208462
0.218832
0.228645
0.237865
0.246466
0.25443
0.261746
0.268415
0.274441
0.279837
0.284622
0.288817
0.292449
0.295547
0.298142
0.300266
0.301952
0.303233
0.304141
0.304707
0.304964
0.304941
0.304666
0.304168
0.303472
0.302604
0.301589
0.300448
0.299203
0.297875
0.296482
0.295042
0.293571
0.292085
0.290598
0.289122
0.287669
0.28625
0.284875
0.283553
0.282293
0.281102
0.279988
0.278958
0.27802
0.277181
0.276446
0.275823
0.275318
0.27494
0.274697
0.274594
0.274641
0.274847
0.275222
0.275776
0.276518
0.27746
0.27861
0.279977
0.28157
0.283393
0.285449
0.287738
0.290254
0.29299
0.295928
0.299045
0.302311
0.305684
0.309112
0.312532
0.315867
0.319027
0.321907
0.324386
0.32633
0.327588
0.327996
0.327376
0.325543
0.322301
0.317453
0.310803
0.302164
0.291368
0.278274
0.262782
0.244845
0.224497
0.201862
0.177191
0.150888
0.123543
0.0959709
0.0692506
0.044811
0.0249263
0.0154914
0.0197242
0.0261466
0.0301166
0.0310009
0.0287579
0.0234365
0.0150488
0.00360054
0.00472957
0.0155525
0.019622
0.0188411
0.0161526
0.0165549
0.0232546
0.0337094
0.0456668
0.0582552
0.0711225
0.0841124
0.0971479
0.11018
0.123165
0.136054
0.14879
0.16131
0.173547
0.185432
0.1969
0.20789
0.21835
0.228235
0.237506
0.246138
0.254112
0.261417
0.268052
0.274023
0.279342
0.284028
0.288102
0.291592
0.294527
0.296939
0.298862
0.300329
0.301375
0.302033
0.302338
0.30232
0.302014
0.301448
0.300654
0.299659
0.29849
0.297174
0.295734
0.294195
0.292578
0.290903
0.28919
0.287456
0.285717
0.283988
0.282282
0.280612
0.278987
0.277419
0.275915
0.274485
0.273135
0.271873
0.270705
0.269636
0.268675
0.267826
0.267096
0.266493
0.266021
0.265687
0.265497
0.265458
0.265581
0.265875
0.266349
0.267015
0.267884
0.268967
0.270274
0.271818
0.273606
0.275646
0.277945
0.280505
0.283325
0.286399
0.289714
0.293254
0.296991
0.300889
0.304902
0.30897
0.313022
0.316972
0.320719
0.324143
0.327112
0.329474
0.331064
0.331699
0.331185
0.329316
0.325882
0.320669
0.313468
0.304082
0.292339
0.278099
0.261273
0.24184
0.219869
0.195545
0.169198
0.141341
0.112708
0.0842884
0.0573827
0.0337757
0.0171003
0.0159318
0.022938
0.0281365
0.029989
0.0284042
0.0234838
0.0152563
0.00370347
0.00441363
0.0139089
0.0168494
0.0157008
0.0147975
0.0194237
0.0291145
0.0410071
0.0538279
0.0670444
0.080416
0.0938245
0.107203
0.120502
0.133672
0.14666
0.159407
0.171847
0.183916
0.19555
0.206688
0.217278
0.227273
0.236636
0.245339
0.253363
0.260697
0.267338
0.273292
0.278571
0.283193
0.287181
0.290561
0.293365
0.295624
0.297373
0.298647
0.299482
0.299912
0.299974
0.299701
0.299129
0.298288
0.297211
0.295929
0.294471
0.292864
0.291135
0.28931
0.287412
0.285462
0.283482
0.28149
0.279503
0.277537
0.275604
0.273719
0.271891
0.270132
0.268448
0.266848
0.265339
0.263927
0.262618
0.261416
0.260328
0.259359
0.258514
0.257798
0.257218
0.256778
0.256483
0.25634
0.256356
0.256542
0.256905
0.257457
0.25821
0.259175
0.260363
0.261789
0.263462
0.265395
0.267598
0.270078
0.272843
0.275893
0.279228
0.282841
0.286718
0.290838
0.295171
0.299677
0.304304
0.308985
0.313641
0.318175
0.322473
0.326406
0.329823
0.332558
0.334426
0.335228
0.33475
0.332766
0.329049
0.323367
0.315499
0.305238
0.292408
0.276875
0.258568
0.237496
0.213779
0.187674
0.159616
0.130256
0.100498
0.07155
0.0449824
0.0232153
0.0133932
0.0192313
0.0257586
0.0287881
0.0280194
0.0235872
0.0155432
0.00383947
0.00395059
0.0117868
0.0136163
0.0129054
0.0155553
0.024038
0.0356301
0.0485594
0.0620686
0.075805
0.0895929
0.103337
0.116976
0.130458
0.143731
0.156737
0.169417
0.181706
0.193542
0.204866
0.215625
0.225771
0.235267
0.244083
0.252199
0.259603
0.266291
0.272269
0.277548
0.282144
0.286082
0.289389
0.292094
0.294232
0.295837
0.296946
0.297596
0.297823
0.297666
0.297159
0.296339
0.295242
0.293899
0.292345
0.290611
0.288727
0.286721
0.28462
0.282451
0.280235
0.277997
0.275754
0.273526
0.271328
0.269176
0.267081
0.265056
0.263109
0.261249
0.259484
0.257819
0.25626
0.254811
0.253478
0.252265
0.251174
0.250212
0.249381
0.248687
0.248134
0.247726
0.247469
0.247368
0.247432
0.247669
0.248088
0.248701
0.249518
0.250553
0.251818
0.253325
0.255089
0.257122
0.259435
0.26204
0.264946
0.268159
0.271681
0.27551
0.279638
0.284052
0.288727
0.293631
0.298718
0.303931
0.309197
0.314427
0.319514
0.324331
0.328735
0.332559
0.335619
0.337711
0.338616
0.338097
0.335912
0.331809
0.325542
0.316873
0.30559
0.291515
0.274524
0.254569
0.231702
0.206108
0.178143
0.148372
0.117617
0.0870007
0.0579897
0.0325416
0.0147228
0.015247
0.0228893
0.0273047
0.0275361
0.0237003
0.0158809
0.00400076
0.00333959
0.00922177
0.0102315
0.0116695
0.0186654
0.0297019
0.0425745
0.0562829
0.0703415
0.0844985
0.0986171
0.112616
0.126435
0.140021
0.153319
0.16627
0.178813
0.190888
0.202435
0.213402
0.223739
0.233409
0.24238
0.250631
0.258147
0.264926
0.270969
0.276288
0.2809
0.284827
0.288096
0.29074
0.29279
0.294284
0.295259
0.295753
0.295805
0.295453
0.294736
0.293691
0.292357
0.290767
0.288959
0.286965
0.284817
0.282547
0.280184
0.277754
0.275283
0.272795
0.270311
0.26785
0.265429
0.263063
0.260766
0.258549
0.256421
0.25439
0.252464
0.250648
0.248946
0.247363
0.245902
0.244566
0.243358
0.242281
0.241337
0.240531
0.239865
0.239344
0.238971
0.238752
0.238691
0.238797
0.239078
0.239543
0.240203
0.241068
0.242153
0.243469
0.24503
0.246851
0.248944
0.251325
0.254005
0.256996
0.260308
0.263948
0.267918
0.272216
0.276835
0.281759
0.286962
0.292408
0.298049
0.303821
0.309644
0.315419
0.321028
0.326332
0.331171
0.33536
0.338696
0.340954
0.341891
0.341249
0.338761
0.334156
0.327169
0.317548
0.305073
0.289569
0.27093
0.249141
0.224312
0.196716
0.166833
0.135399
0.103452
0.07238
0.0439653
0.0208866
0.0120627
0.0194764
0.0254363
0.0268716
0.0237653
0.0162332
0.00417752
0.00258715
0.00632589
0.00765314
0.0132335
0.0234806
0.0360734
0.0498308
0.064127
0.0786143
0.0930977
0.107463
0.121637
0.135559
0.149175
0.162427
0.175256
0.187603
0.199409
0.21062
0.221188
0.231072
0.240239
0.248667
0.256339
0.26325
0.269402
0.274804
0.279472
0.283429
0.286701
0.28932
0.29132
0.292737
0.293611
0.29398
0.293885
0.293367
0.292465
0.29122
0.28967
0.287855
0.285811
0.283574
0.281179
0.27866
0.276046
0.273368
0.270653
0.267926
0.265209
0.262523
0.259886
0.257315
0.254821
0.252418
0.250115
0.24792
0.245838
0.243876
0.242036
0.240323
0.238738
0.237284
0.235962
0.234774
0.233722
0.232808
0.232035
0.231404
0.230919
0.230585
0.230404
0.230384
0.230529
0.23085
0.231354
0.232052
0.232954
0.234074
0.235424
0.237018
0.23887
0.240994
0.243406
0.24612
0.249149
0.252507
0.256203
0.260246
0.264639
0.269381
0.274462
0.279869
0.285572
0.291535
0.297703
0.304008
0.310362
0.316656
0.322759
0.328519
0.333756
0.338267
0.341827
0.344186
0.345076
0.344215
0.34131
0.336067
0.328201
0.317448
0.303583
0.286441
0.265939
0.242111
0.215148
0.18544
0.15363
0.120671
0.087875
0.056948
0.0301225
0.0123338
0.015618
0.0230946
0.0259381
0.023719
0.0165607
0.00435923
0.00171357
0.00362037
0.00803133
0.0173108
0.0293577
0.0429392
0.0573229
0.0720555
0.0868632
0.101584
0.116115
0.130388
0.14434
0.157917
0.171058
0.183706
0.195802
0.207292
0.218127
0.228263
0.237668
0.246313
0.254184
0.26127
0.267574
0.273101
0.277869
0.281897
0.285213
0.287847
0.289835
0.291212
0.292019
0.292297
0.292087
0.291432
0.290373
0.288953
0.287212
0.285192
0.282933
0.280472
0.277847
0.275092
0.272243
0.269329
0.26638
0.263424
0.260483
0.257581
0.254735
0.251964
0.249281
0.246697
0.244223
0.241867
0.239634
0.237529
0.235556
0.233716
0.232011
0.230442
0.229011
0.227716
0.226561
0.225544
0.224668
0.223933
0.223343
0.2229
0.222606
0.222467
0.222487
0.222672
0.223031
0.223571
0.224303
0.225237
0.226384
0.227757
0.229369
0.231235
0.233369
0.235787
0.238503
0.241534
0.244895
0.248598
0.252655
0.257076
0.261866
0.267024
0.272542
0.278404
0.284583
0.291037
0.297709
0.304524
0.311386
0.318175
0.324748
0.330933
0.336531
0.341319
0.345045
0.347432
0.348185
0.346992
0.343534
0.337491
0.328559
0.316464
0.300979
0.281957
0.259353
0.233271
0.20401
0.172116
0.138449
0.104239
0.0711282
0.0412047
0.0176211
0.0119192
0.020215
0.0246483
0.0234973
0.0168239
0.00453587
0.000815469
0.00372966
0.0117178
0.0228508
0.0359418
0.0501768
0.064999
0.0800408
0.0950702
0.109943
0.124564
0.138863
0.152778
0.166251
0.179223
0.191637
0.203436
0.21457
0.224994
0.234672
0.243576
0.251685
0.25899
0.265488
0.271185
0.276095
0.280237
0.283639
0.286329
0.288344
0.289719
0.290497
0.290718
0.290427
0.289665
0.288478
0.28691
0.285004
0.282803
0.280349
0.277683
0.274845
0.271872
0.2688
0.265663
0.262492
0.259315
0.256159
0.253047
0.25
0.247034
0.244165
0.241405
0.238764
0.236249
0.233867
0.231622
0.229516
0.227551
0.225728
0.224047
0.222508
0.22111
0.219853
0.218737
0.217762
0.216929
0.21624
0.215694
0.215295
0.215046
0.21495
0.215013
0.21524
0.215638
0.216215
0.216981
0.217944
0.219115
0.220507
0.222131
0.224002
0.226134
0.228541
0.231241
0.234248
0.237579
0.241251
0.245278
0.249674
0.254449
0.25961
0.265159
0.271088
0.277383
0.284014
0.290939
0.298095
0.305402
0.312754
0.320018
0.327036
0.333616
0.339539
0.344553
0.348378
0.350708
0.351215
0.349556
0.345381
0.338346
0.328128
0.314442
0.297072
0.275897
0.250932
0.22238
0.190686
0.156609
0.121286
0.0862978
0.0536809
0.0260708
0.0103035
0.016799
0.0229288
0.0230402
0.0169875
0.00469918
0.000832729
0.00713599
0.0169959
0.0292463
0.0430261
0.0577016
0.0728173
0.0880592
0.10322
0.118166
0.132804
0.147063
0.160878
0.17419
0.186941
0.199072
0.210533
0.221277
0.231263
0.240461
0.248849
0.256412
0.263146
0.269055
0.27415
0.27845
0.281979
0.284768
0.28685
0.288264
0.289051
0.289252
0.288912
0.288078
0.286793
0.285106
0.28306
0.280702
0.278077
0.275226
0.272193
0.269017
0.265737
0.262389
0.259006
0.255619
0.252255
0.24894
0.245695
0.242539
0.239487
0.236553
0.233746
0.231074
0.228543
0.226158
0.223919
0.221828
0.219886
0.218092
0.216445
0.214943
0.213585
0.212371
0.2113
0.210372
0.209586
0.208943
0.208445
0.208093
0.207891
0.207842
0.20795
0.208222
0.208663
0.20928
0.210082
0.211076
0.212274
0.213686
0.215322
0.217196
0.219322
0.221713
0.224385
0.227354
0.230637
0.234252
0.238216
0.242547
0.247258
0.252365
0.257875
0.263792
0.270112
0.276819
0.283885
0.291264
0.298891
0.306675
0.314502
0.322225
0.329665
0.33661
0.342814
0.347996
0.351842
0.354013
0.354143
0.351856
0.346769
0.338511
0.326744
0.31118
0.291621
0.267994
0.240401
0.209182
0.174986
0.13885
0.102273
0.0672544
0.0362929
0.0134014
0.0130503
0.0207248
0.0222927
0.0170215
0.00484301
0.00193751
0.0114363
0.0230073
0.0361812
0.0504729
0.0654456
0.0807408
0.0960887
0.111301
0.126247
0.140835
0.154991
0.16865
0.181749
0.194231
0.20604
0.217128
0.227453
0.236978
0.245679
0.253539
0.260549
0.266711
0.272034
0.276534
0.280234
0.283163
0.285355
0.286848
0.287682
0.287901
0.28755
0.286676
0.285326
0.283549
0.281392
0.278903
0.276128
0.273114
0.269904
0.266542
0.263069
0.259522
0.255937
0.252348
0.248783
0.24527
0.241832
0.238488
0.235255
0.232147
0.229173
0.226343
0.223662
0.221133
0.218759
0.21654
0.214476
0.212565
0.210807
0.209198
0.207738
0.206424
0.205255
0.20423
0.203348
0.20261
0.202015
0.201566
0.201264
0.201111
0.201111
0.201269
0.201589
0.202077
0.202739
0.203582
0.204614
0.205844
0.207281
0.208935
0.210816
0.212939
0.215314
0.217958
0.220886
0.224113
0.227659
0.231542
0.235781
0.240395
0.245403
0.25082
0.256659
0.262927
0.26962
0.276725
0.284213
0.292036
0.300124
0.308378
0.31667
0.324836
0.332676
0.339953
0.346389
0.351668
0.355441
0.357326
0.356921
0.353808
0.347572
0.337817
0.324192
0.306419
0.284334
0.257938
0.227459
0.193431
0.156778
0.118907
0.0817624
0.0478263
0.0202996
0.00975904
0.0179976
0.0212059
0.016902
0.00496316
0.00322316
0.0160756
0.0294277
0.0434734
0.0581801
0.07335
0.0887341
0.104108
0.119299
0.13418
0.148658
0.162656
0.176106
0.188946
0.201118
0.21257
0.223256
0.233137
0.242183
0.250374
0.257698
0.264153
0.269744
0.274486
0.278399
0.281511
0.283855
0.285467
0.286389
0.286664
0.286339
0.285461
0.284079
0.282244
0.280004
0.27741
0.27451
0.271354
0.267987
0.264456
0.260803
0.25707
0.253294
0.24951
0.245751
0.242045
0.238416
0.234886
0.231472
0.228189
0.225047
0.222056
0.219221
0.216545
0.214031
0.211678
0.209486
0.207453
0.205577
0.203856
0.202287
0.200868
0.199596
0.198471
0.197491
0.196656
0.195965
0.195418
0.195018
0.194766
0.194664
0.194716
0.194927
0.1953
0.19584
0.196552
0.197444
0.198521
0.199791
0.201261
0.202941
0.20484
0.206967
0.209336
0.211958
0.214849
0.218023
0.221498
0.225293
0.229429
0.233927
0.238808
0.244095
0.249806
0.255959
0.262563
0.269618
0.277112
0.285016
0.29328
0.301826
0.310546
0.319295
0.327891
0.336108
0.343677
0.350284
0.355575
0.359156
0.360601
0.359463
0.355285
0.347616
0.33604
0.320201
0.299844
0.274867
0.245384
0.211806
0.174933
0.136062
0.0970694
0.0604296
0.0291763
0.00924524
0.0147696
0.0197482
0.0166096
0.00505719
0.00457685
0.0209036
0.0360986
0.0510025
0.0660669
0.0813623
0.0967635
0.112096
0.127203
0.141961
0.156274
0.170064
0.18326
0.1958
0.207628
0.218692
0.228951
0.238369
0.246922
0.254594
0.261378
0.267277
0.2723
0.276468
0.279805
0.282342
0.284115
0.285166
0.285537
0.285275
0.28443
0.283051
0.28119
0.278897
0.276226
0.273227
0.269951
0.266447
0.262764
0.258947
0.255039
0.251082
0.247113
0.243165
0.23927
0.235453
0.231737
0.228141
0.224681
0.221368
0.218211
0.215216
0.212388
0.209726
0.207233
0.204905
0.202743
0.200742
0.1989
0.197214
0.195682
0.1943
0.193068
0.191983
0.191044
0.190252
0.189606
0.189106
0.188754
0.188552
0.188503
0.18861
0.188876
0.189306
0.189903
0.190673
0.191621
0.192751
0.19407
0.195585
0.197302
0.199229
0.201375
0.203749
0.206362
0.209228
0.212358
0.215771
0.219484
0.223517
0.227893
0.232635
0.237769
0.243321
0.249314
0.255769
0.262701
0.270112
0.277994
0.286315
0.295023
0.30403
0.313216
0.322419
0.331431
0.339996
0.347807
0.35451
0.359704
0.362944
0.363757
0.361646
0.356111
0.346671
0.332892
0.314431
0.29108
0.262835
0.229978
0.19318
0.15361
0.113052
0.0739572
0.0393674
0.013357
0.0112121
0.0178893
0.0161222
0.00512193
0.00596652
0.0258401
0.0429195
0.0586795
0.0740662
0.0894352
0.104797
0.120032
0.135001
0.149585
0.163687
0.177225
0.190128
0.202333
0.213786
0.224438
0.234249
0.24319
0.251239
0.258385
0.264627
0.269972
0.274434
0.278037
0.280809
0.282785
0.284005
0.284512
0.284353
0.283578
0.282237
0.280383
0.278069
0.275349
0.272276
0.268904
0.265285
0.261468
0.257502
0.253434
0.249306
0.245159
0.241029
0.236947
0.232944
0.229042
0.225263
0.221623
0.218134
0.214807
0.211646
0.208657
0.205841
0.203198
0.200727
0.198425
0.196289
0.194316
0.192504
0.190848
0.189347
0.187998
0.186798
0.185748
0.184846
0.184091
0.183486
0.18303
0.182726
0.182575
0.182579
0.182742
0.183067
0.183558
0.184218
0.185051
0.186062
0.187255
0.188634
0.190204
0.19197
0.19394
0.196118
0.198513
0.201134
0.20399
0.207094
0.210459
0.214103
0.218044
0.222304
0.226908
0.231884
0.237259
0.243066
0.249333
0.256085
0.263343
0.271112
0.279386
0.288133
0.297293
0.306771
0.316429
0.326082
0.335492
0.344367
0.352357
0.359058
0.364015
0.36673
0.366671
0.363292
0.35605
0.344437
0.328018
0.30648
0.2797
0.247828
0.211392
0.171425
0.129597
0.0883102
0.0506543
0.0203185
0.00794419
0.0155992
0.0154193
0.0051545
0.00737108
0.0308257
0.049815
0.0664335
0.0821206
0.0975259
0.112804
0.127895
0.142682
0.157049
0.170899
0.184147
0.196723
0.208565
0.219618
0.229836
0.239184
0.247636
0.255174
0.261792
0.267493
0.272288
0.276196
0.279243
0.281463
0.282894
0.283578
0.283561
0.282894
0.281628
0.279816
0.277513
0.274775
0.271656
0.268213
0.2645
0.260568
0.256471
0.252255
0.247968
0.243651
0.239344
0.235081
0.230892
0.226805
0.222841
0.219017
0.215348
0.211843
0.20851
0.205353
0.202374
0.199572
0.196946
0.194494
0.192212
0.190098
0.188147
0.186357
0.184724
0.183246
0.181921
0.180748
0.179726
0.178854
0.178133
0.177565
0.17715
0.176891
0.176789
0.176847
0.177067
0.177453
0.178008
0.178736
0.179638
0.18072
0.181983
0.183431
0.185068
0.186897
0.188922
0.191149
0.193581
0.196227
0.199093
0.20219
0.205528
0.209122
0.21299
0.21715
0.221628
0.226452
0.231651
0.237261
0.243317
0.249854
0.256905
0.264492
0.272629
0.281308
0.290496
0.300125
0.310087
0.320224
0.330321
0.340106
0.349241
0.357324
0.363896
0.368439
0.370393
0.369167
0.364161
0.354794
0.340542
0.320986
0.295882
0.265242
0.229448
0.189384
0.146585
0.103375
0.0628728
0.0287967
0.00722424
0.0128864
0.0144884
0.00515385
0.00877286
0.0358105
0.0567234
0.0742049
0.09018
0.105596
0.120756
0.135668
0.150234
0.164348
0.177911
0.190839
0.203061
0.214514
0.225147
0.234916
0.24379
0.251744
0.258767
0.264857
0.27002
0.274271
0.277633
0.280138
0.28182
0.282721
0.282887
0.282366
0.281212
0.279478
0.27722
0.274495
0.27136
0.267871
0.264087
0.260062
0.25585
0.251502
0.247067
0.24259
0.238113
0.233672
0.229301
0.225027
0.220875
0.216865
0.21301
0.209322
0.205809
0.202476
0.199324
0.196353
0.193562
0.190949
0.18851
0.186242
0.184141
0.182203
0.180425
0.178806
0.177342
0.176034
0.174879
0.173878
0.173031
0.172339
0.171803
0.171425
0.171208
0.171154
0.171264
0.171542
0.171992
0.172614
0.173413
0.174391
0.175549
0.176891
0.178417
0.180131
0.182034
0.184129
0.186419
0.188906
0.191595
0.194491
0.197602
0.200935
0.204503
0.20832
0.212404
0.216777
0.221465
0.2265
0.231918
0.237758
0.244062
0.250872
0.258227
0.266158
0.274678
0.283783
0.293435
0.303556
0.31402
0.324642
0.335174
0.345297
0.354621
0.362684
0.36896
0.372862
0.373762
0.371005
0.36394
0.351956
0.334529
0.311292
0.282118
0.247236
0.207367
0.163899
0.119043
0.0759174
0.0383637
0.0109494
0.00981052
0.0133089
0.00511385
0.0101561
0.0407503
0.0635913
0.0819423
0.0982002
0.113609
0.128627
0.143329
0.157647
0.171478
0.184726
0.197309
0.209153
0.220199
0.230397
0.239705
0.248095
0.255548
0.262055
0.267619
0.272248
0.275964
0.278791
0.280765
0.281924
0.282312
0.281979
0.280975
0.279356
0.277178
0.274498
0.271377
0.267871
0.264041
0.259945
0.255637
0.251173
0.246603
0.241976
0.237336
0.232722
0.22817
0.223711
0.219371
0.215169
0.211124
0.207247
0.203547
0.200028
0.196694
0.193545
0.190579
0.187794
0.185185
0.182751
0.180486
0.178388
0.176452
0.174678
0.173062
0.171604
0.170302
0.169157
0.16817
0.16734
0.166671
0.166163
0.16582
0.165642
0.165633
0.165796
0.166133
0.166647
0.16734
0.168213
0.16927
0.170511
0.171938
0.173551
0.175351
0.17734
0.179517
0.181883
0.18444
0.187191
0.190136
0.193282
0.196634
0.200201
0.203993
0.208026
0.21232
0.216898
0.221791
0.227033
0.232666
0.238736
0.245292
0.252384
0.260058
0.268351
0.277281
0.286841
0.296987
0.307627
0.318612
0.329724
0.340669
0.351077
0.360492
0.368383
0.374146
0.377119
0.376599
0.371868
0.362228
0.347055
0.325857
0.298365
0.264648
0.225261
0.181423
0.135212
0.0897037
0.0488678
0.0171547
0.00659874
0.0118558
0.00502712
0.0115069
0.0456056
0.0703717
0.0896002
0.106142
0.121534
0.136392
0.150864
0.164908
0.178433
0.191346
0.203562
0.215013
0.225637
0.235387
0.244226
0.252129
0.259079
0.265072
0.270113
0.274217
0.277406
0.279711
0.281168
0.281819
0.281713
0.280899
0.279433
0.27737
0.274771
0.271695
0.268202
0.264353
0.260208
0.255826
0.251262
0.246573
0.241807
0.237013
0.232232
0.227503
0.22286
0.218329
0.213934
0.209694
0.205622
0.201727
0.198016
0.194491
0.191153
0.188002
0.185033
0.182244
0.179631
0.177191
0.174919
0.172812
0.170868
0.169086
0.167463
0.166
0.164696
0.163553
0.162572
0.161754
0.161102
0.160618
0.160304
0.160164
0.160199
0.160413
0.160809
0.161389
0.162153
0.163105
0.164245
0.165574
0.167092
0.168798
0.170694
0.172776
0.175046
0.177502
0.180144
0.182971
0.185984
0.189185
0.192578
0.196167
0.199962
0.203973
0.208217
0.212714
0.217492
0.222584
0.228031
0.23388
0.240184
0.247002
0.254391
0.262407
0.27109
0.280463
0.290516
0.301194
0.312385
0.323909
0.335506
0.346829
0.35744
0.36681
0.374325
0.379296
0.380975
0.378584
0.371343
0.358524
0.339514
0.313901
0.281591
0.242959
0.199046
0.151772
0.104133
0.0601878
0.0246025
0.00453058
0.0101244
0.00489362
0.0128128
0.0503412
0.077023
0.0971384
0.113969
0.12934
0.144028
0.158254
0.172008
0.18521
0.19777
0.209606
0.220649
0.230842
0.240138
0.248504
0.255917
0.262366
0.267848
0.272374
0.275961
0.278635
0.28043
0.281385
0.281545
0.280962
0.279687
0.277779
0.275295
0.272298
0.268849
0.265009
0.260842
0.256407
0.251765
0.246972
0.242081
0.237142
0.232202
0.227301
0.222475
0.217754
0.213164
0.208725
0.204452
0.200357
0.196445
0.192721
0.189186
0.185839
0.182676
0.179696
0.176894
0.174265
0.171807
0.169516
0.167389
0.165426
0.163624
0.161984
0.160507
0.159192
0.158043
0.15706
0.156247
0.155607
0.155142
0.154855
0.15475
0.154828
0.155093
0.155548
0.156194
0.157033
0.158065
0.159291
0.160712
0.162326
0.164132
0.166129
0.168314
0.170686
0.173242
0.17598
0.178899
0.181995
0.18527
0.188724
0.192359
0.196181
0.200197
0.20442
0.208868
0.213564
0.218537
0.223826
0.229478
0.235547
0.242096
0.249191
0.256901
0.265288
0.2744
0.28426
0.294851
0.306103
0.317877
0.329954
0.342018
0.353657
0.364354
0.373492
0.380362
0.384181
0.384111
0.379297
0.36891
0.352217
0.328659
0.297976
0.260362
0.216661
0.168617
0.11911
0.072238
0.0329431
0.00652792
0.00811614
0.00470866
0.014063
0.0549256
0.0835078
0.104521
0.12165
0.137003
0.151515
0.165484
0.178936
0.191803
0.203999
0.215444
0.226072
0.235827
0.244666
0.252558
0.259483
0.265434
0.270413
0.274432
0.277512
0.279683
0.280982
0.281451
0.281138
0.280095
0.27838
0.27605
0.273167
0.269795
0.265996
0.261834
0.257372
0.252672
0.247793
0.242792
0.237722
0.232631
0.227564
0.222559
0.217649
0.212863
0.208222
0.203745
0.199442
0.195324
0.191393
0.187652
0.1841
0.180735
0.177553
0.17455
0.171722
0.169066
0.166579
0.164257
0.162099
0.160104
0.158273
0.156606
0.155104
0.15377
0.152607
0.151616
0.150803
0.150169
0.149719
0.149456
0.149383
0.149503
0.149818
0.150332
0.151045
0.151959
0.153074
0.15439
0.155906
0.15762
0.159531
0.161635
0.163929
0.166411
0.169077
0.171922
0.174943
0.178137
0.181501
0.185034
0.188735
0.192607
0.196654
0.200886
0.205315
0.209961
0.21485
0.220015
0.225502
0.231363
0.237661
0.24447
0.251866
0.259928
0.268726
0.278315
0.288714
0.299896
0.311769
0.324156
0.336786
0.349278
0.361136
0.371751
0.380402
0.386276
0.388486
0.386102
0.378201
0.363928
0.342581
0.31373
0.277378
0.234168
0.185645
0.134541
0.0849465
0.0420562
0.0112449
0.0058417
0.00446122
0.0152483
0.0593313
0.0897928
0.111715
0.129157
0.144497
0.158832
0.172541
0.185683
0.198207
0.210032
0.221082
0.23129
0.240605
0.248987
0.256406
0.262848
0.268308
0.272791
0.276313
0.278899
0.280581
0.281399
0.281398
0.280628
0.279146
0.277009
0.274279
0.271018
0.267293
0.263166
0.258705
0.253971
0.249028
0.243934
0.238747
0.233516
0.228291
0.223112
0.218016
0.213034
0.208191
0.203505
0.198992
0.19466
0.190516
0.186562
0.182797
0.17922
0.175827
0.172615
0.169578
0.166714
0.164018
0.161489
0.159125
0.156924
0.154887
0.153016
0.151312
0.149777
0.148416
0.147231
0.146226
0.145406
0.144775
0.144336
0.144094
0.144051
0.144211
0.144576
0.145149
0.14593
0.146921
0.148121
0.149528
0.151142
0.15296
0.154979
0.157196
0.159605
0.162203
0.164985
0.167945
0.171079
0.174382
0.177848
0.181475
0.18526
0.189203
0.193304
0.19757
0.20201
0.206639
0.211477
0.216555
0.221912
0.227598
0.233676
0.240218
0.247308
0.255036
0.263491
0.272753
0.282876
0.293877
0.305709
0.318249
0.331271
0.344436
0.357282
0.369212
0.379508
0.387333
0.391756
0.391783
0.386397
0.374626
0.355622
0.328787
0.293928
0.251473
0.202757
0.150332
0.0982343
0.0518591
0.0170219
0.00342505
0.0041473
0.016361
0.0635339
0.0958486
0.118693
0.136464
0.151802
0.165963
0.17941
0.192241
0.204419
0.21587
0.226521
0.23631
0.245186
0.253113
0.260066
0.266031
0.271008
0.275006
0.278043
0.280148
0.281355
0.281708
0.281254
0.280046
0.278143
0.275605
0.272494
0.268877
0.264819
0.260388
0.255648
0.250664
0.245498
0.24021
0.234854
0.22948
0.224135
0.218858
0.213682
0.208635
0.20374
0.199012
0.194462
0.190099
0.185926
0.181941
0.178145
0.174534
0.171103
0.167849
0.164767
0.161854
0.159107
0.156524
0.154105
0.151851
0.149762
0.14784
0.14609
0.144514
0.143118
0.141905
0.14088
0.140049
0.139416
0.138985
0.13876
0.138746
0.138945
0.139359
0.139991
0.140841
0.14191
0.143196
0.144697
0.146412
0.148337
0.150468
0.152801
0.15533
0.158049
0.160953
0.164035
0.16729
0.170709
0.174289
0.178022
0.181906
0.185936
0.190112
0.194435
0.198912
0.203552
0.208373
0.213399
0.218664
0.224213
0.230105
0.236412
0.243218
0.25062
0.258721
0.267622
0.277409
0.288138
0.299811
0.312356
0.325604
0.339265
0.352917
0.365992
0.37778
0.387432
0.393983
0.396376
0.393511
0.384298
0.36775
0.343093
0.309937
0.268491
0.219858
0.16639
0.11202
0.0622843
0.0234885
0.00202918
0.00376968
0.0173948
0.0675127
0.101649
0.125427
0.143547
0.158897
0.172892
0.18608
0.1986
0.210432
0.22151
0.231765
0.241137
0.249579
0.257057
0.26355
0.269048
0.273553
0.277077
0.279643
0.281281
0.282029
0.281933
0.281044
0.279417
0.277112
0.274192
0.270721
0.266768
0.262399
0.257683
0.252685
0.24747
0.242101
0.236635
0.231127
0.225625
0.220173
0.214807
0.209559
0.204453
0.199508
0.194738
0.190152
0.185753
0.181543
0.177522
0.173685
0.170029
0.16655
0.163243
0.160104
0.15713
0.15432
0.151673
0.149189
0.14687
0.144719
0.142738
0.140933
0.139309
0.13787
0.136622
0.135572
0.134724
0.134085
0.133658
0.133449
0.133462
0.133699
0.134162
0.134853
0.135773
0.136921
0.138295
0.139893
0.141711
0.143746
0.145992
0.148444
0.151095
0.15394
0.156971
0.16018
0.163561
0.167105
0.170806
0.174656
0.178649
0.182781
0.187047
0.191447
0.195984
0.200662
0.205496
0.210503
0.215712
0.221163
0.226909
0.233018
0.239571
0.24667
0.254424
0.262951
0.272363
0.282751
0.294165
0.306587
0.319906
0.333891
0.348168
0.36221
0.375324
0.386663
0.395234
0.399929
0.399566
0.392947
0.378941
0.356605
0.325346
0.285144
0.236861
0.182624
0.126224
0.0732723
0.0305348
0.0041847
0.00332499
0.0183449
0.0712502
0.107171
0.131897
0.150387
0.165765
0.179604
0.192541
0.204754
0.216244
0.226953
0.236816
0.245777
0.253791
0.260829
0.266872
0.271913
0.275958
0.279022
0.281131
0.282318
0.282624
0.282097
0.280791
0.278763
0.276075
0.272792
0.268982
0.264712
0.260052
0.255071
0.249834
0.244407
0.238851
0.233224
0.227578
0.22196
0.216411
0.210965
0.20565
0.200488
0.195495
0.190681
0.186053
0.181614
0.177362
0.173294
0.169407
0.165697
0.162158
0.158787
0.15558
0.152535
0.149651
0.146929
0.14437
0.141976
0.139753
0.137705
0.135837
0.134155
0.132667
0.131378
0.130297
0.129428
0.128779
0.128354
0.128158
0.128196
0.12847
0.128982
0.129733
0.130724
0.131952
0.133416
0.135112
0.137036
0.139183
0.141547
0.144121
0.146899
0.149872
0.153033
0.156374
0.159885
0.163559
0.167387
0.171361
0.175473
0.179717
0.184087
0.18858
0.193195
0.197934
0.202806
0.207825
0.213013
0.218404
0.224043
0.229993
0.236333
0.24316
0.250589
0.258746
0.267765
0.277767
0.288846
0.301036
0.314287
0.328432
0.343157
0.357983
0.37225
0.385121
0.395587
0.402499
0.404598
0.400583
0.389185
0.36929
0.3401
0.301362
0.253685
0.19895
0.140767
0.0847661
0.0381125
0.00765174
0.00280763
0.0192078
0.0747316
0.112395
0.13808
0.156964
0.172391
0.186088
0.198781
0.210695
0.221849
0.232195
0.241674
0.250232
0.257829
0.264438
0.270042
0.274639
0.278239
0.280858
0.282525
0.283278
0.283159
0.282219
0.280513
0.278103
0.275051
0.271426
0.267295
0.262728
0.257796
0.252567
0.247109
0.241486
0.23576
0.229985
0.224214
0.21849
0.212852
0.207331
0.201953
0.196737
0.191694
0.186835
0.182161
0.177674
0.173372
0.16925
0.165304
0.161529
0.157921
0.154475
0.151189
0.148062
0.145094
0.142287
0.139642
0.137166
0.134861
0.132736
0.130797
0.129052
0.127508
0.126172
0.125054
0.12416
0.123496
0.12307
0.122885
0.122947
0.123257
0.123818
0.12463
0.125692
0.127003
0.128559
0.130356
0.132388
0.13465
0.137134
0.139833
0.14274
0.145844
0.149138
0.152612
0.156258
0.160065
0.164024
0.168128
0.172365
0.17673
0.181214
0.185812
0.19052
0.195339
0.200272
0.205329
0.210526
0.215891
0.221462
0.227295
0.233463
0.240056
0.247191
0.254998
0.263625
0.273217
0.283906
0.295776
0.308839
0.322995
0.337998
0.353427
0.368668
0.382904
0.395126
0.404148
0.408649
0.407227
0.398481
0.381126
0.354158
0.317086
0.270257
0.215286
0.15557
0.0967029
0.0461765
0.011593
0.00221937
0.0199808
0.0779451
0.117303
0.143959
0.163264
0.178761
0.192332
0.204793
0.216417
0.227245
0.237237
0.246341
0.254508
0.261699
0.26789
0.273069
0.277238
0.280406
0.282596
0.283839
0.284174
0.283648
0.282313
0.280227
0.277453
0.274057
0.270108
0.265675
0.26083
0.255643
0.250185
0.244522
0.238719
0.232836
0.226926
0.22104
0.215218
0.209498
0.203907
0.198468
0.193196
0.188103
0.183194
0.178469
0.173929
0.169568
0.165384
0.161369
0.15752
0.153832
0.150302
0.146928
0.143709
0.140647
0.137745
0.135006
0.132437
0.130043
0.127834
0.125816
0.123999
0.122391
0.121003
0.119843
0.118918
0.118237
0.117805
0.11763
0.117714
0.11806
0.11867
0.119543
0.120679
0.122075
0.123725
0.125625
0.127768
0.130148
0.132755
0.135581
0.138618
0.141856
0.145285
0.148895
0.152677
0.15662
0.160714
0.16495
0.169318
0.173809
0.178414
0.183126
0.18794
0.192853
0.197865
0.202982
0.208215
0.213585
0.219124
0.224879
0.230915
0.237318
0.244197
0.251685
0.259935
0.269113
0.279379
0.290865
0.303641
0.317675
0.332796
0.348652
0.364685
0.380114
0.393937
0.404948
0.411771
0.41291
0.406837
0.392098
0.367485
0.332264
0.28651
0.231556
0.170559
0.109018
0.0546847
0.0158955
0.00156477
0.0206627
0.0808814
0.121882
0.149519
0.16927
0.184862
0.198326
0.21057
0.221915
0.232427
0.242077
0.250818
0.258605
0.265403
0.271192
0.275961
0.279716
0.282471
0.284249
0.285085
0.285021
0.284106
0.282394
0.279947
0.276829
0.273107
0.268852
0.264135
0.259029
0.253606
0.247934
0.242082
0.236113
0.230085
0.224051
0.218058
0.212146
0.206348
0.200689
0.19519
0.189863
0.184716
0.179752
0.174971
0.17037
0.165945
0.161689
0.157597
0.153665
0.149889
0.146265
0.142793
0.139473
0.136309
0.133303
0.130461
0.127791
0.1253
0.122997
0.120893
0.118997
0.11732
0.115872
0.114664
0.113704
0.113
0.112561
0.112392
0.112497
0.112879
0.113539
0.114476
0.115687
0.117169
0.118917
0.120923
0.12318
0.125679
0.128412
0.131369
0.134539
0.137912
0.141477
0.145225
0.149144
0.153225
0.157455
0.161826
0.166327
0.170947
0.175678
0.180512
0.18544
0.190458
0.195564
0.200758
0.206048
0.21145
0.216988
0.222702
0.228648
0.234902
0.241568
0.248774
0.256676
0.26545
0.275281
0.286339
0.29875
0.312551
0.327645
0.34376
0.360405
0.376848
0.39211
0.404975
0.41402
0.41767
0.414269
0.402204
0.380058
0.346853
0.302384
0.24769
0.185659
0.121649
0.0635948
0.0205224
0.000868961
0.0212529
0.0835338
0.126118
0.154745
0.174971
0.190685
0.204061
0.216103
0.227184
0.237392
0.246713
0.255105
0.262527
0.268947
0.274348
0.278725
0.282083
0.284441
0.285826
0.286273
0.285829
0.284543
0.282474
0.279684
0.27624
0.272211
0.267668
0.262686
0.257336
0.251692
0.245823
0.239795
0.233672
0.22751
0.221361
0.215269
0.209272
0.2034
0.197676
0.192117
0.186733
0.181528
0.176506
0.171663
0.166995
0.162497
0.158162
0.153986
0.149963
0.146089
0.142364
0.138786
0.135357
0.132081
0.128963
0.126011
0.123231
0.120634
0.118231
0.116032
0.114049
0.112295
0.110781
0.109518
0.108518
0.107788
0.107338
0.107173
0.107299
0.107716
0.108426
0.109427
0.110717
0.112289
0.114136
0.116252
0.118626
0.121249
0.124111
0.127199
0.130504
0.134014
0.137718
0.141604
0.145662
0.14988
0.154248
0.158754
0.163389
0.168141
0.173001
0.17796
0.183008
0.18814
0.193349
0.198635
0.204001
0.209457
0.215022
0.220726
0.226618
0.232765
0.239261
0.246228
0.253818
0.262212
0.271612
0.282221
0.29421
0.307684
0.322626
0.338845
0.355927
0.373205
0.389735
0.404306
0.415461
0.42155
0.420803
0.411446
0.391859
0.360817
0.31783
0.263626
0.200801
0.134531
0.0728634
0.0254496
0.000435378
0.021752
0.0858976
0.130002
0.159626
0.180355
0.196219
0.20953
0.221388
0.232219
0.242138
0.251145
0.259202
0.266274
0.272333
0.277364
0.281365
0.284345
0.286325
0.287334
0.287412
0.286606
0.284969
0.282562
0.279448
0.275696
0.271378
0.266566
0.261335
0.255758
0.249908
0.243855
0.237665
0.231399
0.225114
0.218858
0.212674
0.206596
0.200653
0.194864
0.189244
0.1838
0.178535
0.17345
0.168539
0.163798
0.159221
0.154801
0.150533
0.146411
0.142434
0.138599
0.134907
0.131362
0.127968
0.12473
0.121658
0.118762
0.116051
0.113538
0.111237
0.109159
0.10732
0.105733
0.104409
0.103362
0.102602
0.102137
0.101974
0.102118
0.102571
0.103333
0.104401
0.105771
0.107436
0.109388
0.111616
0.114112
0.116862
0.119854
0.123078
0.12652
0.130168
0.134011
0.138037
0.142233
0.146589
0.151094
0.155736
0.160505
0.165389
0.17038
0.175465
0.180638
0.185887
0.191209
0.196597
0.202052
0.20758
0.213193
0.218916
0.224787
0.230866
0.237234
0.244005
0.251324
0.259372
0.268361
0.278514
0.290047
0.303124
0.317805
0.333986
0.351342
0.369278
0.386902
0.403021
0.416158
0.424599
0.426469
0.419836
0.402881
0.37413
0.332802
0.279305
0.215922
0.147603
0.0824463
0.0306554
0.00106264
0.0221609
0.0879704
0.133527
0.164152
0.185413
0.201456
0.214726
0.226419
0.237016
0.246663
0.255371
0.26311
0.269849
0.275564
0.280243
0.283886
0.286507
0.288127
0.288781
0.288508
0.28736
0.285391
0.282665
0.279246
0.275205
0.270616
0.265552
0.260088
0.254299
0.248258
0.242035
0.235694
0.229296
0.222896
0.21654
0.210269
0.204114
0.198102
0.192249
0.186566
0.181061
0.175733
0.170579
0.165597
0.160778
0.156116
0.151604
0.147238
0.143012
0.138924
0.134973
0.131162
0.127493
0.123973
0.120609
0.11741
0.114388
0.111555
0.108925
0.106512
0.104332
0.102399
0.10073
0.0993386
0.0982385
0.0974415
0.0969576
0.0967941
0.0969558
0.0974445
0.0982595
0.099397
0.100851
0.102613
0.104673
0.10702
0.10964
0.112521
0.115649
0.11901
0.122591
0.12638
0.130362
0.134527
0.138862
0.143356
0.147996
0.152773
0.157675
0.162691
0.167812
0.173026
0.178323
0.183694
0.189132
0.19463
0.200184
0.205798
0.211478
0.217242
0.223122
0.229166
0.235445
0.242063
0.249155
0.256897
0.265502
0.275212
0.286273
0.298903
0.313235
0.329255
0.34673
0.365152
0.383695
0.401199
0.41618
0.426873
0.431303
0.427392
0.413123
0.386772
0.347264
0.294678
0.230961
0.160807
0.0922985
0.036118
0.00199352
0.0224815
0.0897515
0.136685
0.168313
0.190135
0.206389
0.219644
0.231192
0.241574
0.250964
0.259389
0.266828
0.273252
0.278641
0.282987
0.286292
0.288572
0.289853
0.290171
0.289568
0.288097
0.285816
0.282789
0.279084
0.274772
0.269929
0.264629
0.258949
0.252964
0.246745
0.240363
0.233883
0.227362
0.220855
0.214405
0.208051
0.201823
0.195743
0.189826
0.18408
0.178511
0.173116
0.167892
0.162832
0.157931
0.153179
0.148572
0.144102
0.139766
0.135562
0.131491
0.127554
0.123756
0.120104
0.116606
0.113273
0.110118
0.107155
0.104398
0.101864
0.0995715
0.0975365
0.0957768
0.0943091
0.0931487
0.0923092
0.0918018
0.0916346
0.0918127
0.0923376
0.0932076
0.0944177
0.09596
0.0978242
0.0999977
0.102467
0.105217
0.108233
0.111499
0.115001
0.118724
0.122654
0.126777
0.131081
0.135554
0.140184
0.144959
0.149869
0.154903
0.160049
0.165298
0.170639
0.176061
0.181555
0.187112
0.192723
0.198384
0.204094
0.209855
0.215679
0.221591
0.22763
0.233857
0.240362
0.247271
0.25475
0.263008
0.272296
0.282885
0.295037
0.308953
0.324706
0.342162
0.360909
0.380198
0.398919
0.415596
0.428426
0.435346
0.434138
0.422589
0.39873
0.361187
0.309699
0.245866
0.174088
0.102375
0.0418138
0.0030232
0.0227164
0.0912424
0.139474
0.172102
0.194515
0.211011
0.224278
0.235704
0.245889
0.25504
0.263201
0.270356
0.276484
0.281566
0.285598
0.288585
0.290545
0.291507
0.291508
0.290595
0.288821
0.286247
0.282939
0.278966
0.274401
0.269321
0.263802
0.257921
0.251753
0.24537
0.238841
0.232231
0.225597
0.218989
0.212451
0.206019
0.199719
0.193572
0.187591
0.181781
0.176146
0.170682
0.165383
0.160244
0.155256
0.150411
0.145703
0.141126
0.136677
0.132353
0.128156
0.124089
0.120157
0.116367
0.112729
0.109256
0.10596
0.102857
0.0999647
0.0973011
0.0948854
0.0927376
0.0908774
0.0893239
0.0880949
0.0872059
0.0866696
0.0864955
0.0866886
0.0872502
0.0881776
0.0894641
0.0910996
0.0930712
0.095364
0.0979616
0.100847
0.104002
0.107411
0.111057
0.114923
0.118996
0.12326
0.127704
0.132314
0.137078
0.141986
0.147027
0.15219
0.157464
0.162839
0.168305
0.173851
0.179467
0.185143
0.190871
0.196643
0.202455
0.208307
0.214206
0.22017
0.226229
0.232434
0.238864
0.245631
0.25289
0.260843
0.26974
0.279871
0.291532
0.304985
0.320385
0.337699
0.356618
0.376486
0.396255
0.414475
0.429318
0.438643
0.440101
0.431291
0.409997
0.374546
0.324332
0.260587
0.187391
0.112631
0.0477184
0.00412896
0.0228691
0.0924457
0.14189
0.175514
0.198545
0.215317
0.228624
0.23995
0.249958
0.25889
0.266804
0.273695
0.279545
0.28434
0.288078
0.290767
0.292428
0.293091
0.292796
0.291593
0.289536
0.286688
0.283117
0.278895
0.274095
0.268795
0.263073
0.257005
0.250667
0.244132
0.237467
0.230737
0.223996
0.217295
0.210674
0.204166
0.197798
0.191585
0.185539
0.179665
0.173962
0.168427
0.163052
0.15783
0.152753
0.147812
0.143001
0.138314
0.133748
0.129302
0.124976
0.120774
0.116703
0.112771
0.108987
0.105366
0.101922
0.0986717
0.0956343
0.0928301
0.0902808
0.0880088
0.0860368
0.0843868
0.0830794
0.0821327
0.0815615
0.0813764
0.081583
0.0821823
0.0831699
0.0845374
0.0862718
0.0883575
0.0907762
0.0935088
0.0965352
0.0998357
0.103391
0.107184
0.111196
0.115412
0.119818
0.124401
0.129146
0.134044
0.139082
0.144251
0.14954
0.154939
0.160437
0.166025
0.171692
0.177428
0.183223
0.189067
0.194951
0.20087
0.206821
0.212806
0.218836
0.224936
0.231146
0.237534
0.244197
0.251278
0.258969
0.267514
0.277211
0.288383
0.301343
0.316324
0.33339
0.352343
0.372629
0.39328
0.412885
0.429606
0.44124
0.445313
0.439244
0.420574
0.387327
0.338545
0.275081
0.20067
0.123023
0.0538066
0.00530263
0.0229448
0.0933653
0.143933
0.178543
0.202218
0.219301
0.232679
0.24393
0.253781
0.262512
0.270198
0.276844
0.282436
0.286965
0.290429
0.292841
0.294223
0.294607
0.294037
0.292564
0.290244
0.287142
0.283327
0.278873
0.273855
0.268351
0.262441
0.2562
0.249706
0.24303
0.23624
0.229398
0.222558
0.215769
0.209069
0.20249
0.196054
0.189777
0.183667
0.177728
0.171956
0.166348
0.160895
0.15559
0.150421
0.145383
0.140467
0.135669
0.130984
0.126412
0.121956
0.117617
0.113404
0.109325
0.105391
0.101616
0.0980161
0.0946097
0.0914173
0.0884614
0.0857664
0.0833576
0.081261
0.0795021
0.078105
0.077091
0.0764775
0.0762768
0.0764953
0.0771332
0.0781848
0.0796387
0.081479
0.0836863
0.0862388
0.0891136
0.0922877
0.0957388
0.0994456
0.103388
0.107549
0.11191
0.116457
0.121177
0.126057
0.131086
0.136252
0.141545
0.146957
0.152476
0.158094
0.1638
0.169585
0.175437
0.181348
0.187307
0.193304
0.199332
0.205386
0.211464
0.217573
0.223729
0.229966
0.236339
0.242934
0.249878
0.257349
0.265583
0.274878
0.285576
0.298029
0.312541
0.329272
0.348135
0.36869
0.39006
0.41089
0.429351
0.443185
0.44981
0.446468
0.430463
0.399515
0.352311
0.28931
0.213878
0.13351
0.0600528
0.0065385
0.0229519
0.0940049
0.145602
0.181184
0.205531
0.222959
0.236438
0.247639
0.257356
0.265905
0.273383
0.279803
0.285158
0.289439
0.292651
0.294806
0.29593
0.296057
0.295233
0.293509
0.290946
0.287609
0.283569
0.278901
0.273681
0.26799
0.261906
0.255506
0.248868
0.242062
0.235156
0.22821
0.221279
0.214407
0.207633
0.200985
0.194484
0.188143
0.18197
0.175965
0.170125
0.164443
0.158912
0.153521
0.148262
0.143125
0.138104
0.133193
0.128389
0.123692
0.119103
0.114627
0.110269
0.10604
0.101951
0.0980168
0.0942543
0.0906832
0.0873257
0.0842065
0.0813528
0.0787931
0.0765573
0.0746752
0.073175
0.0720823
0.0714178
0.0711961
0.0714243
0.0721023
0.0732221
0.0747692
0.0767236
0.0790614
0.0817565
0.0847819
0.0881111
0.0917188
0.0955814
0.0996775
0.103988
0.108495
0.113183
0.11804
0.123052
0.128208
0.133498
0.138913
0.144443
0.150078
0.155811
0.161631
0.167529
0.173495
0.179519
0.18559
0.191698
0.197835
0.203993
0.210169
0.216364
0.22259
0.228872
0.235254
0.24181
0.248653
0.255945
0.263911
0.272842
0.283088
0.295036
0.309048
0.325373
0.344038
0.364722
0.386654
0.408552
0.428607
0.444528
0.453629
0.452988
0.439673
0.411107
0.36561
0.303243
0.226977
0.144053
0.0664315
0.00783133
0.0228956
0.0943775
0.146898
0.183434
0.208476
0.226285
0.239898
0.251076
0.260681
0.269069
0.276358
0.282573
0.287709
0.291765
0.294745
0.296665
0.297551
0.297442
0.296383
0.29443
0.291643
0.28809
0.283843
0.278978
0.273574
0.26771
0.261467
0.254921
0.24815
0.241225
0.234212
0.227171
0.220154
0.213205
0.20636
0.199646
0.193082
0.186679
0.180443
0.174373
0.168464
0.16271
0.1571
0.151624
0.146274
0.141039
0.135914
0.130891
0.125969
0.121147
0.116426
0.111811
0.107308
0.102927
0.0986796
0.0945816
0.0906502
0.0869062
0.0833734
0.0800788
0.0770523
0.0743261
0.0719346
0.0699126
0.0682937
0.0671085
0.0663824
0.0661329
0.0663686
0.0670885
0.0682819
0.0699304
0.0720087
0.0744875
0.0773353
0.0805205
0.0840127
0.0877832
0.0918064
0.0960591
0.100521
0.105174
0.110003
0.114994
0.120135
0.125416
0.130826
0.136358
0.142002
0.147749
0.153591
0.159521
0.165527
0.171601
0.177733
0.183913
0.19013
0.196374
0.202636
0.208912
0.215198
0.221503
0.227842
0.234253
0.240797
0.247571
0.254723
0.262462
0.271068
0.280895
0.29235
0.305844
0.321711
0.340086
0.360773
0.383119
0.405928
0.427432
0.445316
0.456809
0.458829
0.448219
0.422099
0.378427
0.31685
0.23993
0.154615
0.0729175
0.0091759
0.0227745
0.0945137
0.147813
0.185285
0.211048
0.229275
0.243057
0.25424
0.263756
0.272004
0.279124
0.285153
0.290092
0.293942
0.296711
0.298416
0.299087
0.298762
0.29749
0.295326
0.292335
0.288585
0.284149
0.279105
0.273532
0.267511
0.261121
0.254443
0.247551
0.240516
0.233405
0.226275
0.219178
0.212157
0.205246
0.198469
0.191844
0.185381
0.179083
0.172949
0.166972
0.161145
0.155458
0.149899
0.144459
0.139128
0.1339
0.128768
0.12373
0.118784
0.113932
0.109179
0.104531
0.0999972
0.0955902
0.0913247
0.0872191
0.0832948
0.0795769
0.0760944
0.0728801
0.0699703
0.0674043
0.0652229
0.0634665
0.0621723
0.0613715
0.0610861
0.0613264
0.0620904
0.0633644
0.0651242
0.0673382
0.0699702
0.0729823
0.0763376
0.0800011
0.083941
0.0881293
0.0925412
0.0971557
0.101954
0.106922
0.112045
0.117313
0.122714
0.128241
0.133884
0.139636
0.14549
0.151437
0.15747
0.163579
0.169756
0.175992
0.182275
0.188596
0.194944
0.20131
0.207685
0.214066
0.220454
0.226862
0.233317
0.239869
0.246603
0.253649
0.2612
0.269523
0.278966
0.289949
0.302923
0.318294
0.336304
0.356882
0.379502
0.403072
0.425876
0.445598
0.459388
0.464021
0.456114
0.432494
0.390751
0.330109
0.252706
0.165162
0.0794866
0.0105669
0.0225892
0.094432
0.148365
0.186725
0.213239
0.231925
0.245911
0.257129
0.26658
0.274708
0.28168
0.287543
0.292305
0.295971
0.298549
0.300061
0.300536
0.300016
0.298551
0.296198
0.293022
0.289093
0.284486
0.279279
0.273553
0.267389
0.260868
0.254068
0.247066
0.239931
0.23273
0.225519
0.218348
0.21126
0.204285
0.197448
0.190764
0.184243
0.177885
0.171688
0.165646
0.159748
0.153985
0.148345
0.142818
0.137394
0.132065
0.126827
0.121675
0.116609
0.11163
0.106741
0.10195
0.0972643
0.0926968
0.088262
0.0839781
0.079867
0.0759548
0.0722721
0.0688546
0.0657426
0.062981
0.0606175
0.058701
0.0572773
0.0563858
0.0560542
0.0562955
0.0571068
0.0584698
0.0603533
0.0627172
0.0655167
0.0687064
0.0722429
0.0760866
0.0802023
0.0845598
0.0891333
0.0939008
0.0988443
0.103948
0.109201
0.11459
0.120108
0.125745
0.131495
0.13735
0.143304
0.14935
0.15548
0.161686
0.167961
0.174294
0.180676
0.187096
0.193544
0.20001
0.206484
0.212959
0.219435
0.225918
0.232428
0.239006
0.245723
0.252694
0.260095
0.268174
0.277271
0.28781
0.300271
0.315123
0.332707
0.353079
0.375846
0.40003
0.423991
0.445419
0.461407
0.468592
0.463378
0.442298
0.402574
0.343003
0.265278
0.175665
0.0861154
0.011999
0.0223436
0.0941318
0.148588
0.18775
0.215036
0.234227
0.248457
0.25974
0.269151
0.277183
0.284027
0.289744
0.29435
0.297851
0.30026
0.301599
0.3019
0.301206
0.299567
0.297044
0.293702
0.289613
0.284852
0.279499
0.273636
0.267343
0.260703
0.253794
0.246691
0.239466
0.232183
0.224897
0.217659
0.210507
0.203473
0.196579
0.18984
0.183262
0.176846
0.170589
0.164482
0.158517
0.15268
0.146962
0.141351
0.135837
0.130413
0.125073
0.119812
0.11463
0.109527
0.104507
0.0995758
0.0947412
0.0900145
0.0854102
0.0809458
0.0766432
0.0725288
0.0686345
0.0649982
0.0616642
0.0586834
0.0561116
0.0540078
0.0524293
0.0514263
0.0510354
0.0512734
0.052136
0.0535992
0.055622
0.0581529
0.0611367
0.0645188
0.0682486
0.0722815
0.0765792
0.0811094
0.0858455
0.0907656
0.0958516
0.101089
0.106466
0.111973
0.117601
0.123344
0.129194
0.135146
0.141194
0.147332
0.153552
0.159849
0.166215
0.172639
0.179114
0.185628
0.192172
0.198733
0.205302
0.211871
0.218435
0.224997
0.231571
0.238188
0.244908
0.251831
0.259114
0.266988
0.275778
0.285905
0.29787
0.312193
0.329306
0.349387
0.372184
0.396846
0.421819
0.444823
0.462904
0.472573
0.470031
0.45152
0.413895
0.355518
0.277623
0.186096
0.0927822
0.0134667
0.022041
0.0936144
0.148498
0.188388
0.216425
0.236171
0.25069
0.262073
0.271471
0.279428
0.286164
0.291756
0.296225
0.299583
0.301843
0.30303
0.303177
0.302329
0.300537
0.297864
0.294375
0.290143
0.285246
0.279763
0.273777
0.26737
0.260623
0.253616
0.246424
0.239117
0.231759
0.224406
0.217104
0.209894
0.202805
0.195857
0.189065
0.182433
0.175962
0.169647
0.163479
0.157448
0.151542
0.145749
0.140059
0.13446
0.128945
0.123508
0.118145
0.112852
0.107632
0.102487
0.0974204
0.0924412
0.0875591
0.0827874
0.0781427
0.0736462
0.0693239
0.065208
0.0613381
0.057762
0.0545363
0.051726
0.0494021
0.0476368
0.0464955
0.0460274
0.0462563
0.0471765
0.0487546
0.0509363
0.0536554
0.0568431
0.060434
0.0643697
0.0686007
0.0730856
0.0777909
0.0826897
0.0877603
0.0929856
0.0983519
0.103848
0.109467
0.115199
0.12104
0.126985
0.133027
0.139162
0.145384
0.151689
0.15807
0.164519
0.171028
0.177589
0.184191
0.190824
0.197476
0.204137
0.210796
0.217448
0.224091
0.230733
0.2374
0.244139
0.251036
0.258231
0.265935
0.274457
0.284208
0.295699
0.309494
0.326102
0.345824
0.368546
0.393557
0.419405
0.443853
0.463917
0.475997
0.476095
0.460172
0.424714
0.367643
0.289722
0.196432
0.0994665
0.0149649
0.0216849
0.0928849
0.148096
0.18866
0.217416
0.237739
0.252602
0.264124
0.273537
0.281443
0.288092
0.293579
0.297932
0.301166
0.303298
0.304353
0.304367
0.303385
0.30146
0.298655
0.295038
0.290682
0.285665
0.280068
0.273974
0.267466
0.260626
0.253532
0.24626
0.23888
0.231455
0.224039
0.216681
0.209417
0.202276
0.195278
0.188435
0.181753
0.175229
0.168859
0.162634
0.156541
0.15057
0.144707
0.138942
0.133264
0.127665
0.122138
0.116678
0.111283
0.105953
0.100689
0.095495
0.090378
0.0853465
0.0804123
0.0755905
0.0709008
0.066368
0.0620236
0.0579075
0.0540698
0.0505724
0.0474895
0.0449064
0.0429142
0.0415995
0.0410305
0.0412426
0.0422282
0.0439404
0.046306
0.049239
0.0526533
0.0564709
0.0606253
0.0650622
0.0697382
0.0746193
0.0796789
0.0848965
0.0902561
0.0957454
0.101355
0.107078
0.112907
0.11884
0.12487
0.130995
0.137209
0.14351
0.149891
0.156348
0.162874
0.169461
0.176101
0.182784
0.1895
0.196237
0.202984
0.20973
0.216467
0.223191
0.229905
0.236628
0.243397
0.250287
0.257419
0.264987
0.273276
0.282687
0.293734
0.307009
0.323094
0.342399
0.364955
0.390195
0.416784
0.442546
0.464482
0.478892
0.481592
0.468266
0.435033
0.379371
0.301559
0.20665
0.10615
0.0164882
0.021279
0.09195
0.147388
0.18857
0.218029
0.238933
0.25418
0.265886
0.275349
0.283228
0.289812
0.295213
0.299469
0.3026
0.304624
0.305568
0.305469
0.304372
0.302334
0.299417
0.295689
0.291226
0.286107
0.280412
0.274225
0.267629
0.260706
0.253537
0.246195
0.23875
0.231265
0.223794
0.216384
0.20907
0.201882
0.194837
0.187948
0.181217
0.174645
0.168223
0.161943
0.155794
0.149762
0.143835
0.138001
0.132251
0.126574
0.120964
0.115416
0.109927
0.104495
0.0991223
0.0938105
0.0885649
0.0833929
0.0783042
0.0733121
0.068434
0.0636923
0.0591166
0.0547456
0.0506297
0.0468342
0.0434419
0.0405535
0.0382839
0.0367498
0.0360482
0.0362319
0.0372924
0.0391642
0.041746
0.0449242
0.0485909
0.0526541
0.057039
0.061688
0.0665566
0.0716116
0.0768279
0.0821867
0.0876738
0.0932786
0.0989932
0.104812
0.110731
0.116746
0.122854
0.129053
0.135339
0.141709
0.148159
0.154685
0.16128
0.167937
0.174649
0.181406
0.188198
0.195014
0.201842
0.20867
0.215488
0.222291
0.229078
0.23586
0.24267
0.249567
0.256658
0.264116
0.272209
0.281317
0.29195
0.304721
0.320273
0.339118
0.361428
0.386787
0.413991
0.44094
0.464635
0.48129
0.486547
0.475819
0.44486
0.390699
0.313123
0.216735
0.112816
0.0180318
0.0208274
0.090818
0.14638
0.188124
0.218269
0.239768
0.255421
0.267351
0.276899
0.284782
0.291322
0.296658
0.300838
0.303885
0.30582
0.306673
0.306481
0.30529
0.303158
0.300147
0.296327
0.291775
0.286568
0.28079
0.274524
0.267854
0.260862
0.253627
0.246224
0.238723
0.231186
0.223666
0.216208
0.20885
0.201618
0.19453
0.187597
0.180823
0.174205
0.167736
0.161406
0.155204
0.149117
0.143132
0.137236
0.13142
0.125674
0.11999
0.114363
0.10879
0.103267
0.0977958
0.0923772
0.0870146
0.0817137
0.0764822
0.0713307
0.0662737
0.0613304
0.0565269
0.0518986
0.0474934
0.043377
0.0396378
0.0363913
0.0337804
0.0319629
0.0310817
0.0312204
0.032371
0.0344386
0.0372793
0.0407406
0.0446884
0.0490154
0.0536405
0.0585043
0.0635637
0.0687876
0.0741534
0.079645
0.0852504
0.0909611
0.096771
0.102676
0.108674
0.114763
0.120941
0.127205
0.133554
0.139985
0.146495
0.153081
0.159737
0.166457
0.173233
0.180056
0.186918
0.193805
0.200707
0.207611
0.214506
0.221384
0.228243
0.235088
0.241943
0.248858
0.255926
0.263301
0.271228
0.280068
0.29032
0.30261
0.317628
0.335981
0.357976
0.383355
0.411055
0.439066
0.464407
0.483221
0.490984
0.482846
0.454201
0.401628
0.324405
0.226671
0.119449
0.0195908
0.0203337
0.0894977
0.145081
0.187327
0.218138
0.240242
0.256332
0.268519
0.278184
0.2861
0.292621
0.297913
0.302038
0.30502
0.306887
0.307668
0.307402
0.306136
0.303929
0.300843
0.29695
0.292324
0.287047
0.281201
0.27487
0.268139
0.261088
0.253799
0.246345
0.238796
0.231213
0.223649
0.216151
0.208752
0.20148
0.194353
0.187381
0.180566
0.173906
0.167394
0.161019
0.15477
0.148633
0.142596
0.136646
0.130773
0.124965
0.119217
0.113522
0.107875
0.102273
0.0967163
0.0912041
0.0857388
0.0803237
0.0749646
0.0696691
0.0644483
0.0593173
0.0542974
0.0494183
0.0447224
0.0402708
0.0361517
0.0324906
0.0294589
0.0272691
0.026137
0.0262049
0.0274695
0.0297859
0.032942
0.0367317
0.0409899
0.0455962
0.0504664
0.0555428
0.0607862
0.0661693
0.0716737
0.0772864
0.0829984
0.0888034
0.0946971
0.100678
0.106744
0.112896
0.119133
0.125453
0.131855
0.138338
0.1449
0.151537
0.158246
0.16502
0.171852
0.178734
0.185657
0.192608
0.199577
0.206551
0.213518
0.220467
0.227394
0.234302
0.241206
0.248148
0.255207
0.262519
0.270309
0.278915
0.28882
0.300655
0.315145
0.332983
0.354608
0.379917
0.408
0.436954
0.463829
0.484712
0.494925
0.489365
0.463067
0.412157
0.3354
0.236446
0.126037
0.0211608
0.0198017
0.0879987
0.143498
0.186185
0.217639
0.240358
0.256913
0.269391
0.279206
0.287179
0.293707
0.298978
0.303067
0.306004
0.307822
0.308552
0.308231
0.306909
0.304645
0.301503
0.297553
0.292872
0.28754
0.281641
0.275259
0.268479
0.261382
0.254048
0.246552
0.238963
0.231342
0.223741
0.216207
0.208773
0.201465
0.194303
0.187295
0.180444
0.173746
0.167195
0.160781
0.15449
0.14831
0.142228
0.136231
0.130308
0.124449
0.118647
0.112894
0.107185
0.101518
0.0958896
0.0902992
0.0847474
0.0792359
0.0737679
0.0683483
0.0629848
0.0576876
0.0524722
0.0473608
0.0423869
0.0376013
0.0330833
0.0289564
0.0254118
0.0227254
0.0212291
0.0211824
0.0226007
0.0252463
0.0287928
0.0329612
0.0375557
0.0424492
0.0475611
0.0528403
0.0582541
0.0637815
0.0694089
0.0751275
0.0809313
0.0868163
0.0927804
0.0988233
0.104946
0.111149
0.117434
0.1238
0.130245
0.13677
0.143374
0.150054
0.156807
0.163626
0.170506
0.177438
0.184415
0.191423
0.198451
0.205487
0.212519
0.219535
0.226527
0.233495
0.24045
0.247424
0.254485
0.261753
0.26943
0.277833
0.287425
0.298832
0.312808
0.330119
0.351326
0.376487
0.404849
0.43463
0.462929
0.485791
0.498395
0.495393
0.471469
0.422293
0.346105
0.246053
0.132568
0.0227376
0.0192351
0.0863306
0.141643
0.184706
0.216778
0.240117
0.257163
0.269965
0.279964
0.288021
0.294579
0.299849
0.303922
0.306836
0.308624
0.309321
0.308965
0.307607
0.305304
0.302123
0.298135
0.293416
0.288044
0.282106
0.275687
0.268871
0.261739
0.254372
0.246843
0.239222
0.231569
0.223938
0.216373
0.208908
0.201569
0.194376
0.187336
0.180452
0.173722
0.167137
0.160688
0.154361
0.148144
0.142025
0.135989
0.130026
0.124126
0.11828
0.112481
0.106724
0.101005
0.0953203
0.0896686
0.0840488
0.078461
0.0729062
0.067387
0.0619074
0.0564733
0.0510936
0.0457824
0.0405618
0.0354674
0.0305589
0.0259398
0.0217942
0.0184456
0.0163946
0.0161502
0.0177948
0.0208964
0.0249279
0.0295222
0.0344662
0.0396405
0.0449778
0.0504391
0.0560013
0.0616511
0.0673806
0.0731855
0.0790631
0.0850115
0.0910302
0.0971208
0.103286
0.109528
0.115849
0.122249
0.128727
0.135284
0.14192
0.148633
0.155421
0.162276
0.169195
0.176169
0.18319
0.190246
0.197327
0.204418
0.211508
0.218583
0.225636
0.232661
0.239666
0.246676
0.253747
0.260985
0.268571
0.276799
0.28611
0.29712
0.310599
0.327378
0.348131
0.373073
0.401619
0.432118
0.461734
0.486483
0.501416
0.500949
0.479418
0.432039
0.356518
0.255483
0.139034
0.0243175
0.0186374
0.0845039
0.139525
0.182897
0.215557
0.23952
0.257081
0.270242
0.280456
0.288626
0.295238
0.300528
0.304604
0.307512
0.309291
0.309974
0.309601
0.308225
0.305904
0.302702
0.298692
0.293951
0.288555
0.282594
0.276151
0.269311
0.262156
0.254765
0.247213
0.239568
0.231891
0.224236
0.216646
0.209154
0.201788
0.194568
0.187501
0.180589
0.17383
0.167217
0.160738
0.154382
0.148135
0.141985
0.135919
0.129925
0.123993
0.118115
0.112283
0.106492
0.100735
0.0950112
0.0893164
0.0836488
0.0780071
0.0723903
0.0667995
0.0612358
0.0557009
0.0501984
0.0447342
0.039319
0.0339713
0.0287247
0.0236433
0.0188598
0.0146701
0.0117342
0.0111057
0.0131306
0.0168906
0.0215064
0.0265481
0.0318253
0.0372492
0.0427767
0.0483854
0.054064
0.0598067
0.0656115
0.0714786
0.0774086
0.083401
0.0894564
0.0955782
0.10177
0.108037
0.114381
0.120803
0.127303
0.13388
0.140538
0.147275
0.154087
0.16097
0.167918
0.174925
0.181983
0.189079
0.196202
0.203341
0.210481
0.21761
0.224716
0.231794
0.238847
0.245894
0.252982
0.260201
0.267715
0.275793
0.284854
0.295496
0.308501
0.324748
0.34502
0.369684
0.398325
0.429438
0.460266
0.486812
0.504009
0.50605
0.486928
0.441403
0.366641
0.264735
0.145427
0.025897
0.0180121
0.0825287
0.137156
0.180769
0.213984
0.23857
0.256667
0.270218
0.28068
0.288994
0.295683
0.301014
0.305112
0.308034
0.30982
0.310508
0.310138
0.308762
0.306439
0.303234
0.29922
0.294473
0.28907
0.283099
0.276647
0.269797
0.26263
0.255225
0.247659
0.239998
0.232304
0.224631
0.217021
0.209508
0.20212
0.194877
0.187787
0.180852
0.174069
0.167432
0.160929
0.154549
0.14828
0.142107
0.136019
0.130004
0.124051
0.118153
0.1123
0.106488
0.10071
0.0949635
0.0892445
0.0835505
0.077879
0.0722268
0.0665952
0.0609833
0.0553895
0.0498133
0.0442551
0.0387167
0.0332025
0.027722
0.0222963
0.0169756
0.0119026
0.00759868
0.00604723
0.0088552
0.0135508
0.0187814
0.0242175
0.0297579
0.0353642
0.0410227
0.0467282
0.0524794
0.0582774
0.0641248
0.0700254
0.0759827
0.0819969
0.0880689
0.0942036
0.100406
0.106682
0.113036
0.119468
0.125976
0.132563
0.13923
0.14598
0.152808
0.159708
0.166675
0.173706
0.180791
0.187918
0.195076
0.202254
0.209437
0.216611
0.223765
0.230891
0.237988
0.245071
0.252178
0.259387
0.266844
0.274795
0.283634
0.293939
0.306493
0.322217
0.341987
0.366321
0.394978
0.426608
0.458547
0.486799
0.506196
0.510713
0.494011
0.450394
0.376478
0.273804
0.151742
0.0274733
0.0173628
0.0804158
0.134547
0.178329
0.212064
0.237267
0.25592
0.269892
0.280636
0.289122
0.295914
0.301308
0.305447
0.3084
0.310212
0.310922
0.310572
0.309215
0.306908
0.303717
0.299715
0.294978
0.289584
0.283619
0.277171
0.270322
0.263155
0.255748
0.248176
0.240508
0.232805
0.22512
0.217496
0.209968
0.202562
0.195301
0.188192
0.181238
0.174436
0.16778
0.161259
0.154862
0.148577
0.142389
0.136288
0.130261
0.124298
0.11839
0.11253
0.106711
0.100928
0.0951764
0.0894529
0.0837542
0.0780774
0.0724184
0.0667786
0.061156
0.0555479
0.049952
0.044366
0.0387879
0.0332156
0.0276472
0.0220811
0.0165165
0.0109553
0.0054171
0.000978956
0.00592516
0.0114942
0.0171027
0.022739
0.0283971
0.0340754
0.0397798
0.0455145
0.0512837
0.0570916
0.0629433
0.0688441
0.0748004
0.0808116
0.0868776
0.0930054
0.0992007
0.105469
0.111817
0.118245
0.124749
0.131332
0.137999
0.14475
0.151584
0.15849
0.165468
0.172512
0.179616
0.186764
0.193948
0.201156
0.208373
0.215584
0.222779
0.229946
0.237084
0.244201
0.251328
0.258533
0.265945
0.273789
0.282431
0.292429
0.304558
0.319769
0.339025
0.362986
0.391587
0.423643
0.456595
0.486466
0.507997
0.514957
0.500682
0.45902
0.386033
0.282692
0.157974
0.0290437
0.0166927
0.0781759
0.131711
0.175588
0.209802
0.235616
0.25484
0.269263
0.280321
0.289011
0.29593
0.301408
0.305607
0.308609
0.310464
0.311214
0.310902
0.30958
0.307307
0.304147
0.300174
0.295462
0.290092
0.284149
0.277718
0.270883
0.263727
0.256328
0.248761
0.241094
0.233389
0.225699
0.218067
0.210529
0.203112
0.195837
0.188714
0.181745
0.174929
0.168259
0.161726
0.155318
0.149023
0.142829
0.136723
0.130694
0.124731
0.118826
0.112971
0.10716
0.101387
0.0956477
0.089939
0.0842573
0.0785997
0.072963
0.0673475
0.0617519
0.0561741
0.0506123
0.0450654
0.0395327
0.0340147
0.0285141
0.0230381
0.0176063
0.0122757
0.00727813
0.00412188
0.0065575
0.0114595
0.0168056
0.0222955
0.0278548
0.0334589
0.0391028
0.0447857
0.050509
0.0562754
0.0620882
0.0679524
0.073876
0.0798566
0.0858924
0.0919919
0.0981608
0.104405
0.11073
0.11714
0.123626
0.130193
0.136846
0.143588
0.150416
0.157318
0.164295
0.171343
0.178455
0.185616
0.192815
0.200044
0.207287
0.214527
0.221755
0.228957
0.236128
0.243276
0.250422
0.257628
0.265005
0.272758
0.281228
0.290946
0.302676
0.31739
0.336126
0.359677
0.388158
0.420554
0.454427
0.48583
0.509428
0.518798
0.506954
0.467293
0.395313
0.291401
0.164121
0.030606
0.0160052
0.07582
0.128661
0.172557
0.207207
0.233619
0.253427
0.268327
0.279733
0.288656
0.29573
0.301313
0.305592
0.30866
0.310576
0.311382
0.311125
0.309855
0.307632
0.304521
0.300592
0.295922
0.290591
0.284683
0.278283
0.271476
0.264342
0.256962
0.249409
0.241752
0.234053
0.226365
0.218732
0.21119
0.203766
0.196483
0.18935
0.182371
0.175546
0.168867
0.162327
0.155915
0.149618
0.143424
0.137322
0.1313
0.125348
0.119457
0.11362
0.107831
0.102083
0.0963736
0.0906985
0.085055
0.0794406
0.0738534
0.0682933
0.0627605
0.0572549
0.0517773
0.0463303
0.0409188
0.0355523
0.0302485
0.025042
0.0200047
0.0153027
0.0113627
0.00922868
0.0101294
0.013481
0.0179728
0.0229584
0.0281883
0.03356
0.0390284
0.0445721
0.0501806
0.05585
0.0615785
0.0673678
0.0732232
0.0791419
0.0851223
0.0911713
0.097294
0.103495
0.109781
0.116158
0.12261
0.129147
0.135774
0.142494
0.149306
0.156193
0.163157
0.170198
0.177311
0.184473
0.191678
0.198919
0.206178
0.213438
0.22069
0.227919
0.235118
0.242291
0.249456
0.256663
0.264012
0.271688
0.280006
0.289472
0.30083
0.315065
0.333278
0.356392
0.384695
0.417353
0.452058
0.48491
0.510509
0.522252
0.51284
0.475222
0.404324
0.299932
0.170182
0.0321583
0.0153036
0.0733593
0.125409
0.169247
0.204286
0.231279
0.251681
0.267084
0.278869
0.288057
0.295312
0.301024
0.305402
0.308554
0.310546
0.311425
0.311239
0.310038
0.307881
0.304833
0.300966
0.296353
0.291076
0.285217
0.278862
0.272094
0.264996
0.257645
0.250116
0.242478
0.234793
0.227114
0.219486
0.211946
0.204522
0.197235
0.190097
0.183114
0.176284
0.169602
0.163061
0.156651
0.150358
0.144173
0.138083
0.132077
0.126146
0.120281
0.114474
0.108719
0.103012
0.0973487
0.0917254
0.0861402
0.0805915
0.0750785
0.0696023
0.0641646
0.0587682
0.0534176
0.0481206
0.0428894
0.0377447
0.0327208
0.0278776
0.0233236
0.0192627
0.016074
0.0143567
0.0146472
0.0168515
0.0203675
0.0246512
0.0293802
0.0343829
0.0395688
0.0448884
0.0503139
0.0558295
0.0614266
0.0671013
0.0728525
0.0786781
0.084577
0.0905525
0.0966084
0.102748
0.108977
0.115299
0.121704
0.128199
0.134786
0.141471
0.148255
0.155115
0.162056
0.16908
0.176182
0.183334
0.190535
0.197779
0.205044
0.212315
0.219582
0.22683
0.234049
0.241243
0.248422
0.255631
0.262957
0.270567
0.278752
0.287989
0.299002
0.312778
0.330472
0.353126
0.3812
0.414046
0.4495
0.483719
0.511254
0.525333
0.518353
0.482818
0.413075
0.308293
0.176158
0.0336993
0.0145911
0.0708051
0.121971
0.165672
0.201047
0.228602
0.249602
0.26553
0.277725
0.28721
0.294675
0.300538
0.305034
0.308288
0.310373
0.311341
0.311241
0.310125
0.30805
0.305082
0.301291
0.296751
0.291542
0.285747
0.27945
0.272735
0.265682
0.258372
0.250877
0.243268
0.235605
0.227943
0.220327
0.212795
0.205376
0.198091
0.190954
0.183971
0.177142
0.170463
0.163926
0.157523
0.151243
0.145073
0.139003
0.133023
0.127122
0.121293
0.115528
0.109822
0.104169
0.0985666
0.093012
0.0875036
0.0820409
0.0766246
0.0712569
0.0659419
0.0606851
0.0554953
0.0503853
0.0453746
0.0404931
0.0357871
0.0313305
0.0272412
0.0237078
0.0210123
0.0195092
0.0194836
0.0209489
0.0236374
0.0271984
0.0313465
0.0358904
0.0407104
0.045733
0.0509126
0.0562209
0.0616401
0.0671596
0.0727728
0.0784755
0.0842655
0.0901432
0.0961103
0.102169
0.108322
0.114572
0.120914
0.127352
0.133889
0.140526
0.147264
0.154085
0.160994
0.167988
0.175069
0.182201
0.189387
0.196623
0.203885
0.211156
0.21843
0.225688
0.232919
0.240126
0.247314
0.254524
0.261829
0.269383
0.277451
0.286482
0.297175
0.310514
0.327697
0.349874
0.377675
0.410641
0.446764
0.482271
0.511679
0.528056
0.523507
0.490092
0.421574
0.316487
0.18205
0.0352279
0.0138709
0.0681687
0.118359
0.161843
0.197502
0.225592
0.247192
0.263666
0.276299
0.286112
0.293815
0.299854
0.304489
0.307862
0.310055
0.311128
0.31113
0.310113
0.308137
0.305263
0.301563
0.297111
0.291985
0.286267
0.280041
0.273391
0.266397
0.259138
0.251688
0.244116
0.236485
0.228847
0.221251
0.213733
0.206325
0.199048
0.191917
0.18494
0.178117
0.171446
0.16492
0.158531
0.152269
0.146122
0.14008
0.134134
0.128273
0.12249
0.116778
0.111132
0.105547
0.10002
0.0945492
0.0891343
0.0837756
0.0784752
0.0732369
0.0680667
0.0629732
0.0579684
0.0530697
0.0483018
0.0437006
0.0393181
0.0352305
0.0315482
0.0284262
0.026066
0.0246896
0.02447
0.025444
0.0274909
0.0304031
0.0339684
0.0380147
0.0424168
0.0470883
0.0519706
0.0570244
0.0622232
0.0675495
0.0729916
0.0785417
0.0841951
0.0899498
0.0958051
0.101762
0.10782
0.113982
0.120245
0.126612
0.133083
0.139658
0.146336
0.153109
0.159973
0.166928
0.17397
0.181072
0.188233
0.195452
0.202699
0.209959
0.217231
0.224489
0.231723
0.238938
0.246129
0.253337
0.260622
0.268126
0.27609
0.284936
0.295334
0.308258
0.324939
0.346627
0.374117
0.407143
0.443859
0.480579
0.511797
0.530435
0.528314
0.497055
0.429832
0.324522
0.18786
0.0367434
0.0131459
0.0654617
0.114589
0.157775
0.193658
0.222255
0.244452
0.261488
0.274589
0.28476
0.292729
0.29897
0.303764
0.307273
0.309592
0.310784
0.310902
0.310001
0.308136
0.305372
0.301778
0.297427
0.292398
0.286772
0.280631
0.274058
0.267135
0.259938
0.252544
0.245019
0.237427
0.229823
0.222254
0.214758
0.207367
0.200104
0.192986
0.186019
0.179208
0.172551
0.166041
0.159672
0.153435
0.147318
0.141312
0.135407
0.129595
0.123868
0.11822
0.112645
0.107139
0.1017
0.0963274
0.0910205
0.0857811
0.0806126
0.0755202
0.0705119
0.0655983
0.0607942
0.05612
0.0516033
0.0472824
0.0432096
0.0394565
0.0361183
0.0333168
0.0311958
0.0299017
0.0295498
0.0301789
0.0317346
0.0340976
0.037123
0.0406739
0.0446366
0.048924
0.0534717
0.0582332
0.0631752
0.0682743
0.0735139
0.0788826
0.0843727
0.0899793
0.0956999
0.101533
0.107478
0.113534
0.119702
0.125981
0.132371
0.13887
0.145477
0.152187
0.158996
0.165899
0.172889
0.179951
0.187078
0.194264
0.201485
0.208725
0.215984
0.223233
0.23046
0.237674
0.244862
0.252064
0.259329
0.266786
0.274659
0.283338
0.293464
0.305996
0.322188
0.34338
0.370525
0.403553
0.440792
0.478652
0.511619
0.532481
0.532786
0.503718
0.437857
0.332406
0.193593
0.0382454
0.0124193
0.0626957
0.110677
0.153482
0.189529
0.218599
0.241385
0.258997
0.27259
0.28315
0.291415
0.297882
0.302857
0.30652
0.30898
0.310307
0.310556
0.309783
0.308045
0.305405
0.301931
0.297696
0.292778
0.287256
0.281213
0.274731
0.267889
0.260767
0.253438
0.245971
0.238428
0.230866
0.223331
0.215865
0.208498
0.201256
0.194156
0.187207
0.180413
0.173775
0.167288
0.160945
0.154738
0.148658
0.142695
0.136841
0.131086
0.125423
0.119848
0.114354
0.108939
0.103599
0.0983363
0.0931498
0.0880424
0.0830186
0.0780848
0.0732503
0.0685272
0.0639322
0.0594869
0.0552199
0.051169
0.0473833
0.043926
0.0408762
0.0383281
0.0363858
0.0351504
0.034702
0.0350756
0.0362497
0.0381569
0.0407026
0.0437854
0.0473115
0.0512015
0.055392
0.059834
0.0644902
0.0693331
0.0743421
0.0795025
0.0848037
0.0902383
0.0958015
0.10149
0.107302
0.113235
0.119289
0.125463
0.131756
0.138166
0.144689
0.151322
0.158061
0.164899
0.171829
0.178839
0.185921
0.193062
0.200245
0.207456
0.214689
0.221916
0.229128
0.236333
0.243508
0.2507
0.257941
0.265356
0.273145
0.281673
0.291551
0.303714
0.319432
0.340123
0.366895
0.399875
0.43757
0.4765
0.511156
0.534205
0.536933
0.510093
0.445661
0.340149
0.199253
0.0397339
0.0116939
0.0598824
0.106637
0.148981
0.185127
0.214631
0.237995
0.256192
0.2703
0.281278
0.289868
0.296587
0.301765
0.305602
0.308218
0.309694
0.310088
0.309457
0.307859
0.305357
0.302017
0.297912
0.293118
0.287714
0.281781
0.275402
0.268655
0.261618
0.254366
0.246966
0.239483
0.231971
0.22448
0.217051
0.209716
0.202501
0.195425
0.1885
0.18173
0.175117
0.168658
0.162348
0.156178
0.150141
0.144228
0.138431
0.132741
0.127151
0.121657
0.116254
0.110938
0.105709
0.100565
0.0955096
0.0905444
0.0856751
0.0809088
0.0762558
0.071729
0.0673456
0.0631274
0.0591023
0.0553056
0.0517813
0.0485833
0.045776
0.0434319
0.0416279
0.0404368
0.0399146
0.040091
0.0409626
0.0424925
0.0446206
0.0472752
0.0503835
0.0538785
0.0577027
0.0618085
0.0661581
0.0707215
0.075476
0.0804041
0.0854928
0.0907326
0.0961166
0.10164
0.107299
0.113091
0.119014
0.125066
0.131245
0.137549
0.143975
0.150517
0.157172
0.163932
0.17079
0.177735
0.184758
0.191844
0.198981
0.206152
0.213345
0.220541
0.227729
0.234909
0.242065
0.249241
0.256455
0.263828
0.27154
0.279931
0.289581
0.301398
0.316658
0.336849
0.363225
0.396109
0.434198
0.474131
0.510418
0.535619
0.540766
0.516188
0.453254
0.347759
0.204845
0.0412091
0.0109726
0.0570334
0.102487
0.144288
0.180465
0.21036
0.234285
0.253072
0.267716
0.27914
0.288084
0.295082
0.300485
0.304514
0.307304
0.308942
0.309495
0.30902
0.307575
0.305223
0.302031
0.298068
0.293412
0.288139
0.28233
0.276066
0.269425
0.262486
0.255321
0.248
0.240585
0.233134
0.225695
0.218311
0.211015
0.203836
0.196792
0.189896
0.183157
0.176575
0.170151
0.163879
0.157753
0.151765
0.145909
0.140175
0.134557
0.129048
0.123644
0.118339
0.113131
0.10802
0.103005
0.0980878
0.0932726
0.0885647
0.0839719
0.0795045
0.0751757
0.0710023
0.0670053
0.0632107
0.0596502
0.056362
0.0533912
0.0507892
0.0486121
0.0469173
0.0457582
0.0451768
0.0451987
0.0458272
0.0470438
0.0488114
0.0510813
0.0537997
0.0569131
0.0603727
0.0641354
0.0681652
0.0724323
0.0769129
0.0815881
0.0864433
0.0914672
0.0966512
0.101989
0.107476
0.113108
0.118881
0.124794
0.130844
0.137026
0.143338
0.149775
0.156332
0.163
0.169773
0.17664
0.18359
0.190611
0.197688
0.204807
0.211952
0.219108
0.226262
0.233406
0.240536
0.247681
0.254864
0.262194
0.269835
0.278102
0.287542
0.299035
0.313855
0.333548
0.359508
0.392254
0.430678
0.471551
0.509414
0.536731
0.544294
0.522014
0.460645
0.355247
0.210377
0.0426715
0.0102581
0.0541606
0.0982433
0.139419
0.175557
0.205797
0.23026
0.249639
0.264836
0.276732
0.286058
0.293362
0.299014
0.303254
0.306234
0.30805
0.308774
0.308467
0.307189
0.305
0.301967
0.29816
0.293654
0.288524
0.282852
0.276715
0.270193
0.263363
0.256297
0.249065
0.24173
0.234348
0.226971
0.219641
0.212393
0.205256
0.198251
0.191393
0.18469
0.178147
0.171763
0.165536
0.15946
0.153528
0.147734
0.142071
0.136532
0.131111
0.125802
0.120603
0.115511
0.110525
0.105645
0.100873
0.0962132
0.0916714
0.0872552
0.0829746
0.0788426
0.0748748
0.0710906
0.0675135
0.0641711
0.0610958
0.0583246
0.0558985
0.0538607
0.0522548
0.0511207
0.0504911
0.0503873
0.0508164
0.0517702
0.0532269
0.0551543
0.0575144
0.0602665
0.0633712
0.0667918
0.0704959
0.0744557
0.078648
0.0830535
0.087657
0.092446
0.097411
0.102544
0.10784
0.113293
0.1189
0.124656
0.130558
0.136603
0.142786
0.149102
0.155545
0.162107
0.168781
0.175556
0.18242
0.189363
0.196368
0.203422
0.210508
0.217612
0.22472
0.231823
0.238919
0.246022
0.25317
0.260449
0.268023
0.276174
0.285422
0.296613
0.311012
0.330212
0.35574
0.38831
0.427013
0.468766
0.50815
0.53755
0.547527
0.52758
0.467847
0.362624
0.215856
0.044122
0.00955293
0.0512755
0.0939223
0.134392
0.17042
0.200952
0.225928
0.245894
0.261658
0.27405
0.283787
0.291422
0.297347
0.301818
0.305004
0.307012
0.307921
0.307795
0.306695
0.304681
0.30182
0.298181
0.293837
0.288864
0.283339
0.277343
0.270951
0.264242
0.257286
0.250155
0.242909
0.235609
0.228303
0.221036
0.213845
0.206759
0.199802
0.192988
0.186329
0.179831
0.173494
0.167318
0.161297
0.155428
0.149703
0.144117
0.138663
0.133335
0.128129
0.123042
0.118071
0.113216
0.108476
0.103854
0.0993538
0.0949807
0.0907421
0.0866475
0.0827087
0.0789402
0.0753592
0.0719861
0.0688445
0.0659615
0.0633669
0.0610931
0.0591738
0.0576422
0.0565288
0.0558591
0.0556513
0.0559139
0.0566449
0.0578323
0.059456
0.0614899
0.0639044
0.0666693
0.0697548
0.0731335
0.0767807
0.0806749
0.0847981
0.0891347
0.0936724
0.0984009
0.103312
0.108398
0.113654
0.119076
0.124658
0.130396
0.136287
0.142324
0.148502
0.154816
0.161257
0.167817
0.174485
0.18125
0.1881
0.19502
0.201995
0.20901
0.21605
0.223101
0.230153
0.237204
0.244265
0.25137
0.258595
0.266096
0.274139
0.28321
0.29412
0.308116
0.326831
0.351914
0.384274
0.423206
0.46578
0.506632
0.538082
0.550472
0.532896
0.474869
0.369901
0.221289
0.0455617
0.0088597
0.0483897
0.0895417
0.129228
0.16507
0.195839
0.221296
0.241841
0.258181
0.27109
0.281263
0.289258
0.295479
0.300203
0.303612
0.305826
0.306933
0.306999
0.306088
0.304261
0.301584
0.298125
0.293955
0.289149
0.283785
0.277941
0.271692
0.265115
0.258282
0.251262
0.244118
0.236908
0.229684
0.222491
0.215366
0.20834
0.201438
0.194677
0.18807
0.181624
0.175341
0.169222
0.163264
0.157463
0.151814
0.14631
0.140947
0.135718
0.130621
0.125651
0.120806
0.116086
0.111491
0.107022
0.102683
0.0984798
0.0944182
0.0905069
0.0867566
0.0831799
0.0797918
0.0766097
0.0736532
0.0709443
0.0685071
0.066367
0.0645502
0.0630822
0.0619865
0.0612833
0.0609879
0.0611097
0.0616499
0.0626031
0.0639574
0.0656957
0.0677976
0.070241
0.0730028
0.076061
0.0793951
0.0829862
0.086818
0.0908762
0.0951487
0.0996252
0.104297
0.109157
0.114199
0.119418
0.124808
0.130365
0.136084
0.141958
0.147983
0.154151
0.160455
0.166885
0.173431
0.180082
0.186825
0.193646
0.200529
0.207459
0.214422
0.221403
0.228393
0.235388
0.242399
0.249456
0.25663
0.264057
0.271993
0.280897
0.291545
0.305158
0.323397
0.348026
0.380144
0.419257
0.462595
0.504865
0.538334
0.553136
0.53797
0.481721
0.37709
0.226687
0.0469919
0.00818072
0.0455144
0.0851189
0.123945
0.159525
0.190471
0.216372
0.237482
0.254404
0.267848
0.278484
0.286864
0.293405
0.298402
0.302051
0.304488
0.305804
0.306075
0.305364
0.303735
0.301252
0.297984
0.293999
0.289373
0.284182
0.278501
0.272407
0.265974
0.259275
0.252378
0.245347
0.23824
0.231108
0.223999
0.21695
0.209994
0.203156
0.196457
0.189909
0.183523
0.177302
0.171248
0.165359
0.159632
0.154064
0.148648
0.143381
0.138257
0.133273
0.128425
0.123711
0.119129
0.114681
0.110368
0.106192
0.102158
0.0982711
0.0945395
0.0909719
0.0875792
0.0843739
0.0813703
0.0785846
0.0760343
0.0737385
0.0717171
0.0699903
0.0685778
0.067498
0.0667666
0.066397
0.0663983
0.0667738
0.0675221
0.0686369
0.070108
0.071922
0.0740635
0.076516
0.0792625
0.0822869
0.0855737
0.089109
0.0928802
0.0968764
0.101088
0.105506
0.110124
0.114936
0.119934
0.125115
0.130473
0.136002
0.141697
0.147551
0.153556
0.159706
0.16599
0.172399
0.17892
0.18554
0.192247
0.199024
0.205856
0.212728
0.219627
0.226542
0.23347
0.24042
0.247421
0.25454
0.261901
0.269739
0.278479
0.288877
0.302127
0.3199
0.344068
0.375917
0.415166
0.459215
0.502855
0.53831
0.555526
0.542809
0.488415
0.384204
0.232059
0.0484144
0.00751819
0.0426609
0.0806717
0.118563
0.153805
0.184864
0.211167
0.232824
0.250328
0.264323
0.275442
0.284233
0.29112
0.29641
0.300319
0.302991
0.304531
0.305017
0.304517
0.303096
0.300818
0.297751
0.293963
0.289528
0.28452
0.279014
0.273086
0.26681
0.260257
0.253495
0.246588
0.239595
0.232568
0.225553
0.21859
0.211714
0.204951
0.198323
0.191844
0.185525
0.179374
0.173391
0.167578
0.161933
0.156452
0.15113
0.145965
0.14095
0.136083
0.131361
0.126781
0.122341
0.118042
0.113885
0.109871
0.106005
0.102291
0.0987343
0.0953433
0.0921266
0.0890942
0.0862578
0.0836301
0.0812251
0.0790574
0.0771426
0.075496
0.074133
0.0730676
0.0723127
0.0718798
0.0717771
0.0720094
0.0725775
0.073479
0.0747085
0.0762581
0.0781179
0.0802769
0.082723
0.0854442
0.0884289
0.0916659
0.0951448
0.0988563
0.102792
0.106944
0.111305
0.11587
0.120633
0.125588
0.130729
0.136051
0.141548
0.147213
0.153039
0.159017
0.165139
0.171393
0.177767
0.184249
0.190826
0.197481
0.2042
0.210968
0.21777
0.224598
0.231447
0.238326
0.245261
0.252316
0.259611
0.267364
0.275962
0.286112
0.299011
0.316331
0.340034
0.371589
0.410931
0.455642
0.500602
0.538015
0.557646
0.54742
0.494959
0.391255
0.237416
0.049831
0.00687418
0.0398399
0.0762177
0.113104
0.147929
0.179034
0.205693
0.227872
0.245955
0.26051
0.272135
0.281361
0.288616
0.294222
0.298408
0.301331
0.303107
0.303819
0.303541
0.302338
0.300275
0.297418
0.293837
0.289603
0.28479
0.279471
0.273721
0.267613
0.261218
0.254603
0.247833
0.240965
0.234054
0.227145
0.220281
0.213496
0.206818
0.20027
0.193869
0.187628
0.181553
0.175651
0.169921
0.164363
0.158975
0.153754
0.148695
0.143795
0.139049
0.134456
0.130013
0.125717
0.121568
0.117567
0.113715
0.110015
0.106469
0.103083
0.0998622
0.0968135
0.0939449
0.0912652
0.0887844
0.086513
0.0844624
0.0826443
0.0810703
0.0797522
0.0787007
0.0779262
0.0774386
0.077246
0.077353
0.0777618
0.0784726
0.0794834
0.0807904
0.0823883
0.0842703
0.086429
0.0888562
0.0915437
0.0944835
0.0976676
0.101089
0.10474
0.108615
0.112707
0.117012
0.121522
0.126234
0.131142
0.13624
0.141521
0.146979
0.152607
0.158396
0.164336
0.170418
0.176629
0.182956
0.189386
0.195903
0.202493
0.209141
0.215834
0.22256
0.229318
0.236113
0.242973
0.249957
0.25718
0.26485
0.273331
0.283262
0.295803
0.312682
0.335916
0.367156
0.406553
0.451875
0.49811
0.537452
0.5595
0.551811
0.501365
0.398258
0.24277
0.051244
0.00625054
0.0370618
0.0717748
0.107589
0.141919
0.173001
0.199963
0.222634
0.241286
0.25641
0.268557
0.27824
0.285888
0.291831
0.296312
0.299502
0.301526
0.302476
0.302429
0.301453
0.299614
0.296978
0.293614
0.289591
0.284983
0.279862
0.274301
0.268373
0.262148
0.255692
0.249071
0.242341
0.235558
0.228768
0.222013
0.21533
0.208748
0.202292
0.195979
0.189825
0.183837
0.178023
0.172384
0.166921
0.161633
0.156517
0.15157
0.146788
0.142169
0.137708
0.133403
0.129253
0.125255
0.12141
0.117718
0.114181
0.1108
0.107579
0.104522
0.101634
0.0989205
0.0963882
0.0940444
0.0918968
0.0899539
0.0882244
0.0867171
0.0854405
0.084403
0.0836123
0.0830778
0.0828071
0.0828037
0.0830708
0.0836102
0.0844226
0.0855071
0.0868619
0.0884837
0.0903688
0.0925126
0.0949102
0.0975563
0.100446
0.103574
0.106934
0.110523
0.114336
0.118366
0.122611
0.127065
0.131722
0.136577
0.141625
0.146858
0.152269
0.15785
0.163591
0.169482
0.17551
0.181664
0.18793
0.194292
0.200737
0.20725
0.213817
0.220428
0.22708
0.23378
0.240554
0.247458
0.254603
0.262189
0.270562
0.280318
0.292514
0.308942
0.331708
0.362614
0.402028
0.447914
0.49538
0.536622
0.561093
0.555986
0.50764
0.405225
0.248133
0.0526557
0.00564898
0.0343366
0.0673602
0.102039
0.135798
0.166784
0.193993
0.217121
0.236327
0.252021
0.264704
0.274865
0.282928
0.28923
0.294024
0.297497
0.299782
0.300981
0.301175
0.300435
0.298829
0.296422
0.293283
0.289481
0.285088
0.280175
0.274815
0.269078
0.263035
0.256751
0.250291
0.243712
0.237069
0.230411
0.223779
0.21721
0.210736
0.204383
0.19817
0.192112
0.186221
0.180503
0.174964
0.169603
0.164422
0.159417
0.154588
0.149929
0.145439
0.141114
0.13695
0.132946
0.1291
0.12541
0.121877
0.118499
0.115279
0.112218
0.109319
0.106584
0.104018
0.101625
0.0994091
0.0973768
0.0955339
0.0938863
0.0924407
0.0912034
0.0901807
0.0893788
0.0888047
0.0884646
0.0883625
0.0885022
0.0888869
0.0895187
0.0903991
0.0915285
0.0929067
0.0945326
0.0964048
0.0985213
0.100879
0.103477
0.10631
0.109377
0.112673
0.116196
0.119942
0.123907
0.128087
0.132478
0.137074
0.14187
0.146859
0.152034
0.157388
0.16291
0.16859
0.174418
0.18038
0.186463
0.192653
0.198935
0.205295
0.211721
0.218202
0.224734
0.231326
0.238001
0.244815
0.251876
0.259374
0.267644
0.277249
0.28916
0.305108
0.327404
0.357957
0.397356
0.44376
0.492412
0.535528
0.562427
0.55995
0.513795
0.412171
0.253519
0.0540692
0.00507099
0.0316739
0.0629914
0.0964778
0.129589
0.160404
0.1878
0.211344
0.231084
0.247346
0.260574
0.271231
0.279729
0.28641
0.291538
0.295309
0.297869
0.299327
0.299771
0.299275
0.297909
0.29574
0.292835
0.289263
0.285095
0.2804
0.275251
0.269717
0.263867
0.257768
0.251482
0.245067
0.238578
0.232063
0.225567
0.219126
0.212773
0.206535
0.200432
0.194483
0.188699
0.183088
0.177657
0.172407
0.167339
0.162453
0.157746
0.153216
0.148859
0.144672
0.140651
0.136795
0.1331
0.129565
0.126187
0.122967
0.119904
0.116998
0.114251
0.111663
0.109236
0.106974
0.104879
0.102955
0.101205
0.0996342
0.0982462
0.0970461
0.0960389
0.0952296
0.0946217
0.0942196
0.094029
0.0940542
0.094299
0.0947666
0.0954596
0.0963805
0.097531
0.0989124
0.100525
0.102371
0.104448
0.106758
0.109298
0.112069
0.115068
0.118294
0.121745
0.125419
0.129312
0.13342
0.13774
0.142266
0.146993
0.151913
0.15702
0.162303
0.167753
0.173359
0.179109
0.18499
0.190988
0.197089
0.203279
0.209546
0.21588
0.222278
0.228747
0.235312
0.242026
0.248994
0.256401
0.264568
0.274036
0.285718
0.301202
0.322994
0.353182
0.392532
0.439411
0.489205
0.534168
0.563501
0.563708
0.519837
0.41911
0.258944
0.0554873
0.0045179
0.0290824
0.0586851
0.0909267
0.123316
0.153883
0.181402
0.205316
0.225564
0.242385
0.256165
0.267331
0.276284
0.283365
0.288844
0.292929
0.295776
0.297505
0.298208
0.297965
0.296847
0.294923
0.29226
0.288926
0.284991
0.280524
0.275597
0.270277
0.264633
0.25873
0.25263
0.246393
0.240071
0.233715
0.227367
0.221068
0.214849
0.208739
0.20276
0.196931
0.191265
0.185771
0.180458
0.175328
0.170382
0.165621
0.161044
0.156646
0.152426
0.148381
0.144506
0.140798
0.137254
0.133872
0.130649
0.127583
0.124673
0.121917
0.119316
0.116868
0.114575
0.112438
0.110457
0.108634
0.106972
0.105473
0.104139
0.102974
0.101982
0.101165
0.100527
0.100071
0.0998029
0.0997261
0.0998449
0.100163
0.100685
0.101413
0.102351
0.103502
0.104868
0.106453
0.108258
0.110286
0.112536
0.115011
0.11771
0.120634
0.123783
0.127154
0.130747
0.134559
0.138587
0.142826
0.147271
0.151917
0.156756
0.161779
0.166978
0.172342
0.17786
0.183518
0.189304
0.195204
0.201205
0.207295
0.213465
0.219712
0.226045
0.232485
0.239088
0.245955
0.253264
0.261329
0.270668
0.282152
0.297245
0.318471
0.348284
0.387555
0.434866
0.485758
0.532543
0.564318
0.567261
0.525776
0.426058
0.264424
0.0569138
0.00399079
0.0265703
0.0544574
0.0854084
0.117004
0.147247
0.17482
0.199053
0.219777
0.237143
0.251476
0.263163
0.272588
0.280086
0.285934
0.290349
0.293497
0.295507
0.296478
0.296495
0.295632
0.29396
0.291546
0.288458
0.284765
0.280536
0.275839
0.270744
0.265317
0.259623
0.253723
0.247676
0.241536
0.235351
0.229168
0.223024
0.216953
0.210985
0.205143
0.199447
0.193911
0.188547
0.183362
0.178361
0.173546
0.168918
0.164476
0.160217
0.156139
0.152238
0.148511
0.144953
0.141561
0.138331
0.13526
0.132346
0.129585
0.126975
0.124515
0.122202
0.120037
0.118018
0.116146
0.114419
0.11284
0.111408
0.110126
0.108995
0.108017
0.107194
0.10653
0.106027
0.105689
0.105521
0.105526
0.105708
0.106072
0.106622
0.107362
0.108296
0.109429
0.110765
0.112307
0.114058
0.116023
0.118204
0.120602
0.123221
0.12606
0.129121
0.132403
0.135905
0.139624
0.143559
0.147705
0.152056
0.156607
0.16135
0.166276
0.171376
0.176639
0.182053
0.187606
0.193284
0.199075
0.204969
0.210957
0.217037
0.223216
0.229519
0.235999
0.242754
0.249961
0.25792
0.267137
0.278444
0.293221
0.313852
0.343256
0.38242
0.430121
0.482069
0.530649
0.564875
0.570612
0.531618
0.43303
0.269975
0.0583523
0.00349058
0.0241452
0.050324
0.079945
0.110679
0.140521
0.168076
0.192572
0.213735
0.231627
0.246508
0.258723
0.268633
0.276565
0.282799
0.287559
0.291022
0.293323
0.294571
0.294855
0.294255
0.292841
0.290682
0.287847
0.284404
0.28042
0.275965
0.271105
0.265906
0.260433
0.254746
0.248903
0.242958
0.23696
0.230955
0.224981
0.219074
0.213263
0.207572
0.202023
0.196631
0.191408
0.186363
0.181501
0.176827
0.17234
0.168041
0.163927
0.159995
0.156243
0.152665
0.149258
0.146018
0.14294
0.140021
0.137255
0.13464
0.132172
0.129849
0.127667
0.125624
0.123718
0.121949
0.120314
0.118813
0.117446
0.116213
0.115114
0.114152
0.113326
0.112639
0.112094
0.111694
0.111443
0.111344
0.111402
0.111621
0.112006
0.112561
0.113292
0.114204
0.115301
0.11659
0.118074
0.119758
0.121648
0.123746
0.126057
0.128583
0.131325
0.134286
0.137466
0.140864
0.144478
0.148306
0.152343
0.156586
0.161027
0.165658
0.170471
0.175457
0.180604
0.1859
0.191335
0.196895
0.202573
0.208359
0.214253
0.220262
0.226413
0.232756
0.239389
0.246486
0.254338
0.263436
0.274583
0.289092
0.309171
0.33809
0.377125
0.425174
0.478136
0.528484
0.565171
0.573762
0.53737
0.440041
0.275617
0.0598071
0.00301794
0.0218138
0.0462996
0.0745583
0.104366
0.13373
0.161195
0.185894
0.207451
0.225844
0.241263
0.254009
0.264414
0.272795
0.27943
0.284551
0.28834
0.290943
0.292476
0.293036
0.292703
0.291553
0.289656
0.28708
0.283894
0.280164
0.275959
0.271344
0.266385
0.261144
0.255682
0.250058
0.244323
0.238527
0.232715
0.226927
0.221198
0.215559
0.210035
0.204647
0.199413
0.194344
0.189452
0.184741
0.180217
0.175881
0.171732
0.16777
0.16399
0.160391
0.156967
0.153713
0.150626
0.1477
0.14493
0.142311
0.13984
0.13751
0.13532
0.133264
0.131339
0.129542
0.127871
0.126324
0.124898
0.123593
0.122407
0.121341
0.120394
0.119567
0.118861
0.118278
0.117823
0.117497
0.117304
0.117249
0.117334
0.117566
0.117949
0.118488
0.11919
0.12006
0.121105
0.122329
0.123741
0.125343
0.127144
0.129146
0.131355
0.133774
0.136405
0.139252
0.142315
0.145593
0.149086
0.152791
0.156705
0.160821
0.165135
0.169639
0.174323
0.179179
0.184196
0.189363
0.194671
0.200109
0.205673
0.211361
0.217183
0.223165
0.229357
0.235858
0.242836
0.250578
0.25956
0.270558
0.284832
0.304443
0.332778
0.371667
0.420023
0.473953
0.526043
0.565201
0.57671
0.543039
0.447107
0.281371
0.0612829
0.00257338
0.0195819
0.0423978
0.0692697
0.0980923
0.126903
0.154203
0.179039
0.200943
0.219805
0.235747
0.249021
0.259927
0.268769
0.275819
0.281313
0.285441
0.288356
0.290184
0.291025
0.290966
0.290085
0.288455
0.286144
0.283221
0.279753
0.275806
0.271446
0.266736
0.26174
0.256517
0.251124
0.245613
0.240034
0.234432
0.228846
0.223312
0.217861
0.212519
0.207309
0.202246
0.197347
0.19262
0.188073
0.18371
0.179534
0.175546
0.171742
0.168121
0.16468
0.161413
0.158316
0.155383
0.152609
0.149988
0.147515
0.145184
0.142991
0.14093
0.138996
0.137185
0.135494
0.133918
0.132455
0.131101
0.129856
0.128716
0.127682
0.126751
0.125924
0.125202
0.124587
0.124082
0.123689
0.12341
0.12325
0.123212
0.123301
0.123523
0.123882
0.124385
0.125039
0.125849
0.126823
0.127968
0.12929
0.130795
0.13249
0.13438
0.136472
0.138768
0.141272
0.143988
0.146916
0.150058
0.153412
0.156976
0.160748
0.164721
0.168891
0.17325
0.17779
0.182503
0.187378
0.192408
0.197585
0.202903
0.208365
0.21398
0.219775
0.225802
0.232158
0.239008
0.246635
0.255502
0.266362
0.280427
0.299653
0.327334
0.366044
0.414664
0.469519
0.523322
0.564962
0.579454
0.548629
0.454243
0.287257
0.0627849
0.00215719
0.0174547
0.0386313
0.0640997
0.0918837
0.120068
0.147126
0.172031
0.194228
0.213523
0.229967
0.24376
0.25517
0.26448
0.271957
0.277836
0.282314
0.285551
0.28768
0.288809
0.28903
0.288423
0.287065
0.285024
0.28237
0.27917
0.275489
0.271393
0.266944
0.262205
0.257233
0.252085
0.246813
0.241467
0.23609
0.230722
0.2254
0.220154
0.215011
0.209994
0.205119
0.200403
0.195856
0.191486
0.187297
0.183293
0.179474
0.175838
0.172383
0.169105
0.166
0.163062
0.160285
0.157665
0.155193
0.152865
0.150674
0.148614
0.14668
0.144866
0.143166
0.141577
0.140093
0.138711
0.137428
0.13624
0.135146
0.134143
0.13323
0.132406
0.131671
0.131027
0.130478
0.130024
0.129667
0.12941
0.129257
0.129213
0.129283
0.129473
0.129788
0.130235
0.130821
0.131553
0.132439
0.133486
0.1347
0.13609
0.137663
0.139423
0.141379
0.143534
0.145892
0.148458
0.151233
0.154219
0.157414
0.160819
0.164429
0.168241
0.17225
0.176448
0.180831
0.185389
0.190115
0.195005
0.200055
0.205267
0.210655
0.216244
0.22209
0.228287
0.235
0.242506
0.251258
0.261989
0.275868
0.294765
0.321789
0.360249
0.409093
0.464826
0.520314
0.564446
0.581991
0.554145
0.461468
0.2933
0.0643185
0.00176948
0.0154362
0.0350116
0.0590681
0.0857664
0.113255
0.139994
0.164898
0.187329
0.207013
0.223932
0.238231
0.250141
0.259923
0.267835
0.27411
0.278947
0.282516
0.284954
0.286376
0.286881
0.286554
0.285471
0.283705
0.281326
0.2784
0.274993
0.271169
0.266991
0.262519
0.257811
0.252922
0.247904
0.242806
0.23767
0.232538
0.227445
0.222421
0.217495
0.212687
0.208018
0.203502
0.19915
0.19497
0.190968
0.187147
0.183508
0.180049
0.176767
0.17366
0.170722
0.167948
0.165331
0.162866
0.160545
0.158361
0.156309
0.154382
0.152572
0.150875
0.149284
0.147794
0.1464
0.145098
0.143883
0.142752
0.141702
0.140731
0.139837
0.139019
0.138277
0.13761
0.13702
0.136508
0.136077
0.13573
0.13547
0.135302
0.13523
0.135259
0.135396
0.135646
0.136018
0.136517
0.137152
0.13793
0.138859
0.139947
0.141203
0.142633
0.144244
0.146043
0.148036
0.150228
0.152623
0.155224
0.158032
0.161049
0.164273
0.167703
0.171336
0.175167
0.179192
0.183405
0.187802
0.192379
0.197134
0.202074
0.207211
0.212575
0.218221
0.224244
0.230809
0.238188
0.246824
0.257433
0.271146
0.289755
0.316171
0.354273
0.403305
0.459869
0.517011
0.563646
0.584317
0.55959
0.468795
0.299526
0.0658899
0.00141021
0.0135299
0.0315488
0.0541933
0.0797659
0.106493
0.132838
0.157667
0.180269
0.200294
0.217654
0.232439
0.244841
0.255096
0.263447
0.270124
0.27533
0.279237
0.281991
0.283713
0.284506
0.284461
0.283658
0.282171
0.280071
0.277425
0.274299
0.270756
0.266858
0.262664
0.258232
0.253616
0.248867
0.244033
0.239156
0.234276
0.229429
0.224646
0.219954
0.215374
0.210927
0.206627
0.202486
0.198512
0.194711
0.191086
0.187638
0.184366
0.181268
0.178339
0.175574
0.172968
0.170515
0.168207
0.166038
0.164001
0.162088
0.160292
0.158607
0.157025
0.155541
0.154149
0.152843
0.151619
0.150471
0.149396
0.14839
0.147452
0.146577
0.145766
0.145017
0.14433
0.143703
0.143139
0.142641
0.142211
0.141852
0.141567
0.141361
0.141239
0.141207
0.14127
0.141436
0.141711
0.142103
0.14262
0.14327
0.144061
0.145002
0.146101
0.147367
0.148806
0.150427
0.152236
0.154238
0.15644
0.158843
0.161453
0.164269
0.167293
0.170524
0.173961
0.177601
0.181441
0.18548
0.189715
0.194149
0.198789
0.203652
0.208769
0.214196
0.22003
0.226434
0.233678
0.242197
0.252689
0.266252
0.284606
0.310492
0.348105
0.3973
0.454644
0.513405
0.562553
0.586424
0.564964
0.476241
0.305963
0.0675058
0.00107925
0.0117379
0.0282519
0.0494925
0.0739072
0.0998115
0.125688
0.150368
0.173075
0.193387
0.211148
0.226394
0.239273
0.249995
0.258786
0.265871
0.27145
0.275702
0.278777
0.280802
0.281888
0.282129
0.281609
0.280405
0.278589
0.276228
0.273389
0.270135
0.266526
0.262622
0.258478
0.254148
0.249683
0.245128
0.240526
0.235917
0.231334
0.22681
0.22237
0.218037
0.21383
0.209764
0.20585
0.202098
0.198513
0.195098
0.191854
0.18878
0.185874
0.183131
0.180547
0.178116
0.175831
0.173685
0.17167
0.16978
0.168007
0.166343
0.164782
0.163316
0.161938
0.160643
0.159424
0.158276
0.157195
0.156175
0.155214
0.154307
0.153453
0.152649
0.151895
0.151188
0.150529
0.149919
0.149359
0.148852
0.1484
0.148007
0.147676
0.147412
0.147219
0.147104
0.147073
0.147132
0.147289
0.147552
0.147929
0.148429
0.149059
0.14983
0.15075
0.151828
0.153071
0.154489
0.156089
0.157878
0.159861
0.162045
0.164432
0.167027
0.169831
0.172846
0.176073
0.179511
0.183161
0.187026
0.19111
0.195423
0.199985
0.20483
0.210017
0.215644
0.221875
0.228974
0.237373
0.247752
0.261178
0.279309
0.304752
0.341748
0.391077
0.449143
0.509486
0.561154
0.588304
0.570269
0.483822
0.312639
0.0691731
0.000776517
0.010062
0.0251282
0.0449817
0.0682144
0.0932412
0.118578
0.143033
0.165776
0.186315
0.204433
0.220107
0.233443
0.244621
0.253849
0.261341
0.267297
0.271898
0.275297
0.27763
0.279012
0.279541
0.279307
0.278389
0.27686
0.274789
0.272244
0.269285
0.265975
0.262371
0.258527
0.254497
0.25033
0.24607
0.241761
0.237439
0.23314
0.228893
0.224725
0.220657
0.216709
0.212894
0.209226
0.205712
0.202358
0.199167
0.19614
0.193276
0.190573
0.188027
0.185631
0.183381
0.18127
0.17929
0.177434
0.175694
0.174063
0.172532
0.171095
0.169744
0.168472
0.167274
0.166141
0.16507
0.164055
0.16309
0.162173
0.1613
0.160467
0.159673
0.158914
0.158191
0.157502
0.156849
0.156233
0.155655
0.155117
0.154622
0.154173
0.153774
0.153429
0.153144
0.152924
0.152776
0.152707
0.152724
0.152835
0.153048
0.153373
0.153819
0.154394
0.155109
0.155973
0.156995
0.158184
0.159549
0.161098
0.162839
0.164778
0.166921
0.169274
0.17184
0.174625
0.177631
0.180862
0.184325
0.188028
0.191985
0.196219
0.200766
0.20569
0.21109
0.21713
0.224076
0.232349
0.242619
0.255922
0.273857
0.298922
0.335226
0.38463
0.443358
0.505241
0.559437
0.589945
0.575501
0.491554
0.319589
0.0708999
0.000502548
0.00850282
0.0221838
0.0406751
0.0627105
0.0868118
0.111541
0.135697
0.158403
0.179108
0.19753
0.213593
0.22736
0.238976
0.248631
0.256528
0.26286
0.267811
0.271537
0.27418
0.27586
0.27668
0.276733
0.276103
0.274865
0.27309
0.270843
0.268188
0.265184
0.26189
0.258359
0.254642
0.250788
0.24684
0.242839
0.238824
0.234826
0.230876
0.226998
0.223215
0.219544
0.216
0.212595
0.209336
0.206229
0.203277
0.200482
0.197841
0.195352
0.193012
0.190814
0.188753
0.186822
0.185014
0.18332
0.181734
0.180247
0.178852
0.177541
0.176306
0.175141
0.174039
0.172994
0.171999
0.17105
0.170142
0.16927
0.16843
0.16762
0.166836
0.166076
0.165339
0.164624
0.163932
0.163264
0.16262
0.162001
0.16141
0.160849
0.160322
0.159833
0.159385
0.158985
0.158637
0.158349
0.158128
0.15798
0.157914
0.157939
0.158064
0.158298
0.158652
0.159135
0.159758
0.16053
0.161463
0.162567
0.16385
0.165323
0.166993
0.168871
0.170962
0.173276
0.17582
0.178601
0.18163
0.18492
0.188488
0.192362
0.196584
0.201219
0.20637
0.212204
0.218983
0.227126
0.237288
0.25048
0.268245
0.292971
0.328573
0.377954
0.437278
0.500657
0.557384
0.591334
0.580657
0.499449
0.326846
0.0726947
0.000261732
0.00706031
0.0194233
0.0365853
0.0574173
0.0805527
0.104611
0.128394
0.15099
0.171793
0.190463
0.206871
0.221034
0.233066
0.243134
0.251425
0.25813
0.263428
0.267482
0.270435
0.272413
0.273525
0.273869
0.273529
0.272585
0.271108
0.269166
0.266821
0.264133
0.261159
0.257952
0.254561
0.251034
0.247414
0.24374
0.240048
0.236371
0.232736
0.229169
0.22569
0.222316
0.219061
0.215937
0.212951
0.210108
0.207412
0.204862
0.202457
0.200195
0.198072
0.196081
0.194218
0.192474
0.190844
0.189318
0.18789
0.186551
0.185294
0.184111
0.182995
0.181938
0.180934
0.179976
0.179059
0.178177
0.177326
0.1765
0.175695
0.174909
0.174138
0.17338
0.172631
0.171892
0.171166
0.17045
0.169744
0.169049
0.168368
0.167701
0.167052
0.166424
0.165821
0.165248
0.164709
0.16421
0.163757
0.163358
0.163021
0.162752
0.162562
0.16246
0.162455
0.162558
0.162781
0.163134
0.163629
0.164277
0.165091
0.166081
0.167261
0.168641
0.170233
0.172048
0.174099
0.176398
0.178959
0.181802
0.184948
0.18843
0.192295
0.196613
0.201492
0.207099
0.213698
0.221702
0.231757
0.244847
0.262465
0.28689
0.321808
0.37104
0.430896
0.49572
0.554979
0.592454
0.58573
0.507523
0.334448
0.074567
0.000107542
0.00573377
0.0168499
0.0327233
0.052355
0.0744927
0.0978232
0.121163
0.143574
0.164405
0.183261
0.199962
0.214481
0.226899
0.237358
0.24603
0.253098
0.258739
0.263116
0.266378
0.268654
0.270059
0.270692
0.270645
0.269997
0.268823
0.267191
0.265163
0.262799
0.260155
0.257284
0.254233
0.251048
0.247772
0.244441
0.241091
0.237753
0.234454
0.231216
0.22806
0.225003
0.222057
0.219233
0.216537
0.213976
0.21155
0.209261
0.207106
0.205084
0.203189
0.201416
0.199759
0.198211
0.196765
0.195414
0.194149
0.192963
0.191847
0.190795
0.1898
0.188853
0.187949
0.187081
0.186243
0.185429
0.184636
0.183857
0.18309
0.18233
0.181574
0.18082
0.180066
0.179309
0.17855
0.177787
0.177023
0.176256
0.175488
0.17472
0.173955
0.173195
0.172444
0.171704
0.170981
0.170279
0.169603
0.168961
0.168359
0.167805
0.167306
0.166873
0.166515
0.166242
0.166066
0.165998
0.166051
0.166239
0.166573
0.16707
0.167742
0.168605
0.169673
0.170963
0.172491
0.174276
0.176336
0.178696
0.181384
0.18444
0.187915
0.191885
0.196463
0.201821
0.208223
0.216079
0.226025
0.239021
0.256512
0.28067
0.314947
0.363877
0.424202
0.490414
0.552199
0.593284
0.59071
0.515787
0.342437
0.076528
0.000219248
0.00452195
0.0144655
0.0290984
0.0475426
0.0686598
0.0912117
0.11404
0.136193
0.156979
0.175955
0.192891
0.20772
0.220486
0.231307
0.240339
0.247756
0.25373
0.258425
0.261992
0.264563
0.266259
0.267183
0.267429
0.26708
0.266213
0.264895
0.263191
0.26116
0.258857
0.256332
0.253634
0.250807
0.24789
0.24492
0.241931
0.23895
0.236005
0.233117
0.230305
0.227583
0.224965
0.222459
0.220073
0.217809
0.215671
0.213658
0.211768
0.209997
0.208343
0.206798
0.205358
0.204015
0.202761
0.20159
0.200495
0.199466
0.198497
0.19758
0.196708
0.195874
0.195072
0.194296
0.193539
0.192796
0.192062
0.191333
0.190604
0.189872
0.189134
0.188387
0.187629
0.186856
0.186067
0.185263
0.184443
0.183608
0.182759
0.181896
0.18102
0.180135
0.179241
0.178342
0.177442
0.176545
0.175655
0.174778
0.173919
0.173087
0.172288
0.171531
0.170826
0.170182
0.169611
0.169124
0.168736
0.168459
0.168309
0.168301
0.168453
0.168782
0.169306
0.170047
0.171024
0.172262
0.173786
0.175627
0.177821
0.180412
0.183461
0.187049
0.191297
0.196379
0.202564
0.21026
0.220091
0.232999
0.25038
0.274308
0.308009
0.356452
0.41719
0.484721
0.549019
0.593801
0.595582
0.524253
0.350856
0.0785908
0.000386905
0.00342341
0.012271
0.0257183
0.0429974
0.0630812
0.0848118
0.107066
0.128888
0.149554
0.168579
0.185687
0.200771
0.213841
0.224989
0.234355
0.2421
0.248392
0.253395
0.257259
0.260121
0.262105
0.263319
0.263859
0.263811
0.263253
0.262256
0.260883
0.259192
0.25724
0.255075
0.252743
0.250288
0.247747
0.245155
0.242544
0.23994
0.237369
0.23485
0.2324
0.230034
0.227763
0.225595
0.223535
0.221587
0.219752
0.21803
0.216419
0.214914
0.213512
0.212207
0.210993
0.209864
0.208811
0.207828
0.206908
0.206042
0.205225
0.204447
0.203703
0.202986
0.20229
0.201607
0.200934
0.200264
0.199592
0.198914
0.198226
0.197525
0.196806
0.196067
0.195305
0.194517
0.193702
0.19286
0.19199
0.191093
0.190167
0.189214
0.188234
0.187229
0.1862
0.185149
0.18408
0.182995
0.181899
0.180795
0.179689
0.178588
0.177497
0.176425
0.17538
0.174373
0.173412
0.172512
0.171684
0.170944
0.170307
0.16979
0.169412
0.169193
0.169156
0.169325
0.169726
0.170387
0.171342
0.172627
0.174287
0.176374
0.178957
0.182127
0.18601
0.190787
0.196731
0.20425
0.213959
0.226781
0.244065
0.267795
0.301006
0.348759
0.409852
0.47862
0.545412
0.593974
0.600328
0.532927
0.359753
0.0807719
0.0005415
0.00243734
0.0102662
0.0225894
0.0387356
0.0577835
0.0786586
0.100282
0.121702
0.142172
0.161171
0.178383
0.19366
0.206982
0.218415
0.228079
0.236126
0.242716
0.248011
0.252162
0.255308
0.257576
0.259077
0.25991
0.260166
0.259921
0.259249
0.258214
0.256873
0.255282
0.253488
0.251537
0.249468
0.24732
0.245123
0.242908
0.240701
0.238522
0.236391
0.234324
0.232333
0.230428
0.228615
0.2269
0.225284
0.223769
0.222354
0.221035
0.21981
0.218673
0.217619
0.216642
0.215735
0.214892
0.214105
0.213367
0.212671
0.21201
0.211377
0.210766
0.210169
0.209581
0.208997
0.20841
0.207815
0.207208
0.206584
0.20594
0.205271
0.204573
0.203845
0.203083
0.202283
0.201444
0.200568
0.199652
0.198696
0.197699
0.196661
0.195582
0.194463
0.193305
0.19211
0.190878
0.189613
0.188319
0.186997
0.185653
0.184292
0.18292
0.181542
0.180168
0.178805
0.177465
0.176158
0.174897
0.173697
0.172574
0.171546
0.170633
0.169858
0.169247
0.168826
0.168627
0.168684
0.169038
0.169731
0.170818
0.17236
0.174436
0.177145
0.180625
0.185063
0.190738
0.198058
0.207635
0.220368
0.237568
0.261127
0.293915
0.340827
0.402176
0.472086
0.541341
0.593768
0.604924
0.541815
0.36918
0.0830929
0.000678366
0.00156633
0.00845021
0.0197171
0.0347723
0.0527926
0.0727875
0.0937284
0.114678
0.134876
0.153771
0.171012
0.186415
0.199929
0.211595
0.221517
0.229832
0.236694
0.242261
0.246684
0.250104
0.252649
0.254434
0.25556
0.256119
0.256192
0.255851
0.25516
0.254179
0.25296
0.25155
0.249993
0.248327
0.246587
0.244803
0.243003
0.241209
0.239443
0.23772
0.236055
0.234457
0.232936
0.231497
0.230143
0.228877
0.227698
0.226604
0.225592
0.224659
0.223799
0.223008
0.222278
0.221604
0.220978
0.220395
0.219847
0.219327
0.218829
0.218346
0.217871
0.2174
0.216925
0.216441
0.215944
0.215428
0.214889
0.214322
0.213724
0.21309
0.212418
0.211704
0.210944
0.210135
0.209277
0.208371
0.207413
0.206403
0.205338
0.20422
0.203047
0.201819
0.200538
0.199204
0.197818
0.196381
0.194897
0.193367
0.191794
0.190184
0.18854
0.186868
0.185175
0.183469
0.181759
0.180056
0.178371
0.176718
0.175115
0.173579
0.172132
0.170797
0.169603
0.168579
0.167762
0.167192
0.166914
0.166982
0.167457
0.168411
0.169935
0.17214
0.175172
0.179232
0.184604
0.1917
0.201126
0.213766
0.230888
0.254303
0.286703
0.3327
0.394148
0.465089
0.536766
0.593137
0.609337
0.550918
0.379191
0.0855836
0.000797712
0.000831587
0.00682195
0.0171063
0.0311222
0.0481344
0.0672345
0.0874494
0.107864
0.127714
0.146424
0.163613
0.179067
0.192705
0.204547
0.214676
0.223218
0.23032
0.236135
0.240811
0.244491
0.247304
0.249367
0.250784
0.251647
0.252041
0.252036
0.251698
0.251086
0.25025
0.249237
0.248089
0.246841
0.245526
0.244173
0.242806
0.241445
0.24011
0.238813
0.237568
0.236383
0.235264
0.234216
0.233241
0.23234
0.231511
0.230753
0.230062
0.229434
0.228863
0.228345
0.227873
0.227441
0.227042
0.226671
0.22632
0.225982
0.225653
0.225326
0.224994
0.224652
0.224294
0.223916
0.223513
0.223079
0.222611
0.222104
0.221555
0.22096
0.220315
0.219619
0.218867
0.218058
0.217187
0.216252
0.215253
0.21419
0.213062
0.211867
0.210605
0.209274
0.207876
0.20641
0.204877
0.203277
0.201612
0.199882
0.198092
0.196243
0.19434
0.192386
0.190387
0.188351
0.186284
0.184197
0.1821
0.180007
0.177933
0.175898
0.173921
0.172028
0.170249
0.168616
0.167168
0.165952
0.165018
0.164428
0.164254
0.164579
0.165504
0.167155
0.169692
0.173328
0.178356
0.185195
0.194446
0.20698
0.224027
0.247316
0.279361
0.324406
0.385749
0.457597
0.531638
0.592028
0.613527
0.56023
0.389846
0.0882851
0.000900626
0.000417125
0.00538061
0.0147621
0.0278006
0.0438354
0.0620363
0.0814891
0.101309
0.120734
0.139176
0.156228
0.17165
0.185338
0.197287
0.207567
0.216288
0.223591
0.229621
0.234527
0.238449
0.241518
0.243852
0.245556
0.246725
0.247442
0.24778
0.247803
0.24757
0.24713
0.246528
0.245803
0.24499
0.244118
0.243212
0.242296
0.241387
0.240501
0.23965
0.238843
0.238088
0.237389
0.236748
0.236168
0.235647
0.235184
0.234776
0.234418
0.234107
0.233837
0.233602
0.233398
0.233217
0.233053
0.232901
0.232755
0.232607
0.232453
0.232287
0.232102
0.231895
0.231659
0.231391
0.231085
0.230737
0.230344
0.229901
0.229404
0.228851
0.228238
0.227562
0.22682
0.226009
0.225126
0.224168
0.223135
0.222026
0.220839
0.219574
0.218228
0.216802
0.215294
0.213703
0.212031
0.210276
0.208439
0.206521
0.204524
0.202448
0.200298
0.198075
0.195785
0.193433
0.191025
0.188569
0.186076
0.183558
0.181029
0.178506
0.176011
0.173569
0.171209
0.168966
0.166883
0.165008
0.1634
0.162127
0.16127
0.160924
0.161204
0.16225
0.164239
0.167398
0.172033
0.178571
0.187615
0.200021
0.216985
0.24016
0.271883
0.315979
0.376955
0.449574
0.525901
0.590375
0.617438
0.569737
0.401206
0.0912565
0.000988659
0.000703606
0.00412609
0.0126914
0.0248245
0.0399242
0.0572319
0.0758941
0.0950626
0.113988
0.132074
0.148899
0.164202
0.177856
0.189838
0.200202
0.209047
0.216503
0.222713
0.227819
0.231963
0.235272
0.237868
0.239855
0.241328
0.242371
0.243058
0.243451
0.243608
0.243577
0.2434
0.243115
0.242752
0.24234
0.241901
0.241455
0.241016
0.240597
0.240209
0.239858
0.23955
0.239286
0.23907
0.238899
0.238773
0.238689
0.238643
0.238631
0.238648
0.238689
0.238749
0.238821
0.2389
0.23898
0.239055
0.23912
0.239168
0.239195
0.239196
0.239164
0.239097
0.238988
0.238833
0.238629
0.238372
0.238057
0.23768
0.23724
0.236732
0.236154
0.235501
0.234773
0.233964
0.233071
0.232093
0.231031
0.229881
0.228642
0.227311
0.225889
0.224373
0.222762
0.221055
0.219251
0.217351
0.215352
0.213256
0.211063
0.208774
0.20639
0.203914
0.201348
0.198697
0.195965
0.19316
0.19029
0.187365
0.184399
0.181408
0.178412
0.175435
0.172506
0.169663
0.166948
0.164412
0.16212
0.160145
0.158577
0.157523
0.157112
0.1575
0.158882
0.161503
0.165686
0.17187
0.180662
0.192906
0.209768
0.232828
0.264261
0.307463
0.367737
0.440981
0.519486
0.588094
0.621
0.579414
0.413333
0.0945807
0.0010632
0.00114466
0.00306074
0.0109057
0.0222165
0.0364339
0.0528639
0.0707138
0.0891781
0.107528
0.12517
0.141674
0.156761
0.17029
0.182223
0.192596
0.201501
0.209058
0.215403
0.220676
0.225014
0.228547
0.231392
0.233655
0.235432
0.236804
0.237846
0.238618
0.239177
0.239568
0.239832
0.240003
0.24011
0.240176
0.240221
0.240262
0.240311
0.240379
0.240471
0.240593
0.240747
0.240936
0.241157
0.24141
0.241692
0.241999
0.242327
0.242672
0.243028
0.24339
0.243752
0.24411
0.244456
0.244787
0.245097
0.245379
0.24563
0.245844
0.246017
0.246144
0.246221
0.246243
0.246207
0.246109
0.245945
0.245713
0.245407
0.245027
0.244568
0.244028
0.243403
0.242691
0.241889
0.240994
0.240002
0.238914
0.237727
0.23644
0.23505
0.233556
0.231956
0.23025
0.228434
0.226508
0.224471
0.222322
0.220059
0.217683
0.215194
0.212592
0.209877
0.207053
0.204121
0.201086
0.197952
0.194726
0.191418
0.188039
0.184604
0.18113
0.177641
0.174166
0.17074
0.167406
0.164218
0.161241
0.158555
0.156257
0.154465
0.153321
0.152998
0.153711
0.155726
0.159388
0.165151
0.173629
0.185662
0.202387
0.225318
0.256482
0.298896
0.35807
0.431775
0.512312
0.585082
0.624119
0.58922
0.42629
0.0983742
0.00112515
0.00152424
0.00218996
0.00942566
0.0200093
0.033407
0.048982
0.0660033
0.083713
0.101411
0.118518
0.134599
0.14937
0.162676
0.174466
0.184768
0.193661
0.201257
0.207687
0.213087
0.21759
0.221324
0.224404
0.226936
0.229014
0.230718
0.232121
0.233283
0.234257
0.235085
0.235806
0.236451
0.237044
0.237607
0.238155
0.238702
0.239257
0.239828
0.240417
0.241027
0.24166
0.242314
0.242987
0.243677
0.244378
0.245088
0.2458
0.246511
0.247215
0.247906
0.24858
0.24923
0.249852
0.25044
0.25099
0.251497
0.251956
0.252363
0.252713
0.253003
0.253229
0.253387
0.253473
0.253485
0.25342
0.253273
0.253043
0.252726
0.25232
0.251821
0.251228
0.250538
0.249748
0.248856
0.247857
0.246746
0.245527
0.244196
0.242752
0.241193
0.239517
0.237722
0.235806
0.233767
0.231604
0.229315
0.226898
0.224352
0.221678
0.218873
0.215938
0.212874
0.209683
0.206366
0.202927
0.199372
0.195708
0.191945
0.188095
0.184174
0.180204
0.176212
0.172231
0.168303
0.164482
0.160835
0.157444
0.15441
0.15186
0.149948
0.148865
0.148844
0.150178
0.153236
0.158493
0.166579
0.178332
0.194865
0.217633
0.248533
0.29027
0.347987
0.421905
0.504278
0.581209
0.626671
0.599087
0.440132
0.102797
0.00117514
0.00180791
0.00152522
0.00829068
0.0182556
0.0309031
0.045649
0.0618273
0.0787309
0.0956999
0.112174
0.127727
0.142072
0.155049
0.166598
0.176737
0.185538
0.193106
0.199565
0.205046
0.209679
0.213587
0.216885
0.219677
0.222052
0.224092
0.225863
0.227425
0.228826
0.230108
0.231304
0.23244
0.233539
0.234617
0.235688
0.236759
0.237838
0.238928
0.24003
0.241144
0.242269
0.243402
0.244538
0.245675
0.246807
0.247928
0.249035
0.25012
0.251179
0.252207
0.253199
0.254148
0.255051
0.255903
0.256699
0.257435
0.258107
0.258711
0.259243
0.259701
0.26008
0.260378
0.260591
0.260717
0.260753
0.260696
0.260545
0.260295
0.259945
0.259493
0.258936
0.258271
0.257496
0.256608
0.255602
0.254477
0.253232
0.251866
0.250376
0.24876
0.247016
0.245141
0.243134
0.240992
0.238714
0.236297
0.233739
0.231038
0.228194
0.225204
0.222068
0.218785
0.215357
0.211783
0.208067
0.204212
0.200224
0.19611
0.191881
0.187551
0.183139
0.178669
0.174173
0.16969
0.165271
0.160983
0.156907
0.153147
0.149835
0.147133
0.145248
0.144432
0.145005
0.147363
0.152013
0.159604
0.170982
0.187243
0.20979
0.240407
0.28152
0.337586
0.411304
0.495264
0.576313
0.628495
0.608918
0.454907
0.108063
0.00121323
0.00197391
0.00110422
0.00757356
0.0170427
0.0290136
0.0429514
0.0582686
0.0743072
0.0904625
0.106202
0.121115
0.134919
0.147452
0.158652
0.16853
0.177151
0.184615
0.191038
0.196549
0.20127
0.205324
0.208821
0.211859
0.214529
0.216905
0.219052
0.221025
0.222869
0.224621
0.22631
0.227957
0.229581
0.231195
0.232806
0.23442
0.236039
0.237665
0.239295
0.240926
0.242556
0.244179
0.245789
0.247383
0.248953
0.250495
0.252002
0.253469
0.25489
0.25626
0.257575
0.258829
0.260018
0.261137
0.262184
0.263153
0.264042
0.264848
0.265566
0.266195
0.266731
0.267173
0.267516
0.26776
0.267901
0.267938
0.267869
0.26769
0.267401
0.266998
0.26648
0.265845
0.26509
0.264213
0.26321
0.262076
0.260811
0.259415
0.257884
0.256218
0.254413
0.252467
0.250379
0.248145
0.245763
0.243231
0.240546
0.237706
0.23471
0.231554
0.228238
0.22476
0.22112
0.217318
0.213355
0.209233
0.204957
0.200532
0.195967
0.191273
0.186467
0.181569
0.176609
0.171622
0.166656
0.161773
0.157053
0.152598
0.148539
0.145045
0.142331
0.140668
0.140398
0.141952
0.145871
0.152836
0.163709
0.179581
0.201815
0.232093
0.272594
0.326978
0.399897
0.485137
0.570198
0.629383
0.618572
0.470641
0.114449
0.00123755
0.00199211
0.00105638
0.00739562
0.016508
0.0278795
0.0410178
0.0554442
0.0705372
0.0857831
0.100677
0.114828
0.127966
0.139934
0.150667
0.160176
0.168521
0.175796
0.182114
0.187595
0.19236
0.196525
0.200196
0.203469
0.206426
0.209141
0.211672
0.214068
0.216371
0.218611
0.220812
0.222991
0.225161
0.227329
0.229499
0.231674
0.23385
0.236027
0.238198
0.240359
0.242504
0.244627
0.24672
0.248778
0.250794
0.252762
0.254675
0.256528
0.258315
0.260032
0.261674
0.263236
0.264714
0.266105
0.267406
0.268612
0.269721
0.270731
0.271639
0.272442
0.273139
0.273727
0.274204
0.274569
0.274819
0.274953
0.274969
0.274865
0.27464
0.274291
0.273817
0.273215
0.272485
0.271623
0.270627
0.26949
0.268211
0.266792
0.265229
0.263521
0.261665
0.259659
0.2575
0.255186
0.252714
0.250081
0.247285
0.244324
0.241194
0.237894
0.234422
0.230775
0.226952
0.222953
0.218778
0.214428
0.209905
0.205214
0.200362
0.195358
0.190215
0.184952
0.179592
0.174167
0.168721
0.16331
0.158007
0.15291
0.148147
0.143883
0.140336
0.13779
0.136606
0.137246
0.140291
0.146466
0.156664
0.171983
0.193757
0.223588
0.263448
0.31628
0.387617
0.473751
0.562624
0.629063
0.627849
0.487333
0.122304
0.00123849
0.00181234
0.00156463
0.00792066
0.0168287
0.0276968
0.0400603
0.0535212
0.0675521
0.0817734
0.0956891
0.108947
0.121284
0.132554
0.142694
0.151716
0.159678
0.166671
0.172803
0.17819
0.182946
0.187184
0.191003
0.194493
0.197733
0.200787
0.203709
0.206543
0.209321
0.212068
0.214802
0.217533
0.22027
0.223012
0.225761
0.228513
0.231263
0.234003
0.236728
0.239429
0.242099
0.244729
0.247312
0.24984
0.252306
0.254704
0.257027
0.259269
0.261425
0.263491
0.265462
0.267334
0.269104
0.270769
0.272325
0.27377
0.275102
0.276318
0.277418
0.278398
0.279257
0.279995
0.280608
0.281096
0.281458
0.281692
0.281797
0.281771
0.281614
0.281322
0.280896
0.280333
0.279631
0.27879
0.277805
0.276674
0.275391
0.273956
0.272369
0.270628
0.268731
0.266675
0.264458
0.262077
0.25953
0.256813
0.253924
0.250861
0.247621
0.244201
0.240599
0.236813
0.23284
0.228681
0.224334
0.219799
0.215078
0.210175
0.205094
0.199842
0.19443
0.188872
0.18319
0.17741
0.171568
0.165715
0.159916
0.154258
0.14886
0.14388
0.139531
0.136094
0.133944
0.133567
0.135584
0.140771
0.150071
0.164611
0.185715
0.214925
0.254049
0.305529
0.374494
0.460947
0.553306
0.627193
0.636472
0.504935
0.132046
0.00119271
0.00137443
0.00272894
0.00935235
0.0182156
0.0286781
0.0403013
0.0527345
0.0655964
0.0786064
0.0913436
0.103568
0.114952
0.125387
0.134795
0.143201
0.150663
0.15727
0.163127
0.168345
0.173033
0.177298
0.181234
0.184924
0.188438
0.191834
0.195157
0.198442
0.201713
0.204988
0.208276
0.211582
0.214906
0.218243
0.221589
0.224934
0.22827
0.231588
0.234877
0.238127
0.241328
0.244471
0.247548
0.250549
0.253468
0.256297
0.259031
0.261663
0.26419
0.266605
0.268906
0.271089
0.273151
0.275089
0.276901
0.278586
0.280142
0.281566
0.282858
0.284016
0.28504
0.285929
0.286681
0.287295
0.287771
0.288108
0.288305
0.288361
0.288274
0.288045
0.28767
0.28715
0.286483
0.285667
0.284701
0.283582
0.282303
0.280861
0.27926
0.277498
0.275572
0.273479
0.271218
0.268786
0.266181
0.2634
0.26044
0.257299
0.253974
0.250463
0.246763
0.242873
0.23879
0.234512
0.23004
0.225372
0.22051
0.215456
0.210212
0.204785
0.199182
0.193416
0.187503
0.181464
0.175329
0.169141
0.162954
0.156844
0.150916
0.145311
0.140228
0.135937
0.132806
0.131332
0.132169
0.136145
0.144271
0.15773
0.177869
0.206195
0.244403
0.294597
0.36076
0.446542
0.541905
0.623339
0.644066
0.523333
0.14415
0.00106166
0.000882399
0.00471031
0.0119188
0.0209063
0.0310459
0.0419448
0.0533242
0.0649296
0.0765456
0.0878933
0.0988294
0.109054
0.118521
0.127047
0.134697
0.141531
0.147636
0.153116
0.158079
0.162632
0.166873
0.17089
0.174758
0.178538
0.182277
0.18601
0.189762
0.193547
0.197372
0.201238
0.20514
0.209072
0.213024
0.216983
0.220936
0.224872
0.228777
0.232637
0.236442
0.24018
0.243839
0.247411
0.250887
0.254258
0.257519
0.260663
0.263684
0.266578
0.269342
0.271971
0.274463
0.276816
0.279027
0.281095
0.283019
0.284798
0.28643
0.287915
0.289253
0.290443
0.291484
0.292376
0.293118
0.293711
0.294154
0.294446
0.294587
0.294576
0.294412
0.294095
0.293623
0.292997
0.292213
0.291272
0.290172
0.288911
0.287479
0.285875
0.284103
0.282161
0.280048
0.27776
0.275297
0.272656
0.269834
0.266829
0.26364
0.260263
0.256696
0.252938
0.248986
0.244838
0.240494
0.235953
0.231213
0.226275
0.221141
0.215813
0.210295
0.204594
0.198717
0.192677
0.186492
0.180184
0.173786
0.167343
0.160917
0.154594
0.148496
0.142796
0.137737
0.133666
0.131067
0.130601
0.133139
0.139767
0.151756
0.170521
0.197577
0.234554
0.283314
0.346741
0.430377
0.528055
0.61697
0.650132
0.542321
0.159132
0.000793291
0.00190878
0.00777334
0.0158579
0.0251309
0.0350195
0.0452061
0.055501
0.0657595
0.0758554
0.0856391
0.0950111
0.103812
0.112033
0.119534
0.126288
0.132354
0.137826
0.142813
0.147424
0.151761
0.155917
0.159974
0.163996
0.168032
0.172117
0.176273
0.18051
0.18483
0.189229
0.193696
0.198218
0.202779
0.207363
0.211951
0.216526
0.221071
0.225571
0.230009
0.234371
0.238646
0.242822
0.246888
0.250836
0.254658
0.258347
0.261897
0.265304
0.268563
0.271671
0.274626
0.277424
0.280065
0.282547
0.284869
0.287031
0.289031
0.290871
0.292549
0.294066
0.295422
0.296617
0.297651
0.298524
0.299236
0.299788
0.30018
0.30041
0.30048
0.300388
0.300135
0.299719
0.299141
0.2984
0.297494
0.296424
0.295187
0.29378
0.292195
0.290432
0.288495
0.286383
0.284093
0.281625
0.278977
0.276146
0.273131
0.269931
0.266543
0.262966
0.259198
0.255238
0.251084
0.246736
0.242192
0.237453
0.232519
0.22739
0.222068
0.216557
0.21086
0.204984
0.198938
0.192734
0.186389
0.179926
0.17338
0.166797
0.160244
0.153819
0.147664
0.141983
0.137082
0.133403
0.131581
0.132492
0.137281
0.14733
0.164175
0.189409
0.224655
0.27163
0.332559
0.412535
0.511356
0.607445
0.654015
0.561564
0.177501
0.00041701
0.00453214
0.0122572
0.0214286
0.0310939
0.0407774
0.0502597
0.0594455
0.0682886
0.0767575
0.084813
0.0924281
0.0995532
0.1062
0.112381
0.118045
0.123215
0.127917
0.13228
0.136423
0.140449
0.144449
0.148496
0.152644
0.156927
0.161362
0.165955
0.170698
0.175578
0.180575
0.185668
0.190833
0.196044
0.201277
0.206508
0.211715
0.216877
0.221975
0.226993
0.231914
0.236725
0.241414
0.245971
0.250386
0.254653
0.258764
0.262716
0.266502
0.27012
0.273568
0.276843
0.279943
0.282868
0.285618
0.288191
0.290588
0.29281
0.294856
0.296727
0.298424
0.299948
0.301299
0.302478
0.303485
0.304322
0.304989
0.305486
0.305814
0.305972
0.305962
0.305784
0.305436
0.30492
0.304236
0.303382
0.302358
0.301165
0.299801
0.298261
0.296538
0.294634
0.292553
0.290295
0.287859
0.285243
0.282446
0.279468
0.276307
0.272963
0.269434
0.265719
0.261819
0.257731
0.253456
0.248993
0.244343
0.239505
0.234481
0.229271
0.223879
0.218305
0.212556
0.206637
0.200554
0.194321
0.187953
0.181471
0.17491
0.168316
0.161761
0.155352
0.14925
0.143702
0.139081
0.135954
0.135146
0.137806
0.145408
0.159651
0.182303
0.21508
0.259666
0.317976
0.393549
0.491383
0.594002
0.65487
0.580548
0.199713
0.000924981
0.00866668
0.0185616
0.0289136
0.0389771
0.0484436
0.0572105
0.0652711
0.0726616
0.0794337
0.0856401
0.0913357
0.0965672
0.101404
0.105915
0.110156
0.114186
0.117998
0.121596
0.125136
0.128737
0.132493
0.136472
0.140714
0.145234
0.150027
0.155075
0.160349
0.165817
0.171442
0.177188
0.183018
0.188897
0.194794
0.20068
0.206526
0.212309
0.218007
0.223603
0.229079
0.234421
0.239617
0.244658
0.249533
0.254238
0.258764
0.263109
0.267269
0.27124
0.275021
0.278611
0.282009
0.285215
0.288229
0.291052
0.293684
0.296126
0.298381
0.300447
0.302328
0.304024
0.305537
0.306869
0.308019
0.30899
0.309782
0.310398
0.310837
0.311101
0.31119
0.311105
0.310847
0.310416
0.309813
0.309037
0.30809
0.306972
0.305682
0.304221
0.302584
0.300764
0.29876
0.296582
0.294228
0.291701
0.288998
0.28612
0.283067
0.279839
0.276435
0.272855
0.2691
0.265169
0.261063
0.256781
0.252325
0.247694
0.24289
0.237914
0.232766
0.227449
0.221965
0.216318
0.21051
0.20455
0.198444
0.192207
0.185857
0.179424
0.172954
0.16652
0.160235
0.154282
0.148949
0.144693
0.142228
0.142613
0.147326
0.158213
0.177301
0.206552
0.24777
0.302765
0.374058
0.467899
0.575795
0.651626
0.598526
0.226098
0.00247239
0.0147639
0.0271361
0.0386067
0.0489403
0.0580911
0.0660873
0.0730002
0.0789274
0.0839816
0.088283
0.0919574
0.0951323
0.0979448
0.100529
0.103009
0.105516
0.108145
0.110856
0.113646
0.116684
0.120086
0.123926
0.128228
0.132978
0.138143
0.143671
0.149509
0.155599
0.161883
0.168309
0.174828
0.181394
0.187969
0.194517
0.201006
0.207411
0.213708
0.219877
0.225902
0.231768
0.237464
0.24298
0.248308
0.253442
0.258376
0.263108
0.267635
0.271954
0.276065
0.279968
0.283662
0.287149
0.29043
0.293505
0.296377
0.299047
0.301517
0.303789
0.305865
0.307747
0.309437
0.310938
0.31225
0.313377
0.314319
0.315078
0.315657
0.316056
0.316277
0.316322
0.316191
0.315886
0.315407
0.314757
0.313936
0.312945
0.311785
0.310457
0.308961
0.307296
0.305454
0.303431
0.301235
0.298873
0.296346
0.293655
0.290801
0.287783
0.284603
0.281261
0.277759
0.274097
0.270275
0.266295
0.262156
0.257861
0.253408
0.248801
0.244038
0.239121
0.234051
0.228829
0.223455
0.217933
0.212263
0.20645
0.200503
0.194435
0.188269
0.182047
0.175836
0.169755
0.164
0.158903
0.155011
0.153199
0.154802
0.161674
0.176083
0.200397
0.236788
0.287218
0.353939
0.441577
0.551835
0.642918
0.614427
0.256775
0.00504481
0.0234528
0.0384637
0.0507866
0.0611028
0.0697285
0.0768304
0.0825428
0.0870036
0.0903606
0.0927724
0.0944095
0.0954546
0.0961032
0.0965552
0.0970062
0.097649
0.0986598
0.100154
0.102057
0.104369
0.107283
0.110901
0.115228
0.120212
0.125775
0.131824
0.13827
0.145024
0.152007
0.159146
0.16638
0.173652
0.180918
0.188136
0.195273
0.2023
0.209193
0.215932
0.222501
0.228886
0.235076
0.241062
0.246838
0.252398
0.257739
0.262857
0.267752
0.272423
0.276869
0.281092
0.285092
0.288872
0.292433
0.295777
0.298908
0.301826
0.304536
0.30704
0.309341
0.311441
0.313343
0.315051
0.316566
0.317891
0.31903
0.319983
0.320754
0.321345
0.321758
0.321995
0.322057
0.321948
0.321669
0.321221
0.320606
0.319826
0.318884
0.317779
0.316515
0.315092
0.313511
0.31177
0.30986
0.307779
0.305535
0.303141
0.3006
0.297911
0.295077
0.292099
0.288978
0.285715
0.282312
0.278769
0.275087
0.271268
0.267311
0.263216
0.258985
0.254618
0.250113
0.24547
0.240688
0.235764
0.230695
0.22548
0.220117
0.214605
0.208948
0.203161
0.197272
0.191339
0.185475
0.179881
0.17492
0.171218
0.169821
0.172358
0.181113
0.198851
0.228386
0.272243
0.332857
0.413701
0.521266
0.62707
0.626755
0.291549
0.00914628
0.0355047
0.0530242
0.0656619
0.0754789
0.0832323
0.089221
0.0936234
0.0965955
0.0982955
0.0988908
0.0985645
0.0975213
0.0959889
0.0942136
0.0924534
0.0909703
0.0900132
0.0898055
0.0904811
0.091909
0.0941773
0.0974934
0.101833
0.107084
0.113104
0.119745
0.12687
0.134355
0.142091
0.14999
0.157974
0.165981
0.173957
0.18186
0.189655
0.197311
0.204807
0.212121
0.219239
0.226149
0.23284
0.239306
0.245541
0.25154
0.257303
0.262827
0.268112
0.273158
0.277968
0.282542
0.286882
0.290993
0.294875
0.298533
0.301971
0.30519
0.308195
0.31099
0.313578
0.315963
0.318147
0.320136
0.321931
0.323537
0.324956
0.326193
0.327248
0.328127
0.328831
0.329364
0.329727
0.329924
0.329957
0.329828
0.329541
0.329097
0.328499
0.327748
0.326848
0.325801
0.324608
0.323271
0.32179
0.320165
0.318388
0.316453
0.314365
0.31214
0.309789
0.307316
0.304718
0.301997
0.299156
0.296194
0.293113
0.289912
0.286592
0.283154
0.279596
0.275919
0.27212
0.268197
0.264147
0.259964
0.255642
0.251173
0.246546
0.241751
0.236776
0.231611
0.226253
0.22071
0.215017
0.209263
0.203632
0.19849
0.194513
0.19289
0.195552
0.205291
0.225559
0.259914
0.311679
0.384524
0.484671
0.601929
0.633409
0.329778
0.0156108
0.0518087
0.071203
0.0832381
0.0918083
0.0981468
0.10266
0.105543
0.106945
0.107009
0.105884
0.103733
0.100752
0.0971664
0.0932375
0.089257
0.0855406
0.0824095
0.0801716
0.0791427
0.0794296
0.0809417
0.0839613
0.0883997
0.0940523
0.100684
0.108071
0.116014
0.124348
0.132938
0.141677
0.150477
0.159271
0.168004
0.176631
0.185118
0.193438
0.201567
0.20949
0.217192
0.224663
0.231895
0.238883
0.245624
0.252114
0.258352
0.26434
0.270078
0.275568
0.280812
0.285814
0.290575
0.295101
0.299394
0.30346
0.307302
0.310924
0.314331
0.317526
0.320516
0.323302
0.325891
0.328285
0.33049
0.332508
0.334344
0.336001
0.337483
0.338794
0.339937
0.340914
0.34173
0.342388
0.342889
0.343238
0.343438
0.34349
0.343399
0.343165
0.342794
0.342285
0.341644
0.34087
0.339968
0.338937
0.337781
0.336498
0.335087
0.333538
0.331844
0.330015
0.328069
0.32602
0.323872
0.321621
0.319266
0.316809
0.314248
0.311584
0.308814
0.305939
0.302956
0.299861
0.296648
0.29331
0.289836
0.286215
0.282429
0.278459
0.27428
0.269864
0.26518
0.260195
0.254882
0.249231
0.243278
0.237151
0.231162
0.225976
0.222866
0.224058
0.233009
0.254283
0.292925
0.354111
0.444051
0.565118
0.631475
0.370185
0.02578
0.0732755
0.0930559
0.102987
0.109136
0.113184
0.115598
0.116549
0.116146
0.114489
0.11168
0.107834
0.103109
0.0977079
0.0918723
0.0858988
0.0801301
0.0749422
0.070697
0.0678915
0.0669138
0.0679445
0.0710866
0.0761043
0.0826368
0.090313
0.0988101
0.10787
0.117292
0.126927
0.136661
0.146406
0.156097
0.165683
0.175123
0.184388
0.193454
0.202303
0.210919
0.219294
0.227419
0.235289
0.242901
0.250253
0.257344
0.264174
0.270747
0.277063
0.283126
0.288939
0.294506
0.299832
0.30492
0.309775
0.314402
0.318805
0.322991
0.326962
0.330725
0.334284
0.337643
0.340808
0.343782
0.346571
0.349178
0.351608
0.353864
0.355951
0.357872
0.359631
0.361232
0.362677
0.363971
0.365117
0.366117
0.366974
0.367693
0.368275
0.368724
0.369042
0.369233
0.369298
0.36924
0.369062
0.368766
0.368354
0.367828
0.367189
0.366438
0.365577
0.364601
0.3635
0.362265
0.360907
0.359445
0.357896
0.356257
0.354525
0.3527
0.35078
0.348764
0.346648
0.344426
0.342092
0.339636
0.337045
0.334303
0.331386
0.32827
0.324917
0.321286
0.317322
0.312959
0.30812
0.302718
0.296667
0.289901
0.28243
0.274433
0.266453
0.259747
0.256828
0.262111
0.282206
0.325344
0.400669
0.516126
0.616628
0.410476
0.0418582
0.100506
0.117686
0.123025
0.124811
0.125044
0.124187
0.122327
0.119486
0.115691
0.110977
0.105367
0.0989785
0.0919797
0.0845812
0.0770848
0.0698725
0.0634288
0.0581672
0.0548841
0.054367
0.0569647
0.06222
0.0695215
0.0782662
0.0879731
0.0982939
0.108984
0.119873
0.130837
0.141789
0.152663
0.163409
0.173992
0.184381
0.194556
0.204499
0.214198
0.223645
0.232831
0.241752
0.250407
0.258793
0.266911
0.274761
0.282346
0.289669
0.296731
0.303538
0.310094
0.316401
0.322467
0.328294
0.333888
0.339254
0.344398
0.349323
0.354036
0.35854
0.362842
0.366945
0.370855
0.374576
0.378113
0.38147
0.38465
0.387659
0.3905
0.393177
0.395694
0.398055
0.400262
0.402319
0.40423
0.405998
0.407625
0.409116
0.410473
0.411698
0.412795
0.413766
0.414615
0.415343
0.415953
0.416448
0.416829
0.4171
0.417261
0.417316
0.417266
0.417112
0.416855
0.416495
0.416029
0.415442
0.414731
0.413911
0.412999
0.411996
0.410902
0.409714
0.408428
0.407036
0.405529
0.403897
0.402124
0.40019
0.398069
0.395727
0.393122
0.390197
0.386879
0.383076
0.378671
0.373516
0.367434
0.360215
0.351635
0.341497
0.329732
0.316615
0.303219
0.292294
0.289741
0.306211
0.356979
0.457327
0.582773
0.446713
0.0675088
0.132634
0.1415
0.138015
0.13206
0.125697
0.119306
0.112782
0.106001
0.0988919
0.0914323
0.0835187
0.0753095
0.0670178
0.058938
0.0516473
0.0459495
0.0429262
0.0435534
0.0479476
0.055414
0.0650281
0.0759386
0.0876209
0.0997531
0.112131
0.124619
0.137123
0.149573
0.161917
0.174116
0.186138
0.197958
0.209557
0.22092
0.232034
0.24289
0.253481
0.263802
0.273849
0.283621
0.293117
0.302337
0.311282
0.319954
0.328356
0.33649
0.344361
0.351972
0.359327
0.366431
0.373288
0.379903
0.386281
0.392427
0.398346
0.404043
0.409522
0.414789
0.419848
0.424705
0.429363
0.433827
0.438103
0.442193
0.446103
0.449837
0.453398
0.45679
0.460018
0.463085
0.465995
0.468751
0.471356
0.473814
0.476128
0.478302
0.480339
0.48224
0.484011
0.485653
0.487169
0.488562
0.489836
0.490991
0.492031
0.492959
0.493776
0.494486
0.49509
0.49559
0.495989
0.496289
0.49649
0.496593
0.496597
0.496494
0.496285
0.495976
0.495568
0.495057
0.494439
0.493707
0.492852
0.491862
0.490719
0.489403
0.487882
0.48612
0.484064
0.481648
0.478785
0.475362
0.47123
0.466198
0.460021
0.452391
0.442928
0.431179
0.416649
0.398877
0.377662
0.353612
0.329522
0.313573
0.324789
0.393199
0.524477
0.471199
0.108022
0.162852
0.152758
0.133427
0.114401
0.0973565
0.0825992
0.0697084
0.0586743
0.0498826
0.0441256
0.0423927
0.0450892
0.05148
0.0604182
0.0710449
0.0827739
0.0952119
0.108154
0.121417
0.134876
0.148482
0.162182
0.175908
0.1896
0.203213
0.216707
0.230054
0.243229
0.25621
0.268979
0.281523
0.293827
0.305882
0.317679
0.329211
0.340471
0.351456
0.362164
0.372591
0.382737
0.392602
0.402186
0.411491
0.420519
0.429272
0.437754
0.445967
0.453916
0.461604
0.469036
0.476216
0.483148
0.489838
0.49629
0.50251
0.508501
0.51427
0.51982
0.525158
0.530287
0.535213
0.53994
0.544473
0.548816
0.552975
0.556954
0.560756
0.564387
0.567849
0.571149
0.574289
0.577273
0.580105
0.58279
0.58533
0.587729
0.589991
0.592119
0.594116
0.595986
0.597733
0.599358
0.600866
0.60226
0.603541
0.604714
0.60578
0.606744
0.607607
0.608372
0.609042
0.609618
0.610104
0.610502
0.61082
0.611057
0.611203
0.611248
0.611189
0.611024
0.610748
0.610356
0.609839
0.609182
0.60837
0.607378
0.606173
0.604712
0.602939
0.60078
0.598136
0.594877
0.590837
0.585797
0.579473
0.5715
0.561414
0.548628
0.532412
0.51189
0.486067
0.453991
0.415308
0.372173
0.335651
0.341534
0.440599
0.46822
0.1603
0.159356
0.118838
0.092911
0.0899064
0.102904
0.122517
0.143789
0.164902
0.185253
0.204652
0.223123
0.240755
0.257636
0.273855
0.289506
0.304671
0.3194
0.333741
0.347735
0.361412
0.374805
0.387941
0.400835
0.413492
0.425914
0.438099
0.450044
0.461746
0.473202
0.484409
0.495363
0.506061
0.5165
0.526677
0.536591
0.546241
0.555624
0.564742
0.573595
0.582182
0.590506
0.598568
0.606371
0.613916
0.621208
0.62825
0.635046
0.641599
0.647913
0.653995
0.659847
0.665476
0.670885
0.67608
0.681067
0.68585
0.690434
0.694826
0.699029
0.703049
0.706891
0.71056
0.71406
0.717398
0.720577
0.723603
0.726479
0.72921
0.731801
0.734255
0.736577
0.738772
0.740842
0.742791
0.744624
0.746344
0.747955
0.74946
0.750862
0.752164
0.753371
0.754485
0.755509
0.756448
0.757306
0.758085
0.758787
0.759415
0.75997
0.760454
0.76087
0.761218
0.761501
0.761717
0.761863
0.761935
0.761936
0.761864
0.761718
0.761494
0.761187
0.760789
0.760291
0.759679
0.758934
0.75803
0.756934
0.755603
0.753977
0.75198
0.749512
0.746442
0.742603
0.737774
0.731674
0.723939
0.714107
0.701583
0.685611
0.665221
0.639167
0.605842
0.563217
0.508997
0.442111
0.371846
0.355622
0.405829
0.131594
0.266739
0.380991
0.465149
0.528726
0.578425
0.618366
0.651197
0.678643
0.70189
0.721787
0.738976
0.753966
0.76715
0.778842
0.789296
0.798717
0.80727
0.815088
0.822285
0.828953
0.835171
0.841004
0.846505
0.851713
0.856662
0.861376
0.865876
0.870178
0.874297
0.878242
0.882025
0.88565
0.889126
0.892458
0.89565
0.898706
0.901631
0.904427
0.907099
0.90965
0.912082
0.9144
0.916607
0.918705
0.920699
0.922591
0.924385
0.926085
0.927693
0.929213
0.930648
0.932002
0.933277
0.934477
0.935606
0.936665
0.937659
0.938589
0.939459
0.940271
0.941028
0.941733
0.942387
0.942993
0.943554
0.944071
0.944546
0.944981
0.945379
0.94574
0.946067
0.946361
0.946623
0.946856
0.94706
0.947237
0.947387
0.947514
0.947616
0.947697
0.947756
0.947794
0.947813
0.947813
0.947793
0.947754
0.947699
0.947627
0.947541
0.94744
0.947326
0.947198
0.947057
0.946902
0.946734
0.946553
0.946356
0.946144
0.945912
0.945659
0.945379
0.945066
0.944714
0.944313
0.943851
0.943309
0.942668
0.941898
0.940962
0.939812
0.938386
0.936604
0.934361
0.931525
0.927927
0.923353
0.917532
0.910118
0.900667
0.888589
0.873057
0.852806
0.825675
0.787553
0.729994
0.635468
0.472815
0.245587
