# vtk DataFile Version 3.0
Cavity flow at t=140
ASCII
DATASET STRUCTURED_POINTS
DIMENSIONS 129 129 1
ORIGIN 0 0 0
SPACING 0.00775194 0.00775194 1
POINT_DATA 16641
VECTORS velocity double
-1.76829e-05 1.59202e-05 0.0
-3.41167e-05 -1.24912e-06 0.0
5.31408e-06 -3.81817e-05 0.0
0.000116582 -7.30867e-05 0.0
0.000289209 -9.95396e-05 0.0
0.000504697 -0.000115948 0.0
0.000743101 -0.000122456 0.0
0.00098571 -0.000120153 0.0
0.00121663 -0.00011077 0.0
0.0014238 -9.63969e-05 0.0
0.0015994 -7.92008e-05 0.0
0.00173978 -6.11826e-05 0.0
0.00184497 -4.40092e-05 0.0
0.0019179 -2.89226e-05 0.0
0.00196354 -1.67151e-05 0.0
0.00198801 -7.75223e-06 0.0
0.00199779 -2.03227e-06 0.0
0.00199911 7.1158e-07 0.0
0.00199757 8.30113e-07 0.0
0.00199782 -1.07245e-06 0.0
0.00200316 -4.27179e-06 0.0
0.00201547 -8.04375e-06 0.0
0.00203518 -1.16648e-05 0.0
0.00206132 -1.44675e-05 0.0
0.00209169 -1.59045e-05 0.0
0.0021232 -1.56043e-05 0.0
0.00215218 -1.33831e-05 0.0
0.00217482 -9.2503e-06 0.0
0.00218738 -3.31292e-06 0.0
0.00218656 4.13025e-06 0.0
0.00216927 1.31634e-05 0.0
0.00213275 2.33606e-05 0.0
0.00207466 3.47293e-05 0.0
0.00199238 4.7545e-05 0.0
0.00188403 6.08051e-05 0.0
0.00174723 7.59918e-05 0.0
0.00157869 9.25487e-05 0.0
0.00137692 0.000109222 0.0
0.00113997 0.00012773 0.0
0.000865152 0.00014709 0.0
0.00055076 0.000167303 0.0
0.000195009 0.000188448 0.0
-0.000203758 0.000210319 0.0
-0.00064679 0.000232713 0.0
-0.00113504 0.00025554 0.0
-0.00166918 0.000278599 0.0
-0.00224946 0.000301681 0.0
-0.00287572 0.000324575 0.0
-0.00354736 0.000347068 0.0
-0.00426337 0.000368945 0.0
-0.00502232 0.000389996 0.0
-0.00582232 0.000410011 0.0
-0.00666112 0.000428789 0.0
-0.00753605 0.000446136 0.0
-0.00844405 0.000461871 0.0
-0.00938175 0.000475821 0.0
-0.0103454 0.000487828 0.0
-0.011331 0.000497746 0.0
-0.0123342 0.000505442 0.0
-0.0133504 0.000510791 0.0
-0.0143749 0.000513683 0.0
-0.0154026 0.000514013 0.0
-0.0164283 0.000511682 0.0
-0.0174465 0.000506598 0.0
-0.0184518 0.000498667 0.0
-0.0194383 0.000487793 0.0
-0.0203999 0.000473875 0.0
-0.0213306 0.000456803 0.0
-0.0222239 0.00043645 0.0
-0.023073 0.000412677 0.0
-0.023871 0.000385322 0.0
-0.0246105 0.000354204 0.0
-0.0252838 0.000319129 0.0
-0.0258829 0.000279907 0.0
-0.0263992 0.000236381 0.0
-0.026824 0.000188457 0.0
-0.0271486 0.000136132 0.0
-0.027364 7.92601e-05 0.0
-0.0274676 2.43613e-05 0.0
-0.0274613 -3.06998e-05 0.0
-0.0273337 -9.69251e-05 0.0
-0.0270659 -0.000170799 0.0
-0.0266451 -0.000250064 0.0
-0.0260615 -0.000333539 0.0
-0.0253075 -0.00042038 0.0
-0.0243774 -0.000509752 0.0
-0.023267 -0.000600701 0.0
-0.0219742 -0.000692105 0.0
-0.0204994 -0.000782645 0.0
-0.018846 -0.000870802 0.0
-0.0170203 -0.000954863 0.0
-0.0150325 -0.00103293 0.0
-0.0128966 -0.00110299 0.0
-0.0106306 -0.00116294 0.0
-0.00825707 -0.00121062 0.0
-0.0058028 -0.00124364 0.0
-0.00330097 -0.00125819 0.0
-0.00079776 -0.00124502 0.0
0.0016276 -0.00118034 0.0
0.00389956 -0.00109162 0.0
0.00598021 -0.000989028 0.0
0.00783047 -0.000861234 0.0
0.0094023 -0.000710589 0.0
0.0106575 -0.000544643 0.0
0.0115711 -0.000368927 0.0
0.0121324 -0.00019242 0.0
0.0123519 -2.7054e-05 0.0
0.0122585 0.000120461 0.0
0.0118871 0.000250917 0.0
0.011282 0.000354262 0.0
0.0104983 0.000429401 0.0
0.009591 0.000477889 0.0
0.00861081 0.000502307 0.0
0.0076025 0.000506001 0.0
0.00660365 0.000492847 0.0
0.00564387 0.000466935 0.0
0.0047447 0.000432236 0.0
0.0039201 0.000392364 0.0
0.00317731 0.000350428 0.0
0.00251793 0.000308944 0.0
0.00193923 0.00026976 0.0
0.00143558 0.000233891 0.0
0.00100047 0.000201221 0.0
0.00062918 0.000170066 0.0
0.000322308 0.000136806 0.0
8.92918e-05 9.62099e-05 0.0
-5.1043e-05 4.4125e-05 0.0
-8.19714e-05 -1.31965e-05 0.0
-3.43874e-05 -3.43874e-05 0.0
-4.1058e-07 3.2251e-05 0.0
8.32108e-05 -8.65302e-05 0.0
0.000363078 -0.000272198 0.0
0.000861564 -0.000448825 0.0
0.00155133 -0.000586195 0.0
0.00237995 -0.000673399 0.0
0.00328569 -0.000709147 0.0
0.00420768 -0.000698064 0.0
0.00509249 -0.000648597 0.0
0.00589804 -0.000571285 0.0
0.00659537 -0.000477233 0.0
0.00716871 -0.000376879 0.0
0.00761433 -0.000279122 0.0
0.00793841 -0.00019082 0.0
0.00815454 -0.000116587 0.0
0.00828103 -5.88387e-05 0.0
0.00833833 -1.80282e-05 0.0
0.00834681 6.90024e-06 0.0
0.0083249 1.80962e-05 0.0
0.00828761 1.87061e-05 0.0
0.00824584 1.23748e-05 0.0
0.00820575 3.09328e-06 0.0
0.00816828 -5.04374e-06 0.0
0.00812927 -8.2117e-06 0.0
0.00807995 -3.21494e-06 0.0
0.00800795 1.21972e-05 0.0
0.0078985 3.9284e-05 0.0
0.00773571 7.82314e-05 0.0
0.00750356 0.000128802 0.0
0.00718688 0.00018951 0.0
0.00677156 0.000260396 0.0
0.006245 0.000339207 0.0
0.00559639 0.000425586 0.0
0.00481418 0.000521171 0.0
0.00388913 0.000620582 0.0
0.00281305 0.000729088 0.0
0.00157599 0.000845053 0.0
0.000169359 0.000965122 0.0
-0.00141076 0.0010889 0.0
-0.00316676 0.00121674 0.0
-0.00510313 0.00134841 0.0
-0.00722307 0.00148303 0.0
-0.0095278 0.00161923 0.0
-0.0120166 0.00175561 0.0
-0.0146866 0.00189095 0.0
-0.0175332 0.00202391 0.0
-0.0205497 0.00215311 0.0
-0.0237275 0.00227721 0.0
-0.0270563 0.00239491 0.0
-0.0305242 0.00250497 0.0
-0.0341175 0.00260623 0.0
-0.0378213 0.0026976 0.0
-0.0416194 0.00277808 0.0
-0.0454944 0.00284681 0.0
-0.0494282 0.00290299 0.0
-0.0534018 0.00294595 0.0
-0.0573955 0.00297512 0.0
-0.0613895 0.00299003 0.0
-0.0653635 0.0029903 0.0
-0.0692969 0.00297561 0.0
-0.0731693 0.00294571 0.0
-0.07696 0.00290041 0.0
-0.0806486 0.00283956 0.0
-0.0842146 0.00276302 0.0
-0.0876378 0.00267066 0.0
-0.0908979 0.00256235 0.0
-0.0939748 0.00243794 0.0
-0.0968486 0.00229725 0.0
-0.0994995 0.00214007 0.0
-0.101907 0.00196618 0.0
-0.104053 0.00177533 0.0
-0.105917 0.00156729 0.0
-0.107479 0.00134199 0.0
-0.108723 0.00109958 0.0
-0.10963 0.000840769 0.0
-0.110189 0.000567098 0.0
-0.110388 0.00028163 0.0
-0.110227 -1.24164e-05 0.0
-0.109671 -0.000336011 0.0
-0.108663 -0.000685061 0.0
-0.107171 -0.00106177 0.0
-0.105185 -0.00145955 0.0
-0.102694 -0.00187336 0.0
-0.0996884 -0.00229932 0.0
-0.0961631 -0.0027338 0.0
-0.0921166 -0.00317297 0.0
-0.087552 -0.00361252 0.0
-0.0824776 -0.00404756 0.0
-0.0769069 -0.00447255 0.0
-0.07086 -0.00488128 0.0
-0.0643632 -0.00526687 0.0
-0.0574501 -0.00562184 0.0
-0.0501618 -0.00593824 0.0
-0.0425478 -0.00620772 0.0
-0.0346655 -0.00642166 0.0
-0.0265817 -0.00657068 0.0
-0.0183722 -0.00664248 0.0
-0.0101217 -0.00661439 0.0
-0.00192442 -0.00643365 0.0
0.00600237 -0.00603706 0.0
0.0134223 -0.00554412 0.0
0.0202116 -0.00494575 0.0
0.0262558 -0.00424209 0.0
0.031445 -0.00345761 0.0
0.035682 -0.00260651 0.0
0.0388856 -0.00171976 0.0
0.0410071 -0.000840703 0.0
0.0420489 -1.42528e-05 0.0
0.0420811 0.00072474 0.0
0.0412119 0.00135487 0.0
0.0395636 0.00186074 0.0
0.0372784 0.00223901 0.0
0.0345069 0.00249294 0.0
0.0313991 0.00263149 0.0
0.028097 0.00266829 0.0
0.0247281 0.00262018 0.0
0.0214006 0.00250564 0.0
0.0182009 0.00234326 0.0
0.0151927 0.00215057 0.0
0.0124179 0.00194295 0.0
0.0098997 0.00173266 0.0
0.00764668 0.00152765 0.0
0.00565932 0.00132993 0.0
0.00393811 0.00113386 0.0
0.00249252 0.000925474 0.0
0.00134768 0.000685395 0.0
0.000541818 0.000401138 0.0
0.000102813 9.9724e-05 0.0
-1.16519e-05 -8.04267e-05 0.0
3.29664e-05 -3.0481e-07 0.0
0.000252719 -0.000357348 0.0
0.000786746 -0.000815275 0.0
0.00162619 -0.00124367 0.0
0.00272322 -0.00157815 0.0
0.00400425 -0.00179109 0.0
0.00538471 -0.00187765 0.0
0.00678125 -0.0018481 0.0
0.0081203 -0.00172243 0.0
0.00934322 -0.00152591 0.0
0.0104086 -0.00128534 0.0
0.0112926 -0.0010261 0.0
0.0119872 -0.000770142 0.0
0.0124981 -0.000534709 0.0
0.012841 -0.000331754 0.0
0.0130387 -0.000167921 0.0
0.0131175 -4.49827e-05 0.0
0.0131037 3.91269e-05 0.0
0.0130214 9.00684e-05 0.0
0.0128902 0.000115288 0.0
0.0127239 0.000123872 0.0
0.0125294 0.00012614 0.0
0.012306 0.000132806 0.0
0.012045 0.000153904 0.0
0.0117311 0.000197899 0.0
0.0113434 0.000270757 0.0
0.0108576 0.000376045 0.0
0.0102477 0.000514175 0.0
0.00948728 0.000685393 0.0
0.00855209 0.000884777 0.0
0.00741899 0.00111355 0.0
0.00606662 0.00136498 0.0
0.0044789 0.00163615 0.0
0.00263827 0.00193345 0.0
0.00052697 0.00224466 0.0
-0.001861 0.00256905 0.0
-0.00452641 0.00290756 0.0
-0.00747474 0.00325758 0.0
-0.0107123 0.00361413 0.0
-0.0142419 0.00397712 0.0
-0.0180619 0.00434437 0.0
-0.0221672 0.00471235 0.0
-0.0265497 0.00507712 0.0
-0.0311979 0.00543472 0.0
-0.0360973 0.00578132 0.0
-0.0412304 0.00611315 0.0
-0.0465766 0.00642661 0.0
-0.0521134 0.00671828 0.0
-0.0578157 0.006985 0.0
-0.0636569 0.0072239 0.0
-0.0696087 0.0074324 0.0
-0.0756417 0.00760829 0.0
-0.0817259 0.00774966 0.0
-0.0878306 0.00785496 0.0
-0.0939249 0.00792297 0.0
-0.0999782 0.00795275 0.0
-0.10596 0.00794367 0.0
-0.11184 0.00789534 0.0
-0.117588 0.00780759 0.0
-0.123177 0.00768042 0.0
-0.128578 0.00751398 0.0
-0.133763 0.00730851 0.0
-0.138708 0.00706434 0.0
-0.143385 0.00678181 0.0
-0.147771 0.00646127 0.0
-0.151843 0.00610304 0.0
-0.155576 0.00570742 0.0
-0.158949 0.00527463 0.0
-0.16194 0.00480487 0.0
-0.164529 0.00429832 0.0
-0.166696 0.00375522 0.0
-0.168421 0.00317598 0.0
-0.169686 0.0025614 0.0
-0.170476 0.00191305 0.0
-0.170774 0.00123392 0.0
-0.170571 0.000529028 0.0
-0.169847 -0.000204842 0.0
-0.168545 -0.000989628 0.0
-0.166624 -0.00183538 0.0
-0.164088 -0.00272992 0.0
-0.160938 -0.00365937 0.0
-0.157168 -0.00461684 0.0
-0.15278 -0.00559567 0.0
-0.147774 -0.00658906 0.0
-0.142153 -0.00758974 0.0
-0.135927 -0.00858978 0.0
-0.129107 -0.00958035 0.0
-0.12171 -0.0105515 0.0
-0.113756 -0.0114923 0.0
-0.105275 -0.0123904 0.0
-0.0962968 -0.0132323 0.0
-0.0868627 -0.0140036 0.0
-0.0770187 -0.0146887 0.0
-0.0668191 -0.0152709 0.0
-0.0563267 -0.0157331 0.0
-0.0456131 -0.0160566 0.0
-0.0347599 -0.0162194 0.0
-0.023857 -0.0161908 0.0
-0.0129968 -0.0159147 0.0
-0.00223273 -0.0152468 0.0
0.00819935 -0.0141863 0.0
0.0179773 -0.0128708 0.0
0.0269373 -0.0113213 0.0
0.0349548 -0.00958505 0.0
0.0419041 -0.00766537 0.0
0.0476532 -0.00561361 0.0
0.0520914 -0.00350662 0.0
0.055136 -0.00143462 0.0
0.0567492 0.000499649 0.0
0.0569878 0.00221058 0.0
0.0559934 0.00364772 0.0
0.0539369 0.00479366 0.0
0.0510032 0.00564358 0.0
0.047385 0.00620683 0.0
0.0432746 0.00650542 0.0
0.0388553 0.00657129 0.0
0.0342942 0.00644311 0.0
0.0297368 0.00616285 0.0
0.0253033 0.00577267 0.0
0.0210871 0.00531182 0.0
0.0171555 0.00481359 0.0
0.0135535 0.00430183 0.0
0.0103097 0.00378689 0.0
0.00744588 0.00326191 0.0
0.00498704 0.00270187 0.0
0.00297014 0.00207073 0.0
0.00144605 0.00134575 0.0
0.000467646 0.000572523 0.0
6.04821e-05 -3.15964e-05 0.0
6.19057e-05 -9.51769e-05 0.0
0.000406113 -0.000826435 0.0
0.00117021 -0.00164432 0.0
0.00230169 -0.00238555 0.0
0.00372564 -0.00295725 0.0
0.00534888 -0.00331625 0.0
0.00707119 -0.00345526 0.0
0.00879641 -0.00339226 0.0
0.0104407 -0.00316163 0.0
0.0119376 -0.00280647 0.0
0.0132397 -0.00237234 0.0
0.0143191 -0.00190247 0.0
0.0151652 -0.00143443 0.0
0.0157819 -0.000997999 0.0
0.0161847 -0.00061417 0.0
0.0163963 -0.000294922 0.0
0.0164434 -4.37732e-05 0.0
0.0163523 0.000142756 0.0
0.0161472 0.000273812 0.0
0.0158479 0.000362113 0.0
0.0154673 0.000423998 0.0
0.0150095 0.000478285 0.0
0.014469 0.0005446 0.0
0.0138308 0.000641179 0.0
0.0130718 0.000783536 0.0
0.0121626 0.00098208 0.0
0.0110693 0.00124381 0.0
0.00975816 0.00156749 0.0
0.00819383 0.00195679 0.0
0.00634539 0.00239701 0.0
0.00418567 0.00289414 0.0
0.00168531 0.00343712 0.0
-0.00117355 0.00401058 0.0
-0.00439087 0.00461697 0.0
-0.00796806 0.00524964 0.0
-0.0119149 0.00589892 0.0
-0.0162364 0.00656452 0.0
-0.0209304 0.00724297 0.0
-0.0259912 0.00792712 0.0
-0.0314088 0.00861138 0.0
-0.0371682 0.00928939 0.0
-0.0432495 0.00995397 0.0
-0.0496292 0.0105977 0.0
-0.0562801 0.0112133 0.0
-0.0631721 0.011794 0.0
-0.070272 0.0123334 0.0
-0.0775449 0.0128255 0.0
-0.0849539 0.0132651 0.0
-0.0924611 0.0136477 0.0
-0.100028 0.0139692 0.0
-0.107615 0.0142265 0.0
-0.115185 0.014417 0.0
-0.122699 0.0145389 0.0
-0.130119 0.0145909 0.0
-0.13741 0.0145724 0.0
-0.144537 0.0144832 0.0
-0.151466 0.0143236 0.0
-0.158165 0.0140943 0.0
-0.164604 0.0137963 0.0
-0.170754 0.0134306 0.0
-0.176589 0.0129988 0.0
-0.182082 0.0125023 0.0
-0.187209 0.0119425 0.0
-0.191949 0.0113209 0.0
-0.196279 0.010639 0.0
-0.200181 0.00989811 0.0
-0.203635 0.00909944 0.0
-0.206623 0.0082441 0.0
-0.20913 0.00733311 0.0
-0.211138 0.00636744 0.0
-0.212634 0.00534815 0.0
-0.213602 0.00427648 0.0
-0.21403 0.00315422 0.0
-0.213904 0.00198412 0.0
-0.213214 0.000771061 0.0
-0.211935 -0.000490292 0.0
-0.210022 -0.00182211 0.0
-0.207465 -0.00323137 0.0
-0.204285 -0.00469491 0.0
-0.200488 -0.00620298 0.0
-0.196079 -0.0077465 0.0
-0.19106 -0.00931747 0.0
-0.185436 -0.0109075 0.0
-0.179212 -0.0125074 0.0
-0.172397 -0.014107 0.0
-0.165001 -0.0156952 0.0
-0.157037 -0.0172592 0.0
-0.148522 -0.018785 0.0
-0.139477 -0.0202568 0.0
-0.129927 -0.021657 0.0
-0.119904 -0.0229664 0.0
-0.109444 -0.0241641 0.0
-0.098589 -0.0252272 0.0
-0.0873894 -0.0261316 0.0
-0.0759032 -0.0268512 0.0
-0.0641973 -0.027358 0.0
-0.0523481 -0.0276204 0.0
-0.0404411 -0.0275997 0.0
-0.0285664 -0.0272408 0.0
-0.0168001 -0.0264511 0.0
-0.0051495 -0.0250647 0.0
0.00623602 -0.0231558 0.0
0.0169964 -0.0207568 0.0
0.0269022 -0.0180729 0.0
0.0358341 -0.0150587 0.0
0.0436404 -0.0117758 0.0
0.0501837 -0.00832598 0.0
0.0553378 -0.00481388 0.0
0.05899 -0.00138649 0.0
0.0610592 0.00178893 0.0
0.0615819 0.00454108 0.0
0.060718 0.00682063 0.0
0.0586599 0.00860849 0.0
0.0556118 0.00990823 0.0
0.0517821 0.0107441 0.0
0.0473762 0.0111579 0.0
0.0425892 0.0112045 0.0
0.0376005 0.0109476 0.0
0.032568 0.0104539 0.0
0.0276259 0.00978892 0.0
0.0228828 0.00901121 0.0
0.018423 0.00816608 0.0
0.0143107 0.00727871 0.0
0.0105969 0.00634769 0.0
0.00732918 0.00534267 0.0
0.00456277 0.00421323 0.0
0.00237078 0.00291933 0.0
0.000851809 0.00149633 0.0
0.00013734 0.000166226 0.0
8.35929e-05 -0.000240675 0.0
0.000529478 -0.00147103 0.0
0.00148731 -0.00272165 0.0
0.00286209 -0.00381447 0.0
0.00454849 -0.00463867 0.0
0.00643235 -0.00514193 0.0
0.00839942 -0.00531897 0.0
0.0103446 -0.00519898 0.0
0.0121789 -0.00483347 0.0
0.0138328 -0.00428541 0.0
0.0152579 -0.00362057 0.0
0.0164252 -0.00290097 0.0
0.0173236 -0.00218034 0.0
0.0179561 -0.00150135 0.0
0.0183365 -0.000894074 0.0
0.0184855 -0.000375628 0.0
0.0184261 4.92951e-05 0.0
0.0181811 0.000385741 0.0
0.0177715 0.000645544 0.0
0.0172134 0.000847749 0.0
0.0165149 0.00101748 0.0
0.0156738 0.00118373 0.0
0.0146767 0.00137682 0.0
0.0134998 0.001624 0.0
0.0121102 0.00194927 0.0
0.01047 0.0023658 0.0
0.00853653 0.0028868 0.0
0.0062707 0.0035015 0.0
0.00363295 0.00422487 0.0
0.00058272 0.00502759 0.0
-0.00289016 0.00589615 0.0
-0.00678119 0.0068265 0.0
-0.0110992 0.00779808 0.0
-0.0158539 0.00880149 0.0
-0.0210457 0.00983413 0.0
-0.0266691 0.0108847 0.0
-0.032714 0.011945 0.0
-0.0391636 0.013006 0.0
-0.0459954 0.0140567 0.0
-0.0531822 0.0150862 0.0
-0.060692 0.0160836 0.0
-0.0684886 0.0170377 0.0
-0.076533 0.017938 0.0
-0.0847835 0.0187745 0.0
-0.0931967 0.019538 0.0
-0.101728 0.0202207 0.0
-0.110332 0.0208154 0.0
-0.118965 0.0213165 0.0
-0.12758 0.0217192 0.0
-0.136136 0.0220199 0.0
-0.144589 0.0222163 0.0
-0.152899 0.0223069 0.0
-0.161027 0.0222912 0.0
-0.168938 0.0221695 0.0
-0.176596 0.0219428 0.0
-0.183969 0.021613 0.0
-0.191029 0.0211821 0.0
-0.197746 0.0206528 0.0
-0.204097 0.0200279 0.0
-0.210059 0.0193106 0.0
-0.21561 0.018504 0.0
-0.220731 0.0176113 0.0
-0.225406 0.0166355 0.0
-0.229618 0.0155797 0.0
-0.233353 0.0144466 0.0
-0.2366 0.0132387 0.0
-0.239346 0.0119585 0.0
-0.24158 0.0106079 0.0
-0.243293 0.0091889 0.0
-0.244477 0.00770314 0.0
-0.245121 0.00615232 0.0
-0.245218 0.00453822 0.0
-0.244761 0.00286293 0.0
-0.24374 0.00112902 0.0
-0.242141 -0.000663547 0.0
-0.239939 -0.00253726 0.0
-0.237135 -0.00449092 0.0
-0.233754 -0.00650052 0.0
-0.229803 -0.0085573 0.0
-0.225286 -0.0106544 0.0
-0.220207 -0.012784 0.0
-0.214568 -0.0149377 0.0
-0.208373 -0.017106 0.0
-0.201627 -0.0192783 0.0
-0.194336 -0.0214423 0.0
-0.186508 -0.0235844 0.0
-0.178153 -0.0256889 0.0
-0.169285 -0.0277382 0.0
-0.159921 -0.0297126 0.0
-0.150082 -0.0315899 0.0
-0.139793 -0.0333456 0.0
-0.129085 -0.0349529 0.0
-0.117996 -0.0363824 0.0
-0.106569 -0.0376025 0.0
-0.094857 -0.0385788 0.0
-0.0829189 -0.0392743 0.0
-0.0708243 -0.039648 0.0
-0.0586504 -0.0396529 0.0
-0.0464804 -0.0392324 0.0
-0.0343934 -0.0383129 0.0
-0.0224468 -0.0368001 0.0
-0.0106565 -0.0345963 0.0
0.000964929 -0.031698 0.0
0.012094 -0.0281666 0.0
0.022384 -0.0241867 0.0
0.0317064 -0.0197766 0.0
0.0399153 -0.0150774 0.0
0.0468712 -0.0101726 0.0
0.0524322 -0.00524097 0.0
0.0564775 -0.000471081 0.0
0.0588836 0.0038723 0.0
0.0596758 0.00756107 0.0
0.0590418 0.0105602 0.0
0.057182 0.0128645 0.0
0.0543033 0.0144961 0.0
0.0506135 0.0155016 0.0
0.0463146 0.0159467 0.0
0.0415978 0.0159111 0.0
0.0366387 0.0154818 0.0
0.0315946 0.0147472 0.0
0.0266016 0.0137891 0.0
0.0217744 0.0126751 0.0
0.0172081 0.0114483 0.0
0.0129826 0.0101174 0.0
0.00917162 0.0086517 0.0
0.00585511 0.00698712 0.0
0.00313756 0.00505497 0.0
0.00117297 0.00284426 0.0
0.000201085 0.000504651 0.0
9.98867e-05 -0.000424155 0.0
0.000627337 -0.00226089 0.0
0.00174456 -0.00400686 0.0
0.00331877 -0.00547826 0.0
0.00521362 -0.00655614 0.0
0.00729272 -0.00718742 0.0
0.00942771 -0.00737554 0.0
0.011506 -0.00716589 0.0
0.0134356 -0.00663046 0.0
0.0151473 -0.00585412 0.0
0.0165942 -0.00492372 0.0
0.0177491 -0.00392007 0.0
0.018602 -0.00291252 0.0
0.0191559 -0.00195561 0.0
0.0194228 -0.00108715 0.0
0.0194191 -0.000327793 0.0
0.0191619 0.000318058 0.0
0.0186687 0.000855205 0.0
0.0179553 0.00129907 0.0
0.0170312 0.00167641 0.0
0.0158957 0.00202279 0.0
0.0145367 0.00237854 0.0
0.0129293 0.00278654 0.0
0.0110391 0.00328141 0.0
0.00882206 0.00389846 0.0
0.00623359 0.00464525 0.0
0.0032245 0.00554994 0.0
-0.000253091 0.00658177 0.0
-0.00420292 0.00773218 0.0
-0.00861722 0.00898482 0.0
-0.0135108 0.0103053 0.0
-0.0188907 0.0116883 0.0
-0.024753 0.0131167 0.0
-0.0310897 0.0145742 0.0
-0.0378854 0.0160489 0.0
-0.0451175 0.0175255 0.0
-0.0527576 0.0189893 0.0
-0.0607714 0.0204252 0.0
-0.0691196 0.0218177 0.0
-0.0777591 0.0231516 0.0
-0.0866436 0.0244125 0.0
-0.0957247 0.0255865 0.0
-0.104952 0.0266613 0.0
-0.114276 0.0276257 0.0
-0.123647 0.0284702 0.0
-0.133013 0.0291867 0.0
-0.142329 0.0297691 0.0
-0.151546 0.0302126 0.0
-0.160622 0.0305141 0.0
-0.169513 0.0306719 0.0
-0.178181 0.0306858 0.0
-0.18659 0.0305566 0.0
-0.194707 0.0302862 0.0
-0.202499 0.0298777 0.0
-0.209942 0.0293347 0.0
-0.217008 0.0286613 0.0
-0.223678 0.0278624 0.0
-0.22993 0.0269429 0.0
-0.235749 0.025908 0.0
-0.24112 0.024763 0.0
-0.246031 0.0235129 0.0
-0.25047 0.0221629 0.0
-0.254429 0.0207175 0.0
-0.257901 0.0191813 0.0
-0.260878 0.0175582 0.0
-0.263356 0.015852 0.0
-0.265331 0.0140658 0.0
-0.266799 0.0122026 0.0
-0.267756 0.0102646 0.0
-0.268199 0.00825404 0.0
-0.268126 0.00617274 0.0
-0.267533 0.00402245 0.0
-0.266417 0.00180513 0.0
-0.264774 -0.000476902 0.0
-0.262589 -0.00284192 0.0
-0.259864 -0.00528669 0.0
-0.256619 -0.00778934 0.0
-0.252861 -0.0103417 0.0
-0.24859 -0.0129383 0.0
-0.243807 -0.0155732 0.0
-0.238513 -0.018239 0.0
-0.232707 -0.0209271 0.0
-0.226391 -0.0236273 0.0
-0.219567 -0.0263277 0.0
-0.212236 -0.0290148 0.0
-0.204403 -0.0316725 0.0
-0.196076 -0.0342829 0.0
-0.187263 -0.0368253 0.0
-0.177976 -0.0392761 0.0
-0.168233 -0.0416092 0.0
-0.158053 -0.0437951 0.0
-0.147463 -0.0458013 0.0
-0.136494 -0.0475923 0.0
-0.125184 -0.0491293 0.0
-0.113578 -0.0503701 0.0
-0.10173 -0.0512692 0.0
-0.0897005 -0.0517771 0.0
-0.0775585 -0.0518396 0.0
-0.0653779 -0.0513964 0.0
-0.0532329 -0.0503808 0.0
-0.0411904 -0.0487212 0.0
-0.0293041 -0.0463519 0.0
-0.0176303 -0.0432376 0.0
-0.00615905 -0.0392274 0.0
0.00498484 -0.0345598 0.0
0.0154132 -0.0291543 0.0
0.0248822 -0.0233776 0.0
0.0332654 -0.0172115 0.0
0.0404048 -0.0109024 0.0
0.0461716 -0.00462182 0.0
0.0504176 0.00137095 0.0
0.0530196 0.00666821 0.0
0.0540263 0.0110803 0.0
0.0536355 0.0145951 0.0
0.0520487 0.0172311 0.0
0.0494678 0.0190373 0.0
0.0460902 0.0200874 0.0
0.0421052 0.0204723 0.0
0.0376908 0.020294 0.0
0.0330118 0.0196581 0.0
0.0282172 0.0186657 0.0
0.0234398 0.0174032 0.0
0.018796 0.0159304 0.0
0.0143897 0.0142671 0.0
0.0103194 0.0123833 0.0
0.00669205 0.0101993 0.0
0.00364624 0.0076061 0.0
0.00138802 0.00451594 0.0
0.000243568 0.000949305 0.0
0.00011312 -0.000637162 0.0
0.000708058 -0.00317027 0.0
0.00195735 -0.00546399 0.0
0.00369371 -0.00733169 0.0
0.00575026 -0.00865411 0.0
0.00796797 -0.00938625 0.0
0.0102044 -0.00954813 0.0
0.0123402 -0.00920739 0.0
0.0142822 -0.00846056 0.0
0.0159631 -0.00741663 0.0
0.0173393 -0.00618422 0.0
0.0183873 -0.0048625 0.0
0.0190994 -0.0035351 0.0
0.0194788 -0.00226638 0.0
0.0195349 -0.00109933 0.0
0.0192777 -5.4742e-05 0.0
0.0187182 0.00086176 0.0
0.0178686 0.00165429 0.0
0.0167377 0.00234429 0.0
0.0153246 0.00296839 0.0
0.0136163 0.00357459 0.0
0.0115878 0.00421423 0.0
0.00919947 0.00494656 0.0
0.00640607 0.00580499 0.0
0.00315272 0.00684527 0.0
-0.000613178 0.0080528 0.0
-0.00489422 0.00943253 0.0
-0.0096817 0.0109643 0.0
-0.0149904 0.0126083 0.0
-0.0208242 0.0143568 0.0
-0.0271758 0.0161785 0.0
-0.0340336 0.0180529 0.0
-0.041377 0.0199579 0.0
-0.049179 0.0218717 0.0
-0.057406 0.0237741 0.0
-0.0660183 0.0256446 0.0
-0.0749712 0.0274631 0.0
-0.084216 0.0292099 0.0
-0.093701 0.0308662 0.0
-0.103373 0.0324142 0.0
-0.113176 0.033838 0.0
-0.123058 0.0351232 0.0
-0.132962 0.0362572 0.0
-0.142838 0.0372299 0.0
-0.152635 0.038033 0.0
-0.162305 0.0386603 0.0
-0.171802 0.039108 0.0
-0.181085 0.039374 0.0
-0.190115 0.0394578 0.0
-0.198856 0.039361 0.0
-0.207277 0.0390863 0.0
-0.21535 0.0386379 0.0
-0.22305 0.0380208 0.0
-0.230355 0.0372411 0.0
-0.237247 0.0363054 0.0
-0.24371 0.0352207 0.0
-0.249732 0.0339946 0.0
-0.255304 0.0326344 0.0
-0.260415 0.0311475 0.0
-0.265062 0.0295413 0.0
-0.26924 0.0278226 0.0
-0.272945 0.0259979 0.0
-0.276177 0.0240734 0.0
-0.278935 0.0220546 0.0
-0.281219 0.0199463 0.0
-0.28303 0.017753 0.0
-0.284369 0.0154782 0.0
-0.285236 0.0131252 0.0
-0.285633 0.0106963 0.0
-0.285561 0.00819362 0.0
-0.285019 0.00561847 0.0
-0.284008 0.00297203 0.0
-0.282524 0.000255449 0.0
-0.280557 -0.00253711 0.0
-0.278111 -0.00541292 0.0
-0.275201 -0.00835008 0.0
-0.271831 -0.0113414 0.0
-0.267996 -0.0143824 0.0
-0.263697 -0.0174685 0.0
-0.258928 -0.0205939 0.0
-0.253689 -0.0237515 0.0
-0.247977 -0.0269323 0.0
-0.241789 -0.0301256 0.0
-0.235125 -0.0333186 0.0
-0.227983 -0.0364962 0.0
-0.220366 -0.0396409 0.0
-0.212276 -0.0427322 0.0
-0.203718 -0.0457465 0.0
-0.194702 -0.0486573 0.0
-0.18524 -0.0514342 0.0
-0.175346 -0.0540433 0.0
-0.165043 -0.0564469 0.0
-0.154355 -0.0586034 0.0
-0.143316 -0.0604674 0.0
-0.131964 -0.0619896 0.0
-0.120345 -0.0631166 0.0
-0.108513 -0.0637915 0.0
-0.0965267 -0.0639532 0.0
-0.0844525 -0.0635376 0.0
-0.0723588 -0.0624784 0.0
-0.0603143 -0.0607106 0.0
-0.0483864 -0.0581766 0.0
-0.0366428 -0.0548302 0.0
-0.0251351 -0.0506138 0.0
-0.0139145 -0.0455378 0.0
-0.00298408 -0.0395349 0.0
0.00743288 -0.0328829 0.0
0.0169395 -0.025596 0.0
0.025357 -0.0180749 0.0
0.0325598 -0.0104189 0.0
0.0384106 -0.00292869 0.0
0.0427168 0.00405962 0.0
0.0453725 0.0100265 0.0
0.046513 0.0148992 0.0
0.0463342 0.0186926 0.0
0.0450307 0.0214601 0.0
0.0427906 0.0232823 0.0
0.0397936 0.0242594 0.0
0.0362107 0.0245042 0.0
0.0322033 0.0241344 0.0
0.0279225 0.0232648 0.0
0.0235081 0.0219959 0.0
0.0190892 0.0204003 0.0
0.0147866 0.018506 0.0
0.0107198 0.0162815 0.0
0.00702105 0.0136273 0.0
0.00385952 0.0103855 0.0
0.00148047 0.00637384 0.0
0.000261729 0.0014546 0.0
0.00012501 -0.000875293 0.0
0.000778574 -0.00418064 0.0
0.00213914 -0.00706348 0.0
0.00400568 -0.00933511 0.0
0.00618123 -0.0108828 0.0
0.00848461 -0.0116786 0.0
0.0107601 -0.0117677 0.0
0.0128829 -0.0112464 0.0
0.0147597 -0.0102403 0.0
0.0163267 -0.00888474 0.0
0.017545 -0.00731067 0.0
0.0183957 -0.00563471 0.0
0.0188734 -0.00395274 0.0
0.0189812 -0.00233596 0.0
0.0187239 -0.000828594 0.0
0.018104 0.000551673 0.0
0.0171276 0.00179128 0.0
0.0158028 0.00289906 0.0
0.0141278 0.00390554 0.0
0.0120884 0.00485963 0.0
0.00965496 0.00582505 0.0
0.00678828 0.00685894 0.0
0.00343254 0.00804593 0.0
-0.000471525 0.00940309 0.0
-0.00492944 0.0109584 0.0
-0.00993152 0.0127076 0.0
-0.0154928 0.01462 0.0
-0.0216146 0.0166861 0.0
-0.028287 0.0188676 0.0
-0.0354938 0.021138 0.0
-0.0432094 0.0234645 0.0
-0.0514021 0.0258174 0.0
-0.0600338 0.0281683 0.0
-0.0690604 0.0304898 0.0
-0.0784332 0.0327558 0.0
-0.0880995 0.0349415 0.0
-0.0980036 0.0370233 0.0
-0.108088 0.0389792 0.0
-0.118296 0.0407891 0.0
-0.128568 0.042435 0.0
-0.138848 0.0439014 0.0
-0.149082 0.0451752 0.0
-0.159218 0.0462459 0.0
-0.169207 0.0471058 0.0
-0.179002 0.0477494 0.0
-0.188563 0.0481741 0.0
-0.19785 0.0483792 0.0
-0.206831 0.0483663 0.0
-0.215475 0.0481389 0.0
-0.223755 0.0477019 0.0
-0.231651 0.047062 0.0
-0.239142 0.0462266 0.0
-0.246215 0.0452044 0.0
-0.252857 0.0440045 0.0
-0.25906 0.0426364 0.0
-0.264817 0.04111 0.0
-0.270124 0.039435 0.0
-0.27498 0.037621 0.0
-0.279384 0.0356772 0.0
-0.283338 0.0336124 0.0
-0.286844 0.0314348 0.0
-0.289905 0.0291519 0.0
-0.292524 0.0267707 0.0
-0.294705 0.024297 0.0
-0.296454 0.0217361 0.0
-0.297772 0.0190923 0.0
-0.298664 0.0163694 0.0
-0.299132 0.01357 0.0
-0.29918 0.0106962 0.0
-0.298807 0.00774913 0.0
-0.298015 0.00472926 0.0
-0.296802 0.00163636 0.0
-0.295165 -0.00153018 0.0
-0.293103 -0.00478024 0.0
-0.290622 -0.008097 0.0
-0.287723 -0.0114739 0.0
-0.284404 -0.0149073 0.0
-0.280661 -0.0183936 0.0
-0.27649 -0.0219286 0.0
-0.271885 -0.0255066 0.0
-0.266843 -0.0291203 0.0
-0.261358 -0.0327607 0.0
-0.255427 -0.0364165 0.0
-0.249045 -0.0400741 0.0
-0.24221 -0.0437173 0.0
-0.23492 -0.0473269 0.0
-0.227176 -0.0508805 0.0
-0.218979 -0.0543521 0.0
-0.210335 -0.057712 0.0
-0.201251 -0.0609264 0.0
-0.191738 -0.0639572 0.0
-0.181813 -0.0667619 0.0
-0.171495 -0.0692935 0.0
-0.160811 -0.0715004 0.0
-0.149793 -0.0733269 0.0
-0.138479 -0.0747125 0.0
-0.126913 -0.0755932 0.0
-0.115149 -0.0759019 0.0
-0.103243 -0.0755691 0.0
-0.0912582 -0.0745257 0.0
-0.0792601 -0.0727059 0.0
-0.0673182 -0.0700511 0.0
-0.0555042 -0.0665132 0.0
-0.0438881 -0.0620548 0.0
-0.0325391 -0.0566664 0.0
-0.021525 -0.0503509 0.0
-0.0108915 -0.0431173 0.0
-0.000669291 -0.0350904 0.0
0.00882991 -0.0264972 0.0
0.0172305 -0.0176 0.0
0.0243968 -0.00876463 0.0
0.030229 -0.000242862 0.0
0.0344939 0.0074083 0.0
0.0371258 0.013745 0.0
0.0383473 0.0188041 0.0
0.0383513 0.022648 0.0
0.0373182 0.0253675 0.0
0.0354172 0.0270722 0.0
0.0328083 0.0278831 0.0
0.0296445 0.0279267 0.0
0.0260717 0.0273261 0.0
0.0222299 0.0261908 0.0
0.0182535 0.0246007 0.0
0.0142746 0.0225872 0.0
0.0104291 0.0201126 0.0
0.00686997 0.0170541 0.0
0.00378951 0.0132007 0.0
0.0014547 0.00827249 0.0
0.00025653 0.00197286 0.0
0.000136512 -0.00113682 0.0
0.000842896 -0.00527906 0.0
0.00229767 -0.0087804 0.0
0.00426466 -0.0114517 0.0
0.00651718 -0.0131942 0.0
0.00885313 -0.0140065 0.0
0.0111053 -0.0139675 0.0
0.0131449 -0.0132091 0.0
0.0148806 -0.0118901 0.0
0.016253 -0.0101744 0.0
0.0172289 -0.0082153 0.0
0.0177936 -0.00614541 0.0
0.0179438 -0.00406995 0.0
0.01768 -0.00206275 0.0
0.0169982 -0.000162697 0.0
0.0158981 0.00160586 0.0
0.0143861 0.00322548 0.0
0.0124596 0.00471604 0.0
0.0101033 0.00612002 0.0
0.00728731 0.00750051 0.0
0.00396341 0.00894148 0.0
6.88086e-05 0.0105038 0.0
-0.0044103 0.0122359 0.0
-0.00946384 0.0141707 0.0
-0.0151102 0.0162951 0.0
-0.0213532 0.0186161 0.0
-0.0281814 0.021101 0.0
-0.0355748 0.0237203 0.0
-0.0435033 0.0264343 0.0
-0.0519305 0.0292053 0.0
-0.0608132 0.0319955 0.0
-0.0701034 0.0347693 0.0
-0.0797485 0.0374932 0.0
-0.0896926 0.0401356 0.0
-0.0998771 0.0426673 0.0
-0.110242 0.0450611 0.0
-0.120727 0.0472924 0.0
-0.131271 0.0493391 0.0
-0.141816 0.0511818 0.0
-0.152306 0.0528045 0.0
-0.162688 0.0541938 0.0
-0.172911 0.0553398 0.0
-0.182929 0.0562353 0.0
-0.1927 0.0568763 0.0
-0.202188 0.0572616 0.0
-0.211357 0.0573924 0.0
-0.220181 0.0572723 0.0
-0.228634 0.0569072 0.0
-0.236697 0.0563045 0.0
-0.244353 0.0554732 0.0
-0.25159 0.0544235 0.0
-0.2584 0.0531664 0.0
-0.264776 0.0517137 0.0
-0.270716 0.0500773 0.0
-0.276219 0.0482692 0.0
-0.281286 0.0463015 0.0
-0.285921 0.0441856 0.0
-0.290128 0.0419327 0.0
-0.293911 0.0395532 0.0
-0.297278 0.0370565 0.0
-0.300233 0.0344516 0.0
-0.302783 0.0317463 0.0
-0.304935 0.0289473 0.0
-0.306694 0.0260606 0.0
-0.308064 0.0230911 0.0
-0.309052 0.0200427 0.0
-0.309659 0.0169182 0.0
-0.309889 0.0137197 0.0
-0.309743 0.0104483 0.0
-0.309222 0.00710409 0.0
-0.308326 0.00368624 0.0
-0.307053 0.000192571 0.0
-0.305397 -0.00337935 0.0
-0.303362 -0.00702801 0.0
-0.30095 -0.0107423 0.0
-0.298158 -0.0145196 0.0
-0.29498 -0.0183577 0.0
-0.291413 -0.0222536 0.0
-0.28745 -0.0262033 0.0
-0.283085 -0.0302014 0.0
-0.278312 -0.0342406 0.0
-0.273126 -0.0383116 0.0
-0.26752 -0.0424031 0.0
-0.261488 -0.0465006 0.0
-0.255027 -0.0505871 0.0
-0.248131 -0.0546422 0.0
-0.240799 -0.0586417 0.0
-0.233029 -0.0625577 0.0
-0.224822 -0.0663578 0.0
-0.216181 -0.0700051 0.0
-0.207114 -0.073458 0.0
-0.197631 -0.0766696 0.0
-0.187746 -0.0795883 0.0
-0.177479 -0.0821569 0.0
-0.166854 -0.0843136 0.0
-0.155902 -0.0859919 0.0
-0.14466 -0.0871212 0.0
-0.13317 -0.0876279 0.0
-0.121483 -0.0874368 0.0
-0.109652 -0.0864738 0.0
-0.0977393 -0.0846685 0.0
-0.0858116 -0.0819581 0.0
-0.0739405 -0.0782912 0.0
-0.0622017 -0.0736317 0.0
-0.0506745 -0.0679656 0.0
-0.0394394 -0.0613011 0.0
-0.0285695 -0.0536706 0.0
-0.0181511 -0.0451777 0.0
-0.0082263 -0.035834 0.0
0.00112261 -0.0260128 0.0
0.00951659 -0.0159121 0.0
0.0166439 -0.00605491 0.0
0.0223522 0.00324706 0.0
0.0264657 0.0111609 0.0
0.0290505 0.017582 0.0
0.0303261 0.0225905 0.0
0.0304841 0.0263001 0.0
0.0296905 0.0288342 0.0
0.0280971 0.0303233 0.0
0.0258473 0.0309001 0.0
0.0230797 0.030693 0.0
0.0199306 0.029815 0.0
0.0165357 0.0283479 0.0
0.0130336 0.0263209 0.0
0.00957241 0.0236855 0.0
0.00632003 0.0202927 0.0
0.00348254 0.01588 0.0
0.0013302 0.0100803 0.0
0.000232031 0.00246142 0.0
0.000147937 -0.00142126 0.0
0.000902108 -0.00645517 0.0
0.00243424 -0.0105912 0.0
0.00447074 -0.0136444 0.0
0.00675562 -0.0155389 0.0
0.00906796 -0.0163101 0.0
0.0112315 -0.0160795 0.0
0.0131161 -0.0150213 0.0
0.0146337 -0.0133312 0.0
0.0157308 -0.0112029 0.0
0.0163799 -0.00881173 0.0
0.0165698 -0.00630361 0.0
0.0162968 -0.00378892 0.0
0.0155552 -0.00133836 0.0
0.014334 0.00101594 0.0
0.0126342 0.00322708 0.0
0.0104614 0.00528913 0.0
0.00779928 0.00724091 0.0
0.0046152 0.00913562 0.0
0.000854919 0.0110611 0.0
-0.00350693 0.0130666 0.0
-0.00846352 0.0152299 0.0
-0.0140343 0.0175598 0.0
-0.0202322 0.0200983 0.0
-0.0270497 0.0228313 0.0
-0.0344681 0.0257414 0.0
-0.0424551 0.0287909 0.0
-0.0509699 0.0319386 0.0
-0.0599647 0.0351394 0.0
-0.069387 0.0383495 0.0
-0.07918 0.041527 0.0
-0.0892844 0.0446324 0.0
-0.0996387 0.0476295 0.0
-0.11018 0.050485 0.0
-0.120846 0.0531686 0.0
-0.131575 0.0556533 0.0
-0.142306 0.0579155 0.0
-0.152981 0.059935 0.0
-0.163545 0.0616954 0.0
-0.173947 0.0631835 0.0
-0.184141 0.06439 0.0
-0.194083 0.0653091 0.0
-0.203737 0.065938 0.0
-0.21307 0.0662774 0.0
-0.222052 0.0663305 0.0
-0.230662 0.0661033 0.0
-0.238881 0.0656037 0.0
-0.246694 0.0648419 0.0
-0.254091 0.0638293 0.0
-0.261065 0.0625786 0.0
-0.267613 0.0611033 0.0
-0.273734 0.0594175 0.0
-0.27943 0.0575353 0.0
-0.284706 0.0554711 0.0
-0.289566 0.0532386 0.0
-0.294018 0.0508511 0.0
-0.298068 0.0483212 0.0
-0.301726 0.0456608 0.0
-0.304998 0.0428806 0.0
-0.307892 0.0399902 0.0
-0.310418 0.0369984 0.0
-0.31258 0.0339127 0.0
-0.314387 0.0307392 0.0
-0.315843 0.0274833 0.0
-0.316953 0.024149 0.0
-0.31772 0.0207394 0.0
-0.318148 0.0172565 0.0
-0.318238 0.0137012 0.0
-0.31799 0.0100736 0.0
-0.317405 0.00637294 0.0
-0.316481 0.00259731 0.0
-0.315217 -0.00125587 0.0
-0.313612 -0.00519151 0.0
-0.311665 -0.00919869 0.0
-0.309374 -0.0132746 0.0
-0.306735 -0.0174179 0.0
-0.303745 -0.0216273 0.0
-0.300396 -0.0259001 0.0
-0.296684 -0.0302328 0.0
-0.2926 -0.0346202 0.0
-0.288139 -0.0390553 0.0
-0.283294 -0.0435289 0.0
-0.278056 -0.0480294 0.0
-0.27242 -0.0525421 0.0
-0.266377 -0.0570494 0.0
-0.259923 -0.06153 0.0
-0.253051 -0.0659584 0.0
-0.245757 -0.0703052 0.0
-0.238038 -0.0745359 0.0
-0.229894 -0.0786111 0.0
-0.221327 -0.0824861 0.0
-0.212341 -0.0861106 0.0
-0.202945 -0.0894285 0.0
-0.19315 -0.0923782 0.0
-0.182975 -0.0948925 0.0
-0.172441 -0.096899 0.0
-0.161576 -0.0983212 0.0
-0.150415 -0.0990791 0.0
-0.138997 -0.0990913 0.0
-0.12737 -0.0982772 0.0
-0.115587 -0.0965602 0.0
-0.103711 -0.0938709 0.0
-0.0918087 -0.0901517 0.0
-0.0799571 -0.0853616 0.0
-0.0682389 -0.0794812 0.0
-0.0567421 -0.0725174 0.0
-0.0455574 -0.0645088 0.0
-0.0347788 -0.0555363 0.0
-0.0244841 -0.045695 0.0
-0.0147707 -0.035214 0.0
-0.00568991 -0.0241856 0.0
0.00260665 -0.0132053 0.0
0.00972543 -0.00242963 0.0
0.0152702 0.00717935 0.0
0.0191727 0.0150763 0.0
0.0216624 0.0213309 0.0
0.0229571 0.026107 0.0
0.0232286 0.0295494 0.0
0.0226278 0.0318024 0.0
0.0212928 0.0330059 0.0
0.0193561 0.0332914 0.0
0.0169499 0.032772 0.0
0.0142092 0.0315266 0.0
0.0112766 0.0295769 0.0
0.00830791 0.0268595 0.0
0.0054803 0.0231987 0.0
0.00300373 0.0182881 0.0
0.00113507 0.0116933 0.0
0.000194111 0.00288757 0.0
0.000159102 -0.0017283 0.0
0.000954851 -0.00769805 0.0
0.00254465 -0.0124703 0.0
0.0046153 -0.0158725 0.0
0.00688275 -0.0178632 0.0
0.00911005 -0.0185255 0.0
0.0111151 -0.0180327 0.0
0.0127691 -0.0166067 0.0
0.0139893 -0.0144835 0.0
0.0147285 -0.011887 0.0
0.0149645 -0.00901263 0.0
0.0146878 -0.00601595 0.0
0.0138905 -0.00300624 0.0
0.0125519 -4.07631e-05 0.0
0.0106703 0.00282111 0.0
0.00825509 0.00553683 0.0
0.00529682 0.00811049 0.0
0.00175775 0.0106207 0.0
-0.00238949 0.0130872 0.0
-0.00713513 0.0156155 0.0
-0.0124965 0.0182355 0.0
-0.0184991 0.0210202 0.0
-0.0251473 0.0239884 0.0
-0.0324305 0.0271507 0.0
-0.04032 0.0304859 0.0
-0.0487752 0.0339604 0.0
-0.0577454 0.0375291 0.0
-0.0671738 0.0411436 0.0
-0.0769995 0.0447549 0.0
-0.0871589 0.0483157 0.0
-0.0975871 0.051782 0.0
-0.108219 0.0551132 0.0
-0.118988 0.0582724 0.0
-0.129831 0.0612268 0.0
-0.140685 0.0639473 0.0
-0.151491 0.0664091 0.0
-0.162192 0.0685914 0.0
-0.172736 0.0704776 0.0
-0.183074 0.072055 0.0
-0.193163 0.0733153 0.0
-0.202965 0.0742537 0.0
-0.212446 0.0748693 0.0
-0.221579 0.0751644 0.0
-0.23034 0.0751445 0.0
-0.238712 0.0748177 0.0
-0.24668 0.0741944 0.0
-0.254236 0.0732871 0.0
-0.261374 0.0721096 0.0
-0.268092 0.0706769 0.0
-0.274392 0.069005 0.0
-0.280278 0.06711 0.0
-0.285754 0.0650081 0.0
-0.290828 0.0627155 0.0
-0.295509 0.0602475 0.0
-0.299806 0.0576192 0.0
-0.303728 0.0548443 0.0
-0.307285 0.0519357 0.0
-0.310487 0.0489052 0.0
-0.313342 0.0457633 0.0
-0.315859 0.0425191 0.0
-0.318045 0.0391807 0.0
-0.319906 0.0357548 0.0
-0.32145 0.0322467 0.0
-0.322679 0.0286609 0.0
-0.323598 0.0250005 0.0
-0.32421 0.0212674 0.0
-0.324516 0.0174628 0.0
-0.324518 0.0135868 0.0
-0.324216 0.00963844 0.0
-0.323609 0.00561607 0.0
-0.322696 0.00151707 0.0
-0.321474 -0.00266187 0.0
-0.319943 -0.00692115 0.0
-0.318107 -0.0112532 0.0
-0.31596 -0.0156575 0.0
-0.313499 -0.0201341 0.0
-0.310719 -0.024682 0.0
-0.307614 -0.0292993 0.0
-0.304177 -0.0339831 0.0
-0.300401 -0.0387286 0.0
-0.29628 -0.0435292 0.0
-0.291804 -0.0483761 0.0
-0.286966 -0.0532576 0.0
-0.281758 -0.0581592 0.0
-0.276169 -0.063063 0.0
-0.270193 -0.0679473 0.0
-0.26382 -0.0727858 0.0
-0.257044 -0.0775479 0.0
-0.249858 -0.0821977 0.0
-0.242257 -0.086694 0.0
-0.234238 -0.0909896 0.0
-0.2258 -0.0950312 0.0
-0.216945 -0.0987595 0.0
-0.207678 -0.102109 0.0
-0.198008 -0.105007 0.0
-0.187949 -0.107377 0.0
-0.17752 -0.109137 0.0
-0.166745 -0.1102 0.0
-0.155655 -0.110478 0.0
-0.144288 -0.109884 0.0
-0.13269 -0.108334 0.0
-0.120913 -0.10575 0.0
-0.109021 -0.102067 0.0
-0.0970854 -0.0972335 0.0
-0.0851892 -0.0912237 0.0
-0.0734232 -0.0840376 0.0
-0.0618865 -0.07571 0.0
-0.0506834 -0.0663167 0.0
-0.0399173 -0.0559755 0.0
-0.0296937 -0.0448705 0.0
-0.0201006 -0.0332029 0.0
-0.0112533 -0.0213318 0.0
-0.00322409 -0.00945117 0.0
0.0037521 0.00167995 0.0
0.0091313 0.0112939 0.0
0.0128462 0.0189086 0.0
0.0152399 0.0248408 0.0
0.0165196 0.0292643 0.0
0.0168569 0.0323511 0.0
0.0163953 0.0342538 0.0
0.0152674 0.035108 0.0
0.0136035 0.0350255 0.0
0.0115385 0.0340788 0.0
0.0092172 0.0322785 0.0
0.00679998 0.0295438 0.0
0.0044673 0.0256746 0.0
0.0024239 0.0203321 0.0
0.000900013 0.0130418 0.0
0.000149154 0.00323083 0.0
0.000169469 -0.00205687 0.0
0.000997921 -0.00899368 0.0
0.0026204 -0.0143869 0.0
0.00468312 -0.0180892 0.0
0.00687625 -0.020107 0.0
0.00895055 -0.0205833 0.0
0.0107217 -0.0197511 0.0
0.0120651 -0.0178856 0.0
0.0129047 -0.0152644 0.0
0.0132 -0.0121408 0.0
0.0129324 -0.00872713 0.0
0.0120902 -0.00518256 0.0
0.0106528 -0.00160488 0.0
0.00860215 0.0019471 0.0
0.00595084 0.00536616 0.0
0.00269967 0.00865813 0.0
-0.00116867 0.0118158 0.0
-0.00563381 0.0149196 0.0
-0.0106977 0.0179993 0.0
-0.0163951 0.0211464 0.0
-0.0227439 0.0244148 0.0
-0.0297475 0.027847 0.0
-0.0373897 0.0314519 0.0
-0.0456374 0.0352181 0.0
-0.0544427 0.0391134 0.0
-0.063748 0.0430934 0.0
-0.0734892 0.0471075 0.0
-0.0835988 0.0511033 0.0
-0.0940078 0.0550299 0.0
-0.104647 0.0588392 0.0
-0.115447 0.0624873 0.0
-0.126342 0.0659343 0.0
-0.137267 0.0691451 0.0
-0.148158 0.072089 0.0
-0.158959 0.0747401 0.0
-0.169614 0.0770771 0.0
-0.180073 0.0790835 0.0
-0.190291 0.0807474 0.0
-0.200229 0.082061 0.0
-0.209852 0.0830212 0.0
-0.219131 0.0836285 0.0
-0.228042 0.0838872 0.0
-0.236568 0.0838046 0.0
-0.244693 0.0833912 0.0
-0.25241 0.0826596 0.0
-0.259714 0.0816244 0.0
-0.266603 0.0803018 0.0
-0.273079 0.0787091 0.0
-0.279147 0.0768641 0.0
-0.284814 0.0747849 0.0
-0.290089 0.0724897 0.0
-0.29498 0.0699961 0.0
-0.2995 0.067321 0.0
-0.303657 0.0644806 0.0
-0.307464 0.0614899 0.0
-0.310931 0.0583627 0.0
-0.314068 0.0551115 0.0
-0.316884 0.0517475 0.0
-0.319388 0.0482804 0.0
-0.321588 0.0447187 0.0
-0.323491 0.0410695 0.0
-0.325102 0.0373385 0.0
-0.326426 0.0335303 0.0
-0.327467 0.0296481 0.0
-0.328229 0.0256944 0.0
-0.328714 0.0216701 0.0
-0.328923 0.0175758 0.0
-0.328858 0.0134105 0.0
-0.328518 0.00917301 0.0
-0.327905 0.00486077 0.0
-0.327016 0.000470539 0.0
-0.325852 -0.0040016 0.0
-0.324415 -0.00854956 0.0
-0.322703 -0.0131731 0.0
-0.320714 -0.0178729 0.0
-0.318444 -0.0226494 0.0
-0.315888 -0.0275026 0.0
-0.313041 -0.0324313 0.0
-0.309896 -0.0374331 0.0
-0.306446 -0.0425041 0.0
-0.302683 -0.0476382 0.0
-0.298598 -0.0528271 0.0
-0.294183 -0.0580597 0.0
-0.289427 -0.0633218 0.0
-0.28432 -0.0685957 0.0
-0.278852 -0.0738593 0.0
-0.273012 -0.0790865 0.0
-0.266789 -0.084246 0.0
-0.260174 -0.0893009 0.0
-0.253157 -0.0942088 0.0
-0.24573 -0.0989208 0.0
-0.237886 -0.103382 0.0
-0.229622 -0.107529 0.0
-0.220935 -0.111294 0.0
-0.211825 -0.114601 0.0
-0.2023 -0.117368 0.0
-0.192366 -0.119508 0.0
-0.18204 -0.120929 0.0
-0.171343 -0.121537 0.0
-0.1603 -0.121236 0.0
-0.148949 -0.119933 0.0
-0.137333 -0.117544 0.0
-0.125506 -0.113991 0.0
-0.113535 -0.109215 0.0
-0.101497 -0.103177 0.0
-0.089482 -0.095866 0.0
-0.0775914 -0.087309 0.0
-0.0659377 -0.0775744 0.0
-0.0546406 -0.0667811 0.0
-0.0438231 -0.0551061 0.0
-0.0336033 -0.0427802 0.0
-0.0240956 -0.0301094 0.0
-0.0153864 -0.017412 0.0
-0.00756767 -0.00515405 0.0
-0.000928105 0.00610917 0.0
0.00414797 0.0153024 0.0
0.00766228 0.0225391 0.0
0.00991406 0.0280346 0.0
0.0111328 0.0320249 0.0
0.0114863 0.034688 0.0
0.011118 0.03617 0.0
0.0101627 0.0365827 0.0
0.00875758 0.0359918 0.0
0.00704974 0.0343946 0.0
0.00520124 0.0316934 0.0
0.00339068 0.0276683 0.0
0.00180992 0.0219626 0.0
0.000653821 0.0140913 0.0
0.000103017 0.003483 0.0
0.00017824 -0.00240458 0.0
0.0010268 -0.010323 0.0
0.00265005 -0.0163033 0.0
0.00465456 -0.02024 0.0
0.00670843 -0.0222032 0.0
0.0085546 -0.0224076 0.0
0.0100105 -0.0211539 0.0
0.0109581 -0.0187738 0.0
0.0113295 -0.0155872 0.0
0.0110899 -0.0118738 0.0
0.0102215 -0.00785806 0.0
0.0087076 -0.00369554 0.0
0.00650713 0.000545985 0.0
0.00362751 0.00472647 0.0
9.86178e-05 0.00876699 0.0
-0.00404425 0.0126513 0.0
-0.00876824 0.0164149 0.0
-0.0140992 0.0201166 0.0
-0.0200649 0.0238319 0.0
-0.0266825 0.0276289 0.0
-0.0339527 0.0315513 0.0
-0.0418576 0.035619 0.0
-0.0503604 0.0398249 0.0
-0.0594096 0.044142 0.0
-0.0689429 0.048528 0.0
-0.078891 0.0529322 0.0
-0.0891817 0.0573006 0.0
-0.0997417 0.0615798 0.0
-0.110499 0.0657191 0.0
-0.121381 0.0696717 0.0
-0.132322 0.0733956 0.0
-0.143254 0.0768536 0.0
-0.154118 0.0800138 0.0
-0.164856 0.0828494 0.0
-0.175414 0.0853387 0.0
-0.185746 0.0874655 0.0
-0.19581 0.0892182 0.0
-0.205569 0.0905902 0.0
-0.214993 0.0915796 0.0
-0.224056 0.0921884 0.0
-0.232738 0.0924226 0.0
-0.241025 0.0922917 0.0
-0.248908 0.0918078 0.0
-0.25638 0.0909859 0.0
-0.263441 0.0898427 0.0
-0.270092 0.0883963 0.0
-0.276339 0.0866659 0.0
-0.282189 0.0846713 0.0
-0.287651 0.0824324 0.0
-0.292736 0.0799687 0.0
-0.297455 0.0772995 0.0
-0.30182 0.0744429 0.0
-0.305843 0.0714161 0.0
-0.309535 0.0682353 0.0
-0.312908 0.0649149 0.0
-0.315972 0.0614683 0.0
-0.318737 0.0579073 0.0
-0.321211 0.0542423 0.0
-0.323403 0.050482 0.0
-0.32532 0.0466341 0.0
-0.326968 0.0427047 0.0
-0.328353 0.0386986 0.0
-0.329478 0.0346196 0.0
-0.330348 0.0304703 0.0
-0.330966 0.0262521 0.0
-0.331334 0.0219655 0.0
-0.331455 0.0176104 0.0
-0.33133 0.0131854 0.0
-0.33096 0.00868852 0.0
-0.330345 0.00411717 0.0
-0.329488 -0.000532147 0.0
-0.328389 -0.00526171 0.0
-0.327049 -0.0100667 0.0
-0.325468 -0.0149492 0.0
-0.323642 -0.019911 0.0
-0.32157 -0.0249536 0.0
-0.319247 -0.0300778 0.0
-0.316666 -0.0352835 0.0
-0.313823 -0.0405691 0.0
-0.31071 -0.0459315 0.0
-0.307318 -0.0513654 0.0
-0.303639 -0.0568635 0.0
-0.299663 -0.0624152 0.0
-0.295378 -0.0680072 0.0
-0.290773 -0.0736221 0.0
-0.285835 -0.0792385 0.0
-0.280553 -0.0848303 0.0
-0.274912 -0.0903662 0.0
-0.268898 -0.0958092 0.0
-0.2625 -0.101116 0.0
-0.255703 -0.106237 0.0
-0.248496 -0.111116 0.0
-0.240868 -0.115687 0.0
-0.232809 -0.119881 0.0
-0.224314 -0.123618 0.0
-0.215378 -0.126813 0.0
-0.206002 -0.129373 0.0
-0.19619 -0.131202 0.0
-0.185951 -0.132199 0.0
-0.175304 -0.132262 0.0
-0.164272 -0.13129 0.0
-0.152889 -0.129187 0.0
-0.141199 -0.125865 0.0
-0.129258 -0.121253 0.0
-0.117136 -0.115298 0.0
-0.104918 -0.107978 0.0
-0.0927032 -0.0993026 0.0
-0.0806076 -0.08933 0.0
-0.0687603 -0.0781699 0.0
-0.0573009 -0.0659941 0.0
-0.0463733 -0.0530396 0.0
-0.0361182 -0.0396127 0.0
-0.0266611 -0.0260751 0.0
-0.0181144 -0.0128564 0.0
-0.0105595 -0.000382987 0.0
-0.00433165 0.0104906 0.0
0.000342236 0.0191627 0.0
0.00361237 0.025889 0.0
0.00568829 0.0308757 0.0
0.00680682 0.0343651 0.0
0.0071418 0.0365262 0.0
0.00684435 0.0374792 0.0
0.00605937 0.0372854 0.0
0.00493779 0.0359304 0.0
0.00364192 0.0333019 0.0
0.00234435 0.0291679 0.0
0.00121866 0.0231694 0.0
0.000420463 0.0148387 0.0
6.04067e-05 0.00364642 0.0
0.000184434 -0.00276725 0.0
0.00103612 -0.0116606 0.0
0.00262042 -0.0181733 0.0
0.00450763 -0.0222618 0.0
0.00634906 -0.0240768 0.0
0.00788493 -0.023916 0.0
0.00893812 -0.0221545 0.0
0.00939961 -0.0191824 0.0
0.00920978 -0.0153602 0.0
0.00833681 -0.0109882 0.0
0.00675655 -0.00629498 0.0
0.00443406 -0.00142224 0.0
0.00135595 0.00355127 0.0
-0.00240718 0.00836394 0.0
-0.00676572 0.0130169 0.0
-0.0117072 0.0174857 0.0
-0.0172556 0.021853 0.0
-0.0234304 0.0261843 0.0
-0.0302472 0.0305467 0.0
-0.0377062 0.0349907 0.0
-0.0457884 0.039542 0.0
-0.0544566 0.0442012 0.0
-0.0636574 0.0489463 0.0
-0.073326 0.0537386 0.0
-0.0833905 0.0585291 0.0
-0.0937753 0.063264 0.0
-0.104404 0.0678886 0.0
-0.115203 0.0723504 0.0
-0.126098 0.0766008 0.0
-0.137022 0.0805961 0.0
-0.147908 0.0842975 0.0
-0.158695 0.0876721 0.0
-0.169329 0.0906924 0.0
-0.179757 0.0933366 0.0
-0.189935 0.0955884 0.0
-0.199824 0.097437 0.0
-0.20939 0.0988766 0.0
-0.218606 0.0999063 0.0
-0.227448 0.10053 0.0
-0.235902 0.100754 0.0
-0.243955 0.100592 0.0
-0.2516 0.100056 0.0
-0.258837 0.0991627 0.0
-0.265665 0.0979317 0.0
-0.27209 0.0963827 0.0
-0.278119 0.0945365 0.0
-0.283761 0.0924147 0.0
-0.289027 0.0900386 0.0
-0.293929 0.0874292 0.0
-0.298479 0.084607 0.0
-0.30269 0.0815914 0.0
-0.306575 0.0784005 0.0
-0.310145 0.0750514 0.0
-0.313412 0.0715595 0.0
-0.316387 0.0679387 0.0
-0.31908 0.0642017 0.0
-0.321501 0.0603593 0.0
-0.323657 0.056421 0.0
-0.325556 0.0523948 0.0
-0.327205 0.0482875 0.0
-0.328611 0.0441045 0.0
-0.329777 0.0398498 0.0
-0.33071 0.0355265 0.0
-0.331413 0.0311365 0.0
-0.33189 0.0266808 0.0
-0.332145 0.0221595 0.0
-0.332179 0.0175716 0.0
-0.331996 0.0129157 0.0
-0.331597 0.00818938 0.0
-0.330985 0.00338976 0.0
-0.330161 -0.00148662 0.0
-0.329127 -0.00644015 0.0
-0.327886 -0.0114694 0.0
-0.326436 -0.0165773 0.0
-0.324777 -0.0217671 0.0
-0.322905 -0.0270414 0.0
-0.320817 -0.0324018 0.0
-0.318507 -0.0378493 0.0
-0.31597 -0.0433834 0.0
-0.313199 -0.0490019 0.0
-0.310185 -0.0547008 0.0
-0.306918 -0.0604735 0.0
-0.303389 -0.0663107 0.0
-0.299586 -0.0721999 0.0
-0.295496 -0.0781247 0.0
-0.291105 -0.0840646 0.0
-0.286397 -0.0899942 0.0
-0.281358 -0.0958826 0.0
-0.27597 -0.101693 0.0
-0.270218 -0.107383 0.0
-0.264082 -0.112902 0.0
-0.257546 -0.118193 0.0
-0.250594 -0.123191 0.0
-0.243208 -0.127822 0.0
-0.235376 -0.132005 0.0
-0.227084 -0.135653 0.0
-0.218324 -0.138669 0.0
-0.20909 -0.140953 0.0
-0.199381 -0.142396 0.0
-0.189202 -0.142891 0.0
-0.178567 -0.142328 0.0
-0.167498 -0.140601 0.0
-0.156026 -0.137613 0.0
-0.144196 -0.133276 0.0
-0.132069 -0.127525 0.0
-0.119719 -0.120319 0.0
-0.107241 -0.111654 0.0
-0.0947471 -0.101568 0.0
-0.0823707 -0.0901557 0.0
-0.0702622 -0.0775763 0.0
-0.0585857 -0.0640615 0.0
-0.0475116 -0.0499201 0.0
-0.0372038 -0.0355327 0.0
-0.0278084 -0.0213409 0.0
-0.0194461 -0.00781562 0.0
-0.0122833 0.00453259 0.0
-0.00657228 0.0147358 0.0
-0.00233635 0.0228099 0.0
0.000627623 0.028915 0.0
0.0025038 0.0333312 0.0
0.00349909 0.0362299 0.0
0.00380716 0.0377649 0.0
0.00359058 0.0380012 0.0
0.00300864 0.0369181 0.0
0.0022243 0.0343945 0.0
0.00140179 0.0301955 0.0
0.000693807 0.0239755 0.0
0.000217757 0.0153069 0.0
2.46421e-05 0.00373147 0.0
0.000186941 -0.00313863 0.0
0.00102005 -0.012974 0.0
0.00251764 -0.0199417 0.0
0.00421992 -0.0240828 0.0
0.00576806 -0.0256453 0.0
0.006905 -0.0250203 0.0
0.00746257 -0.022661 0.0
0.00734196 -0.0190167 0.0
0.00649188 -0.0144859 0.0
0.00488009 -0.00937767 0.0
0.00247094 -0.00391604 0.0
-0.000768841 0.0017611 0.0
-0.00472125 0.00739845 0.0
-0.00925805 0.0128167 0.0
-0.0143803 0.018045 0.0
-0.0200976 0.0231163 0.0
-0.0264288 0.028102 0.0
-0.0333852 0.0330665 0.0
-0.0409663 0.0380624 0.0
-0.0491539 0.0431215 0.0
-0.0579113 0.0482509 0.0
-0.0671858 0.0534349 0.0
-0.076912 0.0586396 0.0
-0.087017 0.0638189 0.0
-0.0974239 0.0689201 0.0
-0.108055 0.0738888 0.0
-0.118834 0.0786716 0.0
-0.129687 0.0832189 0.0
-0.140544 0.0874855 0.0
-0.151341 0.0914318 0.0
-0.162018 0.095024 0.0
-0.172519 0.098234 0.0
-0.182795 0.10104 0.0
-0.192802 0.103426 0.0
-0.202505 0.105381 0.0
-0.211872 0.1069 0.0
-0.220877 0.107984 0.0
-0.229501 0.108638 0.0
-0.237731 0.10887 0.0
-0.245557 0.108694 0.0
-0.252975 0.108124 0.0
-0.259985 0.10718 0.0
-0.266592 0.105881 0.0
-0.2728 0.10425 0.0
-0.278619 0.102309 0.0
-0.28406 0.10008 0.0
-0.289135 0.0975875 0.0
-0.293856 0.0948526 0.0
-0.298236 0.0918973 0.0
-0.302289 0.088742 0.0
-0.306027 0.0854059 0.0
-0.309464 0.0819069 0.0
-0.31261 0.0782614 0.0
-0.315478 0.0744841 0.0
-0.318077 0.0705882 0.0
-0.320417 0.0665855 0.0
-0.322507 0.0624861 0.0
-0.324355 0.0582987 0.0
-0.32597 0.0540307 0.0
-0.327357 0.049688 0.0
-0.328523 0.0452755 0.0
-0.329474 0.0407966 0.0
-0.330216 0.036254 0.0
-0.330753 0.031649 0.0
-0.331089 0.0269821 0.0
-0.331229 0.0222529 0.0
-0.331177 0.0174604 0.0
-0.330936 0.0126024 0.0
-0.330508 0.00767658 0.0
-0.329898 0.00267957 0.0
-0.329106 -0.00239236 0.0
-0.328137 -0.00753706 0.0
-0.326994 -0.0127573 0.0
-0.325675 -0.0180573 0.0
-0.324181 -0.023441 0.0
-0.322508 -0.0289122 0.0
-0.320653 -0.0344738 0.0
-0.318612 -0.0401276 0.0
-0.31638 -0.0458744 0.0
-0.313949 -0.0517132 0.0
-0.311312 -0.057641 0.0
-0.308459 -0.0636527 0.0
-0.305379 -0.0697402 0.0
-0.30206 -0.0758923 0.0
-0.298489 -0.0820939 0.0
-0.29465 -0.0883257 0.0
-0.290527 -0.0945636 0.0
-0.286102 -0.100778 0.0
-0.281355 -0.106933 0.0
-0.276266 -0.112986 0.0
-0.270814 -0.118888 0.0
-0.264977 -0.124581 0.0
-0.258732 -0.13 0.0
-0.252057 -0.135072 0.0
-0.244931 -0.139714 0.0
-0.237332 -0.143835 0.0
-0.229243 -0.147337 0.0
-0.220648 -0.150114 0.0
-0.211536 -0.152056 0.0
-0.201901 -0.153045 0.0
-0.191744 -0.152966 0.0
-0.181073 -0.151703 0.0
-0.169909 -0.149146 0.0
-0.158284 -0.145196 0.0
-0.146245 -0.139771 0.0
-0.133856 -0.132812 0.0
-0.121201 -0.124294 0.0
-0.108387 -0.114236 0.0
-0.0955418 -0.102709 0.0
-0.0828214 -0.089852 0.0
-0.0704026 -0.075881 0.0
-0.0584801 -0.0610972 0.0
-0.0472561 -0.0458873 0.0
-0.0369247 -0.0307131 0.0
-0.0276504 -0.0160799 0.0
-0.0195351 -0.00248118 0.0
-0.012849 0.00935234 0.0
-0.00772819 0.0188366 0.0
-0.00397061 0.0261667 0.0
-0.00137029 0.0316029 0.0
0.000273755 0.0353189 0.0
0.00115062 0.0374911 0.0
0.00145021 0.0381921 0.0
0.00135127 0.0374081 0.0
0.00102056 0.0350195 0.0
0.000614268 0.0307993 0.0
0.000264856 0.0244292 0.0
5.7012e-05 0.0155371 0.0
-2.39592e-06 0.00375372 0.0
0.000184574 -0.00351014 0.0
0.000972659 -0.0142237 0.0
0.0023282 -0.0215452 0.0
0.00377026 -0.0256237 0.0
0.00493774 -0.0268201 0.0
0.00558183 -0.0256266 0.0
0.00554609 -0.0225766 0.0
0.00474161 -0.0181761 0.0
0.00312414 -0.012859 0.0
0.000650069 -0.00691873 0.0
-0.00269365 -0.000622114 0.0
-0.00677285 0.00578615 0.0
-0.0114539 0.0120069 0.0
-0.016718 0.0180092 0.0
-0.0225659 0.0238227 0.0
-0.0290078 0.0294978 0.0
-0.0360537 0.0350976 0.0
-0.043702 0.0406757 0.0
-0.0519358 0.0462681 0.0
-0.0607203 0.051888 0.0
-0.0700046 0.0575262 0.0
-0.0797249 0.0631543 0.0
-0.0898087 0.0687302 0.0
-0.100179 0.0742036 0.0
-0.110758 0.0795209 0.0
-0.121467 0.0846289 0.0
-0.132235 0.0894775 0.0
-0.142989 0.0940208 0.0
-0.153666 0.0982184 0.0
-0.164206 0.102036 0.0
-0.174554 0.105445 0.0
-0.184664 0.108423 0.0
-0.194492 0.110955 0.0
-0.204004 0.11303 0.0
-0.21317 0.114645 0.0
-0.221968 0.1158 0.0
-0.230379 0.116501 0.0
-0.238392 0.116759 0.0
-0.246 0.116587 0.0
-0.2532 0.116003 0.0
-0.259995 0.115027 0.0
-0.266389 0.113681 0.0
-0.272389 0.111987 0.0
-0.278006 0.10997 0.0
-0.283251 0.107654 0.0
-0.288137 0.105062 0.0
-0.292677 0.10222 0.0
-0.296885 0.0991487 0.0
-0.300774 0.0958703 0.0
-0.304357 0.092405 0.0
-0.307647 0.0887716 0.0
-0.310657 0.0849874 0.0
-0.313398 0.081068 0.0
-0.31588 0.0770274 0.0
-0.318115 0.0728784 0.0
-0.320111 0.0686317 0.0
-0.321878 0.0642969 0.0
-0.323424 0.0598823 0.0
-0.324757 0.0553944 0.0
-0.325884 0.0508388 0.0
-0.326813 0.0462197 0.0
-0.32755 0.0415403 0.0
-0.3281 0.0368027 0.0
-0.328471 0.0320077 0.0
-0.328667 0.0271556 0.0
-0.328693 0.0222456 0.0
-0.328554 0.0172762 0.0
-0.328254 0.0122451 0.0
-0.327796 0.0071495 0.0
-0.327186 0.00198596 0.0
-0.326427 -0.00324949 0.0
-0.325522 -0.00855377 0.0
-0.324474 -0.0139327 0.0
-0.323282 -0.0193917 0.0
-0.321948 -0.0249359 0.0
-0.320468 -0.0305699 0.0
-0.318841 -0.0362978 0.0
-0.317063 -0.0421227 0.0
-0.315128 -0.0480464 0.0
-0.313031 -0.0540693 0.0
-0.310763 -0.0601898 0.0
-0.308316 -0.0664042 0.0
-0.305678 -0.0727059 0.0
-0.302839 -0.0790853 0.0
-0.299782 -0.0855288 0.0
-0.296493 -0.0920189 0.0
-0.292954 -0.098533 0.0
-0.289144 -0.105043 0.0
-0.285043 -0.111515 0.0
-0.280628 -0.117908 0.0
-0.275873 -0.124173 0.0
-0.270752 -0.130254 0.0
-0.265238 -0.136086 0.0
-0.259302 -0.141596 0.0
-0.252917 -0.146701 0.0
-0.246053 -0.15131 0.0
-0.238684 -0.15532 0.0
-0.230785 -0.158625 0.0
-0.222334 -0.161108 0.0
-0.213314 -0.162648 0.0
-0.203714 -0.163121 0.0
-0.193529 -0.162403 0.0
-0.182768 -0.160372 0.0
-0.171447 -0.156916 0.0
-0.159601 -0.151936 0.0
-0.147281 -0.145356 0.0
-0.134557 -0.137129 0.0
-0.121525 -0.127248 0.0
-0.108307 -0.115759 0.0
-0.0950541 -0.102775 0.0
-0.0819475 -0.0884838 0.0
-0.0691968 -0.0731676 0.0
-0.0570334 -0.0572042 0.0
-0.0456966 -0.0410645 0.0
-0.0354112 -0.0252882 0.0
-0.0263606 -0.0104389 0.0
-0.0186815 0.00294479 0.0
-0.0125702 0.014012 0.0
-0.0080119 0.0226754 0.0
-0.00472929 0.0292113 0.0
-0.00249044 0.0338276 0.0
-0.0010846 0.0366996 0.0
-0.000311526 0.0379109 0.0
1.61421e-05 0.0374606 0.0
7.27359e-05 0.0352411 0.0
1.08989e-05 0.0310458 0.0
-5.25188e-05 0.0245955 0.0
-5.71862e-05 0.0155833 0.0
-2.0781e-05 0.00373054 0.0
0.000176125 -0.00387084 0.0
0.000888301 -0.0153632 0.0
0.00203988 -0.0229128 0.0
0.00314037 -0.0267987 0.0
0.00383492 -0.0275071 0.0
0.00388838 -0.0256371 0.0
0.00315821 -0.0218002 0.0
0.00156389 -0.0165537 0.0
-0.000931517 -0.0103685 0.0
-0.00429776 -0.00356891 0.0
-0.00845313 0.00352716 0.0
-0.0132695 0.0105325 0.0
-0.018654 0.0173262 0.0
-0.0246017 0.0239017 0.0
-0.03112 0.0302962 0.0
-0.0382158 0.036562 0.0
-0.0458881 0.0427515 0.0
-0.0541215 0.0489035 0.0
-0.0628842 0.0550366 0.0
-0.0721281 0.0611479 0.0
-0.0817921 0.0672147 0.0
-0.0918057 0.0731998 0.0
-0.102093 0.0790559 0.0
-0.112577 0.0847315 0.0
-0.123179 0.0901741 0.0
-0.133827 0.0953335 0.0
-0.144451 0.100164 0.0
-0.154985 0.104623 0.0
-0.16537 0.108678 0.0
-0.175553 0.112299 0.0
-0.185487 0.115464 0.0
-0.195132 0.118158 0.0
-0.204453 0.12037 0.0
-0.213422 0.122097 0.0
-0.222017 0.12334 0.0
-0.230223 0.124108 0.0
-0.238028 0.12441 0.0
-0.245428 0.124263 0.0
-0.252421 0.123684 0.0
-0.25901 0.122695 0.0
-0.2652 0.12132 0.0
-0.271001 0.119582 0.0
-0.276422 0.117507 0.0
-0.281476 0.11512 0.0
-0.286176 0.112448 0.0
-0.290535 0.109513 0.0
-0.294567 0.106341 0.0
-0.298286 0.102954 0.0
-0.301706 0.0993733 0.0
-0.304839 0.0956184 0.0
-0.307698 0.0917079 0.0
-0.310295 0.0876583 0.0
-0.312642 0.0834847 0.0
-0.31475 0.0792006 0.0
-0.316628 0.0748179 0.0
-0.318287 0.0703471 0.0
-0.319736 0.0657972 0.0
-0.320984 0.0611758 0.0
-0.322039 0.0564892 0.0
-0.32291 0.0517424 0.0
-0.323604 0.0469393 0.0
-0.324129 0.0420826 0.0
-0.324492 0.037174 0.0
-0.324699 0.0322141 0.0
-0.324757 0.0272026 0.0
-0.324671 0.0221384 0.0
-0.324446 0.0170196 0.0
-0.324088 0.0118436 0.0
-0.323602 0.0066075 0.0
-0.322991 0.00130758 0.0
-0.322262 -0.00405996 0.0
-0.321416 -0.00949352 0.0
-0.320458 -0.0150002 0.0
-0.319387 -0.0205864 0.0
-0.318204 -0.0262585 0.0
-0.316909 -0.0320222 0.0
-0.315499 -0.0378827 0.0
-0.313971 -0.0438441 0.0
-0.312321 -0.0499097 0.0
-0.310543 -0.0560811 0.0
-0.308631 -0.0623582 0.0
-0.306575 -0.0687388 0.0
-0.304366 -0.0752181 0.0
-0.30199 -0.0817882 0.0
-0.299435 -0.0884375 0.0
-0.296684 -0.0951505 0.0
-0.293718 -0.101907 0.0
-0.290517 -0.10868 0.0
-0.287057 -0.115438 0.0
-0.283314 -0.122143 0.0
-0.279259 -0.128747 0.0
-0.274862 -0.135197 0.0
-0.270091 -0.141428 0.0
-0.264913 -0.147368 0.0
-0.259294 -0.152935 0.0
-0.253198 -0.158036 0.0
-0.24659 -0.162571 0.0
-0.239435 -0.166428 0.0
-0.231703 -0.169488 0.0
-0.223364 -0.171626 0.0
-0.214397 -0.172711 0.0
-0.204784 -0.17261 0.0
-0.194518 -0.171192 0.0
-0.183604 -0.16833 0.0
-0.172062 -0.163911 0.0
-0.159926 -0.157838 0.0
-0.147255 -0.150042 0.0
-0.134129 -0.140492 0.0
-0.12066 -0.129203 0.0
-0.106988 -0.116256 0.0
-0.093291 -0.101806 0.0
-0.0797831 -0.0861038 0.0
-0.0667117 -0.0695028 0.0
-0.0543485 -0.0524658 0.0
-0.0429694 -0.0355513 0.0
-0.0328203 -0.0193755 0.0
-0.024074 -0.00454397 0.0
-0.0169589 0.0082743 0.0
-0.0115403 0.0184363 0.0
-0.00756687 0.0261944 0.0
-0.00475795 0.0317967 0.0
-0.00286755 0.0354343 0.0
-0.00167495 0.0372106 0.0
-0.000980533 0.0371388 0.0
-0.000605642 0.0351314 0.0
-0.000400585 0.0310122 0.0
-0.000257291 0.0245491 0.0
-0.000125587 0.0155026 0.0
-3.02656e-05 0.0036795 0.0
0.00016042 -0.00420739 0.0
0.000761981 -0.0163404 0.0
0.00164268 -0.0239678 0.0
0.00231624 -0.0275176 0.0
0.00244263 -0.0276091 0.0
0.00180538 -0.0249513 0.0
0.000275478 -0.0202259 0.0
-0.00218071 -0.0140775 0.0
-0.00552674 -0.00700331 0.0
-0.00973299 0.000638367 0.0
-0.0146496 0.00839184 0.0
-0.0201261 0.0159607 0.0
-0.0261498 0.0233062 0.0
-0.0327188 0.0304384 0.0
-0.0398365 0.0373955 0.0
-0.0475014 0.0442235 0.0
-0.0557003 0.0509613 0.0
-0.0644046 0.0576316 0.0
-0.0735704 0.064237 0.0
-0.0831402 0.0707612 0.0
-0.0930466 0.0771718 0.0
-0.103216 0.0834256 0.0
-0.113572 0.0894734 0.0
-0.124038 0.0952641 0.0
-0.134542 0.100748 0.0
-0.145014 0.105879 0.0
-0.155388 0.110616 0.0
-0.165607 0.114924 0.0
-0.175618 0.118773 0.0
-0.185373 0.122143 0.0
-0.194834 0.125016 0.0
-0.203966 0.127383 0.0
-0.212743 0.129242 0.0
-0.221144 0.130594 0.0
-0.229153 0.131448 0.0
-0.236761 0.131814 0.0
-0.243964 0.131711 0.0
-0.25076 0.131157 0.0
-0.257153 0.130175 0.0
-0.26315 0.128789 0.0
-0.268759 0.127025 0.0
-0.273991 0.124909 0.0
-0.278858 0.122469 0.0
-0.283375 0.119729 0.0
-0.287554 0.116717 0.0
-0.291409 0.113458 0.0
-0.294955 0.109975 0.0
-0.298205 0.10629 0.0
-0.301173 0.102425 0.0
-0.303871 0.0983984 0.0
-0.306313 0.0942286 0.0
-0.30851 0.0899316 0.0
-0.310473 0.0855218 0.0
-0.312214 0.0810123 0.0
-0.313744 0.0764145 0.0
-0.315074 0.0717385 0.0
-0.316212 0.0669928 0.0
-0.317168 0.0621848 0.0
-0.317953 0.0573202 0.0
-0.318575 0.0524038 0.0
-0.319041 0.047439 0.0
-0.319361 0.0424281 0.0
-0.319542 0.0373723 0.0
-0.319591 0.032272 0.0
-0.319515 0.0271264 0.0
-0.319321 0.021934 0.0
-0.319014 0.0166925 0.0
-0.318601 0.0113991 0.0
-0.318086 0.00605045 0.0
-0.317474 0.000642742 0.0
-0.316771 -0.00482783 0.0
-0.31598 -0.0103615 0.0
-0.315105 -0.0159664 0.0
-0.314146 -0.0216498 0.0
-0.313105 -0.0274192 0.0
-0.31198 -0.0332811 0.0
-0.310772 -0.0392419 0.0
-0.309478 -0.0453069 0.0
-0.308095 -0.0514805 0.0
-0.306617 -0.0577658 0.0
-0.305039 -0.0641641 0.0
-0.303352 -0.0706749 0.0
-0.301548 -0.0772953 0.0
-0.299615 -0.0840192 0.0
-0.297539 -0.0908375 0.0
-0.295304 -0.0977366 0.0
-0.292892 -0.104699 0.0
-0.290281 -0.1117 0.0
-0.287447 -0.118712 0.0
-0.284363 -0.125697 0.0
-0.280998 -0.132613 0.0
-0.277322 -0.139406 0.0
-0.273296 -0.146015 0.0
-0.268885 -0.15237 0.0
-0.264047 -0.15839 0.0
-0.25874 -0.163984 0.0
-0.252923 -0.169049 0.0
-0.246553 -0.173474 0.0
-0.239588 -0.177139 0.0
-0.23199 -0.179912 0.0
-0.223724 -0.181659 0.0
-0.214761 -0.182238 0.0
-0.205081 -0.181509 0.0
-0.194675 -0.179333 0.0
-0.183546 -0.17558 0.0
-0.171715 -0.170135 0.0
-0.159224 -0.162907 0.0
-0.146139 -0.153837 0.0
-0.132556 -0.142911 0.0
-0.118603 -0.130173 0.0
-0.104447 -0.115742 0.0
-0.090297 -0.0998263 0.0
-0.0764042 -0.0827446 0.0
-0.0630586 -0.0649329 0.0
-0.050575 -0.0469469 0.0
-0.0392661 -0.0294379 0.0
-0.0294002 -0.0130938 0.0
-0.0211489 0.0014576 0.0
-0.0146984 0.013384 0.0
-0.00996363 0.0225385 0.0
-0.00656746 0.0292475 0.0
-0.00421283 0.0337385 0.0
-0.00264501 0.036146 0.0
-0.00164404 0.036508 0.0
-0.00102213 0.0347654 0.0
-0.000627747 0.0307788 0.0
-0.000354082 0.0243656 0.0
-0.000150009 0.0153504 0.0
-3.14088e-05 0.00361782 0.0
0.000136364 -0.00450417 0.0
0.000589708 -0.0170986 0.0
0.00112966 -0.0246304 0.0
0.00128934 -0.0276883 0.0
0.000751556 -0.027027 0.0
-0.000673991 -0.0234706 0.0
-0.00304699 -0.0178037 0.0
-0.00634895 -0.0107415 0.0
-0.0105485 -0.0027937 0.0
-0.0155124 0.00559892 0.0
-0.0210699 0.0139054 0.0
-0.0271554 0.0220092 0.0
-0.0337591 0.0298851 0.0
-0.0408808 0.0375501 0.0
-0.0485182 0.0450389 0.0
-0.0566601 0.0523869 0.0
-0.0652817 0.0596184 0.0
-0.0743435 0.0667406 0.0
-0.0837925 0.0737428 0.0
-0.0935652 0.080598 0.0
-0.103591 0.0872673 0.0
-0.113796 0.0937045 0.0
-0.124106 0.0998604 0.0
-0.134449 0.105686 0.0
-0.144754 0.111136 0.0
-0.154959 0.116168 0.0
-0.165005 0.120747 0.0
-0.174839 0.124845 0.0
-0.184416 0.128439 0.0
-0.193695 0.131512 0.0
-0.202644 0.134056 0.0
-0.211236 0.136067 0.0
-0.219451 0.137549 0.0
-0.227274 0.13851 0.0
-0.234696 0.138963 0.0
-0.241713 0.138924 0.0
-0.248323 0.138415 0.0
-0.254532 0.137459 0.0
-0.260345 0.13608 0.0
-0.265771 0.134307 0.0
-0.270822 0.132167 0.0
-0.27551 0.129687 0.0
-0.279847 0.126896 0.0
-0.283849 0.12382 0.0
-0.287529 0.120485 0.0
-0.2909 0.116917 0.0
-0.293978 0.113139 0.0
-0.296776 0.109174 0.0
-0.299308 0.10504 0.0
-0.301585 0.100759 0.0
-0.303622 0.0963464 0.0
-0.30543 0.0918187 0.0
-0.307022 0.0871898 0.0
-0.308409 0.0824724 0.0
-0.309602 0.0776776 0.0
-0.310612 0.0728151 0.0
-0.311451 0.0678931 0.0
-0.312128 0.0629184 0.0
-0.312654 0.0578966 0.0
-0.313037 0.0528319 0.0
-0.313287 0.0477274 0.0
-0.313412 0.042585 0.0
-0.313421 0.0374054 0.0
-0.313322 0.0321885 0.0
-0.313121 0.0269332 0.0
-0.312825 0.0216375 0.0
-0.312442 0.0162987 0.0
-0.311976 0.0109136 0.0
-0.311434 0.00547851 0.0
-0.31082 -1.0581e-05 0.0
-0.31014 -0.00555722 0.0
-0.309399 -0.0111642 0.0
-0.308598 -0.01684 0.0
-0.30774 -0.0225929 0.0
-0.306827 -0.0284311 0.0
-0.305858 -0.0343622 0.0
-0.304833 -0.0403933 0.0
-0.303752 -0.046531 0.0
-0.302611 -0.0527807 0.0
-0.301408 -0.0591469 0.0
-0.300137 -0.0656325 0.0
-0.298791 -0.0722386 0.0
-0.297362 -0.0789641 0.0
-0.295841 -0.0858053 0.0
-0.294213 -0.0927553 0.0
-0.292463 -0.0998031 0.0
-0.290574 -0.106934 0.0
-0.288524 -0.114126 0.0
-0.286289 -0.121355 0.0
-0.283841 -0.128587 0.0
-0.281148 -0.13578 0.0
-0.278176 -0.142887 0.0
-0.274886 -0.149849 0.0
-0.271236 -0.156598 0.0
-0.267182 -0.163055 0.0
-0.262676 -0.169131 0.0
-0.25767 -0.174725 0.0
-0.252112 -0.179726 0.0
-0.245953 -0.184011 0.0
-0.239144 -0.187447 0.0
-0.231639 -0.189895 0.0
-0.223398 -0.191207 0.0
-0.214387 -0.191232 0.0
-0.204582 -0.189821 0.0
-0.193973 -0.18683 0.0
-0.182564 -0.182125 0.0
-0.170382 -0.175591 0.0
-0.157476 -0.167144 0.0
-0.143925 -0.156739 0.0
-0.129841 -0.144382 0.0
-0.115379 -0.130151 0.0
-0.100733 -0.114212 0.0
-0.0861496 -0.0968351 0.0
-0.0719216 -0.078416 0.0
-0.058384 -0.0594849 0.0
-0.0458931 -0.0406995 0.0
-0.0347868 -0.0228043 0.0
-0.0253254 -0.0065446 0.0
-0.0177503 0.00736057 0.0
-0.0120883 0.018165 0.0
-0.008025 0.0261615 0.0
-0.00518752 0.0316324 0.0
-0.00326563 0.0347624 0.0
-0.00200526 0.0356303 0.0
-0.0011996 0.0342156 0.0
-0.000686953 0.0304216 0.0
-0.000353062 0.0241153 0.0
-0.00013513 0.0151787 0.0
-2.53228e-05 0.00356109 0.0
0.000102977 -0.00474351 0.0
0.000368885 -0.0175785 0.0
0.000497759 -0.0248193 0.0
5.68636e-05 -0.0272182 0.0
-0.00122668 -0.0256758 0.0
-0.00347117 -0.0211517 0.0
-0.00667977 -0.0145409 0.0
-0.0108075 -0.00657456 0.0
-0.0157881 0.00221941 0.0
-0.0214274 0.011189 0.0
-0.0275662 0.0200116 0.0
-0.0341964 0.0286188 0.0
-0.0413134 0.0369963 0.0
-0.0489137 0.0451608 0.0
-0.0569871 0.0531391 0.0
-0.0655125 0.060954 0.0
-0.0744551 0.0686154 0.0
-0.0837671 0.0761172 0.0
-0.0933896 0.0834377 0.0
-0.103256 0.0905423 0.0
-0.113296 0.0973884 0.0
-0.123436 0.103929 0.0
-0.133606 0.110116 0.0
-0.143738 0.115904 0.0
-0.153768 0.121253 0.0
-0.163638 0.126126 0.0
-0.173296 0.130493 0.0
-0.182696 0.134333 0.0
-0.191799 0.13763 0.0
-0.200572 0.140373 0.0
-0.208988 0.14256 0.0
-0.217028 0.144195 0.0
-0.224676 0.145285 0.0
-0.231924 0.145845 0.0
-0.238766 0.145892 0.0
-0.245204 0.145448 0.0
-0.251239 0.144537 0.0
-0.25688 0.143185 0.0
-0.262134 0.141421 0.0
-0.267012 0.139272 0.0
-0.271528 0.136769 0.0
-0.275693 0.133939 0.0
-0.279523 0.130812 0.0
-0.283031 0.127414 0.0
-0.286231 0.123772 0.0
-0.289138 0.11991 0.0
-0.291766 0.115852 0.0
-0.294128 0.111621 0.0
-0.296239 0.107235 0.0
-0.298111 0.102714 0.0
-0.299758 0.0980751 0.0
-0.301193 0.0933331 0.0
-0.302429 0.0885022 0.0
-0.303476 0.0835945 0.0
-0.304349 0.0786209 0.0
-0.305057 0.0735907 0.0
-0.305613 0.0685118 0.0
-0.306027 0.0633906 0.0
-0.306309 0.0582322 0.0
-0.30647 0.0530404 0.0
-0.306519 0.0478178 0.0
-0.306465 0.0425659 0.0
-0.306316 0.0372848 0.0
-0.306081 0.0319741 0.0
-0.305766 0.026632 0.0
-0.305379 0.0212561 0.0
-0.304926 0.0158435 0.0
-0.304413 0.0103903 0.0
-0.303846 0.00489259 0.0
-0.30323 -0.000653966 0.0
-0.302571 -0.00625262 0.0
-0.301873 -0.0119087 0.0
-0.301138 -0.017631 0.0
-0.300369 -0.0234286 0.0
-0.299568 -0.0293102 0.0
-0.298736 -0.0352842 0.0
-0.297873 -0.0413585 0.0
-0.29698 -0.0475406 0.0
-0.296054 -0.053837 0.0
-0.295095 -0.0602535 0.0
-0.294098 -0.0667944 0.0
-0.293058 -0.0734625 0.0
-0.291968 -0.0802588 0.0
-0.290819 -0.0871815 0.0
-0.289599 -0.0942264 0.0
-0.288296 -0.101385 0.0
-0.28689 -0.108646 0.0
-0.285363 -0.115991 0.0
-0.28369 -0.123399 0.0
-0.281843 -0.130838 0.0
-0.27979 -0.138274 0.0
-0.277494 -0.14566 0.0
-0.274917 -0.152943 0.0
-0.272013 -0.160058 0.0
-0.268733 -0.166929 0.0
-0.265026 -0.17347 0.0
-0.260836 -0.179582 0.0
-0.256107 -0.185156 0.0
-0.250781 -0.190067 0.0
-0.244798 -0.194182 0.0
-0.238104 -0.197358 0.0
-0.230646 -0.199443 0.0
-0.222377 -0.200276 0.0
-0.21326 -0.199699 0.0
-0.203269 -0.197553 0.0
-0.192394 -0.193686 0.0
-0.180643 -0.187962 0.0
-0.168051 -0.180271 0.0
-0.154678 -0.170536 0.0
-0.14062 -0.158726 0.0
-0.126012 -0.144878 0.0
-0.111035 -0.129108 0.0
-0.0959202 -0.111637 0.0
-0.080954 -0.0928083 0.0
-0.0664754 -0.0731089 0.0
-0.052866 -0.0531758 0.0
-0.0405221 -0.0337782 0.0
-0.0298019 -0.0157523 0.0
-0.0209337 0.00012505 0.0
-0.0141372 0.012942 0.0
-0.0092889 0.022473 0.0
-0.00590715 0.0291017 0.0
-0.00361859 0.0330826 0.0
-0.00212188 0.034553 0.0
-0.00117835 0.0335437 0.0
-0.000604885 0.0300073 0.0
-0.000269509 0.0238603 0.0
-8.72037e-05 0.0150335 0.0
-1.32302e-05 0.00352254 0.0
5.95736e-05 -0.00490606 0.0
9.90836e-05 -0.0177213 0.0
-0.0002503 -0.0244559 0.0
-0.00136126 -0.0260297 0.0
-0.0034291 -0.0235129 0.0
-0.0065011 -0.0179981 0.0
-0.0105411 -0.0104459 0.0
-0.015493 -0.00158996 0.0
-0.0211587 0.00788106 0.0
-0.0273368 0.0173448 0.0
-0.0339888 0.0266465 0.0
-0.0410996 0.035725 0.0
-0.0486616 0.0445692 0.0
-0.0566647 0.0531912 0.0
-0.0650905 0.0616079 0.0
-0.0739087 0.0698289 0.0
-0.083077 0.0778514 0.0
-0.0925418 0.085658 0.0
-0.102241 0.0932187 0.0
-0.112108 0.100494 0.0
-0.122072 0.10744 0.0
-0.132065 0.11401 0.0
-0.142019 0.120159 0.0
-0.151873 0.125847 0.0
-0.161569 0.131036 0.0
-0.171054 0.135698 0.0
-0.180284 0.139809 0.0
-0.189218 0.143353 0.0
-0.197824 0.14632 0.0
-0.206075 0.148707 0.0
-0.213951 0.150518 0.0
-0.221436 0.151762 0.0
-0.228522 0.152452 0.0
-0.235204 0.152607 0.0
-0.241481 0.15225 0.0
-0.247357 0.151404 0.0
-0.252837 0.150097 0.0
-0.25793 0.148359 0.0
-0.262647 0.146218 0.0
-0.267 0.143706 0.0
-0.271003 0.140852 0.0
-0.274668 0.137686 0.0
-0.278011 0.134236 0.0
-0.281045 0.130531 0.0
-0.283786 0.126595 0.0
-0.286247 0.122454 0.0
-0.288443 0.118132 0.0
-0.290388 0.113649 0.0
-0.292097 0.109026 0.0
-0.293583 0.104282 0.0
-0.294861 0.0994321 0.0
-0.295942 0.0944927 0.0
-0.296841 0.089477 0.0
-0.297571 0.0843971 0.0
-0.298144 0.0792632 0.0
-0.298571 0.0740845 0.0
-0.298866 0.0688682 0.0
-0.299038 0.0636205 0.0
-0.299099 0.0583458 0.0
-0.299059 0.0530475 0.0
-0.298927 0.0477277 0.0
-0.298712 0.0423872 0.0
-0.298424 0.0370258 0.0
-0.298068 0.0316423 0.0
-0.297654 0.0262345 0.0
-0.297187 0.0207997 0.0
-0.296674 0.0153342 0.0
-0.296121 0.00983395 0.0
-0.295534 0.00429452 0.0
-0.294917 -0.00128861 0.0
-0.294275 -0.00691856 0.0
-0.293614 -0.0126027 0.0
-0.292935 -0.0183505 0.0
-0.292242 -0.0241712 0.0
-0.291536 -0.0300741 0.0
-0.290821 -0.0360682 0.0
-0.290096 -0.0421618 0.0
-0.289363 -0.0483633 0.0
-0.288622 -0.0546802 0.0
-0.287873 -0.0611193 0.0
-0.287112 -0.0676862 0.0
-0.286338 -0.0743855 0.0
-0.285544 -0.08122 0.0
-0.284723 -0.0881902 0.0
-0.283866 -0.0952942 0.0
-0.28296 -0.102527 0.0
-0.28199 -0.109879 0.0
-0.280937 -0.117338 0.0
-0.279779 -0.124884 0.0
-0.278487 -0.132492 0.0
-0.277031 -0.14013 0.0
-0.275373 -0.147757 0.0
-0.273474 -0.155324 0.0
-0.271285 -0.16277 0.0
-0.268757 -0.170025 0.0
-0.265833 -0.177005 0.0
-0.262454 -0.183616 0.0
-0.258557 -0.189748 0.0
-0.254076 -0.195282 0.0
-0.248945 -0.200081 0.0
-0.243098 -0.204001 0.0
-0.236471 -0.206885 0.0
-0.229006 -0.208568 0.0
-0.220652 -0.208879 0.0
-0.211368 -0.207647 0.0
-0.201129 -0.204705 0.0
-0.189927 -0.199895 0.0
-0.177777 -0.193081 0.0
-0.164724 -0.184153 0.0
-0.150843 -0.173047 0.0
-0.136252 -0.159756 0.0
-0.121113 -0.144347 0.0
-0.10564 -0.126986 0.0
-0.0901047 -0.107961 0.0
-0.0748385 -0.0877014 0.0
-0.0602279 -0.0668032 0.0
-0.0466975 -0.0460251 0.0
-0.0346684 -0.0262548 0.0
-0.0244933 -0.00841578 0.0
-0.0164579 0.00665091 0.0
-0.0105924 0.0180503 0.0
-0.00653506 0.0260853 0.0
-0.00382062 0.031096 0.0
-0.00207689 0.0332991 0.0
-0.00101579 0.032793 0.0
-0.000418508 0.0295874 0.0
-0.000123674 0.02365 0.0
-1.40333e-05 0.0149518 0.0
3.45768e-06 0.00351276 0.0
7.07125e-06 -0.00497271 0.0
-0.000216238 -0.0174709 0.0
-0.00110134 -0.0234719 0.0
-0.00292452 -0.0240796 0.0
-0.00578869 -0.020531 0.0
-0.00967926 -0.0140175 0.0
-0.0145212 -0.00554463 0.0
-0.0201739 0.0041134 0.0
-0.0264122 0.0140816 0.0
-0.0330943 0.0240046 0.0
-0.0402054 0.0337497 0.0
-0.0477357 0.0432629 0.0
-0.0556747 0.0525322 0.0
-0.0640059 0.0615625 0.0
-0.0727034 0.0703598 0.0
-0.08173 0.0789218 0.0
-0.0910376 0.0872344 0.0
-0.100569 0.0952715 0.0
-0.110262 0.102997 0.0
-0.12005 0.11037 0.0
-0.129866 0.117345 0.0
-0.139646 0.123878 0.0
-0.149327 0.129928 0.0
-0.158853 0.135458 0.0
-0.168172 0.140439 0.0
-0.177238 0.144847 0.0
-0.186013 0.148664 0.0
-0.194462 0.151881 0.0
-0.20256 0.154495 0.0
-0.210284 0.156508 0.0
-0.217621 0.15793 0.0
-0.224559 0.158775 0.0
-0.231094 0.159061 0.0
-0.237225 0.158811 0.0
-0.242954 0.158052 0.0
-0.248287 0.15681 0.0
-0.253233 0.155116 0.0
-0.257801 0.153001 0.0
-0.262004 0.150496 0.0
-0.265855 0.147632 0.0
-0.269366 0.14444 0.0
-0.272553 0.140951 0.0
-0.275431 0.137192 0.0
-0.278013 0.133192 0.0
-0.280315 0.128976 0.0
-0.282351 0.124571 0.0
-0.284138 0.119998 0.0
-0.285688 0.115279 0.0
-0.287018 0.110435 0.0
-0.288141 0.105483 0.0
-0.289072 0.100439 0.0
-0.289825 0.09532 0.0
-0.290414 0.0901376 0.0
-0.290851 0.0849038 0.0
-0.291151 0.0796287 0.0
-0.291325 0.0743207 0.0
-0.291385 0.0689866 0.0
-0.291342 0.0636321 0.0
-0.291208 0.058261 0.0
-0.290992 0.052876 0.0
-0.290703 0.0474786 0.0
-0.290351 0.0420692 0.0
-0.289943 0.0366468 0.0
-0.289487 0.0312097 0.0
-0.288989 0.0257552 0.0
-0.288457 0.02028 0.0
-0.287896 0.01478 0.0
-0.287311 0.00925072 0.0
-0.286708 0.00368718 0.0
-0.286091 -0.00191544 0.0
-0.285465 -0.00755914 0.0
-0.284835 -0.013254 0.0
-0.284203 -0.0190097 0.0
-0.283572 -0.024836 0.0
-0.282945 -0.0307419 0.0
-0.282324 -0.0367369 0.0
-0.281712 -0.0428298 0.0
-0.281111 -0.0490294 0.0
-0.280522 -0.055344 0.0
-0.279946 -0.0617814 0.0
-0.279382 -0.0683484 0.0
-0.278829 -0.075051 0.0
-0.278284 -0.0818938 0.0
-0.277741 -0.0888796 0.0
-0.277194 -0.0960089 0.0
-0.276632 -0.10328 0.0
-0.276042 -0.110686 0.0
-0.275408 -0.118218 0.0
-0.274708 -0.125862 0.0
-0.273916 -0.133597 0.0
-0.273003 -0.141395 0.0
-0.271933 -0.14922 0.0
-0.270664 -0.157029 0.0
-0.269149 -0.164767 0.0
-0.267337 -0.172368 0.0
-0.265168 -0.179754 0.0
-0.262579 -0.186834 0.0
-0.259502 -0.193504 0.0
-0.255866 -0.199643 0.0
-0.251596 -0.20512 0.0
-0.246618 -0.209787 0.0
-0.240859 -0.213486 0.0
-0.234247 -0.216044 0.0
-0.226718 -0.217285 0.0
-0.218219 -0.217024 0.0
-0.208707 -0.215079 0.0
-0.198158 -0.211272 0.0
-0.18657 -0.205441 0.0
-0.173968 -0.197448 0.0
-0.16041 -0.187191 0.0
-0.145993 -0.17462 0.0
-0.130859 -0.159755 0.0
-0.115203 -0.142706 0.0
-0.099279 -0.1237 0.0
-0.0834023 -0.103105 0.0
-0.0679533 -0.0814592 0.0
-0.0533677 -0.0594851 0.0
-0.040111 -0.0380805 0.0
-0.0286232 -0.0182529 0.0
-0.0192073 -0.000963199 0.0
-0.0121297 0.0127213 0.0
-0.00724945 0.0224766 0.0
-0.00401163 0.0287524 0.0
-0.0019729 0.0318602 0.0
-0.000783345 0.0319812 0.0
-0.000173386 0.0291919 0.0
5.93648e-05 0.0235179 0.0
7.38893e-05 0.0149597 0.0
2.24941e-05 0.00353872 0.0
-5.36917e-05 -0.00492609 0.0
-0.00057226 -0.0167756 0.0
-0.00203235 -0.0218219 0.0
-0.00458572 -0.021353 0.0
-0.00823907 -0.0167401 0.0
-0.0129154 -0.00924149 0.0
-0.0185162 0.000122041 0.0
-0.0247804 0.0103637 0.0
-0.0314836 0.0207727 0.0
-0.0386009 0.031113 0.0
-0.0461107 0.0412622 0.0
-0.0539982 0.0511682 0.0
-0.0622473 0.060815 0.0
-0.0708352 0.0701989 0.0
-0.0797294 0.0793152 0.0
-0.0888875 0.0881511 0.0
-0.098258 0.0966833 0.0
-0.107783 0.104879 0.0
-0.1174 0.112699 0.0
-0.127044 0.120101 0.0
-0.136654 0.12704 0.0
-0.14617 0.133477 0.0
-0.155533 0.139374 0.0
-0.164695 0.1447 0.0
-0.173609 0.14943 0.0
-0.182235 0.153548 0.0
-0.19054 0.157042 0.0
-0.198497 0.159909 0.0
-0.206084 0.162151 0.0
-0.213286 0.163777 0.0
-0.220091 0.164802 0.0
-0.226495 0.165244 0.0
-0.232494 0.165126 0.0
-0.238092 0.164475 0.0
-0.243293 0.163319 0.0
-0.248106 0.161689 0.0
-0.252539 0.159617 0.0
-0.256606 0.157135 0.0
-0.260317 0.154277 0.0
-0.263688 0.151073 0.0
-0.266732 0.147555 0.0
-0.269464 0.143755 0.0
-0.271899 0.1397 0.0
-0.274052 0.135419 0.0
-0.27594 0.130938 0.0
-0.277577 0.126282 0.0
-0.278978 0.121474 0.0
-0.28016 0.116535 0.0
-0.281137 0.111486 0.0
-0.281926 0.106343 0.0
-0.282539 0.101124 0.0
-0.282994 0.0958426 0.0
-0.283302 0.0905121 0.0
-0.283479 0.0851435 0.0
-0.283537 0.0797464 0.0
-0.283488 0.0743284 0.0
-0.283345 0.0688959 0.0
-0.283119 0.0634537 0.0
-0.282819 0.0580051 0.0
-0.282455 0.0525522 0.0
-0.282037 0.0470955 0.0
-0.281572 0.0416349 0.0
-0.281068 0.0361688 0.0
-0.280532 0.030695 0.0
-0.279969 0.0252102 0.0
-0.279387 0.0197105 0.0
-0.27879 0.0141915 0.0
-0.278183 0.00864812 0.0
-0.277572 0.00307488 0.0
-0.276957 -0.00253442 0.0
-0.276346 -0.00817766 0.0
-0.275742 -0.0138697 0.0
-0.275148 -0.01962 0.0
-0.274567 -0.0254379 0.0
-0.274001 -0.0313326 0.0
-0.273454 -0.0373134 0.0
-0.27293 -0.0433895 0.0
-0.272431 -0.0495699 0.0
-0.27196 -0.0558635 0.0
-0.27152 -0.0622788 0.0
-0.271111 -0.0688237 0.0
-0.270734 -0.0755055 0.0
-0.270388 -0.0823302 0.0
-0.270071 -0.0893028 0.0
-0.269778 -0.0964261 0.0
-0.269501 -0.103701 0.0
-0.26923 -0.111125 0.0
-0.268951 -0.118693 0.0
-0.268645 -0.126394 0.0
-0.26829 -0.134212 0.0
-0.267857 -0.142125 0.0
-0.267313 -0.150104 0.0
-0.266616 -0.15811 0.0
-0.265722 -0.166095 0.0
-0.264576 -0.173999 0.0
-0.263119 -0.181749 0.0
-0.261286 -0.189262 0.0
-0.259004 -0.196435 0.0
-0.256197 -0.203155 0.0
-0.252785 -0.20929 0.0
-0.248685 -0.214695 0.0
-0.243814 -0.219209 0.0
-0.23809 -0.222657 0.0
-0.231437 -0.224854 0.0
-0.223785 -0.225606 0.0
-0.215079 -0.224716 0.0
-0.205276 -0.221987 0.0
-0.194357 -0.217233 0.0
-0.182328 -0.210287 0.0
-0.169228 -0.201011 0.0
-0.155132 -0.189314 0.0
-0.140163 -0.175165 0.0
-0.124494 -0.158621 0.0
-0.108359 -0.139845 0.0
-0.0920547 -0.119141 0.0
-0.0759475 -0.0969796 0.0
-0.0604687 -0.0740291 0.0
-0.0460993 -0.0511626 0.0
-0.0333298 -0.0294283 0.0
-0.0225878 -0.00994574 0.0
-0.0142144 0.00625289 0.0
-0.00826629 0.0181166 0.0
-0.00434969 0.0259579 0.0
-0.00192496 0.0301913 0.0
-0.000560766 0.0310964 0.0
7.83915e-05 0.0288276 0.0
0.000249146 0.0234787 0.0
0.000164568 0.015069 0.0
4.21208e-05 0.00360333 0.0
-0.000122384 -0.00475001 0.0
-0.000958388 -0.0155971 0.0
-0.00301443 -0.0194843 0.0
-0.00630136 -0.0178504 0.0
-0.0107306 -0.0121601 0.0
-0.0161734 -0.00370228 0.0
-0.0223925 0.00640274 0.0
-0.0291261 0.0170808 0.0
-0.0362612 0.0278938 0.0
-0.0437653 0.0386132 0.0
-0.0516184 0.0491249 0.0
-0.059803 0.0593776 0.0
-0.0682982 0.0693498 0.0
-0.0770757 0.0790293 0.0
-0.0860982 0.0884015 0.0
-0.0953197 0.0974445 0.0
-0.104687 0.106128 0.0
-0.114143 0.114415 0.0
-0.123626 0.122264 0.0
-0.133076 0.129632 0.0
-0.142435 0.136478 0.0
-0.151648 0.142766 0.0
-0.160663 0.148464 0.0
-0.169436 0.153544 0.0
-0.177927 0.15799 0.0
-0.186101 0.161789 0.0
-0.193932 0.164937 0.0
-0.201397 0.167436 0.0
-0.208479 0.169294 0.0
-0.215167 0.170525 0.0
-0.221454 0.171148 0.0
-0.227339 0.171186 0.0
-0.232822 0.170666 0.0
-0.237907 0.169618 0.0
-0.242603 0.168072 0.0
-0.246917 0.166063 0.0
-0.250862 0.163622 0.0
-0.254451 0.160785 0.0
-0.257695 0.157583 0.0
-0.26061 0.154052 0.0
-0.263211 0.150221 0.0
-0.265513 0.146123 0.0
-0.267531 0.141786 0.0
-0.269282 0.137238 0.0
-0.270782 0.132507 0.0
-0.272047 0.127616 0.0
-0.273093 0.122588 0.0
-0.273936 0.117446 0.0
-0.274593 0.112209 0.0
-0.275079 0.106894 0.0
-0.275409 0.101517 0.0
-0.275599 0.0960931 0.0
-0.275663 0.0906337 0.0
-0.275613 0.0851496 0.0
-0.275465 0.0796496 0.0
-0.275229 0.0741407 0.0
-0.274917 0.0686286 0.0
-0.27454 0.0631171 0.0
-0.274107 0.0576088 0.0
-0.273626 0.0521049 0.0
-0.273108 0.0466055 0.0
-0.272557 0.0411095 0.0
-0.271982 0.0356147 0.0
-0.271387 0.0301183 0.0
-0.270779 0.0246166 0.0
-0.270163 0.0191052 0.0
-0.269542 0.0135793 0.0
-0.268922 0.00803347 0.0
-0.268306 0.00246205 0.0
-0.267701 -0.00314135 0.0
-0.267107 -0.00877569 0.0
-0.266527 -0.014456 0.0
-0.265963 -0.0201916 0.0
-0.265419 -0.0259914 0.0
-0.264899 -0.0318646 0.0
-0.264407 -0.0378202 0.0
-0.263946 -0.0438675 0.0
-0.263522 -0.0500157 0.0
-0.263136 -0.0562738 0.0
-0.262795 -0.0626509 0.0
-0.262499 -0.0691557 0.0
-0.262253 -0.0757964 0.0
-0.262058 -0.0825806 0.0
-0.261912 -0.0895148 0.0
-0.261815 -0.0966045 0.0
-0.261762 -0.103853 0.0
-0.261745 -0.111261 0.0
-0.261754 -0.118827 0.0
-0.261774 -0.126545 0.0
-0.261784 -0.134405 0.0
-0.261761 -0.142389 0.0
-0.261672 -0.150474 0.0
-0.26148 -0.158629 0.0
-0.26114 -0.166811 0.0
-0.2606 -0.174968 0.0
-0.259801 -0.183036 0.0
-0.258675 -0.190934 0.0
-0.257148 -0.19857 0.0
-0.255141 -0.205833 0.0
-0.252568 -0.212597 0.0
-0.249338 -0.218718 0.0
-0.245361 -0.224035 0.0
-0.240544 -0.228372 0.0
-0.2348 -0.231537 0.0
-0.228045 -0.233329 0.0
-0.220208 -0.233536 0.0
-0.211231 -0.231946 0.0
-0.201076 -0.228348 0.0
-0.18973 -0.222547 0.0
-0.17721 -0.214371 0.0
-0.163572 -0.203687 0.0
-0.148917 -0.190416 0.0
-0.133395 -0.174559 0.0
-0.11722 -0.156217 0.0
-0.100667 -0.135625 0.0
-0.0840858 -0.113184 0.0
-0.067895 -0.0894944 0.0
-0.0525793 -0.0653824 0.0
-0.0386615 -0.0418959 0.0
-0.026645 -0.0202366 0.0
-0.0168947 -0.00157997 0.0
-0.00972129 0.0128281 0.0
-0.00497522 0.0225838 0.0
-0.00204612 0.0282116 0.0
-0.00042931 0.0300951 0.0
0.000283231 0.0284772 0.0
0.000416085 0.0235255 0.0
0.000247149 0.0152757 0.0
6.03793e-05 0.00370583 0.0
-0.000196155 -0.00443147 0.0
-0.00136098 -0.0139148 0.0
-0.00401648 -0.0164551 0.0
-0.00801994 -0.0135892 0.0
-0.0131832 -0.00682873 0.0
-0.0192926 0.00251851 0.0
-0.0260324 0.0131408 0.0
-0.0331781 0.024222 0.0
-0.0406862 0.0353958 0.0
-0.0485225 0.0464515 0.0
-0.0566633 0.0572806 0.0
-0.0650871 0.0678304 0.0
-0.0737682 0.0780734 0.0
-0.0826739 0.0879889 0.0
-0.0917635 0.097554 0.0
-0.100989 0.106739 0.0
-0.110298 0.115509 0.0
-0.119632 0.123824 0.0
-0.128936 0.131641 0.0
-0.138151 0.13892 0.0
-0.147225 0.145623 0.0
-0.156108 0.151717 0.0
-0.164754 0.157174 0.0
-0.173123 0.161976 0.0
-0.181182 0.166108 0.0
-0.188902 0.169566 0.0
-0.19626 0.17235 0.0
-0.203239 0.174467 0.0
-0.209827 0.175932 0.0
-0.216015 0.176763 0.0
-0.221802 0.176983 0.0
-0.227186 0.17662 0.0
-0.232173 0.175702 0.0
-0.236769 0.174263 0.0
-0.240981 0.172336 0.0
-0.244822 0.169955 0.0
-0.248303 0.167156 0.0
-0.251438 0.163973 0.0
-0.254241 0.160442 0.0
-0.256727 0.156594 0.0
-0.258911 0.152464 0.0
-0.26081 0.148081 0.0
-0.26244 0.143476 0.0
-0.263818 0.138677 0.0
-0.264961 0.133711 0.0
-0.265886 0.128601 0.0
-0.26661 0.123372 0.0
-0.267149 0.118045 0.0
-0.267521 0.112639 0.0
-0.267741 0.10717 0.0
-0.267825 0.101655 0.0
-0.267788 0.0961078 0.0
-0.267644 0.0905389 0.0
-0.267407 0.0849586 0.0
-0.26709 0.0793747 0.0
-0.266704 0.0737935 0.0
-0.26626 0.0682195 0.0
-0.265767 0.0626559 0.0
-0.265234 0.0571043 0.0
-0.26467 0.051565 0.0
-0.26408 0.0460373 0.0
-0.263472 0.0405193 0.0
-0.262851 0.0350083 0.0
-0.262222 0.0295009 0.0
-0.261589 0.0239929 0.0
-0.260956 0.0184794 0.0
-0.260327 0.0129555 0.0
-0.259706 0.0074156 0.0
-0.259095 0.00185402 0.0
-0.258499 -0.00373473 0.0
-0.25792 -0.00935521 0.0
-0.257358 -0.0150185 0.0
-0.256818 -0.0207337 0.0
-0.256301 -0.0265095 0.0
-0.255813 -0.0323547 0.0
-0.255357 -0.0382781 0.0
-0.254939 -0.0442888 0.0
-0.254562 -0.0503958 0.0
-0.254233 -0.0566083 0.0
-0.253956 -0.0629354 0.0
-0.253736 -0.0693865 0.0
-0.253577 -0.0759705 0.0
-0.253483 -0.082696 0.0
-0.253457 -0.0895713 0.0
-0.253498 -0.0966034 0.0
-0.253607 -0.103798 0.0
-0.253779 -0.11116 0.0
-0.254007 -0.118691 0.0
-0.25428 -0.126389 0.0
-0.254582 -0.134249 0.0
-0.254891 -0.142259 0.0
-0.255181 -0.150403 0.0
-0.255417 -0.158656 0.0
-0.255557 -0.166984 0.0
-0.255552 -0.175341 0.0
-0.255343 -0.183672 0.0
-0.254864 -0.191904 0.0
-0.254039 -0.199952 0.0
-0.252787 -0.207711 0.0
-0.251018 -0.215062 0.0
-0.248636 -0.221864 0.0
-0.245543 -0.227959 0.0
-0.241637 -0.233169 0.0
-0.23682 -0.237301 0.0
-0.230996 -0.240144 0.0
-0.224078 -0.241476 0.0
-0.215991 -0.241069 0.0
-0.20668 -0.238691 0.0
-0.196112 -0.234119 0.0
-0.184283 -0.227148 0.0
-0.171227 -0.217604 0.0
-0.157023 -0.20536 0.0
-0.141798 -0.190361 0.0
-0.125743 -0.172646 0.0
-0.109111 -0.15238 0.0
-0.0922319 -0.12989 0.0
-0.075509 -0.105702 0.0
-0.0594198 -0.0805796 0.0
-0.0444973 -0.055539 0.0
-0.0312878 -0.0318195 0.0
-0.020273 -0.0107622 0.0
-0.0118338 0.00639777 0.0
-0.00603289 0.0184672 0.0
-0.00244163 0.0258079 0.0
-0.000464371 0.0289047 0.0
0.000392815 0.0280978 0.0
0.000534679 0.0236301 0.0
0.000311792 0.0155629 0.0
7.54818e-05 0.00384169 0.0
-0.000272312 -0.003963 0.0
-0.00176782 -0.011723 0.0
-0.00501251 -0.0127468 0.0
-0.00970452 -0.00860203 0.0
-0.0155696 -0.000787487 0.0
-0.0222285 0.0092455 0.0
-0.0293627 0.0202878 0.0
-0.0368741 0.0317321 0.0
-0.0447066 0.0432263 0.0
-0.0528238 0.0545746 0.0
-0.0611992 0.0656737 0.0
-0.0698072 0.076469 0.0
-0.0786183 0.0869269 0.0
-0.0875967 0.0970194 0.0
-0.0966995 0.106716 0.0
-0.105878 0.115982 0.0
-0.115081 0.124777 0.0
-0.124253 0.133062 0.0
-0.13334 0.140793 0.0
-0.14229 0.147934 0.0
-0.151055 0.154448 0.0
-0.159589 0.160308 0.0
-0.167853 0.165493 0.0
-0.175812 0.169986 0.0
-0.183438 0.173782 0.0
-0.190706 0.17688 0.0
-0.197599 0.179286 0.0
-0.204103 0.181014 0.0
-0.21021 0.18208 0.0
-0.215917 0.182509 0.0
-0.221221 0.182328 0.0
-0.226128 0.181566 0.0
-0.230641 0.180256 0.0
-0.23477 0.178433 0.0
-0.238525 0.176133 0.0
-0.241917 0.173391 0.0
-0.24496 0.170244 0.0
-0.247668 0.166728 0.0
-0.250056 0.162878 0.0
-0.25214 0.158728 0.0
-0.253937 0.154311 0.0
-0.255464 0.149659 0.0
-0.256737 0.144802 0.0
-0.257775 0.139768 0.0
-0.258595 0.134583 0.0
-0.259215 0.129274 0.0
-0.259653 0.123862 0.0
-0.259925 0.118368 0.0
-0.26005 0.112812 0.0
-0.260043 0.10721 0.0
-0.25992 0.101577 0.0
-0.259697 0.0959256 0.0
-0.259386 0.0902668 0.0
-0.259001 0.0846092 0.0
-0.258554 0.0789599 0.0
-0.258056 0.0733239 0.0
-0.257516 0.0677049 0.0
-0.256943 0.0621048 0.0
-0.256345 0.0565244 0.0
-0.255728 0.0509632 0.0
-0.255097 0.0454195 0.0
-0.254459 0.0398907 0.0
-0.253817 0.0343736 0.0
-0.253175 0.0288641 0.0
-0.252536 0.0233575 0.0
-0.251903 0.017849 0.0
-0.251279 0.0123331 0.0
-0.250666 0.00680414 0.0
-0.250067 0.0012565 0.0
-0.249485 -0.00431547 0.0
-0.248921 -0.00991841 0.0
-0.248376 -0.0155618 0.0
-0.247853 -0.0212539 0.0
-0.247355 -0.027003 0.0
-0.246888 -0.0328173 0.0
-0.246454 -0.0387051 0.0
-0.246059 -0.0446751 0.0
-0.245709 -0.0507361 0.0
-0.245409 -0.0568969 0.0
-0.245166 -0.0631667 0.0
-0.244987 -0.0695551 0.0
-0.244876 -0.0760713 0.0
-0.24484 -0.0827249 0.0
-0.244884 -0.0895251 0.0
-0.245011 -0.0964808 0.0
-0.245223 -0.1036 0.0
-0.24552 -0.11089 0.0
-0.245898 -0.118355 0.0
-0.246352 -0.125999 0.0
-0.246869 -0.13382 0.0
-0.247432 -0.141814 0.0
-0.24802 -0.14997 0.0
-0.248602 -0.158271 0.0
-0.24914 -0.16669 0.0
-0.249589 -0.175191 0.0
-0.249893 -0.183727 0.0
-0.249988 -0.192234 0.0
-0.249799 -0.200635 0.0
-0.249243 -0.208836 0.0
-0.248229 -0.216721 0.0
-0.246657 -0.224159 0.0
-0.244422 -0.230993 0.0
-0.241416 -0.237048 0.0
-0.237528 -0.242128 0.0
-0.232651 -0.246018 0.0
-0.226685 -0.248487 0.0
-0.219538 -0.249291 0.0
-0.211137 -0.248181 0.0
-0.201427 -0.244907 0.0
-0.190386 -0.239231 0.0
-0.178024 -0.230939 0.0
-0.164395 -0.219858 0.0
-0.149604 -0.205878 0.0
-0.133817 -0.188973 0.0
-0.117265 -0.169237 0.0
-0.100254 -0.146922 0.0
-0.0831714 -0.122475 0.0
-0.0664824 -0.0965849 0.0
-0.0507229 -0.0702158 0.0
-0.0364691 -0.044606 0.0
-0.0242732 -0.0211865 0.0
-0.0145313 -0.00135906 0.0
-0.00756 0.0134518 0.0
-0.00317793 0.0228499 0.0
-0.000721892 0.0274294 0.0
0.000370222 0.0276239 0.0
0.000584957 0.0237475 0.0
0.000350885 0.0159025 0.0
8.60636e-05 0.00400324 0.0
-0.000348504 -0.00334219 0.0
-0.00216894 -0.00902785 0.0
-0.0059848 -0.00838133 0.0
-0.0113374 -0.00292285 0.0
-0.0177619 0.00582296 0.0
-0.024838 0.01637 0.0
-0.0323418 0.0278014 0.0
-0.0401772 0.0395653 0.0
-0.0482877 0.0513361 0.0
-0.0566369 0.0629313 0.0
-0.0651961 0.0742516 0.0
-0.0739369 0.08524 0.0
-0.0828272 0.0958573 0.0
-0.0918287 0.106069 0.0
-0.100898 0.115838 0.0
-0.109987 0.125127 0.0
-0.119045 0.133893 0.0
-0.12802 0.142094 0.0
-0.136863 0.149692 0.0
-0.145526 0.156649 0.0
-0.153965 0.162936 0.0
-0.16214 0.168529 0.0
-0.170016 0.173412 0.0
-0.177564 0.177575 0.0
-0.18476 0.181015 0.0
-0.191584 0.18374 0.0
-0.198024 0.185759 0.0
-0.204068 0.18709 0.0
-0.209712 0.187756 0.0
-0.214956 0.187783 0.0
-0.2198 0.187203 0.0
-0.22425 0.186047 0.0
-0.228314 0.184352 0.0
-0.232002 0.182154 0.0
-0.235324 0.179489 0.0
-0.238294 0.176397 0.0
-0.240926 0.172913 0.0
-0.243235 0.169076 0.0
-0.245238 0.164921 0.0
-0.246951 0.160482 0.0
-0.248392 0.155794 0.0
-0.249578 0.150889 0.0
-0.250529 0.145796 0.0
-0.251261 0.140544 0.0
-0.251795 0.13516 0.0
-0.252148 0.129669 0.0
-0.252338 0.124094 0.0
-0.252384 0.118454 0.0
-0.252302 0.112769 0.0
-0.25211 0.107053 0.0
-0.251821 0.101322 0.0
-0.251452 0.095587 0.0
-0.251014 0.0898573 0.0
-0.250521 0.0841409 0.0
-0.249983 0.0784434 0.0
-0.24941 0.072769 0.0
-0.24881 0.0671201 0.0
-0.248191 0.0614975 0.0
-0.247559 0.055901 0.0
-0.246918 0.0503291 0.0
-0.246274 0.0447794 0.0
-0.245631 0.0392485 0.0
-0.24499 0.0337327 0.0
-0.244354 0.0282273 0.0
-0.243727 0.0227274 0.0
-0.243108 0.0172278 0.0
-0.242501 0.0117229 0.0
-0.241906 0.00620702 0.0
-0.241326 0.000674453 0.0
-0.240761 -0.0048805 0.0
-0.240213 -0.0104654 0.0
-0.239684 -0.0160887 0.0
-0.239176 -0.0217579 0.0
-0.238692 -0.0274804 0.0
-0.238236 -0.0332638 0.0
-0.237813 -0.0391159 0.0
-0.237427 -0.0450446 0.0
-0.237086 -0.0510582 0.0
-0.236795 -0.0571651 0.0
-0.236562 -0.0633745 0.0
-0.236393 -0.0696954 0.0
-0.236297 -0.0761375 0.0
-0.236281 -0.0827107 0.0
-0.236352 -0.089425 0.0
-0.236515 -0.0962904 0.0
-0.236777 -0.103317 0.0
-0.23714 -0.110513 0.0
-0.237605 -0.117888 0.0
-0.238169 -0.125448 0.0
-0.238826 -0.133197 0.0
-0.239565 -0.141135 0.0
-0.240368 -0.149259 0.0
-0.241211 -0.157558 0.0
-0.242061 -0.166014 0.0
-0.242878 -0.174601 0.0
-0.24361 -0.18328 0.0
-0.244196 -0.191999 0.0
-0.244565 -0.20069 0.0
-0.244635 -0.209267 0.0
-0.244313 -0.217626 0.0
-0.243498 -0.225641 0.0
-0.24208 -0.233163 0.0
-0.239944 -0.24002 0.0
-0.236971 -0.246016 0.0
-0.233043 -0.250934 0.0
-0.228045 -0.254535 0.0
-0.221871 -0.256564 0.0
-0.214428 -0.256753 0.0
-0.205644 -0.254829 0.0
-0.195472 -0.250522 0.0
-0.183901 -0.243581 0.0
-0.170959 -0.233787 0.0
-0.156728 -0.220972 0.0
-0.141345 -0.205049 0.0
-0.125019 -0.18604 0.0
-0.108032 -0.164117 0.0
-0.0907502 -0.139645 0.0
-0.0736249 -0.11323 0.0
-0.0571866 -0.0857687 0.0
-0.042024 -0.0584694 0.0
-0.0287317 -0.0328113 0.0
-0.0178203 -0.0103876 0.0
-0.00967922 0.00736802 0.0
-0.00431787 0.0191903 0.0
-0.00124099 0.0255561 0.0
0.000191409 0.0269726 0.0
0.000554985 0.0238204 0.0
0.00036009 0.0162585 0.0
9.14e-05 0.0041807 0.0
-0.000421862 -0.00257182 0.0
-0.00255223 -0.00584741 0.0
-0.00690731 -0.00339083 0.0
-0.0128198 0.0033517 0.0
-0.0196911 0.0128443 0.0
-0.0271291 0.0238627 0.0
-0.0349555 0.0356388 0.0
-0.0430685 0.0476763 0.0
-0.0514103 0.0596775 0.0
-0.0599438 0.0714725 0.0
-0.0686388 0.0829646 0.0
-0.0774651 0.0940941 0.0
-0.0863883 0.104817 0.0
-0.0953694 0.115092 0.0
-0.104365 0.12488 0.0
-0.113327 0.134137 0.0
-0.122209 0.142822 0.0
-0.130963 0.150894 0.0
-0.139541 0.158314 0.0
-0.147901 0.16505 0.0
-0.156004 0.171076 0.0
-0.163814 0.176374 0.0
-0.171302 0.180931 0.0
-0.178443 0.184744 0.0
-0.185218 0.187816 0.0
-0.19161 0.190156 0.0
-0.19761 0.191781 0.0
-0.203211 0.192713 0.0
-0.208412 0.192978 0.0
-0.213214 0.192606 0.0
-0.217621 0.191631 0.0
-0.221639 0.190088 0.0
-0.225279 0.188015 0.0
-0.22855 0.18545 0.0
-0.231467 0.182432 0.0
-0.234042 0.179 0.0
-0.236292 0.175192 0.0
-0.238233 0.171047 0.0
-0.239881 0.166601 0.0
-0.241255 0.161889 0.0
-0.242373 0.156946 0.0
-0.243254 0.151804 0.0
-0.243917 0.146494 0.0
-0.244382 0.141043 0.0
-0.244667 0.13548 0.0
-0.244793 0.129828 0.0
-0.244776 0.124109 0.0
-0.244636 0.118344 0.0
-0.244389 0.11255 0.0
-0.244051 0.106742 0.0
-0.243638 0.100932 0.0
-0.243162 0.0951321 0.0
-0.242637 0.0893498 0.0
-0.242074 0.0835916 0.0
-0.241481 0.0778621 0.0
-0.240868 0.072164 0.0
-0.240241 0.0664985 0.0
-0.239607 0.0608653 0.0
-0.238969 0.0552631 0.0
-0.238332 0.0496896 0.0
-0.237699 0.0441415 0.0
-0.237071 0.0386149 0.0
-0.236451 0.0331053 0.0
-0.235839 0.0276078 0.0
-0.235237 0.0221172 0.0
-0.234646 0.0166281 0.0
-0.234065 0.0111348 0.0
-0.233496 0.00563171 0.0
-0.23294 0.000113073 0.0
-0.232398 -0.00542643 0.0
-0.231869 -0.0109952 0.0
-0.231357 -0.0166005 0.0
-0.230862 -0.0222491 0.0
-0.230388 -0.0279475 0.0
-0.229938 -0.0337026 0.0
-0.229517 -0.0395213 0.0
-0.229131 -0.0454108 0.0
-0.228786 -0.0513788 0.0
-0.228488 -0.0574333 0.0
-0.228245 -0.0635825 0.0
-0.228065 -0.0698354 0.0
-0.227957 -0.0762014 0.0
-0.22793 -0.0826904 0.0
-0.227992 -0.0893128 0.0
-0.228152 -0.0960794 0.0
-0.228416 -0.103001 0.0
-0.228793 -0.110089 0.0
-0.229286 -0.117354 0.0
-0.229898 -0.124806 0.0
-0.230626 -0.132453 0.0
-0.231465 -0.140301 0.0
-0.232403 -0.148352 0.0
-0.233422 -0.156603 0.0
-0.234496 -0.165045 0.0
-0.23559 -0.17366 0.0
-0.236659 -0.18242 0.0
-0.237648 -0.191284 0.0
-0.238488 -0.200195 0.0
-0.239102 -0.209079 0.0
-0.239397 -0.217841 0.0
-0.239271 -0.226367 0.0
-0.238614 -0.234513 0.0
-0.237304 -0.242116 0.0
-0.235215 -0.248981 0.0
-0.23222 -0.254892 0.0
-0.22819 -0.259605 0.0
-0.223005 -0.262854 0.0
-0.216554 -0.264357 0.0
-0.208745 -0.263818 0.0
-0.19951 -0.26094 0.0
-0.188812 -0.255433 0.0
-0.176656 -0.247033 0.0
-0.163095 -0.235518 0.0
-0.148242 -0.220738 0.0
-0.132277 -0.202642 0.0
-0.115458 -0.181321 0.0
-0.0981277 -0.157052 0.0
-0.0807199 -0.130355 0.0
-0.0637562 -0.102045 0.0
-0.0478326 -0.073279 0.0
-0.0335808 -0.0455457 0.0
-0.0215891 -0.0205563 0.0
-0.0122472 5.37638e-05 0.0
-0.00581006 0.0147061 0.0
-0.00201979 0.0231732 0.0
-0.000149649 0.026053 0.0
0.000441425 0.0237854 0.0
0.000338459 0.0165914 0.0
9.14281e-05 0.00436353 0.0
-0.000490878 -0.00165908 0.0
-0.0029124 -0.00220826 0.0
-0.00774244 0.00215513 0.0
-0.0140945 0.0100703 0.0
-0.0213271 0.0202296 0.0
-0.0290908 0.031679 0.0
-0.0371959 0.043754 0.0
-0.0455404 0.0560186 0.0
-0.0540672 0.0682039 0.0
-0.0627391 0.0801514 0.0
-0.0715249 0.0917664 0.0
-0.0803928 0.102986 0.0
-0.0893076 0.113762 0.0
-0.09823 0.12405 0.0
-0.107117 0.133804 0.0
-0.115924 0.142982 0.0
-0.124605 0.15154 0.0
-0.133116 0.15944 0.0
-0.141415 0.166645 0.0
-0.149462 0.173127 0.0
-0.157224 0.178864 0.0
-0.16467 0.183842 0.0
-0.171774 0.188055 0.0
-0.178516 0.191503 0.0
-0.184879 0.194195 0.0
-0.190853 0.196144 0.0
-0.196431 0.197371 0.0
-0.201609 0.197903 0.0
-0.206387 0.197768 0.0
-0.21077 0.197 0.0
-0.214762 0.195636 0.0
-0.218374 0.193713 0.0
-0.221615 0.19127 0.0
-0.224498 0.188349 0.0
-0.227037 0.184988 0.0
-0.229247 0.181229 0.0
-0.231145 0.177111 0.0
-0.232748 0.172672 0.0
-0.234074 0.16795 0.0
-0.235142 0.162982 0.0
-0.235973 0.157802 0.0
-0.236585 0.152442 0.0
-0.236998 0.146933 0.0
-0.237233 0.141304 0.0
-0.23731 0.135582 0.0
-0.237247 0.129789 0.0
-0.237064 0.123949 0.0
-0.236778 0.118079 0.0
-0.236406 0.112196 0.0
-0.235964 0.106315 0.0
-0.235464 0.100446 0.0
-0.234921 0.0945994 0.0
-0.234345 0.0887815 0.0
-0.233746 0.0829973 0.0
-0.233132 0.07725 0.0
-0.23251 0.0715409 0.0
-0.231885 0.06587 0.0
-0.231262 0.060236 0.0
-0.230644 0.0546363 0.0
-0.230032 0.0490679 0.0
-0.229429 0.0435267 0.0
-0.228836 0.0380083 0.0
-0.228252 0.0325077 0.0
-0.227677 0.0270197 0.0
-0.227113 0.0215389 0.0
-0.226558 0.0160599 0.0
-0.226013 0.010577 0.0
-0.225477 0.00508471 0.0
-0.22495 -0.00042269 0.0
-0.224433 -0.00595 0.0
-0.223927 -0.0115061 0.0
-0.223432 -0.0170972 0.0
-0.222951 -0.022729 0.0
-0.222485 -0.0284075 0.0
-0.222039 -0.0341385 0.0
-0.221617 -0.0399281 0.0
-0.221224 -0.0457829 0.0
-0.220866 -0.0517097 0.0
-0.220551 -0.0577155 0.0
-0.220286 -0.0638081 0.0
-0.22008 -0.0699959 0.0
-0.219941 -0.0762876 0.0
-0.219879 -0.082693 0.0
-0.219905 -0.0892223 0.0
-0.220029 -0.0958867 0.0
-0.22026 -0.102698 0.0
-0.220608 -0.109668 0.0
-0.22108 -0.11681 0.0
-0.221683 -0.124136 0.0
-0.222419 -0.131659 0.0
-0.223289 -0.139387 0.0
-0.224287 -0.14733 0.0
-0.225402 -0.155491 0.0
-0.226614 -0.16387 0.0
-0.227895 -0.172459 0.0
-0.229209 -0.181238 0.0
-0.230506 -0.19018 0.0
-0.231725 -0.199239 0.0
-0.232791 -0.208355 0.0
-0.233618 -0.217444 0.0
-0.234103 -0.226403 0.0
-0.234136 -0.235101 0.0
-0.233593 -0.243381 0.0
-0.232342 -0.251056 0.0
-0.230246 -0.257909 0.0
-0.227168 -0.263696 0.0
-0.222971 -0.268145 0.0
-0.217528 -0.270959 0.0
-0.210728 -0.271824 0.0
-0.202481 -0.270416 0.0
-0.192724 -0.26641 0.0
-0.181438 -0.259498 0.0
-0.168647 -0.249404 0.0
-0.154436 -0.235916 0.0
-0.138957 -0.218909 0.0
-0.122439 -0.198391 0.0
-0.105201 -0.17455 0.0
-0.0876545 -0.147811 0.0
-0.0703084 -0.118899 0.0
-0.0537573 -0.0888999 0.0
-0.038652 -0.0592819 0.0
-0.0256306 -0.0318333 0.0
-0.0152058 -0.00843601 0.0
-0.00772441 0.0092773 0.0
-0.00307647 0.0201637 0.0
-0.000654161 0.02477 0.0
0.000246309 0.0235768 0.0
0.000287763 0.0168615 0.0
8.66579e-05 0.00454162 0.0
-0.000556546 -0.000611656 0.0
-0.00323127 0.00184057 0.0
-0.00842706 0.00813213 0.0
-0.0151292 0.0171475 0.0
-0.0226856 0.0279414 0.0
-0.0307288 0.0397742 0.0
-0.0390655 0.0521006 0.0
-0.047595 0.064546 0.0
-0.0562614 0.0768698 0.0
-0.0650276 0.0889236 0.0
-0.0738618 0.100614 0.0
-0.0827315 0.111876 0.0
-0.091601 0.122657 0.0
-0.100431 0.132908 0.0
-0.109181 0.142583 0.0
-0.117807 0.151637 0.0
-0.126268 0.160028 0.0
-0.134522 0.167718 0.0
-0.142531 0.174675 0.0
-0.150261 0.180874 0.0
-0.157682 0.186299 0.0
-0.164766 0.190938 0.0
-0.171493 0.194791 0.0
-0.177846 0.197862 0.0
-0.183813 0.200166 0.0
-0.189385 0.201719 0.0
-0.194559 0.202547 0.0
-0.199333 0.202679 0.0
-0.203711 0.202148 0.0
-0.207698 0.20099 0.0
-0.211302 0.199243 0.0
-0.214532 0.196948 0.0
-0.217402 0.194146 0.0
-0.219924 0.190879 0.0
-0.222114 0.187188 0.0
-0.223989 0.183115 0.0
-0.225566 0.1787 0.0
-0.226864 0.173983 0.0
-0.227901 0.169003 0.0
-0.228699 0.163796 0.0
-0.229278 0.158397 0.0
-0.229657 0.152838 0.0
-0.229859 0.147152 0.0
-0.229903 0.141365 0.0
-0.22981 0.135504 0.0
-0.2296 0.129593 0.0
-0.229289 0.123651 0.0
-0.228897 0.117698 0.0
-0.228438 0.111747 0.0
-0.227927 0.105811 0.0
-0.227378 0.0999014 0.0
-0.226802 0.0940246 0.0
-0.226208 0.0881863 0.0
-0.225604 0.0823899 0.0
-0.224997 0.076637 0.0
-0.224393 0.0709275 0.0
-0.223794 0.0652603 0.0
-0.223205 0.0596327 0.0
-0.222625 0.0540416 0.0
-0.222057 0.0484828 0.0
-0.2215 0.0429517 0.0
-0.220953 0.0374434 0.0
-0.220417 0.0319526 0.0
-0.219891 0.0264739 0.0
-0.219372 0.021002 0.0
-0.218861 0.0155311 0.0
-0.218357 0.010056 0.0
-0.217859 0.00457125 0.0
-0.217366 -0.000928635 0.0
-0.216878 -0.0064482 0.0
-0.216397 -0.011996 0.0
-0.215921 -0.0175775 0.0
-0.215454 -0.0231976 0.0
-0.214997 -0.0288612 0.0
-0.214555 -0.0345735 0.0
-0.21413 -0.0403399 0.0
-0.213728 -0.0461658 0.0
-0.213355 -0.0520572 0.0
-0.213018 -0.0580204 0.0
-0.212724 -0.0640624 0.0
-0.212482 -0.0701906 0.0
-0.2123 -0.0764131 0.0
-0.21219 -0.0827391 0.0
-0.212162 -0.0891785 0.0
-0.212227 -0.0957421 0.0
-0.212396 -0.102442 0.0
-0.212682 -0.109291 0.0
-0.213095 -0.116303 0.0
-0.213644 -0.123492 0.0
-0.214337 -0.130873 0.0
-0.215179 -0.138461 0.0
-0.21617 -0.146267 0.0
-0.217306 -0.154304 0.0
-0.218575 -0.162577 0.0
-0.219958 -0.171087 0.0
-0.221426 -0.179828 0.0
-0.222936 -0.188782 0.0
-0.224437 -0.197918 0.0
-0.225859 -0.207187 0.0
-0.227123 -0.216522 0.0
-0.22813 -0.225832 0.0
-0.228771 -0.234999 0.0
-0.228922 -0.243876 0.0
-0.228447 -0.252286 0.0
-0.227203 -0.260018 0.0
-0.225042 -0.266827 0.0
-0.221816 -0.272437 0.0
-0.217381 -0.276543 0.0
-0.211607 -0.278814 0.0
-0.204382 -0.2789 0.0
-0.19562 -0.276445 0.0
-0.185273 -0.271097 0.0
-0.173337 -0.262531 0.0
-0.159868 -0.25047 0.0
-0.144987 -0.234716 0.0
-0.128894 -0.215195 0.0
-0.11188 -0.192 0.0
-0.0943317 -0.165456 0.0
-0.0767402 -0.136192 0.0
-0.0596943 -0.105205 0.0
-0.0438591 -0.0739178 0.0
-0.0299212 -0.0441567 0.0
-0.0184869 -0.0179716 0.0
-0.009931 0.00277563 0.0
-0.00434096 0.0164274 0.0
-0.00129484 0.0230379 0.0
-1.86173e-05 0.0231323 0.0
0.000213309 0.0170327 0.0
7.82768e-05 0.00470655 0.0
-0.000611513 0.000556403 0.0
-0.00347669 0.00621241 0.0
-0.00896104 0.0144404 0.0
-0.0159605 0.0245408 0.0
-0.0237856 0.0359296 0.0
-0.0320555 0.0480991 0.0
-0.0405741 0.060631 0.0
-0.0492418 0.0732128 0.0
-0.0580035 0.0856311 0.0
-0.0668221 0.0977471 0.0
-0.0756655 0.109468 0.0
-0.0845006 0.120727 0.0
-0.093292 0.131467 0.0
-0.102002 0.141638 0.0
-0.11059 0.151191 0.0
-0.119016 0.160081 0.0
-0.127241 0.168269 0.0
-0.135228 0.175717 0.0
-0.142942 0.182398 0.0
-0.150352 0.188291 0.0
-0.157434 0.193383 0.0
-0.164163 0.197668 0.0
-0.170523 0.201148 0.0
-0.1765 0.203835 0.0
-0.182086 0.205745 0.0
-0.187274 0.2069 0.0
-0.192063 0.207329 0.0
-0.196456 0.207064 0.0
-0.200456 0.206141 0.0
-0.204071 0.204599 0.0
-0.207311 0.202477 0.0
-0.210187 0.19982 0.0
-0.212712 0.196669 0.0
-0.214903 0.193068 0.0
-0.216774 0.18906 0.0
-0.218344 0.184687 0.0
-0.219632 0.179992 0.0
-0.220658 0.175014 0.0
-0.221441 0.169793 0.0
-0.222004 0.164366 0.0
-0.222366 0.158768 0.0
-0.222551 0.153031 0.0
-0.222579 0.147188 0.0
-0.22247 0.141265 0.0
-0.222245 0.135287 0.0
-0.221924 0.129278 0.0
-0.221523 0.123256 0.0
-0.22106 0.117238 0.0
-0.22055 0.111237 0.0
-0.220006 0.105266 0.0
-0.219439 0.0993309 0.0
-0.218859 0.093439 0.0
-0.218275 0.0875936 0.0
-0.217693 0.0817966 0.0
-0.217117 0.076048 0.0
-0.216552 0.0703465 0.0
-0.215998 0.0646896 0.0
-0.215459 0.0590739 0.0
-0.214933 0.053495 0.0
-0.21442 0.0479483 0.0
-0.21392 0.0424286 0.0
-0.21343 0.0369307 0.0
-0.21295 0.0314491 0.0
-0.212478 0.0259782 0.0
-0.212011 0.0205127 0.0
-0.211548 0.0150471 0.0
-0.211089 0.00957631 0.0
-0.210632 0.00409506 0.0
-0.210175 -0.00140169 0.0
-0.209719 -0.00691833 0.0
-0.209264 -0.0124628 0.0
-0.208811 -0.0180397 0.0
-0.20836 -0.0236533 0.0
-0.207914 -0.0293078 0.0
-0.207477 -0.0350074 0.0
-0.207051 -0.0407567 0.0
-0.206641 -0.0465603 0.0
-0.206253 -0.0524235 0.0
-0.205893 -0.0583515 0.0
-0.205568 -0.0643503 0.0
-0.205287 -0.0704265 0.0
-0.205058 -0.0765874 0.0
-0.204892 -0.0828412 0.0
-0.204799 -0.0891971 0.0
-0.204792 -0.0956655 0.0
-0.204883 -0.102258 0.0
-0.205085 -0.108987 0.0
-0.205411 -0.115868 0.0
-0.205873 -0.122916 0.0
-0.206482 -0.130147 0.0
-0.207247 -0.137579 0.0
-0.208176 -0.145229 0.0
-0.20927 -0.153112 0.0
-0.210525 -0.161244 0.0
-0.21193 -0.169633 0.0
-0.213464 -0.178282 0.0
-0.215096 -0.187186 0.0
-0.216781 -0.196328 0.0
-0.218462 -0.205673 0.0
-0.220064 -0.21517 0.0
-0.221497 -0.224743 0.0
-0.222654 -0.234289 0.0
-0.223414 -0.243676 0.0
-0.22364 -0.252736 0.0
-0.223184 -0.261268 0.0
-0.221891 -0.269031 0.0
-0.219602 -0.275749 0.0
-0.216158 -0.28111 0.0
-0.211411 -0.284769 0.0
-0.205226 -0.286355 0.0
-0.197495 -0.285483 0.0
-0.188141 -0.28176 0.0
-0.177132 -0.274812 0.0
-0.164492 -0.264298 0.0
-0.150311 -0.24995 0.0
-0.134757 -0.231608 0.0
-0.118089 -0.209269 0.0
-0.100668 -0.183156 0.0
-0.082962 -0.153789 0.0
-0.065549 -0.122066 0.0
-0.0490993 -0.0893411 0.0
-0.034332 -0.0574387 0.0
-0.0219197 -0.0285363 0.0
-0.0123267 -0.00480849 0.0
-0.00580143 0.0118962 0.0
-0.00206147 0.0207831 0.0
-0.000344635 0.022394 0.0
0.000119745 0.0170746 0.0
6.72943e-05 0.00485212 0.0
-0.000650867 0.00181878 0.0
-0.00366191 0.0108263 0.0
-0.00937455 0.0210236 0.0
-0.0166091 0.0321916 0.0
-0.0246434 0.0441382 0.0
-0.0330852 0.0566021 0.0
-0.0417358 0.0692972 0.0
-0.0504957 0.0819741 0.0
-0.0593101 0.0944459 0.0
-0.0681417 0.106583 0.0
-0.0769578 0.118292 0.0
-0.0857256 0.129506 0.0
-0.0944099 0.140164 0.0
-0.102974 0.150214 0.0
-0.11138 0.159608 0.0
-0.11959 0.168301 0.0
-0.127568 0.176253 0.0
-0.135281 0.183432 0.0
-0.142697 0.189814 0.0
-0.149791 0.19538 0.0
-0.156538 0.200123 0.0
-0.162921 0.20404 0.0
-0.168926 0.20714 0.0
-0.174541 0.209436 0.0
-0.179762 0.21095 0.0
-0.184585 0.211707 0.0
-0.189011 0.211738 0.0
-0.193043 0.21108 0.0
-0.196689 0.209771 0.0
-0.199958 0.207852 0.0
-0.202859 0.205365 0.0
-0.205407 0.202356 0.0
-0.207617 0.198868 0.0
-0.209504 0.194946 0.0
-0.211087 0.190636 0.0
-0.212384 0.185979 0.0
-0.213415 0.18102 0.0
-0.214202 0.175799 0.0
-0.214765 0.170356 0.0
-0.215127 0.164728 0.0
-0.21531 0.158951 0.0
-0.215336 0.153058 0.0
-0.215225 0.147079 0.0
-0.215 0.14104 0.0
-0.21468 0.134967 0.0
-0.214283 0.12888 0.0
-0.213826 0.122797 0.0
-0.213326 0.116733 0.0
-0.212795 0.110701 0.0
-0.212246 0.104709 0.0
-0.211689 0.0987636 0.0
-0.211132 0.0928692 0.0
-0.21058 0.0870278 0.0
-0.21004 0.0812395 0.0
-0.209513 0.0755029 0.0
-0.209003 0.0698154 0.0
-0.208508 0.0641735 0.0
-0.208031 0.0585726 0.0
-0.207568 0.0530079 0.0
-0.207119 0.047474 0.0
-0.206682 0.0419655 0.0
-0.206255 0.0364769 0.0
-0.205834 0.0310024 0.0
-0.205419 0.0255368 0.0
-0.205007 0.0200747 0.0
-0.204595 0.0146109 0.0
-0.204182 0.00914042 0.0
-0.203767 0.0036584 0.0
-0.203349 -0.00183981 0.0
-0.202926 -0.00735827 0.0
-0.2025 -0.0129042 0.0
-0.20207 -0.0184815 0.0
-0.201639 -0.0240939 0.0
-0.201207 -0.0297448 0.0
-0.200777 -0.0354377 0.0
-0.200353 -0.0411764 0.0
-0.199938 -0.0469648 0.0
-0.199538 -0.052807 0.0
-0.199158 -0.0587077 0.0
-0.198806 -0.0646718 0.0
-0.198487 -0.0707048 0.0
-0.198212 -0.0768132 0.0
-0.197989 -0.0830041 0.0
-0.19783 -0.0892857 0.0
-0.197746 -0.0956675 0.0
-0.197751 -0.10216 0.0
-0.197857 -0.108777 0.0
-0.198079 -0.115531 0.0
-0.198431 -0.122439 0.0
-0.198928 -0.129518 0.0
-0.199583 -0.136788 0.0
-0.200406 -0.144268 0.0
-0.201406 -0.15198 0.0
-0.202585 -0.159942 0.0
-0.203942 -0.168173 0.0
-0.205465 -0.176685 0.0
-0.207133 -0.185484 0.0
-0.208911 -0.194566 0.0
-0.210753 -0.203913 0.0
-0.212593 -0.213489 0.0
-0.21435 -0.223235 0.0
-0.215925 -0.233066 0.0
-0.2172 -0.242865 0.0
-0.21804 -0.252481 0.0
-0.218296 -0.261722 0.0
-0.217807 -0.270358 0.0
-0.216405 -0.278114 0.0
-0.213918 -0.284675 0.0
-0.210181 -0.289688 0.0
-0.205039 -0.292763 0.0
-0.198358 -0.293487 0.0
-0.190037 -0.291432 0.0
-0.180012 -0.286173 0.0
-0.168275 -0.277313 0.0
-0.154883 -0.264509 0.0
-0.13997 -0.247516 0.0
-0.123763 -0.226236 0.0
-0.106591 -0.200783 0.0
-0.0888967 -0.171562 0.0
-0.0712411 -0.139362 0.0
-0.0542923 -0.105444 0.0
-0.0387921 -0.071603 0.0
-0.0254751 -0.0401014 0.0
-0.0149288 -0.0133827 0.0
-0.00746348 0.00647982 0.0
-0.00293641 0.0179324 0.0
-0.000718747 0.0213102 0.0
1.24533e-05 0.0169628 0.0
5.46837e-05 0.0049741 0.0
-0.000679111 0.00314876 0.0
-0.00379773 0.0156259 0.0
-0.00968017 0.027819 0.0
-0.017088 0.0400385 0.0
-0.0252729 0.0525106 0.0
-0.0338332 0.0652318 0.0
-0.0425675 0.0780524 0.0
-0.0513755 0.0907868 0.0
-0.0602021 0.103274 0.0
-0.0690097 0.115393 0.0
-0.0777654 0.127053 0.0
-0.0864363 0.138183 0.0
-0.0949881 0.148723 0.0
-0.103385 0.158617 0.0
-0.111593 0.167818 0.0
-0.119574 0.176282 0.0
-0.127298 0.183973 0.0
-0.134733 0.19086 0.0
-0.141852 0.196922 0.0
-0.148631 0.202145 0.0
-0.155052 0.206526 0.0
-0.161099 0.210067 0.0
-0.166761 0.21278 0.0
-0.172031 0.214682 0.0
-0.176904 0.215798 0.0
-0.181381 0.216158 0.0
-0.185464 0.215796 0.0
-0.189159 0.21475 0.0
-0.192475 0.213062 0.0
-0.195421 0.210775 0.0
-0.198011 0.207934 0.0
-0.200258 0.204584 0.0
-0.20218 0.200772 0.0
-0.203794 0.196544 0.0
-0.205118 0.191945 0.0
-0.206173 0.187022 0.0
-0.20698 0.181816 0.0
-0.20756 0.17637 0.0
-0.207938 0.170725 0.0
-0.208134 0.164917 0.0
-0.208171 0.158982 0.0
-0.208072 0.152953 0.0
-0.207858 0.146859 0.0
-0.20755 0.140726 0.0
-0.207166 0.134577 0.0
-0.206726 0.128432 0.0
-0.206244 0.122306 0.0
-0.205734 0.116214 0.0
-0.20521 0.110165 0.0
-0.204681 0.104167 0.0
-0.204156 0.0982231 0.0
-0.20364 0.0923367 0.0
-0.203139 0.0865079 0.0
-0.202656 0.0807352 0.0
-0.202191 0.075016 0.0
-0.201746 0.0693464 0.0
-0.201319 0.0637219 0.0
-0.20091 0.0581372 0.0
-0.200516 0.0525868 0.0
-0.200135 0.0470651 0.0
-0.199764 0.0415663 0.0
-0.1994 0.0360847 0.0
-0.199041 0.0306149 0.0
-0.198683 0.0251515 0.0
-0.198325 0.0196893 0.0
-0.197964 0.0142235 0.0
-0.197598 0.00874933 0.0
-0.197226 0.0032623 0.0
-0.196846 -0.00224192 0.0
-0.196458 -0.0077665 0.0
-0.196062 -0.0133183 0.0
-0.195658 -0.0189007 0.0
-0.195248 -0.0245168 0.0
-0.194833 -0.0301693 0.0
-0.194414 -0.0358611 0.0
-0.193996 -0.0415953 0.0
-0.193582 -0.0473751 0.0
-0.193175 -0.0532037 0.0
-0.192781 -0.059085 0.0
-0.192405 -0.0650229 0.0
-0.192055 -0.0710222 0.0
-0.191738 -0.0770879 0.0
-0.191464 -0.0832264 0.0
-0.191242 -0.0894445 0.0
-0.191084 -0.0957508 0.0
-0.191002 -0.102155 0.0
-0.191009 -0.108668 0.0
-0.191122 -0.115305 0.0
-0.191354 -0.12208 0.0
-0.191723 -0.129011 0.0
-0.192243 -0.136119 0.0
-0.192931 -0.143426 0.0
-0.193798 -0.150954 0.0
-0.194856 -0.15873 0.0
-0.196108 -0.166776 0.0
-0.197553 -0.175114 0.0
-0.199181 -0.18376 0.0
-0.200967 -0.192725 0.0
-0.202876 -0.202004 0.0
-0.204856 -0.211578 0.0
-0.206836 -0.221408 0.0
-0.208726 -0.231428 0.0
-0.210415 -0.241539 0.0
-0.211774 -0.251608 0.0
-0.212654 -0.261459 0.0
-0.212892 -0.270872 0.0
-0.212313 -0.279582 0.0
-0.210734 -0.287273 0.0
-0.207974 -0.293587 0.0
-0.20386 -0.29812 0.0
-0.198235 -0.300435 0.0
-0.190969 -0.300071 0.0
-0.181969 -0.296558 0.0
-0.171195 -0.289439 0.0
-0.158669 -0.278302 0.0
-0.144489 -0.262816 0.0
-0.128848 -0.242785 0.0
-0.112039 -0.218214 0.0
-0.0944784 -0.189386 0.0
-0.0767027 -0.156969 0.0
-0.0593717 -0.122117 0.0
-0.0432418 -0.0865604 0.0
-0.0290997 -0.0526029 0.0
-0.0176296 -0.0228976 0.0
-0.00919945 9.92793e-05 0.0
-0.00385892 0.0144453 0.0
-0.00112455 0.0198452 0.0
-0.0001057 0.0166778 0.0
4.12223e-05 0.00507001 0.0
-0.000697916 0.00452579 0.0
-0.00388875 0.0205584 0.0
-0.0098851 0.0347653 0.0
-0.0174072 0.0480221 0.0
-0.0256873 0.0609921 0.0
-0.0343156 0.0739388 0.0
-0.0430877 0.0868518 0.0
-0.0519022 0.09961 0.0
-0.0607033 0.112079 0.0
-0.0694529 0.124146 0.0
-0.0781178 0.135722 0.0
-0.0866656 0.146734 0.0
-0.0950627 0.157121 0.0
-0.103275 0.166829 0.0
-0.11127 0.175808 0.0
-0.119014 0.184018 0.0
-0.126477 0.191424 0.0
-0.133633 0.197999 0.0
-0.140457 0.203725 0.0
-0.146928 0.208593 0.0
-0.153031 0.212602 0.0
-0.158754 0.21576 0.0
-0.164087 0.218082 0.0
-0.169027 0.219589 0.0
-0.173571 0.220309 0.0
-0.177722 0.220275 0.0
-0.181484 0.219524 0.0
-0.184864 0.218098 0.0
-0.187873 0.216039 0.0
-0.190523 0.213394 0.0
-0.192826 0.210208 0.0
-0.194801 0.206531 0.0
-0.196463 0.202408 0.0
-0.197831 0.197889 0.0
-0.198927 0.19302 0.0
-0.199771 0.187846 0.0
-0.200385 0.182412 0.0
-0.200792 0.176762 0.0
-0.201015 0.170934 0.0
-0.201078 0.164967 0.0
-0.201002 0.158895 0.0
-0.200811 0.152751 0.0
-0.200525 0.146562 0.0
-0.200164 0.140354 0.0
-0.199747 0.134148 0.0
-0.199291 0.127963 0.0
-0.198809 0.121811 0.0
-0.198315 0.115706 0.0
-0.197818 0.109654 0.0
-0.197329 0.10366 0.0
-0.196852 0.0977278 0.0
-0.196393 0.0918575 0.0
-0.195955 0.0860475 0.0
-0.195538 0.0802953 0.0
-0.195143 0.0745966 0.0
-0.19477 0.0689468 0.0
-0.194415 0.0633404 0.0
-0.194077 0.0577716 0.0
-0.193753 0.0522344 0.0
-0.19344 0.046723 0.0
-0.193134 0.0412315 0.0
-0.192832 0.0357542 0.0
-0.192532 0.0302858 0.0
-0.192231 0.0248212 0.0
-0.191925 0.0193555 0.0
-0.191613 0.0138841 0.0
-0.191292 0.00840258 0.0
-0.190962 0.00290678 0.0
-0.190621 -0.0026077 0.0
-0.190267 -0.00814203 0.0
-0.189903 -0.0137035 0.0
-0.189527 -0.0192951 0.0
-0.18914 -0.0249191 0.0
-0.188745 -0.0305778 0.0
-0.188342 -0.0362735 0.0
-0.187934 -0.0420087 0.0
-0.187525 -0.0477859 0.0
-0.187117 -0.0536076 0.0
-0.186715 -0.059477 0.0
-0.186325 -0.0653971 0.0
-0.185951 -0.0713716 0.0
-0.185601 -0.0774048 0.0
-0.185284 -0.0835016 0.0
-0.185007 -0.089668 0.0
-0.184781 -0.0959109 0.0
-0.184619 -0.102239 0.0
-0.184533 -0.108663 0.0
-0.184538 -0.115194 0.0
-0.18465 -0.121847 0.0
-0.184885 -0.128641 0.0
-0.185261 -0.135593 0.0
-0.185796 -0.142729 0.0
-0.186507 -0.150073 0.0
-0.187409 -0.157652 0.0
-0.188514 -0.165496 0.0
-0.189829 -0.173634 0.0
-0.191351 -0.182091 0.0
-0.193071 -0.190888 0.0
-0.194965 -0.200037 0.0
-0.196993 -0.209537 0.0
-0.199096 -0.219366 0.0
-0.201198 -0.229479 0.0
-0.203198 -0.239799 0.0
-0.204973 -0.250213 0.0
-0.206381 -0.260565 0.0
-0.207257 -0.270651 0.0
-0.207423 -0.280216 0.0
-0.206689 -0.288952 0.0
-0.204859 -0.296497 0.0
-0.201743 -0.30244 0.0
-0.197162 -0.306323 0.0
-0.190958 -0.307654 0.0
-0.183011 -0.305922 0.0
-0.173246 -0.300614 0.0
-0.161649 -0.29125 0.0
-0.148282 -0.277414 0.0
-0.133301 -0.258811 0.0
-0.116963 -0.235333 0.0
-0.0996506 -0.20714 0.0
-0.0818741 -0.174767 0.0
-0.0642777 -0.139246 0.0
-0.0476214 -0.102217 0.0
-0.0327268 -0.0659826 0.0
-0.0203569 -0.0333579 0.0
-0.011029 -0.00719849 0.0
-0.0049058 0.0102793 0.0
-0.00158904 0.0179601 0.0
-0.000241848 0.0161969 0.0
2.54516e-05 0.00513668 0.0
-0.000707903 0.0059316 0.0
-0.00393758 0.025573 0.0
-0.0099951 0.0418045 0.0
-0.0175763 0.0560862 0.0
-0.0258998 0.0695316 0.0
-0.0345489 0.0826768 0.0
-0.0433161 0.0956533 0.0
-0.0520985 0.108405 0.0
-0.0608393 0.120825 0.0
-0.0694997 0.132809 0.0
-0.0780466 0.14427 0.0
-0.0864479 0.155134 0.0
-0.0946711 0.165341 0.0
-0.102684 0.174835 0.0
-0.110455 0.183568 0.0
-0.117954 0.191502 0.0
-0.125155 0.198604 0.0
-0.132031 0.204851 0.0
-0.138564 0.210229 0.0
-0.144734 0.214732 0.0
-0.15053 0.218363 0.0
-0.15594 0.221133 0.0
-0.16096 0.223062 0.0
-0.165586 0.224174 0.0
-0.16982 0.224501 0.0
-0.173664 0.224078 0.0
-0.177126 0.222945 0.0
-0.180214 0.221146 0.0
-0.182941 0.218726 0.0
-0.185318 0.215734 0.0
-0.187362 0.212217 0.0
-0.18909 0.208224 0.0
-0.19052 0.203807 0.0
-0.191672 0.199012 0.0
-0.192568 0.193888 0.0
-0.193231 0.188483 0.0
-0.193682 0.182841 0.0
-0.193946 0.177004 0.0
-0.194047 0.171014 0.0
-0.194006 0.164908 0.0
-0.193848 0.15872 0.0
-0.193594 0.15248 0.0
-0.193264 0.146217 0.0
-0.192878 0.139953 0.0
-0.192453 0.133708 0.0
-0.192003 0.127498 0.0
-0.191543 0.121335 0.0
-0.191083 0.115228 0.0
-0.190632 0.109184 0.0
-0.190196 0.103204 0.0
-0.189781 0.0972911 0.0
-0.189388 0.0914424 0.0
-0.189019 0.0856555 0.0
-0.188675 0.0799262 0.0
-0.188353 0.0742495 0.0
-0.188053 0.0686196 0.0
-0.18777 0.0630305 0.0
-0.187503 0.057476 0.0
-0.187247 0.0519499 0.0
-0.186999 0.0464462 0.0
-0.186755 0.040959 0.0
-0.186513 0.0354829 0.0
-0.186268 0.0300126 0.0
-0.186019 0.0245434 0.0
-0.185762 0.0190707 0.0
-0.185496 0.0135903 0.0
-0.185218 0.00809819 0.0
-0.184928 0.0025906 0.0
-0.184624 -0.00293634 0.0
-0.184307 -0.00848409 0.0
-0.183974 -0.0140588 0.0
-0.183627 -0.0196629 0.0
-0.183267 -0.0252983 0.0
-0.182894 -0.030967 0.0
-0.18251 -0.0366708 0.0
-0.182117 -0.0424116 0.0
-0.181719 -0.0481913 0.0
-0.181316 -0.0540121 0.0
-0.180914 -0.0598762 0.0
-0.180517 -0.0657861 0.0
-0.180129 -0.0717444 0.0
-0.179756 -0.0777546 0.0
-0.179405 -0.0838204 0.0
-0.179085 -0.0899466 0.0
-0.178803 -0.0961389 0.0
-0.178572 -0.102405 0.0
-0.178403 -0.108752 0.0
-0.178309 -0.115193 0.0
-0.178307 -0.121739 0.0
-0.178413 -0.128408 0.0
-0.178645 -0.135218 0.0
-0.179022 -0.142192 0.0
-0.179565 -0.149356 0.0
-0.180292 -0.156739 0.0
-0.181222 -0.164375 0.0
-0.182367 -0.172296 0.0
-0.183736 -0.180537 0.0
-0.185328 -0.189129 0.0
-0.187134 -0.198097 0.0
-0.189126 -0.207457 0.0
-0.191261 -0.217207 0.0
-0.193476 -0.227322 0.0
-0.195682 -0.23775 0.0
-0.19777 -0.2484 0.0
-0.199602 -0.259139 0.0
-0.201019 -0.269783 0.0
-0.201843 -0.280094 0.0
-0.201877 -0.289774 0.0
-0.200915 -0.298466 0.0
-0.198752 -0.305751 0.0
-0.195187 -0.311158 0.0
-0.190039 -0.31417 0.0
-0.183155 -0.314236 0.0
-0.17443 -0.310791 0.0
-0.163812 -0.303287 0.0
-0.151327 -0.291227 0.0
-0.13709 -0.274217 0.0
-0.121321 -0.252033 0.0
-0.104366 -0.224708 0.0
-0.0867042 -0.192637 0.0
-0.0689598 -0.156717 0.0
-0.0518887 -0.118474 0.0
-0.0363386 -0.0801705 0.0
-0.0231467 -0.0447318 0.0
-0.0129582 -0.015341 0.0
-0.0060283 0.00536868 0.0
-0.00208636 0.0156121 0.0
-0.000387358 0.0154987 0.0
9.02467e-06 0.00517116 0.0
-0.000709523 0.00734903 0.0
-0.00394659 0.0306224 0.0
-0.0100159 0.0488821 0.0
-0.0176048 0.0641787 0.0
-0.0259237 0.0780814 0.0
-0.0345502 0.0914025 0.0
-0.0432733 0.104418 0.0
-0.051988 0.117138 0.0
-0.0606367 0.129482 0.0
-0.0691798 0.141356 0.0
-0.0775843 0.152675 0.0
-0.0858186 0.163365 0.0
-0.0938514 0.173366 0.0
-0.101652 0.182623 0.0
-0.109191 0.19109 0.0
-0.116441 0.198729 0.0
-0.123376 0.205513 0.0
-0.129976 0.211419 0.0
-0.136223 0.216439 0.0
-0.1421 0.22057 0.0
-0.147599 0.223818 0.0
-0.15271 0.2262 0.0
-0.157431 0.227736 0.0
-0.161761 0.228456 0.0
-0.165702 0.228394 0.0
-0.169261 0.227588 0.0
-0.172444 0.22608 0.0
-0.175263 0.223918 0.0
-0.177729 0.221148 0.0
-0.179859 0.21782 0.0
-0.181669 0.213984 0.0
-0.183176 0.209692 0.0
-0.184401 0.204994 0.0
-0.185365 0.199941 0.0
-0.186091 0.194581 0.0
-0.1866 0.188963 0.0
-0.186918 0.183131 0.0
-0.187068 0.177128 0.0
-0.187073 0.170996 0.0
-0.186958 0.164771 0.0
-0.186744 0.158485 0.0
-0.186453 0.152169 0.0
-0.186104 0.145849 0.0
-0.185716 0.139546 0.0
-0.185303 0.133277 0.0
-0.184881 0.127056 0.0
-0.184459 0.120894 0.0
-0.184048 0.114797 0.0
-0.183653 0.108769 0.0
-0.183281 0.102811 0.0
-0.182934 0.0969214 0.0
-0.182612 0.0910979 0.0
-0.182317 0.085336 0.0
-0.182046 0.0796305 0.0
-0.181798 0.0739754 0.0
-0.181569 0.0683642 0.0
-0.181356 0.0627906 0.0
-0.181156 0.057248 0.0
-0.180964 0.0517301 0.0
-0.180777 0.046231 0.0
-0.180591 0.0407449 0.0
-0.180403 0.0352666 0.0
-0.18021 0.0297913 0.0
-0.180009 0.0243143 0.0
-0.179797 0.0188316 0.0
-0.179574 0.0133393 0.0
-0.179336 0.00783391 0.0
-0.179084 0.00231211 0.0
-0.178816 -0.00322906 0.0
-0.178532 -0.00879303 0.0
-0.178231 -0.0143835 0.0
-0.177913 -0.0200027 0.0
-0.17758 -0.0256523 0.0
-0.177232 -0.0313339 0.0
-0.176871 -0.037049 0.0
-0.176498 -0.042799 0.0
-0.176115 -0.0485857 0.0
-0.175724 -0.0544104 0.0
-0.175329 -0.060275 0.0
-0.174933 -0.0661811 0.0
-0.17454 -0.0721308 0.0
-0.174154 -0.0781266 0.0
-0.173782 -0.0841712 0.0
-0.17343 -0.0902683 0.0
-0.173106 -0.0964224 0.0
-0.172819 -0.102639 0.0
-0.172581 -0.108926 0.0
-0.172402 -0.115291 0.0
-0.172299 -0.121747 0.0
-0.172286 -0.128307 0.0
-0.172383 -0.13499 0.0
-0.172607 -0.141817 0.0
-0.172982 -0.148813 0.0
-0.173528 -0.156009 0.0
-0.174267 -0.163437 0.0
-0.175219 -0.171136 0.0
-0.1764 -0.179146 0.0
-0.177819 -0.187507 0.0
-0.179478 -0.196255 0.0
-0.181363 -0.205421 0.0
-0.183448 -0.215022 0.0
-0.185683 -0.225057 0.0
-0.187997 -0.235495 0.0
-0.190292 -0.246273 0.0
-0.192443 -0.257283 0.0
-0.194299 -0.268366 0.0
-0.195683 -0.279304 0.0
-0.196398 -0.289816 0.0
-0.196231 -0.299552 0.0
-0.194961 -0.308097 0.0
-0.192371 -0.314968 0.0
-0.188255 -0.319626 0.0
-0.182432 -0.321486 0.0
-0.174763 -0.319936 0.0
-0.165162 -0.314362 0.0
-0.153613 -0.304186 0.0
-0.140193 -0.288917 0.0
-0.125081 -0.268214 0.0
-0.108584 -0.241979 0.0
-0.0911487 -0.210463 0.0
-0.0733716 -0.174412 0.0
-0.0559985 -0.135223 0.0
-0.0398934 -0.0950772 0.0
-0.0259528 -0.0569577 0.0
-0.014931 -0.0243254 0.0
-0.00717746 -0.000330416 0.0
-0.00259367 0.0127854 0.0
-0.000537978 0.0145707 0.0
-7.65913e-06 0.00517252 0.0
-0.000703306 0.00876186 0.0
-0.00391844 0.0356617 0.0
-0.00995372 0.0559473 0.0
-0.0175029 0.0722515 0.0
-0.0257731 0.0865977 0.0
-0.0343371 0.100077 0.0
-0.04298 0.11311 0.0
-0.0515949 0.125776 0.0
-0.0601225 0.138021 0.0
-0.0685232 0.149761 0.0
-0.0767637 0.160915 0.0
-0.0848132 0.171409 0.0
-0.0926414 0.181183 0.0
-0.100219 0.190184 0.0
-0.107519 0.198368 0.0
-0.114516 0.205699 0.0
-0.121188 0.212151 0.0
-0.127515 0.217708 0.0
-0.133481 0.222363 0.0
-0.139075 0.226117 0.0
-0.144287 0.228981 0.0
-0.149113 0.230974 0.0
-0.153551 0.23212 0.0
-0.157601 0.232452 0.0
-0.161269 0.232007 0.0
-0.164561 0.230825 0.0
-0.167486 0.228952 0.0
-0.170057 0.226436 0.0
-0.172288 0.223327 0.0
-0.174194 0.219676 0.0
-0.175794 0.215536 0.0
-0.177106 0.210959 0.0
-0.178152 0.205998 0.0
-0.178955 0.200703 0.0
-0.179536 0.195125 0.0
-0.17992 0.189312 0.0
-0.180131 0.18331 0.0
-0.180193 0.177161 0.0
-0.18013 0.170906 0.0
-0.179965 0.16458 0.0
-0.179719 0.158216 0.0
-0.179414 0.151842 0.0
-0.179067 0.145481 0.0
-0.178695 0.139153 0.0
-0.178312 0.132874 0.0
-0.17793 0.126655 0.0
-0.17756 0.120503 0.0
-0.177207 0.114424 0.0
-0.176877 0.108418 0.0
-0.176574 0.102486 0.0
-0.176298 0.0966232 0.0
-0.176049 0.0908264 0.0
-0.175827 0.0850899 0.0
-0.175628 0.0794074 0.0
-0.17545 0.0737722 0.0
-0.175289 0.0681776 0.0
-0.175142 0.0626167 0.0
-0.175003 0.0570829 0.0
-0.17487 0.0515701 0.0
-0.174738 0.0460723 0.0
-0.174604 0.0405841 0.0
-0.174465 0.0351006 0.0
-0.174318 0.0296172 0.0
-0.174161 0.0241298 0.0
-0.173991 0.0186346 0.0
-0.173806 0.0131282 0.0
-0.173606 0.00760739 0.0
-0.173389 0.00206936 0.0
-0.173154 -0.00348857 0.0
-0.172902 -0.00907008 0.0
-0.172632 -0.0146779 0.0
-0.172344 -0.0203139 0.0
-0.172039 -0.0259794 0.0
-0.171718 -0.0316759 0.0
-0.171381 -0.0374047 0.0
-0.171031 -0.0431668 0.0
-0.170668 -0.0489636 0.0
-0.170295 -0.0547962 0.0
-0.169914 -0.0606658 0.0
-0.169526 -0.0665736 0.0
-0.169137 -0.0725212 0.0
-0.168749 -0.07851 0.0
-0.168366 -0.0845422 0.0
-0.167996 -0.0906202 0.0
-0.167643 -0.0967474 0.0
-0.167315 -0.102928 0.0
-0.167023 -0.109168 0.0
-0.166776 -0.115474 0.0
-0.166588 -0.121856 0.0
-0.166473 -0.128326 0.0
-0.166449 -0.1349 0.0
-0.166533 -0.141598 0.0
-0.166749 -0.148443 0.0
-0.167118 -0.155464 0.0
-0.167665 -0.162696 0.0
-0.168414 -0.170177 0.0
-0.169386 -0.177952 0.0
-0.170601 -0.186067 0.0
-0.17207 -0.194568 0.0
-0.173793 -0.203499 0.0
-0.175758 -0.212895 0.0
-0.177932 -0.222775 0.0
-0.180261 -0.233134 0.0
-0.182663 -0.243936 0.0
-0.185028 -0.255102 0.0
-0.187217 -0.266502 0.0
-0.189059 -0.277942 0.0
-0.190359 -0.289163 0.0
-0.190901 -0.299831 0.0
-0.190454 -0.309535 0.0
-0.188784 -0.31779 0.0
-0.185662 -0.324041 0.0
-0.180883 -0.327673 0.0
-0.174273 -0.328028 0.0
-0.16571 -0.324433 0.0
-0.155141 -0.316232 0.0
-0.142598 -0.302834 0.0
-0.128221 -0.283785 0.0
-0.112276 -0.25885 0.0
-0.0951701 -0.228133 0.0
-0.0774715 -0.192219 0.0
-0.0599078 -0.152353 0.0
-0.0433478 -0.110612 0.0
-0.0287297 -0.0699819 0.0
-0.0169018 -0.0341508 0.0
-0.00837711 -0.00678329 0.0
-0.00317592 0.00945333 0.0
-0.000718619 0.0133898 0.0
-3.01882e-05 0.00513467 0.0
-0.000689883 0.010155 0.0
-0.00385606 0.0406498 0.0
-0.00981502 0.0629534 0.0
-0.0172807 0.0802602 0.0
-0.0254619 0.0950404 0.0
-0.033927 0.108663 0.0
-0.0424572 0.121697 0.0
-0.0509429 0.134289 0.0
-0.0593238 0.146416 0.0
-0.0675595 0.158003 0.0
-0.0756171 0.168971 0.0
-0.0834663 0.179251 0.0
-0.0910781 0.188781 0.0
-0.0984251 0.197511 0.0
-0.105482 0.205397 0.0
-0.112224 0.212409 0.0
-0.118633 0.218521 0.0
-0.124691 0.223723 0.0
-0.130385 0.228008 0.0
-0.135704 0.231384 0.0
-0.140642 0.233865 0.0
-0.145196 0.235471 0.0
-0.149365 0.236231 0.0
-0.153153 0.23618 0.0
-0.156565 0.235358 0.0
-0.15961 0.23381 0.0
-0.162298 0.231581 0.0
-0.164643 0.228723 0.0
-0.16666 0.225287 0.0
-0.168366 0.221328 0.0
-0.169779 0.216898 0.0
-0.170921 0.212052 0.0
-0.171813 0.206844 0.0
-0.172478 0.201325 0.0
-0.172941 0.195547 0.0
-0.173224 0.189558 0.0
-0.173353 0.183404 0.0
-0.173351 0.177128 0.0
-0.173242 0.170768 0.0
-0.173049 0.16436 0.0
-0.172793 0.157934 0.0
-0.172492 0.151517 0.0
-0.172164 0.145131 0.0
-0.171823 0.138791 0.0
-0.171483 0.132513 0.0
-0.171153 0.126305 0.0
-0.170842 0.120171 0.0
-0.170554 0.114115 0.0
-0.170292 0.108136 0.0
-0.17006 0.102232 0.0
-0.169856 0.0963972 0.0
-0.169679 0.090627 0.0
-0.169527 0.0849147 0.0
-0.169396 0.0792533 0.0
-0.169283 0.0736356 0.0
-0.169185 0.0680545 0.0
-0.169096 0.0625031 0.0
-0.169013 0.0569749 0.0
-0.168932 0.0514637 0.0
-0.168849 0.0459641 0.0
-0.168761 0.0404708 0.0
-0.168665 0.0349793 0.0
-0.168559 0.0294853 0.0
-0.16844 0.0239852 0.0
-0.168307 0.0184755 0.0
-0.168157 0.0129532 0.0
-0.167991 0.00741547 0.0
-0.167806 0.00185974 0.0
-0.167603 -0.00371634 0.0
-0.167382 -0.00931624 0.0
-0.167141 -0.0149423 0.0
-0.166883 -0.0205959 0.0
-0.166607 -0.0262785 0.0
-0.166314 -0.0319912 0.0
-0.166004 -0.0377351 0.0
-0.16568 -0.0435112 0.0
-0.165341 -0.0493205 0.0
-0.16499 -0.0551638 0.0
-0.164627 -0.061042 0.0
-0.164256 -0.0669559 0.0
-0.163878 -0.0729064 0.0
-0.163496 -0.0788946 0.0
-0.163115 -0.0849217 0.0
-0.162737 -0.0909894 0.0
-0.162368 -0.0970998 0.0
-0.162015 -0.103256 0.0
-0.161685 -0.109462 0.0
-0.161387 -0.115724 0.0
-0.161132 -0.122048 0.0
-0.160934 -0.128447 0.0
-0.160807 -0.134931 0.0
-0.160769 -0.141519 0.0
-0.160842 -0.148233 0.0
-0.161047 -0.155099 0.0
-0.16141 -0.16215 0.0
-0.161958 -0.169426 0.0
-0.162716 -0.176972 0.0
-0.163711 -0.184838 0.0
-0.164961 -0.193078 0.0
-0.166481 -0.201747 0.0
-0.168271 -0.210893 0.0
-0.170315 -0.220558 0.0
-0.172577 -0.23076 0.0
-0.174995 -0.241491 0.0
-0.177474 -0.252703 0.0
-0.17989 -0.264296 0.0
-0.182085 -0.27611 0.0
-0.18387 -0.28791 0.0
-0.185027 -0.299385 0.0
-0.18532 -0.310135 0.0
-0.184502 -0.319679 0.0
-0.182326 -0.32745 0.0
-0.178558 -0.33281 0.0
-0.172995 -0.335063 0.0
-0.16548 -0.333477 0.0
-0.155919 -0.327319 0.0
-0.144303 -0.315906 0.0
-0.130729 -0.298665 0.0
-0.115417 -0.275227 0.0
-0.0987383 -0.24554 0.0
-0.081224 -0.210024 0.0
-0.0635796 -0.169756 0.0
-0.0466704 -0.126678 0.0
-0.031466 -0.0837381 0.0
-0.0189007 -0.0447878 0.0
-0.00963131 -0.0139404 0.0
-0.00379579 0.00557374 0.0
-0.000912235 0.0119285 0.0
-5.46e-05 0.00504989 0.0
-0.000669967 0.0115149 0.0
-0.00376262 0.0455488 0.0
-0.00960667 0.0698575 0.0
-0.016949 0.0881642 0.0
-0.0250042 0.103373 0.0
-0.0333374 0.117129 0.0
-0.0417254 0.130149 0.0
-0.0500559 0.142653 0.0
-0.0582669 0.154644 0.0
-0.0663179 0.166061 0.0
-0.074176 0.176829 0.0
-0.0818118 0.186879 0.0
-0.0891974 0.196151 0.0
-0.0963068 0.204597 0.0
-0.103116 0.212177 0.0
-0.109604 0.21886 0.0
-0.115753 0.224627 0.0
-0.121548 0.229469 0.0
-0.126976 0.233384 0.0
-0.132031 0.236382 0.0
-0.136706 0.23848 0.0
-0.141001 0.239704 0.0
-0.144918 0.240083 0.0
-0.148459 0.239657 0.0
-0.151634 0.238468 0.0
-0.15445 0.236562 0.0
-0.156921 0.233988 0.0
-0.159061 0.2308 0.0
-0.160885 0.227051 0.0
-0.162412 0.222797 0.0
-0.163663 0.218093 0.0
-0.164657 0.212994 0.0
-0.165418 0.207555 0.0
-0.16597 0.20183 0.0
-0.166336 0.19587 0.0
-0.166541 0.189723 0.0
-0.16661 0.183436 0.0
-0.166566 0.17705 0.0
-0.166432 0.170603 0.0
-0.16623 0.16413 0.0
-0.16598 0.157658 0.0
-0.165699 0.151212 0.0
-0.165403 0.144812 0.0
-0.165105 0.138472 0.0
-0.164816 0.132204 0.0
-0.164545 0.126013 0.0
-0.164297 0.119903 0.0
-0.164076 0.113874 0.0
-0.163885 0.107924 0.0
-0.163722 0.102049 0.0
-0.163587 0.0962416 0.0
-0.163478 0.0904966 0.0
-0.163391 0.0848062 0.0
-0.163323 0.0791631 0.0
-0.16327 0.0735597 0.0
-0.163227 0.0679887 0.0
-0.16319 0.0624434 0.0
-0.163156 0.0569173 0.0
-0.16312 0.0514047 0.0
-0.16308 0.0459001 0.0
-0.163032 0.040399 0.0
-0.162974 0.0348971 0.0
-0.162903 0.0293905 0.0
-0.162818 0.0238759 0.0
-0.162717 0.0183502 0.0
-0.162598 0.0128108 0.0
-0.162462 0.00725508 0.0
-0.162307 0.00168088 0.0
-0.162134 -0.00391397 0.0
-0.161942 -0.00953261 0.0
-0.161731 -0.0151771 0.0
-0.161501 -0.0208488 0.0
-0.161254 -0.0265488 0.0
-0.16099 -0.0322784 0.0
-0.160709 -0.0380383 0.0
-0.160412 -0.0438295 0.0
-0.1601 -0.0496527 0.0
-0.159775 -0.0555087 0.0
-0.159436 -0.061398 0.0
-0.159086 -0.0673212 0.0
-0.158726 -0.0732787 0.0
-0.158359 -0.0792712 0.0
-0.157987 -0.0852993 0.0
-0.157613 -0.0913638 0.0
-0.157241 -0.0974661 0.0
-0.156875 -0.103608 0.0
-0.156523 -0.109793 0.0
-0.156191 -0.116023 0.0
-0.155888 -0.122306 0.0
-0.155625 -0.12865 0.0
-0.155417 -0.135064 0.0
-0.155278 -0.141563 0.0
-0.155227 -0.148167 0.0
-0.155288 -0.154899 0.0
-0.155483 -0.161791 0.0
-0.155841 -0.16888 0.0
-0.156391 -0.17621 0.0
-0.157162 -0.183835 0.0
-0.158181 -0.191811 0.0
-0.159472 -0.200203 0.0
-0.161048 -0.209072 0.0
-0.162909 -0.218474 0.0
-0.165036 -0.228454 0.0
-0.167387 -0.239029 0.0
-0.169887 -0.250185 0.0
-0.172431 -0.261855 0.0
-0.174874 -0.273913 0.0
-0.177038 -0.286159 0.0
-0.17871 -0.298306 0.0
-0.179654 -0.309977 0.0
-0.17961 -0.320698 0.0
-0.178316 -0.3299 0.0
-0.175516 -0.336928 0.0
-0.170977 -0.341048 0.0
-0.164505 -0.341479 0.0
-0.155968 -0.337415 0.0
-0.145316 -0.328079 0.0
-0.132598 -0.312784 0.0
-0.117995 -0.291023 0.0
-0.10183 -0.262587 0.0
-0.0845999 -0.227721 0.0
-0.0669808 -0.187322 0.0
-0.049828 -0.143174 0.0
-0.0341316 -0.0981431 0.0
-0.0208969 -0.0561829 0.0
-0.010908 -0.0218036 0.0
-0.00442438 0.00111778 0.0
-0.00110182 0.0101783 0.0
-7.73443e-05 0.00491794 0.0
-0.000644312 0.0128292 0.0
-0.00364142 0.0503243 0.0
-0.00933557 0.0766202 0.0
-0.0165181 0.0959263 0.0
-0.024414 0.111562 0.0
-0.0325853 0.125444 0.0
-0.0408048 0.138441 0.0
-0.0489566 0.150843 0.0
-0.0569775 0.162686 0.0
-0.0648263 0.173919 0.0
-0.0724708 0.184473 0.0
-0.079882 0.194281 0.0
-0.0870333 0.203286 0.0
-0.0939003 0.211439 0.0
-0.100461 0.218705 0.0
-0.106695 0.225055 0.0
-0.112587 0.230474 0.0
-0.118124 0.234954 0.0
-0.123295 0.238499 0.0
-0.128095 0.241122 0.0
-0.13252 0.242842 0.0
-0.13657 0.243688 0.0
-0.140248 0.243694 0.0
-0.14356 0.2429 0.0
-0.146513 0.241353 0.0
-0.14912 0.2391 0.0
-0.151393 0.236193 0.0
-0.153347 0.232688 0.0
-0.154999 0.22864 0.0
-0.156369 0.224106 0.0
-0.157477 0.219142 0.0
-0.158346 0.213807 0.0
-0.158998 0.208155 0.0
-0.159457 0.202241 0.0
-0.159749 0.196117 0.0
-0.159896 0.18983 0.0
-0.159925 0.183426 0.0
-0.159857 0.176948 0.0
-0.159715 0.17043 0.0
-0.159519 0.163905 0.0
-0.159288 0.157401 0.0
-0.159039 0.150938 0.0
-0.158785 0.144535 0.0
-0.158538 0.138204 0.0
-0.158306 0.131952 0.0
-0.158097 0.125784 0.0
-0.157915 0.119702 0.0
-0.157761 0.113702 0.0
-0.157637 0.107781 0.0
-0.157541 0.101933 0.0
-0.157472 0.0961523 0.0
-0.157425 0.09043 0.0
-0.157398 0.0847587 0.0
-0.157385 0.0791305 0.0
-0.157384 0.0735378 0.0
-0.15739 0.0679734 0.0
-0.157399 0.0624307 0.0
-0.157407 0.0569035 0.0
-0.15741 0.0513863 0.0
-0.157406 0.0458743 0.0
-0.157392 0.040363 0.0
-0.157366 0.0348486 0.0
-0.157325 0.0293277 0.0
-0.157269 0.0237973 0.0
-0.157197 0.0182547 0.0
-0.157106 0.0126975 0.0
-0.156997 0.00712344 0.0
-0.15687 0.00153052 0.0
-0.156724 -0.00408312 0.0
-0.15656 -0.00972039 0.0
-0.156377 -0.0153832 0.0
-0.156176 -0.0210727 0.0
-0.155958 -0.0267902 0.0
-0.155723 -0.0325365 0.0
-0.155471 -0.0383127 0.0
-0.155203 -0.0441194 0.0
-0.154921 -0.0499574 0.0
-0.154623 -0.0558273 0.0
-0.154312 -0.0617293 0.0
-0.153988 -0.067664 0.0
-0.153652 -0.0736315 0.0
-0.153305 -0.079632 0.0
-0.15295 -0.0856657 0.0
-0.152589 -0.091733 0.0
-0.152224 -0.0978342 0.0
-0.151859 -0.103971 0.0
-0.151498 -0.110143 0.0
-0.151147 -0.116356 0.0
-0.150813 -0.122611 0.0
-0.150506 -0.128915 0.0
-0.150236 -0.135277 0.0
-0.150017 -0.141708 0.0
-0.149867 -0.148223 0.0
-0.149804 -0.154845 0.0
-0.149854 -0.161601 0.0
-0.150041 -0.168525 0.0
-0.150397 -0.17566 0.0
-0.150953 -0.183058 0.0
-0.151741 -0.19078 0.0
-0.152791 -0.198893 0.0
-0.154129 -0.207468 0.0
-0.155769 -0.216577 0.0
-0.157708 -0.226284 0.0
-0.159923 -0.236633 0.0
-0.162363 -0.247641 0.0
-0.16494 -0.259278 0.0
-0.16753 -0.271457 0.0
-0.169969 -0.284012 0.0
-0.172055 -0.296694 0.0
-0.173551 -0.30915 0.0
-0.174196 -0.320924 0.0
-0.173712 -0.331452 0.0
-0.171824 -0.340065 0.0
-0.16827 -0.346005 0.0
-0.162824 -0.34844 0.0
-0.155316 -0.346498 0.0
-0.145651 -0.339313 0.0
-0.133835 -0.326082 0.0
-0.120001 -0.306163 0.0
-0.10443 -0.279184 0.0
-0.0875755 -0.245209 0.0
-0.0700826 -0.204946 0.0
-0.0527887 -0.159997 0.0
-0.0366936 -0.113111 0.0
-0.022857 -0.0682857 0.0
-0.0121763 -0.0303703 0.0
-0.00506808 -0.00390745 0.0
-0.00131534 0.00812826 0.0
-0.000106206 0.00473439 0.0
-0.00061369 0.0140872 0.0
-0.00349576 0.0549455 0.0
-0.00900862 0.0832061 0.0
-0.0159985 0.103513 0.0
-0.0237047 0.119577 0.0
-0.0316874 0.133583 0.0
-0.0397146 0.146549 0.0
-0.0476671 0.158839 0.0
-0.05548 0.170523 0.0
-0.0631118 0.181562 0.0
-0.0705304 0.191893 0.0
-0.0777077 0.20145 0.0
-0.0846184 0.210179 0.0
-0.0912393 0.218034 0.0
-0.0975497 0.224981 0.0
-0.103532 0.230995 0.0
-0.109171 0.236064 0.0
-0.114456 0.240185 0.0
-0.119379 0.243362 0.0
-0.123934 0.245613 0.0
-0.12812 0.246961 0.0
-0.131938 0.247436 0.0
-0.135392 0.247077 0.0
-0.13849 0.245926 0.0
-0.141239 0.244031 0.0
-0.143654 0.241443 0.0
-0.145746 0.238216 0.0
-0.147533 0.234407 0.0
-0.149033 0.230073 0.0
-0.150266 0.225274 0.0
-0.151252 0.220068 0.0
-0.152014 0.214512 0.0
-0.152577 0.208664 0.0
-0.152963 0.202578 0.0
-0.153199 0.196306 0.0
-0.153307 0.189896 0.0
-0.153312 0.183393 0.0
-0.153235 0.176837 0.0
-0.153099 0.170262 0.0
-0.152922 0.1637 0.0
-0.152722 0.157175 0.0
-0.152513 0.150706 0.0
-0.152308 0.144308 0.0
-0.152116 0.137992 0.0
-0.151945 0.131762 0.0
-0.151799 0.12562 0.0
-0.151681 0.119566 0.0
-0.151593 0.113595 0.0
-0.151533 0.107703 0.0
-0.151499 0.101882 0.0
-0.151489 0.0961239 0.0
-0.151498 0.0904212 0.0
-0.151524 0.0847654 0.0
-0.151561 0.0791485 0.0
-0.151605 0.073563 0.0
-0.151653 0.0680017 0.0
-0.1517 0.0624582 0.0
-0.151743 0.0569269 0.0
-0.151779 0.0514025 0.0
-0.151806 0.0458807 0.0
-0.15182 0.0403573 0.0
-0.151821 0.034829 0.0
-0.151807 0.0292927 0.0
-0.151777 0.0237457 0.0
-0.151729 0.0181857 0.0
-0.151663 0.0126104 0.0
-0.151579 0.00701802 0.0
-0.151477 0.00140663 0.0
-0.151357 -0.00422541 0.0
-0.151219 -0.00988082 0.0
-0.151063 -0.0155613 0.0
-0.15089 -0.0212682 0.0
-0.1507 -0.0270026 0.0
-0.150494 -0.0327654 0.0
-0.150272 -0.0385575 0.0
-0.150035 -0.0443797 0.0
-0.149782 -0.0502327 0.0
-0.149515 -0.0561168 0.0
-0.149233 -0.0620326 0.0
-0.148938 -0.0679801 0.0
-0.14863 -0.0739595 0.0
-0.14831 -0.0799707 0.0
-0.147978 -0.0860135 0.0
-0.147637 -0.0920879 0.0
-0.147287 -0.0981938 0.0
-0.146932 -0.104331 0.0
-0.146575 -0.110501 0.0
-0.146219 -0.116705 0.0
-0.14587 -0.122944 0.0
-0.145536 -0.129224 0.0
-0.145224 -0.135549 0.0
-0.144948 -0.14193 0.0
-0.14472 -0.148379 0.0
-0.144559 -0.154913 0.0
-0.144486 -0.161557 0.0
-0.144526 -0.168341 0.0
-0.144709 -0.175305 0.0
-0.145066 -0.1825 0.0
-0.145633 -0.189983 0.0
-0.146446 -0.197826 0.0
-0.147536 -0.206106 0.0
-0.148931 -0.214905 0.0
-0.150645 -0.224304 0.0
-0.152671 -0.234371 0.0
-0.15498 -0.245154 0.0
-0.157508 -0.25666 0.0
-0.160151 -0.268841 0.0
-0.162765 -0.281575 0.0
-0.165161 -0.29465 0.0
-0.16711 -0.307749 0.0
-0.16835 -0.320441 0.0
-0.168595 -0.332173 0.0
-0.167552 -0.342275 0.0
-0.164935 -0.349966 0.0
-0.160487 -0.354373 0.0
-0.153998 -0.354562 0.0
-0.145332 -0.349579 0.0
-0.134451 -0.338513 0.0
-0.121438 -0.32058 0.0
-0.106529 -0.295248 0.0
-0.090134 -0.262394 0.0
-0.0728616 -0.222526 0.0
-0.0555258 -0.177047 0.0
-0.0391267 -0.128556 0.0
-0.0247655 -0.0810391 0.0
-0.0134419 -0.0396211 0.0
-0.00573309 -0.00947368 0.0
-0.00154834 0.005757 0.0
-0.000140005 0.00448818 0.0
-0.000578866 0.0152797 0.0
-0.0033289 0.059385 0.0
-0.00863255 0.089583 0.0
-0.0154003 0.110894 0.0
-0.0228894 0.127392 0.0
-0.0306595 0.141521 0.0
-0.0384734 0.154452 0.0
-0.0462084 0.166624 0.0
-0.0537978 0.178141 0.0
-0.0611996 0.188978 0.0
-0.0683821 0.199078 0.0
-0.075318 0.208378 0.0
-0.0819831 0.216826 0.0
-0.0883555 0.22438 0.0
-0.094416 0.231006 0.0
-0.100148 0.236685 0.0
-0.10554 0.241406 0.0
-0.11058 0.245168 0.0
-0.115262 0.247983 0.0
-0.119582 0.249868 0.0
-0.123541 0.25085 0.0
-0.12714 0.250964 0.0
-0.130384 0.250249 0.0
-0.133282 0.24875 0.0
-0.135844 0.246519 0.0
-0.138082 0.243608 0.0
-0.140012 0.240073 0.0
-0.14165 0.235975 0.0
-0.143016 0.231371 0.0
-0.144129 0.226322 0.0
-0.145011 0.220889 0.0
-0.145686 0.215129 0.0
-0.146176 0.209101 0.0
-0.146508 0.20286 0.0
-0.146703 0.196456 0.0
-0.146787 0.189939 0.0
-0.146783 0.183351 0.0
-0.146711 0.176731 0.0
-0.146592 0.170113 0.0
-0.146444 0.163525 0.0
-0.146282 0.156988 0.0
-0.14612 0.150521 0.0
-0.145967 0.144135 0.0
-0.145833 0.137838 0.0
-0.145722 0.131633 0.0
-0.145638 0.125519 0.0
-0.145582 0.119494 0.0
-0.145555 0.113552 0.0
-0.145554 0.107686 0.0
-0.145577 0.101888 0.0
-0.145619 0.0961502 0.0
-0.145679 0.0904636 0.0
-0.14575 0.0848196 0.0
-0.145829 0.0792104 0.0
-0.145912 0.0736284 0.0
-0.145995 0.0680668 0.0
-0.146074 0.0625197 0.0
-0.146147 0.0569815 0.0
-0.14621 0.0514477 0.0
-0.146263 0.0459142 0.0
-0.146301 0.0403773 0.0
-0.146325 0.034834 0.0
-0.146334 0.0292816 0.0
-0.146325 0.0237176 0.0
-0.146299 0.0181401 0.0
-0.146256 0.012547 0.0
-0.146195 0.00693663 0.0
-0.146116 0.00130734 0.0
-0.14602 -0.0043424 0.0
-0.145907 -0.0100151 0.0
-0.145777 -0.0157126 0.0
-0.145631 -0.021436 0.0
-0.145469 -0.0271864 0.0
-0.145292 -0.0329649 0.0
-0.145099 -0.0387724 0.0
-0.144892 -0.0446096 0.0
-0.14467 -0.0504772 0.0
-0.144434 -0.0563757 0.0
-0.144184 -0.0623053 0.0
-0.14392 -0.0682664 0.0
-0.143643 -0.0742588 0.0
-0.143352 -0.0802824 0.0
-0.143049 -0.0863368 0.0
-0.142733 -0.0924215 0.0
-0.142407 -0.0985362 0.0
-0.14207 -0.10468 0.0
-0.141726 -0.110854 0.0
-0.141377 -0.117057 0.0
-0.141027 -0.123291 0.0
-0.14068 -0.129558 0.0
-0.140345 -0.135862 0.0
-0.14003 -0.142209 0.0
-0.139748 -0.14861 0.0
-0.139512 -0.155079 0.0
-0.139342 -0.161635 0.0
-0.13926 -0.168305 0.0
-0.139294 -0.175125 0.0
-0.139476 -0.182141 0.0
-0.139841 -0.18941 0.0
-0.140427 -0.197001 0.0
-0.141274 -0.204994 0.0
-0.142416 -0.21348 0.0
-0.14388 -0.222551 0.0
-0.14568 -0.232298 0.0
-0.147803 -0.242795 0.0
-0.150211 -0.254084 0.0
-0.152824 -0.26616 0.0
-0.155518 -0.278946 0.0
-0.158124 -0.292276 0.0
-0.160425 -0.305873 0.0
-0.162163 -0.319339 0.0
-0.16305 -0.332144 0.0
-0.162777 -0.34362 0.0
-0.161039 -0.352976 0.0
-0.157547 -0.359303 0.0
-0.152057 -0.361611 0.0
-0.144391 -0.358863 0.0
-0.134464 -0.350038 0.0
-0.122313 -0.334218 0.0
-0.108125 -0.310706 0.0
-0.0922647 -0.279191 0.0
-0.0753001 -0.239967 0.0
-0.0580172 -0.194225 0.0
-0.0414086 -0.144385 0.0
-0.0266059 -0.0943735 0.0
-0.0146976 -0.0495187 0.0
-0.00640766 -0.0155749 0.0
-0.00178488 0.00305071 0.0
-0.000173457 0.00417472 0.0
-0.000540579 0.0163992 0.0
-0.00314401 0.063619 0.0
-0.00821385 0.0957225 0.0
-0.0147329 0.118041 0.0
-0.0219806 0.134981 0.0
-0.0295165 0.149238 0.0
-0.0370987 0.162131 0.0
-0.0446003 0.174181 0.0
-0.0519528 0.185526 0.0
-0.0591137 0.196156 0.0
-0.0660515 0.20602 0.0
-0.0727399 0.21506 0.0
-0.0791557 0.223225 0.0
-0.0852782 0.230476 0.0
-0.0910898 0.236782 0.0
-0.0965754 0.242127 0.0
-0.101723 0.246503 0.0
-0.106525 0.249913 0.0
-0.110975 0.252371 0.0
-0.115071 0.253897 0.0
-0.118813 0.254522 0.0
-0.122205 0.254283 0.0
-0.125254 0.253222 0.0
-0.127967 0.251388 0.0
-0.130355 0.248832 0.0
-0.132434 0.245611 0.0
-0.134217 0.241783 0.0
-0.135723 0.237409 0.0
-0.13697 0.232549 0.0
-0.137981 0.227267 0.0
-0.138776 0.221621 0.0
-0.139379 0.215674 0.0
-0.139814 0.209482 0.0
-0.140105 0.203101 0.0
-0.140275 0.196581 0.0
-0.140348 0.189971 0.0
-0.140346 0.183312 0.0
-0.140289 0.176641 0.0
-0.140196 0.169991 0.0
-0.140083 0.163386 0.0
-0.139965 0.156847 0.0
-0.139852 0.150388 0.0
-0.139754 0.144018 0.0
-0.139677 0.137744 0.0
-0.139625 0.131565 0.0
-0.1396 0.125479 0.0
-0.139603 0.119481 0.0
-0.139632 0.113565 0.0
-0.139684 0.107723 0.0
-0.139757 0.101946 0.0
-0.139847 0.0962247 0.0
-0.139949 0.0905503 0.0
-0.140059 0.0849145 0.0
-0.140174 0.0793093 0.0
-0.140289 0.0737275 0.0
-0.140401 0.0681627 0.0
-0.140507 0.0626092 0.0
-0.140604 0.0570621 0.0
-0.140691 0.051517 0.0
-0.140764 0.0459704 0.0
-0.140823 0.0404189 0.0
-0.140866 0.03486 0.0
-0.140894 0.0292911 0.0
-0.140905 0.0237103 0.0
-0.140899 0.0181155 0.0
-0.140875 0.012505 0.0
-0.140835 0.00687738 0.0
-0.140778 0.00123101 0.0
-0.140705 -0.00443548 0.0
-0.140615 -0.0101245 0.0
-0.140511 -0.0158379 0.0
-0.140391 -0.0215767 0.0
-0.140256 -0.0273423 0.0
-0.140107 -0.0331355 0.0
-0.139944 -0.0389574 0.0
-0.139767 -0.0448088 0.0
-0.139576 -0.0506904 0.0
-0.139372 -0.0566028 0.0
-0.139154 -0.0625462 0.0
-0.138922 -0.0685208 0.0
-0.138677 -0.0745267 0.0
-0.138419 -0.0805636 0.0
-0.138147 -0.086631 0.0
-0.137861 -0.0927283 0.0
-0.137563 -0.0988548 0.0
-0.137251 -0.105009 0.0
-0.136929 -0.111192 0.0
-0.136596 -0.117401 0.0
-0.136255 -0.123637 0.0
-0.135911 -0.129902 0.0
-0.135568 -0.136196 0.0
-0.135232 -0.142525 0.0
-0.134914 -0.148895 0.0
-0.134626 -0.155318 0.0
-0.134383 -0.161809 0.0
-0.134205 -0.16839 0.0
-0.134118 -0.175093 0.0
-0.13415 -0.181959 0.0
-0.134337 -0.18904 0.0
-0.134717 -0.196404 0.0
-0.135333 -0.204129 0.0
-0.136226 -0.21231 0.0
-0.137433 -0.221049 0.0
-0.138982 -0.230452 0.0
-0.140881 -0.240618 0.0
-0.143112 -0.251622 0.0
-0.145622 -0.2635 0.0
-0.148311 -0.276223 0.0
-0.151033 -0.289672 0.0
-0.153587 -0.303622 0.0
-0.155725 -0.317714 0.0
-0.15716 -0.331448 0.0
-0.157576 -0.344172 0.0
-0.156649 -0.355089 0.0
-0.154064 -0.363266 0.0
-0.149542 -0.36766 0.0
-0.142864 -0.367157 0.0
-0.133902 -0.360633 0.0
-0.122643 -0.347034 0.0
-0.109224 -0.325498 0.0
-0.0939632 -0.29552 0.0
-0.0773859 -0.257179 0.0
-0.0602447 -0.211437 0.0
-0.0435183 -0.160509 0.0
-0.0283574 -0.108214 0.0
-0.0159255 -0.0600186 0.0
-0.00708371 -0.0222068 0.0
-0.00202275 -1.20204e-06 0.0
-0.000204399 0.00379686 0.0
-0.000499531 0.0174393 0.0
-0.0029441 0.0676269 0.0
-0.00775872 0.101599 0.0
-0.0140057 0.12493 0.0
-0.0209901 0.142324 0.0
-0.0282728 0.156714 0.0
-0.0356069 0.169572 0.0
-0.0428614 0.181497 0.0
-0.0499655 0.192666 0.0
-0.0568762 0.203087 0.0
-0.0635624 0.212713 0.0
-0.0699986 0.221492 0.0
-0.0761625 0.229374 0.0
-0.0820348 0.236322 0.0
-0.087599 0.242311 0.0
-0.0928413 0.247326 0.0
-0.0977514 0.251362 0.0
-0.102322 0.254426 0.0
-0.106548 0.256534 0.0
-0.110429 0.25771 0.0
-0.113966 0.257988 0.0
-0.117163 0.257407 0.0
-0.120028 0.256011 0.0
-0.122569 0.253853 0.0
-0.124799 0.250986 0.0
-0.126732 0.247468 0.0
-0.128384 0.243361 0.0
-0.129773 0.238726 0.0
-0.130918 0.233626 0.0
-0.131841 0.228124 0.0
-0.132564 0.222282 0.0
-0.13311 0.216162 0.0
-0.133503 0.209822 0.0
-0.133766 0.203315 0.0
-0.133923 0.196694 0.0
-0.133996 0.190004 0.0
-0.134006 0.183286 0.0
-0.133972 0.176576 0.0
-0.133911 0.169902 0.0
-0.133838 0.163289 0.0
-0.133766 0.156753 0.0
-0.133704 0.150307 0.0
-0.13366 0.143957 0.0
-0.133639 0.137707 0.0
-0.133643 0.131554 0.0
-0.133674 0.125495 0.0
-0.13373 0.119523 0.0
-0.133809 0.113631 0.0
-0.133909 0.10781 0.0
-0.134026 0.102049 0.0
-0.134155 0.0963406 0.0
-0.134294 0.0906749 0.0
-0.134437 0.0850436 0.0
-0.134581 0.0794391 0.0
-0.134723 0.0738546 0.0
-0.134859 0.0682839 0.0
-0.134987 0.0627218 0.0
-0.135104 0.0571639 0.0
-0.135209 0.0516062 0.0
-0.1353 0.0460455 0.0
-0.135376 0.0404789 0.0
-0.135437 0.0349041 0.0
-0.135481 0.0293188 0.0
-0.135509 0.0237213 0.0
-0.13552 0.0181098 0.0
-0.135515 0.0124827 0.0
-0.135495 0.00683867 0.0
-0.135458 0.00117624 0.0
-0.135406 -0.0045059 0.0
-0.13534 -0.0102102 0.0
-0.135259 -0.0159382 0.0
-0.135164 -0.0216914 0.0
-0.135055 -0.0274708 0.0
-0.134934 -0.0332777 0.0
-0.134799 -0.039113 0.0
-0.134652 -0.0449776 0.0
-0.134492 -0.0508723 0.0
-0.134319 -0.0567977 0.0
-0.134134 -0.0627543 0.0
-0.133936 -0.0687422 0.0
-0.133725 -0.0747615 0.0
-0.1335 -0.080812 0.0
-0.133262 -0.0868932 0.0
-0.133009 -0.0930043 0.0
-0.132742 -0.0991444 0.0
-0.132461 -0.105312 0.0
-0.132165 -0.111507 0.0
-0.131856 -0.117728 0.0
-0.131535 -0.123973 0.0
-0.131203 -0.130243 0.0
-0.130864 -0.136537 0.0
-0.130524 -0.14286 0.0
-0.130188 -0.149214 0.0
-0.129867 -0.155608 0.0
-0.129574 -0.162054 0.0
-0.129326 -0.16857 0.0
-0.129143 -0.175183 0.0
-0.129053 -0.181926 0.0
-0.129089 -0.18885 0.0
-0.129288 -0.196014 0.0
-0.129694 -0.203497 0.0
-0.130351 -0.211392 0.0
-0.131305 -0.219806 0.0
-0.132594 -0.228857 0.0
-0.134243 -0.238664 0.0
-0.136257 -0.249331 0.0
-0.138605 -0.260934 0.0
-0.141216 -0.273489 0.0
-0.143966 -0.286934 0.0
-0.146679 -0.301094 0.0
-0.14912 -0.315662 0.0
-0.15101 -0.330176 0.0
-0.152028 -0.34401 0.0
-0.151837 -0.35637 0.0
-0.150099 -0.366308 0.0
-0.146504 -0.372735 0.0
-0.140794 -0.374469 0.0
-0.132795 -0.370283 0.0
-0.122446 -0.358992 0.0
-0.109836 -0.339569 0.0
-0.0952308 -0.311314 0.0
-0.079112 -0.274081 0.0
-0.062195 -0.228593 0.0
-0.0454379 -0.176836 0.0
-0.0300005 -0.122484 0.0
-0.0171057 -0.0710748 0.0
-0.00773937 -0.0293586 0.0
-0.00225921 -0.00339043 0.0
-0.000241972 0.00335049 0.0
-0.000456379 0.0183952 0.0
-0.00273198 0.0713912 0.0
-0.00727299 0.10719 0.0
-0.0132271 0.13154 0.0
-0.0199289 0.149401 0.0
-0.0269416 0.163933 0.0
-0.0340133 0.176759 0.0
-0.0410088 0.18856 0.0
-0.047855 0.199554 0.0
-0.0545079 0.209764 0.0
-0.060937 0.219152 0.0
-0.0671173 0.227669 0.0
-0.0730278 0.23527 0.0
-0.0786502 0.24192 0.0
-0.0839691 0.247596 0.0
-0.088972 0.252286 0.0
-0.0936496 0.255989 0.0
-0.0979955 0.258715 0.0
-0.102006 0.260482 0.0
-0.105681 0.261318 0.0
-0.109023 0.261259 0.0
-0.112037 0.260347 0.0
-0.11473 0.258629 0.0
-0.117113 0.256159 0.0
-0.119198 0.252994 0.0
-0.120999 0.249194 0.0
-0.122533 0.244821 0.0
-0.123819 0.239939 0.0
-0.124876 0.234614 0.0
-0.125725 0.228908 0.0
-0.126389 0.222885 0.0
-0.126891 0.216608 0.0
-0.127254 0.210132 0.0
-0.127501 0.203515 0.0
-0.127654 0.196805 0.0
-0.127735 0.190047 0.0
-0.127764 0.183281 0.0
-0.127758 0.176541 0.0
-0.127734 0.169852 0.0
-0.127704 0.163237 0.0
-0.127679 0.156709 0.0
-0.127668 0.150279 0.0
-0.127677 0.14395 0.0
-0.127708 0.137724 0.0
-0.127765 0.131597 0.0
-0.127845 0.125563 0.0
-0.127949 0.119615 0.0
-0.128073 0.113743 0.0
-0.128214 0.107939 0.0
-0.128369 0.102191 0.0
-0.128533 0.0964919 0.0
-0.128702 0.0908312 0.0
-0.128872 0.0852012 0.0
-0.129041 0.0795944 0.0
-0.129204 0.0740045 0.0
-0.12936 0.0684257 0.0
-0.129505 0.0628533 0.0
-0.129639 0.0572832 0.0
-0.129759 0.0517119 0.0
-0.129865 0.0461365 0.0
-0.129955 0.0405546 0.0
-0.13003 0.0349638 0.0
-0.130089 0.0293625 0.0
-0.130133 0.0237488 0.0
-0.13016 0.0181214 0.0
-0.130173 0.0124786 0.0
-0.13017 0.0068192 0.0
-0.130153 0.00114183 0.0
-0.130121 -0.00455477 0.0
-0.130076 -0.010273 0.0
-0.130018 -0.0160145 0.0
-0.129947 -0.0217807 0.0
-0.129864 -0.0275728 0.0
-0.12977 -0.0333921 0.0
-0.129663 -0.0392396 0.0
-0.129545 -0.0451163 0.0
-0.129415 -0.051023 0.0
-0.129274 -0.0569606 0.0
-0.129121 -0.0629294 0.0
-0.128957 -0.06893 0.0
-0.128779 -0.0749622 0.0
-0.128589 -0.0810261 0.0
-0.128386 -0.0871211 0.0
-0.128168 -0.0932466 0.0
-0.127935 -0.0994015 0.0
-0.127687 -0.105585 0.0
-0.127424 -0.111794 0.0
-0.127144 -0.118029 0.0
-0.126848 -0.124288 0.0
-0.126538 -0.130569 0.0
-0.126215 -0.136873 0.0
-0.125881 -0.143198 0.0
-0.125543 -0.149549 0.0
-0.125208 -0.15593 0.0
-0.124885 -0.162349 0.0
-0.124588 -0.168821 0.0
-0.124335 -0.175367 0.0
-0.124151 -0.182016 0.0
-0.124064 -0.188811 0.0
-0.12411 -0.195808 0.0
-0.124331 -0.203078 0.0
-0.124773 -0.210712 0.0
-0.125487 -0.218819 0.0
-0.126519 -0.227524 0.0
-0.127909 -0.236959 0.0
-0.129678 -0.247254 0.0
-0.13182 -0.25852 0.0
-0.13429 -0.270821 0.0
-0.136993 -0.284148 0.0
-0.139777 -0.298384 0.0
-0.142429 -0.313279 0.0
-0.144679 -0.32842 0.0
-0.14621 -0.343216 0.0
-0.146675 -0.35689 0.0
-0.145719 -0.368482 0.0
-0.143002 -0.376873 0.0
-0.138228 -0.380814 0.0
-0.13118 -0.378984 0.0
-0.121751 -0.370068 0.0
-0.109977 -0.352878 0.0
-0.0960745 -0.326513 0.0
-0.0804767 -0.290599 0.0
-0.0638593 -0.245609 0.0
-0.0471541 -0.193282 0.0
-0.0315215 -0.137108 0.0
-0.0182313 -0.0826358 0.0
-0.00838293 -0.0370124 0.0
-0.0024963 -0.00710349 0.0
-0.000279255 0.00282927 0.0
-0.000411727 0.0192633 0.0
-0.00251032 0.0748973 0.0
-0.00676214 0.112477 0.0
-0.0124053 0.13785 0.0
-0.0188073 0.156194 0.0
-0.0255352 0.17088 0.0
-0.0323323 0.18368 0.0
-0.0390587 0.195361 0.0
-0.0456387 0.206179 0.0
-0.0520278 0.21618 0.0
-0.0581953 0.225332 0.0
-0.0641173 0.233591 0.0
-0.0697737 0.240915 0.0
-0.0751471 0.247271 0.0
-0.0802234 0.25264 0.0
-0.0849911 0.257013 0.0
-0.0894417 0.260391 0.0
-0.09357 0.262787 0.0
-0.0973732 0.264224 0.0
-0.100852 0.26473 0.0
-0.104009 0.264346 0.0
-0.10685 0.263115 0.0
-0.109383 0.261088 0.0
-0.111619 0.25832 0.0
-0.113571 0.25487 0.0
-0.115253 0.250801 0.0
-0.116682 0.246177 0.0
-0.117877 0.241064 0.0
-0.118858 0.235527 0.0
-0.119646 0.229632 0.0
-0.120263 0.223443 0.0
-0.120731 0.217021 0.0
-0.121074 0.210425 0.0
-0.121314 0.203709 0.0
-0.121472 0.196922 0.0
-0.121568 0.190107 0.0
-0.121621 0.183303 0.0
-0.121648 0.17654 0.0
-0.121662 0.169843 0.0
-0.121675 0.16323 0.0
-0.121698 0.156714 0.0
-0.121736 0.150301 0.0
-0.121794 0.143994 0.0
-0.121874 0.137792 0.0
-0.121978 0.131689 0.0
-0.122104 0.125678 0.0
-0.12225 0.11975 0.0
-0.122413 0.113895 0.0
-0.122589 0.108104 0.0
-0.122776 0.102366 0.0
-0.122968 0.0966725 0.0
-0.123162 0.0910137 0.0
-0.123354 0.0853819 0.0
-0.123543 0.0797703 0.0
-0.123723 0.0741728 0.0
-0.123895 0.0685842 0.0
-0.124055 0.0630001 0.0
-0.124201 0.0574169 0.0
-0.124334 0.0518314 0.0
-0.124453 0.0462411 0.0
-0.124556 0.0406438 0.0
-0.124644 0.0350375 0.0
-0.124716 0.0294206 0.0
-0.124774 0.0237916 0.0
-0.124817 0.018149 0.0
-0.124845 0.0124916 0.0
-0.124859 0.00681791 0.0
-0.12486 0.00112679 0.0
-0.124848 -0.00458303 0.0
-0.124824 -0.0103139 0.0
-0.124788 -0.0160677 0.0
-0.124741 -0.0218456 0.0
-0.124682 -0.0276492 0.0
-0.124613 -0.0334796 0.0
-0.124534 -0.039338 0.0
-0.124444 -0.0452256 0.0
-0.124344 -0.0511432 0.0
-0.124234 -0.0570918 0.0
-0.124113 -0.0630719 0.0
-0.123981 -0.0690841 0.0
-0.123838 -0.0751286 0.0
-0.123683 -0.0812052 0.0
-0.123515 -0.0873138 0.0
-0.123333 -0.0934536 0.0
-0.123136 -0.0996236 0.0
-0.122924 -0.105823 0.0
-0.122695 -0.112049 0.0
-0.122449 -0.118301 0.0
-0.122184 -0.124576 0.0
-0.121902 -0.130874 0.0
-0.121602 -0.137191 0.0
-0.121287 -0.143528 0.0
-0.120959 -0.149885 0.0
-0.120623 -0.156265 0.0
-0.120287 -0.162673 0.0
-0.119962 -0.169119 0.0
-0.119663 -0.17562 0.0
-0.119409 -0.182201 0.0
-0.119227 -0.188896 0.0
-0.119148 -0.195755 0.0
-0.119213 -0.202844 0.0
-0.119467 -0.210249 0.0
-0.119962 -0.218074 0.0
-0.12075 -0.226448 0.0
-0.12188 -0.235514 0.0
-0.123391 -0.245419 0.0
-0.125298 -0.256307 0.0
-0.12758 -0.268282 0.0
-0.130173 -0.281391 0.0
-0.13295 -0.295579 0.0
-0.135724 -0.310658 0.0
-0.138243 -0.326273 0.0
-0.140197 -0.341878 0.0
-0.141236 -0.356723 0.0
-0.140989 -0.369852 0.0
-0.139092 -0.380119 0.0
-0.135215 -0.386219 0.0
-0.129099 -0.386743 0.0
-0.120588 -0.38025 0.0
-0.109668 -0.36539 0.0
-0.096506 -0.341065 0.0
-0.0814835 -0.306667 0.0
-0.0652335 -0.262408 0.0
-0.0486574 -0.209764 0.0
-0.0329086 -0.152008 0.0
-0.0192927 -0.0946423 0.0
-0.00900896 -0.0451379 0.0
-0.00273302 -0.0111405 0.0
-0.000316913 0.0022331 0.0
-0.000366127 0.0200412 0.0
-0.00228154 0.0781334 0.0
-0.00623125 0.117443 0.0
-0.0115478 0.143845 0.0
-0.0176349 0.162689 0.0
-0.024065 0.177543 0.0
-0.0305768 0.190326 0.0
-0.0370256 0.20189 0.0
-0.0433328 0.212537 0.0
-0.0494531 0.222331 0.0
-0.0553559 0.231251 0.0
-0.0610181 0.239257 0.0
-0.0664202 0.246308 0.0
-0.0715463 0.252378 0.0
-0.0763829 0.257447 0.0
-0.0809197 0.26151 0.0
-0.0851491 0.264573 0.0
-0.0890664 0.26665 0.0
-0.0926699 0.267767 0.0
-0.0959606 0.267956 0.0
-0.0989421 0.267259 0.0
-0.10162 0.265722 0.0
-0.104004 0.263398 0.0
-0.106105 0.260346 0.0
-0.107935 0.256626 0.0
-0.109509 0.252302 0.0
-0.110845 0.247441 0.0
-0.111961 0.242111 0.0
-0.112877 0.236377 0.0
-0.113614 0.230307 0.0
-0.114194 0.223965 0.0
-0.114638 0.217412 0.0
-0.11497 0.210708 0.0
-0.115209 0.203905 0.0
-0.115378 0.197052 0.0
-0.115494 0.19019 0.0
-0.115575 0.183355 0.0
-0.115635 0.176576 0.0
-0.115689 0.169875 0.0
-0.115746 0.163268 0.0
-0.115814 0.156765 0.0
-0.115898 0.150371 0.0
-0.116002 0.144086 0.0
-0.116127 0.137906 0.0
-0.116273 0.131825 0.0
-0.116439 0.125833 0.0
-0.116621 0.119923 0.0
-0.116818 0.114082 0.0
-0.117024 0.108301 0.0
-0.117237 0.102569 0.0
-0.117452 0.0968774 0.0
-0.117666 0.0912174 0.0
-0.117877 0.0855814 0.0
-0.118081 0.0799628 0.0
-0.118275 0.074356 0.0
-0.118459 0.0687562 0.0
-0.118631 0.0631594 0.0
-0.118789 0.0575625 0.0
-0.118932 0.0519625 0.0
-0.119062 0.0463574 0.0
-0.119176 0.040745 0.0
-0.119275 0.0351237 0.0
-0.11936 0.0294919 0.0
-0.119431 0.0238484 0.0
-0.119488 0.0181917 0.0
-0.119531 0.0125207 0.0
-0.119562 0.00683394 0.0
-0.119581 0.00113029 0.0
-0.119587 -0.00459152 0.0
-0.119583 -0.0103338 0.0
-0.119569 -0.0160985 0.0
-0.119544 -0.021887 0.0
-0.119509 -0.0277007 0.0
-0.119465 -0.033541 0.0
-0.119412 -0.0394091 0.0
-0.11935 -0.0453063 0.0
-0.119279 -0.0512336 0.0
-0.119199 -0.057192 0.0
-0.119109 -0.0631822 0.0
-0.11901 -0.069205 0.0
-0.1189 -0.0752606 0.0
-0.118779 -0.0813493 0.0
-0.118647 -0.0874707 0.0
-0.118501 -0.0936243 0.0
-0.118341 -0.0998094 0.0
-0.118166 -0.106025 0.0
-0.117974 -0.112268 0.0
-0.117763 -0.118538 0.0
-0.117534 -0.124833 0.0
-0.117285 -0.131149 0.0
-0.117015 -0.137485 0.0
-0.116725 -0.143839 0.0
-0.116417 -0.150211 0.0
-0.116093 -0.156599 0.0
-0.11576 -0.163008 0.0
-0.115424 -0.169445 0.0
-0.115098 -0.17592 0.0
-0.114798 -0.182454 0.0
-0.114546 -0.189076 0.0
-0.114371 -0.195828 0.0
-0.114309 -0.202769 0.0
-0.114403 -0.209976 0.0
-0.114704 -0.217551 0.0
-0.115268 -0.22562 0.0
-0.116151 -0.234329 0.0
-0.117403 -0.243841 0.0
-0.119058 -0.254324 0.0
-0.121119 -0.265921 0.0
-0.123549 -0.27873 0.0
-0.126253 -0.292759 0.0
-0.12907 -0.307886 0.0
-0.131771 -0.323825 0.0
-0.13406 -0.340083 0.0
-0.135588 -0.35595 0.0
-0.135975 -0.370484 0.0
-0.134835 -0.382524 0.0
-0.131808 -0.390718 0.0
-0.126594 -0.393574 0.0
-0.118991 -0.389532 0.0
-0.108936 -0.377083 0.0
-0.0965419 -0.354929 0.0
-0.0821401 -0.322228 0.0
-0.0663178 -0.27892 0.0
-0.0499419 -0.226204 0.0
-0.0341524 -0.167106 0.0
-0.0202797 -0.107032 0.0
-0.00961003 -0.0537013 0.0
-0.00296693 -0.0154961 0.0
-0.000355225 0.00156096 0.0
-0.000320075 0.0207274 0.0
-0.00204789 0.0810904 0.0
-0.00568505 0.122072 0.0
-0.0106614 0.149508 0.0
-0.0164205 0.168872 0.0
-0.0225415 0.183911 0.0
-0.0287589 0.196687 0.0
-0.034923 0.208141 0.0
-0.0409521 0.218622 0.0
-0.0467997 0.228214 0.0
-0.0524356 0.236907 0.0
-0.0578371 0.244665 0.0
-0.0629858 0.251451 0.0
-0.0678664 0.257241 0.0
-0.0724667 0.26202 0.0
-0.076777 0.265784 0.0
-0.0807906 0.268542 0.0
-0.0845036 0.270312 0.0
-0.0879149 0.271121 0.0
-0.0910259 0.271004 0.0
-0.0938407 0.270007 0.0
-0.0963659 0.268177 0.0
-0.0986103 0.265571 0.0
-0.100585 0.262248 0.0
-0.102304 0.258272 0.0
-0.103781 0.253708 0.0
-0.105034 0.248625 0.0
-0.106081 0.243091 0.0
-0.106942 0.237174 0.0
-0.107637 0.230942 0.0
-0.108188 0.22446 0.0
-0.108617 0.21779 0.0
-0.108943 0.210989 0.0
-0.109189 0.204109 0.0
-0.109372 0.197199 0.0
-0.109511 0.190297 0.0
-0.109622 0.183438 0.0
-0.109718 0.176649 0.0
-0.109811 0.169948 0.0
-0.109909 0.16335 0.0
-0.110019 0.156862 0.0
-0.110146 0.150486 0.0
-0.110292 0.144221 0.0
-0.110457 0.138061 0.0
-0.110641 0.131999 0.0
-0.110841 0.126025 0.0
-0.111055 0.120128 0.0
-0.111279 0.114297 0.0
-0.11151 0.108523 0.0
-0.111744 0.102794 0.0
-0.111978 0.0971018 0.0
-0.112209 0.0914381 0.0
-0.112433 0.0857957 0.0
-0.11265 0.0801684 0.0
-0.112855 0.0745509 0.0
-0.113049 0.068939 0.0
-0.11323 0.063329 0.0
-0.113397 0.0577181 0.0
-0.11355 0.0521037 0.0
-0.113689 0.0464839 0.0
-0.113813 0.040857 0.0
-0.113924 0.0352213 0.0
-0.11402 0.0295756 0.0
-0.114103 0.0239185 0.0
-0.114174 0.0182488 0.0
-0.114232 0.0125653 0.0
-0.114278 0.00686661 0.0
-0.114314 0.00115164 0.0
-0.114339 -0.00458092 0.0
-0.114354 -0.0103334 0.0
-0.11436 -0.0161078 0.0
-0.114357 -0.0219055 0.0
-0.114345 -0.0277282 0.0
-0.114326 -0.0335771 0.0
-0.114298 -0.0394536 0.0
-0.114263 -0.0453592 0.0
-0.11422 -0.0512949 0.0
-0.114169 -0.0572619 0.0
-0.11411 -0.0632611 0.0
-0.114042 -0.0692932 0.0
-0.113965 -0.075359 0.0
-0.113878 -0.0814585 0.0
-0.113781 -0.0875918 0.0
-0.113671 -0.0937585 0.0
-0.113548 -0.099958 0.0
-0.11341 -0.106189 0.0
-0.113256 -0.11245 0.0
-0.113084 -0.118739 0.0
-0.112892 -0.125053 0.0
-0.11268 -0.131391 0.0
-0.112444 -0.137749 0.0
-0.112186 -0.144124 0.0
-0.111906 -0.150515 0.0
-0.111604 -0.15692 0.0
-0.111284 -0.163341 0.0
-0.110952 -0.16978 0.0
-0.110617 -0.176246 0.0
-0.110292 -0.182754 0.0
-0.109994 -0.189326 0.0
-0.109748 -0.195999 0.0
-0.109587 -0.202822 0.0
-0.109551 -0.209865 0.0
-0.109687 -0.217224 0.0
-0.110053 -0.225017 0.0
-0.110707 -0.233393 0.0
-0.111709 -0.242523 0.0
-0.113107 -0.25259 0.0
-0.114927 -0.263774 0.0
-0.117156 -0.276218 0.0
-0.119732 -0.289992 0.0
-0.122523 -0.305045 0.0
-0.125326 -0.321162 0.0
-0.127864 -0.337919 0.0
-0.129797 -0.354654 0.0
-0.130739 -0.370451 0.0
-0.130289 -0.384147 0.0
-0.128059 -0.394353 0.0
-0.123711 -0.399501 0.0
-0.116999 -0.397919 0.0
-0.107809 -0.387941 0.0
-0.0962023 -0.368073 0.0
-0.0824582 -0.33723 0.0
-0.0671161 -0.295082 0.0
-0.051005 -0.242529 0.0
-0.0352454 -0.18233 0.0
-0.0211836 -0.119743 0.0
-0.0101792 -0.0626646 0.0
-0.0031952 -0.02016 0.0
-0.000393926 0.00081181 0.0
-0.000274017 0.0213215 0.0
-0.00181142 0.0837616 0.0
-0.00512787 0.126355 0.0
-0.00975277 0.154827 0.0
-0.0151723 0.174732 0.0
-0.0209743 0.189974 0.0
-0.0268896 0.202757 0.0
-0.032763 0.214109 0.0
-0.0385098 0.22443 0.0
-0.0440821 0.233826 0.0
-0.0494496 0.242298 0.0
-0.0545902 0.249815 0.0
-0.0594865 0.256345 0.0
-0.0641241 0.261865 0.0
-0.0684915 0.266363 0.0
-0.0725799 0.269839 0.0
-0.0763832 0.272304 0.0
-0.0798983 0.273778 0.0
-0.0831244 0.274292 0.0
-0.0860635 0.273883 0.0
-0.0887201 0.272599 0.0
-0.0911008 0.270491 0.0
-0.0932149 0.267616 0.0
-0.0950736 0.264036 0.0
-0.0966901 0.259818 0.0
-0.0980795 0.255028 0.0
-0.0992586 0.249736 0.0
-0.100246 0.244013 0.0
-0.10106 0.237927 0.0
-0.101722 0.231546 0.0
-0.102251 0.224937 0.0
-0.10267 0.21816 0.0
-0.102997 0.211272 0.0
-0.103252 0.204326 0.0
-0.103453 0.197367 0.0
-0.103618 0.190433 0.0
-0.103759 0.183555 0.0
-0.10389 0.176759 0.0
-0.10402 0.170061 0.0
-0.104158 0.163473 0.0
-0.104308 0.156999 0.0
-0.104474 0.150641 0.0
-0.104657 0.144395 0.0
-0.104857 0.138253 0.0
-0.105073 0.132207 0.0
-0.105302 0.126246 0.0
-0.105542 0.12036 0.0
-0.105789 0.114536 0.0
-0.10604 0.108765 0.0
-0.106292 0.103037 0.0
-0.106541 0.0973417 0.0
-0.106784 0.0916723 0.0
-0.10702 0.0860218 0.0
-0.107245 0.0803843 0.0
-0.10746 0.0747553 0.0
-0.107662 0.0691306 0.0
-0.107851 0.0635071 0.0
-0.108026 0.0578822 0.0
-0.108187 0.0522537 0.0
-0.108334 0.0466199 0.0
-0.108468 0.040979 0.0
-0.108588 0.0353299 0.0
-0.108696 0.0296711 0.0
-0.108791 0.0240014 0.0
-0.108874 0.0183197 0.0
-0.108947 0.0126248 0.0
-0.109008 0.00691541 0.0
-0.10906 0.00119028 0.0
-0.109103 -0.00455183 0.0
-0.109137 -0.0103133 0.0
-0.109163 -0.0160962 0.0
-0.109181 -0.021902 0.0
-0.109192 -0.0277323 0.0
-0.109196 -0.0335887 0.0
-0.109193 -0.0394725 0.0
-0.109183 -0.0453851 0.0
-0.109167 -0.051328 0.0
-0.109145 -0.0573024 0.0
-0.109115 -0.0633093 0.0
-0.109078 -0.0693496 0.0
-0.109034 -0.0754242 0.0
-0.10898 -0.0815334 0.0
-0.108917 -0.0876775 0.0
-0.108843 -0.0938563 0.0
-0.108757 -0.100069 0.0
-0.108657 -0.106315 0.0
-0.108542 -0.112593 0.0
-0.108409 -0.118901 0.0
-0.108256 -0.125236 0.0
-0.108082 -0.131595 0.0
-0.107885 -0.137977 0.0
-0.107663 -0.144376 0.0
-0.107416 -0.150791 0.0
-0.107144 -0.157218 0.0
-0.106848 -0.163658 0.0
-0.106532 -0.17011 0.0
-0.106202 -0.176581 0.0
-0.105868 -0.183079 0.0
-0.105545 -0.189623 0.0
-0.105253 -0.19624 0.0
-0.105019 -0.202975 0.0
-0.104881 -0.209888 0.0
-0.104882 -0.217064 0.0
-0.105077 -0.224617 0.0
-0.105527 -0.232689 0.0
-0.106296 -0.241455 0.0
-0.107444 -0.251112 0.0
-0.109014 -0.261863 0.0
-0.111018 -0.273895 0.0
-0.113422 -0.287335 0.0
-0.116128 -0.302205 0.0
-0.118961 -0.318366 0.0
-0.121669 -0.33547 0.0
-0.123925 -0.352915 0.0
-0.125345 -0.369827 0.0
-0.125515 -0.385051 0.0
-0.124023 -0.397171 0.0
-0.120498 -0.404555 0.0
-0.114651 -0.405423 0.0
-0.106319 -0.397958 0.0
-0.0955108 -0.38047 0.0
-0.0824532 -0.351634 0.0
-0.0676361 -0.310837 0.0
-0.0518474 -0.258674 0.0
-0.0361835 -0.197609 0.0
-0.0219975 -0.132712 0.0
-0.0107106 -0.0719869 0.0
-0.00341509 -0.0251172 0.0
-0.000432582 -1.46978e-05 0.0
-0.000228349 0.0218238 0.0
-0.00157401 0.0861423 0.0
-0.00456373 0.13028 0.0
-0.00882767 0.15979 0.0
-0.0138977 0.180258 0.0
-0.0193723 0.195725 0.0
-0.0249788 0.208528 0.0
-0.0305568 0.21979 0.0
-0.0360179 0.229958 0.0
-0.0413129 0.239166 0.0
-0.0464113 0.247425 0.0
-0.0512917 0.25471 0.0
-0.0559372 0.260993 0.0
-0.0603344 0.266253 0.0
-0.0644724 0.270481 0.0
-0.0683434 0.273681 0.0
-0.0719419 0.275864 0.0
-0.0752651 0.277056 0.0
-0.0783128 0.277288 0.0
-0.0810873 0.276601 0.0
-0.0835933 0.275044 0.0
-0.0858378 0.272671 0.0
-0.0878299 0.269542 0.0
-0.0895808 0.26572 0.0
-0.0911038 0.261274 0.0
-0.0924138 0.256272 0.0
-0.0935273 0.250785 0.0
-0.094462 0.244886 0.0
-0.0952369 0.238643 0.0
-0.0958714 0.232126 0.0
-0.0963854 0.2254 0.0
-0.0967986 0.218527 0.0
-0.0971301 0.211563 0.0
-0.0973983 0.204559 0.0
-0.0976198 0.197558 0.0
-0.0978099 0.190596 0.0
-0.0979818 0.183705 0.0
-0.0981463 0.176905 0.0
-0.0983121 0.170211 0.0
-0.0984858 0.163633 0.0
-0.0986717 0.157174 0.0
-0.0988722 0.150833 0.0
-0.099088 0.144603 0.0
-0.0993185 0.138476 0.0
-0.0995619 0.132443 0.0
-0.0998158 0.126493 0.0
-0.100077 0.120614 0.0
-0.100343 0.114795 0.0
-0.10061 0.109025 0.0
-0.100875 0.103294 0.0
-0.101135 0.0975937 0.0
-0.101388 0.0919168 0.0
-0.101632 0.0862569 0.0
-0.101865 0.0806084 0.0
-0.102087 0.0749671 0.0
-0.102295 0.0693294 0.0
-0.102491 0.0636925 0.0
-0.102673 0.0580539 0.0
-0.102841 0.0524117 0.0
-0.102997 0.0467644 0.0
-0.103139 0.0411105 0.0
-0.103269 0.0354487 0.0
-0.103387 0.0297778 0.0
-0.103494 0.0240967 0.0
-0.10359 0.0184041 0.0
-0.103676 0.0126989 0.0
-0.103753 0.0069799 0.0
-0.103821 0.00124577 0.0
-0.103881 -0.00450476 0.0
-0.103933 -0.0102741 0.0
-0.103978 -0.0160643 0.0
-0.104017 -0.021877 0.0
-0.10405 -0.0277139 0.0
-0.104076 -0.0335765 0.0
-0.104098 -0.0394663 0.0
-0.104113 -0.045385 0.0
-0.104124 -0.0513339 0.0
-0.104129 -0.0573143 0.0
-0.104128 -0.0633276 0.0
-0.104121 -0.0693749 0.0
-0.104107 -0.075457 0.0
-0.104087 -0.0815747 0.0
-0.104057 -0.0877284 0.0
-0.104019 -0.093918 0.0
-0.103969 -0.100143 0.0
-0.103907 -0.106404 0.0
-0.10383 -0.112697 0.0
-0.103736 -0.119023 0.0
-0.103624 -0.125378 0.0
-0.10349 -0.13176 0.0
-0.103333 -0.138166 0.0
-0.103151 -0.144591 0.0
-0.102942 -0.151032 0.0
-0.102705 -0.157486 0.0
-0.10244 -0.163951 0.0
-0.102149 -0.170424 0.0
-0.101836 -0.176909 0.0
-0.101509 -0.183412 0.0
-0.101178 -0.189944 0.0
-0.10086 -0.196529 0.0
-0.100578 -0.203201 0.0
-0.100365 -0.210014 0.0
-0.100259 -0.217042 0.0
-0.100314 -0.224389 0.0
-0.100587 -0.232193 0.0
-0.101146 -0.240624 0.0
-0.102058 -0.249884 0.0
-0.10338 -0.260199 0.0
-0.105145 -0.271789 0.0
-0.107348 -0.284834 0.0
-0.109921 -0.299427 0.0
-0.112723 -0.315509 0.0
-0.115528 -0.332814 0.0
-0.118029 -0.350815 0.0
-0.119848 -0.368688 0.0
-0.120566 -0.385302 0.0
-0.119751 -0.399227 0.0
-0.117002 -0.408774 0.0
-0.111988 -0.412065 0.0
-0.1045 -0.407137 0.0
-0.0944935 -0.392106 0.0
-0.0821433 -0.365406 0.0
-0.0678883 -0.326137 0.0
-0.0524729 -0.274578 0.0
-0.0369648 -0.212877 0.0
-0.0227166 -0.145878 0.0
-0.0111993 -0.0816252 0.0
-0.0036232 -0.0303505 0.0
-0.000469914 -0.000917194 0.0
-0.00018343 0.0222356 0.0
-0.00133736 0.0882301 0.0
-0.00399635 0.133841 0.0
-0.00789165 0.164388 0.0
-0.0126037 0.185441 0.0
-0.0177434 0.201156 0.0
-0.0230356 0.213996 0.0
-0.0283143 0.225178 0.0
-0.0334873 0.235203 0.0
-0.0385039 0.244232 0.0
-0.0433332 0.252287 0.0
-0.0479541 0.259349 0.0
-0.0523508 0.265395 0.0
-0.0565103 0.270407 0.0
-0.0604228 0.274378 0.0
-0.0640808 0.277313 0.0
-0.0674796 0.279229 0.0
-0.0706167 0.280151 0.0
-0.0734924 0.280115 0.0
-0.0761092 0.279164 0.0
-0.0784718 0.277349 0.0
-0.0805874 0.274726 0.0
-0.0824651 0.271357 0.0
-0.0841159 0.267307 0.0
-0.085553 0.262647 0.0
-0.0867909 0.257447 0.0
-0.0878458 0.251779 0.0
-0.0887348 0.245716 0.0
-0.0894764 0.239329 0.0
-0.0900891 0.232687 0.0
-0.0905921 0.225856 0.0
-0.091004 0.218897 0.0
-0.0913428 0.211864 0.0
-0.0916257 0.204809 0.0
-0.0918682 0.197772 0.0
-0.0920841 0.190788 0.0
-0.0922852 0.183886 0.0
-0.0924813 0.177084 0.0
-0.09268 0.170396 0.0
-0.0928865 0.163829 0.0
-0.0931043 0.157383 0.0
-0.0933352 0.151055 0.0
-0.0935792 0.144839 0.0
-0.0938353 0.138726 0.0
-0.0941016 0.132704 0.0
-0.0943755 0.126761 0.0
-0.0946542 0.120886 0.0
-0.0949345 0.115069 0.0
-0.0952136 0.109297 0.0
-0.0954888 0.103562 0.0
-0.0957576 0.0978548 0.0
-0.096018 0.0921692 0.0
-0.0962683 0.0864988 0.0
-0.0965073 0.0808388 0.0
-0.0967342 0.075185 0.0
-0.0969483 0.0695343 0.0
-0.0971494 0.0638841 0.0
-0.0973375 0.0582323 0.0
-0.0975128 0.0525771 0.0
-0.0976756 0.0469171 0.0
-0.0978264 0.041251 0.0
-0.0979658 0.0355775 0.0
-0.0980943 0.0298956 0.0
-0.0982126 0.024204 0.0
-0.0983213 0.0185016 0.0
-0.098421 0.0127873 0.0
-0.0985125 0.00705974 0.0
-0.0985962 0.00131771 0.0
-0.0986729 -0.00444013 0.0
-0.0987431 -0.0102162 0.0
-0.0988074 -0.0160127 0.0
-0.0988661 -0.0218312 0.0
-0.0989198 -0.0276735 0.0
-0.0989687 -0.0335412 0.0
-0.0990132 -0.039436 0.0
-0.0990533 -0.0453594 0.0
-0.0990893 -0.0513131 0.0
-0.0991209 -0.0572985 0.0
-0.0991481 -0.063317 0.0
-0.0991705 -0.0693699 0.0
-0.0991876 -0.0754584 0.0
-0.0991985 -0.0815832 0.0
-0.0992025 -0.0877451 0.0
-0.0991982 -0.0939443 0.0
-0.0991842 -0.100181 0.0
-0.0991589 -0.106454 0.0
-0.0991203 -0.112763 0.0
-0.0990662 -0.119106 0.0
-0.0989943 -0.12548 0.0
-0.0989021 -0.131884 0.0
-0.098787 -0.138314 0.0
-0.0986465 -0.144765 0.0
-0.0984783 -0.151235 0.0
-0.0982808 -0.157718 0.0
-0.0980529 -0.164212 0.0
-0.097795 -0.170712 0.0
-0.0975092 -0.17722 0.0
-0.0972003 -0.183737 0.0
-0.0968764 -0.190273 0.0
-0.0965506 -0.196843 0.0
-0.0962421 -0.203477 0.0
-0.0959776 -0.210216 0.0
-0.0957933 -0.217129 0.0
-0.0957354 -0.224306 0.0
-0.095861 -0.231877 0.0
-0.0962364 -0.240005 0.0
-0.0969326 -0.248895 0.0
-0.0980174 -0.258782 0.0
-0.0995422 -0.269915 0.0
-0.101525 -0.282522 0.0
-0.10393 -0.296761 0.0
-0.106648 -0.312654 0.0
-0.109486 -0.330026 0.0
-0.112158 -0.34843 0.0
-0.114303 -0.367109 0.0
-0.115497 -0.384968 0.0
-0.115296 -0.400576 0.0
-0.11327 -0.4122 0.0
-0.109052 -0.417871 0.0
-0.102386 -0.415486 0.0
-0.0931783 -0.402972 0.0
-0.0815492 -0.37852 0.0
-0.0678862 -0.340942 0.0
-0.0528881 -0.290187 0.0
-0.0375903 -0.228074 0.0
-0.0233383 -0.159182 0.0
-0.0116421 -0.0915353 0.0
-0.00381876 -0.0358399 0.0
-0.000506378 -0.00189349 0.0
-0.000139599 0.0225586 0.0
-0.00110311 0.0900245 0.0
-0.00342923 0.137032 0.0
-0.00694981 0.168614 0.0
-0.0112965 0.190275 0.0
-0.016095 0.20626 0.0
-0.0210681 0.219156 0.0
-0.0260444 0.230273 0.0
-0.0309278 0.240165 0.0
-0.0356653 0.249024 0.0
-0.0402259 0.256885 0.0
-0.0445888 0.263736 0.0
-0.0487387 0.269556 0.0
-0.0526636 0.274331 0.0
-0.0563542 0.278057 0.0
-0.0598036 0.280742 0.0
-0.0630077 0.282404 0.0
-0.0659643 0.283071 0.0
-0.0686739 0.282781 0.0
-0.0711391 0.281581 0.0
-0.073365 0.279521 0.0
-0.0753585 0.276662 0.0
-0.0771286 0.273068 0.0
-0.0786862 0.268805 0.0
-0.080044 0.263944 0.0
-0.0812163 0.258559 0.0
-0.0822186 0.252723 0.0
-0.0830676 0.24651 0.0
-0.0837808 0.23999 0.0
-0.0843762 0.233234 0.0
-0.0848717 0.226308 0.0
-0.085285 0.21927 0.0
-0.0856331 0.212178 0.0
-0.0859316 0.205077 0.0
-0.086195 0.198009 0.0
-0.0864358 0.191007 0.0
-0.0866646 0.184097 0.0
-0.0868898 0.177295 0.0
-0.0871181 0.170613 0.0
-0.0873538 0.164055 0.0
-0.0875996 0.157621 0.0
-0.0878565 0.151305 0.0
-0.0881243 0.145101 0.0
-0.0884017 0.138998 0.0
-0.0886866 0.132983 0.0
-0.0889764 0.127045 0.0
-0.0892685 0.121173 0.0
-0.0895599 0.115354 0.0
-0.0898482 0.109579 0.0
-0.0901308 0.103838 0.0
-0.0904058 0.0981227 0.0
-0.0906714 0.0924273 0.0
-0.0909263 0.086746 0.0
-0.0911696 0.081074 0.0
-0.0914007 0.0754077 0.0
-0.0916194 0.0697443 0.0
-0.0918254 0.0640813 0.0
-0.0920192 0.0584169 0.0
-0.0922008 0.0527495 0.0
-0.0923709 0.0470777 0.0
-0.09253 0.0414003 0.0
-0.0926785 0.0357162 0.0
-0.0928173 0.0300242 0.0
-0.0929469 0.0243232 0.0
-0.0930679 0.0186121 0.0
-0.0931811 0.0128897 0.0
-0.0932869 0.00715467 0.0
-0.0933862 0.00140579 0.0
-0.0934794 -0.00435831 0.0
-0.0935671 -0.0101401 0.0
-0.0936499 -0.0159417 0.0
-0.0937283 -0.021765 0.0
-0.0938026 -0.0276117 0.0
-0.0938732 -0.0334835 0.0
-0.0939404 -0.0393821 0.0
-0.0940043 -0.0453092 0.0
-0.0940652 -0.0512665 0.0
-0.094123 -0.0572557 0.0
-0.0941774 -0.0632782 0.0
-0.0942283 -0.0693355 0.0
-0.0942751 -0.075429 0.0
-0.0943172 -0.0815597 0.0
-0.0943535 -0.0877284 0.0
-0.094383 -0.0939358 0.0
-0.0944042 -0.100182 0.0
-0.0944155 -0.106467 0.0
-0.0944149 -0.112789 0.0
-0.0944002 -0.119148 0.0
-0.0943689 -0.125541 0.0
-0.0943184 -0.131966 0.0
-0.0942459 -0.13842 0.0
-0.0941486 -0.144898 0.0
-0.0940237 -0.151396 0.0
-0.0938689 -0.15791 0.0
-0.0936823 -0.164435 0.0
-0.0934631 -0.170966 0.0
-0.0932117 -0.177503 0.0
-0.0929309 -0.184044 0.0
-0.0926264 -0.190595 0.0
-0.092308 -0.197166 0.0
-0.0919909 -0.20378 0.0
-0.0916975 -0.210471 0.0
-0.0914589 -0.217297 0.0
-0.0913165 -0.224338 0.0
-0.0913233 -0.231712 0.0
-0.0915433 -0.239574 0.0
-0.0920488 -0.248124 0.0
-0.0929141 -0.257603 0.0
-0.0942044 -0.268279 0.0
-0.0959591 -0.280421 0.0
-0.0981709 -0.294245 0.0
-0.100765 -0.309857 0.0
-0.103579 -0.327171 0.0
-0.106358 -0.345833 0.0
-0.108756 -0.365164 0.0
-0.110357 -0.384119 0.0
-0.110705 -0.401279 0.0
-0.109348 -0.41488 0.0
-0.105884 -0.422872 0.0
-0.100015 -0.42302 0.0
-0.0915949 -0.413065 0.0
-0.0806935 -0.390957 0.0
-0.0676454 -0.355215 0.0
-0.053102 -0.305455 0.0
-0.0380632 -0.243143 0.0
-0.0238616 -0.172566 0.0
-0.0120365 -0.101672 0.0
-0.00400018 -0.0415629 0.0
-0.000541596 -0.00294146 0.0
-9.72363e-05 0.0227955 0.0
-0.000872873 0.0915268 0.0
-0.00286569 0.139849 0.0
-0.00600699 0.172459 0.0
-0.00998217 0.194751 0.0
-0.0144338 0.211034 0.0
-0.0190839 0.224006 0.0
-0.0237554 0.235071 0.0
-0.0283478 0.244843 0.0
-0.0328063 0.253542 0.0
-0.0370989 0.26122 0.0
-0.0412054 0.26787 0.0
-0.045111 0.273477 0.0
-0.0488043 0.278028 0.0
-0.0522767 0.281523 0.0
-0.0555218 0.283971 0.0
-0.0585358 0.285393 0.0
-0.0613171 0.28582 0.0
-0.0638661 0.285291 0.0
-0.0661857 0.283856 0.0
-0.0682808 0.281567 0.0
-0.0701583 0.278487 0.0
-0.0718269 0.274681 0.0
-0.0732973 0.270219 0.0
-0.0745817 0.265172 0.0
-0.0756939 0.259616 0.0
-0.0766488 0.253624 0.0
-0.0774625 0.247272 0.0
-0.0781515 0.240631 0.0
-0.0787329 0.233771 0.0
-0.0792236 0.226757 0.0
-0.0796402 0.219651 0.0
-0.0799984 0.212504 0.0
-0.0803128 0.205364 0.0
-0.0805965 0.19827 0.0
-0.0808607 0.191252 0.0
-0.0811148 0.184335 0.0
-0.0813665 0.177533 0.0
-0.081621 0.170857 0.0
-0.0818822 0.164307 0.0
-0.0821519 0.157883 0.0
-0.0824308 0.151579 0.0
-0.0827182 0.145383 0.0
-0.0830127 0.139287 0.0
-0.0833122 0.133278 0.0
-0.0836142 0.127343 0.0
-0.0839162 0.12147 0.0
-0.0842158 0.115648 0.0
-0.0845104 0.109867 0.0
-0.0847981 0.104119 0.0
-0.0850772 0.0983952 0.0
-0.0853463 0.0926895 0.0
-0.0856044 0.0869968 0.0
-0.0858509 0.0813129 0.0
-0.0860854 0.0756344 0.0
-0.0863079 0.0699587 0.0
-0.0865184 0.0642836 0.0
-0.0867173 0.0586073 0.0
-0.0869051 0.0529285 0.0
-0.0870822 0.0472459 0.0
-0.0872493 0.0415582 0.0
-0.087407 0.0358645 0.0
-0.0875559 0.0301635 0.0
-0.0876966 0.0244542 0.0
-0.0878299 0.0187354 0.0
-0.0879563 0.0130059 0.0
-0.0880764 0.00726446 0.0
-0.0881909 0.00150973 0.0
-0.0883003 -0.00425963 0.0
-0.0884052 -0.0100461 0.0
-0.0885062 -0.0158519 0.0
-0.0886038 -0.021679 0.0
-0.0886983 -0.027529 0.0
-0.0887901 -0.0334038 0.0
-0.0888796 -0.0393052 0.0
-0.0889668 -0.0452349 0.0
-0.0890521 -0.0511947 0.0
-0.0891354 -0.0571865 0.0
-0.0892165 -0.0632118 0.0
-0.0892952 -0.0692723 0.0
-0.0893711 -0.0753695 0.0
-0.0894436 -0.0815047 0.0
-0.0895117 -0.087679 0.0
-0.0895743 -0.0938931 0.0
-0.0896301 -0.100148 0.0
-0.0896775 -0.106442 0.0
-0.0897144 -0.112777 0.0
-0.0897387 -0.11915 0.0
-0.0897479 -0.125561 0.0
-0.0897393 -0.132006 0.0
-0.0897099 -0.138482 0.0
-0.0896567 -0.144986 0.0
-0.0895766 -0.151513 0.0
-0.0894668 -0.158058 0.0
-0.0893247 -0.164615 0.0
-0.0891484 -0.171181 0.0
-0.0889374 -0.177751 0.0
-0.0886925 -0.184322 0.0
-0.0884174 -0.190897 0.0
-0.0881189 -0.197481 0.0
-0.0878089 -0.204092 0.0
-0.0875055 -0.210756 0.0
-0.0872349 -0.217521 0.0
-0.0870335 -0.224458 0.0
-0.0869493 -0.23167 0.0
-0.0870425 -0.239303 0.0
-0.0873844 -0.247548 0.0
-0.0880526 -0.256646 0.0
-0.0891221 -0.266877 0.0
-0.0906498 -0.278541 0.0
-0.0926545 -0.291909 0.0
-0.0950928 -0.307162 0.0
-0.0978379 -0.324307 0.0
-0.100665 -0.34309 0.0
-0.103251 -0.362922 0.0
-0.105191 -0.382821 0.0
-0.106023 -0.401396 0.0
-0.105279 -0.416864 0.0
-0.102525 -0.427105 0.0
-0.0974202 -0.429761 0.0
-0.0897733 -0.422391 0.0
-0.0796002 -0.402706 0.0
-0.0671833 -0.368931 0.0
-0.0531255 -0.32034 0.0
-0.0383884 -0.258034 0.0
-0.024287 -0.185978 0.0
-0.0123811 -0.111991 0.0
-0.00416608 -0.0474956 0.0
-0.000575186 -0.00405824 0.0
-5.69251e-05 0.0229496 0.0
-0.000648519 0.0927399 0.0
-0.00230907 0.142289 0.0
-0.00506781 0.175919 0.0
-0.00866614 0.198865 0.0
-0.012766 0.215472 0.0
-0.0170895 0.228542 0.0
-0.0214542 0.239571 0.0
-0.0257552 0.249236 0.0
-0.0299349 0.257787 0.0
-0.0339608 0.265293 0.0
-0.0378128 0.271755 0.0
-0.0414765 0.277161 0.0
-0.0449413 0.281502 0.0
-0.0481991 0.284779 0.0
-0.051244 0.287004 0.0
-0.0540724 0.288201 0.0
-0.0566831 0.288403 0.0
-0.0590767 0.287651 0.0
-0.0612559 0.285995 0.0
-0.0632257 0.283493 0.0
-0.0649926 0.280206 0.0
-0.0665652 0.276204 0.0
-0.0679536 0.271556 0.0
-0.0691697 0.266336 0.0
-0.0702266 0.260621 0.0
-0.0711385 0.254486 0.0
-0.0719206 0.248006 0.0
-0.0725886 0.241254 0.0
-0.0731586 0.234299 0.0
-0.0736464 0.227208 0.0
-0.0740673 0.220038 0.0
-0.074436 0.212843 0.0
-0.0747658 0.205668 0.0
-0.0750684 0.198551 0.0
-0.0753541 0.19152 0.0
-0.0756312 0.184598 0.0
-0.0759061 0.177797 0.0
-0.0761835 0.171125 0.0
-0.0764664 0.164583 0.0
-0.0767561 0.158167 0.0
-0.077053 0.15187 0.0
-0.0773561 0.145682 0.0
-0.0776639 0.139591 0.0
-0.0779744 0.133584 0.0
-0.0782853 0.127649 0.0
-0.0785943 0.121774 0.0
-0.0788991 0.115948 0.0
-0.0791978 0.110161 0.0
-0.0794886 0.104404 0.0
-0.0797701 0.0986706 0.0
-0.0800412 0.0929543 0.0
-0.0803014 0.0872503 0.0
-0.0805501 0.0815547 0.0
-0.0807872 0.0758644 0.0
-0.0810129 0.0701769 0.0
-0.0812275 0.0644904 0.0
-0.0814313 0.0588032 0.0
-0.0816249 0.053114 0.0
-0.0818089 0.0474215 0.0
-0.0819839 0.0417247 0.0
-0.0821506 0.0360224 0.0
-0.0823095 0.0303135 0.0
-0.0824613 0.0245969 0.0
-0.0826067 0.0188714 0.0
-0.0827462 0.0131358 0.0
-0.0828804 0.0073889 0.0
-0.0830099 0.0016293 0.0
-0.0831353 -0.00414436 0.0
-0.0832572 -0.00993456 0.0
-0.0833761 -0.0157436 0.0
-0.0834925 -0.0215734 0.0
-0.0836068 -0.0274257 0.0
-0.0837195 -0.0333026 0.0
-0.0838308 -0.0392057 0.0
-0.083941 -0.0451369 0.0
-0.0840502 -0.0510982 0.0
-0.0841584 -0.0570914 0.0
-0.0842657 -0.0631184 0.0
-0.0843718 -0.0691809 0.0
-0.0844763 -0.0752805 0.0
-0.0845786 -0.0814189 0.0
-0.0846779 -0.0875974 0.0
-0.0847731 -0.0938169 0.0
-0.084863 -0.100078 0.0
-0.0849459 -0.106382 0.0
-0.0850199 -0.112727 0.0
-0.0850829 -0.119113 0.0
-0.0851324 -0.125539 0.0
-0.0851656 -0.132003 0.0
-0.0851795 -0.1385 0.0
-0.0851709 -0.145029 0.0
-0.0851366 -0.151584 0.0
-0.0850733 -0.15816 0.0
-0.084978 -0.164751 0.0
-0.0848481 -0.171352 0.0
-0.0846819 -0.177957 0.0
-0.084479 -0.184563 0.0
-0.0842412 -0.191168 0.0
-0.083973 -0.197776 0.0
-0.0836831 -0.204397 0.0
-0.0833858 -0.211052 0.0
-0.0831029 -0.217779 0.0
-0.0828655 -0.224639 0.0
-0.0827163 -0.231723 0.0
-0.0827106 -0.239163 0.0
-0.0829169 -0.24714 0.0
-0.0834132 -0.255889 0.0
-0.0842809 -0.265696 0.0
-0.0855906 -0.276884 0.0
-0.0873833 -0.289768 0.0
-0.0896455 -0.304602 0.0
-0.0922846 -0.321483 0.0
-0.0951096 -0.340262 0.0
-0.0978246 -0.360449 0.0
-0.100039 -0.38114 0.0
-0.101294 -0.400988 0.0
-0.101105 -0.418205 0.0
-0.099013 -0.430611 0.0
-0.0946386 -0.435735 0.0
-0.087744 -0.430959 0.0
-0.078294 -0.413761 0.0
-0.0665186 -0.382069 0.0
-0.0529711 -0.334807 0.0
-0.0385728 -0.272701 0.0
-0.0246166 -0.199368 0.0
-0.0126751 -0.122448 0.0
-0.00431547 -0.0536131 0.0
-0.000606845 -0.00524027 0.0
-1.98364e-05 0.0230264 0.0
-0.000432629 0.0936675 0.0
-0.00176281 0.144352 0.0
-0.00413675 0.178988 0.0
-0.00735361 0.202611 0.0
-0.0110972 0.21957 0.0
-0.015091 0.232761 0.0
-0.0191474 0.243773 0.0
-0.0231566 0.253344 0.0
-0.0270582 0.26176 0.0
-0.0308189 0.269106 0.0
-0.0344184 0.275393 0.0
-0.0378428 0.280611 0.0
-0.0410822 0.284756 0.0
-0.0441288 0.28783 0.0
-0.0469773 0.289847 0.0
-0.0496244 0.290834 0.0
-0.052069 0.290825 0.0
-0.0543118 0.289865 0.0
-0.0563555 0.288004 0.0
-0.0582048 0.285303 0.0
-0.059866 0.281825 0.0
-0.0613473 0.277639 0.0
-0.0626584 0.272819 0.0
-0.0638105 0.26744 0.0
-0.0648161 0.261579 0.0
-0.0656885 0.255312 0.0
-0.0664421 0.248715 0.0
-0.0670916 0.241862 0.0
-0.067652 0.234821 0.0
-0.0681379 0.227659 0.0
-0.0685637 0.220433 0.0
-0.0689426 0.213196 0.0
-0.0692867 0.20599 0.0
-0.0696068 0.198852 0.0
-0.0699117 0.19181 0.0
-0.070209 0.184883 0.0
-0.070504 0.178082 0.0
-0.0708008 0.171414 0.0
-0.0711017 0.164878 0.0
-0.0714077 0.158468 0.0
-0.0717187 0.152177 0.0
-0.0720338 0.145994 0.0
-0.0723515 0.139905 0.0
-0.0726698 0.133899 0.0
-0.0729866 0.127962 0.0
-0.0732999 0.122083 0.0
-0.0736077 0.116251 0.0
-0.0739083 0.110457 0.0
-0.0742003 0.104691 0.0
-0.0744828 0.0989476 0.0
-0.0747548 0.0932205 0.0
-0.0750159 0.0875054 0.0
-0.075266 0.0817984 0.0
-0.0755052 0.0760969 0.0
-0.0757337 0.0703986 0.0
-0.0759519 0.0647015 0.0
-0.0761603 0.0590044 0.0
-0.0763596 0.0533057 0.0
-0.0765503 0.0476045 0.0
-0.0767331 0.0418995 0.0
-0.0769086 0.0361897 0.0
-0.0770774 0.0304739 0.0
-0.0772403 0.0247511 0.0
-0.0773976 0.0190199 0.0
-0.0775501 0.0132793 0.0
-0.0776983 0.00752783 0.0
-0.0778426 0.00176427 0.0
-0.0779838 -0.00401277 0.0
-0.0781223 -0.00980574 0.0
-0.0782589 -0.015617 0.0
-0.0783938 -0.0214486 0.0
-0.0785277 -0.0273023 0.0
-0.0786609 -0.0331801 0.0
-0.0787937 -0.039084 0.0
-0.0789264 -0.0450157 0.0
-0.0790592 -0.0509774 0.0
-0.0791922 -0.056971 0.0
-0.0793253 -0.0629984 0.0
-0.0794583 -0.0690617 0.0
-0.0795909 -0.0751626 0.0
-0.0797226 -0.0813029 0.0
-0.0798527 -0.0874841 0.0
-0.07998 -0.0937075 0.0
-0.0801035 -0.0999742 0.0
-0.0802215 -0.106285 0.0
-0.0803323 -0.112639 0.0
-0.0804336 -0.119037 0.0
-0.0805231 -0.125477 0.0
-0.080598 -0.131957 0.0
-0.0806553 -0.138475 0.0
-0.0806917 -0.145027 0.0
-0.0807038 -0.151608 0.0
-0.0806881 -0.158214 0.0
-0.0806413 -0.164839 0.0
-0.0805601 -0.171475 0.0
-0.0804422 -0.178118 0.0
-0.0802861 -0.184761 0.0
-0.080092 -0.191402 0.0
-0.0798623 -0.19804 0.0
-0.0796033 -0.204681 0.0
-0.0793259 -0.211342 0.0
-0.0790475 -0.21805 0.0
-0.0787944 -0.224858 0.0
-0.0786037 -0.231844 0.0
-0.0785256 -0.239126 0.0
-0.0786239 -0.246872 0.0
-0.0789754 -0.255309 0.0
-0.079664 -0.26472 0.0
-0.0807705 -0.275444 0.0
-0.0823541 -0.287832 0.0
-0.0844286 -0.302201 0.0
-0.0869345 -0.318738 0.0
-0.0897157 -0.337401 0.0
-0.0925065 -0.357805 0.0
-0.0949365 -0.37914 0.0
-0.0965534 -0.400116 0.0
-0.0968641 -0.418954 0.0
-0.0953855 -0.433432 0.0
-0.0917038 -0.44097 0.0
-0.0855371 -0.438785 0.0
-0.0768001 -0.424122 0.0
-0.0656709 -0.394613 0.0
-0.0526527 -0.348829 0.0
-0.0386245 -0.287106 0.0
-0.0248537 -0.212691 0.0
-0.0129187 -0.133002 0.0
-0.00444768 -0.0598899 0.0
-0.000636326 -0.00648344 0.0
1.21245e-05 0.0230341 0.0
-0.000228737 0.0943135 0.0
-0.00123073 0.146038 0.0
-0.00321844 0.181663 0.0
-0.00604952 0.205983 0.0
-0.0094326 0.223324 0.0
-0.0130938 0.236662 0.0
-0.0168405 0.247676 0.0
-0.0205579 0.257168 0.0
-0.0241824 0.265463 0.0
-0.0276795 0.272662 0.0
-0.0310286 0.278786 0.0
-0.0342164 0.283831 0.0
-0.0372333 0.287793 0.0
-0.0400722 0.290678 0.0
-0.0427279 0.292503 0.0
-0.0451977 0.293295 0.0
-0.0474803 0.293091 0.0
-0.0495765 0.291937 0.0
-0.051489 0.289887 0.0
-0.0532221 0.287002 0.0
-0.0547819 0.283347 0.0
-0.0561761 0.278993 0.0
-0.0574138 0.274015 0.0
-0.0585056 0.268489 0.0
-0.0594631 0.262493 0.0
-0.0602989 0.256106 0.0
-0.0610263 0.249402 0.0
-0.0616591 0.242457 0.0
-0.0622111 0.235339 0.0
-0.0626958 0.228113 0.0
-0.0631263 0.220836 0.0
-0.0635147 0.21356 0.0
-0.0638718 0.206327 0.0
-0.0642073 0.199171 0.0
-0.0645291 0.192118 0.0
-0.0648436 0.185186 0.0
-0.0651556 0.178386 0.0
-0.0654684 0.17172 0.0
-0.0657838 0.165188 0.0
-0.0661025 0.158783 0.0
-0.0664242 0.152495 0.0
-0.0667479 0.146314 0.0
-0.0670722 0.140226 0.0
-0.0673953 0.134219 0.0
-0.0677154 0.128279 0.0
-0.0680305 0.122395 0.0
-0.0683392 0.116556 0.0
-0.06864 0.110753 0.0
-0.0689318 0.104978 0.0
-0.0692138 0.0992248 0.0
-0.0694856 0.0934871 0.0
-0.0697469 0.0877612 0.0
-0.0699978 0.0820436 0.0
-0.0702384 0.0763316 0.0
-0.0704692 0.0706232 0.0
-0.0706907 0.0649166 0.0
-0.0709035 0.0592105 0.0
-0.0711081 0.0535035 0.0
-0.0713053 0.0477946 0.0
-0.0714957 0.0420826 0.0
-0.07168 0.0363664 0.0
-0.0718587 0.0306448 0.0
-0.0720324 0.0249167 0.0
-0.0722016 0.0191809 0.0
-0.072367 0.0134361 0.0
-0.0725289 0.00768106 0.0
-0.0726879 0.00191445 0.0
-0.0728446 -0.00386507 0.0
-0.0729996 -0.00965989 0.0
-0.0731535 -0.0154725 0.0
-0.0733068 -0.0213048 0.0
-0.07346 -0.027159 0.0
-0.0736135 -0.0330368 0.0
-0.0737676 -0.0389404 0.0
-0.0739226 -0.0448716 0.0
-0.0740788 -0.0508326 0.0
-0.0742362 -0.0568255 0.0
-0.0743948 -0.0628523 0.0
-0.0745545 -0.0689151 0.0
-0.074715 -0.075016 0.0
-0.0748758 -0.0811569 0.0
-0.0750363 -0.0873395 0.0
-0.0751955 -0.0935655 0.0
-0.0753523 -0.099836 0.0
-0.0755051 -0.106152 0.0
-0.0756523 -0.112514 0.0
-0.0757917 -0.118921 0.0
-0.075921 -0.125373 0.0
-0.0760374 -0.131869 0.0
-0.076138 -0.138405 0.0
-0.0762196 -0.144979 0.0
-0.0762785 -0.151585 0.0
-0.0763112 -0.15822 0.0
-0.076314 -0.164877 0.0
-0.0762834 -0.171549 0.0
-0.0762164 -0.178229 0.0
-0.0761107 -0.184912 0.0
-0.0759652 -0.191591 0.0
-0.0757809 -0.198265 0.0
-0.0755616 -0.204935 0.0
-0.0753153 -0.211612 0.0
-0.0750557 -0.218318 0.0
-0.0748046 -0.225094 0.0
-0.0745936 -0.232009 0.0
-0.0744674 -0.239165 0.0
-0.0744844 -0.246718 0.0
-0.074718 -0.254878 0.0
-0.0752526 -0.263927 0.0
-0.0761752 -0.274207 0.0
-0.0775595 -0.2861 0.0
-0.0794428 -0.299975 0.0
-0.0817971 -0.316104 0.0
-0.0845011 -0.33455 0.0
-0.0873222 -0.355044 0.0
-0.0899141 -0.37688 0.0
-0.0918363 -0.398838 0.0
-0.0925912 -0.419167 0.0
-0.0916771 -0.435612 0.0
-0.0886484 -0.4455 0.0
-0.0831817 -0.445888 0.0
-0.0751435 -0.433794 0.0
-0.0646602 -0.406554 0.0
-0.0521848 -0.362382 0.0
-0.0385528 -0.301213 0.0
-0.0250026 -0.225904 0.0
-0.0131129 -0.143613 0.0
-0.00456239 -0.0663004 0.0
-0.000663436 -0.00778321 0.0
4.38794e-05 0.0229781 0.0
-3.65764e-05 0.0946908 0.0
-0.000720531 0.147347 0.0
-0.00231831 0.18394 0.0
-0.00475861 0.208978 0.0
-0.00777681 0.226731 0.0
-0.0111026 0.240242 0.0
-0.0145386 0.251278 0.0
-0.0179643 0.260709 0.0
-0.0213129 0.268895 0.0
-0.024548 0.275962 0.0
-0.0276491 0.281937 0.0
-0.0306029 0.286822 0.0
-0.0334003 0.290616 0.0
-0.0360345 0.293328 0.0
-0.038501 0.294976 0.0
-0.0407969 0.295588 0.0
-0.0429213 0.295205 0.0
-0.0448747 0.293873 0.0
-0.0466598 0.291649 0.0
-0.0482806 0.288594 0.0
-0.0497427 0.284776 0.0
-0.0510533 0.280268 0.0
-0.052221 0.275145 0.0
-0.0532555 0.269485 0.0
-0.0541676 0.263367 0.0
-0.054969 0.256869 0.0
-0.055672 0.250069 0.0
-0.0562894 0.24304 0.0
-0.0568336 0.235852 0.0
-0.0573172 0.228568 0.0
-0.0577518 0.221246 0.0
-0.0581485 0.213935 0.0
-0.058517 0.206677 0.0
-0.0588658 0.199505 0.0
-0.0592019 0.192442 0.0
-0.0595308 0.185506 0.0
-0.0598567 0.178704 0.0
-0.0601821 0.17204 0.0
-0.0605086 0.16551 0.0
-0.0608367 0.159107 0.0
-0.0611658 0.152822 0.0
-0.0614951 0.146641 0.0
-0.0618232 0.140552 0.0
-0.0621484 0.134542 0.0
-0.0624693 0.128597 0.0
-0.0627842 0.122707 0.0
-0.0630919 0.116861 0.0
-0.0633913 0.111049 0.0
-0.0636815 0.105265 0.0
-0.063962 0.0995011 0.0
-0.0642326 0.0937532 0.0
-0.0644933 0.0880171 0.0
-0.0647442 0.0822895 0.0
-0.0649857 0.0765679 0.0
-0.0652184 0.0708504 0.0
-0.0654428 0.0651353 0.0
-0.0656596 0.0594213 0.0
-0.0658694 0.0537071 0.0
-0.0660729 0.0479917 0.0
-0.0662707 0.0422738 0.0
-0.0664635 0.0365522 0.0
-0.0666518 0.030826 0.0
-0.0668362 0.0250937 0.0
-0.0670172 0.0193542 0.0
-0.0671953 0.0136062 0.0
-0.0673709 0.00784846 0.0
-0.0675444 0.00207965 0.0
-0.0677165 -0.0037015 0.0
-0.0678877 -0.00949726 0.0
-0.0680587 -0.0153102 0.0
-0.0682302 -0.0211424 0.0
-0.0684025 -0.0269959 0.0
-0.0685761 -0.0328728 0.0
-0.0687514 -0.038775 0.0
-0.0689286 -0.0447047 0.0
-0.0691079 -0.050664 0.0
-0.0692896 -0.056655 0.0
-0.0694736 -0.0626801 0.0
-0.0696599 -0.0687414 0.0
-0.0698481 -0.074841 0.0
-0.0700379 -0.0809812 0.0
-0.0702287 -0.087164 0.0
-0.0704195 -0.093391 0.0
-0.0706094 -0.0996639 0.0
-0.0707968 -0.105984 0.0
-0.0709802 -0.112351 0.0
-0.0711575 -0.118767 0.0
-0.0713264 -0.12523 0.0
-0.0714843 -0.131738 0.0
-0.0716283 -0.138291 0.0
-0.071755 -0.144884 0.0
-0.071861 -0.151515 0.0
-0.0719426 -0.158176 0.0
-0.071996 -0.164864 0.0
-0.0720174 -0.171571 0.0
-0.0720033 -0.178289 0.0
-0.0719508 -0.185011 0.0
-0.071858 -0.191731 0.0
-0.0717243 -0.198443 0.0
-0.0715518 -0.205148 0.0
-0.0713459 -0.211851 0.0
-0.0711173 -0.218567 0.0
-0.0708832 -0.22533 0.0
-0.0706706 -0.232196 0.0
-0.0705182 -0.239257 0.0
-0.0704788 -0.246649 0.0
-0.0706212 -0.254571 0.0
-0.0710277 -0.263293 0.0
-0.0717885 -0.273158 0.0
-0.0729883 -0.284566 0.0
-0.074684 -0.297931 0.0
-0.076876 -0.313602 0.0
-0.0794778 -0.331746 0.0
-0.0822908 -0.352214 0.0
-0.084997 -0.374412 0.0
-0.0871715 -0.397209 0.0
-0.0883178 -0.418895 0.0
-0.0879195 -0.437197 0.0
-0.0855031 -0.449361 0.0
-0.0807061 -0.452292 0.0
-0.0733487 -0.442786 0.0
-0.0635066 -0.417887 0.0
-0.0515827 -0.375448 0.0
-0.0383676 -0.314994 0.0
-0.0250688 -0.238972 0.0
-0.0132593 -0.154244 0.0
-0.0046596 -0.0728195 0.0
-0.000688031 -0.00913467 0.0
7.73062e-05 0.0228569 0.0
0.000139754 0.09483 0.0
-0.000240985 0.148272 0.0
-0.00144133 0.185813 0.0
-0.00348506 0.211589 0.0
-0.00613396 0.229786 0.0
-0.0091217 0.2435 0.0
-0.012246 0.254581 0.0
-0.0153804 0.263966 0.0
-0.0184542 0.27206 0.0
-0.0214293 0.279007 0.0
-0.0242845 0.284847 0.0
-0.0270069 0.289587 0.0
-0.0295876 0.293229 0.0
-0.0320203 0.295782 0.0
-0.0343007 0.297268 0.0
-0.0364261 0.297717 0.0
-0.0383955 0.29717 0.0
-0.0402096 0.295676 0.0
-0.0418707 0.293293 0.0
-0.0433824 0.290083 0.0
-0.04475 0.286117 0.0
-0.0459801 0.281468 0.0
-0.0470804 0.276213 0.0
-0.04806 0.270431 0.0
-0.0489289 0.264202 0.0
-0.0496976 0.257605 0.0
-0.0503775 0.250717 0.0
-0.05098 0.243612 0.0
-0.0515167 0.23636 0.0
-0.0519988 0.229025 0.0
-0.0524368 0.221662 0.0
-0.0528404 0.21432 0.0
-0.0532184 0.207039 0.0
-0.0535783 0.199851 0.0
-0.0539261 0.192779 0.0
-0.0542666 0.185838 0.0
-0.0546032 0.179034 0.0
-0.0549382 0.17237 0.0
-0.0552727 0.165841 0.0
-0.0556069 0.159439 0.0
-0.0559405 0.153153 0.0
-0.0562725 0.146971 0.0
-0.0566017 0.140879 0.0
-0.0569268 0.134865 0.0
-0.0572463 0.128914 0.0
-0.0575591 0.123017 0.0
-0.0578641 0.117163 0.0
-0.0581606 0.111343 0.0
-0.058448 0.105549 0.0
-0.058726 0.0997755 0.0
-0.0589945 0.0940179 0.0
-0.0592538 0.0882723 0.0
-0.0595041 0.0825355 0.0
-0.0597461 0.0768053 0.0
-0.0599801 0.0710797 0.0
-0.060207 0.0653573 0.0
-0.0604274 0.0596365 0.0
-0.060642 0.0539163 0.0
-0.0608515 0.0481955 0.0
-0.0610564 0.0424728 0.0
-0.0612575 0.0367471 0.0
-0.0614552 0.0310172 0.0
-0.0616502 0.0252818 0.0
-0.0618427 0.0195397 0.0
-0.0620334 0.0137894 0.0
-0.0622224 0.00802989 0.0
-0.0624104 0.00225971 0.0
-0.0625976 -0.00352227 0.0
-0.0627849 -0.00931804 0.0
-0.0629729 -0.0151303 0.0
-0.0631624 -0.0209613 0.0
-0.0633537 -0.0268133 0.0
-0.0635474 -0.0326881 0.0
-0.0637437 -0.0385881 0.0
-0.063943 -0.0445152 0.0
-0.0641456 -0.0504716 0.0
-0.0643515 -0.0564598 0.0
-0.0645609 -0.0624819 0.0
-0.0647736 -0.0685405 0.0
-0.0649896 -0.0746377 0.0
-0.0652083 -0.080776 0.0
-0.0654293 -0.0869575 0.0
-0.0656517 -0.0931842 0.0
-0.0658746 -0.099458 0.0
-0.0660966 -0.10578 0.0
-0.0663161 -0.112152 0.0
-0.0665312 -0.118574 0.0
-0.0667397 -0.125045 0.0
-0.0669391 -0.131565 0.0
-0.0671264 -0.138133 0.0
-0.0672985 -0.144744 0.0
-0.0674518 -0.151396 0.0
-0.0675827 -0.158083 0.0
-0.0676874 -0.1648 0.0
-0.0677618 -0.171539 0.0
-0.0678021 -0.178294 0.0
-0.0678051 -0.185055 0.0
-0.0677679 -0.191816 0.0
-0.0676891 -0.19857 0.0
-0.0675692 -0.205314 0.0
-0.0674115 -0.212049 0.0
-0.0672237 -0.218786 0.0
-0.0670197 -0.22555 0.0
-0.0668215 -0.232387 0.0
-0.0666624 -0.239377 0.0
-0.0665895 -0.246641 0.0
-0.0666658 -0.254361 0.0
-0.0669701 -0.262793 0.0
-0.0675933 -0.272274 0.0
-0.068627 -0.283216 0.0
-0.0701442 -0.296068 0.0
-0.0721707 -0.311246 0.0
-0.0746527 -0.329018 0.0
-0.0774268 -0.349354 0.0
-0.0802055 -0.371786 0.0
-0.0825841 -0.395282 0.0
-0.0840717 -0.418188 0.0
-0.0841417 -0.438232 0.0
-0.0822963 -0.452588 0.0
-0.078137 -0.458021 0.0
-0.0714395 -0.451112 0.0
-0.0622301 -0.428613 0.0
-0.0508617 -0.388015 0.0
-0.0380796 -0.328425 0.0
-0.025058 -0.251862 0.0
-0.0133602 -0.164861 0.0
-0.00473956 -0.0794226 0.0
-0.000710012 -0.0105327 0.0
0.000108389 0.0226712 0.0
0.000311604 0.09475 0.0
0.000213581 0.148831 0.0
-0.000600688 0.187269 0.0
-0.00223454 0.213811 0.0
-0.00450812 0.232487 0.0
-0.0071548 0.246433 0.0
-0.00996632 0.257583 0.0
-0.0128098 0.266942 0.0
-0.0156102 0.274958 0.0
-0.0183273 0.281801 0.0
-0.020939 0.287521 0.0
-0.0234325 0.29213 0.0
-0.0257992 0.295633 0.0
-0.0280332 0.298044 0.0
-0.0301303 0.299384 0.0
-0.0320881 0.299685 0.0
-0.0339056 0.298989 0.0
-0.0355834 0.297349 0.0
-0.0371234 0.294821 0.0
-0.0385289 0.291472 0.0
-0.0398046 0.287372 0.0
-0.0409566 0.282595 0.0
-0.0419919 0.277221 0.0
-0.0429186 0.271329 0.0
-0.0437457 0.265 0.0
-0.0444829 0.258313 0.0
-0.0451404 0.251346 0.0
-0.0457285 0.244174 0.0
-0.0462575 0.236865 0.0
-0.0467374 0.229482 0.0
-0.0471775 0.222082 0.0
-0.0475866 0.214712 0.0
-0.0479722 0.207411 0.0
-0.0483408 0.200208 0.0
-0.0486977 0.193127 0.0
-0.0490469 0.18618 0.0
-0.0493914 0.179373 0.0
-0.049733 0.172708 0.0
-0.0500725 0.166177 0.0
-0.0504101 0.159774 0.0
-0.0507454 0.153487 0.0
-0.0510775 0.147302 0.0
-0.0514055 0.141206 0.0
-0.0517281 0.135186 0.0
-0.0520444 0.129229 0.0
-0.0523534 0.123324 0.0
-0.0526543 0.117462 0.0
-0.0529466 0.111633 0.0
-0.05323 0.10583 0.0
-0.0535044 0.100047 0.0
-0.05377 0.0942805 0.0
-0.0540272 0.0885262 0.0
-0.0542763 0.0827812 0.0
-0.0545181 0.0770433 0.0
-0.054753 0.0713108 0.0
-0.054982 0.065582 0.0
-0.0552056 0.0598557 0.0
-0.0554245 0.0541307 0.0
-0.0556396 0.0484056 0.0
-0.0558513 0.0426793 0.0
-0.0560603 0.0369506 0.0
-0.0562671 0.0312182 0.0
-0.0564722 0.0254808 0.0
-0.056676 0.0197371 0.0
-0.056879 0.0139857 0.0
-0.0570815 0.00822527 0.0
-0.0572838 0.00245455 0.0
-0.0574861 -0.00332761 0.0
-0.0576891 -0.0091224 0.0
-0.0578941 -0.0149329 0.0
-0.0581015 -0.0207618 0.0
-0.0583119 -0.0266111 0.0
-0.0585256 -0.032483 0.0
-0.058743 -0.0383795 0.0
-0.0589644 -0.0443029 0.0
-0.0591901 -0.0502555 0.0
-0.0594204 -0.0562397 0.0
-0.0596553 -0.0622578 0.0
-0.0598946 -0.0683124 0.0
-0.0601384 -0.0744061 0.0
-0.0603862 -0.0805411 0.0
-0.0606375 -0.0867201 0.0
-0.0608916 -0.0929451 0.0
-0.0611476 -0.0992183 0.0
-0.0614042 -0.105541 0.0
-0.0616599 -0.111916 0.0
-0.0619128 -0.118342 0.0
-0.062161 -0.12482 0.0
-0.0624018 -0.13135 0.0
-0.0626325 -0.13793 0.0
-0.0628501 -0.144557 0.0
-0.063051 -0.151228 0.0
-0.0632317 -0.157939 0.0
-0.0633881 -0.164683 0.0
-0.0635164 -0.171453 0.0
-0.0636124 -0.178243 0.0
-0.0636725 -0.185043 0.0
-0.0636935 -0.191845 0.0
-0.063673 -0.198641 0.0
-0.0636103 -0.205426 0.0
-0.063507 -0.212198 0.0
-0.0633685 -0.218963 0.0
-0.0632053 -0.22574 0.0
-0.0630354 -0.232566 0.0
-0.0628868 -0.239506 0.0
-0.0628009 -0.24667 0.0
-0.0628345 -0.254222 0.0
-0.0630619 -0.262401 0.0
-0.0635721 -0.271534 0.0
-0.0644607 -0.282034 0.0
-0.065813 -0.29438 0.0
-0.0676767 -0.309044 0.0
-0.0700284 -0.326387 0.0
-0.0727395 -0.346501 0.0
-0.0755553 -0.369045 0.0
-0.0780948 -0.393104 0.0
-0.0798769 -0.417096 0.0
-0.0803694 -0.438761 0.0
-0.079054 -0.455219 0.0
-0.0754991 -0.463104 0.0
-0.0694383 -0.458787 0.0
-0.0608499 -0.438735 0.0
-0.0500371 -0.400074 0.0
-0.0376997 -0.341485 0.0
-0.0249768 -0.264546 0.0
-0.0134182 -0.175434 0.0
-0.00480277 -0.0860862 0.0
-0.000729328 -0.0119721 0.0
0.00013797 0.0224249 0.0
0.000480891 0.0944502 0.0
0.00065151 0.149058 0.0
0.000202611 0.188305 0.0
-0.00101846 0.21563 0.0
-0.00290436 0.234828 0.0
-0.00520558 0.249041 0.0
-0.00770304 0.260285 0.0
-0.0102561 0.269637 0.0
-0.0127845 0.277592 0.0
-0.0152453 0.284345 0.0
-0.0176159 0.289959 0.0
-0.0198829 0.294452 0.0
-0.0220382 0.297833 0.0
-0.024076 0.300116 0.0
-0.0259926 0.301325 0.0
-0.0277855 0.301494 0.0
-0.0294537 0.300666 0.0
-0.0309977 0.298894 0.0
-0.032419 0.296237 0.0
-0.0337207 0.292763 0.0
-0.0349068 0.288542 0.0
-0.0359826 0.283652 0.0
-0.0369546 0.278171 0.0
-0.0378298 0.272181 0.0
-0.0386163 0.265762 0.0
-0.0393228 0.258995 0.0
-0.0399583 0.251957 0.0
-0.0405318 0.244724 0.0
-0.0410526 0.237364 0.0
-0.0415294 0.22994 0.0
-0.0419705 0.222506 0.0
-0.0423833 0.21511 0.0
-0.0427744 0.207789 0.0
-0.0431495 0.200573 0.0
-0.043513 0.193483 0.0
-0.0438683 0.186529 0.0
-0.0442179 0.179718 0.0
-0.0445633 0.17305 0.0
-0.044905 0.166517 0.0
-0.0452434 0.160111 0.0
-0.0455778 0.15382 0.0
-0.0459078 0.14763 0.0
-0.0462323 0.141529 0.0
-0.0465507 0.135503 0.0
-0.0468619 0.129539 0.0
-0.0471655 0.123627 0.0
-0.0474609 0.117756 0.0
-0.0477478 0.111918 0.0
-0.0480261 0.106106 0.0
-0.0482961 0.100315 0.0
-0.048558 0.0945401 0.0
-0.0488122 0.088778 0.0
-0.0490595 0.0830258 0.0
-0.0493004 0.0772814 0.0
-0.0495357 0.071543 0.0
-0.0497661 0.0658092 0.0
-0.0499924 0.0600785 0.0
-0.0502152 0.0543497 0.0
-0.0504354 0.0486216 0.0
-0.0506534 0.042893 0.0
-0.0508698 0.0371624 0.0
-0.0510852 0.0314286 0.0
-0.0513001 0.0256903 0.0
-0.0515148 0.0199461 0.0
-0.0517298 0.0141946 0.0
-0.0519455 0.00843446 0.0
-0.052162 0.00266419 0.0
-0.0523793 -0.00311771 0.0
-0.0525981 -0.00891038 0.0
-0.05282 -0.0147181 0.0
-0.0530455 -0.0205437 0.0
-0.0532749 -0.0263894 0.0
-0.0535087 -0.0322572 0.0
-0.0537473 -0.0381493 0.0
-0.0539909 -0.044068 0.0
-0.05424 -0.0500156 0.0
-0.0544948 -0.0559946 0.0
-0.0547552 -0.0620075 0.0
-0.0550215 -0.0680571 0.0
-0.0552932 -0.0741459 0.0
-0.0555703 -0.0802765 0.0
-0.0558521 -0.0864516 0.0
-0.0561381 -0.0926735 0.0
-0.0564273 -0.0989446 0.0
-0.0567188 -0.105267 0.0
-0.0570108 -0.111642 0.0
-0.0573019 -0.118071 0.0
-0.0575898 -0.124555 0.0
-0.0578723 -0.131092 0.0
-0.0581467 -0.137683 0.0
-0.0584099 -0.144324 0.0
-0.0586587 -0.151012 0.0
-0.0588894 -0.157744 0.0
-0.0590982 -0.164513 0.0
-0.059281 -0.171312 0.0
-0.0594338 -0.178135 0.0
-0.0595525 -0.184972 0.0
-0.0596335 -0.191814 0.0
-0.0596741 -0.198652 0.0
-0.0596724 -0.205479 0.0
-0.0596287 -0.212291 0.0
-0.0595463 -0.21909 0.0
-0.059433 -0.225889 0.0
-0.0593031 -0.232716 0.0
-0.05918 -0.239627 0.0
-0.0590992 -0.246716 0.0
-0.0591117 -0.25413 0.0
-0.059286 -0.262091 0.0
-0.0597077 -0.270911 0.0
-0.0604737 -0.281002 0.0
-0.061678 -0.292856 0.0
-0.0633866 -0.306996 0.0
-0.0656036 -0.323866 0.0
-0.0682344 -0.343679 0.0
-0.071058 -0.366228 0.0
-0.0737202 -0.39072 0.0
-0.0757538 -0.415664 0.0
-0.0766254 -0.438829 0.0
-0.0757997 -0.457292 0.0
-0.0728155 -0.467569 0.0
-0.0673665 -0.465831 0.0
-0.0593845 -0.448261 0.0
-0.0491241 -0.411621 0.0
-0.0372389 -0.354161 0.0
-0.0248321 -0.277 0.0
-0.0134365 -0.185934 0.0
-0.00484995 -0.0927883 0.0
-0.000745973 -0.0134474 0.0
0.000165837 0.0221211 0.0
0.00064491 0.093932 0.0
0.0010817 0.148969 0.0
0.000976763 0.188948 0.0
0.000153473 0.217031 0.0
-0.00133189 0.236798 0.0
-0.00327842 0.251318 0.0
-0.00545935 0.262685 0.0
-0.00772202 0.272052 0.0
-0.00997978 0.279963 0.0
-0.0121865 0.286641 0.0
-0.014318 0.292164 0.0
-0.0163609 0.296556 0.0
-0.0183071 0.29983 0.0
-0.0201513 0.302001 0.0
-0.0218896 0.303095 0.0
-0.0235199 0.303147 0.0
-0.0250412 0.302202 0.0
-0.0264535 0.300314 0.0
-0.0277583 0.297543 0.0
-0.028958 0.293958 0.0
-0.0300562 0.289631 0.0
-0.0310575 0.28464 0.0
-0.0319673 0.279065 0.0
-0.032792 0.272987 0.0
-0.0335387 0.266489 0.0
-0.0342148 0.25965 0.0
-0.0348282 0.25255 0.0
-0.0353869 0.245263 0.0
-0.0358988 0.237858 0.0
-0.0363714 0.230396 0.0
-0.0368119 0.222932 0.0
-0.0372267 0.215512 0.0
-0.0376214 0.208173 0.0
-0.0380007 0.200944 0.0
-0.0383684 0.193843 0.0
-0.0387273 0.186883 0.0
-0.0390794 0.180067 0.0
-0.0394259 0.173393 0.0
-0.0397675 0.166856 0.0
-0.0401041 0.160446 0.0
-0.0404355 0.15415 0.0
-0.0407611 0.147955 0.0
-0.0410803 0.141848 0.0
-0.0413925 0.135815 0.0
-0.0416972 0.129843 0.0
-0.0419939 0.123923 0.0
-0.0422824 0.118044 0.0
-0.0425628 0.112197 0.0
-0.0428351 0.106377 0.0
-0.0430996 0.100578 0.0
-0.0433569 0.094796 0.0
-0.0436076 0.089027 0.0
-0.0438522 0.0832687 0.0
-0.0440916 0.0775188 0.0
-0.0443266 0.0717758 0.0
-0.0445579 0.066038 0.0
-0.0447862 0.0603042 0.0
-0.0450124 0.054573 0.0
-0.045237 0.0488431 0.0
-0.0454608 0.0431132 0.0
-0.0456841 0.037382 0.0
-0.0459077 0.031648 0.0
-0.0461317 0.0259099 0.0
-0.0463568 0.0201663 0.0
-0.0465832 0.0144158 0.0
-0.0468112 0.00865698 0.0
-0.0470413 0.00288833 0.0
-0.0472737 -0.00289212 0.0
-0.0475092 -0.00868164 0.0
-0.0477485 -0.0144856 0.0
-0.0479923 -0.020307 0.0
-0.0482409 -0.026148 0.0
-0.0484948 -0.0320108 0.0
-0.0487546 -0.0378974 0.0
-0.0490206 -0.0438102 0.0
-0.0492933 -0.0497517 0.0
-0.0495727 -0.0557243 0.0
-0.0498591 -0.0617309 0.0
-0.0501525 -0.0677742 0.0
-0.0504526 -0.0738569 0.0
-0.0507592 -0.0799819 0.0
-0.0510719 -0.0861517 0.0
-0.05139 -0.0923692 0.0
-0.0517129 -0.0986368 0.0
-0.0520394 -0.104957 0.0
-0.0523682 -0.111332 0.0
-0.0526976 -0.117762 0.0
-0.0530256 -0.124249 0.0
-0.05335 -0.130792 0.0
-0.0536683 -0.13739 0.0
-0.0539776 -0.144043 0.0
-0.0542746 -0.150747 0.0
-0.0545558 -0.157497 0.0
-0.0548174 -0.164289 0.0
-0.0550555 -0.171115 0.0
-0.0552658 -0.177969 0.0
-0.0554443 -0.184841 0.0
-0.0555871 -0.191721 0.0
-0.055691 -0.1986 0.0
-0.0557533 -0.20547 0.0
-0.0557734 -0.212324 0.0
-0.0557528 -0.219161 0.0
-0.0556971 -0.225988 0.0
-0.0556172 -0.232827 0.0
-0.0555323 -0.239724 0.0
-0.0554728 -0.246759 0.0
-0.0554835 -0.254063 0.0
-0.0556269 -0.26184 0.0
-0.0559838 -0.270384 0.0
-0.0566502 -0.280097 0.0
-0.0577257 -0.291481 0.0
-0.0592908 -0.305097 0.0
-0.0613741 -0.321465 0.0
-0.0639131 -0.34091 0.0
-0.0667212 -0.363364 0.0
-0.0694731 -0.388169 0.0
-0.0717195 -0.413935 0.0
-0.0729292 -0.438477 0.0
-0.0725544 -0.458845 0.0
-0.0701071 -0.471448 0.0
-0.0652437 -0.472265 0.0
-0.0578515 -0.457201 0.0
-0.0481371 -0.422655 0.0
-0.0367082 -0.36644 0.0
-0.0246307 -0.289205 0.0
-0.0134185 -0.196337 0.0
-0.00488201 -0.0995084 0.0
-0.000759979 -0.0149533 0.0
0.000191815 0.0217634 0.0
0.000802069 0.0932004 0.0
0.00149994 0.148566 0.0
0.00173496 0.189221 0.0
0.0012887 0.218028 0.0
0.000194996 0.23838 0.0
-0.00138152 0.253259 0.0
-0.0032392 0.264783 0.0
-0.00521054 0.274188 0.0
-0.00719881 0.282073 0.0
-0.00915326 0.288693 0.0
-0.0110479 0.294139 0.0
-0.0128689 0.298445 0.0
-0.0146083 0.301627 0.0
-0.0162609 0.303701 0.0
-0.0178231 0.304696 0.0
-0.0192928 0.304647 0.0
-0.0206689 0.3036 0.0
-0.0219514 0.301611 0.0
-0.0231412 0.298741 0.0
-0.0242405 0.295059 0.0
-0.0252521 0.29064 0.0
-0.0261799 0.285561 0.0
-0.0270285 0.279903 0.0
-0.0278034 0.273749 0.0
-0.0285105 0.267181 0.0
-0.0291562 0.26028 0.0
-0.0297473 0.253125 0.0
-0.0302905 0.24579 0.0
-0.0307925 0.238344 0.0
-0.0312598 0.230849 0.0
-0.0316982 0.223358 0.0
-0.0321132 0.215916 0.0
-0.0325094 0.20856 0.0
-0.0328908 0.201318 0.0
-0.0332603 0.194207 0.0
-0.0336204 0.187238 0.0
-0.0339727 0.180415 0.0
-0.0343181 0.173736 0.0
-0.0346571 0.167194 0.0
-0.0349898 0.160778 0.0
-0.0353161 0.154476 0.0
-0.0356354 0.148275 0.0
-0.0359475 0.14216 0.0
-0.036252 0.136119 0.0
-0.0365485 0.13014 0.0
-0.036837 0.124211 0.0
-0.0371175 0.118324 0.0
-0.0373902 0.11247 0.0
-0.0376554 0.106642 0.0
-0.0379137 0.100836 0.0
-0.0381655 0.0950473 0.0
-0.0384117 0.0892725 0.0
-0.038653 0.0835091 0.0
-0.0388902 0.077755 0.0
-0.0391241 0.0720085 0.0
-0.0393556 0.0662681 0.0
-0.0395853 0.0605323 0.0
-0.0398141 0.0547999 0.0
-0.0400426 0.0490694 0.0
-0.0402715 0.0433395 0.0
-0.0405013 0.0376088 0.0
-0.0407323 0.0318758 0.0
-0.0409652 0.026139 0.0
-0.0412001 0.0203971 0.0
-0.0414375 0.0146487 0.0
-0.0416776 0.00889226 0.0
-0.0419209 0.00312647 0.0
-0.0421685 -0.00265021 0.0
-0.0424207 -0.00843583 0.0
-0.0426775 -0.0142353 0.0
-0.0429396 -0.0200516 0.0
-0.0432074 -0.025887 0.0
-0.0434817 -0.0317436 0.0
-0.0437629 -0.0376237 0.0
-0.0440514 -0.0435294 0.0
-0.0443478 -0.0494635 0.0
-0.0446523 -0.0554286 0.0
-0.044965 -0.0614276 0.0
-0.0452858 -0.0674633 0.0
-0.0456147 -0.0735388 0.0
-0.0459513 -0.0796568 0.0
-0.0462953 -0.0858201 0.0
-0.0466461 -0.0920317 0.0
-0.047003 -0.0982944 0.0
-0.047365 -0.104611 0.0
-0.0477309 -0.110983 0.0
-0.048099 -0.117413 0.0
-0.0484675 -0.123901 0.0
-0.0488342 -0.130448 0.0
-0.0491968 -0.137053 0.0
-0.0495525 -0.143715 0.0
-0.0498982 -0.150432 0.0
-0.0502303 -0.157199 0.0
-0.0505453 -0.164011 0.0
-0.0508393 -0.170862 0.0
-0.051108 -0.177744 0.0
-0.0513474 -0.184648 0.0
-0.0515534 -0.191565 0.0
-0.0517224 -0.198484 0.0
-0.0518514 -0.205395 0.0
-0.0519388 -0.212291 0.0
-0.0519847 -0.219168 0.0
-0.0519928 -0.226028 0.0
-0.0519714 -0.232888 0.0
-0.0519358 -0.239784 0.0
-0.0519116 -0.246783 0.0
-0.0519378 -0.254002 0.0
-0.0520705 -0.261625 0.0
-0.0523851 -0.269927 0.0
-0.0529749 -0.279297 0.0
-0.053942 -0.290238 0.0
-0.0553782 -0.303338 0.0
-0.0573332 -0.319185 0.0
-0.0597745 -0.33821 0.0
-0.0625491 -0.360482 0.0
-0.0653629 -0.385486 0.0
-0.0677873 -0.411948 0.0
-0.0692974 -0.437744 0.0
-0.0693362 -0.459914 0.0
-0.0673926 -0.47477 0.0
-0.0630881 -0.478111 0.0
-0.0562673 -0.465569 0.0
-0.0470899 -0.43318 0.0
-0.0361181 -0.378317 0.0
-0.0243798 -0.301145 0.0
-0.0133676 -0.206622 0.0
-0.00489999 -0.106228 0.0
-0.000771419 -0.0164847 0.0
0.000215852 0.0213557 0.0
0.000951516 0.0922621 0.0
0.00190366 0.147854 0.0
0.00247332 0.189128 0.0
0.00240009 0.21864 0.0
0.00168318 0.239578 0.0
0.000470963 0.254849 0.0
-0.00105101 0.266572 0.0
-0.0027254 0.276045 0.0
-0.00444424 0.283924 0.0
-0.00614801 0.2905 0.0
-0.00780769 0.295886 0.0
-0.00940887 0.300121 0.0
-0.0109435 0.303225 0.0
-0.0124063 0.305218 0.0
-0.0137942 0.306129 0.0
-0.015105 0.305994 0.0
-0.0163375 0.304861 0.0
-0.0174915 0.302786 0.0
-0.0185676 0.299832 0.0
-0.0195675 0.296068 0.0
-0.0204934 0.291569 0.0
-0.0213484 0.286415 0.0
-0.0221363 0.280686 0.0
-0.0228615 0.274466 0.0
-0.023529 0.267838 0.0
-0.024144 0.260883 0.0
-0.0247122 0.253681 0.0
-0.0252391 0.246305 0.0
-0.0257303 0.238823 0.0
-0.0261908 0.231298 0.0
-0.0266256 0.223782 0.0
-0.0270391 0.21632 0.0
-0.027435 0.208948 0.0
-0.0278163 0.201692 0.0
-0.0281856 0.194571 0.0
-0.0285447 0.187593 0.0
-0.0288949 0.180763 0.0
-0.029237 0.174077 0.0
-0.0295715 0.167527 0.0
-0.0298983 0.161104 0.0
-0.0302175 0.154795 0.0
-0.0305288 0.148586 0.0
-0.0308321 0.142464 0.0
-0.0311273 0.136415 0.0
-0.0314144 0.130428 0.0
-0.0316935 0.124491 0.0
-0.0319648 0.118596 0.0
-0.0322287 0.112734 0.0
-0.0324859 0.1069 0.0
-0.0327369 0.101088 0.0
-0.0329824 0.0952933 0.0
-0.0332233 0.0895137 0.0
-0.0334604 0.0837463 0.0
-0.0336946 0.0779891 0.0
-0.0339267 0.0722404 0.0
-0.0341575 0.0664985 0.0
-0.0343879 0.0607621 0.0
-0.0346186 0.0550297 0.0
-0.0348503 0.0492999 0.0
-0.0350837 0.0435713 0.0
-0.0353191 0.0378423 0.0
-0.0355572 0.0321115 0.0
-0.0357984 0.0263773 0.0
-0.0360429 0.0206384 0.0
-0.0362912 0.0148931 0.0
-0.0365437 0.00914036 0.0
-0.0368007 0.00337877 0.0
-0.0370631 -0.00239255 0.0
-0.0373311 -0.00817324 0.0
-0.037605 -0.0139672 0.0
-0.0378852 -0.0197774 0.0
-0.0381724 -0.0256061 0.0
-0.038467 -0.0314555 0.0
-0.0387698 -0.0373278 0.0
-0.0390812 -0.0432253 0.0
-0.0394016 -0.0491508 0.0
-0.0397314 -0.055107 0.0
-0.0400708 -0.0610971 0.0
-0.0404196 -0.0671241 0.0
-0.0407778 -0.073191 0.0
-0.0411449 -0.0793008 0.0
-0.0415206 -0.0854564 0.0
-0.0419045 -0.0916608 0.0
-0.0422959 -0.097917 0.0
-0.042694 -0.104228 0.0
-0.0430975 -0.110596 0.0
-0.0435049 -0.117024 0.0
-0.0439144 -0.123512 0.0
-0.0443239 -0.130061 0.0
-0.0447313 -0.13667 0.0
-0.0451339 -0.14334 0.0
-0.0455287 -0.150067 0.0
-0.0459124 -0.156848 0.0
-0.0462813 -0.163678 0.0
-0.0466318 -0.17055 0.0
-0.0469598 -0.177458 0.0
-0.047261 -0.184393 0.0
-0.0475315 -0.191344 0.0
-0.0477674 -0.1983 0.0
-0.0479652 -0.205252 0.0
-0.0481228 -0.21219 0.0
-0.0482392 -0.219107 0.0
-0.0483164 -0.226004 0.0
-0.0483605 -0.23289 0.0
-0.0483836 -0.239794 0.0
-0.0484069 -0.246774 0.0
-0.0484638 -0.253929 0.0
-0.0486043 -0.261425 0.0
-0.0488977 -0.269519 0.0
-0.0494331 -0.278581 0.0
-0.0503129 -0.289108 0.0
-0.051637 -0.301708 0.0
-0.0534726 -0.317024 0.0
-0.0558147 -0.335587 0.0
-0.0585432 -0.357601 0.0
-0.061396 -0.3827 0.0
-0.0639677 -0.409738 0.0
-0.0657436 -0.436668 0.0
-0.0661609 -0.460534 0.0
-0.0646886 -0.477566 0.0
-0.0609161 -0.483392 0.0
-0.0546471 -0.473377 0.0
-0.0459958 -0.4432 0.0
-0.0354789 -0.389785 0.0
-0.0240863 -0.312807 0.0
-0.0132877 -0.216771 0.0
-0.00490503 -0.112929 0.0
-0.000780397 -0.0180365 0.0
0.00023796 0.0209019 0.0
0.0010928 0.0911254 0.0
0.00229119 0.14684 0.0
0.00318908 0.188674 0.0
0.00348445 0.218872 0.0
0.00314197 0.240406 0.0
0.00228632 0.25609 0.0
0.00109449 0.268046 0.0
-0.000276183 0.277616 0.0
-0.0017201 0.285515 0.0
-0.00317346 0.292066 0.0
-0.00459948 0.297406 0.0
-0.00598257 0.301585 0.0
-0.00731417 0.304627 0.0
-0.00858898 0.306554 0.0
-0.00980401 0.307396 0.0
-0.0109572 0.307191 0.0
-0.0120472 0.305987 0.0
-0.0130737 0.303841 0.0
-0.014037 0.300816 0.0
-0.0149381 0.296984 0.0
-0.0157788 0.292419 0.0
-0.0165613 0.287202 0.0
-0.0172885 0.281414 0.0
-0.0179639 0.275139 0.0
-0.0185915 0.26846 0.0
-0.0191753 0.26146 0.0
-0.0197199 0.254217 0.0
-0.0202295 0.246805 0.0
-0.0207085 0.239293 0.0
-0.0211609 0.231741 0.0
-0.0215906 0.224203 0.0
-0.0220009 0.216723 0.0
-0.0223945 0.209335 0.0
-0.0227739 0.202066 0.0
-0.0231409 0.194933 0.0
-0.023497 0.187946 0.0
-0.0238432 0.181106 0.0
-0.0241801 0.174412 0.0
-0.0245081 0.167854 0.0
-0.0248272 0.161423 0.0
-0.0251377 0.155106 0.0
-0.0254394 0.148889 0.0
-0.0257325 0.142758 0.0
-0.0260171 0.136701 0.0
-0.0262934 0.130706 0.0
-0.0265618 0.124761 0.0
-0.0268228 0.118858 0.0
-0.0270769 0.11299 0.0
-0.027325 0.107149 0.0
-0.0275677 0.101332 0.0
-0.027806 0.0955329 0.0
-0.0280407 0.0897497 0.0
-0.0282728 0.0839795 0.0
-0.0285031 0.0782204 0.0
-0.0287325 0.0724706 0.0
-0.0289619 0.0667285 0.0
-0.0291922 0.0609927 0.0
-0.029424 0.0552616 0.0
-0.0296581 0.0495338 0.0
-0.0298952 0.0438077 0.0
-0.0301357 0.0380819 0.0
-0.0303803 0.0323546 0.0
-0.0306292 0.0266243 0.0
-0.030883 0.0208897 0.0
-0.031142 0.0151491 0.0
-0.0314065 0.00940137 0.0
-0.031677 0.00364535 0.0
-0.0319539 -0.00211985 0.0
-0.0322376 -0.00789426 0.0
-0.0325284 -0.0136815 0.0
-0.0328267 -0.0194845 0.0
-0.0331333 -0.0253054 0.0
-0.0334485 -0.0311464 0.0
-0.033773 -0.0370096 0.0
-0.0341075 -0.0428976 0.0
-0.0344523 -0.0488131 0.0
-0.0348079 -0.0547592 0.0
-0.0351744 -0.0607391 0.0
-0.0355517 -0.066756 0.0
-0.0359397 -0.0728131 0.0
-0.0363378 -0.0789135 0.0
-0.0367459 -0.08506 0.0
-0.0371635 -0.0912557 0.0
-0.03759 -0.097504 0.0
-0.0380248 -0.103808 0.0
-0.0384665 -0.110171 0.0
-0.0389138 -0.116595 0.0
-0.0393648 -0.123081 0.0
-0.0398177 -0.12963 0.0
-0.0402705 -0.136242 0.0
-0.0407206 -0.142916 0.0
-0.0411651 -0.149651 0.0
-0.0416009 -0.156444 0.0
-0.0420245 -0.163289 0.0
-0.0424323 -0.170181 0.0
-0.0428203 -0.177112 0.0
-0.0431844 -0.184074 0.0
-0.0435205 -0.191056 0.0
-0.0438247 -0.198048 0.0
-0.0440933 -0.205038 0.0
-0.0443235 -0.212016 0.0
-0.0445138 -0.218974 0.0
-0.0446647 -0.225909 0.0
-0.0447804 -0.232825 0.0
-0.0448702 -0.239746 0.0
-0.0449513 -0.246718 0.0
-0.0450524 -0.253827 0.0
-0.0452172 -0.261222 0.0
-0.0455088 -0.269137 0.0
-0.0460109 -0.277925 0.0
-0.0468246 -0.28807 0.0
-0.0480546 -0.300192 0.0
-0.0497826 -0.314977 0.0
-0.052028 -0.333047 0.0
-0.0547023 -0.354739 0.0
-0.0575756 -0.379837 0.0
-0.0602684 -0.407337 0.0
-0.0622787 -0.435283 0.0
-0.0630418 -0.460738 0.0
-0.0620096 -0.479866 0.0
-0.0587422 -0.488132 0.0
-0.0530047 -0.480644 0.0
-0.0448667 -0.452723 0.0
-0.0348003 -0.400846 0.0
-0.0237571 -0.324182 0.0
-0.0131823 -0.226769 0.0
-0.00489838 -0.119598 0.0
-0.000787046 -0.019604 0.0
0.000258174 0.0204058 0.0
0.00122566 0.0897992 0.0
0.00266139 0.145532 0.0
0.00388009 0.187866 0.0
0.00453903 0.218726 0.0
0.00456834 0.240865 0.0
0.00406835 0.256986 0.0
0.00320468 0.269205 0.0
0.0021324 0.2789 0.0
0.000963464 0.286844 0.0
-0.000234568 0.293389 0.0
-0.00142579 0.2987 0.0
-0.00259191 0.30284 0.0
-0.00372199 0.305834 0.0
-0.00480989 0.30771 0.0
-0.00585319 0.308498 0.0
-0.00684977 0.308238 0.0
-0.00779813 0.306978 0.0
-0.00869768 0.304776 0.0
-0.00954849 0.301696 0.0
-0.0103512 0.297809 0.0
-0.0111068 0.293191 0.0
-0.0118168 0.287923 0.0
-0.012483 0.282086 0.0
-0.0131081 0.275767 0.0
-0.0136951 0.269047 0.0
-0.0142469 0.262009 0.0
-0.0147668 0.254732 0.0
-0.015258 0.247291 0.0
-0.0157236 0.239752 0.0
-0.0161666 0.232177 0.0
-0.0165896 0.224619 0.0
-0.016995 0.217122 0.0
-0.0173847 0.209719 0.0
-0.0177603 0.202437 0.0
-0.0181233 0.195292 0.0
-0.0184746 0.188294 0.0
-0.0188149 0.181445 0.0
-0.0191448 0.17474 0.0
-0.0194646 0.168173 0.0
-0.0197745 0.161733 0.0
-0.0200747 0.155407 0.0
-0.0203654 0.14918 0.0
-0.0206469 0.143041 0.0
-0.0209196 0.136975 0.0
-0.0211839 0.130972 0.0
-0.0214405 0.12502 0.0
-0.02169 0.11911 0.0
-0.0219333 0.113236 0.0
-0.0221713 0.10739 0.0
-0.0224049 0.101568 0.0
-0.022635 0.0957653 0.0
-0.0228626 0.0899795 0.0
-0.0230887 0.0842078 0.0
-0.0233142 0.078448 0.0
-0.02354 0.0726983 0.0
-0.0237671 0.0669573 0.0
-0.0239963 0.0612233 0.0
-0.0242283 0.0554949 0.0
-0.024464 0.0497704 0.0
-0.024704 0.0440482 0.0
-0.0249489 0.0383268 0.0
-0.0251992 0.0326045 0.0
-0.0254554 0.0268796 0.0
-0.0257179 0.0211507 0.0
-0.025987 0.0154162 0.0
-0.0262632 0.00967499 0.0
-0.0265468 0.00392583 0.0
-0.026838 -0.0018322 0.0
-0.0271373 -0.00759902 0.0
-0.027445 -0.0133783 0.0
-0.0277617 -0.0191727 0.0
-0.0280877 -0.0249846 0.0
-0.0284237 -0.030816 0.0
-0.0287703 -0.036669 0.0
-0.0291281 -0.0425461 0.0
-0.0294977 -0.0484502 0.0
-0.0298795 -0.0543847 0.0
-0.0302736 -0.0603529 0.0
-0.03068 -0.0663584 0.0
-0.0310984 -0.0724044 0.0
-0.0315282 -0.0784941 0.0
-0.0319692 -0.0846303 0.0
-0.0324211 -0.090816 0.0
-0.0328834 -0.0970548 0.0
-0.0333555 -0.10335 0.0
-0.0338362 -0.109706 0.0
-0.034324 -0.116125 0.0
-0.0348172 -0.122607 0.0
-0.0353142 -0.129154 0.0
-0.0358129 -0.135766 0.0
-0.0363112 -0.142443 0.0
-0.0368062 -0.149184 0.0
-0.0372948 -0.155986 0.0
-0.0377737 -0.162844 0.0
-0.0382395 -0.169752 0.0
-0.0386885 -0.176704 0.0
-0.0391164 -0.18369 0.0
-0.0395193 -0.190701 0.0
-0.0398932 -0.197725 0.0
-0.0402343 -0.204751 0.0
-0.0405394 -0.211768 0.0
-0.0408064 -0.218765 0.0
-0.0410349 -0.225738 0.0
-0.0412273 -0.232688 0.0
-0.0413906 -0.239631 0.0
-0.0415387 -0.246604 0.0
-0.0416956 -0.253682 0.0
-0.0418995 -0.260997 0.0
-0.0422068 -0.268763 0.0
-0.0426957 -0.277308 0.0
-0.0434638 -0.287105 0.0
-0.0446185 -0.298773 0.0
-0.0462527 -0.313034 0.0
-0.0484072 -0.330591 0.0
-0.0510233 -0.351905 0.0
-0.0539031 -0.376917 0.0
-0.0566944 -0.404772 0.0
-0.0589113 -0.43362 0.0
-0.0599897 -0.46056 0.0
-0.059368 -0.481699 0.0
-0.0565796 -0.492355 0.0
-0.0513527 -0.487385 0.0
-0.043714 -0.461758 0.0
-0.0340916 -0.4115 0.0
-0.0233985 -0.335265 0.0
-0.0130552 -0.236604 0.0
-0.0048813 -0.12622 0.0
-0.000791518 -0.0211825 0.0
0.000276533 0.0198711 0.0
0.00134995 0.088293 0.0
0.0030134 0.143939 0.0
0.00454463 0.186709 0.0
0.00556149 0.218207 0.0
0.00595962 0.240956 0.0
0.00581429 0.25754 0.0
0.00527829 0.270051 0.0
0.0045045 0.279901 0.0
0.00360882 0.287908 0.0
0.00266304 0.294468 0.0
0.0017061 0.299769 0.0
0.00075878 0.303885 0.0
-0.0001686 0.306847 0.0
-0.00107022 0.308687 0.0
-0.00194252 0.309437 0.0
-0.00278312 0.309137 0.0
-0.00359014 0.307835 0.0
-0.00436286 0.305591 0.0
-0.00510121 0.302469 0.0
-0.00580542 0.298542 0.0
-0.0064759 0.293884 0.0
-0.00711294 0.288577 0.0
-0.00771748 0.282703 0.0
-0.00829144 0.276349 0.0
-0.00883682 0.269597 0.0
-0.00935555 0.26253 0.0
-0.00984966 0.255226 0.0
-0.0103212 0.24776 0.0
-0.0107721 0.240199 0.0
-0.0112042 0.232605 0.0
-0.0116191 0.22503 0.0
-0.0120181 0.217516 0.0
-0.0124023 0.210099 0.0
-0.0127725 0.202803 0.0
-0.0131297 0.195646 0.0
-0.0134744 0.188636 0.0
-0.0138074 0.181776 0.0
-0.0141288 0.175061 0.0
-0.014439 0.168483 0.0
-0.0147381 0.162032 0.0
-0.0150267 0.155696 0.0
-0.0153051 0.14946 0.0
-0.0155737 0.143311 0.0
-0.0158332 0.137237 0.0
-0.0160844 0.131226 0.0
-0.0163281 0.125266 0.0
-0.0165651 0.11935 0.0
-0.0167966 0.11347 0.0
-0.0170234 0.10762 0.0
-0.0172467 0.101794 0.0
-0.0174677 0.0959896 0.0
-0.0176872 0.0902024 0.0
-0.0179064 0.0844302 0.0
-0.0181262 0.0786708 0.0
-0.0183475 0.0729226 0.0
-0.0185713 0.0671838 0.0
-0.0187984 0.061453 0.0
-0.0190297 0.0557286 0.0
-0.0192661 0.0500088 0.0
-0.0195082 0.0442919 0.0
-0.0197567 0.0385764 0.0
-0.020012 0.0328605 0.0
-0.0202746 0.0271425 0.0
-0.0205452 0.0214208 0.0
-0.0208239 0.015694 0.0
-0.0211113 0.00996077 0.0
-0.0214075 0.00421988 0.0
-0.0217129 -0.00152965 0.0
-0.0220277 -0.00728748 0.0
-0.0223525 -0.0130573 0.0
-0.0226876 -0.0188419 0.0
-0.0230333 -0.0246436 0.0
-0.0233903 -0.0304641 0.0
-0.0237591 -0.0363054 0.0
-0.0241407 -0.0421702 0.0
-0.0245355 -0.0480616 0.0
-0.024944 -0.053983 0.0
-0.0253663 -0.0599382 0.0
-0.0258023 -0.0659307 0.0
-0.0262516 -0.0719644 0.0
-0.0267139 -0.0780421 0.0
-0.0271885 -0.0841667 0.0
-0.0276752 -0.090341 0.0
-0.028174 -0.0965688 0.0
-0.0286841 -0.102854 0.0
-0.0292045 -0.109201 0.0
-0.0297336 -0.115613 0.0
-0.0302698 -0.122089 0.0
-0.0308115 -0.128633 0.0
-0.031357 -0.135243 0.0
-0.0319042 -0.141921 0.0
-0.0324504 -0.148666 0.0
-0.0329926 -0.155474 0.0
-0.0335276 -0.162342 0.0
-0.0340523 -0.169264 0.0
-0.0345631 -0.176233 0.0
-0.0350558 -0.183241 0.0
-0.0355266 -0.190277 0.0
-0.0359715 -0.19733 0.0
-0.0363868 -0.204389 0.0
-0.0367689 -0.211442 0.0
-0.0371152 -0.218477 0.0
-0.0374245 -0.225488 0.0
-0.037698 -0.232472 0.0
-0.0379408 -0.23944 0.0
-0.0381637 -0.246423 0.0
-0.0383866 -0.253483 0.0
-0.0386425 -0.260737 0.0
-0.0389816 -0.268377 0.0
-0.0394757 -0.276711 0.0
-0.0402181 -0.286192 0.0
-0.0413164 -0.297433 0.0
-0.0428721 -0.311184 0.0
-0.0449441 -0.328215 0.0
-0.0475013 -0.349108 0.0
-0.0503775 -0.373959 0.0
-0.0532488 -0.402068 0.0
-0.0556474 -0.431709 0.0
-0.0570134 -0.460027 0.0
-0.0567743 -0.483093 0.0
-0.0544393 -0.496084 0.0
-0.049702 -0.49362 0.0
-0.0425478 -0.470316 0.0
-0.0333612 -0.42175 0.0
-0.0230169 -0.346052 0.0
-0.0129099 -0.246267 0.0
-0.0048551 -0.132785 0.0
-0.000793989 -0.022768 0.0
0.000293075 0.0193015 0.0
0.00146557 0.0866167 0.0
0.00334657 0.142071 0.0
0.00518128 0.185211 0.0
0.00654978 0.21732 0.0
0.00731342 0.240682 0.0
0.00752179 0.257751 0.0
0.00731359 0.270584 0.0
0.00683842 0.280616 0.0
0.00621506 0.288711 0.0
0.00551999 0.295306 0.0
0.00479594 0.300612 0.0
0.0040658 0.304719 0.0
0.00334059 0.307665 0.0
0.00262605 0.309485 0.0
0.00192592 0.310212 0.0
0.00124249 0.309886 0.0
0.000577317 0.308558 0.0
-6.85265e-05 0.306287 0.0
-0.000694229 0.303138 0.0
-0.00129942 0.299183 0.0
-0.00188428 0.294498 0.0
-0.00244768 0.289163 0.0
-0.00298934 0.283263 0.0
-0.00351096 0.276884 0.0
-0.00401362 0.270109 0.0
-0.00449805 0.26302 0.0
-0.00496506 0.255696 0.0
-0.00541554 0.248211 0.0
-0.00585032 0.240633 0.0
-0.0062701 0.233023 0.0
-0.00667549 0.225432 0.0
-0.0070669 0.217904 0.0
-0.00744417 0.210472 0.0
-0.00780733 0.203163 0.0
-0.00815707 0.195993 0.0
-0.00849391 0.188971 0.0
-0.00881802 0.182098 0.0
-0.00912959 0.175371 0.0
-0.00942882 0.168782 0.0
-0.00971608 0.16232 0.0
-0.00999181 0.155973 0.0
-0.0102566 0.149726 0.0
-0.0105113 0.143568 0.0
-0.0107566 0.137485 0.0
-0.0109935 0.131466 0.0
-0.0112232 0.1255 0.0
-0.0114466 0.119578 0.0
-0.0116651 0.113693 0.0
-0.0118798 0.107839 0.0
-0.0120919 0.102011 0.0
-0.0123026 0.0962048 0.0
-0.0125131 0.0904173 0.0
-0.0127244 0.0846459 0.0
-0.0129375 0.0788881 0.0
-0.0131533 0.0731423 0.0
-0.0133726 0.0674072 0.0
-0.0135967 0.0616809 0.0
-0.0138264 0.0559618 0.0
-0.0140625 0.0502481 0.0
-0.0143058 0.044538 0.0
-0.0145569 0.0388298 0.0
-0.0148164 0.0331218 0.0
-0.0150848 0.0274122 0.0
-0.0153626 0.0216994 0.0
-0.0156503 0.0159819 0.0
-0.0159483 0.0102582 0.0
-0.0162568 0.00452716 0.0
-0.016576 -0.00121235 0.0
-0.0169063 -0.00695964 0.0
-0.0172482 -0.0127185 0.0
-0.0176019 -0.0184919 0.0
-0.0179677 -0.0242821 0.0
-0.0183458 -0.0300904 0.0
-0.0187373 -0.0359187 0.0
-0.019143 -0.0417697 0.0
-0.0195635 -0.0476468 0.0
-0.0199991 -0.0535537 0.0
-0.0204501 -0.0594943 0.0
-0.0209163 -0.0654725 0.0
-0.0213973 -0.0714922 0.0
-0.0218925 -0.0775568 0.0
-0.0224014 -0.0836685 0.0
-0.0229237 -0.08983 0.0
-0.0234596 -0.0960452 0.0
-0.0240085 -0.102319 0.0
-0.0245693 -0.108655 0.0
-0.0251406 -0.115058 0.0
-0.0257205 -0.121528 0.0
-0.0263077 -0.128065 0.0
-0.0269008 -0.134672 0.0
-0.0274977 -0.141348 0.0
-0.028096 -0.148094 0.0
-0.0286926 -0.154907 0.0
-0.0292846 -0.161782 0.0
-0.0298691 -0.168714 0.0
-0.0304426 -0.175698 0.0
-0.0310012 -0.182724 0.0
-0.031541 -0.189783 0.0
-0.0320583 -0.196862 0.0
-0.0325492 -0.203951 0.0
-0.0330101 -0.211037 0.0
-0.033438 -0.218108 0.0
-0.0338312 -0.225155 0.0
-0.0341897 -0.232173 0.0
-0.034517 -0.239169 0.0
-0.0348214 -0.246167 0.0
-0.0351193 -0.253219 0.0
-0.0354387 -0.260426 0.0
-0.0358239 -0.267963 0.0
-0.0363402 -0.276114 0.0
-0.0370757 -0.28531 0.0
-0.0381365 -0.296155 0.0
-0.0396296 -0.309413 0.0
-0.0416296 -0.325914 0.0
-0.0441303 -0.346351 0.0
-0.0469962 -0.370973 0.0
-0.0499324 -0.399246 0.0
-0.0524913 -0.429573 0.0
-0.0541197 -0.459168 0.0
-0.054237 -0.484074 0.0
-0.052331 -0.499344 0.0
-0.0480627 -0.499365 0.0
-0.0413774 -0.47841 0.0
-0.032617 -0.431603 0.0
-0.0226181 -0.356542 0.0
-0.01275 -0.255752 0.0
-0.00482108 -0.139284 0.0
-0.000794643 -0.0243567 0.0
0.000307832 0.0187006 0.0
0.00157245 0.0847805 0.0
0.00366035 0.139939 0.0
0.00578879 0.18338 0.0
0.00750204 0.216068 0.0
0.00862751 0.240044 0.0
0.00918856 0.25762 0.0
0.00930857 0.270803 0.0
0.00913253 0.281048 0.0
0.00878128 0.289254 0.0
0.00833596 0.295903 0.0
0.00784349 0.301232 0.0
0.00732905 0.305344 0.0
0.00680477 0.308289 0.0
0.00627666 0.310103 0.0
0.00574844 0.310822 0.0
0.00522232 0.310486 0.0
0.00469986 0.309146 0.0
0.00418243 0.306862 0.0
0.00367116 0.303699 0.0
0.00316697 0.29973 0.0
0.00267082 0.295032 0.0
0.00218337 0.28968 0.0
0.00170514 0.283766 0.0
0.00123662 0.277372 0.0
0.000777889 0.270583 0.0
0.000329094 0.26348 0.0
-0.00010953 0.256142 0.0
-0.000537611 0.248644 0.0
-0.000954782 0.241053 0.0
-0.00136074 0.233429 0.0
-0.00175515 0.225826 0.0
-0.00213769 0.218285 0.0
-0.00250679 0.210838 0.0
-0.0028614 0.203515 0.0
-0.00320237 0.196332 0.0
-0.00353005 0.189297 0.0
-0.00384421 0.182411 0.0
-0.0041448 0.175671 0.0
-0.00443201 0.169069 0.0
-0.00470624 0.162595 0.0
-0.00496807 0.156236 0.0
-0.00521831 0.149979 0.0
-0.00545791 0.14381 0.0
-0.00568795 0.137718 0.0
-0.00590962 0.131691 0.0
-0.00612421 0.125718 0.0
-0.00633304 0.119791 0.0
-0.00653748 0.113902 0.0
-0.0067389 0.108046 0.0
-0.00693866 0.102216 0.0
-0.00713808 0.0964097 0.0
-0.00733845 0.0906232 0.0
-0.00754094 0.0848538 0.0
-0.00774645 0.0790988 0.0
-0.0079556 0.0733565 0.0
-0.00816949 0.0676262 0.0
-0.00838946 0.0619059 0.0
-0.0086165 0.0561935 0.0
-0.00885142 0.0504874 0.0
-0.00909496 0.0447855 0.0
-0.00934781 0.0390863 0.0
-0.00961061 0.0333877 0.0
-0.00988395 0.0276881 0.0
-0.0101684 0.0219858 0.0
-0.0104643 0.0162792 0.0
-0.0107723 0.0105668 0.0
-0.0110925 0.00484733 0.0
-0.0114253 -0.000880451 0.0
-0.011771 -0.00661553 0.0
-0.01213 -0.0123617 0.0
-0.0125026 -0.0181224 0.0
-0.0128885 -0.0239 0.0
-0.0132881 -0.0296948 0.0
-0.0137026 -0.0355084 0.0
-0.0141329 -0.041344 0.0
-0.0145796 -0.0472054 0.0
-0.0150428 -0.0530963 0.0
-0.0155229 -0.0590207 0.0
-0.0160198 -0.0649829 0.0
-0.0165331 -0.0709874 0.0
-0.0170619 -0.0770376 0.0
-0.0176056 -0.0831352 0.0
-0.0181643 -0.0892822 0.0
-0.018738 -0.0954834 0.0
-0.0193264 -0.101744 0.0
-0.0199285 -0.108068 0.0
-0.0205428 -0.11446 0.0
-0.0211673 -0.120921 0.0
-0.0218008 -0.127451 0.0
-0.0224421 -0.134051 0.0
-0.0230898 -0.140724 0.0
-0.023741 -0.147469 0.0
-0.0243929 -0.154284 0.0
-0.0250428 -0.161163 0.0
-0.025688 -0.168103 0.0
-0.0263254 -0.175098 0.0
-0.026951 -0.18214 0.0
-0.027561 -0.189217 0.0
-0.0281519 -0.196319 0.0
-0.02872 -0.203435 0.0
-0.0292614 -0.210551 0.0
-0.0297731 -0.217655 0.0
-0.0302528 -0.224735 0.0
-0.0306997 -0.231787 0.0
-0.031116 -0.238812 0.0
-0.0315078 -0.245828 0.0
-0.0318884 -0.252879 0.0
-0.0322815 -0.260053 0.0
-0.0327256 -0.267507 0.0
-0.0332797 -0.275501 0.0
-0.0340259 -0.284443 0.0
-0.0350674 -0.294921 0.0
-0.0365145 -0.307707 0.0
-0.0384544 -0.32368 0.0
-0.0409034 -0.343635 0.0
-0.0437554 -0.367971 0.0
-0.0467446 -0.396322 0.0
-0.0494455 -0.427237 0.0
-0.0513137 -0.458007 0.0
-0.0517632 -0.484667 0.0
-0.0502629 -0.502157 0.0
-0.0464432 -0.50464 0.0
-0.0402108 -0.486053 0.0
-0.031866 -0.441066 0.0
-0.0222074 -0.366737 0.0
-0.0125786 -0.265054 0.0
-0.00478051 -0.145709 0.0
-0.000793676 -0.025945 0.0
0.000320839 0.0180719 0.0
0.00167053 0.0827949 0.0
0.00395427 0.137553 0.0
0.00636604 0.181226 0.0
0.00841651 0.214459 0.0
0.00989973 0.239045 0.0
0.0108123 0.257145 0.0
0.011261 0.270709 0.0
0.011385 0.281194 0.0
0.0113062 0.289538 0.0
0.0111102 0.296261 0.0
0.0108483 0.301628 0.0
0.0105483 0.305762 0.0
0.0102239 0.30872 0.0
0.00988155 0.310543 0.0
0.009525 0.311267 0.0
0.00915641 0.310935 0.0
0.00877736 0.309598 0.0
0.00838936 0.307315 0.0
0.00799384 0.304153 0.0
0.0075922 0.300183 0.0
0.00718592 0.295482 0.0
0.00677604 0.290128 0.0
0.00636376 0.284209 0.0
0.00595068 0.277811 0.0
0.00553806 0.271016 0.0
0.00512712 0.263907 0.0
0.00471919 0.256562 0.0
0.00431571 0.249056 0.0
0.00391815 0.241456 0.0
0.00352797 0.233822 0.0
0.00314666 0.226208 0.0
0.00277584 0.218655 0.0
0.00241681 0.211195 0.0
0.00207064 0.203858 0.0
0.00173837 0.196662 0.0
0.00142047 0.189613 0.0
0.00111713 0.182713 0.0
0.000828411 0.175958 0.0
0.000554124 0.169343 0.0
0.000293803 0.162855 0.0
4.67059e-05 0.156484 0.0
-0.000188105 0.150215 0.0
-0.000411756 0.144037 0.0
-0.000625573 0.137936 0.0
-0.000830993 0.131901 0.0
-0.00102952 0.125922 0.0
-0.0012227 0.11999 0.0
-0.00141208 0.114098 0.0
-0.00159919 0.108239 0.0
-0.00178552 0.102409 0.0
-0.00197254 0.0966034 0.0
-0.00216163 0.090819 0.0
-0.00235413 0.085053 0.0
-0.002551 0.0793021 0.0
-0.0027525 0.073564 0.0
-0.00295984 0.06784 0.0
-0.00317479 0.062127 0.0
-0.00339826 0.0564229 0.0
-0.00363105 0.0507257 0.0
-0.00387394 0.0450336 0.0
-0.00412768 0.0393448 0.0
-0.00439296 0.0336573 0.0
-0.00467044 0.0279693 0.0
-0.0049607 0.0222792 0.0
-0.00526428 0.0165853 0.0
-0.00558166 0.010886 0.0
-0.00591323 0.00517996 0.0
-0.00625925 -0.000534233 0.0
-0.00661996 -0.00625537 0.0
-0.00699582 -0.0119871 0.0
-0.00738725 -0.0177331 0.0
-0.00779356 -0.023497 0.0
-0.00821486 -0.0292768 0.0
-0.00865278 -0.035074 0.0
-0.00910829 -0.0408926 0.0
-0.00958167 -0.0467368 0.0
-0.0100731 -0.0526102 0.0
-0.0105827 -0.058517 0.0
-0.0111106 -0.0644618 0.0
-0.0116567 -0.0704493 0.0
-0.0122197 -0.0764839 0.0
-0.0127989 -0.082566 0.0
-0.0133945 -0.0886971 0.0
-0.0140069 -0.0948824 0.0
-0.0146356 -0.101127 0.0
-0.0152797 -0.107438 0.0
-0.0159378 -0.113818 0.0
-0.0166077 -0.120269 0.0
-0.0172883 -0.126789 0.0
-0.0179789 -0.133381 0.0
-0.0186781 -0.140047 0.0
-0.0193833 -0.146789 0.0
-0.0200915 -0.153604 0.0
-0.0208001 -0.160485 0.0
-0.0215072 -0.167429 0.0
-0.0222095 -0.174432 0.0
-0.0229032 -0.181486 0.0
-0.0235846 -0.188579 0.0
-0.0242505 -0.1957 0.0
-0.0248973 -0.202839 0.0
-0.025521 -0.209982 0.0
-0.0261184 -0.217115 0.0
-0.0266871 -0.224227 0.0
-0.0272255 -0.23131 0.0
-0.0277347 -0.238363 0.0
-0.0282192 -0.2454 0.0
-0.0286893 -0.252456 0.0
-0.0291649 -0.259607 0.0
-0.0296795 -0.266994 0.0
-0.0302855 -0.274854 0.0
-0.0310587 -0.28357 0.0
-0.0320984 -0.293712 0.0
-0.0335162 -0.30605 0.0
-0.0354089 -0.321503 0.0
-0.037813 -0.340958 0.0
-0.0406501 -0.364959 0.0
-0.0436835 -0.393312 0.0
-0.0465106 -0.42472 0.0
-0.0485986 -0.456569 0.0
-0.0493582 -0.484897 0.0
-0.0482416 -0.504545 0.0
-0.0448509 -0.509463 0.0
-0.0390555 -0.493258 0.0
-0.0311148 -0.450146 0.0
-0.02179 -0.376639 0.0
-0.012399 -0.274171 0.0
-0.00473464 -0.152055 0.0
-0.000791285 -0.02753 0.0
0.000332124 0.0174189 0.0
0.00175979 0.0806705 0.0
0.00422792 0.134925 0.0
0.00691198 0.178758 0.0
0.0092915 0.212497 0.0
0.0111278 0.237687 0.0
0.0123904 0.256328 0.0
0.0131685 0.270299 0.0
0.0135936 0.281055 0.0
0.0137881 0.289562 0.0
0.0138414 0.29638 0.0
0.0138094 0.301803 0.0
0.013723 0.305973 0.0
0.0135975 0.308959 0.0
0.0134404 0.310804 0.0
0.0132553 0.311548 0.0
0.0130445 0.311234 0.0
0.0128096 0.309913 0.0
0.0125521 0.307646 0.0
0.0122737 0.304497 0.0
0.0119762 0.300538 0.0
0.0116615 0.295847 0.0
0.0113312 0.290502 0.0
0.0109872 0.28459 0.0
0.010632 0.278197 0.0
0.0102679 0.271406 0.0
0.00989718 0.264298 0.0
0.00952224 0.256953 0.0
0.0091456 0.249445 0.0
0.00876982 0.24184 0.0
0.00839745 0.234201 0.0
0.00803104 0.226578 0.0
0.00767306 0.219014 0.0
0.00732537 0.211543 0.0
0.00698963 0.204193 0.0
0.0066677 0.196982 0.0
0.0063607 0.189918 0.0
0.00606911 0.183002 0.0
0.00579313 0.176233 0.0
0.00553258 0.169603 0.0
0.00528696 0.163101 0.0
0.00505542 0.156717 0.0
0.00483687 0.150436 0.0
0.00462994 0.144247 0.0
0.00443312 0.138137 0.0
0.00424474 0.132094 0.0
0.0040631 0.126109 0.0
0.00388644 0.120173 0.0
0.00371303 0.114278 0.0
0.00354118 0.108418 0.0
0.00336928 0.102588 0.0
0.00319577 0.0967846 0.0
0.00301924 0.0910035 0.0
0.00283848 0.0852418 0.0
0.0026523 0.0794962 0.0
0.00245926 0.0737643 0.0
0.00225838 0.0680479 0.0
0.00204895 0.0623435 0.0
0.00182982 0.056649 0.0
0.0016 0.0509622 0.0
0.00135861 0.0452814 0.0
0.00110482 0.0396045 0.0
0.000837861 0.0339297 0.0
0.000556993 0.0282552 0.0
0.0002615 0.0225791 0.0
-4.92636e-05 0.0168997 0.0
-0.000375695 0.0112154 0.0
-0.000718098 0.00552458 0.0
-0.00107689 -0.000174035 0.0
-0.0014521 -0.00587964 0.0
-0.00184408 -0.0115949 0.0
-0.00225381 -0.017324 0.0
-0.00268041 -0.0230732 0.0
-0.00312383 -0.0288359 0.0
-0.00358597 -0.0346148 0.0
-0.00406739 -0.0404149 0.0
-0.00456805 -0.0462404 0.0
-0.00508802 -0.0520952 0.0
-0.00562746 -0.057983 0.0
-0.00618663 -0.0639086 0.0
-0.00676563 -0.0698773 0.0
-0.00736331 -0.0758951 0.0
-0.00797856 -0.0819604 0.0
-0.00861196 -0.0880737 0.0
-0.00926383 -0.0942416 0.0
-0.00993357 -0.10047 0.0
-0.0106205 -0.106764 0.0
-0.0113231 -0.11313 0.0
-0.0120392 -0.11957 0.0
-0.0127677 -0.126079 0.0
-0.0135086 -0.13266 0.0
-0.0142603 -0.139317 0.0
-0.0150205 -0.146053 0.0
-0.015786 -0.152866 0.0
-0.0165544 -0.159746 0.0
-0.0173243 -0.166691 0.0
-0.0180928 -0.173699 0.0
-0.0188557 -0.180763 0.0
-0.0196097 -0.187867 0.0
-0.0203521 -0.195004 0.0
-0.0210791 -0.202162 0.0
-0.0217867 -0.209328 0.0
-0.0224719 -0.216486 0.0
-0.0231319 -0.223627 0.0
-0.0237647 -0.230739 0.0
-0.0243704 -0.23782 0.0
-0.0249521 -0.244878 0.0
-0.0255178 -0.251943 0.0
-0.0260839 -0.259079 0.0
-0.026679 -0.266412 0.0
-0.0273496 -0.274159 0.0
-0.0281651 -0.282676 0.0
-0.0292197 -0.292512 0.0
-0.0306244 -0.304428 0.0
-0.0324836 -0.319373 0.0
-0.0348512 -0.338316 0.0
-0.0376745 -0.361941 0.0
-0.0407459 -0.390226 0.0
-0.0436865 -0.422038 0.0
-0.0459765 -0.454872 0.0
-0.047026 -0.484784 0.0
-0.0462727 -0.506527 0.0
-0.043292 -0.513852 0.0
-0.0379177 -0.500039 0.0
-0.0303692 -0.458855 0.0
-0.0213705 -0.386255 0.0
-0.012214 -0.283104 0.0
-0.00468467 -0.158316 0.0
-0.000787671 -0.0291089 0.0
0.000341717 0.0167451 0.0
0.00184019 0.0784182 0.0
0.00448089 0.132069 0.0
0.00742559 0.175986 0.0
0.0101253 0.21019 0.0
0.0123096 0.235974 0.0
0.0139204 0.255169 0.0
0.0150283 0.269573 0.0
0.0157561 0.280628 0.0
0.016225 0.289325 0.0
0.0165281 0.29626 0.0
0.0167256 0.301757 0.0
0.0168521 0.305979 0.0
0.016925 0.309005 0.0
0.0169525 0.310886 0.0
0.0169388 0.311664 0.0
0.0168861 0.311381 0.0
0.016796 0.310091 0.0
0.0166702 0.307851 0.0
0.0165104 0.304729 0.0
0.0163188 0.300795 0.0
0.0160976 0.296126 0.0
0.0158491 0.290802 0.0
0.0155759 0.284908 0.0
0.0152812 0.27853 0.0
0.0149683 0.271751 0.0
0.0146404 0.264652 0.0
0.014301 0.257314 0.0
0.0139537 0.249808 0.0
0.013602 0.242204 0.0
0.0132496 0.234562 0.0
0.0129 0.226933 0.0
0.0125566 0.219361 0.0
0.0122218 0.211879 0.0
0.0118981 0.204516 0.0
0.011588 0.19729 0.0
0.0112931 0.190211 0.0
0.0110142 0.18328 0.0
0.0107518 0.176494 0.0
0.0105058 0.169848 0.0
0.0102756 0.163332 0.0
0.0100602 0.156933 0.0
0.00985859 0.15064 0.0
0.00966906 0.144439 0.0
0.00948992 0.13832 0.0
0.00931931 0.13227 0.0
0.00915531 0.126279 0.0
0.00899596 0.120339 0.0
0.00883937 0.114442 0.0
0.00868366 0.108581 0.0
0.0085271 0.102753 0.0
0.00836803 0.0969523 0.0
0.00820496 0.0911754 0.0
0.00803654 0.0854191 0.0
0.00786136 0.0796803 0.0
0.00767782 0.0739569 0.0
0.00748492 0.0682491 0.0
0.00728196 0.0625546 0.0
0.00706792 0.056871 0.0
0.00684173 0.0511962 0.0
0.00660245 0.0455281 0.0
0.00634916 0.0398649 0.0
0.00608103 0.0342045 0.0
0.00579726 0.0285451 0.0
0.00549711 0.0228848 0.0
0.00517995 0.0172219 0.0
0.00484524 0.0115543 0.0
0.00449254 0.00588071 0.0
0.00412157 0.000199608 0.0
0.00373255 -0.00548905 0.0
0.0033257 -0.0111867 0.0
0.00290058 -0.0168974 0.0
0.00245472 -0.0226273 0.0
0.00198701 -0.0283706 0.0
0.00149906 -0.03413 0.0
0.000991184 -0.0399104 0.0
0.000462941 -0.045716 0.0
-8.6017e-05 -0.0515507 0.0
-0.000655585 -0.0574185 0.0
-0.00124582 -0.0633237 0.0
-0.00185744 -0.0692716 0.0
-0.00248981 -0.0752707 0.0
-0.00314191 -0.0813174 0.0
-0.00381424 -0.087411 0.0
-0.0045066 -0.0935601 0.0
-0.00521809 -0.0997702 0.0
-0.00594821 -0.106047 0.0
-0.00669609 -0.112397 0.0
-0.00745916 -0.118824 0.0
-0.00823657 -0.125319 0.0
-0.00902869 -0.131887 0.0
-0.00983397 -0.138533 0.0
-0.0106502 -0.145261 0.0
-0.0114739 -0.152069 0.0
-0.0123031 -0.158945 0.0
-0.013137 -0.165888 0.0
-0.0139729 -0.172898 0.0
-0.0148064 -0.179968 0.0
-0.0156343 -0.18708 0.0
-0.0164545 -0.194228 0.0
-0.0172633 -0.201402 0.0
-0.0180566 -0.208587 0.0
-0.0188314 -0.215767 0.0
-0.0195849 -0.222932 0.0
-0.0203147 -0.230071 0.0
-0.0210202 -0.237177 0.0
-0.0217033 -0.244256 0.0
-0.0223699 -0.251332 0.0
-0.0230335 -0.25846 0.0
-0.0237183 -0.265751 0.0
-0.0244651 -0.273402 0.0
-0.0253368 -0.281746 0.0
-0.0264219 -0.291303 0.0
-0.0278295 -0.302825 0.0
-0.0296692 -0.317278 0.0
-0.0320098 -0.335704 0.0
-0.0348226 -0.358917 0.0
-0.0379279 -0.387072 0.0
-0.0409715 -0.419208 0.0
-0.0434481 -0.452936 0.0
-0.0447694 -0.484349 0.0
-0.0443602 -0.508125 0.0
-0.0417716 -0.517824 0.0
-0.0368029 -0.50641 0.0
-0.0296342 -0.467201 0.0
-0.0209529 -0.395588 0.0
-0.0120264 -0.291853 0.0
-0.00463174 -0.164491 0.0
-0.000783033 -0.0306796 0.0
0.000349648 0.0160537 0.0
0.00191169 0.0760491 0.0
0.00471281 0.128996 0.0
0.00790585 0.172921 0.0
0.0109162 0.207545 0.0
0.0134426 0.233908 0.0
0.0153995 0.253667 0.0
0.0168376 0.268529 0.0
0.0178695 0.279913 0.0
0.0186143 0.288827 0.0
0.0191681 0.295901 0.0
0.0195954 0.301491 0.0
0.0199344 0.30578 0.0
0.020205 0.308861 0.0
0.0204169 0.310791 0.0
0.0205745 0.311615 0.0
0.0206804 0.311377 0.0
0.0207359 0.31013 0.0
0.020743 0.307931 0.0
0.0207035 0.304848 0.0
0.0206197 0.300951 0.0
0.0204944 0.296317 0.0
0.0203302 0.291024 0.0
0.0201304 0.285159 0.0
0.019899 0.278805 0.0
0.01964 0.272047 0.0
0.0193578 0.264966 0.0
0.0190568 0.25764 0.0
0.0187414 0.250144 0.0
0.0184164 0.242545 0.0
0.0180864 0.234903 0.0
0.0177557 0.227271 0.0
0.0174287 0.219693 0.0
0.0171086 0.212202 0.0
0.0167986 0.204827 0.0
0.0165017 0.197587 0.0
0.0162201 0.190491 0.0
0.0159549 0.183543 0.0
0.0157069 0.176741 0.0
0.0154761 0.170078 0.0
0.015262 0.163546 0.0
0.0150635 0.157132 0.0
0.0148793 0.150826 0.0
0.0147077 0.144614 0.0
0.0145469 0.138485 0.0
0.0143947 0.132427 0.0
0.014249 0.126431 0.0
0.0141077 0.120487 0.0
0.0139687 0.114589 0.0
0.01383 0.108729 0.0
0.0136896 0.102903 0.0
0.0135459 0.0971056 0.0
0.0133971 0.0913339 0.0
0.0132417 0.0855843 0.0
0.0130783 0.0798537 0.0
0.0129052 0.0741401 0.0
0.0127213 0.0684427 0.0
0.0125258 0.0627595 0.0
0.0123177 0.0570883 0.0
0.0120959 0.0514269 0.0
0.0118594 0.0457732 0.0
0.0116072 0.0401252 0.0
0.0113385 0.034481 0.0
0.0110523 0.0288385 0.0
0.0107479 0.0231959 0.0
0.0104246 0.0175513 0.0
0.0100817 0.0119026 0.0
0.00971881 0.0062481 0.0
0.00933566 0.000586343 0.0
0.00893249 -0.00508359 0.0
0.00850939 -0.0107622 0.0
0.00806568 -0.0164531 0.0
0.00759962 -0.0221597 0.0
0.00711037 -0.0278813 0.0
0.00659879 -0.0336198 0.0
0.00606538 -0.0393793 0.0
0.00551017 -0.0451637 0.0
0.00493312 -0.050977 0.0
0.00433414 -0.0568237 0.0
0.00371333 -0.0627076 0.0
0.0030709 -0.0686337 0.0
0.00240494 -0.0746103 0.0
0.00171405 -0.0806349 0.0
0.00100071 -0.0867078 0.0
0.000266868 -0.092837 0.0
-0.000486989 -0.0990279 0.0
-0.00126043 -0.105286 0.0
-0.00205347 -0.111618 0.0
-0.00286429 -0.11803 0.0
-0.00369207 -0.124508 0.0
-0.00453674 -0.131061 0.0
-0.00539645 -0.137694 0.0
-0.00626947 -0.144411 0.0
-0.00715238 -0.151213 0.0
-0.0080436 -0.158081 0.0
-0.00894284 -0.165019 0.0
-0.00984738 -0.172027 0.0
-0.0107526 -0.1791 0.0
-0.0116557 -0.186217 0.0
-0.0125554 -0.193372 0.0
-0.0134475 -0.200558 0.0
-0.0143281 -0.207757 0.0
-0.0151946 -0.214955 0.0
-0.0160438 -0.222141 0.0
-0.0168731 -0.229302 0.0
-0.0176815 -0.236431 0.0
-0.0184698 -0.243531 0.0
-0.0192422 -0.250618 0.0
-0.0200095 -0.257743 0.0
-0.0207921 -0.265001 0.0
-0.0216255 -0.272572 0.0
-0.0225662 -0.280763 0.0
-0.0236965 -0.29007 0.0
-0.0251224 -0.301225 0.0
-0.0269566 -0.315205 0.0
-0.0292805 -0.333113 0.0
-0.0320875 -0.355889 0.0
-0.0352248 -0.383858 0.0
-0.0383632 -0.416239 0.0
-0.0410134 -0.450778 0.0
-0.04259 -0.48361 0.0
-0.0425075 -0.509356 0.0
-0.0402939 -0.521395 0.0
-0.0357157 -0.512385 0.0
-0.0289145 -0.475195 0.0
-0.0205412 -0.404648 0.0
-0.0118387 -0.300422 0.0
-0.00457692 -0.170578 0.0
-0.000777565 -0.0322402 0.0
0.000355945 0.0153481 0.0
0.00197428 0.0735743 0.0
0.00492331 0.125721 0.0
0.00835178 0.169574 0.0
0.0116623 0.204571 0.0
0.0145244 0.231494 0.0
0.0168246 0.251823 0.0
0.018593 0.267166 0.0
0.0199307 0.278906 0.0
0.0209534 0.288066 0.0
0.021759 0.295303 0.0
0.0224166 0.301005 0.0
0.022968 0.305376 0.0
0.0234362 0.308526 0.0
0.0238322 0.310518 0.0
0.0241613 0.311401 0.0
0.0244262 0.31122 0.0
0.0246284 0.310029 0.0
0.0247697 0.307884 0.0
0.0248522 0.304852 0.0
0.0248784 0.301004 0.0
0.0248512 0.296416 0.0
0.024774 0.291166 0.0
0.0246505 0.28534 0.0
0.0244854 0.279021 0.0
0.0242836 0.272292 0.0
0.0240502 0.265236 0.0
0.0237905 0.257931 0.0
0.0235101 0.250449 0.0
0.0232145 0.24286 0.0
0.0229094 0.235223 0.0
0.0226001 0.227591 0.0
0.0222915 0.220009 0.0
0.021988 0.21251 0.0
0.0216934 0.205124 0.0
0.0214112 0.197869 0.0
0.0211441 0.190757 0.0
0.0208937 0.183792 0.0
0.020661 0.176973 0.0
0.0204461 0.170292 0.0
0.0202486 0.163743 0.0
0.0200675 0.157315 0.0
0.0199013 0.150994 0.0
0.0197483 0.144771 0.0
0.0196062 0.138632 0.0
0.019473 0.132566 0.0
0.0193463 0.126564 0.0
0.0192237 0.120618 0.0
0.019103 0.114718 0.0
0.018982 0.108859 0.0
0.0188586 0.103036 0.0
0.018731 0.0972436 0.0
0.0185973 0.0914783 0.0
0.0184559 0.0857366 0.0
0.0183051 0.0800156 0.0
0.0181433 0.074313 0.0
0.0179694 0.0686276 0.0
0.0177822 0.0629573 0.0
0.0175809 0.0573 0.0
0.0173643 0.0516536 0.0
0.0171313 0.046016 0.0
0.0168809 0.040385 0.0
0.0166123 0.0347587 0.0
0.0163243 0.029135 0.0
0.0160163 0.023512 0.0
0.0156872 0.0178876 0.0
0.0153366 0.0122598 0.0
0.0149638 0.00662659 0.0
0.0145687 0.000986126 0.0
0.0141514 -0.00466295 0.0
0.0137121 -0.0103204 0.0
0.01325 -0.0159891 0.0
0.0127641 -0.0216717 0.0
0.0122537 -0.0273697 0.0
0.0117191 -0.0330852 0.0
0.0111606 -0.0388219 0.0
0.0105784 -0.0445835 0.0
0.00997236 -0.0503741 0.0
0.0093426 -0.0561979 0.0
0.00868909 -0.062059 0.0
0.00801166 -0.0679624 0.0
0.00730927 -0.0739133 0.0
0.00658142 -0.0799131 0.0
0.00582965 -0.0859645 0.0
0.00505578 -0.0920726 0.0
0.00426071 -0.0982433 0.0
0.00344512 -0.104481 0.0
0.00260907 -0.110793 0.0
0.00174951 -0.117185 0.0
0.000868089 -0.123644 0.0
-3.05517e-05 -0.130181 0.0
-0.000945249 -0.136799 0.0
-0.0018752 -0.143503 0.0
-0.00281832 -0.150295 0.0
-0.00377322 -0.157153 0.0
-0.00473913 -0.164082 0.0
-0.00571347 -0.171084 0.0
-0.00669174 -0.178159 0.0
-0.0076715 -0.185275 0.0
-0.00865213 -0.192433 0.0
-0.00962934 -0.199627 0.0
-0.010599 -0.206838 0.0
-0.0115589 -0.214049 0.0
-0.0125061 -0.221252 0.0
-0.0134374 -0.228432 0.0
-0.0143516 -0.235579 0.0
-0.0152485 -0.242697 0.0
-0.0161311 -0.249797 0.0
-0.0170079 -0.256921 0.0
-0.0178956 -0.264153 0.0
-0.018825 -0.271657 0.0
-0.0198463 -0.279716 0.0
-0.0210356 -0.288797 0.0
-0.0224945 -0.299612 0.0
-0.0243372 -0.31314 0.0
-0.0266554 -0.330535 0.0
-0.0294624 -0.352852 0.0
-0.0326317 -0.380588 0.0
-0.0358587 -0.413144 0.0
-0.0386711 -0.44841 0.0
-0.0404886 -0.482583 0.0
-0.0407168 -0.510236 0.0
-0.0388624 -0.524583 0.0
-0.0346601 -0.517978 0.0
-0.0282139 -0.48285 0.0
-0.0201387 -0.413443 0.0
-0.0116532 -0.308815 0.0
-0.00452125 -0.176579 0.0
-0.000771454 -0.0337892 0.0
0.00036064 0.0146316 0.0
0.00202794 0.0710052 0.0
0.00511205 0.122257 0.0
0.00876236 0.16596 0.0
0.012362 0.201275 0.0
0.0155524 0.228737 0.0
0.0181925 0.24964 0.0
0.0202911 0.265482 0.0
0.0219361 0.277607 0.0
0.0232387 0.287039 0.0
0.024298 0.294464 0.0
0.0251867 0.300297 0.0
0.025951 0.304768 0.0
0.0266166 0.308001 0.0
0.0271968 0.310068 0.0
0.0276976 0.311022 0.0
0.028122 0.31091 0.0
0.0284719 0.309786 0.0
0.028749 0.307708 0.0
0.0289554 0.30474 0.0
0.0290938 0.300953 0.0
0.0291675 0.296421 0.0
0.0291801 0.291226 0.0
0.0291361 0.285448 0.0
0.0290406 0.279173 0.0
0.0288992 0.272483 0.0
0.0287179 0.26546 0.0
0.0285029 0.258182 0.0
0.0282606 0.250721 0.0
0.0279975 0.243147 0.0
0.0277202 0.235519 0.0
0.0274347 0.22789 0.0
0.0271471 0.220306 0.0
0.0268622 0.212801 0.0
0.0265848 0.205404 0.0
0.0263189 0.198136 0.0
0.0260676 0.191009 0.0
0.025833 0.184026 0.0
0.0256164 0.177188 0.0
0.0254182 0.17049 0.0
0.025238 0.163924 0.0
0.0250748 0.157479 0.0
0.0249271 0.151144 0.0
0.024793 0.144908 0.0
0.0246703 0.138759 0.0
0.0245565 0.132686 0.0
0.0244493 0.126679 0.0
0.024346 0.120729 0.0
0.0242443 0.114829 0.0
0.0241417 0.108972 0.0
0.0240361 0.103152 0.0
0.0239254 0.0973657 0.0
0.0238076 0.0916078 0.0
0.0236809 0.0858753 0.0
0.0235436 0.0801651 0.0
0.0233941 0.0744749 0.0
0.023231 0.0688028 0.0
0.0230531 0.063147 0.0
0.0228595 0.0575053 0.0
0.0226488 0.0518756 0.0
0.0224202 0.0462556 0.0
0.0221724 0.0406434 0.0
0.0219045 0.0350368 0.0
0.0216155 0.0294338 0.0
0.0213044 0.0238323 0.0
0.0209704 0.0182303 0.0
0.0206126 0.0126255 0.0
0.0202305 0.00701576 0.0
0.0198239 0.00139871 0.0
0.0193931 -0.00422746 0.0
0.0189382 -0.00986165 0.0
0.0184586 -0.0155062 0.0
0.0179534 -0.0211636 0.0
0.0174222 -0.0268362 0.0
0.0168647 -0.0325267 0.0
0.0162813 -0.0382385 0.0
0.0156719 -0.0439753 0.0
0.0150367 -0.0497411 0.0
0.0143757 -0.0555401 0.0
0.0136889 -0.0613764 0.0
0.012976 -0.0672547 0.0
0.0122368 -0.0731793 0.0
0.0114712 -0.0791536 0.0
0.0106801 -0.0851812 0.0
0.00986476 -0.0912667 0.0
0.00902589 -0.0974153 0.0
0.00816405 -0.103632 0.0
0.00727923 -0.109921 0.0
0.00637052 -0.116288 0.0
0.0054394 -0.122729 0.0
0.00448919 -0.129248 0.0
0.00352158 -0.13585 0.0
0.00253702 -0.142537 0.0
0.00153252 -0.149313 0.0
0.000510291 -0.156158 0.0
-0.000523622 -0.163077 0.0
-0.00156815 -0.170071 0.0
-0.00262048 -0.177142 0.0
-0.00367885 -0.184254 0.0
-0.00474223 -0.19141 0.0
-0.00580604 -0.198608 0.0
-0.00686646 -0.205826 0.0
-0.00792189 -0.213045 0.0
-0.00896922 -0.220261 0.0
-0.0100048 -0.227456 0.0
-0.0110277 -0.234618 0.0
-0.0120366 -0.241753 0.0
-0.0130335 -0.248862 0.0
-0.0140248 -0.255987 0.0
-0.0150243 -0.263199 0.0
-0.0160582 -0.270648 0.0
-0.0171709 -0.278592 0.0
-0.0184318 -0.287471 0.0
-0.0199377 -0.297973 0.0
-0.0218026 -0.311072 0.0
-0.0241264 -0.327961 0.0
-0.0269405 -0.349805 0.0
-0.0301429 -0.377264 0.0
-0.0334541 -0.40993 0.0
-0.0364196 -0.445846 0.0
-0.0384651 -0.481284 0.0
-0.0389895 -0.510783 0.0
-0.0374795 -0.527401 0.0
-0.0336394 -0.523203 0.0
-0.0275359 -0.490175 0.0
-0.0197484 -0.42198 0.0
-0.0114722 -0.31704 0.0
-0.00446568 -0.182493 0.0
-0.000764882 -0.0353256 0.0
0.000363766 0.0139071 0.0
0.00207269 0.0683534 0.0
0.00527871 0.118618 0.0
0.00913662 0.16209 0.0
0.0130133 0.197669 0.0
0.0165239 0.225643 0.0
0.0195 0.247118 0.0
0.021928 0.263477 0.0
0.0238819 0.276013 0.0
0.0254667 0.285746 0.0
0.0267816 0.293384 0.0
0.0279028 0.299368 0.0
0.0288805 0.303955 0.0
0.0297439 0.307284 0.0
0.0305084 0.309439 0.0
0.0311813 0.310476 0.0
0.031766 0.310446 0.0
0.0322648 0.309402 0.0
0.0326792 0.307401 0.0
0.0330116 0.304508 0.0
0.0332647 0.300793 0.0
0.033442 0.29633 0.0
0.0335476 0.291199 0.0
0.0335864 0.28548 0.0
0.033564 0.279259 0.0
0.0334867 0.272616 0.0
0.0333611 0.265634 0.0
0.0331944 0.25839 0.0
0.0329937 0.250956 0.0
0.0327664 0.243402 0.0
0.0325199 0.235787 0.0
0.0322612 0.228166 0.0
0.031997 0.220582 0.0
0.0317331 0.213073 0.0
0.0314749 0.205668 0.0
0.0312269 0.198387 0.0
0.0309928 0.191244 0.0
0.0307753 0.184243 0.0
0.0305758 0.177387 0.0
0.0303949 0.17067 0.0
0.0302326 0.164086 0.0
0.0300878 0.157624 0.0
0.029959 0.151275 0.0
0.0298443 0.145026 0.0
0.0297413 0.138867 0.0
0.0296476 0.132786 0.0
0.0295603 0.126773 0.0
0.0294769 0.120821 0.0
0.0293948 0.114921 0.0
0.0293113 0.109066 0.0
0.0292242 0.103251 0.0
0.0291311 0.0974709 0.0
0.0290299 0.0917215 0.0
0.0289188 0.0859993 0.0
0.0287959 0.0803012 0.0
0.0286595 0.0746246 0.0
0.0285081 0.0689675 0.0
0.0283405 0.0633278 0.0
0.0281554 0.0577033 0.0
0.0279517 0.0520919 0.0
0.0277282 0.0464914 0.0
0.0274838 0.0408997 0.0
0.0272175 0.0353147 0.0
0.0269282 0.0297342 0.0
0.0266149 0.0241563 0.0
0.0262767 0.0185786 0.0
0.0259126 0.012999 0.0
0.025522 0.00741497 0.0
0.0251046 0.00182356 0.0
0.0246611 -0.00377798 0.0
0.0241916 -0.00938683 0.0
0.0236954 -0.0150051 0.0
0.0231715 -0.0206356 0.0
0.0226195 -0.0262809 0.0
0.0220393 -0.0319443 0.0
0.0214309 -0.0376291 0.0
0.0207945 -0.043339 0.0
0.0201301 -0.0490779 0.0
0.0194378 -0.05485 0.0
0.0187176 -0.0606594 0.0
0.0179693 -0.0665106 0.0
0.0171931 -0.0724079 0.0
0.016389 -0.0783553 0.0
0.0155577 -0.084357 0.0
0.0146998 -0.0904176 0.0
0.0138161 -0.0965418 0.0
0.0129069 -0.102734 0.0
0.0119727 -0.109 0.0
0.0110134 -0.115341 0.0
0.0100303 -0.121761 0.0
0.00902531 -0.128261 0.0
0.00799962 -0.134844 0.0
0.00695379 -0.141513 0.0
0.0058874 -0.148266 0.0
0.00480268 -0.155097 0.0
0.00370372 -0.162005 0.0
0.0025926 -0.168987 0.0
0.0014655 -0.176046 0.0
0.000324404 -0.183151 0.0
-0.000823171 -0.190303 0.0
-0.00197461 -0.197501 0.0
-0.00312763 -0.20472 0.0
-0.00428081 -0.211942 0.0
-0.00543043 -0.219167 0.0
-0.00657274 -0.226372 0.0
-0.00770694 -0.233545 0.0
-0.00883111 -0.240693 0.0
-0.00994607 -0.24781 0.0
-0.0110568 -0.254937 0.0
-0.0121741 -0.262133 0.0
-0.0133203 -0.269534 0.0
-0.0145341 -0.277379 0.0
-0.0158785 -0.286079 0.0
-0.0174446 -0.296294 0.0
-0.019345 -0.308986 0.0
-0.0216859 -0.325382 0.0
-0.0245148 -0.346741 0.0
-0.027753 -0.373887 0.0
-0.0311455 -0.406603 0.0
-0.0342564 -0.443097 0.0
-0.0365189 -0.479726 0.0
-0.0373265 -0.511009 0.0
-0.0361473 -0.529863 0.0
-0.0326562 -0.528072 0.0
-0.0268836 -0.497182 0.0
-0.0193733 -0.43027 0.0
-0.0112974 -0.325101 0.0
-0.00441112 -0.188324 0.0
-0.000758023 -0.0368485 0.0
0.000365358 0.013178 0.0
0.00210852 0.0656305 0.0
0.00542299 0.114821 0.0
0.00947361 0.157979 0.0
0.0136145 0.193762 0.0
0.0174361 0.222217 0.0
0.0207433 0.24426 0.0
0.0234997 0.261151 0.0
0.0257637 0.274122 0.0
0.027633 0.284183 0.0
0.029206 0.292059 0.0
0.0305614 0.298217 0.0
0.0317536 0.302937 0.0
0.0328153 0.306378 0.0
0.0337645 0.308633 0.0
0.03461 0.309765 0.0
0.035356 0.309827 0.0
0.0360048 0.308873 0.0
0.0365583 0.306961 0.0
0.0370188 0.304155 0.0
0.0373893 0.300523 0.0
0.0376733 0.296139 0.0
0.0378752 0.291082 0.0
0.0380004 0.285433 0.0
0.0380548 0.279274 0.0
0.0380455 0.272688 0.0
0.0379796 0.265754 0.0
0.037865 0.258551 0.0
0.0377097 0.251151 0.0
0.0375218 0.243622 0.0
0.0373096 0.236026 0.0
0.0370808 0.228415 0.0
0.0368428 0.220835 0.0
0.0366024 0.213324 0.0
0.0363656 0.205912 0.0
0.0361374 0.198619 0.0
0.0359222 0.191461 0.0
0.0357229 0.184443 0.0
0.0355415 0.177568 0.0
0.0353789 0.170833 0.0
0.0352351 0.16423 0.0
0.0351092 0.157751 0.0
0.0349998 0.151386 0.0
0.0349049 0.145124 0.0
0.0348221 0.138954 0.0
0.0347487 0.132865 0.0
0.0346819 0.126848 0.0
0.0346189 0.120893 0.0
0.0345568 0.114993 0.0
0.0344931 0.109141 0.0
0.034425 0.103331 0.0
0.0343503 0.0975585 0.0
0.0342666 0.0918187 0.0
0.0341719 0.086108 0.0
0.0340643 0.0804232 0.0
0.0339418 0.0747616 0.0
0.033803 0.0691208 0.0
0.0336465 0.0634987 0.0
0.0334708 0.0578931 0.0
0.0332749 0.0523018 0.0
0.0330574 0.0467225 0.0
0.0328173 0.0411531 0.0
0.0325535 0.0355915 0.0
0.0322648 0.0300355 0.0
0.0319502 0.0244829 0.0
0.0316087 0.0189316 0.0
0.0312394 0.0133793 0.0
0.0308414 0.00782329 0.0
0.0304141 0.00225998 0.0
0.0299589 -0.00331565 0.0
0.029476 -0.00889681 0.0
0.0289636 -0.0144865 0.0
0.0284213 -0.0200879 0.0
0.0278487 -0.025704 0.0
0.0272458 -0.0313381 0.0
0.0266126 -0.0369938 0.0
0.0259493 -0.0426746 0.0
0.0252558 -0.0483845 0.0
0.0245323 -0.0541275 0.0
0.0237787 -0.059908 0.0
0.0229952 -0.0657303 0.0
0.0221818 -0.0715986 0.0
0.0213387 -0.0775175 0.0
0.0204664 -0.0834912 0.0
0.0195654 -0.0895245 0.0
0.0186362 -0.095622 0.0
0.0176793 -0.101788 0.0
0.0166951 -0.108028 0.0
0.0156841 -0.114343 0.0
0.0146472 -0.120739 0.0
0.0135857 -0.127216 0.0
0.0125004 -0.133778 0.0
0.0113921 -0.140425 0.0
0.0102616 -0.147157 0.0
0.00911044 -0.153971 0.0
0.007941 -0.160863 0.0
0.00675475 -0.167832 0.0
0.00555143 -0.174871 0.0
0.00433371 -0.181967 0.0
0.00310647 -0.189112 0.0
0.00186899 -0.196303 0.0
0.000620656 -0.203517 0.0
-0.000633174 -0.210738 0.0
-0.00188681 -0.217967 0.0
-0.00313816 -0.225178 0.0
-0.00438659 -0.232356 0.0
-0.005629 -0.239514 0.0
-0.00686572 -0.246637 0.0
-0.00810034 -0.253765 0.0
-0.00934104 -0.260946 0.0
-0.0106067 -0.268308 0.0
-0.0119305 -0.276067 0.0
-0.0133693 -0.284607 0.0
-0.0150082 -0.29456 0.0
-0.016957 -0.30687 0.0
-0.0193266 -0.322787 0.0
-0.0221785 -0.343655 0.0
-0.0254561 -0.370457 0.0
-0.0289285 -0.403169 0.0
-0.0321788 -0.44017 0.0
-0.0346488 -0.47792 0.0
-0.0357278 -0.510929 0.0
-0.034867 -0.531984 0.0
-0.0317128 -0.532597 0.0
-0.0262595 -0.503883 0.0
-0.0190156 -0.438324 0.0
-0.0111309 -0.333009 0.0
-0.00435841 -0.194075 0.0
-0.000751042 -0.0383575 0.0
0.000365454 0.0124472 0.0
0.00213549 0.0628481 0.0
0.00554465 0.110879 0.0
0.0097724 0.153642 0.0
0.0141636 0.189567 0.0
0.0182862 0.218468 0.0
0.0219188 0.24107 0.0
0.0250017 0.258502 0.0
0.0275768 0.271932 0.0
0.029733 0.282348 0.0
0.0315666 0.290487 0.0
0.0331584 0.296841 0.0
0.0345665 0.301712 0.0
0.0358275 0.305279 0.0
0.0369621 0.307647 0.0
0.0379808 0.308886 0.0
0.038889 0.309052 0.0
0.0396893 0.3082 0.0
0.0403838 0.306387 0.0
0.0409748 0.303677 0.0
0.0414654 0.300139 0.0
0.0418592 0.295845 0.0
0.042161 0.290872 0.0
0.0423763 0.285302 0.0
0.0425117 0.279215 0.0
0.0425745 0.272693 0.0
0.0425725 0.265816 0.0
0.0425142 0.258662 0.0
0.0424084 0.251302 0.0
0.0422639 0.243804 0.0
0.0420896 0.236231 0.0
0.0418942 0.228634 0.0
0.0416857 0.221062 0.0
0.0414716 0.213552 0.0
0.0412585 0.206134 0.0
0.0410523 0.198831 0.0
0.0408577 0.191659 0.0
0.0406781 0.184624 0.0
0.040516 0.177731 0.0
0.0403726 0.170976 0.0
0.0402481 0.164355 0.0
0.0401418 0.157858 0.0
0.0400523 0.151478 0.0
0.0399776 0.145202 0.0
0.0399153 0.139021 0.0
0.0398626 0.132924 0.0
0.0398167 0.126902 0.0
0.0397745 0.120944 0.0
0.039733 0.115045 0.0
0.0396896 0.109196 0.0
0.0396412 0.103392 0.0
0.0395855 0.0976279 0.0
0.0395201 0.0918985 0.0
0.0394426 0.0862004 0.0
0.0393509 0.0805301 0.0
0.0392433 0.0748847 0.0
0.039118 0.0692618 0.0
0.0389734 0.0636589 0.0
0.0388081 0.0580738 0.0
0.0386208 0.0525043 0.0
0.0384103 0.046948 0.0
0.0381754 0.0414027 0.0
0.0379148 0.0358663 0.0
0.0376276 0.0303366 0.0
0.0373126 0.0248113 0.0
0.036969 0.0192883 0.0
0.0365957 0.0137652 0.0
0.0361921 0.00823912 0.0
0.0357573 0.00270626 0.0
0.0352916 -0.00284099 0.0
0.0347948 -0.0083918 0.0
0.0342662 -0.0139506 0.0
0.0337054 -0.0195207 0.0
0.0331123 -0.0251055 0.0
0.0324869 -0.0307083 0.0
0.0318292 -0.0363327 0.0
0.0311391 -0.0419823 0.0
0.0304168 -0.047661 0.0
0.0296622 -0.0533729 0.0
0.0288756 -0.0591224 0.0
0.0280568 -0.0649136 0.0
0.0272061 -0.0707512 0.0
0.0263238 -0.0766395 0.0
0.0254101 -0.0825832 0.0
0.0244654 -0.0885869 0.0
0.0234903 -0.0946553 0.0
0.0224852 -0.100793 0.0
0.0214505 -0.107004 0.0
0.0203868 -0.113292 0.0
0.0192948 -0.119661 0.0
0.0181755 -0.126113 0.0
0.0170295 -0.13265 0.0
0.0158578 -0.139273 0.0
0.0146613 -0.145982 0.0
0.0134411 -0.152774 0.0
0.0121989 -0.159648 0.0
0.010936 -0.166598 0.0
0.00965338 -0.173619 0.0
0.00835318 -0.180701 0.0
0.00703811 -0.187835 0.0
0.0057093 -0.195013 0.0
0.00436868 -0.202218 0.0
0.00302068 -0.209436 0.0
0.00166531 -0.216661 0.0
0.000301971 -0.223869 0.0
-0.00106381 -0.23105 0.0
-0.00242711 -0.238215 0.0
-0.0037893 -0.245337 0.0
-0.00515202 -0.252467 0.0
-0.00652131 -0.259635 0.0
-0.00791302 -0.266963 0.0
-0.00935517 -0.274647 0.0
-0.0108986 -0.283046 0.0
-0.0126221 -0.292759 0.0
-0.0146317 -0.304712 0.0
-0.0170414 -0.320166 0.0
-0.019925 -0.340541 0.0
-0.0232465 -0.366972 0.0
-0.0267986 -0.399629 0.0
-0.0301836 -0.437074 0.0
-0.032853 -0.475876 0.0
-0.0341932 -0.510553 0.0
-0.0336396 -0.533774 0.0
-0.0308108 -0.536789 0.0
-0.0256658 -0.510288 0.0
-0.0186778 -0.44615 0.0
-0.0109742 -0.340771 0.0
-0.00430835 -0.199752 0.0
-0.000744097 -0.0398527 0.0
0.0003641 0.0117177 0.0
0.00215365 0.0600181 0.0
0.0056435 0.10681 0.0
0.0100322 0.149094 0.0
0.0146589 0.185096 0.0
0.0190713 0.214404 0.0
0.0230225 0.23755 0.0
0.0264294 0.255532 0.0
0.0293161 0.26944 0.0
0.0317616 0.280238 0.0
0.0338585 0.288667 0.0
0.0356892 0.295239 0.0
0.0373151 0.30028 0.0
0.0387766 0.303989 0.0
0.0400975 0.306482 0.0
0.0412905 0.307839 0.0
0.0423619 0.308119 0.0
0.0433152 0.307379 0.0
0.0441526 0.305676 0.0
0.0448766 0.303073 0.0
0.0454902 0.299639 0.0
0.0459973 0.295444 0.0
0.0464027 0.290566 0.0
0.0467123 0.285083 0.0
0.0469328 0.279077 0.0
0.0470722 0.272629 0.0
0.0471386 0.265816 0.0
0.0471412 0.258717 0.0
0.0470893 0.251404 0.0
0.0469925 0.243943 0.0
0.0468602 0.236398 0.0
0.0467019 0.228821 0.0
0.0465263 0.22126 0.0
0.0463417 0.213753 0.0
0.0461552 0.206332 0.0
0.0459733 0.199021 0.0
0.0458013 0.191835 0.0
0.0456432 0.184785 0.0
0.0455018 0.177873 0.0
0.0453787 0.1711 0.0
0.0452743 0.16446 0.0
0.0451883 0.157946 0.0
0.0451192 0.151549 0.0
0.0450652 0.14526 0.0
0.0450238 0.139067 0.0
0.0449923 0.132962 0.0
0.0449675 0.126934 0.0
0.0449466 0.120975 0.0
0.0449262 0.115076 0.0
0.0449035 0.109231 0.0
0.0448755 0.103434 0.0
0.0448395 0.0976782 0.0
0.0447929 0.0919603 0.0
0.0447333 0.0862757 0.0
0.0446585 0.0806211 0.0
0.0445665 0.0749933 0.0
0.0444555 0.0693896 0.0
0.0443237 0.0638075 0.0
0.0441697 0.0582446 0.0
0.043992 0.0526985 0.0
0.0437894 0.0471669 0.0
0.0435605 0.0416476 0.0
0.0433041 0.0361383 0.0
0.0430192 0.0306367 0.0
0.0427048 0.0251406 0.0
0.0423598 0.0196476 0.0
0.0419836 0.0141553 0.0
0.0415755 0.00866072 0.0
0.041135 0.00315993 0.0
0.0406598 -0.00235375 0.0
0.0401491 -0.0078716 0.0
0.0396044 -0.0133973 0.0
0.0390255 -0.0189343 0.0
0.0384124 -0.0244858 0.0
0.037765 -0.0300552 0.0
0.0370831 -0.0356462 0.0
0.0363667 -0.0412624 0.0
0.0356159 -0.0469077 0.0
0.0348307 -0.0525864 0.0
0.0340111 -0.0583026 0.0
0.0331573 -0.0640608 0.0
0.0322694 -0.0698654 0.0
0.0313476 -0.0757211 0.0
0.0303922 -0.0816325 0.0
0.0294036 -0.0876043 0.0
0.0283822 -0.0936413 0.0
0.0273284 -0.0997479 0.0
0.0262426 -0.105928 0.0
0.0251253 -0.112187 0.0
0.0239773 -0.118526 0.0
0.022799 -0.12495 0.0
0.0215914 -0.131459 0.0
0.0203551 -0.138056 0.0
0.0190909 -0.144739 0.0
0.0177999 -0.151507 0.0
0.0164832 -0.158357 0.0
0.015142 -0.165285 0.0
0.0137777 -0.172285 0.0
0.0123918 -0.179349 0.0
0.0109864 -0.186467 0.0
0.00956316 -0.193629 0.0
0.00812429 -0.200822 0.0
0.00667264 -0.208032 0.0
0.00520995 -0.215247 0.0
0.00373875 -0.222449 0.0
0.00226281 -0.229629 0.0
0.000778411 -0.236788 0.0
-0.000713914 -0.243909 0.0
-0.00220844 -0.251038 0.0
-0.00371131 -0.258192 0.0
-0.00523521 -0.26549 0.0
-0.0068034 -0.273109 0.0
-0.00846097 -0.281382 0.0
-0.0102801 -0.29088 0.0
-0.0123625 -0.3025 0.0
-0.0148237 -0.317508 0.0
-0.0177479 -0.337392 0.0
-0.0211186 -0.363429 0.0
-0.0247512 -0.395987 0.0
-0.0282675 -0.433815 0.0
-0.0311295 -0.473604 0.0
-0.032722 -0.509893 0.0
-0.0324654 -0.535244 0.0
-0.0299517 -0.540661 0.0
-0.0251045 -0.516409 0.0
-0.0183617 -0.453761 0.0
-0.010829 -0.348396 0.0
-0.00426172 -0.205359 0.0
-0.00073734 -0.0413341 0.0
0.000361343 0.0109922 0.0
0.00216309 0.0571522 0.0
0.00571939 0.10263 0.0
0.0102521 0.144353 0.0
0.0150987 0.180364 0.0
0.0197885 0.210034 0.0
0.0240506 0.233707 0.0
0.0277779 0.252241 0.0
0.0309763 0.266646 0.0
0.033713 0.27785 0.0
0.0360763 0.286594 0.0
0.0381486 0.293408 0.0
0.0399945 0.298639 0.0
0.0416582 0.302505 0.0
0.0431666 0.305137 0.0
0.044535 0.306623 0.0
0.045771 0.307028 0.0
0.0468789 0.306409 0.0
0.0478613 0.304826 0.0
0.0487208 0.30234 0.0
0.0494605 0.299019 0.0
0.0500844 0.294933 0.0
0.0505973 0.290159 0.0
0.0510054 0.284773 0.0
0.0513158 0.278857 0.0
0.0515364 0.272489 0.0
0.0516761 0.26575 0.0
0.0517445 0.258713 0.0
0.0517513 0.251453 0.0
0.0517067 0.244036 0.0
0.0516209 0.236523 0.0
0.0515039 0.228971 0.0
0.0513652 0.221425 0.0
0.0512135 0.213925 0.0
0.0510567 0.206504 0.0
0.0509019 0.199186 0.0
0.0507549 0.191989 0.0
0.0506203 0.184924 0.0
0.0505012 0.177995 0.0
0.0503996 0.171203 0.0
0.0503165 0.164544 0.0
0.0502515 0.158012 0.0
0.0502035 0.1516 0.0
0.0501707 0.145296 0.0
0.0501507 0.139092 0.0
0.0501407 0.132979 0.0
0.0501377 0.126945 0.0
0.0501383 0.120984 0.0
0.0501395 0.115086 0.0
0.050138 0.109245 0.0
0.0501309 0.103455 0.0
0.0501151 0.097709 0.0
0.050088 0.0920032 0.0
0.050047 0.0863333 0.0
0.0499898 0.0806955 0.0
0.0499142 0.0750865 0.0
0.0498183 0.0695034 0.0
0.0497002 0.0639436 0.0
0.0495583 0.0584044 0.0
0.0493911 0.0528835 0.0
0.0491972 0.0473785 0.0
0.0489752 0.0418869 0.0
0.0487239 0.0364066 0.0
0.0484422 0.030935 0.0
0.0481291 0.0254699 0.0
0.0477835 0.0200089 0.0
0.0474046 0.0145492 0.0
0.0469917 0.00908783 0.0
0.0465439 0.00362115 0.0
0.0460594 -0.00185525 0.0
0.0455374 -0.00733748 0.0
0.0449786 -0.0128279 0.0
0.0443832 -0.0183295 0.0
0.0437512 -0.0238455 0.0
0.0430826 -0.0293794 0.0
0.0423772 -0.0349347 0.0
0.0416351 -0.0405153 0.0
0.0408563 -0.0461251 0.0
0.0400408 -0.0517683 0.0
0.0391887 -0.0574491 0.0
0.0383 -0.0631719 0.0
0.037375 -0.0689414 0.0
0.0364137 -0.0747621 0.0
0.0354165 -0.0806389 0.0
0.0343837 -0.0865765 0.0
0.0333156 -0.0925796 0.0
0.0322127 -0.0986528 0.0
0.0310752 -0.1048 0.0
0.0299037 -0.111026 0.0
0.0286986 -0.117334 0.0
0.0274606 -0.123726 0.0
0.0261901 -0.130205 0.0
0.0248879 -0.136771 0.0
0.0235546 -0.143425 0.0
0.0221911 -0.150165 0.0
0.0207982 -0.156988 0.0
0.0193771 -0.163891 0.0
0.0179288 -0.170866 0.0
0.0164549 -0.177907 0.0
0.0149569 -0.185005 0.0
0.0134366 -0.192148 0.0
0.011896 -0.199324 0.0
0.0103375 -0.20652 0.0
0.00876332 -0.213722 0.0
0.0071762 -0.220915 0.0
0.00557893 -0.228089 0.0
0.00397261 -0.235237 0.0
0.00235968 -0.242355 0.0
0.000734412 -0.249472 0.0
-0.0009077 -0.256612 0.0
-0.00256928 -0.263884 0.0
-0.0042708 -0.271445 0.0
-0.00605137 -0.279608 0.0
-0.00797665 -0.28891 0.0
-0.0101433 -0.30022 0.0
-0.012667 -0.314802 0.0
-0.015641 -0.334199 0.0
-0.0190668 -0.359826 0.0
-0.0227816 -0.392243 0.0
-0.026427 -0.430397 0.0
-0.0294761 -0.471111 0.0
-0.0313131 -0.508956 0.0
-0.0313446 -0.536406 0.0
-0.0291365 -0.544222 0.0
-0.0245773 -0.522255 0.0
-0.0180694 -0.461166 0.0
-0.0106967 -0.355897 0.0
-0.00421923 -0.210903 0.0
-0.000730915 -0.0428024 0.0
0.000357237 0.0102736 0.0
0.00216394 0.0542623 0.0
0.00577227 0.0983553 0.0
0.0104315 0.139436 0.0
0.0154811 0.175385 0.0
0.020435 0.205369 0.0
0.0249989 0.229545 0.0
0.0290422 0.248631 0.0
0.0325515 0.263548 0.0
0.0355813 0.275182 0.0
0.0382138 0.284267 0.0
0.0405309 0.291346 0.0
0.0425994 0.296787 0.0
0.0444672 0.300826 0.0
0.0461648 0.30361 0.0
0.0477098 0.305237 0.0
0.0491119 0.305776 0.0
0.0503762 0.305289 0.0
0.0515058 0.303834 0.0
0.0525035 0.301474 0.0
0.0533725 0.298276 0.0
0.0541168 0.294308 0.0
0.0547415 0.289646 0.0
0.0552526 0.284367 0.0
0.0556575 0.278548 0.0
0.0559644 0.27227 0.0
0.0561826 0.265611 0.0
0.0563219 0.258645 0.0
0.0563926 0.251444 0.0
0.0564054 0.244076 0.0
0.0563709 0.236603 0.0
0.0562999 0.229079 0.0
0.0562022 0.221552 0.0
0.0560873 0.214064 0.0
0.0559638 0.206645 0.0
0.0558392 0.199324 0.0
0.05572 0.192118 0.0
0.055611 0.185039 0.0
0.0555162 0.178094 0.0
0.0554379 0.171284 0.0
0.0553772 0.164607 0.0
0.0553343 0.158058 0.0
0.0553083 0.151628 0.0
0.0552974 0.145311 0.0
0.0552993 0.139096 0.0
0.0553113 0.132973 0.0
0.0553303 0.126935 0.0
0.055353 0.120971 0.0
0.0553761 0.115075 0.0
0.0553964 0.109238 0.0
0.0554105 0.103455 0.0
0.0554155 0.0977195 0.0
0.0554085 0.0920268 0.0
0.0553868 0.0863724 0.0
0.0553479 0.0807525 0.0
0.0552895 0.0751635 0.0
0.0552094 0.0696024 0.0
0.0551058 0.0640663 0.0
0.0549769 0.0585525 0.0
0.054821 0.0530585 0.0
0.0546367 0.0475817 0.0
0.0544225 0.0421198 0.0
0.0541772 0.0366703 0.0
0.0538995 0.0312307 0.0
0.0535884 0.0257986 0.0
0.0532428 0.0203714 0.0
0.0528619 0.0149465 0.0
0.0524445 0.00952073 0.0
0.0519898 0.00409081 0.0
0.0514965 -0.00134709 0.0
0.050964 -0.00679115 0.0
0.0503922 -0.0122437 0.0
0.0497814 -0.0177074 0.0
0.0491315 -0.0231856 0.0
0.0484425 -0.0286817 0.0
0.0477145 -0.0341991 0.0
0.0469474 -0.0397418 0.0
0.0461413 -0.0453137 0.0
0.045296 -0.050919 0.0
0.0444117 -0.056562 0.0
0.0434885 -0.0622471 0.0
0.0425265 -0.0679791 0.0
0.0415258 -0.0737625 0.0
0.0404868 -0.0796023 0.0
0.0394096 -0.0855031 0.0
0.0382946 -0.0914698 0.0
0.037142 -0.097507 0.0
0.0359524 -0.103619 0.0
0.0347259 -0.10981 0.0
0.033463 -0.116083 0.0
0.0321642 -0.122441 0.0
0.0308299 -0.128886 0.0
0.0294605 -0.135419 0.0
0.0280567 -0.142041 0.0
0.026619 -0.148749 0.0
0.0251482 -0.155541 0.0
0.0236452 -0.162414 0.0
0.022111 -0.169361 0.0
0.0205467 -0.176375 0.0
0.0189537 -0.183447 0.0
0.0173338 -0.190566 0.0
0.0156886 -0.19772 0.0
0.0140204 -0.204897 0.0
0.0123315 -0.212082 0.0
0.0106244 -0.219261 0.0
0.0089018 -0.226424 0.0
0.00716597 -0.233561 0.0
0.00541919 -0.240672 0.0
0.0036612 -0.247772 0.0
0.0018889 -0.254898 0.0
8.911e-05 -0.262137 0.0
-0.00175332 -0.269648 0.0
-0.00366512 -0.277713 0.0
-0.00570647 -0.286839 0.0
-0.00796839 -0.297863 0.0
-0.0105654 -0.312039 0.0
-0.0135985 -0.330955 0.0
-0.0170855 -0.356157 0.0
-0.0208851 -0.388398 0.0
-0.0246584 -0.426824 0.0
-0.0278903 -0.468403 0.0
-0.0299652 -0.507752 0.0
-0.0302771 -0.537266 0.0
-0.028366 -0.547481 0.0
-0.0240856 -0.527835 0.0
-0.0178024 -0.468376 0.0
-0.0105789 -0.363282 0.0
-0.00418161 -0.216392 0.0
-0.000724962 -0.0442582 0.0
0.000351842 0.00956455 0.0
0.00215636 0.0513602 0.0
0.00580218 0.0940033 0.0
0.0105699 0.134361 0.0
0.0158047 0.170175 0.0
0.021008 0.200422 0.0
0.0258634 0.225074 0.0
0.0302171 0.244706 0.0
0.0340357 0.260145 0.0
0.0373599 0.27223 0.0
0.0402645 0.281682 0.0
0.0428295 0.289049 0.0
0.0451236 0.294721 0.0
0.047198 0.29895 0.0
0.0490865 0.3019 0.0
0.05081 0.303678 0.0
0.0523798 0.304362 0.0
0.0538023 0.304016 0.0
0.0550814 0.302699 0.0
0.0562201 0.300474 0.0
0.0572218 0.297406 0.0
0.0580903 0.293565 0.0
0.058831 0.289024 0.0
0.0594498 0.283859 0.0
0.0599543 0.278147 0.0
0.0603529 0.271966 0.0
0.060655 0.265394 0.0
0.0608708 0.258506 0.0
0.0610109 0.251372 0.0
0.0610865 0.24406 0.0
0.0611087 0.236632 0.0
0.0610886 0.229142 0.0
0.0610367 0.221639 0.0
0.0609631 0.214165 0.0
0.0608769 0.206754 0.0
0.0607861 0.199431 0.0
0.0606976 0.192218 0.0
0.0606172 0.185128 0.0
0.0605489 0.178168 0.0
0.0604957 0.171341 0.0
0.0604592 0.164647 0.0
0.0604397 0.15808 0.0
0.0604366 0.151635 0.0
0.0604484 0.145303 0.0
0.0604729 0.139077 0.0
0.0605075 0.132946 0.0
0.060549 0.126902 0.0
0.0605942 0.120936 0.0
0.0606397 0.115041 0.0
0.0606821 0.109209 0.0
0.060718 0.103434 0.0
0.0607444 0.0977093 0.0
0.060758 0.0920303 0.0
0.0607562 0.0863924 0.0
0.0607362 0.0807914 0.0
0.0606956 0.0752236 0.0
0.0606322 0.0696858 0.0
0.0605438 0.0641749 0.0
0.0604287 0.058688 0.0
0.060285 0.0532226 0.0
0.0601111 0.0477759 0.0
0.0599056 0.0423454 0.0
0.0596671 0.0369286 0.0
0.0593943 0.0315229 0.0
0.059086 0.0261258 0.0
0.0587412 0.0207346 0.0
0.0583588 0.0153466 0.0
0.0579378 0.00995887 0.0
0.0574771 0.00456805 0.0
0.0569757 -0.000829612 0.0
0.056433 -0.00623338 0.0
0.055849 -0.0116456 0.0
0.0552236 -0.0170692 0.0
0.0545567 -0.0225071 0.0
0.0538484 -0.0279629 0.0
0.0530986 -0.03344 0.0
0.0523073 -0.0389424 0.0
0.0514743 -0.044474 0.0
0.0505999 -0.050039 0.0
0.0496839 -0.0556417 0.0
0.0487265 -0.0612867 0.0
0.0477277 -0.0669787 0.0
0.0466878 -0.0727224 0.0
0.0456069 -0.0785225 0.0
0.0444852 -0.0843841 0.0
0.0433231 -0.0903117 0.0
0.0421207 -0.0963102 0.0
0.0408784 -0.102384 0.0
0.0395963 -0.108536 0.0
0.0382749 -0.114772 0.0
0.0369143 -0.121092 0.0
0.035515 -0.1275 0.0
0.0340772 -0.133997 0.0
0.0326014 -0.140583 0.0
0.031088 -0.147256 0.0
0.0295375 -0.154013 0.0
0.0279507 -0.160852 0.0
0.0263283 -0.167766 0.0
0.0246713 -0.174748 0.0
0.022981 -0.18179 0.0
0.0212587 -0.18888 0.0
0.0195062 -0.196008 0.0
0.0177254 -0.20316 0.0
0.0159186 -0.210323 0.0
0.0140881 -0.217483 0.0
0.0122368 -0.224628 0.0
0.010367 -0.231751 0.0
0.00848127 -0.238849 0.0
0.00658082 -0.245936 0.0
0.00466506 -0.253046 0.0
0.00272896 -0.260253 0.0
0.000751641 -0.267712 0.0
-0.00129762 -0.275687 0.0
-0.00346453 -0.284656 0.0
-0.00583225 -0.295417 0.0
-0.00851327 -0.309207 0.0
-0.0116147 -0.327652 0.0
-0.0151697 -0.352418 0.0
-0.0190573 -0.38445 0.0
-0.0229581 -0.423098 0.0
-0.0263694 -0.465486 0.0
-0.0286769 -0.506288 0.0
-0.0292624 -0.537834 0.0
-0.0276407 -0.550446 0.0
-0.0236308 -0.533161 0.0
-0.0175624 -0.475403 0.0
-0.0104769 -0.370565 0.0
-0.00414956 -0.221834 0.0
-0.000719621 -0.0457028 0.0
0.000345223 0.00886749 0.0
0.00214055 0.0484574 0.0
0.00580926 0.0895916 0.0
0.0106668 0.129148 0.0
0.0160682 0.164753 0.0
0.0215047 0.195205 0.0
0.02664 0.2203 0.0
0.0312973 0.240469 0.0
0.0354227 0.256438 0.0
0.039042 0.268994 0.0
0.0422212 0.278834 0.0
0.0450375 0.286515 0.0
0.0475605 0.292438 0.0
0.0498441 0.296874 0.0
0.0519259 0.300005 0.0
0.0538296 0.301947 0.0
0.055569 0.302785 0.0
0.0571518 0.302587 0.0
0.0585829 0.301417 0.0
0.0598655 0.299334 0.0
0.0610031 0.296406 0.0
0.062 0.2927 0.0
0.062861 0.288288 0.0
0.0635925 0.283245 0.0
0.0642019 0.277647 0.0
0.0646978 0.271572 0.0
0.0650896 0.265095 0.0
0.0653878 0.258291 0.0
0.0656033 0.251231 0.0
0.0657476 0.243981 0.0
0.0658322 0.236604 0.0
0.0658685 0.229154 0.0
0.0658677 0.22168 0.0
0.0658402 0.214225 0.0
0.0657957 0.206824 0.0
0.0657427 0.199504 0.0
0.0656887 0.192287 0.0
0.06564 0.185188 0.0
0.065601 0.178215 0.0
0.0655753 0.171373 0.0
0.0655648 0.164662 0.0
0.0655703 0.158079 0.0
0.0655915 0.151618 0.0
0.0656271 0.145273 0.0
0.0656751 0.139035 0.0
0.0657329 0.132895 0.0
0.0657976 0.126846 0.0
0.0658658 0.120879 0.0
0.0659342 0.114985 0.0
0.0659991 0.109158 0.0
0.0660573 0.103391 0.0
0.0661054 0.0976778 0.0
0.0661403 0.0920133 0.0
0.0661589 0.0863927 0.0
0.0661584 0.0808115 0.0
0.0661364 0.0752661 0.0
0.0660902 0.0697528 0.0
0.0660179 0.0642685 0.0
0.0659173 0.0588102 0.0
0.0657865 0.0533749 0.0
0.0656239 0.04796 0.0
0.0654279 0.0425628 0.0
0.065197 0.0371806 0.0
0.0649299 0.0318108 0.0
0.0646253 0.0264507 0.0
0.0642821 0.0210977 0.0
0.0638991 0.0157489 0.0
0.0634752 0.0104014 0.0
0.0630095 0.00505192 0.0
0.0625007 -0.000303306 0.0
0.0619486 -0.00566482 0.0
0.061353 -0.0110346 0.0
0.0607139 -0.0164156 0.0
0.0600309 -0.0218109 0.0
0.0593041 -0.027224 0.0
0.0585333 -0.0326583 0.0
0.0577185 -0.0381179 0.0
0.0568595 -0.0436066 0.0
0.0559564 -0.0491288 0.0
0.0550092 -0.0546887 0.0
0.054018 -0.0602911 0.0
0.0529828 -0.0659404 0.0
0.0519038 -0.0716417 0.0
0.0507812 -0.0773996 0.0
0.049615 -0.0832192 0.0
0.0484056 -0.0891051 0.0
0.047153 -0.0950619 0.0
0.0458576 -0.101094 0.0
0.0445194 -0.107206 0.0
0.0431386 -0.1134 0.0
0.0417154 -0.11968 0.0
0.04025 -0.126048 0.0
0.0387426 -0.132505 0.0
0.0371933 -0.13905 0.0
0.0356025 -0.145684 0.0
0.0339705 -0.152403 0.0
0.0322978 -0.159203 0.0
0.0305851 -0.16608 0.0
0.028833 -0.173026 0.0
0.0270427 -0.180032 0.0
0.0252154 -0.187089 0.0
0.0233526 -0.194184 0.0
0.0214562 -0.201306 0.0
0.0195282 -0.208442 0.0
0.0175711 -0.215576 0.0
0.0155875 -0.2227 0.0
0.0135801 -0.229802 0.0
0.0115515 -0.236884 0.0
0.00950358 -0.243954 0.0
0.00743703 -0.251046 0.0
0.00534935 -0.258229 0.0
0.00323019 -0.26564 0.0
0.00104932 -0.27353 0.0
-0.00124618 -0.282351 0.0
-0.00372985 -0.29287 0.0
-0.00650521 -0.306297 0.0
-0.00968426 -0.324281 0.0
-0.0133142 -0.348604 0.0
-0.0172936 -0.380397 0.0
-0.0213224 -0.419221 0.0
-0.0249108 -0.462363 0.0
-0.0274465 -0.504567 0.0
-0.0282999 -0.538115 0.0
-0.0269612 -0.553125 0.0
-0.023214 -0.538239 0.0
-0.0173511 -0.482256 0.0
-0.010392 -0.377757 0.0
-0.00412378 -0.227238 0.0
-0.000715027 -0.0471375 0.0
0.000337453 0.00818481 0.0
0.00211676 0.0455655 0.0
0.00579376 0.0851378 0.0
0.0107221 0.123816 0.0
0.0162702 0.159135 0.0
0.0219228 0.189733 0.0
0.0273249 0.215234 0.0
0.0322775 0.235925 0.0
0.036706 0.252429 0.0
0.0406203 0.26547 0.0
0.0440764 0.275723 0.0
0.0471473 0.28374 0.0
0.0499025 0.289935 0.0
0.0523985 0.294597 0.0
0.0546762 0.297922 0.0
0.0567623 0.300039 0.0
0.0586734 0.301042 0.0
0.0604188 0.301002 0.0
0.0620042 0.299985 0.0
0.0634337 0.298053 0.0
0.064711 0.295272 0.0
0.0658401 0.291708 0.0
0.0668262 0.287432 0.0
0.0676754 0.282519 0.0
0.0683952 0.277043 0.0
0.0689942 0.271081 0.0
0.0694818 0.264707 0.0
0.0698687 0.257995 0.0
0.070166 0.251015 0.0
0.0703853 0.243834 0.0
0.0705384 0.236513 0.0
0.0706373 0.229109 0.0
0.0706932 0.22167 0.0
0.0707173 0.214239 0.0
0.0707195 0.206853 0.0
0.070709 0.199539 0.0
0.0706937 0.192322 0.0
0.0706802 0.185216 0.0
0.0706739 0.178232 0.0
0.0706785 0.171377 0.0
0.0706964 0.164651 0.0
0.0707289 0.158052 0.0
0.070776 0.151577 0.0
0.0708367 0.145218 0.0
0.0709093 0.138969 0.0
0.0709914 0.132821 0.0
0.0710799 0.126767 0.0
0.0711718 0.120798 0.0
0.0712635 0.114906 0.0
0.0713516 0.109084 0.0
0.0714326 0.103326 0.0
0.0715029 0.0976245 0.0
0.0715595 0.0919752 0.0
0.0715991 0.0863726 0.0
0.0716187 0.0808124 0.0
0.0716158 0.0752903 0.0
0.0715876 0.0698029 0.0
0.0715319 0.0643465 0.0
0.0714466 0.0589181 0.0
0.0713296 0.0535147 0.0
0.0711791 0.0481333 0.0
0.0709934 0.0427711 0.0
0.070771 0.0374255 0.0
0.0705104 0.0320936 0.0
0.0702103 0.0267727 0.0
0.0698695 0.0214599 0.0
0.0694867 0.0161525 0.0
0.0690609 0.0108475 0.0
0.0685909 0.00554152 0.0
0.0680757 0.000231055 0.0
0.0675149 -0.00508624 0.0
0.0669087 -0.0104115 0.0
0.0662566 -0.0157476 0.0
0.0655585 -0.0210979 0.0
0.064814 -0.0264657 0.0
0.064023 -0.0318548 0.0
0.0631854 -0.037269 0.0
0.0623011 -0.0427122 0.0
0.06137 -0.0481889 0.0
0.0603921 -0.0537035 0.0
0.0593675 -0.0592605 0.0
0.0582962 -0.0648646 0.0
0.0571783 -0.0705207 0.0
0.056014 -0.0762337 0.0
0.0548034 -0.0820084 0.0
0.0535465 -0.0878496 0.0
0.0522436 -0.0937619 0.0
0.0508946 -0.0997497 0.0
0.0494997 -0.105817 0.0
0.0480588 -0.111967 0.0
0.0465721 -0.118203 0.0
0.0450395 -0.124527 0.0
0.0434611 -0.13094 0.0
0.0418369 -0.137442 0.0
0.040167 -0.144032 0.0
0.0384517 -0.150707 0.0
0.036691 -0.157465 0.0
0.0348856 -0.1643 0.0
0.0330361 -0.171204 0.0
0.0311431 -0.17817 0.0
0.0292079 -0.185188 0.0
0.0272319 -0.192246 0.0
0.0252166 -0.199333 0.0
0.0231642 -0.206435 0.0
0.0210769 -0.213539 0.0
0.0189575 -0.220634 0.0
0.0168086 -0.227712 0.0
0.0146332 -0.23477 0.0
0.0124337 -0.24182 0.0
0.0102113 -0.248891 0.0
0.00796513 -0.25605 0.0
0.00568896 -0.263424 0.0
0.00336513 -0.271241 0.0
0.000944478 -0.279923 0.0
-0.00165644 -0.290213 0.0
-0.00453621 -0.303299 0.0
-0.00780217 -0.320835 0.0
-0.0115142 -0.344708 0.0
-0.0155897 -0.376237 0.0
-0.0197477 -0.415194 0.0
-0.0235118 -0.459037 0.0
-0.0262723 -0.502597 0.0
-0.027389 -0.538116 0.0
-0.0263277 -0.555524 0.0
-0.0228363 -0.543078 0.0
-0.0171698 -0.488946 0.0
-0.0103258 -0.38487 0.0
-0.00410498 -0.232615 0.0
-0.000711316 -0.0485638 0.0
0.00032861 0.00751875 0.0
0.00208529 0.0426955 0.0
0.00575606 0.08066 0.0
0.0107357 0.118386 0.0
0.01641 0.153343 0.0
0.02226 0.184023 0.0
0.0279143 0.209888 0.0
0.0331525 0.23108 0.0
0.0378791 0.248118 0.0
0.0420873 0.261658 0.0
0.045822 0.272343 0.0
0.0491506 0.28072 0.0
0.0521416 0.287209 0.0
0.0548533 0.292116 0.0
0.0573298 0.29565 0.0
0.059601 0.297954 0.0
0.061686 0.299131 0.0
0.0635963 0.299258 0.0
0.0653389 0.298402 0.0
0.0669183 0.296628 0.0
0.0683388 0.294 0.0
0.0696044 0.290585 0.0
0.0707203 0.286453 0.0
0.0716925 0.281677 0.0
0.0725285 0.27633 0.0
0.0732366 0.270487 0.0
0.0738265 0.264223 0.0
0.0743087 0.257609 0.0
0.0746944 0.250717 0.0
0.0749955 0.243611 0.0
0.0752239 0.236354 0.0
0.0753918 0.229001 0.0
0.0755109 0.221602 0.0
0.0755924 0.214201 0.0
0.075647 0.206834 0.0
0.0756841 0.199531 0.0
0.0757122 0.192317 0.0
0.0757384 0.185208 0.0
0.0757685 0.178217 0.0
0.0758067 0.17135 0.0
0.0758559 0.164611 0.0
0.0759179 0.157998 0.0
0.075993 0.151509 0.0
0.0760806 0.145138 0.0
0.0761791 0.138878 0.0
0.0762865 0.132723 0.0
0.0764 0.126664 0.0
0.0765163 0.120693 0.0
0.0766321 0.114803 0.0
0.0767439 0.108987 0.0
0.0768482 0.103238 0.0
0.0769414 0.097549 0.0
0.0770202 0.0919154 0.0
0.0770813 0.0863317 0.0
0.0771216 0.0807932 0.0
0.0771384 0.0752957 0.0
0.0771288 0.0698352 0.0
0.0770905 0.0644082 0.0
0.0770211 0.0590112 0.0
0.0769185 0.0536412 0.0
0.0767808 0.048295 0.0
0.0766063 0.0429697 0.0
0.0763932 0.0376625 0.0
0.07614 0.0323704 0.0
0.0758452 0.0270906 0.0
0.0755077 0.0218204 0.0
0.075126 0.0165566 0.0
0.074699 0.0112963 0.0
0.0742257 0.00603608 0.0
0.0737049 0.000772435 0.0
0.0731366 -0.00449848 0.0
0.0725205 -0.00977696 0.0
0.0718565 -0.015066 0.0
0.071144 -0.0203689 0.0
0.0703827 -0.025689 0.0
0.0695724 -0.0310302 0.0
0.0687127 -0.0363963 0.0
0.0678036 -0.0417915 0.0
0.0668451 -0.04722 0.0
0.065837 -0.0526864 0.0
0.0647794 -0.0581953 0.0
0.0636724 -0.0637514 0.0
0.0625159 -0.0693596 0.0
0.0613101 -0.0750247 0.0
0.0600551 -0.0807516 0.0
0.0587507 -0.0865451 0.0
0.0573971 -0.0924098 0.0
0.0559943 -0.09835 0.0
0.0545421 -0.10437 0.0
0.0530404 -0.110472 0.0
0.0514893 -0.11666 0.0
0.0498884 -0.122936 0.0
0.0482377 -0.129301 0.0
0.046537 -0.135755 0.0
0.0447863 -0.142297 0.0
0.0429855 -0.148925 0.0
0.0411348 -0.155636 0.0
0.0392344 -0.162423 0.0
0.0372847 -0.169281 0.0
0.0352864 -0.176202 0.0
0.0332404 -0.183175 0.0
0.0311478 -0.190191 0.0
0.0290104 -0.197236 0.0
0.0268301 -0.204299 0.0
0.0246091 -0.211367 0.0
0.02235 -0.218428 0.0
0.0200559 -0.225475 0.0
0.0177297 -0.232505 0.0
0.0153743 -0.23953 0.0
0.0129916 -0.246576 0.0
0.0105818 -0.253709 0.0
0.00814103 -0.261048 0.0
0.00565725 -0.268809 0.0
0.00309963 -0.277377 0.0
0.000384888 -0.287444 0.0
-0.00260144 -0.300202 0.0
-0.00596375 -0.317303 0.0
-0.00976528 -0.340726 0.0
-0.0139415 -0.371968 0.0
-0.0182305 -0.411017 0.0
-0.0221695 -0.455512 0.0
-0.0251523 -0.500379 0.0
-0.0265289 -0.53784 0.0
-0.0257403 -0.55765 0.0
-0.0224987 -0.547686 0.0
-0.0170202 -0.495483 0.0
-0.0102795 -0.391917 0.0
-0.00409389 -0.237973 0.0
-0.000708629 -0.0499838 0.0
0.000318778 0.00687136 0.0
0.00204647 0.0398586 0.0
0.00569668 0.076176 0.0
0.0107078 0.112879 0.0
0.0164868 0.147396 0.0
0.0225142 0.178092 0.0
0.0284046 0.204274 0.0
0.0339171 0.225943 0.0
0.0389354 0.24351 0.0
0.0434353 0.257558 0.0
0.0474496 0.268694 0.0
0.0510386 0.277451 0.0
0.054269 0.284256 0.0
0.0572 0.289426 0.0
0.0598785 0.293185 0.0
0.0623376 0.295689 0.0
0.0645992 0.29705 0.0
0.066677 0.297351 0.0
0.0685795 0.296664 0.0
0.0703121 0.295054 0.0
0.0718795 0.292586 0.0
0.0732859 0.289327 0.0
0.0745364 0.285345 0.0
0.075637 0.280712 0.0
0.076595 0.275501 0.0
0.0774187 0.269784 0.0
0.0781175 0.263637 0.0
0.078702 0.257129 0.0
0.0791834 0.25033 0.0
0.0795734 0.243307 0.0
0.0798843 0.236119 0.0
0.0801283 0.228824 0.0
0.0803173 0.221471 0.0
0.080463 0.214105 0.0
0.0805761 0.206762 0.0
0.0806667 0.199475 0.0
0.0807436 0.192268 0.0
0.0808144 0.18516 0.0
0.0808852 0.178164 0.0
0.0809609 0.171289 0.0
0.081045 0.164538 0.0
0.0811394 0.157914 0.0
0.081245 0.151412 0.0
0.0813616 0.14503 0.0
0.081488 0.138761 0.0
0.0816222 0.132598 0.0
0.0817618 0.126535 0.0
0.0819036 0.120563 0.0
0.0820444 0.114676 0.0
0.0821807 0.108866 0.0
0.082309 0.103126 0.0
0.0824256 0.0974506 0.0
0.0825272 0.0918335 0.0
0.0826104 0.0862694 0.0
0.082672 0.0807536 0.0
0.082709 0.0752816 0.0
0.0827186 0.0698493 0.0
0.0826982 0.0644528 0.0
0.0826455 0.0590887 0.0
0.0825581 0.0537536 0.0
0.082434 0.0484443 0.0
0.0822713 0.0431576 0.0
0.0820683 0.0378907 0.0
0.0818233 0.0326404 0.0
0.0815348 0.0274038 0.0
0.0812014 0.0221781 0.0
0.0808218 0.0169601 0.0
0.0803947 0.0117468 0.0
0.0799188 0.00653478 0.0
0.0793933 0.00132 0.0
0.0788182 -0.00390257 0.0
0.0781935 -0.0091322 0.0
0.0775186 -0.0143718 0.0
0.0767927 -0.0196247 0.0
0.0760154 -0.0248946 0.0
0.0751863 -0.0301852 0.0
0.0743052 -0.0355006 0.0
0.073372 -0.0408449 0.0
0.0723865 -0.0462226 0.0
0.0713488 -0.0516381 0.0
0.0702587 -0.057096 0.0
0.0691163 -0.0626012 0.0
0.0679216 -0.0681585 0.0
0.0666745 -0.0737728 0.0
0.065375 -0.0794489 0.0
0.0640232 -0.0851916 0.0
0.0626187 -0.0910053 0.0
0.0611616 -0.0968945 0.0
0.0596516 -0.102863 0.0
0.0580884 -0.108914 0.0
0.0564718 -0.115051 0.0
0.0548015 -0.121275 0.0
0.0530771 -0.127588 0.0
0.0512984 -0.133989 0.0
0.049465 -0.140479 0.0
0.0475769 -0.147055 0.0
0.0456338 -0.153713 0.0
0.0436359 -0.160448 0.0
0.0415834 -0.167254 0.0
0.0394768 -0.174124 0.0
0.0373168 -0.181047 0.0
0.0351046 -0.188014 0.0
0.0328416 -0.195012 0.0
0.0305297 -0.20203 0.0
0.0281711 -0.209056 0.0
0.0257686 -0.216077 0.0
0.0233251 -0.223088 0.0
0.020844 -0.230085 0.0
0.0183284 -0.237079 0.0
0.0157809 -0.244097 0.0
0.0132027 -0.251201 0.0
0.0105917 -0.258505 0.0
0.00793923 -0.266216 0.0
0.00522277 -0.274696 0.0
0.00238723 -0.284575 0.0
-0.000699454 -0.296999 0.0
-0.004165 -0.313679 0.0
-0.00806294 -0.336651 0.0
-0.0123449 -0.367585 0.0
-0.0167672 -0.406688 0.0
-0.0208811 -0.451787 0.0
-0.0240849 -0.497917 0.0
-0.0257186 -0.537292 0.0
-0.0251993 -0.559506 0.0
-0.0222023 -0.552068 0.0
-0.0169038 -0.501878 0.0
-0.0102547 -0.398912 0.0
-0.00409129 -0.243327 0.0
-0.00070711 -0.0513995 0.0
0.000308045 0.00624454 0.0
0.00200069 0.037065 0.0
0.00561626 0.0717037 0.0
0.010639 0.107317 0.0
0.0165003 0.141317 0.0
0.022684 0.17196 0.0
0.0287926 0.198407 0.0
0.0345663 0.220524 0.0
0.0398685 0.238609 0.0
0.0446566 0.253171 0.0
0.0489504 0.264773 0.0
0.0528022 0.273931 0.0
0.0562753 0.281073 0.0
0.0594293 0.286524 0.0
0.0623133 0.290524 0.0
0.0649634 0.293241 0.0
0.0674045 0.294795 0.0
0.0696526 0.295279 0.0
0.071718 0.294768 0.0
0.0736071 0.293328 0.0
0.0753251 0.291026 0.0
0.0768767 0.287928 0.0
0.0782668 0.284103 0.0
0.0795014 0.279619 0.0
0.0805875 0.27455 0.0
0.0815333 0.268966 0.0
0.0823481 0.262941 0.0
0.0830422 0.256546 0.0
0.0836266 0.249848 0.0
0.0841133 0.242913 0.0
0.0845143 0.235802 0.0
0.084842 0.22857 0.0
0.0851084 0.22127 0.0
0.0853253 0.213944 0.0
0.085504 0.206632 0.0
0.0856546 0.199365 0.0
0.0857863 0.19217 0.0
0.0859072 0.185066 0.0
0.0860239 0.17807 0.0
0.0861418 0.171189 0.0
0.0862646 0.164431 0.0
0.0863951 0.157796 0.0
0.0865344 0.151285 0.0
0.0866827 0.144893 0.0
0.0868391 0.138615 0.0
0.0870022 0.132447 0.0
0.0871694 0.12638 0.0
0.0873381 0.120408 0.0
0.087505 0.114524 0.0
0.0876668 0.10872 0.0
0.0878199 0.102991 0.0
0.0879607 0.0973287 0.0
0.0880857 0.0917287 0.0
0.0881916 0.0861851 0.0
0.088275 0.0806929 0.0
0.0883329 0.0752474 0.0
0.0883623 0.0698444 0.0
0.0883606 0.0644798 0.0
0.0883251 0.05915 0.0
0.0882535 0.0538513 0.0
0.0881437 0.0485805 0.0
0.0879936 0.0433342 0.0
0.0878015 0.0381093 0.0
0.0875655 0.0329027 0.0
0.0872841 0.0277114 0.0
0.0869558 0.0225322 0.0
0.0865793 0.0173622 0.0
0.0861531 0.0121981 0.0
0.0856758 0.00703657 0.0
0.0851465 0.0018731 0.0
0.0845657 -0.00329978 0.0
0.0839336 -0.00847829 0.0
0.0832487 -0.0136658 0.0
0.0825101 -0.0188662 0.0
0.0817174 -0.024083 0.0
0.0808701 -0.0293204 0.0
0.0799682 -0.0345823 0.0
0.0790113 -0.0398731 0.0
0.0779995 -0.0451971 0.0
0.0769325 -0.0505588 0.0
0.0758104 -0.055963 0.0
0.0746331 -0.0614144 0.0
0.0734004 -0.0669179 0.0
0.0721122 -0.0724783 0.0
0.0707685 -0.0781003 0.0
0.069369 -0.0837888 0.0
0.0679135 -0.0895482 0.0
0.0664017 -0.0953827 0.0
0.0648333 -0.101296 0.0
0.0632078 -0.107292 0.0
0.0615248 -0.113373 0.0
0.0597838 -0.119541 0.0
0.0579843 -0.125798 0.0
0.0561259 -0.132142 0.0
0.054208 -0.138575 0.0
0.0522304 -0.145093 0.0
0.0501926 -0.151693 0.0
0.0480946 -0.158371 0.0
0.0459365 -0.16512 0.0
0.0437186 -0.171933 0.0
0.0414415 -0.178801 0.0
0.0391061 -0.185713 0.0
0.0367139 -0.192658 0.0
0.0342667 -0.199625 0.0
0.0317666 -0.206602 0.0
0.0292165 -0.213578 0.0
0.0266195 -0.220546 0.0
0.0239791 -0.227505 0.0
0.0212988 -0.234463 0.0
0.018582 -0.241448 0.0
0.0158307 -0.24852 0.0
0.0130444 -0.255788 0.0
0.0102171 -0.263453 0.0
0.00733202 -0.271858 0.0
0.00434868 -0.281594 0.0
0.00115789 -0.293702 0.0
-0.00239938 -0.309953 0.0
-0.0064026 -0.332476 0.0
-0.0107958 -0.363085 0.0
-0.0153543 -0.402207 0.0
-0.019644 -0.447864 0.0
-0.0230679 -0.495212 0.0
-0.0249573 -0.536474 0.0
-0.0247046 -0.561096 0.0
-0.021948 -0.556231 0.0
-0.0168221 -0.508139 0.0
-0.0102529 -0.40587 0.0
-0.00409797 -0.248688 0.0
-0.000706909 -0.0528135 0.0
0.000296508 0.00563998 0.0
0.00194839 0.0343251 0.0
0.00551561 0.0672609 0.0
0.0105299 0.101723 0.0
0.0164507 0.13513 0.0
0.022768 0.165646 0.0
0.0290755 0.192304 0.0
0.0350957 0.214833 0.0
0.0406718 0.233421 0.0
0.0457433 0.248499 0.0
0.0503154 0.26058 0.0
0.0544316 0.270157 0.0
0.0581505 0.277655 0.0
0.0615313 0.283407 0.0
0.0646244 0.287664 0.0
0.0674689 0.290606 0.0
0.0700926 0.292365 0.0
0.0725141 0.29304 0.0
0.0747455 0.29271 0.0
0.0767945 0.291447 0.0
0.0786671 0.289317 0.0
0.0803683 0.286385 0.0
0.081903 0.282721 0.0
0.0832773 0.278392 0.0
0.0844978 0.27347 0.0
0.0855725 0.268025 0.0
0.0865105 0.262129 0.0
0.0873217 0.255852 0.0
0.0880172 0.249261 0.0
0.0886086 0.242421 0.0
0.0891079 0.235393 0.0
0.0895273 0.228232 0.0
0.0898792 0.22099 0.0
0.0901752 0.213711 0.0
0.0904269 0.206434 0.0
0.0906446 0.199194 0.0
0.090838 0.192016 0.0
0.0910153 0.184922 0.0
0.0911838 0.177929 0.0
0.0913491 0.171047 0.0
0.0915155 0.164284 0.0
0.0916862 0.157642 0.0
0.0918629 0.151123 0.0
0.0920461 0.144723 0.0
0.0922355 0.138439 0.0
0.0924297 0.132266 0.0
0.0926268 0.126197 0.0
0.092824 0.120225 0.0
0.0930185 0.114345 0.0
0.093207 0.108549 0.0
0.0933859 0.10283 0.0
0.0935518 0.0971826 0.0
0.0937011 0.0916005 0.0
0.0938304 0.0860782 0.0
0.0939363 0.0806105 0.0
0.0940157 0.0751926 0.0
0.0940656 0.06982 0.0
0.0940831 0.0644885 0.0
0.0940655 0.0591943 0.0
0.0940105 0.0539336 0.0
0.0939156 0.0487028 0.0
0.0937789 0.0434986 0.0
0.0935984 0.0383176 0.0
0.0933722 0.0331566 0.0
0.0930987 0.0280124 0.0
0.0927765 0.0228818 0.0
0.092404 0.0177617 0.0
0.0919799 0.0126489 0.0
0.0915031 0.00753991 0.0
0.0909721 0.00243013 0.0
0.0903872 -0.00269114 0.0
0.0897481 -0.0078158 0.0
0.0890532 -0.0129486 0.0
0.088302 -0.0180936 0.0
0.0874941 -0.0232548 0.0
0.086629 -0.0284363 0.0
0.0857067 -0.0336421 0.0
0.0847268 -0.0388766 0.0
0.0836891 -0.0441441 0.0
0.0825936 -0.0494493 0.0
0.08144 -0.0547968 0.0
0.0802281 -0.0601914 0.0
0.0789578 -0.0656379 0.0
0.0776288 -0.0711411 0.0
0.0762409 -0.0767058 0.0
0.0747937 -0.0823366 0.0
0.0732869 -0.088038 0.0
0.07172 -0.0938142 0.0
0.0700925 -0.0996688 0.0
0.0684039 -0.105605 0.0
0.0666534 -0.111626 0.0
0.0648405 -0.117734 0.0
0.0629644 -0.123929 0.0
0.0610245 -0.130212 0.0
0.0590202 -0.136583 0.0
0.0569508 -0.143038 0.0
0.0548159 -0.149576 0.0
0.0526151 -0.15619 0.0
0.0503485 -0.162876 0.0
0.0480161 -0.169627 0.0
0.0456185 -0.176432 0.0
0.0431565 -0.183284 0.0
0.0406313 -0.19017 0.0
0.0380448 -0.19708 0.0
0.0353991 -0.204002 0.0
0.0326972 -0.210926 0.0
0.0299422 -0.217846 0.0
0.027138 -0.22476 0.0
0.0242885 -0.231678 0.0
0.0213977 -0.238626 0.0
0.0184684 -0.245662 0.0
0.0155016 -0.252893 0.0
0.0124936 -0.260513 0.0
0.0094315 -0.268851 0.0
0.00628365 -0.27847 0.0
0.00297446 -0.290326 0.0
-0.000673349 -0.306124 0.0
-0.00478101 -0.328194 0.0
-0.00929081 -0.358464 0.0
-0.0139887 -0.397573 0.0
-0.0184552 -0.443743 0.0
-0.0220993 -0.492265 0.0
-0.0242438 -0.535386 0.0
-0.0242563 -0.562423 0.0
-0.0217368 -0.56018 0.0
-0.0167766 -0.514276 0.0
-0.0102756 -0.412803 0.0
-0.00411481 -0.254071 0.0
-0.000708186 -0.0542286 0.0
0.000284264 0.00505921 0.0
0.00189005 0.0316482 0.0
0.00539568 0.062865 0.0
0.0103816 0.0961188 0.0
0.0163382 0.128857 0.0
0.0227656 0.159175 0.0
0.0292509 0.185983 0.0
0.0355008 0.208884 0.0
0.0413394 0.227956 0.0
0.0466875 0.243545 0.0
0.0515356 0.256113 0.0
0.0559168 0.266126 0.0
0.0598841 0.273999 0.0
0.0634951 0.280071 0.0
0.0668011 0.284601 0.0
0.0698437 0.287782 0.0
0.0726534 0.289756 0.0
0.0752516 0.290629 0.0
0.0776522 0.290489 0.0
0.0798648 0.289407 0.0
0.081896 0.287453 0.0
0.0837513 0.284693 0.0
0.0854359 0.281194 0.0
0.0869555 0.277025 0.0
0.0883168 0.272255 0.0
0.0895274 0.266955 0.0
0.090596 0.261193 0.0
0.0915324 0.25504 0.0
0.0923472 0.248563 0.0
0.0930517 0.241824 0.0
0.0936579 0.234885 0.0
0.0941778 0.227801 0.0
0.0946237 0.220623 0.0
0.0950073 0.213397 0.0
0.0953402 0.206163 0.0
0.095633 0.198954 0.0
0.0958954 0.191799 0.0
0.0961363 0.18472 0.0
0.096363 0.177735 0.0
0.0965818 0.170857 0.0
0.0967974 0.164092 0.0
0.0970133 0.157447 0.0
0.0972319 0.150923 0.0
0.097454 0.144518 0.0
0.0976797 0.138229 0.0
0.097908 0.132053 0.0
0.0981374 0.125983 0.0
0.0983654 0.120014 0.0
0.0985894 0.114138 0.0
0.0988061 0.10835 0.0
0.0990122 0.102643 0.0
0.0992043 0.0970112 0.0
0.0993789 0.0914479 0.0
0.0995325 0.0859478 0.0
0.0996618 0.0805056 0.0
0.0997635 0.0751163 0.0
0.0998344 0.0697753 0.0
0.0998718 0.0644783 0.0
0.0998729 0.0592211 0.0
0.099835 0.0539998 0.0
0.0997558 0.0488107 0.0
0.0996332 0.0436502 0.0
0.099465 0.0385148 0.0
0.0992494 0.0334012 0.0
0.0989847 0.028306 0.0
0.0986692 0.0232259 0.0
0.0983017 0.0181576 0.0
0.0978809 0.0130978 0.0
0.0974059 0.00804286 0.0
0.0968761 0.002988 0.0
0.0962885 -0.00207658 0.0
0.0956417 -0.00714443 0.0
0.0949366 -0.01222 0.0
0.0941729 -0.0173073 0.0
0.0933502 -0.0224105 0.0
0.0924681 -0.0275335 0.0
0.091526 -0.0326805 0.0
0.0905238 -0.037856 0.0
0.089461 -0.0430643 0.0
0.0883375 -0.0483101 0.0
0.0871529 -0.0535979 0.0
0.085907 -0.0589326 0.0
0.0845994 -0.0643189 0.0
0.0832298 -0.0697616 0.0
0.0817978 -0.0752654 0.0
0.0803028 -0.0808349 0.0
0.0787444 -0.0864745 0.0
0.0771219 -0.0921883 0.0
0.0754347 -0.0979799 0.0
0.073682 -0.103853 0.0
0.0718629 -0.109809 0.0
0.0699767 -0.115852 0.0
0.0680224 -0.121981 0.0
0.0659993 -0.128198 0.0
0.0639063 -0.1345 0.0
0.0617429 -0.140888 0.0
0.0595082 -0.147357 0.0
0.0572019 -0.153902 0.0
0.0548237 -0.16052 0.0
0.0523736 -0.167201 0.0
0.049852 -0.173939 0.0
0.0472596 -0.180723 0.0
0.0445975 -0.187543 0.0
0.0418676 -0.19439 0.0
0.0390722 -0.201251 0.0
0.036214 -0.208117 0.0
0.0332965 -0.214983 0.0
0.0303238 -0.221847 0.0
0.0273003 -0.228718 0.0
0.0242305 -0.235625 0.0
0.0211183 -0.242621 0.0
0.0179659 -0.249814 0.0
0.0147716 -0.257389 0.0
0.0115262 -0.265667 0.0
0.00820488 -0.275185 0.0
0.00474944 -0.286846 0.0
0.0010074 -0.302213 0.0
-0.00319168 -0.323798 0.0
-0.00782609 -0.353716 0.0
-0.012667 -0.392781 0.0
-0.0173121 -0.439423 0.0
-0.0211772 -0.489077 0.0
-0.023577 -0.534031 0.0
-0.0238543 -0.563489 0.0
-0.0215695 -0.563919 0.0
-0.0167691 -0.520298 0.0
-0.0103246 -0.419726 0.0
-0.00414271 -0.25949 0.0
-0.000711109 -0.0556479 0.0
0.000271416 0.00450353 0.0
0.00182619 0.0290433 0.0
0.00525757 0.0585329 0.0
0.0101954 0.0905271 0.0
0.0161639 0.122523 0.0
0.0226765 0.152568 0.0
0.029317 0.179464 0.0
0.0357781 0.202692 0.0
0.0418655 0.222221 0.0
0.0474817 0.238315 0.0
0.0526018 0.251375 0.0
0.0572474 0.261837 0.0
0.0614651 0.270103 0.0
0.0653094 0.276512 0.0
0.0688321 0.281331 0.0
0.0720765 0.284764 0.0
0.0750759 0.286964 0.0
0.0778542 0.288045 0.0
0.0804277 0.288099 0.0
0.0828076 0.287204 0.0
0.0850015 0.285431 0.0
0.0870155 0.282846 0.0
0.0888552 0.279517 0.0
0.0905261 0.275512 0.0
0.0920348 0.270899 0.0
0.0933884 0.265747 0.0
0.0945954 0.260126 0.0
0.0956651 0.254102 0.0
0.0966077 0.247743 0.0
0.0974343 0.241112 0.0
0.0981564 0.234268 0.0
0.098786 0.227268 0.0
0.099335 0.220162 0.0
0.0998153 0.212995 0.0
0.100238 0.20581 0.0
0.100615 0.198639 0.0
0.100954 0.191512 0.0
0.101267 0.184454 0.0
0.101559 0.177483 0.0
0.101838 0.170612 0.0
0.102109 0.163851 0.0
0.102376 0.157206 0.0
0.102642 0.15068 0.0
0.102907 0.144273 0.0
0.103173 0.137982 0.0
0.10344 0.131805 0.0
0.103704 0.125736 0.0
0.103966 0.119771 0.0
0.104222 0.113902 0.0
0.104469 0.108123 0.0
0.104704 0.102429 0.0
0.104924 0.0968135 0.0
0.105125 0.09127 0.0
0.105304 0.0857931 0.0
0.105457 0.0803775 0.0
0.105582 0.075018 0.0
0.105675 0.0697098 0.0
0.105733 0.0644484 0.0
0.105754 0.0592296 0.0
0.105734 0.0540491 0.0
0.105671 0.0489032 0.0
0.105563 0.0437881 0.0
0.105408 0.0387001 0.0
0.105204 0.0336357 0.0
0.104948 0.0285914 0.0
0.10464 0.0235637 0.0
0.104279 0.0185492 0.0
0.103861 0.0135442 0.0
0.103388 0.00854503 0.0
0.102857 0.00354684 0.0
0.102266 -0.00145708 0.0
0.101614 -0.00646528 0.0
0.100901 -0.0114811 0.0
0.100127 -0.0165083 0.0
0.0992906 -0.0215508 0.0
0.0983924 -0.0266128 0.0
0.0974317 -0.0316985 0.0
0.0964081 -0.0368122 0.0
0.095321 -0.0419584 0.0
0.0941702 -0.0471417 0.0
0.0929553 -0.0523668 0.0
0.0916758 -0.0576383 0.0
0.0903313 -0.062961 0.0
0.0889212 -0.0683397 0.0
0.087445 -0.073779 0.0
0.085902 -0.0792834 0.0
0.0842916 -0.0848572 0.0
0.082613 -0.0905045 0.0
0.0808652 -0.0962288 0.0
0.0790474 -0.102033 0.0
0.0771585 -0.107921 0.0
0.0751975 -0.113893 0.0
0.0731634 -0.119951 0.0
0.071055 -0.126096 0.0
0.0688713 -0.132326 0.0
0.0666113 -0.138639 0.0
0.0642743 -0.145034 0.0
0.0618595 -0.151504 0.0
0.0593666 -0.158046 0.0
0.0567954 -0.164653 0.0
0.0541461 -0.171316 0.0
0.0514194 -0.178027 0.0
0.0486164 -0.184775 0.0
0.0457389 -0.191551 0.0
0.0427892 -0.198344 0.0
0.0397701 -0.205147 0.0
0.0366854 -0.211952 0.0
0.0335394 -0.21876 0.0
0.030337 -0.22558 0.0
0.0270832 -0.23244 0.0
0.0237829 -0.239394 0.0
0.0204396 -0.246546 0.0
0.0170536 -0.254077 0.0
0.0136186 -0.262298 0.0
0.010115 -0.271728 0.0
0.00649544 -0.283228 0.0
0.00264942 -0.298244 0.0
-0.00163901 -0.31928 0.0
-0.00639975 -0.348839 0.0
-0.011386 -0.387831 0.0
-0.0162117 -0.434902 0.0
-0.0202993 -0.485645 0.0
-0.0229556 -0.532407 0.0
-0.0234984 -0.564293 0.0
-0.0214472 -0.567451 0.0
-0.0168012 -0.526212 0.0
-0.0104017 -0.426656 0.0
-0.00418267 -0.264961 0.0
-0.00071586 -0.0570749 0.0
0.000258069 0.00397405 0.0
0.00175738 0.0265187 0.0
0.0051025 0.054281 0.0
0.00997292 0.0849707 0.0
0.0159289 0.116155 0.0
0.0225011 0.145851 0.0
0.0292725 0.172769 0.0
0.0359242 0.196275 0.0
0.0422448 0.216231 0.0
0.0481187 0.232815 0.0
0.0535049 0.246369 0.0
0.0584132 0.25729 0.0
0.0628821 0.265964 0.0
0.0669624 0.272727 0.0
0.0707052 0.277851 0.0
0.0741553 0.28155 0.0
0.0773481 0.283986 0.0
0.0803103 0.285282 0.0
0.0830604 0.285538 0.0
0.0856114 0.284835 0.0
0.0879724 0.283245 0.0
0.0901499 0.280839 0.0
0.09215 0.277684 0.0
0.0939783 0.273846 0.0
0.095641 0.269393 0.0
0.0971449 0.264395 0.0
0.0984982 0.258918 0.0
0.0997096 0.253029 0.0
0.100789 0.246795 0.0
0.101747 0.240276 0.0
0.102594 0.233534 0.0
0.103343 0.226623 0.0
0.104005 0.219595 0.0
0.104592 0.212495 0.0
0.105114 0.205364 0.0
0.105584 0.198238 0.0
0.10601 0.191147 0.0
0.106402 0.184115 0.0
0.106768 0.177163 0.0
0.107115 0.170305 0.0
0.107449 0.163553 0.0
0.107774 0.156913 0.0
0.108092 0.150389 0.0
0.108407 0.143983 0.0
0.108718 0.137694 0.0
0.109026 0.131519 0.0
0.109331 0.125454 0.0
0.109629 0.119493 0.0
0.109919 0.113633 0.0
0.110199 0.107865 0.0
0.110465 0.102186 0.0
0.110715 0.0965877 0.0
0.110944 0.0910653 0.0
0.11115 0.0856129 0.0
0.111329 0.080225 0.0
0.111478 0.0748965 0.0
0.111594 0.0696224 0.0
0.111673 0.0643981 0.0
0.111714 0.059219 0.0
0.111713 0.0540809 0.0
0.111667 0.0489798 0.0
0.111575 0.0439117 0.0
0.111434 0.0388729 0.0
0.111241 0.0338595 0.0
0.110996 0.0288679 0.0
0.110697 0.0238946 0.0
0.110341 0.0189358 0.0
0.109928 0.0139879 0.0
0.109456 0.00904684 0.0
0.108924 0.00410817 0.0
0.10833 -0.000833881 0.0
0.107674 -0.00577997 0.0
0.106954 -0.0107334 0.0
0.10617 -0.0156978 0.0
0.105322 -0.0206771 0.0
0.104409 -0.0256753 0.0
0.10343 -0.0306968 0.0
0.102386 -0.0357459 0.0
0.101276 -0.0408271 0.0
0.100098 -0.0459448 0.0
0.0988533 -0.0511039 0.0
0.0975406 -0.0563089 0.0
0.0961593 -0.0615646 0.0
0.0947088 -0.0668756 0.0
0.0931883 -0.0722465 0.0
0.0915971 -0.0776818 0.0
0.0899342 -0.0831856 0.0
0.0881987 -0.0887619 0.0
0.0863895 -0.0944143 0.0
0.0845055 -0.100146 0.0
0.0825454 -0.105959 0.0
0.0805081 -0.111856 0.0
0.0783922 -0.117838 0.0
0.0761965 -0.123905 0.0
0.0739198 -0.130056 0.0
0.0715608 -0.13629 0.0
0.0691185 -0.142604 0.0
0.0665922 -0.148993 0.0
0.0639813 -0.155454 0.0
0.0612854 -0.161979 0.0
0.0585047 -0.16856 0.0
0.0556398 -0.17519 0.0
0.0526917 -0.18186 0.0
0.0496622 -0.188559 0.0
0.0465535 -0.195278 0.0
0.0433689 -0.202009 0.0
0.0401121 -0.208748 0.0
0.0367878 -0.215493 0.0
0.0334013 -0.222257 0.0
0.0299583 -0.229066 0.0
0.0264646 -0.235974 0.0
0.0229251 -0.243083 0.0
0.019342 -0.250571 0.0
0.0157118 -0.258739 0.0
0.0120195 -0.268091 0.0
0.0082275 -0.279454 0.0
0.00424852 -0.294193 0.0
-0.000132057 -0.314661 0.0
-0.00500286 -0.343826 0.0
-0.0101415 -0.38272 0.0
-0.015151 -0.430178 0.0
-0.0194633 -0.481968 0.0
-0.0223784 -0.530512 0.0
-0.0231884 -0.564835 0.0
-0.0213707 -0.570778 0.0
-0.0168747 -0.532027 0.0
-0.0105087 -0.433606 0.0
-0.00423576 -0.270503 0.0
-0.000722631 -0.0585134 0.0
0.000244329 0.00347165 0.0
0.0016842 0.0240819 0.0
0.00493184 0.050125 0.0
0.009716 0.0794721 0.0
0.0156353 0.109779 0.0
0.0222402 0.139051 0.0
0.0291169 0.165921 0.0
0.0359367 0.189651 0.0
0.0424726 0.209999 0.0
0.0485914 0.227055 0.0
0.0542361 0.241098 0.0
0.0594035 0.252485 0.0
0.0641234 0.26158 0.0
0.0684416 0.268712 0.0
0.0724077 0.274157 0.0
0.0760671 0.278135 0.0
0.0794573 0.280818 0.0
0.0826072 0.282338 0.0
0.0855379 0.282801 0.0
0.0882643 0.282294 0.0
0.0907966 0.280893 0.0
0.0931426 0.278668 0.0
0.0953086 0.275689 0.0
0.0973003 0.272021 0.0
0.0991238 0.267732 0.0
0.100786 0.26289 0.0
0.102293 0.257561 0.0
0.103655 0.251812 0.0
0.10488 0.245707 0.0
0.105979 0.239307 0.0
0.106962 0.232673 0.0
0.10784 0.225858 0.0
0.108625 0.218914 0.0
0.109328 0.211887 0.0
0.109961 0.204818 0.0
0.110533 0.197743 0.0
0.111055 0.190694 0.0
0.111537 0.183695 0.0
0.111986 0.176768 0.0
0.11241 0.169929 0.0
0.112814 0.163191 0.0
0.113203 0.156561 0.0
0.113582 0.150044 0.0
0.113952 0.143644 0.0
0.114314 0.13736 0.0
0.114669 0.13119 0.0
0.115017 0.125131 0.0
0.115357 0.119179 0.0
0.115685 0.113328 0.0
0.116001 0.107574 0.0
0.116301 0.101911 0.0
0.116582 0.096332 0.0
0.116842 0.0908322 0.0
0.117076 0.0854056 0.0
0.117282 0.080047 0.0
0.117457 0.0747508 0.0
0.117597 0.0695122 0.0
0.117699 0.0643263 0.0
0.117761 0.0591885 0.0
0.117779 0.0540943 0.0
0.117752 0.0490396 0.0
0.117676 0.0440202 0.0
0.117549 0.0390322 0.0
0.11737 0.0340717 0.0
0.117136 0.0291348 0.0
0.116845 0.0242178 0.0
0.116497 0.0193169 0.0
0.116088 0.0144282 0.0
0.115619 0.00954776 0.0
0.115087 0.0046711 0.0
0.114491 -0.000207001 0.0
0.11383 -0.00508904 0.0
0.113103 -0.00997775 0.0
0.112311 -0.0148768 0.0
0.111451 -0.0197902 0.0
0.110524 -0.024722 0.0
0.109529 -0.0296765 0.0
0.108465 -0.034658 0.0
0.107331 -0.039671 0.0
0.106128 -0.04472 0.0
0.104853 -0.0498097 0.0
0.103508 -0.0549446 0.0
0.10209 -0.0601296 0.0
0.100599 -0.065369 0.0
0.0990336 -0.0706676 0.0
0.0973936 -0.0760295 0.0
0.0956776 -0.081459 0.0
0.0938844 -0.0869598 0.0
0.0920128 -0.0925356 0.0
0.0900613 -0.0981892 0.0
0.0880286 -0.103923 0.0
0.0859133 -0.10974 0.0
0.0837138 -0.115639 0.0
0.0814286 -0.121623 0.0
0.0790564 -0.127689 0.0
0.0765957 -0.133837 0.0
0.0740453 -0.140064 0.0
0.0714043 -0.146366 0.0
0.0686719 -0.152738 0.0
0.0658477 -0.159174 0.0
0.0629317 -0.165668 0.0
0.0599244 -0.172211 0.0
0.0568269 -0.178794 0.0
0.0536408 -0.185409 0.0
0.0503687 -0.192047 0.0
0.0470136 -0.1987 0.0
0.0435797 -0.205366 0.0
0.0400719 -0.212043 0.0
0.036496 -0.218745 0.0
0.0328585 -0.225497 0.0
0.0291661 -0.232356 0.0
0.025425 -0.23942 0.0
0.0216391 -0.246865 0.0
0.0178078 -0.254984 0.0
0.0139202 -0.264266 0.0
0.00994599 -0.275512 0.0
0.00581285 -0.290023 0.0
0.00133827 -0.309977 0.0
-0.00363452 -0.338667 0.0
-0.00893176 -0.377442 0.0
-0.0141274 -0.42525 0.0
-0.0186668 -0.478045 0.0
-0.0218437 -0.528343 0.0
-0.0229239 -0.565113 0.0
-0.0213408 -0.5739 0.0
-0.0169914 -0.53775 0.0
-0.0106477 -0.440593 0.0
-0.00430311 -0.276133 0.0
-0.000731628 -0.0599676 0.0
0.000230303 0.00299702 0.0
0.00160727 0.0217397 0.0
0.00474709 0.0460797 0.0
0.00942685 0.0740534 0.0
0.0152851 0.10342 0.0
0.0218956 0.132194 0.0
0.0288503 0.158946 0.0
0.0358139 0.182842 0.0
0.0425449 0.20354 0.0
0.0488936 0.221045 0.0
0.0547869 0.235569 0.0
0.060208 0.247425 0.0
0.0651771 0.256951 0.0
0.0697342 0.264466 0.0
0.0739261 0.270245 0.0
0.0777983 0.274515 0.0
0.0813897 0.277456 0.0
0.0847315 0.279208 0.0
0.0878469 0.279885 0.0
0.0907528 0.279578 0.0
0.0934612 0.278368 0.0
0.0959807 0.276328 0.0
0.0983182 0.273526 0.0
0.10048 0.27003 0.0
0.102471 0.265908 0.0
0.104298 0.261225 0.0
0.105968 0.256048 0.0
0.107489 0.250442 0.0
0.10887 0.244471 0.0
0.110119 0.238195 0.0
0.111248 0.231673 0.0
0.112266 0.22496 0.0
0.113185 0.218107 0.0
0.114016 0.21116 0.0
0.114769 0.204159 0.0
0.115455 0.197143 0.0
0.116083 0.190142 0.0
0.116665 0.183183 0.0
0.117206 0.176289 0.0
0.117716 0.169475 0.0
0.118199 0.162757 0.0
0.118662 0.156142 0.0
0.119108 0.149638 0.0
0.11954 0.143248 0.0
0.11996 0.136973 0.0
0.120369 0.130812 0.0
0.120766 0.124763 0.0
0.121151 0.118822 0.0
0.121522 0.112985 0.0
0.121877 0.107247 0.0
0.122214 0.101601 0.0
0.12253 0.0960439 0.0
0.122823 0.0905685 0.0
0.123088 0.0851695 0.0
0.123323 0.0798416 0.0
0.123525 0.0745795 0.0
0.123691 0.0693779 0.0
0.123817 0.064232 0.0
0.123901 0.059137 0.0
0.12394 0.0540883 0.0
0.123932 0.0490817 0.0
0.123873 0.0441127 0.0
0.123762 0.0391774 0.0
0.123596 0.0342715 0.0
0.123374 0.0293913 0.0
0.123093 0.0245327 0.0
0.122752 0.0196918 0.0
0.12235 0.0148646 0.0
0.121883 0.0100471 0.0
0.121352 0.00523485 0.0
0.120755 0.000422988 0.0
0.12009 -0.00439303 0.0
0.119357 -0.00921485 0.0
0.118556 -0.0140462 0.0
0.117686 -0.0188911 0.0
0.116746 -0.0237537 0.0
0.115734 -0.0286382 0.0
0.114651 -0.033549 0.0
0.113495 -0.0384906 0.0
0.112266 -0.0434675 0.0
0.110962 -0.0484843 0.0
0.109583 -0.0535455 0.0
0.108128 -0.0586559 0.0
0.106597 -0.0638198 0.0
0.104987 -0.0690418 0.0
0.103297 -0.074326 0.0
0.101527 -0.0796765 0.0
0.0996755 -0.0850972 0.0
0.0977402 -0.0905913 0.0
0.0957199 -0.0961618 0.0
0.093613 -0.101811 0.0
0.0914178 -0.107541 0.0
0.0891326 -0.113353 0.0
0.0867557 -0.119247 0.0
0.0842854 -0.125222 0.0
0.0817202 -0.131278 0.0
0.0790587 -0.137411 0.0
0.0762997 -0.143618 0.0
0.0734424 -0.149895 0.0
0.0704861 -0.156236 0.0
0.0674308 -0.162635 0.0
0.064277 -0.169083 0.0
0.0610256 -0.175573 0.0
0.0576783 -0.182097 0.0
0.0542378 -0.188646 0.0
0.0507072 -0.195215 0.0
0.047091 -0.2018 0.0
0.0433944 -0.208404 0.0
0.0396239 -0.215038 0.0
0.0357864 -0.22173 0.0
0.0318898 -0.228535 0.0
0.0279414 -0.235552 0.0
0.0239473 -0.242953 0.0
0.0199091 -0.251026 0.0
0.0158199 -0.260247 0.0
0.011655 -0.271392 0.0
0.00735405 -0.285709 0.0
0.00277712 -0.305239 0.0
-0.0022982 -0.333356 0.0
-0.00775479 -0.371999 0.0
-0.0131374 -0.420115 0.0
-0.017907 -0.473871 0.0
-0.0213498 -0.525897 0.0
-0.0227044 -0.565125 0.0
-0.0213582 -0.576819 0.0
-0.017153 -0.543386 0.0
-0.0108207 -0.447633 0.0
-0.00438595 -0.281873 0.0
-0.000743071 -0.0614423 0.0
0.000216096 0.00255062 0.0
0.00152724 0.019498 0.0
0.00454984 0.042159 0.0
0.00910793 0.0687363 0.0
0.0148811 0.0971055 0.0
0.0214693 0.12531 0.0
0.0284737 0.151872 0.0
0.0355546 0.175872 0.0
0.0424584 0.196876 0.0
0.0490196 0.2148 0.0
0.0551491 0.229792 0.0
0.0608165 0.242114 0.0
0.0660314 0.252078 0.0
0.0708269 0.259986 0.0
0.0752465 0.266113 0.0
0.0793345 0.270687 0.0
0.0831308 0.273896 0.0
0.0866685 0.275889 0.0
0.0899729 0.276785 0.0
0.0930629 0.276682 0.0
0.0959522 0.275666 0.0
0.0986504 0.273812 0.0
0.101165 0.271189 0.0
0.103503 0.267868 0.0
0.105669 0.263913 0.0
0.107669 0.259392 0.0
0.10951 0.25437 0.0
0.1112 0.24891 0.0
0.112746 0.243077 0.0
0.114156 0.236929 0.0
0.115441 0.230526 0.0
0.11661 0.223921 0.0
0.117674 0.217164 0.0
0.118643 0.210303 0.0
0.119528 0.203378 0.0
0.120339 0.196427 0.0
0.121085 0.189482 0.0
0.121777 0.182571 0.0
0.122421 0.175715 0.0
0.123027 0.168934 0.0
0.1236 0.162242 0.0
0.124145 0.155649 0.0
0.124667 0.149163 0.0
0.12517 0.142789 0.0
0.125655 0.136528 0.0
0.126123 0.130381 0.0
0.126575 0.124345 0.0
0.127012 0.118419 0.0
0.12743 0.112599 0.0
0.127829 0.106879 0.0
0.128208 0.101254 0.0
0.128562 0.0957204 0.0
0.12889 0.0902715 0.0
0.129189 0.0849022 0.0
0.129456 0.079607 0.0
0.129687 0.0743806 0.0
0.12988 0.0692178 0.0
0.130032 0.0641137 0.0
0.13014 0.0590632 0.0
0.130202 0.0540618 0.0
0.130213 0.049105 0.0
0.130173 0.0441883 0.0
0.130079 0.0393074 0.0
0.129928 0.0344582 0.0
0.129718 0.0296365 0.0
0.129448 0.0248383 0.0
0.129116 0.0200595 0.0
0.128719 0.0152961 0.0
0.128257 0.010544 0.0
0.127727 0.00579874 0.0
0.127129 0.00105533 0.0
0.126461 -0.00369272 0.0
0.125724 -0.00844547 0.0
0.124915 -0.0132066 0.0
0.124035 -0.0179803 0.0
0.123082 -0.0227707 0.0
0.122054 -0.0275822 0.0
0.120952 -0.0324191 0.0
0.119774 -0.037286 0.0
0.118518 -0.0421873 0.0
0.117185 -0.0471276 0.0
0.115773 -0.0521114 0.0
0.114281 -0.0571432 0.0
0.112708 -0.0622275 0.0
0.111052 -0.0673685 0.0
0.109313 -0.0725705 0.0
0.107488 -0.0778374 0.0
0.105577 -0.0831728 0.0
0.103576 -0.0885801 0.0
0.101486 -0.0940621 0.0
0.0993031 -0.0996212 0.0
0.0970261 -0.105259 0.0
0.094653 -0.110977 0.0
0.0921819 -0.116775 0.0
0.0896109 -0.122653 0.0
0.0869383 -0.128609 0.0
0.0841625 -0.134642 0.0
0.0812822 -0.140748 0.0
0.0782963 -0.146923 0.0
0.0752041 -0.153161 0.0
0.0720055 -0.159456 0.0
0.0687008 -0.165803 0.0
0.065291 -0.172192 0.0
0.0617779 -0.178617 0.0
0.058164 -0.185071 0.0
0.0544529 -0.191549 0.0
0.0506491 -0.198047 0.0
0.0467584 -0.20457 0.0
0.0427876 -0.21113 0.0
0.0387446 -0.217757 0.0
0.0346381 -0.224505 0.0
0.030477 -0.231473 0.0
0.0262689 -0.23883 0.0
0.0220183 -0.24686 0.0
0.0177217 -0.256028 0.0
0.0133604 -0.267085 0.0
0.00888453 -0.281238 0.0
0.00417938 -0.300428 0.0
-0.00100078 -0.327912 0.0
-0.0066008 -0.366387 0.0
-0.0121763 -0.41477 0.0
-0.0171808 -0.469442 0.0
-0.0208945 -0.523169 0.0
-0.0225289 -0.564864 0.0
-0.0214237 -0.579531 0.0
-0.0173614 -0.548942 0.0
-0.0110301 -0.454741 0.0
-0.0044856 -0.287744 0.0
-0.000757189 -0.0629426 0.0
0.000201811 0.00213271 0.0
0.00144476 0.0173618 0.0
0.00434176 0.0383756 0.0
0.00876192 0.0635415 0.0
0.0144266 0.0908625 0.0
0.0209644 0.118427 0.0
0.0279888 0.144726 0.0
0.0351589 0.168767 0.0
0.0422108 0.190025 0.0
0.0489645 0.208336 0.0
0.0553154 0.223776 0.0
0.0612192 0.236559 0.0
0.0666744 0.246963 0.0
0.0717065 0.255274 0.0
0.0763543 0.261758 0.0
0.0806605 0.266648 0.0
0.0846652 0.270135 0.0
0.0884028 0.272375 0.0
0.0919006 0.273496 0.0
0.0951795 0.273602 0.0
0.0982546 0.272782 0.0
0.101137 0.271115 0.0
0.103835 0.268673 0.0
0.106355 0.265526 0.0
0.108703 0.261741 0.0
0.110885 0.257383 0.0
0.112906 0.252517 0.0
0.114773 0.247207 0.0
0.116494 0.241514 0.0
0.118076 0.235499 0.0
0.119528 0.229219 0.0
0.120859 0.222727 0.0
0.122079 0.216074 0.0
0.123199 0.209305 0.0
0.124228 0.202463 0.0
0.125175 0.195585 0.0
0.126051 0.188703 0.0
0.126864 0.181846 0.0
0.127624 0.175036 0.0
0.128336 0.168295 0.0
0.129008 0.161636 0.0
0.129646 0.155072 0.0
0.130254 0.14861 0.0
0.130836 0.142257 0.0
0.131394 0.136016 0.0
0.13193 0.129888 0.0
0.132445 0.123871 0.0
0.132938 0.117964 0.0
0.13341 0.112163 0.0
0.133859 0.106465 0.0
0.134283 0.100865 0.0
0.13468 0.0953578 0.0
0.135048 0.0899382 0.0
0.135384 0.0846009 0.0
0.135685 0.0793407 0.0
0.135948 0.0741521 0.0
0.136171 0.0690302 0.0
0.136351 0.0639696 0.0
0.136484 0.0589657 0.0
0.136569 0.0540134 0.0
0.136603 0.0491083 0.0
0.136582 0.0442457 0.0
0.136505 0.0394212 0.0
0.13637 0.0346306 0.0
0.136174 0.0298695 0.0
0.135916 0.0251338 0.0
0.135593 0.0204193 0.0
0.135204 0.0157219 0.0
0.134747 0.0110375 0.0
0.13422 0.00636185 0.0
0.133621 0.00168958 0.0
0.132951 -0.00298925 0.0
0.13221 -0.00767047 0.0
0.131395 -0.0123586 0.0
0.130505 -0.0170581 0.0
0.129539 -0.0217733 0.0
0.128496 -0.0265087 0.0
0.127374 -0.0312685 0.0
0.126173 -0.0360573 0.0
0.124891 -0.0408794 0.0
0.123529 -0.0457395 0.0
0.122083 -0.0506419 0.0
0.120553 -0.0555911 0.0
0.118938 -0.0605914 0.0
0.117236 -0.0656471 0.0
0.115446 -0.0707621 0.0
0.113565 -0.0759404 0.0
0.111593 -0.0811855 0.0
0.109526 -0.0865006 0.0
0.107363 -0.0918884 0.0
0.105103 -0.0973513 0.0
0.102742 -0.102891 0.0
0.100279 -0.108509 0.0
0.0977109 -0.114204 0.0
0.0950365 -0.119978 0.0
0.0922535 -0.125829 0.0
0.0893603 -0.131754 0.0
0.0863552 -0.137751 0.0
0.0832371 -0.143816 0.0
0.0800051 -0.149944 0.0
0.076659 -0.156129 0.0
0.0731991 -0.162365 0.0
0.0696264 -0.168647 0.0
0.0659426 -0.174966 0.0
0.0621504 -0.181317 0.0
0.0582535 -0.187695 0.0
0.0542569 -0.1941 0.0
0.0501666 -0.200536 0.0
0.04599 -0.207017 0.0
0.0417358 -0.213573 0.0
0.0374138 -0.22026 0.0
0.0330342 -0.227177 0.0
0.0286066 -0.234491 0.0
0.0241378 -0.24248 0.0
0.0196282 -0.251601 0.0
0.0150642 -0.262587 0.0
0.0104052 -0.276602 0.0
0.00555199 -0.295505 0.0
0.000266281 -0.322368 0.0
-0.00546701 -0.360597 0.0
-0.0112413 -0.40921 0.0
-0.016485 -0.464754 0.0
-0.0204756 -0.520153 0.0
-0.0223966 -0.564325 0.0
-0.0215377 -0.582034 0.0
-0.0176184 -0.55442 0.0
-0.0112782 -0.461934 0.0
-0.00460347 -0.29377 0.0
-0.000774227 -0.064474 0.0
0.000187549 0.00174335 0.0
0.00136047 0.0153353 0.0
0.00412459 0.034741 0.0
0.00839174 0.0584888 0.0
0.0139251 0.0847173 0.0
0.0203842 0.111575 0.0
0.0273981 0.13754 0.0
0.0346275 0.161554 0.0
0.0418005 0.183013 0.0
0.0487241 0.201671 0.0
0.0552789 0.217535 0.0
0.0614067 0.230768 0.0
0.0670946 0.241611 0.0
0.0723595 0.250329 0.0
0.0772348 0.25718 0.0
0.0817607 0.262394 0.0
0.0859767 0.266168 0.0
0.0899181 0.268663 0.0
0.0936138 0.270014 0.0
0.0970863 0.270332 0.0
0.100353 0.26971 0.0
0.103425 0.268232 0.0
0.106313 0.265971 0.0
0.109022 0.262999 0.0
0.11156 0.259383 0.0
0.113931 0.255188 0.0
0.11614 0.25048 0.0
0.118194 0.245322 0.0
0.1201 0.239773 0.0
0.121864 0.233894 0.0
0.123494 0.227741 0.0
0.124999 0.221368 0.0
0.126388 0.214823 0.0
0.127671 0.208154 0.0
0.128855 0.201401 0.0
0.129952 0.194602 0.0
0.130969 0.187791 0.0
0.131917 0.180996 0.0
0.132802 0.174241 0.0
0.133633 0.167547 0.0
0.134416 0.160929 0.0
0.135158 0.1544 0.0
0.135861 0.14797 0.0
0.136532 0.141645 0.0
0.137172 0.13543 0.0
0.137785 0.129326 0.0
0.13837 0.123333 0.0
0.138928 0.11745 0.0
0.13946 0.111674 0.0
0.139965 0.106002 0.0
0.14044 0.100429 0.0
0.140884 0.0949519 0.0
0.141296 0.0895646 0.0
0.141673 0.0842621 0.0
0.142012 0.0790394 0.0
0.142311 0.0738913 0.0
0.142566 0.0688124 0.0
0.142776 0.0637978 0.0
0.142938 0.0588424 0.0
0.143048 0.0539414 0.0
0.143105 0.04909 0.0
0.143106 0.0442836 0.0
0.143048 0.0395176 0.0
0.14293 0.0347876 0.0
0.142749 0.0300892 0.0
0.142503 0.0254181 0.0
0.142191 0.0207701 0.0
0.14181 0.016141 0.0
0.14136 0.0115265 0.0
0.140837 0.0069224 0.0
0.140242 0.00232336 0.0
0.139571 -0.00228306 0.0
0.138826 -0.0068897 0.0
0.138003 -0.0115019 0.0
0.137103 -0.0161243 0.0
0.136123 -0.0207613 0.0
0.135063 -0.0254174 0.0
0.133922 -0.0300968 0.0
0.132698 -0.034804 0.0
0.13139 -0.0395434 0.0
0.129997 -0.0443195 0.0
0.128517 -0.0491365 0.0
0.126949 -0.0539989 0.0
0.125291 -0.0589109 0.0
0.123542 -0.0638765 0.0
0.1217 -0.0688998 0.0
0.119762 -0.0739844 0.0
0.117727 -0.0791338 0.0
0.115592 -0.0843511 0.0
0.113356 -0.089639 0.0
0.111016 -0.0949997 0.0
0.108569 -0.100435 0.0
0.106013 -0.105946 0.0
0.103346 -0.111532 0.0
0.100565 -0.117195 0.0
0.0976689 -0.122933 0.0
0.0946549 -0.128743 0.0
0.0915216 -0.134624 0.0
0.0882676 -0.140571 0.0
0.0848919 -0.146581 0.0
0.0813943 -0.152648 0.0
0.0777748 -0.158767 0.0
0.0740346 -0.164932 0.0
0.0701753 -0.171137 0.0
0.0661998 -0.177378 0.0
0.062112 -0.18365 0.0
0.0579172 -0.189954 0.0
0.0536218 -0.196296 0.0
0.0492338 -0.202692 0.0
0.0447629 -0.209173 0.0
0.0402197 -0.215795 0.0
0.0356159 -0.222658 0.0
0.030963 -0.229929 0.0
0.0262704 -0.237881 0.0
0.0215418 -0.246962 0.0
0.0167686 -0.257888 0.0
0.0119174 -0.27179 0.0
0.00690256 -0.290449 0.0
0.0015122 -0.316748 0.0
-0.00435043 -0.354621 0.0
-0.0103299 -0.403432 0.0
-0.0158164 -0.459802 0.0
-0.0200902 -0.516841 0.0
-0.022306 -0.5635 0.0
-0.0217004 -0.584323 0.0
-0.0179258 -0.559825 0.0
-0.0115674 -0.469228 0.0
-0.00474104 -0.299977 0.0
-0.00079444 -0.0660427 0.0
0.000173405 0.0013824 0.0
0.00127502 0.0134217 0.0
0.00390011 0.0312653 0.0
0.00800046 0.0535969 0.0
0.0133806 0.0786957 0.0
0.0197329 0.104785 0.0
0.026705 0.130343 0.0
0.0339621 0.154264 0.0
0.0412271 0.175865 0.0
0.0482953 0.194827 0.0
0.0550336 0.211086 0.0
0.0613703 0.224753 0.0
0.0672807 0.236028 0.0
0.0727725 0.245155 0.0
0.077873 0.252378 0.0
0.0826189 0.257924 0.0
0.0870484 0.261992 0.0
0.0911971 0.264749 0.0
0.095095 0.266335 0.0
0.0987663 0.266868 0.0
0.102229 0.266446 0.0
0.105498 0.265156 0.0
0.108581 0.263076 0.0
0.111487 0.260278 0.0
0.114222 0.256831 0.0
0.11679 0.252801 0.0
0.119197 0.248251 0.0
0.121449 0.243245 0.0
0.123549 0.237843 0.0
0.125506 0.232104 0.0
0.127326 0.226082 0.0
0.129017 0.219831 0.0
0.130587 0.213401 0.0
0.132044 0.206837 0.0
0.133398 0.20018 0.0
0.134656 0.193468 0.0
0.135828 0.186736 0.0
0.136922 0.18001 0.0
0.137947 0.173317 0.0
0.138908 0.166678 0.0
0.139814 0.160108 0.0
0.14067 0.153623 0.0
0.141481 0.147232 0.0
0.142251 0.140943 0.0
0.142984 0.13476 0.0
0.143682 0.128686 0.0
0.144346 0.122723 0.0
0.144978 0.116869 0.0
0.145577 0.111123 0.0
0.146144 0.105482 0.0
0.146677 0.0999413 0.0
0.147175 0.0944976 0.0
0.147636 0.0891461 0.0
0.148058 0.0838818 0.0
0.148439 0.0786998 0.0
0.148776 0.0735948 0.0
0.149068 0.0685617 0.0
0.149311 0.0635955 0.0
0.149503 0.0586912 0.0
0.149642 0.0538437 0.0
0.149724 0.0490484 0.0
0.149748 0.0443003 0.0
0.149711 0.039595 0.0
0.149612 0.0349279 0.0
0.149447 0.0302944 0.0
0.149215 0.0256902 0.0
0.148915 0.0211109 0.0
0.148543 0.0165522 0.0
0.1481 0.0120097 0.0
0.147583 0.00747892 0.0
0.146991 0.00295442 0.0
0.146321 -0.00157411 0.0
0.145571 -0.00610279 0.0
0.14474 -0.0106362 0.0
0.14383 -0.0151786 0.0
0.142837 -0.0197345 0.0
0.14176 -0.0243081 0.0
0.140599 -0.0289038 0.0
0.139352 -0.033526 0.0
0.138018 -0.038179 0.0
0.136594 -0.0428671 0.0
0.13508 -0.0475947 0.0
0.133473 -0.0523659 0.0
0.131772 -0.057185 0.0
0.129974 -0.0620558 0.0
0.128078 -0.0669823 0.0
0.126082 -0.071968 0.0
0.123983 -0.0770162 0.0
0.121779 -0.0821299 0.0
0.119467 -0.0873118 0.0
0.117045 -0.092564 0.0
0.114509 -0.0978882 0.0
0.111858 -0.103286 0.0
0.109089 -0.108756 0.0
0.1062 -0.114301 0.0
0.103187 -0.119918 0.0
0.100049 -0.125606 0.0
0.0967839 -0.131362 0.0
0.0933904 -0.137184 0.0
0.0898671 -0.143068 0.0
0.0862138 -0.149009 0.0
0.0824305 -0.155003 0.0
0.0785182 -0.161044 0.0
0.0744787 -0.167127 0.0
0.070315 -0.173249 0.0
0.0660312 -0.179407 0.0
0.0616328 -0.185604 0.0
0.0571269 -0.191845 0.0
0.052522 -0.19815 0.0
0.0478286 -0.20455 0.0
0.0430585 -0.211104 0.0
0.0382249 -0.217912 0.0
0.0333411 -0.225139 0.0
0.0284191 -0.233057 0.0
0.0234658 -0.242105 0.0
0.0184774 -0.252984 0.0
0.0134267 -0.266792 0.0
0.00824017 -0.285246 0.0
0.00274197 -0.311064 0.0
-0.00325075 -0.34845 0.0
-0.00943855 -0.397435 0.0
-0.0151705 -0.45458 0.0
-0.0197349 -0.513224 0.0
-0.0222551 -0.562381 0.0
-0.0219117 -0.586392 0.0
-0.0182852 -0.565157 0.0
-0.0119003 -0.476639 0.0
-0.00489993 -0.306393 0.0
-0.0008181 -0.0676552 0.0
0.000159471 0.00104952 0.0
0.00118906 0.0116234 0.0
0.00367011 0.0279576 0.0
0.00759126 0.0488832 0.0
0.0127974 0.0728232 0.0
0.0190152 0.0980875 0.0
0.0259135 0.123171 0.0
0.0331655 0.146927 0.0
0.0404909 0.168611 0.0
0.0476757 0.187828 0.0
0.0545743 0.204448 0.0
0.0611019 0.218526 0.0
0.0672217 0.230224 0.0
0.0729322 0.239757 0.0
0.0782537 0.247354 0.0
0.0832185 0.253237 0.0
0.0878629 0.257605 0.0
0.0922219 0.260628 0.0
0.0963262 0.262453 0.0
0.100201 0.263203 0.0
0.103867 0.262982 0.0
0.107337 0.261881 0.0
0.110623 0.259981 0.0
0.113733 0.257357 0.0
0.116673 0.254078 0.0
0.119448 0.250211 0.0
0.122062 0.24582 0.0
0.124519 0.240968 0.0
0.126826 0.235713 0.0
0.128987 0.230115 0.0
0.131009 0.224229 0.0
0.132897 0.218105 0.0
0.13466 0.211794 0.0
0.136305 0.205341 0.0
0.13784 0.198787 0.0
0.139274 0.19217 0.0
0.140613 0.185522 0.0
0.141868 0.178875 0.0
0.143044 0.172252 0.0
0.144149 0.165676 0.0
0.145191 0.159163 0.0
0.146173 0.152729 0.0
0.147103 0.146385 0.0
0.147984 0.140138 0.0
0.14882 0.133995 0.0
0.149613 0.12796 0.0
0.150366 0.122033 0.0
0.15108 0.116214 0.0
0.151755 0.110504 0.0
0.152392 0.104898 0.0
0.15299 0.0993944 0.0
0.153547 0.093989 0.0
0.154064 0.0886775 0.0
0.154537 0.0834552 0.0
0.154965 0.0783173 0.0
0.155346 0.0732588 0.0
0.155677 0.0682746 0.0
0.155957 0.0633597 0.0
0.156183 0.0585092 0.0
0.156352 0.0537179 0.0
0.156462 0.0489812 0.0
0.156512 0.044294 0.0
0.156498 0.0396519 0.0
0.156419 0.03505 0.0
0.156272 0.0304838 0.0
0.156056 0.0259489 0.0
0.155768 0.0214407 0.0
0.155407 0.0169548 0.0
0.154971 0.0124866 0.0
0.154459 0.00803154 0.0
0.153868 0.00358415 0.0
0.153198 -0.000863074 0.0
0.152444 -0.00531062 0.0
0.151608 -0.00976208 0.0
0.150688 -0.0142215 0.0
0.149682 -0.018693 0.0
0.14859 -0.0231809 0.0
0.14741 -0.0276895 0.0
0.146139 -0.032223 0.0
0.144778 -0.0367857 0.0
0.143323 -0.0413819 0.0
0.141773 -0.0460157 0.0
0.140127 -0.0506913 0.0
0.138381 -0.0554128 0.0
0.136534 -0.0601838 0.0
0.134584 -0.0650083 0.0
0.132528 -0.0698896 0.0
0.130363 -0.0748309 0.0
0.128087 -0.0798351 0.0
0.125697 -0.0849049 0.0
0.123191 -0.0900422 0.0
0.120565 -0.0952488 0.0
0.117817 -0.100526 0.0
0.114943 -0.105874 0.0
0.111941 -0.111292 0.0
0.108809 -0.116781 0.0
0.105544 -0.122339 0.0
0.102144 -0.127964 0.0
0.0986073 -0.133653 0.0
0.0949327 -0.139402 0.0
0.0911197 -0.145209 0.0
0.0871684 -0.151069 0.0
0.0830796 -0.156977 0.0
0.0788553 -0.16293 0.0
0.0744986 -0.168925 0.0
0.0700138 -0.174962 0.0
0.0654067 -0.181043 0.0
0.0606849 -0.187178 0.0
0.0558576 -0.193385 0.0
0.0509362 -0.1997 0.0
0.0459336 -0.206182 0.0
0.0408645 -0.212931 0.0
0.0357443 -0.220115 0.0
0.0305875 -0.228001 0.0
0.0254043 -0.237024 0.0
0.0201953 -0.247868 0.0
0.0149398 -0.261603 0.0
0.00957442 -0.279883 0.0
0.0039538 -0.305307 0.0
-0.00216994 -0.342091 0.0
-0.00855824 -0.391219 0.0
-0.0145409 -0.449082 0.0
-0.0194052 -0.509294 0.0
-0.0222414 -0.560955 0.0
-0.0221713 -0.588231 0.0
-0.0186983 -0.570417 0.0
-0.0122796 -0.484183 0.0
-0.0050819 -0.313048 0.0
-0.000845504 -0.0693188 0.0
0.00014583 0.000744223 0.0
0.00110318 0.00994173 0.0
0.00343637 0.024825 0.0
0.00716743 0.0443635 0.0
0.0121801 0.0671239 0.0
0.0182363 0.0915128 0.0
0.0250286 0.116055 0.0
0.0322411 0.139579 0.0
0.0395934 0.161282 0.0
0.0468642 0.180701 0.0
0.0538967 0.197643 0.0
0.0605938 0.212107 0.0
0.0669073 0.22421 0.0
0.0728256 0.234141 0.0
0.0783617 0.242112 0.0
0.0835427 0.248334 0.0
0.0884021 0.253005 0.0
0.0929737 0.256298 0.0
0.0972884 0.258365 0.0
0.101372 0.259333 0.0
0.105246 0.259313 0.0
0.108925 0.2584 0.0
0.112421 0.256679 0.0
0.115742 0.254227 0.0
0.118896 0.251115 0.0
0.121885 0.24741 0.0
0.124716 0.243177 0.0
0.12739 0.238478 0.0
0.129914 0.233373 0.0
0.13229 0.227919 0.0
0.134524 0.22217 0.0
0.136623 0.216177 0.0
0.138592 0.209991 0.0
0.140438 0.203654 0.0
0.142168 0.197209 0.0
0.14379 0.190693 0.0
0.145311 0.184139 0.0
0.146738 0.177577 0.0
0.14808 0.171032 0.0
0.149342 0.164528 0.0
0.150532 0.158081 0.0
0.151655 0.151707 0.0
0.152716 0.145417 0.0
0.153719 0.139222 0.0
0.15467 0.133126 0.0
0.15557 0.127135 0.0
0.156422 0.121252 0.0
0.157227 0.115476 0.0
0.157988 0.109807 0.0
0.158703 0.104243 0.0
0.159373 0.0987816 0.0
0.159998 0.0934195 0.0
0.160576 0.0881527 0.0
0.161106 0.0829768 0.0
0.161587 0.0778871 0.0
0.162016 0.0728788 0.0
0.162392 0.0679471 0.0
0.162713 0.0630869 0.0
0.162976 0.0582932 0.0
0.163179 0.0535612 0.0
0.163321 0.0488858 0.0
0.163398 0.0442624 0.0
0.16341 0.039686 0.0
0.163353 0.035152 0.0
0.163226 0.0306558 0.0
0.163026 0.0261927 0.0
0.162753 0.0217582 0.0
0.162403 0.0173478 0.0
0.161976 0.0129567 0.0
0.161469 0.00858041 0.0
0.160881 0.00421359 0.0
0.160209 -0.000150065 0.0
0.159453 -0.00451387 0.0
0.158611 -0.00888043 0.0
0.157681 -0.0132536 0.0
0.156663 -0.0176374 0.0
0.155555 -0.0220361 0.0
0.154355 -0.0264538 0.0
0.153062 -0.0308948 0.0
0.151673 -0.0353632 0.0
0.150186 -0.0398632 0.0
0.1486 -0.0443988 0.0
0.146913 -0.0489741 0.0
0.145121 -0.053593 0.0
0.143224 -0.0582592 0.0
0.141217 -0.0629762 0.0
0.1391 -0.0677475 0.0
0.136868 -0.0725761 0.0
0.134518 -0.0774648 0.0
0.132049 -0.0824161 0.0
0.129456 -0.0874319 0.0
0.126737 -0.0925141 0.0
0.123889 -0.0976636 0.0
0.120908 -0.102881 0.0
0.117791 -0.108167 0.0
0.114537 -0.11352 0.0
0.111141 -0.11894 0.0
0.107603 -0.124425 0.0
0.10392 -0.129972 0.0
0.10009 -0.135579 0.0
0.0961137 -0.141243 0.0
0.0919903 -0.14696 0.0
0.0877209 -0.152727 0.0
0.0833075 -0.158542 0.0
0.0787531 -0.164402 0.0
0.0740625 -0.17031 0.0
0.0692417 -0.176268 0.0
0.0642989 -0.182289 0.0
0.059244 -0.188393 0.0
0.0540891 -0.194616 0.0
0.0488486 -0.201022 0.0
0.0435387 -0.207712 0.0
0.0381767 -0.214852 0.0
0.0327797 -0.22271 0.0
0.0273615 -0.231714 0.0
0.0219271 -0.242535 0.0
0.0164625 -0.256216 0.0
0.0109139 -0.274356 0.0
0.00514879 -0.299448 0.0
-0.00110647 -0.335571 0.0
-0.00767951 -0.384778 0.0
-0.0139212 -0.443299 0.0
-0.0190961 -0.505038 0.0
-0.0222618 -0.559209 0.0
-0.0224785 -0.58983 0.0
-0.0191666 -0.575603 0.0
-0.0127082 -0.491874 0.0
-0.00528887 -0.319974 0.0
-0.000876999 -0.0710413 0.0
0.000132563 0.000465829 0.0
0.00101798 0.00837735 0.0
0.00320062 0.0218735 0.0
0.00673224 0.0400523 0.0
0.0115335 0.0616212 0.0
0.0174015 0.0850913 0.0
0.0240555 0.10903 0.0
0.031193 0.132253 0.0
0.0385367 0.153911 0.0
0.0458602 0.173478 0.0
0.0529973 0.190697 0.0
0.0598396 0.205513 0.0
0.0663277 0.218002 0.0
0.0724401 0.228319 0.0
0.0781819 0.236656 0.0
0.0835745 0.243216 0.0
0.0886476 0.24819 0.0
0.0934333 0.251755 0.0
0.0979616 0.254065 0.0
0.102259 0.255252 0.0
0.106347 0.255433 0.0
0.110241 0.254707 0.0
0.113955 0.253163 0.0
0.117496 0.25088 0.0
0.120871 0.247932 0.0
0.124085 0.244388 0.0
0.127142 0.240312 0.0
0.130044 0.235766 0.0
0.132795 0.230811 0.0
0.135398 0.225501 0.0
0.137857 0.219892 0.0
0.140178 0.214035 0.0
0.142366 0.207977 0.0
0.144426 0.201762 0.0
0.146364 0.195432 0.0
0.148188 0.189024 0.0
0.149904 0.182571 0.0
0.151519 0.176102 0.0
0.15304 0.169645 0.0
0.154473 0.16322 0.0
0.155824 0.156847 0.0
0.1571 0.150542 0.0
0.158305 0.144316 0.0
0.159444 0.13818 0.0
0.160521 0.132141 0.0
0.161539 0.126203 0.0
0.162501 0.12037 0.0
0.163409 0.114644 0.0
0.164264 0.109023 0.0
0.165067 0.103508 0.0
0.165819 0.0980948 0.0
0.166519 0.0927818 0.0
0.167166 0.087565 0.0
0.16776 0.0824404 0.0
0.168299 0.0774035 0.0
0.168783 0.0724498 0.0
0.169208 0.0675745 0.0
0.169574 0.0627727 0.0
0.169879 0.0580395 0.0
0.170121 0.05337 0.0
0.170297 0.0487594 0.0
0.170405 0.0442026 0.0
0.170445 0.0396951 0.0
0.170413 0.0352319 0.0
0.170307 0.0308085 0.0
0.170127 0.0264201 0.0
0.169869 0.0220622 0.0
0.169532 0.0177301 0.0
0.169115 0.0134192 0.0
0.168614 0.00912488 0.0
0.168029 0.00484204 0.0
0.167358 0.000564946 0.0
0.166598 -0.00371268 0.0
0.16575 -0.00799145 0.0
0.164812 -0.0122751 0.0
0.163782 -0.0165678 0.0
0.162658 -0.0208735 0.0
0.161438 -0.0251965 0.0
0.16012 -0.0295409 0.0
0.158703 -0.0339108 0.0
0.157184 -0.0383101 0.0
0.155561 -0.0427429 0.0
0.153831 -0.0472131 0.0
0.151993 -0.0517244 0.0
0.150043 -0.0562804 0.0
0.147979 -0.0608846 0.0
0.145798 -0.0655401 0.0
0.143496 -0.07025 0.0
0.141072 -0.0750169 0.0
0.13852 -0.0798432 0.0
0.135839 -0.084731 0.0
0.133025 -0.0896817 0.0
0.130074 -0.0946966 0.0
0.126983 -0.0997765 0.0
0.123749 -0.104921 0.0
0.12037 -0.110131 0.0
0.116841 -0.115405 0.0
0.113161 -0.120741 0.0
0.109328 -0.126139 0.0
0.10534 -0.131595 0.0
0.101197 -0.137107 0.0
0.0968978 -0.142673 0.0
0.0924438 -0.148291 0.0
0.0878371 -0.153958 0.0
0.0830808 -0.159675 0.0
0.0781799 -0.165445 0.0
0.0731408 -0.171273 0.0
0.0679721 -0.177172 0.0
0.0626846 -0.183166 0.0
0.0572913 -0.189294 0.0
0.0518078 -0.19562 0.0
0.0462518 -0.202248 0.0
0.0406429 -0.209345 0.0
0.0350006 -0.217178 0.0
0.0293422 -0.226169 0.0
0.0236773 -0.23698 0.0
0.017998 -0.250627 0.0
0.0122593 -0.268658 0.0
0.00633891 -0.293461 0.0
-4.57444e-05 -0.328918 0.0
-0.00679779 -0.378105 0.0
-0.0133058 -0.437222 0.0
-0.0188025 -0.500443 0.0
-0.0223129 -0.557127 0.0
-0.0228323 -0.591175 0.0
-0.0196918 -0.58071 0.0
-0.0131893 -0.499728 0.0
-0.00552306 -0.327205 0.0
-0.000913014 -0.0728313 0.0
0.000119747 0.000213519 0.0
0.000934013 0.00692998 0.0
0.00296454 0.0191077 0.0
0.00628892 0.0359621 0.0
0.0108622 0.056337 0.0
0.0165168 0.0788529 0.0
0.023 0.102131 0.0
0.0300261 0.124988 0.0
0.0373237 0.146535 0.0
0.0446639 0.16619 0.0
0.0518731 0.183639 0.0
0.0588329 0.19877 0.0
0.0654733 0.211617 0.0
0.0717631 0.222302 0.0
0.0776992 0.230996 0.0
0.0832965 0.237887 0.0
0.0885806 0.243162 0.0
0.0935807 0.246997 0.0
0.0983256 0.249549 0.0
0.102841 0.250955 0.0
0.107149 0.251335 0.0
0.111266 0.250794 0.0
0.115205 0.249424 0.0
0.118974 0.247308 0.0
0.122581 0.244522 0.0
0.126029 0.241136 0.0
0.129322 0.237215 0.0
0.132462 0.232822 0.0
0.135451 0.228015 0.0
0.138293 0.222852 0.0
0.14099 0.217385 0.0
0.143546 0.211665 0.0
0.145965 0.20574 0.0
0.148252 0.199652 0.0
0.150412 0.193443 0.0
0.152452 0.187149 0.0
0.154377 0.180804 0.0
0.156193 0.174437 0.0
0.157907 0.168075 0.0
0.159524 0.161739 0.0
0.161051 0.155449 0.0
0.162493 0.149222 0.0
0.163855 0.143069 0.0
0.165143 0.137001 0.0
0.166359 0.131026 0.0
0.167507 0.12515 0.0
0.168591 0.119377 0.0
0.169612 0.113708 0.0
0.170573 0.108143 0.0
0.171474 0.102683 0.0
0.172316 0.0973255 0.0
0.173099 0.0920678 0.0
0.173824 0.086907 0.0
0.174489 0.0818391 0.0
0.175095 0.0768603 0.0
0.175638 0.0719659 0.0
0.17612 0.0671516 0.0
0.176537 0.0624125 0.0
0.176888 0.0577438 0.0
0.177171 0.0531407 0.0
0.177386 0.0485982 0.0
0.177529 0.0441117 0.0
0.1776 0.0396763 0.0
0.177595 0.0352872 0.0
0.177514 0.0309397 0.0
0.177354 0.0266291 0.0
0.177114 0.0223509 0.0
0.176792 0.0181003 0.0
0.176386 0.0138728 0.0
0.175893 0.00966386 0.0
0.175313 0.00546863 0.0
0.174641 0.00128152 0.0
0.17388 -0.00290777 0.0
0.173027 -0.00709554 0.0
0.17208 -0.0112861 0.0
0.171037 -0.0154838 0.0
0.169897 -0.0196927 0.0
0.168656 -0.0239169 0.0
0.167314 -0.0281605 0.0
0.165867 -0.0324274 0.0
0.164314 -0.0367216 0.0
0.162653 -0.0410468 0.0
0.16088 -0.0454069 0.0
0.158993 -0.0498055 0.0
0.156989 -0.0542459 0.0
0.154866 -0.0587316 0.0
0.15262 -0.0632655 0.0
0.150247 -0.0678506 0.0
0.147745 -0.0724894 0.0
0.14511 -0.0771843 0.0
0.142338 -0.081937 0.0
0.139426 -0.0867494 0.0
0.136371 -0.0916225 0.0
0.133168 -0.0965571 0.0
0.129814 -0.101554 0.0
0.126307 -0.106612 0.0
0.122642 -0.111731 0.0
0.118818 -0.116911 0.0
0.114833 -0.12215 0.0
0.110683 -0.127446 0.0
0.10637 -0.132798 0.0
0.101892 -0.138204 0.0
0.0972497 -0.143663 0.0
0.092446 -0.149175 0.0
0.087484 -0.15474 0.0
0.0823688 -0.160364 0.0
0.0771072 -0.166053 0.0
0.0717083 -0.171824 0.0
0.0661836 -0.177702 0.0
0.0605472 -0.183729 0.0
0.0548159 -0.189971 0.0
0.0490091 -0.196535 0.0
0.0431484 -0.203589 0.0
0.037256 -0.2114 0.0
0.0313526 -0.220386 0.0
0.025452 -0.231198 0.0
0.019552 -0.244829 0.0
0.0136158 -0.262781 0.0
0.00753158 -0.287334 0.0
0.00102345 -0.322152 0.0
-0.00590323 -0.371192 0.0
-0.0126877 -0.430842 0.0
-0.018518 -0.495496 0.0
-0.0223902 -0.554692 0.0
-0.0232311 -0.59225 0.0
-0.0202753 -0.585732 0.0
-0.0137264 -0.507757 0.0
-0.0057871 -0.334781 0.0
-0.000954131 -0.0746985 0.0
0.000107445 -1.3672e-05 0.0
0.000851781 0.00559856 0.0
0.00272971 0.0165307 0.0
0.0058406 0.0321039 0.0
0.0101709 0.0512917 0.0
0.0155878 0.0728266 0.0
0.021868 0.0953942 0.0
0.0287456 0.117822 0.0
0.0359578 0.139192 0.0
0.0432762 0.158875 0.0
0.050522 0.176499 0.0
0.0575682 0.191903 0.0
0.0643353 0.205076 0.0
0.0707826 0.216106 0.0
0.0768986 0.22514 0.0
0.0826917 0.232352 0.0
0.0881821 0.237922 0.0
0.0933957 0.242024 0.0
0.0983592 0.244814 0.0
0.103097 0.246436 0.0
0.107631 0.247012 0.0
0.111978 0.246653 0.0
0.116151 0.245454 0.0
0.120157 0.243502 0.0
0.124005 0.240874 0.0
0.127697 0.237643 0.0
0.131237 0.233875 0.0
0.134626 0.229633 0.0
0.137865 0.224975 0.0
0.140957 0.219958 0.0
0.143904 0.214635 0.0
0.146707 0.209056 0.0
0.149371 0.203266 0.0
0.151899 0.19731 0.0
0.154295 0.191228 0.0
0.156564 0.185055 0.0
0.158711 0.178826 0.0
0.160743 0.172568 0.0
0.162663 0.16631 0.0
0.164479 0.160072 0.0
0.166196 0.153874 0.0
0.167818 0.147733 0.0
0.169351 0.141662 0.0
0.170799 0.135672 0.0
0.172167 0.129771 0.0
0.173459 0.123966 0.0
0.174676 0.11826 0.0
0.175822 0.112657 0.0
0.176899 0.107157 0.0
0.177908 0.10176 0.0
0.178851 0.0964643 0.0
0.179727 0.0912689 0.0
0.180538 0.0861704 0.0
0.181283 0.0811655 0.0
0.181961 0.0762504 0.0
0.182573 0.0714208 0.0
0.183116 0.0666725 0.0
0.183589 0.0620009 0.0
0.183993 0.0574012 0.0
0.184323 0.0528686 0.0
0.184581 0.0483986 0.0
0.184763 0.0439861 0.0
0.184868 0.0396265 0.0
0.184894 0.0353151 0.0
0.18484 0.031047 0.0
0.184704 0.0268177 0.0
0.184484 0.0226225 0.0
0.184178 0.0184568 0.0
0.183784 0.0143161 0.0
0.183302 0.0101958 0.0
0.182728 0.0060914 0.0
0.18206 0.00199746 0.0
0.181298 -0.00209967 0.0
0.18044 -0.00619245 0.0
0.179483 -0.010286 0.0
0.178427 -0.0143848 0.0
0.177269 -0.0184928 0.0
0.176006 -0.022614 0.0
0.174638 -0.0267525 0.0
0.173161 -0.030912 0.0
0.171573 -0.0350963 0.0
0.169872 -0.0393092 0.0
0.168054 -0.0435541 0.0
0.166117 -0.0478347 0.0
0.164059 -0.0521541 0.0
0.161874 -0.0565156 0.0
0.159561 -0.060922 0.0
0.157116 -0.0653762 0.0
0.154534 -0.0698805 0.0
0.151813 -0.0744372 0.0
0.148949 -0.0790482 0.0
0.145938 -0.083715 0.0
0.142776 -0.0884389 0.0
0.139458 -0.0932207 0.0
0.135983 -0.0980609 0.0
0.132346 -0.10296 0.0
0.128543 -0.107917 0.0
0.124573 -0.112932 0.0
0.120432 -0.118003 0.0
0.116119 -0.123131 0.0
0.111632 -0.128314 0.0
0.106972 -0.133551 0.0
0.102139 -0.138842 0.0
0.0971358 -0.144189 0.0
0.0919649 -0.149594 0.0
0.0866319 -0.155062 0.0
0.0811443 -0.160605 0.0
0.0755115 -0.166241 0.0
0.0697458 -0.171996 0.0
0.0638622 -0.177915 0.0
0.057879 -0.18407 0.0
0.0518171 -0.190567 0.0
0.0457002 -0.197579 0.0
0.0395533 -0.205371 0.0
0.0334002 -0.214358 0.0
0.0272591 -0.225183 0.0
0.021133 -0.238818 0.0
0.0149927 -0.256716 0.0
0.00873885 -0.281061 0.0
0.00211155 -0.31529 0.0
-0.00498889 -0.364027 0.0
-0.0120593 -0.424152 0.0
-0.0182349 -0.49018 0.0
-0.0224882 -0.551883 0.0
-0.0236729 -0.593034 0.0
-0.0209187 -0.590658 0.0
-0.0143236 -0.515975 0.0
-0.00608429 -0.342742 0.0
-0.0010012 -0.0766538 0.0
9.5679e-05 -0.000216795 0.0
0.00077171 0.00438132 0.0
0.00249756 0.0141442 0.0
0.00539016 0.0284869 0.0
0.00946414 0.0465043 0.0
0.0146201 0.067041 0.0
0.0206655 0.0888542 0.0
0.0273565 0.110793 0.0
0.0344423 0.131923 0.0
0.041698 0.15157 0.0
0.0489418 0.169314 0.0
0.0560401 0.184944 0.0
0.0629049 0.198404 0.0
0.0694866 0.209749 0.0
0.0757655 0.219102 0.0
0.0817427 0.22662 0.0
0.087433 0.232474 0.0
0.0928577 0.236834 0.0
0.098041 0.239858 0.0
0.103006 0.24169 0.0
0.107772 0.242458 0.0
0.112356 0.242276 0.0
0.116771 0.241244 0.0
0.121024 0.239451 0.0
0.125123 0.236979 0.0
0.12907 0.2339 0.0
0.132867 0.230282 0.0
0.136517 0.226188 0.0
0.140018 0.221679 0.0
0.143373 0.216808 0.0
0.146581 0.21163 0.0
0.149645 0.206193 0.0
0.152567 0.200544 0.0
0.155348 0.194724 0.0
0.157993 0.188774 0.0
0.160505 0.182729 0.0
0.162889 0.176621 0.0
0.165149 0.170481 0.0
0.167291 0.164334 0.0
0.169319 0.158203 0.0
0.171239 0.152106 0.0
0.173055 0.146062 0.0
0.174773 0.140083 0.0
0.176396 0.13418 0.0
0.177929 0.128362 0.0
0.179375 0.122637 0.0
0.180739 0.117009 0.0
0.182021 0.11148 0.0
0.183226 0.106052 0.0
0.184354 0.100726 0.0
0.185408 0.0955014 0.0
0.186387 0.0903757 0.0
0.187293 0.0853467 0.0
0.188126 0.0804114 0.0
0.188886 0.0755663 0.0
0.189572 0.0708075 0.0
0.190184 0.0661309 0.0
0.190721 0.061532 0.0
0.191182 0.0570063 0.0
0.191565 0.0525491 0.0
0.19187 0.0481559 0.0
0.192095 0.0438218 0.0
0.192239 0.0395422 0.0
0.192299 0.0353124 0.0
0.192276 0.0311276 0.0
0.192166 0.0269833 0.0
0.191968 0.0228748 0.0
0.19168 0.0187976 0.0
0.191302 0.0147471 0.0
0.19083 0.0107189 0.0
0.190265 0.00670824 0.0
0.189603 0.00270972 0.0
0.188841 -0.00128832 0.0
0.187977 -0.0052815 0.0
0.187011 -0.00927402 0.0
0.18594 -0.0132699 0.0
0.184764 -0.0172729 0.0
0.18348 -0.021287 0.0
0.182084 -0.025316 0.0
0.180576 -0.0293636 0.0
0.178953 -0.0334333 0.0
0.177211 -0.0375288 0.0
0.175347 -0.0416535 0.0
0.173359 -0.0458107 0.0
0.171244 -0.0500035 0.0
0.168997 -0.054235 0.0
0.166616 -0.058508 0.0
0.164096 -0.062825 0.0
0.161434 -0.0671884 0.0
0.158626 -0.0716003 0.0
0.155667 -0.0760625 0.0
0.152555 -0.0805767 0.0
0.149284 -0.085144 0.0
0.145851 -0.0897654 0.0
0.142252 -0.0944415 0.0
0.138483 -0.0991727 0.0
0.13454 -0.103959 0.0
0.130422 -0.1088 0.0
0.126124 -0.113696 0.0
0.121645 -0.118646 0.0
0.116984 -0.123651 0.0
0.11214 -0.12871 0.0
0.107114 -0.133824 0.0
0.101908 -0.138997 0.0
0.0965257 -0.144232 0.0
0.0909725 -0.149538 0.0
0.085256 -0.154926 0.0
0.0793865 -0.160418 0.0
0.0733767 -0.166043 0.0
0.0672428 -0.171851 0.0
0.0610043 -0.177913 0.0
0.0546838 -0.184342 0.0
0.0483071 -0.191311 0.0
0.0419018 -0.199086 0.0
0.0354951 -0.208083 0.0
0.0291091 -0.218932 0.0
0.022752 -0.232586 0.0
0.0164016 -0.250457 0.0
0.00997019 -0.274634 0.0
0.00322774 -0.308346 0.0
-0.00404425 -0.356598 0.0
-0.0114099 -0.417145 0.0
-0.017943 -0.484478 0.0
-0.0225999 -0.548674 0.0
-0.024155 -0.593503 0.0
-0.0216238 -0.595474 0.0
-0.0149859 -0.524392 0.0
-0.00641889 -0.351132 0.0
-0.00105551 -0.0787105 0.0
8.45751e-05 -0.000397049 0.0
0.000694335 0.00327578 0.0
0.00226947 0.0119487 0.0
0.00494022 0.025119 0.0
0.00874586 0.0419926 0.0
0.0136188 0.0615238 0.0
0.0193977 0.0825472 0.0
0.0258634 0.103944 0.0
0.0327803 0.124769 0.0
0.0399299 0.144318 0.0
0.0471302 0.162122 0.0
0.054243 0.177924 0.0
0.0611732 0.191628 0.0
0.0678631 0.203253 0.0
0.0742849 0.212897 0.0
0.0804323 0.2207 0.0
0.0863139 0.226822 0.0
0.0919462 0.231428 0.0
0.0973496 0.234676 0.0
0.102544 0.236711 0.0
0.107549 0.237665 0.0
0.112378 0.237655 0.0
0.117043 0.236785 0.0
0.121554 0.235147 0.0
0.125914 0.232825 0.0
0.130127 0.229894 0.0
0.134194 0.226423 0.0
0.138116 0.222476 0.0
0.141891 0.218113 0.0
0.145521 0.21339 0.0
0.149004 0.208357 0.0
0.152341 0.203065 0.0
0.155533 0.197559 0.0
0.158581 0.191879 0.0
0.161488 0.186066 0.0
0.164257 0.180155 0.0
0.166891 0.174177 0.0
0.169395 0.168162 0.0
0.171771 0.162135 0.0
0.174025 0.156119 0.0
0.176162 0.150134 0.0
0.178186 0.144195 0.0
0.180101 0.138317 0.0
0.181912 0.132511 0.0
0.183623 0.126787 0.0
0.185238 0.121151 0.0
0.186759 0.115609 0.0
0.188191 0.110165 0.0
0.189535 0.104819 0.0
0.190793 0.099573 0.0
0.191968 0.0944267 0.0
0.19306 0.0893786 0.0
0.194071 0.0844267 0.0
0.195001 0.0795682 0.0
0.195851 0.0748001 0.0
0.19662 0.0701186 0.0
0.197308 0.0655197 0.0
0.197915 0.0609994 0.0
0.19844 0.0565533 0.0
0.198882 0.0521768 0.0
0.199239 0.0478654 0.0
0.199512 0.0436144 0.0
0.199699 0.0394194 0.0
0.199798 0.0352755 0.0
0.199808 0.0311783 0.0
0.199727 0.0271232 0.0
0.199555 0.0231054 0.0
0.199288 0.0191207 0.0
0.198926 0.0151643 0.0
0.198468 0.0112319 0.0
0.19791 0.00731866 0.0
0.197252 0.00341923 0.0
0.19649 -0.000474278 0.0
0.195622 -0.00436352 0.0
0.194647 -0.00825079 0.0
0.193564 -0.0121395 0.0
0.19237 -0.0160333 0.0
0.191064 -0.0199358 0.0
0.189643 -0.0238507 0.0
0.188103 -0.0277815 0.0
0.186443 -0.0317318 0.0
0.18466 -0.0357048 0.0
0.18275 -0.039704 0.0
0.18071 -0.0437324 0.0
0.178536 -0.047793 0.0
0.176226 -0.0518886 0.0
0.173775 -0.056022 0.0
0.17118 -0.0601956 0.0
0.168436 -0.0644116 0.0
0.165539 -0.068672 0.0
0.162485 -0.0729786 0.0
0.15927 -0.077333 0.0
0.155889 -0.0817363 0.0
0.152339 -0.0861897 0.0
0.148615 -0.0906939 0.0
0.144713 -0.0952493 0.0
0.140629 -0.0998565 0.0
0.136361 -0.104516 0.0
0.131905 -0.109227 0.0
0.12726 -0.113991 0.0
0.122423 -0.118808 0.0
0.117394 -0.12368 0.0
0.112173 -0.128608 0.0
0.106764 -0.133598 0.0
0.101169 -0.138654 0.0
0.0953939 -0.143787 0.0
0.089447 -0.149013 0.0
0.0833389 -0.154353 0.0
0.0770832 -0.159842 0.0
0.0706969 -0.165531 0.0
0.0642007 -0.171497 0.0
0.0576191 -0.177855 0.0
0.0509798 -0.184781 0.0
0.0443132 -0.192544 0.0
0.0376496 -0.201555 0.0
0.0310151 -0.212439 0.0
0.0244232 -0.22613 0.0
0.0178581 -0.243997 0.0
0.0112421 -0.268046 0.0
0.00437732 -0.301327 0.0
-0.00306343 -0.348904 0.0
-0.0107229 -0.409814 0.0
-0.0176289 -0.47837 0.0
-0.0227165 -0.545037 0.0
-0.024674 -0.593627 0.0
-0.0223929 -0.600162 0.0
-0.0157194 -0.533015 0.0
-0.00679674 -0.359998 0.0
-0.00111907 -0.0808851 0.0
7.41944e-05 -0.000555819 0.0
0.000620055 0.00227893 0.0
0.00204653 0.00994396 0.0
0.00449287 0.0220067 0.0
0.00801923 0.037773 0.0
0.0125877 0.056302 0.0
0.0180687 0.0765091 0.0
0.0242697 0.0973151 0.0
0.0309735 0.117777 0.0
0.0379713 0.137163 0.0
0.0450839 0.154965 0.0
0.0521706 0.170882 0.0
0.0591308 0.184779 0.0
0.0658997 0.196643 0.0
0.0724416 0.206544 0.0
0.078743 0.214604 0.0
0.0848056 0.220974 0.0
0.0906404 0.22581 0.0
0.0962631 0.229269 0.0
0.101691 0.231497 0.0
0.106939 0.232628 0.0
0.112021 0.232782 0.0
0.116947 0.232067 0.0
0.121724 0.230578 0.0
0.126357 0.228401 0.0
0.130848 0.225614 0.0
0.135197 0.222287 0.0
0.139403 0.218484 0.0
0.143465 0.214267 0.0
0.147382 0.20969 0.0
0.151152 0.204804 0.0
0.154775 0.199659 0.0
0.158251 0.194298 0.0
0.16158 0.188763 0.0
0.164762 0.183092 0.0
0.167801 0.177321 0.0
0.170699 0.171479 0.0
0.173458 0.165597 0.0
0.176083 0.159699 0.0
0.178577 0.153807 0.0
0.180944 0.147942 0.0
0.183188 0.142118 0.0
0.185315 0.136352 0.0
0.187327 0.130653 0.0
0.189229 0.125032 0.0
0.191024 0.119496 0.0
0.192716 0.114051 0.0
0.194308 0.1087 0.0
0.195803 0.103445 0.0
0.197203 0.0982884 0.0
0.19851 0.0932295 0.0
0.199726 0.0882676 0.0
0.200851 0.083401 0.0
0.201888 0.0786272 0.0
0.202836 0.0739434 0.0
0.203696 0.0693462 0.0
0.204468 0.0648319 0.0
0.205152 0.0603965 0.0
0.205748 0.0560359 0.0
0.206254 0.0517458 0.0
0.206671 0.0475217 0.0
0.206997 0.0433592 0.0
0.207231 0.0392537 0.0
0.207373 0.0352007 0.0
0.20742 0.0311957 0.0
0.207372 0.0272342 0.0
0.207228 0.0233117 0.0
0.206985 0.0194237 0.0
0.206642 0.0155658 0.0
0.206198 0.0117335 0.0
0.20565 0.0079223 0.0
0.204997 0.00412722 0.0
0.204235 0.000341948 0.0
0.203363 -0.00343976 0.0
0.202381 -0.00721755 0.0
0.201286 -0.0109946 0.0
0.200075 -0.0147744 0.0
0.198748 -0.0185605 0.0
0.1973 -0.0223564 0.0
0.195729 -0.0261655 0.0
0.194032 -0.0299911 0.0
0.192207 -0.0338365 0.0
0.190249 -0.0377047 0.0
0.188156 -0.0415987 0.0
0.185924 -0.0455213 0.0
0.183549 -0.0494753 0.0
0.181028 -0.053463 0.0
0.178356 -0.0574869 0.0
0.175529 -0.061549 0.0
0.172542 -0.0656513 0.0
0.169392 -0.0697954 0.0
0.166074 -0.0739828 0.0
0.162583 -0.0782149 0.0
0.158915 -0.0824927 0.0
0.155065 -0.0868171 0.0
0.15103 -0.0911889 0.0
0.146805 -0.0956087 0.0
0.142387 -0.100077 0.0
0.137773 -0.104595 0.0
0.13296 -0.109164 0.0
0.127947 -0.113785 0.0
0.122732 -0.11846 0.0
0.117318 -0.123193 0.0
0.111705 -0.12799 0.0
0.105897 -0.132859 0.0
0.0999001 -0.137811 0.0
0.0937227 -0.142865 0.0
0.0873758 -0.148046 0.0
0.0808736 -0.153391 0.0
0.0742343 -0.158956 0.0
0.0674796 -0.164821 0.0
0.0606356 -0.171105 0.0
0.0537322 -0.177988 0.0
0.0468023 -0.18574 0.0
0.0398793 -0.194772 0.0
0.0329935 -0.205702 0.0
0.0261634 -0.219445 0.0
0.0193806 -0.237334 0.0
0.0125777 -0.261291 0.0
0.00556623 -0.294207 0.0
-0.00204073 -0.340977 0.0
-0.009976 -0.402146 0.0
-0.0172768 -0.471831 0.0
-0.0228275 -0.540938 0.0
-0.0252259 -0.59337 0.0
-0.0232287 -0.604698 0.0
-0.0165323 -0.54185 0.0
-0.00722592 -0.369393 0.0
-0.00119501 -0.0831992 0.0
6.45855e-05 -0.000694599 0.0
0.000549159 0.00138728 0.0
0.00182947 0.00812883 0.0
0.00404937 0.0191555 0.0
0.00728607 0.033861 0.0
0.0115292 0.0514023 0.0
0.0166806 0.0707764 0.0
0.0225766 0.0909508 0.0
0.0290216 0.110993 0.0
0.0358199 0.130151 0.0
0.0427978 0.147886 0.0
0.0498151 0.163857 0.0
0.0567672 0.177892 0.0
0.0635832 0.189945 0.0
0.0702202 0.200062 0.0
0.0766572 0.208347 0.0
0.0828887 0.214936 0.0
0.0889195 0.219981 0.0
0.09476 0.223634 0.0
0.100423 0.226041 0.0
0.10592 0.227338 0.0
0.111263 0.227647 0.0
0.116459 0.227079 0.0
0.121515 0.225732 0.0
0.126432 0.223696 0.0
0.131213 0.221048 0.0
0.135856 0.217861 0.0
0.140359 0.214201 0.0
0.144721 0.210127 0.0
0.148938 0.205695 0.0
0.153009 0.200957 0.0
0.156931 0.19596 0.0
0.160703 0.190748 0.0
0.164324 0.185362 0.0
0.167795 0.179839 0.0
0.171117 0.174213 0.0
0.174291 0.168515 0.0
0.17732 0.162773 0.0
0.180206 0.157012 0.0
0.182952 0.151254 0.0
0.185563 0.145517 0.0
0.188042 0.139819 0.0
0.190392 0.134174 0.0
0.192618 0.128593 0.0
0.194723 0.123085 0.0
0.196711 0.117659 0.0
0.198586 0.112321 0.0
0.200351 0.107073 0.0
0.202008 0.10192 0.0
0.203561 0.0968616 0.0
0.205011 0.0918995 0.0
0.20636 0.0870327 0.0
0.20761 0.08226 0.0
0.208763 0.0775791 0.0
0.209818 0.0729875 0.0
0.210778 0.0684822 0.0
0.211642 0.0640596 0.0
0.212411 0.0597161 0.0
0.213084 0.0554477 0.0
0.213661 0.0512502 0.0
0.214143 0.0471194 0.0
0.214527 0.043051 0.0
0.214814 0.0390405 0.0
0.215003 0.0350837 0.0
0.215092 0.031176 0.0
0.215081 0.027313 0.0
0.214968 0.0234905 0.0
0.214751 0.019704 0.0
0.21443 0.0159492 0.0
0.214003 0.0122218 0.0
0.213467 0.00851752 0.0
0.21282 0.00483199 0.0
0.21206 0.00115984 0.0
0.211186 -0.00251142 0.0
0.210197 -0.0061752 0.0
0.209091 -0.00983568 0.0
0.207864 -0.0134965 0.0
0.206515 -0.0171612 0.0
0.20504 -0.020833 0.0
0.203437 -0.0245152 0.0
0.201704 -0.0282109 0.0
0.199836 -0.0319232 0.0
0.19783 -0.035655 0.0
0.195684 -0.039409 0.0
0.193392 -0.0431879 0.0
0.190953 -0.0469942 0.0
0.18836 -0.0508303 0.0
0.185611 -0.0546982 0.0
0.1827 -0.0586 0.0
0.179624 -0.0625375 0.0
0.176377 -0.0665123 0.0
0.172955 -0.0705258 0.0
0.169354 -0.0745794 0.0
0.165568 -0.0786741 0.0
0.161593 -0.0828111 0.0
0.157425 -0.0869913 0.0
0.153059 -0.0912156 0.0
0.148492 -0.0954852 0.0
0.14372 -0.0998014 0.0
0.138741 -0.104166 0.0
0.133553 -0.108581 0.0
0.128155 -0.113051 0.0
0.122547 -0.11758 0.0
0.116732 -0.122175 0.0
0.110713 -0.126847 0.0
0.104496 -0.131609 0.0
0.0980899 -0.136483 0.0
0.0915057 -0.141497 0.0
0.0847585 -0.146691 0.0
0.0778673 -0.152126 0.0
0.070855 -0.157885 0.0
0.0637492 -0.164092 0.0
0.0565817 -0.170931 0.0
0.0493877 -0.178674 0.0
0.042204 -0.187732 0.0
0.0350644 -0.198717 0.0
0.0279925 -0.212528 0.0
0.0209868 -0.230462 0.0
0.0139896 -0.254362 0.0
0.00682038 -0.286955 0.0
-0.000946886 -0.332855 0.0
-0.00915265 -0.394127 0.0
-0.0168701 -0.464832 0.0
-0.0229205 -0.536337 0.0
-0.0258059 -0.592688 0.0
-0.0241349 -0.609048 0.0
-0.017435 -0.550896 0.0
-0.00771774 -0.37937 0.0
-0.00128807 -0.0856823 0.0
5.57609e-05 -0.000814945 0.0
0.000481721 0.000597091 0.0
0.00161833 0.00650209 0.0
0.00360957 0.0165711 0.0
0.00654601 0.0302723 0.0
0.0104424 0.0468516 0.0
0.0152319 0.0653861 0.0
0.0207816 0.0848954 0.0
0.0269205 0.104464 0.0
0.0334696 0.123332 0.0
0.040264 0.140933 0.0
0.0471663 0.156891 0.0
0.05407 0.171002 0.0
0.0608992 0.18319 0.0
0.0676042 0.193476 0.0
0.0741567 0.201945 0.0
0.0805437 0.208721 0.0
0.0867631 0.213947 0.0
0.092819 0.217772 0.0
0.098719 0.220341 0.0
0.104471 0.221789 0.0
0.110083 0.222242 0.0
0.115559 0.221812 0.0
0.120904 0.2206 0.0
0.126118 0.218697 0.0
0.131201 0.216183 0.0
0.136151 0.213133 0.0
0.140965 0.209612 0.0
0.145639 0.20568 0.0
0.15017 0.201394 0.0
0.154554 0.196804 0.0
0.158788 0.191958 0.0
0.162869 0.186898 0.0
0.166796 0.181664 0.0
0.170569 0.176294 0.0
0.174186 0.170819 0.0
0.177649 0.165272 0.0
0.18096 0.159678 0.0
0.18412 0.154062 0.0
0.187131 0.148446 0.0
0.189998 0.142848 0.0
0.192723 0.137285 0.0
0.195309 0.131771 0.0
0.197761 0.126318 0.0
0.200082 0.120934 0.0
0.202275 0.115629 0.0
0.204345 0.110407 0.0
0.206293 0.105273 0.0
0.208124 0.100231 0.0
0.20984 0.0952817 0.0
0.211444 0.0904261 0.0
0.212937 0.0856639 0.0
0.214321 0.080994 0.0
0.215599 0.0764148 0.0
0.216771 0.0719239 0.0
0.217839 0.0675185 0.0
0.218803 0.0631953 0.0
0.219664 0.058951 0.0
0.220422 0.0547818 0.0
0.221077 0.0506837 0.0
0.221629 0.0466526 0.0
0.222078 0.0426845 0.0
0.222423 0.038775 0.0
0.222663 0.03492 0.0
0.222799 0.0311151 0.0
0.222828 0.027356 0.0
0.22275 0.0236387 0.0
0.222563 0.0199587 0.0
0.222267 0.016312 0.0
0.221859 0.0126943 0.0
0.221338 0.00910179 0.0
0.220702 0.00553025 0.0
0.219949 0.00197474 0.0
0.219076 -0.0015792 0.0
0.218081 -0.00512349 0.0
0.216962 -0.00866234 0.0
0.215718 -0.0121992 0.0
0.214346 -0.0157374 0.0
0.212844 -0.0192801 0.0
0.211209 -0.0228302 0.0
0.209438 -0.0263908 0.0
0.207527 -0.0299646 0.0
0.205474 -0.0335544 0.0
0.203274 -0.0371629 0.0
0.200923 -0.0407923 0.0
0.198418 -0.0444451 0.0
0.195755 -0.0481235 0.0
0.192928 -0.0518293 0.0
0.189934 -0.0555645 0.0
0.186768 -0.0593307 0.0
0.183426 -0.0631294 0.0
0.179901 -0.0669622 0.0
0.17619 -0.0708302 0.0
0.172287 -0.0747346 0.0
0.168188 -0.0786767 0.0
0.163888 -0.0826575 0.0
0.159383 -0.0866785 0.0
0.154669 -0.090741 0.0
0.149742 -0.094847 0.0
0.144599 -0.0989989 0.0
0.139239 -0.1032 0.0
0.13366 -0.107455 0.0
0.127863 -0.111771 0.0
0.121849 -0.116155 0.0
0.115622 -0.120621 0.0
0.109189 -0.125185 0.0
0.102557 -0.12987 0.0
0.0957395 -0.134708 0.0
0.0887511 -0.139744 0.0
0.0816115 -0.145042 0.0
0.0743448 -0.15069 0.0
0.0669799 -0.156816 0.0
0.0595503 -0.163609 0.0
0.0520934 -0.171345 0.0
0.0446487 -0.180433 0.0
0.0372537 -0.191481 0.0
0.0299362 -0.205375 0.0
0.0227009 -0.223375 0.0
0.0154998 -0.247251 0.0
0.00816432 -0.279561 0.0
0.000247054 -0.324564 0.0
-0.00822623 -0.385739 0.0
-0.0163875 -0.457341 0.0
-0.0229799 -0.531184 0.0
-0.0264076 -0.591527 0.0
-0.0251163 -0.613171 0.0
-0.0184413 -0.560148 0.0
-0.00828786 -0.389989 0.0
-0.00140532 -0.0883757 0.0
4.77651e-05 -0.000918471 0.0
0.000417464 -9.50426e-05 0.0
0.00141192 0.00506316 0.0
0.00317105 0.0142597 0.0
0.00579519 0.0270231 0.0
0.009322 0.0426776 0.0
0.013716 0.0603765 0.0
0.0188767 0.0791946 0.0
0.0246608 0.0982421 0.0
0.0309094 0.116757 0.0
0.03747 0.134153 0.0
0.0442103 0.150029 0.0
0.0510239 0.164148 0.0
0.0578311 0.176408 0.0
0.0645761 0.186807 0.0
0.071223 0.195413 0.0
0.0777512 0.202337 0.0
0.084151 0.207712 0.0
0.0904196 0.211682 0.0
0.0965585 0.214391 0.0
0.102571 0.215974 0.0
0.108459 0.216557 0.0
0.114226 0.216253 0.0
0.119872 0.215167 0.0
0.125395 0.213391 0.0
0.130794 0.211007 0.0
0.136065 0.208089 0.0
0.141203 0.204704 0.0
0.146203 0.200913 0.0
0.15106 0.196773 0.0
0.15577 0.192332 0.0
0.160329 0.187638 0.0
0.164732 0.182733 0.0
0.168977 0.177656 0.0
0.173063 0.172444 0.0
0.176988 0.167127 0.0
0.180753 0.161737 0.0
0.184357 0.156298 0.0
0.187802 0.150836 0.0
0.191091 0.145371 0.0
0.194225 0.139922 0.0
0.197208 0.134504 0.0
0.200043 0.129132 0.0
0.202732 0.123816 0.0
0.20528 0.118567 0.0
0.20769 0.113393 0.0
0.209965 0.108299 0.0
0.212109 0.10329 0.0
0.214124 0.0983688 0.0
0.216014 0.0935383 0.0
0.217781 0.0887991 0.0
0.219428 0.0841511 0.0
0.220956 0.0795936 0.0
0.222368 0.0751252 0.0
0.223666 0.0707437 0.0
0.22485 0.0664467 0.0
0.225922 0.0622311 0.0
0.226883 0.0580938 0.0
0.227732 0.0540313 0.0
0.228472 0.0500397 0.0
0.229101 0.0461153 0.0
0.22962 0.0422541 0.0
0.230028 0.038452 0.0
0.230326 0.0347049 0.0
0.230512 0.0310087 0.0
0.230586 0.0273593 0.0
0.230546 0.0237527 0.0
0.230393 0.0201847 0.0
0.230124 0.0166513 0.0
0.229739 0.0131486 0.0
0.229235 0.00967259 0.0
0.228611 0.00621933 0.0
0.227865 0.0027839 0.0
0.226993 -0.000643895 0.0
0.225993 -0.00406305 0.0
0.224864 -0.00747518 0.0
0.223605 -0.0108831 0.0
0.222213 -0.0142897 0.0
0.220685 -0.017698 0.0
0.219019 -0.0211109 0.0
0.217211 -0.0245309 0.0
0.215258 -0.0279609 0.0
0.213157 -0.0314033 0.0
0.210904 -0.0348606 0.0
0.208495 -0.0383349 0.0
0.205925 -0.0418284 0.0
0.203192 -0.045343 0.0
0.200289 -0.0488807 0.0
0.197213 -0.052443 0.0
0.193958 -0.0560316 0.0
0.19052 -0.0596479 0.0
0.186894 -0.0632931 0.0
0.183075 -0.0669687 0.0
0.179058 -0.0706759 0.0
0.174837 -0.0744158 0.0
0.170408 -0.0781899 0.0
0.165767 -0.0819997 0.0
0.160909 -0.0858473 0.0
0.15583 -0.089735 0.0
0.150528 -0.0936661 0.0
0.145 -0.0976448 0.0
0.139245 -0.101677 0.0
0.133264 -0.10577 0.0
0.127057 -0.109935 0.0
0.120629 -0.114186 0.0
0.113985 -0.118543 0.0
0.107136 -0.12303 0.0
0.100091 -0.127685 0.0
0.0928683 -0.132556 0.0
0.085487 -0.13771 0.0
0.0779721 -0.143241 0.0
0.0703535 -0.149282 0.0
0.0626663 -0.156027 0.0
0.0549498 -0.163754 0.0
0.0472459 -0.172875 0.0
0.0395949 -0.183993 0.0
0.0320286 -0.197979 0.0
0.0245565 -0.216063 0.0
0.0171397 -0.239945 0.0
0.00962578 -0.272018 0.0
0.00157315 -0.316138 0.0
-0.00716247 -0.376957 0.0
-0.0158009 -0.449324 0.0
-0.0229846 -0.525426 0.0
-0.0270217 -0.589821 0.0
-0.0261777 -0.617012 0.0
-0.0195684 -0.569591 0.0
-0.00895763 -0.40131 0.0
-0.0015569 -0.0913379 0.0
4.07275e-05 -0.00100696 0.0
0.000355591 -0.000691113 0.0
0.00120724 0.00381312 0.0
0.00272799 0.0122299 0.0
0.00502445 0.0241324 0.0
0.00815579 0.0389102 0.0
0.0121181 0.0557875 0.0
0.0168452 0.0738959 0.0
0.0222245 0.0923773 0.0
0.0281209 0.110477 0.0
0.0343969 0.127596 0.0
0.0409281 0.143314 0.0
0.0476099 0.157367 0.0
0.0543598 0.169631 0.0
0.0611165 0.180082 0.0
0.0678367 0.188771 0.0
0.0744916 0.195796 0.0
0.0810635 0.201281 0.0
0.0875419 0.205366 0.0
0.0939215 0.208189 0.0
0.100199 0.209886 0.0
0.106373 0.210582 0.0
0.112441 0.210393 0.0
0.118399 0.209423 0.0
0.124245 0.207766 0.0
0.129974 0.205505 0.0
0.135579 0.202715 0.0
0.141054 0.199464 0.0
0.146394 0.195813 0.0
0.151591 0.191818 0.0
0.15664 0.187527 0.0
0.161536 0.182988 0.0
0.166274 0.178242 0.0
0.170849 0.173326 0.0
0.17526 0.168277 0.0
0.179505 0.163124 0.0
0.183582 0.157898 0.0
0.187491 0.152623 0.0
0.191234 0.147323 0.0
0.19481 0.142019 0.0
0.198223 0.136727 0.0
0.201475 0.131464 0.0
0.204568 0.126244 0.0
0.207506 0.121077 0.0
0.210292 0.115973 0.0
0.212929 0.11094 0.0
0.21542 0.105985 0.0
0.217769 0.101111 0.0
0.219979 0.0963223 0.0
0.222052 0.0916212 0.0
0.223993 0.0870086 0.0
0.225802 0.082485 0.0
0.227484 0.0780496 0.0
0.22904 0.0737014 0.0
0.230471 0.0694386 0.0
0.23178 0.0652588 0.0
0.232967 0.0611594 0.0
0.234035 0.0571373 0.0
0.234984 0.0531894 0.0
0.235814 0.049312 0.0
0.236527 0.0455015 0.0
0.237121 0.0417542 0.0
0.237599 0.0380662 0.0
0.237958 0.0344336 0.0
0.2382 0.0308525 0.0
0.238322 0.0273188 0.0
0.238326 0.0238288 0.0
0.238209 0.0203785 0.0
0.237971 0.0169641 0.0
0.237611 0.0135818 0.0
0.237127 0.0102278 0.0
0.236517 0.00689822 0.0
0.235778 0.00358879 0.0
0.234908 0.00029289 0.0
0.233905 -0.00299654 0.0
0.232769 -0.00627671 0.0
0.231497 -0.00955022 0.0
0.230087 -0.0128199 0.0
0.228535 -0.0160884 0.0
0.226839 -0.0193584 0.0
0.224996 -0.0226326 0.0
0.223003 -0.0259132 0.0
0.220855 -0.0292026 0.0
0.21855 -0.032503 0.0
0.216083 -0.0358165 0.0
0.213451 -0.0391449 0.0
0.210648 -0.0424901 0.0
0.207671 -0.0458536 0.0
0.204514 -0.0492371 0.0
0.201173 -0.0526419 0.0
0.197643 -0.0560694 0.0
0.193918 -0.0595209 0.0
0.189994 -0.0629975 0.0
0.185865 -0.0665006 0.0
0.181526 -0.0700315 0.0
0.176972 -0.0735919 0.0
0.172199 -0.0771835 0.0
0.167203 -0.0808087 0.0
0.161978 -0.0844706 0.0
0.156523 -0.088173 0.0
0.150834 -0.0919213 0.0
0.144911 -0.0957223 0.0
0.138753 -0.0995853 0.0
0.132362 -0.103523 0.0
0.125742 -0.107551 0.0
0.118898 -0.111691 0.0
0.11184 -0.115974 0.0
0.104579 -0.120437 0.0
0.0971321 -0.125134 0.0
0.0895192 -0.130137 0.0
0.0817659 -0.135545 0.0
0.0739028 -0.141496 0.0
0.0659659 -0.148189 0.0
0.0579962 -0.155906 0.0
0.0500372 -0.16506 0.0
0.0421317 -0.176251 0.0
0.0343142 -0.190337 0.0
0.0265986 -0.208518 0.0
0.0189536 -0.232429 0.0
0.0112459 -0.264313 0.0
0.00306961 -0.307614 0.0
-0.00592464 -0.36775 0.0
-0.0150751 -0.440741 0.0
-0.0229059 -0.518993 0.0
-0.0276341 -0.587488 0.0
-0.0273237 -0.6205 0.0
-0.0208376 -0.579198 0.0
-0.00975533 -0.413395 0.0
-0.00175693 -0.0946517 0.0
3.42653e-05 -0.00108196 0.0
0.000294837 -0.00119156 0.0
0.000999819 0.00275694 0.0
0.00226992 0.0104952 0.0
0.0042168 0.0216237 0.0
0.00692113 0.0355832 0.0
0.0104117 0.0516616 0.0
0.0146585 0.0690479 0.0
0.0195827 0.0869218 0.0
0.0250753 0.104543 0.0
0.0310173 0.121312 0.0
0.0372938 0.136791 0.0
0.0438036 0.150699 0.0
0.0504625 0.162891 0.0
0.0572039 0.173325 0.0
0.0639773 0.182035 0.0
0.0707454 0.189108 0.0
0.0774817 0.19466 0.0
0.0841675 0.198823 0.0
0.0907897 0.201731 0.0
0.0973384 0.203518 0.0
0.103806 0.204309 0.0
0.110185 0.204219 0.0
0.116469 0.203354 0.0
0.122651 0.201807 0.0
0.128722 0.199663 0.0
0.134676 0.196998 0.0
0.140503 0.193879 0.0
0.146195 0.190367 0.0
0.151746 0.186517 0.0
0.157147 0.182378 0.0
0.162393 0.177996 0.0
0.167477 0.173412 0.0
0.172394 0.168663 0.0
0.177142 0.163782 0.0
0.181717 0.1588 0.0
0.186117 0.153745 0.0
0.190342 0.148642 0.0
0.194392 0.143513 0.0
0.198267 0.138377 0.0
0.201968 0.133253 0.0
0.205499 0.128155 0.0
0.208861 0.123097 0.0
0.212057 0.118089 0.0
0.21509 0.113142 0.0
0.217964 0.108262 0.0
0.220681 0.103455 0.0
0.223244 0.0987277 0.0
0.225658 0.0940821 0.0
0.227924 0.089521 0.0
0.230047 0.0850456 0.0
0.232029 0.0806565 0.0
0.233872 0.0763533 0.0
0.235579 0.0721351 0.0
0.237153 0.0680003 0.0
0.238594 0.063947 0.0
0.239905 0.0599726 0.0
0.241087 0.0560744 0.0
0.242141 0.0522493 0.0
0.243069 0.048494 0.0
0.243871 0.0448052 0.0
0.244547 0.0411793 0.0
0.245098 0.0376125 0.0
0.245525 0.0341013 0.0
0.245827 0.0306418 0.0
0.246003 0.0272304 0.0
0.246053 0.0238633 0.0
0.245977 0.0205368 0.0
0.245774 0.0172472 0.0
0.245442 0.0139911 0.0
0.24498 0.0107648 0.0
0.244386 0.00756485 0.0
0.243659 0.00438775 0.0
0.242794 0.00122881 0.0
0.241791 -0.00192651 0.0
0.24065 -0.00506912 0.0
0.239366 -0.00820253 0.0
0.237939 -0.0113295 0.0
0.236364 -0.0144527 0.0
0.23464 -0.0175744 0.0
0.232764 -0.020697 0.0
0.230731 -0.0238227 0.0
0.228539 -0.0269536 0.0
0.226184 -0.0300917 0.0
0.223662 -0.0332387 0.0
0.220968 -0.0363965 0.0
0.218099 -0.0395665 0.0
0.215049 -0.0427502 0.0
0.211815 -0.0459491 0.0
0.20839 -0.0491643 0.0
0.20477 -0.0523971 0.0
0.200951 -0.0556487 0.0
0.196926 -0.0589203 0.0
0.19269 -0.0622131 0.0
0.188238 -0.0655287 0.0
0.183566 -0.0688688 0.0
0.178668 -0.0722355 0.0
0.17354 -0.0756317 0.0
0.168178 -0.0790608 0.0
0.162578 -0.0825276 0.0
0.156738 -0.0860382 0.0
0.150657 -0.0896008 0.0
0.144334 -0.093226 0.0
0.137771 -0.0969281 0.0
0.130972 -0.100725 0.0
0.123941 -0.104643 0.0
0.116689 -0.108712 0.0
0.109227 -0.112976 0.0
0.101571 -0.117492 0.0
0.0937413 -0.122337 0.0
0.0857639 -0.127614 0.0
0.0776698 -0.133469 0.0
0.0694954 -0.140104 0.0
0.0612825 -0.147807 0.0
0.0530759 -0.156993 0.0
0.0449199 -0.168257 0.0
0.0368512 -0.182445 0.0
0.0288863 -0.200729 0.0
0.021 -0.224686 0.0
0.013075 -0.256423 0.0
0.00477825 -0.299031 0.0
-0.00446707 -0.358094 0.0
-0.0141603 -0.431554 0.0
-0.0227023 -0.511808 0.0
-0.0282226 -0.584425 0.0
-0.0285563 -0.62354 0.0
-0.0222738 -0.588927 0.0
-0.0107172 -0.426306 0.0
-0.00202431 -0.0984329 0.0
2.82732e-05 -0.00114449 0.0
0.000232825 -0.00159414 0.0
0.000781123 0.00190624 0.0
0.00177896 0.00907798 0.0
0.00334384 0.0195291 0.0
0.00558062 0.0327367 0.0
0.00855365 0.0480446 0.0
0.0122715 0.0647003 0.0
0.0166906 0.0819261 0.0
0.0217308 0.0990059 0.0
0.0272928 0.115345 0.0
0.033273 0.1305 0.0
0.0395746 0.144178 0.0
0.0461124 0.156215 0.0
0.0528147 0.166556 0.0
0.0596236 0.175221 0.0
0.0664932 0.182285 0.0
0.0733876 0.187853 0.0
0.0802794 0.192052 0.0
0.0871469 0.195012 0.0
0.093973 0.196862 0.0
0.100743 0.197727 0.0
0.107445 0.197721 0.0
0.114067 0.196947 0.0
0.120597 0.195502 0.0
0.127025 0.193469 0.0
0.133341 0.190923 0.0
0.139533 0.187933 0.0
0.145593 0.18456 0.0
0.15151 0.180856 0.0
0.157276 0.176871 0.0
0.162883 0.17265 0.0
0.168325 0.168232 0.0
0.173596 0.163654 0.0
0.17869 0.158948 0.0
0.183606 0.154144 0.0
0.188339 0.149268 0.0
0.192889 0.144344 0.0
0.197255 0.139395 0.0
0.201438 0.134438 0.0
0.205438 0.129491 0.0
0.209256 0.124568 0.0
0.212896 0.119683 0.0
0.216359 0.114845 0.0
0.219648 0.110064 0.0
0.222767 0.105347 0.0
0.225718 0.100702 0.0
0.228505 0.0961311 0.0
0.231131 0.0916394 0.0
0.233599 0.087229 0.0
0.235912 0.0829014 0.0
0.238074 0.0786573 0.0
0.240086 0.0744965 0.0
0.241953 0.0704183 0.0
0.243675 0.0664214 0.0
0.245256 0.0625039 0.0
0.246697 0.0586637 0.0
0.248 0.0548982 0.0
0.249166 0.0512046 0.0
0.250198 0.0475798 0.0
0.251095 0.0440206 0.0
0.251858 0.0405237 0.0
0.252489 0.0370857 0.0
0.252988 0.0337031 0.0
0.253354 0.0303723 0.0
0.253588 0.0270898 0.0
0.253689 0.0238521 0.0
0.253658 0.0206558 0.0
0.253492 0.0174973 0.0
0.253192 0.0143733 0.0
0.252756 0.0112806 0.0
0.252182 0.0082159 0.0
0.25147 0.00517618 0.0
0.250618 0.00215738 0.0
0.24962 -0.000854217 0.0
0.248473 -0.0038532 0.0
0.247179 -0.006841 0.0
0.245736 -0.00981992 0.0
0.24414 -0.0127923 0.0
0.242389 -0.0157603 0.0
0.240481 -0.018726 0.0
0.238411 -0.0216914 0.0
0.236177 -0.0246585 0.0
0.233774 -0.0276288 0.0
0.231199 -0.0306041 0.0
0.228447 -0.0335857 0.0
0.225514 -0.0365752 0.0
0.222396 -0.0395738 0.0
0.219088 -0.0425825 0.0
0.215584 -0.0456027 0.0
0.21188 -0.0486353 0.0
0.207971 -0.0516815 0.0
0.203851 -0.0547424 0.0
0.199515 -0.0578193 0.0
0.194958 -0.0609139 0.0
0.190175 -0.064028 0.0
0.185161 -0.0671641 0.0
0.179911 -0.0703253 0.0
0.174422 -0.0735157 0.0
0.168689 -0.0767408 0.0
0.162712 -0.0800075 0.0
0.156487 -0.0833254 0.0
0.150014 -0.0867064 0.0
0.143296 -0.0901665 0.0
0.136335 -0.0937264 0.0
0.129137 -0.0974133 0.0
0.12171 -0.101262 0.0
0.114067 -0.10532 0.0
0.106222 -0.109647 0.0
0.0981961 -0.114326 0.0
0.0900148 -0.119466 0.0
0.0817086 -0.125217 0.0
0.073314 -0.131787 0.0
0.0648729 -0.13947 0.0
0.0564304 -0.148681 0.0
0.0480315 -0.160014 0.0
0.0397138 -0.174302 0.0
0.0314962 -0.19269 0.0
0.023359 -0.216701 0.0
0.0152014 -0.248325 0.0
0.0067342 -0.290365 0.0
-0.0027555 -0.348025 0.0
-0.0129757 -0.42171 0.0
-0.0223147 -0.503772 0.0
-0.0287528 -0.580503 0.0
-0.0298721 -0.626009 0.0
-0.0239038 -0.598709 0.0
-0.0118879 -0.440096 0.0
-0.00238326 -0.102841 0.0
2.255e-05 -0.00119532 0.0
0.000165907 -0.00189123 0.0
0.000538018 0.00128292 0.0
0.00122761 0.00801388 0.0
0.002362 0.017894 0.0
0.00407719 0.0304199 0.0
0.00647917 0.0449864 0.0
0.00961715 0.0609027 0.0
0.0134839 0.0774378 0.0
0.0180288 0.0939091 0.0
0.0231719 0.109737 0.0
0.0288217 0.124479 0.0
0.0348859 0.137834 0.0
0.0412784 0.149629 0.0
0.0479229 0.159796 0.0
0.0547538 0.168342 0.0
0.0617162 0.175332 0.0
0.0687649 0.180863 0.0
0.0758629 0.185053 0.0
0.0829796 0.188027 0.0
0.0900899 0.189911 0.0
0.0971721 0.190826 0.0
0.104207 0.190884 0.0
0.111179 0.19019 0.0
0.118072 0.188836 0.0
0.124871 0.186907 0.0
0.131562 0.184478 0.0
0.138134 0.181615 0.0
0.144573 0.178379 0.0
0.150869 0.174823 0.0
0.157012 0.170995 0.0
0.162993 0.166939 0.0
0.168803 0.162692 0.0
0.174437 0.15829 0.0
0.179889 0.153765 0.0
0.185154 0.149146 0.0
0.19023 0.144457 0.0
0.195113 0.139721 0.0
0.199805 0.13496 0.0
0.204303 0.130192 0.0
0.208608 0.125432 0.0
0.212722 0.120695 0.0
0.216647 0.115992 0.0
0.220385 0.111335 0.0
0.223938 0.106732 0.0
0.227309 0.10219 0.0
0.230502 0.0977154 0.0
0.23352 0.093313 0.0
0.236365 0.0889862 0.0
0.239042 0.0847375 0.0
0.241553 0.0805685 0.0
0.243901 0.07648 0.0
0.24609 0.072472 0.0
0.248123 0.068544 0.0
0.250001 0.0646948 0.0
0.251728 0.0609229 0.0
0.253306 0.0572262 0.0
0.254736 0.0536025 0.0
0.25602 0.0500492 0.0
0.257161 0.0465634 0.0
0.258159 0.0431422 0.0
0.259015 0.0397824 0.0
0.25973 0.0364808 0.0
0.260305 0.0332343 0.0
0.260741 0.0300394 0.0
0.261037 0.0268929 0.0
0.261193 0.0237914 0.0
0.26121 0.0207318 0.0
0.261086 0.0177107 0.0
0.260821 0.0147251 0.0
0.260414 0.0117719 0.0
0.259863 0.00884823 0.0
0.259168 0.00595103 0.0
0.258326 0.00307674 0.0
0.257332 0.000218308 0.0
0.256185 -0.00263199 0.0
0.254886 -0.00546866 0.0
0.253431 -0.00829398 0.0
0.251819 -0.0111101 0.0
0.250046 -0.0139189 0.0
0.248109 -0.0167224 0.0
0.246006 -0.0195223 0.0
0.243733 -0.0223202 0.0
0.241286 -0.0251176 0.0
0.238662 -0.0279159 0.0
0.235856 -0.0307164 0.0
0.232865 -0.0335202 0.0
0.229683 -0.0363285 0.0
0.226306 -0.0391423 0.0
0.222729 -0.0419624 0.0
0.218947 -0.0447899 0.0
0.214955 -0.0476257 0.0
0.210748 -0.0504711 0.0
0.206321 -0.0533274 0.0
0.201668 -0.0561961 0.0
0.196785 -0.0590794 0.0
0.191666 -0.06198 0.0
0.186308 -0.0649015 0.0
0.180706 -0.0678484 0.0
0.174857 -0.0708269 0.0
0.168759 -0.073845 0.0
0.162409 -0.0769131 0.0
0.155807 -0.0800448 0.0
0.148955 -0.0832578 0.0
0.141856 -0.0865748 0.0
0.134514 -0.0900254 0.0
0.126939 -0.0936479 0.0
0.119141 -0.0974924 0.0
0.111134 -0.101624 0.0
0.10294 -0.106129 0.0
0.0945814 -0.111123 0.0
0.0860888 -0.116761 0.0
0.0774979 -0.123258 0.0
0.0688495 -0.13091 0.0
0.0601881 -0.140137 0.0
0.0515579 -0.151529 0.0
0.0429965 -0.165908 0.0
0.0345233 -0.184394 0.0
0.0261224 -0.20846 0.0
0.0177071 -0.239993 0.0
0.00901945 -0.281541 0.0
-0.000701426 -0.337638 0.0
-0.0114358 -0.411142 0.0
-0.0216683 -0.494767 0.0
-0.0291735 -0.575564 0.0
-0.0312572 -0.627745 0.0
-0.0257534 -0.608445 0.0
-0.0133192 -0.45481 0.0
-0.00286329 -0.108087 0.0
1.67317e-05 -0.0012346 0.0
8.85299e-05 -0.0020671 0.0
0.000251087 0.000924122 0.0
0.000576212 0.00735797 0.0
0.00120957 0.0167821 0.0
0.00233047 0.0286956 0.0
0.00409751 0.0425416 0.0
0.00660277 0.0577042 0.0
0.00987482 0.0734975 0.0
0.0138914 0.0892879 0.0
0.0185888 0.104518 0.0
0.0238853 0.118752 0.0
0.0296932 0.131689 0.0
0.0359253 0.14315 0.0
0.0425005 0.153056 0.0
0.0493457 0.161406 0.0
0.0563971 0.168254 0.0
0.0635995 0.173689 0.0
0.0709063 0.177821 0.0
0.0782777 0.18077 0.0
0.0856799 0.182655 0.0
0.0930838 0.183595 0.0
0.100464 0.183699 0.0
0.107798 0.183069 0.0
0.115066 0.181797 0.0
0.122249 0.179965 0.0
0.12933 0.177648 0.0
0.136293 0.17491 0.0
0.143125 0.171813 0.0
0.149812 0.168406 0.0
0.156343 0.164738 0.0
0.162708 0.16085 0.0
0.168897 0.15678 0.0
0.174904 0.152562 0.0
0.180721 0.148225 0.0
0.186344 0.143797 0.0
0.19177 0.139304 0.0
0.196995 0.134765 0.0
0.202018 0.130202 0.0
0.206839 0.125631 0.0
0.211457 0.121069 0.0
0.215873 0.116527 0.0
0.22009 0.112018 0.0
0.224108 0.107552 0.0
0.227932 0.103138 0.0
0.231562 0.0987818 0.0
0.235003 0.0944899 0.0
0.238257 0.0902667 0.0
0.241328 0.0861158 0.0
0.24422 0.0820398 0.0
0.246934 0.0780402 0.0
0.249476 0.074118 0.0
0.251848 0.0702733 0.0
0.254052 0.0665057 0.0
0.256093 0.0628143 0.0
0.257971 0.0591978 0.0
0.259691 0.0556542 0.0
0.261254 0.0521816 0.0
0.262662 0.0487776 0.0
0.263917 0.0454395 0.0
0.26502 0.0421647 0.0
0.265974 0.0389502 0.0
0.266778 0.0357931 0.0
0.267434 0.0326904 0.0
0.267943 0.0296389 0.0
0.268305 0.0266355 0.0
0.268521 0.0236772 0.0
0.268589 0.0207611 0.0
0.26851 0.017884 0.0
0.268284 0.0150431 0.0
0.267909 0.0122357 0.0
0.267385 0.00945894 0.0
0.26671 0.00671031 0.0
0.265883 0.00398709 0.0
0.264899 0.00128528 0.0
0.263757 -0.00140966 0.0
0.262455 -0.00408927 0.0
0.260991 -0.00675529 0.0
0.259365 -0.00940958 0.0
0.257572 -0.0120539 0.0
0.255611 -0.0146898 0.0
0.253478 -0.017319 0.0
0.251171 -0.0199427 0.0
0.248684 -0.0225622 0.0
0.246016 -0.0251787 0.0
0.243162 -0.0277933 0.0
0.240117 -0.0304069 0.0
0.236878 -0.0330205 0.0
0.233439 -0.0356347 0.0
0.229797 -0.0382505 0.0
0.225945 -0.0408687 0.0
0.22188 -0.0434902 0.0
0.217597 -0.0461161 0.0
0.21309 -0.0487478 0.0
0.208354 -0.051387 0.0
0.203384 -0.054036 0.0
0.198177 -0.0566977 0.0
0.192728 -0.0593761 0.0
0.187032 -0.0620762 0.0
0.181087 -0.064805 0.0
0.17489 -0.0675712 0.0
0.168439 -0.0703864 0.0
0.161735 -0.0732655 0.0
0.154777 -0.0762277 0.0
0.14757 -0.0792978 0.0
0.140117 -0.0825078 0.0
0.132425 -0.0858989 0.0
0.124507 -0.0895244 0.0
0.116374 -0.0934536 0.0
0.108046 -0.0977774 0.0
0.0995458 -0.102616 0.0
0.0909008 -0.108131 0.0
0.0821451 -0.114542 0.0
0.0733177 -0.12215 0.0
0.0644609 -0.131378 0.0
0.0556167 -0.142813 0.0
0.0468205 -0.157266 0.0
0.0380899 -0.175832 0.0
0.0294094 -0.19994 0.0
0.0207006 -0.231389 0.0
0.0117388 -0.272497 0.0
0.00181006 -0.327033 0.0
-0.00942564 -0.399777 0.0
-0.0206606 -0.484665 0.0
-0.0294074 -0.569414 0.0
-0.0326785 -0.62854 0.0
-0.0278411 -0.617991 0.0
-0.0150665 -0.470472 0.0
-0.00349818 -0.114449 0.0
9.20079e-06 -0.00126053 0.0
-1.10928e-05 -0.00209267 0.0
-0.000112025 0.000888068 0.0
-0.000231658 0.00718853 0.0
-0.000193054 0.0162796 0.0
0.000240041 0.0276442 0.0
0.00129349 0.0407726 0.0
0.00310781 0.0551537 0.0
0.00574961 0.0701342 0.0
0.00922049 0.0851637 0.0
0.0134617 0.0997032 0.0
0.0183987 0.113332 0.0
0.0239459 0.125753 0.0
0.0300146 0.136784 0.0
0.0365188 0.146342 0.0
0.0433784 0.154415 0.0
0.0505205 0.161051 0.0
0.0578804 0.16633 0.0
0.0654015 0.170353 0.0
0.0730348 0.173234 0.0
0.0807379 0.175086 0.0
0.088474 0.176024 0.0
0.0962107 0.176153 0.0
0.103919 0.175572 0.0
0.111575 0.174371 0.0
0.119155 0.172629 0.0
0.126637 0.17042 0.0
0.134005 0.167807 0.0
0.141241 0.164848 0.0
0.14833 0.161594 0.0
0.15526 0.15809 0.0
0.162018 0.154376 0.0
0.168595 0.150488 0.0
0.174982 0.14646 0.0
0.181173 0.142319 0.0
0.187162 0.138092 0.0
0.192944 0.133802 0.0
0.198516 0.12947 0.0
0.203877 0.125114 0.0
0.209026 0.120751 0.0
0.213962 0.116395 0.0
0.218686 0.11206 0.0
0.223199 0.107756 0.0
0.227503 0.103492 0.0
0.231601 0.0992772 0.0
0.235495 0.0951178 0.0
0.239189 0.0910195 0.0
0.242685 0.0869867 0.0
0.245987 0.0830228 0.0
0.249098 0.0791303 0.0
0.252022 0.075311 0.0
0.254761 0.0715657 0.0
0.25732 0.0678949 0.0
0.259702 0.0642981 0.0
0.261909 0.0607746 0.0
0.263944 0.0573233 0.0
0.265811 0.0539425 0.0
0.267511 0.0506304 0.0
0.269047 0.0473848 0.0
0.270421 0.0442034 0.0
0.271634 0.0410836 0.0
0.27269 0.0380228 0.0
0.273587 0.0350182 0.0
0.274329 0.0320671 0.0
0.274916 0.0291665 0.0
0.275348 0.0263137 0.0
0.275626 0.0235058 0.0
0.27575 0.02074 0.0
0.27572 0.0180136 0.0
0.275536 0.0153239 0.0
0.275197 0.0126684 0.0
0.274703 0.0100447 0.0
0.274052 0.00745039 0.0
0.273243 0.00488339 0.0
0.272275 0.00234073 0.0
0.27114 -0.000188392 0.0
0.269838 -0.00270577 0.0
0.26837 -0.00520718 0.0
0.266733 -0.00769446 0.0
0.264926 -0.0101691 0.0
0.262945 -0.0126326 0.0
0.260788 -0.0150862 0.0
0.258451 -0.017531 0.0
0.255931 -0.0199681 0.0
0.253225 -0.0223985 0.0
0.250329 -0.024823 0.0
0.247239 -0.0272423 0.0
0.243951 -0.0296572 0.0
0.24046 -0.0320684 0.0
0.236762 -0.0344764 0.0
0.232852 -0.0368821 0.0
0.228727 -0.0392862 0.0
0.22438 -0.04169 0.0
0.219808 -0.0440947 0.0
0.215006 -0.0465021 0.0
0.209969 -0.0489148 0.0
0.204693 -0.0513359 0.0
0.199175 -0.0537697 0.0
0.193409 -0.0562218 0.0
0.187395 -0.0586997 0.0
0.181128 -0.0612129 0.0
0.174608 -0.0637741 0.0
0.167834 -0.0663993 0.0
0.160807 -0.0691093 0.0
0.153529 -0.0719306 0.0
0.146004 -0.0748974 0.0
0.13824 -0.0780535 0.0
0.130244 -0.0814554 0.0
0.12203 -0.0851761 0.0
0.113614 -0.0893106 0.0
0.105016 -0.0939843 0.0
0.0962619 -0.0993638 0.0
0.0873826 -0.105674 0.0
0.0784133 -0.113222 0.0
0.0693928 -0.12243 0.0
0.0603589 -0.133883 0.0
0.0513425 -0.148382 0.0
0.0423566 -0.166999 0.0
0.0333817 -0.191118 0.0
0.0243417 -0.222462 0.0
0.0150418 -0.263162 0.0
0.00491136 -0.316309 0.0
-0.00681122 -0.387543 0.0
-0.0191505 -0.473325 0.0
-0.0293371 -0.561821 0.0
-0.0340721 -0.628127 0.0
-0.0301681 -0.627146 0.0
-0.0171827 -0.487078 0.0
-0.00432368 -0.12227 0.0
-6.12246e-06 -0.00126361 0.0
-0.000163366 -0.00191206 0.0
-0.000616733 0.00126175 0.0
-0.00128364 0.00760138 0.0
-0.00193573 0.0164802 0.0
-0.0022848 0.0273595 0.0
-0.00205481 0.0397738 0.0
-0.00101388 0.0532972 0.0
0.00097219 0.0673628 0.0
0.00389479 0.0815416 0.0
0.00769027 0.0952886 0.0
0.0122851 0.108215 0.0
0.0175873 0.120021 0.0
0.0235058 0.130529 0.0
0.0299496 0.139649 0.0
0.036833 0.147365 0.0
0.0440747 0.153718 0.0
0.0516007 0.158778 0.0
0.0593451 0.16264 0.0
0.0672498 0.165409 0.0
0.075264 0.167194 0.0
0.0833429 0.168102 0.0
0.0914474 0.168235 0.0
0.0995426 0.167687 0.0
0.107598 0.166545 0.0
0.115586 0.164887 0.0
0.123482 0.162783 0.0
0.131265 0.160294 0.0
0.138915 0.157475 0.0
0.146417 0.154377 0.0
0.153753 0.151041 0.0
0.160914 0.147507 0.0
0.167886 0.143809 0.0
0.174661 0.139977 0.0
0.181231 0.13604 0.0
0.18759 0.132022 0.0
0.193734 0.127945 0.0
0.199659 0.123829 0.0
0.205362 0.11969 0.0
0.210842 0.115545 0.0
0.2161 0.111408 0.0
0.221135 0.107289 0.0
0.225948 0.1032 0.0
0.230542 0.0991495 0.0
0.234919 0.0951453 0.0
0.23908 0.0911938 0.0
0.24303 0.0873002 0.0
0.246771 0.0834687 0.0
0.250307 0.0797028 0.0
0.253642 0.0760049 0.0
0.256778 0.0723766 0.0
0.259719 0.068819 0.0
0.26247 0.0653324 0.0
0.265032 0.0619168 0.0
0.267409 0.0585713 0.0
0.269605 0.0552952 0.0
0.271623 0.0520868 0.0
0.273464 0.0489447 0.0
0.275132 0.0458667 0.0
0.276629 0.0428509 0.0
0.277956 0.0398948 0.0
0.279117 0.0369961 0.0
0.280112 0.0341522 0.0
0.280943 0.0313606 0.0
0.28161 0.0286187 0.0
0.282116 0.0259238 0.0
0.28246 0.0232734 0.0
0.282644 0.0206649 0.0
0.282666 0.0180959 0.0
0.282528 0.0155639 0.0
0.282229 0.0130666 0.0
0.281768 0.0106018 0.0
0.281145 0.00816755 0.0
0.280358 0.00576191 0.0
0.279405 0.00338272 0.0
0.278284 0.00102546 0.0
0.27699 -0.00132299 0.0
0.275522 -0.00365444 0.0
0.273881 -0.0059697 0.0
0.272065 -0.00826995 0.0
0.27007 -0.0105563 0.0
0.267895 -0.0128299 0.0
0.265536 -0.0150917 0.0
0.262991 -0.0173424 0.0
0.260256 -0.0195829 0.0
0.257327 -0.0218138 0.0
0.254201 -0.0240357 0.0
0.250875 -0.0262491 0.0
0.247344 -0.0284545 0.0
0.243604 -0.0306525 0.0
0.239651 -0.0328437 0.0
0.235481 -0.035029 0.0
0.23109 -0.0372094 0.0
0.226473 -0.0393863 0.0
0.221626 -0.0415617 0.0
0.216546 -0.043738 0.0
0.211228 -0.0459189 0.0
0.205669 -0.0481088 0.0
0.199865 -0.050314 0.0
0.193815 -0.0525423 0.0
0.187515 -0.0548041 0.0
0.180965 -0.0571128 0.0
0.174164 -0.0594855 0.0
0.167112 -0.0619442 0.0
0.159812 -0.0645173 0.0
0.152266 -0.0672405 0.0
0.144481 -0.0701601 0.0
0.136463 -0.0733352 0.0
0.128222 -0.0768421 0.0
0.119774 -0.0807798 0.0
0.111135 -0.0852779 0.0
0.102326 -0.0905079 0.0
0.0933754 -0.0966994 0.0
0.0843121 -0.104164 0.0
0.0751696 -0.113325 0.0
0.0659793 -0.124764 0.0
0.056765 -0.139271 0.0
0.047532 -0.157891 0.0
0.0382535 -0.181972 0.0
0.0288505 -0.213165 0.0
0.0191498 -0.253458 0.0
0.00874022 -0.305473 0.0
-0.00345254 -0.374464 0.0
-0.0169263 -0.460591 0.0
-0.0287878 -0.552507 0.0
-0.0353267 -0.626167 0.0
-0.032705 -0.635631 0.0
-0.0197083 -0.504574 0.0
-0.00537351 -0.131968 0.0
-3.7412e-05 -0.00122008 0.0
-0.000410218 -0.00142554 0.0
-0.00135908 0.00217747 0.0
-0.00272682 0.00872032 0.0
-0.00419451 0.0174811 0.0
-0.0054026 0.0279158 0.0
-0.00602395 0.0396088 0.0
-0.0057967 0.052194 0.0
-0.00456284 0.065246 0.0
-0.00224977 0.0784227 0.0
0.00113351 0.0912288 0.0
0.00544531 0.103368 0.0
0.0105486 0.114462 0.0
0.0163545 0.124364 0.0
0.0227652 0.13296 0.0
0.0296941 0.140242 0.0
0.0370526 0.146241 0.0
0.044759 0.151022 0.0
0.0527393 0.154671 0.0
0.0609272 0.157285 0.0
0.0692638 0.158967 0.0
0.0776968 0.159817 0.0
0.0861803 0.159932 0.0
0.0946731 0.159402 0.0
0.103139 0.158309 0.0
0.111546 0.156728 0.0
0.119866 0.154725 0.0
0.128074 0.15236 0.0
0.136148 0.149685 0.0
0.144068 0.146745 0.0
0.15182 0.143583 0.0
0.159388 0.140236 0.0
0.166761 0.136734 0.0
0.173929 0.133109 0.0
0.180883 0.129384 0.0
0.187617 0.125585 0.0
0.194126 0.12173 0.0
0.200406 0.117839 0.0
0.206454 0.113928 0.0
0.212269 0.110012 0.0
0.21785 0.106102 0.0
0.223198 0.102211 0.0
0.228314 0.0983484 0.0
0.233199 0.0945221 0.0
0.237856 0.0907396 0.0
0.242287 0.0870069 0.0
0.246495 0.083329 0.0
0.250483 0.07971 0.0
0.254256 0.076153 0.0
0.257816 0.0726604 0.0
0.261167 0.0692339 0.0
0.264312 0.0658746 0.0
0.267256 0.0625828 0.0
0.270002 0.0593585 0.0
0.272553 0.0562012 0.0
0.274912 0.05311 0.0
0.277083 0.0500837 0.0
0.279069 0.0471209 0.0
0.280872 0.0442198 0.0
0.282494 0.0413784 0.0
0.283939 0.0385947 0.0
0.285209 0.0358665 0.0
0.286304 0.0331915 0.0
0.287227 0.0305673 0.0
0.28798 0.0279917 0.0
0.288562 0.0254622 0.0
0.288977 0.0229765 0.0
0.289223 0.0205323 0.0
0.289301 0.0181273 0.0
0.289213 0.0157593 0.0
0.288957 0.0134264 0.0
0.288533 0.0111265 0.0
0.287942 0.00885787 0.0
0.287181 0.00661893 0.0
0.286251 0.00440812 0.0
0.285149 0.00222323 0.0
0.283869 5.42345e-05 0.0
0.282407 -0.00210287 0.0
0.280768 -0.0042416 0.0
0.27895 -0.00636308 0.0
0.27695 -0.00846829 0.0
0.274765 -0.0105581 0.0
0.272394 -0.0126333 0.0
0.269833 -0.0146945 0.0
0.267079 -0.0167423 0.0
0.26413 -0.0187771 0.0
0.260983 -0.0207994 0.0
0.257634 -0.0228096 0.0
0.254079 -0.0248081 0.0
0.250316 -0.0267954 0.0
0.24634 -0.028772 0.0
0.242147 -0.0307387 0.0
0.237735 -0.0326965 0.0
0.2331 -0.034647 0.0
0.228238 -0.0365921 0.0
0.223145 -0.0385346 0.0
0.217819 -0.0404783 0.0
0.212257 -0.0424279 0.0
0.206456 -0.04439 0.0
0.200413 -0.046373 0.0
0.194127 -0.0483878 0.0
0.187596 -0.0504485 0.0
0.180821 -0.0525731 0.0
0.1738 -0.0547847 0.0
0.166537 -0.0571126 0.0
0.159032 -0.0595944 0.0
0.151289 -0.0622781 0.0
0.143315 -0.065225 0.0
0.135117 -0.0685141 0.0
0.126705 -0.0722476 0.0
0.118093 -0.0765588 0.0
0.109298 -0.0816233 0.0
0.10034 -0.0876749 0.0
0.0912429 -0.0950278 0.0
0.0820317 -0.104107 0.0
0.0727292 -0.11549 0.0
0.0633488 -0.129951 0.0
0.0538848 -0.148514 0.0
0.0442994 -0.172485 0.0
0.0345067 -0.203456 0.0
0.0243465 -0.243306 0.0
0.0134838 -0.294353 0.0
0.00084195 -0.360749 0.0
-0.0137089 -0.446281 0.0
-0.0275171 -0.541147 0.0
-0.0362662 -0.622239 0.0
-0.0353735 -0.643074 0.0
-0.0226568 -0.522845 0.0
-0.00667379 -0.144015 0.0
-9.39112e-05 -0.00108875 0.0
-0.000800911 -0.000477057 0.0
-0.00244817 0.0038251 0.0
-0.00471833 0.0107106 0.0
-0.00715393 0.0193941 0.0
-0.00930934 0.0293663 0.0
-0.0108154 0.0402857 0.0
-0.0113961 0.0518705 0.0
-0.0108781 0.0638177 0.0
-0.00917534 0.0758351 0.0
-0.00629152 0.0875492 0.0
-0.00228622 0.0987308 0.0
0.00271457 0.108996 0.0
0.00849881 0.11824 0.0
0.0149328 0.126239 0.0
0.021948 0.133019 0.0
0.0294519 0.138602 0.0
0.0373598 0.143047 0.0
0.0455927 0.146433 0.0
0.0540777 0.14885 0.0
0.062749 0.150394 0.0
0.0715478 0.151158 0.0
0.0804212 0.151234 0.0
0.0893222 0.150706 0.0
0.0982088 0.149652 0.0
0.107044 0.148142 0.0
0.115796 0.146239 0.0
0.124436 0.143998 0.0
0.13294 0.141469 0.0
0.141287 0.138694 0.0
0.149458 0.135712 0.0
0.157439 0.132558 0.0
0.165217 0.129262 0.0
0.17278 0.12585 0.0
0.180121 0.122348 0.0
0.187231 0.118776 0.0
0.194107 0.115155 0.0
0.200742 0.111499 0.0
0.207136 0.107826 0.0
0.213286 0.104149 0.0
0.219192 0.100478 0.0
0.224853 0.0968259 0.0
0.230271 0.0932 0.0
0.235448 0.0896088 0.0
0.240385 0.086059 0.0
0.245085 0.0825561 0.0
0.249552 0.0791048 0.0
0.253789 0.0757091 0.0
0.257798 0.0723719 0.0
0.261585 0.0690954 0.0
0.265151 0.0658813 0.0
0.268502 0.0627306 0.0
0.271641 0.0596438 0.0
0.274572 0.056621 0.0
0.277298 0.0536618 0.0
0.279823 0.0507653 0.0
0.282149 0.0479307 0.0
0.284281 0.0451565 0.0
0.286221 0.0424412 0.0
0.287973 0.0397831 0.0
0.289537 0.0371803 0.0
0.290918 0.0346309 0.0
0.292117 0.0321329 0.0
0.293136 0.029684 0.0
0.293976 0.0272823 0.0
0.294639 0.0249254 0.0
0.295127 0.0226115 0.0
0.29544 0.0203383 0.0
0.295579 0.0181038 0.0
0.295544 0.0159062 0.0
0.295336 0.0137435 0.0
0.294954 0.0116142 0.0
0.2944 0.00951655 0.0
0.293671 0.00744924 0.0
0.292768 0.00541098 0.0
0.29169 0.00340036 0.0
0.290434 0.0014141 0.0
0.288992 -0.000559623 0.0
0.287364 -0.00251797 0.0
0.285553 -0.00445717 0.0
0.283557 -0.00637802 0.0
0.281374 -0.00828123 0.0
0.279003 -0.0101674 0.0
0.276441 -0.0120371 0.0
0.273685 -0.0138906 0.0
0.270734 -0.0157284 0.0
0.267584 -0.0175507 0.0
0.264232 -0.0193578 0.0
0.260677 -0.02115 0.0
0.256915 -0.0229278 0.0
0.252943 -0.0246916 0.0
0.248758 -0.0264423 0.0
0.244358 -0.0281809 0.0
0.23974 -0.0299089 0.0
0.234901 -0.0316286 0.0
0.229838 -0.0333426 0.0
0.224548 -0.0350551 0.0
0.219031 -0.036771 0.0
0.213283 -0.0384972 0.0
0.207302 -0.0402425 0.0
0.201088 -0.0420182 0.0
0.194639 -0.0438388 0.0
0.187955 -0.045723 0.0
0.181035 -0.0476945 0.0
0.173879 -0.0497836 0.0
0.16649 -0.052029 0.0
0.158868 -0.0544798 0.0
0.151018 -0.0571989 0.0
0.142944 -0.0602675 0.0
0.134651 -0.06379 0.0
0.126149 -0.0679025 0.0
0.117449 -0.0727837 0.0
0.108562 -0.0786703 0.0
0.0995054 -0.0858784 0.0
0.0902925 -0.0948324 0.0
0.0809343 -0.106103 0.0
0.0714307 -0.120453 0.0
0.0617607 -0.138878 0.0
0.0518698 -0.162645 0.0
0.0416562 -0.193291 0.0
0.0309529 -0.232608 0.0
0.0194651 -0.2827 0.0
0.00638399 -0.346679 0.0
-0.00919254 -0.430224 0.0
-0.0252026 -0.527386 0.0
-0.0366267 -0.615826 0.0
-0.0380242 -0.648982 0.0
-0.0259981 -0.54168 0.0
-0.00823598 -0.158925 0.0
-0.00018981 -0.000805031 0.0
-0.00139834 0.00115476 0.0
-0.00401084 0.00645305 0.0
-0.00742951 0.0137715 0.0
-0.0110045 0.0223438 0.0
-0.0141979 0.0317655 0.0
-0.0166134 0.0418082 0.0
-0.0179782 0.0522935 0.0
-0.0181247 0.0630233 0.0
-0.0169729 0.0737749 0.0
-0.0145243 0.0842771 0.0
-0.0108367 0.09431 0.0
-0.00601996 0.103599 0.0
-0.000204604 0.112037 0.0
0.00639145 0.119412 0.0
0.0135729 0.125649 0.0
0.021271 0.130769 0.0
0.0294121 0.13483 0.0
0.0379196 0.137909 0.0
0.0467184 0.14009 0.0
0.0557382 0.141463 0.0
0.0649145 0.142114 0.0
0.0741885 0.14213 0.0
0.0835072 0.14159 0.0
0.0928232 0.140565 0.0
0.102095 0.139122 0.0
0.111285 0.137317 0.0
0.120363 0.135202 0.0
0.129301 0.132822 0.0
0.138077 0.130217 0.0
0.146671 0.127423 0.0
0.155066 0.124471 0.0
0.16325 0.121388 0.0
0.171209 0.118201 0.0
0.178936 0.11493 0.0
0.186423 0.111597 0.0
0.193664 0.108218 0.0
0.200654 0.104809 0.0
0.207393 0.101385 0.0
0.213876 0.097957 0.0
0.220104 0.0945366 0.0
0.226077 0.0911333 0.0
0.231796 0.0877554 0.0
0.237263 0.0844102 0.0
0.242479 0.0811039 0.0
0.247448 0.0778417 0.0
0.252173 0.0746279 0.0
0.256656 0.0714662 0.0
0.260902 0.0683593 0.0
0.264914 0.0653095 0.0
0.268696 0.0623181 0.0
0.272253 0.0593864 0.0
0.275587 0.0565148 0.0
0.278703 0.0537034 0.0
0.281605 0.0509519 0.0
0.284296 0.0482597 0.0
0.286779 0.0456259 0.0
0.289059 0.0430493 0.0
0.291139 0.0405287 0.0
0.293021 0.0380625 0.0
0.294708 0.035649 0.0
0.296203 0.0332866 0.0
0.297508 0.0309733 0.0
0.298625 0.0287073 0.0
0.299558 0.0264866 0.0
0.300306 0.0243095 0.0
0.300871 0.0221741 0.0
0.301256 0.0200783 0.0
0.30146 0.0180206 0.0
0.301485 0.0159992 0.0
0.301331 0.0140124 0.0
0.300999 0.0120588 0.0
0.300489 0.010137 0.0
0.2998 0.00824585 0.0
0.298933 0.00638417 0.0
0.297888 0.00455101 0.0
0.296662 0.00274495 0.0
0.295253 0.000960611 0.0
0.293653 -0.000810403 0.0
0.291865 -0.00256493 0.0
0.28989 -0.00429953 0.0
0.287727 -0.00601467 0.0
0.285375 -0.00771099 0.0
0.282833 -0.00938879 0.0
0.280098 -0.0110484 0.0
0.277169 -0.01269 0.0
0.274044 -0.0143138 0.0
0.27072 -0.01592 0.0
0.267197 -0.017509 0.0
0.263471 -0.0190811 0.0
0.259542 -0.0206368 0.0
0.255406 -0.0221769 0.0
0.251062 -0.0237025 0.0
0.246508 -0.0252152 0.0
0.241742 -0.0267172 0.0
0.236763 -0.0282115 0.0
0.231568 -0.0297022 0.0
0.226157 -0.0311946 0.0
0.220527 -0.0326957 0.0
0.214678 -0.0342144 0.0
0.208608 -0.0357623 0.0
0.202317 -0.0373543 0.0
0.195803 -0.0390093 0.0
0.189066 -0.0407513 0.0
0.182106 -0.0426111 0.0
0.174921 -0.0446278 0.0
0.167513 -0.0468512 0.0
0.159881 -0.0493453 0.0
0.152026 -0.0521919 0.0
0.14395 -0.0554971 0.0
0.135656 -0.0593987 0.0
0.127146 -0.0640769 0.0
0.118425 -0.0697698 0.0
0.109497 -0.0767937 0.0
0.100363 -0.0855707 0.0
0.0910197 -0.0966636 0.0
0.0814486 -0.110818 0.0
0.0716084 -0.129003 0.0
0.061422 -0.152443 0.0
0.0507638 -0.182621 0.0
0.0394474 -0.221258 0.0
0.0271964 -0.270311 0.0
0.0134925 -0.332283 0.0
-0.00308263 -0.412468 0.0
-0.0213789 -0.510836 0.0
-0.0360216 -0.60631 0.0
-0.0404083 -0.652714 0.0
-0.0296371 -0.560746 0.0
-0.0100489 -0.177209 0.0
-0.000345872 -0.000269349 0.0
-0.00228497 0.0037667 0.0
-0.00619808 0.0103667 0.0
-0.0110477 0.018126 0.0
-0.0159399 0.0264565 0.0
-0.0202525 0.0351587 0.0
-0.0235853 0.0441632 0.0
-0.0256908 0.0534087 0.0
-0.0264291 0.0627929 0.0
-0.0257422 0.0721665 0.0
-0.0236422 0.0813368 0.0
-0.0201944 0.0901149 0.0
-0.0155103 0.0982932 0.0
-0.00972874 0.105746 0.0
-0.00299379 0.112372 0.0
0.00448611 0.118028 0.0
0.0124914 0.122687 0.0
0.0209232 0.126339 0.0
0.0297384 0.129077 0.0
0.0388723 0.130989 0.0
0.0482559 0.13216 0.0
0.057822 0.132674 0.0
0.0675071 0.132611 0.0
0.0772526 0.132045 0.0
0.0870053 0.131042 0.0
0.0967185 0.129661 0.0
0.106352 0.127955 0.0
0.11587 0.125969 0.0
0.125245 0.123743 0.0
0.13445 0.121315 0.0
0.143466 0.118716 0.0
0.152275 0.115974 0.0
0.160861 0.113115 0.0
0.169215 0.110161 0.0
0.177325 0.107133 0.0
0.185185 0.104048 0.0
0.192789 0.100923 0.0
0.200131 0.0977711 0.0
0.20721 0.0946061 0.0
0.214024 0.0914388 0.0
0.220571 0.0882793 0.0
0.226852 0.0851361 0.0
0.232869 0.082017 0.0
0.238622 0.0789286 0.0
0.244115 0.0758766 0.0
0.249349 0.0728657 0.0
0.254329 0.0699 0.0
0.259057 0.0669827 0.0
0.263537 0.0641166 0.0
0.267774 0.0613035 0.0
0.27177 0.0585451 0.0
0.275531 0.0558422 0.0
0.27906 0.0531955 0.0
0.282362 0.050605 0.0
0.28544 0.0480706 0.0
0.288298 0.0455918 0.0
0.29094 0.0431678 0.0
0.29337 0.0407976 0.0
0.295591 0.0384801 0.0
0.297606 0.036214 0.0
0.299419 0.0339977 0.0
0.301032 0.0318298 0.0
0.302448 0.0297086 0.0
0.30367 0.0276326 0.0
0.304699 0.0255999 0.0
0.305538 0.023609 0.0
0.306189 0.0216582 0.0
0.306653 0.0197458 0.0
0.306932 0.0178704 0.0
0.307026 0.0160303 0.0
0.306936 0.0142243 0.0
0.306665 0.0124509 0.0
0.306211 0.010709 0.0
0.305576 0.00899758 0.0
0.30476 0.00731564 0.0
0.303762 0.00566237 0.0
0.302584 0.00403696 0.0
0.301224 0.0024378 0.0
0.299678 0.000858706 0.0
0.297938 -0.000705729 0.0
0.296008 -0.00225403 0.0
0.293892 -0.0037815 0.0
0.291589 -0.00528922 0.0
0.289098 -0.00677702 0.0
0.286418 -0.00824529 0.0
0.283548 -0.0096941 0.0
0.280488 -0.0111237 0.0
0.277235 -0.0125342 0.0
0.273789 -0.0139259 0.0
0.27015 -0.0152991 0.0
0.266315 -0.0166544 0.0
0.262284 -0.0179926 0.0
0.258056 -0.0193149 0.0
0.25363 -0.0206228 0.0
0.249005 -0.0219186 0.0
0.24418 -0.0232055 0.0
0.239154 -0.0244876 0.0
0.233926 -0.0257702 0.0
0.228496 -0.0270604 0.0
0.222863 -0.0283673 0.0
0.217026 -0.0297025 0.0
0.210984 -0.0310808 0.0
0.204736 -0.0325211 0.0
0.198281 -0.0340474 0.0
0.191617 -0.0356903 0.0
0.184741 -0.0374889 0.0
0.177653 -0.039493 0.0
0.170348 -0.0417665 0.0
0.162823 -0.0443913 0.0
0.155075 -0.0474737 0.0
0.147099 -0.0511516 0.0
0.13889 -0.0556053 0.0
0.130442 -0.0610724 0.0
0.121746 -0.0678669 0.0
0.112788 -0.0764058 0.0
0.103544 -0.0872413 0.0
0.0939748 -0.1011 0.0
0.0840122 -0.118919 0.0
0.0735501 -0.141879 0.0
0.0624313 -0.171408 0.0
0.0504401 -0.209163 0.0
0.0372954 -0.25701 0.0
0.0225813 -0.317166 0.0
0.00503713 -0.393466 0.0
-0.0154426 -0.491062 0.0
-0.0339231 -0.592961 0.0
-0.0421495 -0.65345 0.0
-0.0333929 -0.579537 0.0
-0.0120706 -0.199329 0.0
-0.000590878 0.000667401 0.0
-0.00356944 0.00774761 0.0
-0.00919211 0.0159216 0.0
-0.0157774 0.0240061 0.0
-0.0221548 0.0318462 0.0
-0.0276448 0.0395715 0.0
-0.0318769 0.0473153 0.0
-0.0346557 0.0551409 0.0
-0.0358898 0.063033 0.0
-0.0355592 0.0709089 0.0
-0.0337007 0.078636 0.0
-0.0303955 0.0860629 0.0
-0.0257631 0.0930287 0.0
-0.0199472 0.0994131 0.0
-0.0130993 0.105122 0.0
-0.0053774 0.110076 0.0
0.0030282 0.114228 0.0
0.0118821 0.117513 0.0
0.0210658 0.119905 0.0
0.0305664 0.121527 0.0
0.0403331 0.122472 0.0
0.0503031 0.122826 0.0
0.0604107 0.122666 0.0
0.0705918 0.122063 0.0
0.0807877 0.121075 0.0
0.0909465 0.119756 0.0
0.101024 0.118149 0.0
0.110983 0.116296 0.0
0.120792 0.114232 0.0
0.130425 0.111988 0.0
0.139859 0.109593 0.0
0.149076 0.107071 0.0
0.158062 0.104445 0.0
0.166804 0.101735 0.0
0.175293 0.0989594 0.0
0.183521 0.096134 0.0
0.191481 0.093273 0.0
0.19917 0.0903895 0.0
0.206584 0.0874947 0.0
0.213722 0.0845988 0.0
0.220583 0.0817107 0.0
0.227168 0.0788384 0.0
0.233477 0.0759887 0.0
0.239513 0.0731676 0.0
0.245278 0.0703803 0.0
0.250774 0.067631 0.0
0.256006 0.0649236 0.0
0.260976 0.0622609 0.0
0.265689 0.0596454 0.0
0.270148 0.0570789 0.0
0.274358 0.054563 0.0
0.278323 0.0520984 0.0
0.282048 0.0496857 0.0
0.285536 0.0473252 0.0
0.288792 0.0450167 0.0
0.29182 0.0427598 0.0
0.294624 0.0405538 0.0
0.297207 0.0383981 0.0
0.299575 0.0362914 0.0
0.301729 0.0342328 0.0
0.303674 0.0322209 0.0
0.305413 0.0302545 0.0
0.306949 0.028332 0.0
0.308284 0.0264521 0.0
0.309422 0.0246133 0.0
0.310364 0.0228142 0.0
0.311113 0.0210532 0.0
0.311671 0.0193291 0.0
0.312039 0.0176403 0.0
0.31222 0.0159857 0.0
0.312214 0.0143639 0.0
0.312023 0.0127739 0.0
0.311649 0.0112146 0.0
0.311091 0.00968504 0.0
0.310351 0.00818445 0.0
0.309429 0.00671209 0.0
0.308328 0.00526727 0.0
0.307046 0.00384921 0.0
0.305583 0.00245623 0.0
0.303936 0.00108325 0.0
0.302098 -0.000274341 0.0
0.300069 -0.0016168 0.0
0.297859 -0.00294022 0.0
0.295467 -0.00424267 0.0
0.292892 -0.00552539 0.0
0.290136 -0.00678789 0.0
0.287197 -0.00803067 0.0
0.284077 -0.00925388 0.0
0.280774 -0.0104576 0.0
0.277288 -0.0116423 0.0
0.27362 -0.0128086 0.0
0.26977 -0.0139572 0.0
0.265737 -0.0150893 0.0
0.261521 -0.0162066 0.0
0.257123 -0.0173113 0.0
0.252542 -0.0184065 0.0
0.247778 -0.0194965 0.0
0.24283 -0.0205865 0.0
0.2377 -0.0216835 0.0
0.232385 -0.0227967 0.0
0.226886 -0.0239372 0.0
0.221202 -0.0251197 0.0
0.21533 -0.0263628 0.0
0.20927 -0.0276898 0.0
0.203017 -0.0291309 0.0
0.196568 -0.0307244 0.0
0.189919 -0.0325192 0.0
0.183062 -0.0345783 0.0
0.17599 -0.0369827 0.0
0.168693 -0.0398372 0.0
0.161159 -0.0432784 0.0
0.153374 -0.0474846 0.0
0.145319 -0.0526903 0.0
0.13697 -0.0592045 0.0
0.128296 -0.0674354 0.0
0.119249 -0.0779209 0.0
0.109762 -0.0913634 0.0
0.0997352 -0.108666 0.0
0.0890254 -0.13096 0.0
0.0774327 -0.159615 0.0
0.0646964 -0.196228 0.0
0.0504938 -0.242598 0.0
0.0344182 -0.300789 0.0
0.0157927 -0.373673 0.0
-0.00681373 -0.467768 0.0
-0.0296322 -0.574955 0.0
-0.0427062 -0.650155 0.0
-0.0369736 -0.597321 0.0
-0.0142206 -0.22562 0.0
-0.000970202 0.00222848 0.0
-0.00539861 0.0135935 0.0
-0.0132106 0.0235104 0.0
-0.0218405 0.0316325 0.0
-0.0298408 0.0385975 0.0
-0.0365272 0.0449966 0.0
-0.0416031 0.0511984 0.0
-0.0449553 0.0573889 0.0
-0.0465626 0.0636264 0.0
-0.0464582 0.0698805 0.0
-0.044715 0.0760626 0.0
-0.0414379 0.082054 0.0
-0.0367588 0.0877261 0.0
-0.0308282 0.0929692 0.0
-0.0238037 0.0976933 0.0
-0.0158475 0.101826 0.0
-0.00711713 0.105342 0.0
0.00221569 0.108212 0.0
0.0119057 0.110332 0.0
0.0218319 0.111673 0.0
0.0320109 0.11238 0.0
0.0424039 0.112555 0.0
0.0529485 0.112285 0.0
0.0635757 0.111636 0.0
0.0742209 0.110661 0.0
0.084828 0.109404 0.0
0.0953495 0.107902 0.0
0.105746 0.106188 0.0
0.115985 0.104293 0.0
0.126038 0.102242 0.0
0.135884 0.100059 0.0
0.145503 0.0977673 0.0
0.154881 0.0953848 0.0
0.164004 0.0929294 0.0
0.172864 0.0904169 0.0
0.181451 0.0878614 0.0
0.189761 0.0852755 0.0
0.197789 0.0826705 0.0
0.205532 0.0800564 0.0
0.212989 0.0774424 0.0
0.220158 0.0748362 0.0
0.227042 0.072245 0.0
0.23364 0.0696748 0.0
0.239954 0.067131 0.0
0.245988 0.0646182 0.0
0.251745 0.0621403 0.0
0.257227 0.0597006 0.0
0.262439 0.0573018 0.0
0.267384 0.0549461 0.0
0.272068 0.0526353 0.0
0.276494 0.0503705 0.0
0.280666 0.0481528 0.0
0.284591 0.0459825 0.0
0.288271 0.04386 0.0
0.291712 0.0417852 0.0
0.294918 0.0397577 0.0
0.297893 0.0377771 0.0
0.300641 0.0358426 0.0
0.303167 0.0339535 0.0
0.305475 0.0321086 0.0
0.307568 0.0303071 0.0
0.30945 0.0285476 0.0
0.311124 0.0268291 0.0
0.312593 0.0251502 0.0
0.313862 0.0235096 0.0
0.314931 0.0219062 0.0
0.315805 0.0203387 0.0
0.316485 0.0188058 0.0
0.316973 0.0173063 0.0
0.317273 0.0158392 0.0
0.317386 0.0144034 0.0
0.317313 0.0129978 0.0
0.317057 0.0116216 0.0
0.316619 0.0102739 0.0
0.316001 0.008954 0.0
0.315203 0.00766123 0.0
0.314228 0.00639497 0.0
0.313077 0.00515459 0.0
0.311751 0.00393929 0.0
0.310251 0.00274768 0.0
0.308574 0.00157671 0.0
0.306714 0.000420495 0.0
0.304667 -0.000719993 0.0
0.302442 -0.00184546 0.0
0.300046 -0.00295235 0.0
0.297479 -0.00403835 0.0
0.294743 -0.00510549 0.0
0.291839 -0.00615357 0.0
0.288766 -0.00718223 0.0
0.285526 -0.00819238 0.0
0.28212 -0.00918452 0.0
0.278548 -0.0101592 0.0
0.274812 -0.0111178 0.0
0.270911 -0.0120618 0.0
0.266847 -0.0129935 0.0
0.26262 -0.0139159 0.0
0.25823 -0.0148331 0.0
0.253678 -0.0157504 0.0
0.248964 -0.0166745 0.0
0.244087 -0.0176142 0.0
0.239047 -0.0185805 0.0
0.233842 -0.0195873 0.0
0.228471 -0.0206525 0.0
0.22293 -0.0217986 0.0
0.217215 -0.0230546 0.0
0.21132 -0.0244573 0.0
0.205238 -0.0260543 0.0
0.198958 -0.0279063 0.0
0.192468 -0.0300923 0.0
0.185751 -0.0327143 0.0
0.178789 -0.0359054 0.0
0.171556 -0.0398395 0.0
0.164021 -0.0447451 0.0
0.156142 -0.0509226 0.0
0.147867 -0.0587671 0.0
0.139121 -0.0687969 0.0
0.129806 -0.0816849 0.0
0.119781 -0.0982928 0.0
0.108856 -0.119698 0.0
0.0967796 -0.147208 0.0
0.0832329 -0.182353 0.0
0.0678407 -0.226878 0.0
0.0501857 -0.282778 0.0
0.0297579 -0.352631 0.0
0.00502167 -0.441468 0.0
-0.022103 -0.551313 0.0
-0.0413119 -0.641515 0.0
-0.0399477 -0.613058 0.0
-0.0163717 -0.256212 0.0
-0.00155522 0.0047539 0.0
-0.00797458 0.0219159 0.0
-0.0185151 0.0335406 0.0
-0.0294713 0.0411884 0.0
-0.0391715 0.0467421 0.0
-0.0470083 0.0513751 0.0
-0.0528154 0.0557028 0.0
-0.0565964 0.0600176 0.0
-0.0584211 0.0644297 0.0
-0.0583894 0.068941 0.0
-0.056619 0.0734884 0.0
-0.0532428 0.0779749 0.0
-0.0484085 0.0822918 0.0
-0.0422744 0.0863387 0.0
-0.035004 0.0900289 0.0
-0.0267625 0.093293 0.0
-0.0177095 0.0960918 0.0
-0.00799047 0.0984105 0.0
0.00223252 0.100221 0.0
0.0127175 0.101373 0.0
0.0233642 0.101855 0.0
0.0342119 0.10184 0.0
0.0452164 0.101451 0.0
0.0563045 0.100755 0.0
0.0674067 0.0997951 0.0
0.0784637 0.0986058 0.0
0.0894268 0.0972154 0.0
0.100256 0.0956494 0.0
0.110917 0.0939314 0.0
0.121384 0.0920829 0.0
0.131633 0.0901235 0.0
0.141646 0.0880711 0.0
0.151407 0.0859422 0.0
0.160904 0.0837515 0.0
0.170127 0.0815124 0.0
0.179068 0.079237 0.0
0.187722 0.0769362 0.0
0.196084 0.0746197 0.0
0.204152 0.0722962 0.0
0.211925 0.0699737 0.0
0.219401 0.067659 0.0
0.226582 0.0653582 0.0
0.233469 0.0630767 0.0
0.240064 0.0608192 0.0
0.24637 0.0585897 0.0
0.252391 0.0563917 0.0
0.25813 0.0542282 0.0
0.263591 0.0521014 0.0
0.268778 0.0500134 0.0
0.273697 0.0479658 0.0
0.278352 0.0459596 0.0
0.282747 0.0439957 0.0
0.286887 0.0420746 0.0
0.290778 0.0401966 0.0
0.294425 0.0383615 0.0
0.297831 0.0365693 0.0
0.301002 0.0348194 0.0
0.303942 0.0331113 0.0
0.306656 0.0314444 0.0
0.309149 0.0298176 0.0
0.311424 0.0282303 0.0
0.313485 0.0266813 0.0
0.315337 0.0251697 0.0
0.316982 0.0236943 0.0
0.318426 0.0222541 0.0
0.31967 0.020848 0.0
0.320718 0.019475 0.0
0.321574 0.0181339 0.0
0.32224 0.0168238 0.0
0.322718 0.0155436 0.0
0.323012 0.0142925 0.0
0.323123 0.0130696 0.0
0.323055 0.0118741 0.0
0.322809 0.0107052 0.0
0.322388 0.00956229 0.0
0.321794 0.00844474 0.0
0.321028 0.00735197 0.0
0.320094 0.00628341 0.0
0.318992 0.00523843 0.0
0.317725 0.00421627 0.0
0.316293 0.00321584 0.0
0.314699 0.00223606 0.0
0.312938 0.00127231 0.0
0.311004 0.000321875 0.0
0.308894 -0.000613886 0.0
0.30662 -0.00153679 0.0
0.304193 -0.00244378 0.0
0.301615 -0.00333234 0.0
0.298886 -0.00420167 0.0
0.296007 -0.00505439 0.0
0.292981 -0.00589043 0.0
0.289809 -0.00670966 0.0
0.286492 -0.00751384 0.0
0.283031 -0.00830449 0.0
0.279428 -0.00908347 0.0
0.275683 -0.00985373 0.0
0.271796 -0.0106192 0.0
0.267769 -0.0113849 0.0
0.263601 -0.0121574 0.0
0.259291 -0.0129451 0.0
0.25484 -0.0137583 0.0
0.250245 -0.0146101 0.0
0.245504 -0.0155173 0.0
0.240613 -0.0165013 0.0
0.235565 -0.0175891 0.0
0.230353 -0.0188159 0.0
0.224966 -0.0202265 0.0
0.219391 -0.0218791 0.0
0.21361 -0.0238487 0.0
0.207602 -0.0262332 0.0
0.201337 -0.02916 0.0
0.194781 -0.0327959 0.0
0.187888 -0.0373598 0.0
0.180597 -0.0431391 0.0
0.172833 -0.0505105 0.0
0.164491 -0.059966 0.0
0.155432 -0.072142 0.0
0.145472 -0.0878504 0.0
0.134363 -0.108106 0.0
0.121786 -0.134146 0.0
0.107348 -0.167431 0.0
0.0905942 -0.209654 0.0
0.07103 -0.262782 0.0
0.0481306 -0.329299 0.0
0.0211472 -0.41308 0.0
-0.0103449 -0.521084 0.0
-0.0369747 -0.625906 0.0
-0.0417131 -0.625293 0.0
-0.018341 -0.290925 0.0
-0.00245894 0.00876805 0.0
-0.0115784 0.0334405 0.0
-0.0254131 0.0463913 0.0
-0.0388905 0.0527713 0.0
-0.0502487 0.0562175 0.0
-0.0590769 0.0585647 0.0
-0.0654094 0.0606529 0.0
-0.0694053 0.0628443 0.0
-0.0712452 0.0652678 0.0
-0.0711041 0.0679302 0.0
-0.0691477 0.0707725 0.0
-0.0655373 0.0737042 0.0
-0.0604347 0.0766257 0.0
-0.054006 0.079442 0.0
-0.046419 0.0820682 0.0
-0.0378408 0.0844341 0.0
-0.0284322 0.0864891 0.0
-0.0183385 0.0882004 0.0
-0.00768429 0.0895536 0.0
0.00336687 0.0905043 0.0
0.0146014 0.0908423 0.0
0.0259639 0.0906422 0.0
0.0374687 0.0901394 0.0
0.0490412 0.0894054 0.0
0.0606113 0.0884721 0.0
0.0721215 0.0873616 0.0
0.0835249 0.0860931 0.0
0.0947826 0.0846849 0.0
0.105862 0.0831544 0.0
0.116737 0.0815181 0.0
0.127385 0.0797912 0.0
0.137788 0.0779883 0.0
0.147929 0.0761223 0.0
0.157798 0.0742055 0.0
0.167385 0.072249 0.0
0.176681 0.0702626 0.0
0.185682 0.0682557 0.0
0.194384 0.0662362 0.0
0.202784 0.0642118 0.0
0.210881 0.0621889 0.0
0.218675 0.0601735 0.0
0.226167 0.0581708 0.0
0.233359 0.0561854 0.0
0.240253 0.0542213 0.0
0.246852 0.052282 0.0
0.25316 0.0503705 0.0
0.259182 0.0484893 0.0
0.26492 0.0466405 0.0
0.270381 0.0448259 0.0
0.275569 0.0430468 0.0
0.280489 0.0413042 0.0
0.285146 0.0395988 0.0
0.289545 0.0379312 0.0
0.293693 0.0363015 0.0
0.297593 0.0347098 0.0
0.301252 0.0331559 0.0
0.304674 0.0316395 0.0
0.307865 0.0301602 0.0
0.310829 0.0287172 0.0
0.313572 0.02731 0.0
0.316097 0.0259378 0.0
0.31841 0.0245997 0.0
0.320514 0.023295 0.0
0.322415 0.0220226 0.0
0.324115 0.0207817 0.0
0.32562 0.0195714 0.0
0.326933 0.0183907 0.0
0.328056 0.0172388 0.0
0.328995 0.0161147 0.0
0.329752 0.0150177 0.0
0.330329 0.0139468 0.0
0.330732 0.0129015 0.0
0.330961 0.011881 0.0
0.331021 0.0108845 0.0
0.330913 0.00991165 0.0
0.330641 0.0089617 0.0
0.330207 0.00803417 0.0
0.329615 0.00712853 0.0
0.328866 0.00624423 0.0
0.327963 0.00538071 0.0
0.326908 0.00453733 0.0
0.325703 0.0037135 0.0
0.324351 0.00290795 0.0
0.322852 0.00212004 0.0
0.321204 0.00134574 0.0
0.319399 0.000581722 0.0
0.317434 -0.000169758 0.0
0.315315 -0.000909439 0.0
0.313059 -0.00163887 0.0
0.310675 -0.00235446 0.0
0.308164 -0.00305421 0.0
0.305528 -0.00373722 0.0
0.302766 -0.00440744 0.0
0.299881 -0.00506554 0.0
0.296875 -0.00571246 0.0
0.293746 -0.00635134 0.0
0.290497 -0.00698572 0.0
0.287127 -0.00762058 0.0
0.283635 -0.00826221 0.0
0.280023 -0.00891834 0.0
0.276287 -0.00959857 0.0
0.272427 -0.010315 0.0
0.268439 -0.011083 0.0
0.264317 -0.0119222 0.0
0.260055 -0.0128577 0.0
0.255641 -0.0139219 0.0
0.251064 -0.0151566 0.0
0.246306 -0.0166159 0.0
0.241345 -0.0183701 0.0
0.236153 -0.0205108 0.0
0.230692 -0.0231575 0.0
0.224917 -0.026467 0.0
0.218766 -0.0306446 0.0
0.212161 -0.0359593 0.0
0.204999 -0.0427631 0.0
0.197141 -0.0515138 0.0
0.188407 -0.0628018 0.0
0.178556 -0.0773792 0.0
0.167275 -0.096187 0.0
0.154166 -0.120378 0.0
0.138742 -0.151337 0.0
0.120444 -0.190697 0.0
0.098679 -0.24041 0.0
0.0728788 -0.302972 0.0
0.0425365 -0.382082 0.0
0.00649446 -0.484548 0.0
-0.0281153 -0.601202 0.0
-0.0413895 -0.631984 0.0
-0.0198648 -0.329131 0.0
-0.00386443 0.0150914 0.0
-0.0166044 0.0489765 0.0
-0.0342349 0.0623206 0.0
-0.0502124 0.0662968 0.0
-0.0629456 0.0667833 0.0
-0.0723923 0.0662738 0.0
-0.0788764 0.0657604 0.0
-0.082752 0.0656082 0.0
-0.0843236 0.0659154 0.0
-0.0838413 0.0666591 0.0
-0.0815134 0.0677593 0.0
-0.0775205 0.069114 0.0
-0.0720321 0.0706249 0.0
-0.0652166 0.0721986 0.0
-0.0572424 0.0737504 0.0
-0.0482767 0.0752081 0.0
-0.0384804 0.0765102 0.0
-0.0279979 0.0776031 0.0
-0.0169435 0.0784423 0.0
-0.005409 0.0790299 0.0
0.00642989 0.0792432 0.0
0.0184148 0.0788939 0.0
0.0304842 0.0783134 0.0
0.0425735 0.0775696 0.0
0.0546281 0.0766833 0.0
0.0666008 0.0756674 0.0
0.0784509 0.0745337 0.0
0.0901433 0.0732942 0.0
0.101648 0.0719607 0.0
0.11294 0.0705452 0.0
0.123997 0.0690591 0.0
0.134802 0.0675132 0.0
0.14534 0.0659175 0.0
0.1556 0.0642817 0.0
0.165572 0.0626144 0.0
0.175249 0.0609236 0.0
0.184626 0.0592166 0.0
0.193699 0.0575002 0.0
0.202467 0.0557803 0.0
0.210928 0.0540623 0.0
0.219083 0.0523512 0.0
0.226933 0.0506512 0.0
0.23448 0.0489661 0.0
0.241727 0.0472994 0.0
0.248677 0.045654 0.0
0.255335 0.0440323 0.0
0.261705 0.0424365 0.0
0.267791 0.0408684 0.0
0.273599 0.0393294 0.0
0.279134 0.0378207 0.0
0.284401 0.0363433 0.0
0.289406 0.0348977 0.0
0.294154 0.0334843 0.0
0.298652 0.0321035 0.0
0.302904 0.0307551 0.0
0.306917 0.0294393 0.0
0.310695 0.0281555 0.0
0.314245 0.0269037 0.0
0.317571 0.0256831 0.0
0.32068 0.0244934 0.0
0.323575 0.0233338 0.0
0.326262 0.0222037 0.0
0.328746 0.0211024 0.0
0.331032 0.0200292 0.0
0.333123 0.0189833 0.0
0.335024 0.0179639 0.0
0.33674 0.0169702 0.0
0.338274 0.0160016 0.0
0.33963 0.0150573 0.0
0.340812 0.0141365 0.0
0.341823 0.0132386 0.0
0.342668 0.0123631 0.0
0.343349 0.0115091 0.0
0.343869 0.0106763 0.0
0.344233 0.00986402 0.0
0.344442 0.00907181 0.0
0.344501 0.00829917 0.0
0.344411 0.00754563 0.0
0.344177 0.00681073 0.0
0.3438 0.00609398 0.0
0.343284 0.00539491 0.0
0.342631 0.00471304 0.0
0.341844 0.0040478 0.0
0.340925 0.00339868 0.0
0.339876 0.00276456 0.0
0.338697 0.00214572 0.0
0.33739 0.0015389 0.0
0.33595 0.000940759 0.0
0.334368 0.000349436 0.0
0.332641 -0.000232273 0.0
0.330781 -0.000805691 0.0
0.328805 -0.00137315 0.0
0.326726 -0.00193064 0.0
0.324544 -0.00247613 0.0
0.322259 -0.00300961 0.0
0.319869 -0.00353597 0.0
0.317375 -0.00405757 0.0
0.314776 -0.00457961 0.0
0.312072 -0.00510818 0.0
0.309263 -0.0056504 0.0
0.306347 -0.00621487 0.0
0.30332 -0.00681239 0.0
0.30018 -0.00745669 0.0
0.296918 -0.00816536 0.0
0.293528 -0.00896105 0.0
0.289995 -0.00987301 0.0
0.286306 -0.0109391 0.0
0.282439 -0.0122085 0.0
0.278368 -0.0137454 0.0
0.274058 -0.0156332 0.0
0.269465 -0.0179813 0.0
0.26453 -0.020933 0.0
0.259177 -0.0246755 0.0
0.253308 -0.0294541 0.0
0.246791 -0.0355884 0.0
0.239453 -0.043493 0.0
0.231066 -0.0537013 0.0
0.221329 -0.0668923 0.0
0.209855 -0.0839185 0.0
0.196151 -0.105834 0.0
0.17962 -0.133926 0.0
0.159568 -0.169758 0.0
0.135252 -0.215268 0.0
0.105953 -0.273015 0.0
0.0710762 -0.34682 0.0
0.0302476 -0.442939 0.0
-0.0130496 -0.564904 0.0
-0.037778 -0.63028 0.0
-0.020571 -0.369567 0.0
-0.00607665 0.0250325 0.0
-0.023602 0.0693007 0.0
-0.0452269 0.081252 0.0
-0.0631734 0.0812895 0.0
-0.0764952 0.0778456 0.0
-0.0857628 0.0739258 0.0
-0.0916927 0.0705226 0.0
-0.0948657 0.0678946 0.0
-0.0957067 0.0660416 0.0
-0.0945259 0.0648699 0.0
-0.0915557 0.0642504 0.0
-0.0869754 0.0640496 0.0
-0.0809441 0.0641696 0.0
-0.0736226 0.064517 0.0
-0.0651705 0.0650056 0.0
-0.055748 0.0655647 0.0
-0.0455144 0.0661237 0.0
-0.0346135 0.0666063 0.0
-0.0231366 0.0669077 0.0
-0.0111498 0.0670432 0.0
0.0012867 0.0669545 0.0
0.0139537 0.0665307 0.0
0.0266235 0.0659375 0.0
0.0392546 0.0652249 0.0
0.0518165 0.0644114 0.0
0.064276 0.0635071 0.0
0.0766002 0.0625198 0.0
0.0887585 0.0614574 0.0
0.100724 0.0603276 0.0
0.112472 0.0591383 0.0
0.123984 0.0578973 0.0
0.135242 0.0566121 0.0
0.146232 0.05529 0.0
0.156944 0.0539379 0.0
0.167368 0.0525623 0.0
0.177497 0.0511691 0.0
0.187327 0.0497639 0.0
0.196855 0.0483518 0.0
0.206079 0.0469376 0.0
0.214997 0.0455253 0.0
0.223611 0.044119 0.0
0.231923 0.0427219 0.0
0.239934 0.0413372 0.0
0.247648 0.0399676 0.0
0.255068 0.0386153 0.0
0.262198 0.0372825 0.0
0.269044 0.0359709 0.0
0.27561 0.034682 0.0
0.281901 0.0334169 0.0
0.287923 0.0321766 0.0
0.293681 0.030962 0.0
0.299181 0.0297735 0.0
0.30443 0.0286116 0.0
0.309432 0.0274764 0.0
0.314194 0.0263681 0.0
0.318721 0.0252865 0.0
0.32302 0.0242315 0.0
0.327095 0.0232028 0.0
0.330952 0.0222001 0.0
0.334597 0.0212229 0.0
0.338035 0.0202709 0.0
0.341271 0.0193433 0.0
0.34431 0.0184398 0.0
0.347157 0.0175597 0.0
0.349816 0.0167024 0.0
0.352293 0.0158673 0.0
0.35459 0.0150537 0.0
0.356713 0.0142612 0.0
0.358666 0.013489 0.0
0.360452 0.0127367 0.0
0.362075 0.0120036 0.0
0.363539 0.0112893 0.0
0.364848 0.0105933 0.0
0.366005 0.00991498 0.0
0.367013 0.00925403 0.0
0.367875 0.00860998 0.0
0.368595 0.00798242 0.0
0.369176 0.00737095 0.0
0.369621 0.00677517 0.0
0.369932 0.00619469 0.0
0.370113 0.00562913 0.0
0.370167 0.00507811 0.0
0.370095 0.00454124 0.0
0.369902 0.00401815 0.0
0.369588 0.0035084 0.0
0.369156 0.0030118 0.0
0.368609 0.00252722 0.0
0.367947 0.00205419 0.0
0.367173 0.00159268 0.0
0.366285 0.00113896 0.0
0.365278 0.000689753 0.0
0.364143 0.000242376 0.0
0.362876 -0.000199631 0.0
0.361488 -0.00063787 0.0
0.36 -0.00107415 0.0
0.358423 -0.00150435 0.0
0.356755 -0.00192704 0.0
0.354993 -0.00234982 0.0
0.353138 -0.0027788 0.0
0.351188 -0.00322018 0.0
0.34914 -0.00368134 0.0
0.346992 -0.00417154 0.0
0.344738 -0.00470265 0.0
0.34237 -0.00528995 0.0
0.339877 -0.00595321 0.0
0.337247 -0.00671808 0.0
0.33446 -0.00761782 0.0
0.331492 -0.00869578 0.0
0.328314 -0.0100085 0.0
0.324883 -0.0116297 0.0
0.321148 -0.0136559 0.0
0.317038 -0.0162134 0.0
0.312463 -0.0194672 0.0
0.307302 -0.0236322 0.0
0.301397 -0.0289881 0.0
0.294538 -0.0358964 0.0
0.286448 -0.0448213 0.0
0.276766 -0.0563536 0.0
0.265023 -0.0712393 0.0
0.250625 -0.090412 0.0
0.232845 -0.115037 0.0
0.210828 -0.146579 0.0
0.183634 -0.186937 0.0
0.150327 -0.238739 0.0
0.110148 -0.30604 0.0
0.0628814 -0.395624 0.0
0.00993402 -0.515974 0.0
-0.0286364 -0.615911 0.0
-0.0198206 -0.409958 0.0
-0.00962183 0.040731 0.0
-0.0332889 0.0947945 0.0
-0.0581715 0.102266 0.0
-0.0763832 0.0964339 0.0
-0.0884576 0.0880975 0.0
-0.0958869 0.0803708 0.0
-0.099871 0.0739915 0.0
-0.101216 0.0689435 0.0
-0.100427 0.0650455 0.0
-0.0978375 0.0620951 0.0
-0.0936733 0.0598908 0.0
-0.0880759 0.0582316 0.0
-0.0811631 0.0570434 0.0
-0.0730736 0.0562322 0.0
-0.0639384 0.0557029 0.0
-0.0538917 0.0553982 0.0
-0.0430752 0.05524 0.0
-0.0316296 0.0551436 0.0
-0.0196094 0.0548733 0.0
-0.00700805 0.0544894 0.0
0.00603168 0.054032 0.0
0.0192446 0.0535733 0.0
0.0324644 0.0530055 0.0
0.0456405 0.0523498 0.0
0.0587403 0.0516249 0.0
0.0717329 0.0508415 0.0
0.0845883 0.0500058 0.0
0.0972784 0.0491229 0.0
0.109778 0.0481972 0.0
0.122065 0.0472332 0.0
0.13412 0.0462355 0.0
0.145927 0.0452086 0.0
0.157473 0.0441571 0.0
0.168747 0.0430854 0.0
0.179741 0.0419978 0.0
0.190446 0.0408983 0.0
0.20086 0.0397908 0.0
0.210978 0.038679 0.0
0.220799 0.0375661 0.0
0.230322 0.0364552 0.0
0.239548 0.0353491 0.0
0.248478 0.0342505 0.0
0.257114 0.0331615 0.0
0.265459 0.0320843 0.0
0.273517 0.0310205 0.0
0.281292 0.0299719 0.0
0.288788 0.0289398 0.0
0.29601 0.0279253 0.0
0.302963 0.0269294 0.0
0.309652 0.0259529 0.0
0.316083 0.0249963 0.0
0.322262 0.0240603 0.0
0.328193 0.023145 0.0
0.333883 0.0222507 0.0
0.339337 0.0213776 0.0
0.344562 0.0205255 0.0
0.349561 0.0196945 0.0
0.354341 0.0188842 0.0
0.358908 0.0180946 0.0
0.363266 0.0173252 0.0
0.367421 0.0165758 0.0
0.371378 0.0158459 0.0
0.375141 0.0151352 0.0
0.378715 0.0144432 0.0
0.382105 0.0137695 0.0
0.385315 0.0131136 0.0
0.38835 0.012475 0.0
0.391214 0.0118533 0.0
0.39391 0.011248 0.0
0.396443 0.0106587 0.0
0.398816 0.010085 0.0
0.401033 0.00952649 0.0
0.403098 0.0089827 0.0
0.405014 0.00845331 0.0
0.406783 0.00793794 0.0
0.408411 0.00743625 0.0
0.409899 0.00694792 0.0
0.411251 0.00647262 0.0
0.41247 0.00601004 0.0
0.413558 0.00555985 0.0
0.414519 0.00512177 0.0
0.415356 0.00469551 0.0
0.41607 0.00428078 0.0
0.416665 0.00387734 0.0
0.417143 0.0034849 0.0
0.417507 0.00310315 0.0
0.417758 0.0027316 0.0
0.4179 0.00236995 0.0
0.417934 0.00201787 0.0
0.417861 0.00167407 0.0
0.417684 0.00133814 0.0
0.417403 0.00101014 0.0
0.417017 0.000685649 0.0
0.416521 0.000360842 0.0
0.415903 3.33988e-05 0.0
0.415162 -0.000294149 0.0
0.414317 -0.000623886 0.0
0.41338 -0.000954794 0.0
0.412354 -0.00129158 0.0
0.411235 -0.0016389 0.0
0.410023 -0.00200261 0.0
0.408711 -0.00239029 0.0
0.407293 -0.0028118 0.0
0.40576 -0.00327994 0.0
0.404101 -0.0038113 0.0
0.402299 -0.00442745 0.0
0.400334 -0.00515642 0.0
0.398179 -0.00603474 0.0
0.395798 -0.00711003 0.0
0.393145 -0.00844448 0.0
0.390158 -0.0101192 0.0
0.386758 -0.0122401 0.0
0.382838 -0.0149451 0.0
0.378258 -0.0184133 0.0
0.372832 -0.0228765 0.0
0.366317 -0.0286334 0.0
0.358388 -0.0360664 0.0
0.348625 -0.0456632 0.0
0.336482 -0.058043 0.0
0.321263 -0.0739921 0.0
0.302105 -0.0945187 0.0
0.277969 -0.120943 0.0
0.247664 -0.155073 0.0
0.209933 -0.199564 0.0
0.163622 -0.258725 0.0
0.108091 -0.340141 0.0
0.0446702 -0.455089 0.0
-0.0109219 -0.582634 0.0
-0.016597 -0.446376 0.0
-0.0153859 0.0657387 0.0
-0.0462347 0.124303 0.0
-0.0709882 0.122394 0.0
-0.0851227 0.108652 0.0
-0.0919836 0.0948146 0.0
-0.0942162 0.0833157 0.0
-0.0934812 0.0742957 0.0
-0.0907211 0.0672239 0.0
-0.0864097 0.0616654 0.0
-0.0808191 0.0572946 0.0
-0.0741342 0.0538421 0.0
-0.0664202 0.0509688 0.0
-0.0577214 0.0486945 0.0
-0.0481432 0.0469135 0.0
-0.037754 0.0454972 0.0
-0.0266234 0.0444267 0.0
-0.0148141 0.0435857 0.0
-0.00232632 0.0428645 0.0
0.010669 0.042137 0.0
0.0239142 0.0413791 0.0
0.0373272 0.0406895 0.0
0.0509008 0.0401292 0.0
0.0645802 0.0395503 0.0
0.0782707 0.0389383 0.0
0.0919097 0.0382976 0.0
0.105454 0.0376322 0.0
0.118869 0.0369446 0.0
0.132126 0.0362363 0.0
0.145202 0.0355086 0.0
0.158074 0.0347627 0.0
0.170725 0.0340003 0.0
0.183138 0.0332233 0.0
0.195301 0.0324336 0.0
0.207202 0.0316334 0.0
0.218834 0.0308249 0.0
0.230189 0.0300104 0.0
0.241262 0.0291921 0.0
0.25205 0.0283721 0.0
0.262549 0.0275525 0.0
0.27276 0.0267352 0.0
0.282681 0.0259221 0.0
0.292314 0.0251149 0.0
0.30166 0.0243151 0.0
0.310721 0.0235241 0.0
0.3195 0.0227432 0.0
0.328001 0.0219735 0.0
0.336227 0.021216 0.0
0.344183 0.0204714 0.0
0.351873 0.0197406 0.0
0.359301 0.0190241 0.0
0.366473 0.0183223 0.0
0.373393 0.0176358 0.0
0.380066 0.0169646 0.0
0.386498 0.016309 0.0
0.392694 0.0156691 0.0
0.398659 0.0150449 0.0
0.404399 0.0144364 0.0
0.409917 0.0138435 0.0
0.41522 0.013266 0.0
0.420312 0.0127037 0.0
0.425198 0.0121564 0.0
0.429883 0.0116238 0.0
0.434371 0.0111057 0.0
0.438668 0.0106017 0.0
0.442778 0.0101115 0.0
0.446704 0.00963475 0.0
0.450452 0.00917119 0.0
0.454025 0.00872046 0.0
0.457427 0.00828221 0.0
0.460663 0.00785614 0.0
0.463736 0.00744191 0.0
0.466649 0.00703924 0.0
0.469406 0.00664781 0.0
0.472011 0.00626735 0.0
0.474468 0.00589758 0.0
0.476779 0.00553824 0.0
0.478947 0.00518907 0.0
0.480977 0.00484982 0.0
0.482871 0.00452026 0.0
0.484632 0.00420014 0.0
0.486263 0.00388925 0.0
0.487767 0.00358736 0.0
0.489148 0.0032943 0.0
0.490406 0.00300995 0.0
0.491547 0.00273411 0.0
0.49257 0.00246642 0.0
0.493481 0.00220655 0.0
0.49428 0.00195419 0.0
0.494971 0.00170903 0.0
0.495556 0.00147052 0.0
0.496036 0.00123837 0.0
0.496415 0.00101219 0.0
0.496694 0.00079045 0.0
0.496873 0.000572731 0.0
0.496954 0.000358619 0.0
0.496934 0.000141329 0.0
0.496807 -8.70315e-05 0.0
0.496575 -0.000322985 0.0
0.496244 -0.000565252 0.0
0.495813 -0.000815994 0.0
0.495279 -0.00107932 0.0
0.494639 -0.00136103 0.0
0.493884 -0.00166883 0.0
0.493007 -0.00201279 0.0
0.491994 -0.00240597 0.0
0.490828 -0.00286535 0.0
0.489488 -0.00341299 0.0
0.487943 -0.00407762 0.0
0.486153 -0.0048966 0.0
0.484067 -0.00591861 0.0
0.481615 -0.007207 0.0
0.478707 -0.00884408 0.0
0.475222 -0.0109366 0.0
0.471003 -0.0136223 0.0
0.46584 -0.0170788 0.0
0.459458 -0.0215334 0.0
0.451496 -0.0272766 0.0
0.441485 -0.0346787 0.0
0.428814 -0.044213 0.0
0.412701 -0.0564912 0.0
0.392161 -0.0723214 0.0
0.365971 -0.0928146 0.0
0.332665 -0.119592 0.0
0.290566 -0.155214 0.0
0.237922 -0.204121 0.0
0.173308 -0.274601 0.0
0.097082 -0.380981 0.0
0.0200062 -0.524074 0.0
-0.00814085 -0.471114 0.0
-0.0241704 0.105295 0.0
-0.0599803 0.151405 0.0
-0.0737243 0.133789 0.0
-0.0736193 0.111287 0.0
-0.0671932 0.0926149 0.0
-0.0578167 0.0783715 0.0
-0.0471703 0.0678584 0.0
-0.0360106 0.0597414 0.0
-0.024522 0.0533481 0.0
-0.0127442 0.0482436 0.0
-0.000626511 0.0440906 0.0
0.0117463 0.0406335 0.0
0.0242681 0.0378092 0.0
0.0369882 0.0355005 0.0
0.0499288 0.0335804 0.0
0.0631109 0.0320308 0.0
0.0765477 0.0307355 0.0
0.0901885 0.0295861 0.0
0.103989 0.0286199 0.0
0.117898 0.0277414 0.0
0.131853 0.0269595 0.0
0.145842 0.026297 0.0
0.159851 0.0256938 0.0
0.173835 0.0251205 0.0
0.187747 0.0245645 0.0
0.201549 0.0240195 0.0
0.21521 0.0234815 0.0
0.228704 0.0229475 0.0
0.242011 0.0224153 0.0
0.255111 0.0218833 0.0
0.26799 0.0213505 0.0
0.280634 0.0208163 0.0
0.293031 0.0202807 0.0
0.305172 0.0197437 0.0
0.317049 0.0192059 0.0
0.328656 0.0186679 0.0
0.339987 0.0181304 0.0
0.351039 0.0175943 0.0
0.361809 0.0170606 0.0
0.372295 0.0165301 0.0
0.382497 0.0160037 0.0
0.392416 0.0154824 0.0
0.40205 0.0149669 0.0
0.411404 0.014458 0.0
0.420477 0.0139564 0.0
0.429274 0.0134628 0.0
0.437796 0.0129777 0.0
0.446048 0.0125017 0.0
0.454034 0.0120351 0.0
0.461757 0.0115784 0.0
0.469222 0.0111317 0.0
0.476433 0.0106954 0.0
0.483395 0.0102695 0.0
0.490112 0.0098543 0.0
0.49659 0.00944971 0.0
0.502834 0.00905577 0.0
0.508848 0.00867246 0.0
0.514637 0.00829969 0.0
0.520207 0.00793735 0.0
0.525562 0.00758531 0.0
0.530708 0.00724341 0.0
0.535648 0.00691146 0.0
0.540388 0.00658927 0.0
0.544932 0.00627662 0.0
0.549286 0.00597329 0.0
0.553453 0.00567905 0.0
0.557439 0.00539369 0.0
0.561247 0.00511695 0.0
0.564882 0.00484861 0.0
0.568347 0.00458846 0.0
0.571648 0.00433625 0.0
0.574788 0.00409178 0.0
0.577771 0.00385484 0.0
0.580601 0.00362523 0.0
0.583281 0.00340275 0.0
0.585816 0.00318721 0.0
0.588209 0.00297843 0.0
0.590464 0.00277622 0.0
0.592584 0.00258043 0.0
0.594572 0.00239087 0.0
0.596432 0.00220738 0.0
0.598167 0.00202984 0.0
0.59978 0.00185812 0.0
0.601275 0.00169227 0.0
0.602655 0.00153222 0.0
0.603922 0.00137742 0.0
0.605079 0.00122763 0.0
0.60613 0.00108263 0.0
0.607078 0.000942208 0.0
0.607925 0.000806068 0.0
0.608673 0.000673932 0.0
0.609325 0.000545394 0.0
0.609884 0.000419677 0.0
0.610352 0.00029587 0.0
0.610735 0.000171992 0.0
0.611037 4.59291e-05 0.0
0.611256 -8.35436e-05 0.0
0.611381 -0.000219661 0.0
0.611405 -0.000361189 0.0
0.611325 -0.000509324 0.0
0.611139 -0.000666723 0.0
0.610844 -0.000837304 0.0
0.610432 -0.00102636 0.0
0.609895 -0.00124084 0.0
0.60922 -0.0014898 0.0
0.608389 -0.00178502 0.0
0.607378 -0.00214179 0.0
0.606154 -0.00257998 0.0
0.604675 -0.00312542 0.0
0.602883 -0.00381162 0.0
0.600703 -0.00468203 0.0
0.598035 -0.00579283 0.0
0.594748 -0.0072164 0.0
0.590671 -0.00904567 0.0
0.585578 -0.0113994 0.0
0.579176 -0.0144288 0.0
0.571082 -0.0183259 0.0
0.560799 -0.0233355 0.0
0.547687 -0.0297723 0.0
0.530918 -0.0380508 0.0
0.509435 -0.0487383 0.0
0.481888 -0.0626613 0.0
0.446571 -0.0811221 0.0
0.401355 -0.106368 0.0
0.343668 -0.142636 0.0
0.270634 -0.198439 0.0
0.179956 -0.290238 0.0
0.0761701 -0.433955 0.0
0.0111697 -0.468085 0.0
-0.0283207 0.157786 0.0
-0.0461323 0.152536 0.0
-0.0172994 0.117569 0.0
0.0192044 0.0908972 0.0
0.0536805 0.0721022 0.0
0.0844743 0.0587138 0.0
0.112167 0.0491768 0.0
0.13747 0.041961 0.0
0.160774 0.0363351 0.0
0.182405 0.0318484 0.0
0.202599 0.0281742 0.0
0.221575 0.0252009 0.0
0.239541 0.0227539 0.0
0.25665 0.0207268 0.0
0.273028 0.019035 0.0
0.288791 0.0176315 0.0
0.304037 0.016452 0.0
0.318828 0.0154383 0.0
0.333215 0.0145804 0.0
0.347246 0.0138399 0.0
0.360953 0.0131994 0.0
0.37437 0.0126512 0.0
0.387528 0.0121723 0.0
0.400442 0.0117437 0.0
0.413119 0.0113522 0.0
0.42556 0.0109889 0.0
0.437764 0.0106473 0.0
0.449729 0.0103227 0.0
0.461451 0.0100113 0.0
0.472927 0.00971034 0.0
0.484155 0.00941748 0.0
0.495129 0.00913109 0.0
0.505848 0.00884997 0.0
0.516308 0.00857325 0.0
0.526507 0.00830037 0.0
0.536442 0.008031 0.0
0.546114 0.00776499 0.0
0.555519 0.00750232 0.0
0.564659 0.00724306 0.0
0.573532 0.00698738 0.0
0.582141 0.00673548 0.0
0.590486 0.00648757 0.0
0.598569 0.0062439 0.0
0.606392 0.0060047 0.0
0.613958 0.00577021 0.0
0.62127 0.00554063 0.0
0.628331 0.00531616 0.0
0.635145 0.00509696 0.0
0.641716 0.00488317 0.0
0.648049 0.0046749 0.0
0.654147 0.00447223 0.0
0.660016 0.00427521 0.0
0.66566 0.00408388 0.0
0.671084 0.00389823 0.0
0.676293 0.00371824 0.0
0.681293 0.00354388 0.0
0.686088 0.00337508 0.0
0.690684 0.00321176 0.0
0.695086 0.00305382 0.0
0.699298 0.00290117 0.0
0.703327 0.00275369 0.0
0.707176 0.00261124 0.0
0.710852 0.00247371 0.0
0.714359 0.00234095 0.0
0.717701 0.00221283 0.0
0.720884 0.0020892 0.0
0.723912 0.00196993 0.0
0.72679 0.00185488 0.0
0.729522 0.00174391 0.0
0.732113 0.00163689 0.0
0.734566 0.00153369 0.0
0.736886 0.0014342 0.0
0.739078 0.00133828 0.0
0.741144 0.00124582 0.0
0.743089 0.00115672 0.0
0.744916 0.00107086 0.0
0.74663 0.000988147 0.0
0.748233 0.000908481 0.0
0.74973 0.000831766 0.0
0.751123 0.000757908 0.0
0.752417 0.000686819 0.0
0.753614 0.000618403 0.0
0.754717 0.000552534 0.0
0.755731 0.000488954 0.0
0.75666 0.000427475 0.0
0.757507 0.000368373 0.0
0.758274 0.000311647 0.0
0.758964 0.000257192 0.0
0.75958 0.000204857 0.0
0.760122 0.000154458 0.0
0.760593 0.000105784 0.0
0.760996 5.8535e-05 0.0
0.761331 1.22108e-05 0.0
0.761601 -3.40399e-05 0.0
0.761802 -8.20075e-05 0.0
0.761932 -0.000131939 0.0
0.761989 -0.000181698 0.0
0.761975 -0.00023235 0.0
0.761888 -0.000286079 0.0
0.761728 -0.000344107 0.0
0.761489 -0.000407893 0.0
0.761168 -0.000479462 0.0
0.760758 -0.000561565 0.0
0.760247 -0.000657849 0.0
0.759622 -0.000773091 0.0
0.758865 -0.000913516 0.0
0.75795 -0.00108722 0.0
0.756844 -0.0013047 0.0
0.755502 -0.00157959 0.0
0.753866 -0.00192953 0.0
0.751859 -0.00237726 0.0
0.749382 -0.00295208 0.0
0.746303 -0.00369145 0.0
0.742453 -0.00464311 0.0
0.737611 -0.00586756 0.0
0.731494 -0.00744118 0.0
0.723735 -0.00946035 0.0
0.713864 -0.0120475 0.0
0.701277 -0.0153613 0.0
0.6852 -0.0196154 0.0
0.664626 -0.025117 0.0
0.63824 -0.0323497 0.0
0.604281 -0.0421579 0.0
0.560335 -0.0561702 0.0
0.502966 -0.077778 0.0
0.427036 -0.114333 0.0
0.324648 -0.181276 0.0
0.187618 -0.302102 0.0
0.0547979 -0.402117 0.0
0.0930534 0.0930534 0.0
0.25712 0.0710132 0.0
0.377756 0.0496227 0.0
0.463737 0.0363586 0.0
0.527999 0.0279031 0.0
0.57801 0.022108 0.0
0.618109 0.0179908 0.0
0.651027 0.0149269 0.0
0.678522 0.0125688 0.0
0.701799 0.0107078 0.0
0.721713 0.00920648 0.0
0.738913 0.00799296 0.0
0.753907 0.00700136 0.0
0.767093 0.00618446 0.0
0.778784 0.00550716 0.0
0.789236 0.00494473 0.0
0.798655 0.00447401 0.0
0.807205 0.0040759 0.0
0.815021 0.00374 0.0
0.822215 0.00345459 0.0
0.828882 0.0032116 0.0
0.835098 0.00300505 0.0
0.840931 0.00282769 0.0
0.846432 0.00267309 0.0
0.851641 0.00253631 0.0
0.856591 0.00241369 0.0
0.861307 0.00230242 0.0
0.86581 0.00220031 0.0
0.870116 0.00210564 0.0
0.874239 0.002017 0.0
0.878189 0.00193331 0.0
0.881976 0.00185369 0.0
0.885607 0.00177747 0.0
0.889089 0.00170413 0.0
0.892426 0.00163326 0.0
0.895624 0.00156458 0.0
0.898686 0.00149789 0.0
0.901617 0.00143302 0.0
0.90442 0.00136989 0.0
0.907099 0.00130843 0.0
0.909656 0.00124861 0.0
0.912095 0.00119041 0.0
0.914419 0.00113384 0.0
0.916632 0.00107889 0.0
0.918736 0.00102559 0.0
0.920736 0.000973927 0.0
0.922633 0.000923927 0.0
0.924433 0.00087559 0.0
0.926137 0.000828919 0.0
0.92775 0.000783911 0.0
0.929275 0.000740556 0.0
0.930714 0.000698839 0.0
0.932072 0.000658742 0.0
0.933351 0.000620239 0.0
0.934554 0.0005833 0.0
0.935685 0.000547891 0.0
0.936747 0.000513974 0.0
0.937743 0.000481508 0.0
0.938675 0.00045045 0.0
0.939546 0.000420754 0.0
0.940359 0.000392372 0.0
0.941117 0.000365258 0.0
0.941821 0.000339361 0.0
0.942475 0.000314634 0.0
0.943081 0.000291029 0.0
0.94364 0.000268498 0.0
0.944156 0.000246996 0.0
0.944629 0.000226479 0.0
0.945063 0.000206902 0.0
0.945458 0.000188226 0.0
0.945817 0.00017041 0.0
0.94614 0.000153419 0.0
0.946431 0.000137216 0.0
0.94669 0.000121769 0.0
0.946919 0.000107045 0.0
0.947119 9.30144e-05 0.0
0.947292 7.96493e-05 0.0
0.947438 6.69221e-05 0.0
0.94756 5.48067e-05 0.0
0.947658 4.3278e-05 0.0
0.947734 3.23099e-05 0.0
0.947788 2.18665e-05 0.0
0.947821 1.18568e-05 0.0
0.947835 1.95815e-06 0.0
0.947829 -8.02189e-06 0.0
0.947804 -1.74596e-05 0.0
0.94776 -2.62606e-05 0.0
0.947699 -3.44628e-05 0.0
0.947623 -4.21382e-05 0.0
0.947531 -4.9369e-05 0.0
0.947426 -5.62473e-05 0.0
0.947306 -6.28907e-05 0.0
0.947174 -6.94588e-05 0.0
0.947029 -7.61035e-05 0.0
0.94687 -8.26486e-05 0.0
0.946698 -8.92321e-05 0.0
0.946512 -9.61619e-05 0.0
0.946313 -0.000103699 0.0
0.946097 -0.000112337 0.0
0.945862 -0.000122437 0.0
0.945605 -0.000134401 0.0
0.945322 -0.000148775 0.0
0.945007 -0.000166308 0.0
0.944652 -0.000188 0.0
0.944249 -0.000215168 0.0
0.943785 -0.000249532 0.0
0.943242 -0.000293331 0.0
0.942599 -0.000349465 0.0
0.941828 -0.000421693 0.0
0.940891 -0.000514865 0.0
0.939741 -0.00063522 0.0
0.938315 -0.00079074 0.0
0.936533 -0.000991585 0.0
0.934291 -0.0012506 0.0
0.931456 -0.00158393 0.0
0.92786 -0.00201177 0.0
0.923289 -0.00255944 0.0
0.917471 -0.003259 0.0
0.910059 -0.00415229 0.0
0.90061 -0.00529729 0.0
0.88853 -0.00678218 0.0
0.87299 -0.00875803 0.0
0.852716 -0.0115164 0.0
0.825525 -0.0156746 0.0
0.787235 -0.0226149 0.0
0.729144 -0.0354759 0.0
0.632534 -0.0611345 0.0
0.459359 -0.11204 0.0
0.17366 -0.17366 0.0
SCALARS pressure double 1
LOOKUP_TABLE default
0
9.1959e-06
2.66377e-05
4.4378e-05
5.60864e-05
5.75461e-05
4.6397e-05
2.18685e-05
-1.55001e-05
-6.41881e-05
-0.000122058
-0.000186714
-0.00025582
-0.000327346
-0.000399726
-0.000471944
-0.000543546
-0.000614596
-0.000685582
-0.00075745
-0.000831435
-0.000908978
-0.000991611
-0.00108088
-0.00117826
-0.00128509
-0.00140254
-0.00153163
-0.00167321
-0.00182804
-0.00199678
-0.00218005
-0.00237848
-0.0025927
-0.0028231
-0.00307039
-0.00333472
-0.003616
-0.00391467
-0.00423017
-0.00456188
-0.00490899
-0.00527045
-0.00564488
-0.00603052
-0.00642532
-0.00682689
-0.0072325
-0.00763912
-0.0080434
-0.0084417
-0.00883013
-0.00920456
-0.00956066
-0.00989395
-0.0101998
-0.0104736
-0.0107106
-0.010906
-0.0110554
-0.011154
-0.0111976
-0.011182
-0.0111031
-0.0109574
-0.0107414
-0.0104523
-0.0100874
-0.00964479
-0.00912278
-0.00852048
-0.00783761
-0.00707466
-0.006233
-0.00531502
-0.00432429
-0.00326579
-0.00214611
-0.000974825
0.000242547
0.00149516
0.00277445
0.00406968
0.00536866
0.00665796
0.00792309
0.0091486
0.0103183
0.0114155
0.0124232
0.0133248
0.0141041
0.0147458
0.0152363
0.015564
0.0157197
0.0156972
0.0154941
0.0151189
0.0145946
0.0139381
0.0131659
0.0123016
0.0113738
0.0104133
0.00945149
0.00851836
0.00764065
0.00684178
0.00613697
0.00553337
0.00503155
0.0046271
0.0043119
0.0040755
0.00390623
0.00379225
0.00372225
0.00368609
0.00367506
0.00368204
0.00370162
0.00372997
0.00376469
0.00380426
0.0038471
0.00388984
0.00392507
0.00394068
-8.28877e-06
3.61953e-07
1.3152e-05
2.51116e-05
3.18006e-05
2.98436e-05
1.71257e-05
-7.2064e-06
-4.28799e-05
-8.87363e-05
-0.000143034
-0.000203759
-0.000268915
-0.000336739
-0.000405861
-0.00047538
-0.000544887
-0.00061444
-0.000684415
-0.000755656
-0.000829285
-0.000906585
-0.000988928
-0.00107771
-0.00117427
-0.00127985
-0.00139557
-0.0015224
-0.00166121
-0.00181274
-0.00197776
-0.00215689
-0.00235081
-0.0025602
-0.00278534
-0.00302727
-0.003286
-0.00356108
-0.00385392
-0.00416338
-0.00448894
-0.00482989
-0.00518525
-0.00555369
-0.00593354
-0.00632281
-0.00671919
-0.00712
-0.00752228
-0.00792273
-0.00831775
-0.0087035
-0.00907588
-0.0094306
-0.00976319
-0.0100691
-0.0103436
-0.010582
-0.0107796
-0.0109317
-0.0110339
-0.0110818
-0.011071
-0.0109978
-0.0108583
-0.0106492
-0.0103676
-0.0100109
-0.00957695
-0.00906427
-0.00847186
-0.00779942
-0.00704739
-0.00621707
-0.00531074
-0.00433178
-0.00328495
-0.00217503
-0.00101781
0.000180767
0.00141649
0.00267889
0.00395692
0.00523842
0.00651009
0.00775758
0.00896559
0.0101181
0.0111987
0.0121906
0.0130774
0.013843
0.0144727
0.0149531
0.0152728
0.0154231
0.0153984
0.0151967
0.0148198
0.0143113
0.0136776
0.0129298
0.0120927
0.0111949
0.0102667
0.00933895
0.00844149
0.00759885
0.00682981
0.00615389
0.00557608
0.00509593
0.0047085
0.00440555
0.00417672
0.00401075
0.00389637
0.00382302
0.00378127
0.00376314
0.00376212
0.00377319
0.00379273
0.00381825
0.003848
0.0038803
0.00391254
0.00394017
0.00395629
-2.5516e-05
-1.26548e-05
2.58038e-07
1.04751e-05
1.49822e-05
1.11847e-05
-2.67287e-06
-2.73279e-05
-6.25248e-05
-0.000107194
-0.000159722
-0.000218243
-0.000280909
-0.000346101
-0.000412577
-0.000479542
-0.000546667
-0.000614043
-0.000682027
-0.000751476
-0.000823434
-0.000899101
-0.000979768
-0.00106674
-0.00116127
-0.00126454
-0.00137759
-0.00150136
-0.00163671
-0.00178433
-0.00194512
-0.00211955
-0.00230844
-0.00251292
-0.00273202
-0.00296878
-0.00322239
-0.00349263
-0.00378006
-0.00408441
-0.00440525
-0.00474191
-0.00509343
-0.00545857
-0.00583574
-0.006223
-0.00661809
-0.00701838
-0.00742093
-0.00782244
-0.00821935
-0.00860778
-0.00898362
-0.00934255
-0.00968008
-0.00999155
-0.0102723
-0.0105175
-0.0107224
-0.0108824
-0.0109928
-0.0110493
-0.0110475
-0.0109835
-0.0108535
-0.0106541
-0.0103824
-0.0100357
-0.00961195
-0.00910951
-0.00852736
-0.00786513
-0.00712313
-0.00630246
-0.00540513
-0.00443407
-0.0033953
-0.00230861
-0.00116764
1.89539e-05
0.00124256
0.00249319
0.00375981
0.00503025
0.00629126
0.00752856
0.00872695
0.00987051
0.0109429
0.0119274
0.0128077
0.0135678
0.0141931
0.0146701
0.0149878
0.0151376
0.0151145
0.0149175
0.014551
0.0140258
0.0134055
0.0126745
0.0118528
0.0109709
0.0100582
0.00914655
0.00826681
0.00744617
0.00670475
0.00605411
0.00550308
0.00504962
0.00468756
0.00440754
0.00419837
0.00404821
0.00394558
0.00388004
0.00384252
0.0038255
0.00382304
0.00383064
0.00384509
0.00386429
0.00388697
0.0039123
0.00393936
0.00396669
0.00399202
-4.42611e-05
-2.5911e-05
-1.06136e-05
5.90459e-08
3.96637e-06
-8.97573e-07
-1.59082e-05
-4.15516e-05
-7.73987e-05
-0.00012226
-0.000174446
-0.000232062
-0.000293274
-0.000356514
-0.000420621
-0.000484902
-0.000549154
-0.000613461
-0.000678433
-0.000744896
-0.000813897
-0.000886632
-0.00096437
-0.00104838
-0.00113987
-0.00123994
-0.0013496
-0.00146964
-0.00160111
-0.0017442
-0.00190072
-0.00207012
-0.00225353
-0.00245387
-0.00266923
-0.00290134
-0.00315061
-0.00341729
-0.00370164
-0.00400362
-0.00432293
-0.00465898
-0.00501089
-0.00537747
-0.00575716
-0.00614805
-0.00654787
-0.00695399
-0.0073634
-0.00777278
-0.00817845
-0.00857648
-0.00896265
-0.00933253
-0.00968153
-0.0100049
-0.0102978
-0.0105555
-0.010773
-0.0109456
-0.0110687
-0.0111377
-0.0111483
-0.0110965
-0.0109786
-0.0107912
-0.0105312
-0.010196
-0.00978352
-0.00929209
-0.00872065
-0.00806869
-0.00733635
-0.00652441
-0.0056344
-0.00467588
-0.00366436
-0.00259022
-0.00146127
-0.000285836
0.000927191
0.00216786
0.00342515
0.00468695
0.00594006
0.00717028
0.00836252
0.00950095
0.0105693
0.0115509
0.0124296
0.0131894
0.0138155
0.0142947
0.0146158
0.0147705
0.0147541
0.0145664
0.0142128
0.013706
0.0130672
0.0123414
0.0115349
0.0106678
0.00976528
0.00886213
0.00799082
0.00717968
0.00645294
0.00582634
0.00530357
0.004881
0.00455147
0.00430401
0.00412578
0.00400361
0.00392505
0.00387911
0.00385659
0.00385017
0.0038543
0.00386501
0.0038797
0.00389694
0.00391633
0.00393829
0.00396387
0.00399452
0.00403212
-6.00694e-05
-3.65439e-05
-1.81781e-05
-6.17834e-06
-2.29227e-06
-8.14312e-06
-2.47408e-05
-5.22234e-05
-8.98381e-05
-0.00013611
-0.000189123
-0.000246823
-0.000307292
-0.000368953
-0.0004307
-0.000491946
-0.00055263
-0.000613017
-0.000673914
-0.00073621
-0.000801027
-0.000869624
-0.000943316
-0.00102336
-0.00111098
-0.00120715
-0.00131297
-0.0014287
-0.00155662
-0.00169416
-0.00184728
-0.00201344
-0.0021939
-0.0023903
-0.00260307
-0.00283317
-0.00308133
-0.00334802
-0.0036336
-0.00393813
-0.00426142
-0.00460294
-0.00496185
-0.00533692
-0.00572659
-0.00612887
-0.0065414
-0.00696141
-0.00738576
-0.00781096
-0.00823319
-0.00864832
-0.00905196
-0.00943952
-0.00980624
-0.0101472
-0.0104576
-0.0107322
-0.0109664
-0.0111551
-0.0112938
-0.0113778
-0.0114029
-0.011365
-0.0112605
-0.0110859
-0.0108384
-0.0105152
-0.0101144
-0.00963431
-0.00907382
-0.00843236
-0.00770987
-0.00690661
-0.00603224
-0.00510028
-0.0041005
-0.00303867
-0.0019218
-0.000757856
0.000444319
0.00167486
0.00292284
0.00417628
0.0054221
0.00664626
0.00783381
0.00896908
0.0100359
0.0110178
0.0118986
0.0126624
0.0132944
0.0137814
0.0141122
0.0142787
0.0142762
0.0141047
0.0137698
0.0132839
0.0126661
0.0119416
0.0111232
0.0102831
0.00939284
0.00849903
0.00763493
0.00682894
0.00610792
0.00549057
0.00499302
0.00460169
0.00430769
0.00409813
0.00395821
0.00387284
0.00382803
0.00381167
0.00381393
0.00382727
0.00384627
0.00386735
0.00388849
0.00390903
0.0039295
0.00395161
0.00397818
0.00401323
0.00406205
-7.06706e-05
-4.2731e-05
-2.14393e-05
-8.09312e-06
-4.3663e-06
-1.165e-05
-3.05986e-05
-6.09218e-05
-0.00010142
-0.000150204
-0.000205013
-0.000263543
-0.000323732
-0.00038396
-0.000443168
-0.000500894
-0.000557274
-0.000612965
-0.000668798
-0.000725838
-0.000785368
-0.000848779
-0.000917513
-0.000992796
-0.00107603
-0.00116771
-0.00127008
-0.00138004
-0.001506
-0.001642
-0.00179175
-0.0019558
-0.00213521
-0.00233132
-0.00254517
-0.0027778
-0.00303009
-0.00330271
-0.00359609
-0.00391036
-0.00424534
-0.0046005
-0.00497491
-0.00536724
-0.00577575
-0.00619829
-0.00663225
-0.00707465
-0.00752209
-0.00797083
-0.00841679
-0.00885561
-0.00928268
-0.0096932
-0.0100822
-0.0104448
-0.0107758
-0.0110701
-0.011323
-0.0115294
-0.0116847
-0.0117844
-0.0118243
-0.0118005
-0.0117093
-0.0115475
-0.0113122
-0.011001
-0.0106119
-0.0101433
-0.00959424
-0.00896405
-0.00825277
-0.00746377
-0.00661645
-0.00569715
-0.0047105
-0.00366205
-0.00255843
-0.00140732
-0.000217351
0.0010018
0.00223942
0.00348372
0.00472186
0.00594003
0.00712353
0.00825692
0.00932421
0.0103092
0.0111957
0.011968
0.0126115
0.0131127
0.0134607
0.0136472
0.0136675
0.0135214
0.0132142
0.0127568
0.0121663
0.0114641
0.0106732
0.00982884
0.00895596
0.00808032
0.00722978
0.00643057
0.00571478
0.00510123
0.00460813
0.00424507
0.00398472
0.00381286
0.00371288
0.00366769
0.00366142
0.00368049
0.00371403
0.00375388
0.00379443
0.00383222
0.00386561
0.00389451
0.00392026
0.00394559
0.00397475
0.00401375
0.00407051
-7.48872e-05
-4.32682e-05
-1.95669e-05
-5.3621e-06
-2.41147e-06
-1.19447e-05
-3.4242e-05
-6.85049e-05
-0.000112981
-0.000165264
-0.000222663
-0.000282566
-0.000342736
-0.000401502
-0.00045787
-0.000511545
-0.00056313
-0.000613391
-0.000663299
-0.000714177
-0.000767557
-0.000824965
-0.000888215
-0.000958085
-0.00103726
-0.00112317
-0.00122377
-0.00133326
-0.00145578
-0.00159116
-0.00174094
-0.00190641
-0.00208893
-0.00228992
-0.0025107
-0.00275245
-0.00301618
-0.00330262
-0.00361222
-0.00394507
-0.00430088
-0.00467897
-0.00507819
-0.00549698
-0.00593329
-0.00638465
-0.00684815
-0.00732045
-0.00779783
-0.00827624
-0.00875132
-0.00921843
-0.00967276
-0.0101093
-0.0105231
-0.0109089
-0.0112616
-0.0115763
-0.011848
-0.0120718
-0.0122433
-0.0123581
-0.0124121
-0.0124015
-0.012323
-0.0121733
-0.01195
-0.0116507
-0.0112735
-0.0108171
-0.0102805
-0.00966308
-0.00896469
-0.00820477
-0.00737113
-0.00646644
-0.00549489
-0.00446177
-0.00337341
-0.00223717
-0.00106141
0.00014449
0.00137011
0.00260398
0.00383359
0.00504545
0.00622521
0.00735773
0.00842737
0.00941816
0.0103142
0.0110999
0.0117606
0.0122833
0.0126567
0.0128725
0.0129257
0.0128159
0.0125473
0.0121297
0.011578
0.0109122
0.0101557
0.00933763
0.00848649
0.00762811
0.00680418
0.00601662
0.00531222
0.00470356
0.0042098
0.00385506
0.00362248
0.00348314
0.00341936
0.00341214
0.00344374
0.00349901
0.00356583
0.00363519
0.00370095
0.00375946
0.00380915
0.00385023
0.00388449
0.00391533
0.00394795
0.0039897
0.0040502
-7.18574e-05
-3.71516e-05
-1.17103e-05
2.57354e-06
3.82196e-06
-9.02657e-06
-3.58218e-05
-7.51686e-05
-0.000124668
-0.000181311
-0.000241925
-0.000303562
-0.000363801
-0.00042094
-0.000474069
-0.000523337
-0.000569825
-0.000614071
-0.000657417
-0.000701518
-0.000748303
-0.00079908
-0.000857329
-0.000920448
-0.000997714
-0.0010829
-0.00118032
-0.0012898
-0.00141297
-0.00155097
-0.00170529
-0.00187751
-0.00206923
-0.00228202
-0.00251735
-0.00277647
-0.0030604
-0.00336981
-0.00370501
-0.00406592
-0.004452
-0.00486223
-0.00529514
-0.00574877
-0.00622068
-0.006708
-0.00720739
-0.00771515
-0.00822722
-0.00873921
-0.00924649
-0.00974421
-0.0102274
-0.010691
-0.0111298
-0.0115387
-0.0119127
-0.0122468
-0.0125362
-0.0127764
-0.0129628
-0.0130914
-0.0131584
-0.0131601
-0.0130935
-0.0129557
-0.0127443
-0.0124572
-0.0120928
-0.0116499
-0.0111277
-0.0105257
-0.00985144
-0.00910921
-0.00829251
-0.00740505
-0.0064511
-0.00543578
-0.00436514
-0.00324621
-0.00208699
-0.000896508
0.000315214
0.00153711
0.00275709
0.00396211
0.00513825
0.00627082
0.00734456
0.00834389
0.00925318
0.0100572
0.0107414
0.0112929
0.0117003
0.0119551
0.0120521
0.01199
0.0117722
0.0114071
0.0109079
0.0102928
0.00958407
0.00880804
0.00799289
0.00716849
0.0063703
0.00560636
0.00493071
0.00432981
0.00384503
0.00348114
0.00326211
0.00314654
0.00311139
0.00313559
0.00319976
0.00328733
0.00338497
0.00348274
0.00357379
0.00365402
0.00372163
0.00377674
0.00382126
0.00385884
0.00389511
0.00393807
0.00399811
-6.0587e-05
-2.32806e-05
3.15937e-06
1.65687e-05
1.49928e-05
-2.3933e-06
-3.49167e-05
-8.04868e-05
-0.00013597
-0.000197699
-0.000261984
-0.000325541
-0.000385794
-0.000441043
-0.000490577
-0.00053572
-0.000576616
-0.000614457
-0.000650937
-0.000687974
-0.000728715
-0.000771362
-0.000827019
-0.000889017
-0.000962589
-0.00104764
-0.00114586
-0.00125841
-0.0013868
-0.00153261
-0.00169756
-0.00188343
-0.00209196
-0.00232483
-0.00258348
-0.00286913
-0.00318262
-0.00352442
-0.00389455
-0.00429257
-0.00471754
-0.00516802
-0.00564206
-0.00613723
-0.00665063
-0.00717893
-0.0077184
-0.00826494
-0.00881416
-0.00936143
-0.00990189
-0.0104306
-0.0109424
-0.0114322
-0.0118951
-0.0123258
-0.0127196
-0.0130716
-0.0133772
-0.0136321
-0.0138322
-0.0139736
-0.0140526
-0.0140662
-0.0140113
-0.0138854
-0.0136864
-0.0134125
-0.0130623
-0.0126348
-0.0121297
-0.0115464
-0.0108972
-0.0101728
-0.00937521
-0.00850753
-0.00757383
-0.00657896
-0.00552867
-0.00442963
-0.00328944
-0.00211667
-0.000920887
0.000287338
0.00149645
0.00269393
0.00386639
0.00499969
0.00607907
0.00708943
0.00801557
0.00884258
0.00955624
0.0101436
0.0105934
0.0108968
0.0110483
0.0110457
0.0108913
0.0105921
0.0101596
0.00961023
0.00896448
0.00824676
0.00748413
0.00670563
0.00594141
0.00521712
0.00457037
0.00399619
0.00352899
0.00316598
0.00293407
0.00283599
0.00282027
0.00286674
0.00295505
0.00306755
0.00319
0.00331158
0.00342473
0.00352472
0.00360925
0.00367812
0.00373298
0.00377734
0.00381679
0.00385933
0.00391529
-3.97288e-05
-2.84914e-07
2.63511e-05
3.78181e-05
3.21755e-05
8.94723e-06
-3.05517e-05
-8.34292e-05
-0.000145741
-0.000213122
-0.000281366
-0.000346878
-0.000406961
-0.000459913
-0.000506184
-0.000547078
-0.000582247
-0.000613691
-0.000643597
-0.000672995
-0.00070893
-0.000750183
-0.000801399
-0.000862919
-0.000936928
-0.00102483
-0.00112826
-0.00124884
-0.00138835
-0.00154865
-0.00173163
-0.00193919
-0.00217312
-0.002435
-0.00272614
-0.00304751
-0.00339964
-0.00378262
-0.00419603
-0.00463894
-0.00510991
-0.00560695
-0.00612761
-0.00666894
-0.00722756
-0.00779971
-0.00838126
-0.00896783
-0.00955475
-0.0101372
-0.0107102
-0.0112688
-0.0118079
-0.0123225
-0.0128076
-0.0132584
-0.0136702
-0.0140384
-0.0143587
-0.0146272
-0.0148398
-0.0149931
-0.0150839
-0.015109
-0.0150661
-0.0149527
-0.0147671
-0.0145076
-0.0141733
-0.0137634
-0.0132781
-0.0127184
-0.0120903
-0.0113868
-0.0106108
-0.00976549
-0.00885464
-0.00788286
-0.00685555
-0.00577899
-0.00466031
-0.00350759
-0.00232986
-0.00113712
5.96944e-05
0.00124869
0.00241713
0.0035515
0.00463766
0.0056611
0.00660712
0.00746125
0.00820959
0.00883932
0.00933923
0.0097003
0.0099163
0.00998442
0.00990575
0.00968569
0.00933412
0.00886545
0.0082983
0.00765512
0.00696134
0.00624452
0.00553312
0.0048547
0.00423699
0.00369762
0.00326449
0.00292312
0.00268024
0.00257927
0.00257118
0.00262956
0.00273194
0.00286005
0.00299899
0.00313733
0.00326687
0.00338223
0.00348051
0.00356094
0.00362466
0.00367472
0.00371629
0.00375687
0.00380601
-7.50119e-06
3.35543e-05
5.95064e-05
6.788e-05
5.68653e-05
2.64751e-05
-2.11995e-05
-8.23605e-05
-0.000152194
-0.000225621
-0.000297942
-0.000365306
-0.000425001
-0.000475751
-0.00051963
-0.00055584
-0.000585135
-0.000610634
-0.000634293
-0.000660538
-0.000692797
-0.000733094
-0.000784225
-0.000848141
-0.000926907
-0.00102246
-0.00113674
-0.00127173
-0.00142946
-0.00161196
-0.00182123
-0.00205911
-0.00232727
-0.00262705
-0.00295945
-0.00332504
-0.00372387
-0.00415552
-0.00461901
-0.00511285
-0.00563499
-0.00618292
-0.00675361
-0.00734365
-0.00794921
-0.00856615
-0.00919006
-0.00981629
-0.01044
-0.0110564
-0.0116604
-0.0122471
-0.0128116
-0.0133489
-0.0138543
-0.0143233
-0.0147514
-0.0151344
-0.0154683
-0.0157492
-0.0159738
-0.0161387
-0.0162409
-0.016278
-0.0162474
-0.0161474
-0.0159761
-0.0157325
-0.0154156
-0.0150251
-0.014561
-0.014028
-0.0134209
-0.0127401
-0.011988
-0.0111673
-0.0102817
-0.00933551
-0.0083337
-0.00728211
-0.0061874
-0.00505708
-0.0038996
-0.00272428
-0.00154139
-0.000362109
0.000801563
0.00193685
0.00303034
0.00406819
0.00503633
0.00592081
0.00670813
0.00738571
0.00794235
0.00836882
0.00865839
0.00880739
0.00881573
0.00868727
0.0084301
0.00805659
0.00758326
0.00703042
0.00642152
0.00578231
0.00513974
0.00452052
0.00395003
0.00344933
0.00303724
0.00272071
0.00251344
0.00239269
0.0023803
0.00244119
0.00254722
0.00268095
0.00282708
0.00297384
0.00311256
0.00323732
0.00334458
0.0034329
0.00350278
0.00355658
0.00359877
0.003636
0.0036766
3.83101e-05
8.0318e-05
0.00010461
0.000108681
9.09806e-05
5.21606e-05
-4.77572e-06
-7.50334e-05
-0.000152891
-0.000232568
-0.000308916
-0.000377872
-0.000436561
-0.000486435
-0.000527445
-0.000559996
-0.000583168
-0.000603888
-0.00062477
-0.000649691
-0.000681897
-0.000724291
-0.000779706
-0.000850695
-0.000939685
-0.00104901
-0.00118096
-0.00133777
-0.00152163
-0.00173463
-0.00197869
-0.00225547
-0.00256633
-0.00291224
-0.0032937
-0.00371075
-0.00416288
-0.00464902
-0.00516759
-0.00571647
-0.00629304
-0.00689422
-0.0075165
-0.00815602
-0.00880861
-0.00946982
-0.010135
-0.0107995
-0.0114583
-0.0121066
-0.0127395
-0.0133522
-0.0139398
-0.0144979
-0.0150218
-0.0155073
-0.0159503
-0.0163468
-0.0166932
-0.016986
-0.0172219
-0.0173982
-0.0175121
-0.0175612
-0.0175436
-0.0174576
-0.0173017
-0.017075
-0.016777
-0.0164076
-0.0159671
-0.015458
-0.0148745
-0.0142184
-0.013492
-0.0126981
-0.01184
-0.0109217
-0.00994768
-0.00892344
-0.00785507
-0.00674949
-0.00561449
-0.00445869
-0.00329162
-0.00212363
-0.000965937
0.000169522
0.00127015
0.00232289
0.00331438
0.00423129
0.00506062
0.00579009
0.00640861
0.00690677
0.00727736
0.0075159
0.0076211
0.00759531
0.00744475
0.00717968
0.00681435
0.00636673
0.00585799
0.00531174
0.00475305
0.00420714
0.00369799
0.00324664
0.00287023
0.00257956
0.00238119
0.00226946
0.00225371
0.00231267
0.00241126
0.00254108
0.00268515
0.00283174
0.00297191
0.00309932
0.0032099
0.00330157
0.00337408
0.00342908
0.00347016
0.00350291
0.00353423
0.000100297
0.000142416
0.00016397
0.000162503
0.000136853
8.84596e-05
2.13593e-05
-5.85887e-05
-0.000144749
-0.000230684
-0.000310871
-0.000381228
-0.000439901
-0.000490208
-0.000526313
-0.000554595
-0.000574998
-0.000594215
-0.00061544
-0.000642423
-0.000678766
-0.000727863
-0.000792921
-0.000876937
-0.000982734
-0.00111299
-0.00127024
-0.00145688
-0.00167513
-0.00192695
-0.00221405
-0.00253773
-0.00289892
-0.00329805
-0.00373504
-0.00420928
-0.00471959
-0.00526428
-0.00584112
-0.00644737
-0.00707986
-0.00773501
-0.00840889
-0.0090973
-0.00979577
-0.0104997
-0.0112043
-0.0119049
-0.0125965
-0.0132744
-0.0139339
-0.0145703
-0.0151791
-0.0157559
-0.0162965
-0.016797
-0.0172535
-0.0176625
-0.0180205
-0.0183244
-0.0185714
-0.0187587
-0.0188842
-0.0189456
-0.0189413
-0.0188697
-0.0187298
-0.0185209
-0.0182426
-0.0178952
-0.0174793
-0.0169936
-0.0164348
-0.0158049
-0.0151059
-0.0143405
-0.0135118
-0.0126233
-0.0116792
-0.0106845
-0.00964474
-0.0085662
-0.00745596
-0.00632193
-0.00517279
-0.00401807
-0.00286807
-0.00173385
-0.000627083
0.000440023
0.00145494
0.00240505
0.00327794
0.00406173
0.00474552
0.00531981
0.00577698
0.00611179
0.00632182
0.00640789
0.00637436
0.00622934
0.00598467
0.00565579
0.0052613
0.00482237
0.00436178
0.00390285
0.00346802
0.00307744
0.0027476
0.00248998
0.00231066
0.00220914
0.00218263
0.00223464
0.00232724
0.002446
0.00257939
0.00271778
0.00285192
0.00297524
0.00308324
0.00317333
0.00324463
0.003298
0.00333617
0.00336364
0.00338583
0.000181338
0.000222514
0.000240162
0.000231938
0.000197195
0.000138286
6.03718e-05
-2.95891e-05
-0.000124073
-0.000216068
-0.000299664
-0.00037014
-0.000432217
-0.000479012
-0.00051225
-0.0005386
-0.000560352
-0.000581913
-0.000607412
-0.000640986
-0.000686647
-0.000748219
-0.000829308
-0.000933295
-0.00106333
-0.00122232
-0.00141293
-0.00163757
-0.00189831
-0.00219687
-0.00253455
-0.0029122
-0.00333016
-0.00378824
-0.0042857
-0.00482122
-0.00539297
-0.00599859
-0.00663523
-0.00729961
-0.00798806
-0.00869657
-0.00942091
-0.0101566
-0.010899
-0.0116434
-0.012385
-0.0131191
-0.0138411
-0.0145461
-0.0152297
-0.0158876
-0.0165154
-0.0171091
-0.0176647
-0.0181786
-0.0186474
-0.0190676
-0.0194363
-0.0197506
-0.020008
-0.0202061
-0.0203428
-0.0204164
-0.0204254
-0.0203684
-0.0202448
-0.0200539
-0.0197957
-0.0194705
-0.0190792
-0.018617
-0.0180837
-0.0174808
-0.0168105
-0.0160749
-0.015277
-0.0144201
-0.0135078
-0.0125446
-0.0115356
-0.0104863
-0.00940309
-0.00829315
-0.00716431
-0.00602517
-0.0048851
-0.00375419
-0.00264313
-0.00156318
-0.000525969
0.000456708
0.00137312
0.0022119
0.00296244
0.00361524
0.00416239
0.00459797
0.00491852
0.0051234
0.00521515
0.00519966
0.00508633
0.0048879
0.0046202
0.00430161
0.00395231
0.00359328
0.00324509
0.00292655
0.0026534
0.00243711
0.00228405
0.00219492
0.00216478
0.00219611
0.00228078
0.00239141
0.00251144
0.00263483
0.00275627
0.00286928
0.00296912
0.00305284
0.00311907
0.00316804
0.00320167
0.0032234
0.00323726
0.000284466
0.00032343
0.000335939
0.000319821
0.000275033
0.000204938
0.000115872
1.58843e-05
-8.66603e-05
-0.00018442
-0.000271514
-0.000343056
-0.00040279
-0.000448903
-0.00048433
-0.000513208
-0.000539518
-0.000567737
-0.000602429
-0.000648135
-0.000709261
-0.000790013
-0.000894346
-0.00102592
-0.0011881
-0.00138389
-0.00161593
-0.00188646
-0.00219728
-0.00254971
-0.00294454
-0.00338203
-0.00386186
-0.00438317
-0.00494451
-0.00554388
-0.00617878
-0.00684623
-0.00754284
-0.00826483
-0.00900812
-0.00976841
-0.0105412
-0.0113218
-0.0121056
-0.0128878
-0.0136637
-0.0144287
-0.0151782
-0.0159078
-0.0166131
-0.0172901
-0.0179348
-0.0185433
-0.0191122
-0.0196379
-0.0201174
-0.0205477
-0.0209259
-0.0212497
-0.0215167
-0.0217248
-0.0218723
-0.0219576
-0.0219795
-0.021937
-0.0218294
-0.0216564
-0.0214182
-0.0211151
-0.0207473
-0.0203088
-0.0198012
-0.0192261
-0.0185851
-0.0178804
-0.0171146
-0.0162905
-0.0154115
-0.0144816
-0.0135052
-0.0124872
-0.0114333
-0.0103499
-0.00924383
-0.00812289
-0.00699543
-0.00587051
-0.0047578
-0.00366753
-0.00261035
-0.00159713
-0.000638846
0.000253786
0.00107055
0.00180209
0.00244031
0.00297876
0.00341303
0.00374115
0.00396388
0.00408498
0.00411134
0.00405292
0.0039226
0.00373575
0.00350962
0.0032625
0.00301265
0.00277716
0.00257073
0.00240455
0.00228546
0.00221567
0.00219317
0.00221347
0.00227788
0.00236864
0.0024723
0.00258098
0.00268553
0.00278296
0.00286965
0.00294272
0.0030004
0.00304248
0.0030702
0.0030861
0.00309289
0.000412704
0.000447985
0.000454109
0.000429101
0.000373582
0.000291967
0.000191752
8.20202e-05
-2.7878e-05
-0.000130713
-0.000216673
-0.000291336
-0.000352692
-0.000401914
-0.000442203
-0.000477747
-0.000513127
-0.000553194
-0.000602894
-0.000667131
-0.000750654
-0.00085797
-0.000993273
-0.00116039
-0.00136273
-0.00160325
-0.00188441
-0.00220814
-0.00257582
-0.00298824
-0.00344561
-0.00394751
-0.00449296
-0.00508035
-0.00570757
-0.00637196
-0.00707039
-0.00779935
-0.00855496
-0.00933305
-0.0101292
-0.0109389
-0.0117575
-0.0125803
-0.0134026
-0.0142196
-0.0150268
-0.0158198
-0.016594
-0.0173454
-0.0180699
-0.0187637
-0.0194229
-0.0200443
-0.0206244
-0.0211602
-0.0216488
-0.0220876
-0.022474
-0.022806
-0.0230815
-0.0232987
-0.0234561
-0.0235524
-0.0235865
-0.0235577
-0.0234656
-0.02331
-0.0230912
-0.0228098
-0.0224636
-0.0220489
-0.0215673
-0.02102
-0.0204088
-0.0197356
-0.0190026
-0.0182124
-0.017368
-0.0164727
-0.0155305
-0.0145457
-0.0135232
-0.0124686
-0.011388
-0.0102881
-0.00917625
-0.00806052
-0.00694949
-0.00585232
-0.00477857
-0.00373818
-0.00274119
-0.0017976
-0.000917107
-0.000108774
0.000619266
0.00126017
0.00180877
0.00226186
0.00261858
0.00288063
0.00305241
0.00314112
0.00315657
0.00311095
0.00301832
0.00289394
0.00275343
0.00261175
0.00248216
0.00237526
0.00229824
0.00225448
0.00224377
0.00226303
0.00230756
0.00237877
0.00246175
0.00254915
0.00263473
0.00271447
0.00278471
0.00284363
0.0028899
0.00292308
0.00294387
0.00295398
0.00295555
0.000568862
0.000598817
0.000597353
0.000562671
0.000496054
0.000402952
0.000291927
0.000172732
5.78758e-05
-4.1913e-05
-0.000132923
-0.000213982
-0.000280738
-0.00033668
-0.000385838
-0.000432833
-0.000482675
-0.000540586
-0.00061185
-0.000701671
-0.000815051
-0.000956687
-0.00113088
-0.00134147
-0.00159176
-0.00188449
-0.0022218
-0.00260518
-0.00303548
-0.00351288
-0.00403694
-0.00460655
-0.00522001
-0.00587505
-0.00656889
-0.00729827
-0.00805952
-0.00884867
-0.00966143
-0.0104933
-0.0113398
-0.0121961
-0.0130574
-0.0139192
-0.0147767
-0.0156254
-0.0164608
-0.0172786
-0.0180747
-0.0188451
-0.019586
-0.0202939
-0.0209653
-0.0215972
-0.0221864
-0.0227302
-0.0232261
-0.0236717
-0.0240648
-0.0244036
-0.0246862
-0.0249112
-0.0250773
-0.0251835
-0.0252289
-0.0252129
-0.0251354
-0.0249962
-0.0247958
-0.0245349
-0.0242094
-0.0238179
-0.0233618
-0.0228423
-0.0222609
-0.0216193
-0.0209196
-0.0201638
-0.0193547
-0.0184952
-0.0175885
-0.0166385
-0.0156494
-0.0146259
-0.0135732
-0.0124972
-0.0114043
-0.0103013
-0.00919582
-0.00809588
-0.00700994
-0.00594686
-0.00491573
-0.00392571
-0.00298582
-0.00210471
-0.00129038
-0.000549877
0.00011101
0.000688079
0.00117899
0.00158351
0.00190371
0.00214401
0.00231118
0.00241412
0.00246352
0.00247139
0.00245031
0.00241275
0.00237015
0.00233214
0.00230587
0.00229564
0.00230287
0.00232644
0.00236298
0.00241275
0.00247399
0.00253809
0.00260116
0.00265987
0.00271147
0.00275421
0.00278709
0.00280995
0.00282348
0.00282879
0.0028267
0.000755292
0.000778155
0.000768008
0.000723131
0.000645375
0.000541192
0.000420223
0.000296901
0.00018023
7.36562e-05
-2.55662e-05
-0.000111995
-0.000186875
-0.000253542
-0.000316347
-0.000380262
-0.000450639
-0.000533008
-0.000632915
-0.000755769
-0.000906708
-0.00109048
-0.00131135
-0.001573
-0.00187849
-0.00223021
-0.00262982
-0.0030783
-0.00357587
-0.00412206
-0.00471574
-0.00535511
-0.00603779
-0.00676087
-0.00752098
-0.00831432
-0.00913678
-0.009984
-0.0108514
-0.0117343
-0.0126279
-0.0135274
-0.0144282
-0.0153255
-0.0162149
-0.0170918
-0.017952
-0.0187914
-0.0196062
-0.0203926
-0.0211471
-0.0218664
-0.0225474
-0.0231873
-0.0237833
-0.024333
-0.0248341
-0.0252846
-0.0256825
-0.0260264
-0.0263146
-0.026546
-0.0267195
-0.0268342
-0.0268897
-0.0268853
-0.0268211
-0.0266972
-0.0265139
-0.0262721
-0.0259663
-0.0255972
-0.0251659
-0.0246736
-0.0241217
-0.0235116
-0.0228451
-0.022124
-0.0213506
-0.0205275
-0.0196573
-0.0187434
-0.0177892
-0.0167987
-0.0157764
-0.0147272
-0.0136564
-0.01257
-0.0114743
-0.0103762
-0.00928317
-0.00820285
-0.00714331
-0.00611276
-0.00511945
-0.00417146
-0.00327648
-0.00244158
-0.00167294
-0.000975562
-0.000353054
0.000192635
0.00066138
0.00105499
0.00137723
0.00163371
0.00183168
0.00197966
0.002087
0.00216328
0.00221768
0.00225841
0.00229218
0.00232381
0.00235618
0.00239041
0.00242657
0.00246552
0.0025012
0.00254106
0.00258008
0.00261594
0.00264694
0.00267196
0.0026905
0.00270267
0.00270904
0.0027102
0.00270605
0.000973603
0.00098756
0.000967806
0.000912506
0.000823785
0.000709958
0.000584819
0.00045719
0.000336001
0.000219032
0.000111088
1.50314e-05
-7.21169e-05
-0.000154267
-0.000236135
-0.000322997
-0.000420467
-0.000534297
-0.000670189
-0.000833637
-0.00102978
-0.00126327
-0.00153817
-0.00185788
-0.00222507
-0.00264164
-0.00310872
-0.00362663
-0.00419497
-0.00481259
-0.00547764
-0.00618768
-0.00693971
-0.00773023
-0.00855533
-0.0094108
-0.0102921
-0.0111947
-0.0121136
-0.0130442
-0.0139814
-0.0149207
-0.0158572
-0.0167865
-0.017704
-0.0186055
-0.0194871
-0.0203448
-0.021175
-0.0219742
-0.0227392
-0.023467
-0.0241549
-0.0248001
-0.0254005
-0.0259537
-0.0264579
-0.0269112
-0.0273121
-0.0276593
-0.0279514
-0.0281876
-0.0283669
-0.0284889
-0.0285529
-0.0285588
-0.0285066
-0.0283965
-0.0282289
-0.0280046
-0.0277173
-0.0273696
-0.0269622
-0.0264964
-0.0259733
-0.0253941
-0.0247604
-0.0240738
-0.0233361
-0.0225496
-0.0217165
-0.0208394
-0.0199214
-0.0189657
-0.0179759
-0.016956
-0.0159106
-0.0148444
-0.0137628
-0.0126717
-0.0115771
-0.0104856
-0.00940427
-0.00834023
-0.00730084
-0.00629347
-0.00532533
-0.00440332
-0.00353377
-0.00272226
-0.00197341
-0.00129063
-0.000676021
-0.000130183
0.000347789
0.000760306
0.00111116
0.00140534
0.00164869
0.00184763
0.00200868
0.00213817
0.00224178
0.00232443
0.00239006
0.00244169
0.00248151
0.00251055
0.00253058
0.00254997
0.00256536
0.00257793
0.0025876
0.00259424
0.00259801
0.00259941
0.00259894
0.00259673
0.00259204
0.00122434
0.00122764
0.0011976
0.00113202
0.00103391
0.000914003
0.000782666
0.000648964
0.000519017
0.00039156
0.000273954
0.000164724
6.07656e-05
-4.21195e-05
-0.000148909
-0.000265101
-0.00039648
-0.000548905
-0.000728114
-0.000939547
-0.0011882
-0.00147847
-0.00181411
-0.00219808
-0.00263254
-0.00311881
-0.00365741
-0.00424799
-0.00488946
-0.00558
-0.00631712
-0.00709775
-0.0079183
-0.00877478
-0.00966285
-0.0105779
-0.0115152
-0.0124698
-0.0134368
-0.0144114
-0.0153885
-0.0163636
-0.0173321
-0.0182893
-0.0192313
-0.0201538
-0.021053
-0.0219254
-0.0227676
-0.0235764
-0.0243488
-0.0250822
-0.025774
-0.026422
-0.0270242
-0.0275785
-0.0280835
-0.0285376
-0.0289395
-0.0292881
-0.0295824
-0.0298217
-0.0300054
-0.030133
-0.0302042
-0.030219
-0.0301774
-0.0300796
-0.0299262
-0.0297178
-0.0294478
-0.0291201
-0.0287356
-0.0282952
-0.0277999
-0.0272508
-0.0266491
-0.0259963
-0.025294
-0.0245439
-0.0237478
-0.0229081
-0.022027
-0.0211072
-0.0201516
-0.0191634
-0.0181462
-0.0171039
-0.0160407
-0.0149614
-0.013871
-0.0127749
-0.011679
-0.0105893
-0.00951218
-0.0084542
-0.00742193
-0.00642186
-0.00546028
-0.00454308
-0.00367558
-0.00286241
-0.00210732
-0.00141308
-0.000781401
-0.000212916
0.000292816
0.000737214
0.00112256
0.00145184
0.00172857
0.00195665
0.00214028
0.00228379
0.00239172
0.00246869
0.00251954
0.00254964
0.0025669
0.00255863
0.00255049
0.00254042
0.00252914
0.00251762
0.00250685
0.00249776
0.00249088
0.00248604
0.00248212
0.00150661
0.00149778
0.0014569
0.0013811
0.00127584
0.00114968
0.00101211
0.000870675
0.000728026
0.000590924
0.000459911
0.000333196
0.000207443
7.82394e-05
-5.95697e-05
-0.000211607
-0.000383717
-0.000581745
-0.000811324
-0.0010777
-0.00138559
-0.00173901
-0.00214123
-0.0025947
-0.00310096
-0.00366071
-0.00427377
-0.00493913
-0.00565502
-0.00641896
-0.00722785
-0.00807806
-0.0089655
-0.00988575
-0.0108341
-0.0118057
-0.0127955
-0.0137986
-0.0148099
-0.0158244
-0.0168375
-0.0178444
-0.0188406
-0.019822
-0.0207844
-0.021724
-0.0226372
-0.0235207
-0.0243714
-0.0251864
-0.0259631
-0.026699
-0.027392
-0.0280401
-0.0286415
-0.0291947
-0.0296984
-0.0301512
-0.0305521
-0.0309004
-0.0311952
-0.0314361
-0.0316225
-0.0317543
-0.0318313
-0.0318534
-0.0318209
-0.031734
-0.0315932
-0.0313991
-0.0311451
-0.0308364
-0.0304735
-0.0300573
-0.0295885
-0.0290683
-0.0284976
-0.0278776
-0.0272097
-0.0264954
-0.025736
-0.0249335
-0.0240896
-0.0232064
-0.0222862
-0.0213315
-0.020345
-0.0193297
-0.0182889
-0.0172263
-0.0161458
-0.0150516
-0.0139485
-0.0128414
-0.0117356
-0.0106366
-0.00955039
-0.00848275
-0.00743968
-0.00642713
-0.00545085
-0.00451632
-0.00362864
-0.00279243
-0.00201172
-0.00128991
-0.000629746
-3.32679e-05
0.000498197
0.00096406
0.00136452
0.00170065
0.00197451
0.00218928
0.00234938
0.00246046
0.00252924
0.00256301
0.00256814
0.00255286
0.00252778
0.0024976
0.00246688
0.00243828
0.00241379
0.00239486
0.00238213
0.00237518
0.00237298
0.00181751
0.00179493
0.00174238
0.0016582
0.00154608
0.00141351
0.00126956
0.00111767
0.000963411
0.000812543
0.000663863
0.000514949
0.000362164
0.000200923
2.59769e-05
-0.000168317
-0.000387746
-0.000638007
-0.000924496
-0.00125213
-0.00162519
-0.00204722
-0.00252091
-0.00304806
-0.00362958
-0.00426546
-0.00495484
-0.00569603
-0.0064866
-0.00732346
-0.00820296
-0.00912096
-0.010073
-0.0110542
-0.0120596
-0.0130842
-0.0141228
-0.0151704
-0.0162218
-0.0172723
-0.018317
-0.0193515
-0.0203714
-0.0213727
-0.0223516
-0.0233044
-0.0242279
-0.0251189
-0.0259746
-0.0267926
-0.0275704
-0.0283059
-0.0289973
-0.0296429
-0.0302413
-0.0307911
-0.0312913
-0.0317409
-0.0321392
-0.0324854
-0.0327792
-0.0330201
-0.033208
-0.0333426
-0.0334239
-0.0334521
-0.0334274
-0.03335
-0.0332203
-0.0330388
-0.0327997
-0.0325085
-0.0321659
-0.0317725
-0.031329
-0.0308362
-0.030295
-0.0297066
-0.0290719
-0.0283921
-0.0276686
-0.0269026
-0.0260956
-0.0252492
-0.0243651
-0.0234451
-0.0224912
-0.0215055
-0.0204906
-0.019449
-0.0183837
-0.0172978
-0.0161948
-0.0150786
-0.0139534
-0.0128237
-0.0116944
-0.0105706
-0.0094579
-0.00836187
-0.00728845
-0.00624364
-0.00523352
-0.00426417
-0.00334158
-0.00247162
-0.00165992
-0.00091181
-0.000232142
0.000374864
0.000905867
0.00135872
0.00173282
0.0020295
0.00225235
0.00240733
0.00250272
0.00254862
0.00255664
0.00254121
0.00249334
0.00244438
0.00239621
0.00235222
0.0023153
0.00228756
0.00226936
0.00226067
0.00226093
0.002152
0.00211397
0.00205062
0.00195844
0.00183933
0.00169883
0.00154238
0.00138218
0.0012169
0.00104936
0.000878903
0.000703028
0.000517964
0.000319057
0.000101063
-0.000141569
-0.00041444
-0.000722972
-0.00107219
-0.00146656
-0.00190982
-0.0024049
-0.00295386
-0.0035578
-0.00421692
-0.00493051
-0.00569701
-0.00651408
-0.00737867
-0.00828712
-0.00923529
-0.0102186
-0.0112323
-0.0122711
-0.01333
-0.0144037
-0.0154871
-0.0165749
-0.0176622
-0.0187442
-0.0198162
-0.020874
-0.0219135
-0.0229306
-0.0239219
-0.0248841
-0.0258141
-0.026709
-0.0275665
-0.0283843
-0.0291602
-0.0298926
-0.0305799
-0.0312206
-0.0318138
-0.0323582
-0.0328531
-0.0332978
-0.0336918
-0.0340347
-0.034326
-0.0345657
-0.0347537
-0.0348899
-0.0349744
-0.0350075
-0.0349893
-0.0349202
-0.0348004
-0.0346295
-0.0344042
-0.0341296
-0.0338059
-0.0334338
-0.0330139
-0.0325469
-0.0320337
-0.0314751
-0.030872
-0.0302254
-0.0295364
-0.0288058
-0.028035
-0.0272249
-0.0263768
-0.0254921
-0.024572
-0.023618
-0.0226317
-0.0216149
-0.0205695
-0.0194976
-0.0184018
-0.0172846
-0.0161492
-0.0149989
-0.0138377
-0.0126698
-0.0115
-0.0103335
-0.00917596
-0.0080336
-0.00691308
-0.00582154
-0.00476653
-0.00375598
-0.00279808
-0.00190113
-0.00107335
-0.000322562
0.00034425
0.000921417
0.0014052
0.00179445
0.00209113
0.00230074
0.00243234
0.00249799
0.00251158
0.00248656
0.00243615
0.0023751
0.00231264
0.00225546
0.0022077
0.00217213
0.00214907
0.00213921
0.00214205
0.00250326
0.00244917
0.00237516
0.00227522
0.00214917
0.002001
0.00183795
0.00166324
0.0014818
0.00129349
0.00109695
0.000889395
0.000666984
0.000425075
0.000158536
-0.000137974
-0.000469754
-0.000841822
-0.00125872
-0.00172433
-0.00224177
-0.00281329
-0.00344022
-0.00412295
-0.00486093
-0.00565276
-0.0064962
-0.00738827
-0.00832537
-0.00930334
-0.0103176
-0.0113632
-0.012435
-0.0135278
-0.0146362
-0.0157548
-0.0168785
-0.0180022
-0.019121
-0.0202301
-0.0213251
-0.0224019
-0.0234566
-0.0244856
-0.0254854
-0.0264532
-0.0273861
-0.0282816
-0.0291377
-0.0299523
-0.0307237
-0.0314504
-0.0321313
-0.0327651
-0.0333511
-0.0338884
-0.0343765
-0.034815
-0.0352034
-0.0355416
-0.0358295
-0.0360669
-0.0362539
-0.0363907
-0.0364774
-0.0365142
-0.0365016
-0.0364398
-0.0363295
-0.0361662
-0.0359544
-0.0356951
-0.035389
-0.0350366
-0.0346387
-0.0341957
-0.0337086
-0.033178
-0.0326046
-0.0319894
-0.0313331
-0.0306365
-0.0299004
-0.0291256
-0.0283131
-0.0274635
-0.0265777
-0.0256565
-0.024701
-0.0237119
-0.0226904
-0.0216377
-0.0205551
-0.0194444
-0.0183075
-0.0171466
-0.0159646
-0.0147648
-0.0135509
-0.0123274
-0.0110997
-0.00987375
-0.00865639
-0.00745541
-0.00627946
-0.00513808
-0.0040416
-0.00300095
-0.00202744
-0.0011323
-0.000326213
0.000381465
0.00098347
0.00147556
0.00185735
0.00213302
0.00231154
0.00240633
0.0024342
0.00241393
0.00236619
0.00228791
0.00221274
0.00214446
0.0020875
0.00204502
0.00201795
0.00200701
0.00201214
0.00286303
0.00279244
0.00270781
0.00259983
0.0024659
0.00230766
0.00213581
0.00194844
0.00174833
0.00153568
0.00130894
0.00106526
0.000800802
0.000511037
0.000191054
-0.000164169
-0.000559507
-0.000999467
-0.00148799
-0.00202831
-0.00262284
-0.00327307
-0.00397958
-0.004742
-0.00555908
-0.0064287
-0.00734798
-0.00831336
-0.00932071
-0.0103654
-0.0114426
-0.0125469
-0.0136731
-0.0148157
-0.0159693
-0.0171285
-0.0182881
-0.0194432
-0.0205889
-0.0217207
-0.0228343
-0.0239259
-0.0249917
-0.0260285
-0.0270331
-0.0280029
-0.0289354
-0.0298284
-0.0306802
-0.0314889
-0.0322534
-0.0329723
-0.0336448
-0.0342699
-0.0348472
-0.0353761
-0.0358561
-0.0362872
-0.0366691
-0.0370018
-0.0372853
-0.0375197
-0.037705
-0.0378416
-0.0379296
-0.0379694
-0.0379613
-0.0379057
-0.037803
-0.0376485
-0.0374484
-0.0372031
-0.0369131
-0.036579
-0.0362012
-0.0357805
-0.0353175
-0.0348128
-0.0342671
-0.0336811
-0.0330555
-0.0323908
-0.0316878
-0.0309468
-0.0301686
-0.0293534
-0.0285017
-0.0276138
-0.0266901
-0.0257308
-0.0247363
-0.0237068
-0.022643
-0.0215454
-0.0204149
-0.0192527
-0.0180605
-0.0168404
-0.0155953
-0.0143288
-0.0130453
-0.0117504
-0.0104509
-0.00915459
-0.00787087
-0.00661038
-0.00538509
-0.00420814
-0.00309354
-0.00205571
-0.00110888
-0.000266184
0.000461307
0.00106578
0.00154381
0.00189738
0.00213444
0.00226883
0.0023192
0.00230694
0.00225262
0.00217477
0.00209295
0.00201613
0.0019515
0.00190321
0.00187253
0.00186036
0.00186713
0.00322156
0.00313438
0.00303906
0.00292217
0.00277705
0.00261611
0.0024323
0.00222861
0.00200659
0.00176605
0.0015053
0.00122146
0.000910783
0.000568946
0.000191362
-0.000226563
-0.000689182
-0.00120039
-0.00176345
-0.00238086
-0.00305427
-0.00378438
-0.00457101
-0.00541302
-0.00630845
-0.0072545
-0.0082477
-0.00928394
-0.0103586
-0.0114668
-0.0126032
-0.0137623
-0.0149387
-0.0161267
-0.017321
-0.0185162
-0.0197072
-0.0208891
-0.0220573
-0.0232074
-0.0243354
-0.0254376
-0.0265106
-0.0275514
-0.0285573
-0.0295258
-0.0304548
-0.0313425
-0.0321874
-0.0329881
-0.0337436
-0.0344529
-0.0351154
-0.0357305
-0.0362979
-0.0368173
-0.0372885
-0.0377115
-0.0380862
-0.0384128
-0.0386914
-0.0389222
-0.0391053
-0.0392412
-0.0393299
-0.039372
-0.0393677
-0.0393174
-0.0392215
-0.0390756
-0.0388862
-0.0386537
-0.0383784
-0.0380608
-0.0377015
-0.0373011
-0.0368602
-0.0363792
-0.035859
-0.0353
-0.0347027
-0.0340678
-0.0333956
-0.0326866
-0.0319409
-0.0311588
-0.0303403
-0.0294853
-0.0285938
-0.0276655
-0.0267
-0.025697
-0.0246561
-0.0235772
-0.02246
-0.0213048
-0.0201121
-0.0188829
-0.017619
-0.0163228
-0.014998
-0.0136493
-0.0122828
-0.0109063
-0.00952931
-0.00816304
-0.00682062
-0.00551687
-0.00426806
-0.00309145
-0.00200458
-0.00102431
-0.000165659
0.000559611
0.00114443
0.00158777
0.00189559
0.00208113
0.00216412
0.00216892
0.00212185
0.00204985
0.00195363
0.00186861
0.00179737
0.00174373
0.00170965
0.00169585
0.00170329
0.00356823
0.0034647
0.00335873
0.00323268
0.00308628
0.00291435
0.00271612
0.00249315
0.00224614
0.00197448
0.00167633
0.00134883
0.000988412
0.000591046
0.000152558
-0.000331128
-0.00086375
-0.00144851
-0.00208794
-0.00278373
-0.00353673
-0.00434685
-0.00521311
-0.00613365
-0.00710579
-0.00812611
-0.00919057
-0.0102946
-0.0114332
-0.012601
-0.0137925
-0.0150022
-0.0162243
-0.0174532
-0.0186836
-0.0199103
-0.021128
-0.0223322
-0.0235184
-0.0246825
-0.0258207
-0.0269296
-0.0280061
-0.0290476
-0.0300514
-0.0310157
-0.0319386
-0.0328186
-0.0336545
-0.0344452
-0.0351901
-0.0358884
-0.0365398
-0.0371439
-0.0377006
-0.0382099
-0.0386717
-0.0390862
-0.0394535
-0.0397737
-0.0400471
-0.0402741
-0.0404548
-0.0405895
-0.0406787
-0.0407226
-0.0407216
-0.040676
-0.0405862
-0.0404484
-0.0402689
-0.040048
-0.0397862
-0.0394837
-0.0391412
-0.0387592
-0.0383383
-0.037879
-0.0373818
-0.0368474
-0.0362761
-0.0356685
-0.0350248
-0.0343453
-0.0336301
-0.0328792
-0.0320924
-0.0312693
-0.0304096
-0.0295124
-0.028577
-0.0276025
-0.0265878
-0.0255319
-0.0244338
-0.0232927
-0.0221081
-0.0208798
-0.0196085
-0.0182956
-0.0169434
-0.0155556
-0.0141377
-0.0126967
-0.0112418
-0.00978436
-0.00833809
-0.00691893
-0.00554492
-0.00423567
-0.00301171
-0.00189345
-0.00089985
-4.68695e-05
0.000654286
0.00119884
0.00158985
0.00183886
0.00196556
0.00199598
0.00195911
0.00188186
0.00178738
0.00169974
0.00162306
0.0015643
0.0015266
0.00151053
0.00151748
0.00389193
0.0037725
0.00365546
0.00352436
0.00337323
0.00319003
0.00297565
0.00273105
0.00245642
0.00215088
0.0018125
0.00143852
0.0010256
0.000570094
6.83165e-05
-0.000483206
-0.00108753
-0.0017471
-0.00246364
-0.00323805
-0.00407032
-0.00495958
-0.00590407
-0.00690119
-0.0079476
-0.0090393
-0.0101717
-0.0113399
-0.0125384
-0.0137616
-0.015004
-0.0162596
-0.0175228
-0.0187881
-0.0200499
-0.0213033
-0.0225433
-0.0237654
-0.0249654
-0.0261394
-0.0272839
-0.0283959
-0.0294725
-0.0305113
-0.0315104
-0.0324678
-0.0333823
-0.0342526
-0.0350777
-0.0358571
-0.0365901
-0.0372764
-0.0379159
-0.0385085
-0.0390542
-0.0395531
-0.0400054
-0.0404113
-0.040771
-0.0410849
-0.0413532
-0.0415763
-0.0417545
-0.0418881
-0.0419775
-0.042023
-0.042025
-0.0419837
-0.0418995
-0.0417694
-0.041599
-0.0413888
-0.0411391
-0.0408504
-0.0405231
-0.0401577
-0.0397548
-0.039315
-0.0388387
-0.0383264
-0.0377786
-0.0371957
-0.0365779
-0.0359255
-0.0352383
-0.0345163
-0.0337592
-0.0329664
-0.0321373
-0.0312707
-0.0303656
-0.0294205
-0.0284339
-0.0274042
-0.0263295
-0.0252083
-0.024039
-0.0228205
-0.0215522
-0.0202342
-0.0188677
-0.0174553
-0.0160011
-0.0145113
-0.0129944
-0.0114612
-0.00992562
-0.00840408
-0.00691578
-0.00548219
-0.00412638
-0.00287196
-0.00174175
-0.000755988
6.96373e-05
0.000725993
0.00121233
0.00153746
0.00171986
0.00178632
0.0017689
0.00170099
0.00161519
0.0015119
0.00142767
0.00136321
0.00132114
0.00130197
0.00130718
0.00418195
0.00404707
0.00392213
0.00379009
0.00362855
0.0034321
0.00319974
0.00293153
0.00262719
0.00228561
0.00190485
0.00148231
0.00101495
0.000499582
-6.69205e-05
-0.000687364
-0.00136406
-0.00209866
-0.00289207
-0.00374432
-0.00465459
-0.00562121
-0.00664165
-0.00771263
-0.00883018
-0.00998976
-0.0111863
-0.0124145
-0.0136686
-0.0149428
-0.0162313
-0.0175282
-0.0188278
-0.0201247
-0.0214134
-0.022689
-0.0239468
-0.0251825
-0.0263922
-0.0275722
-0.0287195
-0.0298311
-0.0309048
-0.0319383
-0.03293
-0.0338786
-0.0347827
-0.0356417
-0.0364548
-0.0372217
-0.0379422
-0.038616
-0.0392433
-0.0398241
-0.0403587
-0.0408473
-0.0412902
-0.0416877
-0.0420402
-0.0423479
-0.0426114
-0.0428308
-0.0430066
-0.0431391
-0.0432287
-0.0432758
-0.0432805
-0.0432433
-0.0431645
-0.0430415
-0.0428796
-0.0426792
-0.0424406
-0.0421643
-0.0418506
-0.0415002
-0.0411135
-0.0406911
-0.0402334
-0.039741
-0.0392142
-0.0386535
-0.038059
-0.0374309
-0.0367691
-0.0360736
-0.0353438
-0.0345792
-0.0337788
-0.0329416
-0.032066
-0.0311504
-0.0301929
-0.0291912
-0.0281431
-0.0270461
-0.0258979
-0.0246964
-0.0234399
-0.0221273
-0.0207585
-0.0193348
-0.0178589
-0.0163357
-0.0147725
-0.0131796
-0.01157
-0.00996042
-0.00837042
-0.00682278
-0.00534254
-0.00395615
-0.00268996
-0.00156845
-0.000612016
0.000165383
0.00075843
0.00117218
0.00142271
0.00153629
0.00154646
0.00148928
0.00139666
0.00129622
0.00120887
0.00113898
0.00109143
0.00106823
0.00107047
0.00442843
0.00428137
0.00415359
0.00401245
0.00384022
0.00362945
0.00337778
0.00308451
0.00274894
0.00236982
0.00194525
0.00147285
0.000949971
0.000373918
-0.000257801
-0.00094728
-0.00169605
-0.00250493
-0.00337398
-0.00430238
-0.00528851
-0.00632988
-0.00742326
-0.00856471
-0.00974967
-0.0109731
-0.0122295
-0.0135132
-0.0148183
-0.0161388
-0.0174686
-0.0188021
-0.0201333
-0.021457
-0.022768
-0.0240614
-0.0253328
-0.0265781
-0.0277937
-0.0289762
-0.0301229
-0.0312313
-0.0322993
-0.0333252
-0.0343076
-0.0352454
-0.0361378
-0.0369844
-0.0377846
-0.0385385
-0.039246
-0.0399071
-0.0405221
-0.0410914
-0.0416151
-0.0420938
-0.0425277
-0.0429172
-0.0432628
-0.0435649
-0.0438238
-0.04404
-0.0442137
-0.0443454
-0.0444353
-0.0444838
-0.0444913
-0.0444581
-0.0443843
-0.0442681
-0.0441141
-0.0439227
-0.0436942
-0.0434291
-0.0431278
-0.0427907
-0.0424185
-0.0420116
-0.0415705
-0.0410957
-0.0405875
-0.0400465
-0.0394727
-0.0388663
-0.0382273
-0.0375555
-0.0368505
-0.0361116
-0.0353379
-0.0345281
-0.0336806
-0.0327937
-0.0318651
-0.0308922
-0.0298724
-0.0288026
-0.0276798
-0.0265011
-0.0252636
-0.0239653
-0.0226048
-0.0211817
-0.0196975
-0.0181556
-0.0165618
-0.014925
-0.0132574
-0.0115748
-0.0098971
-0.00824743
-0.0066523
-0.00514039
-0.00374124
-0.00248336
-0.00139187
-0.000485919
0.000223987
0.000738203
0.00106926
0.0012416
0.00128925
0.00125128
0.00116604
0.00106673
0.000968472
0.000890705
0.000836214
0.000807755
0.000805886
0.00461992
0.00446459
0.00432939
0.00418032
0.00399748
0.00377188
0.00350012
0.00318091
0.00281322
0.00239573
0.00192665
0.00140389
0.000825241
0.000188565
-0.000507958
-0.00126567
-0.00208529
-0.00296681
-0.00390941
-0.00491146
-0.00597051
-0.00708334
-0.00824601
-0.00945395
-0.0107021
-0.0119849
-0.0132966
-0.0146311
-0.0159823
-0.0173441
-0.0187105
-0.0200756
-0.0214339
-0.0227798
-0.0241086
-0.0254156
-0.0266965
-0.0279476
-0.0291656
-0.0303475
-0.0314907
-0.0325933
-0.0336534
-0.0346697
-0.0356411
-0.0365669
-0.0374466
-0.03828
-0.039067
-0.0398075
-0.040502
-0.0411506
-0.0417537
-0.0423117
-0.0428251
-0.0432943
-0.0437198
-0.0441021
-0.0444415
-0.0447384
-0.0449934
-0.0452066
-0.0453787
-0.0455097
-0.0456002
-0.0456504
-0.0456607
-0.0456312
-0.0455623
-0.0454526
-0.045306
-0.0451229
-0.0449037
-0.0446487
-0.0443584
-0.0440334
-0.0436741
-0.0432809
-0.0428545
-0.0423952
-0.0419035
-0.0413798
-0.0408242
-0.040237
-0.0396182
-0.0389675
-0.0382845
-0.0375687
-0.0368191
-0.0360345
-0.0352133
-0.0343535
-0.0334528
-0.0325085
-0.0315176
-0.0304766
-0.029382
-0.0282302
-0.0270175
-0.0257407
-0.0243972
-0.0229854
-0.021505
-0.0199578
-0.0183481
-0.0166829
-0.0149731
-0.0132335
-0.0114829
-0.00974475
-0.0080461
-0.00641733
-0.00489063
-0.00349819
-0.00226976
-0.00122981
-0.00039455
0.000230893
0.000654398
0.000897364
0.000993048
0.00098244
0.00090811
0.000807531
0.000701984
0.000616383
0.000554198
0.000519071
0.000512104
0.00474478
0.00458183
0.00444074
0.00428454
0.00409128
0.00385067
0.0035585
0.00321298
0.00281288
0.00235684
0.00184327
0.00127041
0.000636539
-5.98757e-05
-0.000819952
-0.00164426
-0.00253269
-0.00348438
-0.00449768
-0.00557015
-0.00669854
-0.00787891
-0.00910667
-0.0103767
-0.0116834
-0.0130208
-0.0143828
-0.0157632
-0.0171556
-0.0185539
-0.0199519
-0.021344
-0.0227245
-0.0240883
-0.0254307
-0.0267472
-0.0280339
-0.0292874
-0.0305046
-0.031683
-0.0328203
-0.0339148
-0.0349652
-0.0359704
-0.0369296
-0.0378426
-0.038709
-0.0395288
-0.0403023
-0.0410297
-0.0417114
-0.0423479
-0.0429396
-0.043487
-0.0439908
-0.0444513
-0.0448692
-0.0452448
-0.0455786
-0.0458711
-0.0461227
-0.0463336
-0.0465044
-0.0466352
-0.0467265
-0.0467785
-0.0467916
-0.0467659
-0.0467018
-0.0465982
-0.0464585
-0.0462831
-0.0460723
-0.0458266
-0.0455464
-0.0452321
-0.0448843
-0.0445034
-0.0440899
-0.0436443
-0.0431671
-0.0426585
-0.0421189
-0.0415484
-0.0409472
-0.040315
-0.0396515
-0.0389561
-0.0382281
-0.0374662
-0.0366688
-0.0358341
-0.0349598
-0.034043
-0.0330805
-0.0320688
-0.0310039
-0.0298816
-0.0286976
-0.0274479
-0.0261286
-0.0247368
-0.0232707
-0.0217305
-0.0201183
-0.0184395
-0.0167031
-0.0149222
-0.0131144
-0.0113023
-0.00951309
-0.0077781
-0.00613157
-0.00460887
-0.00324409
-0.00206704
-0.00109991
-0.000354001
0.000172953
0.000498062
0.000652436
0.000677593
0.000619155
0.000518937
0.000407632
0.00031495
0.00024396
0.000200578
0.000187742
0.00479514
0.00462647
0.0044806
0.0043178
0.00411435
0.0038588
0.00354626
0.00317454
0.00274225
0.0022481
0.00169071
0.00106871
0.000380898
-0.000373623
-0.00119525
-0.00208375
-0.00303821
-0.00405693
-0.00513743
-0.00627647
-0.00747006
-0.00871357
-0.0100018
-0.0113291
-0.0126894
-0.0140764
-0.0154837
-0.0169049
-0.0183335
-0.0197633
-0.0211882
-0.0226026
-0.0240009
-0.0253784
-0.0267303
-0.0280527
-0.0293418
-0.0305945
-0.0318082
-0.0329805
-0.0341098
-0.0351945
-0.0362337
-0.0372266
-0.0381729
-0.0390725
-0.0399253
-0.0407316
-0.0414918
-0.0422064
-0.0428759
-0.0435008
-0.0440818
-0.0446195
-0.0451144
-0.0455671
-0.0459781
-0.0463479
-0.0466769
-0.0469657
-0.0472144
-0.0474236
-0.0475936
-0.0477246
-0.0478169
-0.047871
-0.0478869
-0.047865
-0.0478055
-0.0477077
-0.0475746
-0.0474063
-0.0472033
-0.0469661
-0.0466949
-0.0463903
-0.0460527
-0.0456827
-0.0452807
-0.0448472
-0.0443826
-0.0438873
-0.0433616
-0.0428057
-0.0422198
-0.0416036
-0.0409571
-0.0402796
-0.0395705
-0.0388287
-0.0380527
-0.0372408
-0.0363907
-0.0354996
-0.0345644
-0.0335814
-0.0325464
-0.0314549
-0.0303022
-0.0290833
-0.0277935
-0.0264288
-0.0249858
-0.0234629
-0.0218605
-0.0201818
-0.0184336
-0.0166269
-0.0147776
-0.0129069
-0.0110414
-0.00921257
-0.00745605
-0.00580979
-0.00431181
-0.00299704
-0.00189381
-0.00102006
-0.000379984
3.8081e-05
0.000261785
0.000332001
0.000297049
0.000205118
9.8251e-05
-1.35514e-05
-9.65097e-05
-0.000149149
-0.000168778
0.00476591
0.00459332
0.00444358
0.00427465
0.00406126
0.00379102
0.00345845
0.00306103
0.00259727
0.00206596
0.00146601
0.000796449
5.66188e-05
-0.000753716
-0.00163422
-0.00258389
-0.00360099
-0.004683
-0.00582664
-0.00702791
-0.00828212
-0.00958399
-0.0109278
-0.0123073
-0.013716
-0.0151475
-0.016595
-0.0180519
-0.0195117
-0.0209681
-0.0224152
-0.0238474
-0.0252594
-0.0266464
-0.0280042
-0.029329
-0.0306174
-0.0318666
-0.0330743
-0.0342386
-0.0353581
-0.0364316
-0.0374586
-0.0384385
-0.0393714
-0.0402573
-0.0410966
-0.0418896
-0.042637
-0.0433393
-0.0439973
-0.0446115
-0.0451827
-0.0457114
-0.0461984
-0.0466441
-0.0470491
-0.0474139
-0.0477389
-0.0480245
-0.0482711
-0.0484791
-0.0486486
-0.0487801
-0.0488739
-0.0489301
-0.048949
-0.048931
-0.0488758
-0.0487836
-0.0486566
-0.0484951
-0.0482993
-0.0480698
-0.0478068
-0.047511
-0.0471827
-0.0468224
-0.0464306
-0.0460078
-0.0455543
-0.0450706
-0.044557
-0.0440137
-0.043441
-0.0428387
-0.0422068
-0.0415448
-0.0408521
-0.0401278
-0.0393707
-0.038579
-0.0377508
-0.0368833
-0.0359736
-0.0350179
-0.0340121
-0.0329515
-0.031831
-0.0306453
-0.0293887
-0.0280563
-0.0266433
-0.0251465
-0.0235644
-0.0218979
-0.0201515
-0.0183339
-0.0164587
-0.0145451
-0.0126184
-0.0107096
-0.00885483
-0.00709399
-0.00546843
-0.0040179
-0.00277677
-0.00176992
-0.00100871
-0.000487936
-0.000184726
-6.02915e-05
-6.52104e-05
-0.000147748
-0.000263452
-0.000378992
-0.000470733
-0.000532572
-0.000559654
0.00465362
0.00447877
0.00432597
0.00415132
0.00392833
0.00364382
0.00329182
0.00286954
0.00237542
0.00180839
0.00116762
0.000452613
-0.000336753
-0.00120005
-0.00213623
-0.00314349
-0.00421932
-0.00536041
-0.00656271
-0.00782149
-0.00913141
-0.0104866
-0.0118807
-0.0133072
-0.0147592
-0.0162299
-0.0177124
-0.0192
-0.0206861
-0.0221645
-0.0236293
-0.025075
-0.0264966
-0.0278895
-0.0292498
-0.0305739
-0.0318588
-0.0331022
-0.0343018
-0.0354564
-0.0365647
-0.037626
-0.03864
-0.0396066
-0.0405259
-0.0413983
-0.0422243
-0.0430045
-0.0437397
-0.0444305
-0.0450777
-0.0456821
-0.0462443
-0.046765
-0.0472449
-0.0476846
-0.0480844
-0.048445
-0.0487667
-0.0490498
-0.0492949
-0.049502
-0.0496716
-0.049804
-0.0498993
-0.0499579
-0.04998
-0.0499659
-0.0499144
-0.0498278
-0.0497067
-0.0495514
-0.0493624
-0.04914
-0.0488846
-0.0485968
-0.0482768
-0.0479253
-0.0475426
-0.0471292
-0.0466855
-0.046212
-0.0457089
-0.0451766
-0.0446153
-0.044025
-0.0434056
-0.0427569
-0.0420784
-0.0413693
-0.0406285
-0.0398546
-0.0390457
-0.0381995
-0.037313
-0.0363827
-0.0354046
-0.034374
-0.0332857
-0.0321339
-0.0309127
-0.029616
-0.0282382
-0.0267744
-0.0252212
-0.0235776
-0.0218454
-0.0200307
-0.0181445
-0.0162037
-0.0142313
-0.0122573
-0.0103176
-0.00845321
-0.00670808
-0.00512627
-0.00374797
-0.00260508
-0.00171661
-0.00108473
-0.000692544
-0.000504735
-0.000471911
-0.000538682
-0.000653501
-0.000776992
-0.000879368
-0.000951621
-0.000986938
0.00445635
0.00428078
0.00412568
0.00394576
0.00371359
0.00341538
0.00304477
0.00259874
0.00207572
0.00147477
0.000795376
3.74707e-05
-0.000798499
-0.00171146
-0.00269964
-0.00376051
-0.00489077
-0.00608636
-0.00734251
-0.00865381
-0.0100143
-0.0114175
-0.0128567
-0.0143249
-0.0158149
-0.0173196
-0.0188321
-0.0203454
-0.021853
-0.0233488
-0.024827
-0.0262822
-0.0277097
-0.0291051
-0.0304648
-0.0317855
-0.0330646
-0.0343
-0.03549
-0.0366335
-0.0377296
-0.038778
-0.0397787
-0.0407317
-0.0416375
-0.0424967
-0.0433099
-0.0440779
-0.0448016
-0.0454817
-0.0461191
-0.0467146
-0.0472688
-0.0477824
-0.0482562
-0.0486906
-0.0490861
-0.0494431
-0.0497621
-0.0500435
-0.0502874
-0.0504943
-0.0506643
-0.0507977
-0.0508948
-0.0509558
-0.050981
-0.0509707
-0.0509235
-0.050842
-0.0507263
-0.0505769
-0.0503942
-0.0501784
-0.04993
-0.0496495
-0.0493372
-0.0489935
-0.048619
-0.0482141
-0.0477791
-0.0473146
-0.0468208
-0.0462981
-0.0457466
-0.0451666
-0.044558
-0.0439207
-0.0432543
-0.0425582
-0.0418315
-0.041073
-0.040281
-0.0394535
-0.0385878
-0.0376806
-0.0367282
-0.0357259
-0.0346687
-0.0335506
-0.0323654
-0.0311065
-0.0297672
-0.0283414
-0.0268241
-0.0252121
-0.0235048
-0.0217056
-0.0198225
-0.0178695
-0.0158672
-0.0138435
-0.0118334
-0.00987814
-0.00802359
-0.00631741
-0.00480517
-0.0035257
-0.00250593
-0.00175609
-0.00126637
-0.00100617
-0.000927347
-0.000971541
-0.00108028
-0.00120368
-0.00132425
-0.00140872
-0.00145318
0.0041737
0.00399884
0.00384215
0.00365743
0.0034166
0.00310543
0.00271721
0.0022488
0.00169861
0.00106587
0.000350362
-0.000447531
-0.00132681
-0.00228578
-0.00332197
-0.00443212
-0.00561222
-0.00685748
-0.00816246
-0.00952111
-0.0109269
-0.0123728
-0.0138517
-0.0153563
-0.016879
-0.0184127
-0.0199501
-0.0214844
-0.0230091
-0.024518
-0.0260055
-0.0274665
-0.0288964
-0.0302913
-0.0316476
-0.0329625
-0.0342338
-0.0354595
-0.0366385
-0.0377699
-0.0388531
-0.0398883
-0.0408754
-0.041815
-0.0427076
-0.043554
-0.0443551
-0.0451117
-0.0458247
-0.046495
-0.0471235
-0.0477109
-0.048258
-0.0487655
-0.0492339
-0.0496639
-0.0500557
-0.05041
-0.0507269
-0.0510069
-0.0512502
-0.0514571
-0.0516278
-0.0517626
-0.0518616
-0.0519252
-0.0519534
-0.0519467
-0.0519039
-0.0518272
-0.0517167
-0.0515729
-0.051396
-0.0511864
-0.0509445
-0.0506707
-0.0503654
-0.050029
-0.0496619
-0.0492646
-0.0488375
-0.0483809
-0.0478953
-0.047381
-0.0468382
-0.0462671
-0.0456678
-0.0450403
-0.0443842
-0.0436992
-0.0429845
-0.0422392
-0.0414618
-0.0406506
-0.0398032
-0.0389168
-0.0379876
-0.0370116
-0.0359837
-0.0348981
-0.0337485
-0.0325278
-0.0312288
-0.0298444
-0.028368
-0.0267946
-0.0251212
-0.0233484
-0.0214811
-0.0195303
-0.0175134
-0.0154558
-0.0133906
-0.0113586
-0.00940664
-0.00758523
-0.00594472
-0.00453054
-0.00337761
-0.00250475
-0.00191012
-0.00156918
-0.00143647
-0.00145237
-0.00155393
-0.00168704
-0.00181356
-0.00190768
-0.00196142
0.00380667
0.00363386
0.00347627
0.00328729
0.00303842
0.00271512
0.00231049
0.00182125
0.00124585
0.000583673
-0.00016517
-0.000999878
-0.00191892
-0.00291998
-0.00399993
-0.00515484
-0.00637999
-0.00766994
-0.00901861
-0.0104193
-0.0118651
-0.0133484
-0.0148617
-0.0163974
-0.0179478
-0.0195054
-0.021063
-0.0226138
-0.0241511
-0.0256691
-0.0271622
-0.0286256
-0.0300549
-0.0314464
-0.032797
-0.0341041
-0.0353657
-0.0365805
-0.0377474
-0.038866
-0.039936
-0.0409576
-0.0419314
-0.0428578
-0.0437377
-0.044572
-0.0453616
-0.0461076
-0.0468108
-0.0474722
-0.0480926
-0.0486729
-0.0492138
-0.0497159
-0.0501798
-0.0506059
-0.0509948
-0.0513468
-0.0516622
-0.0519413
-0.0521844
-0.0523916
-0.0525633
-0.0526995
-0.0528006
-0.0528667
-0.052898
-0.0528948
-0.0528563
-0.0527841
-0.0526786
-0.0525399
-0.0523686
-0.0521648
-0.0519289
-0.0516614
-0.0513625
-0.0510328
-0.0506726
-0.0502822
-0.0498622
-0.0494129
-0.0489347
-0.0484278
-0.0478927
-0.0473294
-0.0467382
-0.0461191
-0.0454719
-0.0447963
-0.0440919
-0.0433579
-0.042593
-0.0417959
-0.0409644
-0.0400962
-0.0391879
-0.0382356
-0.0372348
-0.0361798
-0.0350643
-0.0338813
-0.0326231
-0.0312818
-0.0298497
-0.02832
-0.0266876
-0.0249504
-0.0231104
-0.0211748
-0.0191579
-0.0170819
-0.0149774
-0.0128838
-0.010848
-0.00892242
-0.00716157
-0.00561692
-0.00433124
-0.00333221
-0.00262677
-0.00219758
-0.00200335
-0.00198444
-0.00207359
-0.00220897
-0.00234469
-0.00244944
-0.00251322
0.0033576
0.00318806
0.00303027
0.00283758
0.00258137
0.00224693
0.00182719
0.00131883
0.000720337
3.12708e-05
-0.000747955
-0.00161612
-0.00257119
-0.00361026
-0.00472959
-0.0059246
-0.00718993
-0.00851952
-0.00990669
-0.0113443
-0.0128247
-0.0143401
-0.0158827
-0.0174444
-0.0190175
-0.0205943
-0.0221676
-0.0237304
-0.0252764
-0.0267997
-0.028295
-0.0297577
-0.0311835
-0.0325693
-0.033912
-0.0352096
-0.0364603
-0.037663
-0.0388172
-0.0399225
-0.040979
-0.0419872
-0.0429478
-0.0438615
-0.0447292
-0.0455521
-0.046331
-0.0470672
-0.0477614
-0.0484148
-0.049028
-0.049602
-0.0501374
-0.0506349
-0.0510949
-0.051518
-0.0519044
-0.0522547
-0.0525689
-0.0528475
-0.0530906
-0.0532985
-0.0534712
-0.0536091
-0.0537122
-0.0537809
-0.0538152
-0.0538155
-0.053781
-0.0537132
-0.0536123
-0.0534786
-0.0533124
-0.0531141
-0.0528839
-0.0526223
-0.0523295
-0.052006
-0.0516521
-0.0512682
-0.0508547
-0.050412
-0.0499404
-0.0494403
-0.048912
-0.0483557
-0.0477716
-0.0471598
-0.0465203
-0.045853
-0.0451573
-0.0444329
-0.0436787
-0.0428937
-0.042076
-0.0412236
-0.0403336
-0.0394026
-0.0384263
-0.0373995
-0.0363162
-0.0351693
-0.0339512
-0.0326533
-0.0312672
-0.0297847
-0.0281987
-0.0265047
-0.0247014
-0.0227929
-0.0207896
-0.0187102
-0.0165821
-0.0144425
-0.0123375
-0.0103206
-0.00844939
-0.00678077
-0.005365
-0.00423871
-0.00341814
-0.00289421
-0.00263114
-0.00257055
-0.00264168
-0.00277519
-0.00291543
-0.00303527
-0.00311022
0.00283003
0.00266485
0.00250753
0.00231175
0.00204896
0.00170442
0.00127099
0.000745329
0.000125977
-0.00058732
-0.00139386
-0.00229202
-0.00327928
-0.0043522
-0.00550646
-0.00673688
-0.0080375
-0.00940168
-0.0108222
-0.0122914
-0.0138014
-0.0153438
-0.0169106
-0.0184934
-0.0200845
-0.0216759
-0.0232606
-0.0248315
-0.0263824
-0.0279076
-0.029402
-0.0308611
-0.0322811
-0.033659
-0.0349922
-0.0362788
-0.0375175
-0.0387074
-0.0398482
-0.04094
-0.0419831
-0.0429781
-0.0439259
-0.0448274
-0.0456836
-0.0464958
-0.0472648
-0.047992
-0.0486781
-0.0493242
-0.0499311
-0.0504995
-0.0510302
-0.0515237
-0.0519804
-0.0524009
-0.0527854
-0.0531343
-0.0534478
-0.0537261
-0.0539695
-0.0541781
-0.0543521
-0.0544916
-0.0545969
-0.054668
-0.0547053
-0.0547089
-0.0546783
-0.0546146
-0.0545181
-0.0543891
-0.0542279
-0.0540347
-0.0538099
-0.0535538
-0.0532667
-0.052949
-0.052601
-0.0522231
-0.0518157
-0.0513791
-0.0509137
-0.0504198
-0.0498977
-0.0493477
-0.04877
-0.0481648
-0.047532
-0.0468718
-0.0461838
-0.0454676
-0.0447226
-0.0439479
-0.043142
-0.0423033
-0.0414293
-0.0405171
-0.0395627
-0.0385615
-0.0375079
-0.036395
-0.0352153
-0.0339602
-0.0326204
-0.0311869
-0.0296509
-0.0280057
-0.0262471
-0.0243757
-0.0223983
-0.0203295
-0.0181931
-0.0160234
-0.0138648
-0.0117706
-0.00980074
-0.00801671
-0.00647569
-0.0052231
-0.00428485
-0.00366096
-0.00332244
-0.00321367
-0.00326182
-0.00339156
-0.0035401
-0.00367001
-0.00375572
0.00222849
0.00206867
0.00191247
0.00171422
0.00144567
0.00109214
0.000646511
0.000105426
-0.000532481
-0.00126729
-0.00209801
-0.00302265
-0.00403825
-0.00514086
-0.0063256
-0.00758676
-0.00891784
-0.0103117
-0.0117606
-0.0132564
-0.0147908
-0.0163554
-0.0179415
-0.0195408
-0.0211453
-0.0227472
-0.0243392
-0.0259145
-0.0274669
-0.0289908
-0.0304815
-0.0319346
-0.0333468
-0.034715
-0.0360372
-0.0373117
-0.0385375
-0.0397141
-0.0408414
-0.0419196
-0.0429494
-0.0439315
-0.044867
-0.0457569
-0.0466023
-0.0474044
-0.0481644
-0.0488833
-0.0495621
-0.0502017
-0.0508029
-0.0513665
-0.051893
-0.0523831
-0.0528371
-0.0532554
-0.0536383
-0.0539862
-0.0542992
-0.0545775
-0.0548213
-0.0550307
-0.055206
-0.0553472
-0.0554545
-0.0555282
-0.0555683
-0.055575
-0.0555481
-0.0554884
-0.0553961
-0.0552716
-0.055115
-0.0549267
-0.0547069
-0.054456
-0.0541743
-0.0538621
-0.0535197
-0.0531475
-0.0527458
-0.052315
-0.0518553
-0.0513672
-0.0508509
-0.0503067
-0.0497348
-0.0491355
-0.0485088
-0.0478549
-0.0471736
-0.0464646
-0.0457275
-0.0449617
-0.0441661
-0.0433392
-0.0424791
-0.0415832
-0.0406482
-0.03967
-0.0386433
-0.0375619
-0.0364184
-0.0352043
-0.0339101
-0.032526
-0.031042
-0.0294494
-0.0277416
-0.0259159
-0.0239751
-0.0219298
-0.0197997
-0.0176155
-0.0154189
-0.0132625
-0.0112072
-0.00931817
-0.00765881
-0.00628294
-0.00522631
-0.0044987
-0.00407908
-0.00391612
-0.00393634
-0.00405921
-0.00421437
-0.00435403
-0.0044506
0.00155841
0.00140481
0.00125035
0.00105028
0.000776821
0.000415457
-4.08672e-05
-0.00059546
-0.0012496
-0.00200318
-0.00285496
-0.0038026
-0.00484271
-0.00597088
-0.00718175
-0.00846909
-0.00982592
-0.0112446
-0.012717
-0.0142346
-0.0157887
-0.0173706
-0.0189715
-0.020583
-0.0221968
-0.0238051
-0.0254008
-0.026977
-0.0285278
-0.0300478
-0.0315323
-0.0329773
-0.0343797
-0.0357368
-0.0370468
-0.0383083
-0.0395207
-0.0406836
-0.0417972
-0.0428621
-0.0438788
-0.0448485
-0.0457722
-0.0466511
-0.0474864
-0.0482793
-0.0490309
-0.0497422
-0.0504144
-0.0510482
-0.0516444
-0.0522037
-0.0527266
-0.0532137
-0.0536654
-0.0540819
-0.0544636
-0.0548106
-0.0551233
-0.0554017
-0.0556461
-0.0558564
-0.056033
-0.0561759
-0.0562852
-0.0563612
-0.056404
-0.0564138
-0.0563904
-0.0563344
-0.0562461
-0.0561258
-0.0559736
-0.05579
-0.055575
-0.0553291
-0.0550525
-0.0547455
-0.0544084
-0.0540416
-0.0536453
-0.05322
-0.0527658
-0.0522831
-0.0517722
-0.0512335
-0.050667
-0.0500732
-0.0494521
-0.0488039
-0.0481286
-0.047426
-0.0466959
-0.0459378
-0.045151
-0.0443344
-0.0434863
-0.0426047
-0.0416868
-0.0407289
-0.0397265
-0.0386737
-0.0375638
-0.0363883
-0.035138
-0.0338026
-0.0323712
-0.0308336
-0.0291809
-0.0274074
-0.0255123
-0.0235019
-0.0213917
-0.0192079
-0.0169892
-0.0147861
-0.0126596
-0.0106776
-0.00890862
-0.00741452
-0.00624068
-0.00540717
-0.00490191
-0.00467922
-0.00466637
-0.00477836
-0.00493691
-0.00508589
-0.00519406
0.000825904
0.00067929
0.000527136
0.000325903
4.83872e-05
-0.000319646
-0.000785142
-0.00135133
-0.0020194
-0.00278906
-0.00365882
-0.00462603
-0.00568691
-0.00683663
-0.0080694
-0.00937852
-0.0107566
-0.0121955
-0.0136867
-0.0152215
-0.0167908
-0.0183857
-0.0199971
-0.0216166
-0.0232358
-0.024847
-0.0264429
-0.0280171
-0.0295635
-0.031077
-0.0325531
-0.0339883
-0.0353794
-0.0367242
-0.0380211
-0.039269
-0.0404676
-0.0416167
-0.0427167
-0.0437683
-0.0447724
-0.0457301
-0.0466427
-0.0475112
-0.048337
-0.0491213
-0.0498652
-0.0505698
-0.051236
-0.0518645
-0.0524563
-0.0530118
-0.0535316
-0.0540161
-0.0544657
-0.0548807
-0.0552614
-0.0556078
-0.0559203
-0.0561989
-0.0564438
-0.0566551
-0.056833
-0.0569775
-0.0570888
-0.057167
-0.0572124
-0.0572251
-0.0572049
-0.0571525
-0.0570679
-0.0569516
-0.0568037
-0.0566244
-0.0564141
-0.0561729
-0.0559011
-0.0555991
-0.0552672
-0.0549055
-0.0545144
-0.0540942
-0.0536453
-0.0531678
-0.0526622
-0.0521286
-0.0515674
-0.0509787
-0.0503629
-0.04972
-0.0490501
-0.0483534
-0.0476295
-0.0468783
-0.0460993
-0.0452916
-0.044454
-0.0435848
-0.0426818
-0.0417419
-0.0407611
-0.0397342
-0.0386548
-0.0375153
-0.0363065
-0.0350181
-0.0336387
-0.0321569
-0.030562
-0.0288457
-0.0270036
-0.025038
-0.0229597
-0.0207905
-0.018565
-0.0163309
-0.0141483
-0.0120864
-0.0102184
-0.00861291
-0.00732493
-0.00638495
-0.0057907
-0.00550343
-0.00545253
-0.00554961
-0.00570882
-0.00586467
-0.0059862
3.76128e-05
-0.000101363
-0.000250656
-0.000452423
-0.000733135
-0.00110668
-0.00157985
-0.00215577
-0.0028355
-0.00361861
-0.00450337
-0.00548683
-0.00656488
-0.00773231
-0.00898291
-0.0103096
-0.0117046
-0.0131593
-0.0146651
-0.0162127
-0.017793
-0.0193966
-0.0210146
-0.0226383
-0.0242594
-0.0258702
-0.0274634
-0.0290327
-0.0305723
-0.0320772
-0.0335432
-0.0349669
-0.0363455
-0.037677
-0.0389602
-0.0401941
-0.0413786
-0.0425139
-0.0436005
-0.0446392
-0.0456311
-0.0465774
-0.0474793
-0.0483382
-0.0491552
-0.0499316
-0.0506684
-0.0513667
-0.0520274
-0.0526513
-0.053239
-0.0537912
-0.0543082
-0.0547904
-0.0552383
-0.055652
-0.0560318
-0.0563778
-0.0566901
-0.056969
-0.0572145
-0.0574267
-0.0576058
-0.0577518
-0.057865
-0.0579454
-0.0579932
-0.0580086
-0.0579915
-0.0579424
-0.0578614
-0.0577489
-0.0576049
-0.0574299
-0.0572239
-0.0569872
-0.0567201
-0.0564229
-0.0560958
-0.0557391
-0.055353
-0.0549379
-0.054494
-0.0540216
-0.0535209
-0.0529924
-0.0524361
-0.0518525
-0.0512416
-0.0506038
-0.0499392
-0.0492478
-0.0485297
-0.0477848
-0.0470127
-0.0462129
-0.0453845
-0.0445263
-0.0436364
-0.0427123
-0.0417505
-0.0407467
-0.0396951
-0.0385886
-0.0374185
-0.0361747
-0.0348457
-0.0334193
-0.0318835
-0.0302275
-0.0284441
-0.0265313
-0.0244956
-0.0223539
-0.0201362
-0.0178866
-0.0156632
-0.0135357
-0.0115803
-0.00987211
-0.00847482
-0.0074295
-0.00674427
-0.00638848
-0.00629512
-0.00637382
-0.00653234
-0.00669799
-0.00682971
-0.000799418
-0.00093021
-0.00107614
-0.00127781
-0.00156089
-0.00193882
-0.0024182
-0.00300204
-0.00369126
-0.00448529
-0.00538219
-0.00637874
-0.00747052
-0.008652
-0.0099166
-0.0112569
-0.0126647
-0.0141312
-0.0156474
-0.0172039
-0.0187911
-0.0203998
-0.0220207
-0.0236453
-0.025265
-0.0268724
-0.0284602
-0.0300222
-0.0315528
-0.0330473
-0.0345016
-0.0359126
-0.0372777
-0.0385953
-0.0398642
-0.0410839
-0.0422544
-0.0433759
-0.0444493
-0.0454756
-0.0464557
-0.0473911
-0.0482831
-0.0491328
-0.0499416
-0.0507106
-0.051441
-0.0521336
-0.0527894
-0.053409
-0.0539931
-0.0545422
-0.0550567
-0.0555369
-0.0559832
-0.0563958
-0.0567748
-0.0571204
-0.0574327
-0.0577118
-0.0579579
-0.058171
-0.0583512
-0.0584987
-0.0586136
-0.058696
-0.0587461
-0.058764
-0.0587498
-0.0587039
-0.0586263
-0.0585173
-0.0583772
-0.0582061
-0.0580042
-0.0577719
-0.0575093
-0.0572166
-0.0568942
-0.0565422
-0.056161
-0.0557508
-0.0553118
-0.0548443
-0.0543486
-0.0538249
-0.0532736
-0.0526948
-0.0520888
-0.0514559
-0.0507963
-0.0501101
-0.0493974
-0.0486583
-0.0478925
-0.0470999
-0.0462797
-0.0454312
-0.0445528
-0.0436426
-0.0426978
-0.0417146
-0.0406879
-0.0396113
-0.0384769
-0.0372749
-0.035994
-0.0346217
-0.0331448
-0.0315509
-0.02983
-0.0279765
-0.0259923
-0.0238896
-0.0216933
-0.0194431
-0.0171944
-0.0150159
-0.0129861
-0.0111852
-0.00968509
-0.00853718
-0.00776041
-0.00733321
-0.00719356
-0.00725043
-0.00740583
-0.007579
-0.00772175
-0.0016779
-0.00180006
-0.00194215
-0.00214315
-0.00242778
-0.00280902
-0.00329322
-0.00388324
-0.00457989
-0.00538244
-0.00628876
-0.00729542
-0.0083977
-0.00958978
-0.0108648
-0.0122149
-0.0136318
-0.0151064
-0.0166292
-0.0181907
-0.0197814
-0.0213916
-0.0230122
-0.0246345
-0.0262501
-0.0278514
-0.0294314
-0.0309841
-0.032504
-0.0339865
-0.0354278
-0.0368251
-0.038176
-0.0394791
-0.0407335
-0.0419388
-0.0430953
-0.0442033
-0.0452639
-0.0462781
-0.047247
-0.0481721
-0.0490546
-0.0498957
-0.0506969
-0.0514591
-0.0521835
-0.0528709
-0.0535221
-0.0541379
-0.0547187
-0.055265
-0.0557772
-0.0562557
-0.0567005
-0.057112
-0.0574904
-0.0578356
-0.0581478
-0.0584272
-0.0586738
-0.0588877
-0.059069
-0.0592179
-0.0593344
-0.0594187
-0.0594709
-0.0594912
-0.0594797
-0.0594367
-0.0593623
-0.0592567
-0.0591202
-0.0589528
-0.058755
-0.0585267
-0.0582684
-0.0579801
-0.0576622
-0.0573149
-0.0569383
-0.0565328
-0.0560986
-0.0556359
-0.0551451
-0.0546262
-0.0540797
-0.0535057
-0.0529046
-0.0522766
-0.0516218
-0.0509406
-0.0502332
-0.0494995
-0.0487397
-0.0479537
-0.047141
-0.0463012
-0.0454331
-0.0445353
-0.0436055
-0.0426405
-0.0416361
-0.0405866
-0.0394848
-0.0383215
-0.0370859
-0.0357653
-0.0343463
-0.0328148
-0.0311587
-0.0293692
-0.027444
-0.0253901
-0.0232274
-0.0209908
-0.0187318
-0.0165173
-0.0144267
-0.0125444
-0.0109495
-0.00970333
-0.00883587
-0.00833544
-0.00814626
-0.008178
-0.00832774
-0.00850688
-0.00866044
-0.00259044
-0.00270361
-0.00284144
-0.0030412
-0.00332661
-0.00371013
-0.00419783
-0.00479241
-0.00549454
-0.00630337
-0.00721658
-0.00823054
-0.00934031
-0.0105398
-0.0118219
-0.0131785
-0.0146009
-0.01608
-0.017606
-0.0191693
-0.02076
-0.0223687
-0.023986
-0.0256033
-0.0272122
-0.0288052
-0.0303754
-0.031917
-0.0334245
-0.0348938
-0.0363212
-0.037704
-0.0390402
-0.0403285
-0.0415682
-0.0427592
-0.0439018
-0.0449967
-0.0460448
-0.0470474
-0.0480056
-0.0489208
-0.0497944
-0.0506276
-0.0514216
-0.0521775
-0.0528964
-0.0535789
-0.054226
-0.0548381
-0.0554159
-0.0559597
-0.0564698
-0.0569466
-0.0573901
-0.0578007
-0.0581783
-0.0585232
-0.0588354
-0.059115
-0.059362
-0.0595767
-0.059759
-0.0599091
-0.0600271
-0.0601131
-0.0601673
-0.0601898
-0.0601809
-0.0601406
-0.0600692
-0.0599669
-0.0598337
-0.05967
-0.0594758
-0.0592515
-0.0589973
-0.0587132
-0.0583997
-0.0580568
-0.0576848
-0.0572839
-0.0568543
-0.0563964
-0.0559103
-0.0553962
-0.0548544
-0.0542853
-0.0536889
-0.0530657
-0.0524158
-0.0517396
-0.0510373
-0.050309
-0.0495549
-0.0487751
-0.0479694
-0.0471375
-0.0462787
-0.045392
-0.0444756
-0.0435269
-0.0425425
-0.0415173
-0.040445
-0.0393172
-0.0381237
-0.0368523
-0.035489
-0.0340193
-0.0324289
-0.0307065
-0.0288457
-0.026849
-0.0247308
-0.0225207
-0.0202658
-0.0180302
-0.0158929
-0.0139413
-0.0122609
-0.0109223
-0.00996641
-0.00939203
-0.0091508
-0.00915439
-0.00929601
-0.00947968
-0.00964361
-0.00352961
-0.00363352
-0.00376673
-0.00396471
-0.00425018
-0.00463503
-0.005125
-0.00572262
-0.00642843
-0.00724144
-0.0081592
-0.00917788
-0.0102924
-0.0114963
-0.0127824
-0.0141423
-0.0155672
-0.0170476
-0.0185737
-0.0201356
-0.0217236
-0.0233279
-0.0249394
-0.0265492
-0.0281492
-0.0297319
-0.0312907
-0.0328196
-0.0343136
-0.0357687
-0.0371813
-0.0385491
-0.0398702
-0.0411435
-0.0423685
-0.0435454
-0.0446744
-0.0457565
-0.0467926
-0.047784
-0.048732
-0.0496379
-0.0505031
-0.0513288
-0.0521161
-0.0528662
-0.0535798
-0.0542579
-0.0549011
-0.0555099
-0.0560849
-0.0566263
-0.0571344
-0.0576096
-0.0580519
-0.0584615
-0.0588385
-0.059183
-0.0594951
-0.0597749
-0.0600224
-0.0602377
-0.0604209
-0.0605721
-0.0606915
-0.0607792
-0.0608352
-0.0608597
-0.0608532
-0.0608155
-0.0607469
-0.0606475
-0.0605176
-0.0603572
-0.0601667
-0.0599461
-0.0596958
-0.0594158
-0.0591064
-0.0587678
-0.0584002
-0.0580038
-0.0575788
-0.0571255
-0.056644
-0.0561347
-0.0555977
-0.0550333
-0.0544417
-0.0538233
-0.0531784
-0.0525071
-0.0518098
-0.0510868
-0.0503383
-0.0495645
-0.0487654
-0.047941
-0.0470908
-0.0462141
-0.0453097
-0.0443757
-0.0434091
-0.0424058
-0.0413601
-0.0402648
-0.0391102
-0.0378846
-0.0365745
-0.0351648
-0.0336399
-0.0319861
-0.0301938
-0.0282608
-0.0261964
-0.0240245
-0.0217872
-0.0195449
-0.0173752
-0.0153672
-0.0136117
-0.0121877
-0.0111469
-0.010499
-0.010204
-0.0101768
-0.010308
-0.0104947
-0.0106684
-0.00448811
-0.00458258
-0.00471081
-0.00490654
-0.00519139
-0.00557667
-0.00606778
-0.00666704
-0.00737487
-0.00819015
-0.00911032
-0.0101314
-0.011248
-0.0124538
-0.0137411
-0.0151015
-0.0165259
-0.0180048
-0.0195282
-0.0210861
-0.0226687
-0.0242663
-0.0258696
-0.0274699
-0.0290591
-0.0306299
-0.0321757
-0.0336908
-0.0351703
-0.0366104
-0.0380077
-0.0393601
-0.0406659
-0.0419242
-0.0431347
-0.0442976
-0.0454134
-0.046483
-0.0475076
-0.0484884
-0.0494266
-0.0503237
-0.051181
-0.0519996
-0.0527807
-0.0535252
-0.0542341
-0.054908
-0.0555475
-0.0561532
-0.0567255
-0.0572647
-0.057771
-0.0582447
-0.0586858
-0.0590944
-0.0594708
-0.0598149
-0.0601269
-0.0604068
-0.0606546
-0.0608705
-0.0610545
-0.0612068
-0.0613274
-0.0614165
-0.0614742
-0.0615007
-0.0614964
-0.0614611
-0.0613951
-0.0612986
-0.0611717
-0.0610145
-0.0608274
-0.0606104
-0.0603637
-0.0600876
-0.0597822
-0.0594477
-0.0590843
-0.0586923
-0.0582718
-0.057823
-0.0573461
-0.0568414
-0.0563092
-0.0557495
-0.0551628
-0.0545493
-0.0539092
-0.0532429
-0.0525508
-0.0518331
-0.0510901
-0.0503222
-0.0495295
-0.0487121
-0.0478699
-0.0470025
-0.0461092
-0.0451883
-0.0442377
-0.0432541
-0.0422325
-0.0411666
-0.0400476
-0.0388647
-0.0376047
-0.0362525
-0.0347918
-0.033207
-0.0314855
-0.0296213
-0.0276182
-0.0254949
-0.0232875
-0.0210523
-0.0188643
-0.0168131
-0.0149936
-0.0134924
-0.0123714
-0.0116515
-0.0113017
-0.0112417
-0.0113604
-0.0115487
-0.0117314
-0.00545882
-0.00554372
-0.00566667
-0.00585969
-0.0061433
-0.00652819
-0.00701941
-0.00761905
-0.0083274
-0.00914322
-0.0100638
-0.0110852
-0.0122017
-0.0134069
-0.0146929
-0.0160513
-0.0174727
-0.0189475
-0.0204658
-0.0220173
-0.0235923
-0.025181
-0.0267742
-0.0283633
-0.0299401
-0.0314976
-0.0330293
-0.0345296
-0.0359939
-0.0374184
-0.0388001
-0.0401369
-0.0414274
-0.0426708
-0.043867
-0.0450162
-0.0461191
-0.0471767
-0.0481902
-0.0491608
-0.0500898
-0.0509786
-0.0518284
-0.0526403
-0.0534155
-0.0541549
-0.0548592
-0.0555291
-0.0561653
-0.0567681
-0.0573378
-0.0578749
-0.0583794
-0.0588516
-0.0592915
-0.0596993
-0.060075
-0.0604187
-0.0607305
-0.0610104
-0.0612585
-0.0614749
-0.0616597
-0.0618129
-0.0619346
-0.0620251
-0.0620844
-0.0621126
-0.0621103
-0.0620773
-0.0620138
-0.0619199
-0.0617958
-0.0616417
-0.0614577
-0.0612441
-0.061001
-0.0607285
-0.0604269
-0.0600964
-0.0597372
-0.0593493
-0.0589331
-0.0584888
-0.0580164
-0.0575163
-0.0569887
-0.0564338
-0.0558519
-0.0552433
-0.0546082
-0.053947
-0.05326
-0.0525476
-0.0518101
-0.051048
-0.0502616
-0.049451
-0.0486165
-0.0477578
-0.0468746
-0.0459658
-0.0450298
-0.0440639
-0.0430641
-0.0420248
-0.0409384
-0.0397948
-0.0385816
-0.0372839
-0.0358852
-0.0343686
-0.0327191
-0.030927
-0.0289913
-0.0269251
-0.0247589
-0.0225435
-0.0203508
-0.0182697
-0.0163979
-0.0148286
-0.0136334
-0.012844
-0.0124395
-0.0123451
-0.0124493
-0.0126379
-0.012829
-0.00643485
-0.00651014
-0.00662756
-0.00681744
-0.00709924
-0.007483
-0.00797337
-0.00857225
-0.00927977
-0.0100946
-0.0110139
-0.0120336
-0.013148
-0.0143504
-0.015633
-0.0169871
-0.0184033
-0.0198719
-0.0213829
-0.022926
-0.0244914
-0.0260695
-0.0276509
-0.0292273
-0.0307905
-0.0323336
-0.0338503
-0.0353351
-0.0367836
-0.0381922
-0.0395581
-0.0408793
-0.0421545
-0.0433832
-0.0445654
-0.0457013
-0.0467918
-0.0478378
-0.0488407
-0.0498015
-0.0507218
-0.0516026
-0.0524454
-0.053251
-0.0540207
-0.0547552
-0.0554552
-0.0561214
-0.0567543
-0.0573543
-0.0579217
-0.0584567
-0.0589595
-0.0594302
-0.059869
-0.0602759
-0.0606509
-0.0609942
-0.0613058
-0.0615857
-0.061834
-0.0620508
-0.0622362
-0.0623902
-0.062513
-0.0626047
-0.0626654
-0.0626953
-0.0626949
-0.062664
-0.0626028
-0.0625113
-0.0623899
-0.0622386
-0.0620577
-0.0618472
-0.0616074
-0.0613385
-0.0610406
-0.0607138
-0.0603585
-0.0599747
-0.0595627
-0.0591227
-0.0586547
-0.0581592
-0.0576362
-0.057086
-0.0565089
-0.0559051
-0.055275
-0.0546189
-0.0539371
-0.05323
-0.0524982
-0.0517419
-0.0509617
-0.0501578
-0.0493307
-0.0484803
-0.0476066
-0.0467089
-0.0457862
-0.0448364
-0.0438563
-0.0428412
-0.0417844
-0.0406768
-0.039507
-0.0382607
-0.0369212
-0.0354711
-0.0338935
-0.0321754
-0.0303117
-0.0283097
-0.0261942
-0.0240105
-0.021826
-0.019728
-0.0178159
-0.0161883
-0.0149256
-0.0140704
-0.0136119
-0.0134821
-0.0135702
-0.0137576
-0.0139562
-0.00740968
-0.00747536
-0.00758701
-0.00777336
-0.0080528
-0.00843475
-0.00892345
-0.00952054
-0.010226
-0.0110385
-0.011955
-0.0129714
-0.0140819
-0.0152797
-0.0165569
-0.0179048
-0.0193139
-0.0207744
-0.0222761
-0.0238091
-0.0253634
-0.0269293
-0.0284977
-0.0300601
-0.0316088
-0.0331366
-0.0346376
-0.0361065
-0.0375389
-0.0389314
-0.0402813
-0.041587
-0.0428472
-0.0440615
-0.04523
-0.046353
-0.0474315
-0.0484665
-0.0494592
-0.0504108
-0.0513227
-0.052196
-0.0530321
-0.0538318
-0.0545962
-0.0553261
-0.0560221
-0.0566848
-0.0573146
-0.0579119
-0.058477
-0.05901
-0.0595111
-0.0599805
-0.0604181
-0.0608241
-0.0611984
-0.0615412
-0.0618526
-0.0621324
-0.0623809
-0.062598
-0.0627839
-0.0629387
-0.0630625
-0.0631553
-0.0632173
-0.0632487
-0.06325
-0.0632211
-0.063162
-0.0630729
-0.0629539
-0.0628053
-0.0626272
-0.0624197
-0.062183
-0.0619174
-0.0616229
-0.0612998
-0.0609483
-0.0605684
-0.0601604
-0.0597245
-0.0592609
-0.0587697
-0.0582513
-0.0577058
-0.0571334
-0.0565345
-0.0559094
-0.0552584
-0.0545818
-0.0538802
-0.053154
-0.0524035
-0.0516295
-0.0508323
-0.0500123
-0.0491699
-0.0483052
-0.0474181
-0.0465077
-0.0455726
-0.0446105
-0.0436173
-0.0425874
-0.0415128
-0.040383
-0.0391845
-0.0379012
-0.0365151
-0.0350082
-0.0333648
-0.031576
-0.0296439
-0.0275873
-0.0254456
-0.0232815
-0.0211793
-0.0192388
-0.0175632
-0.0162405
-0.0153239
-0.0148131
-0.0146474
-0.0147182
-0.0149031
-0.0151083
-0.00837712
-0.00843327
-0.00853892
-0.00872135
-0.00899794
-0.00937745
-0.00986372
-0.0104581
-0.0111606
-0.0119695
-0.0128819
-0.0138935
-0.0149985
-0.0161902
-0.0174604
-0.0188003
-0.0202007
-0.0216514
-0.0231425
-0.0246639
-0.0262057
-0.0277582
-0.0293125
-0.0308601
-0.0323934
-0.0339054
-0.0353903
-0.0368429
-0.038259
-0.0396354
-0.0409696
-0.0422599
-0.0435054
-0.0447057
-0.0458609
-0.0469715
-0.0480385
-0.0490628
-0.0500458
-0.0509886
-0.0518926
-0.0527588
-0.0535885
-0.0543826
-0.0551421
-0.0558676
-0.0565597
-0.057219
-0.0578459
-0.0584407
-0.0590036
-0.0595347
-0.0600342
-0.0605021
-0.0609386
-0.0613437
-0.0617173
-0.0620597
-0.0623707
-0.0626505
-0.062899
-0.0631165
-0.0633028
-0.0634583
-0.0635829
-0.0636767
-0.0637399
-0.0637726
-0.0637756
-0.0637485
-0.0636913
-0.0636044
-0.0634877
-0.0633416
-0.0631661
-0.0629614
-0.0627277
-0.0624652
-0.062174
-0.0618543
-0.0615063
-0.0611302
-0.0607261
-0.0602942
-0.0598347
-0.0593479
-0.0588338
-0.0582929
-0.0577252
-0.0571312
-0.056511
-0.0558651
-0.0551939
-0.0544977
-0.0537771
-0.0530325
-0.0522647
-0.051474
-0.0506612
-0.0498266
-0.0489706
-0.0480933
-0.0471944
-0.046273
-0.0453273
-0.0443541
-0.0433487
-0.0423042
-0.0412111
-0.040057
-0.0388265
-0.0375015
-0.0360633
-0.0344942
-0.0327819
-0.0309237
-0.0289327
-0.0268423
-0.0247094
-0.0226149
-0.020658
-0.0189447
-0.0175703
-0.0165975
-0.0160367
-0.0158352
-0.0158876
-0.0160688
-0.0162796
-0.00933144
-0.00937814
-0.00947758
-0.0096557
-0.00992895
-0.0103055
-0.0107886
-0.0113796
-0.0120781
-0.0128824
-0.0137895
-0.0147952
-0.0158935
-0.0170775
-0.0183393
-0.0196701
-0.0210602
-0.0224999
-0.0239791
-0.0254878
-0.027016
-0.0285542
-0.0300936
-0.0316257
-0.0331431
-0.0346389
-0.0361074
-0.0375436
-0.0389435
-0.0403039
-0.0416226
-0.0428979
-0.044129
-0.0453156
-0.046458
-0.0475567
-0.0486126
-0.0496268
-0.0506006
-0.051535
-0.0524315
-0.053291
-0.0541147
-0.0549035
-0.0556582
-0.0563795
-0.057068
-0.0577242
-0.0583482
-0.0589405
-0.0595012
-0.0600305
-0.0605284
-0.060995
-0.0614304
-0.0618346
-0.0622075
-0.0625493
-0.0628601
-0.0631397
-0.0633883
-0.063606
-0.0637928
-0.0639488
-0.0640741
-0.0641689
-0.0642332
-0.0642672
-0.0642716
-0.0642461
-0.0641908
-0.0641058
-0.0639913
-0.0638475
-0.0636744
-0.0634723
-0.0632414
-0.0629818
-0.0626937
-0.0623772
-0.0620326
-0.06166
-0.0612596
-0.0608316
-0.0603761
-0.0598934
-0.0593837
-0.0588472
-0.0582841
-0.0576948
-0.0570796
-0.0564388
-0.0557728
-0.0550821
-0.0543671
-0.0536285
-0.0528668
-0.0520827
-0.0512769
-0.0504499
-0.0496024
-0.0487346
-0.0478466
-0.0469379
-0.0460073
-0.0450524
-0.0440694
-0.0430524
-0.041993
-0.0408799
-0.0396985
-0.0384313
-0.0370592
-0.0355631
-0.0339276
-0.0321461
-0.0302259
-0.0281943
-0.0261026
-0.024027
-0.0220651
-0.0203247
-0.0189069
-0.0178838
-0.0172759
-0.0170394
-0.0170727
-0.017249
-0.0174645
-0.0102675
-0.0103046
-0.0103977
-0.0105711
-0.0108405
-0.0112135
-0.011693
-0.0122799
-0.0129736
-0.0137725
-0.0146735
-0.0156721
-0.0167626
-0.0179379
-0.0191902
-0.0205105
-0.0218894
-0.023317
-0.0247833
-0.0262783
-0.0277921
-0.0293154
-0.0308393
-0.0323555
-0.0338566
-0.0353361
-0.0367882
-0.038208
-0.0395918
-0.0409365
-0.0422399
-0.0435006
-0.0447178
-0.0458913
-0.0470213
-0.0481086
-0.049154
-0.0501586
-0.0511235
-0.05205
-0.0529393
-0.0537925
-0.0546105
-0.0553942
-0.0561445
-0.0568619
-0.0575469
-0.0581999
-0.0588213
-0.0594113
-0.0599699
-0.0604974
-0.0609937
-0.061459
-0.0618933
-0.0622966
-0.0626688
-0.0630102
-0.0633205
-0.0636
-0.0638487
-0.0640665
-0.0642537
-0.0644102
-0.0645362
-0.0646318
-0.0646971
-0.0647322
-0.064738
-0.0647141
-0.0646604
-0.0645772
-0.0644647
-0.0643229
-0.0641522
-0.0639525
-0.0637241
-0.0634672
-0.063182
-0.0628685
-0.0625271
-0.0621578
-0.0617609
-0.0613365
-0.0608849
-0.0604062
-0.0599006
-0.0593684
-0.0588099
-0.0582252
-0.0576149
-0.0569791
-0.0563183
-0.055633
-0.0549237
-0.0541909
-0.0534355
-0.0526579
-0.051859
-0.0510396
-0.0502002
-0.0493416
-0.0484639
-0.0475672
-0.0466507
-0.0457127
-0.0447502
-0.0437583
-0.0427297
-0.0416543
-0.0405185
-0.0393057
-0.0379966
-0.0365712
-0.035012
-0.0333085
-0.031463
-0.0294966
-0.0274546
-0.0254081
-0.0234519
-0.0216947
-0.0202424
-0.0191752
-0.0185238
-0.0182533
-0.0182672
-0.0184377
-0.0186569
-0.0111809
-0.0112076
-0.0112942
-0.0114625
-0.0117277
-0.0120967
-0.012572
-0.0131543
-0.0138427
-0.0146354
-0.0155294
-0.0165202
-0.017602
-0.0187678
-0.0200096
-0.0213186
-0.0226854
-0.0241001
-0.0255527
-0.0270334
-0.0285323
-0.0300401
-0.0315481
-0.0330482
-0.034533
-0.035996
-0.0374317
-0.0388355
-0.0402035
-0.0415328
-0.0428214
-0.0440679
-0.0452717
-0.0464325
-0.0475508
-0.0486272
-0.0496625
-0.0506579
-0.0516145
-0.0525335
-0.0534161
-0.0542632
-0.0550758
-0.0558548
-0.0566008
-0.0573144
-0.0579961
-0.0586462
-0.059265
-0.0598527
-0.0604094
-0.0609351
-0.06143
-0.061894
-0.0623272
-0.0627296
-0.0631012
-0.063442
-0.063752
-0.0640313
-0.06428
-0.064498
-0.0646855
-0.0648425
-0.0649691
-0.0650654
-0.0651316
-0.0651677
-0.0651748
-0.0651522
-0.0651001
-0.0650186
-0.0649078
-0.064768
-0.0645993
-0.0644018
-0.0641758
-0.0639214
-0.0636388
-0.0633282
-0.0629897
-0.0626236
-0.0622299
-0.061809
-0.061361
-0.0608861
-0.0603845
-0.0598564
-0.0593022
-0.0587221
-0.0581165
-0.0574856
-0.05683
-0.05615
-0.0554463
-0.0547194
-0.0539701
-0.053199
-0.0524071
-0.051595
-0.0507637
-0.0499139
-0.0490462
-0.0481608
-0.0472575
-0.0463351
-0.0453915
-0.0444226
-0.0434223
-0.0423815
-0.0412879
-0.0401258
-0.0388763
-0.0375189
-0.0360345
-0.0344093
-0.0326409
-0.0307447
-0.0287595
-0.0267512
-0.0248109
-0.0230469
-0.0215688
-0.0204641
-0.0197732
-0.0194704
-0.0194647
-0.0196286
-0.0198506
-0.0120665
-0.0120845
-0.012163
-0.0123254
-0.0125858
-0.0129504
-0.0134212
-0.0139984
-0.014681
-0.0154671
-0.0163536
-0.0173359
-0.0184082
-0.0195637
-0.0207944
-0.0220914
-0.0234454
-0.0248466
-0.0262851
-0.0277509
-0.0292346
-0.0307267
-0.0322187
-0.0337025
-0.035171
-0.0366178
-0.0380375
-0.0394254
-0.040778
-0.0420924
-0.0433667
-0.0445995
-0.0457904
-0.0469392
-0.0480462
-0.0491122
-0.050138
-0.0511248
-0.0520735
-0.0529854
-0.0538616
-0.054703
-0.0555105
-0.056285
-0.057027
-0.057737
-0.0584156
-0.0590629
-0.0596792
-0.0602647
-0.0608195
-0.0613436
-0.061837
-0.0622998
-0.062732
-0.0631335
-0.0635044
-0.0638447
-0.0641544
-0.0644336
-0.0646822
-0.0649004
-0.0650881
-0.0652455
-0.0653726
-0.0654697
-0.0655366
-0.0655737
-0.0655819
-0.0655606
-0.0655098
-0.0654298
-0.0653207
-0.0651826
-0.0650158
-0.0648204
-0.0645965
-0.0643444
-0.0640642
-0.0637562
-0.0634204
-0.0630572
-0.0626666
-0.0622489
-0.0618043
-0.061333
-0.0608351
-0.0603111
-0.059761
-0.0591853
-0.0585842
-0.0579581
-0.0573075
-0.0566328
-0.0559345
-0.0552135
-0.0544702
-0.0537056
-0.0529204
-0.0521156
-0.0512922
-0.050451
-0.0495929
-0.0487183
-0.0478274
-0.0469197
-0.0459935
-0.0450458
-0.0440713
-0.0430623
-0.0420076
-0.0408926
-0.0396991
-0.0384066
-0.0369947
-0.035447
-0.0337571
-0.0319346
-0.0300124
-0.0280502
-0.026135
-0.0243737
-0.0228784
-0.0217429
-0.0210169
-0.0206838
-0.0206587
-0.0208153
-0.0210393
-0.0129211
-0.0129332
-0.0129984
-0.0131552
-0.0134106
-0.0137706
-0.0142366
-0.0148084
-0.0154849
-0.0162639
-0.0171423
-0.0181157
-0.0191782
-0.0203229
-0.0215419
-0.0228264
-0.0241672
-0.0255545
-0.0269784
-0.0284293
-0.0298974
-0.0313738
-0.0328498
-0.0343176
-0.03577
-0.0372008
-0.0386047
-0.0399772
-0.0413148
-0.0426149
-0.0438754
-0.0450952
-0.0462738
-0.0474111
-0.0485075
-0.0495636
-0.0505805
-0.051559
-0.0525003
-0.0534055
-0.0542757
-0.0551117
-0.0559144
-0.0566846
-0.0574228
-0.0581295
-0.058805
-0.0594497
-0.0600637
-0.0606471
-0.0612001
-0.0617226
-0.0622146
-0.0626763
-0.0631075
-0.0635082
-0.0638785
-0.0642183
-0.0645277
-0.0648067
-0.0650553
-0.0652735
-0.0654615
-0.0656193
-0.0657469
-0.0658446
-0.0659123
-0.0659502
-0.0659594
-0.0659391
-0.0658896
-0.065811
-0.0657033
-0.0655668
-0.0654017
-0.0652081
-0.0649862
-0.0647362
-0.0644582
-0.0641525
-0.0638193
-0.0634587
-0.0630709
-0.0626562
-0.0622147
-0.0617467
-0.0612525
-0.0607321
-0.060186
-0.0596144
-0.0590177
-0.0583963
-0.0577505
-0.0570809
-0.056388
-0.0556726
-0.0549353
-0.0541769
-0.0533985
-0.0526009
-0.0517852
-0.0509524
-0.0501035
-0.0492392
-0.0483602
-0.0474661
-0.0465562
-0.0456279
-0.0446772
-0.0436973
-0.0426785
-0.041607
-0.0404659
-0.0392348
-0.0378926
-0.036421
-0.0348097
-0.0330634
-0.0312088
-0.0292995
-0.0274177
-0.0256679
-0.0241637
-0.0230044
-0.0222478
-0.0218867
-0.0218428
-0.0219917
-0.0222167
-0.0137396
-0.0137445
-0.0138037
-0.0139478
-0.0141982
-0.0145534
-0.0150144
-0.0155807
-0.0162508
-0.0170225
-0.0178926
-0.0188567
-0.0199089
-0.0210425
-0.0222495
-0.0235212
-0.0248485
-0.0262217
-0.027631
-0.0290667
-0.0305195
-0.0319801
-0.0334403
-0.0348922
-0.0363288
-0.0377441
-0.0391327
-0.0404904
-0.0418136
-0.0430999
-0.0443473
-0.0455547
-0.0467216
-0.0478481
-0.0489344
-0.0499813
-0.0509896
-0.0519604
-0.0528948
-0.0537937
-0.0546582
-0.0554892
-0.0562874
-0.0570535
-0.0577881
-0.0584916
-0.0591643
-0.0598065
-0.0604183
-0.0609997
-0.061551
-0.062072
-0.0625627
-0.0630233
-0.0634535
-0.0638535
-0.0642232
-0.0645626
-0.0648717
-0.0651505
-0.0653991
-0.0656174
-0.0658057
-0.0659638
-0.0660919
-0.0661901
-0.0662584
-0.0662971
-0.0663072
-0.0662879
-0.0662395
-0.066162
-0.0660557
-0.0659206
-0.065757
-0.065565
-0.0653449
-0.0650967
-0.0648207
-0.0645171
-0.0641861
-0.0638279
-0.0634428
-0.0630308
-0.0625922
-0.0621273
-0.0616363
-0.0611195
-0.0605771
-0.0600094
-0.0594169
-0.0587998
-0.0581586
-0.0574939
-0.0568063
-0.0560963
-0.0553648
-0.0546126
-0.0538407
-0.0530501
-0.0522419
-0.0514173
-0.0505773
-0.049723
-0.0488552
-0.047974
-0.0470792
-0.046169
-0.0452402
-0.044287
-0.043301
-0.0422699
-0.0411774
-0.0400041
-0.0387285
-0.0373307
-0.0357973
-0.0341285
-0.032345
-0.0304942
-0.028653
-0.026923
-0.0254179
-0.0242413
-0.0234589
-0.0230724
-0.0230105
-0.0231512
-0.0233765
-0.014518
-0.0145159
-0.014571
-0.0147045
-0.0149453
-0.0152956
-0.0157515
-0.0163121
-0.0169757
-0.01774
-0.0186016
-0.0195562
-0.020598
-0.0217202
-0.022915
-0.0241738
-0.0254875
-0.0268465
-0.0282411
-0.0296618
-0.0310993
-0.0325445
-0.0339892
-0.0354256
-0.0368469
-0.0382471
-0.039621
-0.0409644
-0.042274
-0.0435471
-0.044782
-0.0459777
-0.0471337
-0.0482498
-0.0493267
-0.0503649
-0.0513653
-0.0523289
-0.0532567
-0.0541497
-0.0550089
-0.0558351
-0.0566291
-0.0573915
-0.0581227
-0.0588232
-0.0594933
-0.0601331
-0.0607428
-0.0613224
-0.061872
-0.0623916
-0.0628812
-0.0633407
-0.0637701
-0.0641694
-0.0645386
-0.0648775
-0.0651864
-0.0654651
-0.0657136
-0.0659321
-0.0661205
-0.066279
-0.0664075
-0.0665062
-0.0665751
-0.0666144
-0.0666252
-0.0666069
-0.0665594
-0.0664831
-0.0663779
-0.066244
-0.0660818
-0.0658912
-0.0656725
-0.065426
-0.0651518
-0.0648501
-0.0645211
-0.064165
-0.0637821
-0.0633726
-0.0629367
-0.0624746
-0.0619867
-0.061473
-0.060934
-0.06037
-0.0597814
-0.0591684
-0.0585317
-0.0578716
-0.0571889
-0.0564842
-0.0557583
-0.0550121
-0.0542465
-0.0534627
-0.0526618
-0.0518451
-0.0510137
-0.050169
-0.0493118
-0.0484429
-0.0475622
-0.0466688
-0.0457601
-0.0448316
-0.0438758
-0.0428817
-0.0418344
-0.0407151
-0.0395026
-0.0381759
-0.036719
-0.0351279
-0.0334178
-0.0316301
-0.0298358
-0.0281328
-0.0266341
-0.025447
-0.0246436
-0.0242345
-0.0241555
-0.0242879
-0.0245127
-0.0152534
-0.0152442
-0.0152944
-0.0154249
-0.0156512
-0.0159942
-0.016445
-0.0169999
-0.017657
-0.0184138
-0.0192669
-0.0202119
-0.0212431
-0.0223539
-0.0235364
-0.0247823
-0.0260824
-0.0274273
-0.0288074
-0.0302133
-0.0316358
-0.0330659
-0.0344954
-0.0359169
-0.0373235
-0.0387092
-0.0400691
-0.0413989
-0.0426954
-0.0439561
-0.0451793
-0.046364
-0.0475096
-0.0486162
-0.0496842
-0.0507142
-0.0517072
-0.0526641
-0.0535858
-0.0544734
-0.0553276
-0.0561494
-0.0569395
-0.0576983
-0.0584264
-0.0591241
-0.0597916
-0.0604293
-0.061037
-0.0616149
-0.0621631
-0.0626814
-0.0631699
-0.0636284
-0.0640571
-0.0644557
-0.0648244
-0.065163
-0.0654717
-0.0657502
-0.0659988
-0.0662174
-0.066406
-0.0665648
-0.0666937
-0.0667929
-0.0668624
-0.0669023
-0.0669135
-0.066896
-0.0668494
-0.066774
-0.0666698
-0.0665371
-0.0663759
-0.0661866
-0.0659692
-0.0657241
-0.0654514
-0.0651513
-0.0648241
-0.0644699
-0.0640891
-0.0636817
-0.0632481
-0.0627886
-0.0623033
-0.0617926
-0.0612568
-0.0606961
-0.060111
-0.0595019
-0.0588693
-0.0582136
-0.0575356
-0.0568359
-0.0561153
-0.0553748
-0.0546154
-0.0538381
-0.0530442
-0.0522351
-0.0514121
-0.0505765
-0.0497295
-0.0488721
-0.0480047
-0.0471269
-0.0462369
-0.045331
-0.0444029
-0.0434429
-0.0424373
-0.0413684
-0.0402154
-0.0389565
-0.037574
-0.0360601
-0.0344248
-0.0327035
-0.0309613
-0.0292918
-0.0278065
-0.0266149
-0.0257955
-0.0253665
-0.0252716
-0.0253956
-0.0256194
-0.015943
-0.0159268
-0.0159717
-0.0160982
-0.0163214
-0.0166488
-0.0170926
-0.0176418
-0.0182925
-0.0190418
-0.0198863
-0.0208217
-0.0218424
-0.0229417
-0.0241121
-0.0253451
-0.0266317
-0.0279627
-0.0293286
-0.03072
-0.0321279
-0.0335433
-0.0349583
-0.0363654
-0.0377578
-0.0391298
-0.0404763
-0.0417933
-0.0430776
-0.0443266
-0.0455388
-0.0467131
-0.0478491
-0.0489468
-0.0500066
-0.0510291
-0.0520153
-0.0529659
-0.0538819
-0.0547644
-0.0556141
-0.0564318
-0.0572182
-0.0579737
-0.0586989
-0.059394
-0.0600593
-0.0606949
-0.0613008
-0.0618772
-0.062424
-0.0629411
-0.0634286
-0.0638863
-0.0643143
-0.0647124
-0.0650807
-0.065419
-0.0657275
-0.066006
-0.0662546
-0.0664733
-0.0666622
-0.0668212
-0.0669505
-0.0670501
-0.0671201
-0.0671607
-0.067172
-0.0671553
-0.0671095
-0.0670349
-0.0669316
-0.0667997
-0.0666395
-0.0664512
-0.066235
-0.065991
-0.0657196
-0.0654209
-0.0650952
-0.0647426
-0.0643635
-0.063958
-0.0635265
-0.0630691
-0.0625863
-0.0620781
-0.0615451
-0.0609874
-0.0604056
-0.0598
-0.0591712
-0.0585196
-0.0578459
-0.0571509
-0.0564354
-0.0557003
-0.0549466
-0.0541756
-0.0533885
-0.0525866
-0.0517716
-0.0509447
-0.0501074
-0.049261
-0.0484061
-0.0475428
-0.0466701
-0.045785
-0.0448824
-0.0439537
-0.0429866
-0.0419645
-0.0408672
-0.0396728
-0.038362
-0.0369239
-0.0353638
-0.0337112
-0.0320254
-0.030395
-0.0289294
-0.0277394
-0.0269084
-0.0264627
-0.026353
-0.0264688
-0.0266909
-0.016585
-0.0165619
-0.0166012
-0.016723
-0.0169422
-0.0172659
-0.0176954
-0.0182358
-0.0188802
-0.0196221
-0.0204581
-0.021384
-0.0223942
-0.0234822
-0.0246405
-0.0258608
-0.0271342
-0.0284516
-0.0298036
-0.031181
-0.0325747
-0.033976
-0.0353771
-0.0367704
-0.0381494
-0.0395084
-0.0408423
-0.0421473
-0.0434201
-0.0446583
-0.0458602
-0.047025
-0.0481521
-0.0492415
-0.0502937
-0.0513093
-0.0522891
-0.053234
-0.0541448
-0.0550226
-0.0558681
-0.056682
-0.057465
-0.0582176
-0.0589401
-0.0596328
-0.060296
-0.0609297
-0.0615341
-0.062109
-0.0626546
-0.0631707
-0.0636573
-0.0641143
-0.0645417
-0.0649393
-0.0653073
-0.0656454
-0.0659537
-0.0662322
-0.0664809
-0.0666998
-0.0668889
-0.0670482
-0.0671778
-0.0672778
-0.0673482
-0.0673893
-0.067401
-0.0673849
-0.0673398
-0.0672658
-0.0671631
-0.067032
-0.0668726
-0.0666851
-0.0664698
-0.0662268
-0.0659564
-0.0656588
-0.0653343
-0.0649831
-0.0646054
-0.0642015
-0.0637717
-0.0633162
-0.0628354
-0.0623295
-0.0617989
-0.0612439
-0.060665
-0.0600626
-0.0594371
-0.0587892
-0.0581196
-0.0574289
-0.0567181
-0.055988
-0.0552398
-0.0544747
-0.0536939
-0.052899
-0.0520915
-0.051273
-0.0504449
-0.0496088
-0.0487656
-0.0479159
-0.0470592
-0.0461933
-0.0453141
-0.0444142
-0.0434825
-0.0425036
-0.0414583
-0.0403249
-0.0390827
-0.0377185
-0.0362332
-0.0346509
-0.0330248
-0.0314382
-0.0299978
-0.0288147
-0.0279768
-0.0275173
-0.0273943
-0.0275019
-0.0277219
-0.0171779
-0.017148
-0.0171815
-0.0172982
-0.0175129
-0.0178322
-0.0182573
-0.0187864
-0.0194188
-0.0201534
-0.0209809
-0.0218973
-0.0228972
-0.023974
-0.0251204
-0.0263282
-0.0275888
-0.0288929
-0.0302314
-0.0315952
-0.0329754
-0.0343633
-0.035751
-0.0371313
-0.0384977
-0.0398444
-0.0411666
-0.0424604
-0.0437225
-0.0449507
-0.0461432
-0.0472991
-0.0484181
-0.0495
-0.0505452
-0.0515545
-0.0525285
-0.0534681
-0.0543743
-0.0552478
-0.0560894
-0.0568999
-0.0576798
-0.0584297
-0.0591497
-0.0598403
-0.0605016
-0.0611337
-0.0617366
-0.0623103
-0.0628548
-0.06337
-0.0638558
-0.0643122
-0.0647391
-0.0651364
-0.0655041
-0.0658421
-0.0661504
-0.0664289
-0.0666777
-0.0668968
-0.0670861
-0.0672457
-0.0673756
-0.067476
-0.0675468
-0.0675882
-0.0676003
-0.0675847
-0.0675401
-0.0674667
-0.0673646
-0.067234
-0.0670752
-0.0668884
-0.0666737
-0.0664314
-0.0661618
-0.0658651
-0.0655415
-0.0651913
-0.0648148
-0.0644121
-0.0639837
-0.0635298
-0.0630507
-0.0625467
-0.0620181
-0.0614654
-0.060889
-0.0602893
-0.0596669
-0.0590223
-0.0583563
-0.0576695
-0.0569629
-0.0562375
-0.0554944
-0.0547347
-0.05396
-0.0531716
-0.0523712
-0.0515605
-0.0507412
-0.0499147
-0.0490826
-0.0482456
-0.0474037
-0.0465556
-0.0456978
-0.0448243
-0.0439251
-0.0429861
-0.0419892
-0.040913
-0.0397362
-0.0384434
-0.0370319
-0.0355204
-0.0339563
-0.0324176
-0.0310072
-0.0298361
-0.0289955
-0.0285251
-0.0283903
-0.02849
-0.0287074
-0.0177205
-0.0176843
-0.0177118
-0.017823
-0.0180326
-0.0183472
-0.0187674
-0.019291
-0.0199154
-0.0206368
-0.0214534
-0.0223604
-0.0233504
-0.024416
-0.0255508
-0.0267465
-0.0279944
-0.0292857
-0.0306113
-0.0319621
-0.0333293
-0.0347044
-0.0360795
-0.0374476
-0.0388021
-0.0401374
-0.0414488
-0.0427322
-0.0439846
-0.0452035
-0.0463875
-0.0475354
-0.0486469
-0.0497219
-0.0507609
-0.0517644
-0.0527332
-0.053668
-0.0545699
-0.0554396
-0.0562778
-0.0570852
-0.0578623
-0.0586097
-0.0593276
-0.0600163
-0.0606759
-0.0613065
-0.0619081
-0.0624807
-0.0630243
-0.0635388
-0.064024
-0.06448
-0.0649065
-0.0653036
-0.0656711
-0.0660091
-0.0663174
-0.066596
-0.066845
-0.0670643
-0.0672538
-0.0674137
-0.067544
-0.0676446
-0.0677158
-0.0677576
-0.06777
-0.0677548
-0.0677106
-0.0676376
-0.0675359
-0.0674057
-0.0672473
-0.0670609
-0.0668467
-0.066605
-0.0663359
-0.0660398
-0.0657169
-0.0653674
-0.0649917
-0.06459
-0.0641626
-0.0637098
-0.063232
-0.0627295
-0.0622026
-0.0616518
-0.0610775
-0.0604801
-0.0598603
-0.0592185
-0.0585556
-0.0578724
-0.0571696
-0.0564484
-0.0557098
-0.0549552
-0.054186
-0.0534037
-0.05261
-0.0518066
-0.0509954
-0.0501781
-0.0493563
-0.0485311
-0.047703
-0.0468712
-0.0460332
-0.0451838
-0.0443144
-0.0434122
-0.0424601
-0.0414373
-0.0403225
-0.0390983
-0.0377588
-0.0363181
-0.0348176
-0.0333298
-0.0319537
-0.0307991
-0.0299599
-0.0294814
-0.0293362
-0.0294284
-0.0296429
-0.0182124
-0.01817
-0.0181915
-0.0182969
-0.018501
-0.0188104
-0.0192254
-0.0197433
-0.0203608
-0.0210745
-0.0218811
-0.0227757
-0.0237531
-0.0248073
-0.0259308
-0.0271147
-0.0283504
-0.0296293
-0.0309424
-0.0322808
-0.0336358
-0.0349988
-0.0363621
-0.0377187
-0.0390622
-0.040387
-0.0416884
-0.0429624
-0.0442059
-0.0454165
-0.0465927
-0.0477334
-0.0488382
-0.0499071
-0.0509404
-0.0519387
-0.0529029
-0.0538335
-0.0547316
-0.0555978
-0.0564329
-0.0572376
-0.0580123
-0.0587575
-0.0594735
-0.0601605
-0.0608186
-0.061448
-0.0620486
-0.0626203
-0.0631632
-0.063677
-0.0641618
-0.0646174
-0.0650438
-0.0654407
-0.0658082
-0.0661462
-0.0664546
-0.0667335
-0.0669827
-0.0672022
-0.067392
-0.0675522
-0.0676828
-0.0677838
-0.0678553
-0.0678973
-0.06791
-0.0678952
-0.0678513
-0.0677785
-0.0676771
-0.0675472
-0.067389
-0.0672028
-0.0669889
-0.0667474
-0.0664787
-0.0661829
-0.0658603
-0.0655113
-0.0651361
-0.0647349
-0.0643082
-0.0638563
-0.0633794
-0.062878
-0.0623524
-0.061803
-0.0612303
-0.0606348
-0.060017
-0.0593777
-0.0587175
-0.0580372
-0.0573378
-0.0566202
-0.0558858
-0.0551357
-0.0543715
-0.0535948
-0.0528072
-0.0520106
-0.051207
-0.0503982
-0.0495859
-0.0487717
-0.0479563
-0.0471396
-0.0463197
-0.0454925
-0.0446504
-0.0437819
-0.0428712
-0.0418983
-0.0408417
-0.039683
-0.0384135
-0.0370426
-0.0356066
-0.0341721
-0.0328339
-0.0316998
-0.0308655
-0.0303818
-0.0302276
-0.0303127
-0.0305241
-0.0186534
-0.018605
-0.0186206
-0.0187199
-0.0189181
-0.0192219
-0.0196314
-0.0201434
-0.0207544
-0.0214605
-0.0222581
-0.0231426
-0.0241089
-0.0251509
-0.0262615
-0.0274327
-0.0286562
-0.0299231
-0.0312242
-0.032551
-0.0338944
-0.0352462
-0.0365982
-0.0379442
-0.0392776
-0.0405929
-0.0418852
-0.0431506
-0.0443861
-0.0455894
-0.0467586
-0.047893
-0.0489918
-0.0500552
-0.0510835
-0.0520773
-0.0530373
-0.0539643
-0.054859
-0.0557222
-0.0565547
-0.0573569
-0.0581295
-0.0588728
-0.0595872
-0.0602728
-0.0609297
-0.061558
-0.0621578
-0.0627288
-0.0632711
-0.0637846
-0.0642691
-0.0647245
-0.0651508
-0.0655477
-0.0659153
-0.0662535
-0.0665621
-0.0668412
-0.0670907
-0.0673105
-0.0675007
-0.0676612
-0.0677921
-0.0678934
-0.0679652
-0.0680075
-0.0680204
-0.0680058
-0.0679621
-0.0678895
-0.0677882
-0.0676584
-0.0675003
-0.0673141
-0.0671003
-0.0668588
-0.0665901
-0.0662944
-0.065972
-0.0656231
-0.065248
-0.0648471
-0.0644207
-0.0639692
-0.0634929
-0.0629921
-0.0624673
-0.0619188
-0.0613473
-0.0607532
-0.0601371
-0.0594996
-0.0588415
-0.0581637
-0.057467
-0.0567527
-0.0560218
-0.0552757
-0.0545159
-0.0537442
-0.0529621
-0.0521718
-0.0513751
-0.0505741
-0.0497707
-0.0489667
-0.048163
-0.0473602
-0.0465569
-0.0457499
-0.0449327
-0.0440952
-0.0432226
-0.0422959
-0.0412941
-0.0401976
-0.0389954
-0.0376932
-0.0363217
-0.0349423
-0.0336447
-0.0325346
-0.0317088
-0.0312224
-0.0310608
-0.0311393
-0.0313473
-0.0190434
-0.0189895
-0.018999
-0.0190921
-0.0192841
-0.0195819
-0.0199855
-0.0204917
-0.0210962
-0.021795
-0.0225841
-0.0234591
-0.0244149
-0.0254455
-0.026544
-0.0277028
-0.0289137
-0.0301679
-0.0314567
-0.0327712
-0.0341031
-0.035444
-0.0367867
-0.0381235
-0.0394478
-0.0407545
-0.0420387
-0.0432966
-0.0445251
-0.0457217
-0.046885
-0.0480138
-0.0491075
-0.0501659
-0.0511898
-0.0521798
-0.0531363
-0.0540601
-0.0549519
-0.0558126
-0.0566427
-0.0574429
-0.0582137
-0.0589555
-0.0596685
-0.0603529
-0.0610089
-0.0616364
-0.0622355
-0.0628061
-0.0633481
-0.0638614
-0.0643458
-0.0648012
-0.0652275
-0.0656246
-0.0659924
-0.0663308
-0.0666397
-0.0669192
-0.067169
-0.0673892
-0.0675797
-0.0677406
-0.0678719
-0.0679735
-0.0680455
-0.068088
-0.0681011
-0.0680867
-0.0680432
-0.0679706
-0.0678693
-0.0677394
-0.0675812
-0.0673949
-0.0671809
-0.0669393
-0.0666704
-0.0663745
-0.0660519
-0.0657028
-0.0653275
-0.0649265
-0.0645
-0.0640485
-0.0635723
-0.0630718
-0.0625473
-0.0619993
-0.0614285
-0.0608352
-0.0602202
-0.059584
-0.0589275
-0.0582516
-0.0575571
-0.0568453
-0.0561174
-0.0553747
-0.0546188
-0.0538514
-0.0530743
-0.0522895
-0.0514991
-0.0507053
-0.04991
-0.0491152
-0.0483224
-0.0475322
-0.0467441
-0.0459556
-0.0451612
-0.044352
-0.0435143
-0.0426305
-0.0416797
-0.040642
-0.0395044
-0.038269
-0.0369618
-0.0356384
-0.0343838
-0.0333007
-0.0324864
-0.0319997
-0.0318322
-0.0319045
-0.0321091
-0.0193831
-0.0193238
-0.0193274
-0.019414
-0.0195994
-0.0198909
-0.0202884
-0.0207885
-0.0213866
-0.0220782
-0.0228592
-0.0237252
-0.024671
-0.0256908
-0.026778
-0.027925
-0.0291238
-0.0303659
-0.0316428
-0.0329457
-0.0342664
-0.0355966
-0.0369288
-0.0382558
-0.0395713
-0.0408697
-0.0421463
-0.0433973
-0.0446194
-0.0458104
-0.0469685
-0.0480926
-0.0491824
-0.050238
-0.051259
-0.0522458
-0.0531995
-0.0541206
-0.0550101
-0.0558686
-0.0566968
-0.0574954
-0.0582647
-0.0590052
-0.0597172
-0.0604007
-0.061056
-0.061683
-0.0622817
-0.0628521
-0.0633939
-0.0639072
-0.0643917
-0.0648473
-0.0652739
-0.0656711
-0.0660393
-0.0663781
-0.0666875
-0.0669674
-0.0672176
-0.0674383
-0.0676292
-0.0677905
-0.0679221
-0.068024
-0.0680963
-0.068139
-0.0681523
-0.068138
-0.0680945
-0.0680219
-0.0679204
-0.0677902
-0.0676318
-0.0674452
-0.0672308
-0.0669889
-0.0667196
-0.0664232
-0.0661001
-0.0657504
-0.0653746
-0.0649731
-0.0645462
-0.0640943
-0.0636178
-0.063117
-0.0625924
-0.0620444
-0.0614737
-0.0608807
-0.0602662
-0.0596308
-0.0589753
-0.0583006
-0.0576078
-0.0568979
-0.0561723
-0.0554323
-0.0546796
-0.0539159
-0.0531431
-0.0523632
-0.0515784
-0.0507909
-0.050003
-0.0492166
-0.0484336
-0.047655
-0.0468808
-0.0461091
-0.0453355
-0.044552
-0.0437465
-0.0429021
-0.0419988
-0.0410165
-0.0399405
-0.0387698
-0.0375258
-0.036259
-0.0350491
-0.0339956
-0.0331955
-0.0327108
-0.0325387
-0.0326054
-0.0328064
-0.019673
-0.0196088
-0.0196065
-0.0196864
-0.0198649
-0.0201497
-0.0205408
-0.0210346
-0.0216261
-0.0223108
-0.023084
-0.0239412
-0.0248775
-0.025887
-0.0269632
-0.0280989
-0.0292862
-0.0305168
-0.0317822
-0.0330741
-0.0343839
-0.0357038
-0.0370262
-0.0383441
-0.0396512
-0.0409418
-0.0422114
-0.043456
-0.0446724
-0.0458582
-0.0470117
-0.0481318
-0.049218
-0.0502701
-0.0512881
-0.0522725
-0.053224
-0.0541432
-0.0550309
-0.055888
-0.0567149
-0.0575123
-0.0582807
-0.0590204
-0.0597317
-0.0604148
-0.0610697
-0.0616965
-0.0622951
-0.0628655
-0.0634074
-0.0639209
-0.0644058
-0.0648618
-0.065289
-0.0656872
-0.066056
-0.0663954
-0.0667053
-0.0669858
-0.0672366
-0.0674577
-0.0676492
-0.0678109
-0.0679428
-0.068045
-0.0681176
-0.0681605
-0.0681739
-0.0681597
-0.0681162
-0.0680436
-0.0679415
-0.067811
-0.0676521
-0.0674651
-0.0672502
-0.0670076
-0.0667377
-0.0664407
-0.0661167
-0.0657661
-0.0653894
-0.064987
-0.0645593
-0.0641066
-0.0636294
-0.0631278
-0.0626025
-0.062054
-0.0614829
-0.0608897
-0.0602751
-0.0596398
-0.0589847
-0.0583106
-0.0576187
-0.0569101
-0.0561861
-0.0554482
-0.054698
-0.0539372
-0.0531679
-0.0523922
-0.0516123
-0.0508304
-0.050049
-0.0492702
-0.0484961
-0.047728
-0.0469663
-0.0462099
-0.0454551
-0.0446952
-0.0439189
-0.0431108
-0.0422516
-0.0413211
-0.0403036
-0.0391952
-0.0380132
-0.0368029
-0.0356389
-0.0346171
-0.0338336
-0.0333529
-0.0331776
-0.0332393
-0.0334368
-0.0199142
-0.0198454
-0.0198372
-0.0199103
-0.0200817
-0.0203593
-0.0207436
-0.0212308
-0.0218157
-0.0224934
-0.0232589
-0.0241077
-0.0250347
-0.0260343
-0.0271001
-0.0282248
-0.029401
-0.0306205
-0.0318749
-0.033156
-0.0344556
-0.0357656
-0.0370788
-0.038388
-0.0396871
-0.0409706
-0.0422337
-0.0434724
-0.0446836
-0.0458649
-0.0470144
-0.0481311
-0.0492142
-0.0502636
-0.0512793
-0.0522617
-0.0532115
-0.0541294
-0.0550159
-0.055872
-0.0566981
-0.0574948
-0.0582626
-0.059002
-0.059713
-0.0603959
-0.0610508
-0.0616777
-0.0622765
-0.0628472
-0.0633895
-0.0639034
-0.0643888
-0.0648454
-0.0652732
-0.0656719
-0.0660413
-0.0663814
-0.066692
-0.066973
-0.0672244
-0.0674461
-0.067638
-0.0678001
-0.0679324
-0.0680349
-0.0681076
-0.0681506
-0.0681639
-0.0681497
-0.0681061
-0.0680334
-0.067932
-0.0678016
-0.0676424
-0.0674548
-0.0672391
-0.0669957
-0.0667249
-0.066427
-0.066102
-0.06575
-0.0653718
-0.0649682
-0.0645393
-0.0640855
-0.0636071
-0.0631043
-0.0625777
-0.0620281
-0.061456
-0.0608621
-0.0602468
-0.059611
-0.0589555
-0.0582815
-0.0575898
-0.0568817
-0.0561586
-0.055422
-0.0546735
-0.053915
-0.0531485
-0.0523761
-0.0516002
-0.0508232
-0.0500474
-0.0492754
-0.0485092
-0.0477505
-0.0470001
-0.0462575
-0.0455198
-0.0447811
-0.0440316
-0.0432568
-0.0424383
-0.0415562
-0.0405939
-0.0395452
-0.0384236
-0.0372693
-0.036152
-0.0351636
-0.0343987
-0.0339241
-0.0337468
-0.033804
-0.033998
-0.0201079
-0.0200348
-0.0200209
-0.0200871
-0.0202509
-0.0205209
-0.020898
-0.0213782
-0.0219564
-0.0226269
-0.0233848
-0.0242253
-0.0251433
-0.0261332
-0.0271888
-0.028303
-0.0294684
-0.030677
-0.0319209
-0.0331916
-0.0344812
-0.0357818
-0.0370861
-0.0383872
-0.0396789
-0.0409557
-0.0422128
-0.0434463
-0.0446529
-0.0458302
-0.0469763
-0.04809
-0.0491707
-0.050218
-0.0512321
-0.0522132
-0.0531619
-0.0540789
-0.0549648
-0.0558203
-0.056646
-0.0574426
-0.0582103
-0.0589497
-0.0596608
-0.060344
-0.0609992
-0.0616265
-0.0622258
-0.062797
-0.06334
-0.0638547
-0.0643408
-0.0647982
-0.0652267
-0.0656262
-0.0659964
-0.0663373
-0.0666487
-0.0669304
-0.0671825
-0.0674048
-0.0675973
-0.0677599
-0.0678925
-0.0679953
-0.0680682
-0.0681113
-0.0681245
-0.0681102
-0.0680664
-0.0679933
-0.0678911
-0.0677599
-0.0675999
-0.0674114
-0.0671947
-0.0669501
-0.066678
-0.0663787
-0.0660526
-0.0657003
-0.0653217
-0.0649169
-0.0644864
-0.0640311
-0.0635511
-0.0630467
-0.0625178
-0.0619666
-0.0613931
-0.0607979
-0.0601813
-0.0595441
-0.0588877
-0.0582129
-0.0575208
-0.0568125
-0.0560895
-0.0553534
-0.0546058
-0.0538488
-0.0530842
-0.0523144
-0.0515417
-0.0507686
-0.0499977
-0.0492314
-0.0484721
-0.0477218
-0.0469815
-0.0462513
-0.045529
-0.0448096
-0.0440843
-0.0433399
-0.042559
-0.041722
-0.0408116
-0.0398198
-0.0387567
-0.0376576
-0.0365874
-0.0356337
-0.0348893
-0.0344223
-0.0342442
-0.0342976
-0.0344881
-0.0202556
-0.0201786
-0.0201591
-0.0202183
-0.0203742
-0.0206361
-0.0210054
-0.0214783
-0.0220493
-0.0227125
-0.0234628
-0.024295
-0.0252041
-0.0261844
-0.0272299
-0.0283338
-0.0294886
-0.0306868
-0.0319202
-0.0331809
-0.0344609
-0.0357525
-0.0370483
-0.0383417
-0.0396264
-0.0408969
-0.0421485
-0.0433773
-0.0445798
-0.0457537
-0.046897
-0.0480085
-0.0490873
-0.0501332
-0.0511462
-0.0521265
-0.0530747
-0.0539914
-0.0548772
-0.0557327
-0.0565586
-0.0573554
-0.0581235
-0.0588633
-0.059575
-0.0602588
-0.0609147
-0.0615427
-0.0621428
-0.0627149
-0.0632589
-0.0637745
-0.0642616
-0.0647201
-0.0651496
-0.0655501
-0.0659213
-0.0662632
-0.0665755
-0.0668581
-0.067111
-0.0673341
-0.0675272
-0.0676903
-0.0678234
-0.0679265
-0.0679996
-0.0680427
-0.0680559
-0.0680414
-0.0679972
-0.0679236
-0.0678207
-0.0676886
-0.0675277
-0.067338
-0.0671201
-0.0668741
-0.0666004
-0.0662994
-0.0659714
-0.0656169
-0.065236
-0.064829
-0.0643964
-0.0639389
-0.0634568
-0.062951
-0.0624222
-0.0618695
-0.0612941
-0.0606972
-0.0600787
-0.059439
-0.058781
-0.0581049
-0.0574117
-0.0567022
-0.0559785
-0.0552422
-0.0544948
-0.0537382
-0.0529748
-0.0522066
-0.0514363
-0.0506662
-0.0498992
-0.0491377
-0.0483844
-0.0476413
-0.04691
-0.0461908
-0.0454823
-0.0447802
-0.0440769
-0.0433603
-0.0426139
-0.0418186
-0.040957
-0.0400193
-0.0390125
-0.0379676
-0.0369444
-0.0360263
-0.0353039
-0.0348462
-0.0346685
-0.0347185
-0.0349057
-0.020359
-0.0202784
-0.0202535
-0.0203055
-0.0204532
-0.0207066
-0.0210676
-0.0215326
-0.0220959
-0.0227516
-0.0234939
-0.0243178
-0.0252179
-0.0261888
-0.0272243
-0.0283179
-0.0294623
-0.0306501
-0.0318734
-0.0331242
-0.0343948
-0.0356776
-0.0369653
-0.0382513
-0.0395294
-0.0407941
-0.0420407
-0.0432651
-0.0444642
-0.0456352
-0.0467762
-0.047886
-0.0489636
-0.0500087
-0.0510212
-0.0520013
-0.0529496
-0.0538665
-0.0547528
-0.0556089
-0.0564354
-0.057233
-0.0580019
-0.0587426
-0.0594552
-0.06014
-0.060797
-0.0614262
-0.0620275
-0.0626008
-0.063146
-0.0636629
-0.0641513
-0.064611
-0.0650418
-0.0654436
-0.065816
-0.066159
-0.0664725
-0.0667562
-0.06701
-0.0672339
-0.0674278
-0.0675916
-0.0677252
-0.0678286
-0.0679019
-0.0679451
-0.0679582
-0.0679435
-0.0678989
-0.0678247
-0.067721
-0.067588
-0.0674259
-0.067235
-0.0670155
-0.0667679
-0.0664924
-0.0661893
-0.0658591
-0.0655021
-0.0651186
-0.064709
-0.0642738
-0.0638135
-0.0633286
-0.0628197
-0.0622874
-0.0617318
-0.0611538
-0.0605542
-0.0599342
-0.0592949
-0.0586353
-0.0579575
-0.0572626
-0.0565505
-0.0558254
-0.0550882
-0.05434
-0.0535831
-0.0528198
-0.0520525
-0.0512835
-0.0505156
-0.0497514
-0.0489939
-0.0482455
-0.0475086
-0.046785
-0.0460755
-0.0453792
-0.0446927
-0.0440093
-0.0433178
-0.042603
-0.0418464
-0.0410304
-0.0401439
-0.0391911
-0.038199
-0.0372226
-0.0363408
-0.0356417
-0.0351945
-0.0350183
-0.0350656
-0.0352495
-0.0204199
-0.0203362
-0.020306
-0.0203508
-0.0204899
-0.0207342
-0.0210863
-0.0215428
-0.022098
-0.0227456
-0.0234797
-0.024295
-0.025186
-0.0261473
-0.0271728
-0.0282561
-0.0293902
-0.0305676
-0.0317807
-0.0330218
-0.0342832
-0.0355573
-0.0368372
-0.038116
-0.0393878
-0.0406471
-0.041889
-0.0431097
-0.0443057
-0.0454743
-0.0466137
-0.0477223
-0.0487992
-0.0498441
-0.0508567
-0.0518373
-0.0527862
-0.053704
-0.0545912
-0.0554484
-0.0562762
-0.057075
-0.0578453
-0.0585873
-0.0593014
-0.0599876
-0.0606461
-0.0612768
-0.0618796
-0.0624545
-0.0630013
-0.0635197
-0.0640097
-0.064471
-0.0649033
-0.0653066
-0.0656805
-0.0660249
-0.0663396
-0.0666246
-0.0668795
-0.0671044
-0.0672992
-0.0674637
-0.0675979
-0.0677018
-0.0677754
-0.0678186
-0.0678315
-0.0678166
-0.0677716
-0.0676967
-0.0675921
-0.067458
-0.0672947
-0.0671023
-0.0668812
-0.0666316
-0.066354
-0.0660486
-0.0657158
-0.0653561
-0.0649697
-0.0645571
-0.0641187
-0.0636551
-0.0631667
-0.0626542
-0.0621181
-0.0615589
-0.0609774
-0.0603743
-0.0597506
-0.0591071
-0.0584445
-0.057764
-0.0570672
-0.0563563
-0.0556301
-0.0548915
-0.0541414
-0.0533829
-0.0526191
-0.0518516
-0.051083
-0.0503163
-0.049554
-0.0487993
-0.0480548
-0.047323
-0.0466061
-0.045905
-0.0452194
-0.0445468
-0.0438811
-0.0432125
-0.0425265
-0.0418056
-0.0410321
-0.0401939
-0.0392928
-0.038352
-0.0374218
-0.0365767
-0.0359019
-0.0354665
-0.0352927
-0.0353378
-0.0355188
-0.0204404
-0.0203539
-0.0203185
-0.0203561
-0.0204864
-0.0207211
-0.0210636
-0.0215108
-0.0220572
-0.0226962
-0.0234217
-0.024228
-0.0251097
-0.0260612
-0.0270765
-0.0281494
-0.0292729
-0.0304399
-0.0316429
-0.0328742
-0.0341264
-0.035392
-0.0366641
-0.037936
-0.0392018
-0.0404558
-0.0416935
-0.0429107
-0.0441041
-0.0452709
-0.046409
-0.047517
-0.0485939
-0.0496391
-0.0506524
-0.051634
-0.0525842
-0.0535034
-0.0543922
-0.0552511
-0.0560806
-0.0568812
-0.0576533
-0.0583972
-0.0591132
-0.0598013
-0.0604617
-0.0610943
-0.0616991
-0.0622759
-0.0628246
-0.063345
-0.0638369
-0.0643
-0.0647342
-0.0651392
-0.0655148
-0.0658608
-0.0661771
-0.0664634
-0.0667197
-0.0669458
-0.0671415
-0.0673069
-0.0674418
-0.0675462
-0.0676201
-0.0676634
-0.0676763
-0.0676609
-0.0676154
-0.0675398
-0.0674343
-0.067299
-0.0671342
-0.0669402
-0.0667172
-0.0664655
-0.0661855
-0.0658775
-0.0655419
-0.065179
-0.0647894
-0.0643733
-0.0639312
-0.0634638
-0.0629715
-0.0624548
-0.0619144
-0.061351
-0.0607651
-0.0601577
-0.0595295
-0.0588816
-0.0582148
-0.0575304
-0.0568298
-0.0561145
-0.0553854
-0.0546447
-0.053895
-0.0531371
-0.0523726
-0.0516038
-0.0508344
-0.050068
-0.0493066
-0.0485536
-0.0478119
-0.0470842
-0.0463726
-0.0456787
-0.0450026
-0.0443421
-0.0436923
-0.0430442
-0.0423846
-0.0416964
-0.0409624
-0.0401697
-0.0393178
-0.0384266
-0.0375419
-0.0367337
-0.0360841
-0.0356616
-0.0354911
-0.0355345
-0.0357128
-0.0204226
-0.0203337
-0.0202935
-0.0203237
-0.0204448
-0.0206695
-0.0210016
-0.0214389
-0.0219757
-0.0226055
-0.0233217
-0.0241186
-0.0249904
-0.0259318
-0.0269366
-0.0279988
-0.0291116
-0.030268
-0.0314606
-0.0326821
-0.033925
-0.035182
-0.0364464
-0.0377115
-0.0389712
-0.0402204
-0.041454
-0.0426681
-0.0438592
-0.0450245
-0.0461619
-0.0472698
-0.0483471
-0.0493932
-0.0504079
-0.0513911
-0.0523431
-0.0532644
-0.0541553
-0.0550164
-0.0558482
-0.0566512
-0.0574257
-0.058172
-0.0588903
-0.0595809
-0.0602436
-0.0608786
-0.0614858
-0.0620649
-0.0626159
-0.0631386
-0.0636327
-0.0640981
-0.0645344
-0.0649414
-0.065319
-0.0656669
-0.0659849
-0.0662729
-0.0665306
-0.066758
-0.0669549
-0.0671212
-0.0672569
-0.0673619
-0.0674362
-0.0674798
-0.0674927
-0.0674763
-0.0674305
-0.0673542
-0.0672477
-0.0671112
-0.0669449
-0.066749
-0.0665239
-0.0662699
-0.0659872
-0.0656763
-0.0653375
-0.0649712
-0.0645778
-0.0641578
-0.0637117
-0.0632399
-0.062743
-0.0622216
-0.0616764
-0.0611079
-0.060517
-0.0599045
-0.0592711
-0.0586181
-0.0579462
-0.0572569
-0.0565514
-0.0558313
-0.055098
-0.0543535
-0.0535998
-0.0528387
-0.0520727
-0.0513052
-0.050537
-0.0497708
-0.0490085
-0.0482566
-0.0475165
-0.0467917
-0.0460844
-0.0453964
-0.0447282
-0.0440784
-0.0434427
-0.042813
-0.0421772
-0.0415191
-0.0408217
-0.0400716
-0.0392665
-0.0384232
-0.0375831
-0.0368118
-0.036188
-0.0357794
-0.0356131
-0.0356554
-0.0358313
-0.0203689
-0.020278
-0.0202331
-0.020256
-0.0203678
-0.0205817
-0.0209028
-0.0213292
-0.0218556
-0.0224753
-0.0231816
-0.0239684
-0.0248299
-0.0257606
-0.0267545
-0.0278056
-0.0289073
-0.0300527
-0.0312347
-0.032446
-0.0336794
-0.0349278
-0.0361843
-0.0374425
-0.0386964
-0.0399406
-0.0411704
-0.0423816
-0.0435708
-0.044735
-0.045872
-0.0469803
-0.0480585
-0.0491061
-0.0501226
-0.051108
-0.0520625
-0.0529864
-0.0538801
-0.0547441
-0.0555788
-0.0563847
-0.0571621
-0.0579113
-0.0586326
-0.059326
-0.0599917
-0.0606295
-0.0612395
-0.0618214
-0.0623751
-0.0629005
-0.0633972
-0.0638651
-0.0643039
-0.0647133
-0.0650931
-0.0654431
-0.0657632
-0.066053
-0.0663124
-0.0665413
-0.0667395
-0.066907
-0.0670436
-0.0671493
-0.067224
-0.0672679
-0.0672809
-0.0672633
-0.0672171
-0.0671401
-0.0670326
-0.0668947
-0.0667267
-0.0665289
-0.0663015
-0.0660449
-0.0657593
-0.0654452
-0.0651029
-0.0647328
-0.0643353
-0.063911
-0.0634602
-0.0629835
-0.0624816
-0.0619549
-0.0614041
-0.06083
-0.0602333
-0.0596149
-0.0589756
-0.0583165
-0.0576387
-0.0569435
-0.0562323
-0.0555066
-0.0547679
-0.0540184
-0.0532599
-0.0524946
-0.0517251
-0.0509539
-0.0501836
-0.0494174
-0.0486588
-0.0479081
-0.0471681
-0.0464452
-0.0457409
-0.0450576
-0.044396
-0.0437553
-0.043132
-0.0425188
-0.0419045
-0.041274
-0.0406104
-0.0399002
-0.0391395
-0.0383421
-0.0375456
-0.0368111
-0.0362136
-0.0358199
-0.0356585
-0.0357003
-0.0358739
-0.0202817
-0.0201891
-0.0201398
-0.0201555
-0.0202576
-0.0204604
-0.0207696
-0.0211843
-0.0216993
-0.0223079
-0.0230034
-0.0237794
-0.0246299
-0.0255492
-0.0265317
-0.0275711
-0.0286612
-0.0297951
-0.0309661
-0.0321669
-0.0333904
-0.0346298
-0.0358783
-0.0371294
-0.0383774
-0.0396168
-0.0408428
-0.0420512
-0.0432386
-0.044402
-0.0455391
-0.0466481
-0.0477278
-0.0487773
-0.0497962
-0.0507844
-0.0517419
-0.052669
-0.0535661
-0.0544336
-0.0552718
-0.0560813
-0.0568622
-0.057615
-0.0583397
-0.0590366
-0.0597057
-0.0603468
-0.0609601
-0.0615452
-0.0621022
-0.0626306
-0.0631303
-0.0636011
-0.0640427
-0.0644548
-0.0648372
-0.0651897
-0.065512
-0.0658039
-0.0660652
-0.0662958
-0.0664955
-0.0666642
-0.0668019
-0.0669084
-0.0669837
-0.0670278
-0.0670407
-0.0670226
-0.0669758
-0.066898
-0.0667893
-0.06665
-0.0664802
-0.0662802
-0.0660503
-0.0657909
-0.0655021
-0.0651845
-0.0648383
-0.0644641
-0.0640621
-0.0636329
-0.063177
-0.062695
-0.0621874
-0.0616548
-0.0610979
-0.0605174
-0.0599142
-0.0592891
-0.058643
-0.0579771
-0.0572925
-0.0565904
-0.0558725
-0.0551401
-0.0543951
-0.0536394
-0.0528752
-0.0521046
-0.0513302
-0.0505547
-0.0497809
-0.0490118
-0.0482507
-0.0475004
-0.0467653
-0.0460446
-0.0453418
-0.044662
-0.0440058
-0.0433728
-0.0427602
-0.0421616
-0.0415666
-0.0409611
-0.0403289
-0.0396559
-0.0389372
-0.0381839
-0.0374298
-0.0367318
-0.0361612
-0.0357829
-0.0356274
-0.0356691
-0.0358408
-0.0201634
-0.0200696
-0.0200163
-0.0200248
-0.020117
-0.020308
-0.0206047
-0.0210066
-0.0215092
-0.0221058
-0.0227894
-0.0235536
-0.0243922
-0.0252995
-0.0262697
-0.0272968
-0.0283745
-0.0294965
-0.0306557
-0.0318455
-0.0330587
-0.0342887
-0.0355287
-0.0367726
-0.0380144
-0.0392488
-0.040471
-0.0416768
-0.0428626
-0.0440254
-0.0451628
-0.0462729
-0.0473544
-0.0484064
-0.0494282
-0.0504197
-0.0513809
-0.0523118
-0.0532129
-0.0540845
-0.0549269
-0.0557405
-0.0565257
-0.0572825
-0.0580114
-0.0587123
-0.0593853
-0.0600303
-0.0606474
-0.0612363
-0.0617968
-0.0623288
-0.062832
-0.0633061
-0.0637509
-0.0641661
-0.0645514
-0.0649066
-0.0652314
-0.0655257
-0.0657892
-0.0660217
-0.0662231
-0.0663933
-0.0665321
-0.0666395
-0.0667154
-0.0667598
-0.0667727
-0.0667541
-0.0667068
-0.0666281
-0.0665182
-0.0663772
-0.0662055
-0.0660032
-0.0657707
-0.0655081
-0.065216
-0.0648945
-0.0645442
-0.0641653
-0.0637585
-0.063324
-0.0628625
-0.0623746
-0.0618607
-0.0613215
-0.0607578
-0.0601703
-0.0595598
-0.0589272
-0.0582735
-0.0575999
-0.0569075
-0.0561977
-0.055472
-0.054732
-0.0539796
-0.0532168
-0.0524456
-0.0516686
-0.0508882
-0.0501073
-0.0493287
-0.0485556
-0.0477913
-0.0470389
-0.046302
-0.0455836
-0.0448864
-0.0442095
-0.0435573
-0.0429306
-0.0423271
-0.0417413
-0.0411637
-0.0405809
-0.0399774
-0.0393392
-0.0386601
-0.037949
-0.0372362
-0.0365743
-0.0360308
-0.0356689
-0.0355198
-0.0355621
-0.0357322
-0.0200167
-0.0199221
-0.0198649
-0.0198664
-0.0199486
-0.0201274
-0.0204107
-0.0207989
-0.0212879
-0.0218712
-0.0225419
-0.0232933
-0.024119
-0.0250133
-0.0259703
-0.0269842
-0.0280489
-0.029158
-0.0303049
-0.0314828
-0.0326852
-0.0339051
-0.0351363
-0.0363724
-0.0376078
-0.0388369
-0.0400552
-0.0412583
-0.0424425
-0.0436048
-0.0447428
-0.0458543
-0.046938
-0.0479929
-0.0490181
-0.0500135
-0.0509789
-0.0519143
-0.0528201
-0.0536964
-0.0545436
-0.0553621
-0.056152
-0.0569137
-0.0576472
-0.0583528
-0.0590303
-0.0596799
-0.0603013
-0.0608944
-0.0614591
-0.0619951
-0.0625022
-0.0629801
-0.0634285
-0.0638471
-0.0642357
-0.0645939
-0.0649217
-0.0652186
-0.0654845
-0.0657192
-0.0659225
-0.0660943
-0.0662345
-0.0663429
-0.0664195
-0.0664643
-0.0664772
-0.0664583
-0.0664104
-0.0663307
-0.0662195
-0.0660769
-0.0659031
-0.0656983
-0.0654629
-0.0651971
-0.0649012
-0.0645756
-0.0642207
-0.063837
-0.0634247
-0.0629846
-0.062517
-0.0620225
-0.0615018
-0.0609555
-0.0603843
-0.0597889
-0.0591704
-0.0585295
-0.0578674
-0.0571852
-0.0564841
-0.0557655
-0.0550311
-0.0542825
-0.0535215
-0.0527504
-0.0519713
-0.0511866
-0.0503991
-0.0496116
-0.0488271
-0.0480488
-0.04728
-0.0465242
-0.0457848
-0.0450651
-0.0443682
-0.0436974
-0.0430504
-0.0424286
-0.0418327
-0.041258
-0.0406958
-0.0401336
-0.0395565
-0.0389506
-0.0383088
-0.0376381
-0.0369653
-0.0363391
-0.0358231
-0.0354781
-0.0353362
-0.0353795
-0.0355485
-0.0198441
-0.019749
-0.0196884
-0.0196831
-0.0197551
-0.0199213
-0.0201904
-0.0205639
-0.0210381
-0.021607
-0.0222635
-0.0230008
-0.0238125
-0.0246926
-0.0256355
-0.0266351
-0.0276857
-0.028781
-0.0299146
-0.03108
-0.0322706
-0.0334799
-0.0347015
-0.0359294
-0.0371578
-0.0383814
-0.0395954
-0.0407956
-0.0419782
-0.0431401
-0.0442788
-0.045392
-0.0464782
-0.0475363
-0.0485655
-0.0495652
-0.0505354
-0.0514759
-0.052387
-0.0532687
-0.0541214
-0.0549454
-0.0557409
-0.056508
-0.0572469
-0.0579577
-0.0586405
-0.0592951
-0.0599215
-0.0605195
-0.0610889
-0.0616294
-0.0621409
-0.062623
-0.0630754
-0.0634979
-0.0638902
-0.0642519
-0.0645828
-0.0648827
-0.0651513
-0.0653885
-0.0655939
-0.0657676
-0.0659092
-0.0660188
-0.0660963
-0.0661415
-0.0661546
-0.0661354
-0.0660869
-0.0660063
-0.0658937
-0.0657493
-0.0655732
-0.0653658
-0.0651273
-0.064858
-0.0645581
-0.0642281
-0.0638684
-0.0634793
-0.0630613
-0.062615
-0.0621407
-0.0616392
-0.0611111
-0.0605569
-0.0599775
-0.0593737
-0.0587463
-0.0580963
-0.0574249
-0.0567331
-0.0560224
-0.0552941
-0.0545499
-0.0537916
-0.053021
-0.0522405
-0.0514522
-0.0506588
-0.0498629
-0.0490676
-0.048276
-0.0474913
-0.0467169
-0.0459565
-0.0452134
-0.0444913
-0.0437933
-0.0431226
-0.0424812
-0.0418666
-0.0412769
-0.0407117
-0.0401631
-0.0396196
-0.0390666
-0.0384907
-0.037884
-0.0372518
-0.0366178
-0.0360268
-0.0355384
-0.035211
-0.0350771
-0.0351219
-0.0352901
-0.0196483
-0.0195532
-0.0194895
-0.0194775
-0.0195393
-0.0196925
-0.0199468
-0.0203044
-0.0207626
-0.0213157
-0.0219566
-0.0226784
-0.0234748
-0.0243396
-0.025267
-0.0262513
-0.0272867
-0.0283671
-0.0294864
-0.0306381
-0.0318161
-0.0330138
-0.034225
-0.0354439
-0.0366648
-0.0378823
-0.0390917
-0.0402888
-0.0414696
-0.0426311
-0.0437704
-0.0448855
-0.0459745
-0.0470362
-0.0480697
-0.0490744
-0.0500499
-0.0509961
-0.0519131
-0.0528009
-0.0536599
-0.0544901
-0.0552917
-0.056065
-0.05681
-0.0575269
-0.0582155
-0.0588758
-0.0595078
-0.0601112
-0.0606859
-0.0612316
-0.061748
-0.0622348
-0.0626918
-0.0631186
-0.0635149
-0.0638805
-0.064215
-0.0645183
-0.0647899
-0.0650298
-0.0652376
-0.0654133
-0.0655567
-0.0656677
-0.0657461
-0.0657919
-0.0658051
-0.0657857
-0.0657366
-0.065655
-0.065541
-0.0653947
-0.0652164
-0.0650062
-0.0647644
-0.0644913
-0.0641872
-0.0638525
-0.0634875
-0.0630927
-0.0626686
-0.0622155
-0.0617342
-0.0612251
-0.0606889
-0.0601262
-0.059538
-0.0589249
-0.0582879
-0.057628
-0.0569463
-0.0562441
-0.0555227
-0.0547837
-0.0540287
-0.0532596
-0.0524783
-0.0516872
-0.0508887
-0.0500853
-0.0492799
-0.0484756
-0.0476756
-0.0468833
-0.0461021
-0.0453358
-0.044588
-0.0438622
-0.0431619
-0.0424902
-0.0418494
-0.0412412
-0.0406599
-0.0401025
-0.0395659
-0.039039
-0.0385081
-0.0379599
-0.0373863
-0.0367907
-0.0361943
-0.035638
-0.0351773
-0.0348682
-0.0347429
-0.0347898
-0.0349577
-0.0194319
-0.0193372
-0.0192707
-0.0192523
-0.019304
-0.0194439
-0.0196825
-0.0200233
-0.0204643
-0.0210001
-0.0216239
-0.0223288
-0.0231084
-0.0239564
-0.024867
-0.0258346
-0.0268535
-0.0279177
-0.0290214
-0.0301584
-0.0313226
-0.0325077
-0.0337077
-0.0349167
-0.0361293
-0.0373401
-0.0385444
-0.0397379
-0.0409167
-0.0420775
-0.0432176
-0.0443345
-0.0454265
-0.0464922
-0.0475304
-0.0485404
-0.0495218
-0.0504743
-0.0513979
-0.0522925
-0.0531584
-0.0539955
-0.0548042
-0.0555844
-0.0563362
-0.0570598
-0.057755
-0.0584218
-0.05906
-0.0596696
-0.0602502
-0.0608015
-0.0613235
-0.0618156
-0.0622776
-0.0627092
-0.0631101
-0.06348
-0.0638185
-0.0641254
-0.0644004
-0.0646433
-0.0648538
-0.0650318
-0.0651772
-0.0652896
-0.0653692
-0.0654157
-0.0654292
-0.0654096
-0.06536
-0.0652774
-0.065162
-0.0650137
-0.064833
-0.0646198
-0.0643746
-0.0640975
-0.0637889
-0.0634492
-0.0630786
-0.0626778
-0.062247
-0.0617868
-0.0612978
-0.0607805
-0.0602356
-0.0596639
-0.059066
-0.0584429
-0.0577955
-0.0571248
-0.056432
-0.0557184
-0.0549855
-0.0542347
-0.0534678
-0.0526868
-0.0518937
-0.0510909
-0.0502809
-0.0494663
-0.0486502
-0.0478357
-0.0470261
-0.0462249
-0.0454358
-0.0446624
-0.0439086
-0.043178
-0.0424742
-0.0418004
-0.0411591
-0.0405521
-0.0399799
-0.0394302
-0.0389043
-0.0383923
-0.0378815
-0.037359
-0.0368163
-0.0362557
-0.0356956
-0.0351733
-0.0347407
-0.0344504
-0.0343344
-0.034384
-0.0345519
-0.0191975
-0.0191035
-0.0190348
-0.0190102
-0.0190519
-0.0191781
-0.0194006
-0.0197236
-0.020146
-0.020663
-0.0212682
-0.0219546
-0.0227157
-0.0235454
-0.0244377
-0.0253871
-0.0263879
-0.0274346
-0.0285213
-0.0296422
-0.0307912
-0.0319625
-0.0331501
-0.0343483
-0.0355516
-0.036755
-0.0379535
-0.0391429
-0.0403193
-0.0414792
-0.0426199
-0.0437387
-0.0448339
-0.0459036
-0.0469469
-0.0479627
-0.0489505
-0.0499099
-0.0508407
-0.0517429
-0.0526164
-0.0534613
-0.0542776
-0.0550656
-0.055825
-0.0565561
-0.0572587
-0.0579327
-0.0585779
-0.0591943
-0.0597814
-0.0603392
-0.0608672
-0.0613652
-0.0618328
-0.0622698
-0.0626757
-0.0630503
-0.0633932
-0.0637042
-0.063983
-0.0642292
-0.0644428
-0.0646234
-0.0647709
-0.0648851
-0.064966
-0.0650134
-0.0650273
-0.0650076
-0.0649574
-0.0648739
-0.0647569
-0.0646067
-0.0644234
-0.0642072
-0.0639583
-0.063677
-0.0633637
-0.0630186
-0.0626422
-0.0622348
-0.061797
-0.0613292
-0.060832
-0.0603059
-0.0597518
-0.0591702
-0.0585621
-0.0579282
-0.0572695
-0.0565872
-0.0558825
-0.0551566
-0.054411
-0.0536474
-0.0528676
-0.0520736
-0.0512676
-0.0504519
-0.0496292
-0.0488023
-0.0479742
-0.0471483
-0.0463278
-0.0455166
-0.0447182
-0.0439366
-0.0431756
-0.042439
-0.0417305
-0.0410534
-0.0404104
-0.0398033
-0.0392325
-0.0386971
-0.038179
-0.03768
-0.0371874
-0.0366885
-0.0361748
-0.0356473
-0.0351223
-0.0346336
-0.0342291
-0.0339582
-0.0338522
-0.0339051
-0.0340735
-0.0189476
-0.0188548
-0.0187841
-0.0187539
-0.0187856
-0.0188981
-0.0191038
-0.0194081
-0.0198107
-0.0203074
-0.0208922
-0.0215584
-0.0222994
-0.0231089
-0.0239812
-0.0249106
-0.0258919
-0.0269193
-0.0279875
-0.0290908
-0.0302233
-0.0313794
-0.0325533
-0.0337394
-0.0349325
-0.0361274
-0.0373193
-0.0385039
-0.0396774
-0.0408361
-0.0419771
-0.0430978
-0.0441961
-0.0452702
-0.0463188
-0.0473408
-0.0483355
-0.0493023
-0.050241
-0.0511514
-0.0520333
-0.0528867
-0.0537116
-0.0545081
-0.055276
-0.0560154
-0.0567261
-0.0574081
-0.0580611
-0.058685
-0.0592795
-0.0598443
-0.0603792
-0.0608837
-0.0613575
-0.0618004
-0.0622119
-0.0625917
-0.0629395
-0.063255
-0.0635379
-0.0637879
-0.0640048
-0.0641883
-0.0643382
-0.0644545
-0.0645369
-0.0645853
-0.0645998
-0.06458
-0.0645293
-0.0644447
-0.0643263
-0.064174
-0.0639881
-0.0637686
-0.063516
-0.0632303
-0.062912
-0.0625613
-0.0621786
-0.0617644
-0.0613191
-0.0608432
-0.0603373
-0.059802
-0.0592379
-0.0586459
-0.0580267
-0.0573813
-0.0567106
-0.0560158
-0.0552982
-0.054559
-0.0537999
-0.0530225
-0.0522287
-0.0514206
-0.0506004
-0.0497707
-0.0489341
-0.0480936
-0.0472524
-0.0464137
-0.0455812
-0.0447586
-0.0439497
-0.0431586
-0.0423892
-0.0416455
-0.0409311
-0.0402497
-0.0396039
-0.038996
-0.0384267
-0.0378962
-0.0373896
-0.0369023
-0.0364262
-0.0359491
-0.0354625
-0.0349665
-0.0344754
-0.0340197
-0.0336433
-0.0333924
-0.0332972
-0.0333539
-0.0335234
-0.0186849
-0.0185936
-0.0185214
-0.0184858
-0.0185079
-0.0186066
-0.0187951
-0.0190797
-0.0194612
-0.0199362
-0.0204989
-0.021143
-0.0218619
-0.0226494
-0.0234998
-0.0244075
-0.0253673
-0.0263738
-0.0274217
-0.0285056
-0.0296199
-0.0307592
-0.031918
-0.0330908
-0.0342723
-0.0354577
-0.0366421
-0.0378212
-0.038991
-0.040148
-0.041289
-0.0424114
-0.0435128
-0.0445913
-0.0456455
-0.0466741
-0.0476761
-0.048651
-0.0495982
-0.0505175
-0.0514085
-0.0522713
-0.0531056
-0.0539114
-0.0546887
-0.0554372
-0.056157
-0.0568478
-0.0575094
-0.0581417
-0.0587443
-0.0593169
-0.0598592
-0.0603709
-0.0608516
-0.061301
-0.0617186
-0.0621042
-0.0624574
-0.0627779
-0.0630654
-0.0633195
-0.0635401
-0.0637268
-0.0638795
-0.063998
-0.0640822
-0.0641319
-0.0641471
-0.0641276
-0.0640757
-0.0639903
-0.0638705
-0.0637162
-0.0635275
-0.0633048
-0.0630482
-0.0627579
-0.0624343
-0.0620777
-0.0616885
-0.061267
-0.0608138
-0.0603294
-0.0598143
-0.0592691
-0.0586946
-0.0580914
-0.0574605
-0.0568028
-0.0561193
-0.0554112
-0.0546797
-0.0539263
-0.0531526
-0.0523604
-0.0515515
-0.0507282
-0.0498928
-0.0490478
-0.0481962
-0.0473409
-0.0464852
-0.0456326
-0.0447867
-0.0439515
-0.0431309
-0.042329
-0.04155
-0.0407979
-0.0400766
-0.0393896
-0.03874
-0.0381299
-0.0375604
-0.0370306
-0.0365383
-0.0360601
-0.0355986
-0.0351415
-0.0346801
-0.034214
-0.0337555
-0.0333322
-0.0329841
-0.0327539
-0.0326702
-0.0327313
-0.0329025
-0.0184116
-0.0183222
-0.0182489
-0.0182084
-0.0182211
-0.0183061
-0.018477
-0.0187413
-0.0191006
-0.0195522
-0.0200911
-0.0207112
-0.021406
-0.0221695
-0.0229959
-0.0238798
-0.0248161
-0.0257997
-0.0268254
-0.027888
-0.0289824
-0.0301033
-0.0312453
-0.0324031
-0.0335718
-0.0347464
-0.0359221
-0.0370947
-0.0382602
-0.0394149
-0.0405555
-0.0416792
-0.0427836
-0.0438667
-0.0449266
-0.045962
-0.0469719
-0.0479553
-0.0489117
-0.0498405
-0.0507415
-0.0516144
-0.052459
-0.053275
-0.0540625
-0.0548212
-0.0555509
-0.0562514
-0.0569225
-0.057564
-0.0581754
-0.0587567
-0.0593072
-0.0598269
-0.0603151
-0.0607716
-0.0611961
-0.061588
-0.0619472
-0.0622732
-0.0625657
-0.0628244
-0.063049
-0.0632393
-0.0633951
-0.0635161
-0.0636023
-0.0636535
-0.0636696
-0.0636507
-0.0635971
-0.0635113
-0.06339
-0.0632337
-0.0630423
-0.0628162
-0.0625555
-0.0622604
-0.0619313
-0.0615686
-0.0611724
-0.0607434
-0.0602819
-0.0597884
-0.0592636
-0.058708
-0.0581224
-0.0575074
-0.0568641
-0.0561933
-0.0554962
-0.0547739
-0.0540277
-0.0532592
-0.0524699
-0.0516618
-0.0508368
-0.0499971
-0.0491453
-0.048284
-0.0474161
-0.0465447
-0.0456733
-0.0448055
-0.043945
-0.0430959
-0.0422623
-0.0414484
-0.0406586
-0.0398969
-0.0391674
-0.0384738
-0.0378192
-0.037206
-0.0366353
-0.0361072
-0.0356204
-0.0351527
-0.0347054
-0.0342666
-0.0338286
-0.0333907
-0.0329636
-0.0325721
-0.0322524
-0.0320434
-0.0319719
-0.0320381
-0.0322115
-0.0181302
-0.0180429
-0.017969
-0.0179241
-0.0179279
-0.0179992
-0.0181524
-0.0183956
-0.0187315
-0.0191584
-0.0196717
-0.0202658
-0.0209344
-0.0216717
-0.0224719
-0.0233299
-0.0242405
-0.0251989
-0.0262003
-0.0272397
-0.0283122
-0.0294126
-0.030536
-0.0316773
-0.0328316
-0.0339939
-0.0351598
-0.0363249
-0.0374851
-0.0386367
-0.0397764
-0.0409011
-0.0420083
-0.0430958
-0.0441616
-0.0452041
-0.0462221
-0.0472146
-0.0481808
-0.04912
-0.0500316
-0.0509155
-0.0517712
-0.0525984
-0.053397
-0.0541667
-0.0549073
-0.0556185
-0.0563
-0.0569515
-0.0575728
-0.0581635
-0.0587231
-0.0592514
-0.059748
-0.0602124
-0.0606443
-0.0610432
-0.0614089
-0.0617409
-0.0620389
-0.0623027
-0.0625318
-0.0627261
-0.0628853
-0.0630092
-0.0630976
-0.0631505
-0.0631676
-0.0631491
-0.0630949
-0.0630082
-0.0628856
-0.0627271
-0.062533
-0.0623033
-0.0620384
-0.0617384
-0.0614036
-0.0610344
-0.0606311
-0.0601941
-0.0597239
-0.0592209
-0.0586859
-0.0581193
-0.057522
-0.0568946
-0.0562382
-0.0555536
-0.0548421
-0.0541047
-0.053343
-0.0525583
-0.0517526
-0.0509275
-0.0500853
-0.0492282
-0.0483589
-0.04748
-0.0465946
-0.045706
-0.0448177
-0.0439333
-0.043057
-0.0421927
-0.0413448
-0.0405177
-0.0397157
-0.0389432
-0.0382044
-0.037503
-0.0368423
-0.0362247
-0.0356517
-0.0351229
-0.0346359
-0.0341864
-0.0337481
-0.0333253
-0.0329089
-0.0324975
-0.0321005
-0.0317401
-0.0314488
-0.0312617
-0.0312032
-0.0312751
-0.0314515
-0.0178429
-0.0177581
-0.0176839
-0.017635
-0.0176303
-0.0176884
-0.0178237
-0.0180453
-0.0183569
-0.0187575
-0.0192435
-0.0198095
-0.0204498
-0.0211585
-0.0219303
-0.0227599
-0.0236425
-0.0245735
-0.0255483
-0.0265622
-0.0276105
-0.0286885
-0.0297913
-0.0309142
-0.0320523
-0.0332009
-0.0343556
-0.0355119
-0.0366658
-0.0378135
-0.0389515
-0.0400768
-0.0411865
-0.0422783
-0.04335
-0.0443999
-0.0454265
-0.0464285
-0.047405
-0.0483552
-0.0492783
-0.050174
-0.0510417
-0.051881
-0.0526917
-0.0534734
-0.0542259
-0.0549487
-0.0556416
-0.0563042
-0.0569362
-0.0575372
-0.0581068
-0.0586446
-0.0591502
-0.0596232
-0.0600632
-0.0604699
-0.0608427
-0.0611813
-0.0614854
-0.0617547
-0.0619888
-0.0621874
-0.0623504
-0.0624775
-0.0625685
-0.0626232
-0.0626416
-0.0626236
-0.0625691
-0.0624817
-0.0623577
-0.0621971
-0.0620001
-0.0617669
-0.0614976
-0.0611924
-0.0608518
-0.0604758
-0.060065
-0.0596197
-0.0591404
-0.0586276
-0.0580818
-0.0575038
-0.0568942
-0.0562538
-0.0555836
-0.0548845
-0.0541577
-0.0534045
-0.0526263
-0.0518247
-0.0510014
-0.0501585
-0.049298
-0.0484225
-0.0475344
-0.0466368
-0.0457328
-0.0448256
-0.0439191
-0.043017
-0.0421235
-0.0412428
-0.0403793
-0.0395377
-0.0387224
-0.0379379
-0.0371884
-0.0364781
-0.0358101
-0.0351871
-0.0346107
-0.0340808
-0.0335958
-0.0331526
-0.0327255
-0.0323181
-0.0319218
-0.0315353
-0.0311672
-0.0308372
-0.0305743
-0.0304096
-0.030365
-0.0304433
-0.0306233
-0.0175516
-0.0174696
-0.0173956
-0.0173434
-0.0173307
-0.0173758
-0.0174933
-0.017693
-0.0179793
-0.0183524
-0.0188093
-0.0193452
-0.0199549
-0.0206327
-0.0213734
-0.0221721
-0.0230242
-0.0239253
-0.024871
-0.0258569
-0.0268788
-0.0279321
-0.0290122
-0.0301147
-0.0312347
-0.0323679
-0.0335098
-0.034656
-0.0358024
-0.0369453
-0.0380809
-0.0392062
-0.0403181
-0.041414
-0.0424916
-0.0435489
-0.0445843
-0.0455963
-0.0465838
-0.0475456
-0.048481
-0.0493893
-0.0502699
-0.0511224
-0.0519462
-0.0527409
-0.0535062
-0.0542417
-0.0549469
-0.0556216
-0.0562653
-0.0568776
-0.057458
-0.0580062
-0.0585218
-0.0590042
-0.0594531
-0.0598681
-0.0602487
-0.0605946
-0.0609054
-0.0611807
-0.0614203
-0.0616238
-0.0617909
-0.0619215
-0.0620154
-0.0620723
-0.0620922
-0.0620749
-0.0620204
-0.0619323
-0.0618069
-0.0616442
-0.0614443
-0.0612074
-0.0609336
-0.0606232
-0.0602765
-0.0598936
-0.059475
-0.0590211
-0.0585324
-0.0580092
-0.0574523
-0.0568622
-0.0562398
-0.0555858
-0.0549011
-0.0541868
-0.0534441
-0.0526743
-0.0518788
-0.0510593
-0.0502176
-0.0493557
-0.048476
-0.0475808
-0.046673
-0.0457556
-0.0448316
-0.0439048
-0.0429789
-0.0420578
-0.0411458
-0.0402474
-0.0393671
-0.0385096
-0.0376796
-0.0368818
-0.0361206
-0.0354001
-0.0347237
-0.0340942
-0.0335132
-0.0329811
-0.0324967
-0.0320575
-0.0316394
-0.0312464
-0.0308684
-0.0305052
-0.0301645
-0.0298641
-0.0296296
-0.0294878
-0.0294579
-0.0295433
-0.0297277
-0.0172585
-0.0171794
-0.0171061
-0.017051
-0.017031
-0.0170636
-0.0171635
-0.017341
-0.0176014
-0.0179457
-0.0183718
-0.0188756
-0.0194523
-0.0200967
-0.0208038
-0.021569
-0.0223878
-0.0232562
-0.0241702
-0.0251256
-0.0261185
-0.0271446
-0.0281998
-0.0292796
-0.0303797
-0.0314956
-0.032623
-0.0337576
-0.0348953
-0.0360322
-0.0371647
-0.0382892
-0.0394028
-0.0405025
-0.041586
-0.0426509
-0.0436954
-0.0447178
-0.0457167
-0.0466908
-0.0476392
-0.048561
-0.0494555
-0.050322
-0.0511599
-0.0519687
-0.0527479
-0.0534971
-0.0542158
-0.0549035
-0.0555599
-0.0561845
-0.0567768
-0.0573363
-0.0578626
-0.0583553
-0.0588139
-0.059238
-0.0596272
-0.059981
-0.060299
-0.060581
-0.0608266
-0.0610354
-0.0612072
-0.0613417
-0.0614388
-0.0614981
-0.0615197
-0.0615034
-0.061449
-0.0613604
-0.0612337
-0.0610689
-0.0608662
-0.0606256
-0.0603473
-0.0600315
-0.0596785
-0.0592885
-0.0588619
-0.058399
-0.0579005
-0.0573666
-0.0567981
-0.0561955
-0.0555597
-0.0548915
-0.0541918
-0.0534616
-0.0527022
-0.051915
-0.0511014
-0.0502631
-0.0494021
-0.0485204
-0.0476204
-0.0467047
-0.045776
-0.0448375
-0.0438926
-0.0429449
-0.0419983
-0.0410569
-0.0401252
-0.0392077
-0.0383093
-0.0374347
-0.0365888
-0.0357765
-0.0350022
-0.0342702
-0.0335842
-0.032947
-0.0323603
-0.0318245
-0.0313382
-0.0308974
-0.0304969
-0.0301125
-0.0297502
-0.0294081
-0.0290933
-0.0288217
-0.0286154
-0.0284971
-0.0284826
-0.028576
-0.0287655
-0.0169652
-0.0168894
-0.0168171
-0.0167597
-0.0167331
-0.0167537
-0.0168363
-0.0169916
-0.0172255
-0.0175399
-0.0179337
-0.0184034
-0.0189448
-0.0195532
-0.0202239
-0.0209527
-0.0217354
-0.0225683
-0.0234477
-0.0243698
-0.025331
-0.0263274
-0.0273551
-0.02841
-0.0294879
-0.0305845
-0.0316957
-0.0328171
-0.0339447
-0.0350745
-0.0362028
-0.0373259
-0.0384406
-0.0395439
-0.040633
-0.0417055
-0.0427593
-0.0437924
-0.0448033
-0.0457904
-0.0467526
-0.0476887
-0.0485979
-0.0494794
-0.0503324
-0.0511564
-0.0519506
-0.0527146
-0.0534478
-0.0541498
-0.0548199
-0.0554578
-0.0560629
-0.0566347
-0.0571728
-0.0576766
-0.0581458
-0.0585798
-0.0589782
-0.0593407
-0.0596667
-0.0599559
-0.060208
-0.0604227
-0.0605996
-0.0607385
-0.0608391
-0.0609013
-0.0609249
-0.0609097
-0.0608556
-0.0607666
-0.0606387
-0.060472
-0.0602664
-0.0600221
-0.0597392
-0.0594179
-0.0590585
-0.0586612
-0.0582263
-0.0577543
-0.0572456
-0.0567007
-0.0561202
-0.0555047
-0.054855
-0.054172
-0.0534567
-0.05271
-0.0519333
-0.0511279
-0.0502955
-0.0494376
-0.0485564
-0.047654
-0.0467327
-0.0457954
-0.0448448
-0.0438842
-0.0429172
-0.0419473
-0.0409789
-0.040016
-0.0390633
-0.0381256
-0.0372077
-0.0363146
-0.0354515
-0.0346233
-0.0338347
-0.03309
-0.0323932
-0.031747
-0.0311534
-0.0306128
-0.030124
-0.0296834
-0.02929
-0.0289153
-0.0285675
-0.0282451
-0.0279547
-0.0277107
-0.0275324
-0.0274381
-0.0274398
-0.0275418
-0.0277374
-0.0166735
-0.0166011
-0.0165302
-0.0164711
-0.0164384
-0.0164479
-0.0165137
-0.0166468
-0.0168538
-0.0171375
-0.0174975
-0.0179311
-0.0184349
-0.0190046
-0.0196361
-0.0203255
-0.0210691
-0.0218635
-0.0227052
-0.0235911
-0.0245178
-0.0254817
-0.0264793
-0.0275068
-0.0285602
-0.0296355
-0.0307285
-0.031835
-0.032951
-0.0340724
-0.0351954
-0.0363163
-0.0374315
-0.0385379
-0.0396325
-0.0407126
-0.0417759
-0.0428201
-0.0438434
-0.044844
-0.0458207
-0.046772
-0.0476969
-0.0485944
-0.0494636
-0.0503037
-0.0511141
-0.051894
-0.0526429
-0.0533601
-0.0540452
-0.0546974
-0.0553164
-0.0559015
-0.0564523
-0.0569682
-0.0574488
-0.0578936
-0.0583021
-0.0586739
-0.0590086
-0.0593057
-0.059565
-0.059786
-0.0599685
-0.0601123
-0.0602169
-0.0602823
-0.0603083
-0.0602946
-0.060241
-0.0601515
-0.0600226
-0.059854
-0.0596457
-0.0593977
-0.0591102
-0.0587833
-0.0584174
-0.0580126
-0.0575693
-0.0570878
-0.0565687
-0.0560124
-0.0554196
-0.0547908
-0.0541268
-0.0534285
-0.052697
-0.0519332
-0.0511386
-0.0503144
-0.0494624
-0.0485842
-0.047682
-0.0467579
-0.0458145
-0.0448546
-0.0438811
-0.0428974
-0.0419071
-0.040914
-0.0399225
-0.0389369
-0.037962
-0.0370026
-0.036064
-0.0351512
-0.0342695
-0.0334241
-0.0326198
-0.0318611
-0.0311521
-0.0304957
-0.029894
-0.0293476
-0.0288554
-0.028415
-0.0280226
-0.0276559
-0.0273215
-0.0270171
-0.0267494
-0.026532
-0.0263812
-0.0263112
-0.0263301
-0.0264414
-0.0266439
-0.0163848
-0.016316
-0.0162468
-0.0161866
-0.0161487
-0.0161476
-0.0161973
-0.0163086
-0.0164885
-0.0167407
-0.0170655
-0.0174612
-0.0179251
-0.0184535
-0.0190428
-0.0196898
-0.020391
-0.0211436
-0.0219445
-0.022791
-0.0236801
-0.0246087
-0.0255735
-0.026571
-0.0275975
-0.0286492
-0.029722
-0.0308118
-0.0319146
-0.0330263
-0.034143
-0.0352606
-0.0363757
-0.0374847
-0.0385846
-0.0396722
-0.040745
-0.0418006
-0.0428368
-0.0438516
-0.0448434
-0.0458107
-0.0467522
-0.0476667
-0.0485531
-0.0494105
-0.0502382
-0.0510352
-0.0518008
-0.0525345
-0.0532355
-0.0539033
-0.0545372
-0.0551367
-0.0557012
-0.0562302
-0.0567232
-0.0571796
-0.057599
-0.057981
-0.058325
-0.0586308
-0.0588979
-0.0591259
-0.0593146
-0.0594636
-0.0595727
-0.0596417
-0.0596704
-0.0596586
-0.0596063
-0.0595154
-0.0593859
-0.0592157
-0.0590047
-0.0587531
-0.058461
-0.0581286
-0.057756
-0.0573436
-0.0568917
-0.0564007
-0.0558709
-0.055303
-0.0546974
-0.0540549
-0.0533763
-0.0526623
-0.0519141
-0.0511328
-0.0503196
-0.049476
-0.0486037
-0.0477045
-0.0467805
-0.045834
-0.0448677
-0.0438842
-0.0428869
-0.041879
-0.0408644
-0.039847
-0.0388312
-0.0378217
-0.0368233
-0.035841
-0.0348803
-0.0339464
-0.0330448
-0.0321808
-0.0313594
-0.0305854
-0.0298629
-0.0291949
-0.0285837
-0.02803
-0.027533
-0.0270904
-0.0266991
-0.0263366
-0.0260141
-0.0257256
-0.0254786
-0.0252862
-0.0251623
-0.0251169
-0.0251537
-0.0252752
-0.0254857
-0.0161004
-0.0160353
-0.0159682
-0.0159075
-0.015865
-0.0158544
-0.0158886
-0.0159785
-0.0161314
-0.0163514
-0.0166399
-0.016996
-0.0174176
-0.017902
-0.0184463
-0.0190475
-0.0197031
-0.0204105
-0.0211673
-0.0219712
-0.0228195
-0.0237097
-0.0246387
-0.0256035
-0.0266006
-0.0276263
-0.0286769
-0.0297482
-0.0308361
-0.0319367
-0.0330457
-0.0341593
-0.0352734
-0.0363846
-0.0374893
-0.0385844
-0.0396669
-0.040734
-0.0417835
-0.0428131
-0.0438207
-0.0448048
-0.0457638
-0.0466962
-0.0476009
-0.0484768
-0.0493228
-0.050138
-0.0509216
-0.0516729
-0.0523911
-0.0530755
-0.0537255
-0.0543404
-0.0549197
-0.0554628
-0.0559691
-0.0564381
-0.0568693
-0.0572623
-0.0576165
-0.0579316
-0.0582071
-0.0584428
-0.0586382
-0.0587931
-0.0589071
-0.0589802
-0.059012
-0.0590024
-0.0589515
-0.0588594
-0.0587296
-0.0585579
-0.0583444
-0.0580893
-0.0577926
-0.0574546
-0.0570754
-0.0566554
-0.0561947
-0.0556939
-0.0551534
-0.0545735
-0.053955
-0.0532985
-0.0526049
-0.0518749
-0.0511096
-0.0503101
-0.0494779
-0.0486144
-0.0477212
-0.0468004
-0.0458539
-0.0448843
-0.0438942
-0.0428864
-0.0418643
-0.0408313
-0.0397913
-0.0387486
-0.0377075
-0.0366728
-0.0356497
-0.0346433
-0.0336591
-0.0327028
-0.0317798
-0.0308958
-0.0300559
-0.0292651
-0.0285276
-0.0278466
-0.0272244
-0.0266618
-0.0261581
-0.0257107
-0.0253161
-0.0249633
-0.0246478
-0.0243718
-0.0241431
-0.023974
-0.0238762
-0.0238555
-0.0239109
-0.0240434
-0.024263
-0.0158214
-0.0157601
-0.0156955
-0.0156347
-0.0155885
-0.0155691
-0.0155889
-0.0156579
-0.015784
-0.0159715
-0.0162227
-0.0165375
-0.0169147
-0.0173524
-0.0178485
-0.0184008
-0.0190073
-0.019666
-0.0203752
-0.021133
-0.0219372
-0.0227857
-0.0236761
-0.0246053
-0.0255704
-0.0265678
-0.0275939
-0.0286447
-0.0297161
-0.030804
-0.0319043
-0.0330127
-0.0341252
-0.0352379
-0.0363472
-0.0374495
-0.0385417
-0.0396207
-0.0406838
-0.0417286
-0.0427528
-0.0437545
-0.0447318
-0.0456832
-0.0466072
-0.0475025
-0.048368
-0.0492026
-0.0500054
-0.0507755
-0.051512
-0.0522142
-0.0528814
-0.0535129
-0.054108
-0.0546662
-0.0551869
-0.0556694
-0.0561133
-0.0565181
-0.0568833
-0.0572085
-0.0574932
-0.0577372
-0.0579399
-0.0581012
-0.0582208
-0.0582983
-0.0583336
-0.0583266
-0.0582771
-0.058185
-0.0580548
-0.0578816
-0.0576657
-0.0574071
-0.057106
-0.0567624
-0.0563766
-0.0559489
-0.0554795
-0.0549688
-0.0544173
-0.0538254
-0.0531938
-0.0525231
-0.0518141
-0.0510677
-0.050285
-0.0494671
-0.0486154
-0.0477315
-0.046817
-0.0458739
-0.0449044
-0.043911
-0.0428963
-0.0418635
-0.0408158
-0.0397568
-0.0386906
-0.0376214
-0.0365539
-0.035493
-0.0344439
-0.0334121
-0.0324032
-0.031423
-0.0304772
-0.0295717
-0.0287118
-0.0279026
-0.0271485
-0.0264529
-0.0258182
-0.0252451
-0.0247329
-0.0242789
-0.0238779
-0.023535
-0.0232229
-0.0229566
-0.0227435
-0.0225956
-0.0225229
-0.0225271
-0.0226018
-0.0227461
-0.0229761
-0.0155489
-0.0154915
-0.0154295
-0.0153692
-0.01532
-0.0152929
-0.0152991
-0.0153482
-0.0154477
-0.0156026
-0.0158157
-0.0160877
-0.0164183
-0.0168067
-0.0172516
-0.0177515
-0.0183053
-0.0189118
-0.0195697
-0.0202777
-0.0210344
-0.0218381
-0.0226865
-0.0235774
-0.0245077
-0.0254744
-0.0264738
-0.0275021
-0.0285553
-0.0296291
-0.0307192
-0.0318214
-0.0329315
-0.0340452
-0.0351586
-0.0362681
-0.0373699
-0.0384609
-0.0395381
-0.0405986
-0.04164
-0.04266
-0.0436566
-0.0446278
-0.0455721
-0.046488
-0.0473742
-0.0482293
-0.0490524
-0.0498425
-0.0505985
-0.0513197
-0.0520053
-0.0526545
-0.0532666
-0.053841
-0.054377
-0.054874
-0.0553316
-0.0557491
-0.0561261
-0.0564622
-0.0567569
-0.0570098
-0.0572205
-0.0573888
-0.0575143
-0.0575968
-0.0576361
-0.0576319
-0.0575842
-0.0574928
-0.0573622
-0.0571878
-0.0569697
-0.0567078
-0.0564023
-0.0560532
-0.0556609
-0.0552255
-0.0547473
-0.0542268
-0.0536642
-0.0530602
-0.0524153
-0.0517302
-0.0510057
-0.0502427
-0.0494423
-0.0486056
-0.0477342
-0.0468294
-0.0458932
-0.0449274
-0.0439344
-0.0429166
-0.0418769
-0.0408182
-0.0397442
-0.0386585
-0.0375651
-0.0364686
-0.0353736
-0.0342853
-0.0332091
-0.0321506
-0.0311156
-0.0301101
-0.0291401
-0.0282115
-0.02733
-0.0265008
-0.0257284
-0.0250165
-0.0243674
-0.0237822
-0.0232601
-0.0227985
-0.0223932
-0.0220465
-0.0217385
-0.02148
-0.0212801
-0.0211514
-0.0211025
-0.0211313
-0.0212263
-0.0213833
-0.0216249
-0.0152835
-0.0152301
-0.015171
-0.0151117
-0.0150603
-0.0150265
-0.0150201
-0.0150501
-0.0151237
-0.015246
-0.0154202
-0.0156481
-0.0159302
-0.0162667
-0.0166572
-0.0171014
-0.0175989
-0.0181493
-0.0187521
-0.0194068
-0.0201124
-0.0208677
-0.0216712
-0.0225206
-0.0234135
-0.0243469
-0.0253174
-0.0263213
-0.0273544
-0.0284126
-0.0294914
-0.0305864
-0.0316932
-0.0328073
-0.0339245
-0.0350408
-0.0361524
-0.0372556
-0.0383471
-0.0394239
-0.040483
-0.0415221
-0.0425387
-0.0435307
-0.0444964
-0.0454339
-0.0463418
-0.0472187
-0.0480633
-0.0488745
-0.0496512
-0.0503926
-0.0510977
-0.0517657
-0.0523959
-0.0529875
-0.0535399
-0.0540525
-0.0545247
-0.0549558
-0.0553456
-0.0556933
-0.0559987
-0.0562613
-0.0564807
-0.0566566
-0.0567887
-0.0568767
-0.0569204
-0.0569196
-0.056874
-0.0567834
-0.0566529
-0.0564775
-0.0562574
-0.0559924
-0.0556827
-0.0553283
-0.0549295
-0.0544866
-0.0539997
-0.0534692
-0.0528956
-0.0522794
-0.0516212
-0.0509216
-0.0501815
-0.0494018
-0.0485835
-0.047728
-0.0468365
-0.0459107
-0.0449523
-0.0439635
-0.0429466
-0.041904
-0.0408386
-0.0397537
-0.0386527
-0.0375394
-0.0364182
-0.0352934
-0.03417
-0.0330533
-0.0319488
-0.0308623
-0.0297999
-0.0287677
-0.0277718
-0.0268186
-0.0259137
-0.0250626
-0.0242701
-0.02354
-0.0228747
-0.0222753
-0.0217413
-0.0212704
-0.0208591
-0.0205043
-0.0201966
-0.0199429
-0.0197533
-0.0196412
-0.0196145
-0.0196679
-0.0197839
-0.0199546
-0.0202095
-0.0150261
-0.0149766
-0.0149206
-0.0148628
-0.01481
-0.0147704
-0.0147525
-0.0147645
-0.0148128
-0.0149026
-0.0150376
-0.0152201
-0.0154518
-0.0157337
-0.0160668
-0.0164518
-0.0168892
-0.0173797
-0.0179237
-0.0185212
-0.0191721
-0.0198757
-0.0206308
-0.0214359
-0.0222886
-0.0231863
-0.0241257
-0.0251031
-0.0261145
-0.0271556
-0.0282219
-0.0293086
-0.0304113
-0.0315252
-0.0326458
-0.0337689
-0.0348901
-0.0360056
-0.0371118
-0.0382053
-0.0392828
-0.0403416
-0.041379
-0.0423928
-0.0433807
-0.0443409
-0.0452717
-0.0461714
-0.0470386
-0.0478722
-0.0486708
-0.0494335
-0.0501593
-0.0508473
-0.0514967
-0.0521067
-0.0526765
-0.0532056
-0.0536934
-0.0541391
-0.0545424
-0.0549027
-0.0552196
-0.0554926
-0.0557214
-0.0559056
-0.0560449
-0.056139
-0.0561876
-0.0561906
-0.0561476
-0.0560584
-0.0559279
-0.0557519
-0.05553
-0.0552622
-0.0549485
-0.0545891
-0.054184
-0.0537336
-0.0532381
-0.0526979
-0.0521134
-0.0514851
-0.0508135
-0.0500995
-0.0493438
-0.0485473
-0.0477111
-0.0468365
-0.0459248
-0.0449778
-0.0439972
-0.0429852
-0.041944
-0.0408762
-0.0397849
-0.0386732
-0.0375447
-0.0364033
-0.0352534
-0.0340997
-0.032947
-0.0318009
-0.030667
-0.0295513
-0.0284601
-0.0273996
-0.0263764
-0.0253967
-0.0244666
-0.0235917
-0.022777
-0.0220264
-0.0213426
-0.0207268
-0.0201786
-0.0196957
-0.0192749
-0.0189127
-0.0185975
-0.0183459
-0.0181632
-0.0180646
-0.0180583
-0.0181358
-0.0182738
-0.0184596
-0.0187293
-0.0147771
-0.0147314
-0.0146787
-0.0146228
-0.0145693
-0.0145249
-0.0144968
-0.0144918
-0.0145156
-0.0145733
-0.0146686
-0.0148047
-0.0149841
-0.0152091
-0.0154817
-0.015804
-0.0161776
-0.0166043
-0.0170855
-0.017622
-0.0182144
-0.0188628
-0.0195664
-0.0203241
-0.021134
-0.0219935
-0.0228996
-0.0238486
-0.0248366
-0.0258592
-0.0269117
-0.0279893
-0.0290871
-0.0302003
-0.0313239
-0.0324535
-0.0335844
-0.0347124
-0.0358336
-0.0369441
-0.0380406
-0.0391198
-0.0401789
-0.0412152
-0.0422264
-0.0432103
-0.0441649
-0.0450886
-0.0459796
-0.0468366
-0.0476583
-0.0484435
-0.0491912
-0.0499003
-0.05057
-0.0511994
-0.0517878
-0.0523344
-0.0528387
-0.0533
-0.0537177
-0.0540914
-0.0544206
-0.0547049
-0.0549437
-0.0551369
-0.055284
-0.0553848
-0.0554389
-0.0554463
-0.0554065
-0.0553195
-0.0551882
-0.0550123
-0.0547891
-0.0545188
-0.0542014
-0.0538371
-0.053426
-0.0529684
-0.0524645
-0.0519147
-0.0513194
-0.0506791
-0.0499944
-0.049266
-0.0484947
-0.0476815
-0.0468275
-0.0459339
-0.0450021
-0.0440339
-0.043031
-0.0419955
-0.04093
-0.0398369
-0.0387193
-0.0375805
-0.0364241
-0.0352542
-0.0340751
-0.0328916
-0.0317089
-0.0305324
-0.0293681
-0.028222
-0.0271005
-0.0260103
-0.024958
-0.02395
-0.0229927
-0.0220919
-0.0212527
-0.0204792
-0.0197743
-0.0191393
-0.0185738
-0.0180757
-0.017642
-0.0172699
-0.0169439
-0.0166901
-0.0165097
-0.0164207
-0.0164323
-0.0165337
-0.0166949
-0.0168973
-0.0171839
-0.0145367
-0.0144949
-0.0144456
-0.014392
-0.0143384
-0.0142903
-0.0142531
-0.0142322
-0.0142326
-0.0142585
-0.014314
-0.0144027
-0.014528
-0.0146936
-0.0149027
-0.0151587
-0.0154648
-0.0158238
-0.0162382
-0.0167099
-0.0172402
-0.0178299
-0.0184788
-0.0191862
-0.0199505
-0.0207694
-0.0216401
-0.022559
-0.023522
-0.0245247
-0.0255624
-0.0266299
-0.0277222
-0.0288341
-0.0299605
-0.0310964
-0.032237
-0.0333777
-0.0345141
-0.0356422
-0.0367581
-0.0378584
-0.0389399
-0.0399996
-0.041035
-0.0420435
-0.043023
-0.0439717
-0.0448876
-0.0457692
-0.0466151
-0.0474239
-0.0481945
-0.0489259
-0.0496169
-0.0502668
-0.0508748
-0.05144
-0.0519618
-0.0524396
-0.0528727
-0.0532607
-0.053603
-0.0538992
-0.0541489
-0.0543517
-0.0545073
-0.0546154
-0.0546757
-0.0546879
-0.054652
-0.0545678
-0.0544357
-0.0542603
-0.0540362
-0.0537638
-0.053443
-0.0530742
-0.0526574
-0.0521928
-0.0516808
-0.0511217
-0.0505158
-0.0498638
-0.0491662
-0.0484237
-0.0476371
-0.0468074
-0.0459356
-0.0450232
-0.0440714
-0.043082
-0.0420569
-0.0409981
-0.0399082
-0.0387898
-0.0376458
-0.0364797
-0.0352952
-0.0340964
-0.0328877
-0.0316739
-0.0304604
-0.0292527
-0.0280569
-0.0268792
-0.0257263
-0.0246048
-0.0235216
-0.0224833
-0.0214966
-0.0205674
-0.0197011
-0.0189019
-0.018173
-0.0175156
-0.0169294
-0.0164123
-0.015961
-0.0155725
-0.0152392
-0.014976
-0.0147919
-0.0147077
-0.0147343
-0.014859
-0.0150451
-0.0152664
-0.0155723
-0.0143052
-0.0142672
-0.0142215
-0.0141705
-0.0141176
-0.0140666
-0.0140214
-0.0139859
-0.0139637
-0.0139584
-0.0139738
-0.0140142
-0.0140838
-0.0141875
-0.0143302
-0.0145166
-0.0147513
-0.0150387
-0.0153824
-0.0157854
-0.01625
-0.0167775
-0.0173686
-0.0180228
-0.018739
-0.0195152
-0.0203485
-0.0212355
-0.0221721
-0.0231538
-0.0241755
-0.0252322
-0.0263184
-0.0274286
-0.0285575
-0.0296997
-0.03085
-0.0320035
-0.0331555
-0.0343015
-0.0354374
-0.0365595
-0.037664
-0.038748
-0.0398083
-0.0408424
-0.0418479
-0.0428225
-0.0437643
-0.0446716
-0.0455427
-0.0463763
-0.047171
-0.0479256
-0.0486392
-0.0493106
-0.0499391
-0.0505239
-0.0510642
-0.0515594
-0.0520088
-0.0524119
-0.0527681
-0.0530771
-0.0533384
-0.0535516
-0.0537164
-0.0538324
-0.0538994
-0.0539172
-0.0538854
-0.0538041
-0.0536731
-0.053498
-0.0532733
-0.0529991
-0.0526754
-0.0523024
-0.0518802
-0.0514091
-0.0508893
-0.0503212
-0.0497051
-0.0490417
-0.0483315
-0.0475752
-0.0467736
-0.0459277
-0.0450386
-0.0441076
-0.0431361
-0.0421259
-0.0410787
-0.0399969
-0.0388827
-0.037739
-0.0365688
-0.0353755
-0.0341627
-0.0329348
-0.0316961
-0.0304517
-0.0292068
-0.0279672
-0.026739
-0.0255286
-0.0243428
-0.0231884
-0.0220724
-0.0210018
-0.0199833
-0.0190231
-0.0181267
-0.0172987
-0.0165422
-0.0158587
-0.0152479
-0.0147075
-0.0142335
-0.0138205
-0.0134837
-0.013202
-0.0130072
-0.0129221
-0.0129603
-0.0131081
-0.0133215
-0.0135648
-0.013893
-0.0140825
-0.0140483
-0.0140062
-0.0139582
-0.0139066
-0.0138537
-0.0138017
-0.0137527
-0.0137087
-0.0136727
-0.013648
-0.0136391
-0.0136514
-0.0136909
-0.0137641
-0.0138774
-0.0140372
-0.0142491
-0.0145183
-0.0148489
-0.0152441
-0.0157062
-0.0162364
-0.0168348
-0.0175006
-0.0182319
-0.0190261
-0.0198797
-0.0207886
-0.0217481
-0.0227532
-0.0237983
-0.0248779
-0.0259861
-0.0271173
-0.0282657
-0.0294259
-0.0305924
-0.0317603
-0.0329247
-0.0340811
-0.0352255
-0.0363538
-0.0374627
-0.0385489
-0.0396094
-0.0406417
-0.0416433
-0.042612
-0.043546
-0.0444434
-0.0453027
-0.0461225
-0.0469015
-0.0476385
-0.0483326
-0.0489827
-0.049588
-0.0501477
-0.0506612
-0.0511277
-0.0515468
-0.0519179
-0.0522404
-0.0525141
-0.0527384
-0.052913
-0.0530376
-0.053112
-0.0531358
-0.0531088
-0.0530309
-0.0529017
-0.0527274
-0.0525024
-0.0522268
-0.0519006
-0.0515239
-0.0510968
-0.0506196
-0.0500924
-0.0495158
-0.04889
-0.0482156
-0.0474933
-0.0467236
-0.0459075
-0.0450458
-0.0441398
-0.0431907
-0.0421999
-0.0411692
-0.0401005
-0.038996
-0.037858
-0.0366893
-0.0354931
-0.0342726
-0.0330318
-0.0317747
-0.0305059
-0.0292305
-0.0279538
-0.0266817
-0.0254203
-0.0241761
-0.0229561
-0.0217671
-0.0206165
-0.0195113
-0.0184584
-0.0174642
-0.0165345
-0.0156739
-0.0148858
-0.0141719
-0.013532
-0.0129637
-0.0124633
-0.012026
-0.0116646
-0.0113624
-0.0111508
-0.0110588
-0.0111047
-0.0112752
-0.0115194
-0.0117891
-0.0121435
-0.0138686
-0.013838
-0.0137997
-0.013755
-0.0137053
-0.0136514
-0.0135936
-0.0135321
-0.0134673
-0.0134009
-0.0133358
-0.0132768
-0.01323
-0.013203
-0.0132039
-0.0132408
-0.0133219
-0.0134547
-0.0136456
-0.0139002
-0.0142228
-0.0146165
-0.015083
-0.0156231
-0.0162362
-0.0169208
-0.0176743
-0.0184932
-0.0193733
-0.0203099
-0.0212976
-0.0223307
-0.0234033
-0.0245094
-0.0256428
-0.0267975
-0.0279676
-0.0291475
-0.0303316
-0.0315148
-0.0326922
-0.0338595
-0.0350123
-0.0361468
-0.0372596
-0.0383474
-0.0394073
-0.0404368
-0.0414334
-0.042395
-0.0433196
-0.0442057
-0.0450515
-0.0458559
-0.0466173
-0.0473349
-0.0480075
-0.0486343
-0.0492144
-0.049747
-0.0502316
-0.0506675
-0.0510542
-0.0513911
-0.0516778
-0.0519139
-0.0520991
-0.0522331
-0.0523154
-0.052346
-0.0523244
-0.0522505
-0.0521239
-0.0519504
-0.0517257
-0.0514494
-0.0511212
-0.0507412
-0.0503098
-0.0498269
-0.049293
-0.0487083
-0.0480734
-0.0473886
-0.0466546
-0.0458722
-0.0450421
-0.0441653
-0.0432429
-0.0422763
-0.0412669
-0.0402164
-0.0391267
-0.0379999
-0.0368387
-0.0356455
-0.0344237
-0.0331765
-0.0319078
-0.0306218
-0.029323
-0.0280165
-0.0267078
-0.0254026
-0.0241072
-0.0228283
-0.0215727
-0.0203476
-0.0191603
-0.0180181
-0.0169279
-0.0158964
-0.0149295
-0.0140322
-0.0132079
-0.0124586
-0.011784
-0.0111822
-0.0106497
-0.0101825
-0.00978576
-0.00945418
-0.00921734
-0.00911053
-0.00915902
-0.00935204
-0.00963151
-0.00993384
-0.0103193
-0.0136632
-0.013636
-0.0136016
-0.0135607
-0.0135134
-0.0134593
-0.0133967
-0.0133236
-0.0132386
-0.013142
-0.0130362
-0.012926
-0.0128185
-0.0127227
-0.0126483
-0.0126056
-0.0126047
-0.0126548
-0.012764
-0.0129393
-0.0131861
-0.0135084
-0.0139088
-0.0143884
-0.0149471
-0.0155834
-0.0162948
-0.017078
-0.0179285
-0.0188415
-0.0198114
-0.0208322
-0.0218978
-0.0230016
-0.0241373
-0.0252984
-0.0264787
-0.0276722
-0.0288729
-0.0300753
-0.0312743
-0.032465
-0.0336428
-0.0348037
-0.0359438
-0.0370596
-0.038148
-0.0392062
-0.0402314
-0.0412215
-0.0421743
-0.043088
-0.0439609
-0.0447914
-0.0455783
-0.0463203
-0.0470163
-0.0476654
-0.0482667
-0.0488194
-0.0493228
-0.0497763
-0.0501794
-0.0505314
-0.050832
-0.0510807
-0.0512772
-0.0514211
-0.0515121
-0.05155
-0.0515346
-0.0514657
-0.051343
-0.0511688
-0.0509457
-0.0506692
-0.0503397
-0.0499572
-0.0495219
-0.049034
-0.0484939
-0.0479019
-0.0472584
-0.0465639
-0.045819
-0.0450245
-0.0441811
-0.0432899
-0.042352
-0.0413687
-0.0403414
-0.0392718
-0.0381618
-0.0370137
-0.0358299
-0.034613
-0.0333662
-0.0320929
-0.0307968
-0.0294823
-0.0281538
-0.0268163
-0.0254754
-0.0241368
-0.0228069
-0.0214922
-0.0201999
-0.018937
-0.0177109
-0.016529
-0.0153984
-0.014326
-0.0133178
-0.0123788
-0.0115129
-0.0107219
-0.0100061
-0.00936357
-0.00879123
-0.00828579
-0.00784624
-0.0074722
-0.00719925
-0.00706745
-0.00711159
-0.00732625
-0.00764685
-0.0079904
-0.00841314
-0.0134656
-0.0134419
-0.0134116
-0.0133747
-0.0133306
-0.013277
-0.0132103
-0.0131263
-0.0130216
-0.0128948
-0.0127476
-0.012585
-0.0124149
-0.0122479
-0.0120955
-0.0119702
-0.011884
-0.0118481
-0.0118725
-0.0119655
-0.0121338
-0.0123824
-0.0127145
-0.0131318
-0.0136344
-0.0142212
-0.0148897
-0.0156363
-0.0164568
-0.0173459
-0.0182977
-0.0193062
-0.0203647
-0.0214664
-0.0226045
-0.0237724
-0.0249632
-0.0261706
-0.0273883
-0.0286104
-0.0298315
-0.0310461
-0.0322496
-0.0334374
-0.0346055
-0.03575
-0.0368676
-0.0379552
-0.0390099
-0.0400293
-0.041011
-0.0419532
-0.0428538
-0.0437114
-0.0445245
-0.0452917
-0.046012
-0.0466843
-0.0473076
-0.0478811
-0.0484042
-0.0488761
-0.0492962
-0.0496641
-0.0499792
-0.0502412
-0.0504497
-0.0506042
-0.0507047
-0.0507507
-0.050742
-0.0506786
-0.0505603
-0.0503872
-0.0501656
-0.0498895
-0.0495591
-0.0491747
-0.0487362
-0.0482441
-0.0476985
-0.0470998
-0.0464485
-0.0457451
-0.0449901
-0.0441843
-0.0433286
-0.0424239
-0.0414713
-0.0404722
-0.0394279
-0.0383402
-0.0372111
-0.0360425
-0.034837
-0.0335973
-0.0323264
-0.0310278
-0.0297052
-0.0283627
-0.0270049
-0.0256368
-0.0242638
-0.0228917
-0.0215267
-0.0201756
-0.0188452
-0.0175429
-0.0162758
-0.0150515
-0.0138772
-0.0127598
-0.0117054
-0.0107192
-0.00980516
-0.00896539
-0.00820016
-0.00750785
-0.00688558
-0.00633062
-0.00584264
-0.0054083
-0.00508636
-0.00491602
-0.00494582
-0.00517991
-0.00554855
-0.0059447
-0.00641272
-0.0132753
-0.0132552
-0.013229
-0.0131966
-0.0131561
-0.0131038
-0.0130336
-0.0129391
-0.0128146
-0.0126572
-0.0124677
-0.0122511
-0.0120166
-0.0117759
-0.011543
-0.0113321
-0.0111577
-0.0110331
-0.0109699
-0.0109781
-0.0110656
-0.0112384
-0.0115006
-0.0118542
-0.0122997
-0.0128362
-0.0134611
-0.0141709
-0.0149611
-0.0158262
-0.0167602
-0.0177564
-0.018808
-0.0199079
-0.0210489
-0.0222238
-0.0234256
-0.0246473
-0.0258825
-0.0271248
-0.0283684
-0.0296076
-0.0308372
-0.0320526
-0.0332492
-0.034423
-0.0355704
-0.0366881
-0.0377729
-0.0388222
-0.0398337
-0.0408049
-0.0417342
-0.0426195
-0.0434596
-0.0442528
-0.044998
-0.0456942
-0.0463402
-0.0469354
-0.0474788
-0.0479698
-0.0484078
-0.0487922
-0.0491226
-0.0493985
-0.0496196
-0.0497856
-0.049896
-0.0499508
-0.0499496
-0.0498923
-0.0497787
-0.0496085
-0.0493885
-0.0491133
-0.0487828
-0.0483971
-0.0479562
-0.0474605
-0.0469103
-0.0463058
-0.0456475
-0.044936
-0.0441719
-0.0433559
-0.0424888
-0.0415716
-0.0406054
-0.0395915
-0.0385315
-0.0374269
-0.0362796
-0.0350918
-0.0338658
-0.0326044
-0.0313106
-0.0299877
-0.0286395
-0.0272699
-0.0258836
-0.0244854
-0.0230806
-0.021675
-0.0202748
-0.0188865
-0.0175171
-0.0161735
-0.0148633
-0.0135937
-0.0123719
-0.011205
-0.010099
-0.00905923
-0.00808966
-0.00719253
-0.00636815
-0.00561496
-0.00493017
-0.00431153
-0.00376121
-0.00325576
-0.00286621
-0.0026381
-0.00263878
-0.0028873
-0.0033113
-0.00377449
-0.00429776
-0.013091
-0.0130745
-0.0130529
-0.0130256
-0.0129895
-0.0129389
-0.0128657
-0.0127606
-0.0126158
-0.0124268
-0.0121935
-0.0119213
-0.0116201
-0.0113035
-0.0109873
-0.0106885
-0.0104234
-0.0102076
-0.0100546
-0.00997606
-0.00998114
-0.0100768
-0.0102679
-0.0105569
-0.0109448
-0.0114306
-0.0120118
-0.0126849
-0.0134449
-0.0142863
-0.0152027
-0.0161872
-0.0172325
-0.0183311
-0.0194754
-0.0206578
-0.021871
-0.0231077
-0.0243608
-0.0256238
-0.0268904
-0.0281546
-0.0294109
-0.0306542
-0.0318799
-0.0330836
-0.0342614
-0.0354096
-0.0365252
-0.0376051
-0.0386467
-0.0396478
-0.0406061
-0.04152
-0.0423875
-0.0432074
-0.0439783
-0.044699
-0.0453684
-0.0459858
-0.0465502
-0.0470609
-0.0475174
-0.047919
-0.0482653
-0.0485559
-0.0487903
-0.0489682
-0.0490894
-0.0491536
-0.0491606
-0.0491102
-0.0490021
-0.048836
-0.0486174
-0.048344
-0.0480142
-0.047628
-0.0471855
-0.0466871
-0.046133
-0.0455236
-0.0448594
-0.0441408
-0.0433686
-0.0425433
-0.041666
-0.0407375
-0.039759
-0.0387317
-0.0376571
-0.0365369
-0.0353729
-0.0341672
-0.0329222
-0.0316406
-0.0303252
-0.0289793
-0.0276066
-0.0262112
-0.0247973
-0.0233697
-0.0219338
-0.020495
-0.0190594
-0.0176335
-0.0162239
-0.0148376
-0.0134819
-0.0121639
-0.0108908
-0.00966936
-0.00850573
-0.00740513
-0.00637147
-0.00540695
-0.00451183
-0.00368441
-0.00292159
-0.00222008
-0.00157771
-0.00101338
-0.000522113
-0.0002088
-0.00015889
-0.000412054
-0.000897741
-0.00144523
-0.0020358
-0.0129116
-0.0128988
-0.0128825
-0.0128609
-0.0128299
-0.0127814
-0.012705
-0.0125888
-0.0124226
-0.0122003
-0.0119213
-0.0115912
-0.011221
-0.0108262
-0.0104247
-0.0100357
-0.00967803
-0.00936928
-0.00912503
-0.00895843
-0.00888004
-0.00889784
-0.00901731
-0.00924161
-0.00957179
-0.0100071
-0.010545
-0.0111817
-0.0119122
-0.0127306
-0.0136301
-0.0146035
-0.0156432
-0.0167411
-0.0178894
-0.0190801
-0.0203053
-0.0215574
-0.0228291
-0.0241132
-0.0254033
-0.026693
-0.0279764
-0.0292482
-0.0305034
-0.0317373
-0.0329459
-0.0341252
-0.0352719
-0.0363828
-0.0374552
-0.0384865
-0.0394745
-0.0404173
-0.041313
-0.04216
-0.0429571
-0.0437028
-0.0443963
-0.0450364
-0.0456223
-0.0461534
-0.046629
-0.0470484
-0.0474112
-0.047717
-0.0479653
-0.0481559
-0.0482885
-0.0483628
-0.0483786
-0.0483358
-0.0482343
-0.048074
-0.0478556
-0.0475852
-0.0472569
-0.0468711
-0.0464279
-0.0459277
-0.0453707
-0.0447574
-0.0440882
-0.0433637
-0.0425845
-0.0417513
-0.040865
-0.0399266
-0.0389371
-0.0378978
-0.0368102
-0.0356759
-0.0344968
-0.0332748
-0.0320124
-0.030712
-0.0293766
-0.0280094
-0.0266138
-0.0251938
-0.0237536
-0.0222978
-0.0208314
-0.01936
-0.0178892
-0.0164252
-0.0149746
-0.0135441
-0.0121406
-0.010771
-0.00944234
-0.00816104
-0.00693307
-0.00576344
-0.00465584
-0.00361228
-0.00263278
-0.0017154
-0.000856848
-5.37744e-05
0.000695396
0.0013616
0.00197745
0.00240675
0.00253647
0.00229602
0.00174598
0.00109529
0.000423565
-0.0127351
-0.0127267
-0.0127165
-0.0127017
-0.0126763
-0.0126302
-0.0125498
-0.0124212
-0.0122316
-0.0119737
-0.0116464
-0.0112559
-0.0108144
-0.0103392
-0.00985044
-0.00936971
-0.00891816
-0.00851552
-0.00817928
-0.0079242
-0.00776215
-0.00770209
-0.00775023
-0.0079102
-0.00818332
-0.00856885
-0.00906431
-0.00966566
-0.0103677
-0.011164
-0.0120477
-0.013011
-0.014046
-0.0151442
-0.0162973
-0.0174969
-0.0187349
-0.0200031
-0.0212938
-0.0225996
-0.0239137
-0.0252292
-0.0265402
-0.0278408
-0.0291258
-0.0303904
-0.03163
-0.0328408
-0.0340189
-0.0351612
-0.0362646
-0.0373266
-0.0383446
-0.0393167
-0.0402408
-0.0411155
-0.0419391
-0.0427104
-0.0434282
-0.0440916
-0.0446996
-0.0452515
-0.0457466
-0.0461843
-0.0465642
-0.0468857
-0.0471486
-0.0473524
-0.047497
-0.047582
-0.0476074
-0.0475729
-0.0474785
-0.0473241
-0.0471094
-0.0468414
-0.0465152
-0.0461305
-0.0456875
-0.0451864
-0.0446276
-0.0440115
-0.0433385
-0.0426093
-0.0418243
-0.0409845
-0.0400906
-0.0391437
-0.0381447
-0.0370951
-0.0359961
-0.0348495
-0.0336569
-0.0324205
-0.0311424
-0.0298252
-0.0284717
-0.0270848
-0.0256681
-0.0242252
-0.0227602
-0.0212774
-0.0197818
-0.0182784
-0.0167727
-0.0152707
-0.0137783
-0.0123021
-0.0108485
-0.00942408
-0.00803533
-0.00668835
-0.00538866
-0.00414081
-0.00294808
-0.00181196
-0.000732014
0.000294176
0.00127016
0.00219865
0.00307803
0.00388983
0.00466493
0.00525096
0.00550209
0.00530419
0.00469539
0.00392376
0.0031561
-0.0125593
-0.0125562
-0.0125536
-0.0125471
-0.0125282
-0.0124838
-0.0123979
-0.0122545
-0.0120385
-0.0117418
-0.0113632
-0.0109094
-0.0103943
-0.00983683
-0.00925954
-0.00868622
-0.00814033
-0.00764372
-0.00721571
-0.00687262
-0.00662759
-0.00649057
-0.00646843
-0.00656525
-0.0067826
-0.00711977
-0.00757419
-0.00814163
-0.00881654
-0.0095923
-0.0104615
-0.011416
-0.0124474
-0.0135469
-0.0147058
-0.0159153
-0.0171668
-0.0184517
-0.0197621
-0.0210901
-0.0224285
-0.0237703
-0.0251091
-0.0264388
-0.027754
-0.0290493
-0.0303203
-0.0315627
-0.0327725
-0.0339463
-0.035081
-0.0361738
-0.0372221
-0.0382237
-0.0391766
-0.0400791
-0.0409296
-0.0417267
-0.0424693
-0.0431562
-0.0437866
-0.0443597
-0.0448748
-0.0453313
-0.0457287
-0.0460665
-0.0463443
-0.046562
-0.0467191
-0.0468155
-0.0468511
-0.0468256
-0.0467391
-0.0465913
-0.0463822
-0.0461159
-0.045793
-0.0454104
-0.0449685
-0.0444676
-0.0439081
-0.0432903
-0.0426147
-0.041882
-0.0410927
-0.0402477
-0.0393477
-0.0383939
-0.0373872
-0.0363289
-0.0352204
-0.0340632
-0.0328592
-0.0316103
-0.0303186
-0.0289866
-0.027617
-0.0262126
-0.0247766
-0.0233127
-0.0218246
-0.0203165
-0.0187929
-0.0172585
-0.0157186
-0.0141785
-0.0126439
-0.0111206
-0.00961468
-0.00813206
-0.00667858
-0.00525968
-0.0038802
-0.00254395
-0.00125338
-9.15337e-06
0.00119015
0.0023479
0.00346844
0.00455456
0.0056025
0.00659374
0.00757825
0.00837472
0.00880677
0.00870038
0.00805349
0.00714931
0.00627181
-0.0123809
-0.012385
-0.0123926
-0.0123968
-0.0123852
-0.012341
-0.0122459
-0.012085
-0.0118379
-0.0114984
-0.011065
-0.0105452
-0.00995429
-0.00931329
-0.00864681
-0.00798091
-0.00734122
-0.00675156
-0.00623302
-0.00580342
-0.00547708
-0.00526488
-0.00517435
-0.00520999
-0.00537356
-0.00566439
-0.00607977
-0.00661524
-0.00726494
-0.00802187
-0.0088782
-0.00982545
-0.0108547
-0.0119569
-0.0131227
-0.014343
-0.0156087
-0.0169111
-0.0182417
-0.0195924
-0.0209556
-0.022324
-0.0236908
-0.0250498
-0.0263951
-0.0277215
-0.0290238
-0.0302978
-0.0315394
-0.0327448
-0.0339108
-0.0350344
-0.0361131
-0.0371443
-0.0381261
-0.0390565
-0.039934
-0.0407571
-0.0415246
-0.0422354
-0.0428885
-0.0434831
-0.0440185
-0.044494
-0.0449093
-0.0452637
-0.0455571
-0.0457889
-0.0459592
-0.0460675
-0.0461139
-0.0460981
-0.0460202
-0.0458801
-0.045678
-0.0454142
-0.0450948
-0.0447153
-0.0442755
-0.0437758
-0.0432166
-0.0425983
-0.0419215
-0.0411866
-0.0403944
-0.0395457
-0.0386413
-0.0376822
-0.0366695
-0.0356044
-0.0344883
-0.0333227
-0.0321093
-0.03085
-0.029547
-0.0282024
-0.0268188
-0.025399
-0.0239461
-0.0224632
-0.020954
-0.0194224
-0.0178723
-0.0163083
-0.0147349
-0.013157
-0.0115797
-0.0100083
-0.00844785
-0.00690363
-0.00538057
-0.00388316
-0.00241517
-0.000979278
0.000423355
0.0017935
0.00313419
0.00445057
0.00574881
0.00703329
0.00830112
0.00953374
0.0107465
0.0118378
0.0125359
0.0125969
0.0119567
0.010922
0.00992472
-0.0121953
-0.0122093
-0.0122295
-0.0122464
-0.0122448
-0.0122041
-0.0121003
-0.0119091
-0.0116225
-0.0112362
-0.0107446
-0.0101561
-0.0094878
-0.00876274
-0.00800734
-0.00724987
-0.00651799
-0.00583736
-0.00523066
-0.00471709
-0.0043121
-0.00402744
-0.00387127
-0.00384848
-0.00396099
-0.00420814
-0.00458704
-0.00509299
-0.00571978
-0.00646004
-0.00730549
-0.00824724
-0.00927597
-0.0103821
-0.011556
-0.0127881
-0.0140691
-0.0153896
-0.016741
-0.0181148
-0.0195031
-0.0208983
-0.0222933
-0.0236816
-0.0250572
-0.0264144
-0.0277481
-0.0290536
-0.0303268
-0.0315637
-0.0327609
-0.0339153
-0.0350241
-0.0360849
-0.0370954
-0.0380538
-0.0389583
-0.0398075
-0.0406
-0.0413346
-0.0420105
-0.0426268
-0.0431826
-0.0436775
-0.0441109
-0.0444823
-0.0447915
-0.045038
-0.0452218
-0.0453426
-0.0454003
-0.0453948
-0.0453262
-0.0451945
-0.0449997
-0.0447417
-0.0444249
-0.0440494
-0.0436128
-0.0431154
-0.0425577
-0.0419402
-0.0412633
-0.0405278
-0.0397342
-0.0388834
-0.0379762
-0.0370137
-0.0359968
-0.0349268
-0.0338051
-0.0326332
-0.0314126
-0.0301452
-0.0288331
-0.0274782
-0.0260831
-0.0246504
-0.0231827
-0.0216832
-0.020155
-0.0186017
-0.017027
-0.0154347
-0.0138288
-0.0122137
-0.0105936
-0.00897293
-0.00735593
-0.00574675
-0.00414915
-0.00256629
-0.00100046
0.000547347
0.00207788
0.00359412
0.00510161
0.00660836
0.00812362
0.00965488
0.0112023
0.0127525
0.0142384
0.0157231
0.0167964
0.0171339
0.01658
0.0154412
0.0143225
-0.0119979
-0.0120261
-0.0120619
-0.0120927
-0.0121
-0.01206
-0.0119462
-0.0117345
-0.0114086
-0.010957
-0.0103937
-0.00973479
-0.00898838
-0.00818
-0.00733696
-0.0064901
-0.00566886
-0.00490049
-0.00420912
-0.00361519
-0.0031352
-0.00278172
-0.0025635
-0.00248579
-0.00255065
-0.00275738
-0.00310293
-0.00358228
-0.00418887
-0.00491492
-0.00575173
-0.00668998
-0.00771991
-0.00883154
-0.0100148
-0.0112599
-0.0125568
-0.0138962
-0.0152689
-0.0166662
-0.0180798
-0.0195018
-0.0209251
-0.0223426
-0.0237483
-0.0251362
-0.0265009
-0.0278378
-0.0291422
-0.0304103
-0.0316384
-0.0328233
-0.0339621
-0.0350521
-0.0360912
-0.0370774
-0.0380087
-0.0388838
-0.0397011
-0.0404597
-0.0411583
-0.0417962
-0.0423727
-0.042887
-0.0433387
-0.0437273
-0.0440525
-0.0443141
-0.0445117
-0.0446454
-0.0447149
-0.0447204
-0.0446617
-0.044539
-0.0443524
-0.0441021
-0.0437887
-0.0434176
-0.042985
-0.0424909
-0.0419359
-0.0413204
-0.0406449
-0.0399101
-0.0391166
-0.0382653
-0.0373571
-0.0363929
-0.0353738
-0.0343009
-0.0331757
-0.0319996
-0.0307741
-0.0295009
-0.028182
-0.0268193
-0.0254151
-0.0239717
-0.0224918
-0.0209779
-0.019433
-0.0178602
-0.0162627
-0.0146436
-0.0130065
-0.0113548
-0.00969189
-0.00802112
-0.00634562
-0.00466816
-0.00299098
-0.00131547
0.000358099
0.0020311
0.00370701
0.00539201
0.00709539
0.0088294
0.0106079
0.0124429
0.0143363
0.0162679
0.0181737
0.0201355
0.0217161
0.0224808
0.0221403
0.0209616
0.0197348
-0.0117854
-0.0118345
-0.0118896
-0.0119357
-0.0119511
-0.0119087
-0.0117803
-0.0115407
-0.0111726
-0.0106683
-0.0100344
-0.00928279
-0.00844988
-0.00756149
-0.00663284
-0.00570006
-0.00479354
-0.00394184
-0.00317036
-0.00250068
-0.00195026
-0.00153243
-0.00125652
-0.0011281
-0.00114938
-0.00131956
-0.00163537
-0.00209148
-0.00268093
-0.00339554
-0.00422617
-0.00516307
-0.00619606
-0.00731476
-0.00850876
-0.00976773
-0.0110816
-0.0124404
-0.0138349
-0.0152559
-0.0166948
-0.0181438
-0.0195951
-0.0210417
-0.0224771
-0.0238953
-0.0252907
-0.0266584
-0.0279937
-0.0292924
-0.0305509
-0.0317658
-0.0329341
-0.034053
-0.0351203
-0.0361337
-0.0370916
-0.0379922
-0.0388342
-0.0396164
-0.0403376
-0.0409971
-0.041594
-0.0421278
-0.0425978
-0.0430038
-0.0433452
-0.043622
-0.0438339
-0.0439807
-0.0440625
-0.0440793
-0.0440311
-0.043918
-0.0437403
-0.0434982
-0.043192
-0.0428237
-0.0423963
-0.0419067
-0.0413556
-0.0407433
-0.0400705
-0.0393378
-0.038546
-0.0376958
-0.0367882
-0.0358241
-0.0348046
-0.0337309
-0.0326043
-0.0314261
-0.0301978
-0.0289211
-0.0275978
-0.0262297
-0.0248187
-0.0233672
-0.0218773
-0.0203515
-0.0187922
-0.017202
-0.0155835
-0.0139394
-0.0122723
-0.0105848
-0.00887917
-0.00715762
-0.0054218
-0.00367284
-0.00191101
-0.000135443
0.0016563
0.00346876
0.00530918
0.00718825
0.00912056
0.0111246
0.0132211
0.0154291
0.0177566
0.0201857
0.0226505
0.0251547
0.0274367
0.0288356
0.028898
0.0277972
0.026498
-0.0115568
-0.0116361
-0.0117156
-0.0117787
-0.0118011
-0.011753
-0.0116044
-0.0113303
-0.0109138
-0.0103494
-0.00964391
-0.00881462
-0.00789028
-0.00690729
-0.00589354
-0.00488037
-0.00389391
-0.00296432
-0.00211824
-0.00137827
-0.00076275
-0.000285752
4.28349e-05
0.000217106
0.000234791
9.67893e-05
-0.000193353
-0.00062995
-0.00120564
-0.0019118
-0.00273887
-0.00367667
-0.00471463
-0.005842
-0.00704798
-0.00832191
-0.00965335
-0.0110322
-0.0124487
-0.0138935
-0.0153579
-0.0168335
-0.0183125
-0.0197877
-0.0212524
-0.0227004
-0.0241259
-0.0255237
-0.0268892
-0.028218
-0.0295062
-0.0307504
-0.0319475
-0.0330946
-0.0341894
-0.0352297
-0.0362135
-0.0371393
-0.0380055
-0.0388109
-0.0395544
-0.0402351
-0.0408524
-0.0414054
-0.0418937
-0.0423169
-0.0426747
-0.0429668
-0.043193
-0.0433534
-0.0434478
-0.0434762
-0.043439
-0.0433361
-0.0431678
-0.0429345
-0.0426366
-0.0422745
-0.041851
-0.0413669
-0.0408207
-0.0402129
-0.039544
-0.0388149
-0.0380261
-0.0371786
-0.0362732
-0.035311
-0.034293
-0.0332202
-0.0320941
-0.0309159
-0.029687
-0.028409
-0.0270834
-0.0257121
-0.0242968
-0.0228394
-0.0213418
-0.0198062
-0.0182346
-0.0166291
-0.0149916
-0.013324
-0.0116283
-0.00990579
-0.00815774
-0.00638481
-0.00458699
-0.00276337
-0.000911829
0.000971402
0.00289223
0.00485936
0.00688513
0.00898632
0.0111849
0.0135079
0.0159862
0.0186493
0.0215155
0.0245754
0.0277705
0.0309365
0.0341393
0.0364299
0.0371571
0.036322
0.0350183
-0.011316
-0.0114379
-0.0115483
-0.0116306
-0.0116585
-0.0116003
-0.0114253
-0.011109
-0.0106366
-0.0100052
-0.00922393
-0.00831314
-0.00730296
-0.00622917
-0.00512805
-0.00403502
-0.00297467
-0.00197337
-0.0010589
-0.000254733
0.000420003
0.000950488
0.00132624
0.00154103
0.00159257
0.00148194
0.00121303
0.000791922
0.000226415
-0.000474433
-0.00130065
-0.00224166
-0.0032865
-0.00442406
-0.00564323
-0.00693303
-0.00828272
-0.0096819
-0.0111206
-0.0125892
-0.0140787
-0.0155806
-0.0170869
-0.0185902
-0.0200835
-0.0215604
-0.0230151
-0.0244423
-0.0258371
-0.0271949
-0.028512
-0.0297847
-0.0310097
-0.0321842
-0.0333057
-0.034372
-0.0353811
-0.0363313
-0.0372211
-0.0380492
-0.0388145
-0.0395161
-0.0401532
-0.0407253
-0.0412316
-0.041672
-0.042046
-0.0423534
-0.042594
-0.042768
-0.0428751
-0.0429156
-0.0428896
-0.0427973
-0.042639
-0.042415
-0.0421259
-0.0417722
-0.0413545
-0.0408751
-0.0403348
-0.0397325
-0.0390688
-0.0383443
-0.03756
-0.0367165
-0.0358149
-0.0348561
-0.0338411
-0.0327711
-0.0316472
-0.0304708
-0.0292432
-0.0279658
-0.02664
-0.0252675
-0.0238498
-0.0223886
-0.0208855
-0.0193421
-0.0177602
-0.0161412
-0.0144864
-0.012797
-0.0110738
-0.00931718
-0.00752695
-0.00570212
-0.0038407
-0.00193934
6.99852e-06
0.00200567
0.00406696
0.00620497
0.00843863
0.0107928
0.0132994
0.0159973
0.0189309
0.0221447
0.0256715
0.0295113
0.0335967
0.0377349
0.0420354
0.0455242
0.0472627
0.0469683
0.0457707
-0.0110759
-0.0112577
-0.0114066
-0.0115099
-0.0115408
-0.0114663
-0.0112562
-0.0108882
-0.0103508
-0.00964443
-0.00878159
-0.00778552
-0.00668819
-0.00552682
-0.00434065
-0.00316959
-0.00204411
-0.000977463
-1.1359e-06
0.000860826
0.00158865
0.00216671
0.00258384
0.00283347
0.00291339
0.002825
0.00257261
0.00216278
0.00160376
0.000905022
7.69498e-05
-0.000869506
-0.00192305
-0.00307225
-0.00430568
-0.00561208
-0.00698047
-0.00840019
-0.00986101
-0.0113532
-0.0128674
-0.0143951
-0.0159279
-0.0174584
-0.0189793
-0.0204842
-0.0219672
-0.0234226
-0.0248455
-0.0262314
-0.0275762
-0.0288761
-0.030128
-0.0313289
-0.0324761
-0.0335675
-0.0346009
-0.0355746
-0.0364872
-0.0373372
-0.0381237
-0.0388456
-0.0395021
-0.0400926
-0.0406167
-0.0410738
-0.0414638
-0.0417863
-0.0420414
-0.0422289
-0.0423489
-0.0424016
-0.042387
-0.0423055
-0.0421575
-0.0419433
-0.0416633
-0.0413183
-0.0409089
-0.0404359
-0.0399003
-0.0393047
-0.0386468
-0.0379282
-0.0371493
-0.0363111
-0.0354145
-0.0344604
-0.0334498
-0.0323839
-0.0312639
-0.0300908
-0.028866
-0.0275908
-0.0262665
-0.0248945
-0.0234762
-0.0220129
-0.0205059
-0.0189565
-0.0173659
-0.015735
-0.0140644
-0.0123545
-0.010605
-0.008815
-0.00698282
-0.00510556
-0.00317894
-0.00119677
0.000849511
0.00297162
0.00518526
0.00751132
0.00997719
0.0126183
0.0154792
0.0186147
0.0220875
0.0259627
0.0302944
0.035102
0.0403353
0.0458397
0.0512275
0.0563945
0.0596011
0.0602275
0.0593018
-0.010865
-0.0111296
-0.0113257
-0.0114504
-0.0114785
-0.0113777
-0.01112
-0.0106872
-0.0100725
-0.0092811
-0.00832931
-0.00724338
-0.00605727
-0.00480967
-0.00354117
-0.00229204
-0.00109958
1.10822e-05
0.00104308
0.00195661
0.00273161
0.00335154
0.00380421
0.00408281
0.0041854
0.0041139
0.0038732
0.00347037
0.00291413
0.00221438
0.00138185
0.000427836
-0.000636063
-0.00179813
-0.00304669
-0.00437023
-0.00575755
-0.00719777
-0.00868046
-0.0101957
-0.011734
-0.0132866
-0.014845
-0.0164015
-0.017949
-0.0194807
-0.0209905
-0.0224729
-0.0239226
-0.0253351
-0.0267063
-0.0280322
-0.0293097
-0.0305356
-0.0317073
-0.0328225
-0.0338791
-0.0348754
-0.0358097
-0.0366807
-0.0374874
-0.0382288
-0.038904
-0.0395124
-0.0400535
-0.040527
-0.0409325
-0.0412699
-0.0415391
-0.04174
-0.0418727
-0.0419375
-0.0419345
-0.041864
-0.0417263
-0.041522
-0.0412516
-0.0409156
-0.0405147
-0.0400497
-0.0395215
-0.0389302
-0.0382785
-0.037567
-0.0367942
-0.0359622
-0.0350714
-0.034123
-0.0331179
-0.0320572
-0.030942
-0.0297734
-0.0285527
-0.027281
-0.0259594
-0.0245892
-0.0231715
-0.0217074
-0.0201978
-0.0186437
-0.0170457
-0.0154042
-0.013719
-0.0119896
-0.0102146
-0.00839181
-0.00651774
-0.00458743
-0.00259393
-0.000527784
0.00162375
0.00387759
0.00625607
0.00878842
0.0115126
0.0144772
0.0177436
0.0213864
0.0254925
0.0301544
0.0354552
0.0414405
0.0480735
0.0551699
0.062295
0.0694372
0.0746179
0.0766597
0.0762416
-0.0107385
-0.0111162
-0.0113678
-0.0115096
-0.011522
-0.0113767
-0.0110514
-0.0105344
-0.00982564
-0.00893572
-0.00788524
-0.00670334
-0.00542573
-0.00409218
-0.00274388
-0.0014211
-0.00016095
0.00100393
0.00205769
0.0030176
0.00383485
0.00449177
0.00497445
0.00527609
0.0053955
0.00533549
0.00510166
0.00470167
0.00414468
0.00344098
0.00260163
0.0016382
0.000562557
-0.000613353
-0.00187763
-0.00321858
-0.00462477
-0.00608517
-0.00758919
-0.00912672
-0.0106882
-0.0122645
-0.0138473
-0.0154286
-0.0170012
-0.0185581
-0.0200933
-0.021601
-0.0230759
-0.0245135
-0.0259094
-0.0272597
-0.0285612
-0.0298106
-0.0310053
-0.0321429
-0.0332214
-0.0342388
-0.0351937
-0.0360846
-0.0369104
-0.0376701
-0.0383631
-0.0389885
-0.039546
-0.0400351
-0.0404555
-0.0408072
-0.04109
-0.041304
-0.0414492
-0.0415258
-0.0415341
-0.0414744
-0.0413471
-0.0411527
-0.0408917
-0.0405648
-0.0401726
-0.0397158
-0.0391953
-0.0386116
-0.0379661
-0.0372585
-0.0364918
-0.0356673
-0.0347826
-0.0338403
-0.0328415
-0.0317865
-0.0306768
-0.0295135
-0.0282976
-0.02703
-0.025712
-0.0243445
-0.0229282
-0.0214642
-0.0199529
-0.018395
-0.0167905
-0.0151391
-0.0134401
-0.011692
-0.00989208
-0.00803673
-0.00612061
-0.00413639
-0.00207415
7.93836e-05
0.00234176
0.00473607
0.00729254
0.0100505
0.0130608
0.0163884
0.0201151
0.024341
0.0291836
0.0347712
0.0412258
0.0486316
0.0569835
0.0661173
0.0756447
0.0847834
0.0927743
0.0969109
0.0973349
-0.0107983
-0.0113271
-0.0116369
-0.0117788
-0.0117471
-0.0115241
-0.0110985
-0.0104686
-0.00964208
-0.0086356
-0.00747361
-0.00618746
-0.00481402
-0.00339355
-0.00196715
-0.000574618
0.000747767
0.00196838
0.00306033
0.00402436
0.00488148
0.00557259
0.00608026
0.00639902
0.00652946
0.00647569
0.00624419
0.00584319
0.00528229
0.00457209
0.00372393
0.00274961
0.00166119
0.000470829
-0.000809414
-0.00216766
-0.00359235
-0.00507229
-0.00659675
-0.00815549
-0.0097388
-0.0113376
-0.0129432
-0.0145476
-0.0161435
-0.0177239
-0.0192826
-0.0208137
-0.022312
-0.0237727
-0.0251915
-0.0265644
-0.0278879
-0.0291591
-0.0303751
-0.0315334
-0.032632
-0.0336691
-0.034643
-0.0355523
-0.0363959
-0.0371728
-0.0378823
-0.0385236
-0.0390964
-0.0396001
-0.0400347
-0.0403998
-0.0406955
-0.0409219
-0.0410789
-0.0411669
-0.0411861
-0.0411368
-0.0410196
-0.0408348
-0.040583
-0.0402649
-0.0398812
-0.0394325
-0.0389196
-0.0383435
-0.0377048
-0.0370043
-0.0362434
-0.0354212
-0.0345418
-0.0336055
-0.0326139
-0.0315645
-0.0304605
-0.029303
-0.0280921
-0.0268291
-0.0255151
-0.0241506
-0.0227363
-0.0212728
-0.0197603
-0.0181989
-0.0165882
-0.0149276
-0.0132152
-0.0114486
-0.00962401
-0.00773607
-0.00577741
-0.00373812
-0.00160492
0.000639741
0.00301897
0.005563
0.0083113
0.0113151
0.0146406
0.0183723
0.022617
0.0275056
0.0331938
0.0398548
0.0476619
0.056753
0.0671701
0.0787711
0.0911149
0.103298
0.11474
0.121785
0.123516
-0.0112274
-0.0119503
-0.0123005
-0.0123946
-0.012259
-0.0118994
-0.0113218
-0.0105369
-0.00956063
-0.00841425
-0.00712451
-0.00572334
-0.00424777
-0.0027377
-0.00123356
0.000225819
0.00160549
0.0028758
0.00401212
0.00499195
0.00585076
0.00657839
0.00710632
0.00743623
0.00757218
0.00751994
0.00728684
0.00688164
0.00631428
0.00559562
0.00473721
0.00375103
0.00264932
0.00144435
0.000148358
-0.00122667
-0.00266905
-0.00416747
-0.0057111
-0.00728959
-0.00889315
-0.0105125
-0.0121391
-0.0137647
-0.0153818
-0.0169836
-0.0185636
-0.020116
-0.0216354
-0.023117
-0.0245565
-0.0259497
-0.0272933
-0.0285841
-0.0298192
-0.0309964
-0.0321132
-0.033168
-0.0341591
-0.0350851
-0.0359449
-0.0367374
-0.037462
-0.0381178
-0.0387045
-0.0392217
-0.0396692
-0.0400467
-0.0403543
-0.0405921
-0.0407601
-0.0408587
-0.040888
-0.0408485
-0.0407406
-0.0405648
-0.0403217
-0.0400119
-0.0396362
-0.0391952
-0.0386897
-0.0381206
-0.0374886
-0.0367947
-0.0360397
-0.0352243
-0.0343501
-0.0334173
-0.032426
-0.0313808
-0.030282
-0.0291313
-0.027925
-0.0266665
-0.0253569
-0.0239957
-0.0225836
-0.0211207
-0.019607
-0.0180422
-0.0164256
-0.0147556
-0.0130299
-0.0112449
-0.00939548
-0.00747453
-0.00547252
-0.00337664
-0.00116992
0.00116999
0.00367245
0.00637581
0.00933009
0.0126002
0.0162701
0.0204471
0.0252667
0.0308967
0.0375381
0.0454194
0.0547794
0.0658296
0.0786875
0.0932748
0.109185
0.125555
0.140779
0.152244
0.156038
-0.012355
-0.0133021
-0.0136129
-0.0135415
-0.0131853
-0.0125898
-0.0117833
-0.0107869
-0.00962076
-0.00830705
-0.00687126
-0.00534248
-0.00375668
-0.00215263
-0.000569315
0.000955399
0.00238809
0.00370177
0.0048774
0.00589049
0.00674143
0.00749689
0.008037
0.0083719
0.00850868
0.00845433
0.00821679
0.0078052
0.00722974
0.00650149
0.00563216
0.00463386
0.00351897
0.00229988
0.000988911
-0.000401839
-0.00186059
-0.00337596
-0.00493702
-0.00653336
-0.00815509
-0.00979292
-0.0114381
-0.0130825
-0.0147185
-0.0163392
-0.017938
-0.0195091
-0.0210471
-0.0225471
-0.0240047
-0.0254158
-0.026777
-0.028085
-0.029337
-0.0305306
-0.0316635
-0.0327339
-0.0337402
-0.0346809
-0.0355549
-0.0363613
-0.0370991
-0.0377678
-0.0383669
-0.038896
-0.0393549
-0.0397435
-0.0400618
-0.0403098
-0.0404876
-0.0405956
-0.0406341
-0.0406033
-0.0405039
-0.0403362
-0.040101
-0.0397987
-0.0394303
-0.0389963
-0.0384975
-0.0379349
-0.0373091
-0.0366212
-0.0358719
-0.0350622
-0.034193
-0.0332653
-0.0322799
-0.0312385
-0.0301411
-0.0289875
-0.0277834
-0.0265291
-0.025225
-0.0238669
-0.0224574
-0.0209952
-0.0194801
-0.0179117
-0.0162889
-0.0146094
-0.0128702
-0.0110666
-0.0091919
-0.00723732
-0.0051909
-0.00303673
-0.000753796
0.00168553
0.00431746
0.00718935
0.0103629
0.0139183
0.017959
0.0226178
0.0280627
0.0345027
0.0421906
0.0514203
0.062511
0.0757717
0.0914324
0.109532
0.129752
0.151205
0.172079
0.189788
0.196773
-0.0147913
-0.0159011
-0.015918
-0.0154185
-0.0146311
-0.0136488
-0.0125128
-0.0112397
-0.0098421
-0.00833565
-0.00673907
-0.00507125
-0.00336761
-0.00166518
-2.09131e-07
0.00158946
0.0030713
0.00441934
0.00563265
0.00667148
0.00755954
0.00831522
0.00885691
0.00919184
0.00932656
0.00926818
0.00902489
0.00860605
0.00802207
0.00728418
0.00640422
0.00539445
0.00426731
0.00303532
0.00171085
0.000306085
-0.00116713
-0.00269736
-0.0042736
-0.0058854
-0.00752282
-0.0091765
-0.0108377
-0.0124981
-0.0141502
-0.0157869
-0.0174018
-0.0189888
-0.0205426
-0.0220582
-0.0235311
-0.0249575
-0.0263335
-0.0276562
-0.0289225
-0.0301301
-0.0312767
-0.0323604
-0.0333796
-0.0343329
-0.0352191
-0.0360372
-0.0367865
-0.0374662
-0.0380759
-0.0386153
-0.0390842
-0.0394823
-0.0398098
-0.0400666
-0.040253
-0.0403693
-0.0404156
-0.0403926
-0.0403005
-0.04014
-0.0399116
-0.0396161
-0.039254
-0.0388262
-0.0383334
-0.0377766
-0.0371564
-0.0364738
-0.0357297
-0.034925
-0.0340606
-0.0331374
-0.0321565
-0.0311189
-0.0300254
-0.0288767
-0.0276747
-0.0264188
-0.0251092
-0.0237521
-0.022347
-0.0208854
-0.0193685
-0.0177961
-0.0161667
-0.0144776
-0.0127247
-0.0109022
-0.00900195
-0.00701326
-0.00492163
-0.00270786
-0.000346666
0.00219519
0.00496125
0.0080084
0.0114108
0.0152646
0.0196943
0.0248592
0.0309615
0.0382542
0.0470462
0.0577036
0.0706397
0.0862866
0.105035
0.127126
0.152482
0.180456
0.20943
0.235628
0.248625
-0.0197625
-0.0205412
-0.0195445
-0.0180885
-0.0165411
-0.0149824
-0.0134192
-0.0118203
-0.0101681
-0.00846138
-0.00670839
-0.00489869
-0.0030776
-0.00127961
0.000465973
0.00211735
0.00364337
0.00500374
0.00626793
0.00735822
0.00827433
0.00901634
0.00955567
0.00988941
0.0100217
0.00995931
0.00971056
0.00928505
0.00869337
0.00794691
0.00705765
0.00603795
0.00490035
0.00365742
0.0023216
0.000905123
-0.000580118
-0.00212263
-0.00371141
-0.00533592
-0.00698621
-0.00865288
-0.0103271
-0.0120007
-0.0136659
-0.0153158
-0.0169438
-0.0185438
-0.0201105
-0.021639
-0.0231246
-0.0245634
-0.0259518
-0.0272865
-0.0285647
-0.0297839
-0.0309418
-0.0320366
-0.0330666
-0.0340304
-0.0349268
-0.0357548
-0.0365136
-0.0372027
-0.0378214
-0.0383695
-0.0388468
-0.0392531
-0.0395884
-0.0398528
-0.0400466
-0.0401699
-0.0402231
-0.0402067
-0.0401211
-0.0399668
-0.0397444
-0.0394547
-0.0390983
-0.0386759
-0.0381885
-0.0376367
-0.0370215
-0.0363438
-0.0356044
-0.0348041
-0.033944
-0.033025
-0.0320481
-0.0310142
-0.0299241
-0.0287789
-0.0275795
-0.0263262
-0.02502
-0.0236611
-0.0222484
-0.0207854
-0.0192658
-0.017689
-0.0160531
-0.0143544
-0.0125881
-0.010747
-0.00882172
-0.00679941
-0.00466307
-0.00239021
4.8819e-05
0.00269289
0.00559291
0.00881532
0.0124466
0.0165988
0.0214168
0.0270859
0.0338417
0.0419798
0.0518647
0.0639364
0.0787096
0.09676
0.118688
0.145048
0.176218
0.212187
0.252055
0.292112
0.317125
-0.0301422
-0.0281219
-0.0242909
-0.0210268
-0.0183589
-0.0160959
-0.0141033
-0.0122098
-0.0103432
-0.00847903
-0.00662725
-0.00469195
-0.00278119
-0.000916162
0.000876403
0.00257578
0.0041448
0.0055632
0.006838
0.00794147
0.00886805
0.00960941
0.0101483
0.010481
0.0106111
0.010545
0.0102915
0.00986026
0.00926207
0.00850848
0.00761158
0.00658381
0.00543776
0.00418604
0.00284116
0.00141535
-7.94584e-05
-0.00163175
-0.00323049
-0.00486513
-0.00652569
-0.00820276
-0.00988748
-0.0115716
-0.0132475
-0.014908
-0.0165466
-0.0181572
-0.0197345
-0.0212734
-0.0227695
-0.0242186
-0.0256172
-0.0269619
-0.02825
-0.0294789
-0.0306463
-0.0317504
-0.0327895
-0.0337622
-0.0346673
-0.0355037
-0.0362708
-0.0369678
-0.0375943
-0.03815
-0.0386345
-0.0390479
-0.0393901
-0.0396612
-0.0398615
-0.0399911
-0.0400504
-0.0400399
-0.03996
-0.0398113
-0.0395943
-0.0393099
-0.0389586
-0.0385412
-0.0380586
-0.0375115
-0.0369009
-0.0362278
-0.0354928
-0.0346968
-0.0338408
-0.0329257
-0.0319524
-0.030922
-0.0298353
-0.0286931
-0.0274962
-0.0262454
-0.024942
-0.0235842
-0.0221683
-0.020698
-0.0191744
-0.0175935
-0.0159516
-0.0142445
-0.0124661
-0.0106083
-0.00866018
-0.00660719
-0.0044299
-0.00210275
0.000407877
0.00314605
0.00616936
0.00955284
0.013394
0.0178189
0.02299
0.0291151
0.0364581
0.045351
0.0562064
0.0695304
0.0859338
0.106142
0.130999
0.161478
0.198692
0.24392
0.298417
0.360802
0.411282
-0.0539368
-0.0376187
-0.0275993
-0.0219965
-0.0183805
-0.0158501
-0.0136615
-0.0116619
-0.00974072
-0.00784682
-0.00595477
-0.00403486
-0.00213176
-0.000273331
0.00151376
0.0032042
0.00476691
0.00618372
0.00744794
0.008542
0.00945772
0.0101856
0.0107135
0.011037
0.0111587
0.0110846
0.010823
0.0103837
0.00977736
0.00901567
0.00811064
0.00707469
0.0059204
0.00466037
0.00330707
0.00187273
0.000369259
-0.00119182
-0.00279948
-0.00444316
-0.00611289
-0.00779922
-0.0094933
-0.0111869
-0.0128722
-0.0145423
-0.0161904
-0.0178106
-0.0193974
-0.0209458
-0.0224513
-0.0239098
-0.0253176
-0.0266715
-0.0279686
-0.0292063
-0.0303825
-0.0314951
-0.0325426
-0.0335234
-0.0344365
-0.0352808
-0.0360555
-0.0367599
-0.0373936
-0.0379563
-0.0384477
-0.0388678
-0.0392164
-0.0394938
-0.0397001
-0.0398357
-0.0399008
-0.0398958
-0.0398214
-0.039678
-0.0394662
-0.0391867
-0.0388403
-0.0384277
-0.0379497
-0.0374071
-0.0368009
-0.0361323
-0.035402
-0.0346101
-0.0337579
-0.0328465
-0.0318768
-0.0308497
-0.0297662
-0.0286269
-0.0274325
-0.0261831
-0.0248777
-0.0235174
-0.0221029
-0.0206336
-0.0191086
-0.0175251
-0.0158791
-0.0141659
-0.0123787
-0.0105085
-0.00854326
-0.00646704
-0.00425861
-0.00189008
0.000675209
0.0034852
0.00660244
0.0101083
0.0141081
0.0187379
0.0241724
0.0306346
0.0384071
0.0478461
0.0593964
0.0736107
0.0911739
0.112939
0.139992
0.173776
0.216368
0.27108
0.343457
0.440399
0.546061
-0.107218
-0.0367067
-0.0190266
-0.0141588
-0.0122553
-0.0110309
-0.00980726
-0.00849448
-0.00707915
-0.0055688
-0.00397309
-0.00230153
-0.000598538
0.00109647
0.00274838
0.00432484
0.00579405
0.00713393
0.00833039
0.00936725
0.010233
0.0109167
0.0114076
0.0117005
0.0117962
0.0116995
0.0114177
0.0109601
0.0103371
0.00955975
0.00864003
0.00759011
0.0064224
0.00514936
0.00378335
0.00233654
0.000820762
-0.000752506
-0.00237225
-0.00402796
-0.00570963
-0.00740785
-0.00911376
-0.0108191
-0.0125161
-0.0141977
-0.0158572
-0.0174888
-0.0190867
-0.0206461
-0.0221624
-0.0236315
-0.0250497
-0.0264137
-0.0277208
-0.0289683
-0.0301539
-0.0312758
-0.0323322
-0.0333218
-0.0342434
-0.0350959
-0.0358786
-0.0365907
-0.037232
-0.0378019
-0.0383003
-0.0387271
-0.0390823
-0.0393661
-0.0395786
-0.03972
-0.0397909
-0.0397915
-0.0397224
-0.0395842
-0.0393774
-0.0391028
-0.0387611
-0.038353
-0.0378794
-0.0373411
-0.0367389
-0.0360734
-0.0353457
-0.0345574
-0.033709
-0.0328013
-0.031835
-0.0308113
-0.0297308
-0.0285942
-0.0274023
-0.026155
-0.0248523
-0.0234945
-0.0220819
-0.020614
-0.0190896
-0.0175059
-0.0158593
-0.0141445
-0.0123545
-0.01048
-0.00850845
-0.00642337
-0.00420278
-0.00181781
0.000769393
0.00360832
0.00676347
0.0103186
0.014382
0.0190932
0.0246311
0.0312237
0.0391597
0.0488028
0.0606089
0.0751495
0.0931469
0.115536
0.143586
0.179173
0.225365
0.2877
0.376586
0.510119
0.709792
SCALARS velocity_magnitude double 1
LOOKUP_TABLE default
2.37937e-05
3.41396e-05
3.85497e-05
0.000137598
0.000305859
0.000517845
0.000753123
0.000993006
0.00122166
0.00142706
0.00160136
0.00174086
0.0018455
0.00191812
0.00196361
0.00198802
0.00199779
0.00199911
0.00199757
0.00199782
0.00200316
0.00201549
0.00203522
0.00206137
0.00209175
0.00212325
0.00215223
0.00217484
0.00218738
0.00218657
0.00216931
0.00213287
0.00207495
0.00199295
0.00188501
0.00174889
0.0015814
0.00138125
0.00114711
0.000877567
0.00057561
0.000271185
0.000292833
0.000687381
0.00116345
0.00169227
0.0022696
0.00289398
0.0035643
0.00427931
0.00503744
0.00583674
0.00667491
0.00754924
0.00845668
0.0093938
0.0103569
0.0113419
0.0123445
0.0133602
0.014384
0.0154111
0.0164362
0.0174539
0.0184585
0.0194444
0.0204054
0.0213355
0.0222281
0.0230767
0.0238741
0.0246131
0.0252859
0.0258844
0.0264002
0.0268247
0.0271489
0.0273641
0.0274676
0.0274613
0.0273338
0.0270665
0.0266462
0.0260636
0.025311
0.0243827
0.0232747
0.021985
0.0205143
0.0188661
0.0170471
0.0150679
0.0129436
0.0106941
0.00834534
0.00593458
0.00353263
0.00147868
0.00201054
0.00404947
0.00606144
0.00787769
0.00942911
0.0106714
0.011577
0.012134
0.0123519
0.0122591
0.0118898
0.0112875
0.0105071
0.0096029
0.00862545
0.00761932
0.00662202
0.00566315
0.00476435
0.00393969
0.00319657
0.00253682
0.0019579
0.00145451
0.0010205
0.000651759
0.00035014
0.000131261
6.74715e-05
8.30268e-05
4.86311e-05
3.22536e-05
0.000120048
0.000453781
0.000971461
0.00165839
0.00247338
0.00336134
0.00426519
0.00513363
0.00592565
0.00661261
0.00717861
0.00761944
0.0079407
0.00815537
0.00828124
0.00833835
0.00834682
0.00832492
0.00828764
0.00824585
0.00820575
0.00816828
0.00812927
0.00807995
0.00800796
0.00789859
0.00773611
0.00750466
0.00718938
0.00677656
0.00625421
0.00561255
0.00484231
0.00393833
0.002906
0.00178826
0.000979869
0.00178212
0.00339247
0.00527827
0.00737375
0.00966441
0.0121441
0.0148079
0.0176496
0.0206622
0.0238365
0.0271621
0.0306268
0.0342169
0.0379174
0.041712
0.0455834
0.0495134
0.053483
0.0574726
0.0614623
0.0654319
0.0693608
0.0732286
0.0770147
0.0806986
0.0842599
0.0876785
0.090934
0.0940064
0.0968759
0.0995225
0.101926
0.104068
0.105928
0.107488
0.108728
0.109634
0.11019
0.110389
0.110227
0.109671
0.108665
0.107176
0.105195
0.102711
0.0997149
0.096202
0.0921712
0.0876265
0.0825768
0.0770369
0.0710279
0.0645783
0.0577245
0.0505121
0.0429982
0.0352553
0.0273817
0.0195361
0.0120913
0.0067153
0.0085132
0.0145222
0.0208079
0.0265963
0.0316346
0.0357771
0.0389236
0.0410157
0.0420489
0.0420874
0.0412342
0.0396073
0.0373456
0.0345968
0.0315092
0.0282234
0.0248665
0.0215468
0.0183511
0.0153441
0.012569
0.0100502
0.00779779
0.00581349
0.00409809
0.00265879
0.00151196
0.00067415
0.000143232
8.12663e-05
3.29678e-05
0.00043768
0.00113298
0.00204724
0.00314746
0.00438657
0.00570269
0.00702857
0.00830097
0.009467
0.0104877
0.0113391
0.0120119
0.0125095
0.0128453
0.0130398
0.0131176
0.0131038
0.0130217
0.0128907
0.0127245
0.01253
0.0123067
0.012046
0.0117328
0.0113467
0.0108641
0.0102605
0.009512
0.00859774
0.0075021
0.00621829
0.00476839
0.00327089
0.00230569
0.00317228
0.0053798
0.00815374
0.0113055
0.0147868
0.018577
0.0226625
0.0270308
0.0316678
0.0365574
0.0416811
0.0470179
0.0525447
0.0582362
0.0640655
0.0700043
0.0760234
0.0820925
0.0881811
0.0942585
0.100294
0.106257
0.112118
0.117847
0.123416
0.128797
0.133963
0.138887
0.143545
0.147913
0.151965
0.15568
0.159036
0.162012
0.164585
0.166738
0.168451
0.169706
0.170486
0.170779
0.170572
0.169847
0.168548
0.166634
0.164111
0.160979
0.157236
0.152883
0.14792
0.142356
0.136198
0.129462
0.122166
0.114335
0.106001
0.0972017
0.0879843
0.0784069
0.068542
0.0584827
0.0483567
0.0383578
0.0288323
0.0205474
0.0154095
0.0163854
0.0221097
0.0292197
0.0362451
0.0425994
0.0479827
0.0522093
0.0551546
0.0567514
0.0570306
0.0561121
0.0541495
0.0513145
0.0477898
0.0437608
0.039407
0.0348942
0.0303687
0.0259535
0.0217459
0.0178181
0.0142198
0.0109832
0.00812904
0.00567191
0.00362073
0.00197538
0.000739239
6.8238e-05
0.000113538
0.000920827
0.00201821
0.00331491
0.00475665
0.00629349
0.00787023
0.00942784
0.0109089
0.012263
0.0134506
0.0144449
0.0152328
0.0158134
0.0161963
0.016399
0.0164435
0.0163529
0.0161495
0.0158521
0.0154731
0.0150171
0.0144792
0.0138457
0.0130953
0.0122021
0.011139
0.00988326
0.00842424
0.00678304
0.00508879
0.00382806
0.00417875
0.00637151
0.00954194
0.0132952
0.0175132
0.0221482
0.0271732
0.0325679
0.0383114
0.0443801
0.0507481
0.0573863
0.0642636
0.0713461
0.0785984
0.0859833
0.0934629
0.100999
0.108552
0.116084
0.123557
0.130935
0.138181
0.145261
0.152142
0.158792
0.165181
0.171282
0.177066
0.18251
0.18759
0.192282
0.196567
0.200426
0.203838
0.206788
0.209258
0.211234
0.212701
0.213645
0.214053
0.213913
0.213215
0.211935
0.21003
0.20749
0.204339
0.200584
0.196232
0.191287
0.185756
0.179648
0.172973
0.165746
0.157982
0.149705
0.14094
0.13172
0.122084
0.11208
0.101765
0.0912128
0.0805126
0.0697836
0.0591879
0.0489615
0.0394728
0.0313354
0.0255882
0.0239808
0.0268276
0.0324092
0.0388696
0.0452013
0.0508697
0.0555468
0.0590063
0.0610854
0.0617491
0.0610999
0.0592882
0.0564875
0.052885
0.0486724
0.0440385
0.0391618
0.0342047
0.029309
0.0245932
0.0201517
0.0160554
0.0123527
0.00906978
0.00621048
0.00376073
0.0017218
0.000215623
0.000254779
0.00156342
0.00310153
0.00476883
0.00649661
0.00823496
0.00994192
0.0115776
0.013103
0.0144814
0.0156816
0.0166794
0.0174602
0.0180187
0.0183583
0.0184893
0.0184261
0.0181852
0.0177832
0.0172343
0.0165462
0.0157185
0.0147411
0.0135971
0.0122661
0.010734
0.00901144
0.00718208
0.00557206
0.00506125
0.0065664
0.00962215
0.0135648
0.0181332
0.02323
0.0288049
0.0348266
0.0412667
0.0480954
0.0552806
0.0627869
0.070576
0.0786071
0.0868373
0.0952227
0.103718
0.112279
0.120859
0.129416
0.137905
0.146286
0.154518
0.162563
0.170386
0.177954
0.185234
0.192199
0.198822
0.205078
0.210945
0.216402
0.221432
0.226019
0.230146
0.2338
0.23697
0.239644
0.241813
0.243467
0.244598
0.245198
0.24526
0.244778
0.243743
0.242142
0.239952
0.237178
0.233845
0.229962
0.225538
0.220577
0.215087
0.209074
0.202546
0.195515
0.187993
0.179996
0.171543
0.162658
0.15337
0.143715
0.133733
0.123478
0.113009
0.102402
0.0917498
0.0811667
0.0707971
0.0608244
0.0514857
0.0431058
0.0362004
0.0317127
0.0306532
0.0329551
0.0373685
0.042668
0.0479624
0.0526935
0.0564795
0.0590108
0.0601529
0.0599788
0.0586112
0.0562049
0.0529342
0.0489831
0.0445369
0.0397754
0.0348669
0.0299631
0.025195
0.0206684
0.0164593
0.0126084
0.00911603
0.00594954
0.00307663
0.000543239
0.000435758
0.00234631
0.00437017
0.00640512
0.00837644
0.0102393
0.01197
0.013555
0.0149826
0.0162392
0.0173092
0.0181768
0.0188286
0.0192555
0.0194532
0.0194219
0.0191646
0.0186882
0.0180022
0.0171135
0.0160239
0.01473
0.0132262
0.0115165
0.00964503
0.00777406
0.00641866
0.00658664
0.00880063
0.0124492
0.0169924
0.0222143
0.0280136
0.0343362
0.0411445
0.0484017
0.056071
0.064112
0.0724812
0.0811325
0.0900172
0.0990852
0.108286
0.117568
0.126882
0.136178
0.145409
0.154528
0.163494
0.172266
0.180804
0.189076
0.197048
0.204692
0.211981
0.218893
0.225406
0.231504
0.237169
0.242389
0.247152
0.251449
0.255271
0.258613
0.261468
0.263833
0.265704
0.267078
0.267952
0.268326
0.268197
0.267564
0.266423
0.264775
0.262605
0.259918
0.256737
0.253072
0.248926
0.244304
0.239209
0.233646
0.227621
0.221139
0.21421
0.206843
0.19905
0.190849
0.182259
0.173302
0.164009
0.154412
0.144553
0.134479
0.124246
0.113919
0.103571
0.0932881
0.0831617
0.0732937
0.0637997
0.0548382
0.0466939
0.0397079
0.0349174
0.0329778
0.0341414
0.0374543
0.0418498
0.0464023
0.0504362
0.0534373
0.0551509
0.0555858
0.0548268
0.0530045
0.0502773
0.0468184
0.0428071
0.0384216
0.0338323
0.0291941
0.0246387
0.0202636
0.0161195
0.0121988
0.00843492
0.00472444
0.000980054
0.000647126
0.00324837
0.005804
0.00820958
0.0103903
0.0123122
0.0139749
0.0153967
0.0166001
0.0176019
0.0184091
0.0190194
0.0194238
0.0196102
0.0195658
0.0192778
0.018738
0.017945
0.0169011
0.0156094
0.0140777
0.0123303
0.010445
0.00864498
0.0075364
0.00807611
0.0106267
0.014627
0.0195878
0.0252936
0.031627
0.0385252
0.0459388
0.0538233
0.0621342
0.0708242
0.079843
0.0891378
0.098654
0.108336
0.118127
0.127972
0.137817
0.147611
0.157302
0.166846
0.176197
0.185316
0.194166
0.202714
0.21093
0.218789
0.226267
0.233346
0.240008
0.246242
0.252036
0.257381
0.262272
0.266703
0.270673
0.274181
0.277224
0.279806
0.281926
0.283586
0.284789
0.285538
0.285833
0.285679
0.285075
0.284023
0.282524
0.280568
0.278163
0.275328
0.272067
0.268382
0.264275
0.259746
0.254799
0.249435
0.243659
0.237474
0.230886
0.223903
0.216534
0.208792
0.20069
0.192248
0.183486
0.174429
0.165106
0.15555
0.145799
0.135892
0.125875
0.11579
0.105685
0.0955999
0.085578
0.0756687
0.0659473
0.0565113
0.0476162
0.0396474
0.0337125
0.0306936
0.0311397
0.0341862
0.0385221
0.0429093
0.0464671
0.048841
0.0499627
0.0498829
0.0487145
0.0466053
0.0437226
0.0402433
0.0363444
0.032194
0.0279387
0.0236879
0.0194936
0.0153297
0.0110794
0.00654352
0.00147796
0.000884175
0.00425252
0.00738029
0.0101582
0.0125157
0.0144354
0.0159455
0.0171012
0.0179642
0.0185876
0.0190072
0.0192393
0.0192829
0.0191244
0.0187423
0.0181124
0.017221
0.0160666
0.0146577
0.0130286
0.0112761
0.00965017
0.00874754
0.0094149
0.0120161
0.0161282
0.0213019
0.027306
0.0340021
0.0413113
0.0491694
0.0575214
0.0663137
0.0754915
0.0849983
0.0947757
0.104764
0.114902
0.12513
0.13539
0.145623
0.155776
0.165798
0.175641
0.185261
0.194619
0.203679
0.212411
0.220787
0.228784
0.236383
0.243569
0.25033
0.256658
0.262545
0.267989
0.272987
0.277542
0.281653
0.285325
0.288561
0.291367
0.293746
0.295705
0.297249
0.298383
0.299112
0.29944
0.299371
0.298908
0.298053
0.296807
0.295169
0.293142
0.290735
0.287952
0.284795
0.281263
0.277358
0.273079
0.268427
0.263403
0.258009
0.252248
0.246123
0.23964
0.232804
0.225624
0.218109
0.210271
0.202124
0.193683
0.184965
0.17599
0.166777
0.157348
0.147721
0.137915
0.127945
0.117823
0.107556
0.0971539
0.0866298
0.0760063
0.0653443
0.054759
0.0444716
0.0350968
0.0279297
0.0246303
0.0259234
0.0302299
0.0352805
0.0395885
0.0427096
0.0445394
0.0451238
0.0445789
0.0430564
0.0407271
0.0377684
0.034353
0.0306331
0.0267197
0.0226557
0.0183858
0.0137338
0.00839942
0.00198947
0.00114498
0.00534593
0.00907605
0.01222
0.014716
0.0165699
0.0178442
0.0186351
0.0190475
0.019175
0.0190874
0.018825
0.0183996
0.0178
0.016999
0.015979
0.0147432
0.0133223
0.0118123
0.0104577
0.00978053
0.010504
0.0130065
0.0170403
0.0222227
0.0283288
0.0352057
0.0427577
0.0509049
0.0595796
0.0687165
0.0782521
0.0881225
0.0982631
0.108609
0.119096
0.129659
0.140237
0.150769
0.1612
0.171477
0.181551
0.191378
0.200919
0.21014
0.219011
0.227508
0.23561
0.243302
0.250571
0.25741
0.263813
0.269779
0.275309
0.280405
0.285072
0.289315
0.293142
0.296561
0.299578
0.302203
0.304443
0.306306
0.307799
0.308929
0.309701
0.31012
0.310192
0.309919
0.309304
0.308348
0.307053
0.305416
0.303443
0.301141
0.298511
0.295551
0.292261
0.288642
0.284691
0.280411
0.2758
0.270859
0.265591
0.259996
0.254077
0.247837
0.24128
0.23441
0.227234
0.219756
0.211982
0.203919
0.195573
0.186947
0.178045
0.168869
0.159415
0.149677
0.139647
0.129313
0.118662
0.107688
0.0963882
0.0847775
0.0728923
0.0608008
0.0486876
0.0367661
0.026037
0.0185408
0.0177111
0.0225868
0.0287228
0.0339567
0.0378154
0.0402613
0.0413877
0.0413395
0.0402853
0.0384023
0.0358631
0.0328182
0.0293712
0.0255467
0.0212541
0.0162574
0.0101677
0.00247234
0.00142894
0.0065179
0.0108673
0.0143582
0.0169439
0.0186614
0.0196137
0.0199417
0.0197956
0.0193123
0.0185997
0.0177283
0.0167315
0.0156126
0.0143699
0.0130398
0.0117224
0.0106423
0.0102352
0.0110941
0.013529
0.0174235
0.0224791
0.0285181
0.0353971
0.0430194
0.0512967
0.0601498
0.0695021
0.0792795
0.089409
0.0998186
0.110438
0.121196
0.132026
0.142861
0.15364
0.164302
0.174795
0.185067
0.195074
0.204777
0.214142
0.22314
0.231748
0.239948
0.247726
0.255073
0.261985
0.26846
0.2745
0.280108
0.285292
0.29006
0.29442
0.298383
0.30196
0.305161
0.307997
0.310479
0.312615
0.314415
0.315886
0.317036
0.317871
0.318396
0.318616
0.318533
0.31815
0.317469
0.316492
0.31522
0.313655
0.311801
0.309658
0.30723
0.304514
0.301511
0.29822
0.294641
0.290774
0.286618
0.282174
0.27744
0.272418
0.267106
0.261506
0.255615
0.249435
0.242963
0.236198
0.229137
0.221775
0.214105
0.206118
0.197801
0.18914
0.180115
0.170702
0.160877
0.150613
0.139884
0.128671
0.11696
0.104756
0.0920784
0.0789738
0.0655274
0.0518411
0.0381864
0.0248459
0.0134601
0.0100243
0.0168737
0.0243903
0.0304018
0.034765
0.0375864
0.0390309
0.0392781
0.0385094
0.0368958
0.0345807
0.0316536
0.028115
0.0238372
0.0185331
0.0117482
0.00289408
0.00173561
0.00775704
0.0127272
0.0165299
0.0191433
0.0206443
0.0211831
0.0209483
0.0201363
0.018927
0.0174689
0.0158721
0.0142121
0.0125519
0.0110369
0.00993997
0.00968692
0.0107652
0.0133035
0.0171684
0.0221065
0.0280011
0.0347538
0.0422953
0.0505479
0.0594333
0.0688692
0.0787726
0.0890613
0.0996548
0.110475
0.121444
0.132491
0.143544
0.154537
0.165408
0.1761
0.18656
0.196744
0.206609
0.216121
0.225253
0.233981
0.242288
0.250162
0.257596
0.264588
0.271138
0.277252
0.282936
0.2882
0.293055
0.297513
0.301588
0.305292
0.30864
0.311643
0.314315
0.316666
0.318708
0.320449
0.321898
0.323063
0.323949
0.324562
0.324907
0.324986
0.324803
0.324359
0.323658
0.3227
0.321485
0.320018
0.318306
0.316348
0.314145
0.311698
0.309006
0.306069
0.302888
0.29946
0.295787
0.291867
0.287697
0.283278
0.278605
0.273677
0.268487
0.263032
0.257302
0.25129
0.244983
0.238367
0.231422
0.224129
0.21646
0.208385
0.19987
0.190877
0.181366
0.171298
0.160633
0.149342
0.137404
0.124816
0.111594
0.0977852
0.0834668
0.0687506
0.0538059
0.0388132
0.0241181
0.00998596
0.00411102
0.0145236
0.0228596
0.0291431
0.033605
0.0364794
0.0379754
0.0382841
0.0375745
0.0359792
0.0335687
0.0303163
0.0260604
0.0204761
0.0130728
0.00323427
0.00206384
0.00904888
0.0146236
0.0186856
0.0212503
0.0224451
0.0224736
0.0215745
0.0199883
0.0179343
0.0156016
0.0131541
0.010773
0.00881976
0.008013
0.00906926
0.0118735
0.0159479
0.0209384
0.0267576
0.0333672
0.0407477
0.0488591
0.0576462
0.0670363
0.0769471
0.0872913
0.0979812
0.10893
0.120054
0.131274
0.142512
0.153698
0.164766
0.175653
0.186305
0.196673
0.206714
0.216392
0.225677
0.234546
0.242982
0.250973
0.258513
0.2656
0.272239
0.278434
0.284196
0.289536
0.294469
0.299009
0.303171
0.306972
0.310428
0.313552
0.316361
0.318866
0.321081
0.323017
0.324682
0.326087
0.327239
0.328143
0.328807
0.329234
0.329428
0.329393
0.329131
0.328647
0.327941
0.327016
0.325877
0.324527
0.322972
0.321212
0.319248
0.317083
0.314716
0.312148
0.309379
0.306409
0.303235
0.299858
0.296273
0.292478
0.288468
0.284236
0.279775
0.275073
0.270118
0.264893
0.259379
0.253552
0.247383
0.240839
0.233881
0.226466
0.218547
0.21007
0.200983
0.191232
0.180767
0.169546
0.157538
0.144731
0.131139
0.116804
0.101811
0.0862862
0.070407
0.0543997
0.0385639
0.0232362
0.00915609
0.00617927
0.0158547
0.0238059
0.0297359
0.0339047
0.0365403
0.0378402
0.0379681
0.0370419
0.0351097
0.0321174
0.0278753
0.022037
0.0141065
0.00348452
0.00241118
0.0103739
0.0165173
0.0207683
0.0231945
0.023985
0.0234029
0.0217379
0.0192696
0.0162472
0.012893
0.00945935
0.00652999
0.00595805
0.00876754
0.013282
0.01861
0.0245655
0.0311538
0.0384098
0.0463495
0.0549615
0.0642043
0.0740137
0.0843095
0.0950032
0.106003
0.11722
0.128565
0.139956
0.151314
0.162568
0.173651
0.184503
0.195071
0.205309
0.215178
0.224645
0.233685
0.24228
0.250418
0.258091
0.265299
0.272046
0.278339
0.284189
0.28961
0.294618
0.29923
0.303463
0.307335
0.310865
0.314071
0.316967
0.319571
0.321895
0.323954
0.325759
0.32732
0.328646
0.329745
0.330625
0.331292
0.33175
0.332005
0.332061
0.331922
0.331592
0.331074
0.330371
0.329488
0.328431
0.327204
0.325811
0.324254
0.322537
0.32066
0.318626
0.316435
0.314087
0.311581
0.308918
0.306094
0.303106
0.299948
0.296615
0.293097
0.289383
0.285457
0.281302
0.276894
0.272207
0.267209
0.261862
0.256122
0.249939
0.243257
0.236018
0.228155
0.219602
0.210291
0.20016
0.189154
0.177228
0.164361
0.150555
0.135849
0.120322
0.104108
0.0873992
0.0704534
0.0536069
0.0372924
0.022213
0.0105665
0.0113497
0.0191657
0.0261398
0.0313953
0.0350328
0.0372179
0.0380991
0.0377745
0.0362681
0.0335005
0.029262
0.0232014
0.0148447
0.00364692
0.00277339
0.0117065
0.0183612
0.0227136
0.0248998
0.0251823
0.0238896
0.0213616
0.0179097
0.0137928
0.00923459
0.00465657
0.00380133
0.00870345
0.0146702
0.021043
0.0278444
0.0351369
0.0429883
0.0514403
0.0604992
0.0701375
0.0802994
0.0909095
0.10188
0.11312
0.124536
0.136038
0.147542
0.158968
0.170243
0.181302
0.192087
0.202545
0.212633
0.222315
0.231562
0.240353
0.248674
0.256517
0.26388
0.270765
0.277182
0.283141
0.288657
0.293747
0.298431
0.302727
0.306656
0.310239
0.313494
0.316441
0.319096
0.321477
0.323599
0.325475
0.327118
0.328538
0.329745
0.330749
0.331557
0.332176
0.332613
0.332873
0.332961
0.332883
0.332644
0.332247
0.331699
0.331002
0.330164
0.32919
0.328086
0.326857
0.325506
0.324036
0.322449
0.320748
0.318935
0.317009
0.314971
0.312819
0.310552
0.308164
0.305649
0.302999
0.300204
0.297247
0.294111
0.290773
0.287204
0.283372
0.279237
0.274752
0.269865
0.264517
0.25864
0.252163
0.245009
0.237098
0.22835
0.218688
0.208041
0.196354
0.183589
0.169733
0.154813
0.138899
0.122119
0.104665
0.0868111
0.0689156
0.051446
0.0350534
0.0209579
0.0130929
0.016135
0.0229292
0.0289218
0.0334251
0.0363985
0.0379564
0.0381705
0.0370405
0.0344663
0.030228
0.0239856
0.0153084
0.00373155
0.00314419
0.013014
0.0201
0.0244497
0.026286
0.0259556
0.0238581
0.0203848
0.0158741
0.0105715
0.00463044
0.00192161
0.00877652
0.0158107
0.0230742
0.0306313
0.0385773
0.046989
0.0559195
0.0653879
0.0753782
0.0858442
0.0967164
0.107911
0.119337
0.130902
0.142515
0.154091
0.165549
0.176816
0.187828
0.198526
0.208861
0.218791
0.228284
0.237313
0.24586
0.253915
0.261474
0.268537
0.275113
0.281211
0.286848
0.292041
0.296809
0.301175
0.305159
0.308785
0.312073
0.315046
0.317721
0.32012
0.322258
0.324151
0.325815
0.327262
0.328504
0.329553
0.330417
0.331106
0.331628
0.33199
0.3322
0.332263
0.332187
0.331976
0.331637
0.331176
0.330597
0.329909
0.329115
0.328224
0.327242
0.326175
0.325027
0.323801
0.322501
0.321129
0.319689
0.31818
0.316603
0.314958
0.313241
0.311448
0.309573
0.307604
0.305529
0.303332
0.30099
0.298477
0.295761
0.292802
0.289555
0.285967
0.281977
0.277516
0.272508
0.266871
0.260516
0.253351
0.245284
0.236223
0.226084
0.214793
0.202296
0.188564
0.173605
0.157472
0.140276
0.1222
0.103511
0.0845741
0.0658695
0.0480284
0.0319861
0.0196921
0.0158922
0.0203603
0.0264663
0.0316326
0.0353199
0.0375087
0.0382196
0.0374325
0.0350344
0.0308054
0.0244306
0.0155372
0.00375372
0.00351499
0.0142569
0.0216706
0.0258996
0.0272708
0.0262274
0.0232478
0.0187844
0.0132331
0.0069492
0.00276456
0.00890792
0.0165939
0.0245728
0.0328137
0.0413712
0.0503161
0.0597024
0.0695562
0.0798707
0.0906086
0.101708
0.11309
0.124668
0.136348
0.148042
0.159663
0.171131
0.182374
0.193326
0.203931
0.214141
0.223916
0.233224
0.242043
0.250358
0.258161
0.265449
0.272229
0.278509
0.284304
0.289631
0.294511
0.298966
0.303019
0.306694
0.310014
0.313003
0.315683
0.318075
0.320199
0.322072
0.323713
0.325136
0.326356
0.327386
0.328237
0.328921
0.329447
0.329826
0.330065
0.330173
0.330158
0.330027
0.329787
0.329445
0.329008
0.328482
0.327874
0.327192
0.326443
0.325635
0.324773
0.323863
0.322912
0.321923
0.320901
0.319849
0.31877
0.317666
0.316538
0.315386
0.314206
0.312995
0.311744
0.310444
0.30908
0.307634
0.306081
0.304392
0.302531
0.300454
0.298112
0.295444
0.292384
0.288854
0.284771
0.280042
0.274569
0.268248
0.260975
0.252643
0.243153
0.232415
0.220357
0.20693
0.19212
0.175956
0.158527
0.139993
0.120602
0.100706
0.0807783
0.0614367
0.0435138
0.0283522
0.0189121
0.0188241
0.0240492
0.0295916
0.0339191
0.0367157
0.0379122
0.0374606
0.0352412
0.0310458
0.0245955
0.0155834
0.0037306
0.00387485
0.0153889
0.0230034
0.026982
0.0277731
0.0259303
0.0220277
0.0166274
0.0104103
0.0055864
0.00915949
0.0169414
0.0254591
0.0343007
0.0434317
0.0528888
0.0627169
0.0729431
0.083567
0.0945596
0.105867
0.117416
0.129123
0.1409
0.152658
0.164311
0.17578
0.186993
0.197884
0.208399
0.218489
0.228118
0.237255
0.245879
0.253977
0.261544
0.26858
0.275093
0.281095
0.286601
0.291633
0.296212
0.300361
0.304108
0.307475
0.310489
0.313174
0.315554
0.31765
0.319483
0.321074
0.32244
0.323597
0.324562
0.325348
0.325968
0.326436
0.326761
0.326956
0.327029
0.326991
0.32685
0.326615
0.326293
0.325894
0.325424
0.324892
0.324304
0.323669
0.322994
0.322287
0.321556
0.320808
0.32005
0.319286
0.318523
0.317765
0.317017
0.316283
0.315566
0.314867
0.314187
0.313522
0.31287
0.312222
0.311569
0.310895
0.31018
0.309399
0.308522
0.307508
0.306312
0.304879
0.303144
0.301036
0.29847
0.295357
0.291595
0.287076
0.281686
0.275309
0.267826
0.259121
0.24909
0.237638
0.224698
0.21023
0.194239
0.176783
0.157993
0.138086
0.117385
0.0963384
0.0755408
0.0557697
0.0381128
0.0244991
0.0188697
0.0217503
0.0272654
0.0321507
0.0355501
0.0372483
0.0371518
0.0351366
0.0310148
0.0245505
0.0155031
0.00367962
0.00421044
0.0163582
0.0240241
0.0276149
0.0277169
0.0250165
0.0202278
0.0142454
0.00892139
0.0097539
0.0168829
0.0256866
0.0350285
0.044688
0.0546385
0.0649007
0.0754955
0.0864254
0.0976678
0.109176
0.120885
0.132715
0.144582
0.156399
0.168083
0.179553
0.190739
0.201577
0.212011
0.221996
0.231493
0.240476
0.248924
0.256825
0.264177
0.270981
0.277247
0.282989
0.288224
0.292975
0.297265
0.30112
0.304566
0.30763
0.310339
0.312717
0.31479
0.316582
0.318113
0.319406
0.320479
0.32135
0.322037
0.322554
0.322916
0.323137
0.32323
0.323207
0.323079
0.322856
0.322549
0.322167
0.32172
0.321217
0.320665
0.320074
0.319451
0.318805
0.318143
0.317475
0.316808
0.31615
0.315509
0.314891
0.314303
0.313751
0.31324
0.312777
0.312366
0.312011
0.311714
0.311476
0.311297
0.311173
0.311097
0.311058
0.311043
0.31103
0.310995
0.310905
0.310719
0.310389
0.309857
0.309056
0.307909
0.306328
0.304217
0.301466
0.297961
0.293578
0.288188
0.281662
0.273868
0.264686
0.254003
0.241727
0.227796
0.212185
0.194922
0.176101
0.155902
0.134606
0.112624
0.0905133
0.0690061
0.0490756
0.0321842
0.0211991
0.019879
0.0246426
0.0299758
0.0340005
0.0362426
0.036545
0.0347804
0.0307852
0.0243682
0.0153511
0.00361796
0.00450623
0.0171087
0.0246563
0.0277183
0.0270375
0.0234803
0.0180625
0.0124776
0.0109122
0.0164919
0.0252448
0.0349546
0.0450866
0.055509
0.0662006
0.0771671
0.0884084
0.0999063
0.111621
0.123493
0.13545
0.147411
0.159294
0.171015
0.182496
0.193668
0.204467
0.214837
0.224734
0.234122
0.242972
0.251267
0.258995
0.266155
0.272751
0.278792
0.284294
0.289277
0.293764
0.29778
0.301351
0.304507
0.307274
0.30968
0.311752
0.313517
0.314998
0.31622
0.317204
0.317972
0.318542
0.318933
0.319162
0.319245
0.319198
0.319033
0.318765
0.318407
0.317969
0.317464
0.316901
0.316292
0.315645
0.314971
0.314277
0.313573
0.312866
0.312167
0.311482
0.31082
0.31019
0.3096
0.309057
0.308569
0.308141
0.307782
0.307498
0.307295
0.30718
0.307156
0.307229
0.307399
0.307668
0.308033
0.308488
0.309023
0.309626
0.310276
0.310948
0.311609
0.312219
0.312727
0.313076
0.313196
0.313006
0.312416
0.311324
0.309616
0.307169
0.303853
0.299528
0.294052
0.287283
0.279081
0.269316
0.257874
0.244668
0.229643
0.212794
0.194177
0.17393
0.152288
0.12961
0.106404
0.0833495
0.0613403
0.0415952
0.0261573
0.0192159
0.0218196
0.0273647
0.0320549
0.0349154
0.0356867
0.0342366
0.0304293
0.0241179
0.0151793
0.00356118
0.00474463
0.0175823
0.0248243
0.0272183
0.0257051
0.0214347
0.0160018
0.0126502
0.0159433
0.0241728
0.034064
0.0445918
0.0554574
0.0665736
0.0779185
0.0894834
0.10125
0.113185
0.125234
0.137331
0.1494
0.161362
0.173136
0.184647
0.195823
0.206603
0.216933
0.226767
0.236069
0.244813
0.252981
0.260563
0.267558
0.27397
0.279811
0.285097
0.289848
0.29409
0.297849
0.301152
0.304028
0.306507
0.308618
0.310388
0.311845
0.313016
0.313925
0.314596
0.31505
0.31531
0.315395
0.315323
0.315112
0.314779
0.31434
0.313808
0.313198
0.312523
0.311795
0.311026
0.310226
0.309407
0.308577
0.307746
0.306923
0.306118
0.305337
0.30459
0.303885
0.303231
0.302636
0.302108
0.301654
0.301281
0.300998
0.300812
0.300731
0.300761
0.30091
0.301184
0.301588
0.302125
0.302798
0.303605
0.304543
0.305603
0.306774
0.308036
0.309366
0.310731
0.312093
0.313401
0.314596
0.315609
0.316358
0.31675
0.316679
0.316028
0.314669
0.312463
0.309264
0.304918
0.299269
0.292163
0.283452
0.273001
0.260695
0.246453
0.230234
0.212057
0.192012
0.170287
0.147185
0.123154
0.0988124
0.0749832
0.0527542
0.0337089
0.0209341
0.0191665
0.024317
0.0296951
0.0332799
0.0346181
0.0335644
0.0300134
0.0238618
0.0150337
0.00352256
0.00490642
0.0177216
0.0244572
0.0260653
0.0237617
0.0191363
0.0148402
0.0155744
0.0225788
0.0323751
0.0431888
0.054456
0.0659876
0.0777187
0.0896231
0.101679
0.113854
0.1261
0.138358
0.150556
0.162619
0.174469
0.186032
0.197238
0.208026
0.218343
0.228142
0.237389
0.246056
0.254127
0.261593
0.268451
0.274708
0.280375
0.28547
0.290014
0.294033
0.297554
0.300605
0.303217
0.305421
0.307246
0.308722
0.309878
0.310742
0.311339
0.311696
0.311836
0.311781
0.311554
0.311174
0.310662
0.310034
0.309308
0.3085
0.307625
0.306698
0.305731
0.304737
0.303727
0.302713
0.301705
0.300712
0.299743
0.298808
0.297914
0.29707
0.296285
0.295565
0.29492
0.294357
0.293884
0.293509
0.29324
0.293084
0.293049
0.293144
0.293377
0.293756
0.29429
0.294983
0.295842
0.29687
0.298068
0.299434
0.300962
0.302642
0.304457
0.306386
0.308398
0.310455
0.31251
0.314505
0.31637
0.318023
0.319372
0.320308
0.320712
0.320452
0.319384
0.317353
0.314197
0.309749
0.303838
0.2963
0.286979
0.275736
0.262459
0.247075
0.229562
0.209968
0.188426
0.165182
0.140621
0.115292
0.0899448
0.0655665
0.043488
0.0258988
0.017751
0.0209287
0.0268914
0.0313299
0.0333638
0.0328087
0.0295903
0.0236503
0.0149518
0.00351277
0.00497271
0.0174722
0.0234977
0.0242566
0.0213314
0.0170346
0.0155437
0.020589
0.0299315
0.0408834
0.052493
0.0644234
0.0765461
0.0888071
0.101175
0.113615
0.126086
0.138531
0.150885
0.163075
0.175029
0.186673
0.197939
0.208766
0.2191
0.228897
0.238121
0.246746
0.254753
0.262134
0.268888
0.27502
0.280544
0.285476
0.28984
0.29366
0.296965
0.299785
0.302151
0.304095
0.305649
0.306843
0.307707
0.308271
0.308563
0.30861
0.308437
0.30807
0.307531
0.306842
0.306024
0.305097
0.30408
0.30299
0.301844
0.300655
0.29944
0.29821
0.296979
0.295757
0.294555
0.293383
0.29225
0.291164
0.290134
0.289169
0.288275
0.28746
0.286732
0.286097
0.285565
0.285143
0.284838
0.284657
0.28461
0.284704
0.284949
0.285355
0.285929
0.286682
0.287621
0.288753
0.290083
0.291616
0.29335
0.295283
0.297407
0.299708
0.302168
0.304759
0.307446
0.310184
0.312917
0.315578
0.318087
0.320352
0.322265
0.323705
0.324538
0.324615
0.323777
0.321852
0.318664
0.314029
0.307765
0.299696
0.289659
0.277515
0.263155
0.24652
0.22761
0.206509
0.183404
0.158613
0.132614
0.106081
0.0799162
0.0553084
0.0339478
0.0192314
0.0175773
0.0236167
0.029031
0.0319213
0.0319908
0.0291924
0.023518
0.0149599
0.00353879
0.00492638
0.0167854
0.0219164
0.0218399
0.0186578
0.0158812
0.0185166
0.0268603
0.0377189
0.0495787
0.061877
0.0743908
0.0870241
0.0997271
0.112462
0.125186
0.137849
0.150389
0.162738
0.174827
0.186584
0.197943
0.208844
0.219232
0.229062
0.238299
0.246917
0.254896
0.262229
0.268913
0.274954
0.280366
0.285167
0.289378
0.293027
0.296141
0.298754
0.300895
0.302599
0.303899
0.304825
0.305412
0.305688
0.305685
0.30543
0.304952
0.304277
0.30343
0.302436
0.301315
0.300091
0.298783
0.29741
0.295989
0.294538
0.293071
0.291601
0.290142
0.288706
0.287302
0.285942
0.284633
0.283385
0.282206
0.281102
0.280081
0.279151
0.278318
0.277589
0.276969
0.276467
0.276091
0.275847
0.275742
0.275787
0.275988
0.276358
0.276904
0.277638
0.278571
0.27971
0.281066
0.282645
0.284453
0.286493
0.288764
0.291262
0.293977
0.296893
0.299987
0.303228
0.306574
0.309973
0.313362
0.316664
0.319788
0.32263
0.325069
0.326969
0.328181
0.32854
0.327869
0.32598
0.32268
0.31777
0.311056
0.302351
0.291488
0.278324
0.262761
0.244756
0.22434
0.201641
0.176913
0.150561
0.123179
0.0955865
0.0688677
0.0444623
0.0246804
0.0155289
0.0199134
0.0263199
0.0302526
0.0311014
0.0288277
0.02348
0.0150699
0.00360358
0.00475159
0.0156266
0.0197161
0.0189299
0.0162177
0.0165918
0.0232899
0.0337651
0.0457487
0.0583642
0.0712581
0.084274
0.0973347
0.110392
0.123401
0.136313
0.149072
0.161615
0.173873
0.185779
0.197267
0.208277
0.218756
0.228658
0.237947
0.246596
0.254586
0.261907
0.268559
0.274546
0.279881
0.284583
0.288674
0.292181
0.295134
0.297565
0.299507
0.300993
0.302058
0.302737
0.303062
0.303066
0.302781
0.302237
0.301465
0.300492
0.299346
0.298052
0.296635
0.295118
0.293524
0.291871
0.29018
0.288467
0.286749
0.28504
0.283354
0.281702
0.280095
0.278543
0.277056
0.27564
0.274304
0.273053
0.271896
0.270837
0.269884
0.269042
0.268318
0.267719
0.267251
0.266919
0.266728
0.266689
0.266809
0.267098
0.267567
0.268226
0.269086
0.270159
0.271456
0.272987
0.274761
0.276787
0.279069
0.281611
0.284411
0.287463
0.290756
0.294271
0.297982
0.301852
0.305834
0.309871
0.313889
0.317803
0.32151
0.324893
0.327818
0.330133
0.331673
0.332255
0.331685
0.329758
0.326262
0.320984
0.313716
0.304261
0.292446
0.278134
0.261236
0.241732
0.219693
0.195306
0.168903
0.141
0.112334
0.0839014
0.0570085
0.0334586
0.0169684
0.0160954
0.0231254
0.0282857
0.0300982
0.0284786
0.0235292
0.0152777
0.00370632
0.00443581
0.0139812
0.0169382
0.0157793
0.0148468
0.0194563
0.0291611
0.0410791
0.053928
0.0671727
0.0805717
0.0940069
0.107411
0.120735
0.13393
0.146942
0.159712
0.172175
0.184265
0.19592
0.207078
0.217687
0.227701
0.237082
0.245803
0.253843
0.261194
0.267852
0.273823
0.27912
0.283759
0.287764
0.291162
0.293984
0.296263
0.298031
0.299325
0.300181
0.300633
0.300716
0.300466
0.299916
0.299099
0.298046
0.296788
0.295354
0.293771
0.292067
0.290267
0.288393
0.286468
0.284512
0.282543
0.280579
0.278635
0.276724
0.27486
0.273053
0.271312
0.269646
0.268063
0.26657
0.265172
0.263876
0.262687
0.261609
0.260649
0.259811
0.259102
0.258526
0.25809
0.257796
0.257653
0.257669
0.257851
0.25821
0.258757
0.259503
0.260459
0.261638
0.263052
0.264713
0.266631
0.268818
0.271282
0.274027
0.277057
0.28037
0.283959
0.28781
0.291903
0.296207
0.300682
0.305275
0.309921
0.31454
0.319034
0.32329
0.327178
0.330547
0.333232
0.335047
0.335792
0.335254
0.333209
0.329426
0.323677
0.315738
0.305404
0.292501
0.276894
0.258513
0.237369
0.213584
0.187417
0.159305
0.129902
0.100119
0.0711659
0.0446252
0.0229526
0.0134525
0.0194276
0.0259231
0.0289084
0.0281006
0.0236362
0.015566
0.00384243
0.00397235
0.0118555
0.0136969
0.0129681
0.0155895
0.0240746
0.0356898
0.048648
0.0621868
0.0759523
0.0897685
0.10354
0.117206
0.130713
0.144011
0.157041
0.169744
0.182055
0.193913
0.205258
0.216037
0.226202
0.235717
0.244551
0.252685
0.260106
0.266812
0.272808
0.278104
0.282718
0.286675
0.29
0.292724
0.294882
0.296508
0.297638
0.298309
0.298559
0.298425
0.297942
0.297147
0.296073
0.294756
0.293228
0.29152
0.289662
0.287682
0.285608
0.283465
0.281276
0.279064
0.276847
0.274644
0.272471
0.270342
0.268271
0.266268
0.264342
0.262503
0.260756
0.259109
0.257567
0.256134
0.254815
0.253613
0.252534
0.251581
0.250758
0.250071
0.249522
0.249118
0.248863
0.248762
0.248825
0.249059
0.249474
0.250082
0.250892
0.251918
0.253173
0.254669
0.25642
0.258438
0.260735
0.263323
0.266209
0.2694
0.272899
0.276704
0.280806
0.285191
0.289836
0.294707
0.29976
0.304937
0.310164
0.315353
0.320397
0.325168
0.329524
0.333297
0.336303
0.338339
0.339183
0.338602
0.336351
0.33218
0.325841
0.3171
0.305742
0.291591
0.274524
0.254494
0.231555
0.205894
0.177868
0.148046
0.117254
0.0866202
0.0576168
0.0322189
0.0145947
0.0154306
0.0230698
0.0274389
0.0276264
0.0237547
0.0159064
0.00400416
0.00336031
0.00928474
0.0102988
0.0117081
0.018692
0.0297473
0.0426486
0.0563881
0.0704776
0.0846645
0.0988121
0.112838
0.126685
0.140297
0.153619
0.166595
0.179162
0.191259
0.202828
0.213815
0.224173
0.233862
0.242852
0.251121
0.258656
0.265452
0.271514
0.276851
0.281481
0.285427
0.288716
0.291379
0.29345
0.294966
0.295962
0.296479
0.296554
0.296227
0.295535
0.294516
0.293207
0.291645
0.289864
0.287897
0.285778
0.283536
0.281201
0.278799
0.276357
0.273897
0.271441
0.269007
0.266613
0.264274
0.262002
0.259809
0.257705
0.255697
0.253792
0.251995
0.250312
0.248747
0.247301
0.245979
0.244784
0.243718
0.242784
0.241986
0.241327
0.24081
0.240441
0.240224
0.240164
0.240269
0.240547
0.241008
0.241662
0.242521
0.243597
0.244904
0.246453
0.248261
0.250339
0.252703
0.255365
0.258337
0.261627
0.265243
0.269187
0.273458
0.278048
0.28294
0.28811
0.293521
0.299124
0.304856
0.310637
0.316368
0.32193
0.327185
0.331972
0.336107
0.339386
0.341583
0.342457
0.34175
0.339193
0.334517
0.327456
0.317759
0.305207
0.289626
0.27091
0.249045
0.224144
0.196482
0.166542
0.135061
0.103085
0.0720048
0.043613
0.0206268
0.0121645
0.01967
0.0255862
0.0269733
0.0238269
0.0162625
0.0041817
0.00260619
0.00638013
0.00769472
0.0132507
0.0235099
0.0361305
0.04992
0.0642489
0.0787682
0.0932822
0.107677
0.121879
0.135829
0.149471
0.162748
0.175602
0.187972
0.1998
0.211033
0.221622
0.231526
0.240713
0.24916
0.256851
0.263781
0.269951
0.275372
0.280059
0.284036
0.287328
0.289967
0.291989
0.293428
0.294324
0.294717
0.294647
0.294154
0.293278
0.29206
0.290538
0.28875
0.286735
0.284528
0.282163
0.279673
0.27709
0.274442
0.271757
0.26906
0.266373
0.263717
0.261109
0.258566
0.2561
0.253724
0.251446
0.249275
0.247216
0.245276
0.243457
0.241762
0.240195
0.238757
0.23745
0.236275
0.235234
0.23433
0.233564
0.23294
0.232461
0.23213
0.231952
0.231932
0.232077
0.232395
0.232895
0.233588
0.234484
0.235595
0.236935
0.238518
0.240356
0.242466
0.244861
0.247557
0.250566
0.253902
0.257574
0.26159
0.265955
0.270666
0.275716
0.281087
0.286754
0.292678
0.298805
0.305067
0.311375
0.317622
0.323675
0.329382
0.334564
0.339018
0.342517
0.344813
0.345637
0.344708
0.341731
0.336414
0.328472
0.317641
0.303698
0.286477
0.265897
0.241994
0.21496
0.185188
0.153324
0.120325
0.0875087
0.056587
0.0298103
0.0122473
0.0158122
0.023261
0.0260535
0.0237895
0.0165949
0.00436449
0.00173018
0.00365493
0.00803679
0.0173224
0.0293953
0.0430097
0.0574278
0.0721942
0.0870347
0.101786
0.116348
0.130649
0.14463
0.158232
0.171399
0.184071
0.196191
0.207704
0.21856
0.228718
0.238142
0.246808
0.254698
0.261804
0.268126
0.273674
0.278461
0.282509
0.285846
0.288501
0.29051
0.291911
0.292741
0.293044
0.292859
0.29223
0.291198
0.289805
0.288094
0.286103
0.283874
0.281444
0.27885
0.276128
0.27331
0.270429
0.267512
0.264588
0.261679
0.258808
0.255994
0.253253
0.250599
0.248044
0.245598
0.243268
0.24106
0.238978
0.237027
0.235207
0.233522
0.231971
0.230555
0.229275
0.228132
0.227127
0.22626
0.225534
0.224951
0.224512
0.224223
0.224085
0.224106
0.224291
0.224648
0.225185
0.225912
0.226839
0.227978
0.229341
0.230943
0.232796
0.234915
0.237316
0.240015
0.243025
0.246363
0.250042
0.254073
0.258465
0.263224
0.268348
0.273831
0.279656
0.285794
0.292206
0.298834
0.305602
0.312416
0.319154
0.325673
0.331802
0.337342
0.342069
0.345732
0.348053
0.348737
0.347473
0.34394
0.337821
0.328812
0.316637
0.301072
0.28197
0.259288
0.233132
0.203801
0.171847
0.138131
0.10389
0.0707695
0.0408691
0.0173892
0.0120721
0.0203971
0.0247787
0.0235781
0.0168639
0.00454244
0.000826962
0.00371871
0.011711
0.0228677
0.0359911
0.0502618
0.0651198
0.0801964
0.0952592
0.110164
0.124815
0.139143
0.153086
0.166586
0.179584
0.192022
0.203844
0.215001
0.225447
0.235147
0.244071
0.252201
0.259525
0.266043
0.27176
0.27669
0.280853
0.284276
0.286988
0.289025
0.290424
0.291226
0.291472
0.291206
0.290472
0.289313
0.287774
0.285897
0.283727
0.281305
0.278671
0.275866
0.272926
0.269888
0.266785
0.263648
0.260506
0.257384
0.254305
0.25129
0.248357
0.245519
0.242789
0.240178
0.237691
0.235336
0.233116
0.231033
0.22909
0.227288
0.225626
0.224104
0.222721
0.221479
0.220375
0.219412
0.218589
0.217907
0.217368
0.216974
0.216729
0.216635
0.216699
0.216926
0.217322
0.217897
0.218657
0.219614
0.220778
0.222161
0.223775
0.225633
0.227751
0.230142
0.232823
0.23581
0.239119
0.242767
0.246767
0.251134
0.255877
0.261005
0.266517
0.272409
0.278662
0.28525
0.292129
0.299238
0.306495
0.313794
0.321004
0.327965
0.334486
0.340347
0.345298
0.349056
0.351318
0.351754
0.350021
0.34577
0.338657
0.328359
0.314593
0.297141
0.275886
0.250844
0.222218
0.190458
0.156324
0.12096
0.0859503
0.0533394
0.0257827
0.0103116
0.0169913
0.0230743
0.0231323
0.017034
0.0047072
0.00082676
0.00711909
0.0169949
0.0292744
0.0430893
0.057802
0.0729546
0.0882319
0.103427
0.118405
0.133074
0.147361
0.161205
0.174544
0.18732
0.199476
0.210961
0.221727
0.231736
0.240955
0.249364
0.256947
0.263702
0.269632
0.274747
0.279069
0.282619
0.28543
0.287536
0.288973
0.289784
0.290011
0.289699
0.288892
0.287636
0.285978
0.283964
0.281638
0.279045
0.276228
0.273229
0.270088
0.266844
0.263531
0.260184
0.256832
0.253505
0.250225
0.247014
0.243892
0.240874
0.237971
0.235195
0.232553
0.23005
0.227691
0.225477
0.22341
0.22149
0.219716
0.218087
0.216602
0.21526
0.21406
0.213001
0.212083
0.211306
0.210671
0.21018
0.209833
0.209635
0.209589
0.209698
0.20997
0.210409
0.211024
0.211822
0.212811
0.214002
0.215405
0.217031
0.218894
0.221005
0.223381
0.226035
0.228985
0.232246
0.235837
0.239774
0.244076
0.248756
0.253828
0.259302
0.26518
0.271458
0.278121
0.28514
0.29247
0.300045
0.307777
0.315548
0.323213
0.330593
0.337476
0.343616
0.348731
0.352509
0.354608
0.354666
0.352302
0.347137
0.3388
0.326951
0.311306
0.291665
0.267958
0.240288
0.208998
0.174739
0.138553
0.101944
0.066917
0.0359832
0.0132314
0.0132354
0.0208851
0.0223967
0.017075
0.00485259
0.00193173
0.0114288
0.023019
0.0362238
0.0505517
0.0655624
0.0808949
0.0962786
0.111525
0.126503
0.141123
0.155308
0.168995
0.182121
0.194628
0.206463
0.217575
0.227922
0.23747
0.246192
0.254073
0.261105
0.267288
0.272632
0.277154
0.280876
0.283828
0.286043
0.28756
0.288419
0.288664
0.28834
0.287495
0.286175
0.284428
0.282303
0.279847
0.277106
0.274126
0.270952
0.267627
0.26419
0.26068
0.257133
0.253581
0.250054
0.246578
0.243176
0.239868
0.23667
0.233595
0.230654
0.227855
0.225203
0.222703
0.220355
0.21816
0.216119
0.21423
0.21249
0.2109
0.209455
0.208156
0.207
0.205987
0.205116
0.204387
0.2038
0.203357
0.20306
0.202911
0.202914
0.203073
0.203393
0.20388
0.20454
0.20538
0.206408
0.207631
0.20906
0.210704
0.212575
0.214684
0.217045
0.219672
0.222581
0.225787
0.229309
0.233166
0.237376
0.241959
0.246933
0.252313
0.258113
0.264338
0.270986
0.278044
0.285482
0.293253
0.301286
0.309483
0.317716
0.325821
0.333598
0.34081
0.347179
0.35239
0.356091
0.357904
0.357423
0.354232
0.347917
0.338082
0.324375
0.306519
0.284351
0.257876
0.227322
0.193226
0.156515
0.118601
0.0814359
0.047509
0.0200491
0.00988391
0.0181712
0.0213223
0.0169628
0.0049744
0.00322116
0.0160808
0.0294551
0.0435325
0.0582759
0.0734839
0.0889054
0.104315
0.11954
0.134454
0.148963
0.16299
0.176469
0.189336
0.201534
0.213011
0.22372
0.233624
0.242693
0.250906
0.258252
0.264728
0.270341
0.275105
0.279041
0.282176
0.284543
0.28618
0.287127
0.287429
0.287132
0.286283
0.284932
0.283127
0.28092
0.27836
0.275495
0.272374
0.269045
0.265551
0.261936
0.258241
0.254505
0.25076
0.24704
0.243373
0.239782
0.236289
0.232911
0.229663
0.226555
0.223597
0.220792
0.218146
0.215659
0.213331
0.211163
0.209153
0.207297
0.205595
0.204043
0.202639
0.201381
0.200269
0.1993
0.198474
0.197792
0.197253
0.196859
0.196611
0.196514
0.196569
0.196781
0.197155
0.197694
0.198405
0.199294
0.200367
0.201632
0.203095
0.204766
0.206655
0.20877
0.211125
0.213732
0.216604
0.219758
0.22321
0.22698
0.231088
0.235554
0.240402
0.245652
0.251324
0.257435
0.263993
0.271
0.278443
0.286294
0.294502
0.30299
0.311649
0.320337
0.328869
0.33702
0.344521
0.351059
0.356279
0.359787
0.361157
0.359942
0.355685
0.347936
0.336278
0.320355
0.299916
0.274857
0.245296
0.211644
0.174707
0.135785
0.0967603
0.0601154
0.0288982
0.00919998
0.0149519
0.0198771
0.0166781
0.00507017
0.00457928
0.0209229
0.0361434
0.0510796
0.0661806
0.0815139
0.0969525
0.112321
0.127462
0.142253
0.156597
0.170416
0.183641
0.196208
0.208062
0.219151
0.229433
0.238875
0.247451
0.255145
0.261951
0.267872
0.272918
0.277109
0.280469
0.28303
0.284828
0.285905
0.286303
0.28607
0.285254
0.283905
0.282076
0.279816
0.277179
0.274216
0.270977
0.267511
0.263866
0.260089
0.256221
0.252305
0.248376
0.244469
0.240613
0.236836
0.233159
0.229601
0.226177
0.222899
0.219776
0.216814
0.214015
0.211382
0.208915
0.206613
0.204473
0.202493
0.20067
0.199002
0.197486
0.196119
0.1949
0.193826
0.192898
0.192115
0.191477
0.190984
0.190639
0.190442
0.190396
0.190506
0.190775
0.191206
0.191803
0.192572
0.193518
0.194645
0.19596
0.197468
0.199178
0.201095
0.20323
0.205591
0.20819
0.211038
0.21415
0.217541
0.221229
0.225235
0.229581
0.23429
0.239388
0.244901
0.250852
0.257262
0.264144
0.271505
0.279332
0.287597
0.296244
0.30519
0.314313
0.323451
0.332396
0.340892
0.348634
0.355266
0.360386
0.363552
0.364289
0.362099
0.356484
0.346962
0.333101
0.314557
0.291123
0.262797
0.229863
0.192995
0.153366
0.112766
0.0736529
0.0390789
0.0131703
0.01139
0.0180302
0.0161987
0.00513674
0.0059737
0.0258744
0.0429828
0.0587757
0.0741986
0.0896051
0.105004
0.120275
0.135278
0.149895
0.164028
0.177595
0.190526
0.202759
0.214237
0.224914
0.234749
0.243713
0.251786
0.258955
0.26522
0.270587
0.275072
0.278699
0.281495
0.283496
0.284742
0.285277
0.285146
0.284401
0.283091
0.281269
0.278989
0.276304
0.273268
0.269933
0.266352
0.262575
0.25865
0.254623
0.250537
0.246432
0.242343
0.238304
0.234341
0.23048
0.22674
0.223138
0.219685
0.216393
0.213266
0.210308
0.207521
0.204906
0.20246
0.200181
0.198067
0.196114
0.19432
0.192681
0.191194
0.189858
0.188671
0.187631
0.186739
0.185993
0.185395
0.184946
0.184648
0.184502
0.184511
0.184677
0.185004
0.185497
0.186158
0.186991
0.188
0.18919
0.190566
0.192131
0.193891
0.195852
0.19802
0.200404
0.203011
0.205851
0.208937
0.212282
0.215902
0.219817
0.224049
0.228621
0.233561
0.238899
0.244664
0.250885
0.257589
0.264795
0.27251
0.280726
0.289412
0.29851
0.307923
0.317514
0.327099
0.33644
0.345244
0.353162
0.35979
0.364672
0.367311
0.367175
0.363717
0.356394
0.344699
0.328197
0.306576
0.279713
0.247761
0.21125
0.171218
0.129339
0.0880216
0.0503657
0.0200814
0.00807237
0.0157508
0.0155036
0.00517116
0.0073832
0.0308756
0.0498977
0.0665495
0.0822723
0.0977146
0.113029
0.128156
0.142977
0.157377
0.171257
0.184535
0.197139
0.209008
0.220086
0.23033
0.239702
0.248177
0.255739
0.26238
0.268104
0.272923
0.276854
0.279927
0.282172
0.283629
0.28434
0.284352
0.283715
0.28248
0.2807
0.278432
0.275729
0.272647
0.269242
0.265568
0.261678
0.257622
0.253449
0.249204
0.24493
0.240666
0.236446
0.2323
0.228254
0.224331
0.220546
0.216915
0.213446
0.210148
0.207023
0.204074
0.2013
0.1987
0.196272
0.194013
0.191918
0.189986
0.188212
0.186595
0.18513
0.183818
0.182656
0.181643
0.180781
0.180069
0.179508
0.179099
0.178846
0.178749
0.17881
0.179034
0.179423
0.179981
0.180709
0.181613
0.182694
0.183955
0.185401
0.187033
0.188857
0.190875
0.193093
0.195515
0.198149
0.201001
0.20408
0.2074
0.210972
0.214815
0.218948
0.223395
0.228185
0.233347
0.238916
0.244927
0.251417
0.258415
0.265948
0.274027
0.282644
0.291768
0.301331
0.311225
0.321292
0.331319
0.341032
0.350094
0.358104
0.364601
0.369068
0.370945
0.369641
0.364556
0.355108
0.340773
0.321134
0.295946
0.265225
0.229353
0.189217
0.146359
0.103108
0.0625917
0.0285422
0.00718506
0.0130458
0.0145806
0.00517253
0.00879004
0.0358764
0.0568259
0.0743413
0.0903516
0.105803
0.121
0.135947
0.150547
0.164693
0.178287
0.191244
0.203494
0.214974
0.225633
0.235427
0.244325
0.252303
0.25935
0.265463
0.27065
0.274925
0.278312
0.280842
0.28255
0.283479
0.283673
0.283183
0.28206
0.280359
0.278135
0.275446
0.272348
0.268899
0.265155
0.261171
0.257001
0.252697
0.248305
0.243873
0.23944
0.235043
0.230715
0.226485
0.222375
0.218405
0.214589
0.210939
0.207461
0.204161
0.20104
0.198098
0.195334
0.192746
0.190329
0.188081
0.185998
0.184077
0.182315
0.18071
0.179259
0.177961
0.176816
0.175824
0.174986
0.174301
0.173772
0.173401
0.17319
0.17314
0.173255
0.173537
0.173989
0.174615
0.175416
0.176394
0.177553
0.178894
0.180419
0.18213
0.184029
0.186118
0.1884
0.190878
0.193556
0.19644
0.199535
0.202851
0.206399
0.210192
0.21425
0.218594
0.22325
0.228249
0.233627
0.239423
0.24568
0.25244
0.25974
0.267612
0.276071
0.285111
0.294695
0.304747
0.315139
0.325689
0.336147
0.346196
0.355446
0.363435
0.369635
0.373461
0.374283
0.371448
0.364303
0.352237
0.334728
0.311408
0.282151
0.247188
0.207243
0.163708
0.118802
0.0756496
0.0381044
0.0107791
0.00997256
0.013409
0.00513476
0.0101785
0.0408323
0.063714
0.0820995
0.098392
0.113836
0.12889
0.143627
0.157978
0.17184
0.18512
0.197731
0.209603
0.220676
0.230899
0.240233
0.248647
0.256124
0.262656
0.268243
0.272897
0.276637
0.279491
0.281491
0.282677
0.283094
0.282791
0.281818
0.280232
0.278088
0.275444
0.27236
0.268894
0.265105
0.26105
0.256785
0.252365
0.24784
0.243258
0.238664
0.234095
0.229589
0.225174
0.220876
0.216717
0.212712
0.208873
0.205209
0.201725
0.198423
0.195303
0.192365
0.189604
0.187019
0.184605
0.182359
0.180278
0.178358
0.176597
0.174993
0.173546
0.172254
0.171119
0.170139
0.169318
0.168655
0.168154
0.167816
0.167644
0.167641
0.167808
0.168149
0.168666
0.169363
0.170239
0.171298
0.17254
0.173967
0.17558
0.177378
0.179364
0.181536
0.183897
0.186447
0.189187
0.192121
0.195254
0.198589
0.202137
0.205908
0.209917
0.214183
0.218731
0.223589
0.228793
0.234384
0.240407
0.246913
0.253951
0.261568
0.269798
0.278663
0.288155
0.29823
0.308797
0.319708
0.330744
0.341615
0.351946
0.361286
0.369101
0.374788
0.377685
0.377087
0.372277
0.362558
0.347304
0.326023
0.298448
0.264649
0.225183
0.181272
0.135002
0.0894549
0.0486126
0.0169439
0.00674349
0.0119633
0.00505018
0.0115344
0.045704
0.0705149
0.0897786
0.106354
0.121781
0.136674
0.15118
0.165257
0.178814
0.191756
0.204002
0.21548
0.226131
0.235907
0.244771
0.252698
0.259673
0.26569
0.270756
0.274885
0.278099
0.28043
0.281915
0.282595
0.282518
0.281735
0.280302
0.278274
0.27571
0.272672
0.269218
0.26541
0.261307
0.256968
0.25245
0.247806
0.243086
0.238338
0.233604
0.228922
0.224324
0.219837
0.215486
0.211287
0.207254
0.203397
0.199721
0.196229
0.192922
0.189798
0.186855
0.184089
0.181497
0.179076
0.17682
0.174729
0.172799
0.171028
0.169417
0.167963
0.166668
0.165533
0.164559
0.163748
0.163102
0.162624
0.162316
0.162181
0.162222
0.162441
0.162841
0.163425
0.164194
0.165149
0.166292
0.167623
0.169142
0.17085
0.172744
0.174825
0.177092
0.179543
0.182179
0.184998
0.188001
0.191191
0.194569
0.198141
0.201916
0.205904
0.210122
0.21459
0.219336
0.224391
0.229797
0.235602
0.241857
0.248622
0.255954
0.263908
0.272526
0.28183
0.29181
0.302414
0.313529
0.324976
0.336496
0.347741
0.358275
0.367569
0.375008
0.379903
0.381506
0.379038
0.371719
0.358821
0.33973
0.314034
0.281641
0.242928
0.198937
0.151597
0.103909
0.0599433
0.02438
0.0045634
0.0102378
0.00491855
0.0128453
0.0504559
0.0771869
0.0973381
0.114202
0.129607
0.14433
0.158589
0.172375
0.185608
0.198198
0.210063
0.221133
0.231352
0.240674
0.249065
0.256503
0.262976
0.268484
0.273035
0.276647
0.279347
0.281169
0.282152
0.282343
0.28179
0.280548
0.278674
0.276226
0.273266
0.269856
0.266058
0.261933
0.257542
0.252945
0.248198
0.243354
0.238463
0.23357
0.228716
0.223937
0.219262
0.214716
0.21032
0.206088
0.202031
0.198155
0.194465
0.190961
0.187643
0.184506
0.181549
0.178768
0.176159
0.173717
0.171441
0.169328
0.167376
0.165585
0.163955
0.162485
0.161178
0.160036
0.15906
0.158253
0.157618
0.157159
0.156878
0.156777
0.156861
0.157132
0.157591
0.158242
0.159085
0.160122
0.161353
0.162776
0.164393
0.166201
0.168198
0.170383
0.172754
0.175307
0.17804
0.180952
0.184041
0.187305
0.190746
0.194366
0.198169
0.202165
0.206364
0.210785
0.215449
0.220388
0.225639
0.231248
0.23727
0.243767
0.250806
0.258455
0.266776
0.275819
0.285606
0.296121
0.307295
0.31899
0.330987
0.342973
0.354533
0.365153
0.374214
0.381009
0.384752
0.384606
0.379716
0.369252
0.352479
0.32884
0.298076
0.260379
0.216598
0.16848
0.118914
0.0720096
0.0327203
0.0063995
0.008234
0.00473558
0.0141005
0.0550566
0.0836923
0.104742
0.121904
0.13729
0.151835
0.165838
0.179321
0.192219
0.204444
0.215918
0.226573
0.236354
0.245219
0.253136
0.260086
0.266062
0.271066
0.27511
0.278216
0.280415
0.281741
0.282239
0.281957
0.280946
0.279265
0.276971
0.274125
0.270792
0.267034
0.262914
0.258497
0.253842
0.24901
0.244056
0.239034
0.233992
0.228973
0.224016
0.219153
0.214412
0.209816
0.20538
0.201118
0.197036
0.193141
0.189432
0.185909
0.18257
0.179412
0.176431
0.173622
0.170983
0.16851
0.166201
0.164054
0.16207
0.160247
0.158588
0.157093
0.155765
0.154607
0.153623
0.152815
0.152186
0.151742
0.151484
0.151416
0.151541
0.151862
0.152382
0.1531
0.15402
0.15514
0.156461
0.157981
0.159699
0.161613
0.163719
0.166015
0.168496
0.17116
0.174002
0.177019
0.180206
0.183561
0.187083
0.190771
0.194626
0.198655
0.202864
0.207268
0.211885
0.216741
0.22187
0.227316
0.233131
0.23938
0.246133
0.253469
0.261466
0.270196
0.279711
0.290034
0.301136
0.312928
0.325233
0.337782
0.350193
0.361973
0.37251
0.381085
0.386884
0.38902
0.386562
0.378586
0.364236
0.34281
0.313878
0.277444
0.234151
0.18555
0.134378
0.0847388
0.0418392
0.0110733
0.00596158
0.00449036
0.0152907
0.0594782
0.089998
0.111958
0.129432
0.144804
0.159172
0.172913
0.186087
0.198641
0.210495
0.221572
0.231808
0.241149
0.249556
0.257001
0.263468
0.268952
0.273461
0.277009
0.279622
0.281331
0.282178
0.282207
0.281469
0.28002
0.277918
0.275225
0.272004
0.268318
0.264235
0.259817
0.255129
0.250233
0.245187
0.240048
0.234867
0.229691
0.224561
0.219513
0.214578
0.20978
0.205138
0.200665
0.196372
0.192264
0.188343
0.184608
0.181058
0.17769
0.174499
0.171482
0.168634
0.165953
0.163436
0.161082
0.158891
0.156862
0.154998
0.1533
0.151771
0.150415
0.149234
0.148235
0.147419
0.146793
0.146359
0.146122
0.146085
0.14625
0.146621
0.1472
0.147988
0.148985
0.15019
0.151604
0.153224
0.155047
0.15707
0.15929
0.161702
0.164302
0.167084
0.170043
0.173173
0.176471
0.17993
0.183548
0.187321
0.191249
0.195334
0.19958
0.203996
0.208597
0.213405
0.218449
0.223767
0.22941
0.235439
0.241928
0.24896
0.256624
0.265011
0.274199
0.284245
0.295165
0.306914
0.31937
0.332308
0.34539
0.358154
0.370006
0.380225
0.387976
0.392326
0.39228
0.386822
0.374976
0.355897
0.328983
0.294041
0.251504
0.202705
0.150206
0.0980522
0.0516538
0.0168415
0.00353449
0.00417832
0.0164081
0.0636967
0.0960742
0.118957
0.136759
0.152129
0.166322
0.179801
0.192663
0.20487
0.21635
0.227029
0.236844
0.245747
0.253699
0.260676
0.266667
0.271669
0.275693
0.278756
0.280888
0.282124
0.282506
0.282084
0.280909
0.27904
0.276538
0.273466
0.269889
0.265874
0.261486
0.256791
0.251854
0.246737
0.241498
0.236192
0.230868
0.225573
0.220345
0.215217
0.210217
0.205366
0.20068
0.196171
0.191845
0.187705
0.183752
0.179984
0.176397
0.172989
0.169754
0.166688
0.16379
0.161055
0.158483
0.156072
0.153825
0.151742
0.149826
0.14808
0.146509
0.145116
0.143906
0.142886
0.142058
0.141429
0.141003
0.140784
0.140775
0.14098
0.1414
0.142039
0.142896
0.143972
0.145265
0.146774
0.148496
0.150427
0.152564
0.154902
0.157435
0.160157
0.163063
0.166145
0.169398
0.172815
0.176389
0.180115
0.183988
0.188006
0.192167
0.196472
0.200927
0.205542
0.210335
0.215328
0.220556
0.226065
0.231911
0.238166
0.244916
0.252256
0.260289
0.269117
0.278827
0.289473
0.301062
0.313521
0.326682
0.340257
0.353826
0.36682
0.37853
0.388107
0.394586
0.396908
0.393973
0.384689
0.368067
0.343335
0.310099
0.26857
0.219852
0.166303
0.111868
0.0620955
0.0233092
0.00202275
0.00380236
0.0174464
0.067691
0.101895
0.125713
0.143864
0.159244
0.17327
0.186489
0.19904
0.210901
0.222007
0.232289
0.241688
0.250156
0.257659
0.264177
0.2697
0.27423
0.277781
0.280373
0.282039
0.282817
0.282752
0.281894
0.280301
0.278032
0.275149
0.271718
0.267807
0.263481
0.25881
0.253859
0.248693
0.243373
0.237958
0.2325
0.227049
0.221647
0.216331
0.21113
0.20607
0.201169
0.19644
0.191892
0.187529
0.183351
0.179358
0.175547
0.171914
0.168454
0.165164
0.162039
0.159078
0.156278
0.153639
0.151161
0.148847
0.1467
0.144723
0.142921
0.141298
0.139862
0.138617
0.137569
0.136725
0.136089
0.135667
0.135463
0.135481
0.135724
0.136194
0.136893
0.137821
0.138977
0.140359
0.141965
0.143792
0.145834
0.148088
0.150547
0.153204
0.156054
0.159088
0.1623
0.165681
0.169224
0.172921
0.176765
0.18075
0.184871
0.189124
0.193508
0.198025
0.202681
0.207487
0.212464
0.217639
0.223052
0.228754
0.234813
0.241312
0.248351
0.256039
0.264494
0.273828
0.284134
0.295462
0.307796
0.321025
0.334921
0.349112
0.36307
0.376105
0.387368
0.395867
0.400493
0.400062
0.393375
0.379299
0.356891
0.325554
0.28527
0.236902
0.18258
0.126105
0.0731042
0.0303616
0.00407419
0.00335922
0.0184009
0.0714434
0.107437
0.132203
0.150724
0.166132
0.180001
0.192968
0.205211
0.21673
0.227466
0.237356
0.246344
0.254384
0.261447
0.267515
0.272582
0.276652
0.279743
0.281879
0.283094
0.28343
0.282935
0.281661
0.279668
0.277017
0.273773
0.270004
0.265777
0.261162
0.256227
0.251038
0.245661
0.240156
0.23458
0.228985
0.223418
0.217919
0.212522
0.207255
0.202138
0.197187
0.192414
0.187823
0.183416
0.179194
0.175153
0.17129
0.1676
0.164078
0.160721
0.157526
0.15449
0.151614
0.148897
0.146342
0.143952
0.141731
0.139683
0.137817
0.136136
0.134649
0.133362
0.132282
0.131416
0.130769
0.130348
0.130158
0.130201
0.130481
0.131001
0.13176
0.132759
0.133997
0.13547
0.137176
0.13911
0.141267
0.14364
0.146223
0.149008
0.151988
0.155155
0.158499
0.162013
0.165687
0.169513
0.173483
0.17759
0.181825
0.186183
0.190662
0.195259
0.199978
0.204825
0.209816
0.214972
0.220325
0.225924
0.231827
0.238115
0.244883
0.252248
0.260335
0.269277
0.279197
0.290188
0.302288
0.315447
0.3295
0.344136
0.358875
0.373061
0.385855
0.396249
0.403092
0.405125
0.401045
0.389582
0.369618
0.340354
0.301537
0.253775
0.198951
0.140685
0.084623
0.0379498
0.00752935
0.00284301
0.0192677
0.0749393
0.11268
0.138407
0.157322
0.172777
0.186504
0.199227
0.21117
0.222352
0.232726
0.242231
0.250815
0.258438
0.265071
0.270701
0.275324
0.278949
0.281595
0.28329
0.284071
0.283983
0.283075
0.281403
0.279029
0.276015
0.27243
0.268341
0.263818
0.258932
0.253751
0.248343
0.242771
0.237096
0.231373
0.225654
0.219981
0.214393
0.208921
0.20359
0.198417
0.193417
0.188595
0.183956
0.179501
0.175226
0.171129
0.167204
0.163446
0.159852
0.156418
0.153141
0.150021
0.147058
0.144254
0.141611
0.139135
0.136831
0.134705
0.132766
0.131019
0.129475
0.12814
0.127022
0.126129
0.125468
0.125045
0.124865
0.124932
0.12525
0.125818
0.126639
0.127711
0.129033
0.130599
0.132408
0.134451
0.136725
0.13922
0.14193
0.144845
0.147959
0.15126
0.15474
0.15839
0.1622
0.16616
0.170261
0.174494
0.178852
0.183326
0.187912
0.192605
0.197405
0.202315
0.207346
0.212513
0.217843
0.223376
0.229165
0.235282
0.24182
0.248892
0.256631
0.265182
0.274693
0.285294
0.297073
0.310042
0.324103
0.339012
0.354351
0.369507
0.383665
0.395813
0.404768
0.409205
0.407721
0.398913
0.381493
0.354456
0.317308
0.270395
0.215333
0.155529
0.0965887
0.0460282
0.0114708
0.00225547
0.0200445
0.0781667
0.117608
0.144307
0.163642
0.179167
0.192766
0.205257
0.21691
0.227765
0.237785
0.246915
0.255107
0.262323
0.268539
0.273744
0.277938
0.281132
0.283349
0.284621
0.284985
0.28449
0.283188
0.281137
0.2784
0.275043
0.271134
0.266745
0.261945
0.256806
0.251397
0.245785
0.240033
0.234202
0.228345
0.22251
0.21674
0.21107
0.205527
0.200134
0.194905
0.189852
0.184979
0.180287
0.175776
0.171441
0.167278
0.163282
0.159448
0.155772
0.15225
0.148882
0.145668
0.142608
0.139706
0.136967
0.134396
0.132001
0.129788
0.127768
0.125948
0.124339
0.12295
0.121789
0.120865
0.120185
0.119757
0.119586
0.119676
0.120029
0.120647
0.121531
0.122678
0.124084
0.125747
0.12766
0.129817
0.132209
0.134829
0.137669
0.140717
0.143966
0.147405
0.151023
0.154811
0.158759
0.162855
0.167091
0.171457
0.175943
0.18054
0.185242
0.190042
0.194938
0.19993
0.205022
0.210227
0.215565
0.221067
0.226781
0.23277
0.239119
0.245938
0.253359
0.261536
0.270633
0.280812
0.292205
0.304885
0.318822
0.333846
0.349608
0.365553
0.3809
0.394648
0.405592
0.412352
0.413432
0.407301
0.392503
0.367825
0.332532
0.286696
0.231651
0.170561
0.108937
0.0545544
0.0157776
0.00160087
0.0207298
0.0811163
0.122205
0.149887
0.169668
0.185287
0.198779
0.211051
0.222425
0.232963
0.242641
0.251408
0.25922
0.266043
0.271856
0.276651
0.280432
0.283212
0.285018
0.285883
0.285849
0.284965
0.283288
0.280876
0.277795
0.274113
0.269901
0.265228
0.260169
0.254794
0.249173
0.243372
0.237455
0.23148
0.225499
0.219558
0.213697
0.207949
0.202338
0.196884
0.191598
0.186489
0.18156
0.17681
0.172236
0.167833
0.163597
0.159521
0.155601
0.151833
0.148216
0.144747
0.141429
0.138264
0.135256
0.132411
0.129737
0.127241
0.124934
0.122825
0.120925
0.119244
0.117793
0.116583
0.115623
0.114921
0.114484
0.11432
0.114431
0.11482
0.115489
0.116436
0.117659
0.119154
0.120916
0.122937
0.125209
0.127724
0.130472
0.133443
0.136627
0.140013
0.143591
0.147349
0.151277
0.155364
0.159599
0.163972
0.168473
0.17309
0.177816
0.18264
0.187557
0.19256
0.197647
0.202819
0.208084
0.213456
0.218959
0.224634
0.230534
0.236738
0.243346
0.250488
0.258319
0.267014
0.276758
0.287724
0.300037
0.313737
0.328731
0.344749
0.361301
0.377659
0.392844
0.40564
0.414624
0.418217
0.414763
0.402642
0.380437
0.347165
0.302619
0.247835
0.185705
0.121603
0.063486
0.0204116
0.000902337
0.0213232
0.0837812
0.126459
0.155133
0.175389
0.191129
0.204532
0.216602
0.22771
0.237945
0.247293
0.25571
0.263157
0.269602
0.275028
0.27943
0.282814
0.285198
0.28661
0.287087
0.286673
0.28542
0.283385
0.280632
0.277226
0.273238
0.268739
0.263802
0.2585
0.252905
0.247087
0.241111
0.235041
0.228933
0.222837
0.216798
0.210852
0.205029
0.199351
0.193835
0.188491
0.183324
0.178334
0.173519
0.168876
0.164398
0.16008
0.155917
0.151903
0.148036
0.144313
0.140736
0.137306
0.134027
0.130904
0.127946
0.12516
0.122556
0.120145
0.11794
0.115951
0.114191
0.112673
0.111407
0.110405
0.109676
0.109228
0.109067
0.109198
0.109623
0.110343
0.111356
0.112659
0.114245
0.116108
0.118241
0.120632
0.123273
0.126152
0.129257
0.132579
0.136104
0.139822
0.143722
0.14779
0.152018
0.156392
0.160903
0.16554
0.170291
0.175148
0.180099
0.185138
0.190256
0.195449
0.200715
0.206057
0.211485
0.217017
0.222684
0.228534
0.234633
0.241075
0.247979
0.2555
0.263817
0.273133
0.283648
0.295539
0.308911
0.323749
0.339866
0.356852
0.374041
0.390491
0.404991
0.416085
0.422119
0.421323
0.411916
0.392276
0.361172
0.318111
0.263819
0.200894
0.134523
0.0727794
0.0253483
0.000432832
0.021825
0.0861566
0.13036
0.160034
0.180793
0.196681
0.210019
0.221904
0.232761
0.242708
0.25174
0.259823
0.26692
0.273003
0.278059
0.282085
0.285091
0.287097
0.288134
0.288242
0.287466
0.285863
0.28349
0.280414
0.276702
0.272425
0.267658
0.262473
0.256945
0.251145
0.245144
0.239007
0.232795
0.226563
0.22036
0.214228
0.208202
0.202307
0.196563
0.190985
0.18558
0.18035
0.175295
0.170411
0.165692
0.161133
0.156727
0.152468
0.148353
0.144379
0.140545
0.136851
0.133302
0.129901
0.126656
0.123576
0.120669
0.117949
0.115427
0.113116
0.11103
0.109184
0.10759
0.106262
0.105212
0.104451
0.103988
0.103829
0.103979
0.10444
0.105212
0.106293
0.107677
0.109359
0.111328
0.113575
0.11609
0.11886
0.121873
0.125116
0.128577
0.132244
0.136104
0.140145
0.144355
0.148722
0.153236
0.157885
0.162658
0.167544
0.172533
0.177614
0.182778
0.188016
0.193323
0.198693
0.204126
0.209628
0.215211
0.220899
0.22673
0.232763
0.23908
0.245791
0.253044
0.261018
0.269922
0.279984
0.291418
0.304391
0.318966
0.335041
0.352295
0.370137
0.387678
0.403725
0.4168
0.425189
0.427012
0.420334
0.403332
0.374525
0.333128
0.279547
0.216063
0.147636
0.0823899
0.030566
0.00103057
0.0222364
0.0882402
0.133901
0.164578
0.185869
0.201937
0.215232
0.226951
0.237575
0.247248
0.255981
0.263746
0.270509
0.276249
0.280952
0.284621
0.287267
0.288914
0.289596
0.289353
0.288237
0.286302
0.28361
0.28023
0.276229
0.271683
0.266664
0.261247
0.255508
0.249518
0.243347
0.23706
0.230716
0.22437
0.218068
0.211848
0.205744
0.199779
0.19397
0.188329
0.18286
0.177565
0.17244
0.167481
0.162682
0.158035
0.153535
0.149176
0.144953
0.140866
0.136913
0.133096
0.12942
0.125891
0.122516
0.119306
0.116272
0.113427
0.110784
0.108359
0.106168
0.104226
0.102549
0.101151
0.100047
0.0992482
0.0987651
0.098605
0.0987728
0.0992702
0.100096
0.101248
0.102718
0.104498
0.106578
0.108945
0.111587
0.114491
0.117641
0.121025
0.124628
0.128437
0.13244
0.136623
0.140974
0.145482
0.150134
0.15492
0.159829
0.164849
0.169969
0.17518
0.180472
0.185834
0.191258
0.19674
0.202274
0.207864
0.213516
0.219247
0.225089
0.23109
0.237321
0.243882
0.250911
0.258581
0.267104
0.276723
0.287685
0.30021
0.314433
0.330343
0.347713
0.366037
0.384492
0.401921
0.416838
0.42748
0.431866
0.427915
0.413604
0.387205
0.347634
0.294967
0.231151
0.160883
0.0922726
0.0360428
0.00196003
0.0225591
0.0900313
0.137075
0.168757
0.19061
0.206887
0.220167
0.231741
0.242149
0.251565
0.260015
0.267478
0.273927
0.27934
0.28371
0.287041
0.289347
0.290655
0.291001
0.290428
0.288989
0.286742
0.283751
0.280085
0.275814
0.271015
0.265761
0.260129
0.254194
0.248027
0.241699
0.235272
0.228806
0.222353
0.215957
0.209654
0.203476
0.197442
0.191568
0.185862
0.180327
0.174963
0.169765
0.164728
0.159843
0.155104
0.150505
0.146039
0.141705
0.137498
0.133421
0.129476
0.125668
0.122004
0.118492
0.115145
0.111975
0.108996
0.106224
0.103676
0.10137
0.0993225
0.0975526
0.0960767
0.0949107
0.0940683
0.0935609
0.0933968
0.0935809
0.094115
0.0949971
0.0962222
0.097782
0.099666
0.101861
0.104354
0.107129
0.11017
0.113462
0.116989
0.120737
0.12469
0.128837
0.133162
0.137654
0.142301
0.14709
0.152012
0.157054
0.162207
0.167458
0.172798
0.178217
0.183703
0.189249
0.194846
0.200489
0.206176
0.21191
0.217704
0.223581
0.229579
0.23576
0.242212
0.249059
0.256468
0.264648
0.273847
0.284338
0.296385
0.31019
0.32583
0.343175
0.361818
0.381015
0.399657
0.416269
0.429048
0.435927
0.434683
0.423099
0.399198
0.361599
0.310036
0.246104
0.174208
0.102382
0.041755
0.00299091
0.0227957
0.091531
0.139878
0.172563
0.195007
0.211527
0.224817
0.236268
0.246479
0.255656
0.263841
0.271021
0.277172
0.282279
0.286335
0.289348
0.291334
0.292323
0.292353
0.29147
0.289728
0.287189
0.283917
0.279983
0.275461
0.270425
0.264953
0.259121
0.253003
0.246673
0.240199
0.233643
0.227063
0.22051
0.214025
0.207644
0.201393
0.195291
0.189351
0.18358
0.177978
0.172542
0.167268
0.162148
0.157175
0.15234
0.147637
0.143062
0.13861
0.134281
0.130076
0.125997
0.122051
0.118246
0.114592
0.1111
0.107786
0.104665
0.101754
0.0990731
0.0966412
0.0944788
0.092606
0.0910423
0.0898059
0.0889126
0.0883755
0.0882038
0.088403
0.0889742
0.0899146
0.0912174
0.0928721
0.0948657
0.0971827
0.0998063
0.102719
0.105903
0.10934
0.113015
0.116909
0.121009
0.125299
0.129767
0.134399
0.139183
0.144109
0.149164
0.154338
0.15962
0.165
0.170468
0.176011
0.181622
0.187289
0.193004
0.198759
0.204551
0.210378
0.216249
0.22218
0.2282
0.234362
0.240741
0.24745
0.254642
0.262519
0.27133
0.281365
0.29292
0.306261
0.321545
0.338743
0.357554
0.377324
0.39701
0.415162
0.429953
0.439238
0.440665
0.431826
0.410498
0.374999
0.324715
0.260874
0.187557
0.112673
0.047678
0.0040988
0.0229497
0.0927422
0.142308
0.175991
0.199054
0.21585
0.22918
0.24053
0.250563
0.25952
0.267458
0.274373
0.280247
0.285067
0.288829
0.291543
0.29323
0.29392
0.293655
0.292482
0.290458
0.287645
0.284112
0.279929
0.275172
0.269917
0.264242
0.258223
0.251937
0.245455
0.238845
0.23217
0.225484
0.218837
0.212268
0.205811
0.19949
0.193322
0.187317
0.181479
0.175808
0.170299
0.164946
0.159741
0.154676
0.149743
0.144934
0.140246
0.135675
0.13122
0.126882
0.122667
0.118579
0.114628
0.110824
0.107182
0.103716
0.100443
0.0973844
0.0945595
0.0919908
0.0897013
0.0877141
0.0860516
0.0847349
0.0837823
0.0832091
0.0830259
0.0832386
0.0838478
0.0848495
0.0862346
0.0879902
0.0901
0.0925456
0.095307
0.0983639
0.101696
0.105284
0.109108
0.113152
0.117399
0.121834
0.126444
0.131215
0.136135
0.141194
0.14638
0.151683
0.157092
0.162597
0.168189
0.173856
0.179588
0.185376
0.191208
0.197078
0.202979
0.208906
0.214865
0.220864
0.226927
0.233096
0.239435
0.246044
0.253061
0.260679
0.269141
0.278743
0.289811
0.302658
0.317519
0.334466
0.353305
0.373488
0.39405
0.413584
0.430253
0.441848
0.445894
0.439801
0.421104
0.387816
0.338972
0.275416
0.200882
0.123102
0.0537865
0.00527529
0.0230264
0.0936685
0.144363
0.179036
0.202744
0.21985
0.23325
0.244524
0.2544
0.263155
0.270865
0.277535
0.283152
0.287704
0.291193
0.29363
0.295037
0.29545
0.294909
0.293466
0.291179
0.288113
0.284336
0.279922
0.274948
0.26949
0.263627
0.257437
0.250995
0.244372
0.237637
0.23085
0.224066
0.21733
0.210683
0.204154
0.197765
0.191531
0.18546
0.179555
0.173814
0.16823
0.162797
0.157506
0.152348
0.147314
0.142398
0.137595
0.132903
0.12832
0.123848
0.119492
0.115259
0.111157
0.1072
0.1034
0.0997747
0.0963427
0.0931251
0.0901451
0.0874273
0.0849978
0.082883
0.081109
0.0797004
0.0786788
0.0780621
0.0778626
0.078087
0.0787353
0.0798019
0.081275
0.0831385
0.0853725
0.0879546
0.0908614
0.0940694
0.0975556
0.101298
0.105276
0.109472
0.113868
0.118448
0.123199
0.128107
0.133161
0.13835
0.143664
0.149092
0.154624
0.160252
0.165964
0.17175
0.177601
0.183507
0.189456
0.19544
0.201451
0.207484
0.213537
0.219616
0.225738
0.231936
0.238264
0.244806
0.251689
0.25909
0.267244
0.276448
0.287042
0.299382
0.313773
0.330381
0.349125
0.36957
0.390846
0.411601
0.430006
0.443804
0.450405
0.447045
0.431019
0.40004
0.35278
0.289692
0.214138
0.133628
0.0600548
0.00651459
0.0230341
0.0943137
0.146043
0.181692
0.206072
0.223523
0.237024
0.248248
0.257989
0.266562
0.274063
0.280507
0.285886
0.290191
0.293427
0.295607
0.296757
0.296912
0.296117
0.294425
0.291895
0.288594
0.284592
0.279965
0.274789
0.269144
0.263109
0.25676
0.250174
0.243423
0.236572
0.229681
0.222805
0.215987
0.209265
0.202666
0.196211
0.189912
0.183777
0.177805
0.171993
0.166334
0.16082
0.155442
0.150189
0.145055
0.140031
0.135113
0.130299
0.125587
0.12098
0.116482
0.112101
0.107846
0.10373
0.0997675
0.0959757
0.0923752
0.0889887
0.0858416
0.0829613
0.0803774
0.0781202
0.0762201
0.074706
0.0736037
0.0729345
0.0727131
0.0729471
0.073636
0.0747719
0.0763399
0.0783197
0.0806869
0.0834147
0.0864755
0.0898422
0.0934887
0.0973909
0.101527
0.105876
0.110421
0.115146
0.120037
0.125081
0.130266
0.135583
0.14102
0.146569
0.15222
0.157965
0.163793
0.169695
0.175662
0.181681
0.187745
0.193842
0.199963
0.206102
0.212254
0.218421
0.224615
0.230859
0.237199
0.243705
0.25049
0.257716
0.265605
0.274446
0.284592
0.296427
0.310316
0.326516
0.345056
0.365625
0.387457
0.409275
0.429272
0.445155
0.454235
0.453581
0.440254
0.411663
0.36612
0.303671
0.227284
0.14421
0.0664572
0.00781143
0.0229781
0.0946908
0.147349
0.183955
0.209032
0.226864
0.240498
0.251699
0.261327
0.269739
0.277051
0.283289
0.28845
0.292529
0.295533
0.297478
0.298391
0.298309
0.29728
0.295358
0.292605
0.289088
0.28488
0.280057
0.274697
0.26888
0.262685
0.256191
0.249473
0.242603
0.235645
0.228659
0.221697
0.214802
0.208008
0.201343
0.194824
0.188462
0.182263
0.176224
0.170342
0.164608
0.159013
0.153548
0.148202
0.142967
0.137836
0.132804
0.127868
0.123028
0.118286
0.113646
0.109116
0.104706
0.100428
0.0962976
0.0923329
0.0885555
0.0849896
0.0816629
0.0786058
0.0758516
0.073435
0.0713917
0.069756
0.068559
0.0678265
0.0675764
0.0678176
0.0685488
0.0697595
0.0714308
0.0735369
0.076048
0.078932
0.0821563
0.0856898
0.0895033
0.0935702
0.0978666
0.102372
0.107067
0.111936
0.116965
0.122142
0.127455
0.132895
0.138452
0.144118
0.149883
0.15574
0.16168
0.167692
0.173769
0.179899
0.186072
0.192279
0.198509
0.204754
0.211007
0.217268
0.223542
0.229846
0.236216
0.242713
0.249432
0.256521
0.264185
0.272706
0.282434
0.293777
0.307149
0.322887
0.341133
0.361699
0.383938
0.406662
0.428104
0.445949
0.457423
0.459436
0.44882
0.422685
0.378975
0.317323
0.240284
0.154813
0.0729684
0.00916055
0.022857
0.0948301
0.148273
0.185819
0.211618
0.229868
0.24367
0.254875
0.264414
0.272685
0.279829
0.285881
0.290844
0.294718
0.29751
0.299241
0.299937
0.29964
0.298398
0.296266
0.293309
0.289595
0.285199
0.280197
0.274668
0.268694
0.262355
0.255728
0.248889
0.24191
0.234854
0.22778
0.220738
0.21377
0.206909
0.20018
0.193599
0.187176
0.180913
0.174809
0.168858
0.16305
0.157375
0.151825
0.146387
0.141053
0.135817
0.130673
0.125618
0.120651
0.115775
0.110994
0.106316
0.101749
0.097307
0.0930051
0.088862
0.0848999
0.0811445
0.0776254
0.0743762
0.0714341
0.068839
0.0666327
0.0648561
0.0635475
0.0627384
0.0624513
0.0626966
0.0634725
0.064765
0.0665497
0.0687942
0.0714618
0.0745138
0.0779122
0.0816213
0.0856085
0.0898449
0.0943049
0.0989669
0.103812
0.108824
0.113989
0.119295
0.124733
0.130292
0.135964
0.141741
0.147615
0.153579
0.159624
0.165742
0.171923
0.178159
0.184438
0.190751
0.197086
0.203435
0.20979
0.216147
0.222506
0.22888
0.235296
0.241804
0.248486
0.255472
0.262952
0.271192
0.280539
0.291412
0.304264
0.319504
0.337381
0.357832
0.380339
0.403817
0.426555
0.446236
0.460009
0.464638
0.456733
0.433107
0.391334
0.330625
0.253106
0.165402
0.0795639
0.0105566
0.0226715
0.0947505
0.148831
0.18727
0.213823
0.232531
0.246537
0.257776
0.267249
0.275401
0.282396
0.288282
0.293068
0.296757
0.29936
0.300896
0.301398
0.300906
0.29947
0.297149
0.294007
0.290115
0.285548
0.280384
0.274703
0.268586
0.262115
0.255367
0.248419
0.241339
0.234193
0.227038
0.219922
0.212886
0.205962
0.199172
0.192532
0.186049
0.179726
0.173557
0.167538
0.161658
0.155906
0.150272
0.144745
0.139315
0.133977
0.128724
0.123552
0.118462
0.113455
0.108536
0.10371
0.0989881
0.0943816
0.0899062
0.0855805
0.081427
0.0774726
0.0737486
0.0702915
0.0671424
0.0643472
0.0619546
0.0600144
0.0585732
0.0576711
0.0573364
0.0575823
0.0584059
0.0597889
0.0616996
0.064097
0.0669357
0.0701692
0.0737533
0.0776472
0.0818149
0.0862252
0.0908513
0.0956707
0.100665
0.105817
0.111115
0.116547
0.122104
0.127777
0.133559
0.139442
0.14542
0.151484
0.157629
0.163846
0.170126
0.176461
0.18284
0.189254
0.195691
0.202142
0.208596
0.215049
0.221497
0.227948
0.234421
0.240957
0.247625
0.254539
0.261872
0.269872
0.278876
0.289307
0.301647
0.316367
0.333815
0.354053
0.3767
0.400786
0.424676
0.446061
0.462032
0.469218
0.464012
0.442935
0.403191
0.34356
0.265723
0.175946
0.0862201
0.0119943
0.0224253
0.0944514
0.14906
0.188305
0.215632
0.234846
0.249095
0.260399
0.269832
0.277886
0.284753
0.290493
0.295122
0.298647
0.30108
0.302444
0.302772
0.302105
0.300497
0.298006
0.294698
0.290646
0.285925
0.280615
0.274797
0.268553
0.261963
0.255106
0.248058
0.240888
0.23366
0.22643
0.219246
0.212146
0.205162
0.198315
0.191618
0.185078
0.178695
0.172465
0.16638
0.16043
0.154604
0.148889
0.143276
0.137755
0.132318
0.12696
0.121678
0.116469
0.111336
0.106281
0.101312
0.0964371
0.0916676
0.0870183
0.0825076
0.0781579
0.0739964
0.0700556
0.0663745
0.0629983
0.0599788
0.0573733
0.0552415
0.053642
0.0526258
0.05223
0.052472
0.0533475
0.0548323
0.0568847
0.0594527
0.0624797
0.0659101
0.0696922
0.0737803
0.078135
0.0827229
0.0875165
0.092493
0.0976339
0.102924
0.108351
0.113904
0.119575
0.125356
0.131242
0.137224
0.143298
0.149457
0.155695
0.162005
0.168378
0.174806
0.181279
0.187788
0.194322
0.20087
0.207421
0.213968
0.220507
0.227038
0.233577
0.240154
0.246827
0.253695
0.260914
0.268713
0.277413
0.287435
0.29928
0.313471
0.330444
0.350387
0.373057
0.397614
0.422511
0.445469
0.463532
0.473205
0.470677
0.452177
0.414542
0.356113
0.278111
0.186419
0.092915
0.013468
0.0221217
0.0939342
0.148973
0.18895
0.217031
0.236801
0.25134
0.262742
0.272162
0.280141
0.2869
0.292515
0.297007
0.300388
0.302673
0.303885
0.304058
0.303238
0.301477
0.298835
0.295381
0.291187
0.28633
0.28089
0.27495
0.268591
0.261895
0.254941
0.247803
0.240551
0.233249
0.225951
0.218704
0.211545
0.204505
0.197604
0.190853
0.184258
0.177819
0.17153
0.165382
0.159365
0.153468
0.147677
0.141982
0.136374
0.130845
0.125388
0.119999
0.114678
0.109424
0.104241
0.0991334
0.09411
0.0891809
0.08436
0.0796645
0.0751159
0.0707413
0.0665736
0.0626533
0.0590293
0.0557594
0.0529099
0.0505533
0.0487628
0.047605
0.0471299
0.0473621
0.0482959
0.0498975
0.0521117
0.0548717
0.0581071
0.0617513
0.0657447
0.0700361
0.0745832
0.0793514
0.0843126
0.0894444
0.094729
0.100152
0.105702
0.111371
0.11715
0.123033
0.129015
0.13509
0.141254
0.147501
0.153825
0.160219
0.166678
0.173193
0.179754
0.186353
0.192977
0.199617
0.206261
0.2129
0.219527
0.226141
0.23275
0.239378
0.246072
0.252918
0.260051
0.267683
0.276119
0.285768
0.297142
0.310804
0.327271
0.34685
0.369439
0.394337
0.420102
0.4445
0.464546
0.476632
0.476751
0.460847
0.425388
0.368274
0.290252
0.196795
0.0996281
0.0149726
0.0217642
0.0932038
0.148574
0.189229
0.218032
0.23838
0.253263
0.264803
0.274238
0.282165
0.288838
0.294347
0.298723
0.30198
0.304136
0.305217
0.305257
0.304303
0.302409
0.299636
0.296053
0.291735
0.286758
0.281205
0.275157
0.268698
0.261908
0.254867
0.24765
0.240325
0.232956
0.225596
0.218291
0.211079
0.203987
0.197034
0.190233
0.183586
0.177093
0.170748
0.164541
0.158462
0.152497
0.146635
0.140864
0.135175
0.129559
0.124009
0.118522
0.113095
0.107728
0.102424
0.0971856
0.0920208
0.0869384
0.0819507
0.0770734
0.0723267
0.0677362
0.0633342
0.0591617
0.05527
0.0517222
0.0485942
0.0459727
0.0439505
0.0426156
0.0420373
0.0422517
0.0432514
0.0449891
0.0473906
0.0503688
0.053836
0.0577125
0.0619301
0.0664332
0.0711769
0.0761262
0.0812534
0.086537
0.0919605
0.0975108
0.103178
0.108954
0.114834
0.120812
0.126883
0.133044
0.139289
0.145616
0.152018
0.158491
0.165029
0.171623
0.178265
0.184946
0.191655
0.198381
0.205112
0.211839
0.218553
0.225249
0.231931
0.238617
0.245344
0.252184
0.259258
0.266756
0.274964
0.284277
0.295208
0.308352
0.324293
0.343452
0.365868
0.390988
0.417488
0.443195
0.465111
0.47953
0.482255
0.468956
0.435732
0.380037
0.30213
0.207054
0.106341
0.0165027
0.0213568
0.092267
0.147867
0.189144
0.218653
0.239584
0.25485
0.266574
0.276058
0.283959
0.290565
0.295989
0.300268
0.303422
0.30547
0.306439
0.306367
0.305299
0.303291
0.300406
0.296714
0.292288
0.287209
0.281557
0.275417
0.26887
0.261998
0.254882
0.247594
0.240205
0.232776
0.22536
0.218003
0.210741
0.203601
0.196602
0.189753
0.183058
0.176515
0.170117
0.163855
0.157717
0.15169
0.145762
0.139922
0.134158
0.128462
0.122828
0.117251
0.111727
0.106256
0.10084
0.0954803
0.0901834
0.0849566
0.0798103
0.0747582
0.069818
0.0650132
0.060374
0.0559403
0.0517637
0.047911
0.0444667
0.0415335
0.0392283
0.0376694
0.0369555
0.0371403
0.0382154
0.0401151
0.0427368
0.0459652
0.0496907
0.0538188
0.0582732
0.0629943
0.0679365
0.0730652
0.0783543
0.083784
0.0893394
0.0950093
0.100785
0.106662
0.112633
0.118697
0.124849
0.131087
0.137406
0.143804
0.150278
0.156821
0.163429
0.170095
0.17681
0.183567
0.190353
0.197159
0.203972
0.210782
0.217578
0.224354
0.231111
0.237858
0.244627
0.251477
0.258512
0.265905
0.273919
0.282932
0.293453
0.306095
0.321502
0.340197
0.362362
0.387594
0.414701
0.441589
0.465262
0.481928
0.487215
0.476521
0.44558
0.391397
0.313733
0.217177
0.113035
0.0180534
0.0209033
0.091132
0.146858
0.188701
0.2189
0.240427
0.2561
0.268048
0.277616
0.28552
0.292083
0.297441
0.301645
0.304715
0.306674
0.307552
0.307386
0.306224
0.304122
0.301144
0.297359
0.292845
0.287679
0.281944
0.275725
0.269103
0.262162
0.254981
0.247633
0.240187
0.232705
0.22524
0.217836
0.210529
0.203345
0.196302
0.189409
0.182669
0.17608
0.169634
0.163321
0.15713
0.151046
0.145059
0.139155
0.133324
0.127557
0.121847
0.116189
0.110579
0.105015
0.0994973
0.0940281
0.088611
0.0832518
0.0779586
0.0727426
0.0676187
0.0626068
0.0577339
0.0530362
0.0485632
0.0443822
0.0405833
0.0372845
0.0346312
0.0327834
0.0318861
0.0320242
0.0331901
0.0352885
0.0381738
0.0416915
0.0457045
0.0501032
0.0548044
0.0597468
0.0648858
0.0701888
0.0756326
0.0811998
0.0868779
0.0926578
0.0985329
0.104499
0.110553
0.116693
0.122917
0.129223
0.135607
0.142068
0.148604
0.15521
0.161881
0.16861
0.175391
0.182215
0.189072
0.19595
0.202839
0.209725
0.2166
0.223453
0.230282
0.237093
0.243909
0.250779
0.257794
0.265106
0.272958
0.281707
0.291851
0.304014
0.318887
0.337087
0.358931
0.384176
0.411771
0.439716
0.465031
0.483856
0.491654
0.483558
0.45494
0.402354
0.325051
0.227151
0.119698
0.0196198
0.0204074
0.0898076
0.145557
0.187906
0.218773
0.240908
0.257019
0.269224
0.278908
0.286845
0.293389
0.298704
0.302851
0.305856
0.307748
0.308554
0.308314
0.307077
0.3049
0.301847
0.297988
0.293401
0.288165
0.282363
0.276078
0.269395
0.262396
0.25516
0.247761
0.240267
0.23274
0.225231
0.217786
0.210438
0.203215
0.196132
0.189198
0.182418
0.175786
0.169296
0.162937
0.156698
0.150564
0.144523
0.138564
0.132674
0.126845
0.121069
0.11534
0.109655
0.10401
0.098404
0.0928387
0.0873157
0.0818391
0.0764145
0.0710503
0.065758
0.0605532
0.0554579
0.0505028
0.0457317
0.0412074
0.0370201
0.033298
0.0302157
0.0279886
0.0268355
0.0269005
0.0281812
0.0305321
0.0337388
0.0375919
0.0419229
0.0466084
0.0515617
0.0567234
0.0620522
0.0675201
0.0731075
0.0788004
0.0845893
0.0904672
0.0964296
0.102474
0.1086
0.114806
0.121091
0.127455
0.133895
0.14041
0.146999
0.153658
0.160383
0.167168
0.174006
0.180889
0.187809
0.194753
0.201709
0.208667
0.215613
0.222538
0.229437
0.236312
0.243179
0.250078
0.257086
0.264339
0.272057
0.280576
0.290376
0.302086
0.316433
0.334116
0.355585
0.380752
0.408723
0.437604
0.46445
0.485344
0.495595
0.490083
0.463822
0.412909
0.33608
0.236964
0.126314
0.0211973
0.019873
0.0883034
0.143971
0.186764
0.218278
0.24103
0.257606
0.270102
0.279937
0.287931
0.29448
0.299774
0.303886
0.306847
0.308689
0.309443
0.309149
0.307856
0.305622
0.302512
0.298598
0.293955
0.288664
0.282809
0.276473
0.269742
0.262696
0.255416
0.247975
0.240441
0.232875
0.225329
0.217848
0.210465
0.203205
0.196086
0.189117
0.182299
0.17563
0.169101
0.162701
0.156419
0.150242
0.144155
0.138147
0.132208
0.126326
0.120494
0.114707
0.108958
0.103245
0.097566
0.0919202
0.0863082
0.080732
0.0751953
0.0697034
0.0642639
0.0588881
0.0535916
0.0483978
0.0433413
0.0384745
0.0338788
0.0296809
0.0260756
0.0233432
0.0218195
0.0217667
0.0232019
0.0258868
0.0294914
0.0337319
0.0384079
0.0433887
0.0485912
0.0539621
0.0594674
0.0650848
0.0707999
0.076603
0.0824876
0.0884491
0.094485
0.100595
0.106779
0.113039
0.119375
0.125786
0.132271
0.13883
0.145463
0.152166
0.158936
0.165768
0.172655
0.17959
0.186564
0.193565
0.200582
0.207603
0.214615
0.221608
0.228572
0.235509
0.242428
0.249361
0.256374
0.263585
0.271193
0.279513
0.289004
0.300289
0.314123
0.331278
0.352324
0.377337
0.405579
0.43528
0.463546
0.486417
0.499063
0.496116
0.472237
0.423067
0.346816
0.246605
0.132874
0.0227819
0.0193037
0.0866291
0.142111
0.185283
0.217418
0.240793
0.257861
0.270682
0.2807
0.288778
0.295358
0.300651
0.304746
0.307683
0.309496
0.310218
0.309888
0.308559
0.306287
0.303139
0.299186
0.294504
0.289173
0.283279
0.276907
0.270139
0.263059
0.255745
0.24827
0.240705
0.233107
0.225531
0.218019
0.210604
0.203313
0.196163
0.189162
0.182312
0.175609
0.169045
0.162611
0.156292
0.150077
0.143953
0.137905
0.131925
0.126
0.120124
0.11429
0.108491
0.102725
0.0969882
0.0912791
0.0855969
0.079942
0.0743156
0.0687208
0.0631617
0.0576445
0.0521788
0.0467792
0.0414688
0.0362847
0.0312887
0.0265871
0.0223686
0.0189626
0.0168754
0.0166203
0.0182828
0.0214304
0.02553
0.0302069
0.0352421
0.0405122
0.0459474
0.0515068
0.0571661
0.0629108
0.0687323
0.0746256
0.0805875
0.0866155
0.0927088
0.0988688
0.105098
0.111399
0.117773
0.12422
0.130739
0.137332
0.143998
0.150736
0.157542
0.164411
0.171338
0.178316
0.185335
0.192386
0.199455
0.206532
0.213603
0.220656
0.227682
0.234677
0.241647
0.248618
0.255643
0.262826
0.270347
0.278496
0.287709
0.2986
0.31194
0.328562
0.349151
0.373938
0.402356
0.432769
0.462346
0.487103
0.502079
0.501673
0.480196
0.432834
0.357258
0.25607
0.139368
0.0243696
0.0187031
0.0847951
0.139987
0.183472
0.216199
0.240199
0.257784
0.270963
0.281196
0.289388
0.296021
0.301334
0.305432
0.308364
0.310167
0.310875
0.31053
0.309182
0.30689
0.303722
0.299747
0.295044
0.289688
0.283771
0.277375
0.270584
0.26348
0.256142
0.248645
0.241055
0.233433
0.225832
0.218295
0.210853
0.203535
0.196358
0.18933
0.182451
0.17572
0.169127
0.162663
0.156315
0.150069
0.143914
0.137836
0.131824
0.125867
0.119958
0.11409
0.108256
0.102451
0.0966736
0.0909199
0.0851882
0.0794773
0.0737867
0.0681179
0.0624718
0.0568503
0.0512574
0.0456997
0.0401885
0.0347434
0.0293994
0.0242233
0.0193523
0.0150897
0.0121054
0.0114592
0.0135027
0.0173191
0.0220167
0.0271537
0.0325324
0.0380606
0.0436929
0.0494056
0.0551861
0.0610279
0.0669284
0.0728873
0.0789044
0.0849789
0.0911113
0.0973046
0.103563
0.10989
0.116289
0.12276
0.129302
0.135917
0.142605
0.149368
0.1562
0.163097
0.170054
0.177066
0.184123
0.191214
0.198328
0.205452
0.212575
0.219681
0.226762
0.233811
0.240831
0.247839
0.254882
0.262049
0.269501
0.277503
0.286471
0.296998
0.309866
0.325956
0.346061
0.370564
0.39907
0.430089
0.460873
0.487424
0.504667
0.506773
0.487713
0.442215
0.367408
0.265352
0.145788
0.0259571
0.0180747
0.0828118
0.137609
0.181338
0.214624
0.23925
0.257373
0.270943
0.281425
0.289759
0.296469
0.301823
0.305944
0.308889
0.3107
0.311413
0.31107
0.309722
0.30743
0.304258
0.300279
0.295569
0.290207
0.28428
0.277874
0.271073
0.263957
0.256605
0.249093
0.241488
0.233849
0.22623
0.218673
0.211209
0.203869
0.19667
0.189618
0.182716
0.17596
0.169344
0.162856
0.156484
0.150215
0.144037
0.137937
0.131903
0.125926
0.119996
0.114106
0.108251
0.102424
0.0966235
0.0908448
0.0850855
0.0793431
0.0736155
0.0679046
0.0622081
0.0565251
0.0508555
0.0451999
0.0395607
0.0339427
0.0283566
0.0228248
0.0174007
0.0122336
0.00786119
0.00628201
0.00910788
0.0138792
0.0192103
0.0247558
0.0304075
0.0361255
0.0418947
0.0477088
0.0535659
0.0594663
0.0654123
0.0714071
0.0774539
0.0835521
0.0897028
0.0959107
0.102181
0.108519
0.114928
0.12141
0.127963
0.134587
0.141287
0.148063
0.154912
0.161827
0.168805
0.17584
0.182926
0.190048
0.197197
0.204361
0.211527
0.21868
0.225809
0.232907
0.239972
0.247017
0.254081
0.261241
0.268638
0.276517
0.285266
0.295461
0.30788
0.323447
0.343048
0.367216
0.39573
0.427259
0.459148
0.487403
0.506846
0.511434
0.494802
0.45122
0.377269
0.274452
0.152128
0.0275413
0.0174221
0.0806897
0.134991
0.178891
0.2127
0.237948
0.256628
0.27062
0.281383
0.28989
0.296703
0.302119
0.306281
0.309258
0.311094
0.31183
0.311507
0.310178
0.307902
0.304744
0.300777
0.296077
0.290723
0.284803
0.2784
0.2716
0.264484
0.25713
0.249612
0.241999
0.234351
0.22672
0.219149
0.21167
0.204312
0.197095
0.190024
0.183103
0.176328
0.169693
0.163187
0.156798
0.150514
0.144321
0.138208
0.132162
0.126174
0.120235
0.114338
0.108476
0.102644
0.0968373
0.0910535
0.0852891
0.0795405
0.0738053
0.0680854
0.0623772
0.0566785
0.0509874
0.0453018
0.0396199
0.0339401
0.0282607
0.0225806
0.0168998
0.0112217
0.00557105
0.00109086
0.0060563
0.0117407
0.01747
0.0232283
0.0290046
0.0348
0.0406191
0.0464655
0.0523431
0.0582555
0.0642074
0.0702041
0.0762514
0.0823478
0.0884937
0.0946958
0.10096
0.107291
0.113696
0.120175
0.126724
0.133346
0.140045
0.146824
0.153679
0.160601
0.167589
0.174639
0.181743
0.188888
0.196063
0.203258
0.210458
0.217649
0.22482
0.23196
0.239065
0.246146
0.253232
0.260389
0.267744
0.275519
0.284076
0.293967
0.305965
0.321021
0.340107
0.363896
0.392347
0.424293
0.45719
0.48706
0.508637
0.515672
0.501474
0.459859
0.386845
0.283367
0.158385
0.0291196
0.0167486
0.0784398
0.132145
0.176142
0.210434
0.236294
0.255548
0.269992
0.28107
0.28978
0.296721
0.302221
0.306443
0.309469
0.311348
0.312124
0.311839
0.310545
0.308302
0.305176
0.301237
0.296564
0.291233
0.285333
0.278949
0.272163
0.265057
0.257711
0.250198
0.242586
0.234935
0.227299
0.21972
0.212231
0.204862
0.19763
0.190546
0.18361
0.176822
0.170173
0.163655
0.157255
0.150962
0.144763
0.138645
0.132598
0.12661
0.120674
0.114782
0.108928
0.103106
0.0973127
0.0915438
0.0857963
0.0800672
0.0743543
0.0686584
0.0629771
0.0573085
0.0516513
0.0460044
0.0403673
0.0347408
0.0291278
0.0235358
0.017984
0.0125291
0.00740038
0.0041264
0.00663789
0.0116706
0.0171446
0.0227601
0.0284401
0.0341629
0.0399227
0.0457184
0.0515508
0.0574223
0.063336
0.0692965
0.0753119
0.0813781
0.0874942
0.0936685
0.0999065
0.106214
0.112596
0.119058
0.125589
0.132196
0.138882
0.145651
0.152501
0.15942
0.166408
0.173461
0.180576
0.187732
0.194924
0.202141
0.209367
0.216587
0.223791
0.230966
0.238106
0.245219
0.252326
0.259485
0.266807
0.274495
0.282883
0.292499
0.304101
0.318662
0.337226
0.360603
0.388926
0.421205
0.455015
0.486414
0.510058
0.519506
0.507745
0.46814
0.396143
0.2921
0.164556
0.0306896
0.0160575
0.0760731
0.129082
0.173101
0.207832
0.234294
0.254134
0.269056
0.280483
0.289426
0.296522
0.302127
0.306429
0.309521
0.311461
0.312293
0.312063
0.310822
0.308629
0.30555
0.301657
0.297025
0.291733
0.285868
0.279514
0.272755
0.265672
0.258344
0.250845
0.243243
0.235598
0.227964
0.220383
0.212891
0.205515
0.198275
0.19118
0.184235
0.177438
0.170781
0.164256
0.157853
0.151558
0.14536
0.139247
0.133207
0.127231
0.12131
0.115437
0.109605
0.103809
0.0980458
0.0923112
0.0866026
0.0809176
0.0752549
0.0696149
0.0639973
0.0584021
0.0528303
0.0472846
0.0417703
0.0362974
0.0308839
0.025565
0.0204137
0.0155985
0.011554
0.00935405
0.0102778
0.0137199
0.0183237
0.0234267
0.0287736
0.0342613
0.0398437
0.0454986
0.0512152
0.0569887
0.0628174
0.0687024
0.074649
0.0806531
0.0867136
0.0928374
0.0990291
0.105293
0.111636
0.118065
0.124563
0.13114
0.1378
0.144547
0.151382
0.158286
0.165261
0.172308
0.179423
0.186581
0.193779
0.201008
0.208251
0.215492
0.22272
0.229922
0.237091
0.24423
0.251356
0.258519
0.265815
0.273428
0.281669
0.291036
0.30227
0.316355
0.334397
0.357332
0.385471
0.418004
0.45264
0.485482
0.511126
0.52295
0.513629
0.476074
0.405169
0.300655
0.17064
0.0322496
0.0153523
0.0736008
0.125817
0.16978
0.204903
0.231949
0.252385
0.267812
0.279618
0.288827
0.296104
0.301838
0.306239
0.309415
0.311432
0.312337
0.312177
0.311005
0.308879
0.305864
0.302031
0.297456
0.292218
0.286403
0.280093
0.273373
0.266325
0.259026
0.251551
0.243967
0.236336
0.228711
0.221135
0.213644
0.206267
0.199024
0.191926
0.184976
0.178175
0.171516
0.164991
0.158589
0.1523
0.146111
0.140011
0.133989
0.128034
0.12214
0.116298
0.110502
0.104748
0.0990312
0.0933496
0.0877006
0.0820827
0.0764958
0.0709411
0.0654204
0.0599365
0.0544942
0.0491014
0.0437711
0.0385244
0.0333966
0.0284488
0.0237919
0.0196345
0.0163654
0.014602
0.0148998
0.0171619
0.0207657
0.0251513
0.0299875
0.0350994
0.0403943
0.0458213
0.0513517
0.0569691
0.0626644
0.068433
0.0742738
0.0801837
0.0861619
0.0922114
0.0983357
0.104538
0.110824
0.117198
0.123647
0.130181
0.136803
0.143515
0.150321
0.157198
0.164151
0.17118
0.178284
0.185434
0.192627
0.199859
0.207109
0.21436
0.221605
0.228826
0.236016
0.243176
0.250317
0.257483
0.264758
0.272309
0.280419
0.289562
0.300455
0.314084
0.331608
0.35408
0.381984
0.414698
0.450075
0.484279
0.511858
0.52602
0.519137
0.483673
0.413933
0.309035
0.176636
0.033798
0.014636
0.0710342
0.122363
0.166191
0.201654
0.229265
0.250302
0.266256
0.278473
0.287979
0.295465
0.301352
0.305871
0.309149
0.311258
0.312252
0.31218
0.311092
0.309048
0.306112
0.302356
0.297853
0.292684
0.286931
0.280679
0.274012
0.267009
0.25975
0.252309
0.244753
0.237145
0.229536
0.221972
0.21449
0.207118
0.199877
0.192779
0.18583
0.17903
0.172374
0.165855
0.159462
0.153186
0.147014
0.140935
0.134939
0.129017
0.123159
0.11736
0.111614
0.105916
0.100262
0.0946509
0.0890806
0.0835508
0.0780627
0.0726189
0.0672235
0.0618823
0.0566043
0.0514028
0.046298
0.0413205
0.0365182
0.0319665
0.0277867
0.024172
0.0214125
0.0198732
0.0198485
0.021352
0.0241073
0.0277529
0.0319955
0.0366389
0.0415604
0.0466845
0.0519642
0.0573704
0.0628844
0.0684951
0.0741954
0.0799805
0.0858481
0.0917983
0.0978326
0.103953
0.110162
0.116462
0.122849
0.129326
0.135896
0.14256
0.14932
0.156159
0.163078
0.170078
0.177161
0.184291
0.191469
0.198693
0.205941
0.213192
0.220443
0.227675
0.234877
0.242052
0.249203
0.256371
0.263628
0.271123
0.27912
0.288062
0.29864
0.311835
0.328848
0.350841
0.378466
0.411293
0.447331
0.482819
0.512269
0.528731
0.524283
0.490948
0.422442
0.317247
0.182547
0.0353338
0.0139119
0.0683848
0.118736
0.162347
0.198097
0.226247
0.247886
0.264388
0.277045
0.286879
0.294603
0.300666
0.305324
0.308721
0.31094
0.312038
0.312067
0.31108
0.309133
0.306292
0.302627
0.298211
0.293125
0.287449
0.281268
0.274665
0.267721
0.260513
0.253116
0.245598
0.238019
0.230435
0.222891
0.215423
0.208062
0.20083
0.193739
0.186796
0.180003
0.173356
0.166848
0.16047
0.154213
0.148065
0.142016
0.136055
0.130174
0.124365
0.118621
0.112936
0.107307
0.101731
0.0962059
0.0907314
0.0853082
0.0799388
0.0746273
0.0693801
0.0642059
0.0591174
0.0541323
0.0492762
0.0445861
0.0401155
0.0359427
0.0321812
0.0289903
0.0265773
0.0251707
0.0249488
0.025949
0.0280468
0.0310281
0.0346746
0.0388094
0.043304
0.0480695
0.0530459
0.0581923
0.0634816
0.0688953
0.0744212
0.080051
0.0857796
0.0916047
0.0975254
0.103542
0.109655
0.115866
0.122173
0.128578
0.135081
0.141684
0.148383
0.155172
0.162047
0.169007
0.176052
0.183151
0.190305
0.197511
0.204744
0.211985
0.219234
0.226467
0.233672
0.240855
0.24801
0.255177
0.262415
0.269863
0.277759
0.286519
0.296807
0.309591
0.326104
0.347606
0.374916
0.407794
0.444419
0.481114
0.512371
0.531095
0.52908
0.497909
0.430706
0.325298
0.188375
0.0368563
0.0131831
0.0656643
0.114949
0.158263
0.19424
0.2229
0.245139
0.262206
0.27533
0.285524
0.293515
0.299778
0.304596
0.30813
0.310474
0.311692
0.311838
0.310965
0.309131
0.306399
0.30284
0.298526
0.293536
0.287951
0.281855
0.275329
0.268454
0.261309
0.253966
0.246495
0.238956
0.231405
0.223888
0.216442
0.209098
0.20188
0.194801
0.187871
0.18109
0.174458
0.167967
0.161611
0.15538
0.149263
0.143251
0.137334
0.131504
0.125752
0.120073
0.114462
0.108915
0.103429
0.0980045
0.0926407
0.0873399
0.0821056
0.0769437
0.0718622
0.0668723
0.0619895
0.0572345
0.0526361
0.0482336
0.0440811
0.040252
0.0368445
0.033984
0.0318182
0.030498
0.0301418
0.0307894
0.0323844
0.0348036
0.0378978
0.041526
0.0455716
0.0499448
0.0545794
0.0594275
0.0644546
0.0696365
0.074956
0.0804009
0.0859631
0.0916375
0.0974211
0.103312
0.10931
0.115414
0.121624
0.12794
0.134361
0.140886
0.147514
0.15424
0.161059
0.167968
0.174959
0.182018
0.189138
0.196312
0.203518
0.210739
0.217975
0.225199
0.232398
0.239581
0.246732
0.253894
0.261114
0.268518
0.276325
0.284921
0.294942
0.307339
0.323365
0.34437
0.371331
0.404205
0.441345
0.479174
0.512177
0.533125
0.53354
0.504567
0.438736
0.333195
0.194124
0.0383649
0.0124526
0.0628843
0.111018
0.153952
0.190095
0.219232
0.242064
0.259708
0.273326
0.283909
0.292197
0.298687
0.303686
0.307374
0.30986
0.311212
0.311489
0.310745
0.309037
0.306429
0.30299
0.298792
0.293912
0.288432
0.282433
0.275997
0.269204
0.262132
0.254855
0.24744
0.239951
0.232441
0.224958
0.217542
0.210223
0.203025
0.195965
0.189052
0.18229
0.175678
0.169211
0.162882
0.156684
0.150605
0.144638
0.138773
0.133001
0.127317
0.121713
0.116186
0.110731
0.105348
0.100036
0.0947957
0.0896303
0.0845444
0.079545
0.0746417
0.0698473
0.0651787
0.0606586
0.0563165
0.0521913
0.0483337
0.0448089
0.0416983
0.039099
0.0371181
0.0358595
0.0354057
0.0357925
0.0369972
0.0389501
0.0415537
0.0447035
0.0483028
0.05227
0.0565398
0.0610616
0.0657971
0.0707175
0.0758017
0.0810343
0.086404
0.0919032
0.0975265
0.10327
0.109133
0.115112
0.121207
0.127416
0.133739
0.140173
0.146716
0.153365
0.160113
0.166956
0.173887
0.180894
0.187967
0.195097
0.202265
0.209458
0.216667
0.22387
0.231053
0.238227
0.245367
0.25252
0.259717
0.26708
0.274806
0.283255
0.293031
0.305064
0.320619
0.341124
0.367708
0.400527
0.438115
0.477009
0.511697
0.534833
0.537673
0.510934
0.446541
0.340947
0.199798
0.0398596
0.0117233
0.0600567
0.106959
0.149431
0.185676
0.21525
0.238663
0.256895
0.27103
0.282032
0.290646
0.297388
0.30259
0.306452
0.309094
0.310596
0.311018
0.310416
0.308848
0.306378
0.303072
0.299003
0.294248
0.288885
0.282996
0.276663
0.269964
0.262977
0.255776
0.248428
0.240997
0.233538
0.226099
0.218719
0.211432
0.204262
0.197227
0.190339
0.183601
0.177015
0.170578
0.164283
0.158123
0.15209
0.146174
0.140368
0.134664
0.129055
0.123535
0.118101
0.112749
0.107478
0.102289
0.0971832
0.0921637
0.0872363
0.0824088
0.0776916
0.0730985
0.0686471
0.0643601
0.0602664
0.0564023
0.0528135
0.0495555
0.0466946
0.0443057
0.042468
0.0412562
0.0407279
0.0409135
0.041809
0.0433762
0.0455529
0.048265
0.0514374
0.0550011
0.0588968
0.0630754
0.0674978
0.0721332
0.0769577
0.0819534
0.0871066
0.0924072
0.097848
0.103424
0.109131
0.114966
0.120927
0.127013
0.133221
0.139548
0.145992
0.152549
0.159212
0.165977
0.172835
0.179776
0.18679
0.193865
0.200986
0.208139
0.21531
0.22248
0.22964
0.23679
0.24391
0.251048
0.258218
0.265542
0.273194
0.28151
0.291062
0.302752
0.317853
0.337858
0.364042
0.39676
0.434735
0.474626
0.510942
0.536228
0.54149
0.517019
0.454132
0.348565
0.205403
0.0413407
0.0109982
0.0571931
0.102789
0.144717
0.180995
0.210964
0.234941
0.253766
0.268439
0.279888
0.288856
0.295878
0.301305
0.305359
0.308175
0.30984
0.310421
0.309974
0.30856
0.30624
0.303082
0.299156
0.294537
0.289305
0.283539
0.27732
0.270727
0.263837
0.256723
0.249454
0.242091
0.234692
0.227304
0.21997
0.212722
0.205587
0.198585
0.191727
0.18502
0.178467
0.172065
0.165811
0.159696
0.153714
0.147857
0.142118
0.136488
0.130962
0.125534
0.120201
0.114961
0.109811
0.104754
0.0997905
0.0949249
0.0901632
0.0855137
0.080987
0.076597
0.0723612
0.0683014
0.0644444
0.0608232
0.0574772
0.054453
0.0518036
0.0495871
0.0478624
0.0466845
0.0460967
0.0461248
0.0467721
0.0480192
0.0498275
0.0521465
0.0549205
0.0580945
0.0616179
0.0654463
0.0695424
0.0738755
0.0784207
0.0831585
0.0880736
0.0931543
0.0983916
0.103779
0.10931
0.114983
0.120793
0.126737
0.132813
0.139017
0.145347
0.151796
0.15836
0.165032
0.171804
0.178667
0.185608
0.192617
0.199679
0.206778
0.213901
0.221032
0.228158
0.235271
0.242367
0.249473
0.256614
0.263897
0.271479
0.279673
0.28902
0.300392
0.315057
0.334565
0.36033
0.392905
0.431208
0.472032
0.509919
0.537321
0.545001
0.522833
0.46152
0.356057
0.210945
0.0428086
0.0102798
0.0543055
0.0985246
0.139826
0.176067
0.206383
0.230903
0.250322
0.26555
0.277473
0.286824
0.294152
0.299828
0.304094
0.3071
0.308943
0.309695
0.309417
0.308169
0.306012
0.303013
0.299242
0.294774
0.289685
0.284054
0.277963
0.271488
0.264706
0.25769
0.250509
0.243226
0.235896
0.22857
0.221289
0.214089
0.206998
0.200035
0.193215
0.186546
0.180032
0.173672
0.167464
0.161401
0.155477
0.149685
0.144018
0.13847
0.133034
0.127706
0.122482
0.117359
0.112339
0.10742
0.102606
0.0978997
0.0933085
0.0888402
0.0845053
0.0803172
0.0762925
0.0724513
0.0688178
0.0654208
0.0622938
0.0594751
0.057007
0.0549343
0.0533017
0.0521505
0.0515141
0.0514145
0.0518583
0.0528369
0.0543275
0.0562967
0.0587048
0.0615099
0.0646711
0.0681503
0.0719142
0.0759339
0.0801851
0.0846481
0.0893068
0.0941483
0.0991625
0.104341
0.109679
0.11517
0.12081
0.126595
0.132522
0.138587
0.144785
0.151112
0.157561
0.164126
0.170798
0.177568
0.184423
0.191353
0.198342
0.205376
0.21244
0.219519
0.226599
0.233671
0.240733
0.247799
0.254905
0.262137
0.269654
0.277737
0.286896
0.29797
0.312218
0.331234
0.356566
0.388959
0.427536
0.469233
0.508636
0.538119
0.548215
0.528385
0.468714
0.363436
0.216433
0.0442642
0.00957102
0.0514055
0.0941822
0.134776
0.170908
0.20152
0.226555
0.246565
0.262362
0.274782
0.284545
0.292205
0.298155
0.302652
0.305864
0.3079
0.308837
0.30874
0.307669
0.305688
0.302861
0.299257
0.294951
0.290017
0.284535
0.278582
0.272237
0.265576
0.25867
0.251589
0.244395
0.237145
0.22989
0.222673
0.21553
0.208489
0.201574
0.194799
0.188175
0.181707
0.175396
0.16924
0.163235
0.157376
0.151655
0.146068
0.140607
0.135267
0.130045
0.124936
0.119938
0.115052
0.110277
0.105617
0.101075
0.0966569
0.0923708
0.0882268
0.0842372
0.0804171
0.0767846
0.0733608
0.0701703
0.0672411
0.0646043
0.0622933
0.0603429
0.0587874
0.0576583
0.0569817
0.0567762
0.0570502
0.0578014
0.059017
0.060676
0.0627511
0.0652116
0.068026
0.0711635
0.0745955
0.0782964
0.082244
0.0864193
0.0908063
0.0953919
0.100165
0.105118
0.110243
0.115534
0.120986
0.126594
0.132354
0.138263
0.144313
0.150501
0.15682
0.163262
0.169819
0.176481
0.183237
0.190073
0.196976
0.203932
0.210924
0.217939
0.224961
0.231983
0.239
0.246024
0.253089
0.260268
0.267714
0.27569
0.284677
0.295474
0.309324
0.327858
0.352744
0.384922
0.42372
0.466232
0.507099
0.538629
0.551139
0.533684
0.475727
0.370713
0.221873
0.0457085
0.00887421
0.0485047
0.0897797
0.129588
0.165534
0.196386
0.221905
0.242497
0.258873
0.271812
0.282013
0.290033
0.29628
0.30103
0.304465
0.306707
0.307842
0.307938
0.307057
0.305262
0.302618
0.299194
0.295061
0.290296
0.284973
0.279172
0.272969
0.266439
0.259655
0.252685
0.245591
0.238432
0.231259
0.224115
0.217038
0.210057
0.203198
0.196477
0.189906
0.183491
0.177235
0.171139
0.165198
0.159409
0.153766
0.148263
0.142896
0.137659
0.132548
0.127559
0.122692
0.117944
0.113318
0.108815
0.104439
0.100195
0.0960905
0.0921347
0.0883387
0.0847157
0.0812814
0.0780538
0.0750536
0.0723037
0.0698289
0.0676557
0.0658112
0.0643218
0.0632117
0.0625015
0.062207
0.0623374
0.0628939
0.0638704
0.0652543
0.0670277
0.0691693
0.0716557
0.0744631
0.0775685
0.0809503
0.0845891
0.0884677
0.0925712
0.0968869
0.101404
0.106114
0.111009
0.116082
0.121328
0.126742
0.132318
0.138052
0.143939
0.149971
0.156143
0.162446
0.168873
0.175411
0.182052
0.18878
0.195584
0.202447
0.209354
0.216291
0.223244
0.230203
0.237165
0.244139
0.251156
0.258285
0.26566
0.273532
0.282354
0.292894
0.306366
0.324426
0.348858
0.38079
0.419763
0.463033
0.505313
0.538859
0.553781
0.538739
0.482568
0.3779
0.227276
0.0471429
0.00819177
0.0456146
0.0853347
0.124279
0.159965
0.190995
0.216962
0.238122
0.255083
0.26856
0.279223
0.28763
0.294198
0.299221
0.302898
0.305361
0.306706
0.307006
0.306326
0.304729
0.30228
0.299046
0.295098
0.290512
0.285361
0.279723
0.273674
0.267288
0.260637
0.253789
0.246808
0.239751
0.232669
0.225609
0.218608
0.211697
0.204903
0.198244
0.191733
0.185379
0.179187
0.173156
0.167286
0.161574
0.156014
0.150603
0.145335
0.140205
0.13521
0.130347
0.125614
0.121009
0.116534
0.11219
0.107981
0.103911
0.0999861
0.0962148
0.0926065
0.0891725
0.085926
0.082882
0.0800575
0.0774707
0.0751416
0.0730908
0.0713394
0.0699076
0.0688144
0.0680761
0.0677062
0.0677139
0.0681023
0.0688697
0.0700092
0.07151
0.0733578
0.0755365
0.0780285
0.0808163
0.0838826
0.0872116
0.0907884
0.0945999
0.0986346
0.102882
0.107334
0.111983
0.116822
0.121845
0.127047
0.132422
0.137964
0.143668
0.149528
0.155535
0.161683
0.167962
0.174362
0.180871
0.187477
0.194165
0.200922
0.20773
0.214577
0.221447
0.228331
0.235226
0.242139
0.2491
0.256174
0.263485
0.271262
0.279925
0.290218
0.303333
0.320929
0.344901
0.37656
0.415663
0.459639
0.503283
0.538812
0.556148
0.543558
0.489247
0.385008
0.232651
0.048569
0.00752593
0.0427464
0.0808651
0.118871
0.154218
0.185364
0.211736
0.233446
0.250993
0.265021
0.276171
0.28499
0.291904
0.297221
0.301157
0.303857
0.305425
0.305941
0.305472
0.304082
0.301838
0.298805
0.295054
0.290657
0.28569
0.280226
0.274343
0.268113
0.261607
0.254894
0.248036
0.241092
0.234114
0.227148
0.220233
0.213403
0.206684
0.200096
0.193654
0.18737
0.181248
0.175291
0.169499
0.163869
0.158399
0.153085
0.147921
0.142904
0.13803
0.133296
0.1287
0.124241
0.119919
0.115735
0.111693
0.107795
0.104047
0.100456
0.0970287
0.0937754
0.0907067
0.0878346
0.0851726
0.0827353
0.0805382
0.0785973
0.0769288
0.0755483
0.0744707
0.073709
0.0732748
0.0731766
0.073419
0.0740024
0.0749243
0.0761786
0.0777568
0.0796483
0.0818413
0.084323
0.0870808
0.0901022
0.0933755
0.0968898
0.100635
0.104603
0.108784
0.113173
0.117762
0.122545
0.127518
0.132673
0.138006
0.14351
0.149179
0.155005
0.16098
0.167095
0.173339
0.1797
0.186167
0.192724
0.199358
0.206053
0.212794
0.219568
0.226365
0.23318
0.240022
0.246918
0.25393
0.261175
0.268869
0.277394
0.287444
0.300214
0.317359
0.340866
0.372229
0.411421
0.456051
0.501011
0.538494
0.558243
0.548147
0.495775
0.392052
0.238009
0.0499888
0.00687875
0.0399111
0.0763887
0.113386
0.148315
0.179509
0.206239
0.228475
0.246603
0.261195
0.272852
0.282107
0.28939
0.295024
0.299237
0.302189
0.303993
0.304735
0.304487
0.303316
0.301286
0.298464
0.294919
0.290724
0.28595
0.280673
0.274967
0.268904
0.262555
0.255989
0.249267
0.242448
0.235585
0.228725
0.221908
0.215168
0.208534
0.202028
0.195665
0.189458
0.183415
0.17754
0.171833
0.166293
0.160919
0.155706
0.150652
0.145752
0.141003
0.136402
0.131946
0.127635
0.123467
0.119444
0.115567
0.11184
0.108265
0.104848
0.101596
0.0985154
0.0956149
0.092904
0.0903931
0.0880934
0.0860168
0.0841756
0.0825821
0.0812483
0.0801855
0.0794043
0.0789147
0.078725
0.0788396
0.0792606
0.079988
0.0810193
0.0823502
0.0839748
0.0858856
0.0880746
0.0905331
0.0932522
0.0962233
0.099438
0.102888
0.106567
0.110468
0.114583
0.118908
0.123436
0.128163
0.133082
0.138188
0.143474
0.148934
0.15456
0.160343
0.166276
0.172346
0.178543
0.184853
0.191263
0.197758
0.204324
0.210945
0.217608
0.224304
0.231027
0.237786
0.244607
0.251547
0.258722
0.266335
0.274746
0.284585
0.296999
0.313707
0.336747
0.367792
0.407034
0.452269
0.498499
0.537907
0.560073
0.552514
0.502162
0.399044
0.243362
0.0514044
0.00625213
0.037119
0.0719233
0.107843
0.142277
0.173449
0.200486
0.223217
0.241917
0.25708
0.26926
0.278974
0.286651
0.292623
0.297131
0.30035
0.302403
0.303383
0.303367
0.302423
0.300616
0.298015
0.294686
0.290701
0.286132
0.281052
0.275535
0.269651
0.263472
0.257063
0.25049
0.243808
0.237073
0.230331
0.223624
0.216986
0.210448
0.204033
0.19776
0.191641
0.185686
0.179899
0.174285
0.168842
0.16357
0.158466
0.153527
0.148748
0.144128
0.139662
0.135349
0.131187
0.127174
0.123311
0.119599
0.116038
0.112633
0.109386
0.106302
0.103386
0.100645
0.0980853
0.0957153
0.0935431
0.0915775
0.0898277
0.088303
0.0870123
0.0859643
0.0851671
0.08463
0.0843608
0.084363
0.0846396
0.0851923
0.0860213
0.0871255
0.0885023
0.0901482
0.0920588
0.0942289
0.0966531
0.0993258
0.102241
0.105394
0.108778
0.112388
0.11622
0.120268
0.124526
0.128991
0.133657
0.138518
0.143568
0.1488
0.154208
0.159782
0.165513
0.171391
0.177404
0.18354
0.189785
0.196125
0.202545
0.20903
0.215567
0.222147
0.228765
0.235429
0.242162
0.249023
0.256121
0.263651
0.271957
0.281627
0.293704
0.309962
0.332537
0.363246
0.4025
0.448295
0.495749
0.537054
0.56164
0.556664
0.508417
0.405999
0.248722
0.0528183
0.00564777
0.0343803
0.0674867
0.102267
0.136127
0.167204
0.19449
0.217681
0.236938
0.252674
0.265393
0.275586
0.283679
0.29001
0.294833
0.298335
0.30065
0.301878
0.302103
0.301395
0.299821
0.297449
0.294345
0.290581
0.286227
0.281354
0.276036
0.270343
0.264345
0.258108
0.251694
0.245163
0.238568
0.231957
0.225371
0.218848
0.212418
0.206107
0.199933
0.193912
0.188054
0.182366
0.176853
0.171515
0.166351
0.161361
0.156542
0.15189
0.147402
0.143075
0.138906
0.134894
0.131036
0.127333
0.123782
0.120386
0.117146
0.114063
0.111141
0.108383
0.105793
0.103376
0.101138
0.0990844
0.0972217
0.0955565
0.0940955
0.0928456
0.0918132
0.0910045
0.0904273
0.0900878
0.0899897
0.0901367
0.0905318
0.0911768
0.0920729
0.0932203
0.0946181
0.0962649
0.0981589
0.100297
0.102677
0.105296
0.10815
0.111236
0.11455
0.118088
0.121848
0.125824
0.130012
0.134408
0.139007
0.143803
0.148789
0.153959
0.159304
0.164814
0.170481
0.176292
0.182235
0.188296
0.194462
0.200718
0.20705
0.213446
0.219894
0.226393
0.232948
0.239583
0.246355
0.253368
0.260812
0.269016
0.27854
0.290341
0.306124
0.328229
0.358584
0.397819
0.444127
0.492761
0.535935
0.562946
0.560602
0.514549
0.412931
0.254104
0.0542332
0.00506719
0.0317045
0.0630961
0.0966778
0.129888
0.160794
0.188269
0.211879
0.231674
0.24798
0.261247
0.271937
0.280467
0.287178
0.292335
0.296136
0.298725
0.300214
0.300688
0.300225
0.298891
0.296756
0.293887
0.290352
0.286222
0.281567
0.276459
0.270968
0.265163
0.259109
0.252869
0.246501
0.240059
0.233591
0.227141
0.220745
0.214436
0.20824
0.202177
0.196265
0.190515
0.184936
0.179532
0.174306
0.169259
0.16439
0.159696
0.155174
0.150822
0.146637
0.142615
0.138754
0.135051
0.131506
0.128116
0.124881
0.121801
0.118877
0.116111
0.113503
0.111057
0.108775
0.106661
0.104719
0.102952
0.101366
0.0999646
0.0987533
0.0977374
0.0969221
0.0963109
0.0959082
0.0957198
0.0957501
0.0960026
0.0964802
0.0971855
0.0981205
0.0992865
0.100685
0.102315
0.104178
0.106273
0.1086
0.111156
0.113942
0.116955
0.120193
0.123655
0.127336
0.131234
0.135345
0.139665
0.144189
0.148911
0.153823
0.158919
0.164189
0.169624
0.175212
0.180942
0.1868
0.192773
0.198847
0.205009
0.211245
0.217546
0.22391
0.230342
0.236867
0.243539
0.250459
0.257813
0.265917
0.275307
0.286886
0.302215
0.323813
0.353802
0.392986
0.439763
0.489535
0.534551
0.563993
0.564332
0.520568
0.419853
0.259523
0.0556525
0.00451171
0.0291006
0.0587685
0.0910994
0.123585
0.154244
0.181843
0.205826
0.226131
0.242999
0.25682
0.268022
0.277009
0.28412
0.289629
0.293744
0.296622
0.298381
0.299115
0.298904
0.297819
0.295928
0.2933
0.290003
0.286106
0.281679
0.276792
0.271514
0.265913
0.260055
0.254001
0.247809
0.241534
0.235223
0.228922
0.222667
0.216492
0.210424
0.204485
0.198694
0.193063
0.187602
0.182318
0.177213
0.17229
0.167548
0.162985
0.1586
0.154388
0.150347
0.146474
0.142765
0.139217
0.135828
0.132596
0.129519
0.126597
0.123827
0.12121
0.118747
0.116438
0.114284
0.112288
0.11045
0.108773
0.107261
0.105915
0.104741
0.10374
0.102918
0.102276
0.101819
0.101552
0.101478
0.101602
0.101928
0.102458
0.103197
0.104147
0.105311
0.106691
0.10829
0.110108
0.112149
0.114411
0.116897
0.119607
0.12254
0.125695
0.129071
0.132666
0.136478
0.140503
0.144737
0.149175
0.153811
0.158638
0.163647
0.168829
0.174173
0.179669
0.185304
0.191064
0.196936
0.202907
0.208966
0.215103
0.221316
0.227611
0.234012
0.240572
0.247392
0.254649
0.262652
0.271916
0.283303
0.298255
0.319284
0.348897
0.387999
0.435204
0.486069
0.532901
0.564782
0.567856
0.52648
0.426783
0.264994
0.0570794
0.00398242
0.0265768
0.0545203
0.0855539
0.117242
0.147577
0.175231
0.199535
0.220319
0.237736
0.252112
0.263837
0.273297
0.280827
0.286706
0.291152
0.294331
0.296371
0.297373
0.297422
0.296593
0.294954
0.292574
0.289523
0.285867
0.281677
0.27702
0.271966
0.266582
0.260931
0.255076
0.249074
0.242979
0.236841
0.230702
0.224603
0.218576
0.21265
0.206848
0.20119
0.19569
0.190359
0.185205
0.180231
0.17544
0.170833
0.166409
0.162164
0.158097
0.154204
0.150481
0.146925
0.143532
0.140299
0.137223
0.134301
0.131531
0.128911
0.126439
0.124115
0.121937
0.119905
0.118019
0.11628
0.114689
0.113246
0.111954
0.110814
0.109829
0.109002
0.108334
0.107829
0.107491
0.107324
0.107332
0.107519
0.107889
0.108447
0.109195
0.110139
0.111282
0.112627
0.114179
0.11594
0.117914
0.120102
0.122507
0.125131
0.127973
0.131036
0.134317
0.137816
0.141531
0.145459
0.149595
0.153935
0.158471
0.163198
0.168105
0.173185
0.178425
0.183814
0.189339
0.194989
0.20075
0.206612
0.212566
0.218611
0.224753
0.231016
0.237453
0.244162
0.251317
0.259216
0.26836
0.279575
0.294224
0.314661
0.343862
0.382854
0.430445
0.482361
0.530983
0.565311
0.571178
0.532295
0.433734
0.270536
0.0585178
0.00348024
0.0241407
0.050367
0.0800638
0.110886
0.140818
0.168457
0.193026
0.214251
0.232196
0.247123
0.259379
0.269325
0.277291
0.283557
0.288349
0.291843
0.294175
0.295454
0.295771
0.295203
0.293822
0.291698
0.288899
0.285493
0.281547
0.277131
0.272312
0.267155
0.261724
0.256081
0.250282
0.244382
0.23843
0.232469
0.226539
0.220675
0.214905
0.209255
0.203745
0.198389
0.1932
0.188186
0.183354
0.178705
0.174241
0.169961
0.165864
0.161946
0.158204
0.154634
0.151232
0.147995
0.144917
0.141995
0.139226
0.136605
0.134131
0.131799
0.129608
0.127555
0.12564
0.12386
0.122215
0.120705
0.119329
0.118087
0.116982
0.116012
0.115182
0.114491
0.113943
0.113543
0.113292
0.113194
0.113255
0.113478
0.113867
0.114428
0.115165
0.116083
0.117187
0.118482
0.119972
0.121662
0.123556
0.125657
0.12797
0.130496
0.133237
0.136195
0.13937
0.14276
0.146365
0.150181
0.154205
0.158432
0.162854
0.167465
0.172257
0.177218
0.182339
0.187608
0.193013
0.198542
0.204187
0.209939
0.215796
0.221768
0.227879
0.234179
0.240767
0.247811
0.255605
0.264633
0.275691
0.290081
0.309979
0.338686
0.377548
0.425485
0.478409
0.528794
0.565578
0.574297
0.538018
0.440722
0.276167
0.0599721
0.00300585
0.021799
0.0463236
0.074651
0.104543
0.133995
0.161543
0.186317
0.207939
0.226388
0.241857
0.254645
0.265088
0.273505
0.280174
0.285327
0.289147
0.291782
0.293347
0.293939
0.293639
0.292522
0.290659
0.288119
0.284969
0.281277
0.27711
0.272535
0.267617
0.262418
0.256999
0.251418
0.245727
0.239975
0.234207
0.228463
0.222777
0.217179
0.211695
0.206346
0.201149
0.196115
0.191255
0.186574
0.182077
0.177765
0.173638
0.169695
0.165931
0.162345
0.158931
0.155686
0.152604
0.149681
0.146912
0.144293
0.141819
0.139486
0.137291
0.135228
0.133297
0.131493
0.129815
0.12826
0.126827
0.125514
0.124322
0.123249
0.122297
0.121465
0.120755
0.12017
0.119712
0.119386
0.119193
0.119138
0.119225
0.119459
0.119844
0.120387
0.121092
0.121966
0.123013
0.124241
0.125654
0.127258
0.129059
0.13106
0.133266
0.135681
0.138307
0.141146
0.1442
0.147467
0.150946
0.154635
0.158531
0.162628
0.16692
0.1714
0.176059
0.180888
0.185876
0.191013
0.196289
0.201694
0.207222
0.212874
0.218658
0.224599
0.230749
0.237204
0.244131
0.251814
0.260728
0.271642
0.285803
0.305252
0.333364
0.37208
0.420321
0.474209
0.526331
0.56558
0.577214
0.543657
0.447764
0.281907
0.0614468
0.00255976
0.0195577
0.0424038
0.0693371
0.0982391
0.127136
0.154518
0.17943
0.201402
0.220323
0.236317
0.249636
0.260583
0.269461
0.276547
0.282074
0.286234
0.289182
0.291041
0.291914
0.291888
0.291041
0.289445
0.287169
0.284282
0.28085
0.276941
0.27262
0.267951
0.262996
0.257815
0.252465
0.246997
0.241461
0.235902
0.230359
0.224867
0.219458
0.214156
0.208984
0.203959
0.199094
0.194401
0.189884
0.18555
0.1814
0.177435
0.173652
0.17005
0.166623
0.16337
0.160283
0.157358
0.154591
0.151974
0.149503
0.147174
0.144979
0.142916
0.140979
0.139165
0.137469
0.135888
0.134419
0.133061
0.131809
0.130665
0.129625
0.12869
0.127859
0.127133
0.126515
0.126007
0.125612
0.125332
0.12517
0.125132
0.125221
0.125443
0.125803
0.126307
0.126961
0.127771
0.128745
0.129889
0.131209
0.132712
0.134403
0.136288
0.138373
0.140661
0.143156
0.14586
0.148775
0.151901
0.155237
0.158782
0.162532
0.166483
0.170628
0.17496
0.179472
0.184155
0.188999
0.193996
0.199138
0.204421
0.209846
0.215422
0.221177
0.227161
0.233471
0.240271
0.24784
0.25664
0.267419
0.281379
0.300457
0.327914
0.366446
0.414948
0.469757
0.523586
0.565313
0.579927
0.549216
0.454875
0.287779
0.0629471
0.00214224
0.0174218
0.0386204
0.0641427
0.0920007
0.120268
0.147408
0.17239
0.194657
0.214013
0.230511
0.244352
0.255805
0.265154
0.272667
0.278581
0.283092
0.286362
0.288523
0.289685
0.289938
0.289365
0.28804
0.286034
0.283416
0.280252
0.276609
0.272551
0.268142
0.263442
0.258511
0.253405
0.248176
0.242871
0.237537
0.232211
0.226931
0.221726
0.216623
0.211644
0.206807
0.202127
0.197614
0.193275
0.189116
0.185139
0.181344
0.17773
0.174295
0.171035
0.167945
0.165021
0.162255
0.159643
0.157179
0.154856
0.152669
0.150611
0.148677
0.146863
0.145162
0.14357
0.142084
0.140699
0.139412
0.13822
0.137122
0.136115
0.135198
0.134371
0.133632
0.132985
0.132432
0.131975
0.131615
0.131356
0.131201
0.131156
0.131224
0.131412
0.131725
0.13217
0.132753
0.133483
0.134365
0.135407
0.136616
0.138
0.139565
0.141317
0.143262
0.145404
0.14775
0.1503
0.153058
0.156024
0.159199
0.162581
0.166167
0.169953
0.173933
0.178103
0.182454
0.18698
0.191673
0.196527
0.201541
0.206716
0.212064
0.217613
0.223415
0.229566
0.236229
0.243679
0.252366
0.263018
0.276798
0.295558
0.322369
0.360638
0.409364
0.465047
0.520556
0.564769
0.582432
0.5547
0.462072
0.293806
0.0644787
0.00175341
0.0153955
0.034985
0.0590877
0.0858541
0.113422
0.140242
0.165223
0.187726
0.207473
0.224449
0.238799
0.250754
0.260577
0.268527
0.274837
0.279709
0.283311
0.285782
0.287237
0.287775
0.28748
0.286431
0.2847
0.282356
0.279466
0.276096
0.27231
0.26817
0.263737
0.25907
0.254221
0.249245
0.244188
0.239094
0.234003
0.228951
0.223968
0.219081
0.214312
0.20968
0.2052
0.200882
0.196734
0.192763
0.18897
0.185357
0.181922
0.178662
0.175575
0.172654
0.169895
0.167292
0.164837
0.162526
0.16035
0.158304
0.156381
0.154575
0.15288
0.151291
0.149801
0.148406
0.147103
0.145886
0.144753
0.1437
0.142726
0.141829
0.141007
0.140261
0.13959
0.138997
0.138482
0.138047
0.137697
0.137434
0.137262
0.137186
0.137212
0.137344
0.13759
0.137956
0.13845
0.139079
0.13985
0.140772
0.141851
0.143097
0.144516
0.146114
0.1479
0.149877
0.152052
0.154428
0.157008
0.159795
0.162787
0.165986
0.169389
0.172993
0.176793
0.180786
0.184966
0.189328
0.193869
0.198587
0.203488
0.208586
0.213909
0.219511
0.225489
0.232004
0.239327
0.2479
0.258433
0.272051
0.290531
0.316752
0.354648
0.403564
0.460074
0.517231
0.563941
0.584726
0.560112
0.469371
0.300015
0.0660475
0.00139323
0.0134821
0.0315077
0.0541907
0.0798252
0.106627
0.133051
0.157958
0.180633
0.200723
0.218142
0.232981
0.24543
0.255728
0.264119
0.270834
0.276075
0.280016
0.282803
0.284558
0.285384
0.285372
0.284603
0.28315
0.281085
0.278475
0.275385
0.271879
0.268018
0.263863
0.259471
0.254895
0.250186
0.245392
0.240555
0.235717
0.23091
0.226167
0.221513
0.216972
0.212562
0.208298
0.204192
0.200251
0.196481
0.192885
0.189464
0.186218
0.183142
0.180234
0.177489
0.1749
0.172462
0.170168
0.168011
0.165984
0.164079
0.16229
0.160611
0.159034
0.157553
0.156163
0.154859
0.153635
0.152487
0.151411
0.150404
0.149463
0.148586
0.147772
0.14702
0.146329
0.145698
0.145131
0.144628
0.144193
0.143829
0.14354
0.143328
0.143201
0.143162
0.143219
0.143378
0.143645
0.144028
0.144536
0.145176
0.145957
0.146886
0.147972
0.149223
0.150647
0.15225
0.15404
0.156023
0.158202
0.160582
0.163166
0.165956
0.168952
0.172153
0.175558
0.179165
0.182971
0.186974
0.191173
0.195569
0.20017
0.204993
0.210067
0.215451
0.221239
0.227594
0.234783
0.24324
0.253658
0.26713
0.285365
0.311076
0.348466
0.397547
0.454833
0.513604
0.562821
0.586801
0.565453
0.476788
0.306432
0.0676602
0.00106157
0.011684
0.0281974
0.0494691
0.0739391
0.0999137
0.125867
0.150624
0.173405
0.193784
0.211607
0.226908
0.239837
0.250604
0.259437
0.266561
0.272177
0.276463
0.279572
0.281631
0.28275
0.283024
0.282538
0.281368
0.279586
0.27726
0.274457
0.271239
0.267667
0.263801
0.259695
0.255405
0.250978
0.246463
0.241901
0.237332
0.232789
0.228304
0.223903
0.219608
0.215437
0.211407
0.207528
0.203809
0.200255
0.19687
0.193654
0.190607
0.187725
0.185005
0.182442
0.18003
0.177762
0.175631
0.173631
0.171753
0.169991
0.168336
0.166782
0.165323
0.16395
0.162659
0.161443
0.160298
0.159217
0.158198
0.157237
0.156329
0.155473
0.154667
0.15391
0.1532
0.152537
0.151922
0.151358
0.150845
0.150387
0.149988
0.14965
0.149378
0.149178
0.149054
0.149014
0.149063
0.14921
0.149462
0.149827
0.150314
0.15093
0.151686
0.15259
0.15365
0.154875
0.156273
0.157851
0.159616
0.161575
0.163732
0.166092
0.168657
0.171431
0.174413
0.177606
0.181009
0.184623
0.188451
0.192496
0.19677
0.201291
0.206094
0.211236
0.216817
0.222998
0.230044
0.238381
0.248689
0.262029
0.280047
0.305333
0.342098
0.391312
0.449317
0.509664
0.561395
0.588649
0.570724
0.484338
0.313089
0.069324
0.000758376
0.0100028
0.0250617
0.0449388
0.0682201
0.0933122
0.118723
0.143254
0.166071
0.18668
0.20486
0.220592
0.233981
0.245206
0.254477
0.26201
0.268004
0.27264
0.276075
0.278442
0.279857
0.28042
0.280219
0.279334
0.277839
0.275804
0.273293
0.27037
0.267096
0.263529
0.259723
0.255731
0.251602
0.247382
0.243111
0.238829
0.234568
0.23036
0.226229
0.222199
0.218287
0.214509
0.210875
0.207394
0.204072
0.200911
0.197913
0.195077
0.1924
0.189877
0.187504
0.185274
0.183182
0.181219
0.179379
0.177653
0.176034
0.174515
0.173087
0.171745
0.17048
0.169287
0.16816
0.167092
0.166079
0.165117
0.1642
0.163327
0.162493
0.161697
0.160936
0.160209
0.159517
0.158859
0.158237
0.157653
0.157108
0.156606
0.156148
0.155741
0.155386
0.155091
0.154861
0.154701
0.15462
0.154623
0.154721
0.154919
0.155229
0.155658
0.156215
0.156911
0.157755
0.158755
0.159921
0.161262
0.162786
0.164499
0.166409
0.168522
0.170843
0.173377
0.176127
0.179097
0.182291
0.185716
0.18938
0.193296
0.197488
0.201993
0.206872
0.212226
0.218218
0.22511
0.233324
0.243524
0.256744
0.274573
0.299492
0.335572
0.384854
0.443517
0.505399
0.559652
0.590258
0.575922
0.492038
0.320017
0.0710467
0.000484324
0.00843898
0.0221064
0.0406142
0.0626913
0.0868525
0.111652
0.135882
0.158662
0.179437
0.197925
0.214048
0.227869
0.239535
0.249236
0.257174
0.263547
0.268534
0.272296
0.274974
0.276687
0.277541
0.277628
0.277031
0.275827
0.274085
0.271873
0.269253
0.266285
0.263027
0.259533
0.255853
0.252036
0.248126
0.244164
0.240187
0.236227
0.232314
0.228474
0.224728
0.221093
0.217585
0.214214
0.210988
0.207913
0.204993
0.202226
0.199614
0.197152
0.194836
0.192662
0.190622
0.188712
0.186922
0.185246
0.183675
0.182203
0.18082
0.17952
0.178296
0.17714
0.176045
0.175006
0.174016
0.173071
0.172166
0.171296
0.170457
0.169646
0.168861
0.168099
0.167359
0.166639
0.165943
0.165268
0.164617
0.163991
0.163392
0.162822
0.162285
0.161785
0.161326
0.160913
0.160553
0.160251
0.160015
0.159851
0.159769
0.159777
0.159884
0.160099
0.160432
0.160893
0.161493
0.162242
0.163149
0.164226
0.165481
0.166924
0.168564
0.170409
0.172467
0.174746
0.177253
0.179996
0.182987
0.186236
0.189764
0.193596
0.197774
0.202364
0.207469
0.213254
0.21998
0.228065
0.23816
0.251272
0.268938
0.293529
0.328918
0.378166
0.437424
0.500796
0.557574
0.591616
0.581044
0.499902
0.327252
0.0728371
0.000244806
0.00699264
0.0193363
0.0365078
0.0573746
0.0805641
0.104689
0.128544
0.151214
0.172087
0.190824
0.207294
0.221514
0.233598
0.243713
0.252048
0.258794
0.264131
0.268221
0.27121
0.273222
0.274368
0.274744
0.274438
0.273527
0.272084
0.270176
0.267866
0.265213
0.262275
0.259103
0.255749
0.252259
0.248676
0.245039
0.241384
0.237744
0.234147
0.230616
0.227173
0.223835
0.220615
0.217525
0.214572
0.211762
0.209096
0.206576
0.2042
0.201965
0.199868
0.197901
0.196061
0.194339
0.192728
0.191221
0.18981
0.188487
0.187244
0.186074
0.184969
0.183923
0.182928
0.181978
0.181067
0.18019
0.179342
0.178519
0.177716
0.17693
0.176159
0.175398
0.174646
0.173904
0.173172
0.17245
0.171737
0.171034
0.170343
0.169667
0.169007
0.168368
0.167752
0.167165
0.166611
0.166097
0.165629
0.165213
0.164857
0.16457
0.16436
0.164237
0.164211
0.164291
0.16449
0.164818
0.165286
0.165907
0.166691
0.167652
0.1688
0.170147
0.171704
0.173484
0.175498
0.177758
0.180281
0.183083
0.186187
0.189627
0.193448
0.197721
0.202553
0.208111
0.214657
0.222605
0.232595
0.245609
0.263133
0.287432
0.322154
0.371239
0.431029
0.495842
0.555144
0.592706
0.586083
0.507943
0.334831
0.0747046
0.000108311
0.00566299
0.0167546
0.0326308
0.0522904
0.0744761
0.0978686
0.121278
0.143762
0.164663
0.183588
0.200352
0.214931
0.227403
0.23791
0.246628
0.253738
0.259419
0.263834
0.267132
0.269443
0.270881
0.271549
0.271534
0.27092
0.269779
0.26818
0.266187
0.263857
0.261248
0.258412
0.255397
0.252248
0.249007
0.245713
0.2424
0.239098
0.235835
0.232633
0.229513
0.226491
0.22358
0.220789
0.218127
0.215597
0.213203
0.210943
0.208818
0.206823
0.204954
0.203207
0.201574
0.200048
0.198624
0.197292
0.196045
0.194876
0.193776
0.192739
0.191756
0.19082
0.189926
0.189067
0.188236
0.187429
0.18664
0.185865
0.1851
0.184341
0.183585
0.182829
0.182071
0.18131
0.180546
0.179778
0.179006
0.17823
0.177453
0.176675
0.175898
0.175126
0.174361
0.173606
0.172867
0.172149
0.171456
0.170796
0.170174
0.1696
0.169081
0.168625
0.168244
0.167947
0.167746
0.167652
0.167678
0.167837
0.168142
0.168608
0.169248
0.170077
0.171111
0.172365
0.173856
0.175601
0.177622
0.17994
0.182587
0.185599
0.18903
0.192955
0.197486
0.202795
0.209145
0.216945
0.226827
0.239751
0.257153
0.281196
0.315297
0.364061
0.424323
0.490519
0.552341
0.593506
0.591028
0.516174
0.342796
0.0766603
0.00023697
0.00444876
0.014363
0.0289924
0.0474576
0.0686167
0.0912257
0.114121
0.136345
0.157201
0.176246
0.193248
0.208137
0.220959
0.231832
0.240912
0.248372
0.254387
0.259121
0.262724
0.265331
0.267061
0.268019
0.268298
0.267983
0.267148
0.265863
0.264193
0.262196
0.259926
0.257436
0.254773
0.251981
0.249099
0.246165
0.243211
0.240266
0.237357
0.234504
0.231726
0.22904
0.226456
0.223984
0.22163
0.219398
0.217291
0.215308
0.213447
0.211705
0.210077
0.208558
0.207142
0.205822
0.204591
0.203441
0.202364
0.201354
0.200401
0.1995
0.198642
0.197821
0.19703
0.196263
0.195515
0.194779
0.194051
0.193326
0.1926
0.19187
0.191131
0.190383
0.189622
0.188846
0.188052
0.187241
0.186413
0.18557
0.18471
0.183836
0.182948
0.182049
0.181141
0.180227
0.17931
0.178395
0.177487
0.17659
0.175711
0.174858
0.174037
0.173257
0.172527
0.171858
0.171261
0.170748
0.170331
0.170025
0.169845
0.169806
0.169925
0.17022
0.170709
0.171413
0.172353
0.173551
0.175036
0.176835
0.178986
0.181534
0.184538
0.188081
0.192282
0.197315
0.203448
0.211088
0.220859
0.233696
0.250993
0.274815
0.308363
0.356621
0.417301
0.48481
0.549139
0.593994
0.595867
0.524606
0.35119
0.0787176
0.000405957
0.00334856
0.0121623
0.0256002
0.0428937
0.0630131
0.0847957
0.107113
0.129004
0.14974
0.168834
0.186009
0.201155
0.214283
0.225485
0.234899
0.24269
0.249024
0.254067
0.257968
0.260867
0.262885
0.264133
0.264706
0.264692
0.264167
0.263202
0.261862
0.260205
0.258286
0.256154
0.253857
0.251436
0.248929
0.246372
0.243795
0.241227
0.23869
0.236206
0.233791
0.231459
0.229221
0.227086
0.225058
0.223142
0.221338
0.219646
0.218064
0.216588
0.215213
0.213935
0.212746
0.21164
0.21061
0.209649
0.208749
0.207902
0.207102
0.206341
0.205612
0.204908
0.204224
0.203552
0.202888
0.202226
0.201561
0.200888
0.200203
0.199504
0.198785
0.198045
0.197282
0.19649
0.19567
0.194822
0.193944
0.193037
0.192101
0.191136
0.190144
0.189124
0.18808
0.187013
0.185926
0.184823
0.183706
0.182582
0.181455
0.180331
0.179217
0.178121
0.177052
0.176018
0.175031
0.174103
0.173246
0.172476
0.171808
0.171259
0.170848
0.170595
0.170523
0.170654
0.171017
0.171639
0.172554
0.173798
0.175414
0.177458
0.179996
0.18312
0.186956
0.191685
0.197577
0.205041
0.214691
0.227445
0.24465
0.268282
0.301359
0.348918
0.409954
0.478695
0.545511
0.59414
0.60058
0.533247
0.360062
0.0808928
0.000560749
0.00236178
0.0101524
0.0224606
0.0386148
0.057692
0.0786137
0.100296
0.121782
0.142322
0.16139
0.178669
0.19401
0.207391
0.218879
0.228594
0.236688
0.243322
0.248658
0.252847
0.25603
0.258333
0.259868
0.260735
0.261023
0.260812
0.260172
0.259169
0.257861
0.256303
0.254542
0.252624
0.250589
0.248474
0.246312
0.244131
0.241957
0.239813
0.237716
0.235683
0.233725
0.231853
0.230072
0.228389
0.226805
0.225321
0.223936
0.222646
0.221449
0.22034
0.219313
0.218361
0.217479
0.216659
0.215894
0.215177
0.214501
0.213858
0.213242
0.212646
0.212064
0.211489
0.210916
0.210339
0.209753
0.209153
0.208535
0.207894
0.207228
0.206532
0.205803
0.205039
0.204235
0.203392
0.202509
0.201586
0.20062
0.199612
0.198562
0.19747
0.196336
0.195162
0.193949
0.1927
0.191416
0.1901
0.188758
0.187391
0.186007
0.18461
0.183208
0.181807
0.180418
0.17905
0.177714
0.176424
0.175193
0.174039
0.172978
0.172032
0.171223
0.170576
0.170118
0.169881
0.169899
0.170211
0.170864
0.171907
0.173406
0.175436
0.1781
0.181532
0.185922
0.191546
0.198813
0.208331
0.220999
0.238124
0.261593
0.29426
0.340983
0.40227
0.472147
0.54142
0.593906
0.605144
0.542102
0.369463
0.0832078
0.000697595
0.00149202
0.00833216
0.0195789
0.034636
0.0526794
0.0727154
0.093711
0.114724
0.13499
0.153954
0.171262
0.18673
0.200305
0.212028
0.222002
0.230365
0.237273
0.242882
0.247345
0.250802
0.253382
0.255201
0.256361
0.256953
0.257058
0.256749
0.256091
0.255142
0.253955
0.252578
0.251053
0.24942
0.247713
0.245962
0.244195
0.242435
0.240702
0.239013
0.23738
0.235815
0.234327
0.23292
0.231598
0.230363
0.229214
0.22815
0.227168
0.226263
0.225431
0.224666
0.223962
0.223313
0.222711
0.222151
0.221624
0.221124
0.220645
0.22018
0.219722
0.219265
0.218804
0.218333
0.217846
0.21734
0.216808
0.216247
0.215653
0.215023
0.214352
0.213637
0.212875
0.212063
0.211201
0.210288
0.209322
0.208302
0.207227
0.206096
0.204909
0.203667
0.202369
0.201017
0.199612
0.198156
0.19665
0.195098
0.193503
0.191868
0.190199
0.188501
0.186782
0.185048
0.183309
0.181576
0.179861
0.178178
0.176542
0.174974
0.173493
0.172123
0.170893
0.169832
0.168977
0.168367
0.168049
0.168075
0.168507
0.169418
0.170896
0.173055
0.17604
0.180052
0.185374
0.192417
0.201787
0.214364
0.231416
0.254747
0.287036
0.332857
0.394233
0.465138
0.536826
0.59325
0.609526
0.551172
0.379449
0.085692
0.000816851
0.000767185
0.00670046
0.0169597
0.0309719
0.0480012
0.0671368
0.0874019
0.107877
0.127793
0.146571
0.163828
0.179347
0.193047
0.204947
0.21513
0.223722
0.23087
0.236728
0.241444
0.245162
0.248011
0.250109
0.251559
0.252456
0.252881
0.252908
0.252603
0.252022
0.251218
0.250237
0.249121
0.247905
0.246623
0.245302
0.243967
0.24264
0.241337
0.240073
0.23886
0.237707
0.23662
0.235604
0.234661
0.23379
0.232992
0.232264
0.231602
0.231002
0.230459
0.229968
0.229522
0.229115
0.22874
0.228392
0.228063
0.227746
0.227437
0.227127
0.226812
0.226486
0.226143
0.225777
0.225385
0.224961
0.224501
0.224001
0.223456
0.222864
0.222222
0.221525
0.220771
0.219958
0.219082
0.218141
0.217135
0.216063
0.214923
0.213716
0.21244
0.211094
0.209679
0.208195
0.206643
0.205022
0.203335
0.201583
0.199769
0.197895
0.195966
0.193985
0.191959
0.189894
0.187798
0.18568
0.183553
0.181428
0.179322
0.177253
0.175242
0.173314
0.171498
0.169828
0.168342
0.167086
0.166113
0.165481
0.165264
0.165545
0.166426
0.168031
0.170522
0.17411
0.179088
0.185875
0.195071
0.207545
0.224525
0.247737
0.27968
0.324565
0.385827
0.457635
0.531681
0.592117
0.613685
0.560451
0.390077
0.0883868
0.000919712
0.000428147
0.00525634
0.014608
0.0276375
0.0436838
0.0619149
0.0814132
0.10129
0.120779
0.139287
0.156407
0.171895
0.185645
0.197654
0.207988
0.216761
0.224111
0.230185
0.235132
0.239093
0.242199
0.244567
0.246305
0.247507
0.248256
0.248625
0.24868
0.248478
0.24807
0.247499
0.246806
0.246024
0.245184
0.244311
0.243426
0.24255
0.241695
0.240876
0.240101
0.239378
0.23871
0.238101
0.237552
0.237062
0.236629
0.23625
0.235921
0.235639
0.235396
0.235189
0.23501
0.234855
0.234716
0.234587
0.234463
0.234336
0.234202
0.234054
0.233887
0.233696
0.233475
0.23322
0.232926
0.232588
0.232203
0.231767
0.231276
0.230726
0.230115
0.229439
0.228695
0.227882
0.226994
0.22603
0.224989
0.22387
0.222672
0.221394
0.220034
0.218592
0.217067
0.215458
0.213766
0.21199
0.210131
0.208189
0.206167
0.204067
0.201889
0.199639
0.197321
0.194939
0.192501
0.190015
0.18749
0.18494
0.182377
0.179821
0.177291
0.174813
0.172417
0.170137
0.168016
0.166102
0.164454
0.16314
0.16224
0.161851
0.162086
0.163087
0.16503
0.168141
0.172727
0.179215
0.188205
0.200553
0.217454
0.240556
0.272188
0.316142
0.377025
0.449602
0.525928
0.59044
0.617567
0.569927
0.40141
0.0913511
0.00100779
0.000777227
0.00399966
0.0125304
0.0246499
0.0397558
0.0570885
0.0757916
0.0950132
0.113999
0.132151
0.149043
0.164412
0.178128
0.190171
0.20059
0.209487
0.216992
0.223246
0.228394
0.232577
0.235924
0.238554
0.240575
0.242082
0.243157
0.243875
0.244299
0.244487
0.244487
0.244341
0.244087
0.243756
0.243375
0.242968
0.242552
0.242145
0.241758
0.241401
0.241082
0.240804
0.240572
0.240387
0.240247
0.240151
0.240097
0.24008
0.240097
0.240143
0.240212
0.240298
0.240397
0.240501
0.240606
0.240704
0.240792
0.240862
0.240909
0.240928
0.240915
0.240864
0.24077
0.240629
0.240437
0.240189
0.239883
0.239514
0.239079
0.238575
0.237999
0.237347
0.236617
0.235806
0.234909
0.233924
0.232854
0.231694
0.230443
0.2291
0.227663
0.226131
0.224503
0.222777
0.220954
0.219032
0.217011
0.214891
0.212673
0.210358
0.207947
0.205442
0.202847
0.200166
0.197403
0.194566
0.191664
0.188706
0.185706
0.182681
0.179649
0.176636
0.173672
0.170791
0.168038
0.165463
0.163131
0.161115
0.159505
0.158408
0.157954
0.158297
0.159633
0.162208
0.166343
0.172478
0.181217
0.193405
0.210207
0.2332
0.264552
0.30763
0.367798
0.440999
0.519499
0.588138
0.621101
0.579573
0.413511
0.094668
0.0010825
0.00122749
0.00293263
0.0107379
0.022031
0.0362501
0.0527003
0.0705867
0.0891004
0.107508
0.125214
0.141783
0.156936
0.170528
0.182521
0.192951
0.201908
0.209514
0.215904
0.22122
0.225598
0.229168
0.232048
0.234346
0.236155
0.23756
0.238633
0.239437
0.240026
0.240448
0.240743
0.240944
0.241081
0.241178
0.241255
0.241326
0.241407
0.241505
0.241628
0.241781
0.241966
0.242185
0.242437
0.242721
0.243033
0.24337
0.243727
0.244101
0.244485
0.244875
0.245264
0.245648
0.24602
0.246376
0.246709
0.247015
0.247287
0.247522
0.247714
0.247859
0.247952
0.24799
0.247968
0.247882
0.247729
0.247505
0.247208
0.246833
0.246378
0.24584
0.245216
0.244503
0.243698
0.242797
0.241799
0.240703
0.239507
0.238208
0.236806
0.235298
0.233682
0.231958
0.230123
0.228177
0.226118
0.223945
0.221659
0.219257
0.216741
0.214111
0.211368
0.208514
0.205551
0.202484
0.199318
0.19606
0.192718
0.189305
0.185834
0.182325
0.1788
0.175288
0.171824
0.168452
0.165225
0.162208
0.159482
0.157144
0.155309
0.154122
0.153756
0.154424
0.156393
0.160008
0.165722
0.17415
0.18613
0.202797
0.225665
0.256756
0.299069
0.358122
0.431786
0.512311
0.585106
0.624194
0.589348
0.42644
0.0984538
0.00114484
0.00161105
0.00206008
0.00925064
0.0198133
0.0332089
0.0488001
0.0658537
0.083609
0.101363
0.11853
0.134675
0.14951
0.162879
0.17473
0.185088
0.194034
0.201679
0.208156
0.213598
0.218141
0.221912
0.225028
0.227595
0.229706
0.231442
0.232877
0.23407
0.235073
0.235932
0.236684
0.237359
0.237982
0.238575
0.239154
0.239732
0.240318
0.240918
0.241538
0.242179
0.242843
0.243527
0.244231
0.24495
0.245681
0.246421
0.247163
0.247902
0.248635
0.249354
0.250054
0.250731
0.251379
0.251992
0.252566
0.253095
0.253576
0.254004
0.254373
0.254682
0.254924
0.255098
0.255198
0.255223
0.255168
0.255031
0.254808
0.254497
0.254095
0.253599
0.253007
0.252316
0.251524
0.250627
0.249622
0.248503
0.247274
0.245932
0.244475
0.242901
0.241209
0.239396
0.237461
0.235401
0.233216
0.230903
0.228461
0.22589
0.223188
0.220355
0.21739
0.214296
0.211073
0.207724
0.204253
0.200664
0.196966
0.193167
0.189281
0.185325
0.181318
0.177288
0.173269
0.169304
0.165444
0.161758
0.158327
0.155253
0.152662
0.150708
0.149582
0.149518
0.150807
0.153819
0.15903
0.167067
0.178769
0.195247
0.217956
0.24879
0.290443
0.348036
0.421909
0.504266
0.581215
0.626721
0.599186
0.440256
0.102868
0.00119553
0.00189849
0.00139117
0.00810736
0.0180492
0.0306919
0.0454506
0.0616574
0.078603
0.095624
0.112157
0.127772
0.14218
0.155219
0.166827
0.177023
0.185877
0.193494
0.199999
0.205523
0.210196
0.214142
0.217477
0.220302
0.222711
0.224782
0.226585
0.228178
0.229609
0.230921
0.232147
0.233313
0.234442
0.235551
0.236651
0.237753
0.238862
0.239982
0.241114
0.242259
0.243414
0.244577
0.245744
0.246911
0.248072
0.249223
0.250359
0.251473
0.252561
0.253616
0.254635
0.255611
0.25654
0.257417
0.258237
0.258996
0.25969
0.260314
0.260867
0.261343
0.261739
0.262052
0.26228
0.262418
0.262466
0.262419
0.262274
0.262031
0.261686
0.261236
0.26068
0.260014
0.259236
0.258344
0.257332
0.256199
0.254945
0.253567
0.252064
0.250433
0.248672
0.24678
0.244753
0.24259
0.240289
0.237848
0.235265
0.232538
0.229666
0.226647
0.223481
0.220168
0.216707
0.213101
0.209351
0.205462
0.201438
0.197289
0.193024
0.188657
0.184208
0.1797
0.175166
0.170644
0.166188
0.16186
0.157745
0.153946
0.150593
0.147851
0.145925
0.145067
0.145597
0.147911
0.152516
0.16006
0.171388
0.187598
0.21009
0.240646
0.281686
0.337639
0.411301
0.495242
0.576303
0.628523
0.60899
0.455005
0.108125
0.00123471
0.00206899
0.000957625
0.00738049
0.0168257
0.0287901
0.0427385
0.0580808
0.0741579
0.0903621
0.106158
0.12113
0.134995
0.147589
0.158847
0.168781
0.177455
0.184967
0.191437
0.19699
0.201752
0.205844
0.209376
0.21245
0.215152
0.21756
0.219738
0.221742
0.223617
0.225398
0.227117
0.228794
0.230448
0.232091
0.233732
0.235376
0.237026
0.238681
0.240342
0.242003
0.243663
0.245316
0.246957
0.24858
0.25018
0.251751
0.253288
0.254783
0.256233
0.257631
0.258973
0.260253
0.261468
0.262613
0.263684
0.264676
0.265588
0.266414
0.267152
0.2678
0.268353
0.26881
0.269168
0.269425
0.269578
0.269624
0.269563
0.26939
0.269105
0.268706
0.268189
0.267553
0.266795
0.265913
0.264903
0.263761
0.262487
0.261079
0.259535
0.257854
0.256033
0.254069
0.251961
0.249706
0.247301
0.244745
0.242035
0.239168
0.236143
0.232958
0.229612
0.226102
0.22243
0.218594
0.214597
0.21044
0.206128
0.201667
0.197065
0.192333
0.18749
0.182554
0.177556
0.17253
0.167526
0.162604
0.157845
0.153351
0.149253
0.14572
0.142966
0.141263
0.140953
0.142465
0.14634
0.15326
0.164087
0.17991
0.202091
0.232313
0.272749
0.327038
0.399888
0.485105
0.570173
0.629389
0.618618
0.470713
0.114502
0.00126057
0.0020927
0.000895106
0.00719226
0.0162807
0.0276452
0.0407931
0.0552412
0.0703695
0.0856614
0.100608
0.114816
0.128013
0.140039
0.150829
0.160393
0.168789
0.176113
0.182476
0.188
0.192805
0.197008
0.200715
0.204022
0.207012
0.209758
0.21232
0.214748
0.217081
0.21935
0.221581
0.223789
0.225989
0.228187
0.230387
0.232591
0.234798
0.237004
0.239206
0.241397
0.243572
0.245725
0.247849
0.249937
0.251982
0.253979
0.255922
0.257804
0.25962
0.261364
0.263034
0.264622
0.266127
0.267543
0.268868
0.270097
0.271229
0.27226
0.273188
0.27401
0.274724
0.275328
0.275819
0.276197
0.276459
0.276602
0.276626
0.276529
0.276308
0.275962
0.275489
0.274886
0.274153
0.273287
0.272285
0.27114
0.269852
0.26842
0.266844
0.265121
0.263248
0.261224
0.259045
0.256709
0.254214
0.251557
0.248735
0.245747
0.242589
0.239259
0.235755
0.232076
0.22822
0.224187
0.219977
0.215591
0.211032
0.206305
0.201415
0.196373
0.191192
0.18589
0.180491
0.175028
0.169544
0.164094
0.158753
0.153618
0.148816
0.144515
0.14093
0.138346
0.137123
0.137724
0.140728
0.14686
0.157014
0.172286
0.194011
0.22379
0.263591
0.316347
0.387603
0.473712
0.562586
0.629051
0.627871
0.487381
0.122347
0.00126363
0.00191902
0.00140441
0.007709
0.0165935
0.0274548
0.0398268
0.0533069
0.0673698
0.0816346
0.0955984
0.10891
0.121303
0.132629
0.142824
0.151899
0.159912
0.166952
0.173129
0.178557
0.183353
0.187628
0.191482
0.195007
0.198279
0.201365
0.204318
0.207182
0.20999
0.212767
0.215531
0.218292
0.221058
0.22383
0.226609
0.229391
0.23217
0.234941
0.237696
0.240427
0.243127
0.245788
0.248401
0.250959
0.253455
0.255882
0.258234
0.260505
0.262691
0.264785
0.266783
0.268682
0.270478
0.272168
0.273749
0.275217
0.276572
0.27781
0.278929
0.279928
0.280805
0.281558
0.282186
0.282688
0.283061
0.283305
0.283418
0.283398
0.283245
0.282957
0.282531
0.281967
0.281263
0.280417
0.279426
0.278286
0.276993
0.275547
0.273946
0.272191
0.270277
0.268202
0.265965
0.263562
0.260991
0.25825
0.255335
0.252244
0.248975
0.245525
0.241891
0.238072
0.234066
0.229872
0.22549
0.220919
0.216161
0.211221
0.206101
0.200811
0.19536
0.189764
0.184043
0.178224
0.172344
0.166452
0.160615
0.15492
0.149485
0.144469
0.140083
0.13661
0.134424
0.13401
0.135989
0.141136
0.150395
0.164891
0.185949
0.215109
0.25418
0.305598
0.37448
0.460902
0.553256
0.627163
0.636472
0.504959
0.132077
0.00122065
0.00148339
0.0025668
0.00913671
0.0179773
0.0284338
0.0400643
0.0525149
0.0654054
0.0784549
0.0912358
0.103512
0.114947
0.125434
0.134895
0.143351
0.150862
0.157515
0.163415
0.168673
0.173401
0.177703
0.181673
0.185397
0.188943
0.19237
0.195724
0.199039
0.20234
0.205645
0.208963
0.212299
0.215652
0.219019
0.222394
0.225769
0.229136
0.232484
0.235803
0.239083
0.242315
0.245489
0.248595
0.251627
0.254576
0.257435
0.260199
0.26286
0.265415
0.267859
0.270188
0.272398
0.274486
0.27645
0.278287
0.279995
0.281573
0.283019
0.284331
0.285509
0.28655
0.287455
0.288221
0.288849
0.289337
0.289684
0.289889
0.289951
0.289869
0.289642
0.289269
0.288748
0.288078
0.287257
0.286285
0.285158
0.283869
0.282415
0.2808
0.279023
0.277079
0.274968
0.272686
0.270232
0.267603
0.264797
0.261811
0.258642
0.255287
0.251746
0.248014
0.244091
0.239973
0.235661
0.231152
0.226448
0.221549
0.216456
0.211174
0.205708
0.200066
0.194261
0.188308
0.182231
0.176058
0.169831
0.163606
0.15746
0.151495
0.145856
0.140738
0.136413
0.133248
0.13174
0.132542
0.136482
0.144569
0.157988
0.178083
0.206362
0.244521
0.294661
0.36075
0.446492
0.541846
0.623295
0.644047
0.523336
0.144169
0.0010928
0.000932225
0.00454147
0.0117038
0.0206715
0.0308066
0.0417123
0.0531076
0.0647382
0.0763882
0.087775
0.0987572
0.109029
0.118545
0.127119
0.134817
0.141696
0.147845
0.153366
0.158369
0.162959
0.167236
0.171287
0.175188
0.178999
0.182769
0.186533
0.190315
0.19413
0.197985
0.20188
0.205812
0.209774
0.213755
0.217744
0.221728
0.225694
0.229629
0.233521
0.237356
0.241124
0.244814
0.248417
0.251923
0.255325
0.258616
0.26179
0.264841
0.267764
0.270556
0.273213
0.275733
0.278112
0.280349
0.282442
0.28439
0.286191
0.287845
0.289351
0.290708
0.291915
0.292972
0.293879
0.294635
0.295239
0.295692
0.295992
0.296139
0.296133
0.295972
0.295655
0.295183
0.294554
0.293766
0.292818
0.29171
0.290437
0.288993
0.287375
0.285588
0.283629
0.281496
0.279188
0.276703
0.274038
0.27119
0.268159
0.26494
0.261534
0.257936
0.254145
0.25016
0.245978
0.241599
0.237021
0.232244
0.227268
0.222096
0.216729
0.211172
0.205431
0.199515
0.193436
0.187212
0.180866
0.17443
0.16795
0.161488
0.155129
0.148997
0.143263
0.138173
0.13407
0.13144
0.130942
0.133448
0.14004
0.151992
0.170715
0.197728
0.234659
0.283369
0.346738
0.430322
0.527988
0.616915
0.650095
0.542304
0.159138
0.000827105
0.00181351
0.00759794
0.0156477
0.0249067
0.034794
0.0449881
0.0552976
0.0655778
0.0757021
0.0855195
0.0949306
0.103774
0.112037
0.119583
0.12638
0.132488
0.138001
0.143027
0.147675
0.152047
0.156238
0.160327
0.164381
0.168448
0.172564
0.17675
0.181016
0.185366
0.189794
0.194291
0.198843
0.203434
0.208048
0.212667
0.217272
0.221848
0.226378
0.230847
0.235241
0.239548
0.243754
0.247852
0.251831
0.255683
0.259403
0.262984
0.26642
0.269709
0.272846
0.275828
0.278654
0.281322
0.28383
0.286177
0.288363
0.290386
0.292247
0.293946
0.295482
0.296856
0.298067
0.299116
0.300002
0.300726
0.301288
0.301687
0.301924
0.301998
0.301909
0.301657
0.30124
0.30066
0.299913
0.299001
0.297922
0.296675
0.295255
0.293654
0.291876
0.289922
0.28779
0.28548
0.282989
0.280316
0.277459
0.274417
0.271188
0.26777
0.264161
0.260361
0.256367
0.252178
0.247794
0.243214
0.238438
0.233465
0.228298
0.222938
0.217387
0.211651
0.205736
0.199651
0.193408
0.187025
0.180524
0.173941
0.167323
0.160736
0.154278
0.14809
0.142379
0.137449
0.133741
0.13189
0.132772
0.13753
0.147545
0.164352
0.189545
0.224747
0.271675
0.332557
0.41248
0.511283
0.607379
0.653963
0.561528
0.177494
0.000438379
0.00440558
0.0120783
0.0212274
0.0308874
0.0405746
0.0500665
0.0592664
0.0681282
0.0766203
0.0847032
0.0923499
0.0995094
0.106193
0.112412
0.118113
0.123322
0.12806
0.132459
0.136635
0.140695
0.144727
0.148805
0.152983
0.157296
0.161761
0.166382
0.171155
0.176064
0.181092
0.186215
0.191409
0.19665
0.201914
0.207176
0.212414
0.217607
0.222737
0.227786
0.232738
0.237581
0.242302
0.24689
0.251337
0.255635
0.259778
0.26376
0.267576
0.271225
0.274701
0.278005
0.281133
0.284085
0.286861
0.289459
0.291881
0.294125
0.296193
0.298085
0.299801
0.301343
0.30271
0.303904
0.304925
0.305773
0.306449
0.306954
0.307288
0.307451
0.307444
0.307266
0.306917
0.306398
0.305708
0.304847
0.303815
0.302611
0.301234
0.299679
0.297939
0.296017
0.293917
0.291637
0.289177
0.286537
0.283714
0.280708
0.277518
0.274143
0.270583
0.266835
0.262901
0.258778
0.254467
0.249968
0.24528
0.240404
0.235341
0.230093
0.224661
0.219049
0.213261
0.207303
0.201183
0.194912
0.188507
0.18199
0.175393
0.168766
0.162179
0.155739
0.149608
0.144031
0.139385
0.136231
0.135397
0.13803
0.145601
0.15981
0.182423
0.215159
0.259702
0.317969
0.393498
0.491305
0.59393
0.654808
0.580498
0.199694
0.000891381
0.00853032
0.0183846
0.0287266
0.0387945
0.0482715
0.0570515
0.0651271
0.0725344
0.0793255
0.0855532
0.0912727
0.0965301
0.101395
0.105935
0.110207
0.114268
0.118112
0.121742
0.125312
0.128943
0.132728
0.136735
0.141005
0.145554
0.150375
0.155451
0.160755
0.166252
0.171907
0.177682
0.183543
0.189453
0.195381
0.201297
0.207175
0.21299
0.218721
0.224348
0.229856
0.235231
0.240459
0.245532
0.25044
0.255176
0.259734
0.26411
0.2683
0.272302
0.276112
0.279731
0.283158
0.286391
0.289431
0.292279
0.294936
0.297402
0.299677
0.301765
0.303665
0.305379
0.306908
0.308254
0.309417
0.310399
0.311202
0.311825
0.31227
0.312538
0.312629
0.312545
0.312285
0.31185
0.311241
0.310459
0.309502
0.308373
0.30707
0.305593
0.303938
0.302098
0.300074
0.297873
0.295497
0.292944
0.290215
0.28731
0.284227
0.280968
0.277533
0.27392
0.270131
0.266165
0.262023
0.257705
0.253212
0.248543
0.243701
0.238687
0.233501
0.228145
0.222623
0.216938
0.211094
0.205096
0.198955
0.192683
0.186299
0.179833
0.173333
0.166869
0.160556
0.154576
0.149218
0.144939
0.14245
0.142811
0.147497
0.158354
0.177406
0.206619
0.247797
0.302751
0.374007
0.467818
0.575719
0.651556
0.598464
0.226068
0.00243052
0.0146263
0.0269677
0.0384399
0.0487877
0.0579562
0.0659704
0.0729004
0.0788441
0.0839145
0.0882323
0.0919236
0.0951161
0.0979472
0.100551
0.103052
0.105582
0.108235
0.110972
0.113787
0.11685
0.120278
0.124143
0.12847
0.133246
0.138438
0.143994
0.149861
0.155979
0.162293
0.168749
0.175299
0.181896
0.188503
0.195082
0.201604
0.208041
0.214371
0.220573
0.226631
0.23253
0.238259
0.243807
0.249168
0.254334
0.259301
0.264064
0.268621
0.272971
0.277112
0.281044
0.284767
0.288282
0.291589
0.294689
0.297585
0.300279
0.30277
0.305063
0.307158
0.309058
0.310764
0.312278
0.313604
0.314741
0.315692
0.316459
0.317043
0.317445
0.317668
0.317713
0.317579
0.31727
0.316786
0.316128
0.315297
0.314294
0.31312
0.311776
0.310263
0.308578
0.306714
0.304668
0.302447
0.30006
0.297507
0.294787
0.291903
0.288855
0.285643
0.282269
0.278733
0.275036
0.271179
0.267163
0.262988
0.258656
0.254166
0.249521
0.244721
0.239768
0.234661
0.229402
0.223993
0.218435
0.212731
0.206885
0.200905
0.194806
0.18861
0.182359
0.176121
0.170015
0.164236
0.159117
0.155202
0.153369
0.154948
0.161794
0.176171
0.200451
0.236804
0.287197
0.353884
0.441497
0.551755
0.642844
0.614358
0.256735
0.00500182
0.0233216
0.0383116
0.0506462
0.0609855
0.0696361
0.0767611
0.082494
0.0869725
0.0903448
0.0927699
0.0944187
0.0954742
0.0961327
0.0965945
0.0970558
0.0977101
0.0987343
0.100246
0.102168
0.1045
0.107433
0.111071
0.11542
0.120427
0.126015
0.132091
0.138564
0.145347
0.152359
0.159529
0.166794
0.174098
0.181396
0.188647
0.195816
0.202876
0.209803
0.216575
0.223178
0.229596
0.23582
0.241839
0.247648
0.253241
0.258614
0.263764
0.268691
0.273392
0.277868
0.28212
0.286149
0.289956
0.293544
0.296913
0.300068
0.303009
0.30574
0.308264
0.310584
0.312701
0.314618
0.31634
0.317867
0.319202
0.320349
0.321309
0.322085
0.322678
0.323092
0.323328
0.323388
0.323273
0.322987
0.32253
0.321905
0.321112
0.320155
0.319035
0.317753
0.31631
0.314707
0.312941
0.311004
0.308894
0.306624
0.304203
0.301633
0.298915
0.29605
0.29304
0.289887
0.286591
0.283153
0.279576
0.275859
0.272004
0.268011
0.263881
0.259614
0.255211
0.250672
0.245994
0.241178
0.23622
0.23112
0.225873
0.220479
0.214937
0.209252
0.203438
0.197523
0.191566
0.185678
0.180062
0.17508
0.171358
0.169941
0.172454
0.181182
0.198889
0.22839
0.272213
0.332798
0.413621
0.521186
0.626997
0.626683
0.291503
0.00910632
0.0353882
0.0528959
0.0655537
0.0754012
0.0831859
0.0892029
0.0936296
0.0966217
0.0983377
0.0989452
0.0986278
0.0975902
0.0960608
0.0942864
0.0925259
0.0910426
0.0900867
0.0898827
0.0905669
0.0920083
0.0942875
0.0976167
0.101972
0.107243
0.113285
0.119952
0.127103
0.134616
0.142383
0.150312
0.158327
0.166366
0.174375
0.182312
0.19014
0.19783
0.205359
0.212707
0.21986
0.226803
0.233528
0.240027
0.246295
0.252328
0.258123
0.263678
0.268995
0.274072
0.278911
0.283514
0.287882
0.292019
0.295928
0.299611
0.303071
0.306313
0.309339
0.312153
0.314759
0.317159
0.319358
0.32136
0.323166
0.324781
0.326208
0.32745
0.328509
0.329389
0.330093
0.330624
0.330983
0.331174
0.331199
0.331061
0.330762
0.330305
0.329692
0.328925
0.328007
0.326939
0.325725
0.324364
0.322859
0.321207
0.3194
0.317434
0.315317
0.313063
0.310684
0.30818
0.305551
0.302798
0.299924
0.296929
0.293815
0.290581
0.287228
0.283756
0.280165
0.276454
0.272623
0.268668
0.264586
0.260372
0.25602
0.251521
0.246866
0.242043
0.237042
0.231852
0.226469
0.220902
0.215187
0.209411
0.20376
0.198598
0.194602
0.192958
0.195597
0.20531
0.225548
0.259874
0.311614
0.384442
0.484591
0.601859
0.633338
0.32973
0.0155783
0.0517146
0.0711048
0.0831658
0.0917723
0.0981472
0.102693
0.105605
0.107029
0.107111
0.105999
0.103856
0.100879
0.0972926
0.0933585
0.0893694
0.085642
0.0824993
0.0802513
0.0792148
0.0795036
0.0810146
0.0840374
0.0884847
0.0941518
0.100803
0.108212
0.11618
0.124542
0.133162
0.141931
0.150763
0.159589
0.168355
0.177016
0.185536
0.19389
0.202053
0.21001
0.217746
0.225251
0.232517
0.239538
0.246311
0.252833
0.259104
0.265123
0.270892
0.276411
0.281684
0.286714
0.291502
0.296054
0.300372
0.304461
0.308325
0.311968
0.315394
0.318608
0.321614
0.324415
0.327017
0.329423
0.331637
0.333663
0.335505
0.337167
0.338652
0.339963
0.341105
0.34208
0.342891
0.343542
0.344035
0.344374
0.344562
0.344601
0.344494
0.344244
0.343854
0.343326
0.342664
0.341868
0.340942
0.339887
0.338704
0.337393
0.335951
0.334368
0.332641
0.330782
0.328808
0.326732
0.324554
0.322273
0.319888
0.317401
0.314809
0.312114
0.309315
0.30641
0.303397
0.300272
0.297031
0.293664
0.290163
0.286515
0.282703
0.278707
0.274504
0.270064
0.265357
0.260349
0.255015
0.249344
0.243371
0.237224
0.231217
0.226012
0.222882
0.224053
0.232981
0.254231
0.292853
0.354028
0.443971
0.565054
0.631411
0.370139
0.0257595
0.0732095
0.0929911
0.102951
0.10914
0.113227
0.115676
0.116658
0.116281
0.114644
0.111851
0.108014
0.103294
0.0978915
0.0920484
0.0860614
0.0802739
0.0750633
0.0707951
0.067964
0.0669669
0.0679783
0.0711096
0.0761263
0.0826667
0.0903579
0.0988753
0.107959
0.117408
0.127072
0.136836
0.146613
0.156336
0.165954
0.175427
0.184726
0.193825
0.202706
0.211356
0.219764
0.227922
0.235825
0.243469
0.250852
0.257974
0.264836
0.271438
0.277783
0.283874
0.289715
0.295309
0.300659
0.305771
0.31065
0.315299
0.319723
0.323927
0.327917
0.331696
0.33527
0.338643
0.341819
0.344804
0.347601
0.350215
0.35265
0.354909
0.356998
0.358919
0.360677
0.362274
0.363715
0.365002
0.366139
0.367129
0.367976
0.368681
0.369249
0.369683
0.369984
0.370156
0.370202
0.370123
0.369923
0.369604
0.369169
0.368618
0.367953
0.367176
0.366286
0.365279
0.364143
0.362876
0.361489
0.360002
0.358426
0.35676
0.355001
0.353149
0.351202
0.34916
0.347017
0.34477
0.342411
0.339929
0.337314
0.334546
0.331607
0.328466
0.325091
0.321438
0.317452
0.313068
0.308209
0.302788
0.296717
0.289934
0.282445
0.274431
0.266434
0.259712
0.256776
0.262043
0.282125
0.325258
0.40059
0.51607
0.616576
0.410437
0.041852
0.10047
0.117653
0.12302
0.124844
0.125115
0.124294
0.122466
0.119652
0.115879
0.111183
0.105585
0.0992038
0.0922053
0.0847994
0.077287
0.0700494
0.0635708
0.0582719
0.0549383
0.0543676
0.056925
0.0621572
0.0694518
0.0782021
0.0879231
0.0982637
0.108978
0.119892
0.130885
0.141866
0.15277
0.163547
0.174161
0.184582
0.194788
0.204763
0.214494
0.223972
0.233189
0.242142
0.250827
0.259243
0.267391
0.27527
0.282884
0.290234
0.297324
0.304157
0.310738
0.31707
0.323159
0.329008
0.334624
0.34001
0.345172
0.350115
0.354844
0.359364
0.363679
0.367795
0.371715
0.375446
0.37899
0.382353
0.385538
0.38855
0.391393
0.394071
0.396586
0.398943
0.401146
0.403198
0.405102
0.406861
0.408479
0.409958
0.411302
0.412514
0.413596
0.414551
0.415382
0.416092
0.416683
0.417158
0.417518
0.417767
0.417907
0.417938
0.417865
0.417686
0.417404
0.417018
0.416521
0.415903
0.415163
0.414317
0.413381
0.412356
0.411239
0.410028
0.408718
0.407303
0.405774
0.404119
0.402323
0.400367
0.398224
0.395862
0.393235
0.390289
0.386952
0.38313
0.378706
0.373534
0.367434
0.360198
0.351603
0.341451
0.329674
0.316546
0.30314
0.292208
0.289651
0.306123
0.356903
0.457276
0.582736
0.446684
0.0675152
0.132623
0.14149
0.138026
0.132101
0.12577
0.119409
0.112913
0.106157
0.0990677
0.0916235
0.0837226
0.0755177
0.0672209
0.0591216
0.0517932
0.0460345
0.0429275
0.0434667
0.0477925
0.0552174
0.064817
0.0757286
0.0874214
0.0995696
0.111967
0.124478
0.137005
0.149481
0.161852
0.174078
0.186127
0.197976
0.209603
0.220994
0.232137
0.243022
0.253641
0.263991
0.274067
0.283867
0.293391
0.302638
0.31161
0.320309
0.328736
0.336896
0.344792
0.352426
0.359804
0.366931
0.373809
0.380445
0.386842
0.393007
0.398943
0.404656
0.410151
0.415431
0.420503
0.425371
0.43004
0.434513
0.438796
0.442893
0.446808
0.450545
0.454109
0.457502
0.46073
0.463795
0.466702
0.469453
0.472053
0.474504
0.476811
0.478976
0.481002
0.482892
0.48465
0.486279
0.487781
0.489159
0.490416
0.491554
0.492577
0.493486
0.494284
0.494974
0.495558
0.496038
0.496416
0.496694
0.496874
0.496954
0.496934
0.496807
0.496575
0.496244
0.495814
0.495281
0.494641
0.493887
0.493011
0.492
0.490837
0.4895
0.48796
0.486178
0.484103
0.481669
0.478789
0.475348
0.4712
0.466153
0.459962
0.452319
0.442845
0.431087
0.41655
0.398774
0.377557
0.353509
0.329424
0.313484
0.324718
0.393155
0.524456
0.471184
0.108033
0.162853
0.152757
0.133434
0.114422
0.0973902
0.0826426
0.0697552
0.0587141
0.0498984
0.0440951
0.0422973
0.0449275
0.0512681
0.0601708
0.070774
0.0824877
0.0949174
0.107855
0.121118
0.134581
0.148194
0.161903
0.175641
0.189347
0.202975
0.216487
0.229852
0.243047
0.256048
0.268839
0.281405
0.293732
0.30581
0.31763
0.329185
0.34047
0.351479
0.362211
0.372662
0.382832
0.392721
0.402329
0.411657
0.420709
0.429485
0.437989
0.446224
0.454193
0.461902
0.469354
0.476553
0.483504
0.490211
0.49668
0.502915
0.508922
0.514704
0.520268
0.525617
0.530757
0.535692
0.540428
0.544969
0.549319
0.553483
0.557465
0.56127
0.564902
0.568366
0.571665
0.574803
0.577784
0.580612
0.583291
0.585825
0.588217
0.59047
0.592589
0.594576
0.596436
0.59817
0.599783
0.601278
0.602657
0.603923
0.605081
0.606131
0.607079
0.607925
0.608673
0.609326
0.609884
0.610352
0.610735
0.611037
0.611256
0.611381
0.611405
0.611325
0.61114
0.610844
0.610433
0.609896
0.609222
0.608391
0.607382
0.60616
0.604683
0.602895
0.600721
0.598063
0.594792
0.59074
0.585689
0.579356
0.571376
0.561285
0.548495
0.53228
0.511761
0.485945
0.453879
0.415211
0.372092
0.33559
0.3415
0.44059
0.468218
0.160307
0.159359
0.118835
0.0929038
0.0898906
0.102875
0.122474
0.143731
0.164829
0.185164
0.204548
0.223003
0.240619
0.257486
0.273691
0.289329
0.304482
0.319201
0.333533
0.347521
0.361194
0.374584
0.387719
0.400614
0.413275
0.425702
0.437894
0.449847
0.46156
0.473027
0.484246
0.495213
0.505925
0.516379
0.526572
0.536503
0.546169
0.55557
0.564705
0.573575
0.58218
0.590522
0.598602
0.606422
0.613985
0.621295
0.628354
0.635166
0.641735
0.648066
0.654162
0.660029
0.665672
0.671095
0.676303
0.681302
0.686096
0.690691
0.695092
0.699304
0.703332
0.707181
0.710856
0.714363
0.717705
0.720887
0.723915
0.726793
0.729524
0.732115
0.734568
0.736888
0.739079
0.741145
0.743089
0.744917
0.74663
0.748234
0.74973
0.751124
0.752417
0.753614
0.754718
0.755731
0.75666
0.757507
0.758274
0.758964
0.75958
0.760122
0.760593
0.760996
0.761331
0.761601
0.761802
0.761932
0.761989
0.761975
0.761889
0.761728
0.76149
0.761169
0.760758
0.760247
0.759623
0.758866
0.757951
0.756845
0.755503
0.753868
0.751863
0.749387
0.746312
0.742467
0.737634
0.731531
0.723796
0.713965
0.701445
0.68548
0.665101
0.639059
0.60575
0.563143
0.508944
0.442077
0.37183
0.355621
0.405834
0.131597
0.266746
0.381001
0.46516
0.528736
0.578433
0.618371
0.651198
0.678639
0.701881
0.721772
0.738956
0.753939
0.767118
0.778804
0.789252
0.798668
0.807215
0.815029
0.822223
0.828888
0.835104
0.840936
0.846436
0.851645
0.856595
0.86131
0.865813
0.870118
0.874241
0.878191
0.881978
0.885609
0.88909
0.892428
0.895625
0.898688
0.901618
0.904421
0.907099
0.909656
0.912095
0.91442
0.916632
0.918737
0.920736
0.922634
0.924433
0.926138
0.927751
0.929275
0.930714
0.932072
0.933351
0.934554
0.935686
0.936747
0.937743
0.938675
0.939546
0.940359
0.941117
0.941821
0.942475
0.943081
0.943641
0.944156
0.944629
0.945063
0.945458
0.945817
0.94614
0.946431
0.94669
0.946919
0.947119
0.947292
0.947438
0.94756
0.947658
0.947734
0.947788
0.947821
0.947835
0.947829
0.947804
0.94776
0.947699
0.947623
0.947531
0.947426
0.947306
0.947174
0.947029
0.94687
0.946698
0.946512
0.946313
0.946097
0.945862
0.945605
0.945322
0.945007
0.944652
0.944249
0.943785
0.943242
0.942599
0.941828
0.940891
0.939741
0.938315
0.936533
0.934291
0.931457
0.927863
0.923293
0.917477
0.910069
0.900625
0.888556
0.873034
0.852794
0.825674
0.78756
0.730007
0.635481
0.472826
0.245592
